t_unix,t_ros_ns,run_folder,run_id,goal_id,v_pred_lin,w_pred_ang,v_cmd_lin,w_cmd_ang,x,y,yaw,dist_to_goal
1767874117.214463,1767874117214470929,Sr02_gA_IMG1_LID0_STA0_CFC64_OH0,0108_1308,A,-0.21435287594795227,0.0034150760620832443,-0.5,0.0,-4.512383742283078e-15,-2.505003625614684e-24,-7.060450797640404e-12,33.80335215951222
1767874117.334605,1767874117334614858,Sr02_gA_IMG1_LID0_STA0_CFC64_OH0,0108_1308,A,-0.21435287594795227,0.0034150760620832443,-0.5,0.0,-4.512383742283078e-15,-2.505003625614684e-24,-7.060450797640404e-12,33.80335215951222
1767874117.453546,1767874117453553215,Sr02_gA_IMG1_LID0_STA0_CFC64_OH0,0108_1308,A,-0.14590579271316528,0.02099800296127796,0.0,0.0,-4.626512832194863e-15,-2.5041978227744037e-24,-7.060451052400825e-12,33.80335215951222
1767874117.5710368,1767874117571048107,Sr02_gA_IMG1_LID0_STA0_CFC64_OH0,0108_1308,A,-0.08833283931016922,0.0020424015820026398,0.0,0.0,-4.702657219445771e-15,-2.503660209048409e-24,-7.0604511805717914e-12,33.80335215951222
1767874117.6904743,1767874117690481599,Sr02_gA_IMG1_LID0_STA0_CFC64_OH0,0108_1308,A,-0.10253003239631653,0.02706030011177063,0.0,0.0,-4.816756794670584e-15,-2.502854614565558e-24,-7.060451179115907e-12,33.80335215951222
1767874117.8044891,1767874117804496452,Sr02_gA_IMG1_LID0_STA0_CFC64_OH0,0108_1308,A,-0.5078985691070557,-0.004601575899869204,-0.5,0.0,-4.893002071916594e-15,-2.502316288503473e-24,-7.0604513259738976e-12,33.80335215951222
1767874117.922955,1767874117922962969,Sr02_gA_IMG1_LID0_STA0_CFC64_OH0,0108_1308,A,-0.5192936658859253,0.0018250439316034317,-0.5,0.0,-0.00980397078642578,9.307994664252349e-08,-1.883667790019782e-05,33.79378416120257
1767874118.0409076,1767874118040915746,Sr02_gA_IMG1_LID0_STA0_CFC64_OH0,0108_1308,A,-0.4573293626308441,-0.014298680238425732,-0.5,0.0,-0.056530888444288635,2.875066914938536e-06,-9.789213719580153e-05,33.74818326759485
1767874118.1572564,1767874118157266864,Sr02_gA_IMG1_LID0_STA0_CFC64_OH0,0108_1308,A,-0.5331897139549255,0.00343875028192997,-0.5,0.0,-0.08525158096260098,6.2125556669021845e-06,-0.00012982079122898305,33.720155859719284
1767874118.270472,1767874118270479441,Sr02_gA_IMG1_LID0_STA0_CFC64_OH0,0108_1308,A,-0.5331897139549255,0.00343875028192997,-0.5,0.0,-0.09475304234636862,7.438834775702113e-06,-0.00011795453887998641,33.71088398293486
1767874118.3842342,1767874118384242396,Sr02_gA_IMG1_LID0_STA0_CFC64_OH0,0108_1308,A,-0.5143278241157532,0.029230531305074692,-0.5,0.0,-0.09495455832106996,6.824108086568892e-06,0.003181214155320481,33.710687477693384
1767874118.4973195,1767874118497327284,Sr02_gA_IMG1_LID0_STA0_CFC64_OH0,0108_1308,A,-0.4863687753677368,0.034021347761154175,-0.5,0.0,-0.10648981980672953,-4.6772097870859765e-05,0.005451022944179447,33.69944316772381
1767874118.6150591,1767874118615066574,Sr02_gA_IMG1_LID0_STA0_CFC64_OH0,0108_1308,A,-0.4863687753677368,0.034021347761154175,-0.5,0.0,-0.13533023182247583,-0.0002325420376566919,0.007180513436555321,33.671342386328284
1767874118.7308972,1767874118730905606,Sr02_gA_IMG1_LID0_STA0_CFC64_OH0,0108_1308,A,-0.47868379950523376,-0.0823373943567276,-0.5,0.0,-0.18077761295782085,-0.0005869179831128063,0.007819064542442754,33.62707658754587
1767874118.8520947,1767874118852103424,Sr02_gA_IMG1_LID0_STA0_CFC64_OH0,0108_1308,A,-0.5066981315612793,-0.23027855157852173,-0.5,-0.5,-0.25577551941764987,-0.001146567683750399,0.007625367784916266,33.55402993628315
1767874118.965472,1767874118965480598,Sr02_gA_IMG1_LID0_STA0_CFC64_OH0,0108_1308,A,-0.5066981315612793,-0.23027855157852173,-0.5,-0.5,-0.30577399606007877,-0.0015364289533779944,0.007969242085682384,33.505340776582955
1767874119.0828128,1767874119082823099,Sr02_gA_IMG1_LID0_STA0_CFC64_OH0,0108_1308,A,-0.5516473054885864,-0.07493092119693756,-0.5,0.0,-0.355771968039365,-0.001984747812644038,0.010376434987196046,33.45666885846268
1767874119.2015054,1767874119201516122,Sr02_gA_IMG1_LID0_STA0_CFC64_OH0,0108_1308,A,-0.5343536734580994,0.02540496736764908,-0.5,0.0,-0.43076574160812586,-0.0029446212487830273,0.015335898540678183,33.38373492783807
1767874119.315991,1767874119316000425,Sr02_gA_IMG1_LID0_STA0_CFC64_OH0,0108_1308,A,-0.48722025752067566,-0.4959494173526764,-0.5,-0.5,-0.480758458056269,-0.003796427691866914,0.018738026120077116,33.33516733291305
1767874119.4327378,1767874119432746863,Sr02_gA_IMG1_LID0_STA0_CFC64_OH0,0108_1308,A,-0.48722025752067566,-0.4959494173526764,-0.5,-0.5,-0.5306788783276225,-0.004642065964159933,0.01322498733358877,33.286673111761345
1767874119.547941,1767874119547949588,Sr02_gA_IMG1_LID0_STA0_CFC64_OH0,0108_1308,A,-0.3077954053878784,-0.42218688130378723,-0.5,-0.5,-0.6055093071330009,-0.004877282824892406,-0.012005438361335462,33.21375921850762
1767874119.6679685,1767874119667979959,Sr02_gA_IMG1_LID0_STA0_CFC64_OH0,0108_1308,A,-0.43076151609420776,-0.298178106546402,-0.5,-0.5,-0.6554943713730476,-0.003701450210010284,-0.03503324479135723,33.164762682500864
1767874119.778671,1767874119778679254,Sr02_gA_IMG1_LID0_STA0_CFC64_OH0,0108_1308,A,-0.43076151609420776,-0.298178106546402,-0.5,-0.5,-0.7053480353961995,-0.0015457427303376555,-0.04810254632167171,33.11567907808932
1767874119.8953347,1767874119895344430,Sr02_gA_IMG1_LID0_STA0_CFC64_OH0,0108_1308,A,-0.29869523644447327,-0.28342336416244507,-0.5,-0.5,-0.7802048242978367,0.0021724448590903682,-0.048285879430766045,33.041875803661114
1767874120.0133145,1767874120013323410,Sr02_gA_IMG1_LID0_STA0_CFC64_OH0,0108_1308,A,-0.3649422526359558,-0.25168707966804504,-0.5,-0.5,-0.8295987680997567,0.004770958309639253,-0.06085133057270193,32.993147453327566
1767874120.13154,1767874120131548080,Sr02_gA_IMG1_LID0_STA0_CFC64_OH0,0108_1308,A,-0.3649422526359558,-0.25168707966804504,-0.5,-0.5,-0.878050610050877,0.008491402177872665,-0.0961501565614234,32.94508880861456
1767874120.2488148,1767874120248822796,Sr02_gA_IMG1_LID0_STA0_CFC64_OH0,0108_1308,A,-0.4590725898742676,-0.4305652379989624,-0.5,-0.5,-0.9522255372439963,0.01813248204058948,-0.16101903109062418,32.870636079968
1767874120.3614116,1767874120361419075,Sr02_gA_IMG1_LID0_STA0_CFC64_OH0,0108_1308,A,-0.4514387547969818,-0.4455523192882538,-0.5,-0.5,-1.0014167084879002,0.026909895934684454,-0.19153261999803667,32.82072807809113
1767874120.4753923,1767874120475401834,Sr02_gA_IMG1_LID0_STA0_CFC64_OH0,0108_1308,A,-0.4857426881790161,-0.5911602973937988,-0.5,-0.5,-1.0503532190985272,0.03715842858964365,-0.22135036757943777,32.77073919737324
1767874120.591293,1767874120591300440,Sr02_gA_IMG1_LID0_STA0_CFC64_OH0,0108_1308,A,-0.4857426881790161,-0.5911602973937988,-0.5,-0.5,-1.123144318232166,0.05520285297627069,-0.2639890897096597,32.695756127474894
1767874120.7051373,1767874120705145792,Sr02_gA_IMG1_LID0_STA0_CFC64_OH0,0108_1308,A,-0.5392595529556274,-0.4646724760532379,-0.5,-0.5,-1.1712428832769917,0.06885553694778013,-0.2891577514447344,32.64582231939892
1767874120.8191962,1767874120819203471,Sr02_gA_IMG1_LID0_STA0_CFC64_OH0,0108_1308,A,-0.5497645735740662,-0.515864372253418,-0.5,-0.5,-1.2189826314078975,0.08371434532302588,-0.3143264061707915,32.59596877102902
1767874120.9309766,1767874120930984798,Sr02_gA_IMG1_LID0_STA0_CFC64_OH0,0108_1308,A,-0.5497645735740662,-0.515864372253418,-0.5,-0.5,-1.2660753653307004,0.09977578960373135,-0.3464500790058422,32.54647761623284
1767874121.0488162,1767874121048823909,Sr02_gA_IMG1_LID0_STA0_CFC64_OH0,0108_1308,A,-0.4749726355075836,-0.5072014927864075,-0.5,-0.5,-1.3357252247070375,0.12754054657482294,-0.41266079198705174,32.472387258409235
1767874121.166352,1767874121166361037,Sr02_gA_IMG1_LID0_STA0_CFC64_OH0,0108_1308,A,-0.5076000094413757,-0.5894720554351807,-0.5,-0.5,-1.3808670303943813,0.14871015102947918,-0.4670377346038292,32.423662353351254
1767874121.2829895,1767874121282997523,Sr02_gA_IMG1_LID0_STA0_CFC64_OH0,0108_1308,A,-0.5076000094413757,-0.5894720554351807,-0.5,-0.5,-1.424821106530438,0.1725284426307591,-0.52615369060121,32.37550984953786
1767874121.4064384,1767874121406447564,Sr02_gA_IMG1_LID0_STA0_CFC64_OH0,0108_1308,A,-0.49240243434906006,-0.47416624426841736,-0.5,-0.5,-1.4881219247234925,0.2127053949326866,-0.6011320517932826,32.304870147174846
1767874121.5217218,1767874121521730482,Sr02_gA_IMG1_LID0_STA0_CFC64_OH0,0108_1308,A,-0.45752665400505066,-0.39678335189819336,-0.5,-0.5,-1.5286061513503244,0.2420253622730942,-0.6525873877381413,32.25890134244133
1767874121.6408687,1767874121640876825,Sr02_gA_IMG1_LID0_STA0_CFC64_OH0,0108_1308,A,-0.32298412919044495,-0.5673217177391052,-0.5,-0.5,-1.5675313324138933,0.27339853068316816,-0.7041737533869523,32.214012771296275
1767874121.7548642,1767874121754871718,Sr02_gA_IMG1_LID0_STA0_CFC64_OH0,0108_1308,A,-0.32298412919044495,-0.5673217177391052,-0.5,-0.5,-1.6227719841180166,0.324087481476183,-0.7808771394776427,32.148982960600165
1767874121.8684068,1767874121868414777,Sr02_gA_IMG1_LID0_STA0_CFC64_OH0,0108_1308,A,-0.005084270611405373,-0.3624608814716339,0.0,-0.5,-1.6572191732249544,0.36028001105050805,-0.8395427473030472,32.107452167838076
1767874121.9818387,1767874121981846759,Sr02_gA_IMG1_LID0_STA0_CFC64_OH0,0108_1308,A,-0.39036819338798523,-0.37801051139831543,-0.5,-0.5,-1.6894934035027924,0.3984591943271933,-0.8984898797654434,32.06763435164776
1767874122.098782,1767874122098790070,Sr02_gA_IMG1_LID0_STA0_CFC64_OH0,0108_1308,A,-0.39036819338798523,-0.37801051139831543,-0.5,-0.5,-1.7338787921882297,0.45888382071693024,-0.9731832043184233,32.011210446534534
1767874122.212486,1767874122212494172,Sr02_gA_IMG1_LID0_STA0_CFC64_OH0,0108_1308,A,-0.4015378952026367,-0.1795545518398285,-0.5,0.0,-1.7611850278813408,0.5007650965070056,-1.0128615259859084,31.975524084774314
1767874122.328838,1767874122328848322,Sr02_gA_IMG1_LID0_STA0_CFC64_OH0,0108_1308,A,-0.5007136464118958,-0.28475889563560486,-0.5,-0.5,-1.7865917061042702,0.5435960255332264,-1.0614339355493467,31.94152875185002
1767874122.4441752,1767874122444182749,Sr02_gA_IMG1_LID0_STA0_CFC64_OH0,0108_1308,A,-0.5007136464118958,-0.28475889563560486,-0.5,-0.5,-1.820334734586977,0.6105513375254965,-1.1465320795621567,31.894306969309234
1767874122.5544295,1767874122554437348,Sr02_gA_IMG1_LID0_STA0_CFC64_OH0,0108_1308,A,-0.034453295171260834,-0.1337355077266693,0.0,0.0,-1.835348740343992,0.6460013267156669,-1.1967602259128118,31.872135421962934
1767874122.664503,1767874122664510840,Sr02_gA_IMG1_LID0_STA0_CFC64_OH0,0108_1308,A,-0.34527549147605896,-0.4491242468357086,-0.5,-0.5,-1.8482833428551746,0.6814522553109075,-1.240528361941698,31.8520277999468
1767874122.7804062,1767874122780416302,Sr02_gA_IMG1_LID0_STA0_CFC64_OH0,0108_1308,A,-0.34527549147605896,-0.4491242468357086,-0.5,-0.5,-1.8634756959056242,0.7287344017855598,-1.2787307396298617,31.827273064132587
1767874122.897324,1767874122897331601,Sr02_gA_IMG1_LID0_STA0_CFC64_OH0,0108_1308,A,0.13860371708869934,-0.3586524724960327,0.0,-0.5,-1.8834056087635969,0.8008941213525106,-1.317214948251378,31.792791613820825
1767874123.0138695,1767874123013876588,Sr02_gA_IMG1_LID0_STA0_CFC64_OH0,0108_1308,A,0.3768651783466339,-0.39958006143569946,0.5,-0.5,-1.895347664143264,0.8493525356473175,-1.342947229825762,31.771124861359947
1767874123.1338122,1767874123133820866,Sr02_gA_IMG1_LID0_STA0_CFC64_OH0,0108_1308,A,0.4675831198692322,-0.43064725399017334,0.5,-0.5,-1.9059468244638254,0.8982144695625974,-1.3714230591252787,31.75075419748437
1767874123.2469542,1767874123246962348,Sr02_gA_IMG1_LID0_STA0_CFC64_OH0,0108_1308,A,0.4675831198692322,-0.43064725399017334,0.5,-0.5,-1.9167814331517992,0.957240737352638,-1.4089007316306428,31.72816238155708
1767874123.359252,1767874123359259404,Sr02_gA_IMG1_LID0_STA0_CFC64_OH0,0108_1308,A,0.401261568069458,-0.5173622965812683,0.5,-0.5,-1.922747713310499,0.996296447401467,-1.4287983362798642,31.71444578640118
1767874123.4764273,1767874123476435211,Sr02_gA_IMG1_LID0_STA0_CFC64_OH0,0108_1308,A,0.49105721712112427,-0.20967987179756165,0.5,-0.5,-1.9286034570905406,1.0419493569659346,-1.4595402677324703,31.699562943182315
1767874123.591277,1767874123591284353,Sr02_gA_IMG1_LID0_STA0_CFC64_OH0,0108_1308,A,0.49105721712112427,-0.20967987179756165,0.5,-0.5,-1.932458364145097,1.0827968944181998,-1.4953401717435766,31.687654329599773
1767874123.7080753,1767874123708083045,Sr02_gA_IMG1_LID0_STA0_CFC64_OH0,0108_1308,A,0.49441882967948914,-0.202936589717865,0.5,-0.5,-1.933998849078942,1.1088890418869544,-1.5375246775099682,31.68097666391759
1767874123.8240006,1767874123824008497,Sr02_gA_IMG1_LID0_STA0_CFC64_OH0,0108_1308,A,0.5004494786262512,-0.45745450258255005,0.5,-0.5,-1.9339055283397828,1.103409959128078,-1.5582220032590177,31.682151616836805
1767874123.9390702,1767874123939078141,Sr02_gA_IMG1_LID0_STA0_CFC64_OH0,0108_1308,A,0.5004494786262512,-0.45745450258255005,0.5,-0.5,-1.9338352442289255,1.0805932296793161,-1.5745528995766664,31.686742236179732
1767874124.0528228,1767874124052829824,Sr02_gA_IMG1_LID0_STA0_CFC64_OH0,0108_1308,A,0.49074772000312805,-0.25548988580703735,0.5,-0.5,-1.934824114784448,1.0210601224224682,-1.6034102600883615,31.697645727771665
1767874124.1703436,1767874124170351048,Sr02_gA_IMG1_LID0_STA0_CFC64_OH0,0108_1308,A,0.49647340178489685,-0.14569877088069916,0.5,0.0,-1.9370242013435477,0.9720331313760258,-1.6262958800025278,31.705348951807874
1767874124.2822797,1767874124282288544,Sr02_gA_IMG1_LID0_STA0_CFC64_OH0,0108_1308,A,0.49647340178489685,-0.14569877088069916,0.5,0.0,-1.940320923727484,0.9221428548279144,-1.6472638329028904,31.712228068585247
1767874124.3976002,1767874124397607535,Sr02_gA_IMG1_LID0_STA0_CFC64_OH0,0108_1308,A,0.5058050155639648,-0.18791289627552032,0.5,0.0,-1.9472012024273972,0.847462042965468,-1.6779065748641682,31.720766082036498
1767874124.5103145,1767874124510322182,Sr02_gA_IMG1_LID0_STA0_CFC64_OH0,0108_1308,A,0.48250308632850647,-0.27226680517196655,0.5,-0.5,-1.9532333496214211,0.7983662009878107,-1.7121870615144643,31.72499813017172
1767874124.625089,1767874124625097378,Sr02_gA_IMG1_LID0_STA0_CFC64_OH0,0108_1308,A,0.4333341121673584,-0.5313078761100769,0.5,-0.5,-1.9614084107494913,0.7490451360845294,-1.7579265734937646,31.727258011446498
1767874124.74151,1767874124741518908,Sr02_gA_IMG1_LID0_STA0_CFC64_OH0,0108_1308,A,0.4333341121673584,-0.5313078761100769,0.5,-0.5,-1.9716429044826604,0.7002820229206902,-1.7930017570349641,31.727465794275727
1767874124.855851,1767874124855858540,Sr02_gA_IMG1_LID0_STA0_CFC64_OH0,0108_1308,A,0.5048643350601196,-0.37800002098083496,0.5,-0.5,-1.9892852059303043,0.6274412939075389,-1.8202725135149842,31.725621354900984
1767874124.9753227,1767874124975330226,Sr02_gA_IMG1_LID0_STA0_CFC64_OH0,0108_1308,A,0.4939267337322235,-0.5717957019805908,0.5,-0.5,-2.0019825518618295,0.5790808466777434,-1.8348423667733544,31.723533093773185
1767874125.0903637,1767874125090371399,Sr02_gA_IMG1_LID0_STA0_CFC64_OH0,0108_1308,A,0.4939267337322235,-0.5717957019805908,0.5,-0.5,-2.0154418576774455,0.5309392529177538,-1.8527012628050605,31.720732278060932
1767874125.207559,1767874125207567137,Sr02_gA_IMG1_LID0_STA0_CFC64_OH0,0108_1308,A,0.5142101049423218,-0.4589684307575226,0.5,-0.5,-2.037544131456842,0.4593347973375296,-1.8901095860635762,31.714678494818042
1767874125.3264937,1767874125326501682,Sr02_gA_IMG1_LID0_STA0_CFC64_OH0,0108_1308,A,0.4956280589103699,-0.10491715371608734,0.5,0.0,-2.0539528666292033,0.41268472300431197,-1.9319621995153238,31.70886892031691
1767874125.4432998,1767874125443307602,Sr02_gA_IMG1_LID0_STA0_CFC64_OH0,0108_1308,A,0.4956280589103699,-0.10491715371608734,0.5,0.0,-2.0728550925129934,0.36640171065932003,-1.985092921580665,31.700622453451295
1767874125.5593524,1767874125559364603,Sr02_gA_IMG1_LID0_STA0_CFC64_OH0,0108_1308,A,0.4948297142982483,-0.5848026275634766,0.5,-0.5,-2.1052789120583153,0.2988663027979655,-2.047492098584139,31.68400715208813
1767874125.6738923,1767874125673899762,Sr02_gA_IMG1_LID0_STA0_CFC64_OH0,0108_1308,A,0.4936460554599762,-0.47219735383987427,0.5,-0.5,-2.1291483255045494,0.2552903986080117,-2.0992501391750875,31.67050268306672
1767874125.7859457,1767874125785953587,Sr02_gA_IMG1_LID0_STA0_CFC64_OH0,0108_1308,A,0.4936460554599762,-0.47219735383987427,0.5,-0.5,-2.155578673860484,0.2128550928157555,-2.156429660079949,31.654317901272986
1767874125.9012835,1767874125901292446,Sr02_gA_IMG1_LID0_STA0_CFC64_OH0,0108_1308,A,0.5049275755882263,-0.23071399331092834,0.5,-0.5,-2.1993344112588553,0.15198195785537036,-2.2288256278164584,31.625537063913843
1767874126.0118718,1767874126011880414,Sr02_gA_IMG1_LID0_STA0_CFC64_OH0,0108_1308,A,0.4907710552215576,-0.28725025057792664,0.5,-0.5,-2.23002887477424,0.11352997180987406,-2.2554787484158414,31.604461621020867
1767874126.130126,1767874126130135021,Sr02_gA_IMG1_LID0_STA0_CFC64_OH0,0108_1308,A,0.4987949728965759,-0.3585812747478485,0.5,-0.5,-2.261831736463901,0.07500260429873629,-2.266120276638385,31.582387756724366
1767874126.245496,1767874126245503788,Sr02_gA_IMG1_LID0_STA0_CFC64_OH0,0108_1308,A,0.4987949728965759,-0.3585812747478485,0.5,-0.5,-2.2939447105482866,0.03706726799839066,-2.2839897878671374,31.559938327666128
1767874126.3566856,1767874126356692940,Sr02_gA_IMG1_LID0_STA0_CFC64_OH0,0108_1308,A,0.4912743866443634,-0.39212971925735474,0.5,-0.5,-2.3441442494402085,-0.017558355044162043,-2.348042689030936,31.523873775450447
1767874126.4733982,1767874126473405347,Sr02_gA_IMG1_LID0_STA0_CFC64_OH0,0108_1308,A,0.4304337501525879,-0.4842533767223358,0.5,-0.5,-2.3800385292041732,-0.05235973138321129,-2.395262374019872,31.497164533411237
1767874126.5887964,1767874126588806836,Sr02_gA_IMG1_LID0_STA0_CFC64_OH0,0108_1308,A,0.4304337501525879,-0.4842533767223358,0.5,-0.5,-2.4171915224060756,-0.08542260741760094,-2.4287066140003355,31.468877213063596
1767874126.7019045,1767874126701913368,Sr02_gA_IMG1_LID0_STA0_CFC64_OH0,0108_1308,A,0.4921049475669861,-0.32449468970298767,0.5,-0.5,-2.4748663536728777,-0.13332241992280958,-2.4698252124502,31.424252326716008
1767874126.822534,1767874126822542710,Sr02_gA_IMG1_LID0_STA0_CFC64_OH0,0108_1308,A,0.49768102169036865,-0.15543022751808167,0.5,0.0,-2.514508685563083,-0.16372395378038498,-2.505253227225416,31.393041391087287
1767874126.9377444,1767874126937771446,Sr02_gA_IMG1_LID0_STA0_CFC64_OH0,0108_1308,A,0.49768102169036865,-0.15543022751808167,0.5,0.0,-2.5552465523593377,-0.1927094325414605,-2.541111302026032,31.36047422488679
1767874127.0523798,1767874127052390003,Sr02_gA_IMG1_LID0_STA0_CFC64_OH0,0108_1308,A,0.4854430556297302,-0.40268102288246155,0.5,-0.5,-2.6182987354249097,-0.23327438058161978,-2.599672659179033,31.309114856450115
1767874127.1665056,1767874127166514639,Sr02_gA_IMG1_LID0_STA0_CFC64_OH0,0108_1308,A,0.49536898732185364,-0.0322728231549263,0.5,0.0,-2.661698346907817,-0.25800715649508216,-2.6477854831772607,31.273040970073694
1767874127.2830899,1767874127283099920,Sr02_gA_IMG1_LID0_STA0_CFC64_OH0,0108_1308,A,0.49536898732185364,-0.0322728231549263,0.5,0.0,-2.7062815792564825,-0.280631181004444,-2.6962107707169185,31.235341117387396
1767874127.3994265,1767874127399440274,Sr02_gA_IMG1_LID0_STA0_CFC64_OH0,0108_1308,A,0.4937039911746979,-0.18482312560081482,0.5,0.0,-2.7517471070311483,-0.3012206343268767,-2.73338508360102,31.196320204384335
1767874127.512835,1767874127512842601,Sr02_gA_IMG1_LID0_STA0_CFC64_OH0,0108_1308,A,0.4968191683292389,-0.07003743946552277,0.5,0.0,-2.82102529127712,-0.3296035507398914,-2.766403641948375,31.13618210967743
1767874127.6280134,1767874127628020684,Sr02_gA_IMG1_LID0_STA0_CFC64_OH0,0108_1308,A,0.5021598935127258,0.007532887160778046,0.5,0.0,-2.8676877236613083,-0.3475636940547249,-2.781946639284078,31.095424770257246
1767874127.7414706,1767874127741479186,Sr02_gA_IMG1_LID0_STA0_CFC64_OH0,0108_1308,A,0.5021598935127258,0.007532887160778046,0.5,0.0,-2.9142979743500446,-0.3645366655733845,-2.8067479086481377,31.054499059347954
1767874127.8611963,1767874127861204090,Sr02_gA_IMG1_LID0_STA0_CFC64_OH0,0108_1308,A,0.5003973245620728,0.0010712072253227234,0.5,0.0,-2.984824468700221,-0.3873991277378891,-2.8389983704832655,30.991916145248492
1767874127.9779565,1767874127977965190,Sr02_gA_IMG1_LID0_STA0_CFC64_OH0,0108_1308,A,0.5027500987052917,0.008754324167966843,0.5,0.0,-3.032576756265878,-0.4022219655331993,-2.8422256534359445,30.94940629978891
1767874128.0943851,1767874128094394551,Sr02_gA_IMG1_LID0_STA0_CFC64_OH0,0108_1308,A,0.5027500987052917,0.008754324167966843,0.5,0.0,-3.0802657735800256,-0.4167093752417042,-2.854351266241381,30.90689558049038
1767874128.2094326,1767874128209442413,Sr02_gA_IMG1_LID0_STA0_CFC64_OH0,0108_1308,A,0.5019830465316772,-0.002907406073063612,0.5,0.0,-3.1523138534826924,-0.4372699581568689,-2.869158579267668,30.842376504645166
1767874128.3265703,1767874128326577944,Sr02_gA_IMG1_LID0_STA0_CFC64_OH0,0108_1308,A,0.5017862915992737,0.0020057493820786476,0.5,0.0,-3.200446115769942,-0.45073170951691705,-2.868506957095259,30.79923073735241
1767874128.44164,1767874128441650181,Sr02_gA_IMG1_LID0_STA0_CFC64_OH0,0108_1308,A,0.5017862915992737,0.0020057493820786476,0.5,0.0,-3.2485881919035617,-0.4642350450422472,-2.867753669611407,30.756106764909042
1767874128.561038,1767874128561045321,Sr02_gA_IMG1_LID0_STA0_CFC64_OH0,0108_1308,A,0.4676523804664612,0.004325466230511665,0.5,0.0,-3.3207884510721675,-0.4845358287686092,-2.8673223069634517,30.69148406931401
1767874128.6753128,1767874128675320029,Sr02_gA_IMG1_LID0_STA0_CFC64_OH0,0108_1308,A,0.4630270302295685,0.009280569851398468,0.5,0.0,-3.3689136680774547,-0.498099125254662,-2.8664468776153305,30.648444106493415
1767874128.791193,1767874128791201528,Sr02_gA_IMG1_LID0_STA0_CFC64_OH0,0108_1308,A,0.3545114994049072,0.005744525231420994,0.5,0.0,-3.4170269929144963,-0.511704546836988,-2.8655714466303785,30.605447642810915
1767874128.9039075,1767874128903920921,Sr02_gA_IMG1_LID0_STA0_CFC64_OH0,0108_1308,A,0.3545114994049072,0.005744525231420994,0.5,0.0,-3.465133479620987,-0.525334132630359,-2.86562894361556,30.56248533895539
1767874129.0167906,1767874129016799602,Sr02_gA_IMG1_LID0_STA0_CFC64_OH0,0108_1308,A,0.48833656311035156,-0.0016464237123727798,0.5,0.0,-3.537296110810241,-0.545768268906062,-2.8655246113563306,30.498076644941516
1767874129.1300805,1767874129130089161,Sr02_gA_IMG1_LID0_STA0_CFC64_OH0,0108_1308,A,0.44742685556411743,0.0013826154172420502,0.5,0.0,-3.5854014719066107,-0.5594018270766542,-2.8653240367461827,30.455170216531585
1767874129.24742,1767874129247429376,Sr02_gA_IMG1_LID0_STA0_CFC64_OH0,0108_1308,A,0.44742685556411743,0.0013826154172420502,0.5,0.0,-3.633503084373238,-0.5730486042136106,-2.8649378868666697,30.412292529726354
1767874129.3691432,1767874129369152817,Sr02_gA_IMG1_LID0_STA0_CFC64_OH0,0108_1308,A,0.4985142648220062,0.001123504713177681,0.5,0.0,-3.7056404153060263,-0.5935718597736934,-2.8637440112782,30.348045361400324
1767874129.4835477,1767874129483556707,Sr02_gA_IMG1_LID0_STA0_CFC64_OH0,0108_1308,A,0.47164443135261536,0.001903083175420761,0.5,0.0,-3.7537188581403513,-0.6073000405998324,-2.8631695569888462,30.305266125996535
1767874129.5988827,1767874129598891637,Sr02_gA_IMG1_LID0_STA0_CFC64_OH0,0108_1308,A,0.47164443135261536,0.001903083175420761,0.5,0.0,-3.801789406864564,-0.6210558379087194,-2.8625951054052603,30.262523935298645
1767874129.7154806,1767874129715493032,Sr02_gA_IMG1_LID0_STA0_CFC64_OH0,0108_1308,A,0.5001864433288574,-0.008139893412590027,0.5,0.0,-3.873887708919425,-0.6417158018675059,-2.8625900461277185,30.198466663210112
1767874129.830254,1767874129830261914,Sr02_gA_IMG1_LID0_STA0_CFC64_OH0,0108_1308,A,0.5037078261375427,5.689915269613266e-05,0.5,0.0,-3.921953283573593,-0.6554889718801069,-2.862451785457448,30.155789772985752
1767874129.9450588,1767874129945067675,Sr02_gA_IMG1_LID0_STA0_CFC64_OH0,0108_1308,A,0.5037078261375427,5.689915269613266e-05,0.5,0.0,-3.9700169534722125,-0.6692687873677685,-2.8623135241418636,30.113139030513388
1767874130.0594947,1767874130059503306,Sr02_gA_IMG1_LID0_STA0_CFC64_OH0,0108_1308,A,0.4992155432701111,-0.0034354720264673233,0.5,0.0,-4.04210914215455,-0.6899500736861278,-2.862137225203843,30.049211700808986
1767874130.1753955,1767874130175404595,Sr02_gA_IMG1_LID0_STA0_CFC64_OH0,0108_1308,A,0.4838487505912781,0.005762244574725628,0.5,0.0,-4.0901681160602426,-0.7037462580361229,-2.8619469177940973,30.006626685692684
1767874130.2934134,1767874130293422137,Sr02_gA_IMG1_LID0_STA0_CFC64_OH0,0108_1308,A,0.4955408573150635,-0.0012894542887806892,0.5,0.0,-4.138224463571914,-0.7175515881411708,-2.8617566097878218,29.964069579642572
1767874130.4079702,1767874130407980087,Sr02_gA_IMG1_LID0_STA0_CFC64_OH0,0108_1308,A,0.4955408573150635,-0.0012894542887806892,0.5,0.0,-4.186281579797376,-0.7313542393664335,-2.8622693013089764,29.921534031490815
1767874130.5221584,1767874130522166152,Sr02_gA_IMG1_LID0_STA0_CFC64_OH0,0108_1308,A,0.4941556453704834,-0.01345222257077694,0.5,0.0,-4.2583805257409075,-0.7520119555882772,-2.8625886438875754,29.857748728642463
1767874130.635376,1767874130635383389,Sr02_gA_IMG1_LID0_STA0_CFC64_OH0,0108_1308,A,0.499860942363739,0.010494953021407127,0.5,0.0,-4.306446993974917,-0.7657820069500673,-2.862582953981618,29.815253229578264
1767874130.7488708,1767874130748882381,Sr02_gA_IMG1_LID0_STA0_CFC64_OH0,0108_1308,A,0.499860942363739,0.010494953021407127,0.5,0.0,-4.354514922250044,-0.7795469600624378,-2.862856650640754,29.772778244876644
1767874130.8652177,1767874130865226046,Sr02_gA_IMG1_LID0_STA0_CFC64_OH0,0108_1308,A,0.5004831552505493,0.0028631938621401787,0.5,0.0,-4.426617876425249,-0.8001906777020248,-2.862360230468541,29.709107644128675
1767874130.98483,1767874130984837565,Sr02_gA_IMG1_LID0_STA0_CFC64_OH0,0108_1308,A,0.5009395480155945,0.002329077571630478,0.5,0.0,-4.47468212563505,-0.813968472420454,-2.8624891702905706,29.6666984398452
1767874131.1003914,1767874131100398900,Sr02_gA_IMG1_LID0_STA0_CFC64_OH0,0108_1308,A,0.5009395480155945,0.002329077571630478,0.5,0.0,-4.52274815102093,-0.8277400693927234,-2.8626181155085337,29.624309491974863
1767874131.2166734,1767874131216682144,Sr02_gA_IMG1_LID0_STA0_CFC64_OH0,0108_1308,A,0.5046519637107849,0.012026222422719002,0.5,0.0,-4.5948625484137695,-0.8483437434079981,-2.8642710538351954,29.56074098069995
1767874131.3296516,1767874131329659314,Sr02_gA_IMG1_LID0_STA0_CFC64_OH0,0108_1308,A,0.5019797682762146,0.0026101218536496162,0.5,0.0,-4.642944962559574,-0.8620580025523779,-2.863221578573942,29.51837987745366
1767874131.4450593,1767874131445067294,Sr02_gA_IMG1_LID0_STA0_CFC64_OH0,0108_1308,A,0.497102826833725,-0.0008762860670685768,0.5,0.0,-4.691012957218937,-0.8758227162406934,-2.8621720849883867,29.476070670083022
1767874131.559571,1767874131559579400,Sr02_gA_IMG1_LID0_STA0_CFC64_OH0,0108_1308,A,0.497102826833725,-0.0008762860670685768,0.5,0.0,-4.739069853737356,-0.8896261342960117,-2.8617331252973117,29.433807096922127
1767874131.6700935,1767874131670103468,Sr02_gA_IMG1_LID0_STA0_CFC64_OH0,0108_1308,A,0.49859634041786194,-0.003154032863676548,0.5,0.0,-4.811147913727445,-0.9103566068618666,-2.8613623992073824,29.37047144107404
1767874131.7890053,1767874131789012797,Sr02_gA_IMG1_LID0_STA0_CFC64_OH0,0108_1308,A,0.5005052089691162,-0.0045754737220704556,0.5,0.0,-4.859195888863423,-0.9241910478347035,-2.861129491831157,29.328286130570312
1767874131.9025683,1767874131902577203,Sr02_gA_IMG1_LID0_STA0_CFC64_OH0,0108_1308,A,0.5005052089691162,-0.0045754737220704556,0.5,0.0,-4.907236339550487,-0.9380515862382914,-2.8601208215556824,29.286140038404138
1767874132.0172856,1767874132017294433,Sr02_gA_IMG1_LID0_STA0_CFC64_OH0,0108_1308,A,0.49757471680641174,0.002993316389620304,0.5,0.0,-4.979274018776979,-0.9589219441307446,-2.8593526533063236,29.22301205299799
1767874132.1338167,1767874132133825381,Sr02_gA_IMG1_LID0_STA0_CFC64_OH0,0108_1308,A,0.5075230598449707,0.012556711211800575,0.5,0.0,-5.027296325316627,-0.9728452252077197,-2.8594402791019062,29.180963421187496
1767874132.2513986,1767874132251407212,Sr02_gA_IMG1_LID0_STA0_CFC64_OH0,0108_1308,A,0.5075230598449707,0.012556711211800575,0.5,0.0,-5.075319851745027,-0.9867642981219638,-2.8595279075652815,29.13893753174903
1767874132.3669345,1767874132366946459,Sr02_gA_IMG1_LID0_STA0_CFC64_OH0,0108_1308,A,0.4994804263114929,0.00433894619345665,0.5,0.0,-5.147359708721083,-1.0076271407592223,-2.8599326776859613,29.075937102194747
1767874132.483335,1767874132483344319,Sr02_gA_IMG1_LID0_STA0_CFC64_OH0,0108_1308,A,0.49599725008010864,-0.008646192960441113,0.5,0.0,-5.195392651904791,-1.0215136813099028,-2.860390223222126,29.03395603645891
1767874132.5947607,1767874132594768419,Sr02_gA_IMG1_LID0_STA0_CFC64_OH0,0108_1308,A,0.49599725008010864,-0.008646192960441113,0.5,0.0,-5.243431943799211,-1.0353782431015093,-2.860847769845975,28.991987962978836
1767874132.7064095,1767874132706418813,Sr02_gA_IMG1_LID0_STA0_CFC64_OH0,0108_1308,A,0.49662986397743225,0.00261080265045166,0.5,0.0,-5.291474220615205,-1.0492324594048035,-2.8606998200426776,28.950039540266506
1767874132.8210616,1767874132821069229,Sr02_gA_IMG1_LID0_STA0_CFC64_OH0,0108_1308,A,0.49911952018737793,-0.0020430656149983406,0.5,0.0,-5.363522131110109,-1.0700674444812606,-2.859198858926881,28.887195467550313
1767874132.93997,1767874132939978780,Sr02_gA_IMG1_LID0_STA0_CFC64_OH0,0108_1308,A,0.49743422865867615,0.004628295078873634,0.5,0.0,-5.411532925309261,-1.0840303594646001,-2.8579431898594585,28.84537328414951
1767874133.0529997,1767874133053008640,Sr02_gA_IMG1_LID0_STA0_CFC64_OH0,0108_1308,A,0.49743422865867615,0.004628295078873634,0.5,0.0,-5.459529837382233,-1.098040928895307,-2.857344934630213,28.803604450905866
1767874133.1679351,1767874133167955442,Sr02_gA_IMG1_LID0_STA0_CFC64_OH0,0108_1308,A,0.4986632466316223,-0.0063131265342235565,0.5,0.0,-5.5315244660111675,-1.1190593078521425,-2.8581224467999564,28.7410019317049
1767874133.2804778,1767874133280485229,Sr02_gA_IMG1_LID0_STA0_CFC64_OH0,0108_1308,A,0.5002469420433044,0.0022016428411006927,0.5,0.0,-5.579535034705048,-1.1330230043870315,-2.858987064681839,28.699272039625214
1767874133.3995404,1767874133399550413,Sr02_gA_IMG1_LID0_STA0_CFC64_OH0,0108_1308,A,0.5002469420433044,0.0022016428411006927,0.5,0.0,-5.627551307978122,-1.146967077408656,-2.858838563229584,28.6575573397145
1767874133.512991,1767874133513001681,Sr02_gA_IMG1_LID0_STA0_CFC64_OH0,0108_1308,A,0.5062437057495117,0.0027077775448560715,0.5,0.0,-5.675565608700743,-1.1609179413645536,-2.8589032500767173,28.615873102029926
1767874133.6289263,1767874133628933883,Sr02_gA_IMG1_LID0_STA0_CFC64_OH0,0108_1308,A,0.5005760192871094,-0.0008218586444854736,0.5,0.0,-5.747587311589699,-1.1818433682582028,-2.858542579543953,28.553396310662464
1767874133.7462733,1767874133746281308,Sr02_gA_IMG1_LID0_STA0_CFC64_OH0,0108_1308,A,0.5005760192871094,-0.0008218586444854736,0.5,0.0,-5.795594478501403,-1.1958187596112162,-2.858079750793078,28.51179317107901
1767874133.8678956,1767874133867904990,Sr02_gA_IMG1_LID0_STA0_CFC64_OH0,0108_1308,A,0.5002015233039856,-0.0017097690142691135,0.5,0.0,-5.843600069796344,-1.2097995617098503,-2.858492225967501,28.470220181599004
1767874133.9796963,1767874133979704424,Sr02_gA_IMG1_LID0_STA0_CFC64_OH0,0108_1308,A,0.49824005365371704,0.005804463289678097,0.5,0.0,-5.9156173391878495,-1.230740243844006,-2.858502576814634,28.407893923664382
1767874134.0949361,1767874134094944374,Sr02_gA_IMG1_LID0_STA0_CFC64_OH0,0108_1308,A,0.49824005365371704,0.005804463289678097,0.5,0.0,-5.963625642886686,-1.244711730839638,-2.8582824128906292,28.366383579991908
1767874134.210236,1767874134210244567,Sr02_gA_IMG1_LID0_STA0_CFC64_OH0,0108_1308,A,0.5039659142494202,-0.0015784702263772488,0.5,0.0,-6.0116306429005935,-1.2586945646714405,-2.858021758643821,28.324907267856
1767874134.323728,1767874134323736584,Sr02_gA_IMG1_LID0_STA0_CFC64_OH0,0108_1308,A,0.4963766634464264,0.034211333841085434,0.5,0.0,-6.083634617595753,-1.279680915244678,-2.8580391456255065,28.262751587061135
1767874134.4413729,1767874134441380735,Sr02_gA_IMG1_LID0_STA0_CFC64_OH0,0108_1308,A,0.5015110969543457,0.0030952906236052513,0.5,0.0,-6.131638556351643,-1.293667392481407,-2.8581213313555334,28.221346561444882
1767874134.5567384,1767874134556747282,Sr02_gA_IMG1_LID0_STA0_CFC64_OH0,0108_1308,A,0.5015110969543457,0.0030952906236052513,0.5,0.0,-6.179644041655988,-1.3076485604657313,-2.8582745491195576,28.17996630813647
1767874134.6709743,1767874134670981975,Sr02_gA_IMG1_LID0_STA0_CFC64_OH0,0108_1308,A,0.4996965229511261,0.002037307247519493,0.5,0.0,-6.2516491479279965,-1.3286310217575215,-2.8576293134004382,28.117954734995564
1767874134.7884786,1767874134788486506,Sr02_gA_IMG1_LID0_STA0_CFC64_OH0,0108_1308,A,0.5014369487762451,0.008115258067846298,0.5,0.0,-6.2996427067937075,-1.342653072969346,-2.8570488680208377,28.076668730357493
1767874134.9062512,1767874134906259558,Sr02_gA_IMG1_LID0_STA0_CFC64_OH0,0108_1308,A,0.5014369487762451,0.008115258067846298,0.5,0.0,-6.347632318001316,-1.3566886311966235,-2.857132879921525,28.035419055725143
1767874135.022496,1767874135022505297,Sr02_gA_IMG1_LID0_STA0_CFC64_OH0,0108_1308,A,0.49816375970840454,-0.004306330811232328,0.5,0.0,-6.419584534480945,-1.3778508064174333,-2.8533867741312475,27.97366268743357
1767874135.1361103,1767874135136118191,Sr02_gA_IMG1_LID0_STA0_CFC64_OH0,0108_1308,A,0.5014384984970093,0.00252588652074337,0.5,0.0,-6.467520099424148,-1.3920698526712147,-2.853077238946092,27.932593532596208
1767874135.2504075,1767874135250418168,Sr02_gA_IMG1_LID0_STA0_CFC64_OH0,0108_1308,A,0.5014384984970093,0.00252588652074337,0.5,0.0,-6.515451260864326,-1.4063037356986967,-2.8527677103899745,27.89156238686854
1767874135.3633237,1767874135363330493,Sr02_gA_IMG1_LID0_STA0_CFC64_OH0,0108_1308,A,0.49780699610710144,0.0002817101776599884,0.5,0.0,-6.563378496674539,-1.4205508315760447,-2.8525428195559863,27.850568452189172
1767874135.480729,1767874135480737243,Sr02_gA_IMG1_LID0_STA0_CFC64_OH0,0108_1308,A,0.5025432705879211,0.0040939562022686005,0.5,0.0,-6.635258611705293,-1.4419575551540973,-2.8515686551227764,27.789154470333838
1767874135.5964887,1767874135596495614,Sr02_gA_IMG1_LID0_STA0_CFC64_OH0,0108_1308,A,0.5025432705879211,0.0040939562022686005,0.5,0.0,-6.683164652153062,-1.456275754565898,-2.850757130643313,27.7482771965028
1767874135.710335,1767874135710343416,Sr02_gA_IMG1_LID0_STA0_CFC64_OH0,0108_1308,A,0.49912089109420776,0.004088826477527618,0.5,0.0,-6.731064761252765,-1.470613788140388,-2.85093932214418,27.707441794706803
1767874135.8247945,1767874135824803252,Sr02_gA_IMG1_LID0_STA0_CFC64_OH0,0108_1308,A,0.49957671761512756,0.0062871454283595085,0.5,0.0,-6.802920039159457,-1.4921037460413866,-2.850833733259729,27.64623482706653
1767874135.940908,1767874135940917197,Sr02_gA_IMG1_LID0_STA0_CFC64_OH0,0108_1308,A,0.4997791051864624,-0.00489390455186367,0.5,0.0,-6.850819554548419,-1.5064437633082184,-2.8505811450207905,27.605476083618658
1767874136.0566385,1767874136056646955,Sr02_gA_IMG1_LID0_STA0_CFC64_OH0,0108_1308,A,0.4997791051864624,-0.00489390455186367,0.5,0.0,-6.898716750644754,-1.520791525806885,-2.8505305306051465,27.56475246139809
1767874136.1713464,1767874136171353162,Sr02_gA_IMG1_LID0_STA0_CFC64_OH0,0108_1308,A,0.5038855671882629,0.007621413096785545,0.5,0.0,-6.970557821972183,-1.5423289260833668,-2.850030808290008,27.50373397554661
1767874136.2889144,1767874136288930221,Sr02_gA_IMG1_LID0_STA0_CFC64_OH0,0108_1308,A,0.5000819563865662,-0.0010325536131858826,0.5,0.0,-7.018444680289459,-1.556711152912967,-2.84962141333938,27.463108043442535
1767874136.4050426,1767874136405050270,Sr02_gA_IMG1_LID0_STA0_CFC64_OH0,0108_1308,A,0.5000819563865662,-0.0010325536131858826,0.5,0.0,-7.066325649575694,-1.5711129732277487,-2.8492124800592977,27.422525047131227
1767874136.5164125,1767874136516420587,Sr02_gA_IMG1_LID0_STA0_CFC64_OH0,0108_1308,A,0.5067794919013977,0.013250922784209251,0.5,0.0,-7.1141997111877835,-1.5855377377374162,-2.848627734533978,27.38198723616492
1767874136.6363418,1767874136636349368,Sr02_gA_IMG1_LID0_STA0_CFC64_OH0,0108_1308,A,0.5077762603759766,0.03477775305509567,0.5,0.0,-7.186003648175323,-1.6071986192833991,-2.848914569192709,27.321253870068574
1767874136.7527354,1767874136752742396,Sr02_gA_IMG1_LID0_STA0_CFC64_OH0,0108_1308,A,0.5077762603759766,0.03477775305509567,0.5,0.0,-7.233880904960701,-1.6216127760676355,-2.8494039588474487,27.280788161211163
1767874136.8713424,1767874136871352124,Sr02_gA_IMG1_LID0_STA0_CFC64_OH0,0108_1308,A,0.49880653619766235,0.008917342871427536,0.5,0.0,-7.281759442707884,-1.6360226760629504,-2.8488921343042772,27.2403514994784
1767874136.9858124,1767874136985819866,Sr02_gA_IMG1_LID0_STA0_CFC64_OH0,0108_1308,A,0.5024018883705139,0.10192357003688812,0.5,0.0,-7.3535647319814075,-1.6576790767967329,-2.848700852369026,27.179781779695293
1767874137.103325,1767874137103332677,Sr02_gA_IMG1_LID0_STA0_CFC64_OH0,0108_1308,A,0.4986017942428589,0.03126424178481102,0.5,0.0,-7.401436121813166,-1.6721127082301723,-2.8488041075614583,27.139439561854772
1767874137.2169378,1767874137216947067,Sr02_gA_IMG1_LID0_STA0_CFC64_OH0,0108_1308,A,0.4986017942428589,0.03126424178481102,0.5,0.0,-7.449300643868316,-1.686569086281903,-2.8476218629103105,27.099143616487606
1767874137.3299484,1767874137329955795,Sr02_gA_IMG1_LID0_STA0_CFC64_OH0,0108_1308,A,0.5068435668945312,0.005598464049398899,0.5,0.0,-7.521038933242649,-1.7084461490978367,-2.8430510288086417,27.038880197067808
1767874137.4469023,1767874137446910865,Sr02_gA_IMG1_LID0_STA0_CFC64_OH0,0108_1308,A,0.49756771326065063,-0.006508565973490477,0.5,0.0,-7.568801583904352,-1.7232355495095377,-2.8395732591913174,26.998873749989897
1767874137.564701,1767874137564710412,Sr02_gA_IMG1_LID0_STA0_CFC64_OH0,0108_1308,A,0.49756771326065063,-0.006508565973490477,0.5,0.0,-7.616524892388032,-1.7381514875018391,-2.838164299217242,26.95898045205228
1767874137.6829545,1767874137682964126,Sr02_gA_IMG1_LID0_STA0_CFC64_OH0,0108_1308,A,0.5035427808761597,0.00039527006447315216,0.5,0.0,-7.687950839338118,-1.760865216933539,-2.826579292212177,26.899468768955316
1767874137.7997844,1767874137799793421,Sr02_gA_IMG1_LID0_STA0_CFC64_OH0,0108_1308,A,0.497913122177124,0.004720121622085571,0.5,0.0,-7.735440495236239,-1.7764392511794393,-2.8231155234679135,26.86010422968647
1767874137.9207132,1767874137920720529,Sr02_gA_IMG1_LID0_STA0_CFC64_OH0,0108_1308,A,0.497913122177124,0.004720121622085571,0.5,0.0,-7.782901609284318,-1.7921694863839612,-2.819989104402556,26.820855235238835
1767874138.0367248,1767874138036734601,Sr02_gA_IMG1_LID0_STA0_CFC64_OH0,0108_1308,A,0.5023078918457031,0.005766533315181732,0.5,0.0,-7.8540300021908624,-1.8159549902304644,-2.818500407873696,26.76217367741791
1767874138.154399,1767874138154408315,Sr02_gA_IMG1_LID0_STA0_CFC64_OH0,0108_1308,A,0.5043585300445557,-0.02972445636987686,0.5,0.0,-7.901448070182279,-1.8318145747967833,-2.819151260827192,26.72309968745732
1767874138.265375,1767874138265383577,Sr02_gA_IMG1_LID0_STA0_CFC64_OH0,0108_1308,A,0.5043585300445557,-0.02972445636987686,0.5,0.0,-7.948876450425043,-1.847643293705309,-2.8198021163600067,26.684041828883498
1767874138.3787255,1767874138378733605,Sr02_gA_IMG1_LID0_STA0_CFC64_OH0,0108_1308,A,0.5035189986228943,-0.009712825529277325,0.5,0.0,-8.020030428206736,-1.8713521680612346,-2.819906699915678,26.625501094087728
1767874138.4906623,1767874138490670734,Sr02_gA_IMG1_LID0_STA0_CFC64_OH0,0108_1308,A,0.49955034255981445,-0.01438974030315876,0.5,0.0,-8.067461878827933,-1.8871716853919334,-2.819434689446864,26.58652885399259
1767874138.6074414,1767874138607451068,Sr02_gA_IMG1_LID0_STA0_CFC64_OH0,0108_1308,A,0.5000671148300171,0.00547504797577858,0.5,0.0,-8.1148858571743,-1.9030135891405242,-2.8189626780566766,26.547608394543932
1767874138.7210777,1767874138721085988,Sr02_gA_IMG1_LID0_STA0_CFC64_OH0,0108_1308,A,0.5000671148300171,0.00547504797577858,0.5,0.0,-8.16230194579087,-1.9188790913160159,-2.818417418768384,26.508740759576973
1767874138.8335714,1767874138833581310,Sr02_gA_IMG1_LID0_STA0_CFC64_OH0,0108_1308,A,0.5028360486030579,-0.00567337591201067,0.5,0.0,-8.233437151686656,-1.942644123234886,-2.8211015061919484,26.450487374583687
1767874138.947022,1767874138947029571,Sr02_gA_IMG1_LID0_STA0_CFC64_OH0,0108_1308,A,0.4978102445602417,-0.021154839545488358,0.5,0.0,-8.280914529433282,-1.9583252087922451,-2.8240739469671863,26.411590972736295
1767874139.0610788,1767874139061086711,Sr02_gA_IMG1_LID0_STA0_CFC64_OH0,0108_1308,A,0.4978102445602417,-0.021154839545488358,0.5,0.0,-8.328428362209662,-1.9738955355288992,-2.8254454752060743,26.372658661966415
1767874139.1794708,1767874139179478567,Sr02_gA_IMG1_LID0_STA0_CFC64_OH0,0108_1308,A,0.49527668952941895,0.0023017646744847298,0.5,0.0,-8.375959694671781,-1.9894123568078839,-2.8267441360913343,26.333728352366172
1767874139.299071,1767874139299079632,Sr02_gA_IMG1_LID0_STA0_CFC64_OH0,0108_1308,A,0.5049357414245605,0.006636579521000385,0.5,0.0,-8.44728261711948,-2.0126080425483144,-2.8269161332276758,26.275350513937106
1767874139.4127347,1767874139412741915,Sr02_gA_IMG1_LID0_STA0_CFC64_OH0,0108_1308,A,0.5049357414245605,0.006636579521000385,0.5,0.0,-8.494823202721246,-2.0280965008698546,-2.826368629325631,26.236495234054185
1767874139.5242243,1767874139524233193,Sr02_gA_IMG1_LID0_STA0_CFC64_OH0,0108_1308,A,0.49881500005722046,-0.007989288307726383,0.5,0.0,-8.542359537205376,-2.043598002564224,-2.826601505289615,26.197686408525982
1767874139.6388817,1767874139638889692,Sr02_gA_IMG1_LID0_STA0_CFC64_OH0,0108_1308,A,0.5009295344352722,-0.002850156743079424,0.5,0.0,-8.613693799600494,-2.066758715701384,-2.829155456651351,26.139483657140893
1767874139.7561889,1767874139756197243,Sr02_gA_IMG1_LID0_STA0_CFC64_OH0,0108_1308,A,0.5009295344352722,-0.002850156743079424,0.5,0.0,-8.661289380143401,-2.0820773143079125,-2.8312709371458435,26.10064857486007
1767874139.873517,1767874139873524401,Sr02_gA_IMG1_LID0_STA0_CFC64_OH0,0108_1308,A,0.4973105192184448,0.0037191985175013542,0.5,0.0,-8.708905833149302,-2.0973309390485357,-2.831509910320336,26.06180849784161
1767874139.9865515,1767874139986559472,Sr02_gA_IMG1_LID0_STA0_CFC64_OH0,0108_1308,A,0.4989120364189148,0.0034499699249863625,0.5,0.0,-8.78032099445133,-2.1202410602392106,-2.830687820648298,26.003639567331447
1767874140.1025503,1767874140102557980,Sr02_gA_IMG1_LID0_STA0_CFC64_OH0,0108_1308,A,0.4984367787837982,-0.001268728170543909,0.5,0.0,-8.827918769936685,-2.135552864838287,-2.830024163781664,25.964933769499005
1767874140.217167,1767874140217175659,Sr02_gA_IMG1_LID0_STA0_CFC64_OH0,0108_1308,A,0.4984367787837982,-0.001268728170543909,0.5,0.0,-8.875513548914567,-2.1508739810603346,-2.830530563236257,25.926272821373352
1767874140.3293724,1767874140329380521,Sr02_gA_IMG1_LID0_STA0_CFC64_OH0,0108_1308,A,0.4936617910861969,0.0032287444919347763,0.5,0.0,-8.94692230882661,-2.173804052349547,-2.831112263675314,25.86831980679882
1767874140.4465837,1767874140446591754,Sr02_gA_IMG1_LID0_STA0_CFC64_OH0,0108_1308,A,0.5042853951454163,-0.00238597858697176,0.5,0.0,-8.994533827727203,-2.1890730711143096,-2.8313972788834523,25.829721386246366
1767874140.5605829,1767874140560591920,Sr02_gA_IMG1_LID0_STA0_CFC64_OH0,0108_1308,A,0.5042853951454163,-0.00238597858697176,0.5,0.0,-9.042145636044667,-2.204341187094009,-2.8310910581119946,25.791161528784198
1767874140.6752634,1767874140675271454,Sr02_gA_IMG1_LID0_STA0_CFC64_OH0,0108_1308,A,0.49335652589797974,-0.0036353147588670254,0.5,0.0,-9.089751913613908,-2.2196265393419488,-2.8307379846332688,25.752652564417954
1767874140.7926433,1767874140792652865,Sr02_gA_IMG1_LID0_STA0_CFC64_OH0,0108_1308,A,0.4955860376358032,-0.004776042886078358,0.5,0.0,-9.161155776410904,-2.2425718581497938,-2.8307395423216963,25.694974953663838
1767874140.9077466,1767874140907754798,Sr02_gA_IMG1_LID0_STA0_CFC64_OH0,0108_1308,A,0.4955860376358032,-0.004776042886078358,0.5,0.0,-9.208760392151737,-2.25786238593153,-2.8308664149312412,25.65656870428416
1767874141.0217464,1767874141021755425,Sr02_gA_IMG1_LID0_STA0_CFC64_OH0,0108_1308,A,0.5014695525169373,0.005500921979546547,0.5,0.0,-9.256364747151249,-2.2731537250359564,-2.8306334937576105,25.61820301096633
1767874141.1434388,1767874141143446447,Sr02_gA_IMG1_LID0_STA0_CFC64_OH0,0108_1308,A,0.5008135437965393,0.0014136191457509995,0.5,0.0,-9.327767422069462,-2.296102739621642,-2.830766797108202,25.560737996867573
1767874141.2574112,1767874141257420395,Sr02_gA_IMG1_LID0_STA0_CFC64_OH0,0108_1308,A,0.5008135437965393,0.0014136191457509995,0.5,0.0,-9.375373308470778,-2.3113893105614003,-2.831005394576655,25.522469906223453
1767874141.372994,1767874141373002026,Sr02_gA_IMG1_LID0_STA0_CFC64_OH0,0108_1308,A,0.5030825734138489,0.0042970189824700356,0.5,0.0,-9.422983613532452,-2.326662113444526,-2.8313564311606876,25.484233125124888
1767874141.485502,1767874141485510287,Sr02_gA_IMG1_LID0_STA0_CFC64_OH0,0108_1308,A,0.5015766024589539,-0.0030363276600837708,0.5,0.0,-9.49441071113653,-2.3495349966376495,-2.83203861376112,25.426929851261136
1767874141.60245,1767874141602458030,Sr02_gA_IMG1_LID0_STA0_CFC64_OH0,0108_1308,A,0.503706157207489,0.006030420772731304,0.5,0.0,-9.542037819620905,-2.3647553176882234,-2.8325162172685774,25.388759709702448
1767874141.718703,1767874141718713830,Sr02_gA_IMG1_LID0_STA0_CFC64_OH0,0108_1308,A,0.503706157207489,0.006030420772731304,0.5,0.0,-9.589665862353433,-2.3799727146866103,-2.8320689033147826,25.35062872561123
1767874141.8321385,1767874141832146207,Sr02_gA_IMG1_LID0_STA0_CFC64_OH0,0108_1308,A,0.49731045961380005,-0.00258098216727376,0.5,0.0,-9.661096818558205,-2.402833548960947,-2.8317342387777393,25.29353346011492
1767874141.9463372,1767874141946350565,Sr02_gA_IMG1_LID0_STA0_CFC64_OH0,0108_1308,A,0.5012406706809998,-0.000780799426138401,0.5,0.0,-9.708714575373344,-2.4180831035357717,-2.831592877094382,25.255528119807728
1767874142.0607018,1767874142060709794,Sr02_gA_IMG1_LID0_STA0_CFC64_OH0,0108_1308,A,0.5012406706809998,-0.000780799426138401,0.5,0.0,-9.756328393808674,-2.433344949425794,-2.8311920120565115,25.217573046317142
1767874142.1765075,1767874142176515505,Sr02_gA_IMG1_LID0_STA0_CFC64_OH0,0108_1308,A,0.4982988238334656,-0.007813815958797932,0.5,0.0,-9.803939256945275,-2.4486160129661405,-2.8313489720216767,25.179666363035437
1767874142.2931294,1767874142293137291,Sr02_gA_IMG1_LID0_STA0_CFC64_OH0,0108_1308,A,0.5028247237205505,0.0011074449867010117,0.5,0.0,-9.875355531683425,-2.471522666053808,-2.8308070866670616,25.12288572047607
1767874142.4075754,1767874142407583132,Sr02_gA_IMG1_LID0_STA0_CFC64_OH0,0108_1308,A,0.5028247237205505,0.0011074449867010117,0.5,0.0,-9.922955597035077,-2.4868273511453713,-2.8302040455761186,25.08510824672548
1767874142.5230503,1767874142523060961,Sr02_gA_IMG1_LID0_STA0_CFC64_OH0,0108_1308,A,0.4989609122276306,-0.0035554831847548485,0.5,0.0,-9.970550648474807,-2.5021476237546794,-2.830289909004376,25.047384358602013
1767874142.6401904,1767874142640197969,Sr02_gA_IMG1_LID0_STA0_CFC64_OH0,0108_1308,A,0.49738776683807373,-0.0054855141788721085,0.5,0.0,-10.041948256459115,-2.5251123978791874,-2.830461035497904,24.99086851327538
1767874142.7540064,1767874142754014334,Sr02_gA_IMG1_LID0_STA0_CFC64_OH0,0108_1308,A,0.49738776683807373,-0.0054855141788721085,0.5,0.0,-10.089548238486405,-2.540417344557301,-2.830539115312823,24.95324201126016
1767874142.8702288,1767874142870239769,Sr02_gA_IMG1_LID0_STA0_CFC64_OH0,0108_1308,A,0.49858325719833374,-0.0019552521407604218,0.5,0.0,-10.137153770586261,-2.55570501524863,-2.831250160198773,24.915647052339406
1767874142.9875546,1767874142987562805,Sr02_gA_IMG1_LID0_STA0_CFC64_OH0,0108_1308,A,0.5010969638824463,-0.002534329891204834,0.5,0.0,-10.208574557288973,-2.578597601378757,-2.8313516879395886,24.859309549655535
1767874143.1046507,1767874143104658637,Sr02_gA_IMG1_LID0_STA0_CFC64_OH0,0108_1308,A,0.501112699508667,-0.022700965404510498,0.5,0.0,-10.256186710629358,-2.593864642177479,-2.8312409436220647,24.821809769699602
1767874143.2201192,1767874143220127371,Sr02_gA_IMG1_LID0_STA0_CFC64_OH0,0108_1308,A,0.501112699508667,-0.022700965404510498,0.5,0.0,-10.303800055986146,-2.609127964302047,-2.8315498585855203,24.784351532554204
1767874143.3313584,1767874143331366785,Sr02_gA_IMG1_LID0_STA0_CFC64_OH0,0108_1308,A,0.4954407215118408,0.0046536242589354515,0.5,0.0,-10.351419510212452,-2.6243722159509457,-2.832040506794383,24.746924328213773
1767874143.4498599,1767874143449869064,Sr02_gA_IMG1_LID0_STA0_CFC64_OH0,0108_1308,A,0.49639347195625305,1.2093223631381989e-05,0.5,0.0,-10.422864154529208,-2.647190230058943,-2.832863332575228,24.69083323795408
1767874143.5652065,1767874143565216612,Sr02_gA_IMG1_LID0_STA0_CFC64_OH0,0108_1308,A,0.49639347195625305,1.2093223631381989e-05,0.5,0.0,-10.470502167437395,-2.6623763882419187,-2.833094162733484,24.653476979416784
1767874143.6782246,1767874143678232033,Sr02_gA_IMG1_LID0_STA0_CFC64_OH0,0108_1308,A,0.4993949830532074,-0.008780905976891518,0.5,0.0,-10.51814345668529,-2.677552264791185,-2.8333360133289567,24.616158402169507
1767874143.7956471,1767874143795663392,Sr02_gA_IMG1_LID0_STA0_CFC64_OH0,0108_1308,A,0.5020334124565125,-0.0056249285116791725,0.5,0.0,-10.589631020292302,-2.700235375995632,-2.83593447303754,24.56020860292184
1767874143.9098094,1767874143909818282,Sr02_gA_IMG1_LID0_STA0_CFC64_OH0,0108_1308,A,0.5020334124565125,-0.0056249285116791725,0.5,0.0,-10.63733050920784,-2.715227286027186,-2.8382045658650457,24.522874239402462
1767874144.0285618,1767874144028571601,Sr02_gA_IMG1_LID0_STA0_CFC64_OH0,0108_1308,A,0.4996066093444824,-0.0010973424650728703,0.5,0.0,-10.685050871815024,-2.7301526551602042,-2.838286316029757,24.485538585754554
1767874144.1442223,1767874144144230191,Sr02_gA_IMG1_LID0_STA0_CFC64_OH0,0108_1308,A,0.5037233829498291,0.00014869961887598038,0.5,0.0,-10.75662460246283,-2.7525624825014665,-2.8381452527949214,24.429635219592193
1767874144.256325,1767874144256333059,Sr02_gA_IMG1_LID0_STA0_CFC64_OH0,0108_1308,A,0.5038533210754395,2.4197623133659363e-05,0.5,0.0,-10.804340192287256,-2.7675031039982607,-2.838144043474539,24.3924237598891
1767874144.3733993,1767874144373409437,Sr02_gA_IMG1_LID0_STA0_CFC64_OH0,0108_1308,A,0.5038533210754395,2.4197623133659363e-05,0.5,0.0,-10.852061080095,-2.7824267897840214,-2.838934196059509,24.35524621748921
1767874144.4883618,1767874144488369973,Sr02_gA_IMG1_LID0_STA0_CFC64_OH0,0108_1308,A,0.5003038644790649,0.009495802223682404,0.5,0.0,-10.92366346095272,-2.8047448982794347,-2.839872615540249,24.299518809865862
1767874144.6020505,1767874144602058784,Sr02_gA_IMG1_LID0_STA0_CFC64_OH0,0108_1308,A,0.5024216175079346,0.0027031218633055687,0.5,0.0,-10.971408972711385,-2.819589618686713,-2.8404351074714187,24.262400994608885
1767874144.7202504,1767874144720259532,Sr02_gA_IMG1_LID0_STA0_CFC64_OH0,0108_1308,A,0.5024216175079346,0.0027031218633055687,0.5,0.0,-11.019160109684337,-2.834416236562515,-2.84059012078934,24.22531677775647
1767874144.836735,1767874144836742171,Sr02_gA_IMG1_LID0_STA0_CFC64_OH0,0108_1308,A,0.49972420930862427,0.008035751059651375,0.5,0.0,-11.066912454468463,-2.8492389640599223,-2.8406126330065358,24.188276322669463
1767874144.9528391,1767874144952846524,Sr02_gA_IMG1_LID0_STA0_CFC64_OH0,0108_1308,A,0.5023328065872192,0.009053880348801613,0.5,0.0,-11.138540794696908,-2.8714736253512925,-2.840604023202171,24.13280368274532
1767874145.0654078,1767874145065415704,Sr02_gA_IMG1_LID0_STA0_CFC64_OH0,0108_1308,A,0.5023328065872192,0.009053880348801613,0.5,0.0,-11.18629296683753,-2.8862969090244683,-2.8406016034438153,24.095880789168852
1767874145.1794982,1767874145179507118,Sr02_gA_IMG1_LID0_STA0_CFC64_OH0,0108_1308,A,0.5007403492927551,-0.005964486859738827,0.5,0.0,-11.234040606687095,-2.901134780098245,-2.839841463804154,24.059015468615115
1767874145.2894123,1767874145289419527,Sr02_gA_IMG1_LID0_STA0_CFC64_OH0,0108_1308,A,0.49763408303260803,-0.0022164294496178627,0.5,0.0,-11.305643302575511,-2.9234518833479215,-2.8392322109128214,24.00384942043132
1767874145.4025338,1767874145402542602,Sr02_gA_IMG1_LID0_STA0_CFC64_OH0,0108_1308,A,0.49763408303260803,-0.0022164294496178627,0.5,0.0,-11.353373100162719,-2.9383470533728198,-2.838961899168612,23.967144069197726
1767874145.5204213,1767874145520436679,Sr02_gA_IMG1_LID0_STA0_CFC64_OH0,0108_1308,A,0.49906009435653687,-0.0057947831228375435,0.5,0.0,-11.401096324068455,-2.9532632682268103,-2.8382649818668333,23.93050189720697
1767874145.636009,1767874145636016744,Sr02_gA_IMG1_LID0_STA0_CFC64_OH0,0108_1308,A,0.4996560513973236,-0.0019014356657862663,0.5,0.0,-11.44880733234212,-2.9682185084402026,-2.8373901399206245,23.893936062013687
1767874145.7553499,1767874145755358666,Sr02_gA_IMG1_LID0_STA0_CFC64_OH0,0108_1308,A,0.4996560513973236,-0.0019014356657862663,0.5,0.0,-11.520348510897628,-2.9907320197838683,-2.836032060089658,23.839236647792145
1767874145.8701046,1767874145870112297,Sr02_gA_IMG1_LID0_STA0_CFC64_OH0,0108_1308,A,0.4987134337425232,-0.005293847993016243,0.5,0.0,-11.568034769227841,-3.0057659941005737,-2.8364783128816904,23.80284978368947
1767874145.9868464,1767874145986853661,Sr02_gA_IMG1_LID0_STA0_CFC64_OH0,0108_1308,A,0.4983711242675781,0.003045635297894478,0.5,0.0,-11.615728073746727,-3.020777602026293,-2.8367749193575316,23.766496284234435
1767874146.100804,1767874146100811908,Sr02_gA_IMG1_LID0_STA0_CFC64_OH0,0108_1308,A,0.5009944438934326,-0.0026948279701173306,0.5,0.0,-11.687274434840774,-3.043274656259479,-2.8371073832312996,23.7120445227803
1767874146.2145772,1767874146214585711,Sr02_gA_IMG1_LID0_STA0_CFC64_OH0,0108_1308,A,0.5009944438934326,-0.0026948279701173306,0.5,0.0,-11.734978842122633,-3.058250942142375,-2.837686857857644,23.675790050216886
1767874146.3308375,1767874146330845377,Sr02_gA_IMG1_LID0_STA0_CFC64_OH0,0108_1308,A,0.5024378895759583,0.00453038327395916,0.5,0.0,-11.78269005762457,-3.0732055262827456,-2.8379548709140883,23.639570035563835
1767874146.4456787,1767874146445687124,Sr02_gA_IMG1_LID0_STA0_CFC64_OH0,0108_1308,A,0.49548444151878357,-0.007745768874883652,0.5,0.0,-11.854262384920494,-3.0956198345278367,-2.8382400857975725,23.585321738116313
1767874146.562688,1767874146562696220,Sr02_gA_IMG1_LID0_STA0_CFC64_OH0,0108_1308,A,0.49548444151878357,-0.007745768874883652,0.5,0.0,-11.90198335161783,-3.110543271196886,-2.8387694671351444,23.549205384338148
1767874146.6795378,1767874146679546610,Sr02_gA_IMG1_LID0_STA0_CFC64_OH0,0108_1308,A,0.4986959397792816,-0.002080412581562996,0.5,0.0,-11.949708234891576,-3.125454179533042,-2.8386316998776553,23.513130781680456
1767874146.797131,1767874146797139095,Sr02_gA_IMG1_LID0_STA0_CFC64_OH0,0108_1308,A,0.498555988073349,-0.0014432272873818874,0.5,0.0,-12.02129358028671,-3.147826876266938,-2.8388637054032833,23.459119288948003
1767874146.911809,1767874146911816576,Sr02_gA_IMG1_LID0_STA0_CFC64_OH0,0108_1308,A,0.498555988073349,-0.0014432272873818874,0.5,0.0,-12.0690219088527,-3.1627267527814094,-2.8391331877595407,23.423164734131472
1767874147.030404,1767874147030412716,Sr02_gA_IMG1_LID0_STA0_CFC64_OH0,0108_1308,A,0.49868956208229065,0.004991644062101841,0.5,0.0,-12.116749892486478,-3.177627733354669,-2.8387524076960813,23.387262606026333
1767874147.14682,1767874147146827434,Sr02_gA_IMG1_LID0_STA0_CFC64_OH0,0108_1308,A,0.49765899777412415,0.001786581240594387,0.5,0.0,-12.188344744720025,-3.1999699774484016,-2.8396687390919175,23.333499984069615
1767874147.2627933,1767874147262800907,Sr02_gA_IMG1_LID0_STA0_CFC64_OH0,0108_1308,A,0.5001944303512573,-0.0010660365223884583,0.5,0.0,-12.236088803358703,-3.2148193687723783,-2.840443314712536,23.297690187398057
1767874147.3811302,1767874147381140229,Sr02_gA_IMG1_LID0_STA0_CFC64_OH0,0108_1308,A,0.5001944303512573,-0.0010660365223884583,0.5,0.0,-12.283840950883317,-3.229642731388621,-2.8407080134357874,23.26191367455815
1767874147.4943845,1767874147494392800,Sr02_gA_IMG1_LID0_STA0_CFC64_OH0,0108_1308,A,0.4983680546283722,-0.011259014718234539,0.5,0.0,-12.355474217469586,-3.2518615158289976,-2.8409372413474774,23.20833554440171
1767874147.6097507,1767874147609759470,Sr02_gA_IMG1_LID0_STA0_CFC64_OH0,0108_1308,A,0.49723440408706665,-0.007164579816162586,0.5,0.0,-12.403232412609484,-3.266665382743713,-2.841081563840166,23.172676468030527
1767874147.7245767,1767874147724585079,Sr02_gA_IMG1_LID0_STA0_CFC64_OH0,0108_1308,A,0.49723440408706665,-0.007164579816162586,0.5,0.0,-12.450988885532919,-3.281474803007641,-2.8406467537825493,23.137074570948954
1767874147.84246,1767874147842469872,Sr02_gA_IMG1_LID0_STA0_CFC64_OH0,0108_1308,A,0.500022292137146,-0.009186332114040852,0.5,0.0,-12.49873952932378,-3.2963030089259697,-2.840403992346738,23.101539870533447
1767874147.957288,1767874147957296212,Sr02_gA_IMG1_LID0_STA0_CFC64_OH0,0108_1308,A,0.4990313947200775,-0.018881622701883316,0.5,0.0,-12.570362943911562,-3.3185535316967107,-2.8404497908567565,23.04834454386442
1767874148.071446,1767874148071454416,Sr02_gA_IMG1_LID0_STA0_CFC64_OH0,0108_1308,A,0.4990313947200775,-0.018881622701883316,0.5,0.0,-12.618113637603004,-3.3333815771703694,-2.8405563943346404,23.01294430165606
1767874148.1868496,1767874148186858447,Sr02_gA_IMG1_LID0_STA0_CFC64_OH0,0108_1308,A,0.49848461151123047,-0.007593550719320774,0.5,0.0,-12.665870741912988,-3.348188955413735,-2.8414784269350766,22.977583010256577
1767874148.3043418,1767874148304348625,Sr02_gA_IMG1_LID0_STA0_CFC64_OH0,0108_1308,A,0.4977490305900574,-0.0017332900315523148,0.5,0.0,-12.73753348236639,-3.370312478118457,-2.8427168924107638,22.924578329593018
1767874148.4168687,1767874148416876644,Sr02_gA_IMG1_LID0_STA0_CFC64_OH0,0108_1308,A,0.5013383030891418,-0.006263673771172762,0.5,0.0,-12.785322155224888,-3.3850176582421776,-2.843433349220552,22.889277685491223
1767874148.5302207,1767874148530228742,Sr02_gA_IMG1_LID0_STA0_CFC64_OH0,0108_1308,A,0.5013383030891418,-0.006263673771172762,0.5,0.0,-12.83312229989388,-3.3996855035019737,-2.8443115444026392,22.85400419213105
1767874148.6439776,1767874148643986017,Sr02_gA_IMG1_LID0_STA0_CFC64_OH0,0108_1308,A,0.5000537037849426,-0.0014833072200417519,0.5,0.0,-12.880939307835746,-3.4142982664113526,-2.8459088379247293,22.818744835860628
1767874148.7635667,1767874148763575326,Sr02_gA_IMG1_LID0_STA0_CFC64_OH0,0108_1308,A,0.5015329122543335,-0.006875196937471628,0.5,0.0,-12.952715388965164,-3.4360511904456312,-2.848741076696677,22.765835894819272
1767874148.8804767,1767874148880484288,Sr02_gA_IMG1_LID0_STA0_CFC64_OH0,0108_1308,A,0.5015329122543335,-0.006875196937471628,0.5,0.0,-13.000593635591304,-3.450462056209565,-2.849613319699382,22.73056475907681
1767874148.9956744,1767874148995682275,Sr02_gA_IMG1_LID0_STA0_CFC64_OH0,0108_1308,A,0.4969083070755005,-0.0013941312208771706,0.5,0.0,-13.048480829310227,-3.4648431667173565,-2.849962460435914,22.695326894616038
1767874149.1126478,1767874149112654857,Sr02_gA_IMG1_LID0_STA0_CFC64_OH0,0108_1308,A,0.5001583695411682,-0.0028867414221167564,0.5,0.0,-13.120320795906432,-3.4863842475658067,-2.850720791445614,22.642551577370586
1767874149.2303407,1767874149230348988,Sr02_gA_IMG1_LID0_STA0_CFC64_OH0,0108_1308,A,0.5001583695411682,-0.0028867414221167564,0.5,0.0,-13.16822499061015,-3.5007086229809388,-2.8513471577982568,22.607410796298474
1767874149.3447967,1767874149344804940,Sr02_gA_IMG1_LID0_STA0_CFC64_OH0,0108_1308,A,0.4959835708141327,0.0022984882816672325,0.5,0.0,-13.216135961767527,-3.515010319275513,-2.8515910991101086,22.57230918898491
1767874149.4552855,1767874149455291728,Sr02_gA_IMG1_LID0_STA0_CFC64_OH0,0108_1308,A,0.5002466440200806,-0.00490995729342103,0.5,0.0,-13.288011258075647,-3.536433220274196,-2.8524066976023033,22.519740250512452
1767874149.570494,1767874149570501387,Sr02_gA_IMG1_LID0_STA0_CFC64_OH0,0108_1308,A,0.49446991086006165,-0.0045005930587649345,0.5,0.0,-13.335939969572927,-3.5506753478793813,-2.8530942161715434,22.484735302581853
1767874149.687096,1767874149687106884,Sr02_gA_IMG1_LID0_STA0_CFC64_OH0,0108_1308,A,0.49446991086006165,-0.0045005930587649345,0.5,0.0,-13.383875969431575,-3.5648929282500115,-2.8533432543946122,22.449768809810955
1767874149.8031013,1767874149803111710,Sr02_gA_IMG1_LID0_STA0_CFC64_OH0,0108_1308,A,0.5031492114067078,0.004609535448253155,0.5,0.0,-13.455785200855471,-3.5862016506269936,-2.85371655944731,22.397412807040688
1767874149.9194694,1767874149919478591,Sr02_gA_IMG1_LID0_STA0_CFC64_OH0,0108_1308,A,0.4988560676574707,0.0005604317411780357,0.5,0.0,-13.503729698597295,-3.6003905477631566,-2.8540052331173853,22.362567783126448
1767874150.0340226,1767874150034032997,Sr02_gA_IMG1_LID0_STA0_CFC64_OH0,0108_1308,A,0.4988560676574707,0.0005604317411780357,0.5,0.0,-13.55167593775343,-3.6145735596620407,-2.853879093057212,22.327775936119547
1767874150.1455257,1767874150145533420,Sr02_gA_IMG1_LID0_STA0_CFC64_OH0,0108_1308,A,0.5036097168922424,0.002940739504992962,0.5,0.0,-13.623596761551354,-3.6358431200651444,-2.854395233507698,22.275692985222612
1767874150.2626674,1767874150262675692,Sr02_gA_IMG1_LID0_STA0_CFC64_OH0,0108_1308,A,0.49552521109580994,-0.004488471429795027,0.5,0.0,-13.671552019804894,-3.6499956055937903,-2.854845292164675,22.241023291016695
1767874150.3776207,1767874150377629154,Sr02_gA_IMG1_LID0_STA0_CFC64_OH0,0108_1308,A,0.49552521109580994,-0.004488471429795027,0.5,0.0,-13.719513642648806,-3.6641265070144877,-2.85529535073444,22.206395799919946
1767874150.4943087,1767874150494316105,Sr02_gA_IMG1_LID0_STA0_CFC64_OH0,0108_1308,A,0.49843108654022217,-0.0006500855088233948,0.5,0.0,-13.76747847027182,-3.678246527316285,-2.8551077083219227,22.171818783024406
1767874150.6088214,1767874150608828554,Sr02_gA_IMG1_LID0_STA0_CFC64_OH0,0108_1308,A,0.49875929951667786,-0.004054149612784386,0.5,0.0,-13.83941783043039,-3.6994533121815634,-2.8548616767173836,22.120084040637312
1767874150.7245185,1767874150724526819,Sr02_gA_IMG1_LID0_STA0_CFC64_OH0,0108_1308,A,0.49875929951667786,-0.004054149612784386,0.5,0.0,-13.887376108021883,-3.7135955642224676,-2.8548056336349243,22.08567170803478
1767874150.8389142,1767874150838931977,Sr02_gA_IMG1_LID0_STA0_CFC64_OH0,0108_1308,A,0.5011675357818604,0.01642431877553463,0.5,0.0,-13.935332515285747,-3.727744156734798,-2.8545591680641684,22.051323852436067
1767874150.953157,1767874150953164133,Sr02_gA_IMG1_LID0_STA0_CFC64_OH0,0108_1308,A,0.4984802305698395,-0.005397657863795757,0.5,0.0,-14.007266993115916,-3.7489674936698583,-2.8550095560291644,21.999914930240482
1767874151.0672722,1767874151067280162,Sr02_gA_IMG1_LID0_STA0_CFC64_OH0,0108_1308,A,0.4984802305698395,-0.005397657863795757,0.5,0.0,-14.055230927951902,-3.7630905456091335,-2.855458402438013,21.9656980761802
1767874151.1840403,1767874151184050411,Sr02_gA_IMG1_LID0_STA0_CFC64_OH0,0108_1308,A,0.49761688709259033,-0.005441069602966309,0.5,0.0,-14.103199004739068,-3.7771995247050594,-2.8555617976161076,21.93153110881521
1767874151.2984614,1767874151298470098,Sr02_gA_IMG1_LID0_STA0_CFC64_OH0,0108_1308,A,0.4979170560836792,0.0020640185102820396,0.5,0.0,-14.151169201713282,-3.791301292727114,-2.85586508755378,21.897419498885995
1767874151.4150584,1767874151415067053,Sr02_gA_IMG1_LID0_STA0_CFC64_OH0,0108_1308,A,0.5049585103988647,0.015936126932501793,0.5,0.0,-14.22313488316104,-3.812418579653663,-2.85647320900073,21.846339756857724
1767874151.5329964,1767874151533004511,Sr02_gA_IMG1_LID0_STA0_CFC64_OH0,0108_1308,A,0.5049585103988647,0.015936126932501793,0.5,0.0,-14.271107455757281,-3.826512246169216,-2.855035579828434,21.81237525649042
1767874151.652029,1767874151652035923,Sr02_gA_IMG1_LID0_STA0_CFC64_OH0,0108_1308,A,0.4994700253009796,0.005358156748116016,0.5,0.0,-14.319066850091641,-3.8406507093452427,-2.8551388892155956,21.778506938727926
1767874151.767048,1767874151767060370,Sr02_gA_IMG1_LID0_STA0_CFC64_OH0,0108_1308,A,0.4920249581336975,-0.006074805743992329,0.5,0.0,-14.391019309109847,-3.8618130017703596,-2.85594853657032,21.72778629909886
1767874151.880662,1767874151880668932,Sr02_gA_IMG1_LID0_STA0_CFC64_OH0,0108_1308,A,0.4920249581336975,-0.006074805743992329,0.5,0.0,-14.43899715435942,-3.875888725073979,-2.856492642607469,21.69402571608914
1767874151.9973302,1767874151997338573,Sr02_gA_IMG1_LID0_STA0_CFC64_OH0,0108_1308,A,0.4976675510406494,-0.0007277494296431541,0.5,0.0,-14.486979276218937,-3.889949865129524,-2.856436348353479,21.660316696102583
1767874152.1098292,1767874152109836642,Sr02_gA_IMG1_LID0_STA0_CFC64_OH0,0108_1308,A,0.5033347010612488,-0.0038711861707270145,0.5,0.0,-14.558933245941482,-3.9111069745613287,-2.854462106410476,21.609922019897496
1767874152.2257779,1767874152225785959,Sr02_gA_IMG1_LID0_STA0_CFC64_OH0,0108_1308,A,0.5033347010612488,-0.0038711861707270145,0.5,0.0,-14.606874962582447,-3.9253052476725663,-2.852868496323714,21.576477493927616
1767874152.3436723,1767874152343680388,Sr02_gA_IMG1_LID0_STA0_CFC64_OH0,0108_1308,A,0.5022913813591003,0.01307998038828373,0.5,0.0,-14.65479882511055,-3.9395636835064707,-2.8521211143736207,21.543143875832623
1767874152.4554355,1767874152455443215,Sr02_gA_IMG1_LID0_STA0_CFC64_OH0,0108_1308,A,0.49928030371665955,-0.0013004345819354057,0.5,0.0,-14.726681577432911,-3.96096155561159,-2.8526893366822583,21.493272581218616
1767874152.5681562,1767874152568164662,Sr02_gA_IMG1_LID0_STA0_CFC64_OH0,0108_1308,A,0.5004798173904419,-0.005767591297626495,0.5,0.0,-14.774613743145562,-3.9751920544150257,-2.8532968162630836,21.460079142520225
1767874152.6797934,1767874152679801052,Sr02_gA_IMG1_LID0_STA0_CFC64_OH0,0108_1308,A,0.5004798173904419,-0.005767591297626495,0.5,0.0,-14.82255146900961,-3.989403814344916,-2.853423065654233,21.426936308353184
1767874152.7920759,1767874152792083809,Sr02_gA_IMG1_LID0_STA0_CFC64_OH0,0108_1308,A,0.49698856472969055,-0.002897240687161684,0.5,0.0,-14.870491360870563,-4.003608265383477,-2.8537158782851475,21.393853265700912
1767874152.9089756,1767874152908982599,Sr02_gA_IMG1_LID0_STA0_CFC64_OH0,0108_1308,A,0.5038148760795593,0.008887525647878647,0.5,0.0,-14.94241119886903,-4.024881159661025,-2.8542965552607096,21.34432567729177
1767874153.0243115,1767874153024319612,Sr02_gA_IMG1_LID0_STA0_CFC64_OH0,0108_1308,A,0.5038148760795593,0.008887525647878647,0.5,0.0,-14.990354880591218,-4.0390728027456655,-2.853158083720472,21.31139760536951
1767874153.135623,1767874153135630967,Sr02_gA_IMG1_LID0_STA0_CFC64_OH0,0108_1308,A,0.4980098307132721,-0.0020297756418585777,0.5,0.0,-15.038286636741367,-4.053304683433654,-2.8530005081335963,21.278567731752684
1767874153.2509773,1767874153250985083,Sr02_gA_IMG1_LID0_STA0_CFC64_OH0,0108_1308,A,0.4986436367034912,-0.005376108922064304,0.5,0.0,-15.086221390397858,-4.067526463392997,-2.8534432484195005,21.245796834314305
1767874153.3660614,1767874153366071439,Sr02_gA_IMG1_LID0_STA0_CFC64_OH0,0108_1308,A,0.4986436367034912,-0.005376108922064304,0.5,0.0,-15.158138452573207,-4.088808735451261,-2.854308385698677,21.1967268253653
1767874153.48114,1767874153481148077,Sr02_gA_IMG1_LID0_STA0_CFC64_OH0,0108_1308,A,0.5001972317695618,0.008340887725353241,0.5,0.0,-15.20609173284255,-4.102967922431181,-2.854626814949054,21.164075013370695
1767874153.5941029,1767874153594112750,Sr02_gA_IMG1_LID0_STA0_CFC64_OH0,0108_1308,A,0.5003588795661926,0.0006976723670959473,0.5,0.0,-15.254043794965861,-4.1171312304592895,-2.8539737677965022,21.131494318437305
1767874153.707898,1767874153707905340,Sr02_gA_IMG1_LID0_STA0_CFC64_OH0,0108_1308,A,0.5003588795661926,0.0006976723670959473,0.5,0.0,-15.325948741065256,-4.138454391108123,-2.8526406411300993,21.082813293294105
1767874153.821572,1767874153821580099,Sr02_gA_IMG1_LID0_STA0_CFC64_OH0,0108_1308,A,0.5053701400756836,-0.010053730569779873,0.5,0.0,-15.373877334715838,-4.15269691844231,-2.8528436100083865,21.05046673974964
1767874153.9353998,1767874153935407543,Sr02_gA_IMG1_LID0_STA0_CFC64_OH0,0108_1308,A,0.4937366545200348,0.022069288417696953,0.5,0.0,-15.421810341635334,-4.166924584362386,-2.8533142909045996,21.018177503144514
1767874154.0522165,1767874154052224232,Sr02_gA_IMG1_LID0_STA0_CFC64_OH0,0108_1308,A,0.4937366545200348,0.022069288417696953,0.5,0.0,-15.469750895435284,-4.181126799828402,-2.85385190091741,20.985937402957568
1767874154.163305,1767874154163313444,Sr02_gA_IMG1_LID0_STA0_CFC64_OH0,0108_1308,A,0.4997284710407257,-0.07984510064125061,0.5,0.0,-15.541666298909236,-4.202414676701548,-2.8532866290117918,20.937695700809716
1767874154.2830184,1767874154283027656,Sr02_gA_IMG1_LID0_STA0_CFC64_OH0,0108_1308,A,0.5002095699310303,-0.005048931576311588,0.5,0.0,-15.589601112146115,-4.216636257509178,-2.853140424012107,20.90564595893277
1767874154.3962045,1767874154396213043,Sr02_gA_IMG1_LID0_STA0_CFC64_OH0,0108_1308,A,0.5002095699310303,-0.005048931576311588,0.5,0.0,-15.637534878701894,-4.23086136579658,-2.8530706568894284,20.873669606379217
1767874154.512874,1767874154512882899,Sr02_gA_IMG1_LID0_STA0_CFC64_OH0,0108_1308,A,0.4774957299232483,0.004281914792954922,0.5,0.0,-15.709444667113411,-4.252168189936011,-2.854256164220783,20.82581330769742
1767874154.6273699,1767874154627377010,Sr02_gA_IMG1_LID0_STA0_CFC64_OH0,0108_1308,A,0.5062812566757202,-0.008935701102018356,0.5,0.0,-15.757379095093505,-4.266391033639806,-2.852049263569128,20.79401294353945
1767874154.7454734,1767874154745483509,Sr02_gA_IMG1_LID0_STA0_CFC64_OH0,0108_1308,A,0.5020291209220886,0.009689504280686378,0.5,0.0,-15.805282017638401,-4.2807196302137775,-2.849842338337041,20.762369708073805
1767874154.8600209,1767874154860028326,Sr02_gA_IMG1_LID0_STA0_CFC64_OH0,0108_1308,A,0.5020291209220886,0.009689504280686378,0.5,0.0,-15.877093184646661,-4.302097418497733,-2.857248856164826,20.71501134614282
1767874154.9757488,1767874154975757174,Sr02_gA_IMG1_LID0_STA0_CFC64_OH0,0108_1308,A,0.49781763553619385,-0.009136847220361233,0.5,0.0,-15.925070970112227,-4.316102916463895,-2.857824367520431,20.683304905887322
1767874155.0916724,1767874155091679614,Sr02_gA_IMG1_LID0_STA0_CFC64_OH0,0108_1308,A,0.48681434988975525,-0.0064324429258704185,0.5,0.0,-15.973074860470664,-4.330089557960065,-2.8583292598524075,20.651638552440126
1767874155.2059846,1767874155205991728,Sr02_gA_IMG1_LID0_STA0_CFC64_OH0,0108_1308,A,0.48681434988975525,-0.0064324429258704185,0.5,0.0,-16.021081635666732,-4.344066295513685,-2.8580876928353334,20.620036809212387
1767874155.319382,1767874155319389423,Sr02_gA_IMG1_LID0_STA0_CFC64_OH0,0108_1308,A,0.4985748827457428,-0.0016019870527088642,0.5,0.0,-16.093092142021227,-4.3650302107961245,-2.858899331923442,20.572770064194433
1767874155.4347816,1767874155434790149,Sr02_gA_IMG1_LID0_STA0_CFC64_OH0,0108_1308,A,0.49773913621902466,0.0030070804059505463,0.5,0.0,-16.14110322786925,-4.378992128351525,-2.85811664908124,20.54133923806605
1767874155.5511153,1767874155551122797,Sr02_gA_IMG1_LID0_STA0_CFC64_OH0,0108_1308,A,0.49773913621902466,0.0030070804059505463,0.5,0.0,-16.18910089310783,-4.393000112468194,-2.8571477002381185,20.51001955353341
1767874155.6686451,1767874155668652861,Sr02_gA_IMG1_LID0_STA0_CFC64_OH0,0108_1308,A,0.4980162978172302,0.00023680739104747772,0.5,0.0,-16.261087888786324,-4.414044619315935,-2.857765157845268,20.463205720279525
1767874155.7838953,1767874155783904820,Sr02_gA_IMG1_LID0_STA0_CFC64_OH0,0108_1308,A,0.5020847916603088,0.01357463002204895,0.5,0.0,-16.30909191823924,-4.428030782232262,-2.8584084031551784,20.432054362612583
1767874155.9018939,1767874155901902327,Sr02_gA_IMG1_LID0_STA0_CFC64_OH0,0108_1308,A,0.5016395449638367,0.0020348262041807175,0.5,0.0,-16.35710493426723,-4.441986063980829,-2.859051646395704,20.400952773183963
1767874156.0188887,1767874156018897082,Sr02_gA_IMG1_LID0_STA0_CFC64_OH0,0108_1308,A,0.5016395449638367,0.0020348262041807175,0.5,0.0,-16.42913642515634,-4.462877774213167,-2.859436861196029,20.354407879927134
1767874156.1340907,1767874156134098477,Sr02_gA_IMG1_LID0_STA0_CFC64_OH0,0108_1308,A,0.5068264603614807,0.18765796720981598,0.5,0.0,-16.47715720031452,-4.476806335425678,-2.8591361571741167,20.323473111197913
1767874156.2475739,1767874156247582385,Sr02_gA_IMG1_LID0_STA0_CFC64_OH0,0108_1308,A,0.5014594197273254,0.012936525046825409,0.5,0.0,-16.525173784881765,-4.490749336202605,-2.8588354496253445,20.292626222684234
1767874156.3590775,1767874156359084541,Sr02_gA_IMG1_LID0_STA0_CFC64_OH0,0108_1308,A,0.5014594197273254,0.012936525046825409,0.5,0.0,-16.597193486366542,-4.51168165278058,-2.8585834477568577,20.2465139382013
1767874156.4715958,1767874156471603376,Sr02_gA_IMG1_LID0_STA0_CFC64_OH0,0108_1308,A,0.48420456051826477,-0.03030814230442047,0.5,0.0,-16.64519496582561,-4.525676554312436,-2.857225989816429,20.215901539070764
1767874156.5904002,1767874156590408173,Sr02_gA_IMG1_LID0_STA0_CFC64_OH0,0108_1308,A,0.49077385663986206,-0.007984569296240807,0.5,0.0,-16.693183972882167,-4.539714177761187,-2.8569071008492273,20.185401845038314
1767874156.7048388,1767874156704848276,Sr02_gA_IMG1_LID0_STA0_CFC64_OH0,0108_1308,A,0.49077385663986206,-0.007984569296240807,0.5,0.0,-16.7411700414998,-4.553761842797999,-2.8567036185615295,20.154988346165858
1767874156.8200357,1767874156820046507,Sr02_gA_IMG1_LID0_STA0_CFC64_OH0,0108_1308,A,0.4835043251514435,0.01690259389579296,0.5,0.0,-16.812827622157847,-4.575108278787199,-2.8410966061074663,20.10993692078887
1767874156.9319296,1767874156931937559,Sr02_gA_IMG1_LID0_STA0_CFC64_OH0,0108_1308,A,0.4541184902191162,0.03138149157166481,0.5,0.0,-16.860367591889432,-4.590098754856684,-2.8344204249065172,20.08063971484659
1767874157.0440075,1767874157044014920,Sr02_gA_IMG1_LID0_STA0_CFC64_OH0,0108_1308,A,0.4541184902191162,0.03138149157166481,0.5,0.0,-16.908017416588354,-4.605247799063651,-2.833126774392588,20.05143022407069
1767874157.1604207,1767874157160428892,Sr02_gA_IMG1_LID0_STA0_CFC64_OH0,0108_1308,A,0.49170544743537903,0.15731608867645264,0.5,0.0,-16.955652292749704,-4.620406163759086,-2.8348075043418346,20.022320535166084
1767874157.277493,1767874157277501305,Sr02_gA_IMG1_LID0_STA0_CFC64_OH0,0108_1308,A,0.5041772723197937,0.005688064731657505,0.5,0.0,-17.027185024123064,-4.6429464698373115,-2.837121381678489,19.978628130592355
1767874157.3901088,1767874157390116401,Sr02_gA_IMG1_LID0_STA0_CFC64_OH0,0108_1308,A,0.5041772723197937,0.005688064731657505,0.5,0.0,-17.07489127986469,-4.657916864397328,-2.8379198373022194,19.94955511498786
1767874157.5064912,1767874157506498934,Sr02_gA_IMG1_LID0_STA0_CFC64_OH0,0108_1308,A,0.5003864169120789,0.0012880051508545876,0.5,0.0,-17.122600358334935,-4.672878254384386,-2.8369762133930245,19.920557474891815
1767874157.625062,1767874157625070337,Sr02_gA_IMG1_LID0_STA0_CFC64_OH0,0108_1308,A,0.5014399886131287,-0.0025656968355178833,0.5,0.0,-17.194105677301444,-4.6955052251625755,-2.8328481633978435,19.87737608299739
1767874157.7392612,1767874157739270384,Sr02_gA_IMG1_LID0_STA0_CFC64_OH0,0108_1308,A,0.498805969953537,-0.0014546657912433147,0.5,0.0,-17.241717548153197,-4.710773079791312,-2.8297100193733726,19.84885154493432
1767874157.8566031,1767874157856612460,Sr02_gA_IMG1_LID0_STA0_CFC64_OH0,0108_1308,A,0.498805969953537,-0.0014546657912433147,0.5,0.0,-17.28914367179289,-4.726286087548818,-2.818547133523894,19.820708852837612
1767874157.971886,1767874157971893807,Sr02_gA_IMG1_LID0_STA0_CFC64_OH0,0108_1308,A,0.500011146068573,0.01025339774787426,0.5,0.0,-17.360002317228897,-4.750511525251239,-2.8104916080726072,19.779463277424824
1767874158.0895526,1767874158089561353,Sr02_gA_IMG1_LID0_STA0_CFC64_OH0,0108_1308,A,0.49594560265541077,0.00407830998301506,0.5,0.0,-17.40728193813715,-4.7667791944869204,-2.809922802528631,19.75211626641188
1767874158.2046292,1767874158204637498,Sr02_gA_IMG1_LID0_STA0_CFC64_OH0,0108_1308,A,0.49594560265541077,0.00407830998301506,0.5,0.0,-17.454555201783176,-4.783065330397352,-2.809749998333474,19.724874470528714
1767874158.3175125,1767874158317521939,Sr02_gA_IMG1_LID0_STA0_CFC64_OH0,0108_1308,A,0.5036401748657227,-0.005196447484195232,0.5,0.0,-17.52546562889429,-4.8074929901614825,-2.8100192384099456,19.684177850198523
1767874158.4356685,1767874158435677336,Sr02_gA_IMG1_LID0_STA0_CFC64_OH0,0108_1308,A,0.49789103865623474,0.005842709913849831,0.5,0.0,-17.572743375513298,-4.823766107664279,-2.8101647056013075,19.65714826132756
1767874158.5515208,1767874158551528900,Sr02_gA_IMG1_LID0_STA0_CFC64_OH0,0108_1308,A,0.49789103865623474,0.005842709913849831,0.5,0.0,-17.620023488823865,-4.840032347670418,-2.810310171942499,19.63020267804504
1767874158.6670396,1767874158667050518,Sr02_gA_IMG1_LID0_STA0_CFC64_OH0,0108_1308,A,0.49854564666748047,-0.0072275311686098576,0.5,0.0,-17.69093442319387,-4.864458518157902,-2.809185162453583,19.58997804928748
1767874158.778608,1767874158778616346,Sr02_gA_IMG1_LID0_STA0_CFC64_OH0,0108_1308,A,0.4969114661216736,0.0011879466474056244,0.5,0.0,-17.738194065387248,-4.880784138147657,-2.808777330806778,19.563312573551954
1767874158.8980496,1767874158898057575,Sr02_gA_IMG1_LID0_STA0_CFC64_OH0,0108_1308,A,0.4968181550502777,-0.0115837836638093,0.5,0.0,-17.785447045566173,-4.897129030700407,-2.8083695004754907,19.53675595367132
1767874159.0091543,1767874159009163184,Sr02_gA_IMG1_LID0_STA0_CFC64_OH0,0108_1308,A,0.4968181550502777,-0.0115837836638093,0.5,0.0,-17.83269821040306,-4.913479170275784,-2.808703642431236,19.51029603776771
1767874159.1233578,1767874159123365398,Sr02_gA_IMG1_LID0_STA0_CFC64_OH0,0108_1308,A,0.4962195158004761,0.007318103685975075,0.5,0.0,-17.90357951164902,-4.937991212649823,-2.808268811398208,19.47076763660261
1767874159.2404459,1767874159240454004,Sr02_gA_IMG1_LID0_STA0_CFC64_OH0,0108_1308,A,0.503393292427063,-0.003024411853402853,0.5,0.0,-17.95082272943144,-4.954364299879719,-2.807684541362473,19.444560045363364
1767874159.3562565,1767874159356264212,Sr02_gA_IMG1_LID0_STA0_CFC64_OH0,0108_1308,A,0.503393292427063,-0.003024411853402853,0.5,0.0,-17.998063228073708,-4.970745230659084,-2.8081458789021125,19.41845291195011
1767874159.4709184,1767874159470947556,Sr02_gA_IMG1_LID0_STA0_CFC64_OH0,0108_1308,A,0.504234254360199,0.0032599158585071564,0.5,0.0,-18.06893560021273,-4.995283081850951,-2.8082201575571624,19.379437792330524
1767874159.584553,1767874159584560279,Sr02_gA_IMG1_LID0_STA0_CFC64_OH0,0108_1308,A,0.5018985271453857,0.000784754753112793,0.5,0.0,-18.11619226952688,-5.011617297733593,-2.809378524255998,19.353523434432464
1767874159.7012157,1767874159701223521,Sr02_gA_IMG1_LID0_STA0_CFC64_OH0,0108_1308,A,0.5018985271453857,0.000784754753112793,0.5,0.0,-18.16346782829092,-5.027896761697373,-2.810536900727746,19.327654064548856
1767874159.8162847,1767874159816295710,Sr02_gA_IMG1_LID0_STA0_CFC64_OH0,0108_1308,A,0.49889129400253296,0.005046604201197624,0.5,0.0,-18.210754696753124,-5.044143352262635,-2.8103721617109816,19.301849740125576
1767874159.935231,1767874159935238520,Sr02_gA_IMG1_LID0_STA0_CFC64_OH0,0108_1308,A,0.5002259612083435,0.013938890770077705,0.5,0.0,-18.281674939866374,-5.068542498845879,-2.8104121148898344,19.263348356883217
1767874160.0522797,1767874160052287874,Sr02_gA_IMG1_LID0_STA0_CFC64_OH0,0108_1308,A,0.5002259612083435,0.013938890770077705,0.5,0.0,-18.328960351637463,-5.084793329519111,-2.8107145555805113,19.23778651532674
1767874160.1703804,1767874160170388032,Sr02_gA_IMG1_LID0_STA0_CFC64_OH0,0108_1308,A,0.5041962265968323,0.0036683818325400352,0.5,0.0,-18.376247410156463,-5.101039367935698,-2.8105142556851157,19.2123164254041
1767874160.2888358,1767874160288843423,Sr02_gA_IMG1_LID0_STA0_CFC64_OH0,0108_1308,A,0.4987381398677826,0.016991524025797844,0.5,0.0,-18.44717080391897,-5.1254293553533445,-2.8102975344885714,19.17431141918154
1767874160.4028473,1767874160402854802,Sr02_gA_IMG1_LID0_STA0_CFC64_OH0,0108_1308,A,0.5051690340042114,-0.002696637064218521,0.5,0.0,-18.494451256531157,-5.141694609195618,-2.8102190591416276,19.14910084589998
1767874160.518662,1767874160518670062,Sr02_gA_IMG1_LID0_STA0_CFC64_OH0,0108_1308,A,0.5051690340042114,-0.002696637064218521,0.5,0.0,-18.541728213019258,-5.157970020820169,-2.80979963965753,19.123997060570808
1767874160.635623,1767874160635631572,Sr02_gA_IMG1_LID0_STA0_CFC64_OH0,0108_1308,A,0.49805399775505066,-0.01635129563510418,0.5,0.0,-18.612619655874745,-5.182452687660449,-2.808064507147242,19.086588882653633
1767874160.7497017,1767874160749710338,Sr02_gA_IMG1_LID0_STA0_CFC64_OH0,0108_1308,A,0.5029789805412292,-0.004730107728391886,0.5,0.0,-18.659852888686952,-5.198854547197206,-2.8066706203500584,19.061846907659685
1767874160.8622954,1767874160862303768,Sr02_gA_IMG1_LID0_STA0_CFC64_OH0,0108_1308,A,0.5029789805412292,-0.004730107728391886,0.5,0.0,-18.707068626187812,-5.21530671315459,-2.8060983650652833,19.037250484292542
1767874160.9772472,1767874160977255054,Sr02_gA_IMG1_LID0_STA0_CFC64_OH0,0108_1308,A,0.49993443489074707,0.0035468386486172676,0.5,0.0,-18.777867097781826,-5.240056933072415,-2.80408257564074,19.000609421918874
1767874161.095119,1767874161095127728,Sr02_gA_IMG1_LID0_STA0_CFC64_OH0,0108_1308,A,0.49884092807769775,-0.007223010994493961,0.5,0.0,-18.82504843134291,-5.256607504992021,-2.804352223840748,18.976354149143585
1767874161.211454,1767874161211461968,Sr02_gA_IMG1_LID0_STA0_CFC64_OH0,0108_1308,A,0.49884092807769775,-0.007223010994493961,0.5,0.0,-18.872234226251173,-5.2731453533017785,-2.8046218871060766,18.952187933158868
1767874161.329852,1767874161329860805,Sr02_gA_IMG1_LID0_STA0_CFC64_OH0,0108_1308,A,0.4970014691352844,0.004866582341492176,0.5,0.0,-18.94303490130595,-5.297889273463019,-2.806528381541698,18.916070107504623
1767874161.4437084,1767874161443716536,Sr02_gA_IMG1_LID0_STA0_CFC64_OH0,0108_1308,A,0.5006523728370667,-0.0037128315307199955,0.5,0.0,-18.990258244032244,-5.3143195972072474,-2.807001400433405,18.89205758123359
1767874161.5607495,1767874161560757196,Sr02_gA_IMG1_LID0_STA0_CFC64_OH0,0108_1308,A,0.49872323870658875,0.0016899863258004189,0.5,0.0,-19.037489353193795,-5.330727581963067,-2.8074744104326133,18.86812621271728
1767874161.674592,1767874161674599782,Sr02_gA_IMG1_LID0_STA0_CFC64_OH0,0108_1308,A,0.49872323870658875,0.0016899863258004189,0.5,0.0,-19.108340878154905,-5.3553255619092965,-2.8072983921978305,18.832408004185208
1767874161.7877817,1767874161787789869,Sr02_gA_IMG1_LID0_STA0_CFC64_OH0,0108_1308,A,0.5023951530456543,0.006982073187828064,0.5,0.0,-19.155578900705397,-5.371713630732157,-2.8080206898214617,18.808714456494922
1767874161.9015276,1767874161901535533,Sr02_gA_IMG1_LID0_STA0_CFC64_OH0,0108_1308,A,0.4996243119239807,0.007162740454077721,0.5,0.0,-19.202828748030544,-5.388067575273037,-2.808742989739499,18.78509225212326
1767874162.0196674,1767874162019676008,Sr02_gA_IMG1_LID0_STA0_CFC64_OH0,0108_1308,A,0.4996243119239807,0.007162740454077721,0.5,0.0,-19.2500855604847,-5.404401384933484,-2.808619028757954,18.761554745509514
1767874162.1365101,1767874162136516646,Sr02_gA_IMG1_LID0_STA0_CFC64_OH0,0108_1308,A,0.5064334869384766,0.0032675573602318764,0.5,0.0,-19.320965684168822,-5.428916834723039,-2.8088327700192903,18.7264571208678
1767874162.2568452,1767874162256852824,Sr02_gA_IMG1_LID0_STA0_CFC64_OH0,0108_1308,A,0.5008243322372437,-0.006123766303062439,0.5,0.0,-19.368222360392636,-5.445251039027959,-2.808717803887512,18.703180362520495
1767874162.3674512,1767874162367459256,Sr02_gA_IMG1_LID0_STA0_CFC64_OH0,0108_1308,A,0.5008243322372437,-0.006123766303062439,0.5,0.0,-19.4154763196387,-5.4615931017083525,-2.8085488055314123,18.68001580557647
1767874162.47869,1767874162478697729,Sr02_gA_IMG1_LID0_STA0_CFC64_OH0,0108_1308,A,0.5034122467041016,-0.0004775645211338997,0.5,0.0,-19.486345843065035,-5.486139170540022,-2.8076602626619165,18.64549741781496
1767874162.5926597,1767874162592667003,Sr02_gA_IMG1_LID0_STA0_CFC64_OH0,0108_1308,A,0.4949832558631897,-0.002230291720479727,0.5,0.0,-19.533578005295702,-5.50254412183908,-2.8069439899262765,18.622655949163764
1767874162.70728,1767874162707287795,Sr02_gA_IMG1_LID0_STA0_CFC64_OH0,0108_1308,A,0.4949832558631897,-0.002230291720479727,0.5,0.0,-19.58079840498982,-5.518982900042996,-2.8062277170524,18.59995276217887
1767874162.8228698,1767874162822877646,Sr02_gA_IMG1_LID0_STA0_CFC64_OH0,0108_1308,A,0.5016493201255798,-0.0013234596699476242,0.5,0.0,-19.62800859035131,-5.535450991757299,-2.805784103568906,18.577384114726023
1767874162.9386222,1767874162938631464,Sr02_gA_IMG1_LID0_STA0_CFC64_OH0,0108_1308,A,0.49939417839050293,0.01288454607129097,0.5,0.0,-19.698821077579098,-5.560161126413292,-2.8062330944102043,18.543740001453557
1767874163.0528002,1767874163052808266,Sr02_gA_IMG1_LID0_STA0_CFC64_OH0,0108_1308,A,0.498600572347641,-0.006455559283494949,0.5,0.0,-19.746040711918802,-5.576602103807643,-2.8068454700389114,18.521414595312084
1767874163.166556,1767874163166564214,Sr02_gA_IMG1_LID0_STA0_CFC64_OH0,0108_1308,A,0.498600572347641,-0.006455559283494949,0.5,0.0,-19.793267440143925,-5.593022695174733,-2.8070061545841853,18.499178040534613
1767874163.2849677,1767874163284974385,Sr02_gA_IMG1_LID0_STA0_CFC64_OH0,0108_1308,A,0.5042774081230164,0.0003827083855867386,0.5,0.0,-19.86411102130441,-5.617643545182691,-2.807270587480751,18.466017307361422
1767874163.3988905,1767874163398901893,Sr02_gA_IMG1_LID0_STA0_CFC64_OH0,0108_1308,A,0.4998437166213989,0.006063406355679035,0.5,0.0,-19.911344496290223,-5.634044719328423,-2.8074936162880118,18.44403435353267
1767874163.5139143,1767874163513926280,Sr02_gA_IMG1_LID0_STA0_CFC64_OH0,0108_1308,A,0.4998437166213989,0.006063406355679035,0.5,0.0,-19.958581152449426,-5.650436729385261,-2.807644099343772,18.4221521462954
1767874163.6329792,1767874163632987748,Sr02_gA_IMG1_LID0_STA0_CFC64_OH0,0108_1308,A,0.5030867457389832,-0.032696276903152466,0.5,0.0,-20.029423462337054,-5.67506120927168,-2.8061376709412293,18.389569717141747
1767874163.7535954,1767874163753603981,Sr02_gA_IMG1_LID0_STA0_CFC64_OH0,0108_1308,A,0.4980147182941437,-0.003614712506532669,0.5,0.0,-20.076641800117052,-5.69150590972742,-2.806783211014691,18.368013242854815
1767874163.8687863,1767874163868794038,Sr02_gA_IMG1_LID0_STA0_CFC64_OH0,0108_1308,A,0.4980147182941437,-0.003614712506532669,0.5,0.0,-20.123870743995955,-5.707920124793816,-2.807428765887116,18.346538535677883
1767874163.9866745,1767874163986682605,Sr02_gA_IMG1_LID0_STA0_CFC64_OH0,0108_1308,A,0.5023401975631714,-0.033356741070747375,0.5,0.0,-20.194725892813672,-5.732507665607551,-2.8075197089001906,18.314502840300644
1767874164.2192743,1767874164219283319,Sr02_gA_IMG1_LID0_STA0_CFC64_OH0,0108_1308,A,0.49955153465270996,-0.08098234236240387,0.5,0.0,-20.241956651120955,-5.7489166593659204,-2.8069133704665647,18.2933019646063
1767874164.3375664,1767874164337574701,Sr02_gA_IMG1_LID0_STA0_CFC64_OH0,0108_1308,A,0.501284658908844,-0.11105626821517944,0.5,0.0,-20.360030047253744,-5.789931843762884,-2.8100285718299127,18.24078874982722
1767874164.458305,1767874164458312943,Sr02_gA_IMG1_LID0_STA0_CFC64_OH0,0108_1308,A,0.49824345111846924,0.009163031354546547,0.5,0.0,-20.407309703069064,-5.8061994127969125,-2.8103900647425357,18.219846278026562
1767874164.5838113,1767874164583819123,Sr02_gA_IMG1_LID0_STA0_CFC64_OH0,0108_1308,A,0.5027517080307007,-0.005449531599879265,0.5,0.0,-20.45459523607162,-5.8224498904653235,-2.8107515354020505,18.19900063840768
1767874164.7027166,1767874164702725273,Sr02_gA_IMG1_LID0_STA0_CFC64_OH0,0108_1308,A,0.5027517080307007,-0.005449531599879265,0.5,0.0,-20.52556916136053,-5.8466922377504815,-2.814862756222818,18.167817009629854
1767874164.8209507,1767874164820960369,Sr02_gA_IMG1_LID0_STA0_CFC64_OH0,0108_1308,A,0.4981910288333893,-0.020586295053362846,0.5,0.0,-20.572950681751628,-5.862660609300004,-2.8181984248741254,18.146984604506862
1767874164.942038,1767874164942045720,Sr02_gA_IMG1_LID0_STA0_CFC64_OH0,0108_1308,A,0.5002433657646179,-0.08534343540668488,0.5,0.0,-20.64418285936812,-5.886095481926974,-2.8303610849091054,18.11546200797862
1767874165.0583577,1767874165058365088,Sr02_gA_IMG1_LID0_STA0_CFC64_OH0,0108_1308,A,0.5028391480445862,-0.06883803009986877,0.5,0.0,-20.691864756467215,-5.90114243087507,-2.841466691782627,18.09403465220223
1767874165.1773982,1767874165177406212,Sr02_gA_IMG1_LID0_STA0_CFC64_OH0,0108_1308,A,0.5028391480445862,-0.06883803009986877,0.5,0.0,-20.739579042064634,-5.915861283879867,-2.8420956579245638,18.072457047445237
1767874165.2930582,1767874165293066280,Sr02_gA_IMG1_LID0_STA0_CFC64_OH0,0108_1308,A,0.49636322259902954,-0.1180361956357956,0.5,0.0,-20.81124072594931,-5.937988239145659,-2.842474698978156,18.040276369024564
1767874165.4197006,1767874165419708774,Sr02_gA_IMG1_LID0_STA0_CFC64_OH0,0108_1308,A,0.49020546674728394,-0.17382869124412537,0.5,0.0,-20.85902457416821,-5.952709090700961,-2.843019651246815,18.018935242752143
1767874165.538192,1767874165538199890,Sr02_gA_IMG1_LID0_STA0_CFC64_OH0,0108_1308,A,0.49020546674728394,-0.17382869124412537,0.5,0.0,-20.93071744584744,-5.974660145510232,-2.8469365872854233,17.987028596626704
1767874165.6551833,1767874165655191185,Sr02_gA_IMG1_LID0_STA0_CFC64_OH0,0108_1308,A,0.49617719650268555,-0.1719847470521927,0.5,0.0,-20.97862392672782,-5.988976344791079,-2.8554709067013158,17.96558913164294
1767874165.7774482,1767874165777454558,Sr02_gA_IMG1_LID0_STA0_CFC64_OH0,0108_1308,A,0.49303027987480164,-0.0016297674737870693,0.5,0.0,-21.026639398837997,-6.002922822739637,-2.862354711082153,17.94391514342608
1767874165.8943038,1767874165894311882,Sr02_gA_IMG1_LID0_STA0_CFC64_OH0,0108_1308,A,0.49101006984710693,-0.05830085277557373,0.5,0.0,-21.098829755099057,-6.02321516504981,-2.873528558510411,17.911036550402432
1767874166.012934,1767874166012941578,Sr02_gA_IMG1_LID0_STA0_CFC64_OH0,0108_1308,A,0.49101006984710693,-0.05830085277557373,0.5,0.0,-21.1471210633096,-6.036173567667991,-2.885332153761915,17.888722633592554
1767874166.1296759,1767874166129683738,Sr02_gA_IMG1_LID0_STA0_CFC64_OH0,0108_1308,A,0.49795687198638916,-0.03447156026959419,0.5,0.0,-21.195573346129667,-6.048457158291499,-2.901931513613612,17.865907632775023
1767874166.247172,1767874166247182052,Sr02_gA_IMG1_LID0_STA0_CFC64_OH0,0108_1308,A,0.5008390545845032,-0.017569907009601593,0.5,0.0,-21.268653548405084,-6.065308410515016,-2.927987336258941,17.83044276940943
1767874166.367965,1767874166367973908,Sr02_gA_IMG1_LID0_STA0_CFC64_OH0,0108_1308,A,0.5008390545845032,-0.017569907009601593,0.5,0.0,-21.317605929074794,-6.075486940700115,-2.9451857832274406,17.805986331342687
1767874166.4886076,1767874166488616615,Sr02_gA_IMG1_LID0_STA0_CFC64_OH0,0108_1308,A,0.49341052770614624,0.0008583655580878258,0.5,0.0,-21.391098510657695,-6.0896532182169505,-2.953259773338761,17.76862609182002
1767874166.6026495,1767874166602657249,Sr02_gA_IMG1_LID0_STA0_CFC64_OH0,0108_1308,A,0.5016769766807556,-0.030929673463106155,0.5,0.0,-21.44024140304032,-6.098871066342794,-2.9590898427821615,17.74358290296626
1767874166.720787,1767874166720795799,Sr02_gA_IMG1_LID0_STA0_CFC64_OH0,0108_1308,A,0.49523699283599854,-0.24446775019168854,0.5,-0.5,-21.48943720073665,-6.107802252686973,-2.964919918524115,17.71839300091095
1767874166.8350096,1767874166835017050,Sr02_gA_IMG1_LID0_STA0_CFC64_OH0,0108_1308,A,0.49523699283599854,-0.24446775019168854,0.5,-0.5,-21.563308967848116,-6.120761745885081,-2.97022922683055,17.680421827154778
1767874166.9534967,1767874166953504491,Sr02_gA_IMG1_LID0_STA0_CFC64_OH0,0108_1308,A,0.49302342534065247,-0.07632951438426971,0.5,0.0,-21.61258408884049,-6.1292447577900395,-2.971986215660329,17.655101979923888
1767874167.0751991,1767874167075210987,Sr02_gA_IMG1_LID0_STA0_CFC64_OH0,0108_1308,A,0.49151942133903503,-0.2402762621641159,0.5,-0.5,-21.66187403831799,-6.137641180853786,-2.9737432034875964,17.629811697231386
1767874167.1924896,1767874167192497226,Sr02_gA_IMG1_LID0_STA0_CFC64_OH0,0108_1308,A,0.49151942133903503,-0.2402762621641159,0.5,-0.5,-21.73582556056596,-6.150138042942379,-2.974485172556929,17.591988793261404
1767874167.3096578,1767874167309665514,Sr02_gA_IMG1_LID0_STA0_CFC64_OH0,0108_1308,A,0.4937334358692169,-0.32103538513183594,0.5,-0.5,-21.78514184045477,-6.158378323723954,-2.9775781280722153,17.566826381734742
1767874167.4243941,1767874167424404374,Sr02_gA_IMG1_LID0_STA0_CFC64_OH0,0108_1308,A,0.4965856373310089,-0.40023064613342285,0.5,-0.5,-21.834187862318455,-6.166216311265408,-2.992580153565609,17.541631800093963
1767874167.539686,1767874167539694443,Sr02_gA_IMG1_LID0_STA0_CFC64_OH0,0108_1308,A,0.505577802658081,-0.5017417073249817,0.5,-0.5,-21.90853105859933,-6.175988337617035,-3.0287967703319296,17.502009600118463
1767874167.6562874,1767874167656295041,Sr02_gA_IMG1_LID0_STA0_CFC64_OH0,0108_1308,A,0.505577802658081,-0.5017417073249817,0.5,-0.5,-21.95812803038569,-6.181330223773735,-3.038353407975148,17.474792066282898
1767874167.7726467,1767874167772654378,Sr02_gA_IMG1_LID0_STA0_CFC64_OH0,0108_1308,A,0.5101630687713623,-0.5612961649894714,0.5,-0.5,-22.0077036795631,-6.186087347107683,-3.0566077739656836,17.44723372873747
1767874167.8888218,1767874167888830313,Sr02_gA_IMG1_LID0_STA0_CFC64_OH0,0108_1308,A,0.49531954526901245,-0.5157037377357483,0.5,-0.5,-22.082531529555318,-6.191105636707187,-3.0926491539871765,17.404140561440627
1767874168.0001223,1767874168000130379,Sr02_gA_IMG1_LID0_STA0_CFC64_OH0,0108_1308,A,0.49531954526901245,-0.5157037377357483,0.5,-0.5,-22.132451852995224,-6.192781446602268,-3.124008340425577,17.37420674915487
1767874168.1172178,1767874168117225522,Sr02_gA_IMG1_LID0_STA0_CFC64_OH0,0108_1308,A,0.49527159333229065,-0.40302079916000366,0.5,-0.5,-22.182407926720188,-6.192718889439189,3.1204701586179016,17.34298324336137
1767874168.2358983,1767874168235906699,Sr02_gA_IMG1_LID0_STA0_CFC64_OH0,0108_1308,A,0.4951793849468231,-0.2419472634792328,0.5,-0.5,-22.232281095792157,-6.190540480716511,3.073391205407847,17.31024139104879
1767874168.3545473,1767874168354555785,Sr02_gA_IMG1_LID0_STA0_CFC64_OH0,0108_1308,A,0.4951793849468231,-0.2419472634792328,0.5,-0.5,-22.306843865321742,-6.18261975688532,2.9981300241327635,17.257781074775234
1767874168.4740958,1767874168474103370,Sr02_gA_IMG1_LID0_STA0_CFC64_OH0,0108_1308,A,0.5068131685256958,-0.36332470178604126,0.5,-0.5,-22.35609330583719,-6.174124285501484,2.942772933713595,17.220654626156374
1767874168.5888014,1767874168588808929,Sr02_gA_IMG1_LID0_STA0_CFC64_OH0,0108_1308,A,0.486253947019577,-0.24339233338832855,0.5,-0.5,-22.42895466418756,-6.156421375263451,2.864505580943942,17.161800632341237
1767874168.7077827,1767874168707791358,Sr02_gA_IMG1_LID0_STA0_CFC64_OH0,0108_1308,A,0.48540136218070984,-0.3388460576534271,0.5,-0.5,-22.476673558779662,-6.141509882231011,2.812935249586292,17.120705477104078
1767874168.8250644,1767874168825073341,Sr02_gA_IMG1_LID0_STA0_CFC64_OH0,0108_1308,A,0.48540136218070984,-0.3388460576534271,0.5,-0.5,-22.52358586727689,-6.1244258698783165,2.7721912675661353,17.078435233632923
1767874168.9400797,1767874168940087236,Sr02_gA_IMG1_LID0_STA0_CFC64_OH0,0108_1308,A,0.4928387701511383,-0.2182888239622116,0.5,-0.5,-22.59275022702881,-6.095810538331693,2.7304631428760975,17.01347709461602
1767874169.0576265,1767874169057635026,Sr02_gA_IMG1_LID0_STA0_CFC64_OH0,0108_1308,A,0.47875601053237915,-0.3479032814502716,0.5,-0.5,-22.638337532260042,-6.07527580410603,2.7062684561005037,16.969380300670103
1767874169.173323,1767874169173330877,Sr02_gA_IMG1_LID0_STA0_CFC64_OH0,0108_1308,A,0.47875601053237915,-0.3479032814502716,0.5,-0.5,-22.6832334573686,-6.053544933887517,2.67321102919997,16.924788531085085
1767874169.2888525,1767874169288859485,Sr02_gA_IMG1_LID0_STA0_CFC64_OH0,0108_1308,A,0.4912998676300049,-0.33641180396080017,0.5,-0.5,-22.749354682850036,-6.018304804921275,2.6330006922733484,16.856598987418874
1767874169.4039283,1767874169403936250,Sr02_gA_IMG1_LID0_STA0_CFC64_OH0,0108_1308,A,0.486245334148407,-0.3827534019947052,0.5,-0.5,-22.79256457305943,-5.993271707247617,2.599616116412772,16.810475333523968
1767874169.5197952,1767874169519803331,Sr02_gA_IMG1_LID0_STA0_CFC64_OH0,0108_1308,A,0.486245334148407,-0.3827534019947052,0.5,-0.5,-22.83495398836603,-5.966759485210457,2.5657315637227542,16.763693630773
1767874169.637711,1767874169637718968,Sr02_gA_IMG1_LID0_STA0_CFC64_OH0,0108_1308,A,0.5012370944023132,-0.4305945932865143,0.5,-0.5,-22.87645515041779,-5.938989103263757,2.5403940529706883,16.716466093716143
1767874169.7540474,1767874169754055867,Sr02_gA_IMG1_LID0_STA0_CFC64_OH0,0108_1308,A,0.5044997334480286,-0.482815682888031,0.5,-0.5,-22.937324325507916,-5.895421949140394,2.495920442790107,16.64496567489443
1767874169.872291,1767874169872298576,Sr02_gA_IMG1_LID0_STA0_CFC64_OH0,0108_1308,A,0.5044997334480286,-0.482815682888031,0.5,-0.5,-22.976727729143473,-5.864646646222178,2.461130167575745,16.596644486426516
1767874169.988883,1767874169988890972,Sr02_gA_IMG1_LID0_STA0_CFC64_OH0,0108_1308,A,0.4990215599536896,-0.411357045173645,0.5,-0.5,-23.015048747625897,-5.832533382124428,2.427259202693165,16.547918056255288
1767874170.100758,1767874170100766176,Sr02_gA_IMG1_LID0_STA0_CFC64_OH0,0108_1308,A,0.4984814524650574,-0.4813736081123352,0.5,-0.5,-23.070344977049253,-5.781901001863517,2.371753261691763,16.474192156472196
1767874170.218849,1767874170218856803,Sr02_gA_IMG1_LID0_STA0_CFC64_OH0,0108_1308,A,0.4982142746448517,-0.35734716057777405,0.5,-0.5,-23.105571404714258,-5.7464215257026,2.333477973670793,16.424655940288503
1767874170.335846,1767874170335854367,Sr02_gA_IMG1_LID0_STA0_CFC64_OH0,0108_1308,A,0.4982142746448517,-0.35734716057777405,0.5,-0.5,-23.13934893086445,-5.7095815974750765,2.291441322849108,16.37490724920818
1767874170.4525285,1767874170452535270,Sr02_gA_IMG1_LID0_STA0_CFC64_OH0,0108_1308,A,0.4993261694908142,-0.41587188839912415,0.5,-0.5,-23.18685585277945,-5.651587044328587,2.2212151628091905,16.300001607572888
1767874170.571512,1767874170571519897,Sr02_gA_IMG1_LID0_STA0_CFC64_OH0,0108_1308,A,0.5005984306335449,-0.23960258066654205,0.5,-0.5,-23.216159667367176,-5.611080249357194,2.1729336446771943,16.250015511270554
1767874170.688185,1767874170688192484,Sr02_gA_IMG1_LID0_STA0_CFC64_OH0,0108_1308,A,0.5005984306335449,-0.23960258066654205,0.5,-0.5,-23.24357070099283,-5.569267938517557,2.1303687728316816,16.200125221395627
1767874170.8048656,1767874170804874178,Sr02_gA_IMG1_LID0_STA0_CFC64_OH0,0108_1308,A,0.49147412180900574,-0.06783860176801682,0.5,0.0,-23.28117086339368,-5.504437369358764,2.0605477423466647,16.12572119310459
1767874170.9213321,1767874170921340981,Sr02_gA_IMG1_LID0_STA0_CFC64_OH0,0108_1308,A,0.5034714937210083,-0.10223135352134705,0.5,0.0,-23.303853934772956,-5.459929412213949,2.024226847136341,16.07652960544656
1767874171.037454,1767874171037461798,Sr02_gA_IMG1_LID0_STA0_CFC64_OH0,0108_1308,A,0.5012925267219543,-0.037983834743499756,0.5,0.0,-23.324948864448924,-5.414600199202434,1.9884921834925449,16.027645180639457
1767874171.1500437,1767874171150051650,Sr02_gA_IMG1_LID0_STA0_CFC64_OH0,0108_1308,A,0.5012925267219543,-0.037983834743499756,0.5,0.0,-23.353329079376504,-5.345205967860418,1.928041306793943,15.955185256726066
1767874171.2629669,1767874171262974704,Sr02_gA_IMG1_LID0_STA0_CFC64_OH0,0108_1308,A,0.4881691634654999,-0.1525764912366867,0.5,0.0,-23.37010219393896,-5.298243135486972,1.901487389705955,15.907632297554771
1767874171.382537,1767874171382545597,Sr02_gA_IMG1_LID0_STA0_CFC64_OH0,0108_1308,A,0.4943370819091797,-0.04096480458974838,0.5,0.0,-23.38576895266137,-5.250762268480509,1.8775271708066772,15.860351203518343
1767874171.4971092,1767874171497116870,Sr02_gA_IMG1_LID0_STA0_CFC64_OH0,0108_1308,A,0.4943370819091797,-0.04096480458974838,0.5,0.0,-23.407512838305564,-5.179126616159237,1.858863139159085,15.7901973335851
1767874171.612672,1767874171612678925,Sr02_gA_IMG1_LID0_STA0_CFC64_OH0,0108_1308,A,0.49988606572151184,-0.015688329935073853,0.5,0.0,-23.42147233291559,-5.131116557283162,1.8486452091080603,15.74357732109928
1767874171.7328708,1767874171732881709,Sr02_gA_IMG1_LID0_STA0_CFC64_OH0,0108_1308,A,0.4952051639556885,-0.16503971815109253,0.5,0.0,-23.435028125969747,-5.083000917151273,1.8433252292937532,15.697140063837187
1767874171.8526902,1767874171852699333,Sr02_gA_IMG1_LID0_STA0_CFC64_OH0,0108_1308,A,0.4952051639556885,-0.16503971815109253,0.5,0.0,-23.455005934930355,-5.010722603843768,1.8372625917620709,15.627659320101548
1767874171.9692452,1767874171969252639,Sr02_gA_IMG1_LID0_STA0_CFC64_OH0,0108_1308,A,0.49691668152809143,-0.06468456983566284,0.5,0.0,-23.467822747397513,-4.96246787481622,1.822872624174505,15.581619034209135
1767874172.0859675,1767874172085975944,Sr02_gA_IMG1_LID0_STA0_CFC64_OH0,0108_1308,A,0.5077099204063416,0.03862059861421585,0.5,0.0,-23.48008064814239,-4.914058800742008,1.8164518926475801,15.53582282547063
1767874172.2033448,1767874172203353692,Sr02_gA_IMG1_LID0_STA0_CFC64_OH0,0108_1308,A,0.5015507340431213,0.031197037547826767,0.5,0.0,-23.498097057537954,-4.841255017528652,1.810559932377829,15.467253737256925
1767874172.321498,1767874172321506428,Sr02_gA_IMG1_LID0_STA0_CFC64_OH0,0108_1308,A,0.5015507340431213,0.031197037547826767,0.5,0.0,-23.50993260291516,-4.792676019639001,1.8089910965652918,15.421648060623623
1767874172.4390366,1767874172439044635,Sr02_gA_IMG1_LID0_STA0_CFC64_OH0,0108_1308,A,0.4973542094230652,-0.01612287014722824,0.5,0.0,-23.52147386818341,-4.744173643960347,1.7970638333175135,15.376311289828502
1767874172.5577157,1767874172557725678,Sr02_gA_IMG1_LID0_STA0_CFC64_OH0,0108_1308,A,0.5095446705818176,0.011830346658825874,0.5,0.0,-23.537393141494025,-4.670884567488282,1.7723079161887052,15.308797413047454
1767874172.6742744,1767874172674282893,Sr02_gA_IMG1_LID0_STA0_CFC64_OH0,0108_1308,A,0.5095446705818176,0.011830346658825874,0.5,0.0,-23.54719415669751,-4.621896587062316,1.7649479661620702,15.264228142307992
1767874172.7887955,1767874172788803103,Sr02_gA_IMG1_LID0_STA0_CFC64_OH0,0108_1308,A,0.5084827542304993,0.09777942299842834,0.5,0.0,-23.556833154354592,-4.572894408646151,1.7666805031738915,15.219781619595766
1767874172.9082148,1767874172908222795,Sr02_gA_IMG1_LID0_STA0_CFC64_OH0,0108_1308,A,0.5129767656326294,0.3570147454738617,0.5,0.5,-23.57161750542823,-4.499366104842719,1.771582763293382,15.152953860346072
1767874173.0245745,1767874173024582582,Sr02_gA_IMG1_LID0_STA0_CFC64_OH0,0108_1308,A,0.5129767656326294,0.3570147454738617,0.5,0.5,-23.581665915623628,-4.450386240535374,1.7747024619456193,15.108355487000843
1767874173.1465166,1767874173146524218,Sr02_gA_IMG1_LID0_STA0_CFC64_OH0,0108_1308,A,0.49743151664733887,0.13042190670967102,0.5,0.0,-23.591774607359326,-4.401430454076045,1.7736515972378177,15.063772242965747
1767874173.2595909,1767874173259599720,Sr02_gA_IMG1_LID0_STA0_CFC64_OH0,0108_1308,A,0.5046663284301758,0.2632010877132416,0.5,0.5,-23.606894355811026,-4.327970318495518,1.7745875298123395,14.99696773471174
1767874173.3780224,1767874173378030306,Sr02_gA_IMG1_LID0_STA0_CFC64_OH0,0108_1308,A,0.5016770958900452,-0.007236812263727188,0.5,0.0,-23.61704249286528,-4.279011001652936,1.7757705625432634,14.952442750262795
1767874173.493694,1767874173493702018,Sr02_gA_IMG1_LID0_STA0_CFC64_OH0,0108_1308,A,0.5016770958900452,-0.007236812263727188,0.5,0.0,-23.62738242922962,-4.230128838787622,1.7839604581503665,14.907892065376034
1767874173.6072187,1767874173607227962,Sr02_gA_IMG1_LID0_STA0_CFC64_OH0,0108_1308,A,0.4951271712779999,-0.058586083352565765,0.5,0.0,-23.644076278441194,-4.157558513778992,1.8178269470044246,14.840969919846213
1767874173.7247367,1767874173724745032,Sr02_gA_IMG1_LID0_STA0_CFC64_OH0,0108_1308,A,0.49745696783065796,-0.005344168283045292,0.5,0.0,-23.657165319100837,-4.109304901481084,1.8535283649330414,14.795257122673092
1767874173.841064,1767874173841073260,Sr02_gA_IMG1_LID0_STA0_CFC64_OH0,0108_1308,A,0.49745696783065796,-0.005344168283045292,0.5,0.0,-23.671708355164856,-4.061734685189649,1.8768539996406717,14.74918317971375
1767874173.9599857,1767874173959992209,Sr02_gA_IMG1_LID0_STA0_CFC64_OH0,0108_1308,A,0.4967687129974365,-0.00018923822790384293,0.5,0.0,-23.69528509762128,-3.9906822715494266,1.9096927964143637,14.67923576245083
1767874174.0706818,1767874174070689359,Sr02_gA_IMG1_LID0_STA0_CFC64_OH0,0108_1308,A,0.49969834089279175,0.006131082773208618,0.5,0.0,-23.712091157640874,-3.943989327119097,1.9185515821556527,14.632463339986254
1767874174.186528,1767874174186535719,Sr02_gA_IMG1_LID0_STA0_CFC64_OH0,0108_1308,A,0.4988566040992737,0.0004044193774461746,0.5,0.0,-23.729113560812607,-3.8969761656023145,1.9178279046390367,14.585325020240449
1767874174.304087,1767874174304094759,Sr02_gA_IMG1_LID0_STA0_CFC64_OH0,0108_1308,A,0.4988566040992737,0.0004044193774461746,0.5,0.0,-23.754413026718012,-3.826384421192242,1.9107200777084705,14.514746880207875
1767874174.4226396,1767874174422649169,Sr02_gA_IMG1_LID0_STA0_CFC64_OH0,0108_1308,A,0.498892217874527,-0.0010515358299016953,0.5,0.0,-23.771061237443977,-3.779249246863486,1.9100462282412134,14.467801369145022
1767874174.5422606,1767874174542269760,Sr02_gA_IMG1_LID0_STA0_CFC64_OH0,0108_1308,A,0.4996168315410614,0.0017023812979459763,0.5,0.0,-23.7876876286552,-3.732094578602494,1.9095118122868018,14.420875229251486
1767874174.6554997,1767874174655508208,Sr02_gA_IMG1_LID0_STA0_CFC64_OH0,0108_1308,A,0.4996168315410614,0.0017023812979459763,0.5,0.0,-23.81259761363802,-3.661352144904726,1.9093919746225887,14.350535858299445
1767874174.7662828,1767874174766292771,Sr02_gA_IMG1_LID0_STA0_CFC64_OH0,0108_1308,A,0.4982892870903015,0.001835453324019909,0.5,0.0,-23.82922020910129,-3.614196138661783,1.910005080550612,14.303663358925835
1767874174.8815117,1767874174881520135,Sr02_gA_IMG1_LID0_STA0_CFC64_OH0,0108_1308,A,0.4994424879550934,-0.0006231693550944328,0.5,0.0,-23.84586077859763,-3.56704647133762,1.9101027933445105,14.256805445504982
1767874175.002538,1767874175002545972,Sr02_gA_IMG1_LID0_STA0_CFC64_OH0,0108_1308,A,0.4994424879550934,-0.0006231693550944328,0.5,0.0,-23.862503389945964,-3.5198975246861566,1.9101432352161638,14.209968189969528
1767874175.1207397,1767874175120747804,Sr02_gA_IMG1_LID0_STA0_CFC64_OH0,0108_1308,A,0.4980130195617676,0.0010983245447278023,0.5,0.0,-23.887466729117985,-3.4491739007908673,1.910043744326796,14.139753135716191
1767874175.2373438,1767874175237352783,Sr02_gA_IMG1_LID0_STA0_CFC64_OH0,0108_1308,A,0.5015740990638733,0.0004925234243273735,0.5,0.0,-23.904108382618592,-3.4020246161065737,1.9101864409446343,14.092970705590773
1767874175.3598921,1767874175359902910,Sr02_gA_IMG1_LID0_STA0_CFC64_OH0,0108_1308,A,0.5015740990638733,0.0004925234243273735,0.5,0.0,-23.92908581785802,-3.331305969448469,1.910443128366267,14.022833065332819
1767874175.4781604,1767874175478168501,Sr02_gA_IMG1_LID0_STA0_CFC64_OH0,0108_1308,A,0.49695849418640137,-0.15263035893440247,0.5,0.0,-23.94574784778945,-3.2841638817291656,1.9106266733701043,13.976098759726078
1767874175.5923028,1767874175592310739,Sr02_gA_IMG1_LID0_STA0_CFC64_OH0,0108_1308,A,0.5007190704345703,0.001623045653104782,0.5,0.0,-23.962412735266536,-3.2370228040211657,1.9105643584178522,13.929386050365563
1767874175.707337,1767874175707345234,Sr02_gA_IMG1_LID0_STA0_CFC64_OH0,0108_1308,A,0.5000709891319275,0.004762926138937473,0.5,0.0,-23.98740459883447,-3.166309254836359,1.9104880971277782,13.85936207954455
1767874175.8213878,1767874175821396182,Sr02_gA_IMG1_LID0_STA0_CFC64_OH0,0108_1308,A,0.5000709891319275,0.004762926138937473,0.5,0.0,-24.004067011200718,-3.119167302239145,1.9105979290358495,13.8127080101992
1767874175.9384778,1767874175938487028,Sr02_gA_IMG1_LID0_STA0_CFC64_OH0,0108_1308,A,0.49786829948425293,0.0056192027404904366,0.5,0.0,-24.02073344461368,-3.0720267710604516,1.910653239762587,13.766075891651186
1767874176.0537195,1767874176053727759,Sr02_gA_IMG1_LID0_STA0_CFC64_OH0,0108_1308,A,0.49843382835388184,0.002175521105527878,0.5,0.0,-24.045737469438265,-3.0013175211276204,1.9107271181553795,13.696170581797663
1767874176.170829,1767874176170837583,Sr02_gA_IMG1_LID0_STA0_CFC64_OH0,0108_1308,A,0.49843382835388184,0.002175521105527878,0.5,0.0,-24.06212528288134,-2.9542349852093395,1.8986736923923888,13.649824319617125
1767874176.2846413,1767874176284649145,Sr02_gA_IMG1_LID0_STA0_CFC64_OH0,0108_1308,A,0.494255393743515,0.0031462963670492172,0.5,0.0,-24.078025679080252,-2.906953072380596,1.8945046923304798,13.603671521708431
1767874176.4011188,1767874176401127018,Sr02_gA_IMG1_LID0_STA0_CFC64_OH0,0108_1308,A,0.4951392412185669,-0.002256646752357483,0.5,0.0,-24.093937396204794,-2.859552472113459,1.8948867854398774,13.557448161556215
1767874176.5151744,1767874176515185962,Sr02_gA_IMG1_LID0_STA0_CFC64_OH0,0108_1308,A,0.4951392412185669,-0.002256646752357483,0.5,0.0,-24.117846293808913,-2.7884654573865717,1.8956012231918813,13.488146916773312
1767874176.635202,1767874176635210341,Sr02_gA_IMG1_LID0_STA0_CFC64_OH0,0108_1308,A,0.4983799457550049,-0.0008567152544856071,0.5,0.0,-24.133815414447522,-2.7410841656796547,1.8961545791396293,13.441967965557815
1767874176.7528546,1767874176752862228,Sr02_gA_IMG1_LID0_STA0_CFC64_OH0,0108_1308,A,0.5024998784065247,-0.0032444349490106106,0.5,0.0,-24.149805916579513,-2.6937100851003413,1.8964410070494166,13.395807756640261
1767874176.8698978,1767874176869905808,Sr02_gA_IMG1_LID0_STA0_CFC64_OH0,0108_1308,A,0.4987945556640625,0.006546810269355774,0.5,0.0,-24.173811482621034,-2.622655655007683,1.8967673346816052,13.32661130363827
1767874176.9876752,1767874176987683159,Sr02_gA_IMG1_LID0_STA0_CFC64_OH0,0108_1308,A,0.4987945556640625,0.006546810269355774,0.5,0.0,-24.1898303734053,-2.5752911661956746,1.8970819630608724,13.280509126682226
1767874177.1049285,1767874177104936462,Sr02_gA_IMG1_LID0_STA0_CFC64_OH0,0108_1308,A,0.498394638299942,-0.0032598632387816906,0.5,0.0,-24.205855977424683,-2.527928948218291,1.8969643615745757,13.234432496643173
1767874177.2207358,1767874177220743183,Sr02_gA_IMG1_LID0_STA0_CFC64_OH0,0108_1308,A,0.5024514198303223,-0.0007471125572919846,0.5,0.0,-24.229875110329576,-2.4568791031268846,1.8966258651155263,13.165379193898824
1767874177.3373506,1767874177337358214,Sr02_gA_IMG1_LID0_STA0_CFC64_OH0,0108_1308,A,0.5024514198303223,-0.0007471125572919846,0.5,0.0,-24.245877819578446,-2.4095091445218513,1.8965401926589893,13.119384098714715
1767874177.4507084,1767874177450716972,Sr02_gA_IMG1_LID0_STA0_CFC64_OH0,0108_1308,A,0.49986377358436584,-0.0012033390812575817,0.5,0.0,-24.261872850976392,-2.36213659303207,1.8962635058375306,13.073421606069
1767874177.5676012,1767874177567609832,Sr02_gA_IMG1_LID0_STA0_CFC64_OH0,0108_1308,A,0.5022662281990051,-0.0014967797324061394,0.5,0.0,-24.285864980467927,-2.2910776264390096,1.8968538691113992,13.004533905761454
1767874177.6867812,1767874177686789574,Sr02_gA_IMG1_LID0_STA0_CFC64_OH0,0108_1308,A,0.5022662281990051,-0.0014967797324061394,0.5,0.0,-24.301896022362637,-2.243717249651515,1.897508549067577,12.958631249466086
1767874177.804252,1767874177804260685,Sr02_gA_IMG1_LID0_STA0_CFC64_OH0,0108_1308,A,0.5023146867752075,0.01573309674859047,0.5,0.0,-24.31794320740607,-2.1963623394389042,1.8973787039300745,12.912752232936157
1767874177.9197907,1767874177919797993,Sr02_gA_IMG1_LID0_STA0_CFC64_OH0,0108_1308,A,0.49943047761917114,0.0036945752799510956,0.5,0.0,-24.341993631777974,-2.1253230801700838,1.8971661254444423,12.843999994982953
1767874178.0386114,1767874178038619537,Sr02_gA_IMG1_LID0_STA0_CFC64_OH0,0108_1308,A,0.5026659369468689,0.013446144759654999,0.5,0.0,-24.358022190393328,-2.0779618619547646,1.8970914143108806,12.798206303659434
1767874178.153707,1767874178153716243,Sr02_gA_IMG1_LID0_STA0_CFC64_OH0,0108_1308,A,0.5026659369468689,0.013446144759654999,0.5,0.0,-24.374046519103057,-2.030599212434085,1.8969802054642337,12.752446011858574
1767874178.269398,1767874178269407429,Sr02_gA_IMG1_LID0_STA0_CFC64_OH0,0108_1308,A,0.5020850300788879,-0.007045290432870388,0.5,0.0,-24.398071389759338,-1.959551307088276,1.896764492301306,12.683870571801737
1767874178.3844795,1767874178384488566,Sr02_gA_IMG1_LID0_STA0_CFC64_OH0,0108_1308,A,0.49921053647994995,0.009493537247180939,0.5,0.0,-24.414079149728632,-1.9121830550707664,1.8966148145728792,12.638197954475675
1767874178.5036693,1767874178503678199,Sr02_gA_IMG1_LID0_STA0_CFC64_OH0,0108_1308,A,0.49921053647994995,0.009493537247180939,0.5,0.0,-24.430105933404135,-1.8648212405646962,1.8978435115246104,12.592550004841906
1767874178.621412,1767874178621420608,Sr02_gA_IMG1_LID0_STA0_CFC64_OH0,0108_1308,A,0.502977192401886,0.0035831481218338013,0.5,0.0,-24.454242303461093,-1.7938111381589839,1.8987588611749742,12.524098709401585
1767874178.7415268,1767874178741535610,Sr02_gA_IMG1_LID0_STA0_CFC64_OH0,0108_1308,A,0.5047640204429626,0.014350097626447678,0.5,0.0,-24.470379862309308,-1.7464869530005853,1.9001034659898397,12.478486094957342
1767874178.8593478,1767874178859356485,Sr02_gA_IMG1_LID0_STA0_CFC64_OH0,0108_1308,A,0.5029798150062561,-0.002707685809582472,0.5,0.0,-24.486581039198544,-1.699184509367313,1.9014480782665324,12.43287957112085
1767874178.9734488,1767874178973455838,Sr02_gA_IMG1_LID0_STA0_CFC64_OH0,0108_1308,A,0.5029798150062561,-0.002707685809582472,0.5,0.0,-24.510932267910672,-1.6282478008235517,1.9010060441604635,12.364511904721502
1767874179.0854547,1767874179085463564,Sr02_gA_IMG1_LID0_STA0_CFC64_OH0,0108_1308,A,0.49776771664619446,0.00443448219448328,0.5,0.0,-24.52716678660926,-1.5809567879545279,1.901955383676934,12.318976182126073
1767874179.2011032,1767874179201110860,Sr02_gA_IMG1_LID0_STA0_CFC64_OH0,0108_1308,A,0.5036036372184753,0.005111158825457096,0.5,0.0,-24.543446193756942,-1.5336812086547256,1.9029047358488882,12.273455514850255
1767874179.3161547,1767874179316165980,Sr02_gA_IMG1_LID0_STA0_CFC64_OH0,0108_1308,A,0.5036036372184753,0.005111158825457096,0.5,0.0,-24.567929329458167,-1.4627899175048251,1.903619523094481,12.205212044452987
1767874179.4295604,1767874179429568061,Sr02_gA_IMG1_LID0_STA0_CFC64_OH0,0108_1308,A,0.49796104431152344,0.0028618620708584785,0.5,0.0,-24.584298858778517,-1.4155454705932362,1.9050545222711863,12.159739683529434
1767874179.5475557,1767874179547563975,Sr02_gA_IMG1_LID0_STA0_CFC64_OH0,0108_1308,A,0.5019457936286926,-5.069468170404434e-05,0.5,0.0,-24.600710391230773,-1.3683155936778357,1.905124922295982,12.114284428347425
1767874179.6630716,1767874179663081349,Sr02_gA_IMG1_LID0_STA0_CFC64_OH0,0108_1308,A,0.5019457936286926,-5.069468170404434e-05,0.5,0.0,-24.62530612768574,-1.2974632898496354,1.9047187700892514,12.046178653784196
1767874179.779982,1767874179779989581,Sr02_gA_IMG1_LID0_STA0_CFC64_OH0,0108_1308,A,0.4980229437351227,-0.003139395732432604,0.5,0.0,-24.641704165881883,-1.250228726387268,1.9051622121182232,12.00082008419497
1767874179.8968081,1767874179896822683,Sr02_gA_IMG1_LID0_STA0_CFC64_OH0,0108_1308,A,0.5056328773498535,0.010527437552809715,0.5,0.0,-24.658124442702437,-1.2030018893333472,1.9056665598917557,11.95548857829954
1767874180.0111244,1767874180011132290,Sr02_gA_IMG1_LID0_STA0_CFC64_OH0,0108_1308,A,0.4968935251235962,-0.007196745835244656,0.5,0.0,-24.68280003490439,-1.1321773585289523,1.9064107407727866,11.887541195140507
1767874180.127118,1767874180127125634,Sr02_gA_IMG1_LID0_STA0_CFC64_OH0,0108_1308,A,0.4968935251235962,-0.007196745835244656,0.5,0.0,-24.69927425746199,-1.0849693120004795,1.906696926990992,11.842279485478722
1767874180.2415497,1767874180241557471,Sr02_gA_IMG1_LID0_STA0_CFC64_OH0,0108_1308,A,0.50030517578125,-0.003902421798557043,0.5,0.0,-24.715756421615904,-1.0377640374256512,1.9067209852796927,11.797052443539664
1767874180.3568976,1767874180356905890,Sr02_gA_IMG1_LID0_STA0_CFC64_OH0,0108_1308,A,0.4974042475223541,-0.004801877308636904,0.5,0.0,-24.732238415228597,-0.9905587033038709,1.9067159158198417,11.751864155066919
1767874180.4711769,1767874180471184922,Sr02_gA_IMG1_LID0_STA0_CFC64_OH0,0108_1308,A,0.4974042475223541,-0.004801877308636904,0.5,0.0,-24.75695213561053,-0.919747466643605,1.9063685574336078,11.684159458553525
1767874180.5871959,1767874180587203503,Sr02_gA_IMG1_LID0_STA0_CFC64_OH0,0108_1308,A,0.5030419230461121,-0.001247265376150608,0.5,0.0,-24.773436329902662,-0.8725429032385957,1.9072846208999383,11.639068844119166
1767874180.7037096,1767874180703719114,Sr02_gA_IMG1_LID0_STA0_CFC64_OH0,0108_1308,A,0.4979046881198883,-0.018557921051979065,0.5,0.0,-24.78994312165329,-0.8253462355778133,1.9069194441434139,11.59400809467818
1767874180.8215997,1767874180821607989,Sr02_gA_IMG1_LID0_STA0_CFC64_OH0,0108_1308,A,0.4979046881198883,-0.018557921051979065,0.5,0.0,-24.814642122432883,-0.7545298667007716,1.9058399340342362,11.526521682421926
1767874180.93996,1767874180939969328,Sr02_gA_IMG1_LID0_STA0_CFC64_OH0,0108_1308,A,0.5019707083702087,-0.012150462716817856,0.5,0.0,-24.8310734249366,-0.7073068643673679,1.9054496899718256,11.48159869304874
1767874181.054381,1767874181054388332,Sr02_gA_IMG1_LID0_STA0_CFC64_OH0,0108_1308,A,0.5024347901344299,-0.0660538524389267,0.5,0.0,-24.84748493838846,-0.6600769812106998,1.9049874927953554,11.4367270990912
1767874181.1724446,1767874181172453198,Sr02_gA_IMG1_LID0_STA0_CFC64_OH0,0108_1308,A,0.5024347901344299,-0.0660538524389267,0.5,0.0,-24.872059807864073,-0.5892174382133967,1.9042672123771516,11.369519915202302
1767874181.2861106,1767874181286119556,Sr02_gA_IMG1_LID0_STA0_CFC64_OH0,0108_1308,A,0.5001736283302307,-0.002611471340060234,0.5,0.0,-24.888423094015078,-0.541970824089188,1.904142483323562,11.324778934939902
1767874181.404313,1767874181404322500,Sr02_gA_IMG1_LID0_STA0_CFC64_OH0,0108_1308,A,0.5004587173461914,-1.3041310012340546e-05,0.5,0.0,-24.904747356296276,-0.49471071975998643,1.902459813773278,11.28010068887155
1767874181.5203216,1767874181520329612,Sr02_gA_IMG1_LID0_STA0_CFC64_OH0,0108_1308,A,0.498919278383255,0.005121965892612934,0.5,0.0,-24.9290698472212,-0.42376417587394133,1.8996761301686116,11.213246196899041
1767874181.6360674,1767874181636075496,Sr02_gA_IMG1_LID0_STA0_CFC64_OH0,0108_1308,A,0.498919278383255,0.005121965892612934,0.5,0.0,-24.94519024751921,-0.3764341423885673,1.8984610809812774,11.168779713520008
1767874181.7531788,1767874181753187431,Sr02_gA_IMG1_LID0_STA0_CFC64_OH0,0108_1308,A,0.5002411007881165,-0.00031916145235300064,0.5,0.0,-24.9611527323126,-0.3290627531157411,1.8925612916118875,11.124445564290783
1767874181.8782597,1767874181878266853,Sr02_gA_IMG1_LID0_STA0_CFC64_OH0,0108_1308,A,0.49971896409988403,0.0071299634873867035,0.5,0.0,-24.98451548850456,-0.2578064142335364,1.8830484310587257,11.058317876332941
1767874181.9961228,1767874181996131215,Sr02_gA_IMG1_LID0_STA0_CFC64_OH0,0108_1308,A,0.49971896409988403,0.0071299634873867035,0.5,0.0,-24.99986940390959,-0.21022220550951287,1.8827872576151639,11.014401268803153
1767874182.1113477,1767874182111356237,Sr02_gA_IMG1_LID0_STA0_CFC64_OH0,0108_1308,A,0.497365266084671,0.004566025920212269,0.5,0.0,-25.015215900200257,-0.1626356030398767,1.8827599672401045,10.97054048933367
1767874182.2283695,1767874182228376583,Sr02_gA_IMG1_LID0_STA0_CFC64_OH0,0108_1308,A,0.5018646121025085,-0.0018472890369594097,0.5,0.0,-25.03825302787127,-0.09126130928496959,1.8833742069739332,10.904839562307979
1767874182.3476863,1767874182347694683,Sr02_gA_IMG1_LID0_STA0_CFC64_OH0,0108_1308,A,0.5018646121025085,-0.0018472890369594097,0.5,0.0,-25.053640841739462,-0.043688051958132246,1.8838864027254545,10.861090704092998
1767874182.4691405,1767874182469149294,Sr02_gA_IMG1_LID0_STA0_CFC64_OH0,0108_1308,A,0.49648064374923706,-0.00560341589152813,0.5,0.0,-25.06904253860561,0.003880713174997656,1.8839089019803792,10.81738891525554
1767874182.5859342,1767874182585941785,Sr02_gA_IMG1_LID0_STA0_CFC64_OH0,0108_1308,A,0.5018510222434998,0.00015371013432741165,0.5,0.0,-25.092167941905018,0.07522645287637768,1.884754915671532,10.75192738429159
1767874182.703332,1767874182703339426,Sr02_gA_IMG1_LID0_STA0_CFC64_OH0,0108_1308,A,0.500156819820404,0.0036242613568902016,0.5,0.0,-25.107626199862718,0.1227768665234013,1.885467910854167,10.7083345347268
1767874182.8205197,1767874182820528567,Sr02_gA_IMG1_LID0_STA0_CFC64_OH0,0108_1308,A,0.500156819820404,0.0036242613568902016,0.5,0.0,-25.13086623739213,0.19408534944294864,1.886075832689093,10.643023582428114
1767874182.932223,1767874182932230968,Sr02_gA_IMG1_LID0_STA0_CFC64_OH0,0108_1308,A,0.4988677203655243,-0.000660240650177002,0.5,0.0,-25.146365956371312,0.2416222654916629,1.885891104467929,10.599550889561893
1767874183.0453773,1767874183045385202,Sr02_gA_IMG1_LID0_STA0_CFC64_OH0,0108_1308,A,0.49959951639175415,-0.0005349665880203247,0.5,0.0,-25.161856893659806,0.2891620439706285,1.8857063758663855,10.556140586775532
1767874183.1611235,1767874183161131930,Sr02_gA_IMG1_LID0_STA0_CFC64_OH0,0108_1308,A,0.49959951639175415,-0.0005349665880203247,0.5,0.0,-25.17733333412912,0.3367065432973379,1.885221160482016,10.512796450629967
1767874183.2754042,1767874183275414442,Sr02_gA_IMG1_LID0_STA0_CFC64_OH0,0108_1308,A,0.4996749758720398,-0.002034982666373253,0.5,0.0,-25.200515136113523,0.4080339806927193,1.8850139278948606,10.44790911843013
1767874183.3901947,1767874183390203191,Sr02_gA_IMG1_LID0_STA0_CFC64_OH0,0108_1308,A,0.5005942583084106,0.0019524022936820984,0.5,0.0,-25.215975807723456,0.4555836104554711,1.8853416453266851,10.404723171777396
1767874183.5091088,1767874183509116516,Sr02_gA_IMG1_LID0_STA0_CFC64_OH0,0108_1308,A,0.5005942583084106,0.0019524022936820984,0.5,0.0,-25.231453628987563,0.5031276606047325,1.8857040708695885,10.361589363923594
1767874183.6282525,1767874183628260451,Sr02_gA_IMG1_LID0_STA0_CFC64_OH0,0108_1308,A,0.49773097038269043,-0.0028452780097723007,0.5,0.0,-25.25469034471706,0.574437227443382,1.8857764180125458,10.296994379674073
1767874183.7442107,1767874183744219055,Sr02_gA_IMG1_LID0_STA0_CFC64_OH0,0108_1308,A,0.4982348084449768,0.0011771265417337418,0.5,0.0,-25.270178949205125,0.6219777660758496,1.885722921345383,10.254011119095534
1767874183.8580947,1767874183858103314,Sr02_gA_IMG1_LID0_STA0_CFC64_OH0,0108_1308,A,0.49961718916893005,-0.0017082178965210915,0.5,0.0,-25.28566501041475,0.6695191332270558,1.8856694247741346,10.211093128977272
1767874183.9758017,1767874183975809112,Sr02_gA_IMG1_LID0_STA0_CFC64_OH0,0108_1308,A,0.49961718916893005,-0.0017082178965210915,0.5,0.0,-25.308884293574742,0.7408343780252374,1.8854490510127404,10.146843080500057
1767874184.0893884,1767874184089395386,Sr02_gA_IMG1_LID0_STA0_CFC64_OH0,0108_1308,A,0.5004927515983582,0.0023837313055992126,0.5,0.0,-25.324363247018102,0.7883780597865478,1.8856442900732922,10.10409233199518
1767874184.2102869,1767874184210296967,Sr02_gA_IMG1_LID0_STA0_CFC64_OH0,0108_1308,A,0.5014061331748962,-0.0015012738294899464,0.5,0.0,-25.339851482586887,0.8359187185331914,1.8858395299833195,10.06140331665562
1767874184.329781,1767874184329789014,Sr02_gA_IMG1_LID0_STA0_CFC64_OH0,0108_1308,A,0.5014061331748962,-0.0015012738294899464,0.5,0.0,-25.363084817394054,0.9072293865869653,1.8855566728247821,9.997496343413843
1767874184.446288,1767874184446294802,Sr02_gA_IMG1_LID0_STA0_CFC64_OH0,0108_1308,A,0.5006643533706665,0.00036367401480674744,0.5,0.0,-25.378567044487014,0.9547720024645547,1.8856743822084898,9.954981382786974
1767874184.5649498,1767874184564959815,Sr02_gA_IMG1_LID0_STA0_CFC64_OH0,0108_1308,A,0.500385046005249,-0.005137596745043993,0.5,0.0,-25.394049312349594,1.0023146050357719,1.88553241630326,9.91253625850563
1767874184.6794937,1767874184679500952,Sr02_gA_IMG1_LID0_STA0_CFC64_OH0,0108_1308,A,0.49886903166770935,-0.0009626829996705055,0.5,0.0,-25.41725768633571,1.0736334008381696,1.8853171012035115,9.849009959293253
1767874184.7956195,1767874184795627041,Sr02_gA_IMG1_LID0_STA0_CFC64_OH0,0108_1308,A,0.49886903166770935,-0.0009626829996705055,0.5,0.0,-25.432731391638672,1.1211787908921045,1.8855554730724458,9.806748314056938
1767874184.9133768,1767874184913384969,Sr02_gA_IMG1_LID0_STA0_CFC64_OH0,0108_1308,A,0.5002132058143616,-0.0009600473567843437,0.5,0.0,-25.448208949642183,1.1687229269873438,1.8854441988956208,9.764557606716252
1767874185.030783,1767874185030791249,Sr02_gA_IMG1_LID0_STA0_CFC64_OH0,0108_1308,A,0.500170111656189,-0.004373801406472921,0.5,0.0,-25.471412041667772,1.240043441453201,1.8852190081896123,9.701418231562148
1767874185.1476645,1767874185147672661,Sr02_gA_IMG1_LID0_STA0_CFC64_OH0,0108_1308,A,0.500170111656189,-0.004373801406472921,0.5,0.0,-25.486876280592863,1.2875919114322565,1.8852553741045495,9.659422115098565
1767874185.2596912,1767874185259699282,Sr02_gA_IMG1_LID0_STA0_CFC64_OH0,0108_1308,A,0.5025658011436462,-0.0013628923334181309,0.5,0.0,-25.502333878126965,1.3351425404172683,1.8848516447150259,9.617506375527556
1767874185.380862,1767874185380869897,Sr02_gA_IMG1_LID0_STA0_CFC64_OH0,0108_1308,A,0.49871549010276794,0.00017531774938106537,0.5,0.0,-25.525489545102317,1.406478466500818,1.8845819920992464,9.554796359790613
1767874185.4983394,1767874185498348725,Sr02_gA_IMG1_LID0_STA0_CFC64_OH0,0108_1308,A,0.49871549010276794,0.00017531774938106537,0.5,0.0,-25.540920337814327,1.4540378012047157,1.8844857239567487,9.513092192976364
1767874185.6137676,1767874185613775068,Sr02_gA_IMG1_LID0_STA0_CFC64_OH0,0108_1308,A,0.5036459565162659,-0.0006864424794912338,0.5,0.0,-25.556346557082293,1.5015986195339663,1.884389693019686,9.471471017957366
1767874185.7288811,1767874185728889598,Sr02_gA_IMG1_LID0_STA0_CFC64_OH0,0108_1308,A,0.4990794360637665,0.0017040064558386803,0.5,0.0,-25.579465633427,1.5729464115339613,1.8838360389480013,9.409204139390736
1767874185.844726,1767874185844734714,Sr02_gA_IMG1_LID0_STA0_CFC64_OH0,0108_1308,A,0.4986802637577057,0.005281404592096806,0.5,0.0,-25.594852830998672,1.6205198683562259,1.8833986595227261,9.367811616498843
1767874185.9626174,1767874185962626202,Sr02_gA_IMG1_LID0_STA0_CFC64_OH0,0108_1308,A,0.4986802637577057,0.005281404592096806,0.5,0.0,-25.610225021358406,1.6680981768820957,1.8832322591668647,9.326512348400925
1767874186.0783994,1767874186078405906,Sr02_gA_IMG1_LID0_STA0_CFC64_OH0,0108_1308,A,0.501062273979187,-0.004764189012348652,0.5,0.0,-25.633276310365293,1.7394678998874775,1.8832124093821663,9.264728394395183
1767874186.1964645,1767874186196472995,Sr02_gA_IMG1_LID0_STA0_CFC64_OH0,0108_1308,A,0.5028412938117981,-0.0034105470404028893,0.5,0.0,-25.648644659484663,1.7870474493569988,1.883229941128429,9.223647481500338
1767874186.3145995,1767874186314610495,Sr02_gA_IMG1_LID0_STA0_CFC64_OH0,0108_1308,A,0.5028412938117981,-0.0034105470404028893,0.5,0.0,-25.66401218219374,1.8346272657475224,1.883169915240351,9.182655534005576
1767874186.4292247,1767874186429233639,Sr02_gA_IMG1_LID0_STA0_CFC64_OH0,0108_1308,A,0.500211238861084,-0.005732960067689419,0.5,0.0,-25.687065647133668,1.9059962857508865,1.883389572558315,9.121334781319238
1767874186.544147,1767874186544154919,Sr02_gA_IMG1_LID0_STA0_CFC64_OH0,0108_1308,A,0.49815240502357483,-0.0006435532122850418,0.5,0.0,-25.7024545711953,1.9535691839297582,1.8839177113915668,9.080556206581026
1767874186.6631806,1767874186663190577,Sr02_gA_IMG1_LID0_STA0_CFC64_OH0,0108_1308,A,0.49815240502357483,-0.0006435532122850418,0.5,0.0,-25.717868618237393,2.0011339479747137,1.8844458509869866,9.039854855983265
1767874186.779904,1767874186779911120,Sr02_gA_IMG1_LID0_STA0_CFC64_OH0,0108_1308,A,0.5028365850448608,-0.00011204928159713745,0.5,0.0,-25.74100241981487,2.0724769668989858,1.88404613445624,8.9789711089257
1767874186.8979683,1767874186897976986,Sr02_gA_IMG1_LID0_STA0_CFC64_OH0,0108_1308,A,0.5010528564453125,0.004872145131230354,0.5,0.0,-25.7564019031418,2.1200464484185977,1.883705080021619,8.93851543148116
1767874187.0149252,1767874187014938118,Sr02_gA_IMG1_LID0_STA0_CFC64_OH0,0108_1308,A,0.5004792809486389,-0.0018281582742929459,0.5,0.0,-25.771785161803265,2.167621179229354,1.883364025875456,8.898166870519148
1767874187.130955,1767874187130962993,Sr02_gA_IMG1_LID0_STA0_CFC64_OH0,0108_1308,A,0.5004792809486389,-0.0018281582742929459,0.5,0.0,-25.79482178904671,2.238995633906338,1.8826246485009916,8.83785300207083
1767874187.2459567,1767874187245964946,Sr02_gA_IMG1_LID0_STA0_CFC64_OH0,0108_1308,A,0.4961892068386078,-0.001319272443652153,0.5,0.0,-25.81016022161276,2.2865848361326204,1.88256029220078,8.797781409932469
1767874187.3682249,1767874187368234378,Sr02_gA_IMG1_LID0_STA0_CFC64_OH0,0108_1308,A,0.4968400299549103,-0.0013558422215282917,0.5,0.0,-25.82549559152845,2.3341750253677573,1.8824959369847858,8.75781386695336
1767874187.481121,1767874187481130827,Sr02_gA_IMG1_LID0_STA0_CFC64_OH0,0108_1308,A,0.4968400299549103,-0.0013558422215282917,0.5,0.0,-25.84849484361645,2.4055615345229215,1.8825130232320328,8.698059545654651
1767874187.5965693,1767874187596579084,Sr02_gA_IMG1_LID0_STA0_CFC64_OH0,0108_1308,A,0.4975237250328064,0.0006274664774537086,0.5,0.0,-25.863841088033045,2.4531482177010546,1.8830002358864308,8.65834657136344
1767874187.708749,1767874187708757932,Sr02_gA_IMG1_LID0_STA0_CFC64_OH0,0108_1308,A,0.49752286076545715,-0.00309921195730567,0.5,0.0,-25.879197604093534,2.500731587605682,1.8828844284095294,8.618734073841605
1767874187.8256218,1767874187825630210,Sr02_gA_IMG1_LID0_STA0_CFC64_OH0,0108_1308,A,0.49752286076545715,-0.00309921195730567,0.5,0.0,-25.89454558038216,2.548317712683114,1.8827016128811709,8.579235591289464
1767874187.941716,1767874187941725135,Sr02_gA_IMG1_LID0_STA0_CFC64_OH0,0108_1308,A,0.5003852248191833,0.006487633101642132,0.5,0.0,-25.91755269781735,2.6197016871661725,1.8824833665489575,8.520204357284534
1767874188.0565648,1767874188056573391,Sr02_gA_IMG1_LID0_STA0_CFC64_OH0,0108_1308,A,0.5009176135063171,-0.00030335597693920135,0.5,0.0,-25.932882728360642,2.6672935965910556,1.8823481482736917,8.480995664010635
1767874188.1756365,1767874188175645982,Sr02_gA_IMG1_LID0_STA0_CFC64_OH0,0108_1308,A,0.49892324209213257,0.0067033423110842705,0.5,0.0,-25.94820630693234,2.714887583805957,1.8822125642732481,8.441905242995114
1767874188.2941308,1767874188294138568,Sr02_gA_IMG1_LID0_STA0_CFC64_OH0,0108_1308,A,0.49892324209213257,0.0067033423110842705,0.5,0.0,-25.97118528609651,2.7862806212922844,1.8822273503550486,8.383491216106755
1767874188.4092846,1767874188409292276,Sr02_gA_IMG1_LID0_STA0_CFC64_OH0,0108_1308,A,0.5015883445739746,-0.0007913112640380859,0.5,0.0,-25.98649896646691,2.8338777940699442,1.8819174325178776,8.344699598096813
1767874188.5261798,1767874188526187328,Sr02_gA_IMG1_LID0_STA0_CFC64_OH0,0108_1308,A,0.500104546546936,-9.69860702753067e-05,0.5,0.0,-26.001797894765875,2.8814797105851193,1.881607511829045,8.306037645971955
1767874188.64412,1767874188644127453,Sr02_gA_IMG1_LID0_STA0_CFC64_OH0,0108_1308,A,0.500104546546936,-9.69860702753067e-05,0.5,0.0,-26.02474623412504,2.952882600828603,1.8821971746915953,8.248273271941406
1767874188.760958,1767874188760966289,Sr02_gA_IMG1_LID0_STA0_CFC64_OH0,0108_1308,A,0.5014722943305969,-0.0015357923693954945,0.5,0.0,-26.04006513202072,3.0004780948380603,1.8821668443399837,8.209905025642009
1767874188.8763654,1767874188876372259,Sr02_gA_IMG1_LID0_STA0_CFC64_OH0,0108_1308,A,0.49957430362701416,0.0009110653772950172,0.5,0.0,-26.055393256976505,3.048070617279842,1.8826970383768284,8.171656307805666
1767874188.9912057,1767874188991213794,Sr02_gA_IMG1_LID0_STA0_CFC64_OH0,0108_1308,A,0.49957430362701416,0.0009110653772950172,0.5,0.0,-26.078444253304593,3.119440431494886,1.8837025380787005,8.114482708404156
1767874189.1096916,1767874189109697886,Sr02_gA_IMG1_LID0_STA0_CFC64_OH0,0108_1308,A,0.5006138682365417,-0.0006446577608585358,0.5,0.0,-26.09383362168745,3.1670131865374067,1.8836234128166096,8.076513940384356
1767874189.225782,1767874189225789849,Sr02_gA_IMG1_LID0_STA0_CFC64_OH0,0108_1308,A,0.5017576813697815,0.0022231247276067734,0.5,0.0,-26.109220282565257,3.214586817363247,1.883599827213016,8.038678698103995
1767874189.3442328,1767874189344240789,Sr02_gA_IMG1_LID0_STA0_CFC64_OH0,0108_1308,A,0.5005185604095459,-0.000828365795314312,0.5,0.0,-26.132299309654826,3.285947575453828,1.8835852793262733,7.982177494894364
1767874189.461367,1767874189461374468,Sr02_gA_IMG1_LID0_STA0_CFC64_OH0,0108_1308,A,0.5005185604095459,-0.000828365795314312,0.5,0.0,-26.147681328472444,3.333522707352184,1.8834317014415265,7.94468292275441
1767874189.5755186,1767874189575526376,Sr02_gA_IMG1_LID0_STA0_CFC64_OH0,0108_1308,A,0.5004978775978088,0.0004043281078338623,0.5,0.0,-26.163059765759456,3.3810989971242087,1.883473868883071,7.9073292322247015
1767874189.6961057,1767874189696116123,Sr02_gA_IMG1_LID0_STA0_CFC64_OH0,0108_1308,A,0.4997421205043793,-0.0002225404605269432,0.5,0.0,-26.186135199459518,3.4524609172032554,1.883610528466138,7.85155702534827
1767874189.8136828,1767874189813692158,Sr02_gA_IMG1_LID0_STA0_CFC64_OH0,0108_1308,A,0.4997421205043793,-0.0002225404605269432,0.5,0.0,-26.201520539275823,3.5000349752682256,1.8835460639859276,7.814553098449295
1767874189.9321375,1767874189932148359,Sr02_gA_IMG1_LID0_STA0_CFC64_OH0,0108_1308,A,0.501485288143158,0.0010240599513053894,0.5,0.0,-26.21690717792052,3.5476086132021885,1.8837110183447534,7.7776936268316215
1767874190.0517087,1767874190051717118,Sr02_gA_IMG1_LID0_STA0_CFC64_OH0,0108_1308,A,0.4956803023815155,0.0012670373544096947,0.5,0.0,-26.239997774001104,3.61896562866329,1.8837088254348837,7.7226739152388895
1767874190.1674285,1767874190167438300,Sr02_gA_IMG1_LID0_STA0_CFC64_OH0,0108_1308,A,0.50352942943573,0.0004071071743965149,0.5,0.0,-26.255387353102893,3.666538315539785,1.8836259889908942,7.6861848706095905
1767874190.2831616,1767874190283169380,Sr02_gA_IMG1_LID0_STA0_CFC64_OH0,0108_1308,A,0.50352942943573,0.0004071071743965149,0.5,0.0,-26.278469273159118,3.737898137932123,1.883655714997569,7.631740179783206
1767874190.3975687,1767874190397578240,Sr02_gA_IMG1_LID0_STA0_CFC64_OH0,0108_1308,A,0.4992959499359131,-0.005835258401930332,0.5,0.0,-26.293857766693876,3.785471175980922,1.883633461121468,7.595637935937685
1767874190.5154135,1767874190515423109,Sr02_gA_IMG1_LID0_STA0_CFC64_OH0,0108_1308,A,0.49867767095565796,0.0008344780653715134,0.5,0.0,-26.309245201533365,3.8330445564704263,1.8836112071118232,7.559694759563015
1767874190.6343002,1767874190634308784,Sr02_gA_IMG1_LID0_STA0_CFC64_OH0,0108_1308,A,0.49867767095565796,0.0008344780653715134,0.5,0.0,-26.32463347539348,3.880617665563149,1.8836886800181285,7.523911533973269
1767874190.7503731,1767874190750383836,Sr02_gA_IMG1_LID0_STA0_CFC64_OH0,0108_1308,A,0.49798181653022766,-0.0016642604023218155,0.5,0.0,-26.347725541892828,3.951974205107401,1.8838690160442575,7.470535638977384
1767874190.8696,1767874190869608444,Sr02_gA_IMG1_LID0_STA0_CFC64_OH0,0108_1308,A,0.5006608366966248,0.0027206512168049812,0.5,0.0,-26.363126068683545,3.9995433490683285,1.8839183266408572,7.435154805867657
1767874190.9835842,1767874190983592640,Sr02_gA_IMG1_LID0_STA0_CFC64_OH0,0108_1308,A,0.5006608366966248,0.0027206512168049812,0.5,0.0,-26.3862303721346,4.070895927486334,1.8839169725101814,7.382397948785185
1767874191.0967932,1767874191096801348,Sr02_gA_IMG1_LID0_STA0_CFC64_OH0,0108_1308,A,0.501930832862854,-0.006182407960295677,0.5,0.0,-26.401617943634623,4.11846926303613,1.8833334489543043,7.347453107388173
1767874191.2146995,1767874191214708596,Sr02_gA_IMG1_LID0_STA0_CFC64_OH0,0108_1308,A,0.49916741251945496,0.007257416844367981,0.5,0.0,-26.416993619481815,4.166046445318663,1.8834168915206837,7.31269215647918
1767874191.3318846,1767874191331894125,Sr02_gA_IMG1_LID0_STA0_CFC64_OH0,0108_1308,A,0.5017907023429871,-0.005515306256711483,0.5,0.0,-26.432373265458537,4.213622344376793,1.8835003391907184,7.278105661501888
1767874191.453039,1767874191453046085,Sr02_gA_IMG1_LID0_STA0_CFC64_OH0,0108_1308,A,0.5017907023429871,-0.005515306256711483,0.5,0.0,-26.455442986207068,4.28498611146794,1.8833506518259526,7.2265640105169
1767874191.5690017,1767874191569010383,Sr02_gA_IMG1_LID0_STA0_CFC64_OH0,0108_1308,A,0.4996125400066376,-0.0019087642431259155,0.5,0.0,-26.47082198556283,4.332562219418263,1.8835788641028712,7.192432829185175
1767874191.6878848,1767874191687892722,Sr02_gA_IMG1_LID0_STA0_CFC64_OH0,0108_1308,A,0.501799464225769,0.007564384490251541,0.5,0.0,-26.493913749281766,4.403918856632661,1.883808906510139,7.141568546690218
1767874191.8049755,1767874191804983164,Sr02_gA_IMG1_LID0_STA0_CFC64_OH0,0108_1308,A,0.501799464225769,0.007564384490251541,0.5,0.0,-26.509295353787486,4.451494121699336,1.8831906672533745,7.10790651775324
1767874191.9202461,1767874191920254346,Sr02_gA_IMG1_LID0_STA0_CFC64_OH0,0108_1308,A,0.49724486470222473,-0.007610291242599487,0.5,0.0,-26.52467951492304,4.499068559790461,1.8839163974666735,7.074435702881949
1767874192.03523,1767874192035238453,Sr02_gA_IMG1_LID0_STA0_CFC64_OH0,0108_1308,A,0.5031826496124268,-0.008578294888138771,0.5,0.0,-26.547769147464205,4.570425885217907,1.8833445666991546,7.024587206263726
1767874192.1528974,1767874192152905643,Sr02_gA_IMG1_LID0_STA0_CFC64_OH0,0108_1308,A,0.5031826496124268,-0.008578294888138771,0.5,0.0,-26.563130246353946,4.618007775265598,1.8827930369756012,6.99162972877374
1767874192.271542,1767874192271551092,Sr02_gA_IMG1_LID0_STA0_CFC64_OH0,0108_1308,A,0.5013652443885803,0.002966238185763359,0.5,0.0,-26.57847205125205,4.665595890347461,1.8825660927426544,6.95889077578698
1767874192.3883913,1767874192388399814,Sr02_gA_IMG1_LID0_STA0_CFC64_OH0,0108_1308,A,0.502444863319397,0.016659772023558617,0.5,0.0,-26.601505689254175,4.736971308169755,1.8835112786466994,6.910153097775253
1767874192.5026953,1767874192502703880,Sr02_gA_IMG1_LID0_STA0_CFC64_OH0,0108_1308,A,0.4998337924480438,0.006596437655389309,0.5,0.0,-26.616905833033343,4.784540574879853,1.8842677158585215,6.877888070612148
1767874192.618956,1767874192618963361,Sr02_gA_IMG1_LID0_STA0_CFC64_OH0,0108_1308,A,0.4998337924480438,0.006596437655389309,0.5,0.0,-26.632312725495684,4.83210765633716,1.8836584460996895,6.845830707380787
1767874192.737172,1767874192737180970,Sr02_gA_IMG1_LID0_STA0_CFC64_OH0,0108_1308,A,0.5004622936248779,0.005898366682231426,0.5,0.0,-26.647682300817287,4.879686808154149,1.882819978795972,6.81401974141035
1767874192.8544729,1767874192854481355,Sr02_gA_IMG1_LID0_STA0_CFC64_OH0,0108_1308,A,0.499523788690567,0.0035362057387828827,0.5,0.0,-26.670660260272964,4.951080168418744,1.8815332366672943,6.766778175276028
1767874192.973141,1767874192973148815,Sr02_gA_IMG1_LID0_STA0_CFC64_OH0,0108_1308,A,0.499523788690567,0.0035362057387828827,0.5,0.0,-26.6859501151983,4.998685000150573,1.881714406025003,6.735587359807749
1767874193.091983,1767874193091990962,Sr02_gA_IMG1_LID0_STA0_CFC64_OH0,0108_1308,A,0.5000648498535156,0.0019823918119072914,0.5,0.0,-26.708965784990323,5.070066199101741,1.883838859411529,6.689162217060931
1767874193.2101884,1767874193210197603,Sr02_gA_IMG1_LID0_STA0_CFC64_OH0,0108_1308,A,0.49908363819122314,0.005875943228602409,0.5,0.0,-26.72437920890442,5.117631164732957,1.88449850424208,6.658443705188981
1767874193.3256183,1767874193325625962,Sr02_gA_IMG1_LID0_STA0_CFC64_OH0,0108_1308,A,0.49879321455955505,0.00022542104125022888,0.5,0.0,-26.739824005353874,5.165185952662041,1.8851581469287775,6.6279338200599645
1767874193.4412816,1767874193441289400,Sr02_gA_IMG1_LID0_STA0_CFC64_OH0,0108_1308,A,0.49879321455955505,0.00022542104125022888,0.5,0.0,-26.763047148505116,5.236499938256274,1.8860332421483217,6.5825689406010985
1767874193.5546775,1767874193554685312,Sr02_gA_IMG1_LID0_STA0_CFC64_OH0,0108_1308,A,0.49663323163986206,0.0064716702327132225,0.5,0.0,-26.77855763812598,5.284033340918427,1.8863868626470846,6.552604152232959
1767874193.6694655,1767874193669475468,Sr02_gA_IMG1_LID0_STA0_CFC64_OH0,0108_1308,A,0.5031072497367859,0.007889071479439735,0.5,0.0,-26.794084935540567,5.331561255788995,1.886740482642605,6.522870733206371
1767874193.7882442,1767874193788251603,Sr02_gA_IMG1_LID0_STA0_CFC64_OH0,0108_1308,A,0.5031072497367859,0.007889071479439735,0.5,0.0,-26.809627229772254,5.379084268757404,1.8869853370299892,6.493373405860509
1767874193.9021149,1767874193902123082,Sr02_gA_IMG1_LID0_STA0_CFC64_OH0,0108_1308,A,0.5064888596534729,0.14677803218364716,0.5,0.0,-26.832970025615396,5.450359179349502,1.8877109822915492,6.4495761108454825
1767874194.0201478,1767874194020155477,Sr02_gA_IMG1_LID0_STA0_CFC64_OH0,0108_1308,A,0.5027660727500916,0.018079375848174095,0.5,0.0,-26.848554928069348,5.497868236359537,1.8877900338120068,6.420678821809923
1767874194.137648,1767874194137655649,Sr02_gA_IMG1_LID0_STA0_CFC64_OH0,0108_1308,A,0.5027660727500916,0.018079375848174095,0.5,0.0,-26.864141035735333,5.545376897996918,1.8878125758792987,6.392040967754874
1767874194.2543366,1767874194254344926,Sr02_gA_IMG1_LID0_STA0_CFC64_OH0,0108_1308,A,0.4989333748817444,0.005545331165194511,0.5,0.0,-26.88754015685022,5.616633337008934,1.8885334704878105,6.3495628925804
1767874194.3690128,1767874194369020580,Sr02_gA_IMG1_LID0_STA0_CFC64_OH0,0108_1308,A,0.5032820105552673,0.08231325447559357,0.5,0.0,-26.903179778302256,5.664124407687424,1.8893223752608537,6.321544805660645
1767874194.4852886,1767874194485296124,Sr02_gA_IMG1_LID0_STA0_CFC64_OH0,0108_1308,A,0.5032820105552673,0.08231325447559357,0.5,0.0,-26.918856860862746,5.711603125400876,1.8901112811184853,6.293766334562299
1767874194.6013048,1767874194601312072,Sr02_gA_IMG1_LID0_STA0_CFC64_OH0,0108_1308,A,0.4991462826728821,0.0016019940376281738,0.5,0.0,-26.94275214116746,5.782569383139029,1.9053916570198317,6.252313711522132
1767874194.7156715,1767874194715680993,Sr02_gA_IMG1_LID0_STA0_CFC64_OH0,0108_1308,A,0.5050909519195557,0.15245047211647034,0.5,0.0,-26.959261496626887,5.829680303877559,1.9089820803681257,6.224514072436537
1767874194.8330321,1767874194833040272,Sr02_gA_IMG1_LID0_STA0_CFC64_OH0,0108_1308,A,0.4980154037475586,0.4931611716747284,0.5,0.5,-26.975892932517876,5.87683318652662,1.9107900150012933,6.19686326439214
1767874194.9510708,1767874194951079541,Sr02_gA_IMG1_LID0_STA0_CFC64_OH0,0108_1308,A,0.4980154037475586,0.4931611716747284,0.5,0.5,-27.000964136313055,5.94751864008284,1.9121231838739816,6.155805119369787
1767874195.0652032,1767874195065210628,Sr02_gA_IMG1_LID0_STA0_CFC64_OH0,0108_1308,A,0.496319979429245,0.4449804127216339,0.5,0.5,-27.017861304408495,5.994543164515516,1.9198301465030412,6.128634016072532
1767874195.17939,1767874195179398172,Sr02_gA_IMG1_LID0_STA0_CFC64_OH0,0108_1308,A,0.4920504689216614,0.5232844352722168,0.5,0.5,-27.035153986157066,6.041457434443081,1.9280614584869684,6.101389140312153
1767874195.293928,1767874195293935760,Sr02_gA_IMG1_LID0_STA0_CFC64_OH0,0108_1308,A,0.4920504689216614,0.5232844352722168,0.5,0.5,-27.061560513245073,6.111619786037855,1.931256978674716,6.060651737196238
1767874195.4071488,1767874195407156266,Sr02_gA_IMG1_LID0_STA0_CFC64_OH0,0108_1308,A,0.4997522532939911,0.364467591047287,0.5,0.5,-27.079381934319468,6.158186762065919,1.9433932900230293,6.033687291158837
1767874195.5224726,1767874195522480344,Sr02_gA_IMG1_LID0_STA0_CFC64_OH0,0108_1308,A,0.5106217265129089,0.3116641938686371,0.5,0.5,-27.097930414952362,6.204104499089841,1.9701510410548961,6.006428563653361
1767874195.6395574,1767874195639565812,Sr02_gA_IMG1_LID0_STA0_CFC64_OH0,0108_1308,A,0.5106217265129089,0.3116641938686371,0.5,0.5,-27.118227657592854,6.249293022940259,2.0170845408286016,5.977874788783128
1767874195.7562163,1767874195756225204,Sr02_gA_IMG1_LID0_STA0_CFC64_OH0,0108_1308,A,0.5019999742507935,0.22035552561283112,0.5,0.5,-27.152965276143206,6.315746683892079,2.086240590859367,5.931574630094875
1767874195.8713322,1767874195871340692,Sr02_gA_IMG1_LID0_STA0_CFC64_OH0,0108_1308,A,0.49375444650650024,0.5721782445907593,0.5,0.5,-27.178666783771455,6.358565247108358,2.137442263398183,5.8987844611590345
1767874195.9899874,1767874195989995833,Sr02_gA_IMG1_LID0_STA0_CFC64_OH0,0108_1308,A,0.49600592255592346,0.4657265543937683,0.5,0.5,-27.206598288239476,6.400029210046065,2.189770657566237,5.864261007863988
1767874196.101054,1767874196101062717,Sr02_gA_IMG1_LID0_STA0_CFC64_OH0,0108_1308,A,0.49600592255592346,0.4657265543937683,0.5,0.5,-27.252085408019155,6.459533769660206,2.252078568430066,5.809773600084963
1767874196.2160165,1767874196216026763,Sr02_gA_IMG1_LID0_STA0_CFC64_OH0,0108_1308,A,0.4954794645309448,0.16183428466320038,0.5,0.0,-27.284174961890685,6.49787510262539,2.283244978066914,5.772159035569137
1767874196.3301117,1767874196330119421,Sr02_gA_IMG1_LID0_STA0_CFC64_OH0,0108_1308,A,0.49590781331062317,0.3298373222351074,0.5,0.5,-27.31744369894608,6.535197862754793,2.314411346478618,5.73371545077164
1767874196.4555576,1767874196455566636,Sr02_gA_IMG1_LID0_STA0_CFC64_OH0,0108_1308,A,0.49590781331062317,0.3298373222351074,0.5,0.5,-27.369244314837392,6.589374324489526,2.3506988931959603,5.674756854958901
1767874196.5691667,1767874196569174317,Sr02_gA_IMG1_LID0_STA0_CFC64_OH0,0108_1308,A,0.4944446086883545,0.3919762969017029,0.5,0.5,-27.404534082907094,6.623927051962417,2.3870374666818956,5.6351202154082065
1767874196.6850545,1767874196685062460,Sr02_gA_IMG1_LID0_STA0_CFC64_OH0,0108_1308,A,0.4973006248474121,0.173143669962883,0.5,0.0,-27.441589770453742,6.657110588469203,2.4345639792256044,5.59406178756239
1767874196.7976868,1767874196797695160,Sr02_gA_IMG1_LID0_STA0_CFC64_OH0,0108_1308,A,0.4973006248474121,0.173143669962883,0.5,0.0,-27.500251791970868,6.703789775844117,2.503644368324094,5.5300579005269395
1767874196.9098144,1767874196909822736,Sr02_gA_IMG1_LID0_STA0_CFC64_OH0,0108_1308,A,0.5111987590789795,0.2823117673397064,0.5,0.5,-27.540468385576805,6.732739223457802,2.527779712316822,5.4866938497880975
1767874197.0254507,1767874197025458237,Sr02_gA_IMG1_LID0_STA0_CFC64_OH0,0108_1308,A,0.5011367797851562,0.43484050035476685,0.5,0.5,-27.58148866011649,6.7609287104233875,2.5544423617303185,5.442721949907426
1767874197.1406367,1767874197140644049,Sr02_gA_IMG1_LID0_STA0_CFC64_OH0,0108_1308,A,0.5011367797851562,0.43484050035476685,0.5,0.5,-27.62356402321319,6.787936798371436,2.5874260391074984,5.397929337763704
1767874197.2559717,1767874197255979260,Sr02_gA_IMG1_LID0_STA0_CFC64_OH0,0108_1308,A,0.49479684233665466,0.14125387370586395,0.5,0.0,-27.68834551276082,6.82567583586343,2.642892132110737,5.329537268843325
1767874197.374481,1767874197374498561,Sr02_gA_IMG1_LID0_STA0_CFC64_OH0,0108_1308,A,0.5092746615409851,0.1826736330986023,0.5,0.0,-27.732384856811986,6.8488549328236,2.667368983276141,5.283389574036856
1767874197.4906907,1767874197490699349,Sr02_gA_IMG1_LID0_STA0_CFC64_OH0,0108_1308,A,0.499141126871109,0.02809085324406624,0.5,0.0,-27.777062665314414,6.871301104958489,2.6846833224615203,5.2367425001976775
1767874197.6048458,1767874197604854545,Sr02_gA_IMG1_LID0_STA0_CFC64_OH0,0108_1308,A,0.499141126871109,0.02809085324406624,0.5,0.0,-27.84481081895479,6.903246763057194,2.7209493716268924,5.166316805251717
1767874197.7185714,1767874197718578596,Sr02_gA_IMG1_LID0_STA0_CFC64_OH0,0108_1308,A,0.5055294036865234,0.007489262148737907,0.5,0.0,-27.89066553017427,6.922721218917282,2.7610911278173664,5.118909621158015
1767874197.8330305,1767874197833038782,Sr02_gA_IMG1_LID0_STA0_CFC64_OH0,0108_1308,A,0.501377522945404,0.07732924818992615,0.5,0.0,-27.93747849266458,6.940275484821765,2.8045751264932854,5.070756634927775
1767874197.9527874,1767874197952795154,Sr02_gA_IMG1_LID0_STA0_CFC64_OH0,0108_1308,A,0.501377522945404,0.07732924818992615,0.5,0.0,-28.008436841825002,6.963203602308256,2.844312802953514,4.998135118972346
1767874198.0716765,1767874198071684588,Sr02_gA_IMG1_LID0_STA0_CFC64_OH0,0108_1308,A,0.500076413154602,0.002915644086897373,0.5,0.0,-28.056362817207688,6.977412260337555,2.8625047008373703,4.949220056772058
1767874198.1877723,1767874198187781233,Sr02_gA_IMG1_LID0_STA0_CFC64_OH0,0108_1308,A,0.5000561475753784,0.015556419268250465,0.5,0.0,-28.10439792564271,6.9908686069766315,2.871117617846687,4.900276158625129
1767874198.304045,1767874198304052535,Sr02_gA_IMG1_LID0_STA0_CFC64_OH0,0108_1308,A,0.5000561475753784,0.015556419268250465,0.5,0.0,-28.176713096365848,7.010755969719486,2.875125234938713,4.826656812895869
1767874198.423018,1767874198423025776,Sr02_gA_IMG1_LID0_STA0_CFC64_OH0,0108_1308,A,0.5012997984886169,0.006081189960241318,0.5,0.0,-28.224953375689285,7.023904164150083,2.875874164317685,4.777579018808751
1767874198.5425575,1767874198542565284,Sr02_gA_IMG1_LID0_STA0_CFC64_OH0,0108_1308,A,0.5082506537437439,0.023863274604082108,0.5,0.0,-28.273207394099337,7.036887616367009,2.8825177307336083,4.7285184842539865
1767874198.6576898,1767874198657697918,Sr02_gA_IMG1_LID0_STA0_CFC64_OH0,0108_1308,A,0.4980536103248596,0.004264690913259983,0.5,0.0,-28.345814251368868,7.055680713268498,2.894117098988734,4.654784825003298
1767874198.7718215,1767874198771829863,Sr02_gA_IMG1_LID0_STA0_CFC64_OH0,0108_1308,A,0.4980536103248596,0.004264690913259983,0.5,0.0,-28.394267438184073,7.06789514599741,2.894823824948428,4.6056239345732015
1767874198.8876195,1767874198887627750,Sr02_gA_IMG1_LID0_STA0_CFC64_OH0,0108_1308,A,0.507839560508728,0.019251475110650063,0.5,0.0,-28.4427607914764,7.080076848963678,2.896253047113668,4.5564426317173945
1767874199.0050325,1767874199005040144,Sr02_gA_IMG1_LID0_STA0_CFC64_OH0,0108_1308,A,0.49852240085601807,-0.011084306053817272,0.5,0.0,-28.515536091627332,7.098208380121937,2.8985865061871845,4.482678018857432
1767874199.121049,1767874199121056691,Sr02_gA_IMG1_LID0_STA0_CFC64_OH0,0108_1308,A,0.49852240085601807,-0.011084306053817272,0.5,0.0,-28.564070694686045,7.11022469868094,2.8991946314390127,4.4335111325690955
1767874199.2346468,1767874199234656132,Sr02_gA_IMG1_LID0_STA0_CFC64_OH0,0108_1308,A,0.5036536455154419,0.016424940899014473,0.5,0.0,-28.61262120565895,7.122176536536328,2.901403120834091,4.38435086803629
1767874199.351348,1767874199351356667,Sr02_gA_IMG1_LID0_STA0_CFC64_OH0,0108_1308,A,0.5024884343147278,0.0016748690977692604,0.5,0.0,-28.685483287360086,7.13995618363344,2.9026307949705963,4.310618366301788
1767874199.4670792,1767874199467087521,Sr02_gA_IMG1_LID0_STA0_CFC64_OH0,0108_1308,A,0.5024884343147278,0.0016748690977692604,0.5,0.0,-28.73406501738709,7.151780529394694,2.9030572633644103,4.261482421578015
1767874199.585515,1767874199585523329,Sr02_gA_IMG1_LID0_STA0_CFC64_OH0,0108_1308,A,0.5025036931037903,0.008032919839024544,0.5,0.0,-28.78265893419541,7.163554661727376,2.9048325286621144,4.212357113687208
1767874199.7024739,1767874199702482267,Sr02_gA_IMG1_LID0_STA0_CFC64_OH0,0108_1308,A,0.4947148263454437,0.023572556674480438,0.5,0.0,-28.85556643409603,7.1811471294893625,2.90407998063272,4.138694978755436
1767874199.8184018,1767874199818409738,Sr02_gA_IMG1_LID0_STA0_CFC64_OH0,0108_1308,A,0.49244025349617004,0.0034224623814225197,0.5,0.0,-28.90415621180808,7.192938352024806,2.90297155184029,4.089626373589414
1767874199.9370356,1767874199937046582,Sr02_gA_IMG1_LID0_STA0_CFC64_OH0,0108_1308,A,0.49244025349617004,0.0034224623814225197,0.5,0.0,-28.952746053941283,7.204729298115195,2.9043389301742772,4.040580551681046
1767874200.0517771,1767874200051784721,Sr02_gA_IMG1_LID0_STA0_CFC64_OH0,0108_1308,A,0.5126921534538269,0.004898896440863609,0.5,0.0,-29.025652144010653,7.22232762879236,2.9048851723681386,3.967038477523361
1767874200.1702452,1767874200170253983,Sr02_gA_IMG1_LID0_STA0_CFC64_OH0,0108_1308,A,0.49281221628189087,0.35073232650756836,0.5,0.5,-29.07425889004656,7.234048717348962,2.9050526590040353,3.918038840546847
1767874200.285159,1767874200285168542,Sr02_gA_IMG1_LID0_STA0_CFC64_OH0,0108_1308,A,0.49281221628189087,0.35073232650756836,0.5,0.5,-29.122870611765713,7.245749147503823,2.905792364405574,3.8690604965145163
1767874200.4006307,1767874200400638610,Sr02_gA_IMG1_LID0_STA0_CFC64_OH0,0108_1308,A,0.39819565415382385,0.16032108664512634,0.5,0.0,-29.171497463759938,7.257386498391345,2.9078388120985785,3.820095376978516
1767874200.516951,1767874200516961191,Sr02_gA_IMG1_LID0_STA0_CFC64_OH0,0108_1308,A,0.496050089597702,0.303724467754364,0.5,0.5,-29.24447429716386,7.2746891118888195,2.9091581984879746,3.7466663522139227
1767874200.63568,1767874200635688816,Sr02_gA_IMG1_LID0_STA0_CFC64_OH0,0108_1308,A,0.496050089597702,0.303724467754364,0.5,0.5,-29.29313168947528,7.286198144517551,2.9095004441663552,3.697743131528221
1767874200.749097,1767874200749105757,Sr02_gA_IMG1_LID0_STA0_CFC64_OH0,0108_1308,A,0.49642202258110046,-0.006432821974158287,0.5,0.0,-29.34179356053734,7.29768822462078,2.9099608032465794,3.648845006630625
1767874200.86427,1767874200864278980,Sr02_gA_IMG1_LID0_STA0_CFC64_OH0,0108_1308,A,0.4994388222694397,-0.007538749370723963,0.5,0.0,-29.41423322874626,7.314387551278536,2.92843732092507,3.5761164915153603
1767874200.9840398,1767874200984048301,Sr02_gA_IMG1_LID0_STA0_CFC64_OH0,0108_1308,A,0.5038439035415649,-0.0015250612050294876,0.5,0.0,-29.463044502030243,7.324093481263492,2.962687583839912,3.5271687394230544
1767874201.1024241,1767874201102431824,Sr02_gA_IMG1_LID0_STA0_CFC64_OH0,0108_1308,A,0.5038439035415649,-0.0015250612050294876,0.5,0.0,-29.51218915462466,7.332282424611454,2.9862829290430923,3.477927475983404
1767874201.2177222,1767874201217730914,Sr02_gA_IMG1_LID0_STA0_CFC64_OH0,0108_1308,A,0.49699127674102783,0.013496024534106255,0.5,0.0,-29.586290794682128,7.342686138765309,3.0228549803956266,3.4037278049272404
1767874201.3320856,1767874201332094766,Sr02_gA_IMG1_LID0_STA0_CFC64_OH0,0108_1308,A,0.5030556917190552,0.0016706660389900208,0.5,0.0,-29.636021046412008,7.347854265334347,3.0532273774763707,3.353959510712767
1767874201.4484358,1767874201448446834,Sr02_gA_IMG1_LID0_STA0_CFC64_OH0,0108_1308,A,0.5030556917190552,0.0016706660389900208,0.5,0.0,-29.685476971773387,7.351665732182064,3.0712022114281705,3.3044801770081706
1767874201.565452,1767874201565461729,Sr02_gA_IMG1_LID0_STA0_CFC64_OH0,0108_1308,A,0.5032614469528198,0.11763501167297363,0.5,0.0,-29.760188537868835,7.3569477278706605,3.070468378674171,3.229742468901792
1767874201.6864827,1767874201686490556,Sr02_gA_IMG1_LID0_STA0_CFC64_OH0,0108_1308,A,0.5021868348121643,0.017475560307502747,0.5,0.0,-29.810061850297934,7.360504747071181,3.0703158682014435,3.179855801398119
1767874201.805555,1767874201805563477,Sr02_gA_IMG1_LID0_STA0_CFC64_OH0,0108_1308,A,0.5021868348121643,0.017475560307502747,0.5,0.0,-29.8599346196787,7.364069372223575,3.070163362330408,3.129973276521188
1767874201.9264903,1767874201926499060,Sr02_gA_IMG1_LID0_STA0_CFC64_OH0,0108_1308,A,0.5038119554519653,0.13932353258132935,0.5,0.0,-29.934746588909903,7.369376631943612,3.071737119370147,3.0551538971536125
1767874202.0401607,1767874202040169276,Sr02_gA_IMG1_LID0_STA0_CFC64_OH0,0108_1308,A,0.5094895958900452,0.45810994505882263,0.5,0.5,-29.984624931777315,7.37286240155434,3.071904194749574,3.005275584990517
1767874202.1596396,1767874202159649410,Sr02_gA_IMG1_LID0_STA0_CFC64_OH0,0108_1308,A,0.49930375814437866,0.31246083974838257,0.5,0.5,-30.05941211956252,7.378068839339625,3.0731688534308033,2.9304961665412033
1767874202.277527,1767874202277535776,Sr02_gA_IMG1_LID0_STA0_CFC64_OH0,0108_1308,A,0.49930375814437866,0.31246083974838257,0.5,0.5,-30.109267721493765,7.381205608434537,3.0846144192078264,2.880650004303516
1767874202.3934174,1767874202393426763,Sr02_gA_IMG1_LID0_STA0_CFC64_OH0,0108_1308,A,0.49300482869148254,-0.01538971345871687,0.5,0.0,-30.159143877998872,7.38396382643527,3.087308740759242,2.8307853504420666
1767874202.511461,1767874202511470443,Sr02_gA_IMG1_LID0_STA0_CFC64_OH0,0108_1308,A,0.4974184036254883,-0.006369926035404205,0.5,0.0,-30.234027578509746,7.387933461083479,3.0903009840948794,2.7559238322099175
1767874202.6275325,1767874202627541367,Sr02_gA_IMG1_LID0_STA0_CFC64_OH0,0108_1308,A,0.4974184036254883,-0.006369926035404205,0.5,0.0,-30.283896200055413,7.390190910977743,3.103209344586936,2.7060711424861874
1767874202.7427251,1767874202742732857,Sr02_gA_IMG1_LID0_STA0_CFC64_OH0,0108_1308,A,0.5036532878875732,0.04641168564558029,0.5,0.0,-30.333401552710743,7.391563113908013,3.1286710443295758,2.656577260213043
1767874202.8579836,1767874202857991162,Sr02_gA_IMG1_LID0_STA0_CFC64_OH0,0108_1308,A,0.5107819437980652,0.12690003216266632,0.5,0.0,-30.408056827446085,7.390623728858623,-3.1054620263298633,2.581916990077683
1767874202.9756255,1767874202975632841,Sr02_gA_IMG1_LID0_STA0_CFC64_OH0,0108_1308,A,0.4908832609653473,-0.01016072928905487,0.5,0.0,-30.45798784661601,7.38803730707922,-3.074215993460586,2.5319688040780917
1767874203.0903828,1767874203090391112,Sr02_gA_IMG1_LID0_STA0_CFC64_OH0,0108_1308,A,0.4908832609653473,-0.01016072928905487,0.5,0.0,-30.507344204321434,7.384186911009787,-3.0582983479900268,2.482590289575992
1767874203.2108145,1767874203210822075,Sr02_gA_IMG1_LID0_STA0_CFC64_OH0,0108_1308,A,0.5005647540092468,-0.004662652034312487,0.5,0.0,-30.55710558626105,7.380048765401875,-3.058967386542778,2.432810872205577
1767874203.3293095,1767874203329316829,Sr02_gA_IMG1_LID0_STA0_CFC64_OH0,0108_1308,A,0.4955437481403351,-0.00869892816990614,0.5,0.0,-30.631852662869317,7.373894628800328,-3.0599228738859505,2.3580489931507422
1767874203.445104,1767874203445112229,Sr02_gA_IMG1_LID0_STA0_CFC64_OH0,0108_1308,A,0.4955437481403351,-0.00869892816990614,0.5,0.0,-30.681667896351108,7.369732298015652,-3.0559595878571866,2.3082325088526288
1767874203.5617094,1767874203561716942,Sr02_gA_IMG1_LID0_STA0_CFC64_OH0,0108_1308,A,0.498223215341568,0.016898395493626595,0.5,0.0,-30.756298585905544,7.362762341242761,-3.039578019732361,2.2336169755798108
1767874203.675642,1767874203675651214,Sr02_gA_IMG1_LID0_STA0_CFC64_OH0,0108_1308,A,0.4813857078552246,-0.04085960611701012,0.5,0.0,-30.805949713636462,7.357652284314965,-3.0394211166937457,2.1839916882544492
1767874203.7949965,1767874203795005064,Sr02_gA_IMG1_LID0_STA0_CFC64_OH0,0108_1308,A,0.4813857078552246,-0.04085960611701012,0.5,0.0,-30.855691544124433,7.352577861433036,-3.0404371879585232,2.13428882833319
1767874203.9098418,1767874203909848786,Sr02_gA_IMG1_LID0_STA0_CFC64_OH0,0108_1308,A,0.49912524223327637,-0.01172797940671444,0.5,0.0,-30.930311577022998,7.345037986542619,-3.0412869106588114,2.0597533106191
1767874204.0285184,1767874204028525891,Sr02_gA_IMG1_LID0_STA0_CFC64_OH0,0108_1308,A,0.4964710772037506,0.002325022593140602,0.5,0.0,-30.98006242508214,7.3400527440507535,-3.0421568011931153,2.0100773640966367
1767874204.145715,1767874204145723042,Sr02_gA_IMG1_LID0_STA0_CFC64_OH0,0108_1308,A,0.5017967224121094,0.007597222924232483,0.5,0.0,-31.02981759093665,7.335110781270378,-3.0430266925872593,1.9604127815805412
1767874204.2626724,1767874204262679744,Sr02_gA_IMG1_LID0_STA0_CFC64_OH0,0108_1308,A,0.5017967224121094,0.007597222924232483,0.5,0.0,-31.104436474363613,7.327673460221427,-3.041384750285997,1.8859635656243017
1767874204.3805203,1767874204380528973,Sr02_gA_IMG1_LID0_STA0_CFC64_OH0,0108_1308,A,0.4999706447124481,-0.03035660646855831,0.5,0.0,-31.154195720738485,7.322773095741116,-3.045470681047026,1.8363402981403745
1767874204.5022051,1767874204502212989,Sr02_gA_IMG1_LID0_STA0_CFC64_OH0,0108_1308,A,0.48384684324264526,-0.0030746799893677235,0.5,0.0,-31.20397457466877,7.318076085455922,-3.0495566349757794,1.7867123888186671
1767874204.6142964,1767874204614304219,Sr02_gA_IMG1_LID0_STA0_CFC64_OH0,0108_1308,A,0.48384684324264526,-0.0030746799893677235,0.5,0.0,-31.278666837368576,7.311289087104295,-3.051757960851618,1.7122780972117118
1767874204.72771,1767874204727719202,Sr02_gA_IMG1_LID0_STA0_CFC64_OH0,0108_1308,A,0.5038229823112488,0.02393260970711708,0.5,0.0,-31.32846469115849,7.306797602969413,-3.051525461966478,1.6626791884573393
1767874204.8434932,1767874204843501139,Sr02_gA_IMG1_LID0_STA0_CFC64_OH0,0108_1308,A,0.4119719862937927,-0.047601595520973206,0.5,0.0,-31.378260535652863,7.302283908432843,-3.0508184668679643,1.6131079993291524
1767874204.9605668,1767874204960574869,Sr02_gA_IMG1_LID0_STA0_CFC64_OH0,0108_1308,A,0.4119719862937927,-0.047601595520973206,0.5,0.0,-31.428052948584615,7.297732515550828,-3.0500587458181516,1.5635693140341842
1767874205.075822,1767874205075830042,Sr02_gA_IMG1_LID0_STA0_CFC64_OH0,0108_1308,A,0.4312190115451813,0.005878000520169735,0.5,0.0,-31.502741411285704,7.290948452997803,-3.0530797049867884,1.4893169368786272
1767874205.190276,1767874205190285411,Sr02_gA_IMG1_LID0_STA0_CFC64_OH0,0108_1308,A,0.5006101727485657,0.33550727367401123,0.5,0.5,-31.552547492914936,7.286549148413798,-3.0536600121773403,1.4398371700048818
1767874205.3080974,1767874205308104797,Sr02_gA_IMG1_LID0_STA0_CFC64_OH0,0108_1308,A,0.4645020663738251,0.08602789044380188,0.5,0.0,-31.602354984799135,7.282165837392043,-3.0539674796735836,1.3903921944859818
1767874205.4236548,1767874205423662486,Sr02_gA_IMG1_LID0_STA0_CFC64_OH0,0108_1308,A,0.4645020663738251,0.08602789044380188,0.5,0.0,-31.677061542041997,7.275538207665491,-3.0514579045760373,1.316311844833027
1767874205.541033,1767874205541040607,Sr02_gA_IMG1_LID0_STA0_CFC64_OH0,0108_1308,A,0.4715674817562103,0.15779224038124084,0.5,0.0,-31.726837182162104,7.271140230148986,-3.055817679488142,1.2670120904684654
1767874205.6565235,1767874205656531891,Sr02_gA_IMG1_LID0_STA0_CFC64_OH0,0108_1308,A,0.5026277303695679,0.19516316056251526,0.5,0.0,-31.776663364969174,7.266975320981738,-3.0605778312541467,1.217696629444943
1767874205.7686658,1767874205768673497,Sr02_gA_IMG1_LID0_STA0_CFC64_OH0,0108_1308,A,0.5026277303695679,0.19516316056251526,0.5,0.0,-31.851412954754124,7.260990042968652,-3.061445558795226,1.1437993507736077
1767874205.8882227,1767874205888232854,Sr02_gA_IMG1_LID0_STA0_CFC64_OH0,0108_1308,A,0.5351943373680115,0.20616514980793,0.5,0.5,-31.900680448938747,7.256748448614779,-3.0459322808643483,1.0952056919676236
1767874206.002767,1767874206002775205,Sr02_gA_IMG1_LID0_STA0_CFC64_OH0,0108_1308,A,0.5238654613494873,0.09711214900016785,0.5,0.0,-31.949511322966902,7.251512551369777,-3.0279266362193615,1.0472391117450506
1767874206.1188326,1767874206118840364,Sr02_gA_IMG1_LID0_STA0_CFC64_OH0,0108_1308,A,0.5238654613494873,0.09711214900016785,0.5,0.0,-32.023970388304754,7.242525404948757,-3.0150224711986784,0.9744493015248754
1767874206.2324271,1767874206232439314,Sr02_gA_IMG1_LID0_STA0_CFC64_OH0,0108_1308,A,0.5108100771903992,-0.03819306194782257,0.5,0.0,-32.073489655612555,7.235849153254521,-2.999730056651422,0.9263372554559611
1767874206.3498507,1767874206349858523,Sr02_gA_IMG1_LID0_STA0_CFC64_OH0,0108_1308,A,0.4971154034137726,0.04928366839885712,0.5,0.0,-32.12290683891077,7.228318263414476,-2.9806306526990163,0.8786715914822029
1767874206.4726996,1767874206472708541,Sr02_gA_IMG1_LID0_STA0_CFC64_OH0,0108_1308,A,0.4971154034137726,0.04928366839885712,0.5,0.0,-32.19675084968004,7.215216369521334,-2.951356226495692,0.8083225104526511
1767874206.5911288,1767874206591136115,Sr02_gA_IMG1_LID0_STA0_CFC64_OH0,0108_1308,A,0.4601050615310669,0.11167511343955994,0.5,0.0,-32.24574788993118,7.205256391357176,-2.9307397536535458,0.7624083324882723
1767874206.7039013,1767874206703908781,Sr02_gA_IMG1_LID0_STA0_CFC64_OH0,0108_1308,A,0.47767895460128784,0.012571575120091438,0.5,0.0,-32.29451583922138,7.1944732547576,-2.918865255686623,0.7174650780328641
1767874206.821777,1767874206821784493,Sr02_gA_IMG1_LID0_STA0_CFC64_OH0,0108_1308,A,0.5000747442245483,-0.04865125194191933,0.5,0.0,-32.367529043871215,7.1773779821369,-2.9047028427750563,0.6518234632456915
1767874206.9370809,1767874206937089762,Sr02_gA_IMG1_LID0_STA0_CFC64_OH0,0108_1308,A,0.5000747442245483,-0.04865125194191933,0.5,0.0,-32.416057195625015,7.1657060718209165,-2.9073423238407714,0.6094934206911344
1767874207.051709,1767874207051718857,Sr02_gA_IMG1_LID0_STA0_CFC64_OH0,0108_1308,A,0.46501031517982483,0.0217732023447752,0.5,0.0,-32.46464749799337,7.154056716984338,-2.903996218700004,0.5683291102578167
1767874207.1688387,1767874207168847846,Sr02_gA_IMG1_LID0_STA0_CFC64_OH0,0108_1308,A,0.36743828654289246,-0.007360356394201517,0.5,0.0,-32.53747456884618,7.136134902938866,-2.89660368053454,0.5098013020694123
1767874207.284444,1767874207284453047,Sr02_gA_IMG1_LID0_STA0_CFC64_OH0,0108_1308,A,0.36743828654289246,-0.007360356394201517,0.5,0.0,-32.58589716695614,7.123755127720805,-2.885728697311967,0.4737064227454362
1767874207.402375,1767874207402383733,Sr02_gA_IMG1_LID0_STA0_CFC64_OH0,0108_1308,A,0.03925367817282677,-0.0010211355984210968,0.0,0.0,-32.634195153716206,7.1110007789208085,-2.8825544263980114,0.44065580953367534
1767874207.5187042,1767874207518712846,Sr02_gA_IMG1_LID0_STA0_CFC64_OH0,0108_1308,A,-0.09519875794649124,0.00552188977599144,0.0,0.0,-32.66816916573618,7.102003466749116,-2.8853407840445477,0.41943256183054806
1767874207.6373212,1767874207637330507,Sr02_gA_IMG1_LID0_STA0_CFC64_OH0,0108_1308,A,-0.019884280860424042,0.02294054999947548,0.0,0.0,-32.668376608435686,7.1019491989689785,-2.8861055607877266,0.419308293524775
1767874207.7540312,1767874207754039781,Sr02_gA_IMG1_LID0_STA0_CFC64_OH0,0108_1308,A,-0.019884280860424042,0.02294054999947548,0.0,0.0,-32.66859585182981,7.101892033460042,-2.8869762495839737,0.4191769135817858
1767874207.8716567,1767874207871664515,Sr02_gA_IMG1_LID0_STA0_CFC64_OH0,0108_1308,A,0.05273473635315895,0.011937754228711128,0.0,0.0,-32.66893181498937,7.1018048619434015,-2.8885066308810647,0.4189754732319532
1767874207.9867053,1767874207986714298,Sr02_gA_IMG1_LID0_STA0_CFC64_OH0,0108_1308,A,-0.013259831815958023,0.017649611458182335,0.0,0.0,-32.66916021843903,7.101745928392793,-2.889659878252122,0.4188384215507898
1767874208.1035514,1767874208103561531,Sr02_gA_IMG1_LID0_STA0_CFC64_OH0,0108_1308,A,-0.013259831815958023,0.017649611458182335,0.0,0.0,-32.66918322837588,7.101740007073737,-2.8898724674252043,0.41882460934170856
1767874208.2198198,1767874208219828360,Sr02_gA_IMG1_LID0_STA0_CFC64_OH0,0108_1308,A,-0.006456175819039345,0.035802893340587616,0.0,0.0,-32.669181029530414,7.101740574311568,-2.889008880359249,0.4188259283118379
1767874208.3373368,1767874208337345605,Sr02_gA_IMG1_LID0_STA0_CFC64_OH0,0108_1308,A,0.03950383514165878,0.025918561965227127,0.0,0.0,-32.66918099613157,7.10174058297262,-2.8867148592789977,0.4188259483170612
1767874208.458074,1767874208458081646,Sr02_gA_IMG1_LID0_STA0_CFC64_OH0,0108_1308,A,0.03950383514165878,0.025918561965227127,0.0,0.0,-32.669180962901144,7.101740591671277,-2.884420833825239,0.4188259681691384
1767874208.5789018,1767874208578909618,Sr02_gA_IMG1_LID0_STA0_CFC64_OH0,0108_1308,A,0.035851433873176575,0.029909048229455948,0.0,0.0,-32.66918092160296,7.101740602580022,-2.8823530287619037,0.41882599277778926
1767874208.7006795,1767874208700689058,Sr02_gA_IMG1_LID0_STA0_CFC64_OH0,0108_1308,A,-0.0029707420617341995,0.028836578130722046,0.0,0.0,-32.6691808920735,7.101740610439356,-2.880588095323125,0.4188260103356199
1767874208.8265698,1767874208826578298,Sr02_gA_IMG1_LID0_STA0_CFC64_OH0,0108_1308,A,0.021318845450878143,0.03098837286233902,0.0,0.0,-32.669180862684065,7.101740618316965,-2.878823160438629,0.41882602777447275
1767874208.9497497,1767874208949756983,Sr02_gA_IMG1_LID0_STA0_CFC64_OH0,0108_1308,A,0.021318845450878143,0.03098837286233902,0.0,0.0,-32.66917571721943,7.101742005387854,-2.873933503422593,0.4188290759087602
1767874209.0696583,1767874209069666129,Sr02_gA_IMG1_LID0_STA0_CFC64_OH0,0108_1308,A,-0.010706845670938492,0.03626646474003792,0.0,0.0,-32.66917568400285,7.10174201454331,-2.8713416736238893,0.4188290954567556
1767874209.189354,1767874209189361786,Sr02_gA_IMG1_LID0_STA0_CFC64_OH0,0108_1308,A,-0.028351597487926483,0.04053957760334015,0.0,0.0,-32.66917563465186,7.101742028318911,-2.8673741244400373,0.41882912438859626
1767874209.3063042,1767874209306313797,Sr02_gA_IMG1_LID0_STA0_CFC64_OH0,0108_1308,A,-0.04255944862961769,0.03853406757116318,0.0,0.0,-32.669175600497674,7.101742037981675,-2.8643832485251064,0.41882914432831936
1767874209.4250896,1767874209425097250,Sr02_gA_IMG1_LID0_STA0_CFC64_OH0,0108_1308,A,-0.04255944862961769,0.03853406757116318,0.0,0.0,-32.669175550798855,7.101742052239068,-2.8600147681514354,0.4188291732166688
1767874209.540863,1767874209540870308,Sr02_gA_IMG1_LID0_STA0_CFC64_OH0,0108_1308,A,-0.0640772208571434,0.023658014833927155,0.0,0.0,-32.66917551743131,7.101742061946989,-2.856915958630772,0.41882919252497336
1767874209.6564267,1767874209656434775,Sr02_gA_IMG1_LID0_STA0_CFC64_OH0,0108_1308,A,-0.13747626543045044,0.034718114882707596,0.0,0.0,-32.669175484620894,7.101742071603195,-2.8538171484074137,0.41882921143991386
1767874209.7733085,1767874209773316284,Sr02_gA_IMG1_LID0_STA0_CFC64_OH0,0108_1308,A,-0.13747626543045044,0.034718114882707596,0.0,0.0,-32.66917543364128,7.101742086839137,-2.848440057425908,0.4188292406797357
1767874209.8908474,1767874209890856664,Sr02_gA_IMG1_LID0_STA0_CFC64_OH0,0108_1308,A,-0.07858385145664215,0.04822912439703941,0.0,0.0,-32.66917539966083,7.101742097170344,-2.844386128606009,0.41882926005654125
1767874210.0127585,1767874210012766800,Sr02_gA_IMG1_LID0_STA0_CFC64_OH0,0108_1308,A,-0.015025090426206589,0.017310187220573425,0.0,0.0,-32.66917536898831,7.101742106628927,-2.840512691537953,0.41882927746145515
1767874210.1305103,1767874210130516804,Sr02_gA_IMG1_LID0_STA0_CFC64_OH0,0108_1308,A,-0.015025090426206589,0.017310187220573425,0.0,0.0,-32.6691753280355,7.10174211947153,-2.834881370806677,0.418829300562323
1767874210.2531843,1767874210253193023,Sr02_gA_IMG1_LID0_STA0_CFC64_OH0,0108_1308,A,-0.03838621452450752,-0.026600271463394165,0.0,0.0,-32.66917530777005,7.101742125915693,-2.8325155862613367,0.4188293119365154
1767874210.367996,1767874210368004385,Sr02_gA_IMG1_LID0_STA0_CFC64_OH0,0108_1308,A,-0.051653601229190826,-0.016146520152688026,0.0,0.0,-32.669175286335125,7.101742132798768,-2.8291544061330995,0.418829323923972
1767874210.487428,1767874210487437794,Sr02_gA_IMG1_LID0_STA0_CFC64_OH0,0108_1308,A,-0.02453649416565895,-0.01827741041779518,0.0,0.0,-32.669175256606195,7.10174214248629,-2.82381161870305,0.4188293404590912
1767874210.6148617,1767874210614869389,Sr02_gA_IMG1_LID0_STA0_CFC64_OH0,0108_1308,A,-0.02453649416565895,-0.01827741041779518,0.0,0.0,-32.66887142356758,7.101843027048087,-2.820131045293747,0.41899721284210517
1767874210.7340786,1767874210734086695,Sr02_gA_IMG1_LID0_STA0_CFC64_OH0,0108_1308,A,-0.0201738178730011,-0.016996679827570915,0.0,0.0,-32.66868748566818,7.1019044744710005,-2.8179173201593137,0.4190986880535459
1767874210.8532302,1767874210853237406,Sr02_gA_IMG1_LID0_STA0_CFC64_OH0,0108_1308,A,-0.02930336445569992,-0.011938493698835373,0.0,0.0,-32.66859242924824,7.101936435973185,-2.8165441581975617,0.4191510219741952
1767874210.9723406,1767874210972349384,Sr02_gA_IMG1_LID0_STA0_CFC64_OH0,0108_1308,A,0.005998450331389904,0.0011747190728783607,0.0,0.0,-32.66858588925237,7.101938639084343,-2.8191795204197487,0.41915462060617686
1767874211.089216,1767874211089225055,Sr02_gA_IMG1_LID0_STA0_CFC64_OH0,0108_1308,A,0.005998450331389904,0.0011747190728783607,0.0,0.0,-32.66858588925157,7.101938639084609,-2.821831867480148,0.41915462060662184
1767874211.2039993,1767874211204006652,Sr02_gA_IMG1_LID0_STA0_CFC64_OH0,0108_1308,A,0.04262256249785423,-0.003140715416520834,0.0,0.0,-32.668585889250274,7.101938639085033,-2.823659593510551,0.41915462060734054
1767874211.3278203,1767874211327827262,Sr02_gA_IMG1_LID0_STA0_CFC64_OH0,0108_1308,A,0.03383800387382507,0.0005213106051087379,0.0,0.0,-32.66858588924907,7.101938639085424,-2.825487319991037,0.4191546206080101
1767874211.4429026,1767874211442911334,Sr02_gA_IMG1_LID0_STA0_CFC64_OH0,0108_1308,A,0.03383800387382507,0.0005213106051087379,0.0,0.0,-32.6685858892476,7.1019386390858985,-2.828075223303747,0.419154620608833
1767874211.5599792,1767874211559986959,Sr02_gA_IMG1_LID0_STA0_CFC64_OH0,0108_1308,A,0.018153861165046692,0.0009381379932165146,0.0,0.0,-32.668585889247645,7.1019386390858825,-2.82926906315035,0.41915462060881065
1767874211.6736326,1767874211673640389,Sr02_gA_IMG1_LID0_STA0_CFC64_OH0,0108_1308,A,0.019617795944213867,0.0029465388506650925,0.0,0.0,-32.66858588924914,7.101938639085402,-2.8293551416079943,0.4191546206079753
1767874211.790969,1767874211790979626,Sr02_gA_IMG1_LID0_STA0_CFC64_OH0,0108_1308,A,0.021923672407865524,0.005759888328611851,0.0,0.0,-32.66858588924914,7.101938639085402,-2.8292376810539697,0.4191546206079753
1767874211.9045715,1767874211904579725,Sr02_gA_IMG1_LID0_STA0_CFC64_OH0,0108_1308,A,0.021923672407865524,0.005759888328611851,0.0,0.0,-32.668585889248575,7.101938639085587,-2.8295517375899206,0.419154620608287
1767874212.0180519,1767874212018060502,Sr02_gA_IMG1_LID0_STA0_CFC64_OH0,0108_1308,A,0.0060158222913742065,0.005272189155220985,0.0,0.0,-32.66858588924902,7.101938639085441,-2.829572856476364,0.4191546206080374
1767874212.13076,1767874212130768737,Sr02_gA_IMG1_LID0_STA0_CFC64_OH0,0108_1308,A,0.002776870969682932,0.005834423005580902,0.0,0.0,-32.66858588924902,7.10193863908544,-2.8294946767318017,0.419154620608038
1767874212.2485902,1767874212248598072,Sr02_gA_IMG1_LID0_STA0_CFC64_OH0,0108_1308,A,0.002776870969682932,0.005834423005580902,0.0,0.0,-32.66858588924908,7.101938639085425,-2.8294050428246416,0.41915462060800407
1767874212.362974,1767874212362982619,Sr02_gA_IMG1_LID0_STA0_CFC64_OH0,0108_1308,A,-0.008385047316551208,0.00582531001418829,0.0,0.0,-32.66858588924932,7.1019386390853505,-2.829150570095282,0.4191546206078668
1767874212.4770637,1767874212477070131,Sr02_gA_IMG1_LID0_STA0_CFC64_OH0,0108_1308,A,-0.013855578377842903,0.01153627224266529,0.0,0.0,-32.66858588924955,7.101938639085276,-2.828399141074935,0.4191546206077404
1767874212.5952067,1767874212595214063,Sr02_gA_IMG1_LID0_STA0_CFC64_OH0,0108_1308,A,-0.013855578377842903,0.01153627224266529,0.0,0.0,-32.66858588924948,7.101938639085311,-2.8278231644554115,0.4191546206077721
