t_unix,t_ros_ns,run_folder,run_id,goal_id,v_pred_lin,w_pred_ang,v_cmd_lin,w_cmd_ang,x,y,yaw,dist_to_goal
1769289890.422986,1769289890422995294,Sr02_gC_eps15_IMG1_LID1_STA1_CFC64_OH0,0124_2224,C,-0.1492971032857895,-0.013893668539822102,-0.5,0.0,1.4006021637112351e-15,-2.5467519425938657e-24,-7.060442446451728e-12,39.2866517611262
1769289890.7355628,1769289890735572597,Sr02_gC_eps15_IMG1_LID1_STA1_CFC64_OH0,0124_2224,C,-0.1492971032857895,-0.013893668539822102,-0.5,0.0,1.4006021637112351e-15,-2.5467519425938657e-24,-7.060442446451728e-12,39.2866517611262
1769289891.0326254,1769289891032635481,Sr02_gC_eps15_IMG1_LID1_STA1_CFC64_OH0,0124_2224,C,-0.18025760352611542,-0.02781161665916443,-0.5,0.0,7.833240365899739e-16,-2.5423936857928894e-24,-7.060442768879267e-12,39.2866517611262
1769289891.3237383,1769289891323760950,Sr02_gC_eps15_IMG1_LID1_STA1_CFC64_OH0,0124_2224,C,-0.14907537400722504,-0.02593647688627243,-0.5,0.0,-0.013841589895448017,1.8421865773854808e-07,-2.6287609106803238e-05,39.282077929545856
1769289891.6376638,1769289891637673618,Sr02_gC_eps15_IMG1_LID1_STA1_CFC64_OH0,0124_2224,C,-0.16870716214179993,-0.019978491589426994,-0.5,0.0,-0.14104803987061462,7.873250254270377e-05,-0.002032404599579098,39.240174714882926
1769289891.9395437,1769289891939556452,Sr02_gC_eps15_IMG1_LID1_STA1_CFC64_OH0,0124_2224,C,-0.13656191527843475,-0.032641831785440445,-0.5,0.0,-0.2910464761304241,0.0007243806539157864,-0.007453098493694878,39.19071328602215
1769289892.250025,1769289892250037744,Sr02_gC_eps15_IMG1_LID1_STA1_CFC64_OH0,0124_2224,C,-0.25961941480636597,0.05295475199818611,-0.5,0.0,-0.44103599504862906,0.002461311350386267,-0.015571550964135927,39.14073335041668
1769289892.554398,1769289892554410018,Sr02_gC_eps15_IMG1_LID1_STA1_CFC64_OH0,0124_2224,C,-0.515896201133728,0.10371706634759903,-0.5,0.0,-0.5910074705469119,0.00536835997057645,-0.02281626453662998,39.09016109004857
1769289892.8539624,1769289892853973362,Sr02_gC_eps15_IMG1_LID1_STA1_CFC64_OH0,0124_2224,C,-0.5002977252006531,0.000791978498455137,-0.5,0.0,-0.7409565328989904,0.009265511081341543,-0.029949487959336454,39.039166555735285
1769289893.1520483,1769289893152057974,Sr02_gC_eps15_IMG1_LID1_STA1_CFC64_OH0,0124_2224,C,-0.165740966796875,0.1493159681558609,-0.5,0.5,-0.8908377508694945,0.01434416058867772,-0.03270370932849783,38.98758027464621
1769289893.4475975,1769289893447613762,Sr02_gC_eps15_IMG1_LID1_STA1_CFC64_OH0,0124_2224,C,-0.5352304577827454,0.15842890739440918,-0.5,0.5,-1.0407805002136241,0.01796123266787924,-0.012400077274989102,38.93787546362961
1769289893.7508278,1769289893750840247,Sr02_gC_eps15_IMG1_LID1_STA1_CFC64_OH0,0124_2224,C,-0.5496546626091003,-0.06472808122634888,-0.5,0.0,-1.1907260513048565,0.017656072090468215,0.01045791740402799,38.89242217860405
1769289894.0442083,1769289894044221687,Sr02_gC_eps15_IMG1_LID1_STA1_CFC64_OH0,0124_2224,C,-0.5834921598434448,0.2135619968175888,-0.5,0.5,-1.3405749500094941,0.015881280490596332,0.021037315998419952,38.84892548947304
1769289894.3421273,1769289894342139806,Sr02_gC_eps15_IMG1_LID1_STA1_CFC64_OH0,0124_2224,C,-0.49127471446990967,0.11514922231435776,-0.5,0.0,-1.4904198048830677,0.009350255976629718,0.06665216749342849,38.8105026875996
1769289894.6431866,1769289894643212131,Sr02_gC_eps15_IMG1_LID1_STA1_CFC64_OH0,0124_2224,C,-0.5113264918327332,0.22344563901424408,-0.5,0.5,-1.6395791816249419,-0.0038628705959512515,0.09840517888218486,38.779212185690525
1769289894.9370089,1769289894937020832,Sr02_gC_eps15_IMG1_LID1_STA1_CFC64_OH0,0124_2224,C,-0.47464463114738464,0.42832452058792114,-0.5,0.5,-1.788455859345785,-0.01739195148352043,0.09459432587724367,38.748859278700806
1769289895.238058,1769289895238067679,Sr02_gC_eps15_IMG1_LID1_STA1_CFC64_OH0,0124_2224,C,-0.5342355370521545,0.5292941331863403,-0.5,0.5,-1.9372154460479296,-0.03610817089689792,0.149501339002092,38.72406459177536
1769289895.5510452,1769289895551057947,Sr02_gC_eps15_IMG1_LID1_STA1_CFC64_OH0,0124_2224,C,-0.49999815225601196,0.4194239377975464,-0.5,0.5,-2.085003229269625,-0.06118734046213964,0.19322096903802483,38.70621393290938
1769289895.855363,1769289895855375408,Sr02_gC_eps15_IMG1_LID1_STA1_CFC64_OH0,0124_2224,C,-0.4682171940803528,0.46600666642189026,-0.5,0.5,-2.230739520823086,-0.09504006064549152,0.2729953618086773,38.697933866587874
1769289896.1597939,1769289896159807865,Sr02_gC_eps15_IMG1_LID1_STA1_CFC64_OH0,0124_2224,C,-0.5198038816452026,0.4528749883174896,-0.5,0.5,-2.3720603383056953,-0.14479771069542793,0.41030098368579687,38.70673665708947
1769289896.4656153,1769289896465628626,Sr02_gC_eps15_IMG1_LID1_STA1_CFC64_OH0,0124_2224,C,-0.527811586856842,0.3085824251174927,-0.5,0.5,-2.5044245628047475,-0.21504521773710616,0.5582662289814248,38.7382662451627
1769289896.7620733,1769289896762087207,Sr02_gC_eps15_IMG1_LID1_STA1_CFC64_OH0,0124_2224,C,-0.41084054112434387,0.4741525650024414,-0.5,0.5,-2.62624505875731,-0.3023681210359353,0.6886536091977697,38.7896203252278
1769289897.0543315,1769289897054343567,Sr02_gC_eps15_IMG1_LID1_STA1_CFC64_OH0,0124_2224,C,-0.4637855589389801,0.5582115650177002,-0.5,0.5,-2.7350549077085256,-0.40544248224857354,0.8271422382927502,38.86010998250667
1769289897.329524,1769289897329540712,Sr02_gC_eps15_IMG1_LID1_STA1_CFC64_OH0,0124_2224,C,-0.42126426100730896,0.4534511864185333,-0.5,0.5,-2.8288952714914286,-0.5222726767894637,0.9539483982535536,38.94823162944464
1769289897.6059182,1769289897605928641,Sr02_gC_eps15_IMG1_LID1_STA1_CFC64_OH0,0124_2224,C,-0.43777355551719666,0.41599512100219727,-0.5,0.5,-2.909568782947427,-0.6484127233689521,1.0586613653656398,39.049120856438904
1769289897.866677,1769289897866688097,Sr02_gC_eps15_IMG1_LID1_STA1_CFC64_OH0,0124_2224,C,-0.2907218635082245,0.3364190459251404,-0.5,0.5,-2.964161603949948,-0.7607302515983646,1.1814600201443772,39.143628969227365
1769289898.1294754,1769289898129486838,Sr02_gC_eps15_IMG1_LID1_STA1_CFC64_OH0,0124_2224,C,-0.27697983384132385,0.06803634762763977,-0.5,0.0,-3.0034357211671625,-0.8792876113391899,1.3168829315874606,39.24823609134047
1769289898.374272,1769289898374281582,Sr02_gC_eps15_IMG1_LID1_STA1_CFC64_OH0,0124_2224,C,-0.2031596153974533,0.16562095284461975,-0.5,0.5,-3.02791708323494,-1.0017985715574327,1.430245570816037,39.36052732336624
1769289898.6018322,1769289898601840840,Sr02_gC_eps15_IMG1_LID1_STA1_CFC64_OH0,0124_2224,C,0.2954258620738983,0.11627542972564697,0.5,0.0,-3.038920881332449,-1.1262566974139137,1.534618762465825,39.478173265051524
1769289898.8160462,1769289898816055149,Sr02_gC_eps15_IMG1_LID1_STA1_CFC64_OH0,0124_2224,C,0.3770740330219269,0.40936681628227234,0.5,0.5,-3.0379880606469203,-1.251206259094644,1.6203817510977667,39.599337097398916
1769289899.0193043,1769289899019315763,Sr02_gC_eps15_IMG1_LID1_STA1_CFC64_OH0,0124_2224,C,0.306536465883255,0.39526280760765076,0.5,0.5,-3.0314228460729145,-1.3507184919870943,1.6449853031986341,39.69731095438801
1769289899.2113976,1769289899211410756,Sr02_gC_eps15_IMG1_LID1_STA1_CFC64_OH0,0124_2224,C,0.48746436834335327,0.17647284269332886,0.5,0.5,-3.022995152896924,-1.4502967994736984,1.670129130297813,39.795823810401586
1769289899.3899019,1769289899389909849,Sr02_gC_eps15_IMG1_LID1_STA1_CFC64_OH0,0124_2224,C,0.5081527233123779,0.17902475595474243,0.5,0.5,-3.0125871656246774,-1.5407739230070616,1.7012833407363759,39.88602678749431
1769289899.5601935,1769289899560210516,Sr02_gC_eps15_IMG1_LID1_STA1_CFC64_OH0,0124_2224,C,0.5133339762687683,0.06764312088489532,0.5,0.0,-3.0092374583732364,-1.5652109588047385,1.7211502193334964,39.91052511524302
1769289899.7259388,1769289899725956931,Sr02_gC_eps15_IMG1_LID1_STA1_CFC64_OH0,0124_2224,C,0.5140664577484131,0.0596613734960556,0.5,0.0,-3.0137101771787203,-1.5368428076499974,1.7305647495353815,39.88193973918738
1769289899.8919308,1769289899891941363,Sr02_gC_eps15_IMG1_LID1_STA1_CFC64_OH0,0124_2224,C,0.5290891528129578,0.139815554022789,0.5,0.5,-3.0237917414038615,-1.4766465296730948,1.7469570530207081,39.82113537084912
1769289900.0414727,1769289900041481242,Sr02_gC_eps15_IMG1_LID1_STA1_CFC64_OH0,0124_2224,C,0.5243790745735168,0.05063244327902794,0.5,0.0,-3.0430064419735987,-1.3790204134650454,1.7827957270959522,39.72180732730879
1769289900.191909,1769289900191916941,Sr02_gC_eps15_IMG1_LID1_STA1_CFC64_OH0,0124_2224,C,0.5115917921066284,0.11204762756824493,0.5,0.0,-3.0597662518993527,-1.305931422242295,1.809220906049759,39.646850074435385
1769289900.338142,1769289900338152212,Sr02_gC_eps15_IMG1_LID1_STA1_CFC64_OH0,0124_2224,C,0.5155317187309265,0.0851719081401825,0.5,0.0,-3.0778703809941153,-1.2332005889970619,1.8198508218815586,39.57190300266006
1769289900.488488,1769289900488495057,Sr02_gC_eps15_IMG1_LID1_STA1_CFC64_OH0,0124_2224,C,0.5385899543762207,-0.1338341385126114,0.5,-0.5,-3.096681951794373,-1.1605983400906679,1.8288000193765102,39.49690326407589
1769289900.6275518,1769289900627559118,Sr02_gC_eps15_IMG1_LID1_STA1_CFC64_OH0,0124_2224,C,0.518408477306366,0.01708834618330002,0.5,0.0,-3.116423528722793,-1.0882776709750097,1.8475351427126259,39.421943251366926
1769289900.7653327,1769289900765342106,Sr02_gC_eps15_IMG1_LID1_STA1_CFC64_OH0,0124_2224,C,0.513954222202301,0.10127124935388565,0.5,0.0,-3.1303505143075436,-1.040291193526303,1.8568232366301027,39.37199821778381
1769289900.898241,1769289900898249190,Sr02_gC_eps15_IMG1_LID1_STA1_CFC64_OH0,0124_2224,C,0.5245953798294067,0.023401010781526566,0.5,0.0,-3.151863328237173,-0.9684620318439322,1.869054236225153,39.297070761979064
1769289901.027907,1769289901027916557,Sr02_gC_eps15_IMG1_LID1_STA1_CFC64_OH0,0124_2224,C,0.5105723142623901,0.1517077088356018,0.5,0.5,-3.1744808585582676,-0.8969544435655987,1.8842488328944165,39.22217844961235
1769289901.1604247,1769289901160436615,Sr02_gC_eps15_IMG1_LID1_STA1_CFC64_OH0,0124_2224,C,0.5248064398765564,0.07936955243349075,0.5,0.0,-3.190068523474653,-0.8495135514883894,1.890726782960353,39.172346575951
1769289901.2916002,1769289901291608403,Sr02_gC_eps15_IMG1_LID1_STA1_CFC64_OH0,0124_2224,C,0.5150582194328308,0.10550852864980698,0.5,0.0,-3.2130320657896463,-0.7784735463112176,1.87787981826234,39.097821232309556
1769289901.4202645,1769289901420271858,Sr02_gC_eps15_IMG1_LID1_STA1_CFC64_OH0,0124_2224,C,0.5340185761451721,0.008580324240028858,0.5,0.0,-3.2357952848661595,-0.7070468441350486,1.882280421508907,39.02297203234076
1769289901.5405765,1769289901540583969,Sr02_gC_eps15_IMG1_LID1_STA1_CFC64_OH0,0124_2224,C,0.5295901894569397,0.00874774344265461,0.5,0.0,-3.251359596939525,-0.6595312625983865,1.8924075228756327,38.973074654295274
1769289901.6684694,1769289901668478320,Sr02_gC_eps15_IMG1_LID1_STA1_CFC64_OH0,0124_2224,C,0.52464759349823,-0.016976261511445045,0.5,0.0,-3.2752194750830066,-0.5885705316369468,1.9006707255189037,38.89840362389381
1769289901.7994893,1769289901799495269,Sr02_gC_eps15_IMG1_LID1_STA1_CFC64_OH0,0124_2224,C,0.5064228177070618,0.18322917819023132,0.5,0.5,-3.2917623994469136,-0.5414086650917653,1.9147289405298942,38.84860521774256
1769289901.930313,1769289901930321369,Sr02_gC_eps15_IMG1_LID1_STA1_CFC64_OH0,0124_2224,C,0.5211171507835388,0.09942220896482468,0.5,0.0,-3.3174770161753724,-0.4709552298570273,1.9274185131088117,38.773964174868794
1769289902.053814,1769289902053822291,Sr02_gC_eps15_IMG1_LID1_STA1_CFC64_OH0,0124_2224,C,0.5392923355102539,-0.060511525720357895,0.5,0.0,-3.335179410890682,-0.42419411664900536,1.9379693482854135,38.72426611253257
1769289902.186996,1769289902187003939,Sr02_gC_eps15_IMG1_LID1_STA1_CFC64_OH0,0124_2224,C,0.5288183093070984,-0.00691299419850111,0.5,0.0,-3.3621899870795966,-0.3542728731324884,1.9401355907997024,38.64982014830508
1769289902.3175762,1769289902317584930,Sr02_gC_eps15_IMG1_LID1_STA1_CFC64_OH0,0124_2224,C,0.5063015222549438,0.23999115824699402,0.5,0.5,-3.380260344760493,-0.3076524731252427,1.94101036370328,38.600168806255816
1769289902.4444108,1769289902444418973,Sr02_gC_eps15_IMG1_LID1_STA1_CFC64_OH0,0124_2224,C,0.5342689752578735,0.06021111458539963,0.5,0.0,-3.4073410043117844,-0.23771225212973393,1.9389784275831092,38.52569035154736
1769289902.5670705,1769289902567077866,Sr02_gC_eps15_IMG1_LID1_STA1_CFC64_OH0,0124_2224,C,0.5632230043411255,-0.20830626785755157,0.5,-0.5,-3.434798825050542,-0.1682286975099527,1.9567962883747236,38.451562569339764
1769289902.7007554,1769289902700765163,Sr02_gC_eps15_IMG1_LID1_STA1_CFC64_OH0,0124_2224,C,0.548848032951355,-0.08248398452997208,0.5,0.0,-3.4538360513718613,-0.12203039529373792,1.9656445232990671,38.402083751624495
1769289902.8290493,1769289902829063532,Sr02_gC_eps15_IMG1_LID1_STA1_CFC64_OH0,0124_2224,C,0.5477948188781738,-0.07366319745779037,0.5,0.0,-3.4824159378505946,-0.05281696552202052,1.9596865246452015,38.32794333506105
1769289902.9596782,1769289902959685951,Sr02_gC_eps15_IMG1_LID1_STA1_CFC64_OH0,0124_2224,C,0.5358043909072876,-0.04011281952261925,0.5,0.0,-3.5013580288959045,-0.006543898083400192,1.9589952259397065,38.278418842549556
1769289903.0879898,1769289903087996653,Sr02_gC_eps15_IMG1_LID1_STA1_CFC64_OH0,0124_2224,C,0.5203030705451965,-0.04046045243740082,0.5,0.0,-3.5302682649545942,0.062159918501533434,1.9839417023664732,38.20469518514358
1769289903.2162766,1769289903216285355,Sr02_gC_eps15_IMG1_LID1_STA1_CFC64_OH0,0124_2224,C,0.5398798584938049,-0.04364382103085518,0.5,0.0,-3.550486559629857,0.10775986194204404,1.9912798663387816,38.15551045256807
1769289903.3453872,1769289903345396769,Sr02_gC_eps15_IMG1_LID1_STA1_CFC64_OH0,0124_2224,C,0.5280559062957764,-0.11171166598796844,0.5,0.0,-3.5805742070330515,0.17594073819861278,1.9740360277798865,38.08200823548231
1769289903.4776895,1769289903477697986,Sr02_gC_eps15_IMG1_LID1_STA1_CFC64_OH0,0124_2224,C,0.524405837059021,-0.033858221024274826,0.5,0.0,-3.6094573469359834,0.24508525809824114,1.960556904974371,38.007873327503155
1769289903.6095965,1769289903609603672,Sr02_gC_eps15_IMG1_LID1_STA1_CFC64_OH0,0124_2224,C,0.5455556511878967,-0.0603463314473629,0.5,0.0,-3.628288288529325,0.2914035592602304,1.9538615800439243,37.958341360071884
1769289903.7357876,1769289903735796432,Sr02_gC_eps15_IMG1_LID1_STA1_CFC64_OH0,0124_2224,C,0.5345028638839722,-0.02481893263757229,0.5,0.0,-3.656111106450277,0.36105176861560184,1.9478307599371962,37.883984553598786
1769289903.8678777,1769289903867885351,Sr02_gC_eps15_IMG1_LID1_STA1_CFC64_OH0,0124_2224,C,0.5376567244529724,-0.298035204410553,0.5,-0.5,-3.674425250280681,0.40757690598913243,1.9437847213126698,37.834382321948084
1769289904.0009723,1769289904000980087,Sr02_gC_eps15_IMG1_LID1_STA1_CFC64_OH0,0124_2224,C,0.5239771604537964,-0.02790512889623642,0.5,0.0,-3.7015116723865975,0.47748246318043025,1.9362609349520028,37.75996133769552
1769289904.1321776,1769289904132185579,Sr02_gC_eps15_IMG1_LID1_STA1_CFC64_OH0,0124_2224,C,0.510216474533081,0.06154763326048851,0.5,0.0,-3.727738349345494,0.5477121957409503,1.9221649111191905,37.68543953274445
1769289904.2639015,1769289904263910655,Sr02_gC_eps15_IMG1_LID1_STA1_CFC64_OH0,0124_2224,C,0.5479384064674377,-0.1226014494895935,0.5,0.0,-3.7448673739677396,0.5946865898114324,1.9185142273486584,37.635696758489836
1769289904.3915749,1769289904391588932,Sr02_gC_eps15_IMG1_LID1_STA1_CFC64_OH0,0124_2224,C,0.5287932753562927,-0.04661807045340538,0.5,0.0,-3.7701077314529563,0.6653115663704842,1.9101728198155534,37.561036695622875
1769289904.5226655,1769289904522672846,Sr02_gC_eps15_IMG1_LID1_STA1_CFC64_OH0,0124_2224,C,0.5189786553382874,-0.006320838816463947,0.5,0.0,-3.786694165708185,0.7124802911594277,1.9076909285038286,37.511240258057235
1769289904.6552954,1769289904655305906,Sr02_gC_eps15_IMG1_LID1_STA1_CFC64_OH0,0124_2224,C,0.5305883884429932,-0.28672000765800476,0.5,-0.5,-3.8105344407137904,0.7829744341907044,1.8790110449549347,37.43705243648278
1769289904.7858603,1769289904785871798,Sr02_gC_eps15_IMG1_LID1_STA1_CFC64_OH0,0124_2224,C,0.5107454657554626,-0.18869677186012268,0.5,-0.5,-3.8326057831801577,0.8542601283226671,1.868853114422488,37.36253149807977
1769289904.9166183,1769289904916626314,Sr02_gC_eps15_IMG1_LID1_STA1_CFC64_OH0,0124_2224,C,0.5311809778213501,-0.30915942788124084,0.5,-0.5,-3.8474190843619214,0.9019749820666602,1.873922917785448,37.31264159636418
1769289905.0414422,1769289905041451069,Sr02_gC_eps15_IMG1_LID1_STA1_CFC64_OH0,0124_2224,C,0.5325997471809387,-0.23225553333759308,0.5,-0.5,-3.8692472443692103,0.9735235696473749,1.860230679546273,37.237926010123545
1769289905.1718314,1769289905171839078,Sr02_gC_eps15_IMG1_LID1_STA1_CFC64_OH0,0124_2224,C,0.5242614150047302,-0.13911579549312592,0.5,-0.5,-3.8834051584348184,1.0214706693263778,1.8559495457328832,37.18797182578229
1769289905.3013284,1769289905301336356,Sr02_gC_eps15_IMG1_LID1_STA1_CFC64_OH0,0124_2224,C,0.5096626877784729,0.03547732159495354,0.5,0.0,-3.9044555506504457,1.0934220774856829,1.8539908333414912,37.11305656447722
1769289905.4304638,1769289905430471455,Sr02_gC_eps15_IMG1_LID1_STA1_CFC64_OH0,0124_2224,C,0.5486536622047424,-0.1479692906141281,0.5,-0.5,-3.924232941379033,1.1651527663479608,1.8229710697320949,37.03866700852005
1769289905.553841,1769289905553850859,Sr02_gC_eps15_IMG1_LID1_STA1_CFC64_OH0,0124_2224,C,0.50562584400177,-0.016358789056539536,0.5,0.0,-3.936247390994648,1.2136748711549092,1.803779718738514,36.98868009688919
1769289905.683424,1769289905683432055,Sr02_gC_eps15_IMG1_LID1_STA1_CFC64_OH0,0124_2224,C,0.48766806721687317,-0.02190237306058407,0.5,0.0,-3.951930122479532,1.2868824736465083,1.7599703317271038,36.91386064222718
1769289905.813364,1769289905813375109,Sr02_gC_eps15_IMG1_LID1_STA1_CFC64_OH0,0124_2224,C,0.48203861713409424,-0.03341946750879288,0.5,0.0,-3.960761407424684,1.3360952329398654,1.7367448044731628,36.86398343413387
1769289905.9518697,1769289905951879130,Sr02_gC_eps15_IMG1_LID1_STA1_CFC64_OH0,0124_2224,C,0.5134000182151794,-0.09073107689619064,0.5,0.0,-3.9722617218949834,1.4101610509852818,1.7146997990860142,36.789357054261465
1769289906.0805392,1769289906080549507,Sr02_gC_eps15_IMG1_LID1_STA1_CFC64_OH0,0124_2224,C,0.364950954914093,-0.05678718909621239,0.5,0.0,-3.982927827662677,1.484043525988097,1.7112906104501808,36.71511433813778
1769289906.213943,1769289906213953362,Sr02_gC_eps15_IMG1_LID1_STA1_CFC64_OH0,0124_2224,C,0.37877771258354187,-0.2334711253643036,0.5,-0.5,-3.9895679414070804,1.5335313045920789,1.6986450957394703,36.66550992443473
1769289906.3509822,1769289906350990632,Sr02_gC_eps15_IMG1_LID1_STA1_CFC64_OH0,0124_2224,C,0.4702591598033905,-0.1956234723329544,0.5,-0.5,-3.999029415219028,1.6079121259866505,1.6958988527553502,36.59108288849442
1769289906.4844708,1769289906484477964,Sr02_gC_eps15_IMG1_LID1_STA1_CFC64_OH0,0124_2224,C,0.4757671654224396,-0.13592007756233215,0.5,-0.5,-4.008255106428904,1.6823424875641981,1.691922486467324,36.51666807407748
1769289906.618304,1769289906618313980,Sr02_gC_eps15_IMG1_LID1_STA1_CFC64_OH0,0124_2224,C,0.5264614224433899,-0.33539387583732605,0.5,-0.5,-4.014202084520254,1.731976060602167,1.687067964604843,36.4670966777511
1769289906.7520392,1769289906752048075,Sr02_gC_eps15_IMG1_LID1_STA1_CFC64_OH0,0124_2224,C,0.49061378836631775,-0.12413311749696732,0.5,0.0,-4.022409148640445,1.8065251532422166,1.6748160546349593,36.39282176909108
1769289906.8819032,1769289906881910277,Sr02_gC_eps15_IMG1_LID1_STA1_CFC64_OH0,0124_2224,C,0.502496063709259,-0.09630933403968811,0.5,0.0,-4.029792700179616,1.8809456370168025,1.660469177547473,36.31887757998263
1769289907.0137403,1769289907013747334,Sr02_gC_eps15_IMG1_LID1_STA1_CFC64_OH0,0124_2224,C,0.5122625231742859,-0.06567628681659698,0.5,0.0,-4.033698581955377,1.9307735729355966,1.6383222939735784,36.269626649151284
1769289907.1456013,1769289907145613064,Sr02_gC_eps15_IMG1_LID1_STA1_CFC64_OH0,0124_2224,C,0.5126746296882629,-0.07503517717123032,0.5,0.0,-4.037681132994667,2.0056536440749086,1.6112032292601883,36.19608401108341
1769289907.2788181,1769289907278827094,Sr02_gC_eps15_IMG1_LID1_STA1_CFC64_OH0,0124_2224,C,0.49884676933288574,0.0011492078192532063,0.5,0.0,-4.039360190030771,2.0556134385808074,1.5972743577908872,36.14726196048007
1769289907.4081366,1769289907408144154,Sr02_gC_eps15_IMG1_LID1_STA1_CFC64_OH0,0124_2224,C,0.5151066184043884,-0.048735592514276505,0.5,0.0,-4.039798701666872,2.1302162363902486,1.5546409858705967,36.07487711675498
1769289907.5380657,1769289907538073432,Sr02_gC_eps15_IMG1_LID1_STA1_CFC64_OH0,0124_2224,C,0.5176178812980652,-0.22538061439990997,0.5,-0.5,-4.0378244378054235,2.2050541294198043,1.5362017070514615,36.00287331821897
1769289907.675509,1769289907675517445,Sr02_gC_eps15_IMG1_LID1_STA1_CFC64_OH0,0124_2224,C,0.5248817801475525,-0.0841008797287941,0.5,0.0,-4.035855216706321,2.2550151428310747,1.5268771024209464,35.95497295053772
1769289907.808414,1769289907808422585,Sr02_gC_eps15_IMG1_LID1_STA1_CFC64_OH0,0124_2224,C,0.4985569417476654,-0.06572361290454865,0.5,0.0,-4.032191214781834,2.329925272365673,1.5167449097405363,35.883340766959414
1769289907.941207,1769289907941217949,Sr02_gC_eps15_IMG1_LID1_STA1_CFC64_OH0,0124_2224,C,0.5257852673530579,-1.4170189388096333e-05,0.5,0.0,-4.027757800692066,2.4047618366863084,1.5088495856612305,35.81198609001052
1769289908.0799737,1769289908079985494,Sr02_gC_eps15_IMG1_LID1_STA1_CFC64_OH0,0124_2224,C,0.49109357595443726,0.08209168165922165,0.5,0.0,-4.024665077578198,2.4546547024230887,1.5085881882326968,35.76445711486043
1769289908.214223,1769289908214232040,Sr02_gC_eps15_IMG1_LID1_STA1_CFC64_OH0,0124_2224,C,0.5005518794059753,0.1013922244310379,0.5,0.0,-4.0197220907007605,2.5294275195514153,1.4994361759633221,35.69331695491349
1769289908.3525722,1769289908352579237,Sr02_gC_eps15_IMG1_LID1_STA1_CFC64_OH0,0124_2224,C,0.5453693866729736,-0.0255590733140707,0.5,0.0,-4.013273005107079,2.603892175533578,1.471949094667763,35.6228699812504
1769289908.4875226,1769289908487530534,Sr02_gC_eps15_IMG1_LID1_STA1_CFC64_OH0,0124_2224,C,0.5483027696609497,-0.04663402959704399,0.5,0.0,-4.008129978817184,2.6536268152887366,1.463722778342117,35.57603942701204
1769289908.62403,1769289908624043130,Sr02_gC_eps15_IMG1_LID1_STA1_CFC64_OH0,0124_2224,C,0.566832423210144,0.01926913857460022,0.5,0.0,-3.9997604376969536,2.7281426613516504,1.4555587012598203,35.50605890943486
1769289908.762655,1769289908762667016,Sr02_gC_eps15_IMG1_LID1_STA1_CFC64_OH0,0124_2224,C,0.5322931408882141,0.12596094608306885,0.5,0.5,-3.991178168899763,2.8026179491126832,1.4590350942988732,35.43619209769252
1769289908.9023545,1769289908902363674,Sr02_gC_eps15_IMG1_LID1_STA1_CFC64_OH0,0124_2224,C,0.5378170609474182,0.024308087304234505,0.5,0.0,-3.983296127616953,2.877202032872351,1.4726998469559818,35.36606268070151
1769289909.044489,1769289909044502833,Sr02_gC_eps15_IMG1_LID1_STA1_CFC64_OH0,0124_2224,C,0.5213966965675354,0.094708152115345,0.5,0.0,-3.9786446685758836,2.926920678382754,1.4807754572928151,35.319170921799106
1769289909.185475,1769289909185483128,Sr02_gC_eps15_IMG1_LID1_STA1_CFC64_OH0,0124_2224,C,0.5152136087417603,0.1066289097070694,0.5,0.0,-3.9717525972116325,3.0015840185228324,1.4759562761837566,35.24874465859239
1769289909.325639,1769289909325654616,Sr02_gC_eps15_IMG1_LID1_STA1_CFC64_OH0,0124_2224,C,0.5147022604942322,0.11772440373897552,0.5,0.0,-3.964461892281635,3.0762112750578083,1.4732825163253738,35.17847434342592
1769289909.4698443,1769289909469851144,Sr02_gC_eps15_IMG1_LID1_STA1_CFC64_OH0,0124_2224,C,0.5255054235458374,-0.07763122022151947,0.5,0.0,-3.9573985467760404,3.1508143007581912,1.4833890192609764,35.10818845970789
1769289909.611476,1769289909611483662,Sr02_gC_eps15_IMG1_LID1_STA1_CFC64_OH0,0124_2224,C,0.5220220685005188,0.014543583616614342,0.5,0.0,-3.951466597109303,3.2255291956556817,1.4961435431521724,35.037521965537174
1769289909.7570345,1769289909757049418,Sr02_gC_eps15_IMG1_LID1_STA1_CFC64_OH0,0124_2224,C,0.5171993374824524,0.015917092561721802,0.5,0.0,-3.946108850177688,3.30030537241835,1.5050102059994377,34.96666563355195
1769289909.9019096,1769289909901916473,Sr02_gC_eps15_IMG1_LID1_STA1_CFC64_OH0,0124_2224,C,0.5347819328308105,0.04619375243782997,0.5,0.0,-3.941739943874902,3.3751772550375576,1.5204084702627532,34.895477701906586
1769289910.0422459,1769289910042254323,Sr02_gC_eps15_IMG1_LID1_STA1_CFC64_OH0,0124_2224,C,0.5240440368652344,0.07088462263345718,0.5,0.0,-3.93950147557193,3.4251268418156204,1.5318480186161862,34.847819122569796
1769289910.1853933,1769289910185401373,Sr02_gC_eps15_IMG1_LID1_STA1_CFC64_OH0,0124_2224,C,0.5283359289169312,0.06406759470701218,0.5,0.0,-3.9372000747272815,3.4999345078983968,1.5446389348585416,34.77618135754765
1769289910.3288817,1769289910328891185,Sr02_gC_eps15_IMG1_LID1_STA1_CFC64_OH0,0124_2224,C,0.5202170014381409,0.1026352047920227,0.5,0.0,-3.934908029837624,3.5748060986637755,1.5388650767974936,34.704492969349296
1769289910.476565,1769289910476574141,Sr02_gC_eps15_IMG1_LID1_STA1_CFC64_OH0,0124_2224,C,0.5321308970451355,-0.002040112391114235,0.5,0.0,-3.932598140909037,3.6497704981237553,1.541170225273188,34.63273328870318
1769289910.6264813,1769289910626489996,Sr02_gC_eps15_IMG1_LID1_STA1_CFC64_OH0,0124_2224,C,0.5202102661132812,-0.013277042657136917,0.5,0.0,-3.930503079439024,3.7247411604010208,1.545677124812595,34.56092502503639
1769289910.775318,1769289910775326255,Sr02_gC_eps15_IMG1_LID1_STA1_CFC64_OH0,0124_2224,C,0.5174295902252197,0.03417499363422394,0.5,0.0,-3.9289290982503386,3.7997243632988282,1.5548283321320329,34.48898137939435
1769289910.9279177,1769289910927930542,Sr02_gC_eps15_IMG1_LID1_STA1_CFC64_OH0,0124_2224,C,0.5215747356414795,-0.018269764259457588,0.5,0.0,-3.928113201174934,3.874719615552843,1.564779311674997,34.41683960031986
1769289911.0749,1769289911074908496,Sr02_gC_eps15_IMG1_LID1_STA1_CFC64_OH0,0124_2224,C,0.5063790678977966,0.10090911388397217,0.5,0.0,-3.9281593351060238,3.949709931958796,1.57898546084896,34.34448742836302
1769289911.2263353,1769289911226348218,Sr02_gC_eps15_IMG1_LID1_STA1_CFC64_OH0,0124_2224,C,0.5072698593139648,0.2185051143169403,0.5,0.5,-3.9291372231512423,4.02464558016239,1.584999209665893,34.27195303715832
1769289911.3773513,1769289911377360618,Sr02_gC_eps15_IMG1_LID1_STA1_CFC64_OH0,0124_2224,C,0.4987170994281769,0.1758398860692978,0.5,0.5,-3.9301504803168914,4.099638720036761,1.5833447724817262,34.19936422229037
1769289911.530209,1769289911530220354,Sr02_gC_eps15_IMG1_LID1_STA1_CFC64_OH0,0124_2224,C,0.509645938873291,0.06085438281297684,0.5,0.0,-3.9311308966017604,4.174621136838227,1.5860036417797871,34.126804888855666
1769289911.6841536,1769289911684162359,Sr02_gC_eps15_IMG1_LID1_STA1_CFC64_OH0,0124_2224,C,0.4873596727848053,0.0013619892997667193,0.5,0.0,-3.9322826176512375,4.249600886119952,1.584975121995943,34.05421310140087
1769289911.8349683,1769289911834975795,Sr02_gC_eps15_IMG1_LID1_STA1_CFC64_OH0,0124_2224,C,0.5492801666259766,-0.0005777637707069516,0.5,0.0,-3.9335198069281216,4.324510277420531,1.5936442308288041,33.981676765483584
1769289911.9908845,1769289911990892793,Sr02_gC_eps15_IMG1_LID1_STA1_CFC64_OH0,0124_2224,C,0.5262247920036316,0.013494398444890976,0.5,0.0,-3.9361205626116478,4.399364358619572,1.6210043088221977,33.90884008593197
1769289912.1450014,1769289912145009898,Sr02_gC_eps15_IMG1_LID1_STA1_CFC64_OH0,0124_2224,C,0.5561944246292114,-0.14105436205863953,0.5,-0.5,-3.9409828171438543,4.474202686099691,1.6490922943816115,33.83542286214428
1769289912.3015447,1769289912301553133,Sr02_gC_eps15_IMG1_LID1_STA1_CFC64_OH0,0124_2224,C,0.5437772274017334,0.02736901119351387,0.5,0.0,-3.9474861818305014,4.548853974090238,1.662944150979113,33.76175332239145
1769289912.45598,1769289912455990858,Sr02_gC_eps15_IMG1_LID1_STA1_CFC64_OH0,0124_2224,C,0.5283271670341492,0.02136441320180893,0.5,0.0,-3.954558563206613,4.623508271494845,1.665729371405052,33.68793388140248
1769289912.6100097,1769289912610021520,Sr02_gC_eps15_IMG1_LID1_STA1_CFC64_OH0,0124_2224,C,0.5213126540184021,-0.12435828894376755,0.5,0.0,-3.9616715678000003,4.698170205906083,1.6657590934594158,33.61410135145325
1769289912.7652895,1769289912765298078,Sr02_gC_eps15_IMG1_LID1_STA1_CFC64_OH0,0124_2224,C,0.5304189324378967,-0.10862807929515839,0.5,0.0,-3.968822213858122,4.772828535670674,1.6672203535794872,33.540267352347364
1769289912.9198608,1769289912919869514,Sr02_gC_eps15_IMG1_LID1_STA1_CFC64_OH0,0124_2224,C,0.4904422461986542,0.0054701692424714565,0.5,0.0,-3.977015834379266,4.859014262216723,1.6600260030650942,33.45505614138052
1769289913.0736027,1769289913073611435,Sr02_gC_eps15_IMG1_LID1_STA1_CFC64_OH0,0124_2224,C,0.42696425318717957,-0.2675318717956543,0.5,-0.5,-3.9786920513299893,4.878245481277836,1.6533601625134244,33.43608430471144
1769289913.2276769,1769289913227685779,Sr02_gC_eps15_IMG1_LID1_STA1_CFC64_OH0,0124_2224,C,0.36665546894073486,-0.1908138543367386,0.5,-0.5,-3.9780529851247532,4.870337731472994,1.6488640157844625,33.44387183314513
1769289913.3795664,1769289913379577319,Sr02_gC_eps15_IMG1_LID1_STA1_CFC64_OH0,0124_2224,C,0.4199810326099396,-0.4177173674106598,0.5,-0.5,-3.97990123801484,4.894682230612428,1.6449578716924858,33.41992977767816
1769289913.5312815,1769289913531289783,Sr02_gC_eps15_IMG1_LID1_STA1_CFC64_OH0,0124_2224,C,0.5321657061576843,-0.18779176473617554,0.5,-0.5,-3.9843264107292704,4.956098659461517,1.639764733981114,33.35959580591485
1769289913.6821187,1769289913682126975,Sr02_gC_eps15_IMG1_LID1_STA1_CFC64_OH0,0124_2224,C,0.5224098563194275,-0.17385536432266235,0.5,-0.5,-3.989288199079746,5.030852937313114,1.6370753258918398,33.286279925897944
1769289913.8330271,1769289913833034959,Sr02_gC_eps15_IMG1_LID1_STA1_CFC64_OH0,0124_2224,C,0.4943104684352875,0.11464522033929825,0.5,0.0,-3.9938975868671878,5.105164099537725,1.6202696138976365,33.21349318454053
1769289913.9842083,1769289913984217319,Sr02_gC_eps15_IMG1_LID1_STA1_CFC64_OH0,0124_2224,C,0.5055569410324097,0.038290414959192276,0.5,0.0,-3.996407237806531,5.180099509649408,1.5898121658526851,33.14068261003435
1769289914.1361942,1769289914136202615,Sr02_gC_eps15_IMG1_LID1_STA1_CFC64_OH0,0124_2224,C,0.5333905816078186,-0.03482840210199356,0.5,0.0,-3.9964387290255052,5.254667784777031,1.5452401571712142,33.06890873597485
1769289914.2848077,1769289914284814373,Sr02_gC_eps15_IMG1_LID1_STA1_CFC64_OH0,0124_2224,C,0.5247695446014404,-0.014704982750117779,0.5,0.0,-3.992550570811325,5.3293196295538054,1.500208219773862,32.99813509982276
1769289914.43538,1769289914435390094,Sr02_gC_eps15_IMG1_LID1_STA1_CFC64_OH0,0124_2224,C,0.5029261112213135,0.07052446156740189,0.5,0.0,-3.9862499121089776,5.404052307089835,1.4735724918175181,32.92796070695706
1769289914.5813496,1769289914581358104,Sr02_gC_eps15_IMG1_LID1_STA1_CFC64_OH0,0124_2224,C,0.5175755620002747,-0.0024118153378367424,0.5,0.0,-3.978356619594946,5.478167952691876,1.4643436444981053,32.8588376515761
1769289914.7313366,1769289914731346715,Sr02_gC_eps15_IMG1_LID1_STA1_CFC64_OH0,0124_2224,C,0.5050221085548401,0.0700903981924057,0.5,0.0,-3.9708243053329726,5.552757294603224,1.4735639263358,32.78918360534505
1769289914.879276,1769289914879285781,Sr02_gC_eps15_IMG1_LID1_STA1_CFC64_OH0,0124_2224,C,0.5030335783958435,0.06991440802812576,0.5,0.0,-3.96359824661415,5.627376105795656,1.4724135706874553,32.71944025759382
1769289915.0247006,1769289915024709290,Sr02_gC_eps15_IMG1_LID1_STA1_CFC64_OH0,0124_2224,C,0.487585186958313,0.09679850935935974,0.5,0.0,-3.956097068364307,5.702000016018024,1.4694028760271085,32.64979126792371
1769289915.1674535,1769289915167461229,Sr02_gC_eps15_IMG1_LID1_STA1_CFC64_OH0,0124_2224,C,0.48868075013160706,0.1003793254494667,0.5,0.0,-3.9486075142093617,5.776593024082585,1.4750422353018542,32.580192499544886
1769289915.3143232,1769289915314332553,Sr02_gC_eps15_IMG1_LID1_STA1_CFC64_OH0,0124_2224,C,0.48540306091308594,0.07929278910160065,0.5,0.0,-3.9439504650781947,5.826346704240189,1.4781132852936678,32.533689154590945
1769289915.4565973,1769289915456612907,Sr02_gC_eps15_IMG1_LID1_STA1_CFC64_OH0,0124_2224,C,0.5170115232467651,-0.012973063625395298,0.5,0.0,-3.9370344564842075,5.900995196633276,1.4809437926818907,32.46391680627441
1769289915.6032941,1769289915603302881,Sr02_gC_eps15_IMG1_LID1_STA1_CFC64_OH0,0124_2224,C,0.5149021148681641,-0.004894591867923737,0.5,0.0,-3.930697153814846,5.9757266236319095,1.4914450157494417,32.39392624357569
1769289915.7530582,1769289915753065127,Sr02_gC_eps15_IMG1_LID1_STA1_CFC64_OH0,0124_2224,C,0.5153085589408875,-0.11314675956964493,0.5,0.0,-3.92518709357367,6.05052343096131,1.5040828638189427,32.323663452309674
1769289915.8956606,1769289915895670100,Sr02_gC_eps15_IMG1_LID1_STA1_CFC64_OH0,0124_2224,C,0.5052100419998169,-0.13746242225170135,0.5,-0.5,-3.92073512036797,6.125390493572517,1.5188532704505484,32.25305711090171
1769289916.0401652,1769289916040173403,Sr02_gC_eps15_IMG1_LID1_STA1_CFC64_OH0,0124_2224,C,0.5133212208747864,-0.1329948753118515,0.5,-0.5,-3.9173714400508906,6.20031446510006,1.5322232406270269,32.182109301406456
1769289916.1844373,1769289916184444981,Sr02_gC_eps15_IMG1_LID1_STA1_CFC64_OH0,0124_2224,C,0.5214635133743286,-0.3153040409088135,0.5,-0.5,-3.914731525044847,6.27523033478992,1.5356751225132552,32.11098317311314
1769289916.3239243,1769289916323932427,Sr02_gC_eps15_IMG1_LID1_STA1_CFC64_OH0,0124_2224,C,0.5148029327392578,-0.3155589699745178,0.5,-0.5,-3.9120379664108365,6.350181940635238,1.5343754366554396,32.03985545890812
1769289916.466786,1769289916466793991,Sr02_gC_eps15_IMG1_LID1_STA1_CFC64_OH0,0124_2224,C,0.5046914219856262,-0.05971691384911537,0.5,0.0,-3.9090713061291384,6.425057557073556,1.5241636857963676,31.968895860161027
1769289916.612206,1769289916612215997,Sr02_gC_eps15_IMG1_LID1_STA1_CFC64_OH0,0124_2224,C,0.4865553081035614,-0.017152175307273865,0.5,0.0,-3.9064282735156572,6.474987283631165,1.511146953348585,31.92177667485074
1769289916.7508314,1769289916750839101,Sr02_gC_eps15_IMG1_LID1_STA1_CFC64_OH0,0124_2224,C,0.5441803932189941,-0.34668269753456116,0.5,-0.5,-3.9011885014593455,6.549802710549351,1.4907509973066295,31.851554003305996
1769289916.8926876,1769289916892697383,Sr02_gC_eps15_IMG1_LID1_STA1_CFC64_OH0,0124_2224,C,0.5479894876480103,-0.24533535540103912,0.5,-0.5,-3.894378940255894,6.624222908771823,1.4635970282254933,31.78218096501169
1769289917.0344386,1769289917034447232,Sr02_gC_eps15_IMG1_LID1_STA1_CFC64_OH0,0124_2224,C,0.5225803256034851,-0.09737169742584229,0.5,0.0,-3.8845938124458934,6.698574725111439,1.4162787667135617,31.71375174830434
1769289917.1766584,1769289917176666231,Sr02_gC_eps15_IMG1_LID1_STA1_CFC64_OH0,0124_2224,C,0.504738986492157,0.009044801816344261,0.5,0.0,-3.871487240014428,6.772107519470991,1.3788133229526625,31.647093208968883
1769289917.316075,1769289917316083896,Sr02_gC_eps15_IMG1_LID1_STA1_CFC64_OH0,0124_2224,C,0.5243499875068665,0.05200042948126793,0.5,0.0,-3.8569309511288403,6.845650681979029,1.3735793863973595,31.580879811479758
1769289917.4531338,1769289917453142035,Sr02_gC_eps15_IMG1_LID1_STA1_CFC64_OH0,0124_2224,C,0.5158577561378479,-0.03564583510160446,0.5,0.0,-3.847081298744707,6.894512252314813,1.3674617501285757,31.536961511654237
1769289917.594383,1769289917594391405,Sr02_gC_eps15_IMG1_LID1_STA1_CFC64_OH0,0124_2224,C,0.5398918390274048,-0.0326102189719677,0.5,0.0,-3.8307271499358837,6.966942008426821,1.3293633594832814,31.47240202750543
1769289917.7352552,1769289917735263157,Sr02_gC_eps15_IMG1_LID1_STA1_CFC64_OH0,0124_2224,C,0.49735137820243835,0.02590455487370491,0.5,0.0,-3.811535294797387,7.039335978177962,1.297680361601015,31.40874853069384
1769289917.8768156,1769289917876826636,Sr02_gC_eps15_IMG1_LID1_STA1_CFC64_OH0,0124_2224,C,0.4844788908958435,0.046532485634088516,0.5,0.0,-3.7908879030496934,7.11137446015717,1.2893854586269609,31.345911583955203
1769289918.0172238,1769289918017231903,Sr02_gC_eps15_IMG1_LID1_STA1_CFC64_OH0,0124_2224,C,0.47677984833717346,-0.026051314547657967,0.5,0.0,-3.7701928403084737,7.183451027975838,1.2945519451667724,31.28310558766017
1769289918.1638207,1769289918163830576,Sr02_gC_eps15_IMG1_LID1_STA1_CFC64_OH0,0124_2224,C,0.516609787940979,-0.02656184323132038,0.5,0.0,-3.7566509105394656,7.231548314097357,1.2960664144813716,31.241145318161095
1769289918.301809,1769289918301816576,Sr02_gC_eps15_IMG1_LID1_STA1_CFC64_OH0,0124_2224,C,0.5139616131782532,-0.016982685774564743,0.5,0.0,-3.736115071615832,7.3036819831134405,1.2909320389457446,31.178327040808465
1769289918.4419532,1769289918441960904,Sr02_gC_eps15_IMG1_LID1_STA1_CFC64_OH0,0124_2224,C,0.48795339465141296,0.05924367904663086,0.5,0.0,-3.715270364680151,7.375715483535403,1.2893515857245736,31.115750376444996
1769289918.5840569,1769289918584064947,Sr02_gC_eps15_IMG1_LID1_STA1_CFC64_OH0,0124_2224,C,0.5038920640945435,0.05356993153691292,0.5,0.0,-3.6946039110996645,7.447811833279745,1.2946811995700434,31.053115384262167
1769289918.7232718,1769289918723286313,Sr02_gC_eps15_IMG1_LID1_STA1_CFC64_OH0,0124_2224,C,0.470641165971756,0.10617058724164963,0.5,0.0,-3.6742922523717665,7.519977474849824,1.2955324719199672,30.990362592753048
1769289918.8590498,1769289918859057819,Sr02_gC_eps15_IMG1_LID1_STA1_CFC64_OH0,0124_2224,C,0.4353465735912323,0.10608682781457901,0.5,0.0,-3.6606391070033952,7.568077265433754,1.2928967134473623,30.948601509122575
1769289918.9997687,1769289918999776765,Sr02_gC_eps15_IMG1_LID1_STA1_CFC64_OH0,0124_2224,C,0.45110884308815,0.022923242300748825,0.5,0.0,-3.6399239320260883,7.6401596783626395,1.2892956018650703,30.886141157125184
1769289919.1342416,1769289919134249495,Sr02_gC_eps15_IMG1_LID1_STA1_CFC64_OH0,0124_2224,C,0.46218591928482056,0.010843949392437935,0.5,0.0,-3.6190595630385483,7.712166008349319,1.2908257835442678,30.82385455536948
1769289919.2719486,1769289919271955690,Sr02_gC_eps15_IMG1_LID1_STA1_CFC64_OH0,0124_2224,C,0.543526828289032,0.040531910955905914,0.5,0.0,-3.598648860800306,7.784335036345507,1.29931516343117,30.761331132952176
1769289919.4135356,1769289919413543825,Sr02_gC_eps15_IMG1_LID1_STA1_CFC64_OH0,0124_2224,C,0.5531041026115417,-0.058997418731451035,0.5,0.0,-3.585390470570877,7.832533467017731,1.3066106728654223,30.719491509796523
1769289919.549517,1769289919549531407,Sr02_gC_eps15_IMG1_LID1_STA1_CFC64_OH0,0124_2224,C,0.5232961177825928,-0.02237001806497574,0.5,0.0,-3.5663834584195153,7.905084235083492,1.3225312089718355,30.65626634513665
1769289919.6817722,1769289919681780487,Sr02_gC_eps15_IMG1_LID1_STA1_CFC64_OH0,0124_2224,C,0.5104868412017822,0.01267401035875082,0.5,0.0,-3.5485177437291138,7.9778906453371246,1.3356816728023615,30.59249905271297
1769289919.8174653,1769289919817473666,Sr02_gC_eps15_IMG1_LID1_STA1_CFC64_OH0,0124_2224,C,0.5148635506629944,-0.11627975106239319,0.5,0.0,-3.531161009328368,8.050854604200937,1.338395407862731,30.528475189484904
1769289919.955945,1769289919955952329,Sr02_gC_eps15_IMG1_LID1_STA1_CFC64_OH0,0124_2224,C,0.5168402791023254,-0.12392493337392807,0.5,0.0,-3.519678167329878,8.09951817717496,1.3403704161958678,30.485773095537922
1769289920.0969753,1769289920096986125,Sr02_gC_eps15_IMG1_LID1_STA1_CFC64_OH0,0124_2224,C,0.5322778224945068,-0.060618724673986435,0.5,0.0,-3.5027596473421885,8.172527460865604,1.3434959512568196,30.42165309573172
1769289920.232395,1769289920232403277,Sr02_gC_eps15_IMG1_LID1_STA1_CFC64_OH0,0124_2224,C,0.5017245411872864,-0.00990170706063509,0.5,0.0,-3.485567499015693,8.245530242347646,1.3368439692560699,30.357674499668065
1769289920.3653705,1769289920365378378,Sr02_gC_eps15_IMG1_LID1_STA1_CFC64_OH0,0124_2224,C,0.518409788608551,-0.02045498788356781,0.5,0.0,-3.4681128469742046,8.318470858669475,1.3362919628952086,30.293887969621967
1769289920.50577,1769289920505778396,Sr02_gC_eps15_IMG1_LID1_STA1_CFC64_OH0,0124_2224,C,0.5034167766571045,0.07571061700582504,0.5,0.0,-3.4565254328454897,8.367005672903252,1.3344721885265245,30.251464316583263
1769289920.6453586,1769289920645367672,Sr02_gC_eps15_IMG1_LID1_STA1_CFC64_OH0,0124_2224,C,0.5118180513381958,0.0038342857733368874,0.5,0.0,-3.438323996057975,8.439762510939378,1.3165715677843437,30.188174231382472
1769289920.7842479,1769289920784256285,Sr02_gC_eps15_IMG1_LID1_STA1_CFC64_OH0,0124_2224,C,0.4918648600578308,0.1160801351070404,0.5,0.0,-3.4188809262169237,8.512186117973425,1.302826491862612,30.12564822821261
1769289920.922541,1769289920922549581,Sr02_gC_eps15_IMG1_LID1_STA1_CFC64_OH0,0124_2224,C,0.4963608682155609,0.06883879005908966,0.5,0.0,-3.398738261635345,8.584418916285582,1.2966631308788872,30.06358320325853
1769289921.0592353,1769289921059243547,Sr02_gC_eps15_IMG1_LID1_STA1_CFC64_OH0,0124_2224,C,0.5263522267341614,-0.051776014268398285,0.5,0.0,-3.385176519654011,8.632544569730427,1.2953563717579886,30.022309924274328
1769289921.1906269,1769289921190634828,Sr02_gC_eps15_IMG1_LID1_STA1_CFC64_OH0,0124_2224,C,0.48572975397109985,0.08301378786563873,0.5,0.0,-3.3647212197144207,8.704648005017914,1.2961350724537017,29.960566585938032
1769289921.3312495,1769289921331258605,Sr02_gC_eps15_IMG1_LID1_STA1_CFC64_OH0,0124_2224,C,0.4717475473880768,0.1474122554063797,0.5,0.5,-3.344744219733581,8.776910921052021,1.303552984525957,29.898578398611775
1769289921.4657044,1769289921465712921,Sr02_gC_eps15_IMG1_LID1_STA1_CFC64_OH0,0124_2224,C,0.4764406979084015,0.1351621299982071,0.5,0.5,-3.33157736766819,8.825081840900747,1.3058435629410021,29.85724127332599
1769289921.601908,1769289921601915565,Sr02_gC_eps15_IMG1_LID1_STA1_CFC64_OH0,0124_2224,C,0.4885064959526062,0.105091392993927,0.5,0.0,-3.31254448229523,8.897604924693326,1.3209250343118708,29.794799777024988
1769289921.741499,1769289921741506706,Sr02_gC_eps15_IMG1_LID1_STA1_CFC64_OH0,0124_2224,C,0.48960408568382263,0.22140906751155853,0.5,0.5,-3.2943253676439745,8.970279355869428,1.3256629419195767,29.73200783429372
1769289921.876191,1769289921876201412,Sr02_gC_eps15_IMG1_LID1_STA1_CFC64_OH0,0124_2224,C,0.5068504214286804,0.02868695743381977,0.5,0.0,-3.276004956266472,9.042902338570718,1.3264726122884853,29.669353973086146
1769289922.0181932,1769289922018201511,Sr02_gC_eps15_IMG1_LID1_STA1_CFC64_OH0,0124_2224,C,0.5112927556037903,0.047931745648384094,0.5,0.0,-3.2641149373750347,9.091456339321068,1.3351260348058316,29.627379115553147
1769289922.1526487,1769289922152656458,Sr02_gC_eps15_IMG1_LID1_STA1_CFC64_OH0,0124_2224,C,0.4990856349468231,0.05919256806373596,0.5,0.0,-3.2474075013572543,9.164554410426105,1.3568154060123658,29.563839893601152
1769289922.2956011,1769289922295608982,Sr02_gC_eps15_IMG1_LID1_STA1_CFC64_OH0,0124_2224,C,0.49557361006736755,0.06995727866888046,0.5,0.0,-3.232206704332458,9.23799665666373,1.3755861811347685,29.499531327612523
1769289922.4341314,1769289922434146366,Sr02_gC_eps15_IMG1_LID1_STA1_CFC64_OH0,0124_2224,C,0.49310776591300964,0.04937390983104706,0.5,0.0,-3.2183457601421046,9.311605111247008,1.397642620806183,29.434671851461065
1769289922.573924,1769289922573932081,Sr02_gC_eps15_IMG1_LID1_STA1_CFC64_OH0,0124_2224,C,0.5066850781440735,0.0198106337338686,0.5,0.0,-3.2102738944137497,9.36088063272032,1.417539609145896,29.390878261584188
1769289922.711596,1769289922711606346,Sr02_gC_eps15_IMG1_LID1_STA1_CFC64_OH0,0124_2224,C,0.5213558673858643,-0.020961439236998558,0.5,0.0,-3.1990791939671746,9.434922467185896,1.4237496230973208,29.324798684122225
1769289922.8476126,1769289922847620377,Sr02_gC_eps15_IMG1_LID1_STA1_CFC64_OH0,0124_2224,C,0.52092444896698,-0.009855128824710846,0.5,0.0,-3.18837085068288,9.509153868630444,1.4317276208246799,29.258420009246983
1769289922.9825995,1769289922982607212,Sr02_gC_eps15_IMG1_LID1_STA1_CFC64_OH0,0124_2224,C,0.5066028237342834,0.03027523122727871,0.5,0.0,-3.1783212380200214,9.583477214754467,1.4414676587140467,29.19177513015444
1769289923.1235561,1769289923123567690,Sr02_gC_eps15_IMG1_LID1_STA1_CFC64_OH0,0124_2224,C,0.5084940195083618,0.015742262825369835,0.5,0.0,-3.1720442576161583,9.63308154523079,1.448051722964675,29.14717320073071
1769289923.2636087,1769289923263617170,Sr02_gC_eps15_IMG1_LID1_STA1_CFC64_OH0,0124_2224,C,0.5007973313331604,0.05438416078686714,0.5,0.0,-3.1631306260743464,9.707549818322109,1.4545709238483326,29.080075541284998
1769289923.402273,1769289923402281101,Sr02_gC_eps15_IMG1_LID1_STA1_CFC64_OH0,0124_2224,C,0.5146665573120117,-0.004271735902875662,0.5,0.0,-3.154520389720751,9.78204521512403,1.455534806986763,29.012888237784413
1769289923.5360708,1769289923536079136,Sr02_gC_eps15_IMG1_LID1_STA1_CFC64_OH0,0124_2224,C,0.5353187918663025,-0.04162357375025749,0.5,0.0,-3.14579130415514,9.85653548015395,1.4531680282660973,28.945784502497716
1769289923.6725712,1769289923672578347,Sr02_gC_eps15_IMG1_LID1_STA1_CFC64_OH0,0124_2224,C,0.521824836730957,0.006887094583362341,0.5,0.0,-3.1399085242513323,9.906180243056832,1.4533582053663192,28.901106338987052
1769289923.8119266,1769289923811934136,Sr02_gC_eps15_IMG1_LID1_STA1_CFC64_OH0,0124_2224,C,0.5030461549758911,0.018630770966410637,0.5,0.0,-3.1312810281290235,9.980682310728145,1.457172845709982,28.83402175801207
1769289923.9481866,1769289923948194990,Sr02_gC_eps15_IMG1_LID1_STA1_CFC64_OH0,0124_2224,C,0.5000827312469482,0.03870987892150879,0.5,0.0,-3.1229126025330562,10.055207356980109,1.4622159132371535,28.76686584597523
1769289924.08817,1769289924088189597,Sr02_gC_eps15_IMG1_LID1_STA1_CFC64_OH0,0124_2224,C,0.5115304589271545,0.05688241496682167,0.5,0.0,-3.115058327989874,10.129783335603832,1.4676355021190646,28.699524058948263
1769289924.231595,1769289924231603687,Sr02_gC_eps15_IMG1_LID1_STA1_CFC64_OH0,0124_2224,C,0.5100792646408081,0.03440018743276596,0.5,0.0,-3.1098955540121165,10.17951251785636,1.4664739413146877,28.65461419377923
1769289924.375329,1769289924375338850,Sr02_gC_eps15_IMG1_LID1_STA1_CFC64_OH0,0124_2224,C,0.4952542781829834,0.04162517935037613,0.5,0.0,-3.1018715616676285,10.254070763278545,1.4620737338473035,28.587411161582978
1769289924.5150716,1769289924515079811,Sr02_gC_eps15_IMG1_LID1_STA1_CFC64_OH0,0124_2224,C,0.48921701312065125,0.056249912828207016,0.5,0.0,-3.0937792324712436,10.328632901062003,1.463693969893888,28.520267002026657
1769289924.6556053,1769289924655613289,Sr02_gC_eps15_IMG1_LID1_STA1_CFC64_OH0,0124_2224,C,0.48636767268180847,0.05863852798938751,0.5,0.0,-3.085890575011687,10.40321681376589,1.4678941008484352,28.453070795543773
1769289924.801315,1769289924801322664,Sr02_gC_eps15_IMG1_LID1_STA1_CFC64_OH0,0124_2224,C,0.4784579277038574,0.15177124738693237,0.5,0.5,-3.078439778352971,10.477845614105117,1.475336084851267,28.38571876190491
1769289924.9434807,1769289924943493543,Sr02_gC_eps15_IMG1_LID1_STA1_CFC64_OH0,0124_2224,C,0.4839315116405487,0.19710558652877808,0.5,0.5,-3.0715822888265927,10.552531293644345,1.4822946969886435,28.31814413397664
1769289925.0860102,1769289925086017634,Sr02_gC_eps15_IMG1_LID1_STA1_CFC64_OH0,0124_2224,C,0.4799664616584778,0.19069355726242065,0.5,0.5,-3.065160679509284,10.627255761389556,1.4881049593467082,28.250417564834482
1769289925.2258506,1769289925225858573,Sr02_gC_eps15_IMG1_LID1_STA1_CFC64_OH0,0124_2224,C,0.49379435181617737,0.19319336116313934,0.5,0.5,-3.0611476615165785,10.677094400053612,1.4931449418614007,28.205171727951306
1769289925.3714643,1769289925371479021,Sr02_gC_eps15_IMG1_LID1_STA1_CFC64_OH0,0124_2224,C,0.490247517824173,0.21122516691684723,0.5,0.5,-3.0556480966405184,10.751892257028446,1.5017496159405366,28.137112273687503
1769289925.5156214,1769289925515629182,Sr02_gC_eps15_IMG1_LID1_STA1_CFC64_OH0,0124_2224,C,0.49943217635154724,0.2100405991077423,0.5,0.5,-3.0508655507958156,10.826683034931348,1.515154816132996,28.068840970508855
1769289925.6611805,1769289925661189257,Sr02_gC_eps15_IMG1_LID1_STA1_CFC64_OH0,0124_2224,C,0.4928955137729645,0.06891512870788574,0.5,0.0,-3.0475993591036508,10.90159835174325,1.5409727825491322,27.999949026225377
1769289925.8029203,1769289925802928396,Sr02_gC_eps15_IMG1_LID1_STA1_CFC64_OH0,0124_2224,C,0.5068095922470093,0.12406958639621735,0.5,0.0,-3.046458410320154,10.976587049681077,1.5699614953799266,27.93026339983135
1769289925.944456,1769289925944469674,Sr02_gC_eps15_IMG1_LID1_STA1_CFC64_OH0,0124_2224,C,0.5078380107879639,-0.04646659642457962,0.5,0.0,-3.047475942496833,11.05157752927649,1.5988404582516575,27.859833495090147
1769289926.0912497,1769289926091256741,Sr02_gC_eps15_IMG1_LID1_STA1_CFC64_OH0,0124_2224,C,0.48981818556785583,0.15085530281066895,0.5,0.5,-3.0493678607935846,11.10154088911623,1.6188810201050616,27.812488120420433
1769289926.2361128,1769289926236120540,Sr02_gC_eps15_IMG1_LID1_STA1_CFC64_OH0,0124_2224,C,0.4806821346282959,0.21846885979175568,0.5,0.5,-3.0541578237769325,11.176384638453237,1.6504936701920787,27.74088302847871
1769289926.3799822,1769289926379991026,Sr02_gC_eps15_IMG1_LID1_STA1_CFC64_OH0,0124_2224,C,0.4964769184589386,0.19907744228839874,0.5,0.5,-3.061183763296836,11.25095824514122,1.6742267223054914,27.66874580342957
1769289926.5257244,1769289926525735017,Sr02_gC_eps15_IMG1_LID1_STA1_CFC64_OH0,0124_2224,C,0.5075621604919434,0.07058403640985489,0.5,0.0,-3.0693554021604466,11.325499943790515,1.6876777850844709,27.59624130361997
1769289926.6666894,1769289926666695956,Sr02_gC_eps15_IMG1_LID1_STA1_CFC64_OH0,0124_2224,C,0.4939676523208618,-0.027470331639051437,0.5,0.0,-3.0786167939083424,11.39976603210463,1.6962961419719975,27.523614890399028
1769289926.8087375,1769289926808757991,Sr02_gC_eps15_IMG1_LID1_STA1_CFC64_OH0,0124_2224,C,0.48930540680885315,-0.07086335867643356,0.5,0.0,-3.0879237449506585,11.473945905382738,1.7014619681420007,27.4510643592054
1769289926.9543676,1769289926954382417,Sr02_gC_eps15_IMG1_LID1_STA1_CFC64_OH0,0124_2224,C,0.5168305039405823,-0.3000452518463135,0.5,-0.5,-3.0986222296967862,11.54814337632201,1.7290451449612265,27.378006659807372
1769289927.097741,1769289927097752595,Sr02_gC_eps15_IMG1_LID1_STA1_CFC64_OH0,0124_2224,C,0.5063925385475159,-0.2601604759693146,0.5,-0.5,-3.111614116622687,11.622006511724198,1.76007021044171,27.304441383892346
1769289927.2409015,1769289927240908481,Sr02_gC_eps15_IMG1_LID1_STA1_CFC64_OH0,0124_2224,C,0.5092861652374268,-0.1843368411064148,0.5,-0.5,-3.1265082449457218,11.695438323123382,1.7774631365578863,27.230597035272186
1769289927.3850482,1769289927385055797,Sr02_gC_eps15_IMG1_LID1_STA1_CFC64_OH0,0124_2224,C,0.5115739107131958,-0.1669902354478836,0.5,-0.5,-3.1369062561619936,11.744294532168936,1.7815492805442177,27.181292583751713
1769289927.528169,1769289927528177388,Sr02_gC_eps15_IMG1_LID1_STA1_CFC64_OH0,0124_2224,C,0.5028599500656128,-0.09178418666124344,0.5,0.0,-3.152406024985251,11.8176636586941,1.7748910197658496,27.10729659164723
1769289927.6723886,1769289927672396318,Sr02_gC_eps15_IMG1_LID1_STA1_CFC64_OH0,0124_2224,C,0.4958565831184387,-0.03466913849115372,0.5,0.0,-3.1670071906463404,11.890849694081892,1.754705942197139,27.033803077627038
1769289927.8102064,1769289927810216287,Sr02_gC_eps15_IMG1_LID1_STA1_CFC64_OH0,0124_2224,C,0.5035693049430847,-0.01610107161104679,0.5,0.0,-3.1790976690951998,11.964821703037613,1.7122374640318871,26.96049697092153
1769289927.9484637,1769289927948472183,Sr02_gC_eps15_IMG1_LID1_STA1_CFC64_OH0,0124_2224,C,0.4993704557418823,-0.043209195137023926,0.5,0.0,-3.1883258256071985,12.039228480207782,1.678967939441413,26.887838107528687
1769289928.0893397,1769289928089347091,Sr02_gC_eps15_IMG1_LID1_STA1_CFC64_OH0,0124_2224,C,0.528693437576294,-0.1332481950521469,0.5,-0.5,-3.1932762181931413,12.088982163075622,1.661401601088442,26.839705572711814
1769289928.2298644,1769289928229873125,Sr02_gC_eps15_IMG1_LID1_STA1_CFC64_OH0,0124_2224,C,0.5053742527961731,-0.12228284031152725,0.5,0.0,-3.1991819439897915,12.163723674479577,1.6404934506700424,26.76797204109949
1769289928.3672986,1769289928367307941,Sr02_gC_eps15_IMG1_LID1_STA1_CFC64_OH0,0124_2224,C,0.49158909916877747,-0.3540758490562439,0.5,-0.5,-3.2039209861085953,12.23856210620199,1.6294131962901797,26.69659368143341
1769289928.5092046,1769289928509212089,Sr02_gC_eps15_IMG1_LID1_STA1_CFC64_OH0,0124_2224,C,0.5069298148155212,-0.21011844277381897,0.5,-0.5,-3.208136721982633,12.313443467759623,1.6253269018819643,26.625387442476907
1769289928.6506186,1769289928650627200,Sr02_gC_eps15_IMG1_LID1_STA1_CFC64_OH0,0124_2224,C,0.485637366771698,-0.1359882950782776,0.5,-0.5,-3.2120907366341425,12.388339091360208,1.6207431194912167,26.554285178053735
1769289928.7929413,1769289928792950485,Sr02_gC_eps15_IMG1_LID1_STA1_CFC64_OH0,0124_2224,C,0.5004914402961731,-0.2829418182373047,0.5,-0.5,-3.2144383832238033,12.438234703158024,1.6127976978819596,26.507034274036904
1769289928.9349887,1769289928934996660,Sr02_gC_eps15_IMG1_LID1_STA1_CFC64_OH0,0124_2224,C,0.4794522225856781,-0.02037639170885086,0.5,0.0,-3.216848381774348,12.513194789478133,1.5934684140169735,26.43647889439623
1769289929.0733762,1769289929073387619,Sr02_gC_eps15_IMG1_LID1_STA1_CFC64_OH0,0124_2224,C,0.47741788625717163,-0.14599740505218506,0.5,-0.5,-3.2178212075944432,12.588027359434378,1.5710799600473515,26.366598977477814
1769289929.2147603,1769289929214769829,Sr02_gC_eps15_IMG1_LID1_STA1_CFC64_OH0,0124_2224,C,0.45661741495132446,-0.04806011915206909,0.5,0.0,-3.216070857355169,12.662630326802809,1.5267383368244922,26.297971251725205
1769289929.3510222,1769289929351030693,Sr02_gC_eps15_IMG1_LID1_STA1_CFC64_OH0,0124_2224,C,0.5432634949684143,-0.13734133541584015,0.5,-0.5,-3.2116947561438307,12.73748204694582,1.5008235966532875,26.230123930180472
1769289929.4962103,1769289929496221536,Sr02_gC_eps15_IMG1_LID1_STA1_CFC64_OH0,0124_2224,C,0.5447294116020203,-0.13539426028728485,0.5,-0.5,-3.2078349709015064,12.78716993150282,1.483216143475266,26.18546377570879
1769289929.6376421,1769289929637649351,Sr02_gC_eps15_IMG1_LID1_STA1_CFC64_OH0,0124_2224,C,0.5382455587387085,-0.07346250861883163,0.5,0.0,-3.1997209741249915,12.861636579651655,1.4431923074715347,26.119440013640823
1769289929.7841558,1769289929784163997,Sr02_gC_eps15_IMG1_LID1_STA1_CFC64_OH0,0124_2224,C,0.5063645243644714,-0.09983083605766296,0.5,0.0,-3.1898517356322302,12.935612784547818,1.4325749595737753,26.05457876454472
1769289929.9283428,1769289929928355736,Sr02_gC_eps15_IMG1_LID1_STA1_CFC64_OH0,0124_2224,C,0.4922657012939453,-0.2637659013271332,0.5,-0.5,-3.1788041919664196,13.009754366393686,1.416679911363779,25.990061481748235
1769289930.072663,1769289930072671517,Sr02_gC_eps15_IMG1_LID1_STA1_CFC64_OH0,0124_2224,C,0.5069974064826965,-0.31495368480682373,0.5,-0.5,-3.1669208406854192,13.083757417230698,1.4031916790182029,25.92604517881473
1769289930.2125843,1769289930212593668,Sr02_gC_eps15_IMG1_LID1_STA1_CFC64_OH0,0124_2224,C,0.48769763112068176,-0.03913990035653114,0.5,0.0,-3.1536532427921236,13.157573237572999,1.3827852181237994,25.862787111785313
1769289930.3525207,1769289930352530377,Sr02_gC_eps15_IMG1_LID1_STA1_CFC64_OH0,0124_2224,C,0.49864906072616577,0.011490028351545334,0.5,0.0,-3.1389799559307034,13.231111502460536,1.3672269102123547,25.800385056644497
1769289930.49199,1769289930491998306,Sr02_gC_eps15_IMG1_LID1_STA1_CFC64_OH0,0124_2224,C,0.4923667311668396,0.11080526560544968,0.5,0.0,-3.1286757511802494,13.280038052646109,1.3585622772904165,25.759112194462197
1769289930.6316614,1769289930631668875,Sr02_gC_eps15_IMG1_LID1_STA1_CFC64_OH0,0124_2224,C,0.4934484660625458,0.1984107345342636,0.5,0.5,-3.1122819307016973,13.35301116506391,1.336362045447252,25.698005997199818
1769289930.771307,1769289930771315750,Sr02_gC_eps15_IMG1_LID1_STA1_CFC64_OH0,0124_2224,C,0.5021443963050842,0.30102020502090454,0.5,0.5,-3.093397922015655,13.425574661041756,1.2943972686348164,25.63831114260158
1769289930.914492,1769289930914502004,Sr02_gC_eps15_IMG1_LID1_STA1_CFC64_OH0,0124_2224,C,0.49422726035118103,0.16135761141777039,0.5,0.5,-3.071452018451874,13.496968309079417,1.2570226490475145,25.58096194492079
1769289931.0550604,1769289931055070758,Sr02_gC_eps15_IMG1_LID1_STA1_CFC64_OH0,0124_2224,C,0.48736536502838135,0.18080343306064606,0.5,0.5,-3.0481941920304165,13.5681914884268,1.2553586705387174,25.52437031902912
1769289931.1956513,1769289931195663246,Sr02_gC_eps15_IMG1_LID1_STA1_CFC64_OH0,0124_2224,C,0.4832937717437744,0.04658985882997513,0.5,0.0,-3.0327672902696223,13.6156877135743,1.2603885000360582,25.48665154977338
1769289931.3366323,1769289931336640045,Sr02_gC_eps15_IMG1_LID1_STA1_CFC64_OH0,0124_2224,C,0.4857630431652069,0.06436923891305923,0.5,0.0,-3.0104892996899557,13.687246217412163,1.279617492401458,25.42952504830508
1769289931.4785106,1769289931478521962,Sr02_gC_eps15_IMG1_LID1_STA1_CFC64_OH0,0124_2224,C,0.5204030871391296,-0.007590357214212418,0.5,0.0,-2.990087258775251,13.7593288286609,1.3130329063761121,25.371270342249797
1769289931.620463,1769289931620471316,Sr02_gC_eps15_IMG1_LID1_STA1_CFC64_OH0,0124_2224,C,0.5202271938323975,-0.019152645021677017,0.5,0.0,-2.972516994066861,13.83214510146869,1.3502524597173196,25.31130892066516
1769289931.7625148,1769289931762523902,Sr02_gC_eps15_IMG1_LID1_STA1_CFC64_OH0,0124_2224,C,0.48861977458000183,0.12535323202610016,0.5,0.5,-2.957035765701516,13.905527738741819,1.3762061683264541,25.250077635687845
1769289931.9032297,1769289931903237338,Sr02_gC_eps15_IMG1_LID1_STA1_CFC64_OH0,0124_2224,C,0.5004030466079712,0.04336060211062431,0.5,0.0,-2.943300495472019,13.979171709856534,1.3918187826994808,25.187984862288552
1769289932.0442398,1769289932044248241,Sr02_gC_eps15_IMG1_LID1_STA1_CFC64_OH0,0124_2224,C,0.5192733407020569,0.010114363394677639,0.5,0.0,-2.934520968060537,14.028394811402013,1.397188921485602,25.146361119863624
1769289932.1876335,1769289932187641492,Sr02_gC_eps15_IMG1_LID1_STA1_CFC64_OH0,0124_2224,C,0.4904785454273224,0.014477149583399296,0.5,0.0,-2.9218909818202263,14.102295553455859,1.4036287212008622,25.083705918620463
1769289932.3318386,1769289932331847118,Sr02_gC_eps15_IMG1_LID1_STA1_CFC64_OH0,0124_2224,C,0.5041045546531677,-0.07947584241628647,0.5,0.0,-2.9093556634621103,14.176240555087992,1.4016808197733337,25.02103982483135
1769289932.4673731,1769289932467380918,Sr02_gC_eps15_IMG1_LID1_STA1_CFC64_OH0,0124_2224,C,0.5073848366737366,-0.07834018766880035,0.5,0.0,-2.8968349992688958,14.250062993157503,1.4090644037367783,24.958547937601388
1769289932.6046169,1769289932604623584,Sr02_gC_eps15_IMG1_LID1_STA1_CFC64_OH0,0124_2224,C,0.5101357698440552,-0.05373165383934975,0.5,0.0,-2.885376449962687,14.32414829175471,1.4226531212377929,24.895453133354742
1769289932.7465823,1769289932746591733,Sr02_gC_eps15_IMG1_LID1_STA1_CFC64_OH0,0124_2224,C,0.48240926861763,-0.013077491894364357,0.5,0.0,-2.878090431959555,14.373614557110097,1.4256593523001637,24.853213480985417
1769289932.8843575,1769289932884366015,Sr02_gC_eps15_IMG1_LID1_STA1_CFC64_OH0,0124_2224,C,0.5090399384498596,-0.01227903924882412,0.5,0.0,-2.867303520355668,14.447834772565484,1.4274382678871227,24.789831121465852
1769289933.0209682,1769289933020985091,Sr02_gC_eps15_IMG1_LID1_STA1_CFC64_OH0,0124_2224,C,0.4900183081626892,0.06856600195169449,0.5,0.0,-2.856652544599123,14.522025230202019,1.4267621442598757,24.72648522960651
1769289933.1601288,1769289933160136227,Sr02_gC_eps15_IMG1_LID1_STA1_CFC64_OH0,0124_2224,C,0.4876443147659302,-0.009799320250749588,0.5,0.0,-2.845446142998362,14.596182831853254,1.4149089289475503,24.663462760816937
1769289933.2978876,1769289933297896824,Sr02_gC_eps15_IMG1_LID1_STA1_CFC64_OH0,0124_2224,C,0.494839072227478,0.0009146613301709294,0.5,0.0,-2.8374923368212297,14.645546023238035,1.407567075494197,24.6217526600377
1769289933.4360673,1769289933436075285,Sr02_gC_eps15_IMG1_LID1_STA1_CFC64_OH0,0124_2224,C,0.4880712926387787,0.0684988871216774,0.5,0.0,-2.825023067915654,14.71949544010546,1.4011102347792552,24.559555221818126
1769289933.5745478,1769289933574556984,Sr02_gC_eps15_IMG1_LID1_STA1_CFC64_OH0,0124_2224,C,0.49831873178482056,0.03551162779331207,0.5,0.0,-2.8122858088044205,14.793405925082213,1.3991965204585162,24.497576169404542
1769289933.7123876,1769289933712399164,Sr02_gC_eps15_IMG1_LID1_STA1_CFC64_OH0,0124_2224,C,0.5261058807373047,-0.03879332169890404,0.5,0.0,-2.7995226676222114,14.867279675818756,1.403230230081999,24.43571428874913
1769289933.8449795,1769289933844989024,Sr02_gC_eps15_IMG1_LID1_STA1_CFC64_OH0,0124_2224,C,0.49830618500709534,-0.01649870164692402,0.5,0.0,-2.7913350389516642,14.916571485049378,1.4074501303031541,24.394340910296442
1769289933.9827123,1769289933982719514,Sr02_gC_eps15_IMG1_LID1_STA1_CFC64_OH0,0124_2224,C,0.4865109920501709,0.06207970157265663,0.5,0.0,-2.7790864774678616,14.990564533446861,1.4063016468662675,24.33227730597127
1769289934.1221116,1769289934122118895,Sr02_gC_eps15_IMG1_LID1_STA1_CFC64_OH0,0124_2224,C,0.4902077317237854,0.06342916190624237,0.5,0.0,-2.7668349545112214,15.064531895266725,1.4087929721978316,24.270311303441346
1769289934.25908,1769289934259088549,Sr02_gC_eps15_IMG1_LID1_STA1_CFC64_OH0,0124_2224,C,0.5024838447570801,0.07700642943382263,0.5,0.0,-2.7550889136976444,15.138606148827108,1.4170885804903954,24.20810835176188
1769289934.3919184,1769289934391926313,Sr02_gC_eps15_IMG1_LID1_STA1_CFC64_OH0,0124_2224,C,0.5135565400123596,-0.028836337849497795,0.5,0.0,-2.7475149423954632,15.187996132185846,1.4188535455478828,24.166564823291445
1769289934.531086,1769289934531093749,Sr02_gC_eps15_IMG1_LID1_STA1_CFC64_OH0,0124_2224,C,0.5036314129829407,-0.003519820049405098,0.5,0.0,-2.7359562068929226,15.26209999116597,1.413926327276561,24.10437651830456
1769289934.6715446,1769289934671552236,Sr02_gC_eps15_IMG1_LID1_STA1_CFC64_OH0,0124_2224,C,0.5139465928077698,-0.027012884616851807,0.5,0.0,-2.7242082600827118,15.33614202257738,1.415622805741788,24.042398000495442
1769289934.813917,1769289934813925504,Sr02_gC_eps15_IMG1_LID1_STA1_CFC64_OH0,0124_2224,C,0.5035194158554077,-0.01753050647675991,0.5,0.0,-2.712964198184382,15.41029408748718,1.4250427012535318,23.98017834230449
1769289934.9519906,1769289934951998257,Sr02_gC_eps15_IMG1_LID1_STA1_CFC64_OH0,0124_2224,C,0.5059677958488464,-0.01559427846223116,0.5,0.0,-2.7058646103284505,15.459787378145274,1.431928686555703,23.938516084793036
1769289935.0869756,1769289935086984110,Sr02_gC_eps15_IMG1_LID1_STA1_CFC64_OH0,0124_2224,C,0.48956936597824097,-0.010819151066243649,0.5,0.0,-2.6958544256939763,15.534052290752621,1.43827858344181,23.875784643147323
1769289935.2242422,1769289935224250270,Sr02_gC_eps15_IMG1_LID1_STA1_CFC64_OH0,0124_2224,C,0.5100357532501221,-0.0701262503862381,0.5,0.0,-2.685799584884743,15.608375193911218,1.435218944674275,23.813090796811096
1769289935.3620603,1769289935362068916,Sr02_gC_eps15_IMG1_LID1_STA1_CFC64_OH0,0124_2224,C,0.5001091957092285,-0.011360198259353638,0.5,0.0,-2.6756218408555026,15.682681391665588,1.4332814088979895,23.75053670592247
1769289935.4962614,1769289935496270759,Sr02_gC_eps15_IMG1_LID1_STA1_CFC64_OH0,0124_2224,C,0.5130333304405212,-0.02225271426141262,0.5,0.0,-2.6687029718047643,15.732200353979177,1.4308645886424405,23.708948946056232
1769289935.6311448,1769289935631152797,Sr02_gC_eps15_IMG1_LID1_STA1_CFC64_OH0,0124_2224,C,0.5057954788208008,-0.037495147436857224,0.5,0.0,-2.6581458733520216,15.806453595651236,1.4283318265784735,23.646729169344464
1769289935.771082,1769289935771088974,Sr02_gC_eps15_IMG1_LID1_STA1_CFC64_OH0,0124_2224,C,0.5025204420089722,-0.031125716865062714,0.5,0.0,-2.647414576864662,15.88068186861647,1.4262791921554419,23.584682564339275
1769289935.9063714,1769289935906378447,Sr02_gC_eps15_IMG1_LID1_STA1_CFC64_OH0,0124_2224,C,0.5041806101799011,-0.023920344188809395,0.5,0.0,-2.636469220825247,15.954867240285742,1.420131977332395,23.522844147317493
1769289936.0471048,1769289936047113062,Sr02_gC_eps15_IMG1_LID1_STA1_CFC64_OH0,0124_2224,C,0.4997289776802063,-0.00025294849183410406,0.5,0.0,-2.6288249542377056,16.00426809003338,1.415866379719722,23.48186465358084
1769289936.1847126,1769289936184722716,Sr02_gC_eps15_IMG1_LID1_STA1_CFC64_OH0,0124_2224,C,0.5077359676361084,-0.036554571241140366,0.5,0.0,-2.61717882548067,16.07835833545833,1.4135088110690361,23.420550496506433
1769289936.324923,1769289936324930754,Sr02_gC_eps15_IMG1_LID1_STA1_CFC64_OH0,0124_2224,C,0.5029395818710327,0.0016556851333007216,0.5,0.0,-2.605297834278011,16.152411248865274,1.409408800624875,23.359454031429575
1769289936.4622598,1769289936462267686,Sr02_gC_eps15_IMG1_LID1_STA1_CFC64_OH0,0124_2224,C,0.48703721165657043,0.02833653800189495,0.5,0.0,-2.5930437941872233,16.22640330692671,1.4041666980654104,23.298659677494516
1769289936.6010857,1769289936601093391,Sr02_gC_eps15_IMG1_LID1_STA1_CFC64_OH0,0124_2224,C,0.5083428025245667,0.007718920707702637,0.5,0.0,-2.5846756893406018,16.275698059979014,1.4012702868996638,23.258294850146115
1769289936.7366314,1769289936736637972,Sr02_gC_eps15_IMG1_LID1_STA1_CFC64_OH0,0124_2224,C,0.5047255158424377,0.0029265345074236393,0.5,0.0,-2.571904027023165,16.349602595249863,1.398865590790215,23.197950130383855
1769289936.8756337,1769289936875641651,Sr02_gC_eps15_IMG1_LID1_STA1_CFC64_OH0,0124_2224,C,0.5052544474601746,0.002691261935979128,0.5,0.0,-2.5590278367895163,16.423487612756826,1.3962914068056123,23.137755672344618
1769289937.0157547,1769289937015765040,Sr02_gC_eps15_IMG1_LID1_STA1_CFC64_OH0,0124_2224,C,0.5191715955734253,0.08538664132356644,0.5,0.0,-2.545864158804608,16.497320422431482,1.3938547978071267,23.077824572953567
1769289937.1566927,1769289937156700511,Sr02_gC_eps15_IMG1_LID1_STA1_CFC64_OH0,0124_2224,C,0.5122050642967224,0.022812791168689728,0.5,0.0,-2.537083666250141,16.546543405606883,1.3953543861279452,23.03792067411431
1769289937.2989252,1769289937298933337,Sr02_gC_eps15_IMG1_LID1_STA1_CFC64_OH0,0124_2224,C,0.5139238834381104,0.03500405326485634,0.5,0.0,-2.5241453333178683,16.620418919260178,1.3989863477710762,22.977996523725125
1769289937.4426095,1769289937442616782,Sr02_gC_eps15_IMG1_LID1_STA1_CFC64_OH0,0124_2224,C,0.4981413185596466,0.008637182414531708,0.5,0.0,-2.5113627181594693,16.694321582157166,1.3999045690668905,22.918065799628256
1769289937.5840697,1769289937584082379,Sr02_gC_eps15_IMG1_LID1_STA1_CFC64_OH0,0124_2224,C,0.5006443858146667,-0.008053207769989967,0.5,0.0,-2.4986240684556944,16.768231838593806,1.4003270796580847,22.85819710728123
1769289937.725094,1769289937725103221,Sr02_gC_eps15_IMG1_LID1_STA1_CFC64_OH0,0124_2224,C,0.501728355884552,0.03032938949763775,0.5,0.0,-2.4860286804775433,16.842134289921123,1.406705716653986,22.798358864380543
1769289937.8674023,1769289937867416236,Sr02_gC_eps15_IMG1_LID1_STA1_CFC64_OH0,0124_2224,C,0.5027474761009216,0.010384507477283478,0.5,0.0,-2.4741090588123757,16.91616926269191,1.413481143456266,22.738180352833883
1769289938.0060058,1769289938006017049,Sr02_gC_eps15_IMG1_LID1_STA1_CFC64_OH0,0124_2224,C,0.4785310626029968,0.03245449811220169,0.5,0.0,-2.4663368558916843,16.96556147864867,1.4162500592557319,22.69799807223757
1769289938.145067,1769289938145078376,Sr02_gC_eps15_IMG1_LID1_STA1_CFC64_OH0,0124_2224,C,0.48977088928222656,-0.0057580480352044106,0.5,0.0,-2.4549702826451405,17.039695085114193,1.4201823373575828,22.63762216627174
1769289938.2890456,1769289938289053689,Sr02_gC_eps15_IMG1_LID1_STA1_CFC64_OH0,0124_2224,C,0.493417888879776,0.02718629501760006,0.5,0.0,-2.44374471461271,17.1138502313555,1.4203096000023134,22.577249049522187
1769289938.4377522,1769289938437767841,Sr02_gC_eps15_IMG1_LID1_STA1_CFC64_OH0,0124_2224,C,0.4962683916091919,0.015811046585440636,0.5,0.0,-2.4325328261694548,17.1880026505103,1.4225391818824338,22.51695986690572
1769289938.5786412,1769289938578650814,Sr02_gC_eps15_IMG1_LID1_STA1_CFC64_OH0,0124_2224,C,0.48519787192344666,0.05704285949468613,0.5,0.0,-2.4215988231928627,17.26220131489922,1.4256924586677786,22.45658772203065
1769289938.719039,1769289938719047115,Sr02_gC_eps15_IMG1_LID1_STA1_CFC64_OH0,0124_2224,C,0.5025568604469299,-0.01930917240679264,0.5,0.0,-2.410856220164625,17.336427921017815,1.4292364112642295,22.396188973687103
1769289938.8628857,1769289938862894618,Sr02_gC_eps15_IMG1_LID1_STA1_CFC64_OH0,0124_2224,C,0.4933616518974304,0.02993800863623619,0.5,0.0,-2.4038592236261,17.385932700832907,1.4305826055388828,22.355876331503673
1769289939.004227,1769289939004234369,Sr02_gC_eps15_IMG1_LID1_STA1_CFC64_OH0,0124_2224,C,0.49488401412963867,0.03242459148168564,0.5,0.0,-2.3933855090197715,17.46019776002188,1.4320249748350549,22.29546362664141
1769289939.14644,1769289939146449040,Sr02_gC_eps15_IMG1_LID1_STA1_CFC64_OH0,0124_2224,C,0.49076539278030396,0.04204306751489639,0.5,0.0,-2.3831554677476467,17.534496745788314,1.4355341596130802,22.234993724390794
1769289939.2864108,1769289939286418229,Sr02_gC_eps15_IMG1_LID1_STA1_CFC64_OH0,0124_2224,C,0.49096256494522095,0.047451384365558624,0.5,0.0,-2.373180075801651,17.608819092300003,1.4407510953914422,22.174470183334844
1769289939.4322977,1769289939432305318,Sr02_gC_eps15_IMG1_LID1_STA1_CFC64_OH0,0124_2224,C,0.5072137713432312,-0.027133837342262268,0.5,0.0,-2.3636423587616604,17.68317715382521,1.4429026698698992,22.113793688740785
1769289939.5730813,1769289939573089196,Sr02_gC_eps15_IMG1_LID1_STA1_CFC64_OH0,0124_2224,C,0.48537760972976685,0.0409398190677166,0.5,0.0,-2.354112141899013,17.757557950907387,1.4453124846025194,22.053181558766244
1769289939.7152011,1769289939715208989,Sr02_gC_eps15_IMG1_LID1_STA1_CFC64_OH0,0124_2224,C,0.493507444858551,0.0029158429242670536,0.5,0.0,-2.3479296558063174,17.80717422414166,1.4484057418293315,22.01271457195342
1769289939.8593225,1769289939859331789,Sr02_gC_eps15_IMG1_LID1_STA1_CFC64_OH0,0124_2224,C,0.4883212447166443,0.04089678078889847,0.5,0.0,-2.338962917833222,17.881636183000634,1.4538465228466526,21.951905999178596
1769289940.002106,1769289940002114866,Sr02_gC_eps15_IMG1_LID1_STA1_CFC64_OH0,0124_2224,C,0.4836212992668152,0.04743078351020813,0.5,0.0,-2.3304531813854954,17.95615170345005,1.46053155007818,21.890916195775294
1769289940.1466224,1769289940146632697,Sr02_gC_eps15_IMG1_LID1_STA1_CFC64_OH0,0124_2224,C,0.5066854953765869,-0.014525272883474827,0.5,0.0,-2.3224137305445973,18.030686644744954,1.4636132732784952,21.829766955469665
1769289940.2868824,1769289940286891099,Sr02_gC_eps15_IMG1_LID1_STA1_CFC64_OH0,0124_2224,C,0.5062530040740967,-0.03002272918820381,0.5,0.0,-2.314313302425424,18.10522455607096,1.4639682064254502,21.768731426158062
1769289940.4289126,1769289940428922206,Sr02_gC_eps15_IMG1_LID1_STA1_CFC64_OH0,0124_2224,C,0.50618577003479,-0.00918013695627451,0.5,0.0,-2.306469463529889,18.179810841801366,1.4666955096298875,21.707614879587936
1769289940.5782864,1769289940578294792,Sr02_gC_eps15_IMG1_LID1_STA1_CFC64_OH0,0124_2224,C,0.4963580071926117,-0.02951122634112835,0.5,0.0,-2.301315097081421,18.229539854806063,1.4692496543824878,21.666877844471543
1769289940.7191505,1769289940719159051,Sr02_gC_eps15_IMG1_LID1_STA1_CFC64_OH0,0124_2224,C,0.5110853910446167,-0.013269969262182713,0.5,0.0,-2.293943686834127,18.304176594688606,1.4756455161638755,21.605629384689728
1769289940.8656232,1769289940865632108,Sr02_gC_eps15_IMG1_LID1_STA1_CFC64_OH0,0124_2224,C,0.5021519660949707,-0.01911296136677265,0.5,0.0,-2.287035586497191,18.378846221391587,1.4792725828406494,21.544209226194788
1769289941.010917,1769289941010929341,Sr02_gC_eps15_IMG1_LID1_STA1_CFC64_OH0,0124_2224,C,0.4997716248035431,-0.016820022836327553,0.5,0.0,-2.2800748416132737,18.453522466329062,1.4758540128966875,21.48289572354446
1769289941.1572053,1769289941157218695,Sr02_gC_eps15_IMG1_LID1_STA1_CFC64_OH0,0124_2224,C,0.4999024271965027,-0.006362517364323139,0.5,0.0,-2.2728387720386385,18.5281725530898,1.4732264251687408,21.421829674222238
1769289941.29901,1769289941299017416,Sr02_gC_eps15_IMG1_LID1_STA1_CFC64_OH0,0124_2224,C,0.4980824589729309,-0.0049813659861683846,0.5,0.0,-2.2654488757030653,18.602807558797178,1.4702229379436302,21.360942639189958
1769289941.4423862,1769289941442395369,Sr02_gC_eps15_IMG1_LID1_STA1_CFC64_OH0,0124_2224,C,0.5006877779960632,0.015791425481438637,0.5,0.0,-2.2577861567320507,18.67741505217862,1.4672579595518582,21.300306836738205
1769289941.5884788,1769289941588485859,Sr02_gC_eps15_IMG1_LID1_STA1_CFC64_OH0,0124_2224,C,0.5016109347343445,-0.0010666298912838101,0.5,0.0,-2.2499511112685084,18.75200465240043,1.464800033285081,21.239865319247645
1769289941.7347877,1769289941734795801,Sr02_gC_eps15_IMG1_LID1_STA1_CFC64_OH0,0124_2224,C,0.5013917088508606,0.0041389199905097485,0.5,0.0,-2.2419139875976204,18.826572746445354,1.462139456145021,21.179637960504333
1769289941.8784297,1769289941878447407,Sr02_gC_eps15_IMG1_LID1_STA1_CFC64_OH0,0124_2224,C,0.5001859068870544,0.000781642971560359,0.5,0.0,-2.233718144670317,18.90112357945541,1.4607667725645002,21.119600864021336
1769289942.028274,1769289942028281790,Sr02_gC_eps15_IMG1_LID1_STA1_CFC64_OH0,0124_2224,C,0.49965018033981323,0.007762470282614231,0.5,0.0,-2.228212809419,18.95081956419775,1.4601995782695751,21.07965446673157
1769289942.1710405,1769289942171047745,Sr02_gC_eps15_IMG1_LID1_STA1_CFC64_OH0,0124_2224,C,0.5002456903457642,0.008409491740167141,0.5,0.0,-2.2199256854132474,19.025360308452214,1.4606987241535399,21.019833228690977
1769289942.3115227,1769289942311530588,Sr02_gC_eps15_IMG1_LID1_STA1_CFC64_OH0,0124_2224,C,0.4968886077404022,0.017053090035915375,0.5,0.0,-2.211746520442496,19.099912973818746,1.4617188047694611,20.96004389640031
1769289942.4502642,1769289942450275071,Sr02_gC_eps15_IMG1_LID1_STA1_CFC64_OH0,0124_2224,C,0.4973221719264984,0.016883492469787598,0.5,0.0,-2.2035806125201214,19.174467096526516,1.461871139048545,20.90034457137342
1769289942.5924313,1769289942592439037,Sr02_gC_eps15_IMG1_LID1_STA1_CFC64_OH0,0124_2224,C,0.4994882643222809,0.007612274494022131,0.5,0.0,-2.1954451729069486,19.2490245498507,1.4622233968765186,20.840725511934426
1769289942.7355645,1769289942735573022,Sr02_gC_eps15_IMG1_LID1_STA1_CFC64_OH0,0124_2224,C,0.4997297525405884,0.0012685377150774002,0.5,0.0,-2.187339913092337,19.323585287870184,1.4630387193781962,20.781187598144086
1769289942.881205,1769289942881213639,Sr02_gC_eps15_IMG1_LID1_STA1_CFC64_OH0,0124_2224,C,0.49615055322647095,0.021922076120972633,0.5,0.0,-2.181981892949703,19.37329737063699,1.4638343752643945,20.74152347414565
1769289943.0179386,1769289943017947521,Sr02_gC_eps15_IMG1_LID1_STA1_CFC64_OH0,0124_2224,C,0.5014922618865967,0.0026663001626729965,0.5,0.0,-2.1740274420979593,19.447874342737006,1.4655279695564778,20.68206058751478
1769289943.1605506,1769289943160558455,Sr02_gC_eps15_IMG1_LID1_STA1_CFC64_OH0,0124_2224,C,0.4950253367424011,0.007304876111447811,0.5,0.0,-2.166242138464399,19.52246915011763,1.4680757531594435,20.622595065031224
1769289943.3011456,1769289943301154751,Sr02_gC_eps15_IMG1_LID1_STA1_CFC64_OH0,0124_2224,C,0.49852198362350464,-0.003281296230852604,0.5,0.0,-2.158631355817628,19.59708197577866,1.469866583756958,20.56312390029837
1769289943.4423149,1769289943442324402,Sr02_gC_eps15_IMG1_LID1_STA1_CFC64_OH0,0124_2224,C,0.49841833114624023,-0.0034136250615119934,0.5,0.0,-2.1511093416237346,19.671703811217036,1.4705643670691195,20.50370001541773
1769289943.5841825,1769289943584189939,Sr02_gC_eps15_IMG1_LID1_STA1_CFC64_OH0,0124_2224,C,0.49344804883003235,0.008766043931245804,0.5,0.0,-2.143644507246957,19.746331377008854,1.4724069119822705,20.44434335845824
1769289943.7267077,1769289943726720723,Sr02_gC_eps15_IMG1_LID1_STA1_CFC64_OH0,0124_2224,C,0.49760702252388,0.006201248150318861,0.5,0.0,-2.1387755359683487,19.796093736660122,1.4736363434949655,20.404763258213325
1769289943.8673153,1769289943867321547,Sr02_gC_eps15_IMG1_LID1_STA1_CFC64_OH0,0124_2224,C,0.4934239387512207,0.013478725217282772,0.5,0.0,-2.131520580182845,19.87074200958757,1.4743609841262277,20.345449246816695
1769289944.0071175,1769289944007126879,Sr02_gC_eps15_IMG1_LID1_STA1_CFC64_OH0,0124_2224,C,0.49718186259269714,-0.00178955786395818,0.5,0.0,-2.1243334495059205,19.945396843107247,1.4749274140859459,20.286197230565232
1769289944.1494155,1769289944149429526,Sr02_gC_eps15_IMG1_LID1_STA1_CFC64_OH0,0124_2224,C,0.49884217977523804,-0.0003286388237029314,0.5,0.0,-2.1171357568423588,20.02005066008494,1.4744259575681367,20.227056271369335
1769289944.2933073,1769289944293319659,Sr02_gC_eps15_IMG1_LID1_STA1_CFC64_OH0,0124_2224,C,0.49978193640708923,0.01446368545293808,0.5,0.0,-2.1099194464152884,20.0947026790839,1.474888277252601,20.168032349179303
1769289944.432015,1769289944432023947,Sr02_gC_eps15_IMG1_LID1_STA1_CFC64_OH0,0124_2224,C,0.49982571601867676,0.014528543688356876,0.5,0.0,-2.102780066911123,20.169362092734577,1.4759467044952845,20.10906704548024
1769289944.5727174,1769289944572733655,Sr02_gC_eps15_IMG1_LID1_STA1_CFC64_OH0,0124_2224,C,0.49986493587493896,-0.0016493020812049508,0.5,0.0,-2.09806302551685,20.219139085788697,1.4768579213673565,20.069789818007354
1769289944.7175102,1769289944717517946,Sr02_gC_eps15_IMG1_LID1_STA1_CFC64_OH0,0124_2224,C,0.5011869072914124,-0.006720968522131443,0.5,0.0,-2.091093989359205,20.293814588849777,1.4781163255679806,20.01089726927892
1769289944.8615632,1769289944861571246,Sr02_gC_eps15_IMG1_LID1_STA1_CFC64_OH0,0124_2224,C,0.5014039278030396,0.001069026766344905,0.5,0.0,-2.0841446953826375,20.36849193873012,1.4779501553947834,19.952100477548903
1769289945.001394,1769289945001404641,Sr02_gC_eps15_IMG1_LID1_STA1_CFC64_OH0,0124_2224,C,0.49737343192100525,0.012415418401360512,0.5,0.0,-2.0772192187347636,20.443171494358545,1.4792321553401513,19.893397756866502
1769289945.1439316,1769289945143939202,Sr02_gC_eps15_IMG1_LID1_STA1_CFC64_OH0,0124_2224,C,0.4994785189628601,0.016429057344794273,0.5,0.0,-2.0704425999667584,20.51786469692312,1.4814062446289398,19.83471156682629
1769289945.2862785,1769289945286284969,Sr02_gC_eps15_IMG1_LID1_STA1_CFC64_OH0,0124_2224,C,0.4995378255844116,0.016510354354977608,0.5,0.0,-2.063796038615327,20.592569597587005,1.4821295312591487,19.776054065647305
1769289945.4282622,1769289945428271593,Sr02_gC_eps15_IMG1_LID1_STA1_CFC64_OH0,0124_2224,C,0.5007697343826294,-0.005043591372668743,0.5,0.0,-2.059361241618969,20.64237253142304,1.4817110222879717,19.737012905580105
1769289945.5722203,1769289945572227750,Sr02_gC_eps15_IMG1_LID1_STA1_CFC64_OH0,0124_2224,C,0.5008389353752136,-0.0033617867156863213,0.5,0.0,-2.0526605279740235,20.717072595513546,1.4812481714832078,19.678574706029547
1769289945.716512,1769289945716519257,Sr02_gC_eps15_IMG1_LID1_STA1_CFC64_OH0,0124_2224,C,0.5009611248970032,-0.004622120410203934,0.5,0.0,-2.045966441393769,20.791773253225607,1.4819758352212482,19.62024495584775
1769289945.8581367,1769289945858144262,Sr02_gC_eps15_IMG1_LID1_STA1_CFC64_OH0,0124_2224,C,0.5009135603904724,0.003443117719143629,0.5,0.0,-2.0393881234787004,20.866484181987182,1.4841190961166344,19.561955521996126
1769289945.9981627,1769289945998171140,Sr02_gC_eps15_IMG1_LID1_STA1_CFC64_OH0,0124_2224,C,0.5025559663772583,0.002435598988085985,0.5,0.0,-2.032987705463779,20.941210556653246,1.4865907673440528,19.503667588090558
1769289946.1465468,1769289946146555042,Sr02_gC_eps15_IMG1_LID1_STA1_CFC64_OH0,0124_2224,C,0.5029878616333008,0.009917447343468666,0.5,0.0,-2.0267185989834684,21.015948079838182,1.4869119418923222,19.44541098028931
1769289946.2908828,1769289946290890962,Sr02_gC_eps15_IMG1_LID1_STA1_CFC64_OH0,0124_2224,C,0.5030814409255981,0.009875476360321045,0.5,0.0,-2.020409769835329,21.090682260739825,1.4863067653084954,19.38729468372488
1769289946.4419754,1769289946441989255,Sr02_gC_eps15_IMG1_LID1_STA1_CFC64_OH0,0124_2224,C,0.49676552414894104,0.006181314121931791,0.5,0.0,-2.0161808117051523,21.140503095332956,1.4858949682527283,19.348629709434057
1769289946.589225,1769289946589233579,Sr02_gC_eps15_IMG1_LID1_STA1_CFC64_OH0,0124_2224,C,0.5035786032676697,-0.008200564421713352,0.5,0.0,-2.0098047958961924,21.21523157488834,1.4857662109005658,19.29075075222823
1769289946.7334774,1769289946733484019,Sr02_gC_eps15_IMG1_LID1_STA1_CFC64_OH0,0124_2224,C,0.501102089881897,0.002541434485465288,0.5,0.0,-2.003453613867228,21.289962168840002,1.486222227458522,19.23297416456957
1769289947.000382,1769289947000391288,Sr02_gC_eps15_IMG1_LID1_STA1_CFC64_OH0,0124_2224,C,0.49802374839782715,-0.005091663915663958,0.5,0.0,-1.9971408999437736,21.36469602019459,1.4871112895134473,19.175292120595856
1769289947.1449113,1769289947144921222,Sr02_gC_eps15_IMG1_LID1_STA1_CFC64_OH0,0124_2224,C,0.5014634132385254,-0.014226063154637814,0.5,0.0,-1.9848200584105276,21.514189094082973,1.4898178577548218,19.060093149662812
1769289947.2945814,1769289947294589513,Sr02_gC_eps15_IMG1_LID1_STA1_CFC64_OH0,0124_2224,C,0.49568605422973633,0.009842811152338982,0.5,0.0,-1.980785227906463,21.564026026162573,1.4898607248944589,19.021754764965618
1769289947.4425037,1769289947442512690,Sr02_gC_eps15_IMG1_LID1_STA1_CFC64_OH0,0124_2224,C,0.49469876289367676,0.004167287610471249,0.5,0.0,-1.9746767781387689,21.638776848893976,1.4888454743533637,18.964385403988135
1769289947.5901124,1769289947590120487,Sr02_gC_eps15_IMG1_LID1_STA1_CFC64_OH0,0124_2224,C,0.49916085600852966,0.01541929505765438,0.5,0.0,-1.9685515896711732,21.71352630564714,1.4892266882655119,18.90715034118451
1769289947.7360613,1769289947736069522,Sr02_gC_eps15_IMG1_LID1_STA1_CFC64_OH0,0124_2224,C,0.5017654895782471,0.0024212580174207687,0.5,0.0,-1.9624480503401043,21.78827753346288,1.4891499234979688,18.850025802842627
1769289947.8825204,1769289947882528474,Sr02_gC_eps15_IMG1_LID1_STA1_CFC64_OH0,0124_2224,C,0.498458594083786,0.007186646107584238,0.5,0.0,-1.9562882619457305,21.86302413980764,1.4876554314079953,18.79306369749292
1769289948.030613,1769289948030622402,Sr02_gC_eps15_IMG1_LID1_STA1_CFC64_OH0,0124_2224,C,0.4963773787021637,0.004459111485630274,0.5,0.0,-1.9500287024721943,21.937762462272104,1.4876877021525194,18.7362941050737
1769289948.1745656,1769289948174573841,Sr02_gC_eps15_IMG1_LID1_STA1_CFC64_OH0,0124_2224,C,0.49134665727615356,0.0029378405306488276,0.5,0.0,-1.9438488557298266,22.01250741717423,1.4887100846124144,18.679600636595904
1769289948.3158064,1769289948315813964,Sr02_gC_eps15_IMG1_LID1_STA1_CFC64_OH0,0124_2224,C,0.5044556260108948,0.006319526117295027,0.5,0.0,-1.937745371680454,22.087258639978884,1.490347847135733,18.62298626894996
1769289948.4626043,1769289948462613525,Sr02_gC_eps15_IMG1_LID1_STA1_CFC64_OH0,0124_2224,C,0.5036115646362305,-0.0028604427352547646,0.5,0.0,-1.931783968646044,22.16202133206994,1.4916209062946646,18.5664084138484
1769289948.6023629,1769289948602370216,Sr02_gC_eps15_IMG1_LID1_STA1_CFC64_OH0,0124_2224,C,0.5018486380577087,-0.010803920216858387,0.5,0.0,-1.9258752115372726,22.236788206706613,1.4924129749838233,18.509926697433578
1769289948.743326,1769289948743336396,Sr02_gC_eps15_IMG1_LID1_STA1_CFC64_OH0,0124_2224,C,0.5073140859603882,-0.015269936062395573,0.5,0.0,-1.9200345544966821,22.311560432516213,1.493190943906191,18.453531798949026
1769289948.886485,1769289948886492703,Sr02_gC_eps15_IMG1_LID1_STA1_CFC64_OH0,0124_2224,C,0.49103572964668274,0.016620928421616554,0.5,0.0,-1.9161686869678867,22.361410755673468,1.4935760047438689,18.415990435209228
1769289949.0296888,1769289949029699926,Sr02_gC_eps15_IMG1_LID1_STA1_CFC64_OH0,0124_2224,C,0.5025776028633118,-0.024274544790387154,0.5,0.0,-1.9104024280018777,22.436188756167972,1.4942195783265892,18.35976813210313
1769289949.1666756,1769289949166685680,Sr02_gC_eps15_IMG1_LID1_STA1_CFC64_OH0,0124_2224,C,0.5113572478294373,-0.03358541056513786,0.5,0.0,-1.9046855823855773,22.51097055135134,1.4944331164097955,18.303647510105293
1769289949.3092642,1769289949309272259,Sr02_gC_eps15_IMG1_LID1_STA1_CFC64_OH0,0124_2224,C,0.5088741779327393,-0.0033948756754398346,0.5,0.0,-1.8989407358600654,22.585750198653678,1.4935274489077006,18.24768126970927
1769289949.4506443,1769289949450652406,Sr02_gC_eps15_IMG1_LID1_STA1_CFC64_OH0,0124_2224,C,0.5092160105705261,-0.006928334943950176,0.5,0.0,-1.893083623882923,22.66052112654967,1.4915495862625947,18.191927433198696
1769289949.5945086,1769289949594517222,Sr02_gC_eps15_IMG1_LID1_STA1_CFC64_OH0,0124_2224,C,0.5049425363540649,-0.027010010555386543,0.5,0.0,-1.8891072471852373,22.710362755520435,1.4916171114080867,18.154883485121584
1769289949.73532,1769289949735326177,Sr02_gC_eps15_IMG1_LID1_STA1_CFC64_OH0,0124_2224,C,0.4967063069343567,-0.03489728644490242,0.5,0.0,-1.8832331109772433,22.78512327112087,1.4916888620779047,18.099380433657615
1769289949.8764343,1769289949876443370,Sr02_gC_eps15_IMG1_LID1_STA1_CFC64_OH0,0124_2224,C,0.4959043264389038,-0.02468704991042614,0.5,0.0,-1.8771643345824003,22.85987727895067,1.487582150917793,18.044143292966677
1769289950.0153415,1769289950015351620,Sr02_gC_eps15_IMG1_LID1_STA1_CFC64_OH0,0124_2224,C,0.5073381066322327,-0.02938629500567913,0.5,0.0,-1.8707693031036097,22.93460409320443,1.484355753624255,17.98927222545306
1769289950.150803,1769289950150816541,Sr02_gC_eps15_IMG1_LID1_STA1_CFC64_OH0,0124_2224,C,0.5039371848106384,-0.018914474174380302,0.5,0.0,-1.864269674395541,23.00932192109479,1.4835638495196255,17.934618841479413
1769289950.2910244,1769289950291108968,Sr02_gC_eps15_IMG1_LID1_STA1_CFC64_OH0,0124_2224,C,0.5082095861434937,-0.0491211824119091,0.5,0.0,-1.859883823753461,23.059129183058293,1.4818669503610262,17.898301561122278
1769289950.4331164,1769289950433124045,Sr02_gC_eps15_IMG1_LID1_STA1_CFC64_OH0,0124_2224,C,0.49916598200798035,-0.03748144209384918,0.5,0.0,-1.8530698294366104,23.133818945327395,1.4775788434453745,17.844113028454373
1769289950.5769677,1769289950576975586,Sr02_gC_eps15_IMG1_LID1_STA1_CFC64_OH0,0124_2224,C,0.4938185214996338,-0.03032970428466797,0.5,0.0,-1.8458995778682121,23.208475329921967,1.4728547623624046,17.790324760963944
1769289950.7185833,1769289950718591304,Sr02_gC_eps15_IMG1_LID1_STA1_CFC64_OH0,0124_2224,C,0.5051032304763794,-0.06359885632991791,0.5,0.0,-1.8384217902192108,23.283101561149582,1.468822767896148,17.736907277546248
1769289950.8503716,1769289950850380141,Sr02_gC_eps15_IMG1_LID1_STA1_CFC64_OH0,0124_2224,C,0.5048897862434387,-0.03433714061975479,0.5,0.0,-1.8306392694949993,23.357696639394643,1.4652525671388419,17.683862953770173
1769289950.9899285,1769289950989936507,Sr02_gC_eps15_IMG1_LID1_STA1_CFC64_OH0,0124_2224,C,0.49713215231895447,-0.01688975840806961,0.5,0.0,-1.8253060846405054,23.407411368517675,1.4618508129486694,17.648692041866244
1769289951.1246905,1769289951124708199,Sr02_gC_eps15_IMG1_LID1_STA1_CFC64_OH0,0124_2224,C,0.4959440231323242,-0.003926845733076334,0.5,0.0,-1.816879333946181,23.48193629672848,1.4548318306006667,17.596377753303035
1769289951.2592468,1769289951259255990,Sr02_gC_eps15_IMG1_LID1_STA1_CFC64_OH0,0124_2224,C,0.4894859790802002,0.005083225667476654,0.5,0.0,-1.8079965441174326,23.55640831778234,1.4495672041321643,17.54455945456387
1769289951.3978095,1769289951397818181,Sr02_gC_eps15_IMG1_LID1_STA1_CFC64_OH0,0124_2224,C,0.49372079968452454,-0.005032083485275507,0.5,0.0,-1.7987168625211158,23.630831865317703,1.4426889445414282,17.493200332681283
1769289951.5354133,1769289951535420792,Sr02_gC_eps15_IMG1_LID1_STA1_CFC64_OH0,0124_2224,C,0.4962480962276459,-0.0017169847851619124,0.5,0.0,-1.7921829499529702,23.68040304295011,1.4374995137712692,17.45931293462757
1769289951.6736572,1769289951673664937,Sr02_gC_eps15_IMG1_LID1_STA1_CFC64_OH0,0124_2224,C,0.49431589245796204,-0.009141254238784313,0.5,0.0,-1.782034681655308,23.754713220054548,1.4332213053232534,17.40888668036089
1769289951.813578,1769289951813589373,Sr02_gC_eps15_IMG1_LID1_STA1_CFC64_OH0,0124_2224,C,0.5007390379905701,-0.014020011760294437,0.5,0.0,-1.7716707023959417,23.828993673893116,1.431595238168558,17.35880004710991
1769289951.9481845,1769289951948192328,Sr02_gC_eps15_IMG1_LID1_STA1_CFC64_OH0,0124_2224,C,0.49851635098457336,0.003804198931902647,0.5,0.0,-1.7612604987860452,23.903267672451797,1.4318171104760093,17.30892835059784
1769289952.0865955,1769289952086603436,Sr02_gC_eps15_IMG1_LID1_STA1_CFC64_OH0,0124_2224,C,0.4961206614971161,-0.0006364771397784352,0.5,0.0,-1.7543454709571233,23.95278718411757,1.4321231334993714,17.2757624645438
1769289952.2233367,1769289952223344712,Sr02_gC_eps15_IMG1_LID1_STA1_CFC64_OH0,0124_2224,C,0.5052274465560913,-0.010351419448852539,0.5,0.0,-1.7439515645716415,24.02706346421067,1.4315009240207728,17.2261822313041
1769289952.3653753,1769289952365383263,Sr02_gC_eps15_IMG1_LID1_STA1_CFC64_OH0,0124_2224,C,0.4973495602607727,0.0108039490878582,0.5,0.0,-1.7335240027506031,24.101335027245458,1.4308721695150226,17.17681197839083
1769289952.505344,1769289952505350589,Sr02_gC_eps15_IMG1_LID1_STA1_CFC64_OH0,0124_2224,C,0.5092081427574158,-0.04226456955075264,0.5,0.0,-1.7230070718799173,24.17559398010998,1.429159474896197,17.127696109399515
1769289952.6391728,1769289952639180374,Sr02_gC_eps15_IMG1_LID1_STA1_CFC64_OH0,0124_2224,C,0.5156391859054565,-0.0912904441356659,0.5,0.0,-1.7159212445403973,24.225089339211312,1.42847042971815,17.09511372574721
1769289952.778966,1769289952778978113,Sr02_gC_eps15_IMG1_LID1_STA1_CFC64_OH0,0124_2224,C,0.4995192885398865,0.01199481450021267,0.5,0.0,-1.7053012398757634,24.299333629929166,1.428819028494578,17.046391644090907
1769289952.9187233,1769289952918731027,Sr02_gC_eps15_IMG1_LID1_STA1_CFC64_OH0,0124_2224,C,0.48939356207847595,0.020722461864352226,0.5,0.0,-1.6946733566396852,24.373576791623865,1.4280435196690038,16.99786691030849
1769289953.0614097,1769289953061417503,Sr02_gC_eps15_IMG1_LID1_STA1_CFC64_OH0,0124_2224,C,0.4929088354110718,0.005097306799143553,0.5,0.0,-1.6839644362559254,24.447808307581948,1.4277601131477748,16.94959784503718
1769289953.1984684,1769289953198475613,Sr02_gC_eps15_IMG1_LID1_STA1_CFC64_OH0,0124_2224,C,0.4947914183139801,0.006906899623572826,0.5,0.0,-1.6732755663732422,24.522031180917292,1.4258175167005676,16.901516737488773
1769289953.3338854,1769289953333893246,Sr02_gC_eps15_IMG1_LID1_STA1_CFC64_OH0,0124_2224,C,0.49512335658073425,0.03855808451771736,0.5,0.0,-1.6659319403212491,24.571477338206652,1.419756476614942,16.86974434229624
1769289953.4709213,1769289953470928834,Sr02_gC_eps15_IMG1_LID1_STA1_CFC64_OH0,0124_2224,C,0.48824048042297363,0.020266247913241386,0.5,0.0,-1.6542139734854437,24.645499703587024,1.4111975647126263,16.822833574822813
1769289953.61453,1769289953614537490,Sr02_gC_eps15_IMG1_LID1_STA1_CFC64_OH0,0124_2224,C,0.49728500843048096,-0.007260601036250591,0.5,0.0,-1.6423719959987928,24.71955889702124,1.413607711272146,16.77618316608778
1769289953.7512767,1769289953751285508,Sr02_gC_eps15_IMG1_LID1_STA1_CFC64_OH0,0124_2224,C,0.5011131167411804,-0.001928552403114736,0.5,0.0,-1.6307152239940579,24.793647476611635,1.4153098257674075,16.72959159792445
1769289953.890597,1769289953890609428,Sr02_gC_eps15_IMG1_LID1_STA1_CFC64_OH0,0124_2224,C,0.49882739782333374,0.015190452337265015,0.5,0.0,-1.622984955634856,24.843046288093323,1.4158557461336654,16.6986129213664
1769289954.0404742,1769289954040482253,Sr02_gC_eps15_IMG1_LID1_STA1_CFC64_OH0,0124_2224,C,0.4905189871788025,0.030574483796954155,0.5,0.0,-1.6114617509315843,24.917155755016424,1.4181578005264057,16.652260804916843
1769289954.1901615,1769289954190169349,Sr02_gC_eps15_IMG1_LID1_STA1_CFC64_OH0,0124_2224,C,0.4948064684867859,0.014421341009438038,0.5,0.0,-1.6002564113900568,24.991313887241798,1.4228440091880215,16.605864643521365
1769289954.3391867,1769289954339194334,Sr02_gC_eps15_IMG1_LID1_STA1_CFC64_OH0,0124_2224,C,0.49395012855529785,0.004954408388584852,0.5,0.0,-1.5892798353992512,25.065506291961086,1.4239570861954212,16.559495846883003
1769289954.4841385,1769289954484146640,Sr02_gC_eps15_IMG1_LID1_STA1_CFC64_OH0,0124_2224,C,0.4932045340538025,-0.00039243779610842466,0.5,0.0,-1.5782767075804787,25.139694770148417,1.423347877336029,16.51335866715056
1769289954.6307878,1769289954630796470,Sr02_gC_eps15_IMG1_LID1_STA1_CFC64_OH0,0124_2224,C,0.4894958436489105,0.02170957624912262,0.5,0.0,-1.5672985972910198,25.21388694441566,1.4249416692906791,16.467413795711256
1769289954.7735124,1769289954773519906,Sr02_gC_eps15_IMG1_LID1_STA1_CFC64_OH0,0124_2224,C,0.4981977641582489,0.006365305278450251,0.5,0.0,-1.5565136229719052,25.28810740521715,1.4286047822095358,16.421528163924176
1769289954.9147105,1769289954914718982,Sr02_gC_eps15_IMG1_LID1_STA1_CFC64_OH0,0124_2224,C,0.5080292224884033,-0.01450371090322733,0.5,0.0,-1.546007050994043,25.362367811954382,1.431414116837864,16.375634356062005
1769289955.0512083,1769289955051216912,Sr02_gC_eps15_IMG1_LID1_STA1_CFC64_OH0,0124_2224,C,0.5000339150428772,-0.0031445836648344994,0.5,0.0,-1.539092439840439,25.411887379489514,1.4324775790951987,16.345086192015525
1769289955.1970623,1769289955197070518,Sr02_gC_eps15_IMG1_LID1_STA1_CFC64_OH0,0124_2224,C,0.4973177909851074,0.014302459545433521,0.5,0.0,-1.5287744186910792,25.486174239767195,1.4328999330246528,16.299400954272908
1769289955.3385687,1769289955338582382,Sr02_gC_eps15_IMG1_LID1_STA1_CFC64_OH0,0124_2224,C,0.4985007643699646,0.0038655586540699005,0.5,0.0,-1.5184977786270846,25.56046682472265,1.434609208773195,16.253900123805533
1769289955.465098,1769289955465106414,Sr02_gC_eps15_IMG1_LID1_STA1_CFC64_OH0,0124_2224,C,0.4990380108356476,-0.009009101428091526,0.5,0.0,-1.5084226063485795,25.634786991886095,1.4369449968673467,16.208456445287503
1769289955.5916114,1769289955591619907,Sr02_gC_eps15_IMG1_LID1_STA1_CFC64_OH0,0124_2224,C,0.5032468438148499,-0.025793753564357758,0.5,0.0,-1.5017611243514313,25.68434124800435,1.4369554725224623,16.178238377857657
1769289955.7243817,1769289955724389554,Sr02_gC_eps15_IMG1_LID1_STA1_CFC64_OH0,0124_2224,C,0.5037021636962891,-0.025269711390137672,0.5,0.0,-1.4916791918008017,25.758660508321437,1.4353478665454282,16.133168134636936
1769289955.8547006,1769289955854710208,Sr02_gC_eps15_IMG1_LID1_STA1_CFC64_OH0,0124_2224,C,0.5014798641204834,0.004744560457766056,0.5,0.0,-1.4815496238016332,25.83297329905815,1.4359229872888075,16.088359854063107
1769289955.9813185,1769289955981325923,Sr02_gC_eps15_IMG1_LID1_STA1_CFC64_OH0,0124_2224,C,0.4960811734199524,0.00485738180577755,0.5,0.0,-1.474861817784609,25.882524005485376,1.437353230897857,16.058559868356678
1769289956.1056538,1769289956105663955,Sr02_gC_eps15_IMG1_LID1_STA1_CFC64_OH0,0124_2224,C,0.5000995993614197,0.00039997068233788013,0.5,0.0,-1.464904495185065,25.95686007255048,1.4378043324525207,16.01398815306866
1769289956.2359743,1769289956235987144,Sr02_gC_eps15_IMG1_LID1_STA1_CFC64_OH0,0124_2224,C,0.5000609159469604,0.0004329228540882468,0.5,0.0,-1.4582517416857428,26.00641549974756,1.4367355895470268,15.984411969601009
1769289956.380312,1769289956380321561,Sr02_gC_eps15_IMG1_LID1_STA1_CFC64_OH0,0124_2224,C,0.5019790530204773,-0.02971699833869934,0.5,0.0,-1.4480836316482606,26.0807229814496,1.4328822572635587,15.940393375553413
1769289956.5250633,1769289956525071187,Sr02_gC_eps15_IMG1_LID1_STA1_CFC64_OH0,0124_2224,C,0.5024267435073853,-0.011963367462158203,0.5,0.0,-1.4376506409365337,26.154993758671786,1.430592494955291,15.89682441189212
1769289956.6615765,1769289956661586389,Sr02_gC_eps15_IMG1_LID1_STA1_CFC64_OH0,0124_2224,C,0.49744898080825806,0.02083159238100052,0.5,0.0,-1.4271962980653778,26.22926155627248,1.4313109470050485,15.853508132799432
1769289956.8040197,1769289956804028757,Sr02_gC_eps15_IMG1_LID1_STA1_CFC64_OH0,0124_2224,C,0.49370139837265015,0.01862068474292755,0.5,0.0,-1.4202556555271924,26.278777484325577,1.4316629656133195,15.824738306766728
1769289956.9335587,1769289956933565731,Sr02_gC_eps15_IMG1_LID1_STA1_CFC64_OH0,0124_2224,C,0.49740174412727356,0.005194519180804491,0.5,0.0,-1.4098565369792535,26.353053036281946,1.43172460877187,15.781772433136252
1769289957.0663905,1769289957066397354,Sr02_gC_eps15_IMG1_LID1_STA1_CFC64_OH0,0124_2224,C,0.4976785182952881,0.00505845807492733,0.5,0.0,-1.3994255872285986,26.427324108454876,1.429679079129884,15.739073128275178
1769289957.1926548,1769289957192666409,Sr02_gC_eps15_IMG1_LID1_STA1_CFC64_OH0,0124_2224,C,0.49304401874542236,0.017094584181904793,0.5,0.0,-1.392323530316735,26.476817128676846,1.4272399789226984,15.710864847183855
1769289957.3225884,1769289957322595879,Sr02_gC_eps15_IMG1_LID1_STA1_CFC64_OH0,0124_2224,C,0.4966297447681427,0.0075454204343259335,0.5,0.0,-1.3815474342209406,26.55103892073382,1.4270851967027045,15.668859402636173
1769289957.453331,1769289957453338053,Sr02_gC_eps15_IMG1_LID1_STA1_CFC64_OH0,0124_2224,C,0.48843806982040405,-3.319326788187027e-05,0.5,0.0,-1.3709216569104123,26.625282355902577,1.4301436049417318,15.626974781670786
1769289957.5906682,1769289957590678012,Sr02_gC_eps15_IMG1_LID1_STA1_CFC64_OH0,0124_2224,C,0.5023975372314453,0.005146461073309183,0.5,0.0,-1.3639582822908805,26.67479508532062,1.4320056704069808,15.599088371969408
1769289957.7218313,1769289957721839763,Sr02_gC_eps15_IMG1_LID1_STA1_CFC64_OH0,0124_2224,C,0.5026498436927795,0.006386181339621544,0.5,0.0,-1.353611296777197,26.749077915727575,1.4327821361617588,15.557383875216706
1769289957.85166,1769289957851667692,Sr02_gC_eps15_IMG1_LID1_STA1_CFC64_OH0,0124_2224,C,0.49699124693870544,-0.017906665802001953,0.5,0.0,-1.3467461925532611,26.798604372690185,1.4335286947822496,15.52969220914737
1769289957.982605,1769289957982620482,Sr02_gC_eps15_IMG1_LID1_STA1_CFC64_OH0,0124_2224,C,0.4873085916042328,0.021577905863523483,0.5,0.0,-1.336576555592386,26.872911673948547,1.4358064102071226,15.488256617493048
1769289958.1155124,1769289958115520523,Sr02_gC_eps15_IMG1_LID1_STA1_CFC64_OH0,0124_2224,C,0.5035797357559204,-0.0058201877400279045,0.5,0.0,-1.3265203972697064,26.94723443366083,1.436559297302927,15.446978222134884
1769289958.245699,1769289958245707426,Sr02_gC_eps15_IMG1_LID1_STA1_CFC64_OH0,0124_2224,C,0.5035496354103088,-0.005900665186345577,0.5,0.0,-1.3198291165708418,26.996784675277244,1.4366595672524147,15.419589727534659
1769289958.3794172,1769289958379425442,Sr02_gC_eps15_IMG1_LID1_STA1_CFC64_OH0,0124_2224,C,0.5032327175140381,-0.020184334367513657,0.5,0.0,-1.3098281827837135,27.071114886539114,1.437481122630172,15.378689852355134
1769289958.5135422,1769289958513551142,Sr02_gC_eps15_IMG1_LID1_STA1_CFC64_OH0,0124_2224,C,0.5044339895248413,-0.024912836030125618,0.5,0.0,-1.2998796905218704,27.145452135038596,1.4372244264460041,15.338003134149863
1769289958.6385224,1769289958638529977,Sr02_gC_eps15_IMG1_LID1_STA1_CFC64_OH0,0124_2224,C,0.49241170287132263,0.027164271101355553,0.5,0.0,-1.2931811608796346,27.19499508223885,1.4362011113776105,15.311083078191999
1769289958.7702017,1769289958770209789,Sr02_gC_eps15_IMG1_LID1_STA1_CFC64_OH0,0124_2224,C,0.5007032752037048,-0.013578597456216812,0.5,0.0,-1.2832264031422953,27.269331472229382,1.4383418881660133,15.270835476655707
1769289958.8982744,1769289958898282116,Sr02_gC_eps15_IMG1_LID1_STA1_CFC64_OH0,0124_2224,C,0.5009450316429138,-0.01404482964426279,0.5,0.0,-1.2766086070707552,27.31889158106272,1.437759870469929,15.24413372200821
1769289959.027088,1769289959027095653,Sr02_gC_eps15_IMG1_LID1_STA1_CFC64_OH0,0124_2224,C,0.496598482131958,-0.01602046750485897,0.5,0.0,-1.266625967502325,27.3932242503385,1.4365891093674779,15.204349368566106
1769289959.158744,1769289959158757542,Sr02_gC_eps15_IMG1_LID1_STA1_CFC64_OH0,0124_2224,C,0.4908451735973358,-0.004606770817190409,0.5,0.0,-1.2564762418080864,27.467534261038626,1.4333723288508822,15.164975179784161
1769289959.286539,1769289959286550956,Sr02_gC_eps15_IMG1_LID1_STA1_CFC64_OH0,0124_2224,C,0.5036754608154297,-0.04742983356118202,0.5,0.0,-1.2495649617586204,27.517054283229918,1.430881049344292,15.139000139365871
1769289959.4184759,1769289959418482812,Sr02_gC_eps15_IMG1_LID1_STA1_CFC64_OH0,0124_2224,C,0.4969360828399658,0.013030743226408958,0.5,0.0,-1.239245814739473,27.59132144349488,1.4340324410687506,15.10023514602869
1769289959.548737,1769289959548744956,Sr02_gC_eps15_IMG1_LID1_STA1_CFC64_OH0,0124_2224,C,0.49688223004341125,0.013545854948461056,0.5,0.0,-1.2323952910763947,27.640849916326218,1.432674586411098,15.074510427554534
1769289959.677441,1769289959677450931,Sr02_gC_eps15_IMG1_LID1_STA1_CFC64_OH0,0124_2224,C,0.4963946044445038,0.0027430448681116104,0.5,0.0,-1.2219903780176022,27.715124642087623,1.4304935041987201,15.036264816587412
1769289959.8075368,1769289959807544679,Sr02_gC_eps15_IMG1_LID1_STA1_CFC64_OH0,0124_2224,C,0.5021912455558777,-0.019582634791731834,0.5,0.0,-1.211423105207694,27.789376446353945,1.4287752499639796,14.998438397692176
1769289959.9402099,1769289959940218797,Sr02_gC_eps15_IMG1_LID1_STA1_CFC64_OH0,0124_2224,C,0.5079443454742432,-0.038071971386671066,0.5,0.0,-1.20433227644621,27.838859579366446,1.4275116857959234,14.973423734769582
1769289960.0738783,1769289960073885566,Sr02_gC_eps15_IMG1_LID1_STA1_CFC64_OH0,0124_2224,C,0.5091218948364258,-0.03734460473060608,0.5,0.0,-1.193380540331959,27.91304429965134,1.4226007377026355,14.936410536333208
1769289960.2038627,1769289960203870470,Sr02_gC_eps15_IMG1_LID1_STA1_CFC64_OH0,0124_2224,C,0.5006774067878723,-0.020057082176208496,0.5,0.0,-1.186030088289037,27.962501050283667,1.423908960184235,14.911932380603838
1769289960.3348238,1769289960334831525,Sr02_gC_eps15_IMG1_LID1_STA1_CFC64_OH0,0124_2224,C,0.5063693523406982,-0.02763117477297783,0.5,0.0,-1.1751274225294974,28.036704347851515,1.4257247867707816,14.875346012271141
1769289960.4606233,1769289960460632482,Sr02_gC_eps15_IMG1_LID1_STA1_CFC64_OH0,0124_2224,C,0.49759528040885925,0.019391322508454323,0.5,0.0,-1.1642916134084138,28.11091744881778,1.4252432347240134,14.838989315015466
1769289960.5899785,1769289960589987945,Sr02_gC_eps15_IMG1_LID1_STA1_CFC64_OH0,0124_2224,C,0.5001698136329651,0.008930490352213383,0.5,0.0,-1.1569907377336581,28.16038153733912,1.4231000916958456,14.814981186441898
1769289960.7251248,1769289960725133078,Sr02_gC_eps15_IMG1_LID1_STA1_CFC64_OH0,0124_2224,C,0.5004653930664062,0.008521296083927155,0.5,0.0,-1.1457420601055992,28.23453307999314,1.417403856063225,14.779477977490535
1769289960.8583293,1769289960858336588,Sr02_gC_eps15_IMG1_LID1_STA1_CFC64_OH0,0124_2224,C,0.5007636547088623,-0.02311490662395954,0.5,0.0,-1.1380102311567648,28.283931618414087,1.41366940165503,14.75618171487905
1769289960.9863024,1769289960986313977,Sr02_gC_eps15_IMG1_LID1_STA1_CFC64_OH0,0124_2224,C,0.5083230137825012,-0.028009336441755295,0.5,0.0,-1.1261501669427267,28.357987906345326,1.41041221945811,14.721722558545274
1769289961.118951,1769289961118968528,Sr02_gC_eps15_IMG1_LID1_STA1_CFC64_OH0,0124_2224,C,0.5037678480148315,0.013860264793038368,0.5,0.0,-1.114060684366327,28.431995840102292,1.4090025537778184,14.687779459509974
1769289961.245332,1769289961245341137,Sr02_gC_eps15_IMG1_LID1_STA1_CFC64_OH0,0124_2224,C,0.5040998458862305,0.014539691619575024,0.5,0.0,-1.1060517709739968,28.481350235743143,1.410627866212851,14.66526975094774
1769289961.3764815,1769289961376488511,Sr02_gC_eps15_IMG1_LID1_STA1_CFC64_OH0,0124_2224,C,0.49328890442848206,0.04310734197497368,0.5,0.0,-1.0941398661628152,28.55539822682127,1.411951070314709,14.631668597212501
1769289961.5075963,1769289961507603806,Sr02_gC_eps15_IMG1_LID1_STA1_CFC64_OH0,0124_2224,C,0.4964335560798645,0.06580135226249695,0.5,0.0,-1.0862512163199372,28.60477199271723,1.4124868544897915,14.609391037377335
1769289961.6398244,1769289961639832788,Sr02_gC_eps15_IMG1_LID1_STA1_CFC64_OH0,0124_2224,C,0.4910392463207245,0.1464034616947174,0.5,0.5,-1.074298080907487,28.67881330516827,1.408872801917077,14.576341794682707
1769289961.7691004,1769289961769112390,Sr02_gC_eps15_IMG1_LID1_STA1_CFC64_OH0,0124_2224,C,0.4954596757888794,0.21997204422950745,0.5,0.5,-1.0620689250782194,28.752799215482273,1.4063098315479958,14.54386226148838
1769289961.9006178,1769289961900624147,Sr02_gC_eps15_IMG1_LID1_STA1_CFC64_OH0,0124_2224,C,0.49545055627822876,0.2216777801513672,0.5,0.5,-1.0539158389288494,28.802130001689093,1.4077026494066045,14.522380368835673
1769289962.0326264,1769289962032633889,Sr02_gC_eps15_IMG1_LID1_STA1_CFC64_OH0,0124_2224,C,0.5099167227745056,0.0631348043680191,0.5,0.0,-1.0418250240506364,28.87614897295895,1.4107406061583532,14.49029397028858
1769289962.163,1769289962163010908,Sr02_gC_eps15_IMG1_LID1_STA1_CFC64_OH0,0124_2224,C,0.513887345790863,0.2560989558696747,0.5,0.5,-1.0301204652969052,28.95022986821637,1.4181144380726796,14.458171152324377
1769289962.290977,1769289962290986143,Sr02_gC_eps15_IMG1_LID1_STA1_CFC64_OH0,0124_2224,C,0.5088229179382324,0.2202509492635727,0.5,0.5,-1.0226811521677532,28.99966194286489,1.4250515701110604,14.436606162992257
1769289962.4223464,1769289962422354151,Sr02_gC_eps15_IMG1_LID1_STA1_CFC64_OH0,0124_2224,C,0.500734269618988,0.01856907084584236,0.5,0.0,-1.0126074771022537,29.07392525904192,1.4484453319688895,14.403557088178037
1769289962.5506666,1769289962550675345,Sr02_gC_eps15_IMG1_LID1_STA1_CFC64_OH0,0124_2224,C,0.5004728436470032,0.020814185962080956,0.5,0.0,-1.0070514674148756,29.123614589951377,1.4704424948981785,14.380633111204041
1769289962.683848,1769289962683856694,Sr02_gC_eps15_IMG1_LID1_STA1_CFC64_OH0,0124_2224,C,0.49637970328330994,0.11037548631429672,0.5,0.0,-1.0007792155407316,29.19833627474785,1.5032530619776532,14.344679191822635
1769289962.8157713,1769289962815779052,Sr02_gC_eps15_IMG1_LID1_STA1_CFC64_OH0,0124_2224,C,0.47567474842071533,0.09334644675254822,0.5,0.0,-0.9962687644568954,29.27288162733048,1.5201604013161873,14.307647451784169
1769289962.944817,1769289962944826307,Sr02_gC_eps15_IMG1_LID1_STA1_CFC64_OH0,0124_2224,C,0.49973317980766296,0.27395516633987427,0.5,0.5,-0.9943624957886035,29.322782864619306,1.5444768385157395,14.282087963686228
1769289963.0758784,1769289963075885847,Sr02_gC_eps15_IMG1_LID1_STA1_CFC64_OH0,0124_2224,C,0.5033106207847595,0.36004742980003357,0.5,0.5,-0.9935771200946998,29.397614329680486,1.5722872067707685,14.242255326115773
1769289963.2045999,1769289963204606740,Sr02_gC_eps15_IMG1_LID1_STA1_CFC64_OH0,0124_2224,C,0.5072489976882935,0.30668166279792786,0.5,0.5,-0.9937046499578043,29.44757539324277,1.5743049081433753,14.215268313237264
1769289963.3357382,1769289963335747021,Sr02_gC_eps15_IMG1_LID1_STA1_CFC64_OH0,0124_2224,C,0.5104689598083496,0.12951433658599854,0.5,0.5,-0.9940960302039628,29.522530158896586,1.5792776772542974,14.174845319981456
1769289963.4647005,1769289963464710229,Sr02_gC_eps15_IMG1_LID1_STA1_CFC64_OH0,0124_2224,C,0.5140861868858337,0.06614214181900024,0.5,0.0,-0.995342278515829,29.597519008249336,1.5949825252877812,14.133960838138865
1769289963.594075,1769289963594083766,Sr02_gC_eps15_IMG1_LID1_STA1_CFC64_OH0,0124_2224,C,0.5029963850975037,0.00881044939160347,0.5,0.0,-0.9967852475203037,29.647486750149987,1.6046662390250896,14.106352945364065
1769289963.7257466,1769289963725761055,Sr02_gC_eps15_IMG1_LID1_STA1_CFC64_OH0,0124_2224,C,0.4973674714565277,0.014275257475674152,0.5,0.0,-1.000612998278549,29.722094636468164,1.6437043408710055,14.063934683243168
1769289963.8517327,1769289963851740246,Sr02_gC_eps15_IMG1_LID1_STA1_CFC64_OH0,0124_2224,C,0.5080441236495972,0.02860352396965027,0.5,0.0,-1.0051520115108168,29.771885467798164,1.679709018775145,14.034081621135261
1769289963.9831364,1769289963983144632,Sr02_gC_eps15_IMG1_LID1_STA1_CFC64_OH0,0124_2224,C,0.4972703158855438,0.030984045937657356,0.5,0.0,-1.0150125071676086,29.846213089901358,1.7251942312684774,13.987090494875506
1769289964.1121604,1769289964112167983,Sr02_gC_eps15_IMG1_LID1_STA1_CFC64_OH0,0124_2224,C,0.5086213946342468,0.016222504898905754,0.5,0.0,-1.023091127275599,29.895418205235565,1.7402726937712616,13.954787021350937
1769289964.2374496,1769289964237457951,Sr02_gC_eps15_IMG1_LID1_STA1_CFC64_OH0,0124_2224,C,0.49538907408714294,0.061462707817554474,0.5,0.0,-1.0361939511577933,29.969241020459393,1.7501393918516452,13.905672127225982
1769289964.3661435,1769289964366151193,Sr02_gC_eps15_IMG1_LID1_STA1_CFC64_OH0,0124_2224,C,0.4942680895328522,0.10628251731395721,0.5,0.0,-1.045134783001087,30.018435136433794,1.7510204370598466,13.872891109504971
1769289964.4986112,1769289964498618683,Sr02_gC_eps15_IMG1_LID1_STA1_CFC64_OH0,0124_2224,C,0.5091978311538696,-0.031868137419223785,0.5,0.0,-1.0586589325764884,30.092205688064503,1.7534482727442926,13.823825913292197
1769289964.6251764,1769289964625184444,Sr02_gC_eps15_IMG1_LID1_STA1_CFC64_OH0,0124_2224,C,0.49924588203430176,0.009967721067368984,0.5,0.0,-1.0724404871316062,30.165928542459717,1.757810207232317,13.774795579704922
1769289964.757987,1769289964757995018,Sr02_gC_eps15_IMG1_LID1_STA1_CFC64_OH0,0124_2224,C,0.5019499063491821,0.06518799811601639,0.5,0.0,-1.081812864744034,30.215042249512923,1.760908606719113,13.742096319408367
1769289964.8904846,1769289964890493717,Sr02_gC_eps15_IMG1_LID1_STA1_CFC64_OH0,0124_2224,C,0.5018846988677979,0.06536250561475754,0.5,0.0,-1.0960768605429039,30.28866199229603,1.764165652950062,13.693090135681361
1769289965.0218377,1769289965021846046,Sr02_gC_eps15_IMG1_LID1_STA1_CFC64_OH0,0124_2224,C,0.496550589799881,0.11519738286733627,0.5,0.0,-1.110834968877725,30.36218393627895,1.7746396788020553,13.643938094252595
1769289965.153502,1769289965153509518,Sr02_gC_eps15_IMG1_LID1_STA1_CFC64_OH0,0124_2224,C,0.4999237358570099,0.10591351985931396,0.5,0.0,-1.1212167095342722,30.411094013010665,1.7852679120252435,13.610878778139336
1769289965.2817078,1769289965281716097,Sr02_gC_eps15_IMG1_LID1_STA1_CFC64_OH0,0124_2224,C,0.5027582049369812,0.07710085064172745,0.5,0.0,-1.1371518352510417,30.484265559482335,1.7847578269029183,13.561261671529483
1769289965.4105527,1769289965410560682,Sr02_gC_eps15_IMG1_LID1_STA1_CFC64_OH0,0124_2224,C,0.5032941699028015,0.07042958587408066,0.5,0.0,-1.1477945306860005,30.53310837643929,1.7866798550415397,13.52826603814042
1769289965.5406446,1769289965540651875,Sr02_gC_eps15_IMG1_LID1_STA1_CFC64_OH0,0124_2224,C,0.504565417766571,0.036234814673662186,0.5,0.0,-1.1642182687480396,30.606287712741008,1.7964632678233916,13.478606265005547
1769289965.6707356,1769289965670744041,Sr02_gC_eps15_IMG1_LID1_STA1_CFC64_OH0,0124_2224,C,0.45363256335258484,0.10706859827041626,0.5,0.0,-1.1813826916124583,30.6792852568753,1.8086181366971856,13.42861713099505
1769289965.796779,1769289965796787673,Sr02_gC_eps15_IMG1_LID1_STA1_CFC64_OH0,0124_2224,C,0.4925251305103302,0.15713784098625183,0.5,0.5,-1.1934407296309821,30.72780923248449,1.8199521856287928,13.394945899195104
1769289965.9271288,1769289965927137100,Sr02_gC_eps15_IMG1_LID1_STA1_CFC64_OH0,0124_2224,C,0.49912795424461365,0.2278890460729599,0.5,0.5,-1.212500124563905,30.800346334653483,1.8346867052052382,13.343890047398759
1769289966.0568926,1769289966056900429,Sr02_gC_eps15_IMG1_LID1_STA1_CFC64_OH0,0124_2224,C,0.489596962928772,0.15639738738536835,0.5,0.5,-1.225727983803816,30.84856470289868,1.8423967777914563,13.309583228337088
1769289966.1916988,1769289966191706786,Sr02_gC_eps15_IMG1_LID1_STA1_CFC64_OH0,0124_2224,C,0.46933451294898987,0.1354057937860489,0.5,0.5,-1.2462264808880328,30.920708732079596,1.8522773333307039,13.257813733674396
1769289966.3187335,1769289966318741126,Sr02_gC_eps15_IMG1_LID1_STA1_CFC64_OH0,0124_2224,C,0.4549028277397156,-0.00030009832698851824,0.5,0.0,-1.2602024051694427,30.968715715816987,1.855900810899844,13.223190429638736
1769289966.4463089,1769289966446318835,Sr02_gC_eps15_IMG1_LID1_STA1_CFC64_OH0,0124_2224,C,0.4759676158428192,0.32206085324287415,0.5,0.5,-1.2818015005116732,31.0404922911119,1.8726704329247672,13.170983368086944
1769289966.5802083,1769289966580216729,Sr02_gC_eps15_IMG1_LID1_STA1_CFC64_OH0,0124_2224,C,0.4849981367588043,0.27124878764152527,0.5,0.5,-1.3049627220231859,31.111789672180503,1.89925683236789,13.117823485640537
1769289966.710282,1769289966710289347,Sr02_gC_eps15_IMG1_LID1_STA1_CFC64_OH0,0124_2224,C,0.510212242603302,0.3920114040374756,0.5,0.5,-1.3205821202178132,31.156050749188463,1.9212486373858577,13.083822851011256
1769289966.839958,1769289966839973147,Sr02_gC_eps15_IMG1_LID1_STA1_CFC64_OH0,0124_2224,C,0.4960896670818329,0.2636681795120239,0.5,0.5,-1.3336484263791202,31.190603910125326,1.9469463443515835,13.056556402089193
1769289966.972679,1769289966972686909,Sr02_gC_eps15_IMG1_LID1_STA1_CFC64_OH0,0124_2224,C,0.49520349502563477,0.15891176462173462,0.5,0.5,-1.3339706134928404,31.19145396612271,1.9593674913811192,13.055885550532608
1769289967.1035442,1769289967103551433,Sr02_gC_eps15_IMG1_LID1_STA1_CFC64_OH0,0124_2224,C,0.4692316949367523,0.14444571733474731,0.5,0.5,-1.3329522251854273,31.188913798812447,1.972573994440704,13.0579399388084
1769289967.2405446,1769289967240563346,Sr02_gC_eps15_IMG1_LID1_STA1_CFC64_OH0,0124_2224,C,0.44730857014656067,-0.0548686720430851,0.5,0.0,-1.3471664258335712,31.221851934029594,1.981683770713805,13.03041908558292
1769289967.3781166,1769289967378125312,Sr02_gC_eps15_IMG1_LID1_STA1_CFC64_OH0,0124_2224,C,0.4812290668487549,-0.16855312883853912,0.5,-0.5,-1.3645605669628298,31.261424313273967,1.9898822635998132,12.99712552032467
1769289967.5155966,1769289967515604712,Sr02_gC_eps15_IMG1_LID1_STA1_CFC64_OH0,0124_2224,C,0.4461728632450104,0.07030180096626282,0.5,0.0,-1.3924998093816083,31.32122530118139,2.0298114091621735,12.94544324052125
1769289967.64933,1769289967649337446,Sr02_gC_eps15_IMG1_LID1_STA1_CFC64_OH0,0124_2224,C,0.47650620341300964,-0.116512231528759,0.5,0.0,-1.4063703063822603,31.348297139275658,2.0653202300074405,12.920993934190268
1769289967.7831175,1769289967783129440,Sr02_gC_eps15_IMG1_LID1_STA1_CFC64_OH0,0124_2224,C,0.4478192925453186,-0.03513394296169281,0.5,0.0,-1.4014505654098042,31.339588921738567,2.089683119245594,12.929266224319807
1769289967.9203002,1769289967920308247,Sr02_gC_eps15_IMG1_LID1_STA1_CFC64_OH0,0124_2224,C,0.44836264848709106,0.017226137220859528,0.5,0.0,-1.4007072060400088,31.338270727607362,2.101285970435965,12.930517425353635
1769289968.0587807,1769289968058788725,Sr02_gC_eps15_IMG1_LID1_STA1_CFC64_OH0,0124_2224,C,0.44424501061439514,0.035589128732681274,0.5,0.0,-1.416361131701063,31.364467308249623,2.114123742075314,12.904872699637751
1769289968.1946783,1769289968194686449,Sr02_gC_eps15_IMG1_LID1_STA1_CFC64_OH0,0124_2224,C,0.43617576360702515,0.10907002538442612,0.5,0.0,-1.4506478346560674,31.420677556536447,2.1218573471515114,12.849291793938418
1769289968.3325634,1769289968332575668,Sr02_gC_eps15_IMG1_LID1_STA1_CFC64_OH0,0124_2224,C,0.4572969377040863,0.019145850092172623,0.5,0.0,-1.476955667321853,31.463158325379162,2.1278167320766057,12.806995513695032
1769289968.4697254,1769289968469732544,Sr02_gC_eps15_IMG1_LID1_STA1_CFC64_OH0,0124_2224,C,0.4060335159301758,0.022056819871068,0.5,0.0,-1.5160847769663808,31.526902986606988,2.1152205247188998,12.743944411585748
1769289968.610553,1769289968610561556,Sr02_gC_eps15_IMG1_LID1_STA1_CFC64_OH0,0124_2224,C,0.38809797167778015,0.125939279794693,0.5,0.5,-1.554791384128932,31.591130115069944,2.1129545252411344,12.68119313287729
1769289968.7519925,1769289968752000604,Sr02_gC_eps15_IMG1_LID1_STA1_CFC64_OH0,0124_2224,C,0.3629174530506134,0.235232874751091,0.5,0.5,-1.5935984098107334,31.655309597387603,2.1170074644340406,12.618505236503218
1769289968.891324,1769289968891331687,Sr02_gC_eps15_IMG1_LID1_STA1_CFC64_OH0,0124_2224,C,0.49446967244148254,-0.003887117374688387,0.5,0.0,-1.6328213599563641,31.71919789902601,2.1284771607220985,12.555700475917467
1769289969.0439165,1769289969043925816,Sr02_gC_eps15_IMG1_LID1_STA1_CFC64_OH0,0124_2224,C,0.4092528820037842,0.16622471809387207,0.5,0.5,-1.6572400556241291,31.757909582543338,2.1388605396679132,12.517119897279263
1769289969.1905024,1769289969190510955,Sr02_gC_eps15_IMG1_LID1_STA1_CFC64_OH0,0124_2224,C,0.3494008481502533,0.05663951486349106,0.5,0.0,-1.6770376465399837,31.788580778459075,2.148141576002158,12.486178787964917
1769289969.3342652,1769289969334273480,Sr02_gC_eps15_IMG1_LID1_STA1_CFC64_OH0,0124_2224,C,0.3308485150337219,-0.10786181688308716,0.5,0.0,-1.6913862237232744,31.810560006067544,2.1514747019998763,12.463878322297026
1769289969.4791698,1769289969479180261,Sr02_gC_eps15_IMG1_LID1_STA1_CFC64_OH0,0124_2224,C,0.5029683709144592,-0.06460724771022797,0.5,0.0,-1.7058726042136096,31.83244169759053,2.1611199695977064,12.441509424241625
1769289969.6228738,1769289969622881471,Sr02_gC_eps15_IMG1_LID1_STA1_CFC64_OH0,0124_2224,C,0.4292011559009552,-0.032279789447784424,0.5,0.0,-1.720558188783231,31.854160119828748,2.1665256494545964,12.419043633606512
1769289969.76518,1769289969765188405,Sr02_gC_eps15_IMG1_LID1_STA1_CFC64_OH0,0124_2224,C,0.36949822306632996,0.02618246152997017,0.5,0.0,-1.7353041983234019,31.875863548083604,2.1708656520203777,12.39654402074245
1769289969.9196413,1769289969919648845,Sr02_gC_eps15_IMG1_LID1_STA1_CFC64_OH0,0124_2224,C,0.40974149107933044,-0.013815141282975674,0.5,0.0,-1.7501934131995294,31.89748024168202,2.1757631635423973,12.373965394952675
1769289970.069574,1769289970069589297,Sr02_gC_eps15_IMG1_LID1_STA1_CFC64_OH0,0124_2224,C,0.36997097730636597,-0.03309951722621918,0.5,0.0,-1.7651239390687512,31.91905683424375,2.1743242427798233,12.351380489176577
1769289970.2201753,1769289970220183255,Sr02_gC_eps15_IMG1_LID1_STA1_CFC64_OH0,0124_2224,C,0.4496704339981079,0.10723090916872025,0.5,0.0,-1.7799718042617392,31.94070405644707,2.170175403208581,12.328855766338386
1769289970.3707347,1769289970370742156,Sr02_gC_eps15_IMG1_LID1_STA1_CFC64_OH0,0124_2224,C,0.3539234399795532,0.10575096309185028,0.5,0.0,-1.794753330317795,31.962396647521018,2.16802812506758,12.306387285859701
1769289970.522676,1769289970522684653,Sr02_gC_eps15_IMG1_LID1_STA1_CFC64_OH0,0124_2224,C,0.4436592757701874,0.0030067595653235912,0.5,0.0,-1.8095115740949326,31.984105089443478,2.1683795986752408,12.283948416497942
1769289970.6723547,1769289970672362122,Sr02_gC_eps15_IMG1_LID1_STA1_CFC64_OH0,0124_2224,C,0.45552289485931396,0.03290322422981262,0.5,0.0,-1.82428369621235,32.00580409048147,2.1682142811669163,12.26151595050889
1769289970.8280568,1769289970828066334,Sr02_gC_eps15_IMG1_LID1_STA1_CFC64_OH0,0124_2224,C,0.44884082674980164,-0.07700304687023163,0.5,0.0,-1.8390368116246294,32.02751601602754,2.166814040746529,12.239110649224772
1769289970.9795337,1769289970979542667,Sr02_gC_eps15_IMG1_LID1_STA1_CFC64_OH0,0124_2224,C,0.4981011748313904,-0.03934215009212494,0.5,0.0,-1.853788552353916,32.04921555464665,2.170367448984308,12.216727011592946
1769289971.132855,1769289971132864180,Sr02_gC_eps15_IMG1_LID1_STA1_CFC64_OH0,0124_2224,C,0.45988336205482483,0.12172745168209076,0.5,0.0,-1.8686616709613824,32.07084541392847,2.1759452640037367,12.194276681785881
1769289971.2807043,1769289971280714011,Sr02_gC_eps15_IMG1_LID1_STA1_CFC64_OH0,0124_2224,C,0.4677114188671112,-0.05206762254238129,0.5,0.0,-1.890362720942292,32.10201673918621,2.1809847769720014,12.161706059854549
1769289971.428537,1769289971428544957,Sr02_gC_eps15_IMG1_LID1_STA1_CFC64_OH0,0124_2224,C,0.46983230113983154,0.01202741451561451,0.5,0.0,-1.9309558851264044,32.159796427742556,2.1854992580937744,12.101080043521154
1769289971.5764778,1769289971576489726,Sr02_gC_eps15_IMG1_LID1_STA1_CFC64_OH0,0124_2224,C,0.4803691506385803,0.11085007339715958,0.5,0.0,-1.9740600946625704,32.22109449629692,2.178581936420348,12.036845500219723
1769289971.7332284,1769289971733243957,Sr02_gC_eps15_IMG1_LID1_STA1_CFC64_OH0,0124_2224,C,0.44686007499694824,-0.0452500581741333,0.5,0.0,-2.0166101020668963,32.2828558925326,2.170797552981686,11.97305760172758
1769289971.8813012,1769289971881310204,Sr02_gC_eps15_IMG1_LID1_STA1_CFC64_OH0,0124_2224,C,0.46447861194610596,-0.1684272587299347,0.5,-0.5,-2.0584354559924667,32.3441239068971,2.174038956295077,11.910261415452029
1769289972.0338235,1769289972033831246,Sr02_gC_eps15_IMG1_LID1_STA1_CFC64_OH0,0124_2224,C,0.4628337025642395,-0.15121214091777802,0.5,-0.5,-2.0846633055018313,32.3817021917161,2.1870297256027915,11.871283131540732
1769289972.1846972,1769289972184705229,Sr02_gC_eps15_IMG1_LID1_STA1_CFC64_OH0,0124_2224,C,0.4627948999404907,-0.0897454246878624,0.5,0.0,-2.0999248918370856,32.40324131775925,2.187515996409473,11.848753864209634
1769289972.3360298,1769289972336039225,Sr02_gC_eps15_IMG1_LID1_STA1_CFC64_OH0,0124_2224,C,0.46698838472366333,-0.022802064195275307,0.5,0.0,-2.115138317935457,32.42463320177692,2.1916061950326604,11.82634281086285
1769289972.489684,1769289972489692300,Sr02_gC_eps15_IMG1_LID1_STA1_CFC64_OH0,0124_2224,C,0.4817538857460022,-0.03162100538611412,0.5,0.0,-2.13044009281336,32.44594809689226,2.1932131456813897,11.80389653049127
1769289972.6459906,1769289972646000695,Sr02_gC_eps15_IMG1_LID1_STA1_CFC64_OH0,0124_2224,C,0.4612233638763428,0.10126807540655136,0.5,0.0,-2.1456820370325156,32.467305784032526,2.186586460714506,11.7815042346547
1769289972.7967153,1769289972796726921,Sr02_gC_eps15_IMG1_LID1_STA1_CFC64_OH0,0124_2224,C,0.48440974950790405,0.1606149822473526,0.5,0.5,-2.1607526983325607,32.48879842237083,2.1782863161203934,11.759232881999854
1769289972.947086,1769289972947096408,Sr02_gC_eps15_IMG1_LID1_STA1_CFC64_OH0,0124_2224,C,0.4828015863895416,0.0435357540845871,0.5,0.0,-2.1756662195162715,32.5104004441418,2.172499007757148,11.737080164010932
1769289973.0987976,1769289973098805587,Sr02_gC_eps15_IMG1_LID1_STA1_CFC64_OH0,0124_2224,C,0.4601576328277588,0.10774105787277222,0.5,0.0,-2.1904876329546896,32.53206579844726,2.169896075616495,11.715004690471496
1769289973.2532651,1769289973253275965,Sr02_gC_eps15_IMG1_LID1_STA1_CFC64_OH0,0124_2224,C,0.4626181125640869,0.06450961530208588,0.5,0.0,-2.205274774048453,32.55375456453495,2.1683903093557033,11.692969014768803
1769289973.4034593,1769289973403466587,Sr02_gC_eps15_IMG1_LID1_STA1_CFC64_OH0,0124_2224,C,0.4598129689693451,0.014486493542790413,0.5,0.0,-2.2200464612712127,32.57544054201206,2.1708305096901346,11.670966108181632
1769289973.5545335,1769289973554541466,Sr02_gC_eps15_IMG1_LID1_STA1_CFC64_OH0,0124_2224,C,0.48180481791496277,0.11682558804750443,0.5,0.0,-2.2349415347723913,32.597055251708404,2.1782241963033213,11.648894263799193
1769289973.7094233,1769289973709432383,Sr02_gC_eps15_IMG1_LID1_STA1_CFC64_OH0,0124_2224,C,0.4746355712413788,0.3008541464805603,0.5,0.5,-2.249987271805678,32.61855715931199,2.1829926236804775,11.626743904159412
1769289973.8648982,1769289973864906634,Sr02_gC_eps15_IMG1_LID1_STA1_CFC64_OH0,0124_2224,C,0.5077736377716064,0.4066014587879181,0.5,0.5,-2.265104667355639,32.640017022641516,2.186851256668159,11.604560479083766
1769289974.012179,1769289974012189562,Sr02_gC_eps15_IMG1_LID1_STA1_CFC64_OH0,0124_2224,C,0.5100129842758179,0.3638440668582916,0.5,0.5,-2.2854147827816185,32.66852133826219,2.192274791849826,11.574908498148229
1769289974.1592216,1769289974159233010,Sr02_gC_eps15_IMG1_LID1_STA1_CFC64_OH0,0124_2224,C,0.4909783899784088,0.010730642825365067,0.5,0.0,-2.3007167208322414,32.689850024972166,2.1935605865842596,11.552643818879826
1769289974.3103688,1769289974310376649,Sr02_gC_eps15_IMG1_LID1_STA1_CFC64_OH0,0124_2224,C,0.4905162751674652,0.12180806696414948,0.5,0.0,-2.310947985254661,32.704046830656786,2.1972890775108374,11.537790734378293
1769289974.4542348,1769289974454244562,Sr02_gC_eps15_IMG1_LID1_STA1_CFC64_OH0,0124_2224,C,0.4854639172554016,0.19342012703418732,0.5,0.5,-2.3264095155054156,32.72523162490412,2.207607652138645,11.515460651079604
1769289974.6014342,1769289974601447299,Sr02_gC_eps15_IMG1_LID1_STA1_CFC64_OH0,0124_2224,C,0.4896673858165741,0.1888437271118164,0.5,0.5,-2.342188411302921,32.7461984457798,2.2255916521056998,11.492935217658237
1769289974.7477868,1769289974747796005,Sr02_gC_eps15_IMG1_LID1_STA1_CFC64_OH0,0124_2224,C,0.4965946674346924,0.20352035760879517,0.5,0.5,-2.358390561379762,32.76685101983213,2.2458906476114384,11.470151454957515
1769289974.8962717,1769289974896281748,Sr02_gC_eps15_IMG1_LID1_STA1_CFC64_OH0,0124_2224,C,0.5016640424728394,0.08409250527620316,0.5,0.0,-2.3748952531015175,32.78717155388791,2.2554855287558024,11.447226498476732
1769289975.04447,1769289975044481085,Sr02_gC_eps15_IMG1_LID1_STA1_CFC64_OH0,0124_2224,C,0.5044246315956116,0.2115347534418106,0.5,0.5,-2.3915110592260347,32.807485283466825,2.2587478893671378,11.42421501106453
1769289975.1883698,1769289975188379995,Sr02_gC_eps15_IMG1_LID1_STA1_CFC64_OH0,0124_2224,C,0.5241111516952515,0.27140676975250244,0.5,0.5,-2.408257036909751,32.82769988117432,2.267398558160939,11.401133651998352
1769289975.3338118,1769289975333830967,Sr02_gC_eps15_IMG1_LID1_STA1_CFC64_OH0,0124_2224,C,0.5196674466133118,0.3616470396518707,0.5,0.5,-2.425200687806925,32.84774905017695,2.2774249588885027,11.377944026418643
1769289975.4766934,1769289975476703904,Sr02_gC_eps15_IMG1_LID1_STA1_CFC64_OH0,0124_2224,C,0.362922728061676,0.1690707504749298,0.5,0.5,-2.442345547131631,32.86762641975797,2.2878015459137466,11.354644558571978
1769289975.6160362,1769289975616044385,Sr02_gC_eps15_IMG1_LID1_STA1_CFC64_OH0,0124_2224,C,0.4504392445087433,0.269616961479187,0.5,0.5,-2.454921519202268,32.88196303952647,2.2937218005639326,11.337652480947519
1769289975.7562916,1769289975756306234,Sr02_gC_eps15_IMG1_LID1_STA1_CFC64_OH0,0124_2224,C,0.380654901266098,0.2978912591934204,0.5,0.5,-2.4428831896392516,32.86837322922469,2.296547192294327,11.353868342958027
1769289975.89894,1769289975898946224,Sr02_gC_eps15_IMG1_LID1_STA1_CFC64_OH0,0124_2224,C,0.4085973799228668,0.3037775754928589,0.5,0.5,-2.420475583422931,32.84315736468799,2.297866266151963,11.384037802301147
1769289976.0396624,1769289976039672444,Sr02_gC_eps15_IMG1_LID1_STA1_CFC64_OH0,0124_2224,C,0.5187457203865051,0.27330344915390015,0.5,0.5,-2.391308565084558,32.810415008711296,2.299312150093831,11.423308051415688
1769289976.1795,1769289976179508906,Sr02_gC_eps15_IMG1_LID1_STA1_CFC64_OH0,0124_2224,C,0.5210456252098083,0.2428235411643982,0.5,0.5,-2.3905757648976467,32.80958910425514,2.3003984004648483,11.424296341127613
1769289976.319373,1769289976319380423,Sr02_gC_eps15_IMG1_LID1_STA1_CFC64_OH0,0124_2224,C,0.4968221187591553,0.09369198977947235,0.5,0.0,-2.4027598017422607,32.82316103212436,2.306919656209554,11.407926839247299
1769289976.4548004,1769289976454808176,Sr02_gC_eps15_IMG1_LID1_STA1_CFC64_OH0,0124_2224,C,0.49476709961891174,0.007968003861606121,0.5,0.0,-2.4028303032935763,32.82323881862257,2.307294265769425,11.407832413670809
1769289976.5920298,1769289976592037076,Sr02_gC_eps15_IMG1_LID1_STA1_CFC64_OH0,0124_2224,C,0.49165961146354675,0.14712287485599518,0.5,0.5,-2.4028303032935763,32.82323881862257,2.307294265769425,11.407832413670809
1769289976.731009,1769289976731017172,Sr02_gC_eps15_IMG1_LID1_STA1_CFC64_OH0,0124_2224,C,0.5043505430221558,0.09359487146139145,0.5,0.0,-2.4028303032935763,32.82323881862257,2.307294265769425,11.407832413670809
1769289976.8698306,1769289976869837397,Sr02_gC_eps15_IMG1_LID1_STA1_CFC64_OH0,0124_2224,C,0.48118913173675537,0.1661742925643921,0.5,0.5,-2.4028303032935763,32.82323881862257,2.307294265769425,11.407832413670809
1769289977.009239,1769289977009246978,Sr02_gC_eps15_IMG1_LID1_STA1_CFC64_OH0,0124_2224,C,0.49912095069885254,0.12361675500869751,0.5,0.0,-2.4028303032935763,32.82323881862257,2.307294265769425,11.407832413670809
1769289977.142014,1769289977142020813,Sr02_gC_eps15_IMG1_LID1_STA1_CFC64_OH0,0124_2224,C,0.3576241433620453,0.1517607718706131,0.5,0.5,-2.4028303032935763,32.82323881862257,2.307294265769425,11.407832413670809
1769289977.2775972,1769289977277604929,Sr02_gC_eps15_IMG1_LID1_STA1_CFC64_OH0,0124_2224,C,0.4743770956993103,0.10995729267597198,0.5,0.0,-2.4028303032935763,32.82323881862257,2.307294265769425,11.407832413670809
1769289977.4087684,1769289977408781629,Sr02_gC_eps15_IMG1_LID1_STA1_CFC64_OH0,0124_2224,C,0.506721019744873,0.4665108025074005,0.5,0.5,-2.4028303032935763,32.82323881862257,2.307294265769425,11.407832413670809
1769289977.5377924,1769289977537800521,Sr02_gC_eps15_IMG1_LID1_STA1_CFC64_OH0,0124_2224,C,0.4013175070285797,0.1975661814212799,0.5,0.5,-2.4028303032935763,32.82323881862257,2.307294265769425,11.407832413670809
1769289977.6694992,1769289977669506453,Sr02_gC_eps15_IMG1_LID1_STA1_CFC64_OH0,0124_2224,C,0.11349043995141983,0.13773053884506226,0.0,0.5,-2.4028303032935763,32.82323881862257,2.307294265769425,11.407832413670809
1769289977.7982464,1769289977798254668,Sr02_gC_eps15_IMG1_LID1_STA1_CFC64_OH0,0124_2224,C,0.346814900636673,0.07606617361307144,0.5,0.0,-2.4028303032935763,32.82323881862257,2.307294265769425,11.407832413670809
1769289977.9267013,1769289977926708791,Sr02_gC_eps15_IMG1_LID1_STA1_CFC64_OH0,0124_2224,C,0.38236117362976074,0.061395611613988876,0.5,0.0,-2.4028303032935763,32.82323881862257,2.307294265769425,11.407832413670809
1769289978.0569916,1769289978056998568,Sr02_gC_eps15_IMG1_LID1_STA1_CFC64_OH0,0124_2224,C,0.16658970713615417,0.21851959824562073,0.5,0.5,-2.4028303032935763,32.82323881862257,2.307294265769425,11.407832413670809
1769289978.1907017,1769289978190709590,Sr02_gC_eps15_IMG1_LID1_STA1_CFC64_OH0,0124_2224,C,0.15318219363689423,0.03128763288259506,0.5,0.0,-2.4028303032935763,32.82323881862257,2.307294265769425,11.407832413670809
1769289978.3168879,1769289978316895560,Sr02_gC_eps15_IMG1_LID1_STA1_CFC64_OH0,0124_2224,C,0.35173681378364563,-0.005978498142212629,0.5,0.0,-2.4028303032935763,32.82323881862257,2.307294265769425,11.407832413670809
1769289978.4435859,1769289978443592988,Sr02_gC_eps15_IMG1_LID1_STA1_CFC64_OH0,0124_2224,C,0.38984414935112,0.07267879694700241,0.5,0.0,-2.4028303032935763,32.82323881862257,2.307294265769425,11.407832413670809
1769289978.5746028,1769289978574609177,Sr02_gC_eps15_IMG1_LID1_STA1_CFC64_OH0,0124_2224,C,0.39696115255355835,0.24288535118103027,0.5,0.5,-2.4028303032935763,32.82323881862257,2.307294265769425,11.407832413670809
1769289978.707028,1769289978707036011,Sr02_gC_eps15_IMG1_LID1_STA1_CFC64_OH0,0124_2224,C,0.47161048650741577,0.23654529452323914,0.5,0.5,-2.4028303032935763,32.82323881862257,2.307294265769425,11.407832413670809
1769289978.8382728,1769289978838286980,Sr02_gC_eps15_IMG1_LID1_STA1_CFC64_OH0,0124_2224,C,0.46647390723228455,0.21923194825649261,0.5,0.5,-2.4028303032935763,32.82323881862257,2.307294265769425,11.407832413670809
1769289978.9682338,1769289978968242399,Sr02_gC_eps15_IMG1_LID1_STA1_CFC64_OH0,0124_2224,C,0.4773485064506531,0.22892093658447266,0.5,0.5,-2.4028303032935763,32.82323881862257,2.307294265769425,11.407832413670809
1769289979.099766,1769289979099773443,Sr02_gC_eps15_IMG1_LID1_STA1_CFC64_OH0,0124_2224,C,0.4746643304824829,0.16328975558280945,0.5,0.5,-2.4028303032935763,32.82323881862257,2.307294265769425,11.407832413670809
1769289979.2291586,1769289979229167710,Sr02_gC_eps15_IMG1_LID1_STA1_CFC64_OH0,0124_2224,C,0.48011067509651184,0.24942272901535034,0.5,0.5,-2.4046697360760265,32.825267543266946,2.3073009165666614,11.40536914205963
1769289979.3582976,1769289979358311286,Sr02_gC_eps15_IMG1_LID1_STA1_CFC64_OH0,0124_2224,C,0.4801676273345947,0.24630329012870789,0.5,0.5,-2.4276261324745607,32.8505841613632,2.3073777902355967,11.37463853620158
1769289979.4861915,1769289979486199248,Sr02_gC_eps15_IMG1_LID1_STA1_CFC64_OH0,0124_2224,C,0.4803397059440613,0.17790089547634125,0.5,0.5,-2.4562207432129184,32.88207601623327,2.310358880702617,11.336403697744739
1769289979.616861,1769289979616873896,Sr02_gC_eps15_IMG1_LID1_STA1_CFC64_OH0,0124_2224,C,0.4815424978733063,0.1425393670797348,0.5,0.5,-2.506580722186092,32.93588162273141,2.338795585939439,11.269749462426487
1769289979.7520432,1769289979752054345,Sr02_gC_eps15_IMG1_LID1_STA1_CFC64_OH0,0124_2224,C,0.4821184575557709,0.1710178703069687,0.5,0.5,-2.5417242003291523,32.971446021115014,2.3616876415804033,11.224012839535318
1769289979.887515,1769289979887523615,Sr02_gC_eps15_IMG1_LID1_STA1_CFC64_OH0,0124_2224,C,0.48341357707977295,0.17591281235218048,0.5,0.5,-2.5956949092616464,33.02342081976596,2.3895735045587836,11.154805330082144
1769289980.0208557,1769289980020862911,Sr02_gC_eps15_IMG1_LID1_STA1_CFC64_OH0,0124_2224,C,0.4772365093231201,0.15483151376247406,0.5,0.5,-2.6514124712713745,33.073619431671574,2.4268308797355496,11.084684688922106
1769289980.1543658,1769289980154377756,Sr02_gC_eps15_IMG1_LID1_STA1_CFC64_OH0,0124_2224,C,0.49445632100105286,0.25139930844306946,0.5,0.5,-2.6895605719140323,33.105917883697806,2.4503217643426134,11.037457298137754
1769289980.2879946,1769289980288002206,Sr02_gC_eps15_IMG1_LID1_STA1_CFC64_OH0,0124_2224,C,0.4826497733592987,0.1440068632364273,0.5,0.5,-2.747965607291012,33.15296615446639,2.4755924309349937,10.966058234908063
1769289980.4169135,1769289980416922364,Sr02_gC_eps15_IMG1_LID1_STA1_CFC64_OH0,0124_2224,C,0.48498156666755676,0.14229226112365723,0.5,0.5,-2.807439631361773,33.198656441165056,2.498397202266499,10.894192025168413
1769289980.5470552,1769289980547063842,Sr02_gC_eps15_IMG1_LID1_STA1_CFC64_OH0,0124_2224,C,0.428754061460495,0.3136606812477112,0.5,0.5,-2.847703549193059,33.228300248238654,2.5155968565149225,10.846019932302259
1769289980.6779654,1769289980677973381,Sr02_gC_eps15_IMG1_LID1_STA1_CFC64_OH0,0124_2224,C,0.4291393458843231,0.3935253620147705,0.5,0.5,-2.909049945142528,33.2714431043386,2.5411405003896044,10.773371061344573
1769289980.806954,1769289980806962116,Sr02_gC_eps15_IMG1_LID1_STA1_CFC64_OH0,0124_2224,C,0.4364786148071289,0.30251792073249817,0.5,0.5,-2.9713798469103785,33.31302826246993,2.5679656312441836,10.70038188060893
1769289980.9356565,1769289980935664465,Sr02_gC_eps15_IMG1_LID1_STA1_CFC64_OH0,0124_2224,C,0.46616536378860474,0.2333231270313263,0.5,0.5,-3.013679233952752,33.33961692617,2.5918832050205207,10.651436904984118
1769289981.0678923,1769289981067899770,Sr02_gC_eps15_IMG1_LID1_STA1_CFC64_OH0,0124_2224,C,0.42516759037971497,0.5173774361610413,0.5,0.5,-3.078039427740089,33.37809809406682,2.61345719918263,10.577673890230017
1769289981.201199,1769289981201207056,Sr02_gC_eps15_IMG1_LID1_STA1_CFC64_OH0,0124_2224,C,0.407368928194046,0.5352720618247986,0.5,0.5,-3.1213951139483664,33.40297982964713,2.6280214064660727,10.52835704837091
1769289981.333871,1769289981333878529,Sr02_gC_eps15_IMG1_LID1_STA1_CFC64_OH0,0124_2224,C,0.4651351571083069,0.11608565598726273,0.5,0.0,-3.1872247361323467,33.438346515248384,2.672634416791673,10.454328145811173
1769289981.463047,1769289981463060408,Sr02_gC_eps15_IMG1_LID1_STA1_CFC64_OH0,0124_2224,C,0.4901430010795593,0.06525128334760666,0.5,0.0,-3.2550580927047807,33.47027048186475,2.7282932776546662,10.379626255384865
1769289981.588434,1769289981588442078,Sr02_gC_eps15_IMG1_LID1_STA1_CFC64_OH0,0124_2224,C,0.48748695850372314,0.11675864458084106,0.5,0.0,-3.3011309214980273,33.489652244556254,2.758032267540581,10.329689614101234
1769289981.7182431,1769289981718250943,Sr02_gC_eps15_IMG1_LID1_STA1_CFC64_OH0,0124_2224,C,0.48504406213760376,0.18148528039455414,0.5,0.5,-3.3711250102555907,33.51648017600576,2.7939263592741126,10.254735009601864
1769289981.8488917,1769289981848900814,Sr02_gC_eps15_IMG1_LID1_STA1_CFC64_OH0,0124_2224,C,0.4811166822910309,0.15379035472869873,0.5,0.5,-3.417935005431178,33.532430967657376,2.835944866858844,10.205299098202364
1769289981.9781268,1769289981978136002,Sr02_gC_eps15_IMG1_LID1_STA1_CFC64_OH0,0124_2224,C,0.46814706921577454,0.056420959532260895,0.5,0.0,-3.4902205322086037,33.552295298737754,2.9101067187621634,10.130616968074937
1769289982.1031566,1769289982103165262,Sr02_gC_eps15_IMG1_LID1_STA1_CFC64_OH0,0124_2224,C,0.47528859972953796,0.016507837921380997,0.5,0.0,-3.538280873208774,33.562850902041724,2.935991736237502,10.081889660236332
1769289982.237687,1769289982237697085,Sr02_gC_eps15_IMG1_LID1_STA1_CFC64_OH0,0124_2224,C,0.49102240800857544,-0.06618045270442963,0.5,0.0,-3.61162201406282,33.5777275838332,2.947200210227787,10.007970329252096
1769289982.3703053,1769289982370314456,Sr02_gC_eps15_IMG1_LID1_STA1_CFC64_OH0,0124_2224,C,0.4983368515968323,-0.13237173855304718,0.5,-0.5,-3.6853059625126843,33.59154540232221,2.9669296667262137,9.934115233864645
1769289982.5033982,1769289982503404685,Sr02_gC_eps15_IMG1_LID1_STA1_CFC64_OH0,0124_2224,C,0.49917110800743103,-0.09310555458068848,0.5,0.0,-3.734621248193469,33.59978762471718,2.9848012306169465,9.885048602005131
1769289982.6303644,1769289982630373182,Sr02_gC_eps15_IMG1_LID1_STA1_CFC64_OH0,0124_2224,C,0.4845900237560272,0.006483151577413082,0.5,0.0,-3.8087902746298825,33.61065110679515,3.005775609349966,9.811812749038818
1769289982.7607687,1769289982760779186,Sr02_gC_eps15_IMG1_LID1_STA1_CFC64_OH0,0124_2224,C,0.5049814581871033,-0.09702762216329575,0.5,0.0,-3.883134650604357,33.620506396937216,3.012660333469617,9.738797069254744
1769289982.8928216,1769289982892829294,Sr02_gC_eps15_IMG1_LID1_STA1_CFC64_OH0,0124_2224,C,0.4990643858909607,-0.01992177590727806,0.5,0.0,-3.932713525022137,33.626893735019195,3.013930380508879,9.690186949921081
1769289983.0219622,1769289983021970566,Sr02_gC_eps15_IMG1_LID1_STA1_CFC64_OH0,0124_2224,C,0.5031241774559021,0.006102586630731821,0.5,0.0,-4.007005408851743,33.636802515590766,3.0025636948839884,9.617252357002599
1769289983.1529462,1769289983152954394,Sr02_gC_eps15_IMG1_LID1_STA1_CFC64_OH0,0124_2224,C,0.49126410484313965,0.0758015587925911,0.5,0.0,-4.056475651143207,33.64405911892367,2.9893265460286447,9.568466887287512
1769289983.2837791,1769289983283787539,Sr02_gC_eps15_IMG1_LID1_STA1_CFC64_OH0,0124_2224,C,0.4982111155986786,-0.0734606459736824,0.5,0.0,-4.130477718045909,33.655947677131174,2.9779898275452714,9.495140253677691
1769289983.415125,1769289983415133046,Sr02_gC_eps15_IMG1_LID1_STA1_CFC64_OH0,0124_2224,C,0.4981144964694977,-0.10587110370397568,0.5,0.0,-4.2044091135389605,33.66817995672749,2.9739344636954903,9.421780669676933
1769289983.5419443,1769289983541952083,Sr02_gC_eps15_IMG1_LID1_STA1_CFC64_OH0,0124_2224,C,0.5003001093864441,-0.05694454535841942,0.5,0.0,-4.253637265983109,33.67674513837509,2.9660947028662865,9.37279463185758
1769289983.6739078,1769289983673915007,Sr02_gC_eps15_IMG1_LID1_STA1_CFC64_OH0,0124_2224,C,0.5014895796775818,-0.05968527868390083,0.5,0.0,-4.32746740658244,33.68994009619302,2.964147390234892,9.299219927681904
1769289983.806578,1769289983806584416,Sr02_gC_eps15_IMG1_LID1_STA1_CFC64_OH0,0124_2224,C,0.49699246883392334,-0.028414525091648102,0.5,0.0,-4.376674185162161,33.69874797605619,2.965131835745218,9.25019113149342
1769289983.9364195,1769289983936427885,Sr02_gC_eps15_IMG1_LID1_STA1_CFC64_OH0,0124_2224,C,0.5011845827102661,-0.042164791375398636,0.5,0.0,-4.450499156176225,33.71149703122287,2.974411907095576,9.176823333551452
1769289984.062643,1769289984062652958,Sr02_gC_eps15_IMG1_LID1_STA1_CFC64_OH0,0124_2224,C,0.5150383114814758,-0.14160068333148956,0.5,-0.5,-4.5243258505897925,33.724362905448366,2.9624411054238298,9.103436146598161
1769289984.1987643,1769289984198771687,Sr02_gC_eps15_IMG1_LID1_STA1_CFC64_OH0,0124_2224,C,0.5157455205917358,-0.13909408450126648,0.5,-0.5,-4.573466635726346,33.733529796429956,2.9522609330600655,9.054379242458841
1769289984.3338633,1769289984333870252,Sr02_gC_eps15_IMG1_LID1_STA1_CFC64_OH0,0124_2224,C,0.4966880679130554,-0.11774453520774841,0.5,0.0,-4.6470650976206045,33.747960011211525,2.9436370304165598,8.980665721913033
1769289984.466742,1769289984466753743,Sr02_gC_eps15_IMG1_LID1_STA1_CFC64_OH0,0124_2224,C,0.5068013668060303,-0.1694239377975464,0.5,-0.5,-4.696058992740127,33.75793951526477,2.937668512355412,8.931468295480789
1769289984.5934534,1769289984593461461,Sr02_gC_eps15_IMG1_LID1_STA1_CFC64_OH0,0124_2224,C,0.5071556568145752,-0.15688036382198334,0.5,-0.5,-4.769472283380335,33.7732848540043,2.9332688217887344,8.857620646470888
1769289984.7248666,1769289984724874053,Sr02_gC_eps15_IMG1_LID1_STA1_CFC64_OH0,0124_2224,C,0.5095921158790588,-0.09367897361516953,0.5,0.0,-4.842725798952164,33.78907488956389,2.922109749985053,8.783774166205985
1769289984.858583,1769289984858590156,Sr02_gC_eps15_IMG1_LID1_STA1_CFC64_OH0,0124_2224,C,0.5085634589195251,-0.09760820120573044,0.5,0.0,-4.891447599634849,33.80030627599767,2.9079497051801675,8.73439458696555
1769289984.9926414,1769289984992648079,Sr02_gC_eps15_IMG1_LID1_STA1_CFC64_OH0,0124_2224,C,0.511278510093689,-0.1429874151945114,0.5,-0.5,-4.964223504769301,33.818429842040935,2.887299108067236,8.660142274282483
1769289985.1288085,1769289985128817604,Sr02_gC_eps15_IMG1_LID1_STA1_CFC64_OH0,0124_2224,C,0.5023074746131897,-0.09771087020635605,0.5,0.0,-5.036627556672619,33.837943016242924,2.8682617715188194,8.585722804152887
1769289985.2634535,1769289985263462348,Sr02_gC_eps15_IMG1_LID1_STA1_CFC64_OH0,0124_2224,C,0.49867722392082214,-0.07216142863035202,0.5,0.0,-5.084655575312404,33.85184449753493,2.8516957042635465,8.536001375561362
1769289985.3924625,1769289985392476722,Sr02_gC_eps15_IMG1_LID1_STA1_CFC64_OH0,0124_2224,C,0.5053693652153015,-0.12614093720912933,0.5,-0.5,-5.156266874826378,33.874090546711756,2.8311136451909142,8.461296164213266
1769289985.525874,1769289985525882222,Sr02_gC_eps15_IMG1_LID1_STA1_CFC64_OH0,0124_2224,C,0.5068244934082031,-0.1275729238986969,0.5,-0.5,-5.227516058705537,33.8975097051529,2.8167867795050316,8.386486101785115
1769289985.6603103,1769289985660317473,Sr02_gC_eps15_IMG1_LID1_STA1_CFC64_OH0,0124_2224,C,0.49932605028152466,-0.1067519336938858,0.5,0.0,-5.274809297662178,33.913701600268084,2.805770500876483,8.33658557811619
1769289985.7850065,1769289985785014540,Sr02_gC_eps15_IMG1_LID1_STA1_CFC64_OH0,0124_2224,C,0.5015107989311218,-0.09089402854442596,0.5,0.0,-5.345349127038767,33.93914565229387,2.7865493741850194,8.261667478157868
1769289985.9191577,1769289985919164787,Sr02_gC_eps15_IMG1_LID1_STA1_CFC64_OH0,0124_2224,C,0.5001540184020996,-0.07471958547830582,0.5,0.0,-5.392145942318487,33.95675357419902,2.7772892730360663,8.211690029120415
1769289986.0539994,1769289986054007032,Sr02_gC_eps15_IMG1_LID1_STA1_CFC64_OH0,0124_2224,C,0.4953470528125763,-0.020469391718506813,0.5,0.0,-5.4620636205909845,33.98385968740515,2.765030280169405,8.136717056387551
1769289986.1834722,1769289986183480136,Sr02_gC_eps15_IMG1_LID1_STA1_CFC64_OH0,0124_2224,C,0.49075743556022644,-0.0295834019780159,0.5,0.0,-5.53154326995609,34.01209811497029,2.746037574093115,8.061718799952516
1769289986.311961,1769289986311968594,Sr02_gC_eps15_IMG1_LID1_STA1_CFC64_OH0,0124_2224,C,0.4918612837791443,-0.06366495788097382,0.5,0.0,-5.5775590921499685,34.0316560035484,2.7336967069963625,8.011722630191905
1769289986.4440756,1769289986444084015,Sr02_gC_eps15_IMG1_LID1_STA1_CFC64_OH0,0124_2224,C,0.4872295558452606,0.11765780299901962,0.5,0.0,-5.646166228687361,34.061953586693384,2.718159666401241,7.936748667258157
1769289986.5705438,1769289986570551913,Sr02_gC_eps15_IMG1_LID1_STA1_CFC64_OH0,0124_2224,C,0.5002883076667786,-0.10252835601568222,0.5,0.0,-5.714334570772087,34.09322653053267,2.705334292631905,7.86181078369673
1769289986.6975014,1769289986697509319,Sr02_gC_eps15_IMG1_LID1_STA1_CFC64_OH0,0124_2224,C,0.4936261475086212,-0.033744409680366516,0.5,0.0,-5.759563897135915,34.11451447748821,2.6988025868916328,7.81188626339597
1769289986.8254445,1769289986825451652,Sr02_gC_eps15_IMG1_LID1_STA1_CFC64_OH0,0124_2224,C,0.4934636056423187,-0.03233696520328522,0.5,0.0,-5.827280549719664,34.146754970510976,2.695458764671609,7.737001977184395
1769289986.9584453,1769289986958460178,Sr02_gC_eps15_IMG1_LID1_STA1_CFC64_OH0,0124_2224,C,0.4842051565647125,0.028213096782565117,0.5,0.0,-5.872354669141898,34.16839571027861,2.692500429462902,7.68708978998862
1769289987.0862305,1769289987086238253,Sr02_gC_eps15_IMG1_LID1_STA1_CFC64_OH0,0124_2224,C,0.49903854727745056,-0.02196798473596573,0.5,0.0,-5.939734678875913,34.201260642182795,2.684016093510479,7.612285088051745
1769289987.2195303,1769289987219538426,Sr02_gC_eps15_IMG1_LID1_STA1_CFC64_OH0,0124_2224,C,0.5064758062362671,0.18244725465774536,0.5,0.5,-5.984542277006824,34.223092009487566,2.693822702904302,7.562550838352753
1769289987.3448477,1769289987344856147,Sr02_gC_eps15_IMG1_LID1_STA1_CFC64_OH0,0124_2224,C,0.5052170753479004,0.21496103703975677,0.5,0.5,-6.05188262933287,34.25543895897983,2.6898721922762374,7.487983526400298
1769289987.4812665,1769289987481278134,Sr02_gC_eps15_IMG1_LID1_STA1_CFC64_OH0,0124_2224,C,0.5005984902381897,-0.04963352158665657,0.5,0.0,-6.1192771761280245,34.28834735601479,2.6848809094138497,7.4131575233470395
1769289987.6123276,1769289987612339568,Sr02_gC_eps15_IMG1_LID1_STA1_CFC64_OH0,0124_2224,C,0.4880966246128082,-0.008540413342416286,0.5,0.0,-6.164108774887683,34.31046094631719,2.682637981618462,7.3633007501543
1769289987.7427225,1769289987742729813,Sr02_gC_eps15_IMG1_LID1_STA1_CFC64_OH0,0124_2224,C,0.48981261253356934,0.06187547370791435,0.5,0.0,-6.231399442111822,34.343555576810914,2.684980408542282,7.288507291904781
1769289987.8798366,1769289987879845021,Sr02_gC_eps15_IMG1_LID1_STA1_CFC64_OH0,0124_2224,C,0.48200833797454834,0.05438997596502304,0.5,0.0,-6.2985445988390545,34.37662860928297,2.6862205304325006,7.213860897039021
1769289988.010441,1769289988010448465,Sr02_gC_eps15_IMG1_LID1_STA1_CFC64_OH0,0124_2224,C,0.48233455419540405,0.060970719903707504,0.5,0.0,-6.343531695937289,34.398176628036964,2.7045292248160413,7.164078799442488
1769289988.1433547,1769289988143363996,Sr02_gC_eps15_IMG1_LID1_STA1_CFC64_OH0,0124_2224,C,0.49392765760421753,0.03637896105647087,0.5,0.0,-6.411870666340644,34.428804377915405,2.7331961465721357,7.089244958059461
1769289988.2808087,1769289988280816567,Sr02_gC_eps15_IMG1_LID1_STA1_CFC64_OH0,0124_2224,C,0.4881797432899475,0.04089249297976494,0.5,0.0,-6.480420006011724,34.45856258402473,2.7302551976055622,7.014541760899715
1769289988.4135363,1769289988413546520,Sr02_gC_eps15_IMG1_LID1_STA1_CFC64_OH0,0124_2224,C,0.5084859728813171,-0.04671448469161987,0.5,0.0,-6.526215685346351,34.47855812333266,2.730418740381028,6.964592277734094
1769289988.5524797,1769289988552488143,Sr02_gC_eps15_IMG1_LID1_STA1_CFC64_OH0,0124_2224,C,0.4962354600429535,0.032046813517808914,0.5,0.0,-6.595101547895952,34.508217834049454,2.73940061976148,6.889614573234396
1769289988.6825657,1769289988682574087,Sr02_gC_eps15_IMG1_LID1_STA1_CFC64_OH0,0124_2224,C,0.4930516183376312,0.02706286683678627,0.5,0.0,-6.664238200742702,34.537288241297354,2.7479539418041083,6.814624306622702
1769289988.8156624,1769289988815670217,Sr02_gC_eps15_IMG1_LID1_STA1_CFC64_OH0,0124_2224,C,0.4966505169868469,0.08896347880363464,0.5,0.0,-6.710471421517091,34.55632719738733,2.753559186806408,6.7646262487385265
1769289988.9486942,1769289988948702487,Sr02_gC_eps15_IMG1_LID1_STA1_CFC64_OH0,0124_2224,C,0.4933871924877167,-0.018593767657876015,0.5,0.0,-6.779973292500101,34.58451362385292,2.7591965610470868,6.689626767850856
1769289989.075614,1769289989075621451,Sr02_gC_eps15_IMG1_LID1_STA1_CFC64_OH0,0124_2224,C,0.5032762885093689,0.06641840189695358,0.5,0.0,-6.84958819640569,34.61232970110522,2.7607822585627573,6.61466043692308
1769289989.2111151,1769289989211153280,Sr02_gC_eps15_IMG1_LID1_STA1_CFC64_OH0,0124_2224,C,0.5019673109054565,0.040100354701280594,0.5,0.0,-6.895934957796242,34.63100549098341,2.7571626845066306,6.564692403743001
1769289989.3465214,1769289989346531700,Sr02_gC_eps15_IMG1_LID1_STA1_CFC64_OH0,0124_2224,C,0.500318169593811,0.03877725079655647,0.5,0.0,-6.9655274761557555,34.65896743519414,2.761770327211574,6.489692477999639
1769289989.4845266,1769289989484535565,Sr02_gC_eps15_IMG1_LID1_STA1_CFC64_OH0,0124_2224,C,0.48616665601730347,-0.06384967267513275,0.5,0.0,-7.035240720964886,34.68658149581297,2.7692731905285135,6.414710197778375
1769289989.6193054,1769289989619313749,Sr02_gC_eps15_IMG1_LID1_STA1_CFC64_OH0,0124_2224,C,0.4823159873485565,0.027676064521074295,0.5,0.0,-7.081863024835627,34.70455566164828,2.7770838831780105,6.364748063304797
1769289989.7483227,1769289989748332522,Sr02_gC_eps15_IMG1_LID1_STA1_CFC64_OH0,0124_2224,C,0.5011764168739319,0.013331914320588112,0.5,0.0,-7.151850647311281,34.73133802929531,2.7771411647670896,6.289821482949272
1769289989.8795905,1769289989879600002,Sr02_gC_eps15_IMG1_LID1_STA1_CFC64_OH0,0124_2224,C,0.48682835698127747,0.040792420506477356,0.5,0.0,-7.222048341423885,34.75774348642003,2.785524846824988,6.214840959663783
1769289990.0090876,1769289990009095338,Sr02_gC_eps15_IMG1_LID1_STA1_CFC64_OH0,0124_2224,C,0.4863121509552002,0.03981979191303253,0.5,0.0,-7.268946796321885,34.77507932524969,2.789495183684159,6.164861472073846
1769289990.1449358,1769289990144944191,Sr02_gC_eps15_IMG1_LID1_STA1_CFC64_OH0,0124_2224,C,0.4823012053966522,-0.06562842428684235,0.5,0.0,-7.3393539430467865,34.80074139080825,2.79231837112011,6.089965470311126
1769289990.2822592,1769289990282267209,Sr02_gC_eps15_IMG1_LID1_STA1_CFC64_OH0,0124_2224,C,0.48198598623275757,-0.060745056718587875,0.5,0.0,-7.386269909505735,34.817997241840736,2.7863279745079548,6.040000603349368
1769289990.415203,1769289990415210191,Sr02_gC_eps15_IMG1_LID1_STA1_CFC64_OH0,0124_2224,C,0.47631320357322693,-0.09749593585729599,0.5,0.0,-7.456608459942898,34.84395089802743,2.789786313676944,5.965060706025288
1769289990.552471,1769289990552478326,Sr02_gC_eps15_IMG1_LID1_STA1_CFC64_OH0,0124_2224,C,0.48223885893821716,-0.041642360389232635,0.5,0.0,-7.527044397011023,34.86971471654374,2.7928844953554273,5.890102555333858
1769289990.6870255,1769289990687033081,Sr02_gC_eps15_IMG1_LID1_STA1_CFC64_OH0,0124_2224,C,0.4825776219367981,-0.042687706649303436,0.5,0.0,-7.597608176880139,34.89512603289202,2.7989449914210045,5.815159284146038
1769289990.8224964,1769289990822505829,Sr02_gC_eps15_IMG1_LID1_STA1_CFC64_OH0,0124_2224,C,0.47563499212265015,-0.0021026358008384705,0.5,0.0,-7.644671064216107,34.91182156251495,2.8009555537046875,5.765271216906191
1769289990.9569724,1769289990956980614,Sr02_gC_eps15_IMG1_LID1_STA1_CFC64_OH0,0124_2224,C,0.4729958772659302,-0.08215948939323425,0.5,0.0,-7.715237906575908,34.937223838840396,2.7913066546663994,5.690331127966112
1769289991.0933805,1769289991093389217,Sr02_gC_eps15_IMG1_LID1_STA1_CFC64_OH0,0124_2224,C,0.47238248586654663,0.010917643085122108,0.5,0.0,-7.78554871824005,34.96331046468659,2.7800093791714113,5.615372074316204
1769289991.2311141,1769289991231122805,Sr02_gC_eps15_IMG1_LID1_STA1_CFC64_OH0,0124_2224,C,0.43414106965065,0.04934819042682648,0.5,0.0,-7.83222198529177,34.98121195791395,2.7717813085864664,5.565393417608068
1769289991.3659816,1769289991365988894,Sr02_gC_eps15_IMG1_LID1_STA1_CFC64_OH0,0124_2224,C,0.43503010272979736,0.04836606606841087,0.5,0.0,-7.902066376378309,35.008538535950635,2.7654931501739517,5.490400280816191
1769289991.4999316,1769289991499940068,Sr02_gC_eps15_IMG1_LID1_STA1_CFC64_OH0,0124_2224,C,0.4575473964214325,-0.041604265570640564,0.5,0.0,-7.97174235040332,35.03627296881803,2.7615001052202524,5.415409548691974
1769289991.6363444,1769289991636352087,Sr02_gC_eps15_IMG1_LID1_STA1_CFC64_OH0,0124_2224,C,0.48941946029663086,-0.1613321155309677,0.5,-0.5,-8.018137482381729,35.05482675482887,2.759475435408826,5.365442988672151
1769289991.770619,1769289991770626978,Sr02_gC_eps15_IMG1_LID1_STA1_CFC64_OH0,0124_2224,C,0.4943901002407074,0.009395850822329521,0.5,0.0,-8.087535140578838,35.08316846897808,2.751003453187437,5.290481128506272
1769289991.9032435,1769289991903251072,Sr02_gC_eps15_IMG1_LID1_STA1_CFC64_OH0,0124_2224,C,0.4893378019332886,0.0322510190308094,0.5,0.0,-8.156907624482734,35.11165668905214,2.753773130263991,5.215487354607014
1769289992.0393512,1769289992039358811,Sr02_gC_eps15_IMG1_LID1_STA1_CFC64_OH0,0124_2224,C,0.47144824266433716,-0.059154361486434937,0.5,0.0,-8.226441919879289,35.13976283833882,2.761126240609935,5.140487749608833
1769289992.172995,1769289992173002998,Sr02_gC_eps15_IMG1_LID1_STA1_CFC64_OH0,0124_2224,C,0.44808411598205566,-0.04344542324542999,0.5,0.0,-8.272900261110465,35.15821489823938,2.765572798575045,5.090501015694468
1769289992.3107092,1769289992310718562,Sr02_gC_eps15_IMG1_LID1_STA1_CFC64_OH0,0124_2224,C,0.4109179973602295,0.02823176234960556,0.5,0.0,-8.342493540543792,35.18593446509273,2.7577323234808895,5.01559260923889
1769289992.4484231,1769289992448431511,Sr02_gC_eps15_IMG1_LID1_STA1_CFC64_OH0,0124_2224,C,0.4717470109462738,-0.07152683287858963,0.5,0.0,-8.411549259000846,35.214741215958284,2.738642344493346,4.940772046653632
1769289992.5868032,1769289992586810569,Sr02_gC_eps15_IMG1_LID1_STA1_CFC64_OH0,0124_2224,C,0.4750186800956726,0.04614674299955368,0.5,0.0,-8.457554756939137,35.23432420348138,2.7400389949464192,4.890778354876485
1769289992.7255292,1769289992725537310,Sr02_gC_eps15_IMG1_LID1_STA1_CFC64_OH0,0124_2224,C,0.4802604913711548,0.11655232310295105,0.5,0.0,-8.526616431865444,35.26346561233964,2.74295480978753,4.815826374093385
1769289992.8667445,1769289992866759862,Sr02_gC_eps15_IMG1_LID1_STA1_CFC64_OH0,0124_2224,C,0.4805149734020233,0.12032303214073181,0.5,0.0,-8.595609536639705,35.29287511101112,2.7348671132674682,4.740837171806237
1769289993.0044756,1769289993004485695,Sr02_gC_eps15_IMG1_LID1_STA1_CFC64_OH0,0124_2224,C,0.44561123847961426,0.051334578543901443,0.5,0.0,-8.66439790420916,35.322689115155484,2.7329774642842732,4.6658858300595
1769289993.149131,1769289993149137558,Sr02_gC_eps15_IMG1_LID1_STA1_CFC64_OH0,0124_2224,C,0.4096696972846985,0.07648495584726334,0.5,0.0,-8.733184350622052,35.35243367378102,2.7302797863663106,4.590963022865941
1769289993.289524,1769289993289531886,Sr02_gC_eps15_IMG1_LID1_STA1_CFC64_OH0,0124_2224,C,0.34116965532302856,0.10745353251695633,0.5,0.0,-8.778897256846019,35.37251993648995,2.727476163995913,4.5410526175366766
1769289993.423953,1769289993423961587,Sr02_gC_eps15_IMG1_LID1_STA1_CFC64_OH0,0124_2224,C,0.4073762595653534,0.24368301033973694,0.5,0.5,-8.847661017299037,35.4023811111567,2.7388979277865095,4.4661082872653255
1769289993.563644,1769289993563652646,Sr02_gC_eps15_IMG1_LID1_STA1_CFC64_OH0,0124_2224,C,0.3762536346912384,0.10063207894563675,0.5,0.0,-8.916915932818725,35.4311667023389,2.7565692798966475,4.391112614334752
1769289993.6984565,1769289993698464124,Sr02_gC_eps15_IMG1_LID1_STA1_CFC64_OH0,0124_2224,C,0.3542868494987488,0.10697861760854721,0.5,0.0,-8.986632612675296,35.45877009512886,2.7700864720048957,4.316132281024636
1769289993.83646,1769289993836468219,Sr02_gC_eps15_IMG1_LID1_STA1_CFC64_OH0,0124_2224,C,0.18777818977832794,0.2020813226699829,0.5,0.5,-9.033270103481042,35.47679611441165,2.7759744127342607,4.266138578641421
1769289993.975615,1769289993975623232,Sr02_gC_eps15_IMG1_LID1_STA1_CFC64_OH0,0124_2224,C,0.41596224904060364,0.23988284170627594,0.5,0.5,-9.103471821946474,35.50319009536714,2.7889955395748247,4.191163090994829
1769289994.1147408,1769289994114755995,Sr02_gC_eps15_IMG1_LID1_STA1_CFC64_OH0,0124_2224,C,0.3468426465988159,0.15440648794174194,0.5,0.5,-9.17396599715678,35.528388393821416,2.8118977415036936,4.116367407436187
1769289994.254621,1769289994254629536,Sr02_gC_eps15_IMG1_LID1_STA1_CFC64_OH0,0124_2224,C,0.4920295178890228,-0.014420094899833202,0.5,0.0,-9.245201540313097,35.55153771606914,2.837680949236868,4.041660895030255
1769289994.3936527,1769289994393660747,Sr02_gC_eps15_IMG1_LID1_STA1_CFC64_OH0,0124_2224,C,0.48529088497161865,-0.06237472966313362,0.5,0.0,-9.292984861844284,35.566259553120005,2.8478710667848492,3.991858657523281
1769289994.5323071,1769289994532313810,Sr02_gC_eps15_IMG1_LID1_STA1_CFC64_OH0,0124_2224,C,0.48898711800575256,-0.06732746958732605,0.5,0.0,-9.364889110253198,35.58735784023758,2.8666250294326496,3.9173271528284874
1769289994.673339,1769289994673346525,Sr02_gC_eps15_IMG1_LID1_STA1_CFC64_OH0,0124_2224,C,0.5056797862052917,-0.08534125238656998,0.5,0.0,-9.43736331773317,35.60659995021225,2.8987670295144046,3.842994937104195
1769289994.8177438,1769289994817757807,Sr02_gC_eps15_IMG1_LID1_STA1_CFC64_OH0,0124_2224,C,0.5070238709449768,-0.16296154260635376,0.5,-0.5,-9.510417702250324,35.623398884013625,2.9292672831664293,3.7690952943599267
1769289994.9584439,1769289994958452218,Sr02_gC_eps15_IMG1_LID1_STA1_CFC64_OH0,0124_2224,C,0.5113013386726379,-0.1629781872034073,0.5,-0.5,-9.583724407415165,35.638535313945916,2.940698661642298,3.6956531068698992
1769289995.0989127,1769289995098925665,Sr02_gC_eps15_IMG1_LID1_STA1_CFC64_OH0,0124_2224,C,0.512790858745575,-0.17889904975891113,0.5,-0.5,-9.632694947855986,35.648572612306715,2.9369666550048255,3.646653100396857
1769289995.235937,1769289995235944011,Sr02_gC_eps15_IMG1_LID1_STA1_CFC64_OH0,0124_2224,C,0.4970601201057434,-0.05393753945827484,0.5,0.0,-9.70605743735293,35.66415793315068,2.9274123554494405,3.5730806713017715
1769289995.3769302,1769289995376939066,Sr02_gC_eps15_IMG1_LID1_STA1_CFC64_OH0,0124_2224,C,0.4979928731918335,-0.0019800029695034027,0.5,0.0,-9.779259518922638,35.680479689018384,2.916412577646318,3.4994217656637923
1769289995.515532,1769289995515540552,Sr02_gC_eps15_IMG1_LID1_STA1_CFC64_OH0,0124_2224,C,0.49063774943351746,-0.0035137059167027473,0.5,0.0,-9.852206984107209,35.69775992620387,2.8987812498248893,3.4256678136375873
1769289995.657985,1769289995657993150,Sr02_gC_eps15_IMG1_LID1_STA1_CFC64_OH0,0124_2224,C,0.5067890882492065,-0.08983827382326126,0.5,0.0,-9.924779277159514,35.71668032330562,2.874335560450954,3.3516440077290057
1769289995.80406,1769289995804075306,Sr02_gC_eps15_IMG1_LID1_STA1_CFC64_OH0,0124_2224,C,0.49493882060050964,-0.02634098008275032,0.5,0.0,-9.972894041252996,35.73027858324466,2.857719362894973,3.3021608056421208
1769289995.9394426,1769289995939449880,Sr02_gC_eps15_IMG1_LID1_STA1_CFC64_OH0,0124_2224,C,0.4966878890991211,-0.034113239496946335,0.5,0.0,-10.044546927070673,35.75220167193369,2.8343056510442164,3.2278123113729773
1769289996.0850503,1769289996085058808,Sr02_gC_eps15_IMG1_LID1_STA1_CFC64_OH0,0124_2224,C,0.5030842423439026,-0.09823009371757507,0.5,0.0,-10.115943889815862,35.77513157466973,2.829204517409362,3.153308396194441
1769289996.2279115,1769289996227920805,Sr02_gC_eps15_IMG1_LID1_STA1_CFC64_OH0,0124_2224,C,0.5016115307807922,-0.11141607910394669,0.5,0.0,-10.187310058419792,35.79819386399221,2.8288001595620913,3.0788010036740086
1769289996.3685138,1769289996368523664,Sr02_gC_eps15_IMG1_LID1_STA1_CFC64_OH0,0124_2224,C,0.5008559226989746,-0.053476154804229736,0.5,0.0,-10.258584816935944,35.82141802509906,2.8212329260863265,3.004333459563061
1769289996.5089037,1769289996508917942,Sr02_gC_eps15_IMG1_LID1_STA1_CFC64_OH0,0124_2224,C,0.5065438747406006,0.039306640625,0.5,0.0,-10.32961982418202,35.84544499016871,2.811969214906234,2.9297708929705877
1769289996.6481452,1769289996648152545,Sr02_gC_eps15_IMG1_LID1_STA1_CFC64_OH0,0124_2224,C,0.5099183917045593,0.07362274080514908,0.5,0.0,-10.376905652583137,35.861694554676525,2.809024237237448,2.8800412201528958
1769289996.7853186,1769289996785326884,Sr02_gC_eps15_IMG1_LID1_STA1_CFC64_OH0,0124_2224,C,0.5119495987892151,0.05333074927330017,0.5,0.0,-10.447696255637112,35.886400508772375,2.800372587740279,2.8054489441667037
1769289996.924378,1769289996924386108,Sr02_gC_eps15_IMG1_LID1_STA1_CFC64_OH0,0124_2224,C,0.4882025420665741,0.15274372696876526,0.5,0.5,-10.518177520035723,35.9120378484616,2.784583230826709,2.7307597438281475
1769289997.0591571,1769289997059168110,Sr02_gC_eps15_IMG1_LID1_STA1_CFC64_OH0,0124_2224,C,0.46065860986709595,0.13952350616455078,0.5,0.5,-10.588232818428068,35.93878605655325,2.7711763684438138,2.655996166294403
1769289997.1972823,1769289997197289996,Sr02_gC_eps15_IMG1_LID1_STA1_CFC64_OH0,0124_2224,C,0.41484835743904114,0.12325097620487213,0.5,0.0,-10.634759524892091,35.95698458013751,2.7677822486343215,2.606162985445759
1769289997.3355556,1769289997335570830,Sr02_gC_eps15_IMG1_LID1_STA1_CFC64_OH0,0124_2224,C,0.42428135871887207,0.1258080005645752,0.5,0.5,-10.70466549165035,35.984153183481816,2.7750508411449064,2.5313738026403825
1769289997.4815323,1769289997481542269,Sr02_gC_eps15_IMG1_LID1_STA1_CFC64_OH0,0124_2224,C,0.5172185301780701,0.17643611133098602,0.5,0.5,-10.774824015342565,36.01066231366057,2.78487673206524,2.45665634549942
1769289997.6183147,1769289997618322849,Sr02_gC_eps15_IMG1_LID1_STA1_CFC64_OH0,0124_2224,C,0.4905642867088318,0.04146216809749603,0.5,0.0,-10.84518858959237,36.03643721561222,2.799681677823385,2.3820921686938767
1769289997.7571146,1769289997757122436,Sr02_gC_eps15_IMG1_LID1_STA1_CFC64_OH0,0124_2224,C,0.5105479955673218,-0.10718502104282379,0.5,0.0,-10.916120616442155,36.06079758298907,2.8214033915553967,2.307665650112961
1769289997.8935423,1769289997893551006,Sr02_gC_eps15_IMG1_LID1_STA1_CFC64_OH0,0124_2224,C,0.4971001446247101,-0.11244229972362518,0.5,0.0,-10.963683192620534,36.0762172566422,2.8343793815970764,2.2581867139333784
1769289998.0387297,1769289998038744927,Sr02_gC_eps15_IMG1_LID1_STA1_CFC64_OH0,0124_2224,C,0.5136691331863403,0.028164256364107132,0.5,0.0,-11.035377553532427,36.09823444319234,2.8529692766578676,2.1841980589167607
1769289998.1797884,1769289998179796768,Sr02_gC_eps15_IMG1_LID1_STA1_CFC64_OH0,0124_2224,C,0.5085791945457458,-0.013638903386890888,0.5,0.0,-11.107472488123923,36.11885966742938,2.8747115793477036,2.110555856248297
1769289998.3186994,1769289998318707303,Sr02_gC_eps15_IMG1_LID1_STA1_CFC64_OH0,0124_2224,C,0.5069169998168945,-0.12587077915668488,0.5,-0.5,-11.17994946309584,36.13780348989394,2.892329356236656,2.0374478895376633
1769289998.4544597,1769289998454468342,Sr02_gC_eps15_IMG1_LID1_STA1_CFC64_OH0,0124_2224,C,0.5170011520385742,-0.13950055837631226,0.5,-0.5,-11.252501666824378,36.15629077855241,2.886558807725574,1.9646234934464604
1769289998.5919063,1769289998591915192,Sr02_gC_eps15_IMG1_LID1_STA1_CFC64_OH0,0124_2224,C,0.4892813265323639,-0.11814107745885849,0.5,0.0,-11.300814641514785,36.16916830438643,2.8755248909908935,1.9159479126201973
1769289998.7258258,1769289998725837441,Sr02_gC_eps15_IMG1_LID1_STA1_CFC64_OH0,0124_2224,C,0.48928654193878174,-0.19340163469314575,0.5,-0.5,-11.372919743654966,36.18942513738593,2.8633946430017163,1.8429330499926022
1769289998.8636684,1769289998863676737,Sr02_gC_eps15_IMG1_LID1_STA1_CFC64_OH0,0124_2224,C,0.48808974027633667,-0.12555193901062012,0.5,-0.5,-11.445059721098803,36.20990198975681,2.8651472386627366,1.7699371367979944
1769289998.9949095,1769289998994918609,Sr02_gC_eps15_IMG1_LID1_STA1_CFC64_OH0,0124_2224,C,0.49003466963768005,-0.12298637628555298,0.5,0.0,-11.493087786974995,36.223575395178216,2.861890284899037,1.7214140787050163
1769289999.1323636,1769289999132371070,Sr02_gC_eps15_IMG1_LID1_STA1_CFC64_OH0,0124_2224,C,0.5040743947029114,-0.11707116663455963,0.5,0.0,-11.564961516295345,36.244962479922506,2.842365889507308,1.6484897907376672
1769289999.2708666,1769289999270875684,Sr02_gC_eps15_IMG1_LID1_STA1_CFC64_OH0,0124_2224,C,0.491881787776947,-0.19908712804317474,0.5,-0.5,-11.636398322609159,36.26780099986535,2.8227223904151764,1.5753870486972277
1769289999.4052284,1769289999405235715,Sr02_gC_eps15_IMG1_LID1_STA1_CFC64_OH0,0124_2224,C,0.5274154543876648,-0.15049633383750916,0.5,-0.5,-11.707341487955155,36.29202607676809,2.799561964070208,1.5021659415971849
1769289999.5270877,1769289999527096442,Sr02_gC_eps15_IMG1_LID1_STA1_CFC64_OH0,0124_2224,C,0.49571239948272705,-0.2659221291542053,0.5,-0.5,-11.754282132140583,36.30921199031266,2.7833684657174085,1.453203527320399
1769289999.65092,1769289999650928627,Sr02_gC_eps15_IMG1_LID1_STA1_CFC64_OH0,0124_2224,C,0.49950721859931946,-0.2898002564907074,0.5,-0.5,-11.824270588460774,36.33616476463792,2.764715292632185,1.3796224636047265
1769289999.7781749,1769289999778182600,Sr02_gC_eps15_IMG1_LID1_STA1_CFC64_OH0,0124_2224,C,0.5111926198005676,-0.35824745893478394,0.5,-0.5,-11.870647179680166,36.35485112202812,2.752416675118742,1.330503169098531
1769289999.901037,1769289999901044585,Sr02_gC_eps15_IMG1_LID1_STA1_CFC64_OH0,0124_2224,C,0.5236913561820984,-0.1212281584739685,0.5,0.0,-11.93975344589016,36.38390651586903,2.733931504939334,1.2567698947218977
1769290000.0219846,1769290000021991989,Sr02_gC_eps15_IMG1_LID1_STA1_CFC64_OH0,0124_2224,C,0.5095530152320862,-0.279450386762619,0.5,-0.5,-11.985446246964356,36.40417918121818,2.7140622532162144,1.207508655132425
1769290000.148407,1769290000148416887,Sr02_gC_eps15_IMG1_LID1_STA1_CFC64_OH0,0124_2224,C,0.5078516602516174,-0.2851191759109497,0.5,-0.5,-12.053234540135229,36.43608416850782,2.688771734618869,1.1335069567391338
1769290000.2733905,1769290000273399109,Sr02_gC_eps15_IMG1_LID1_STA1_CFC64_OH0,0124_2224,C,0.48866304755210876,-0.213468998670578,0.5,-0.5,-12.097866617904721,36.45853116074874,2.6623210737833274,1.0840292369130595
1769290000.3957446,1769290000395756708,Sr02_gC_eps15_IMG1_LID1_STA1_CFC64_OH0,0124_2224,C,0.49553120136260986,-0.2805074155330658,0.5,-0.5,-12.163612003784566,36.49453820276553,2.617861583014649,1.0095298618764634
1769290000.518339,1769290000518347014,Sr02_gC_eps15_IMG1_LID1_STA1_CFC64_OH0,0124_2224,C,0.501992404460907,-0.25399696826934814,0.5,-0.5,-12.206452838655885,36.52031406510341,2.58203690454137,0.9596777872200101
1769290000.642662,1769290000642676842,Sr02_gC_eps15_IMG1_LID1_STA1_CFC64_OH0,0124_2224,C,0.5030575394630432,-0.25971072912216187,0.5,-0.5,-12.248226481105487,36.54729977096622,2.5587504087938586,0.9100020293644147
1769290000.7665827,1769290000766590410,Sr02_gC_eps15_IMG1_LID1_STA1_CFC64_OH0,0124_2224,C,0.518076479434967,-0.25637659430503845,0.5,-0.5,-12.310047688469993,36.589408639214575,2.5239661845055545,0.8352264699765559
1769290000.8894818,1769290000889490106,Sr02_gC_eps15_IMG1_LID1_STA1_CFC64_OH0,0124_2224,C,0.5077713131904602,-0.011545314453542233,0.5,0.0,-12.34580711276365,36.61551538800146,2.4969918826602253,0.7909520671935898
1769290001.0188596,1769290001018867240,Sr02_gC_eps15_IMG1_LID1_STA1_CFC64_OH0,0124_2224,C,0.5058915019035339,-0.2292817085981369,0.5,-0.5,-12.373556526847914,36.63698789792718,2.470059139205951,0.7558866953813523
1769290001.1446092,1769290001144620068,Sr02_gC_eps15_IMG1_LID1_STA1_CFC64_OH0,0124_2224,C,0.5103132128715515,-0.23324640095233917,0.5,-0.5,-12.387203053532904,36.647943250028504,2.4602413972217274,0.7384127022357305
1769290001.2711828,1769290001271189547,Sr02_gC_eps15_IMG1_LID1_STA1_CFC64_OH0,0124_2224,C,0.5032742619514465,-0.020934823900461197,0.5,0.0,-12.407478285080161,36.664615590030216,2.4467210004076847,0.7122236732681778
1769290001.3935122,1769290001393521147,Sr02_gC_eps15_IMG1_LID1_STA1_CFC64_OH0,0124_2224,C,0.4848061203956604,-0.12678252160549164,0.5,-0.5,-12.420869549901814,36.67588154790763,2.437631142699979,0.6947818687910781
1769290001.5152674,1769290001515275545,Sr02_gC_eps15_IMG1_LID1_STA1_CFC64_OH0,0124_2224,C,0.48268795013427734,-0.05090336874127388,0.5,0.0,-12.440741174520541,36.692984350927965,2.425228283648737,0.668683526621905
1769290001.6426535,1769290001642661385,Sr02_gC_eps15_IMG1_LID1_STA1_CFC64_OH0,0124_2224,C,0.48845475912094116,-0.037196673452854156,0.5,0.0,-12.453937314960994,36.70447833812771,2.424824177043306,0.6512794520220448
1769290001.769292,1769290001769299633,Sr02_gC_eps15_IMG1_LID1_STA1_CFC64_OH0,0124_2224,C,0.4935540556907654,-0.1189202144742012,0.5,0.0,-12.473631488300867,36.72178459627367,2.4148237162745905,0.625228437220065
1769290001.8920965,1769290001892104982,Sr02_gC_eps15_IMG1_LID1_STA1_CFC64_OH0,0124_2224,C,0.5056746006011963,-0.02316400408744812,0.5,0.0,-12.486662068750682,36.73346587024616,2.40666010792648,0.6078690680382458
1769290002.02058,1769290002020588782,Sr02_gC_eps15_IMG1_LID1_STA1_CFC64_OH0,0124_2224,C,0.5037524104118347,-0.17767594754695892,0.5,-0.5,-12.506061065501326,36.751102328510676,2.40219622911977,0.5819030108142311
1769290002.1471148,1769290002147123195,Sr02_gC_eps15_IMG1_LID1_STA1_CFC64_OH0,0124_2224,C,0.5083212852478027,-0.17204801738262177,0.5,-0.5,-12.518965177126905,36.762923212154384,2.39775885116537,0.5645936492144357
1769290002.268704,1769290002268711301,Sr02_gC_eps15_IMG1_LID1_STA1_CFC64_OH0,0124_2224,C,0.5177528262138367,-0.1438710242509842,0.5,-0.5,-12.538253628517882,36.780728196545496,2.3948208322870883,0.538668560407844
1769290002.3930647,1769290002393073500,Sr02_gC_eps15_IMG1_LID1_STA1_CFC64_OH0,0124_2224,C,0.4955860376358032,-0.24635447561740875,0.5,-0.5,-12.551088880960846,36.79262383194908,2.393518947391241,0.5214090561824029
1769290002.5191345,1769290002519141418,Sr02_gC_eps15_IMG1_LID1_STA1_CFC64_OH0,0124_2224,C,0.48070284724235535,-0.313292920589447,0.5,-0.5,-12.570288913837183,36.81052408894646,2.3888040334607616,0.49556528859867977
1769290002.6417568,1769290002641771859,Sr02_gC_eps15_IMG1_LID1_STA1_CFC64_OH0,0124_2224,C,0.4799496829509735,-0.32395029067993164,0.5,-0.5,-12.583055301061295,36.82249360149566,2.3879932927977165,0.4783699097525548
1769290002.766812,1769290002766821588,Sr02_gC_eps15_IMG1_LID1_STA1_CFC64_OH0,0124_2224,C,0.48964962363243103,-0.23373177647590637,0.5,-0.5,-12.60211750678002,36.84052411716472,2.37937349421495,0.45265505316339455
1769290002.8909705,1769290002890978362,Sr02_gC_eps15_IMG1_LID1_STA1_CFC64_OH0,0124_2224,C,0.4970235526561737,-0.20745378732681274,0.5,-0.5,-12.614738888950765,36.85264639733029,2.373351822894105,0.4355680807038344
1769290003.018498,1769290003018506438,Sr02_gC_eps15_IMG1_LID1_STA1_CFC64_OH0,0124_2224,C,0.5076009631156921,-0.22428755462169647,0.5,-0.5,-12.633538880954308,36.87096133340907,2.3647977565977407,0.4100506188472381
1769290003.1402695,1769290003140277988,Sr02_gC_eps15_IMG1_LID1_STA1_CFC64_OH0,0124_2224,C,0.508089542388916,-0.22645723819732666,0.5,-0.5,-12.645966206420296,36.883282436164684,2.3561753677010833,0.39312940815472946
1769290003.2671092,1769290003267118426,Sr02_gC_eps15_IMG1_LID1_STA1_CFC64_OH0,0124_2224,C,0.501279354095459,-0.23095807433128357,0.5,-0.5,-12.66437815508186,36.90199197772447,2.3399618208411286,0.3679413291935562
1769290003.3920693,1769290003392077103,Sr02_gC_eps15_IMG1_LID1_STA1_CFC64_OH0,0124_2224,C,0.4887266755104065,-0.26484382152557373,0.5,-0.5,-12.676478489816835,36.9146343076895,2.32862358382669,0.3513113110132099
1769290003.5202634,1769290003520271831,Sr02_gC_eps15_IMG1_LID1_STA1_CFC64_OH0,0124_2224,C,0.502794086933136,-0.183529332280159,0.5,-0.5,-12.694387731344714,36.93382576511715,2.3155893098948535,0.3266527434449059
1769290003.6464605,1769290003646468961,Sr02_gC_eps15_IMG1_LID1_STA1_CFC64_OH0,0124_2224,C,0.4990156888961792,-0.1864352524280548,0.5,-0.5,-12.70620275757315,36.946735207368775,2.3083284398068282,0.31042291782808573
1769290003.771526,1769290003771532716,Sr02_gC_eps15_IMG1_LID1_STA1_CFC64_OH0,0124_2224,C,0.4917258322238922,-0.33249688148498535,0.5,-0.5,-12.723741234269614,36.96626610949386,2.296604693398609,0.28646336063133754
1769290003.890336,1769290003890346228,Sr02_gC_eps15_IMG1_LID1_STA1_CFC64_OH0,0124_2224,C,0.4645663797855377,-0.3557462692260742,0.5,-0.5,-12.735304692834633,36.97940135643167,2.2886787044240746,0.27080475452575475
1769290004.0163083,1769290004016316503,Sr02_gC_eps15_IMG1_LID1_STA1_CFC64_OH0,0124_2224,C,0.47841453552246094,-0.10936582088470459,0.5,0.0,-12.752451948384882,36.999276601034786,2.2763634956821517,0.2479123441126659
1769290004.146428,1769290004146436972,Sr02_gC_eps15_IMG1_LID1_STA1_CFC64_OH0,0124_2224,C,0.4793502986431122,-0.1086435541510582,0.5,0.0,-12.763738190634328,37.01265077136737,2.2670939792356104,0.23314916187689805
1769290004.2721524,1769290004272159864,Sr02_gC_eps15_IMG1_LID1_STA1_CFC64_OH0,0124_2224,C,0.4856274724006653,-0.09324721246957779,0.5,0.0,-12.776914520737243,37.02854723115934,2.257594422800134,0.21636590861466573
1769290004.3980854,1769290004398093129,Sr02_gC_eps15_IMG1_LID1_STA1_CFC64_OH0,0124_2224,C,0.4906700849533081,-0.1451999992132187,0.5,-0.5,-12.77710930434633,37.028785008257955,2.2566122150743424,0.2161221931506316
1769290004.5242255,1769290004524234115,Sr02_gC_eps15_IMG1_LID1_STA1_CFC64_OH0,0124_2224,C,0.4646514356136322,-0.19152526557445526,0.5,-0.5,-12.777109304346329,37.028785008257955,2.2566122150734165,0.21612219315063333
1769290004.6523979,1769290004652406079,Sr02_gC_eps15_IMG1_LID1_STA1_CFC64_OH0,0124_2224,C,0.4660376012325287,-0.18928277492523193,0.5,-0.5,-12.777109304346329,37.028785008257955,2.2566122150734165,0.21612219315063333
1769290004.777604,1769290004777615708,Sr02_gC_eps15_IMG1_LID1_STA1_CFC64_OH0,0124_2224,C,0.4777105450630188,-0.1749708652496338,0.5,-0.5,-12.777109304346329,37.028785008257955,2.2566122150734165,0.21612219315063333
1769290004.899232,1769290004899239731,Sr02_gC_eps15_IMG1_LID1_STA1_CFC64_OH0,0124_2224,C,0.4764220714569092,-0.16605372726917267,0.5,-0.5,-12.777109304346329,37.028785008257955,2.2566122150734165,0.21612219315063333
1769290005.022489,1769290005022496998,Sr02_gC_eps15_IMG1_LID1_STA1_CFC64_OH0,0124_2224,C,0.46966901421546936,-0.2127661406993866,0.5,-0.5,-12.777109304346329,37.028785008257955,2.2566122150734165,0.21612219315063333
1769290005.1474054,1769290005147413917,Sr02_gC_eps15_IMG1_LID1_STA1_CFC64_OH0,0124_2224,C,0.46886441111564636,-0.21338839828968048,0.5,-0.5,-12.777109304346329,37.028785008257955,2.2566122150734165,0.21612219315063333
1769290005.2713273,1769290005271335470,Sr02_gC_eps15_IMG1_LID1_STA1_CFC64_OH0,0124_2224,C,0.46758872270584106,-0.1687951236963272,0.5,-0.5,-12.777109304346329,37.028785008257955,2.2566122150734165,0.21612219315063333
1769290005.3960931,1769290005396102749,Sr02_gC_eps15_IMG1_LID1_STA1_CFC64_OH0,0124_2224,C,0.47651317715644836,-0.16929572820663452,0.5,-0.5,-12.777109304346329,37.028785008257955,2.2566122150734165,0.21612219315063333
1769290005.5221298,1769290005522138517,Sr02_gC_eps15_IMG1_LID1_STA1_CFC64_OH0,0124_2224,C,0.4762321412563324,-0.16530445218086243,0.5,-0.5,-12.777109304346329,37.028785008257955,2.2566122150734165,0.21612219315063333
1769290005.6512337,1769290005651242329,Sr02_gC_eps15_IMG1_LID1_STA1_CFC64_OH0,0124_2224,C,0.4761289954185486,-0.16542145609855652,0.5,-0.5,-12.777109304346329,37.028785008257955,2.2566122150734165,0.21612219315063333
1769290005.7791348,1769290005779144648,Sr02_gC_eps15_IMG1_LID1_STA1_CFC64_OH0,0124_2224,C,0.4815666973590851,-0.15374167263507843,0.5,-0.5,-12.777109304346329,37.028785008257955,2.2566122150734165,0.21612219315063333
1769290005.9060893,1769290005906100832,Sr02_gC_eps15_IMG1_LID1_STA1_CFC64_OH0,0124_2224,C,0.47237083315849304,-0.16710688173770905,0.5,-0.5,-12.777109304346329,37.028785008257955,2.2566122150734165,0.21612219315063333
1769290006.0306702,1769290006030679598,Sr02_gC_eps15_IMG1_LID1_STA1_CFC64_OH0,0124_2224,C,0.4775712192058563,-0.1720430701971054,0.5,-0.5,-12.777109304346329,37.028785008257955,2.2566122150734165,0.21612219315063333
1769290006.1622133,1769290006162222976,Sr02_gC_eps15_IMG1_LID1_STA1_CFC64_OH0,0124_2224,C,0.4775797426700592,-0.17205314338207245,0.5,-0.5,-12.777109304346329,37.028785008257955,2.2566122150734165,0.21612219315063333
1769290006.2948904,1769290006294901532,Sr02_gC_eps15_IMG1_LID1_STA1_CFC64_OH0,0124_2224,C,0.47522494196891785,-0.1778487265110016,0.5,-0.5,-12.777109304346329,37.028785008257955,2.2566122150734165,0.21612219315063333
1769290006.424625,1769290006424632822,Sr02_gC_eps15_IMG1_LID1_STA1_CFC64_OH0,0124_2224,C,0.4759543836116791,-0.1680511236190796,0.5,-0.5,-12.777109304346329,37.028785008257955,2.2566122150734165,0.21612219315063333
1769290006.553472,1769290006553480604,Sr02_gC_eps15_IMG1_LID1_STA1_CFC64_OH0,0124_2224,C,0.47657015919685364,-0.17888183891773224,0.5,-0.5,-12.777109304346329,37.028785008257955,2.2566122150734165,0.21612219315063333
1769290006.6833446,1769290006683353979,Sr02_gC_eps15_IMG1_LID1_STA1_CFC64_OH0,0124_2224,C,0.47643741965293884,-0.16832706332206726,0.5,-0.5,-12.777109304346329,37.028785008257955,2.2566122150734165,0.21612219315063333
1769290006.8156893,1769290006815697768,Sr02_gC_eps15_IMG1_LID1_STA1_CFC64_OH0,0124_2224,C,0.4764381945133209,-0.16832678020000458,0.5,-0.5,-12.777109304346329,37.028785008257955,2.2566122150734165,0.21612219315063333
1769290006.946225,1769290006946233867,Sr02_gC_eps15_IMG1_LID1_STA1_CFC64_OH0,0124_2224,C,0.4722474217414856,-0.21250268816947937,0.5,-0.5,-12.777109304346329,37.028785008257955,2.2566122150734165,0.21612219315063333
1769290007.0757709,1769290007075779378,Sr02_gC_eps15_IMG1_LID1_STA1_CFC64_OH0,0124_2224,C,0.460478276014328,-0.15243379771709442,0.5,-0.5,-12.777109304346329,37.028785008257955,2.2566122150734165,0.21612219315063333
1769290007.204722,1769290007204729853,Sr02_gC_eps15_IMG1_LID1_STA1_CFC64_OH0,0124_2224,C,0.4779488146305084,-0.1691189855337143,0.5,-0.5,-12.777109304346329,37.028785008257955,2.2566122150734165,0.21612219315063333
1769290007.3367944,1769290007336801702,Sr02_gC_eps15_IMG1_LID1_STA1_CFC64_OH0,0124_2224,C,0.4755706191062927,-0.15996672213077545,0.5,-0.5,-12.777109304346329,37.028785008257955,2.2566122150734165,0.21612219315063333
1769290007.4619734,1769290007461982316,Sr02_gC_eps15_IMG1_LID1_STA1_CFC64_OH0,0124_2224,C,0.47557055950164795,-0.15996667742729187,0.5,-0.5,-12.777109304346329,37.028785008257955,2.2566122150734165,0.21612219315063333
1769290007.589791,1769290007589798002,Sr02_gC_eps15_IMG1_LID1_STA1_CFC64_OH0,0124_2224,C,0.47618821263313293,-0.18559947609901428,0.5,-0.5,-12.777109304346329,37.028785008257955,2.2566122150734165,0.21612219315063333
1769290007.7172365,1769290007717245067,Sr02_gC_eps15_IMG1_LID1_STA1_CFC64_OH0,0124_2224,C,0.46417850255966187,-0.16971372067928314,0.5,-0.5,-12.777109304346329,37.028785008257955,2.2566122150734165,0.21612219315063333
1769290007.8476546,1769290007847665679,Sr02_gC_eps15_IMG1_LID1_STA1_CFC64_OH0,0124_2224,C,0.4772240221500397,-0.1722305715084076,0.5,-0.5,-12.777109304346329,37.028785008257955,2.2566122150734165,0.21612219315063333
1769290007.9706888,1769290007970696662,Sr02_gC_eps15_IMG1_LID1_STA1_CFC64_OH0,0124_2224,C,0.47722411155700684,-0.17223061621189117,0.5,-0.5,-12.777109304346329,37.028785008257955,2.2566122150734165,0.21612219315063333
1769290008.0965185,1769290008096528537,Sr02_gC_eps15_IMG1_LID1_STA1_CFC64_OH0,0124_2224,C,0.4760201871395111,-0.1626136749982834,0.5,-0.5,-12.777109304346329,37.028785008257955,2.2566122150734165,0.21612219315063333
1769290008.2186887,1769290008218697222,Sr02_gC_eps15_IMG1_LID1_STA1_CFC64_OH0,0124_2224,C,0.4754810333251953,-0.18114033341407776,0.5,-0.5,-12.777109304346329,37.028785008257955,2.2566122150734165,0.21612219315063333
1769290008.3433735,1769290008343382127,Sr02_gC_eps15_IMG1_LID1_STA1_CFC64_OH0,0124_2224,C,0.4713917374610901,-0.14831899106502533,0.5,-0.5,-12.777109304346329,37.028785008257955,2.2566122150734165,0.21612219315063333
1769290008.4786925,1769290008478702899,Sr02_gC_eps15_IMG1_LID1_STA1_CFC64_OH0,0124_2224,C,0.4713917076587677,-0.14831891655921936,0.5,-0.5,-12.777109304346329,37.028785008257955,2.2566122150734165,0.21612219315063333
1769290008.6115837,1769290008611596570,Sr02_gC_eps15_IMG1_LID1_STA1_CFC64_OH0,0124_2224,C,0.4767167866230011,-0.17432425916194916,0.5,-0.5,-12.777109304346329,37.028785008257955,2.2566122150734165,0.21612219315063333
1769290008.7377925,1769290008737804180,Sr02_gC_eps15_IMG1_LID1_STA1_CFC64_OH0,0124_2224,C,0.47687798738479614,-0.16467152535915375,0.5,-0.5,-12.777109304346329,37.028785008257955,2.2566122150734165,0.21612219315063333
1769290008.8629563,1769290008862963364,Sr02_gC_eps15_IMG1_LID1_STA1_CFC64_OH0,0124_2224,C,0.4782247841358185,-0.17092418670654297,0.5,-0.5,-12.777109304346329,37.028785008257955,2.2566122150734165,0.21612219315063333
1769290008.9938114,1769290008993819413,Sr02_gC_eps15_IMG1_LID1_STA1_CFC64_OH0,0124_2224,C,0.4735766351222992,-0.1690881997346878,0.5,-0.5,-12.777109304346329,37.028785008257955,2.2566122150734165,0.21612219315063333
1769290009.126195,1769290009126202957,Sr02_gC_eps15_IMG1_LID1_STA1_CFC64_OH0,0124_2224,C,0.4735766351222992,-0.1690881997346878,0.5,-0.5,-12.777109304346329,37.028785008257955,2.2566122150734165,0.21612219315063333
1769290009.257426,1769290009257434320,Sr02_gC_eps15_IMG1_LID1_STA1_CFC64_OH0,0124_2224,C,0.4772927761077881,-0.17045554518699646,0.5,-0.5,-12.777109304346329,37.028785008257955,2.2566122150734165,0.21612219315063333
1769290009.3879642,1769290009387971961,Sr02_gC_eps15_IMG1_LID1_STA1_CFC64_OH0,0124_2224,C,0.46928781270980835,-0.20431742072105408,0.5,-0.5,-12.777109304346329,37.028785008257955,2.2566122150734165,0.21612219315063333
1769290009.515972,1769290009515981862,Sr02_gC_eps15_IMG1_LID1_STA1_CFC64_OH0,0124_2224,C,0.46700429916381836,-0.18639034032821655,0.5,-0.5,-12.777109304346329,37.028785008257955,2.2566122150734165,0.21612219315063333
1769290009.6413734,1769290009641381567,Sr02_gC_eps15_IMG1_LID1_STA1_CFC64_OH0,0124_2224,C,0.46700429916381836,-0.18639034032821655,0.5,-0.5,-12.777109304346329,37.028785008257955,2.2566122150734165,0.21612219315063333
1769290009.7738748,1769290009773884024,Sr02_gC_eps15_IMG1_LID1_STA1_CFC64_OH0,0124_2224,C,0.4744498133659363,-0.17252348363399506,0.5,-0.5,-12.777109304346329,37.028785008257955,2.2566122150734165,0.21612219315063333
1769290009.9001493,1769290009900157057,Sr02_gC_eps15_IMG1_LID1_STA1_CFC64_OH0,0124_2224,C,0.47668206691741943,-0.16489456593990326,0.5,-0.5,-12.777109304346329,37.028785008257955,2.2566122150734165,0.21612219315063333
1769290010.0218194,1769290010021828469,Sr02_gC_eps15_IMG1_LID1_STA1_CFC64_OH0,0124_2224,C,0.46638691425323486,-0.21799461543560028,0.5,-0.5,-12.777109304346329,37.028785008257955,2.2566122150734165,0.21612219315063333
1769290010.1462433,1769290010146251733,Sr02_gC_eps15_IMG1_LID1_STA1_CFC64_OH0,0124_2224,C,0.470846951007843,-0.1758737564086914,0.5,-0.5,-12.777109304346329,37.028785008257955,2.2566122150734165,0.21612219315063333
1769290010.2731128,1769290010273120373,Sr02_gC_eps15_IMG1_LID1_STA1_CFC64_OH0,0124_2224,C,0.470846951007843,-0.1758737564086914,0.5,-0.5,-12.777109304346329,37.028785008257955,2.2566122150734165,0.21612219315063333
