t_unix,t_ros_ns,run_folder,run_id,goal_id,v_pred_lin,w_pred_ang,v_cmd_lin,w_cmd_ang,x,y,yaw,dist_to_goal
1767865180.125711,1767865180125719311,Sr02_gA_IMG1_LID1_STA0_CFC64_OH0,0108_1039,A,-0.06951801478862762,0.005032286513596773,0.0,0.0,-2.762422228417829e-15,-2.517359139906822e-24,-7.060447766966541e-12,33.80335215951223
1767865180.2450664,1767865180245074083,Sr02_gA_IMG1_LID1_STA0_CFC64_OH0,0108_1039,A,-0.06951801478862762,0.005032286513596773,0.0,0.0,-2.762422228417829e-15,-2.517359139906822e-24,-7.060447766966541e-12,33.80335215951223
1767865180.3689356,1767865180368943907,Sr02_gA_IMG1_LID1_STA0_CFC64_OH0,0108_1039,A,0.03470896929502487,-0.013627583160996437,0.0,0.0,-2.8764919037629422e-15,-2.51655375691647e-24,-7.060447945773575e-12,33.80335215951223
1767865180.4916656,1767865180491672885,Sr02_gA_IMG1_LID1_STA0_CFC64_OH0,0108_1039,A,-0.05482412129640579,0.007446960546076298,0.0,0.0,-2.9905189603928304e-15,-2.5157486748144445e-24,-7.060448061544414e-12,33.80335215951223
1767865180.6161044,1767865180616113919,Sr02_gA_IMG1_LID1_STA0_CFC64_OH0,0108_1039,A,-0.06695234030485153,-0.010039197281002998,0.0,0.0,-3.0666768478480854e-15,-2.5152109660058725e-24,-7.060448144074775e-12,33.80335215951223
1767865180.7378662,1767865180737874266,Sr02_gA_IMG1_LID1_STA0_CFC64_OH0,0108_1039,A,-0.0619761198759079,0.007742120884358883,0.0,0.0,5.748423293948891e-13,2.2966087471394673e-17,0.00010063977356237851,33.80335215951279
1767865180.8603153,1767865180860326832,Sr02_gA_IMG1_LID1_STA0_CFC64_OH0,0108_1039,A,-0.04907365143299103,0.001327847596257925,0.0,0.0,5.614330804503877e-13,1.374884374387515e-18,0.0006038560530881545,33.80335215951278
1767865180.9824686,1767865180982476776,Sr02_gA_IMG1_LID1_STA0_CFC64_OH0,0108_1039,A,-0.00950232706964016,0.002874108962714672,0.0,0.0,-2.0058479709888005e-12,-2.7369822270760975e-15,0.0007989064498897089,33.80335215951027
1767865181.1045127,1767865181104521000,Sr02_gA_IMG1_LID1_STA0_CFC64_OH0,0108_1039,A,-0.04188086837530136,-0.006751562003046274,0.0,0.0,-1.2174218621792178e-09,5.992239929201933e-13,-0.0005638367389566934,33.80335215832397
1767865181.2241476,1767865181224154589,Sr02_gA_IMG1_LID1_STA0_CFC64_OH0,0108_1039,A,-0.1019514799118042,-0.0009931590175256133,0.0,0.0,-1.416536663888916e-09,6.999261372538027e-13,2.8608899052691704e-05,33.80335215812963
1767865181.3422823,1767865181342290186,Sr02_gA_IMG1_LID1_STA0_CFC64_OH0,0108_1039,A,-0.09017004072666168,0.016454346477985382,0.0,0.0,-5.128027330325774e-09,3.224049159637304e-12,-0.0007974940069535215,33.8033521545069
1767865181.4643703,1767865181464380758,Sr02_gA_IMG1_LID1_STA0_CFC64_OH0,0108_1039,A,-0.0899127647280693,0.016488585621118546,0.0,0.0,-5.1481613589270475e-09,3.2390152295665323e-12,-2.329820169276966e-05,33.80335215448725
1767865181.5837379,1767865181583746550,Sr02_gA_IMG1_LID1_STA0_CFC64_OH0,0108_1039,A,-0.033918894827365875,0.0004580882377922535,0.0,0.0,-5.148961606032839e-09,3.238922566296711e-12,0.0003196137053859733,33.80335215448646
1767865181.6998508,1767865181699861950,Sr02_gA_IMG1_LID1_STA0_CFC64_OH0,0108_1039,A,-0.028125861659646034,0.00033506727777421474,0.0,0.0,-5.14891379483933e-09,3.2389355348938287e-12,0.0006070126030447924,33.80335215448651
1767865181.8196366,1767865181819643839,Sr02_gA_IMG1_LID1_STA0_CFC64_OH0,0108_1039,A,-0.028033224865794182,0.00036147632636129856,0.0,0.0,-5.150304703065447e-09,3.2381848353123385e-12,2.8130429036994655e-05,33.803352154485154
1767865181.9367726,1767865181936780268,Sr02_gA_IMG1_LID1_STA0_CFC64_OH0,0108_1039,A,-0.17541001737117767,-0.004867141600698233,0.0,0.0,-5.1496263985412536e-09,3.2380538595268315e-12,-0.0002935825920556976,33.80335215448582
1767865182.0562336,1767865182056241250,Sr02_gA_IMG1_LID1_STA0_CFC64_OH0,0108_1039,A,-0.08079686760902405,-0.007779886480420828,0.0,0.0,-5.1481615474912855e-09,3.2372179930088773e-12,0.0013518245598951831,33.80335215448725
1767865182.1738124,1767865182173820586,Sr02_gA_IMG1_LID1_STA0_CFC64_OH0,0108_1039,A,-0.35380974411964417,0.008810400031507015,-0.5,0.0,-5.151000517915175e-09,3.2284704517388444e-12,0.0036641103964207547,33.80335215448448
1767865182.2885232,1767865182288530780,Sr02_gA_IMG1_LID1_STA0_CFC64_OH0,0108_1039,A,-0.3537992835044861,0.008801480755209923,-0.5,0.0,-5.1518277446203946e-09,3.225435817499225e-12,0.0037099113868768806,33.80335215448367
1767865182.4088364,1767865182408842851,Sr02_gA_IMG1_LID1_STA0_CFC64_OH0,0108_1039,A,-0.06682315468788147,-0.0028572857845574617,0.0,0.0,-5.151844451410139e-09,3.2253737715723023e-12,0.0037434070124851204,33.803352154483655
1767865182.529711,1767865182529719298,Sr02_gA_IMG1_LID1_STA0_CFC64_OH0,0108_1039,A,-0.502134382724762,0.019576463848352432,-0.5,0.0,-5.152268562266359e-09,3.223775178315052e-12,0.003744802479979591,33.80335215448324
1767865182.648432,1767865182648441324,Sr02_gA_IMG1_LID1_STA0_CFC64_OH0,0108_1039,A,-0.5021368861198425,0.01959044858813286,-0.5,0.0,-5.152611032943711e-09,3.222526109850606e-12,0.0032581014700102102,33.8033521544829
1767865182.768727,1767865182768735341,Sr02_gA_IMG1_LID1_STA0_CFC64_OH0,0108_1039,A,-0.3976046144962311,0.06475342065095901,-0.5,0.0,-5.153185863167564e-09,3.220782319292738e-12,0.002509255024819669,33.80335215448235
1767865182.8845596,1767865182884567615,Sr02_gA_IMG1_LID1_STA0_CFC64_OH0,0108_1039,A,-0.4076584577560425,0.0017893975600600243,-0.5,0.0,-0.01384156869734485,-2.3940622942332173e-05,0.0014581532255558405,33.78984903506838
1767865183.0035121,1767865183003519676,Sr02_gA_IMG1_LID1_STA0_CFC64_OH0,0108_1039,A,-0.5191830396652222,0.13766448199748993,-0.5,0.0,-0.04441142836627779,-5.904303133612839e-05,0.0009072406592087469,33.76002373905135
1767865183.1264808,1767865183126488998,Sr02_gA_IMG1_LID1_STA0_CFC64_OH0,0108_1039,A,-0.5192049145698547,0.1376579999923706,-0.5,0.0,-0.07530690647900863,-8.082032266453822e-05,0.00048339128558669585,33.729879116266524
1767865183.2415862,1767865183241594028,Sr02_gA_IMG1_LID1_STA0_CFC64_OH0,0108_1039,A,-0.49776390194892883,0.2605149745941162,-0.5,0.5,-0.11472903439217068,-8.937065232860694e-05,3.130069078686781e-05,33.69141283407334
1767865183.3641653,1767865183364176199,Sr02_gA_IMG1_LID1_STA0_CFC64_OH0,0108_1039,A,-0.4692847728729248,0.1318424791097641,-0.5,0.0,-0.1609860073810456,-9.054763031410378e-05,0.0004974863390245932,33.646278308666574
1767865183.4879375,1767865183487945874,Sr02_gA_IMG1_LID1_STA0_CFC64_OH0,0108_1039,A,-0.4420306384563446,0.12755955755710602,-0.5,0.0,-0.23596256687363476,-0.0004225547816495048,0.008823960387457693,33.57320005821327
1767865183.6038263,1767865183603833614,Sr02_gA_IMG1_LID1_STA0_CFC64_OH0,0108_1039,A,-0.3387187123298645,-0.04837470129132271,-0.5,0.0,-0.28596057710249756,-0.0008682215262354843,0.009002925512220535,33.524521909130065
1767865183.7254126,1767865183725420864,Sr02_gA_IMG1_LID1_STA0_CFC64_OH0,0108_1039,A,-0.16454674303531647,-0.3093365728855133,0.0,-0.5,-0.3358388968907562,-0.001557896826494114,0.020330631383315603,33.47601814716365
1767865183.8470354,1767865183847043862,Sr02_gA_IMG1_LID1_STA0_CFC64_OH0,0108_1039,A,0.32594045996665955,-0.11903700977563858,0.5,0.0,-0.41079120280750236,-0.0038569933379822823,0.04130424911047748,33.40341779927453
1767865183.9655287,1767865183965536565,Sr02_gA_IMG1_LID1_STA0_CFC64_OH0,0108_1039,A,0.3931087851524353,-0.05353538319468498,0.5,0.0,-0.4606073677636024,-0.006503685580122838,0.06589686603645721,33.35541808005342
1767865184.0826302,1767865184082641044,Sr02_gA_IMG1_LID1_STA0_CFC64_OH0,0108_1039,A,0.12647539377212524,-0.10391140729188919,0.0,0.0,-0.535317383036861,-0.012364424339465292,0.08837119066338509,33.28386215190137
1767865184.2034802,1767865184203488716,Sr02_gA_IMG1_LID1_STA0_CFC64_OH0,0108_1039,A,-0.17930015921592712,-0.12796279788017273,0.0,0.0,-0.5850927752651298,-0.017094764604770996,0.10112712033240165,33.2363799646105
1767865184.3253195,1767865184325326981,Sr02_gA_IMG1_LID1_STA0_CFC64_OH0,0108_1039,A,-0.20079907774925232,-0.10624666512012482,-0.5,0.0,-0.6346770632196204,-0.022162882770849324,0.10012644888549216,33.18916671660372
1767865184.4419622,1767865184441969938,Sr02_gA_IMG1_LID1_STA0_CFC64_OH0,0108_1039,A,-0.1244567334651947,-0.29521095752716064,0.0,-0.5,-0.6940224098794124,-0.027945996902162137,0.09385978784947631,33.13260616040228
1767865184.5590303,1767865184559038760,Sr02_gA_IMG1_LID1_STA0_CFC64_OH0,0108_1039,A,-0.20574596524238586,-0.12173440307378769,-0.5,0.0,-0.70999987605167,-0.029429774694226318,0.09088644064263028,33.11736391922243
1767865184.6772037,1767865184677210686,Sr02_gA_IMG1_LID1_STA0_CFC64_OH0,0108_1039,A,-0.16301555931568146,-0.13374049961566925,0.0,0.0,-0.7007003784424811,-0.028606160005564762,0.08780611289700356,33.126244330669515
1767865184.792281,1767865184792288465,Sr02_gA_IMG1_LID1_STA0_CFC64_OH0,0108_1039,A,-0.09354282170534134,-0.12896037101745605,0.0,0.0,-0.6975345232119828,-0.028328920543495385,0.08300045798788616,33.12926827499554
1767865184.9117455,1767865184911756290,Sr02_gA_IMG1_LID1_STA0_CFC64_OH0,0108_1039,A,-0.6258846521377563,-0.2947116196155548,-0.5,-0.5,-0.6975345231533487,-0.028328920538324222,0.07020423438742251,33.12926827505154
1767865185.0314999,1767865185031507711,Sr02_gA_IMG1_LID1_STA0_CFC64_OH0,0108_1039,A,-0.45728906989097595,-0.34507378935813904,-0.5,-0.5,-0.7133406984192716,-0.029253614177142277,0.053843208181189796,33.11406821825615
1767865185.149361,1767865185149369060,Sr02_gA_IMG1_LID1_STA0_CFC64_OH0,0108_1039,A,-0.45355424284935,-0.34687355160713196,-0.5,-0.5,-0.7224860369115214,-0.029717010947081308,0.0441828999728649,33.10525783459239
1767865185.2644427,1767865185264454804,Sr02_gA_IMG1_LID1_STA0_CFC64_OH0,0108_1039,A,-0.381719172000885,-0.38825294375419617,-0.5,-0.5,-0.7344029940904446,-0.03013856807254218,0.03046716026143691,33.09373686122141
1767865185.3855472,1767865185385555225,Sr02_gA_IMG1_LID1_STA0_CFC64_OH0,0108_1039,A,-0.5922060608863831,-0.46302852034568787,-0.5,-0.5,-0.7556165377088253,-0.030662921740691587,0.015498200637152982,33.07317832741501
1767865185.5032854,1767865185503296186,Sr02_gA_IMG1_LID1_STA0_CFC64_OH0,0108_1039,A,-0.5311201810836792,-0.3586687743663788,-0.5,-0.5,-0.7557330904498448,-0.030664632945547773,0.003018146473462978,33.073065113990594
1767865185.62071,1767865185620717704,Sr02_gA_IMG1_LID1_STA0_CFC64_OH0,0108_1039,A,-0.5400568246841431,-0.35735559463500977,-0.5,-0.5,-0.7638720282669927,-0.030624530826125353,-0.00836343490360619,33.06512369348028
1767865185.736391,1767865185736398332,Sr02_gA_IMG1_LID1_STA0_CFC64_OH0,0108_1039,A,-0.3880499303340912,-0.3484918177127838,-0.5,-0.5,-0.8085957170748939,-0.029912189714084828,-0.020890749766624646,33.0213768153678
1767865185.8566425,1767865185856649358,Sr02_gA_IMG1_LID1_STA0_CFC64_OH0,0108_1039,A,-0.49793222546577454,-0.4339839220046997,-0.5,-0.5,-0.8532615733607795,-0.028679195104213982,-0.036606908131619466,32.97757209833437
1767865185.9763181,1767865185976324665,Sr02_gA_IMG1_LID1_STA0_CFC64_OH0,0108_1039,A,-0.49706730246543884,-0.4333743751049042,-0.5,-0.5,-0.9012463315314073,-0.026217886661477476,-0.06796031992842869,32.93025973434228
1767865186.0969791,1767865186096988871,Sr02_gA_IMG1_LID1_STA0_CFC64_OH0,0108_1039,A,-0.44278454780578613,-0.46310198307037354,-0.5,-0.5,-0.9758250885830627,-0.018715489746863708,-0.13461519182518128,32.85590305266799
1767865186.2186418,1767865186218650082,Sr02_gA_IMG1_LID1_STA0_CFC64_OH0,0108_1039,A,-0.5303406715393066,-0.46010130643844604,-0.5,-0.5,-1.0252298077413815,-0.011108667358985903,-0.1707113684233538,32.80605348572572
1767865186.3404856,1767865186340493176,Sr02_gA_IMG1_LID1_STA0_CFC64_OH0,0108_1039,A,-0.5590888857841492,-0.4324764907360077,-0.5,-0.5,-1.0987626536914117,0.0036078532684346754,-0.22416359873463632,32.731095028630946
1767865186.454275,1767865186454282299,Sr02_gA_IMG1_LID1_STA0_CFC64_OH0,0108_1039,A,-0.5516640543937683,-0.4426712691783905,-0.5,-0.5,-1.1473081564933252,0.015569495439829618,-0.2590127133500422,32.68110286259741
1767865186.569156,1767865186569163456,Sr02_gA_IMG1_LID1_STA0_CFC64_OH0,0108_1039,A,-0.5183524489402771,-0.5480136871337891,-0.5,-0.5,-1.1953128089224163,0.029373635083485856,-0.30161218346681185,32.63122309488789
1767865186.691075,1767865186691084548,Sr02_gA_IMG1_LID1_STA0_CFC64_OH0,0108_1039,A,-0.4884115159511566,-0.49526721239089966,-0.5,-0.5,-1.266152346101918,0.05396581080888019,-0.36692769064037245,32.556667795565836
1767865186.810473,1767865186810480367,Sr02_gA_IMG1_LID1_STA0_CFC64_OH0,0108_1039,A,-0.49008652567863464,-0.4956415593624115,-0.5,-0.5,-1.31239209147999,0.07297735832508769,-0.4132378110283764,32.50733919266964
1767865186.9352484,1767865186935256204,Sr02_gA_IMG1_LID1_STA0_CFC64_OH0,0108_1039,A,-0.4617646634578705,-0.5026068091392517,-0.5,-0.5,-1.357704768241528,0.09410364350617097,-0.45927787991491986,32.4584419088857
1767865187.0523517,1767865187052359059,Sr02_gA_IMG1_LID1_STA0_CFC64_OH0,0108_1039,A,-0.5063791275024414,-0.5161580443382263,-0.5,-0.5,-1.4237733571782583,0.12957086721600974,-0.5252542586774012,32.386109605996516
1767865187.1704166,1767865187170423723,Sr02_gA_IMG1_LID1_STA0_CFC64_OH0,0108_1039,A,-0.3918338418006897,-0.43139350414276123,-0.5,-0.5,-1.4664642184534111,0.15559166461483595,-0.5695213090049183,32.33868525483534
1767865187.289724,1767865187289731646,Sr02_gA_IMG1_LID1_STA0_CFC64_OH0,0108_1039,A,-0.39636150002479553,-0.42718154191970825,-0.5,-0.5,-1.5279378442265497,0.19840358990475665,-0.6481649559321332,32.26922119423885
1767865187.4056182,1767865187405625938,Sr02_gA_IMG1_LID1_STA0_CFC64_OH0,0108_1039,A,-0.3247066140174866,-0.30085569620132446,-0.5,-0.5,-1.567033840320451,0.2295643327310796,-0.6976916294662759,32.22418423135034
1767865187.5245857,1767865187524593257,Sr02_gA_IMG1_LID1_STA0_CFC64_OH0,0108_1039,A,-0.3895346224308014,-0.34533900022506714,-0.5,-0.5,-1.6045386158523616,0.26262306578355066,-0.7472557141149013,32.18029449116078
1767865187.645231,1767865187645238327,Sr02_gA_IMG1_LID1_STA0_CFC64_OH0,0108_1039,A,-0.37797796726226807,-0.3282056152820587,-0.5,-0.5,-1.657592760171009,0.3156098673800717,-0.8224376666280927,32.11687123588687
1767865187.7653794,1767865187765388322,Sr02_gA_IMG1_LID1_STA0_CFC64_OH0,0108_1039,A,-0.3396025002002716,-0.328864723443985,-0.5,-0.5,-1.6906540999215351,0.3531117686518182,-0.8740533908190712,32.076392451909555
1767865187.8868642,1767865187886872087,Sr02_gA_IMG1_LID1_STA0_CFC64_OH0,0108_1039,A,-0.37801748514175415,-0.30857473611831665,-0.5,-0.5,-1.7368412706503775,0.4121860791581792,-0.9395257797076444,32.018434735287464
1767865188.003149,1767865188003156566,Sr02_gA_IMG1_LID1_STA0_CFC64_OH0,0108_1039,A,-0.4150950014591217,-0.4166620969772339,-0.5,-0.5,-1.7654788377702748,0.45316789641793803,-0.9822438645531149,31.981592541742987
1767865188.122751,1767865188122758324,Sr02_gA_IMG1_LID1_STA0_CFC64_OH0,0108_1039,A,-0.490008145570755,-0.4678290784358978,-0.5,-0.5,-1.7925625168188286,0.4951595737423166,-1.013052951824661,31.946086188842372
1767865188.2429326,1767865188242940369,Sr02_gA_IMG1_LID1_STA0_CFC64_OH0,0108_1039,A,-0.38240543007850647,-0.3688318133354187,-0.5,-0.5,-1.8306453044016417,0.5597487536066137,-1.0637057597979007,31.89504129150663
1767865188.3641768,1767865188364184732,Sr02_gA_IMG1_LID1_STA0_CFC64_OH0,0108_1039,A,-0.4800337851047516,-0.3605390787124634,-0.5,-0.5,-1.8542055478396235,0.6038473958463648,-1.0965262581358846,31.86262978516862
1767865188.4866004,1767865188486608514,Sr02_gA_IMG1_LID1_STA0_CFC64_OH0,0108_1039,A,-0.5358263254165649,-0.3724839687347412,-0.5,-0.5,-1.87630482259995,0.6486959910881219,-1.1294060712202691,31.83153343026638
1767865188.6102204,1767865188610228035,Sr02_gA_IMG1_LID1_STA0_CFC64_OH0,0108_1039,A,-0.5261825919151306,-0.29463621973991394,-0.5,-0.5,-1.906721276660913,0.7172315695142815,-1.17666514068703,31.787386879661153
1767865188.7348182,1767865188734826937,Sr02_gA_IMG1_LID1_STA0_CFC64_OH0,0108_1039,A,-0.1808154582977295,-0.4767679274082184,0.0,-0.5,-1.9249633015416565,0.7637081527877176,-1.217503838650016,31.75984759254728
1767865188.8544607,1767865188854467870,Sr02_gA_IMG1_LID1_STA0_CFC64_OH0,0108_1039,A,-0.3322293758392334,-0.34838879108428955,-0.5,-0.5,-1.9484694612900282,0.8348918078410573,-1.285209790726357,31.72211259391155
1767865188.970349,1767865188970356621,Sr02_gA_IMG1_LID1_STA0_CFC64_OH0,0108_1039,A,-0.3496313989162445,-0.3243449032306671,-0.5,-0.5,-1.9616676499405807,0.8831154965091089,-1.322092926091938,31.69929251082446
1767865189.0862422,1767865189086250041,Sr02_gA_IMG1_LID1_STA0_CFC64_OH0,0108_1039,A,-0.27804794907569885,-0.08181197196245193,-0.5,0.0,-1.9781533874047679,0.9562717990009197,-1.376412581879316,31.668256169422165
1767865189.2024536,1767865189202461543,Sr02_gA_IMG1_LID1_STA0_CFC64_OH0,0108_1039,A,0.05396794527769089,-0.15533356368541718,0.0,0.0,-1.9868956849095407,1.0054986507258978,-1.413660908939858,31.649757615176103
1767865189.3183641,1767865189318372316,Sr02_gA_IMG1_LID1_STA0_CFC64_OH0,0108_1039,A,-0.016595831140875816,-0.3187079429626465,0.0,-0.5,-1.9939837577954556,1.0549803220215963,-1.4432529551767594,31.63289729822903
1767865189.437545,1767865189437552628,Sr02_gA_IMG1_LID1_STA0_CFC64_OH0,0108_1039,A,0.13077275454998016,-0.3128555715084076,0.0,-0.5,-2.0002685302761445,1.1121041534810525,-1.4813422730066352,31.61538055497736
1767865189.5564058,1767865189556412754,Sr02_gA_IMG1_LID1_STA0_CFC64_OH0,0108_1039,A,0.30891311168670654,-0.17270568013191223,0.5,0.0,-2.0033065229815037,1.150461865840654,-1.5001830936150005,31.604830550189043
1767865189.6787019,1767865189678708724,Sr02_gA_IMG1_LID1_STA0_CFC64_OH0,0108_1039,A,0.5229083299636841,-0.4056021273136139,0.5,-0.5,-2.006126275829624,1.1984014831395475,-1.5258063402070379,31.59266435694593
1767865189.7983997,1767865189798409610,Sr02_gA_IMG1_LID1_STA0_CFC64_OH0,0108_1039,A,0.4801589846611023,-0.4297979176044464,0.5,-0.5,-2.0082151585749255,1.2729178986712708,-1.5519402841540442,31.57614005153819
1767865189.9183316,1767865189918340330,Sr02_gA_IMG1_LID1_STA0_CFC64_OH0,0108_1039,A,0.49089953303337097,-0.489571213722229,0.5,-0.5,-2.0087950389693083,1.3101044344768351,-1.558741789491615,31.568410347239407
1767865190.0350583,1767865190035066494,Sr02_gA_IMG1_LID1_STA0_CFC64_OH0,0108_1039,A,0.45401620864868164,-0.4720790386199951,0.5,-0.5,-2.0089877634206497,1.331282839857108,-1.5683279061140674,31.56416186656298
1767865190.1538434,1767865190153851489,Sr02_gA_IMG1_LID1_STA0_CFC64_OH0,0108_1039,A,0.45964157581329346,-0.43841877579689026,0.5,-0.5,-2.008975257051734,1.3341694281392178,-1.589313055128753,31.5636219191919
1767865190.275168,1767865190275176394,Sr02_gA_IMG1_LID1_STA0_CFC64_OH0,0108_1039,A,0.46886301040649414,-0.4295129179954529,0.5,-0.5,-2.009282569716157,1.325177921036886,-1.612401600188308,31.565041266351937
1767865190.3946128,1767865190394620805,Sr02_gA_IMG1_LID1_STA0_CFC64_OH0,0108_1039,A,0.40174010396003723,-0.2991618514060974,0.5,-0.5,-2.011905554702933,1.279424754720419,-1.6386598850232021,31.571262995749912
1767865190.5193715,1767865190519381052,Sr02_gA_IMG1_LID1_STA0_CFC64_OH0,0108_1039,A,0.37614503502845764,-0.1455141305923462,0.5,0.0,-2.015427609279595,1.2348570698380046,-1.6627554856022293,31.576437689857666
1767865190.6367202,1767865190636728190,Sr02_gA_IMG1_LID1_STA0_CFC64_OH0,0108_1039,A,0.3633050322532654,-0.209156334400177,0.5,-0.5,-2.024367877818253,1.162448681821851,-1.727642322920247,31.581822790975583
1767865190.7588003,1767865190758809284,Sr02_gA_IMG1_LID1_STA0_CFC64_OH0,0108_1039,A,0.5112829208374023,-0.4953557550907135,0.5,-0.5,-2.033339830116803,1.113264932164725,-1.7745135836985373,31.582734480849307
1767865190.8805385,1767865190880545826,Sr02_gA_IMG1_LID1_STA0_CFC64_OH0,0108_1039,A,0.48484310507774353,-0.5006836652755737,0.5,-0.5,-2.0445253539085346,1.0645362619132674,-1.8183554242410342,31.581465421501754
1767865190.9984384,1767865190998449015,Sr02_gA_IMG1_LID1_STA0_CFC64_OH0,0108_1039,A,0.48696717619895935,-0.48307210206985474,0.5,-0.5,-2.0652182155207073,0.9925037616453377,-1.8811562884585613,31.575662042833837
1767865191.1179643,1767865191117971684,Sr02_gA_IMG1_LID1_STA0_CFC64_OH0,0108_1039,A,0.4793042540550232,-0.44993019104003906,0.5,-0.5,-2.0811957568112898,0.9451443809968869,-1.911130300583325,31.569619947194635
1767865191.2428133,1767865191242820468,Sr02_gA_IMG1_LID1_STA0_CFC64_OH0,0108_1039,A,0.48007145524024963,-0.2671259939670563,0.5,-0.5,-2.0983431223159537,0.8982960736244413,-1.92957855315887,31.562406071091782
1767865191.3604043,1767865191360412008,Sr02_gA_IMG1_LID1_STA0_CFC64_OH0,0108_1039,A,0.4534393548965454,-0.29934781789779663,0.5,-0.5,-2.125659831926687,0.8284847648173955,-1.9593055943245652,31.55007345899774
1767865191.4801657,1767865191480172727,Sr02_gA_IMG1_LID1_STA0_CFC64_OH0,0108_1039,A,0.5083845853805542,-0.37601837515830994,0.5,-0.5,-2.145073686939374,0.7830696910457635,-1.9944062117181371,31.54053667321748
1767865191.6005812,1767865191600590137,Sr02_gA_IMG1_LID1_STA0_CFC64_OH0,0108_1039,A,0.48152729868888855,-0.3615416884422302,0.5,-0.5,-2.1783834438640324,0.7159759839664441,-2.0687815015887523,31.52205938954223
1767865191.7149522,1767865191714960799,Sr02_gA_IMG1_LID1_STA0_CFC64_OH0,0108_1039,A,0.4892212748527527,-0.3363935351371765,0.5,-0.5,-2.2033177700059845,0.6726424769220885,-2.1170886703601193,31.506871926496643
1767865191.8395941,1767865191839600939,Sr02_gA_IMG1_LID1_STA0_CFC64_OH0,0108_1039,A,0.4733881652355194,-0.43655985593795776,0.5,-0.5,-2.2302460953977024,0.6305183360454454,-2.1620816545826225,31.48954984593072
1767865191.9614599,1767865191961466666,Sr02_gA_IMG1_LID1_STA0_CFC64_OH0,0108_1039,A,0.45988553762435913,-0.44050848484039307,0.5,-0.5,-2.2735889050268607,0.5695843186681803,-2.21052153849247,31.46033030415562
1767865192.0849922,1767865192085000786,Sr02_gA_IMG1_LID1_STA0_CFC64_OH0,0108_1039,A,0.5164027214050293,-0.4854453504085541,0.5,-0.5,-2.304033536010624,0.5299240436567112,-2.2404562474492287,31.439212603235426
1767865192.2061424,1767865192206150079,Sr02_gA_IMG1_LID1_STA0_CFC64_OH0,0108_1039,A,0.5362433791160583,-0.4108830690383911,0.5,-0.5,-2.352089174458965,0.4724066632068623,-2.2946664856292256,31.404894872244892
1767865192.3293521,1767865192329359706,Sr02_gA_IMG1_LID1_STA0_CFC64_OH0,0108_1039,A,0.5362851619720459,-0.5155326128005981,0.5,-0.5,-2.3858735616132902,0.43555096471959,-2.3308206082564684,31.380061737706182
1767865192.4499621,1767865192449970612,Sr02_gA_IMG1_LID1_STA0_CFC64_OH0,0108_1039,A,0.5079329609870911,-0.4765319228172302,0.5,-0.5,-2.4388507221347644,0.3825737297198358,-2.38324448310107,31.340167699119704
1767865192.5703855,1767865192570392550,Sr02_gA_IMG1_LID1_STA0_CFC64_OH0,0108_1039,A,0.4983082711696625,-0.44950544834136963,0.5,-0.5,-2.47588830016717,0.3489906936729929,-2.4269004005527757,31.31157819605296
1767865192.6898234,1767865192689831130,Sr02_gA_IMG1_LID1_STA0_CFC64_OH0,0108_1039,A,0.5043789744377136,-0.39867454767227173,0.5,-0.5,-2.514362472297383,0.3170636917612899,-2.47095119546537,31.28126940903071
1767865192.8081267,1767865192808134675,Sr02_gA_IMG1_LID1_STA0_CFC64_OH0,0108_1039,A,0.5374773740768433,-0.13640710711479187,0.5,0.0,-2.5747143527264957,0.2725844099053357,-2.542080895047927,31.23255419495705
1767865192.9281657,1767865192928173259,Sr02_gA_IMG1_LID1_STA0_CFC64_OH0,0108_1039,A,0.5320580005645752,-0.18456806242465973,0.5,0.0,-2.6165628047873204,0.24522833178241388,-2.583169179223908,31.198039351952808
1767865193.0439868,1767865193043995485,Sr02_gA_IMG1_LID1_STA0_CFC64_OH0,0108_1039,A,0.5514342188835144,-0.08263880014419556,0.5,0.0,-2.6814888554826757,0.20790627576924886,-2.6576036544157056,31.14339625724787
1767865193.1643686,1767865193164375885,Sr02_gA_IMG1_LID1_STA0_CFC64_OH0,0108_1039,A,0.48996540904045105,-0.13915809988975525,0.5,0.0,-2.726283632939343,0.18570369609745,-2.7052568094960834,31.104925585134552
1767865193.2879343,1767865193287941444,Sr02_gA_IMG1_LID1_STA0_CFC64_OH0,0108_1039,A,0.513879656791687,-0.13660208880901337,0.5,0.0,-2.7720585313915227,0.16559804206495088,-2.7502073233820985,31.06504790737912
1767865193.4072347,1767865193407242414,Sr02_gA_IMG1_LID1_STA0_CFC64_OH0,0108_1039,A,0.49060937762260437,-0.04133956506848335,0.5,0.0,-2.8422106723478624,0.13914743248336017,-2.8103691692145887,31.002972595147085
1767865193.5298297,1767865193529838491,Sr02_gA_IMG1_LID1_STA0_CFC64_OH0,0108_1039,A,0.507414698600769,-0.013815178535878658,0.5,0.0,-2.889371511220356,0.12352819766170504,-2.8298382228923087,30.960767308545243
1767865193.6505897,1767865193650597567,Sr02_gA_IMG1_LID1_STA0_CFC64_OH0,0108_1039,A,0.4970962107181549,0.006476826034486294,0.5,0.0,-2.9610083843934927,0.10147990112193372,-2.855736217749826,30.896305734567274
1767865193.768997,1767865193769005159,Sr02_gA_IMG1_LID1_STA0_CFC64_OH0,0108_1039,A,0.4913422763347626,-0.001894187880679965,0.5,0.0,-3.009028881748989,0.08758332443802919,-2.864032316468284,30.85291312295108
1767865193.8906767,1767865193890684083,Sr02_gA_IMG1_LID1_STA0_CFC64_OH0,0108_1039,A,0.5083844661712646,-0.036235511302948,0.5,0.0,-3.05719452475015,0.0742113102914316,-2.877732472741389,30.809275253047563
1767865194.0079596,1767865194007967250,Sr02_gA_IMG1_LID1_STA0_CFC64_OH0,0108_1039,A,0.5094167590141296,-0.09529071301221848,0.5,0.0,-3.129783743202015,0.05539897018324586,-2.897857911786692,30.743227293619537
1767865194.1258466,1767865194125856692,Sr02_gA_IMG1_LID1_STA0_CFC64_OH0,0108_1039,A,0.5055621266365051,-0.10465691238641739,0.5,0.0,-3.1783105206672477,0.043450307856182376,-2.9022468298852195,30.69894651767449
1767865194.2444007,1767865194244407835,Sr02_gA_IMG1_LID1_STA0_CFC64_OH0,0108_1039,A,0.4963972568511963,-0.023896805942058563,0.5,0.0,-3.2511951122166525,0.025763201507128155,-2.9041885426495995,30.632409978419304
1767865194.3644457,1767865194364454694,Sr02_gA_IMG1_LID1_STA0_CFC64_OH0,0108_1039,A,0.5146136283874512,-0.13250477612018585,0.5,0.0,-3.2997888852551758,0.013988448112259261,-2.9035408623090957,30.588066110704254
1767865194.4893765,1767865194489385314,Sr02_gA_IMG1_LID1_STA0_CFC64_OH0,0108_1039,A,0.5054985880851746,-0.059830110520124435,0.5,0.0,-3.3483799597584447,0.0022025601943333312,-2.9037302743818643,30.54374501881549
1767865194.6094058,1767865194609413117,Sr02_gA_IMG1_LID1_STA0_CFC64_OH0,0108_1039,A,0.5063303112983704,-0.06144589185714722,0.5,0.0,-3.4212938324576383,-0.015314430548823726,-2.9088443048458887,30.477230662103207
1767865194.7261105,1767865194726118793,Sr02_gA_IMG1_LID1_STA0_CFC64_OH0,0108_1039,A,0.4895661473274231,-0.0011433016043156385,0.5,0.0,-3.469998651855395,-0.02661500995784345,-2.918369117540955,30.432725197930356
1767865194.849484,1767865194849493011,Sr02_gA_IMG1_LID1_STA0_CFC64_OH0,0108_1039,A,0.4874773621559143,-0.009395379573106766,0.5,0.0,-3.5432297114836984,-0.04265527821885132,-2.9320683609145624,30.3656081514253
1767865194.9653397,1767865194965349571,Sr02_gA_IMG1_LID1_STA0_CFC64_OH0,0108_1039,A,0.4874204099178314,0.003912388812750578,0.5,0.0,-3.592137637403117,-0.05299332001006361,-2.9348271571607856,30.320712286355278
1767865195.0847821,1767865195084790205,Sr02_gA_IMG1_LID1_STA0_CFC64_OH0,0108_1039,A,0.4771401286125183,0.03855772316455841,0.5,0.0,-3.641076483207941,-0.06295238984619729,-2.9473947858456997,30.275709351801893
1767865195.1981661,1767865195198174043,Sr02_gA_IMG1_LID1_STA0_CFC64_OH0,0108_1039,A,0.5015096068382263,0.04326975718140602,0.5,0.0,-3.714731848528096,-0.07696985518777685,-2.958190186408104,30.207767459127325
1767865195.3148406,1767865195314852236,Sr02_gA_IMG1_LID1_STA0_CFC64_OH0,0108_1039,A,0.49652573466300964,0.024844810366630554,0.5,0.0,-3.763920994389976,-0.08593756086557974,-2.9643347651996503,30.162315196624377
1767865195.4371226,1767865195437130443,Sr02_gA_IMG1_LID1_STA0_CFC64_OH0,0108_1039,A,0.4959551692008972,0.023308049887418747,0.5,0.0,-3.8131336481793596,-0.09471239078869562,-2.9652613224487,30.116806759734455
1767865195.5569744,1767865195556981943,Sr02_gA_IMG1_LID1_STA0_CFC64_OH0,0108_1039,A,0.4977276921272278,0.0037075821310281754,0.5,0.0,-3.8869769514197743,-0.10783356082226263,-2.9662899887136485,30.048537022270743
1767865195.678384,1767865195678392460,Sr02_gA_IMG1_LID1_STA0_CFC64_OH0,0108_1039,A,0.4895320236682892,0.02177213877439499,0.5,0.0,-3.936208931075977,-0.11656349955776671,-2.965898753307403,30.003034336731428
1767865195.7987423,1767865195798751800,Sr02_gA_IMG1_LID1_STA0_CFC64_OH0,0108_1039,A,0.48949626088142395,0.0216926708817482,0.5,0.0,-4.010020391994577,-0.1298620709527394,-2.9603673463798175,29.934893587323142
1767865195.9170988,1767865195917106251,Sr02_gA_IMG1_LID1_STA0_CFC64_OH0,0108_1039,A,0.5038963556289673,-0.015454808250069618,0.5,0.0,-4.059182002945483,-0.13897973955079002,-2.956224617011585,29.889592528495687
1767865196.0386534,1767865196038661892,Sr02_gA_IMG1_LID1_STA0_CFC64_OH0,0108_1039,A,0.5007600784301758,0.008186820894479752,0.5,0.0,-4.108313925750963,-0.1482561913565861,-2.9537401361131663,29.844375210359967
1767865196.1658962,1767865196165906264,Sr02_gA_IMG1_LID1_STA0_CFC64_OH0,0108_1039,A,0.49913716316223145,0.01894177868962288,0.5,0.0,-4.181970014493406,-0.16239035463112014,-2.9506205604710254,29.77667387357376
1767865196.2822948,1767865196282305240,Sr02_gA_IMG1_LID1_STA0_CFC64_OH0,0108_1039,A,0.4984593689441681,0.009071841835975647,0.5,0.0,-4.231059260013612,-0.17189012455343106,-2.950249801701733,29.73159297325004
1767865196.4020178,1767865196402026484,Sr02_gA_IMG1_LID1_STA0_CFC64_OH0,0108_1039,A,0.4891427457332611,0.02578303962945938,0.5,0.0,-4.304669579211335,-0.1862607647828612,-2.9471670292944476,29.664054780539
1767865196.5190465,1767865196519054298,Sr02_gA_IMG1_LID1_STA0_CFC64_OH0,0108_1039,A,0.49722644686698914,0.02269750088453293,0.5,0.0,-4.353715455993452,-0.19597287911784594,-2.9453629540117436,29.619109662450697
1767865196.639453,1767865196639461479,Sr02_gA_IMG1_LID1_STA0_CFC64_OH0,0108_1039,A,0.5055736303329468,-0.0003004003083333373,0.5,0.0,-4.402763399052245,-0.20568361862883397,-2.9469084240487926,29.57417841707135
1767865196.761335,1767865196761342104,Sr02_gA_IMG1_LID1_STA0_CFC64_OH0,0108_1039,A,0.5002255439758301,0.011543684639036655,0.5,0.0,-4.4763409000729935,-0.2202214982783556,-2.9458092934548787,29.50679946444977
1767865196.88126,1767865196881269739,Sr02_gA_IMG1_LID1_STA0_CFC64_OH0,0108_1039,A,0.5005080103874207,-0.03329884260892868,0.5,0.0,-4.525376434555781,-0.2299946908706806,-2.9439151209752583,29.461937178456402
1767865197.0007994,1767865197000806484,Sr02_gA_IMG1_LID1_STA0_CFC64_OH0,0108_1039,A,0.5057366490364075,-0.01175578124821186,0.5,0.0,-4.598904044422667,-0.24478282122753464,-2.942121428552915,29.394732903979193
1767865197.1220236,1767865197122031020,Sr02_gA_IMG1_LID1_STA0_CFC64_OH0,0108_1039,A,0.5121766328811646,-0.007215399295091629,0.5,0.0,-4.647899804791598,-0.2547534667887761,-2.9395739834314787,29.350001978911813
1767865197.2452369,1767865197245243802,Sr02_gA_IMG1_LID1_STA0_CFC64_OH0,0108_1039,A,0.5023952126502991,0.020665064454078674,0.5,0.0,-4.696871550828376,-0.264841415024751,-2.9373042363980235,29.305341835906383
1767865197.3634415,1767865197363448952,Sr02_gA_IMG1_LID1_STA0_CFC64_OH0,0108_1039,A,0.5087056159973145,-0.02457791566848755,0.5,0.0,-4.770308863917334,-0.280071658826811,-2.9370008660208087,29.238429363433834
1767865197.481157,1767865197481169094,Sr02_gA_IMG1_LID1_STA0_CFC64_OH0,0108_1039,A,0.4935624897480011,-0.02038542926311493,0.5,0.0,-4.819260186800841,-0.290258286991428,-2.9358465019682636,29.193858228857895
1767865197.6047304,1767865197604738491,Sr02_gA_IMG1_LID1_STA0_CFC64_OH0,0108_1039,A,0.49170079827308655,-0.03173579275608063,0.5,0.0,-4.868206485759281,-0.30041306751081737,-2.9386588279237,29.149301172650397
1767865197.7209299,1767865197720938210,Sr02_gA_IMG1_LID1_STA0_CFC64_OH0,0108_1039,A,0.48648035526275635,-0.00030629674438387156,0.5,0.0,-4.941689470668311,-0.31542133421395474,-2.9410684994948646,29.08237824042317
1767865197.8419964,1767865197842004737,Sr02_gA_IMG1_LID1_STA0_CFC64_OH0,0108_1039,A,0.4878179132938385,-0.039220210164785385,0.5,0.0,-4.990691171791917,-0.3253628060152514,-2.9417900417185403,29.03775533215303
1767865197.9614563,1767865197961463295,Sr02_gA_IMG1_LID1_STA0_CFC64_OH0,0108_1039,A,0.4973577558994293,-0.031553588807582855,0.5,0.0,-5.064172750396234,-0.3403209333296647,-2.939629850464393,28.970886338361435
1767865198.0848143,1767865198084823135,Sr02_gA_IMG1_LID1_STA0_CFC64_OH0,0108_1039,A,0.49307483434677124,0.024649344384670258,0.5,0.0,-5.113168759946957,-0.3502903585899208,-2.942087624479902,28.92632043139733
1767865198.1991675,1767865198199176225,Sr02_gA_IMG1_LID1_STA0_CFC64_OH0,0108_1039,A,0.5047181844711304,-0.03585771098732948,0.5,0.0,-5.186703947204557,-0.36504064297903166,-2.945372435962642,28.859410645370637
1767865198.3187394,1767865198318747325,Sr02_gA_IMG1_LID1_STA0_CFC64_OH0,0108_1039,A,0.5040119886398315,0.0075047798454761505,0.5,0.0,-5.235759704230007,-0.37471175439775867,-2.9482317322823435,28.814751487594858
1767865198.4368114,1767865198436822028,Sr02_gA_IMG1_LID1_STA0_CFC64_OH0,0108_1039,A,0.512944221496582,0.00550811318680644,0.5,0.0,-5.284828045824131,-0.3843189150713303,-2.948262368602526,28.77008054445292
1767865198.5597243,1767865198559732359,Sr02_gA_IMG1_LID1_STA0_CFC64_OH0,0108_1039,A,0.5041945576667786,-0.013042225502431393,0.5,0.0,-5.358460838206548,-0.39854067867593196,-2.953580601434249,28.70302678164149
1767865198.6808863,1767865198680894006,Sr02_gA_IMG1_LID1_STA0_CFC64_OH0,0108_1039,A,0.5042656660079956,0.01083248108625412,0.5,0.0,-5.407594384268667,-0.40780848638714906,-2.956735955608919,28.658244892512002
1767865198.8032656,1767865198803273554,Sr02_gA_IMG1_LID1_STA0_CFC64_OH0,0108_1039,A,0.5138609409332275,-0.011333015747368336,0.5,0.0,-5.456726513791713,-0.4170236609207346,-2.9550100531491323,28.613467325359856
1767865198.9228656,1767865198922873218,Sr02_gA_IMG1_LID1_STA0_CFC64_OH0,0108_1039,A,0.5023437738418579,-0.008870302699506283,0.5,0.0,-5.5304214745046805,-0.4308317576733496,-2.9585702302737604,28.546332514765016
1767865199.0411615,1767865199041168468,Sr02_gA_IMG1_LID1_STA0_CFC64_OH0,0108_1039,A,0.49991947412490845,0.02500898763537407,0.5,0.0,-5.579582956688957,-0.4399503213763972,-2.957819765367747,28.5015435992141
1767865199.1584487,1767865199158455903,Sr02_gA_IMG1_LID1_STA0_CFC64_OH0,0108_1039,A,0.4944935739040375,0.0195624977350235,0.5,0.0,-5.653314449330365,-0.45368589672388726,-2.9573445746518554,28.434419000546658
1767865199.2807355,1767865199280746523,Sr02_gA_IMG1_LID1_STA0_CFC64_OH0,0108_1039,A,0.49307817220687866,0.008890964090824127,0.5,0.0,-5.702474120139281,-0.46281420951938207,-2.958648793968638,28.389678106505578
1767865199.3970728,1767865199397081318,Sr02_gA_IMG1_LID1_STA0_CFC64_OH0,0108_1039,A,0.5112781524658203,0.008679097518324852,0.5,0.0,-5.751634800444286,-0.4719370901402058,-2.9575655659006426,28.344952317452268
1767865199.518116,1767865199518125353,Sr02_gA_IMG1_LID1_STA0_CFC64_OH0,0108_1039,A,0.5085150003433228,0.01184100192040205,0.5,0.0,-5.825374362872788,-0.4856292442756283,-2.9587975635793318,28.27790033768415
1767865199.6384232,1767865199638431592,Sr02_gA_IMG1_LID1_STA0_CFC64_OH0,0108_1039,A,0.4982776939868927,0.024825435131788254,0.5,0.0,-5.874545356713459,-0.4946963763353945,-2.959684592923142,28.233193408914477
1767865199.7518082,1767865199751815771,Sr02_gA_IMG1_LID1_STA0_CFC64_OH0,0108_1039,A,0.49615246057510376,0.01775551587343216,0.5,0.0,-5.948286839504972,-0.5083779974508258,-2.9563809949623905,28.166203433089265
1767865199.8654637,1767865199865473596,Sr02_gA_IMG1_LID1_STA0_CFC64_OH0,0108_1039,A,0.4903966784477234,0.018876615911722183,0.5,0.0,-5.997422663486103,-0.5176337895438373,-2.954424748065428,28.121627861212215
1767865199.9877186,1767865199987726625,Sr02_gA_IMG1_LID1_STA0_CFC64_OH0,0108_1039,A,0.3848745822906494,0.09710083901882172,0.5,0.0,-6.046545275946261,-0.5269594778934704,-2.9535356449446803,28.07710290080748
1767865200.1050131,1767865200105021334,Sr02_gA_IMG1_LID1_STA0_CFC64_OH0,0108_1039,A,0.3724236786365509,0.11813593655824661,0.5,0.0,-6.120213752970085,-0.5410290896819165,-2.9521979277131316,28.010387818550804
1767865200.2244585,1767865200224466266,Sr02_gA_IMG1_LID1_STA0_CFC64_OH0,0108_1039,A,0.4887184500694275,0.0075889937579631805,0.5,0.0,-6.169314083628661,-0.5504713838993696,-2.9510138301314,27.96596363595701
1767865200.343387,1767865200343394231,Sr02_gA_IMG1_LID1_STA0_CFC64_OH0,0108_1039,A,0.5022604465484619,0.010500941425561905,0.5,0.0,-6.218398187197247,-0.5599976219942895,-2.948661144733965,27.92159771221025
1767865200.4626527,1767865200462660125,Sr02_gA_IMG1_LID1_STA0_CFC64_OH0,0108_1039,A,0.487654447555542,0.0011747409589588642,0.5,0.0,-6.291985489903727,-0.5744857097850893,-2.9458339969725875,27.85517853936589
1767865200.579901,1767865200579908216,Sr02_gA_IMG1_LID1_STA0_CFC64_OH0,0108_1039,A,0.4885646104812622,0.007708503864705563,0.5,0.0,-6.341021297671809,-0.5842575313684056,-2.9439463385353255,27.810977141109245
1767865200.6946464,1767865200694654218,Sr02_gA_IMG1_LID1_STA0_CFC64_OH0,0108_1039,A,0.4883263409137726,0.03459450975060463,0.5,0.0,-6.38998036443409,-0.5942480975355846,-2.935582324443213,27.766931680210522
1767865200.8159554,1767865200815963613,Sr02_gA_IMG1_LID1_STA0_CFC64_OH0,0108_1039,A,0.4831918179988861,0.003943543415516615,0.5,0.0,-6.463249926185948,-0.6102071298256018,-2.9186932535551255,27.70134342661352
1767865200.9355636,1767865200935571303,Sr02_gA_IMG1_LID1_STA0_CFC64_OH0,0108_1039,A,0.49243974685668945,-0.00332363648340106,0.5,0.0,-6.511951816485125,-0.6212909167893568,-2.917401577131579,27.65791121136366
1767865201.056567,1767865201056574630,Sr02_gA_IMG1_LID1_STA0_CFC64_OH0,0108_1039,A,0.4982268512248993,0.0073732733726501465,0.5,0.0,-6.560694989534342,-0.6324310486502762,-2.916380606363133,27.61447784644736
1767865201.180321,1767865201180328796,Sr02_gA_IMG1_LID1_STA0_CFC64_OH0,0108_1039,A,0.48644688725471497,0.0012604529038071632,0.5,0.0,-6.633795295362239,-0.6492043760136341,-2.9159246028147106,27.549401762755792
1767865201.3021193,1767865201302126345,Sr02_gA_IMG1_LID1_STA0_CFC64_OH0,0108_1039,A,0.48457956314086914,-0.020315594971179962,0.5,0.0,-6.682523217575546,-0.6604110327883342,-2.915153758688654,27.506058289806735
1767865201.4241183,1767865201424126346,Sr02_gA_IMG1_LID1_STA0_CFC64_OH0,0108_1039,A,0.4748934507369995,0.030465073883533478,0.5,0.0,-6.755569728750072,-0.6774167703060495,-2.9108464675936587,27.441186326085067
1767865201.5420225,1767865201542029975,Sr02_gA_IMG1_LID1_STA0_CFC64_OH0,0108_1039,A,0.5037727355957031,-0.007559685967862606,0.5,0.0,-6.8042422701424,-0.6888615667196168,-2.9104521120790556,27.398022760817035
1767865201.658336,1767865201658343609,Sr02_gA_IMG1_LID1_STA0_CFC64_OH0,0108_1039,A,0.49927952885627747,0.009860003367066383,0.5,0.0,-6.877251425581584,-0.7060273011211081,-2.9106297524131257,27.333320343668312
1767865201.7811635,1767865201781175122,Sr02_gA_IMG1_LID1_STA0_CFC64_OH0,0108_1039,A,0.5035390853881836,-0.010565727949142456,0.5,0.0,-6.925919519654834,-0.7174909911466801,-2.909892426458466,27.29022503941426
1767865201.901186,1767865201901194319,Sr02_gA_IMG1_LID1_STA0_CFC64_OH0,0108_1039,A,0.5066665410995483,-0.0371873714029789,0.5,0.0,-6.974582661504064,-0.7289756898782886,-2.9097663766967163,27.247164300242407
1767865202.0233567,1767865202023363951,Sr02_gA_IMG1_LID1_STA0_CFC64_OH0,0108_1039,A,0.5043474435806274,-0.022438831627368927,0.5,0.0,-7.04758448166527,-0.7461239013967935,-2.9120003893140645,27.182587410293348
1767865202.1421795,1767865202142186948,Sr02_gA_IMG1_LID1_STA0_CFC64_OH0,0108_1039,A,0.5016770362854004,-0.004906191490590572,0.5,0.0,-7.09625503347938,-0.7575770714519527,-2.9089539046828543,27.13956964625945
1767865202.264543,1767865202264552028,Sr02_gA_IMG1_LID1_STA0_CFC64_OH0,0108_1039,A,0.5037543773651123,-0.00760326674208045,0.5,0.0,-7.169234164649123,-0.7748572923486097,-2.909174551978007,27.07514366332381
1767865202.3875065,1767865202387515139,Sr02_gA_IMG1_LID1_STA0_CFC64_OH0,0108_1039,A,0.494503915309906,-0.006804673932492733,0.5,0.0,-7.21788408983092,-0.7863978408728598,-2.9081885535416454,27.03223215159735
1767865202.5052423,1767865202505249940,Sr02_gA_IMG1_LID1_STA0_CFC64_OH0,0108_1039,A,0.49961069226264954,-0.005923101678490639,0.5,0.0,-7.2665344217448125,-0.7979366733420787,-2.9092451089787046,26.98934413510213
1767865202.6203656,1767865202620373676,Sr02_gA_IMG1_LID1_STA0_CFC64_OH0,0108_1039,A,0.5018064975738525,-0.0006012294325046241,0.5,0.0,-7.339558276882339,-0.8150393741505979,-2.914143276183513,26.924949551776866
1767865202.7451057,1767865202745113614,Sr02_gA_IMG1_LID1_STA0_CFC64_OH0,0108_1039,A,0.5020406246185303,0.01892172545194626,0.5,0.0,-7.388283118028598,-0.8262593781252424,-2.9163871588182846,26.88195468609716
1767865202.8675883,1767865202867597069,Sr02_gA_IMG1_LID1_STA0_CFC64_OH0,0108_1039,A,0.4995695948600769,-1.416914165019989e-05,0.5,0.0,-7.461398280284791,-0.842967820308295,-2.9173523653817988,26.81744414015114
1767865202.9915607,1767865202991567734,Sr02_gA_IMG1_LID1_STA0_CFC64_OH0,0108_1039,A,0.49903589487075806,-0.024377673864364624,0.5,0.0,-7.510150665367092,-0.8540675730681343,-2.9181126906524604,26.774446917924887
1767865203.1102445,1767865203110252239,Sr02_gA_IMG1_LID1_STA0_CFC64_OH0,0108_1039,A,0.49803900718688965,-0.018530715256929398,0.5,0.0,-7.558911034253975,-0.865132201961242,-2.9187931575438353,26.731455640509356
1767865203.2315052,1767865203231514947,Sr02_gA_IMG1_LID1_STA0_CFC64_OH0,0108_1039,A,0.5046629309654236,0.007149023935198784,0.5,0.0,-7.632064738789852,-0.8816710790064217,-2.919592819919085,26.666984074266022
1767865203.3548665,1767865203354873796,Sr02_gA_IMG1_LID1_STA0_CFC64_OH0,0108_1039,A,0.5082216262817383,0.012086838483810425,0.5,0.0,-7.680838020379589,-0.892678653002218,-2.9196529430796665,26.624024036837152
1767865203.479505,1767865203479513686,Sr02_gA_IMG1_LID1_STA0_CFC64_OH0,0108_1039,A,0.49567142128944397,-0.02184084802865982,0.5,0.0,-7.753978468257914,-0.9092759667164065,-2.917388636978444,26.559675481948542
1767865203.5997515,1767865203599760323,Sr02_gA_IMG1_LID1_STA0_CFC64_OH0,0108_1039,A,0.5104496479034424,-0.013938440009951591,0.5,0.0,-7.802727042391049,-0.9203924501061465,-2.91739005276712,26.516834815767037
1767865203.7203882,1767865203720395585,Sr02_gA_IMG1_LID1_STA0_CFC64_OH0,0108_1039,A,0.49768850207328796,0.008502091281116009,0.5,0.0,-7.875879950626245,-0.9369346790320111,-2.920871275129269,26.452550789448367
1767865203.8398218,1767865203839829646,Sr02_gA_IMG1_LID1_STA0_CFC64_OH0,0108_1039,A,0.5000860691070557,-0.013221720233559608,0.5,0.0,-7.924676911068711,-0.9478367737728232,-2.9224675609280304,26.409659549943537
1767865203.960443,1767865203960451182,Sr02_gA_IMG1_LID1_STA0_CFC64_OH0,0108_1039,A,0.4936535060405731,-0.011461321264505386,0.5,0.0,-7.973477419144064,-0.9587230030671491,-2.9217526651746835,26.36678497667824
1767865204.0762331,1767865204076240847,Sr02_gA_IMG1_LID1_STA0_CFC64_OH0,0108_1039,A,0.504010796546936,0.003577273804694414,0.5,0.0,-8.046659174671543,-0.9751372821580497,-2.920377659852127,26.302565267296973
1767865204.1909204,1767865204190932145,Sr02_gA_IMG1_LID1_STA0_CFC64_OH0,0108_1039,A,0.4951009750366211,0.018724676221609116,0.5,0.0,-8.095452692301523,-0.986054760170074,-2.9225617338546908,26.25977041866911
1767865204.3105388,1767865204310546508,Sr02_gA_IMG1_LID1_STA0_CFC64_OH0,0108_1039,A,0.4808201789855957,0.05281992629170418,0.5,0.0,-8.144266481373341,-0.9968812675198159,-2.92403460557374,26.216952825137152
1767865204.430112,1767865204430119712,Sr02_gA_IMG1_LID1_STA0_CFC64_OH0,0108_1039,A,0.4524381458759308,0.06794648617506027,0.5,0.0,-8.217498017941542,-1.013072031886119,-2.923432525976663,26.152748242220262
1767865204.5499132,1767865204549928612,Sr02_gA_IMG1_LID1_STA0_CFC64_OH0,0108_1039,A,0.4961686134338379,-0.02083909884095192,0.5,0.0,-8.26632002010891,-1.0238614444184742,-2.924754679214466,26.109974811848137
1767865204.6727626,1767865204672769422,Sr02_gA_IMG1_LID1_STA0_CFC64_OH0,0108_1039,A,0.5003114342689514,0.004382463172078133,0.5,0.0,-8.339577993614478,-1.0399321395529024,-2.9263587064600234,26.0458026689731
1767865204.7923934,1767865204792401188,Sr02_gA_IMG1_LID1_STA0_CFC64_OH0,0108_1039,A,0.5082483291625977,0.002472825348377228,0.5,0.0,-8.38842240223442,-1.0506196744884642,-2.926000982868516,26.003039481357323
1767865204.912529,1767865204912536514,Sr02_gA_IMG1_LID1_STA0_CFC64_OH0,0108_1039,A,0.49601438641548157,-0.0016706821043044329,0.5,0.0,-8.437254856108744,-1.061361666915361,-2.9241285298997037,25.9603311482316
1767865205.0282536,1767865205028260825,Sr02_gA_IMG1_LID1_STA0_CFC64_OH0,0108_1039,A,0.491024911403656,-0.02662603184580803,0.5,0.0,-8.51043395694464,-1.0777869702087106,-2.9167362268912744,25.896485259364116
1767865205.151383,1767865205151390852,Sr02_gA_IMG1_LID1_STA0_CFC64_OH0,0108_1039,A,0.49063074588775635,0.004899308551102877,0.5,0.0,-8.559137011039255,-1.0891007929524859,-2.909941592609546,25.854152039466467
1767865205.267899,1767865205267907250,Sr02_gA_IMG1_LID1_STA0_CFC64_OH0,0108_1039,A,0.491071492433548,-0.003761909669265151,0.5,0.0,-8.632102661132535,-1.1063085167554412,-2.9109683561907205,25.790865560529305
1767865205.3901212,1767865205390130392,Sr02_gA_IMG1_LID1_STA0_CFC64_OH0,0108_1039,A,0.4967886507511139,0.01899072900414467,0.5,0.0,-8.680776346066487,-1.1177484484851343,-2.9105301120863,25.748670660901666
1767865205.5101273,1767865205510135824,Sr02_gA_IMG1_LID1_STA0_CFC64_OH0,0108_1039,A,0.4991185963153839,-0.004297893960028887,0.5,0.0,-8.72944610719703,-1.1292050632435677,-2.910282828494664,25.70651297342802
1767865205.6298182,1767865205629826370,Sr02_gA_IMG1_LID1_STA0_CFC64_OH0,0108_1039,A,0.4922393560409546,0.00434621749445796,0.5,0.0,-8.802449590887429,-1.1463949036565881,-2.9107000965262655,25.643332012963835
1767865205.750792,1767865205750799891,Sr02_gA_IMG1_LID1_STA0_CFC64_OH0,0108_1039,A,0.49981069564819336,0.003172242548316717,0.5,0.0,-8.851137889593648,-1.1577724154556002,-2.9133626900393867,25.601201161310943
1767865205.8737247,1767865205873737384,Sr02_gA_IMG1_LID1_STA0_CFC64_OH0,0108_1039,A,0.47935983538627625,-0.0037820490542799234,0.5,0.0,-8.924192145804167,-1.1747451803651943,-2.9131162899375016,25.53800627242217
1767865205.9931457,1767865205993153151,Sr02_gA_IMG1_LID1_STA0_CFC64_OH0,0108_1039,A,0.5050119757652283,0.010492372326552868,0.5,0.0,-8.972894902658542,-1.1860607063487163,-2.913492479775402,25.495912088019207
1767865206.1118166,1767865206111824091,Sr02_gA_IMG1_LID1_STA0_CFC64_OH0,0108_1039,A,0.4932435154914856,0.007522189989686012,0.5,0.0,-9.021589022456185,-1.1974133108530616,-2.911593427391362,25.453867122198023
1767865206.235008,1767865206235015844,Sr02_gA_IMG1_LID1_STA0_CFC64_OH0,0108_1039,A,0.5027999877929688,-0.003978278022259474,0.5,0.0,-9.094612038341193,-1.2145199851174056,-2.91168588471277,25.390897134592226
1767865206.3532712,1767865206353280555,Sr02_gA_IMG1_LID1_STA0_CFC64_OH0,0108_1039,A,0.5017525553703308,0.021370891481637955,0.5,0.0,-9.143293939901108,-1.2259249009089126,-2.9112512655157516,25.348953779838588
1767865206.4743223,1767865206474330170,Sr02_gA_IMG1_LID1_STA0_CFC64_OH0,0108_1039,A,0.492125928401947,0.022532515227794647,0.5,0.0,-9.216308961307618,-1.243065666549643,-2.9109027699788155,25.286112413847988
1767865206.5950298,1767865206595039382,Sr02_gA_IMG1_LID1_STA0_CFC64_OH0,0108_1039,A,0.5025004744529724,0.025836575776338577,0.5,0.0,-9.264986563226994,-1.2544889202263219,-2.9112809738531693,25.244252846996748
1767865206.71474,1767865206714751178,Sr02_gA_IMG1_LID1_STA0_CFC64_OH0,0108_1039,A,0.5016714930534363,-0.003596595488488674,0.5,0.0,-9.313660327899498,-1.2659285044163973,-2.910231749259394,25.20243215241035
1767865206.8339067,1767865206833913386,Sr02_gA_IMG1_LID1_STA0_CFC64_OH0,0108_1039,A,0.5030052065849304,0.01296592503786087,0.5,0.0,-9.386651358481805,-1.2831711301553759,-2.909159014926027,25.1398042002632
1767865206.9585428,1767865206958551413,Sr02_gA_IMG1_LID1_STA0_CFC64_OH0,0108_1039,A,0.4934079349040985,-0.004170618019998074,0.5,0.0,-9.435309079904401,-1.2946787709176388,-2.909556839627479,25.098097041798546
1767865207.0821247,1767865207082134886,Sr02_gA_IMG1_LID1_STA0_CFC64_OH0,0108_1039,A,0.5023301839828491,0.006088492460548878,0.5,0.0,-9.508275552830753,-1.3120249062629248,-2.90658149020899,25.035641489997015
1767865207.2021282,1767865207202137012,Sr02_gA_IMG1_LID1_STA0_CFC64_OH0,0108_1039,A,0.5003569722175598,0.031146302819252014,0.5,0.0,-9.556887978769257,-1.3237223704945096,-2.904328242440477,24.994119077126847
1767865207.3239245,1767865207323939660,Sr02_gA_IMG1_LID1_STA0_CFC64_OH0,0108_1039,A,0.5022488236427307,-0.0001875662710517645,0.5,0.0,-9.62975405521273,-1.3414854943405692,-2.9013357365984453,24.932018862457866
1767865207.4431536,1767865207443161069,Sr02_gA_IMG1_LID1_STA0_CFC64_OH0,0108_1039,A,0.4976097047328949,-0.004201544914394617,0.5,0.0,-9.678319935867123,-1.3533747709077066,-2.9015297792837274,24.890685509135388
1767865207.5659413,1767865207565950432,Sr02_gA_IMG1_LID1_STA0_CFC64_OH0,0108_1039,A,0.4828468859195709,0.022937949746847153,0.5,0.0,-9.72687836354463,-1.3652944367708892,-2.9002331924291465,24.849401671127456
1767865207.68517,1767865207685177713,Sr02_gA_IMG1_LID1_STA0_CFC64_OH0,0108_1039,A,0.48626193404197693,0.007905314676463604,0.5,0.0,-9.799706978176218,-1.3832106869263214,-2.900584820573389,24.78755752373914
1767865207.8065505,1767865207806557943,Sr02_gA_IMG1_LID1_STA0_CFC64_OH0,0108_1039,A,0.48794132471084595,-0.014218614436686039,0.5,0.0,-9.848258234954567,-1.3951595392171905,-2.899975974508787,24.746371246924497
1767865207.9228358,1767865207922843574,Sr02_gA_IMG1_LID1_STA0_CFC64_OH0,0108_1039,A,0.49677878618240356,-0.012315822765231133,0.5,0.0,-9.921042626128541,-1.413254360754793,-2.896181287833917,24.68475363602674
1767865208.0417447,1767865208041752303,Sr02_gA_IMG1_LID1_STA0_CFC64_OH0,0108_1039,A,0.5034935474395752,-0.010748893022537231,0.5,0.0,-9.969544610131079,-1.4254016744770563,-2.8962000425717895,24.643766026826025
1767865208.1556816,1767865208155689707,Sr02_gA_IMG1_LID1_STA0_CFC64_OH0,0108_1039,A,0.500166654586792,0.015094510279595852,0.5,0.0,-10.018049258364824,-1.4375383439492304,-2.8966201933045332,24.6028054491852
1767865208.2783446,1767865208278352841,Sr02_gA_IMG1_LID1_STA0_CFC64_OH0,0108_1039,A,0.49819469451904297,-0.006718769203871489,0.5,0.0,-10.090787983183562,-1.4558159890149798,-2.8938726340470953,24.541470555690736
1767865208.4031742,1767865208403181969,Sr02_gA_IMG1_LID1_STA0_CFC64_OH0,0108_1039,A,0.4992520809173584,-0.0055917901918292046,0.5,0.0,-10.139256828142415,-1.468094857897661,-2.8930821006698237,24.500678747811172
1767865208.5211945,1767865208521201918,Sr02_gA_IMG1_LID1_STA0_CFC64_OH0,0108_1039,A,0.49100834131240845,-0.00311457272619009,0.5,0.0,-10.211968451899546,-1.4864800973696166,-2.894955579060402,24.439535404570773
1767865208.641366,1767865208641373965,Sr02_gA_IMG1_LID1_STA0_CFC64_OH0,0108_1039,A,0.5018225312232971,0.00696134939789772,0.5,0.0,-10.260462891247142,-1.4986574830315995,-2.8961714910288316,24.39876859779088
1767865208.7570207,1767865208757028093,Sr02_gA_IMG1_LID1_STA0_CFC64_OH0,0108_1039,A,0.505674421787262,0.019080914556980133,0.5,0.0,-10.308971161997718,-1.5107796573849377,-2.8972463789068486,24.358003185868743
1767865208.8802085,1767865208880217732,Sr02_gA_IMG1_LID1_STA0_CFC64_OH0,0108_1039,A,0.49494802951812744,0.010837790556252003,0.5,0.0,-10.381727814096516,-1.528985888402402,-2.8956769089323013,24.29693351862328
1767865208.994424,1767865208994431979,Sr02_gA_IMG1_LID1_STA0_CFC64_OH0,0108_1039,A,0.49501898884773254,0.012599186040461063,0.5,0.0,-10.430227636400499,-1.5411418262677685,-2.8963487834599357,24.25627488966168
1767865209.1138783,1767865209113887061,Sr02_gA_IMG1_LID1_STA0_CFC64_OH0,0108_1039,A,0.507197916507721,0.006429033353924751,0.5,0.0,-10.47873506192725,-1.5532673895904405,-2.896919232198581,24.215632970738163
1767865209.2376244,1767865209237632170,Sr02_gA_IMG1_LID1_STA0_CFC64_OH0,0108_1039,A,0.5070711970329285,0.006850794889032841,0.5,0.0,-10.551506313408494,-1.571415230822735,-2.897335210014309,24.154711546362254
1767865209.3542106,1767865209354218720,Sr02_gA_IMG1_LID1_STA0_CFC64_OH0,0108_1039,A,0.49959224462509155,0.013372207060456276,0.5,0.0,-10.600017956148088,-1.5835239095614373,-2.896639078359703,24.114147451222316
1767865209.4788384,1767865209478846257,Sr02_gA_IMG1_LID1_STA0_CFC64_OH0,0108_1039,A,0.5001002550125122,-0.0032280990853905678,0.5,0.0,-10.67275531236876,-1.601807034889259,-2.8940630069763373,24.0534406616898
1767865209.6012702,1767865209601278354,Sr02_gA_IMG1_LID1_STA0_CFC64_OH0,0108_1039,A,0.4986127018928528,-0.00030215957667678595,0.5,0.0,-10.721224693395017,-1.6140837828776253,-2.892979229204383,24.01306784905014
1767865209.719206,1767865209719214736,Sr02_gA_IMG1_LID1_STA0_CFC64_OH0,0108_1039,A,0.5020066499710083,-0.001300451927818358,0.5,0.0,-10.769679653857127,-1.6264173208486743,-2.8917193140088457,23.97276600999796
1767865209.8385322,1767865209838539952,Sr02_gA_IMG1_LID1_STA0_CFC64_OH0,0108_1039,A,0.4947645366191864,0.0068144844844937325,0.5,0.0,-10.842339333203572,-1.645006828724689,-2.8906273356341594,23.912436635282575
1767865209.9602606,1767865209960268740,Sr02_gA_IMG1_LID1_STA0_CFC64_OH0,0108_1039,A,0.501003086566925,-0.0075676473788917065,0.5,0.0,-10.890768730392566,-1.6574403750058184,-2.8899422573556084,23.87228820566749
1767865210.0813808,1767865210081389950,Sr02_gA_IMG1_LID1_STA0_CFC64_OH0,0108_1039,A,0.5009839534759521,-0.007515001110732555,0.5,0.0,-10.963389254643555,-1.6761822287863852,-2.8883336424444344,23.812192073444578
1767865210.2109306,1767865210210938237,Sr02_gA_IMG1_LID1_STA0_CFC64_OH0,0108_1039,A,0.4986552894115448,0.0001862645149230957,0.5,0.0,-11.0117963220729,-1.6887024318259491,-2.888656450840357,23.772190925142596
1767865210.3290014,1767865210329008822,Sr02_gA_IMG1_LID1_STA0_CFC64_OH0,0108_1039,A,0.49861475825309753,0.003973639104515314,0.5,0.0,-11.08441043535874,-1.7074691533492343,-2.8887317249157967,23.712251916229956
1767865210.4459033,1767865210445911780,Sr02_gA_IMG1_LID1_STA0_CFC64_OH0,0108_1039,A,0.5018145442008972,0.006966037675738335,0.5,0.0,-11.132821227390107,-1.7199749478128687,-2.8887806251287267,23.672336939533974
1767865210.5646138,1767865210564625841,Sr02_gA_IMG1_LID1_STA0_CFC64_OH0,0108_1039,A,0.5018246173858643,0.006967147812247276,0.5,0.0,-11.181227603615971,-1.7324978199662113,-2.888099179523673,23.63247098719252
1767865210.6815884,1767865210681596948,Sr02_gA_IMG1_LID1_STA0_CFC64_OH0,0108_1039,A,0.4994334578514099,-0.0007322135497815907,0.5,0.0,-11.253838813531939,-1.7512757565971697,-2.8890894397987896,23.572740514128498
1767865210.8025212,1767865210802528891,Sr02_gA_IMG1_LID1_STA0_CFC64_OH0,0108_1039,A,0.49791884422302246,0.012489669024944305,0.5,0.0,-11.30225800363797,-1.7637489917350353,-2.8898409386838613,23.532940348884765
1767865210.9207609,1767865210920768405,Sr02_gA_IMG1_LID1_STA0_CFC64_OH0,0108_1039,A,0.49791908264160156,0.012490713968873024,0.5,0.0,-11.350682673473592,-1.776200940743929,-2.8898993306860867,23.493165836157022
1767865211.0400171,1767865211040026073,Sr02_gA_IMG1_LID1_STA0_CFC64_OH0,0108_1039,A,0.4990966022014618,0.009110509417951107,0.5,0.0,-11.42331591744752,-1.7948934798742147,-2.8894169097452966,23.433586696511114
1767865211.1591442,1767865211159155309,Sr02_gA_IMG1_LID1_STA0_CFC64_OH0,0108_1039,A,0.5014786124229431,0.005853163078427315,0.5,0.0,-11.471730157287237,-1.807385916092855,-2.88872030940685,23.39393590424125
1767865211.278414,1767865211278421874,Sr02_gA_IMG1_LID1_STA0_CFC64_OH0,0108_1039,A,0.5000779628753662,0.013822723180055618,0.5,0.0,-11.544335362899705,-1.8261870581391324,-2.8878292315870198,23.33457374442182
1767865211.396454,1767865211396461821,Sr02_gA_IMG1_LID1_STA0_CFC64_OH0,0108_1039,A,0.5000779628753662,0.013822236098349094,0.5,0.0,-11.592734543179136,-1.8387377166920995,-2.8879024523655534,23.295059569667824
1767865211.5129955,1767865211513003537,Sr02_gA_IMG1_LID1_STA0_CFC64_OH0,0108_1039,A,0.498692125082016,-0.003795984201133251,0.5,0.0,-11.641126333900417,-1.851316824330051,-2.8866534976232066,23.255603822047558
1767865211.6327195,1767865211632729821,Sr02_gA_IMG1_LID1_STA0_CFC64_OH0,0108_1039,A,0.49328044056892395,0.01706968992948532,0.5,0.0,-11.71368448812229,-1.8702987080148261,-2.884813714615798,23.196568638235348
1767865211.7520206,1767865211752028136,Sr02_gA_IMG1_LID1_STA0_CFC64_OH0,0108_1039,A,0.49328041076660156,0.017069708555936813,0.5,0.0,-11.762039345738524,-1.8830190560817595,-2.8839026644439674,23.157305272006024
1767865211.8725758,1767865211872583207,Sr02_gA_IMG1_LID1_STA0_CFC64_OH0,0108_1039,A,0.5059208869934082,0.00312345614656806,0.5,0.0,-11.8103842788435,-1.895777075220011,-2.8832847731908315,23.118107554684347
1767865211.9896886,1767865211989696723,Sr02_gA_IMG1_LID1_STA0_CFC64_OH0,0108_1039,A,0.4987385869026184,-0.00010944728273898363,0.5,0.0,-11.882880269657445,-1.9149950046355295,-2.881450465485876,23.05944150087306
1767865212.1079886,1767865212107996401,Sr02_gA_IMG1_LID1_STA0_CFC64_OH0,0108_1039,A,0.49511998891830444,0.001060613663867116,0.5,0.0,-11.931189033634615,-1.9278892904979286,-2.8800682441366794,23.02043677669285
1767865212.2254133,1767865212225421135,Sr02_gA_IMG1_LID1_STA0_CFC64_OH0,0108_1039,A,0.4951200485229492,0.0010606718715280294,0.5,0.0,-11.979489168065443,-1.9408158782945681,-2.8802716465397533,22.981495613887002
1767865212.3414493,1767865212341455623,Sr02_gA_IMG1_LID1_STA0_CFC64_OH0,0108_1039,A,0.5033593773841858,0.00494792265817523,0.5,0.0,-12.051928953981212,-1.9602445758049563,-2.8783371824045427,22.92318963661745
1767865212.4586806,1767865212458687663,Sr02_gA_IMG1_LID1_STA0_CFC64_OH0,0108_1039,A,0.494218647480011,0.020009730011224747,0.5,0.0,-12.100195219590992,-1.9732970345751233,-2.876630214340854,22.88443841898724
1767865212.5763295,1767865212576336461,Sr02_gA_IMG1_LID1_STA0_CFC64_OH0,0108_1039,A,0.494218647480011,0.02000970020890236,0.5,0.0,-12.148444997034252,-1.9864103335195378,-2.876038933973773,22.84577086207797
1767865212.6964254,1767865212696434237,Sr02_gA_IMG1_LID1_STA0_CFC64_OH0,0108_1039,A,0.5029856562614441,0.006828649900853634,0.5,0.0,-12.220813997222507,-2.006101120509901,-2.8759260326394602,22.787865943200124
1767865212.8213851,1767865212821394653,Sr02_gA_IMG1_LID1_STA0_CFC64_OH0,0108_1039,A,0.49960848689079285,0.014556166715919971,0.5,0.0,-12.269059182530938,-2.019231306160916,-2.875819972341869,22.74932012659626
1767865212.9399998,1767865212940007863,Sr02_gA_IMG1_LID1_STA0_CFC64_OH0,0108_1039,A,0.5007342100143433,0.013111344538629055,0.5,0.0,-12.341424323082704,-2.0389362727103206,-2.875622002687646,22.691591624078928
1767865213.05526,1767865213055267997,Sr02_gA_IMG1_LID1_STA0_CFC64_OH0,0108_1039,A,0.5007342100143433,0.013111316598951817,0.5,0.0,-12.389662957909145,-2.0520905017677067,-2.875127212059255,22.65317384877751
1767865213.1739235,1767865213173931843,Sr02_gA_IMG1_LID1_STA0_CFC64_OH0,0108_1039,A,0.5031296610832214,-0.005562624894082546,0.5,0.0,-12.437885132861714,-2.065304914044187,-2.873126253856165,22.614841427718883
1767865213.2947454,1767865213294752575,Sr02_gA_IMG1_LID1_STA0_CFC64_OH0,0108_1039,A,0.50152987241745,-0.006222370080649853,0.5,0.0,-12.510168664305036,-2.085307069285355,-2.8702566061473767,22.557549296017868
1767865213.4102976,1767865213410305372,Sr02_gA_IMG1_LID1_STA0_CFC64_OH0,0108_1039,A,0.50152987241745,-0.006222370080649853,0.5,0.0,-12.558334765485018,-2.09872445661966,-2.869573739466038,22.51946787052112
1767865213.5309105,1767865213530923161,Sr02_gA_IMG1_LID1_STA0_CFC64_OH0,0108_1039,A,0.504523754119873,-0.003987287171185017,0.5,0.0,-12.606488362904644,-2.1121866385586885,-2.868272681171626,22.481463373996366
1767865213.651207,1767865213651214713,Sr02_gA_IMG1_LID1_STA0_CFC64_OH0,0108_1039,A,0.4992557466030121,0.0041240970604121685,0.5,0.0,-12.678683614698924,-2.1325051781146986,-2.8662626370077318,22.424629817056317
1767865213.7740538,1767865213774061405,Sr02_gA_IMG1_LID1_STA0_CFC64_OH0,0108_1039,A,0.5042253732681274,-0.04177897423505783,0.5,0.0,-12.726791463134493,-2.1461299439364,-2.8649515074922633,22.3868540304919
1767865213.8956661,1767865213895673813,Sr02_gA_IMG1_LID1_STA0_CFC64_OH0,0108_1039,A,0.5042253732681274,-0.04177897423505783,0.5,0.0,-12.798941235625405,-2.166609430345821,-2.8654190044301213,22.33030937990745
1767865214.0111742,1767865214011181415,Sr02_gA_IMG1_LID1_STA0_CFC64_OH0,0108_1039,A,0.4951658546924591,-0.01973864436149597,0.5,0.0,-12.847050762895176,-2.180228277147282,-2.8660412402799116,22.292650072312345
1767865214.1278133,1767865214127821296,Sr02_gA_IMG1_LID1_STA0_CFC64_OH0,0108_1039,A,0.4979846477508545,0.004115451592952013,0.5,0.0,-12.895168754987553,-2.1938171858355195,-2.8666634762702623,22.255018862745796
1767865214.2424903,1767865214242499249,Sr02_gA_IMG1_LID1_STA0_CFC64_OH0,0108_1039,A,0.4979846477508545,0.004115451592952013,0.5,0.0,-12.96735896053376,-2.214153688505691,-2.867225162432193,22.198631443179597
1767865214.3615263,1767865214361533816,Sr02_gA_IMG1_LID1_STA0_CFC64_OH0,0108_1039,A,0.5008623003959656,-0.016502220183610916,0.5,0.0,-13.015486000753514,-2.227710518787834,-2.866812755128756,22.16110055906263
1767865214.4843059,1767865214484314162,Sr02_gA_IMG1_LID1_STA0_CFC64_OH0,0108_1039,A,0.49553021788597107,-0.004040868021547794,0.5,0.0,-13.0636155303233,-2.2412163582690523,-2.8699907165592475,22.123594611588903
1767865214.6049364,1767865214604945567,Sr02_gA_IMG1_LID1_STA0_CFC64_OH0,0108_1039,A,0.5022387504577637,-0.011955266818404198,0.5,0.0,-13.135928776902455,-2.261110459030825,-2.8762575524427576,22.06716229275183
1767865214.71938,1767865214719388476,Sr02_gA_IMG1_LID1_STA0_CFC64_OH0,0108_1039,A,0.5022387504577637,-0.011955266818404198,0.5,0.0,-13.184191917010468,-2.274174462181855,-2.8782314305157404,22.029466451083522
1767865214.837452,1767865214837459872,Sr02_gA_IMG1_LID1_STA0_CFC64_OH0,0108_1039,A,0.49128657579421997,0.004251330625265837,0.5,0.0,-13.256608609767724,-2.2936891173958958,-2.8780912131784806,21.972959240292358
1767865214.9541469,1767865214954154928,Sr02_gA_IMG1_LID1_STA0_CFC64_OH0,0108_1039,A,0.5022562146186829,0.0055610015988349915,0.5,0.0,-13.304880120731363,-2.3067221859906173,-2.8776796686922888,21.935365278719516
1767865215.072151,1767865215072158997,Sr02_gA_IMG1_LID1_STA0_CFC64_OH0,0108_1039,A,0.5022562146186829,0.0055610015988349915,0.5,0.0,-13.353159688975385,-2.319725355044289,-2.87932987223496,21.897800485541655
1767865215.185181,1767865215185189908,Sr02_gA_IMG1_LID1_STA0_CFC64_OH0,0108_1039,A,0.5002949833869934,-0.006983384024351835,0.5,0.0,-13.425607537138173,-2.3391240213982494,-2.880309850935631,21.841474082994758
1767865215.302959,1767865215302966558,Sr02_gA_IMG1_LID1_STA0_CFC64_OH0,0108_1039,A,0.4955965280532837,-0.0013806724455207586,0.5,0.0,-13.47391821316844,-2.3520111454595107,-2.8815053696060096,21.803954582848043
1767865215.4208941,1767865215420901617,Sr02_gA_IMG1_LID1_STA0_CFC64_OH0,0108_1039,A,0.4955965280532837,-0.0013806724455207586,0.5,0.0,-13.522244261539935,-2.3648405037433364,-2.8827008943324612,21.76644567777723
1767865215.5357249,1767865215535732259,Sr02_gA_IMG1_LID1_STA0_CFC64_OH0,0108_1039,A,0.5002712607383728,-0.0015613618306815624,0.5,0.0,-13.594747099030593,-2.3840326304312143,-2.882536309345905,21.710241101592718
1767865215.6517677,1767865215651775372,Sr02_gA_IMG1_LID1_STA0_CFC64_OH0,0108_1039,A,0.4984844923019409,0.002380767371505499,0.5,0.0,-13.643075139269266,-2.3968544924356947,-2.8819802103745826,21.672853230668164
1767865215.7717938,1767865215771801884,Sr02_gA_IMG1_LID1_STA0_CFC64_OH0,0108_1039,A,0.49673759937286377,0.004710622597485781,0.5,0.0,-13.69139604180801,-2.4097032276419514,-2.8814241111242382,21.63553481664373
1767865215.891364,1767865215891371752,Sr02_gA_IMG1_LID1_STA0_CFC64_OH0,0108_1039,A,0.49673759937286377,0.004710622597485781,0.5,0.0,-13.763875565494118,-2.4289832062410928,-2.88203925253188,21.579658162386767
1767865216.009162,1767865216009169652,Sr02_gA_IMG1_LID1_STA0_CFC64_OH0,0108_1039,A,0.5038490891456604,-0.008690325543284416,0.5,0.0,-13.812201682842867,-2.4418123161503096,-2.8821773207442263,21.542454847773172
1767865216.1277306,1767865216127738559,Sr02_gA_IMG1_LID1_STA0_CFC64_OH0,0108_1039,A,0.5056559443473816,-0.006690679118037224,0.5,0.0,-13.860529571009298,-2.454634753689205,-2.8823153877629566,21.50529879958425
1767865216.2457519,1767865216245759921,Sr02_gA_IMG1_LID1_STA0_CFC64_OH0,0108_1039,A,0.5056559443473816,-0.006690679118037224,0.5,0.0,-13.933024862948145,-2.4738553652793986,-2.882504751792681,21.44965352012775
1767865216.3657975,1767865216365808263,Sr02_gA_IMG1_LID1_STA0_CFC64_OH0,0108_1039,A,0.495210736989975,0.006904426030814648,0.5,0.0,-13.981354537505986,-2.4866710676928796,-2.882266676284767,21.4126236370685
1767865216.488423,1767865216488430921,Sr02_gA_IMG1_LID1_STA0_CFC64_OH0,0108_1039,A,0.5032980442047119,-0.0016723168082535267,0.5,0.0,-14.029679948700037,-2.499502835730587,-2.881818915092418,21.37565776144561
1767865216.6082351,1767865216608242597,Sr02_gA_IMG1_LID1_STA0_CFC64_OH0,0108_1039,A,0.49844297766685486,-0.002867218106985092,0.5,0.0,-14.102156741012557,-2.518793082715887,-2.881112322858502,21.320338426136136
1767865216.7216206,1767865216721627637,Sr02_gA_IMG1_LID1_STA0_CFC64_OH0,0108_1039,A,0.49844297766685486,-0.002867218106985092,0.5,0.0,-14.150475646252989,-2.531649323294199,-2.8819813437370696,21.283523066930428
1767865216.835999,1767865216836007487,Sr02_gA_IMG1_LID1_STA0_CFC64_OH0,0108_1039,A,0.5020563006401062,0.0038810125552117825,0.5,0.0,-14.222972744984823,-2.5508631067847576,-2.8830249383565043,21.228351572541598
1767865216.9529111,1767865216952919923,Sr02_gA_IMG1_LID1_STA0_CFC64_OH0,0108_1039,A,0.4971204698085785,-0.002532839309424162,0.5,0.0,-14.271314875224382,-2.5636317415442784,-2.883694005173999,21.1916097512652
1767865217.069265,1767865217069277241,Sr02_gA_IMG1_LID1_STA0_CFC64_OH0,0108_1039,A,0.4971204698085785,-0.002532839309424162,0.5,0.0,-14.319656869063177,-2.576400892478007,-2.883003574103153,21.15492265582988
1767865217.1926491,1767865217192657230,Sr02_gA_IMG1_LID1_STA0_CFC64_OH0,0108_1039,A,0.5030299425125122,-0.014448690228164196,0.5,0.0,-14.392161208276649,-2.595587347665468,-2.882997112786871,21.100017650497037
1767865217.3161197,1767865217316127249,Sr02_gA_IMG1_LID1_STA0_CFC64_OH0,0108_1039,A,0.4977848529815674,0.02169039472937584,0.5,0.0,-14.44050054177292,-2.608366569198276,-2.8832838332142785,21.063474862107178
1767865217.437488,1767865217437495867,Sr02_gA_IMG1_LID1_STA0_CFC64_OH0,0108_1039,A,0.5041292309761047,0.015695270150899887,0.5,0.0,-14.48884353735711,-2.621131930291463,-2.883570554556031,21.026977652117207
1767865217.5618737,1767865217561881617,Sr02_gA_IMG1_LID1_STA0_CFC64_OH0,0108_1039,A,0.5041292309761047,0.015695270150899887,0.5,0.0,-14.561357654712165,-2.6402813934929363,-2.8831875080534495,20.972337265503896
1767865217.679317,1767865217679323734,Sr02_gA_IMG1_LID1_STA0_CFC64_OH0,0108_1039,A,0.43424805998802185,0.015184509567916393,0.5,0.0,-14.609699206959096,-2.6530522194633845,-2.8834407902037054,20.93598359073378
1767865217.8034217,1767865217803429575,Sr02_gA_IMG1_LID1_STA0_CFC64_OH0,0108_1039,A,0.49792394042015076,0.02425801008939743,0.5,0.0,-14.682217900079372,-2.6721843475015117,-2.884059023696071,20.881541714071854
1767865217.9325476,1767865217932555423,Sr02_gA_IMG1_LID1_STA0_CFC64_OH0,0108_1039,A,0.49792394042015076,0.02425801008939743,0.5,0.0,-14.730578134934802,-2.6848842267413118,-2.8855038896489105,20.845278931703408
1767865218.053534,1767865218053542589,Sr02_gA_IMG1_LID1_STA0_CFC64_OH0,0108_1039,A,0.501562774181366,0.029722586274147034,0.5,0.0,-14.803101392622752,-2.7039982386109376,-2.8824308366940277,20.791037687016978
1767865218.1713574,1767865218171366759,Sr02_gA_IMG1_LID1_STA0_CFC64_OH0,0108_1039,A,0.4970526695251465,0.028435539454221725,0.5,0.0,-14.851421570108739,-2.716849682787277,-2.880861312147017,20.755026585241424
1767865218.292261,1767865218292268444,Sr02_gA_IMG1_LID1_STA0_CFC64_OH0,0108_1039,A,0.48755738139152527,0.038223881274461746,0.5,0.0,-14.923863920684035,-2.7362688115275438,-2.878527455476406,20.701221314487363
1767865218.4151318,1767865218415140483,Sr02_gA_IMG1_LID1_STA0_CFC64_OH0,0108_1039,A,0.48755738139152527,0.038223881274461746,0.5,0.0,-14.972133840105615,-2.749307755693986,-2.8769182771540005,20.665491780602423
1767865218.538539,1767865218538546552,Sr02_gA_IMG1_LID1_STA0_CFC64_OH0,0108_1039,A,0.5044764280319214,0.00394187169149518,0.5,0.0,-15.020376812014518,-2.7624460249217115,-2.8744924820456967,20.629893810748385
1767865218.6553996,1767865218655407351,Sr02_gA_IMG1_LID1_STA0_CFC64_OH0,0108_1039,A,0.497809499502182,0.004295204766094685,0.5,0.0,-15.092681120905713,-2.782372890199916,-2.8707991438284943,20.576769798445856
1767865218.7711143,1767865218771126402,Sr02_gA_IMG1_LID1_STA0_CFC64_OH0,0108_1039,A,0.4966469705104828,7.05766724422574e-05,0.5,0.0,-15.140839117232208,-2.795819273804504,-2.867826891226631,20.541548673768705
1767865218.8951597,1767865218895167650,Sr02_gA_IMG1_LID1_STA0_CFC64_OH0,0108_1039,A,0.4966469705104828,7.05766724422574e-05,0.5,0.0,-15.188957644571714,-2.809406227860537,-2.8649704705000714,20.50649301554968
1767865219.0233207,1767865219023328394,Sr02_gA_IMG1_LID1_STA0_CFC64_OH0,0108_1039,A,0.49684691429138184,0.005248380824923515,0.5,0.0,-15.2610527523582,-2.8300769826334125,-2.859530554950969,20.454242507637037
1767865219.142093,1767865219142100405,Sr02_gA_IMG1_LID1_STA0_CFC64_OH0,0108_1039,A,0.4757213890552521,-0.018685821443796158,0.5,0.0,-15.333030956483043,-2.851151245221842,-2.8548254150763794,20.402437230398405
1767865219.2620196,1767865219262026467,Sr02_gA_IMG1_LID1_STA0_CFC64_OH0,0108_1039,A,0.5008257031440735,-0.010431943461298943,0.5,0.0,-15.380986326374234,-2.8653033528050638,-2.854427694855948,20.36805818841166
1767865219.3808558,1767865219380864081,Sr02_gA_IMG1_LID1_STA0_CFC64_OH0,0108_1039,A,0.5008257031440735,-0.010431943461298943,0.5,0.0,-15.428935815984453,-2.8794753706812672,-2.853998175157128,20.33375908439692
1767865219.5048132,1767865219504847892,Sr02_gA_IMG1_LID1_STA0_CFC64_OH0,0108_1039,A,0.5029508471488953,0.02924458310008049,0.5,0.0,-15.500855371250482,-2.9007492245151307,-2.8539875854408914,20.282444835807258
1767865219.6254425,1767865219625449520,Sr02_gA_IMG1_LID1_STA0_CFC64_OH0,0108_1039,A,0.49796321988105774,0.008562787435948849,0.5,0.0,-15.548801616304196,-2.9149322167326854,-2.8539805277852017,20.248317747245547
1767865219.7440584,1767865219744066187,Sr02_gA_IMG1_LID1_STA0_CFC64_OH0,0108_1039,A,0.49274787306785583,0.012644815258681774,0.5,0.0,-15.620715123150621,-2.936226503423592,-2.8539630608424207,20.19726622427777
1767865219.8631778,1767865219863186005,Sr02_gA_IMG1_LID1_STA0_CFC64_OH0,0108_1039,A,0.4945366680622101,0.012434268370270729,0.5,0.0,-15.6686742362809,-2.950365896647771,-2.8557491054479573,20.16327156523438
1767865219.9857154,1767865219985724604,Sr02_gA_IMG1_LID1_STA0_CFC64_OH0,0108_1039,A,0.4632084369659424,0.04780281335115433,0.5,0.0,-15.716652785274613,-2.96443921511731,-2.8567922998462953,20.129293087643344
1767865220.1062424,1767865220106249838,Sr02_gA_IMG1_LID1_STA0_CFC64_OH0,0108_1039,A,0.49800392985343933,-0.023020222783088684,0.5,0.0,-15.78864107049487,-2.985454256881714,-2.8579853965254562,20.07838451757548
1767865220.2262368,1767865220226244549,Sr02_gA_IMG1_LID1_STA0_CFC64_OH0,0108_1039,A,0.4944116175174713,-0.023503229022026062,0.5,0.0,-15.836623156012433,-2.999515457072992,-2.8550609528339033,20.04456463595459
1767865220.3444116,1767865220344420484,Sr02_gA_IMG1_LID1_STA0_CFC64_OH0,0108_1039,A,0.5033334493637085,0.005729187745600939,0.5,0.0,-15.908547394591727,-3.020773451504036,-2.853488065833715,19.99409014339893
1767865220.4641886,1767865220464196903,Sr02_gA_IMG1_LID1_STA0_CFC64_OH0,0108_1039,A,0.5052837133407593,-0.011323929764330387,0.5,0.0,-15.956477605760044,-3.035010523095938,-2.852225691967306,19.96057651170134
1767865220.586967,1767865220586974032,Sr02_gA_IMG1_LID1_STA0_CFC64_OH0,0108_1039,A,0.505024254322052,0.002129647880792618,0.5,0.0,-16.004389955341676,-3.0493075898722437,-2.8509822671191416,19.927178571394794
1767865220.7074816,1767865220707489578,Sr02_gA_IMG1_LID1_STA0_CFC64_OH0,0108_1039,A,0.5010153651237488,0.003990111872553825,0.5,0.0,-16.076171038376497,-3.071003549224367,-2.844909775410261,19.87741819049913
1767865220.8266566,1767865220826664651,Sr02_gA_IMG1_LID1_STA0_CFC64_OH0,0108_1039,A,0.5067036747932434,-0.02213607355952263,0.5,0.0,-16.123987784713208,-3.085563962091927,-2.8471563840133003,19.844415236279254
1767865220.950842,1767865220950849290,Sr02_gA_IMG1_LID1_STA0_CFC64_OH0,0108_1039,A,0.4938991069793701,-0.011206735856831074,0.5,0.0,-16.195796448379006,-3.1072090665812033,-2.84980008299346,19.794869916151676
1767865221.0684803,1767865221068488310,Sr02_gA_IMG1_LID1_STA0_CFC64_OH0,0108_1039,A,0.49743416905403137,-0.00802106037735939,0.5,0.0,-16.243678932624967,-3.1216058483760185,-2.8493976871188758,19.761902642659173
1767865221.1888988,1767865221188906101,Sr02_gA_IMG1_LID1_STA0_CFC64_OH0,0108_1039,A,0.4980837106704712,0.015481448732316494,0.5,0.0,-16.29156776968086,-3.135981477097802,-2.8505300746101416,19.728990355324488
1767865221.3064516,1767865221306458797,Sr02_gA_IMG1_LID1_STA0_CFC64_OH0,0108_1039,A,0.47665590047836304,0.034870609641075134,0.5,0.0,-16.363415180409486,-3.1574977226560863,-2.850461105775784,19.679719699771965
1767865221.4290218,1767865221429030569,Sr02_gA_IMG1_LID1_STA0_CFC64_OH0,0108_1039,A,0.49953657388687134,0.013298464007675648,0.5,0.0,-16.41130829751928,-3.171859093877042,-2.8500620956374965,19.646976594191973
1767865221.5494432,1767865221549452999,Sr02_gA_IMG1_LID1_STA0_CFC64_OH0,0108_1039,A,0.5006990432739258,0.013752488419413567,0.5,0.0,-16.48317360355656,-3.1933153817516384,-2.8529026411401697,19.59793072457481
1767865221.6681364,1767865221668143555,Sr02_gA_IMG1_LID1_STA0_CFC64_OH0,0108_1039,A,0.4840669631958008,-0.013323169201612473,0.5,0.0,-16.531112449133065,-3.2075233550807036,-2.854023313541172,19.565248777698464
1767865221.7937353,1767865221793743059,Sr02_gA_IMG1_LID1_STA0_CFC64_OH0,0108_1039,A,0.47232359647750854,-0.027484837919473648,0.5,0.0,-16.579064933188384,-3.2216852342608298,-2.854825420704689,19.532603682286396
1767865221.9186485,1767865221918660724,Sr02_gA_IMG1_LID1_STA0_CFC64_OH0,0108_1039,A,0.48989012837409973,-0.010036404244601727,0.5,0.0,-16.650986265614304,-3.242953019586296,-2.85258550569317,19.483793868810213
1767865222.0396605,1767865222039669843,Sr02_gA_IMG1_LID1_STA0_CFC64_OH0,0108_1039,A,0.5017464756965637,0.00558047741651535,0.5,0.0,-16.698887685729346,-3.257286585098775,-2.8490984515824684,19.451469960546056
1767865222.1578867,1767865222157895200,Sr02_gA_IMG1_LID1_STA0_CFC64_OH0,0108_1039,A,0.445700079202652,-0.0418551079928875,0.5,0.0,-16.770676099901582,-3.2789988148898868,-2.84687886748047,19.403294274128882
1767865222.276805,1767865222276811704,Sr02_gA_IMG1_LID1_STA0_CFC64_OH0,0108_1039,A,0.5012558102607727,0.028678227216005325,0.5,0.0,-16.818510361075493,-3.293555007622013,-2.8455036209147866,19.371337312780245
1767865222.396928,1767865222396935970,Sr02_gA_IMG1_LID1_STA0_CFC64_OH0,0108_1039,A,0.5029250979423523,0.004100024234503508,0.5,0.0,-16.86634430972924,-3.308112228129964,-2.84683591493757,19.33945764262026
1767865222.5127687,1767865222512776341,Sr02_gA_IMG1_LID1_STA0_CFC64_OH0,0108_1039,A,0.5127545595169067,0.024133071303367615,0.5,0.0,-16.938148756932904,-3.3297712461448525,-2.85067539013475,19.291639728024048
1767865222.6331449,1767865222633153214,Sr02_gA_IMG1_LID1_STA0_CFC64_OH0,0108_1039,A,0.47408658266067505,0.024402733892202377,0.5,0.0,-16.98605500184453,-3.344088758911115,-2.8516790422692084,19.259759210957984
1767865222.75532,1767865222755328216,Sr02_gA_IMG1_LID1_STA0_CFC64_OH0,0108_1039,A,0.38683396577835083,0.03044937551021576,0.5,0.0,-17.057912662748475,-3.365530988295568,-2.852006259131717,19.212065622758306
1767865222.871727,1767865222871734947,Sr02_gA_IMG1_LID1_STA0_CFC64_OH0,0108_1039,A,0.4525008499622345,-0.026708994060754776,0.5,0.0,-17.105860502779112,-3.3797084586073076,-2.856191758783848,19.18026572451319
1767865222.9910784,1767865222991086242,Sr02_gA_IMG1_LID1_STA0_CFC64_OH0,0108_1039,A,0.5082345604896545,-0.013704605400562286,0.5,0.0,-17.153797181873074,-3.393830188475201,-2.8536960370826576,19.148521468485036
1767865223.1170902,1767865223117098055,Sr02_gA_IMG1_LID1_STA0_CFC64_OH0,0108_1039,A,0.49313798546791077,0.004146866500377655,0.5,0.0,-17.22569393429252,-3.4151809709800633,-2.852389133309254,19.10115310830776
1767865223.2385602,1767865223238567704,Sr02_gA_IMG1_LID1_STA0_CFC64_OH0,0108_1039,A,0.46989741921424866,0.009418041445314884,0.5,0.0,-17.27360024495223,-3.4294982286976006,-2.849975834393974,19.069740430542318
1767865223.357038,1767865223357045719,Sr02_gA_IMG1_LID1_STA0_CFC64_OH0,0108_1039,A,0.42907464504241943,-0.07033463567495346,0.5,0.0,-17.345394018590863,-3.4511926270475124,-2.8461971987585435,19.022948906722984
1767865223.47407,1767865223474077161,Sr02_gA_IMG1_LID1_STA0_CFC64_OH0,0108_1039,A,0.41153988242149353,-0.10947353392839432,0.5,0.0,-17.39320613543068,-3.4658213397171074,-2.8431522665464057,18.991991039075135
1767865223.59546,1767865223595467510,Sr02_gA_IMG1_LID1_STA0_CFC64_OH0,0108_1039,A,0.518264651298523,-0.002471364103257656,0.5,0.0,-17.441002033001933,-3.4804641317096805,-2.845636325676732,18.961135833402086
1767865223.7120316,1767865223712039312,Sr02_gA_IMG1_LID1_STA0_CFC64_OH0,0108_1039,A,0.5058786869049072,-0.06255646795034409,0.5,0.0,-17.512768895330133,-3.502247488727211,-2.8477736058529315,18.91484265971435
1767865223.8354752,1767865223835483904,Sr02_gA_IMG1_LID1_STA0_CFC64_OH0,0108_1039,A,0.4841356873512268,-0.00944672804325819,0.5,0.0,-17.560623129794894,-3.516737895590619,-2.8473589236842956,18.884056735196104
1767865223.9573734,1767865223957381491,Sr02_gA_IMG1_LID1_STA0_CFC64_OH0,0108_1039,A,0.5167822241783142,-0.0638478621840477,0.5,0.0,-17.632355849051326,-3.5385217034853786,-2.8470217532976965,18.838099905815792
1767865224.073961,1767865224073968833,Sr02_gA_IMG1_LID1_STA0_CFC64_OH0,0108_1039,A,0.49498140811920166,-0.02627977728843689,0.5,0.0,-17.6802528413789,-3.5528697847692037,-2.854055185719703,18.807403116326977
1767865224.1926575,1767865224192665832,Sr02_gA_IMG1_LID1_STA0_CFC64_OH0,0108_1039,A,0.529620885848999,-0.007748956326395273,0.5,0.0,-17.72826622153126,-3.5667853813327275,-2.8649651537806338,18.776442746251753
1767865224.3116703,1767865224311677055,Sr02_gA_IMG1_LID1_STA0_CFC64_OH0,0108_1039,A,0.49460679292678833,-0.011537392623722553,0.5,0.0,-17.800409074378678,-3.5870253145276543,-2.868989878486274,18.72968619567408
1767865224.4363441,1767865224436353284,Sr02_gA_IMG1_LID1_STA0_CFC64_OH0,0108_1039,A,0.5006738901138306,-0.012738414108753204,0.5,0.0,-17.848604532394212,-3.600336561911008,-2.8752454892165886,18.698429042820074
1767865224.5565846,1767865224556592838,Sr02_gA_IMG1_LID1_STA0_CFC64_OH0,0108_1039,A,0.5028682351112366,-0.012224262580275536,0.5,0.0,-17.92096574290322,-3.6199699814482624,-2.878247800578125,18.65144495694095
1767865224.6760464,1767865224676056025,Sr02_gA_IMG1_LID1_STA0_CFC64_OH0,0108_1039,A,0.49974215030670166,0.022716354578733444,0.5,0.0,-17.969283196195715,-3.632831353512282,-2.8846325705018367,18.6200277765512
1767865224.9090455,1767865224909052733,Sr02_gA_IMG1_LID1_STA0_CFC64_OH0,0108_1039,A,0.5022957921028137,-0.03345262631773949,0.5,0.0,-18.01765799553034,-3.645474789890796,-2.887261305953267,18.58851663639848
1767865225.0264401,1767865225026447861,Sr02_gA_IMG1_LID1_STA0_CFC64_OH0,0108_1039,A,0.5096067786216736,0.011317198164761066,0.5,0.0,-18.138681884694417,-3.6767511112592266,-2.89002378057254,18.509826949081194
1767865225.1480906,1767865225148100336,Sr02_gA_IMG1_LID1_STA0_CFC64_OH0,0108_1039,A,0.5022067427635193,-0.03066706657409668,0.5,0.0,-18.187115808299247,-3.6891670039328925,-2.8912856087857333,18.478417844186563
1767865225.2707472,1767865225270754593,Sr02_gA_IMG1_LID1_STA0_CFC64_OH0,0108_1039,A,0.49616408348083496,0.03219708427786827,0.5,0.0,-18.259795783032256,-3.707676973396529,-2.8931346700877625,18.431366456912304
1767865225.390238,1767865225390245723,Sr02_gA_IMG1_LID1_STA0_CFC64_OH0,0108_1039,A,0.4934667944908142,0.026826057583093643,0.5,0.0,-18.30824641171855,-3.720027487079377,-2.890863065081851,18.400110353499112
1767865225.5138896,1767865225513899390,Sr02_gA_IMG1_LID1_STA0_CFC64_OH0,0108_1039,A,0.4990534484386444,0.01725912094116211,0.5,0.0,-18.380859488344488,-3.738752550625287,-2.8883998142645044,18.353552472691142
1767865225.6373742,1767865225637381412,Sr02_gA_IMG1_LID1_STA0_CFC64_OH0,0108_1039,A,0.48984748125076294,0.02451421692967415,0.5,0.0,-18.429286222380455,-3.751196375483992,-2.8917450653386405,18.322580338072157
1767865225.7614808,1767865225761488495,Sr02_gA_IMG1_LID1_STA0_CFC64_OH0,0108_1039,A,0.49469995498657227,-0.01154993660748005,0.5,0.0,-18.50192323273488,-3.7697836705815555,-2.8913284978460907,18.27623483571615
1767865225.8854675,1767865225885476794,Sr02_gA_IMG1_LID1_STA0_CFC64_OH0,0108_1039,A,0.49565598368644714,0.022451747208833694,0.5,0.0,-18.55037346558148,-3.7820905714074,-2.8940104087581475,18.24537164489415
1767865226.009887,1767865226009894534,Sr02_gA_IMG1_LID1_STA0_CFC64_OH0,0108_1039,A,0.48671767115592957,0.008423051796853542,0.5,0.0,-18.623040592415304,-3.8006425533396553,-2.889402891634821,18.199298912744
1767865226.1330104,1767865226133017918,Sr02_gA_IMG1_LID1_STA0_CFC64_OH0,0108_1039,A,0.5108531713485718,-0.014019289053976536,0.5,0.0,-18.671442455009846,-3.8131828079927566,-2.886911621906139,18.168830683256637
1767865226.256691,1767865226256699537,Sr02_gA_IMG1_LID1_STA0_CFC64_OH0,0108_1039,A,0.48137274384498596,-0.013606860302388668,0.5,0.0,-18.719818742654162,-3.825821393991551,-2.885185712067425,18.138529923741853
1767865226.3803382,1767865226380345800,Sr02_gA_IMG1_LID1_STA0_CFC64_OH0,0108_1039,A,0.4807618260383606,-0.014339227229356766,0.5,0.0,-18.792333931733566,-3.844966658037999,-2.882302398368862,18.093397512361854
1767865226.505885,1767865226505892644,Sr02_gA_IMG1_LID1_STA0_CFC64_OH0,0108_1039,A,0.5033503770828247,-0.020593296736478806,0.5,0.0,-18.84066993105312,-3.85775847474833,-2.8834573880013905,18.063443032542768
1767865226.627518,1767865226627524930,Sr02_gA_IMG1_LID1_STA0_CFC64_OH0,0108_1039,A,0.5065620541572571,-0.016177194193005562,0.5,0.0,-18.913159319138213,-3.8770012157100293,-2.880710237275146,18.018723849237674
1767865226.7475793,1767865226747587219,Sr02_gA_IMG1_LID1_STA0_CFC64_OH0,0108_1039,A,0.49833008646965027,-0.007718367502093315,0.5,0.0,-18.96146201639285,-3.8899182189641213,-2.879867932640998,17.989096797442436
1767865226.8670814,1767865226867087867,Sr02_gA_IMG1_LID1_STA0_CFC64_OH0,0108_1039,A,0.5007210969924927,-0.013515216298401356,0.5,0.0,-19.03392823801007,-3.909248090760478,-2.8819625571163354,17.944787568265717
1767865226.9857366,1767865226985744229,Sr02_gA_IMG1_LID1_STA0_CFC64_OH0,0108_1039,A,0.4934358298778534,-0.0016330439830198884,0.5,0.0,-19.082261203356175,-3.9220513621417883,-2.8833232409455323,17.915291920204854
1767865227.1062846,1767865227106292627,Sr02_gA_IMG1_LID1_STA0_CFC64_OH0,0108_1039,A,0.5079761147499084,0.003903750330209732,0.5,0.0,-19.130612011131443,-3.9347870852085705,-2.8847571607627684,17.885830882066458
1767865227.2257502,1767865227225758479,Sr02_gA_IMG1_LID1_STA0_CFC64_OH0,0108_1039,A,0.49832820892333984,0.01728416234254837,0.5,0.0,-19.203179005775432,-3.953735072711025,-2.8877210642497784,17.841680559765052
1767865227.348407,1767865227348414881,Sr02_gA_IMG1_LID1_STA0_CFC64_OH0,0108_1039,A,0.5064371824264526,-0.0074564432725310326,0.5,0.0,-19.25158650480513,-3.9662535860189623,-2.8893387844023755,17.812266672904673
1767865227.4717388,1767865227471746779,Sr02_gA_IMG1_LID1_STA0_CFC64_OH0,0108_1039,A,0.5002083778381348,-0.004036309197545052,0.5,0.0,-19.324226837573892,-3.984918542232434,-2.8907816530583132,17.768223887428366
1767865227.5915718,1767865227591579364,Sr02_gA_IMG1_LID1_STA0_CFC64_OH0,0108_1039,A,0.49352386593818665,0.018004275858402252,0.5,0.0,-19.372670778497675,-3.997295290195953,-2.8921331721338075,17.738921701870332
1767865227.7117813,1767865227711788812,Sr02_gA_IMG1_LID1_STA0_CFC64_OH0,0108_1039,A,0.48035863041877747,0.0185348279774189,0.5,0.0,-19.445351184287265,-4.015803609522746,-2.8922120380104652,17.69509469976884
1767865227.829214,1767865227829223605,Sr02_gA_IMG1_LID1_STA0_CFC64_OH0,0108_1039,A,0.5030666589736938,0.02267397567629814,0.5,0.0,-19.493801962349902,-4.028153579119137,-2.891687867194181,17.666002502063765
1767865227.9536908,1767865227953699285,Sr02_gA_IMG1_LID1_STA0_CFC64_OH0,0108_1039,A,0.5038238763809204,-0.009217490442097187,0.5,0.0,-19.542238047447366,-4.040561025311972,-2.889959456637491,17.637052456313555
1767865228.0725865,1767865228072593707,Sr02_gA_IMG1_LID1_STA0_CFC64_OH0,0108_1039,A,0.4825740158557892,0.01707158237695694,0.5,0.0,-19.61488202138681,-4.059211810791192,-2.890796297319656,17.593837955947492
1767865228.1903996,1767865228190407988,Sr02_gA_IMG1_LID1_STA0_CFC64_OH0,0108_1039,A,0.4919642210006714,0.020282946527004242,0.5,0.0,-19.663320275927564,-4.071610808578357,-2.891199928307867,17.565117642384706
1767865228.3117542,1767865228311761738,Sr02_gA_IMG1_LID1_STA0_CFC64_OH0,0108_1039,A,0.4891246259212494,0.016695193946361542,0.5,0.0,-19.735960194167063,-4.090277308988289,-2.888709103051245,17.52227411598262
1767865228.432768,1767865228432776197,Sr02_gA_IMG1_LID1_STA0_CFC64_OH0,0108_1039,A,0.49184614419937134,0.03507564589381218,0.5,0.0,-19.784358319648856,-4.10283200599849,-2.886855623316479,17.493925995892628
1767865228.5496264,1767865228549634170,Sr02_gA_IMG1_LID1_STA0_CFC64_OH0,0108_1039,A,0.4926290810108185,0.017341110855340958,0.5,0.0,-19.832730470853225,-4.11548639652859,-2.884588232624623,17.465760134148873
1767865228.66869,1767865228668697502,Sr02_gA_IMG1_LID1_STA0_CFC64_OH0,0108_1039,A,0.4904639422893524,0.06480808556079865,0.5,0.0,-19.905268805637736,-4.134543905268322,-2.885070125464515,17.42376007546351
1767865228.786885,1767865228786892973,Sr02_gA_IMG1_LID1_STA0_CFC64_OH0,0108_1039,A,0.4989362359046936,0.03561621159315109,0.5,0.0,-19.953621856906494,-4.147271100909927,-2.883362975619722,17.395902409543876
1767865228.9086576,1767865228908664602,Sr02_gA_IMG1_LID1_STA0_CFC64_OH0,0108_1039,A,0.49570393562316895,0.011895901523530483,0.5,0.0,-20.00195144167055,-4.160087109254398,-2.881366800330755,17.368220516289135
1767865229.0266895,1767865229026696705,Sr02_gA_IMG1_LID1_STA0_CFC64_OH0,0108_1039,A,0.5062942504882812,-0.017008448019623756,0.5,0.0,-20.07440021078646,-4.179482264968377,-2.878754890188039,17.32703337172803
1767865229.1476378,1767865229147647403,Sr02_gA_IMG1_LID1_STA0_CFC64_OH0,0108_1039,A,0.49958908557891846,0.0017902895342558622,0.5,0.0,-20.1226601531086,-4.192558009185424,-2.8752473454002385,17.299827971133933
1767865229.2761002,1767865229276107363,Sr02_gA_IMG1_LID1_STA0_CFC64_OH0,0108_1039,A,0.500844419002533,0.004930518101900816,0.5,0.0,-20.194974653826453,-4.2124059112136925,-2.871623215011907,17.259424202715362
1767865229.3973799,1767865229397386622,Sr02_gA_IMG1_LID1_STA0_CFC64_OH0,0108_1039,A,0.4963814616203308,0.0023034783080220222,0.5,0.0,-20.24312005493403,-4.225897066805321,-2.8651424214648182,17.232838998128752
1767865229.5176756,1767865229517684166,Sr02_gA_IMG1_LID1_STA0_CFC64_OH0,0108_1039,A,0.4973992109298706,-0.018195319920778275,0.5,0.0,-20.31521878480097,-4.246555255227966,-2.8605115665052505,17.193529525267497
1767865229.635692,1767865229635700208,Sr02_gA_IMG1_LID1_STA0_CFC64_OH0,0108_1039,A,0.5085831880569458,-0.025296572595834732,0.5,0.0,-20.36324852756801,-4.260452853266667,-2.8596110049697647,17.167566781131356
1767865229.7560084,1767865229756016848,Sr02_gA_IMG1_LID1_STA0_CFC64_OH0,0108_1039,A,0.5061938762664795,-0.055849384516477585,0.5,0.0,-20.411285628767768,-4.274324983181753,-2.8613118408319824,17.14168785560756
1767865229.8760338,1767865229876041566,Sr02_gA_IMG1_LID1_STA0_CFC64_OH0,0108_1039,A,0.5055111646652222,-0.05133356526494026,0.5,0.0,-20.4833599216177,-4.295068550060304,-2.861199898793521,17.103012406315994
1767865230.003841,1767865230003849062,Sr02_gA_IMG1_LID1_STA0_CFC64_OH0,0108_1039,A,0.5054291486740112,-0.009817780926823616,0.5,0.0,-20.53140384675462,-4.308917047805734,-2.86070684845875,17.077380496945732
1767865230.1282954,1767865230128302801,Sr02_gA_IMG1_LID1_STA0_CFC64_OH0,0108_1039,A,0.5065774917602539,0.005344002973288298,0.5,0.0,-20.603461059062763,-4.329719869580653,-2.860745015736693,17.03916239895435
1767865230.2510233,1767865230251031168,Sr02_gA_IMG1_LID1_STA0_CFC64_OH0,0108_1039,A,0.5016098618507385,-0.008762840181589127,0.5,0.0,-20.651514679645963,-4.343534663895485,-2.8625645435369207,17.01377141089152
1767865230.370118,1767865230370126280,Sr02_gA_IMG1_LID1_STA0_CFC64_OH0,0108_1039,A,0.4994582533836365,-0.012791010551154613,0.5,0.0,-20.723654828159052,-4.364047819318033,-2.867275577770213,16.975702193339636
1767865230.4878495,1767865230487859347,Sr02_gA_IMG1_LID1_STA0_CFC64_OH0,0108_1039,A,0.49572983384132385,0.0021665748208761215,0.5,0.0,-20.771822888225607,-4.37745793498907,-2.8728153509575,16.95022188235481
1767865230.6156197,1767865230615627900,Sr02_gA_IMG1_LID1_STA0_CFC64_OH0,0108_1039,A,0.4985063970088959,0.028193507343530655,0.5,0.0,-20.820061568148848,-4.390611791891921,-2.877948700050062,16.92462205583601
1767865230.7385273,1767865230738534755,Sr02_gA_IMG1_LID1_STA0_CFC64_OH0,0108_1039,A,0.4952704906463623,0.04008131101727486,0.5,0.0,-20.892491923609846,-4.410043802288228,-2.880129559523684,16.886166866903334
1767865230.8633578,1767865230863365947,Sr02_gA_IMG1_LID1_STA0_CFC64_OH0,0108_1039,A,0.49565914273262024,-0.01064040046185255,0.5,0.0,-20.940789105353613,-4.422981416411314,-2.8795951633305266,16.860647372162937
1767865230.9880052,1767865230988013952,Sr02_gA_IMG1_LID1_STA0_CFC64_OH0,0108_1039,A,0.5005190968513489,-0.0006502734031528234,0.5,0.0,-21.01323989755402,-4.442369071748563,-2.8808490686447255,16.822557436926207
1767865231.1083817,1767865231108388752,Sr02_gA_IMG1_LID1_STA0_CFC64_OH0,0108_1039,A,0.5035794377326965,-0.022803381085395813,0.5,0.0,-21.061558052563825,-4.4552281245335426,-2.8821281673688457,16.797243182263525
1767865231.230277,1767865231230284697,Sr02_gA_IMG1_LID1_STA0_CFC64_OH0,0108_1039,A,0.5039954781532288,-0.018495485186576843,0.5,0.0,-21.134043814470644,-4.474484641356181,-2.881282673695796,16.759451106390333
1767865231.3487525,1767865231348760528,Sr02_gA_IMG1_LID1_STA0_CFC64_OH0,0108_1039,A,0.4974626898765564,-0.03229060396552086,0.5,0.0,-21.18234111843426,-4.487421737499418,-2.8784633291164683,16.734484890201678
1767865231.470702,1767865231470709934,Sr02_gA_IMG1_LID1_STA0_CFC64_OH0,0108_1039,A,0.5090221166610718,0.016393784433603287,0.5,0.0,-21.254692226041463,-4.5071344909745275,-2.873853171680681,16.6975314379268
1767865231.5901356,1767865231590142964,Sr02_gA_IMG1_LID1_STA0_CFC64_OH0,0108_1039,A,0.5009158253669739,0.000793051440268755,0.5,0.0,-21.302917820435795,-4.52033644127435,-2.8749172086365156,16.67308648997896
1767865231.7130852,1767865231713092099,Sr02_gA_IMG1_LID1_STA0_CFC64_OH0,0108_1039,A,0.5011182427406311,-0.00037385488394647837,0.5,0.0,-21.35115086244405,-4.533511164834631,-2.874982243514897,16.648731137022565
1767865231.836001,1767865231836012529,Sr02_gA_IMG1_LID1_STA0_CFC64_OH0,0108_1039,A,0.49846068024635315,0.001182563602924347,0.5,0.0,-21.42352656953575,-4.553177158936295,-2.877916590192777,16.612326149461406
1767865231.9572089,1767865231957216727,Sr02_gA_IMG1_LID1_STA0_CFC64_OH0,0108_1039,A,0.49883905053138733,0.026720624417066574,0.5,0.0,-21.471810510508142,-4.56616407598374,-2.879766136604126,16.58808786773553
1767865232.0765717,1767865232076579263,Sr02_gA_IMG1_LID1_STA0_CFC64_OH0,0108_1039,A,0.49723020195961,0.021059419959783554,0.5,0.0,-21.544286771657152,-4.585412749213755,-2.8835996586667125,16.551744901820104
1767865232.1968184,1767865232196826132,Sr02_gA_IMG1_LID1_STA0_CFC64_OH0,0108_1039,A,0.49709904193878174,0.021074891090393066,0.5,0.0,-21.592621489842312,-4.598209394738133,-2.881960287353587,16.52762308455359
1767865232.3166244,1767865232316634040,Sr02_gA_IMG1_LID1_STA0_CFC64_OH0,0108_1039,A,0.5004518032073975,0.001153358956798911,0.5,0.0,-21.640945198812027,-4.611047573459584,-2.881880970401619,16.503655217907667
1767865232.4398272,1767865232439834350,Sr02_gA_IMG1_LID1_STA0_CFC64_OH0,0108_1039,A,0.500851571559906,-0.0021913559176027775,0.5,0.0,-21.713430109107282,-4.630307299970348,-2.881898146261208,16.467924895990738
1767865232.5631607,1767865232563167300,Sr02_gA_IMG1_LID1_STA0_CFC64_OH0,0108_1039,A,0.5008459091186523,-0.0021720626391470432,0.5,0.0,-21.76175277023707,-4.643149422125343,-2.8817798904259075,16.444253689063302
1767865232.6856625,1767865232685670232,Sr02_gA_IMG1_LID1_STA0_CFC64_OH0,0108_1039,A,0.5053595900535583,-0.09206892549991608,0.5,0.0,-21.83420175496507,-4.662543665998348,-2.8781404229588734,16.409088433380376
1767865232.8051865,1767865232805194284,Sr02_gA_IMG1_LID1_STA0_CFC64_OH0,0108_1039,A,0.48967245221138,-0.1554439216852188,0.5,0.0,-21.88246284175469,-4.67561524818082,-2.876034484071531,16.38592409646526
1767865232.9242263,1767865232924234131,Sr02_gA_IMG1_LID1_STA0_CFC64_OH0,0108_1039,A,0.500770628452301,-0.12404855340719223,0.5,0.0,-21.954803754773767,-4.695408876253784,-2.873470885661763,16.35157440744216
1767865233.0473762,1767865233047384025,Sr02_gA_IMG1_LID1_STA0_CFC64_OH0,0108_1039,A,0.5007675290107727,-0.12404558807611465,0.5,0.0,-22.003016496717173,-4.708657694861582,-2.8733555496257464,16.32887488718301
1767865233.1733427,1767865233173350723,Sr02_gA_IMG1_LID1_STA0_CFC64_OH0,0108_1039,A,0.4967676103115082,-0.014198990538716316,0.5,0.0,-22.051229926104938,-4.721904011316314,-2.8735746822997075,16.306294766231836
1767865233.297427,1767865233297435644,Sr02_gA_IMG1_LID1_STA0_CFC64_OH0,0108_1039,A,0.4995865821838379,-0.14319701492786407,0.5,0.0,-22.123544764832012,-4.741749841794026,-2.87427624087337,16.272639840748404
1767865233.423161,1767865233423168801,Sr02_gA_IMG1_LID1_STA0_CFC64_OH0,0108_1039,A,0.5045194625854492,-0.2939532697200775,0.5,-0.5,-22.1717945410539,-4.754739968199038,-2.883183975896366,16.250150788692782
1767865233.5440862,1767865233544094993,Sr02_gA_IMG1_LID1_STA0_CFC64_OH0,0108_1039,A,0.5045197010040283,-0.29395318031311035,0.5,-0.5,-22.244478713074592,-4.773121379769556,-2.9049030153330238,16.215615669914037
1767865233.6668985,1767865233666906297,Sr02_gA_IMG1_LID1_STA0_CFC64_OH0,0108_1039,A,0.5032320022583008,-0.49261510372161865,0.5,-0.5,-22.293156158048404,-4.784543900056953,-2.9173078522468234,16.191973550043897
1767865233.7850957,1767865233785103522,Sr02_gA_IMG1_LID1_STA0_CFC64_OH0,0108_1039,A,0.48546189069747925,-0.3635227382183075,0.5,-0.5,-22.366396041642094,-4.800541460544737,-2.934801206731691,16.155732487179208
1767865233.9058795,1767865233905888126,Sr02_gA_IMG1_LID1_STA0_CFC64_OH0,0108_1039,A,0.5003626346588135,-0.4776157736778259,0.5,-0.5,-22.41530927295502,-4.810761160667283,-2.93633567520197,16.13132698764363
1767865234.0250554,1767865234025063008,Sr02_gA_IMG1_LID1_STA0_CFC64_OH0,0108_1039,A,0.500362753868103,-0.4776158034801483,0.5,-0.5,-22.488731004493832,-4.8253687703262536,-2.9565895091478924,16.09435928323099
1767865234.1465364,1767865234146548497,Sr02_gA_IMG1_LID1_STA0_CFC64_OH0,0108_1039,A,0.5008500814437866,-0.3700932562351227,0.5,-0.5,-22.537843796332083,-4.833880313180345,-2.9844628971990153,16.06882146673342
1767865234.267776,1767865234267783713,Sr02_gA_IMG1_LID1_STA0_CFC64_OH0,0108_1039,A,0.507091224193573,-0.2700878083705902,0.5,-0.5,-22.587335695044803,-4.8409776084041605,-3.0138581671450106,16.042075415369865
1767865234.384827,1767865234384834892,Sr02_gA_IMG1_LID1_STA0_CFC64_OH0,0108_1039,A,0.5070912837982178,-0.27008774876594543,0.5,-0.5,-22.66162910818064,-4.848342746597524,-3.076847212772665,15.999623765957057
1767865234.5122802,1767865234512287267,Sr02_gA_IMG1_LID1_STA0_CFC64_OH0,0108_1039,A,0.5033014416694641,-0.5079548358917236,0.5,-0.5,-22.711544859699128,-4.850659943685264,-3.1133798115364364,15.96922041025231
1767865234.633531,1767865234633539055,Sr02_gA_IMG1_LID1_STA0_CFC64_OH0,0108_1039,A,0.5033608078956604,-0.47795191407203674,0.5,-0.5,-22.786433811299375,-4.850265288052501,3.1007868740002533,15.92081944398502
1767865234.7524164,1767865234752423758,Sr02_gA_IMG1_LID1_STA0_CFC64_OH0,0108_1039,A,0.5125067234039307,-0.19069568812847137,0.5,0.0,-22.83632449269383,-4.847033523395309,3.0530253439123505,15.886405583960268
1767865234.873981,1767865234873988086,Sr02_gA_IMG1_LID1_STA0_CFC64_OH0,0108_1039,A,0.5125067830085754,-0.19069567322731018,0.5,0.0,-22.886010379647914,-4.841678377270516,3.0157116657568346,15.85056911131537
1767865234.996741,1767865234996749276,Sr02_gA_IMG1_LID1_STA0_CFC64_OH0,0108_1039,A,0.487085223197937,-0.2955571413040161,0.5,-0.5,-22.96014150717701,-4.830594878477591,2.97270754862004,15.794854014261137
1767865235.1235204,1767865235123527968,Sr02_gA_IMG1_LID1_STA0_CFC64_OH0,0108_1039,A,0.49731311202049255,-0.12627947330474854,0.5,0.0,-23.009310664204936,-4.821526158480108,2.9456988179185375,15.756658787009368
1767865235.245403,1767865235245411359,Sr02_gA_IMG1_LID1_STA0_CFC64_OH0,0108_1039,A,0.4903663694858551,-0.22488005459308624,0.5,-0.5,-23.081962541762955,-4.804910846334861,2.881545030162973,15.697849050312623
1767865235.365574,1767865235365581462,Sr02_gA_IMG1_LID1_STA0_CFC64_OH0,0108_1039,A,0.4903663694858551,-0.22488005459308624,0.5,-0.5,-23.129955854260885,-4.790904928274896,2.83374987679669,15.6567194019845
1767865235.487387,1767865235487394681,Sr02_gA_IMG1_LID1_STA0_CFC64_OH0,0108_1039,A,0.4930873215198517,0.01567460596561432,0.5,0.0,-23.200348209978145,-4.766808399916613,2.795801446673359,15.593721318988818
1767865235.608114,1767865235608121876,Sr02_gA_IMG1_LID1_STA0_CFC64_OH0,0108_1039,A,0.4789786636829376,-0.06365909427404404,0.5,0.0,-23.24722415326581,-4.749413864829313,2.776731910533883,15.550774546692436
1767865235.7293947,1767865235729402538,Sr02_gA_IMG1_LID1_STA0_CFC64_OH0,0108_1039,A,0.49765413999557495,-0.1458234041929245,0.5,0.0,-23.31657014299793,-4.721280984476011,2.736345556928742,15.485444404216649
1767865235.8492749,1767865235849284156,Sr02_gA_IMG1_LID1_STA0_CFC64_OH0,0108_1039,A,0.4961327016353607,-0.11740820854902267,0.5,0.0,-23.362334028708535,-4.701287207295334,2.723363476478166,15.441261587527016
1767865235.9680345,1767865235968043032,Sr02_gA_IMG1_LID1_STA0_CFC64_OH0,0108_1039,A,0.5113558173179626,-0.32769906520843506,0.5,-0.5,-23.407752277017682,-4.680546386899991,2.702119577985404,15.396744318846592
1767865236.0844,1767865236084407633,Sr02_gA_IMG1_LID1_STA0_CFC64_OH0,0108_1039,A,0.525022566318512,-0.06746204197406769,0.5,0.0,-23.47506447088001,-4.647504439926072,2.6688295639420763,15.329023055290078
1767865236.2033963,1767865236203404018,Sr02_gA_IMG1_LID1_STA0_CFC64_OH0,0108_1039,A,0.5047972202301025,-0.07963311672210693,0.5,0.0,-23.51924930649701,-4.624705243334988,2.6648329598575407,15.283735407104242
1767865236.3225796,1767865236322587677,Sr02_gA_IMG1_LID1_STA0_CFC64_OH0,0108_1039,A,0.4703112840652466,-0.20544567704200745,0.5,-0.5,-23.563599293081488,-4.601687659092403,2.659817941528569,15.238201644123489
1767865236.4416726,1767865236441679983,Sr02_gA_IMG1_LID1_STA0_CFC64_OH0,0108_1039,A,0.5355401635169983,0.1104821190237999,0.5,0.0,-23.629741083269035,-4.566410060674602,2.6411021455090498,15.169598590442842
1767865236.560234,1767865236560241547,Sr02_gA_IMG1_LID1_STA0_CFC64_OH0,0108_1039,A,0.5022567510604858,-0.18939998745918274,0.5,0.0,-23.673466591143516,-4.542160299419281,2.629361322114011,15.12354794429458
1767865236.6788254,1767865236678832736,Sr02_gA_IMG1_LID1_STA0_CFC64_OH0,0108_1039,A,0.5267789959907532,-0.17388476431369781,0.5,0.0,-23.7379190315935,-4.5046033477056415,2.5934174514321082,15.054284501179824
1767865236.7968447,1767865236796852425,Sr02_gA_IMG1_LID1_STA0_CFC64_OH0,0108_1039,A,0.5183589458465576,-0.14731365442276,0.5,0.0,-23.780157498131597,-4.478406205996276,2.582247173428925,15.0076698483364
1767865236.9201176,1767865236920125171,Sr02_gA_IMG1_LID1_STA0_CFC64_OH0,0108_1039,A,0.4772460460662842,-0.24423864483833313,0.5,-0.5,-23.82243153893249,-4.451706169600757,2.5742838840101645,14.960655858237537
1767865237.0382247,1767865237038232486,Sr02_gA_IMG1_LID1_STA0_CFC64_OH0,0108_1039,A,0.491295725107193,-0.1329413503408432,0.5,0.0,-23.88511403287861,-4.41075624674707,2.548600199526294,14.889904772230866
1767865237.1615684,1767865237161576207,Sr02_gA_IMG1_LID1_STA0_CFC64_OH0,0108_1039,A,0.4613100290298462,-0.04922321066260338,0.5,0.0,-23.926065824265578,-4.383011134092884,2.5480083819195616,14.84291812676394
1767865237.2828114,1767865237282834887,Sr02_gA_IMG1_LID1_STA0_CFC64_OH0,0108_1039,A,0.4867943823337555,-0.06747990101575851,0.5,0.0,-23.98766739704707,-4.341283034788122,2.536417981171683,14.77227498360565
1767865237.4034848,1767865237403492772,Sr02_gA_IMG1_LID1_STA0_CFC64_OH0,0108_1039,A,0.5162810683250427,-0.4310419261455536,0.5,-0.5,-24.02853815564199,-4.312481684607562,2.519029532527012,14.72454030136129
1767865237.5260427,1767865237526050648,Sr02_gA_IMG1_LID1_STA0_CFC64_OH0,0108_1039,A,0.5139859318733215,-0.40301498770713806,0.5,-0.5,-24.06894126004362,-4.283027591196382,2.5042981708469276,14.676586617871639
1767865237.64358,1767865237643588596,Sr02_gA_IMG1_LID1_STA0_CFC64_OH0,0108_1039,A,0.5151404142379761,-0.47934281826019287,0.5,-0.5,-24.12845002842615,-4.237522976409113,2.4712804059515525,14.604294676810644
1767865237.7710214,1767865237771028117,Sr02_gA_IMG1_LID1_STA0_CFC64_OH0,0108_1039,A,0.512806236743927,-0.12290023267269135,0.5,0.0,-24.167379252831754,-4.206212180602226,2.4575644329625006,14.555790245168238
1767865237.8952608,1767865237895268523,Sr02_gA_IMG1_LID1_STA0_CFC64_OH0,0108_1039,A,0.5400510430335999,-0.05484280362725258,0.5,0.0,-24.225243233201134,-4.158547832087937,2.448424814599766,14.48281696949054
1767865238.015073,1767865238015081711,Sr02_gA_IMG1_LID1_STA0_CFC64_OH0,0108_1039,A,0.4737226665019989,-0.10677170008420944,0.5,0.0,-24.263596429256115,-4.126469450783796,2.4416768366179564,14.434073482020738
1767865238.135001,1767865238135008094,Sr02_gA_IMG1_LID1_STA0_CFC64_OH0,0108_1039,A,0.49927106499671936,-0.40292879939079285,0.5,-0.5,-24.319496205504084,-4.077863442735573,2.401692927429411,14.361569060263045
1767865238.2528381,1767865238252846360,Sr02_gA_IMG1_LID1_STA0_CFC64_OH0,0108_1039,A,0.4994320273399353,-0.4156116545200348,0.5,-0.5,-24.35572209203683,-4.0434279822240615,2.3609779649015965,14.31224920141259
1767865238.3736312,1767865238373639932,Sr02_gA_IMG1_LID1_STA0_CFC64_OH0,0108_1039,A,0.4929102063179016,-0.4045974612236023,0.5,-0.5,-24.390373380128285,-4.0074268721856585,2.313141229940241,14.262634113898224
1767865238.493882,1767865238493889585,Sr02_gA_IMG1_LID1_STA0_CFC64_OH0,0108_1039,A,0.47319313883781433,-0.5346673130989075,0.5,-0.5,-24.439245331127985,-3.9513713097425316,2.2730988119046542,14.188447830056871
1767865238.6160269,1767865238616038698,Sr02_gA_IMG1_LID1_STA0_CFC64_OH0,0108_1039,A,0.5021852850914001,-0.4014582335948944,0.5,-0.5,-24.471431492683458,-3.9131217279536665,2.267578327541037,14.138527706793425
1767865238.7350414,1767865238735049190,Sr02_gA_IMG1_LID1_STA0_CFC64_OH0,0108_1039,A,0.551047682762146,-0.2843850553035736,0.5,-0.5,-24.51910628040632,-3.8552831629263213,2.251308408309397,14.063641959348343
1767865238.8553767,1767865238855385497,Sr02_gA_IMG1_LID1_STA0_CFC64_OH0,0108_1039,A,0.543164849281311,-0.28562211990356445,0.5,-0.5,-24.549645634654446,-3.816556137319885,2.221944778177397,14.014333505331104
1767865238.9755628,1767865238975572001,Sr02_gA_IMG1_LID1_STA0_CFC64_OH0,0108_1039,A,0.5184311270713806,-0.297202467918396,0.5,-0.5,-24.579105817946054,-3.7761872912703254,2.1804584364364312,13.96436438678787
1767865239.0956879,1767865239095695456,Sr02_gA_IMG1_LID1_STA0_CFC64_OH0,0108_1039,A,0.5219953060150146,-0.17459094524383545,0.5,0.0,-24.620136575639858,-3.7134384183052465,2.1191349629535474,13.889561970294158
1767865239.2156308,1767865239215642437,Sr02_gA_IMG1_LID1_STA0_CFC64_OH0,0108_1039,A,0.5258588790893555,-0.16619917750358582,0.5,0.0,-24.645035240721953,-3.670214225759186,2.066844001667007,13.840064583758013
1767865239.338104,1767865239338112437,Sr02_gA_IMG1_LID1_STA0_CFC64_OH0,0108_1039,A,0.5387689471244812,-0.04407251998782158,0.5,0.0,-24.678564379449185,-3.6032542074411356,2.0062566388985212,13.766435634099981
1767865239.4586666,1767865239458675322,Sr02_gA_IMG1_LID1_STA0_CFC64_OH0,0108_1039,A,0.49472448229789734,-0.05598926544189453,0.5,0.0,-24.699002875354562,-3.5576346230511375,1.977784149035463,13.717733617202612
1767865239.5780795,1767865239578087112,Sr02_gA_IMG1_LID1_STA0_CFC64_OH0,0108_1039,A,0.5113434195518494,-0.07205278426408768,0.5,0.0,-24.718136749021653,-3.5114423663754035,1.9492219847077294,13.669374368865293
1767865239.7000418,1767865239700050033,Sr02_gA_IMG1_LID1_STA0_CFC64_OH0,0108_1039,A,0.5077767372131348,-0.06906846910715103,0.5,0.0,-24.74429565979707,-3.4411731091573556,1.905380581695357,13.597618935761535
1767865239.8209507,1767865239820958572,Sr02_gA_IMG1_LID1_STA0_CFC64_OH0,0108_1039,A,0.5023910403251648,-0.03920955955982208,0.5,0.0,-24.760257834701548,-3.3938499226043533,1.8873495914529896,13.550319442914903
1767865239.942346,1767865239942353931,Sr02_gA_IMG1_LID1_STA0_CFC64_OH0,0108_1039,A,0.5165747404098511,-0.04615289717912674,0.5,0.0,-24.782703564241604,-3.3223235433330305,1.863482850327042,13.479887997021134
1767865240.0635228,1767865240063530656,Sr02_gA_IMG1_LID1_STA0_CFC64_OH0,0108_1039,A,0.5057595372200012,-0.024200253188610077,0.5,0.0,-24.797005991382797,-3.2744449033006466,1.8588679621195763,13.433210283645009
1767865240.1839383,1767865240183945321,Sr02_gA_IMG1_LID1_STA0_CFC64_OH0,0108_1039,A,0.5125933289527893,0.000715876929461956,0.5,0.0,-24.818008095876316,-3.202445765938983,1.8499877024081335,13.363371107512071
1767865240.3062577,1767865240306265358,Sr02_gA_IMG1_LID1_STA0_CFC64_OH0,0108_1039,A,0.5010945200920105,-0.009609014727175236,0.5,0.0,-24.831613812958818,-3.1543326351644505,1.8428122774868032,13.316995369341083
1767865240.4257188,1767865240425726761,Sr02_gA_IMG1_LID1_STA0_CFC64_OH0,0108_1039,A,0.48979467153549194,0.0012643826194107533,0.5,0.0,-24.844881074344787,-3.106125068143349,1.8359054412370341,13.270779119095193
1767865240.5499277,1767865240549935747,Sr02_gA_IMG1_LID1_STA0_CFC64_OH0,0108_1039,A,0.5012210011482239,0.00510582746937871,0.5,0.0,-24.864297623316425,-3.0336821244741556,1.8295865438434378,13.201700838973085
1767865240.6671712,1767865240667179330,Sr02_gA_IMG1_LID1_STA0_CFC64_OH0,0108_1039,A,0.500800609588623,0.007588477805256844,0.5,0.0,-24.876981599532346,-2.9853177575099434,1.824971262086063,13.155790882372443
1767865240.7852259,1767865240785233344,Sr02_gA_IMG1_LID1_STA0_CFC64_OH0,0108_1039,A,0.4862579107284546,0.02154027670621872,0.5,0.0,-24.89569532519761,-2.9126900080006877,1.8216199913653484,13.087111455407095
1767865240.907749,1767865240907756604,Sr02_gA_IMG1_LID1_STA0_CFC64_OH0,0108_1039,A,0.4927709102630615,0.007856743410229683,0.5,0.0,-24.908107154725965,-2.8642550395398376,1.8216915774633216,13.041390584571728
1767865241.0255132,1767865241025521492,Sr02_gA_IMG1_LID1_STA0_CFC64_OH0,0108_1039,A,0.49421799182891846,0.00653538852930069,0.5,0.0,-24.920497445988268,-2.8158145588153123,1.820730685462831,12.995710284832239
1767865241.1444924,1767865241144500083,Sr02_gA_IMG1_LID1_STA0_CFC64_OH0,0108_1039,A,0.49927350878715515,0.012339113280177116,0.5,0.0,-24.939040205509567,-2.7431429320141825,1.8207412788985828,12.92726782883148
1767865241.2653768,1767865241265387612,Sr02_gA_IMG1_LID1_STA0_CFC64_OH0,0108_1039,A,0.49493539333343506,-0.00461526308208704,0.5,0.0,-24.951420103168168,-2.6946997925342044,1.8212518599920338,12.881672426946398
1767865241.3839655,1767865241383972499,Sr02_gA_IMG1_LID1_STA0_CFC64_OH0,0108_1039,A,0.5024262070655823,-0.0011773211881518364,0.5,0.0,-24.97004945675789,-2.622050320796122,1.8226443271118529,12.813315576772796
1767865241.5060875,1767865241506095373,Sr02_gA_IMG1_LID1_STA0_CFC64_OH0,0108_1039,A,0.5033825635910034,0.0034134886227548122,0.5,0.0,-24.98256130239375,-2.5736411023039367,1.8247983504318264,12.767746418614204
1767865241.6259282,1767865241625936825,Sr02_gA_IMG1_LID1_STA0_CFC64_OH0,0108_1039,A,0.5091326832771301,-0.005031276494264603,0.5,0.0,-24.995144291277164,-2.5252503186275894,1.825584033958432,12.722180177593648
1767865241.7444115,1767865241744417886,Sr02_gA_IMG1_LID1_STA0_CFC64_OH0,0108_1039,A,0.5126723051071167,0.004624437540769577,0.5,0.0,-25.01408434835007,-2.452681227203184,1.8266936253811759,12.65386553228118
1767865241.8666651,1767865241866675835,Sr02_gA_IMG1_LID1_STA0_CFC64_OH0,0108_1039,A,0.5085274577140808,0.0008585131727159023,0.5,0.0,-25.026769867033867,-2.404317222184047,1.8279275343467847,12.608339437940495
1767865241.9854572,1767865241985465038,Sr02_gA_IMG1_LID1_STA0_CFC64_OH0,0108_1039,A,0.5034098029136658,0.003058791160583496,0.5,0.0,-25.0458185404896,-2.3317765637048185,1.8273383945044563,12.54010541605728
1767865242.100153,1767865242100161497,Sr02_gA_IMG1_LID1_STA0_CFC64_OH0,0108_1039,A,0.5042738914489746,-0.0052439626306295395,0.5,0.0,-25.058502669213677,-2.283412190875385,1.8272665680095996,12.494665632283475
1767865242.221013,1767865242221020412,Sr02_gA_IMG1_LID1_STA0_CFC64_OH0,0108_1039,A,0.5022292733192444,-0.01933934912085533,0.5,0.0,-25.07119431439914,-2.235049790177693,1.827607915335545,12.449257549207434
1767865242.3430657,1767865242343073463,Sr02_gA_IMG1_LID1_STA0_CFC64_OH0,0108_1039,A,0.4997132420539856,-0.014228432439267635,0.5,0.0,-25.090223645358478,-2.1625040553991584,1.8271307862197683,12.381215319717432
1767865242.468772,1767865242468779829,Sr02_gA_IMG1_LID1_STA0_CFC64_OH0,0108_1039,A,0.4891466498374939,-0.0038537054788321257,0.5,0.0,-25.102911651956116,-2.1141407001904953,1.8275932286447278,12.335897873390904
1767865242.5907328,1767865242590739935,Sr02_gA_IMG1_LID1_STA0_CFC64_OH0,0108_1039,A,0.4903753101825714,0.001933553023263812,0.5,0.0,-25.12196558519148,-2.041601421852746,1.8277880148760517,12.267980274384085
1767865242.7126496,1767865242712657100,Sr02_gA_IMG1_LID1_STA0_CFC64_OH0,0108_1039,A,0.49803969264030457,-0.0027246526442468166,0.5,0.0,-25.13468138881529,-1.9932453673814783,1.828010870637793,12.222742065064677
1767865242.832642,1767865242832650779,Sr02_gA_IMG1_LID1_STA0_CFC64_OH0,0108_1039,A,0.4963950216770172,0.0016486758831888437,0.5,0.0,-25.147388094961805,-1.944886921950008,1.8274864770012678,12.177545126609443
1767865242.952548,1767865242952555932,Sr02_gA_IMG1_LID1_STA0_CFC64_OH0,0108_1039,A,0.4950098991394043,-0.0016126683913171291,0.5,0.0,-25.166334271841997,-1.8723194506375187,1.8248287583567013,12.109871338838925
1767865243.0748644,1767865243074871289,Sr02_gA_IMG1_LID1_STA0_CFC64_OH0,0108_1039,A,0.4924255311489105,0.0020543630234897137,0.5,0.0,-25.17886528787339,-1.8239151853461764,1.8234059171367998,12.064848425603763
1767865243.1950662,1767865243195073323,Sr02_gA_IMG1_LID1_STA0_CFC64_OH0,0108_1039,A,0.49371716380119324,0.002229703590273857,0.5,0.0,-25.197582441233532,-1.751288280491121,1.8228398481173438,11.99742392668951
1767865243.319486,1767865243319493818,Sr02_gA_IMG1_LID1_STA0_CFC64_OH0,0108_1039,A,0.4901488423347473,0.007288436405360699,0.5,0.0,-25.210056293222063,-1.7028692481608223,1.8230332027601437,11.952526344604328
1767865243.4412532,1767865243441260349,Sr02_gA_IMG1_LID1_STA0_CFC64_OH0,0108_1039,A,0.4960826337337494,0.01283134426921606,0.5,0.0,-25.222528230126347,-1.6544497225822608,1.822760741505817,11.907670301374441
1767865243.563886,1767865243563894178,Sr02_gA_IMG1_LID1_STA0_CFC64_OH0,0108_1039,A,0.4899251461029053,0.00022943911608308554,0.5,0.0,-25.241229213362878,-1.5818186514689923,1.8228879611212228,11.840466685882989
1767865243.6878047,1767865243687811663,Sr02_gA_IMG1_LID1_STA0_CFC64_OH0,0108_1039,A,0.48903873562812805,0.0010457865428179502,0.5,0.0,-25.25369680966755,-1.5333980079384195,1.822726695240669,11.795716365506983
1767865243.809149,1767865243809155815,Sr02_gA_IMG1_LID1_STA0_CFC64_OH0,0108_1039,A,0.48865193128585815,0.0037865890190005302,0.5,0.0,-25.272400980535387,-1.4607677577946585,1.8230016828118318,11.728669114891513
1767865243.9346209,1767865243934629090,Sr02_gA_IMG1_LID1_STA0_CFC64_OH0,0108_1039,A,0.48592954874038696,-0.005002683959901333,0.5,0.0,-25.284883385181814,-1.4123509296573362,1.8232246527957776,11.684018626667907
1767865244.052853,1767865244052860830,Sr02_gA_IMG1_LID1_STA0_CFC64_OH0,0108_1039,A,0.49676719307899475,-0.02878154069185257,0.5,0.0,-25.30365531937712,-1.3397381679056752,1.8244287666608214,11.617101999975974
1767865244.17703,1767865244177045741,Sr02_gA_IMG1_LID1_STA0_CFC64_OH0,0108_1039,A,0.496875137090683,-0.028856933116912842,0.5,0.0,-25.31623245892748,-1.2913458658248391,1.8257118986602878,11.572516662733989
1767865244.3018546,1767865244301862575,Sr02_gA_IMG1_LID1_STA0_CFC64_OH0,0108_1039,A,0.49382299184799194,0.004164816811680794,0.5,0.0,-25.335146163233276,-1.2187698982127033,1.8257708138859716,11.505699508057544
1767865244.4234996,1767865244423508808,Sr02_gA_IMG1_LID1_STA0_CFC64_OH0,0108_1039,A,0.48435285687446594,0.0034262221306562424,0.5,0.0,-25.34775979467749,-1.1703870915329335,1.8259027988222958,11.46120886523889
1767865244.543368,1767865244543376830,Sr02_gA_IMG1_LID1_STA0_CFC64_OH0,0108_1039,A,0.49092042446136475,-0.0005381128867156804,0.5,0.0,-25.36670462204709,-1.097819242577403,1.8262071144845407,11.394546981242405
1767865244.6605453,1767865244660553356,Sr02_gA_IMG1_LID1_STA0_CFC64_OH0,0108_1039,A,0.49263137578964233,-0.0005054991925135255,0.5,0.0,-25.37932408909578,-1.0494379583479325,1.8254690720031956,11.350168509921515
1767865244.7784853,1767865244778492753,Sr02_gA_IMG1_LID1_STA0_CFC64_OH0,0108_1039,A,0.4951092302799225,0.005808376707136631,0.5,0.0,-25.391850874391743,-1.0010326114647699,1.8225909277074026,11.305881433090846
1767865244.8987615,1767865244898769819,Sr02_gA_IMG1_LID1_STA0_CFC64_OH0,0108_1039,A,0.49042919278144836,0.0038271662779152393,0.5,0.0,-25.410380144691697,-0.9283576027616742,1.818593347526264,11.239667154193283
1767865245.0176175,1767865245017626039,Sr02_gA_IMG1_LID1_STA0_CFC64_OH0,0108_1039,A,0.4905708134174347,0.0042977891862392426,0.5,0.0,-25.422653680572562,-0.8798874061032915,1.8190098214911725,11.195624593320519
1767865245.1426075,1767865245142614678,Sr02_gA_IMG1_LID1_STA0_CFC64_OH0,0108_1039,A,0.4901013970375061,0.014910739846527576,0.5,0.0,-25.434945952580513,-0.8314219575123871,1.8193598296437403,11.15162307119878
1767865245.263134,1767865245263141445,Sr02_gA_IMG1_LID1_STA0_CFC64_OH0,0108_1039,A,0.4870968759059906,0.009984271600842476,0.5,0.0,-25.45340168935013,-0.7587281815493845,1.8193983718506765,11.085707602491729
1767865245.3880975,1767865245388105388,Sr02_gA_IMG1_LID1_STA0_CFC64_OH0,0108_1039,A,0.4832915663719177,0.004499345552176237,0.5,0.0,-25.465702924771822,-0.7102650069761568,1.8193478220071448,11.041829649240698
1767865245.5054748,1767865245505482383,Sr02_gA_IMG1_LID1_STA0_CFC64_OH0,0108_1039,A,0.4826142191886902,0.004261520691215992,0.5,0.0,-25.484179977548642,-0.6375766483996324,1.8201163108557996,10.9760983374808
1767865245.624387,1767865245624396012,Sr02_gA_IMG1_LID1_STA0_CFC64_OH0,0108_1039,A,0.4893195927143097,-0.006722302176058292,0.5,0.0,-25.49652649984514,-0.5891249916718883,1.8204990269751518,10.93232950156831
1767865245.748886,1767865245748895617,Sr02_gA_IMG1_LID1_STA0_CFC64_OH0,0108_1039,A,0.4871138334274292,-0.004976759199053049,0.5,0.0,-25.515085927780376,-0.516457622140409,1.8214620739918292,10.866757136185466
1767865245.8702273,1767865245870235781,Sr02_gA_IMG1_LID1_STA0_CFC64_OH0,0108_1039,A,0.4932333827018738,-0.0004543488612398505,0.5,0.0,-25.52752448193264,-0.46802951469912,1.8229531453624541,10.823077192780154
1767865245.9918392,1767865245991847048,Sr02_gA_IMG1_LID1_STA0_CFC64_OH0,0108_1039,A,0.4948904514312744,0.013753102160990238,0.5,0.0,-25.540023308053154,-0.41961692521271465,1.823951574659239,10.779421734676157
1767865246.113498,1767865246113505424,Sr02_gA_IMG1_LID1_STA0_CFC64_OH0,0108_1039,A,0.49873441457748413,-0.011410467326641083,0.5,0.0,-25.558839726487143,-0.347015675618533,1.824733799813454,10.714007950846849
1767865246.241489,1767865246241495555,Sr02_gA_IMG1_LID1_STA0_CFC64_OH0,0108_1039,A,0.504388689994812,-0.02146201953291893,0.5,0.0,-25.571410892341643,-0.29862181821659906,1.8251599512362475,10.670455164109608
1767865246.36119,1767865246361197544,Sr02_gA_IMG1_LID1_STA0_CFC64_OH0,0108_1039,A,0.5057565569877625,-0.01951005682349205,0.5,0.0,-25.590254386233525,-0.22602759270371162,1.8242963635832112,10.605239406498729
1767865246.479725,1767865246479732146,Sr02_gA_IMG1_LID1_STA0_CFC64_OH0,0108_1039,A,0.5009466409683228,-0.006182982586324215,0.5,0.0,-25.602782023978573,-0.17762244913492076,1.8237986883737567,10.561852233663014
1767865246.6021004,1767865246602107577,Sr02_gA_IMG1_LID1_STA0_CFC64_OH0,0108_1039,A,0.49735286831855774,-0.00826439168304205,0.5,0.0,-25.62155603281468,-0.10501021990547955,1.824156744892089,10.49689081771033
1767865246.7234435,1767865246723450978,Sr02_gA_IMG1_LID1_STA0_CFC64_OH0,0108_1039,A,0.4985598921775818,-0.015583932399749756,0.5,0.0,-25.634121629680738,-0.05661491951970891,1.8252804312350623,10.453632113237598
1767865246.8420484,1767865246842056083,Sr02_gA_IMG1_LID1_STA0_CFC64_OH0,0108_1039,A,0.49735331535339355,-0.012611735612154007,0.5,0.0,-25.64668132709706,-0.0082180868515279,1.8241393917296107,10.410436873878277
1767865246.9618192,1767865246961827002,Sr02_gA_IMG1_LID1_STA0_CFC64_OH0,0108_1039,A,0.498066246509552,-0.009313696064054966,0.5,0.0,-25.66537622784678,0.0644145183418807,1.8211406509892858,10.34583496952813
1767865247.0822072,1767865247082215137,Sr02_gA_IMG1_LID1_STA0_CFC64_OH0,0108_1039,A,0.5014178156852722,-0.019202906638383865,0.5,0.0,-25.67771584282514,0.11286792680870636,1.819189648082132,10.302910752634023
1767865247.2038178,1767865247203824981,Sr02_gA_IMG1_LID1_STA0_CFC64_OH0,0108_1039,A,0.49963152408599854,-0.011448219418525696,0.5,0.0,-25.69611107613468,0.18557703378565255,1.8180872948442197,10.238705834425279
1767865247.3240192,1767865247324026043,Sr02_gA_IMG1_LID1_STA0_CFC64_OH0,0108_1039,A,0.4976251721382141,-0.011436672881245613,0.5,0.0,-25.70832995354902,0.23406103707966683,1.8172608571510713,10.196008410138502
1767865247.4457834,1767865247445789487,Sr02_gA_IMG1_LID1_STA0_CFC64_OH0,0108_1039,A,0.49639812111854553,-0.01538638025522232,0.5,0.0,-25.720491008636806,0.28255957227359757,1.8157024720608768,10.153408909288725
1767865247.5685859,1767865247568594851,Sr02_gA_IMG1_LID1_STA0_CFC64_OH0,0108_1039,A,0.49324506521224976,-0.0042639803141355515,0.5,0.0,-25.738603109960977,0.35533971631526795,1.813784247220862,10.089707574831774
1767865247.6855707,1767865247685577650,Sr02_gA_IMG1_LID1_STA0_CFC64_OH0,0108_1039,A,0.49767109751701355,-0.006115400232374668,0.5,0.0,-25.75061069932051,0.40387647867178417,1.8128528784351645,10.04736349372718
1767865247.8098729,1767865247809880564,Sr02_gA_IMG1_LID1_STA0_CFC64_OH0,0108_1039,A,0.5005779266357422,-0.002649956848472357,0.5,0.0,-25.7684910027944,0.47671390271759057,1.810226434678642,9.984052662287143
1767865247.927332,1767865247927339674,Sr02_gA_IMG1_LID1_STA0_CFC64_OH0,0108_1039,A,0.500005841255188,-0.006895055994391441,0.5,0.0,-25.78032064688432,0.5252943404537714,1.8090816141492747,9.941986198800874
1767865248.0457013,1767865248045708503,Sr02_gA_IMG1_LID1_STA0_CFC64_OH0,0108_1039,A,0.5023491382598877,-0.00747834425419569,0.5,0.0,-25.792094695427654,0.5738882823741063,1.8079379487228666,9.900024663442032
1767865248.1693835,1767865248169391274,Sr02_gA_IMG1_LID1_STA0_CFC64_OH0,0108_1039,A,0.5003277659416199,-0.0017935755895450711,0.5,0.0,-25.809635319795937,0.6468082614418095,1.8057089925000578,9.83729130721602
1767865248.2925491,1767865248292557700,Sr02_gA_IMG1_LID1_STA0_CFC64_OH0,0108_1039,A,0.4960399568080902,-0.011132529005408287,0.5,0.0,-25.821262853713282,0.6954374718029264,1.805282586655188,9.795602519778775
1767865248.413855,1767865248413961314,Sr02_gA_IMG1_LID1_STA0_CFC64_OH0,0108_1039,A,0.5037450194358826,-0.0013321347068995237,0.5,0.0,-25.838656532663343,0.7683926555354056,1.8044184461699655,9.733243416547841
1767865248.5359972,1767865248536006491,Sr02_gA_IMG1_LID1_STA0_CFC64_OH0,0108_1039,A,0.501873254776001,-0.013066143728792667,0.5,0.0,-25.850225224662193,0.8170358979627513,1.8041534501802547,9.691785808157766
1767865248.6603134,1767865248660320786,Sr02_gA_IMG1_LID1_STA0_CFC64_OH0,0108_1039,A,0.4983140528202057,-0.013472890481352806,0.5,0.0,-25.867530730921057,0.8900120463218494,1.8031016985386137,9.629779076823732
1767865248.778794,1767865248778801918,Sr02_gA_IMG1_LID1_STA0_CFC64_OH0,0108_1039,A,0.506791889667511,-0.017990540713071823,0.5,0.0,-25.87902361442971,0.9386732546414771,1.8023538653459614,9.588570112653128
1767865248.900259,1767865248900268621,Sr02_gA_IMG1_LID1_STA0_CFC64_OH0,0108_1039,A,0.5007457137107849,-0.0048846285790205,0.5,0.0,-25.89049393765928,0.9873397868936236,1.8021745037303838,9.547458347457722
1767865249.0201383,1767865249020146732,Sr02_gA_IMG1_LID1_STA0_CFC64_OH0,0108_1039,A,0.5051940083503723,-0.0011924393475055695,0.5,0.0,-25.907644883759783,1.0603524101431374,1.800789411391116,9.485982957732684
1767865249.1399553,1767865249139964410,Sr02_gA_IMG1_LID1_STA0_CFC64_OH0,0108_1039,A,0.49905964732170105,0.009358592331409454,0.5,0.0,-25.91904017978593,1.1090365647304237,1.8006561960504108,9.445130865396091
1767865249.2587473,1767865249258755036,Sr02_gA_IMG1_LID1_STA0_CFC64_OH0,0108_1039,A,0.5064185261726379,0.0013134279288351536,0.5,0.0,-25.93606496089882,1.1820787056619964,1.7988095593375697,9.384059534157956
1767865249.377567,1767865249377574807,Sr02_gA_IMG1_LID1_STA0_CFC64_OH0,0108_1039,A,0.5040947794914246,-0.02463194727897644,0.5,0.0,-25.94733427769234,1.2307921720113726,1.7974622725796945,9.343506417586557
1767865249.4950836,1767865249495090694,Sr02_gA_IMG1_LID1_STA0_CFC64_OH0,0108_1039,A,0.5070987343788147,-0.00949953868985176,0.5,0.0,-25.958526945548705,1.2795233036907916,1.7956632249078228,9.303091619342524
1767865249.6125636,1767865249612572226,Sr02_gA_IMG1_LID1_STA0_CFC64_OH0,0108_1039,A,0.4851716458797455,-0.003823243547230959,0.5,0.0,-25.975197529437526,1.3526471060983387,1.7945373450697615,9.242717456821264
1767865249.7356749,1767865249735682025,Sr02_gA_IMG1_LID1_STA0_CFC64_OH0,0108_1039,A,0.4968219995498657,0.007768386043608189,0.5,0.0,-25.986288568679004,1.4014014754274007,1.7944180985047773,9.2026014558501
1767865249.8524368,1767865249852443366,Sr02_gA_IMG1_LID1_STA0_CFC64_OH0,0108_1039,A,0.49778124690055847,0.023155279457569122,0.5,0.0,-26.002963850407667,1.4745242040316646,1.7955554694946978,9.142586224700302
1767865249.9837005,1767865249983708768,Sr02_gA_IMG1_LID1_STA0_CFC64_OH0,0108_1039,A,0.4908829927444458,0.015452058054506779,0.5,0.0,-26.014110629135015,1.5232658597628006,1.7956868125499446,9.102681004978512
1767865250.1016963,1767865250101703791,Sr02_gA_IMG1_LID1_STA0_CFC64_OH0,0108_1039,A,0.5041692852973938,0.02551029622554779,0.5,0.0,-26.03070381801171,1.5964072278232804,1.7924460065403924,9.0430906283433
1767865250.2259438,1767865250225953103,Sr02_gA_IMG1_LID1_STA0_CFC64_OH0,0108_1039,A,0.48973116278648376,0.01992928609251976,0.5,0.0,-26.041672748472852,1.6451892128755516,1.7915528136996044,9.00355020427901
1767865250.3476396,1767865250347647467,Sr02_gA_IMG1_LID1_STA0_CFC64_OH0,0108_1039,A,0.48868894577026367,0.01989663392305374,0.5,0.0,-26.05261181203118,1.6939779056336683,1.7911704887609041,8.964133124696112
1767865250.46621,1767865250466219790,Sr02_gA_IMG1_LID1_STA0_CFC64_OH0,0108_1039,A,0.5045689940452576,0.008968102745711803,0.5,0.0,-26.069042354751367,1.7671560157258868,1.7925275462888672,8.905192795480536
1767865250.5923479,1767865250592355748,Sr02_gA_IMG1_LID1_STA0_CFC64_OH0,0108_1039,A,0.5097204446792603,0.0030540963634848595,0.5,0.0,-26.080094754451235,1.8159191475644785,1.7948430695347055,8.865971059882806
1767865250.712286,1767865250712299644,Sr02_gA_IMG1_LID1_STA0_CFC64_OH0,0108_1039,A,0.5059917569160461,0.0010910960845649242,0.5,0.0,-26.09685041042882,1.8890234864065396,1.7975396515555782,8.80722973160008
1767865250.8305597,1767865250830567913,Sr02_gA_IMG1_LID1_STA0_CFC64_OH0,0108_1039,A,0.5075026750564575,-0.00011786061804741621,0.5,0.0,-26.108152810941014,1.9377292773317163,1.80009067683962,8.768121907459436
1767865250.9530892,1767865250953099248,Sr02_gA_IMG1_LID1_STA0_CFC64_OH0,0108_1039,A,0.5093305706977844,-0.009320028126239777,0.5,0.0,-26.11956584194067,1.9864092688956527,1.802083606459815,8.729054113306772
1767865251.070613,1767865251070620045,Sr02_gA_IMG1_LID1_STA0_CFC64_OH0,0108_1039,A,0.49647924304008484,0.012929953634738922,0.5,0.0,-26.13686683585559,2.0593864624348717,1.804959470635429,8.67054578755085
1767865251.189908,1767865251189914894,Sr02_gA_IMG1_LID1_STA0_CFC64_OH0,0108_1039,A,0.5001134872436523,0.019434913992881775,0.5,0.0,-26.14849009448462,2.1080166935072806,1.805856281771436,8.63162414533709
1767865251.308845,1767865251308852738,Sr02_gA_IMG1_LID1_STA0_CFC64_OH0,0108_1039,A,0.49392253160476685,0.023379933089017868,0.5,0.0,-26.165978375408663,2.18094925975208,1.8063342814134642,8.57342236478883
1767865251.426582,1767865251426590505,Sr02_gA_IMG1_LID1_STA0_CFC64_OH0,0108_1039,A,0.49705350399017334,0.02881169319152832,0.5,0.0,-26.177649333089565,2.229568067093535,1.806443390959893,8.534758916684087
1767865251.552632,1767865251552640290,Sr02_gA_IMG1_LID1_STA0_CFC64_OH0,0108_1039,A,0.500116229057312,0.01417433563619852,0.5,0.0,-26.18932265667837,2.2781863064677275,1.8064316058424563,8.4962122202937
1767865251.6719577,1767865251671965536,Sr02_gA_IMG1_LID1_STA0_CFC64_OH0,0108_1039,A,0.502316415309906,-0.008885152637958527,0.5,0.0,-26.206794300620125,2.3511228553177816,1.8054401411689196,8.438642868500336
1767865251.7917054,1767865251791712700,Sr02_gA_IMG1_LID1_STA0_CFC64_OH0,0108_1039,A,0.484258770942688,0.02532164752483368,0.5,0.0,-26.218450564224675,2.399745184073357,1.8067331296773692,8.40041047610764
1767865251.9112809,1767865251911288029,Sr02_gA_IMG1_LID1_STA0_CFC64_OH0,0108_1039,A,0.49022966623306274,0.02124880626797676,0.5,0.0,-26.236084175242382,2.472642721886225,1.8096622050015194,8.343195544888793
1767865252.0304356,1767865252030442723,Sr02_gA_IMG1_LID1_STA0_CFC64_OH0,0108_1039,A,0.49544355273246765,0.03296366333961487,0.5,0.0,-26.24797099675573,2.521209191989829,1.812000194252412,8.305121765176464
1767865252.15783,1767865252157837751,Sr02_gA_IMG1_LID1_STA0_CFC64_OH0,0108_1039,A,0.49505120515823364,0.027274709194898605,0.5,0.0,-26.25998451399296,2.569744471498788,1.8148813547027856,8.267090017646263
1767865252.2834828,1767865252283495465,Sr02_gA_IMG1_LID1_STA0_CFC64_OH0,0108_1039,A,0.4910312592983246,-0.003888526698574424,0.5,0.0,-26.278206329594454,2.642497220271221,1.8170696776703867,8.210147146904287
1767865252.4062047,1767865252406212311,Sr02_gA_IMG1_LID1_STA0_CFC64_OH0,0108_1039,A,0.4914194643497467,-0.040788646787405014,0.5,0.0,-26.290374357456212,2.6909940100234997,1.8161811687725111,8.172333565911003
1767865252.5285316,1767865252528539200,Sr02_gA_IMG1_LID1_STA0_CFC64_OH0,0108_1039,A,0.5076352953910828,-0.0739521011710167,0.5,0.0,-26.308707761282477,2.7637186905071647,1.8195558622547172,8.115805090178249
1767865252.6498094,1767865252649816696,Sr02_gA_IMG1_LID1_STA0_CFC64_OH0,0108_1039,A,0.5076446533203125,-0.07533334940671921,0.5,0.0,-26.321069331371717,2.8121665008508554,1.8216807396476553,8.078191452082663
1767865252.7729013,1767865252772909783,Sr02_gA_IMG1_LID1_STA0_CFC64_OH0,0108_1039,A,0.4988395571708679,-0.04378490522503853,0.5,0.0,-26.339867876906258,2.884772304344625,1.8265114972160914,8.021849127912038
1767865252.8936489,1767865252893656326,Sr02_gA_IMG1_LID1_STA0_CFC64_OH0,0108_1039,A,0.49374210834503174,-0.030857499688863754,0.5,0.0,-26.35258069921695,2.9331291268393977,1.8292389640120226,7.984334222185908
1767865253.021679,1767865253021686754,Sr02_gA_IMG1_LID1_STA0_CFC64_OH0,0108_1039,A,0.4966856837272644,-0.012181473895907402,0.5,0.0,-26.371719096331322,3.0056433828526576,1.8275583192088638,7.928274083927741
1767865253.1424596,1767865253142467211,Sr02_gA_IMG1_LID1_STA0_CFC64_OH0,0108_1039,A,0.5024301409721375,-0.0024605481885373592,0.5,0.0,-26.384317933511788,3.054030008255024,1.823479461851931,7.891185446479865
1767865253.2619126,1767865253261922794,Sr02_gA_IMG1_LID1_STA0_CFC64_OH0,0108_1039,A,0.4980512261390686,0.03882297873497009,0.5,0.0,-26.402664690621656,3.1267509672743086,1.8123452538510902,7.836208760154384
1767865253.3794105,1767865253379418092,Sr02_gA_IMG1_LID1_STA0_CFC64_OH0,0108_1039,A,0.4970502257347107,-0.02381046488881111,0.5,0.0,-26.41444282283429,3.1753438034677126,1.805127397760762,7.800064560596863
1767865253.5023627,1767865253502370824,Sr02_gA_IMG1_LID1_STA0_CFC64_OH0,0108_1039,A,0.49623098969459534,-0.018734697252511978,0.5,0.0,-26.425945933928222,3.2240025552358724,1.8007489076784764,7.7642713887311645
1767865253.6246986,1767865253624705748,Sr02_gA_IMG1_LID1_STA0_CFC64_OH0,0108_1039,A,0.48653170466423035,0.07724643498659134,0.5,0.0,-26.44286304294293,3.297069652540106,1.796177756200014,7.711122887692511
1767865253.7440488,1767865253744057054,Sr02_gA_IMG1_LID1_STA0_CFC64_OH0,0108_1039,A,0.5055618286132812,-0.014071700163185596,0.5,0.0,-26.454007263921394,3.345811890001383,1.7949596068239944,7.675991025660551
1767865253.8644483,1767865253864456280,Sr02_gA_IMG1_LID1_STA0_CFC64_OH0,0108_1039,A,0.5082420706748962,-0.0610220730304718,0.5,0.0,-26.470660128260405,3.4189290196396835,1.7952816788348067,7.623656862902573
1767865253.9857924,1767865253985800803,Sr02_gA_IMG1_LID1_STA0_CFC64_OH0,0108_1039,A,0.5081647038459778,-0.06232989579439163,0.5,0.0,-26.48188495417072,3.467652728670042,1.7991639673375155,7.588884004700136
1767865254.1074328,1767865254107440433,Sr02_gA_IMG1_LID1_STA0_CFC64_OH0,0108_1039,A,0.49211585521698,0.055282674729824066,0.5,0.0,-26.49315474564447,3.516353257582644,1.7970257289770761,7.554255181562792
1767865254.2294493,1767865254229457076,Sr02_gA_IMG1_LID1_STA0_CFC64_OH0,0108_1039,A,0.470289409160614,-0.016929246485233307,0.5,0.0,-26.509866418754775,3.5894563065882177,1.794495329594007,7.502777101712865
1767865254.350309,1767865254350319027,Sr02_gA_IMG1_LID1_STA0_CFC64_OH0,0108_1039,A,0.4692934453487396,-0.05548810586333275,0.5,0.0,-26.52112041774529,3.6381323617677186,1.8018400433566488,7.4686114286314895
1767865254.4739935,1767865254474000967,Sr02_gA_IMG1_LID1_STA0_CFC64_OH0,0108_1039,A,0.3373679518699646,-0.038668740540742874,0.5,0.0,-26.53831631988275,3.7110853932890615,1.8005630334479437,7.417455015225414
1767865254.5944195,1767865254594426693,Sr02_gA_IMG1_LID1_STA0_CFC64_OH0,0108_1039,A,0.5062513947486877,0.07495313137769699,0.5,0.0,-26.549555221785894,3.759805809987269,1.7944608404107385,7.3837312105120265
1767865254.716726,1767865254716734446,Sr02_gA_IMG1_LID1_STA0_CFC64_OH0,0108_1039,A,0.4946070611476898,-0.05121659114956856,0.5,0.0,-26.565847204946717,3.8329513588808632,1.7871160212590083,7.333958693658226
1767865254.8388996,1767865254838907876,Sr02_gA_IMG1_LID1_STA0_CFC64_OH0,0108_1039,A,0.49076002836227417,0.011956887319684029,0.5,0.0,-26.57670755154588,3.8817379103248375,1.792224655328731,7.301005764534853
1767865254.9593973,1767865254959407572,Sr02_gA_IMG1_LID1_STA0_CFC64_OH0,0108_1039,A,0.5167821645736694,0.10284202545881271,0.5,0.0,-26.587646476229015,3.930508732977394,1.7905940740003197,7.268185361515638
1767865255.080433,1767865255080440546,Sr02_gA_IMG1_LID1_STA0_CFC64_OH0,0108_1039,A,0.49168336391448975,-0.02429361641407013,0.5,0.0,-26.603747241354192,4.003753256416925,1.7832334417180917,7.219554774934462
1767865255.2005615,1767865255200568379,Sr02_gA_IMG1_LID1_STA0_CFC64_OH0,0108_1039,A,0.5046194791793823,0.08202546834945679,0.5,0.0,-26.614194858473446,4.052649512550962,1.7793665704053494,7.187609455816229
1767865255.3212516,1767865255321260108,Sr02_gA_IMG1_LID1_STA0_CFC64_OH0,0108_1039,A,0.48912861943244934,0.05326096713542938,0.5,0.0,-26.62993955598742,4.125876971083247,1.7869448007811708,7.140067881807308
1767865255.4440632,1767865255444071593,Sr02_gA_IMG1_LID1_STA0_CFC64_OH0,0108_1039,A,0.4815547466278076,0.031365614384412766,0.5,0.0,-26.64054425338781,4.1746847476669755,1.7822144571441012,7.108543371351436
1767865255.5659862,1767865255565995761,Sr02_gA_IMG1_LID1_STA0_CFC64_OH0,0108_1039,A,0.5074740052223206,-0.023487236350774765,0.5,0.0,-26.656330494141564,4.247946150224164,1.785630785913646,7.061741474658321
1767865255.687312,1767865255687320116,Sr02_gA_IMG1_LID1_STA0_CFC64_OH0,0108_1039,A,0.4876552224159241,0.0598297081887722,0.5,0.0,-26.667237213987065,4.296729990766974,1.795508884262054,7.030491850454299
1767865255.8059642,1767865255805972090,Sr02_gA_IMG1_LID1_STA0_CFC64_OH0,0108_1039,A,0.497663289308548,0.041720129549503326,0.5,0.0,-26.678345134749165,4.345406422973113,1.7940315792341466,6.999324713080058
1767865255.9238973,1767865255923904434,Sr02_gA_IMG1_LID1_STA0_CFC64_OH0,0108_1039,A,0.5128297209739685,-0.0484725758433342,0.5,0.0,-26.69522889768393,4.418417616285775,1.8034556285928933,6.952784876970473
1767865256.0479863,1767865256047993824,Sr02_gA_IMG1_LID1_STA0_CFC64_OH0,0108_1039,A,0.5006660223007202,0.010470681823790073,0.5,0.0,-26.706886706204617,4.4670395174463655,1.8087817183012957,6.9216922306860145
1767865256.1667283,1767865256166737181,Sr02_gA_IMG1_LID1_STA0_CFC64_OH0,0108_1039,A,0.5075262784957886,0.0003928049700334668,0.5,0.0,-26.724747530897456,4.539869891814413,1.8127719684169734,6.875172680493069
1767865256.2881112,1767865256288119295,Sr02_gA_IMG1_LID1_STA0_CFC64_OH0,0108_1039,A,0.5092172622680664,0.006698981858789921,0.5,0.0,-26.736671570914197,4.588427237277643,1.8104232543910757,6.844423532389252
1767865256.4092648,1767865256409273027,Sr02_gA_IMG1_LID1_STA0_CFC64_OH0,0108_1039,A,0.5000205636024475,-0.02146279066801071,0.5,0.0,-26.7486480057946,4.636939059777214,1.8157734338539193,6.813872797624917
1767865256.534958,1767865256534966389,Sr02_gA_IMG1_LID1_STA0_CFC64_OH0,0108_1039,A,0.49078381061553955,0.0938669964671135,0.5,0.0,-26.76708639933048,4.709625283797415,1.8220055592285402,6.768076297860653
1767865256.652434,1767865256652442110,Sr02_gA_IMG1_LID1_STA0_CFC64_OH0,0108_1039,A,0.49813541769981384,0.08360441774129868,0.5,0.0,-26.779403004911075,4.75805655622691,1.81742091536695,6.737823755861687
1767865256.7689114,1767865256768932228,Sr02_gA_IMG1_LID1_STA0_CFC64_OH0,0108_1039,A,0.5117491483688354,0.09905596077442169,0.5,0.0,-26.797711849345966,4.830776023099813,1.8180011062161685,6.693014268677021
1767865256.890206,1767865256890213732,Sr02_gA_IMG1_LID1_STA0_CFC64_OH0,0108_1039,A,0.47731995582580566,0.06732787936925888,0.5,0.0,-26.809947534367307,4.879255788926059,1.8180403872466995,6.6634150440852995
1767865257.0063758,1767865257006383455,Sr02_gA_IMG1_LID1_STA0_CFC64_OH0,0108_1039,A,0.5187622308731079,0.019573424011468887,0.5,0.0,-26.82220040856093,4.927731212221097,1.8187102795114085,6.634046222580137
1767865257.1306732,1767865257130680077,Sr02_gA_IMG1_LID1_STA0_CFC64_OH0,0108_1039,A,0.49234136939048767,-0.015919892117381096,0.5,0.0,-26.840525241841014,5.000458067374974,1.8160541222555697,6.590504767390961
1767865257.2508147,1767865257250821987,Sr02_gA_IMG1_LID1_STA0_CFC64_OH0,0108_1039,A,0.49500253796577454,0.023327525705099106,0.5,0.0,-26.852809395987464,5.048851301845885,1.8238887087082634,6.561761965961385
1767865257.371632,1767865257371640556,Sr02_gA_IMG1_LID1_STA0_CFC64_OH0,0108_1039,A,0.4920075237751007,0.018462643027305603,0.5,0.0,-26.872052797884628,5.12134002832656,1.8368410037743177,6.518395072299235
1767865257.4930122,1767865257493019193,Sr02_gA_IMG1_LID1_STA0_CFC64_OH0,0108_1039,A,0.4895096719264984,0.06022723764181137,0.5,0.0,-26.885437373935932,5.169515046349278,1.8467465827337766,6.489332805547443
1767865257.6115563,1767865257611563624,Sr02_gA_IMG1_LID1_STA0_CFC64_OH0,0108_1039,A,0.49992477893829346,0.0431896336376667,0.5,0.0,-26.899222290155105,5.217577155346327,1.8534793839369688,6.460186963830589
1767865257.7300546,1767865257730062419,Sr02_gA_IMG1_LID1_STA0_CFC64_OH0,0108_1039,A,0.5051242113113403,0.019023526459932327,0.5,0.0,-26.920312983225553,5.289538614887462,1.8570975014840976,6.416602243725922
1767865257.8525112,1767865257852521949,Sr02_gA_IMG1_LID1_STA0_CFC64_OH0,0108_1039,A,0.4757245182991028,0.038673605769872665,0.5,0.0,-26.934395092105255,5.3375145814135205,1.8555055224377865,6.387848569293489
1767865257.9692152,1767865257969223296,Sr02_gA_IMG1_LID1_STA0_CFC64_OH0,0108_1039,A,0.48536989092826843,0.033118199557065964,0.5,0.0,-26.955556073539114,5.4094612371323905,1.8584937821389977,6.345181893279351
1767865258.085323,1767865258085330722,Sr02_gA_IMG1_LID1_STA0_CFC64_OH0,0108_1039,A,0.48556655645370483,-0.03897053375840187,0.5,0.0,-26.969787577549788,5.457393097792194,1.860340043710576,6.316963486240612
1767865258.2078474,1767865258207854904,Sr02_gA_IMG1_LID1_STA0_CFC64_OH0,0108_1039,A,0.5007123947143555,0.024470962584018707,0.5,0.0,-26.98420223495907,5.505258562212079,1.8663157197556395,6.288860780458102
1767865258.3287933,1767865258328801966,Sr02_gA_IMG1_LID1_STA0_CFC64_OH0,0108_1039,A,0.48106616735458374,0.023607779294252396,0.5,0.0,-27.006299464829315,5.576929278250645,1.8728932714320712,6.246801096823677
1767865258.4550881,1767865258455095862,Sr02_gA_IMG1_LID1_STA0_CFC64_OH0,0108_1039,A,0.47986412048339844,0.027822960168123245,0.5,0.0,-27.021221002306106,5.624650831536546,1.8747956261150336,6.218939915736351
1767865258.572433,1767865258572440095,Sr02_gA_IMG1_LID1_STA0_CFC64_OH0,0108_1039,A,0.4981217384338379,0.06405390799045563,0.5,0.0,-27.043864715767082,5.696150804746876,1.880289037963416,6.177442060272351
1767865258.6943445,1767865258694352821,Sr02_gA_IMG1_LID1_STA0_CFC64_OH0,0108_1039,A,0.5092294812202454,0.10421274602413177,0.5,0.0,-27.059167885625648,5.743739306288308,1.8832152954824406,6.14995010060318
1767865258.8135307,1767865258813537803,Sr02_gA_IMG1_LID1_STA0_CFC64_OH0,0108_1039,A,0.5045777559280396,0.09427320957183838,0.5,0.0,-27.074440398648907,5.791329441398127,1.8793870165031719,6.122772028504907
1767865258.933466,1767865258933478983,Sr02_gA_IMG1_LID1_STA0_CFC64_OH0,0108_1039,A,0.5008087754249573,0.11947478353977203,0.5,0.0,-27.097285948100414,5.862751201410386,1.8821591998101888,6.082599482363702
1767865259.0560393,1767865259056046517,Sr02_gA_IMG1_LID1_STA0_CFC64_OH0,0108_1039,A,0.5200942754745483,0.3781152069568634,0.5,0.5,-27.112659927521328,5.910328919708459,1.8845199740622631,6.056055070635108
1767865259.1717916,1767865259171799132,Sr02_gA_IMG1_LID1_STA0_CFC64_OH0,0108_1039,A,0.5186338424682617,0.3964141309261322,0.5,0.5,-27.135953577678112,5.981617094954319,1.8893665243800526,6.016589686760216
1767865259.2923841,1767865259292391654,Sr02_gA_IMG1_LID1_STA0_CFC64_OH0,0108_1039,A,0.5103273987770081,0.11225355416536331,0.5,0.0,-27.151765997197405,6.029050822636044,1.895771902410334,5.990401040760386
1767865259.4106145,1767865259410622653,Sr02_gA_IMG1_LID1_STA0_CFC64_OH0,0108_1039,A,0.483345627784729,0.31182345747947693,0.5,0.5,-27.167971341517468,6.076339838264203,1.9061490642244219,5.964164415983039
1767865259.5294054,1767865259529413640,Sr02_gA_IMG1_LID1_STA0_CFC64_OH0,0108_1039,A,0.48911699652671814,0.5198685526847839,0.5,0.5,-27.193167622909108,6.1469801336514776,1.9207408219532225,5.924573883310337
1767865259.6484785,1767865259648487371,Sr02_gA_IMG1_LID1_STA0_CFC64_OH0,0108_1039,A,0.49320265650749207,0.5176010131835938,0.5,0.5,-27.210590077366405,6.193846198354872,1.9326882753970527,5.8979953963477305
1767865259.764839,1767865259764849618,Sr02_gA_IMG1_LID1_STA0_CFC64_OH0,0108_1039,A,0.49124252796173096,0.46748584508895874,0.5,0.5,-27.228576120531418,6.239998040016451,1.9562129142484967,5.871306880756066
1767865259.8838062,1767865259883814854,Sr02_gA_IMG1_LID1_STA0_CFC64_OH0,0108_1039,A,0.5340337753295898,0.514252781867981,0.5,0.5,-27.258745366145654,6.308575995643808,2.0148820852987206,5.828815548375437
1767865260.0043015,1767865260004309661,Sr02_gA_IMG1_LID1_STA0_CFC64_OH0,0108_1039,A,0.5292661786079407,0.5084258317947388,0.5,0.5,-27.28061388977029,6.353098908433616,2.0355395563293235,5.799333936832076
1767865260.1228426,1767865260122850245,Sr02_gA_IMG1_LID1_STA0_CFC64_OH0,0108_1039,A,0.4550126791000366,0.2417997568845749,0.5,0.5,-27.315068893985934,6.419312455584917,2.0726275374853684,5.754094855968965
1767865260.2400148,1767865260240022382,Sr02_gA_IMG1_LID1_STA0_CFC64_OH0,0108_1039,A,0.5108788013458252,0.4153008460998535,0.5,0.5,-27.339977328731592,6.462316658064926,2.1210485659732288,5.722544307726364
1767865260.3608525,1767865260360860127,Sr02_gA_IMG1_LID1_STA0_CFC64_OH0,0108_1039,A,0.4589700698852539,0.42523548007011414,0.5,0.5,-27.36721351742044,6.504240774201988,2.1728086190035154,5.689116644852172
1767865260.4806526,1767865260480660953,Sr02_gA_IMG1_LID1_STA0_CFC64_OH0,0108_1039,A,0.43302926421165466,0.3834688067436218,0.5,0.5,-27.41187400330062,6.564472577617852,2.2443958039469063,5.636046647996532
1767865260.6023064,1767865260602314439,Sr02_gA_IMG1_LID1_STA0_CFC64_OH0,0108_1039,A,0.383597731590271,0.3511807918548584,0.5,0.5,-27.444055023585815,6.602732616809614,2.2958210237534966,5.598819959417277
1767865260.71902,1767865260719026618,Sr02_gA_IMG1_LID1_STA0_CFC64_OH0,0108_1039,A,0.5324494242668152,0.32965171337127686,0.5,0.5,-27.495845525531873,6.656889214444848,2.370155571101446,5.540282629489811
1767865260.8397343,1767865260839742082,Sr02_gA_IMG1_LID1_STA0_CFC64_OH0,0108_1039,A,0.49541598558425903,0.3471144735813141,0.5,0.5,-27.531990509047542,6.6909983842167176,2.3981353175784728,5.500119473176918
1767865260.9584708,1767865260958478405,Sr02_gA_IMG1_LID1_STA0_CFC64_OH0,0108_1039,A,0.5118160843849182,0.2822308838367462,0.5,0.5,-27.5692325127489,6.724019683436246,2.4363120210943157,5.45915276791421
1767865261.081869,1767865261081880827,Sr02_gA_IMG1_LID1_STA0_CFC64_OH0,0108_1039,A,0.4749595522880554,0.035595811903476715,0.5,0.0,-27.627844068992314,6.770793574698836,2.4991625978789136,5.395554801085107
1767865261.206371,1767865261206378128,Sr02_gA_IMG1_LID1_STA0_CFC64_OH0,0108_1039,A,0.5293720960617065,0.31040650606155396,0.5,0.5,-27.668440674778925,6.799975913378029,2.5375094380931777,5.352019438707422
1767865261.3254325,1767865261325440308,Sr02_gA_IMG1_LID1_STA0_CFC64_OH0,0108_1039,A,0.518695056438446,0.29829269647598267,0.5,0.5,-27.73125809038817,6.840935494900365,2.5895406437761426,5.285299342136969
1767865261.4457364,1767865261445744675,Sr02_gA_IMG1_LID1_STA0_CFC64_OH0,0108_1039,A,0.5015824437141418,0.46399009227752686,0.5,0.5,-27.774255265394203,6.866450500742425,2.622680383487959,5.240002014763171
1767865261.5717566,1767865261571763722,Sr02_gA_IMG1_LID1_STA0_CFC64_OH0,0108_1039,A,0.47843363881111145,0.39210131764411926,0.5,0.5,-27.818094823061614,6.890488841246681,2.6573917734962698,5.194088550855183
1767865261.689147,1767865261689155264,Sr02_gA_IMG1_LID1_STA0_CFC64_OH0,0108_1039,A,0.5077638030052185,0.057204049080610275,0.5,0.0,-27.885163712883287,6.923920400397794,2.699178873695317,5.124285526325256
1767865261.8062613,1767865261806270253,Sr02_gA_IMG1_LID1_STA0_CFC64_OH0,0108_1039,A,0.5069000720977783,0.06483107805252075,0.5,0.0,-27.93021681326116,6.944986075570335,2.7067015940426606,5.077594610320967
1767865261.9338477,1767865261933855791,Sr02_gA_IMG1_LID1_STA0_CFC64_OH0,0108_1039,A,0.49950188398361206,0.025021236389875412,0.5,0.0,-27.998079330506496,6.975564328516807,2.737238121569833,5.007466631321494
1767865262.0546725,1767865262054680281,Sr02_gA_IMG1_LID1_STA0_CFC64_OH0,0108_1039,A,0.47700953483581543,0.025661498308181763,0.5,0.0,-28.044333704866048,6.994547140071611,2.7670673427084775,4.959880848960507
1767865262.1810968,1767865262181104714,Sr02_gA_IMG1_LID1_STA0_CFC64_OH0,0108_1039,A,0.5061759948730469,-0.06567031890153885,0.5,0.0,-28.09102639993369,7.0118296511464635,2.8094893893158854,4.912029899439944
1767865262.3017201,1767865262301727723,Sr02_gA_IMG1_LID1_STA0_CFC64_OH0,0108_1039,A,0.5056653618812561,0.006100169382989407,0.5,0.0,-28.162619674251587,7.034084447268768,2.8690952491139914,4.839030360117658
1767865262.419349,1767865262419361183,Sr02_gA_IMG1_LID1_STA0_CFC64_OH0,0108_1039,A,0.4929608106613159,0.04870649054646492,0.5,0.0,-28.21037452560582,7.046874187305987,2.8861481124689714,4.790510008130659
1767865262.5431356,1767865262543143492,Sr02_gA_IMG1_LID1_STA0_CFC64_OH0,0108_1039,A,0.490322083234787,-0.002596651203930378,0.5,0.0,-28.28302524282841,7.065479735236583,2.895016125141061,4.7167863769661205
1767865262.6614976,1767865262661505318,Sr02_gA_IMG1_LID1_STA0_CFC64_OH0,0108_1039,A,0.4985663890838623,0.04347352311015129,0.5,0.0,-28.33152814356457,7.0776233342408945,2.897518247293342,4.667607192788909
1767865262.7855148,1767865262785523374,Sr02_gA_IMG1_LID1_STA0_CFC64_OH0,0108_1039,A,0.49442118406295776,0.031811896711587906,0.5,0.0,-28.404307187197876,7.095604179892103,2.900332013522031,4.59386105489918
1767865262.904789,1767865262904797373,Sr02_gA_IMG1_LID1_STA0_CFC64_OH0,0108_1039,A,0.47525522112846375,-0.001854450674727559,0.5,0.0,-28.452810247454824,7.10770584857413,2.8938004716814407,4.544728803972332
1767865263.0279093,1767865263027920027,Sr02_gA_IMG1_LID1_STA0_CFC64_OH0,0108_1039,A,0.4650824964046478,-0.029423579573631287,0.5,0.0,-28.501256662895194,7.119964869091973,2.8940326713385014,4.495663228235801
1767865263.1470654,1767865263147072887,Sr02_gA_IMG1_LID1_STA0_CFC64_OH0,0108_1039,A,0.47280508279800415,0.014902002178132534,0.5,0.0,-28.573999336861398,7.138133536519217,2.9000444718318734,4.422041614437236
1767865263.2687402,1767865263268747684,Sr02_gA_IMG1_LID1_STA0_CFC64_OH0,0108_1039,A,0.4519481360912323,0.12455984950065613,0.5,0.0,-28.62254622048082,7.150100145356005,2.8997848248595117,4.372941798290152
1767865263.3853116,1767865263385319618,Sr02_gA_IMG1_LID1_STA0_CFC64_OH0,0108_1039,A,0.5027477145195007,0.10832206904888153,0.5,0.0,-28.69540196762951,7.167858405161959,2.9055278861655243,4.299304652604453
1767865263.5052807,1767865263505288280,Sr02_gA_IMG1_LID1_STA0_CFC64_OH0,0108_1039,A,0.47919943928718567,0.08739181607961655,0.5,0.0,-28.744033776118197,7.179474978554439,2.9087090713253185,4.250188247589078
1767865263.6240811,1767865263624089296,Sr02_gA_IMG1_LID1_STA0_CFC64_OH0,0108_1039,A,0.46321597695350647,0.06648890674114227,0.5,0.0,-28.792682950873324,7.191018698528076,2.9085236523226445,4.201078460659769
1767865263.7487688,1767865263748777107,Sr02_gA_IMG1_LID1_STA0_CFC64_OH0,0108_1039,A,0.4786841869354248,0.08921409398317337,0.5,0.0,-28.86561907302527,7.208444192375297,2.905321639372228,4.12748713824302
1767865263.8689528,1767865263868962269,Sr02_gA_IMG1_LID1_STA0_CFC64_OH0,0108_1039,A,0.48851168155670166,-0.008575370535254478,0.5,0.0,-28.914238652565246,7.220111911720076,2.906811824462481,4.078457161939561
1767865263.9916584,1767865263991665941,Sr02_gA_IMG1_LID1_STA0_CFC64_OH0,0108_1039,A,0.4794498085975647,-0.0032921689562499523,0.5,0.0,-28.987220423383008,7.237094133323987,2.9215589434345284,4.004922142235772
1767865264.112349,1767865264112356878,Sr02_gA_IMG1_LID1_STA0_CFC64_OH0,0108_1039,A,0.46864432096481323,0.05924147367477417,0.5,0.0,-29.03607307658381,7.247742772141769,2.9323911335855466,3.9557507942229604
1767865264.2266777,1767865264226685572,Sr02_gA_IMG1_LID1_STA0_CFC64_OH0,0108_1039,A,0.4754343330860138,-0.010779745876789093,0.5,0.0,-29.10953691764197,7.262841999555765,2.9448728299681575,3.881872930118562
1767865264.3460658,1767865264346072245,Sr02_gA_IMG1_LID1_STA0_CFC64_OH0,0108_1039,A,0.5004913806915283,0.05313698202371597,0.5,0.0,-29.15860479791643,7.272451027432979,2.9517489490655606,3.8325650086198295
1767865264.4608936,1767865264460902056,Sr02_gA_IMG1_LID1_STA0_CFC64_OH0,0108_1039,A,0.5065497756004333,0.013507314026355743,0.5,0.0,-29.207747918043534,7.281667146077301,2.960670339030786,3.783209299841654
1767865264.5783877,1767865264578396112,Sr02_gA_IMG1_LID1_STA0_CFC64_OH0,0108_1039,A,0.47167640924453735,0.05633975937962532,0.5,0.0,-29.281503577529925,7.2950121332538655,2.962312120857942,3.7091769153890217
1767865264.6967063,1767865264696713824,Sr02_gA_IMG1_LID1_STA0_CFC64_OH0,0108_1039,A,0.48111772537231445,0.09174289554357529,0.5,0.0,-29.3307007180559,7.303936315262255,2.9619829033752807,3.659815616329291
1767865264.812546,1767865264812554426,Sr02_gA_IMG1_LID1_STA0_CFC64_OH0,0108_1039,A,0.4729476273059845,0.1280137151479721,0.5,0.0,-29.379900635308672,7.312760296467696,2.96701935062109,3.6104707358016372
1767865264.9307203,1767865264930729599,Sr02_gA_IMG1_LID1_STA0_CFC64_OH0,0108_1039,A,0.4715025722980499,0.12139871716499329,0.5,0.0,-29.453736108955276,7.325721472093727,2.967535185369651,3.536455043560358
1767865265.0508673,1767865265050875296,Sr02_gA_IMG1_LID1_STA0_CFC64_OH0,0108_1039,A,0.42436763644218445,0.18820326030254364,0.5,0.0,-29.50299751627561,7.334249559225463,2.9728281762283673,3.4870972005363705
1767865265.170173,1767865265170181146,Sr02_gA_IMG1_LID1_STA0_CFC64_OH0,0108_1039,A,0.5041532516479492,0.040663160383701324,0.5,0.0,-29.552291425423554,7.342594434029431,2.9745921033465894,3.4377267604178194
1767865265.2879682,1767865265287974978,Sr02_gA_IMG1_LID1_STA0_CFC64_OH0,0108_1039,A,0.48950061202049255,0.07127358019351959,0.5,0.0,-29.626276102465415,7.354808223257239,2.9824747766830395,3.3636633520694637
1767865265.4042687,1767865265404276751,Sr02_gA_IMG1_LID1_STA0_CFC64_OH0,0108_1039,A,0.5157470107078552,0.27491486072540283,0.5,0.5,-29.675680119239114,7.362504018509957,2.9916490431733505,3.314231028297283
1767865265.5232935,1767865265523300729,Sr02_gA_IMG1_LID1_STA0_CFC64_OH0,0108_1039,A,0.48325014114379883,0.18809615075588226,0.5,0.0,-29.725156837241148,7.369673561000855,3.0040655980560405,3.26474347438032
1767865265.645251,1767865265645258671,Sr02_gA_IMG1_LID1_STA0_CFC64_OH0,0108_1039,A,0.4801175892353058,0.18277187645435333,0.5,0.0,-29.799539374806837,7.379269451666847,3.0224076806519578,3.190371084799296
1767865265.7655551,1767865265765566945,Sr02_gA_IMG1_LID1_STA0_CFC64_OH0,0108_1039,A,0.5149977803230286,0.26359570026397705,0.5,0.5,-29.849203379246013,7.384762461274689,3.040812885312792,3.14072633740407
1767865265.8869364,1767865265886945843,Sr02_gA_IMG1_LID1_STA0_CFC64_OH0,0108_1039,A,0.5119521617889404,0.17690245807170868,0.5,0.0,-29.923762847553352,7.391810628936753,3.05138874725407,3.0662070979900538
1767865266.0102632,1767865266010271279,Sr02_gA_IMG1_LID1_STA0_CFC64_OH0,0108_1039,A,0.49342671036720276,-0.04899343475699425,0.5,0.0,-29.97357519304737,7.396137213547774,3.0585160918004837,3.0164287167277877
1767865266.1281874,1767865266128194376,Sr02_gA_IMG1_LID1_STA0_CFC64_OH0,0108_1039,A,0.486236035823822,-0.02055240049958229,0.5,0.0,-30.023119966801445,7.399829170234775,3.0791766845373694,2.9669191311203593
1767865266.2445168,1767865266244525394,Sr02_gA_IMG1_LID1_STA0_CFC64_OH0,0108_1039,A,0.49672412872314453,0.11652887612581253,0.5,0.0,-30.097997803579734,7.403298091962735,3.109550966875939,2.8920814357113795
1767865266.3652058,1767865266365214999,Sr02_gA_IMG1_LID1_STA0_CFC64_OH0,0108_1039,A,0.476538747549057,0.148549422621727,0.5,0.0,-30.147983991284743,7.404443131176459,3.1278281257618556,2.8421116031902582
1767865266.4875116,1767865266487519416,Sr02_gA_IMG1_LID1_STA0_CFC64_OH0,0108_1039,A,0.46857890486717224,0.16322873532772064,0.5,0.0,-30.22289098480501,7.404109576256193,-3.1186689287252864,2.767205905294176
1767865266.6066632,1767865266606670654,Sr02_gA_IMG1_LID1_STA0_CFC64_OH0,0108_1039,A,0.505374014377594,0.10470298677682877,0.5,0.0,-30.272865099803823,7.402521421804003,-3.1009786943831803,2.7172165822091228
1767865266.7253592,1767865266725365660,Sr02_gA_IMG1_LID1_STA0_CFC64_OH0,0108_1039,A,0.5137628316879272,0.23440784215927124,0.5,0.5,-30.322550523524985,7.400366045707654,-3.099095438049751,2.667510024551528
1767865266.8465972,1767865266846604413,Sr02_gA_IMG1_LID1_STA0_CFC64_OH0,0108_1039,A,0.48900091648101807,-0.061294347047805786,0.5,0.0,-30.39747807375688,7.397334488340229,-3.1023652841536893,2.5925546651988958
1767865266.9672837,1767865266967292074,Sr02_gA_IMG1_LID1_STA0_CFC64_OH0,0108_1039,A,0.4980356693267822,-0.06334023177623749,0.5,0.0,-30.44733215729653,7.3951486804292355,-3.092121561019982,2.5426815714477824
1767865267.0856228,1767865267085631538,Sr02_gA_IMG1_LID1_STA0_CFC64_OH0,0108_1039,A,0.5022924542427063,0.02089272066950798,0.5,0.0,-30.5221941842677,7.390627345500758,-3.069865838106417,2.4677830760059347
1767865267.2010782,1767865267201086550,Sr02_gA_IMG1_LID1_STA0_CFC64_OH0,0108_1039,A,0.5291443467140198,0.05451294779777527,0.5,0.0,-30.572034159278967,7.386637225607208,-3.053542992141657,2.4179157613749056
1767865267.323105,1767865267323111930,Sr02_gA_IMG1_LID1_STA0_CFC64_OH0,0108_1039,A,0.5043215751647949,0.05997294560074806,0.5,0.0,-30.62180409358686,7.381973176674762,-3.042911276412016,2.3681208685245916
1767865267.4427087,1767865267442715953,Sr02_gA_IMG1_LID1_STA0_CFC64_OH0,0108_1039,A,0.5053662061691284,0.049827080219984055,0.5,0.0,-30.69619644925969,7.373607893433574,-3.0132295228716157,2.293704921782261
1767865267.5602436,1767865267560251287,Sr02_gA_IMG1_LID1_STA0_CFC64_OH0,0108_1039,A,0.5269975066184998,0.03260655328631401,0.5,0.0,-30.74530858321198,7.36707872514054,-3.009823788001403,2.2445950189221087
1767865267.6813388,1767865267681346239,Sr02_gA_IMG1_LID1_STA0_CFC64_OH0,0108_1039,A,0.5084258913993835,0.09418424963951111,0.5,0.0,-30.79489548108168,7.360665388633147,-3.0161373372706914,2.195029320803303
1767865267.8021595,1767865267802167633,Sr02_gA_IMG1_LID1_STA0_CFC64_OH0,0108_1039,A,0.5104926228523254,0.1264878809452057,0.5,0.0,-30.86928523669785,7.351371124804927,-3.0158138093673186,2.1207065338823985
1767865267.9213421,1767865267921349508,Sr02_gA_IMG1_LID1_STA0_CFC64_OH0,0108_1039,A,0.49620768427848816,0.02709231898188591,0.5,0.0,-30.91887290490463,7.344963578236943,-3.010362530666146,2.0711920097281493
1767865268.0378802,1767865268037887448,Sr02_gA_IMG1_LID1_STA0_CFC64_OH0,0108_1039,A,0.5095191597938538,-0.006114632822573185,0.5,0.0,-30.99318355765783,7.334820159751753,-3.0016241174202456,1.9970460129721617
1767865268.159542,1767865268159550292,Sr02_gA_IMG1_LID1_STA0_CFC64_OH0,0108_1039,A,0.524635910987854,0.028083927929401398,0.5,0.0,-31.04267699033042,7.327721242091292,-2.9966414169460687,1.9477061292772975
1767865268.2833283,1767865268283338052,Sr02_gA_IMG1_LID1_STA0_CFC64_OH0,0108_1039,A,0.5277683138847351,0.02749590575695038,0.5,0.0,-31.092140772423782,7.320418384549963,-2.993380753773354,1.8984358593313873
1767865268.4020336,1767865268402041965,Sr02_gA_IMG1_LID1_STA0_CFC64_OH0,0108_1039,A,0.5191897749900818,-0.0771963894367218,0.5,0.0,-31.166237231454296,7.308922871885393,-2.980430238556115,1.8247224141332719
1767865268.520544,1767865268520551199,Sr02_gA_IMG1_LID1_STA0_CFC64_OH0,0108_1039,A,0.5084860324859619,0.02419067919254303,0.5,0.0,-31.215537241832813,7.300587686072903,-2.9677814780317435,1.7757632680022462
1767865268.6400895,1767865268640097634,Sr02_gA_IMG1_LID1_STA0_CFC64_OH0,0108_1039,A,0.503865122795105,0.02876313403248787,0.5,0.0,-31.28931352529858,7.287348609137295,-2.9624724684467925,1.7026475423318919
1767865268.7611067,1767865268761113836,Sr02_gA_IMG1_LID1_STA0_CFC64_OH0,0108_1039,A,0.4980636537075043,0.13366417586803436,0.5,0.0,-31.33851628385233,7.278455456954874,-2.9630839287592803,1.6539804077780755
1767865268.8804448,1767865268880451857,Sr02_gA_IMG1_LID1_STA0_CFC64_OH0,0108_1039,A,0.5035355687141418,0.2956353724002838,0.5,0.5,-31.38770922874134,7.2695082667058,-2.960275566728409,1.6054084052913564
1767865269.0015273,1767865269001535627,Sr02_gA_IMG1_LID1_STA0_CFC64_OH0,0108_1039,A,0.54374760389328,0.19530808925628662,0.5,0.0,-31.46144047479218,7.255834017652234,-2.9565233274451908,1.5327996499494332
1767865269.1212997,1767865269121307879,Sr02_gA_IMG1_LID1_STA0_CFC64_OH0,0108_1039,A,0.5437082648277283,0.21393506228923798,0.5,0.5,-31.51056597738531,7.246808790848056,-2.963718515081961,1.4845462118566108
1767865269.2382758,1767865269238283645,Sr02_gA_IMG1_LID1_STA0_CFC64_OH0,0108_1039,A,0.511004626750946,-0.04845947027206421,0.5,0.0,-31.584330355186484,7.233551883940667,-2.962042009047358,1.4122837925334486
1767865269.3563552,1767865269356362687,Sr02_gA_IMG1_LID1_STA0_CFC64_OH0,0108_1039,A,0.5541990399360657,0.15059958398342133,0.5,0.0,-31.633513644493767,7.2245517721614645,-2.9591657006197694,1.3642801502939532
1767865269.4767945,1767865269476801969,Sr02_gA_IMG1_LID1_STA0_CFC64_OH0,0108_1039,A,0.5517931580543518,0.13438686728477478,0.5,0.0,-31.682571476795008,7.215219736575337,-2.947075697830601,1.31658897310842
1767865269.5957038,1767865269595711189,Sr02_gA_IMG1_LID1_STA0_CFC64_OH0,0108_1039,A,0.4528229832649231,-0.06828315556049347,0.5,0.0,-31.75569656569634,7.199590490395311,-2.9107276153699986,1.246063252460238
1767865269.7114806,1767865269711488040,Sr02_gA_IMG1_LID1_STA0_CFC64_OH0,0108_1039,A,0.5261886119842529,0.053865011781454086,0.5,0.0,-31.804228329525618,7.187671028546483,-2.890986834235434,1.1997764365639143
1767865269.8296323,1767865269829639929,Sr02_gA_IMG1_LID1_STA0_CFC64_OH0,0108_1039,A,0.46520671248435974,-0.03645491972565651,0.5,0.0,-31.852532409568706,7.174762867128048,-2.869779646675941,1.1541894582380585
1767865269.9510365,1767865269951044616,Sr02_gA_IMG1_LID1_STA0_CFC64_OH0,0108_1039,A,0.46960318088531494,-0.04813487082719803,0.5,0.0,-31.924261858555454,7.154179207143749,-2.8621001179781502,1.0874921971558087
1767865270.070347,1767865270070355646,Sr02_gA_IMG1_LID1_STA0_CFC64_OH0,0108_1039,A,0.5120930075645447,-0.0822434052824974,0.5,0.0,-31.97204198604584,7.140247146125512,-2.8511547601323675,1.0437087604847903
1767865270.1905053,1767865270190512314,Sr02_gA_IMG1_LID1_STA0_CFC64_OH0,0108_1039,A,0.49052104353904724,-0.009018532000482082,0.5,0.0,-32.04364589966576,7.118050000757609,-2.831956446413846,0.9795055510388543
1767865270.309876,1767865270309883427,Sr02_gA_IMG1_LID1_STA0_CFC64_OH0,0108_1039,A,0.4967863857746124,-0.06619226187467575,0.5,0.0,-32.091096769877055,7.102935051655613,-2.8362374609633476,0.9379550554264237
1767865270.431136,1767865270431145243,Sr02_gA_IMG1_LID1_STA0_CFC64_OH0,0108_1039,A,0.34368759393692017,0.2061028927564621,0.5,0.5,-32.138691825135496,7.087869505361163,-2.8325556782487955,0.8970924534570106
1767865270.5529547,1767865270552962159,Sr02_gA_IMG1_LID1_STA0_CFC64_OH0,0108_1039,A,0.4698711037635803,0.10761860758066177,0.5,0.0,-32.21011335134718,7.065101167540187,-2.835569853016326,0.8376768487214862
1767865270.6780157,1767865270678024137,Sr02_gA_IMG1_LID1_STA0_CFC64_OH0,0108_1039,A,0.45872488617897034,-0.2283988893032074,0.5,-0.5,-32.25782638353895,7.050152541712477,-2.840383329737866,0.7993366317763643
1767865270.7959154,1767865270795930533,Sr02_gA_IMG1_LID1_STA0_CFC64_OH0,0108_1039,A,0.4898529350757599,-0.24167104065418243,0.5,-0.5,-32.329555108666,7.028340853227982,-2.8509147700972646,0.7440021560498282
1767865270.9176278,1767865270917635847,Sr02_gA_IMG1_LID1_STA0_CFC64_OH0,0108_1039,A,0.2424057275056839,-0.06758110225200653,0.0,0.0,-32.37745341104939,7.014036514963211,-2.852190020975864,0.7089324062728806
1767865271.0378118,1767865271037819847,Sr02_gA_IMG1_LID1_STA0_CFC64_OH0,0108_1039,A,0.013029695488512516,-0.029442530125379562,0.0,0.0,-32.42542100818305,6.999926229840559,-2.858809213204574,0.6755786407643831
1767865271.1593914,1767865271159398883,Sr02_gA_IMG1_LID1_STA0_CFC64_OH0,0108_1039,A,-0.13868235051631927,-0.033450957387685776,0.0,0.0,-32.49691445157357,6.978934526168575,-2.8453974957543204,0.6299432592088984
1767865271.2786362,1767865271278644780,Sr02_gA_IMG1_LID1_STA0_CFC64_OH0,0108_1039,A,-0.10031738132238388,-0.05076461285352707,0.0,0.0,-32.544632483869236,6.964079734679279,-2.834408161390851,0.6032649975781862
1767865271.3981621,1767865271398170425,Sr02_gA_IMG1_LID1_STA0_CFC64_OH0,0108_1039,A,0.13937923312187195,-0.051995761692523956,0.0,0.0,-32.54492265707032,6.963987816850913,-2.8353513812750704,0.6031128960560952
1767865271.523975,1767865271523981579,Sr02_gA_IMG1_LID1_STA0_CFC64_OH0,0108_1039,A,0.03343750536441803,0.011467218399047852,0.0,0.0,-32.54512498557255,6.963923927233661,-2.8361084879914524,0.6030067725095275
1767865271.6451926,1767865271645199874,Sr02_gA_IMG1_LID1_STA0_CFC64_OH0,0108_1039,A,0.04568289965391159,0.016036391258239746,0.0,0.0,-32.54511500133635,6.96392707245611,-2.8448555749414233,0.6030120131149003
1767865271.7654428,1767865271765450669,Sr02_gA_IMG1_LID1_STA0_CFC64_OH0,0108_1039,A,-0.04497094452381134,0.002167746191844344,0.0,0.0,-32.54511499471894,6.963927074469485,-2.847839895701142,0.6030120166364406
1767865271.8869712,1767865271886977978,Sr02_gA_IMG1_LID1_STA0_CFC64_OH0,0108_1039,A,-0.09442556649446487,-0.010600335896015167,0.0,0.0,-32.54511499071112,6.963927075674783,-2.8511849744558426,0.6030120187787777
1767865272.010343,1767865272010350553,Sr02_gA_IMG1_LID1_STA0_CFC64_OH0,0108_1039,A,-0.06511689722537994,-0.007417000364512205,0.0,0.0,-32.54511499027422,6.963927075805187,-2.858651108224175,0.6030120190129834
1767865272.1290717,1767865272129078712,Sr02_gA_IMG1_LID1_STA0_CFC64_OH0,0108_1039,A,-0.0629064217209816,-0.00801989808678627,0.0,0.0,-32.54511499026443,6.963927075808008,-2.8638506634351923,0.6030120190183008
1767865272.2506518,1767865272250660323,Sr02_gA_IMG1_LID1_STA0_CFC64_OH0,0108_1039,A,0.0014846958220005035,-0.01975395902991295,0.0,0.0,-32.54511043092054,6.963928372904418,-2.8629101729186366,0.603014506188331
1767865272.3706124,1767865272370620279,Sr02_gA_IMG1_LID1_STA0_CFC64_OH0,0108_1039,A,-0.06430019438266754,0.00660677719861269,0.0,0.0,-32.54511041153466,6.963928378467915,-2.861306555344209,0.6030145167309281
1767865272.4951394,1767865272495147286,Sr02_gA_IMG1_LID1_STA0_CFC64_OH0,0108_1039,A,-0.06789842247962952,0.006616073660552502,0.0,0.0,-32.545110400249,6.96392838171793,-2.861089785883805,0.6030145228608447
1767865272.6146665,1767865272614674945,Sr02_gA_IMG1_LID1_STA0_CFC64_OH0,0108_1039,A,-0.06906621158123016,0.005143966991454363,0.0,0.0,-32.54511039381126,6.963928383569924,-2.86239262101875,0.6030145263588739
1767865272.7362714,1767865272736279169,Sr02_gA_IMG1_LID1_STA0_CFC64_OH0,0108_1039,A,-0.15859416127204895,0.035730209201574326,0.0,0.0,-32.54511039008886,6.963928384635643,-2.8631343105792495,0.603014528384951
1767865272.8588688,1767865272858877031,Sr02_gA_IMG1_LID1_STA0_CFC64_OH0,0108_1039,A,-0.15772369503974915,0.01885927841067314,0.0,0.0,-32.545110386705176,6.963928385601213,-2.8645659207362764,0.6030145302288101
1767865272.9762251,1767865272976232805,Sr02_gA_IMG1_LID1_STA0_CFC64_OH0,0108_1039,A,-0.023810001090168953,0.015103540383279324,0.0,0.0,-32.54511038670288,6.963928385601863,-2.86654130111549,0.6030145302300647
1767865273.095541,1767865273095548023,Sr02_gA_IMG1_LID1_STA0_CFC64_OH0,0108_1039,A,-0.02394028939306736,0.01504219975322485,0.0,0.0,-32.54511037873611,6.9639283878530955,-2.865880658818061,0.6030145345863407
1767865273.2175224,1767865273217530021,Sr02_gA_IMG1_LID1_STA0_CFC64_OH0,0108_1039,A,-0.0354732945561409,0.01414776686578989,0.0,0.0,-32.545110366906556,6.963928391206095,-2.8649032699761805,0.6030145410479055
1767865273.3395407,1767865273339548006,Sr02_gA_IMG1_LID1_STA0_CFC64_OH0,0108_1039,A,0.024889681488275528,-0.007253647781908512,0.0,0.0,-32.54511036031028,6.963928393081072,-2.8643888875639902,0.6030145446473494
1767865273.4538968,1767865273453904533,Sr02_gA_IMG1_LID1_STA0_CFC64_OH0,0108_1039,A,0.02493060566484928,-0.00737946480512619,0.0,0.0,-32.54510596989089,6.9639296436443425,-2.8598260252799284,0.6030169386638283
1767865273.570546,1767865273570553953,Sr02_gA_IMG1_LID1_STA0_CFC64_OH0,0108_1039,A,-0.010104481130838394,-0.01940145716071129,0.0,0.0,-32.54510595722434,6.96392964732369,-2.8579401130948705,0.6030169455224855
1767865273.6882458,1767865273688253287,Sr02_gA_IMG1_LID1_STA0_CFC64_OH0,0108_1039,A,-0.021351056173443794,-0.01806967332959175,0.0,0.0,-32.545105946743014,6.963929650387891,-2.8563922165329245,0.6030169511846447
1767865273.8099222,1767865273809938103,Sr02_gA_IMG1_LID1_STA0_CFC64_OH0,0108_1039,A,0.08069291710853577,-0.05203016474843025,0.0,0.0,-32.54510593217219,6.963929654677659,-2.8541346856286105,0.6030169590357494
1767865273.931243,1767865273931250655,Sr02_gA_IMG1_LID1_STA0_CFC64_OH0,0108_1039,A,0.08058452606201172,-0.051887527108192444,0.0,0.0,-32.54510592331562,6.963929657302839,-2.852719925015666,0.6030169637959076
1767865274.0515392,1767865274051546456,Sr02_gA_IMG1_LID1_STA0_CFC64_OH0,0108_1039,A,0.04041418433189392,-0.009353553876280785,0.0,0.0,-32.545105921434896,6.963929657862071,-2.853382431051883,0.6030169648055494
1767865274.1706922,1767865274170700289,Sr02_gA_IMG1_LID1_STA0_CFC64_OH0,0108_1039,A,-0.06862998008728027,-0.030799806118011475,0.0,0.0,-32.545105921434704,6.963929657862131,-2.8541203650078586,0.6030169648056501
1767865274.2891927,1767865274289201568,Sr02_gA_IMG1_LID1_STA0_CFC64_OH0,0108_1039,A,-0.06836701184511185,-0.030460365116596222,0.0,0.0,-32.54510592143175,6.9639296578630026,-2.8560604868036568,0.6030169648072421
1767865274.4088771,1767865274408885062,Sr02_gA_IMG1_LID1_STA0_CFC64_OH0,0108_1039,A,-0.16655343770980835,0.032402776181697845,0.0,0.0,-32.54510592142698,6.963929657864394,-2.859137138266818,0.6030169648098191
1767865274.5302558,1767865274530263770,Sr02_gA_IMG1_LID1_STA0_CFC64_OH0,0108_1039,A,-0.10237554460763931,0.0012660257052630186,0.0,0.0,-32.54510592141587,6.963929657867596,-2.8643401266768698,0.6030169648158542
1767865274.6542351,1767865274654243232,Sr02_gA_IMG1_LID1_STA0_CFC64_OH0,0108_1039,A,-0.024008022621273994,-0.03475527837872505,0.0,0.0,-32.545106021516276,6.963929630115237,-2.871286320648672,0.6030169097193493
1767865274.7740612,1767865274774068504,Sr02_gA_IMG1_LID1_STA0_CFC64_OH0,0108_1039,A,-0.02414998598396778,-0.034864187240600586,0.0,0.0,-32.54510602151709,6.963929630115012,-2.8722216658352053,0.6030169097188983
1767865274.8943603,1767865274894374233,Sr02_gA_IMG1_LID1_STA0_CFC64_OH0,0108_1039,A,-0.10585576295852661,0.01400210801512003,0.0,0.0,-32.54510602151096,6.963929630116695,-2.8753016132173124,0.6030169097222849
1767865275.0207942,1767865275020802193,Sr02_gA_IMG1_LID1_STA0_CFC64_OH0,0108_1039,A,-0.08301254361867905,-0.002903462154790759,0.0,0.0,-32.54510635735095,6.96392953988233,-2.8788885538791664,0.6030167229301706
1767865275.1411405,1767865275141147909,Sr02_gA_IMG1_LID1_STA0_CFC64_OH0,0108_1039,A,-0.0817079022526741,-0.00292486185207963,0.0,0.0,-32.545106357356495,6.963929539880839,-2.875648301495693,0.6030167229270895
1767865275.2632391,1767865275263246627,Sr02_gA_IMG1_LID1_STA0_CFC64_OH0,0108_1039,A,-0.04483635723590851,-0.015856187790632248,0.0,0.0,-32.54510623966916,6.963929571976906,-2.8758640292671447,0.6030167880629506
1767865275.3808856,1767865275380896507,Sr02_gA_IMG1_LID1_STA0_CFC64_OH0,0108_1039,A,-0.026575466617941856,-0.034434568136930466,0.0,0.0,-32.54510623966379,6.963929571978363,-2.879339537289742,0.6030167880659293
1767865275.502993,1767865275503000415,Sr02_gA_IMG1_LID1_STA0_CFC64_OH0,0108_1039,A,-0.07373097538948059,-0.015419126488268375,0.0,0.0,-32.54510634552805,6.96392954403384,-2.883223949346534,0.60301672884772
1767865275.6225815,1767865275622589871,Sr02_gA_IMG1_LID1_STA0_CFC64_OH0,0108_1039,A,-0.07330261915922165,-0.015305298380553722,0.0,0.0,-32.545106345527834,6.963929544033898,-2.8818237536107394,0.6030167288478375
1767865275.7392101,1767865275739217991,Sr02_gA_IMG1_LID1_STA0_CFC64_OH0,0108_1039,A,-0.03951612114906311,-0.02643946185708046,0.0,0.0,-32.54510634552522,6.9639295440346,-2.8821140752845573,0.6030167288492925
1767865275.8594286,1767865275859435965,Sr02_gA_IMG1_LID1_STA0_CFC64_OH0,0108_1039,A,-0.0010223593562841415,-0.009232597425580025,0.0,0.0,-32.54510634552399,6.963929544034933,-2.882681664938347,0.6030167288499743
1767865275.9799793,1767865275979988381,Sr02_gA_IMG1_LID1_STA0_CFC64_OH0,0108_1039,A,-0.0121445432305336,-0.0070962319150567055,0.0,0.0,-32.545106345522406,6.963929544035354,-2.884267266879237,0.6030167288508588
1767865276.1054418,1767865276105449463,Sr02_gA_IMG1_LID1_STA0_CFC64_OH0,0108_1039,A,-0.011924291029572487,-0.007070859428495169,0.0,0.0,-32.54510634551621,6.963929544036979,-2.887524908508812,0.6030167288543316
1767865276.2267165,1767865276226731568,Sr02_gA_IMG1_LID1_STA0_CFC64_OH0,0108_1039,A,0.005031784996390343,0.005620384123176336,0.0,0.0,-32.54510634551623,6.963929544036974,-2.890408233093349,0.6030167288543195
1767865276.3511372,1767865276351144630,Sr02_gA_IMG1_LID1_STA0_CFC64_OH0,0108_1039,A,0.002276965416967869,0.01342164445668459,0.0,0.0,-32.54510634551539,6.96392954403719,-2.891938749014202,0.6030167288547921
1767865276.4701476,1767865276470154681,Sr02_gA_IMG1_LID1_STA0_CFC64_OH0,0108_1039,A,0.0021914495155215263,0.013391130603849888,0.0,0.0,-32.545106345512785,6.9639295440378595,-2.895449169697661,0.6030167288562633
1767865276.5953882,1767865276595395888,Sr02_gA_IMG1_LID1_STA0_CFC64_OH0,0108_1039,A,-0.012848202139139175,0.008626030758023262,0.0,0.0,-32.54510634551277,6.9639295440378675,-2.896372417584052,0.6030167288562684
1767865276.713352,1767865276713359602,Sr02_gA_IMG1_LID1_STA0_CFC64_OH0,0108_1039,A,-0.0049821194261312485,0.008634879253804684,0.0,0.0,-32.54510634551282,6.9639295440378595,-2.8974363278699826,0.6030167288562371
1767865276.8344364,1767865276834444274,Sr02_gA_IMG1_LID1_STA0_CFC64_OH0,0108_1039,A,-0.013902386650443077,0.008059482090175152,0.0,0.0,-32.54510634551266,6.963929544037904,-2.898143401355088,0.6030167288563277
1767865276.9554904,1767865276955497606,Sr02_gA_IMG1_LID1_STA0_CFC64_OH0,0108_1039,A,-0.013991130515933037,0.008028630167245865,0.0,0.0,-32.545106345515464,6.963929544037206,-2.897066340113052,0.6030167288547289
1767865277.0734832,1767865277073490555,Sr02_gA_IMG1_LID1_STA0_CFC64_OH0,0108_1039,A,-0.017376301810145378,-0.01045696996152401,0.0,0.0,-32.54510634551485,6.963929544037357,-2.8957244945659824,0.6030167288550777
1767865277.1918554,1767865277191862821,Sr02_gA_IMG1_LID1_STA0_CFC64_OH0,0108_1039,A,0.003519074060022831,-0.011511974968016148,0.0,0.0,-32.54510634551419,6.9639295440375255,-2.8943853951439507,0.6030167288554511
1767865277.3164678,1767865277316477734,Sr02_gA_IMG1_LID1_STA0_CFC64_OH0,0108_1039,A,-0.03126683831214905,-0.01176474429666996,0.0,0.0,-32.54510634551293,6.963929544037847,-2.892996115732597,0.603016728856167
1767865277.432662,1767865277432672736,Sr02_gA_IMG1_LID1_STA0_CFC64_OH0,0108_1039,A,-0.03113737888634205,-0.011734889820218086,0.0,0.0,-32.54510634551266,6.963929544037917,-2.8921326405616945,0.6030167288563187
1767865277.552377,1767865277552384062,Sr02_gA_IMG1_LID1_STA0_CFC64_OH0,0108_1039,A,-0.008098730817437172,-0.00603476632386446,0.0,0.0,-32.54510634551234,6.9639295440380025,-2.891320950598698,0.603016728856497
1767865277.6726909,1767865277672698578,Sr02_gA_IMG1_LID1_STA0_CFC64_OH0,0108_1039,A,-0.053083986043930054,-0.022817090153694153,0.0,0.0,-32.54510634551026,6.963929544038538,-2.890300592718106,0.6030167288576658
1767865277.7929718,1767865277792978990,Sr02_gA_IMG1_LID1_STA0_CFC64_OH0,0108_1039,A,-0.053102925419807434,-0.022806648164987564,0.0,0.0,-32.54510634550887,6.9639295440389,-2.8913462727158175,0.6030167288584484
1767865277.9109242,1767865277910936913,Sr02_gA_IMG1_LID1_STA0_CFC64_OH0,0108_1039,A,0.046635791659355164,-0.007844293490052223,0.0,0.0,-32.54510634550798,6.963929544039129,-2.8930650257390655,0.6030167288589493
1767865278.0292933,1767865278029300743,Sr02_gA_IMG1_LID1_STA0_CFC64_OH0,0108_1039,A,-0.036360181868076324,0.013266321271657944,0.0,0.0,-32.54510634550746,6.963929544039262,-2.8942414867756208,0.603016728859242
1767865278.1513748,1767865278151381768,Sr02_gA_IMG1_LID1_STA0_CFC64_OH0,0108_1039,A,0.0029668761417269707,-0.005303958430886269,0.0,0.0,-32.54510634550697,6.963929544039392,-2.895414962446246,0.6030167288595161
1767865278.268687,1767865278268697967,Sr02_gA_IMG1_LID1_STA0_CFC64_OH0,0108_1039,A,0.0028902916237711906,-0.0053453342989087105,0.0,0.0,-32.54510634550595,6.963929544039653,-2.896601979288379,0.6030167288600945
1767865278.3956537,1767865278395661960,Sr02_gA_IMG1_LID1_STA0_CFC64_OH0,0108_1039,A,0.0046029770746827126,-0.01971207931637764,0.0,0.0,-32.545106345503214,6.963929544040334,-2.898883669346592,0.6030167288616523
1767865278.5224168,1767865278522425024,Sr02_gA_IMG1_LID1_STA0_CFC64_OH0,0108_1039,A,0.017637845128774643,-0.010856997221708298,0.0,0.0,-32.54510634550245,6.963929544040522,-2.9020055118590142,0.6030167288620912
1767865278.64211,1767865278642116553,Sr02_gA_IMG1_LID1_STA0_CFC64_OH0,0108_1039,A,-0.02786351926624775,-0.00018838851246982813,0.0,0.0,-32.545106345502475,6.963929544040517,-2.902789929480704,0.6030167288620738
1767865278.7622066,1767865278762213347,Sr02_gA_IMG1_LID1_STA0_CFC64_OH0,0108_1039,A,-0.027873730286955833,-0.0001789740053936839,0.0,0.0,-32.545106345502205,6.963929544040585,-2.901357104623489,0.6030167288622268
1767865278.8835764,1767865278883585673,Sr02_gA_IMG1_LID1_STA0_CFC64_OH0,0108_1039,A,0.001270580105483532,-0.00494588166475296,0.0,0.0,-32.54510634550202,6.963929544040636,-2.9018879017718104,0.6030167288623289
1767865279.0092583,1767865279009266451,Sr02_gA_IMG1_LID1_STA0_CFC64_OH0,0108_1039,A,-0.002355434000492096,-0.0026528825983405113,0.0,0.0,-32.54510634550193,6.963929544040664,-2.902422423057385,0.6030167288623778
1767865279.1337862,1767865279133795893,Sr02_gA_IMG1_LID1_STA0_CFC64_OH0,0108_1039,A,-0.002327496185898781,-0.002661965787410736,0.0,0.0,-32.545106345498816,6.963929544041422,-2.9051469888093995,0.6030167288641618
1767865279.253952,1767865279253959494,Sr02_gA_IMG1_LID1_STA0_CFC64_OH0,0108_1039,A,-0.003419524058699608,-0.005658217705786228,0.0,0.0,-32.54510634549886,6.963929544041411,-2.9062326772322735,0.6030167288641376
1767865279.3712776,1767865279371285222,Sr02_gA_IMG1_LID1_STA0_CFC64_OH0,0108_1039,A,0.001995692029595375,-0.008176375180482864,0.0,0.0,-32.54510634550035,6.963929544041051,-2.9063674244788213,0.6030167288632805
1767865279.489258,1767865279489267300,Sr02_gA_IMG1_LID1_STA0_CFC64_OH0,0108_1039,A,-0.008608147501945496,-0.003574216505512595,0.0,0.0,-32.54510634550035,6.963929544041052,-2.906385310713399,0.6030167288632798
1767865279.6118653,1767865279611872506,Sr02_gA_IMG1_LID1_STA0_CFC64_OH0,0108_1039,A,-0.0087358970195055,-0.003591947490349412,0.0,0.0,-32.54510634549984,6.963929544041179,-2.907081312959888,0.6030167288635715
1767865279.7371407,1767865279737148368,Sr02_gA_IMG1_LID1_STA0_CFC64_OH0,0108_1039,A,0.018475618213415146,-0.005457703489810228,0.0,0.0,-32.545106345499846,6.963929544041175,-2.907346589723583,0.6030167288635686
1767865279.8613288,1767865279861336194,Sr02_gA_IMG1_LID1_STA0_CFC64_OH0,0108_1039,A,-0.002433422952890396,-0.009239031001925468,0.0,0.0,-32.54510634549984,6.963929544041182,-2.9076127746631726,0.603016728863569
1767865279.9862714,1767865279986278787,Sr02_gA_IMG1_LID1_STA0_CFC64_OH0,0108_1039,A,0.00509964395314455,-0.009552208706736565,0.0,0.0,-32.545106345499036,6.963929544041381,-2.9084267419647998,0.603016728864027
1767865280.10876,1767865280108770438,Sr02_gA_IMG1_LID1_STA0_CFC64_OH0,0108_1039,A,0.005045595578849316,-0.009574316442012787,0.0,0.0,-32.54510634549867,6.963929544041468,-2.909244366284432,0.6030167288642407
1767865280.239516,1767865280239524413,Sr02_gA_IMG1_LID1_STA0_CFC64_OH0,0108_1039,A,7.297098636627197e-05,-0.010114145465195179,0.0,0.0,-32.54510634549925,6.963929544041333,-2.9098268606642095,0.6030167288639021
1767865280.3604279,1767865280360436208,Sr02_gA_IMG1_LID1_STA0_CFC64_OH0,0108_1039,A,0.008447544649243355,-0.02081848308444023,0.0,0.0,-32.54510634549921,6.9639295440413465,-2.9101860436054854,0.6030167288639245
1767865280.4830585,1767865280483066241,Sr02_gA_IMG1_LID1_STA0_CFC64_OH0,0108_1039,A,-0.028446810320019722,-0.005458057392388582,0.0,0.0,-32.54510634549828,6.963929544041572,-2.9110803032268286,0.6030167288644536
1767865280.608284,1767865280608291257,Sr02_gA_IMG1_LID1_STA0_CFC64_OH0,0108_1039,A,-0.028487736359238625,-0.005463945679366589,0.0,0.0,-32.545106345497906,6.963929544041659,-2.9120041932394125,0.6030167288646726
1767865280.7312155,1767865280731225915,Sr02_gA_IMG1_LID1_STA0_CFC64_OH0,0108_1039,A,0.006729847751557827,-0.011642485857009888,0.0,0.0,-32.545106345497366,6.963929544041784,-2.9134376681344225,0.6030167288649864
1767865280.8505104,1767865280850518981,Sr02_gA_IMG1_LID1_STA0_CFC64_OH0,0108_1039,A,0.0011734170839190483,-0.03877957910299301,0.0,0.0,-32.545106345497025,6.963929544041864,-2.9143950868493897,0.603016728865184
1767865280.9756444,1767865280975652374,Sr02_gA_IMG1_LID1_STA0_CFC64_OH0,0108_1039,A,-0.019510215148329735,-0.018737897276878357,0.0,0.0,-32.545106345494894,6.963929544042356,-2.9161262675459954,0.603016728866424
1767865281.100781,1767865281100791168,Sr02_gA_IMG1_LID1_STA0_CFC64_OH0,0108_1039,A,-0.01955360360443592,-0.01876029372215271,0.0,0.0,-32.54510634549315,6.963929544042759,-2.918208100189036,0.6030167288674364
1767865281.2235348,1767865281223541357,Sr02_gA_IMG1_LID1_STA0_CFC64_OH0,0108_1039,A,0.012234711088240147,-0.010638334788382053,0.0,0.0,-32.54510634549513,6.9639295440423155,-2.919026978895185,0.6030167288662787
1767865281.344473,1767865281344480775,Sr02_gA_IMG1_LID1_STA0_CFC64_OH0,0108_1039,A,0.01409880444407463,0.006915285252034664,0.0,0.0,-32.545106345495036,6.963929544042345,-2.919573361305243,0.603016728866327
1767865281.4634838,1767865281463491217,Sr02_gA_IMG1_LID1_STA0_CFC64_OH0,0108_1039,A,0.019790925085544586,-0.031184427440166473,0.0,0.0,-32.5451063454882,6.963929544043877,-2.922405170673359,0.6030167288703344
1767865281.5903323,1767865281590340042,Sr02_gA_IMG1_LID1_STA0_CFC64_OH0,0108_1039,A,0.019708218052983284,-0.0312119722366333,0.0,0.0,-32.54510634548451,6.9639295440446904,-2.9260827046297884,0.6030167288725051
1767865281.7076912,1767865281707700465,Sr02_gA_IMG1_LID1_STA0_CFC64_OH0,0108_1039,A,-0.04959695786237717,-0.012175298295915127,0.0,0.0,-32.54510634548419,6.963929544044759,-2.927956483942438,0.6030167288726949
1767865281.82453,1767865281824537320,Sr02_gA_IMG1_LID1_STA0_CFC64_OH0,0108_1039,A,0.018818696960806847,0.004929745569825172,0.0,0.0,-32.54510634548299,6.9639295440450155,-2.9306890670699324,0.6030167288734073
1767865281.9429057,1767865281942912751,Sr02_gA_IMG1_LID1_STA0_CFC64_OH0,0108_1039,A,0.018669629469513893,0.004910522140562534,0.0,0.0,-32.545106345483,6.963929544045014,-2.931752889135638,0.6030167288734032
1767865282.0634043,1767865282063411726,Sr02_gA_IMG1_LID1_STA0_CFC64_OH0,0108_1039,A,-0.01740368641912937,0.006949927657842636,0.0,0.0,-32.545106345485465,6.963929544044489,-2.9312369200422204,0.603016728871939
1767865282.1816788,1767865282181691477,Sr02_gA_IMG1_LID1_STA0_CFC64_OH0,0108_1039,A,0.005037602968513966,0.0016956522595137358,0.0,0.0,-32.54510622496306,6.963929569785647,-2.9347492372590014,0.6030168003899683
