t_unix,t_ros_ns,run_folder,run_id,goal_id,v_pred_lin,w_pred_ang,v_cmd_lin,w_cmd_ang,x,y,yaw,dist_to_goal
1773767893.4197237,1773767893419731815,Sr02_gA+B_eps15_IMG1_LID1_STA1_CFC64_OH1,0317_1818,B,-0.11966699361801147,0.001905066892504692,0.0,0.0,-1.0717398057730639e-14,-2.461193399820004e-24,-7.060458782452394e-12,28.4708716343564
1773767893.5396442,1773767893539651295,Sr02_gA+B_eps15_IMG1_LID1_STA1_CFC64_OH1,0317_1818,B,-0.11966699361801147,0.001905066892504692,0.0,0.0,-1.0717398057730639e-14,-2.461193399820004e-24,-7.060458782452394e-12,28.4708716343564
1773767893.6655014,1773767893665508124,Sr02_gA+B_eps15_IMG1_LID1_STA1_CFC64_OH1,0317_1818,B,-0.2212495654821396,0.029665999114513397,-0.5,0.0,-1.0831742058654514e-14,-2.460386078712609e-24,-7.0604589382897085e-12,28.4708716343564
1773767893.7846935,1773767893784701146,Sr02_gA+B_eps15_IMG1_LID1_STA1_CFC64_OH1,0317_1818,B,-0.05896371230483055,-0.0028880885802209377,0.0,0.0,-1.0945756336456876e-14,-2.4595810855556883e-24,-7.060459276557597e-12,28.4708716343564
1773767893.906171,1773767893906177726,Sr02_gA+B_eps15_IMG1_LID1_STA1_CFC64_OH1,0317_1818,B,-0.5054519176483154,0.0049166809767484665,-0.5,0.0,-1.1021845057679896e-14,-2.4590438642287455e-24,-7.060459390245283e-12,28.4708716343564
1773767894.0305128,1773767894030520134,Sr02_gA+B_eps15_IMG1_LID1_STA1_CFC64_OH1,0317_1818,B,-0.12088313698768616,-0.037608202546834946,0.0,0.0,-1.1097747958330271e-14,-2.4585079548789533e-24,-7.0604594918757944e-12,28.4708716343564
1773767894.147726,1773767894147733427,Sr02_gA+B_eps15_IMG1_LID1_STA1_CFC64_OH1,0317_1818,B,-0.6112344861030579,-0.08422266691923141,-0.5,0.0,2.2366278335307987e-13,2.8130408068272875e-18,0.000247642302020058,28.47087163435647
1773767894.2654722,1773767894265479525,Sr02_gA+B_eps15_IMG1_LID1_STA1_CFC64_OH1,0317_1818,B,0.05932139605283737,0.15071803331375122,0.0,0.0,2.0957789345069532e-13,-2.016531638722478e-18,0.0004381375009873287,28.470871634356467
1773767894.3831396,1773767894383148499,Sr02_gA+B_eps15_IMG1_LID1_STA1_CFC64_OH1,0317_1818,B,-0.4418078362941742,-0.007814780808985233,-0.5,0.0,-0.0113111224881309,-7.033793966056046e-06,0.0006724509106442309,28.467448647707215
1773767894.5054395,1773767894505445584,Sr02_gA+B_eps15_IMG1_LID1_STA1_CFC64_OH1,0317_1818,B,-0.42873507738113403,0.01347412820905447,-0.5,0.0,-0.016484543093213677,-1.0663761794782821e-05,0.0006846005691792975,28.465884814685804
1773767894.6240566,1773767894624063041,Sr02_gA+B_eps15_IMG1_LID1_STA1_CFC64_OH1,0317_1818,B,-0.4292966425418854,0.01370373833924532,-0.5,0.0,-0.02294320397968798,-1.3804404234125367e-05,0.0004098311449065723,28.4639323496261
1773767894.7439237,1773767894743931056,Sr02_gA+B_eps15_IMG1_LID1_STA1_CFC64_OH1,0317_1818,B,-0.43481338024139404,0.05329469218850136,-0.5,0.0,-0.04421949685395664,-1.94831736018912e-05,8.800023009926188e-05,28.45750545839654
1773767894.8637598,1773767894863768584,Sr02_gA+B_eps15_IMG1_LID1_STA1_CFC64_OH1,0317_1818,B,-0.5280512571334839,0.06234854832291603,-0.5,0.0,-0.057305607964747,-1.9392734137334884e-05,-6.76188501501604e-05,28.45355632496742
1773767894.9800768,1773767894980084539,Sr02_gA+B_eps15_IMG1_LID1_STA1_CFC64_OH1,0317_1818,B,-0.5449453592300415,0.06109378859400749,-0.5,0.0,-0.08504192329398705,-1.5122532237231012e-05,-0.0002511264422876313,28.445200245486646
1773767895.094855,1773767895094864203,Sr02_gA+B_eps15_IMG1_LID1_STA1_CFC64_OH1,0317_1818,B,-0.5373625159263611,-0.0006414595991373062,-0.5,0.0,-0.10486777722578768,-9.114970422884448e-06,-0.0003438216762972592,28.439239593969955
1773767895.2093499,1773767895209360337,Sr02_gA+B_eps15_IMG1_LID1_STA1_CFC64_OH1,0317_1818,B,-0.483985960483551,0.29214605689048767,-0.5,0.5,-0.14199604013943043,5.707778084193352e-06,-0.00044821111032428926,28.428107387121738
1773767895.3349829,1773767895334989793,Sr02_gA+B_eps15_IMG1_LID1_STA1_CFC64_OH1,0317_1818,B,-0.5129431486129761,0.0725947842001915,-0.5,0.0,-0.19147356647001723,1.0368706139216717e-05,0.0005338176367193121,28.413355523836984
1773767895.4569583,1773767895456964988,Sr02_gA+B_eps15_IMG1_LID1_STA1_CFC64_OH1,0317_1818,B,-0.5139949321746826,0.0777108296751976,-0.5,0.0,-0.26646467310937116,-0.00020428179654685355,0.006518286622700557,28.391358343075172
1773767895.5737288,1773767895573735574,Sr02_gA+B_eps15_IMG1_LID1_STA1_CFC64_OH1,0317_1818,B,-0.5023258924484253,-0.11427511274814606,-0.5,0.0,-0.316462413273032,-0.0006715733357794374,0.01239096793854882,28.37710304563419
1773767895.6958797,1773767895695886928,Sr02_gA+B_eps15_IMG1_LID1_STA1_CFC64_OH1,0317_1818,B,-0.5295349955558777,-0.008651481941342354,-0.5,0.0,-0.3914512859692119,-0.0019477440143026508,0.021605208071827454,28.356424593062258
1773767895.816897,1773767895816903872,Sr02_gA+B_eps15_IMG1_LID1_STA1_CFC64_OH1,0317_1818,B,-0.5483532547950745,0.026333019137382507,-0.5,0.0,-0.4414271468565825,-0.0030898097683164753,0.022994465844051255,28.343024508151714
1773767895.9370992,1773767895937106243,Sr02_gA+B_eps15_IMG1_LID1_STA1_CFC64_OH1,0317_1818,B,-0.5629549026489258,0.15832927823066711,-0.5,0.0,-0.5157293406490427,-0.005343398503593734,0.04602357428344598,28.32378542901456
1773767896.054485,1773767896054492811,Sr02_gA+B_eps15_IMG1_LID1_STA1_CFC64_OH1,0317_1818,B,-0.5084534287452698,0.3200470507144928,-0.5,0.5,-0.5654269407806095,-0.008017495869247663,0.058376494187699385,28.31213719360369
1773767896.177338,1773767896177345077,Sr02_gA+B_eps15_IMG1_LID1_STA1_CFC64_OH1,0317_1818,B,-0.40892061591148376,0.3915059566497803,-0.5,0.5,-0.6153303383478527,-0.011122068041739335,0.06599407590624454,28.3009261655843
1773767896.296658,1773767896296665200,Sr02_gA+B_eps15_IMG1_LID1_STA1_CFC64_OH1,0317_1818,B,-0.442996084690094,0.42281273007392883,-0.5,0.5,-0.6899541334174643,-0.016049601389541854,0.05966657708518305,28.284591783515364
1773767896.4116495,1773767896411656511,Sr02_gA+B_eps15_IMG1_LID1_STA1_CFC64_OH1,0317_1818,B,-0.5228185653686523,0.26696303486824036,-0.5,0.5,-0.7398201678637897,-0.01887437694144229,0.05562713743572285,28.27333228779578
1773767896.5276797,1773767896527687225,Sr02_gA+B_eps15_IMG1_LID1_STA1_CFC64_OH1,0317_1818,B,-0.43647482991218567,0.3457549810409546,-0.5,0.5,-0.7897408927184038,-0.021688590497250235,0.05756071874263252,28.262131239233295
1773767896.6425405,1773767896642547922,Sr02_gA+B_eps15_IMG1_LID1_STA1_CFC64_OH1,0317_1818,B,-0.44214218854904175,0.4159775376319885,-0.5,0.5,-0.8644780857228787,-0.026373737509045064,0.07235642373917064,28.24597281058686
1773767896.7648842,1773767896764892038,Sr02_gA+B_eps15_IMG1_LID1_STA1_CFC64_OH1,0317_1818,B,-0.43387070298194885,0.43170785903930664,-0.5,0.5,-0.914070854211498,-0.030589484796810527,0.09977559911552827,28.23641984650534
1773767896.8814383,1773767896881444196,Sr02_gA+B_eps15_IMG1_LID1_STA1_CFC64_OH1,0317_1818,B,-0.5257762670516968,0.48040300607681274,-0.5,0.5,-0.9884267546094966,-0.0400740384361329,0.15589932876358417,28.225300551688758
1773767897.004318,1773767897004325547,Sr02_gA+B_eps15_IMG1_LID1_STA1_CFC64_OH1,0317_1818,B,-0.5143309235572815,0.37802064418792725,-0.5,0.5,-1.0376465622682296,-0.04885148345524333,0.19755437674652598,28.22045407172265
1773767897.1235993,1773767897123606237,Sr02_gA+B_eps15_IMG1_LID1_STA1_CFC64_OH1,0317_1818,B,-0.5189125537872314,0.4268369972705841,-0.5,0.5,-1.0864566731533962,-0.05943906587946162,0.22734845169501788,28.217549104764636
1773767897.24099,1773767897241000692,Sr02_gA+B_eps15_IMG1_LID1_STA1_CFC64_OH1,0317_1818,B,-0.4872446656227112,0.3894948363304138,-0.5,0.5,-1.1590826141450659,-0.07794933245808938,0.2745419442811608,28.21604791763087
1773767897.358128,1773767897358135741,Sr02_gA+B_eps15_IMG1_LID1_STA1_CFC64_OH1,0317_1818,B,-0.4692140221595764,0.46856456995010376,-0.5,0.5,-1.206890797628107,-0.09247385839591996,0.3157037798123461,28.217425334432917
1773767897.4860868,1773767897486094815,Sr02_gA+B_eps15_IMG1_LID1_STA1_CFC64_OH1,0317_1818,B,-0.504220724105835,0.44912800192832947,-0.5,0.5,-1.2540765835892256,-0.10900017584718724,0.3584025762607095,28.220986060627865
1773767897.6068447,1773767897606851765,Sr02_gA+B_eps15_IMG1_LID1_STA1_CFC64_OH1,0317_1818,B,-0.5120788216590881,0.5006416440010071,-0.5,0.5,-1.3233339698895097,-0.13771428633499727,0.4288824237599092,28.23067712345232
1773767897.7280035,1773767897728011638,Sr02_gA+B_eps15_IMG1_LID1_STA1_CFC64_OH1,0317_1818,B,-0.5043050050735474,0.4954143762588501,-0.5,0.5,-1.3683691576841661,-0.15940824180812854,0.4678863605598263,28.24000434432181
1773767897.847262,1773767897847269035,Sr02_gA+B_eps15_IMG1_LID1_STA1_CFC64_OH1,0317_1818,B,-0.46878212690353394,0.500033438205719,-0.5,0.5,-1.4342470141483077,-0.19520879845332745,0.52935296822089,28.25773412661186
1773767897.9702795,1773767897970286902,Sr02_gA+B_eps15_IMG1_LID1_STA1_CFC64_OH1,0317_1818,B,-0.47336703538894653,0.5004794001579285,-0.5,0.5,-1.4769011498504523,-0.22129152089755535,0.5683024080722356,28.27212197132751
1773767898.090557,1773767898090563545,Sr02_gA+B_eps15_IMG1_LID1_STA1_CFC64_OH1,0317_1818,B,-0.4186941087245941,0.4721309244632721,-0.5,0.5,-1.5387257914717423,-0.2636622409047809,0.6351877012710277,28.29753947898784
1773767898.2066445,1773767898206651719,Sr02_gA+B_eps15_IMG1_LID1_STA1_CFC64_OH1,0317_1818,B,-0.4287566840648651,0.4017302393913269,-0.5,0.5,-1.5782941886732842,-0.2942223701617675,0.6801004370252698,28.31723282279158
1773767898.3239748,1773767898323981273,Sr02_gA+B_eps15_IMG1_LID1_STA1_CFC64_OH1,0317_1818,B,-0.4810846447944641,0.475341796875,-0.5,0.5,-1.6163787034714923,-0.32659592290041795,0.7295006730813085,28.339125210387227
1773767898.438686,1773767898438693405,Sr02_gA+B_eps15_IMG1_LID1_STA1_CFC64_OH1,0317_1818,B,-0.46163639426231384,0.4664645195007324,-0.5,0.5,-1.6703724262974489,-0.3786254827047035,0.8040740894508097,28.37622946538095
1773767898.5543406,1773767898554346776,Sr02_gA+B_eps15_IMG1_LID1_STA1_CFC64_OH1,0317_1818,B,-0.44951361417770386,0.4708174765110016,-0.5,0.5,-1.7041467820883205,-0.4154870046737989,0.8540773590674934,28.403700272150168
1773767898.679182,1773767898679189866,Sr02_gA+B_eps15_IMG1_LID1_STA1_CFC64_OH1,0317_1818,B,-0.5527509450912476,0.5106207132339478,-0.5,0.5,-1.7360360691651053,-0.453990920740782,0.9041118486823765,28.433283265659703
1773767898.7983062,1773767898798312792,Sr02_gA+B_eps15_IMG1_LID1_STA1_CFC64_OH1,0317_1818,B,-0.531305730342865,0.49447113275527954,-0.5,0.5,-1.780207079135958,-0.5145835763321277,0.9766323074938104,28.481399832729657
1773767898.9144921,1773767898914499160,Sr02_gA+B_eps15_IMG1_LID1_STA1_CFC64_OH1,0317_1818,B,-0.39315441250801086,0.5019347071647644,-0.5,0.5,-1.807330170373712,-0.5565835540502785,1.0175093185155095,28.515656819000142
1773767899.0315933,1773767899031600247,Sr02_gA+B_eps15_IMG1_LID1_STA1_CFC64_OH1,0317_1818,B,-0.5433605313301086,0.4716395139694214,-0.5,0.5,-1.8326823975165776,-0.5996411495721296,1.0615883458476272,28.551409438076174
1773767899.1528301,1773767899152836476,Sr02_gA+B_eps15_IMG1_LID1_STA1_CFC64_OH1,0317_1818,B,-0.5932588577270508,0.2967018485069275,-0.5,0.5,-1.8669032951867246,-0.6663616052409151,1.1319565420586097,28.60809263268651
1773767899.2741292,1773767899274139159,Sr02_gA+B_eps15_IMG1_LID1_STA1_CFC64_OH1,0317_1818,B,-0.5927093029022217,0.3306773900985718,-0.5,0.5,-1.8870746052294893,-0.7121071649816989,1.179038217968178,28.647780428355016
1773767899.3913672,1773767899391375270,Sr02_gA+B_eps15_IMG1_LID1_STA1_CFC64_OH1,0317_1818,B,-0.34832054376602173,0.26796451210975647,-0.5,0.5,-1.9131033798693997,-0.7824164008849974,1.2544035129110809,28.710006492727093
1773767899.507713,1773767899507720465,Sr02_gA+B_eps15_IMG1_LID1_STA1_CFC64_OH1,0317_1818,B,-0.4294884502887726,0.32130593061447144,-0.5,0.5,-1.9274721357171491,-0.830301976539598,1.3040120611202686,28.753205339347463
1773767899.6330316,1773767899633044726,Sr02_gA+B_eps15_IMG1_LID1_STA1_CFC64_OH1,0317_1818,B,-0.39912381768226624,0.32131409645080566,-0.5,0.5,-1.939441396199766,-0.8788428066018609,1.3541308200518136,28.797621512680237
1773767899.7554698,1773767899755476539,Sr02_gA+B_eps15_IMG1_LID1_STA1_CFC64_OH1,0317_1818,B,-0.10701878368854523,0.2525607943534851,0.0,0.5,-1.9528843400352127,-0.9526027843202759,1.4252589861075688,28.866247296795645
1773767899.8732936,1773767899873300229,Sr02_gA+B_eps15_IMG1_LID1_STA1_CFC64_OH1,0317_1818,B,0.12893103063106537,0.07772780954837799,0.0,0.0,-1.9593495709605846,-1.0021275179520088,1.455896436577108,28.912933871348923
1773767900.0022564,1773767900002263422,Sr02_gA+B_eps15_IMG1_LID1_STA1_CFC64_OH1,0317_1818,B,0.4387451410293579,0.35801613330841064,0.5,0.5,-1.9661659140306664,-1.0768074577433382,1.504471162459325,28.98402954914453
1773767900.1200607,1773767900120069439,Sr02_gA+B_eps15_IMG1_LID1_STA1_CFC64_OH1,0317_1818,B,0.4717816710472107,0.3810196816921234,0.5,0.5,-1.9687782963032772,-1.1267269997942608,1.531947677914324,29.032010633957498
1773767900.2388437,1773767900238851612,Sr02_gA+B_eps15_IMG1_LID1_STA1_CFC64_OH1,0317_1818,B,0.48039165139198303,0.41633298993110657,0.5,0.5,-1.9699512121518126,-1.176695177633452,1.5633289190052895,29.080375846908037
1773767900.3583438,1773767900358351235,Sr02_gA+B_eps15_IMG1_LID1_STA1_CFC64_OH1,0317_1818,B,0.5351517796516418,0.5499483942985535,0.5,0.5,-1.9687040792622248,-1.2516775438383656,1.6115256054131861,29.153650816853247
1773767900.4801185,1773767900480125901,Sr02_gA+B_eps15_IMG1_LID1_STA1_CFC64_OH1,0317_1818,B,0.4677050709724426,0.35422927141189575,0.5,0.5,-1.9663587630460149,-1.2943190743169655,1.6410324838817671,29.19569908433421
1773767900.6072593,1773767900607266840,Sr02_gA+B_eps15_IMG1_LID1_STA1_CFC64_OH1,0317_1818,B,0.4727516174316406,0.3876505196094513,0.5,0.5,-1.9639696041595958,-1.3227563601240224,1.674622067838203,29.2239302039118
1773767900.7277377,1773767900727748729,Sr02_gA+B_eps15_IMG1_LID1_STA1_CFC64_OH1,0317_1818,B,0.5331854820251465,0.5139185190200806,0.5,0.5,-1.9644629057583503,-1.318587093812498,1.6906891137491176,29.21975846244163
1773767900.848719,1773767900848725434,Sr02_gA+B_eps15_IMG1_LID1_STA1_CFC64_OH1,0317_1818,B,0.5231091380119324,0.5347917079925537,0.5,0.5,-1.9695308243966319,-1.280087794925678,1.708690792044658,29.181119495221107
1773767900.9650702,1773767900965077042,Sr02_gA+B_eps15_IMG1_LID1_STA1_CFC64_OH1,0317_1818,B,0.5202077031135559,0.5338326096534729,0.5,0.5,-1.9756986443835456,-1.2378126494711548,1.7248671566766114,29.138553729388228
1773767901.0881705,1773767901088178650,Sr02_gA+B_eps15_IMG1_LID1_STA1_CFC64_OH1,0317_1818,B,0.4692172706127167,0.5612614154815674,0.5,0.5,-1.9833816288559798,-1.1929262605858286,1.7590767922129236,29.093099826018925
1773767901.215665,1773767901215672359,Sr02_gA+B_eps15_IMG1_LID1_STA1_CFC64_OH1,0317_1818,B,0.48882797360420227,0.36426272988319397,0.5,0.5,-1.9993913602781577,-1.1204696178899072,1.8148713532395597,29.018902128919745
1773767901.3369465,1773767901336952913,Sr02_gA+B_eps15_IMG1_LID1_STA1_CFC64_OH1,0317_1818,B,0.5021677613258362,0.5578974485397339,0.5,0.5,-2.0123962363898884,-1.0721937307658687,1.8533021189120191,28.968931422008886
1773767901.4577255,1773767901457732651,Sr02_gA+B_eps15_IMG1_LID1_STA1_CFC64_OH1,0317_1818,B,0.5030081272125244,0.5228345394134521,0.5,0.5,-2.0356243724932304,-1.001019281899043,1.9236276943013406,28.89433166328174
1773767901.580513,1773767901580521885,Sr02_gA+B_eps15_IMG1_LID1_STA1_CFC64_OH1,0317_1818,B,0.4857172667980194,0.528782308101654,0.5,0.5,-2.054148261670629,-0.9545836347106438,1.9771068106487675,28.84489278907127
1773767901.7006998,1773767901700706550,Sr02_gA+B_eps15_IMG1_LID1_STA1_CFC64_OH1,0317_1818,B,0.5086648464202881,0.4644101858139038,0.5,0.5,-2.0865163777645224,-0.886950073381892,2.0572008110028217,28.771661104286412
1773767901.8240666,1773767901824074176,Sr02_gA+B_eps15_IMG1_LID1_STA1_CFC64_OH1,0317_1818,B,0.49711933732032776,0.49057868123054504,0.5,0.5,-2.1111167144914655,-0.8434280468354945,2.113326886189391,28.72368424168065
1773767901.948135,1773767901948141289,Sr02_gA+B_eps15_IMG1_LID1_STA1_CFC64_OH1,0317_1818,B,0.4996696412563324,0.4853687286376953,0.5,0.5,-2.1377161347558715,-0.8012692694943095,2.1521861090588112,28.676588808723125
1773767902.0697696,1773767902069777058,Sr02_gA+B_eps15_IMG1_LID1_STA1_CFC64_OH1,0317_1818,B,0.4892183542251587,0.5128722786903381,0.5,0.5,-2.1807050624965028,-0.7401948956135755,2.2226422353758175,28.607373468419564
1773767902.194537,1773767902194544832,Sr02_gA+B_eps15_IMG1_LID1_STA1_CFC64_OH1,0317_1818,B,0.49393630027770996,0.4855171740055084,0.5,0.5,-2.2120873557899414,-0.7012773690173001,2.2756269076850564,28.56238506374166
1773767902.3159914,1773767902315999403,Sr02_gA+B_eps15_IMG1_LID1_STA1_CFC64_OH1,0317_1818,B,0.48567819595336914,0.43825939297676086,0.5,0.5,-2.262887641312023,-0.6461286180184739,2.354825233991979,28.497245433640945
1773767902.440459,1773767902440464892,Sr02_gA+B_eps15_IMG1_LID1_STA1_CFC64_OH1,0317_1818,B,0.48830804228782654,0.3943910598754883,0.5,0.5,-2.2990037886568007,-0.6115573257610284,2.401266236975173,28.45548414314102
1773767902.5649667,1773767902564973702,Sr02_gA+B_eps15_IMG1_LID1_STA1_CFC64_OH1,0317_1818,B,0.4891900420188904,0.44102007150650024,0.5,0.5,-2.356139110814593,-0.5629974257366087,2.473754120466353,28.39545215182208
1773767902.6831026,1773767902683109909,Sr02_gA+B_eps15_IMG1_LID1_STA1_CFC64_OH1,0317_1818,B,0.49473103880882263,0.3420379161834717,0.5,0.5,-2.3961331110318342,-0.5329976128023691,2.5222909453203863,28.357366475703994
1773767902.8045568,1773767902804564489,Sr02_gA+B_eps15_IMG1_LID1_STA1_CFC64_OH1,0317_1818,B,0.509081244468689,0.13021817803382874,0.5,0.0,-2.458796895060527,-0.49182128516785734,2.5986716238494836,28.30345490385224
1773767902.924586,1773767902924593134,Sr02_gA+B_eps15_IMG1_LID1_STA1_CFC64_OH1,0317_1818,B,0.5049874186515808,0.11387091130018234,0.5,0.0,-2.502217205209624,-0.4670385235487112,2.6472233034358776,28.26981475626904
1773767903.0401626,1773767903040169616,Sr02_gA+B_eps15_IMG1_LID1_STA1_CFC64_OH1,0317_1818,B,0.5174497961997986,0.09244000911712646,0.5,0.0,-2.5467362952816748,-0.4442865989791263,2.6910492246645044,28.237969022219
1773767903.1578135,1773767903157821659,Sr02_gA+B_eps15_IMG1_LID1_STA1_CFC64_OH1,0317_1818,B,0.49735862016677856,-0.0042222342453897,0.5,0.0,-2.6152144763395984,-0.4137242205164265,2.7515238953275083,28.193419265308822
1773767903.275599,1773767903275607402,Sr02_gA+B_eps15_IMG1_LID1_STA1_CFC64_OH1,0317_1818,B,0.49588543176651,-0.003942804876714945,0.5,0.0,-2.661833212840449,-0.3957018354015474,2.7946400108323326,28.165885046310574
1773767903.3891873,1773767903389194356,Sr02_gA+B_eps15_IMG1_LID1_STA1_CFC64_OH1,0317_1818,B,0.5085339546203613,0.08017787337303162,0.5,0.0,-2.70914812429856,-0.3796080139612987,2.8310913201634254,28.14015124262495
1773767903.509452,1773767903509460887,Sr02_gA+B_eps15_IMG1_LID1_STA1_CFC64_OH1,0317_1818,B,0.5053305625915527,0.15393763780593872,0.5,0.0,-2.7808194978588636,-0.3582790816516767,2.8662271891073083,28.104277359066742
1773767903.6347094,1773767903634715703,Sr02_gA+B_eps15_IMG1_LID1_STA1_CFC64_OH1,0317_1818,B,0.5067701935768127,0.1506442129611969,0.5,0.0,-2.829017684063601,-0.34497848812718807,2.8781046914443214,28.08125910533174
1773767903.7625372,1773767903762543679,Sr02_gA+B_eps15_IMG1_LID1_STA1_CFC64_OH1,0317_1818,B,0.5044877529144287,0.029844287782907486,0.5,0.0,-2.901573311323595,-0.32598939575874825,2.892613612547491,28.04775205988115
1773767903.879944,1773767903879950875,Sr02_gA+B_eps15_IMG1_LID1_STA1_CFC64_OH1,0317_1818,B,0.500602126121521,-2.716854214668274e-05,0.5,0.0,-2.9500152538157596,-0.3137839507800023,2.895009819458641,28.025933263823237
1773767904.0007498,1773767904000757164,Sr02_gA+B_eps15_IMG1_LID1_STA1_CFC64_OH1,0317_1818,B,0.37906020879745483,0.04569334536790848,0.5,0.0,-3.0227411495881604,-0.2954551972557519,2.894412810920102,27.993307537706347
1773767904.1220133,1773767904122019748,Sr02_gA+B_eps15_IMG1_LID1_STA1_CFC64_OH1,0317_1818,B,0.37450897693634033,0.044947702437639236,0.5,0.0,-3.0712317171109857,-0.28339429878320643,2.901766587892985,27.971801416691505
1773767904.2479157,1773767904247923138,Sr02_gA+B_eps15_IMG1_LID1_STA1_CFC64_OH1,0317_1818,B,0.5001754760742188,-0.0051694042049348354,0.5,0.0,-3.1198533445395524,-0.271876040559992,2.916638166176995,27.95087416373171
1773767904.3668158,1773767904366823536,Sr02_gA+B_eps15_IMG1_LID1_STA1_CFC64_OH1,0317_1818,B,0.49783003330230713,-0.009635047987103462,0.5,0.0,-3.1931478528872894,-0.25598032168062107,2.9393335662658737,27.920906077279422
1773767904.4872842,1773767904487292877,Sr02_gA+B_eps15_IMG1_LID1_STA1_CFC64_OH1,0317_1818,B,0.5006129741668701,-0.0012189988046884537,0.5,0.0,-3.2421116008766613,-0.24617879260229097,2.9462204307248236,27.901782583722095
1773767904.6121905,1773767904612197620,Sr02_gA+B_eps15_IMG1_LID1_STA1_CFC64_OH1,0317_1818,B,0.5010539889335632,0.0026124445721507072,0.5,0.0,-3.3156889287984064,-0.2316400137120981,2.946515092423704,27.87337583660009
1773767904.7278795,1773767904727894339,Sr02_gA+B_eps15_IMG1_LID1_STA1_CFC64_OH1,0317_1818,B,0.49799418449401855,-0.0025308500044047832,0.5,0.0,-3.364750849319207,-0.2220583543401919,2.951003154923096,27.854640993309843
1773767904.8504696,1773767904850476900,Sr02_gA+B_eps15_IMG1_LID1_STA1_CFC64_OH1,0317_1818,B,0.4996483623981476,-0.0034405221231281757,0.5,0.0,-3.4138667821145803,-0.21269776735824328,2.9555202876369924,27.836190320041634
1773767904.9720025,1773767904972010271,Sr02_gA+B_eps15_IMG1_LID1_STA1_CFC64_OH1,0317_1818,B,0.4985904395580292,-0.002709220163524151,0.5,0.0,-3.487575520824721,-0.1989023252799852,2.956360541844075,27.808894659269907
1773767905.0958688,1773767905095876333,Sr02_gA+B_eps15_IMG1_LID1_STA1_CFC64_OH1,0317_1818,B,0.5016034841537476,-0.003567489329725504,0.5,0.0,-3.5367161418832853,-0.18967200262244643,2.9554416984031286,27.790762008566404
1773767905.2228224,1773767905222831450,Sr02_gA+B_eps15_IMG1_LID1_STA1_CFC64_OH1,0317_1818,B,0.5034475326538086,-0.0010571177117526531,0.5,0.0,-3.6104180289862207,-0.1757784391824436,2.95517468208738,27.76366401676881
1773767905.3470182,1773767905347025736,Sr02_gA+B_eps15_IMG1_LID1_STA1_CFC64_OH1,0317_1818,B,0.5032843947410583,-0.004872525110840797,0.5,0.0,-3.659552957343239,-0.16651785150290355,2.955435923185493,27.745698314608568
1773767905.4664934,1773767905466500449,Sr02_gA+B_eps15_IMG1_LID1_STA1_CFC64_OH1,0317_1818,B,0.4987701177597046,-0.007120257243514061,0.5,0.0,-3.7332564395180396,-0.15263275326171455,2.955192406055826,27.718902536404087
1773767905.5912364,1773767905591244853,Sr02_gA+B_eps15_IMG1_LID1_STA1_CFC64_OH1,0317_1818,B,0.49969467520713806,-0.0002742195501923561,0.5,0.0,-3.7823887272404018,-0.1433581663974024,2.954848354460194,27.70112010757914
1773767905.710552,1773767905710562001,Sr02_gA+B_eps15_IMG1_LID1_STA1_CFC64_OH1,0317_1818,B,0.5016686320304871,0.006049700081348419,0.5,0.0,-3.8560818349645314,-0.12941811321360794,2.9544346585331067,27.6745675905625
1773767905.8376408,1773767905837646941,Sr02_gA+B_eps15_IMG1_LID1_STA1_CFC64_OH1,0317_1818,B,0.4998154044151306,-0.0025302013382315636,0.5,0.0,-3.905207021658116,-0.12010598731258379,2.9540779108403714,27.656946869165505
1773767905.9599278,1773767905959935204,Sr02_gA+B_eps15_IMG1_LID1_STA1_CFC64_OH1,0317_1818,B,0.4962291717529297,0.0005132751539349556,0.5,0.0,-3.9788901810471597,-0.10611344344479604,2.953767725166729,27.63064113909986
1773767906.0806646,1773767906080670885,Sr02_gA+B_eps15_IMG1_LID1_STA1_CFC64_OH1,0317_1818,B,0.5020490884780884,-0.008463394828140736,0.5,0.0,-4.028008536144995,-0.09676535133951378,2.9532804736788925,27.61318440766389
1773767906.2016835,1773767906201691469,Sr02_gA+B_eps15_IMG1_LID1_STA1_CFC64_OH1,0317_1818,B,0.4994811713695526,0.003827418200671673,0.5,0.0,-4.077121476650753,-0.08738885657628263,2.9525909281236284,27.59578010971319
1773767906.318455,1773767906318461667,Sr02_gA+B_eps15_IMG1_LID1_STA1_CFC64_OH1,0317_1818,B,0.49343451857566833,-0.008258974179625511,0.5,0.0,-4.150781609488337,-0.07327559852838972,2.9522707242960897,27.56977672640171
1773767906.4354818,1773767906435488715,Sr02_gA+B_eps15_IMG1_LID1_STA1_CFC64_OH1,0317_1818,B,0.5018031001091003,0.00023544207215309143,0.5,0.0,-4.199891053093043,-0.06388080445877152,2.9528756919674684,27.552554351496482
1773767906.554389,1773767906554394946,Sr02_gA+B_eps15_IMG1_LID1_STA1_CFC64_OH1,0317_1818,B,0.5013507604598999,-0.008381560444831848,0.5,0.0,-4.273560068074374,-0.049813982596661206,2.952753565574426,27.52689515345303
1773767906.6767313,1773767906676738934,Sr02_gA+B_eps15_IMG1_LID1_STA1_CFC64_OH1,0317_1818,B,0.4983493983745575,-0.0025510727427899837,0.5,0.0,-4.322671175535614,-0.04042788615055287,2.9527744559618774,27.50988145362765
1773767906.8008118,1773767906800818617,Sr02_gA+B_eps15_IMG1_LID1_STA1_CFC64_OH1,0317_1818,B,0.4943031668663025,-0.017116766422986984,0.5,0.0,-4.371779334369317,-0.031026382130231026,2.9520178912851844,27.492933394173402
1773767906.918794,1773767906918801282,Sr02_gA+B_eps15_IMG1_LID1_STA1_CFC64_OH1,0317_1818,B,0.5055444240570068,0.046600159257650375,0.5,0.0,-4.445433640832093,-0.016882749043513726,2.951979504901834,27.46762267162965
1773767907.0341344,1773767907034141677,Sr02_gA+B_eps15_IMG1_LID1_STA1_CFC64_OH1,0317_1818,B,0.5012084245681763,0.006965792737901211,0.5,0.0,-4.4945336016543855,-0.007438523925894339,2.9511536114096053,27.45083520762245
1773767907.1532338,1773767907153242093,Sr02_gA+B_eps15_IMG1_LID1_STA1_CFC64_OH1,0317_1818,B,0.4983653724193573,-0.007201428525149822,0.5,0.0,-4.5436277198781845,0.002036032951717389,2.9509223170084686,27.434099478395794
1773767907.279818,1773767907279825758,Sr02_gA+B_eps15_IMG1_LID1_STA1_CFC64_OH1,0317_1818,B,0.49895381927490234,-0.006171266548335552,0.5,0.0,-4.617262883661936,0.016278972864683574,2.9499236012436385,27.409117858521743
1773767907.4041822,1773767907404188682,Sr02_gA+B_eps15_IMG1_LID1_STA1_CFC64_OH1,0317_1818,B,0.4973408281803131,0.00016318168491125107,0.5,0.0,-4.666345519635893,0.025812834273378306,2.949610185143497,27.392527793240905
1773767907.5208611,1773767907520867891,Sr02_gA+B_eps15_IMG1_LID1_STA1_CFC64_OH1,0317_1818,B,0.4989873170852661,0.0014014383777976036,0.5,0.0,-4.739945661848327,0.040177480411495485,2.948006183049154,27.367735305749665
1773767907.6407883,1773767907640795242,Sr02_gA+B_eps15_IMG1_LID1_STA1_CFC64_OH1,0317_1818,B,0.49576887488365173,-0.00479083089157939,0.5,0.0,-4.7890289868836176,0.049681977020874055,2.952648789540702,27.35137760354394
1773767907.7567306,1773767907756735991,Sr02_gA+B_eps15_IMG1_LID1_STA1_CFC64_OH1,0317_1818,B,0.500449538230896,-0.0021776757203042507,0.5,0.0,-4.862711496990431,0.06365068738636097,2.9546174766772295,27.327271517427217
1773767907.8757463,1773767907875755966,Sr02_gA+B_eps15_IMG1_LID1_STA1_CFC64_OH1,0317_1818,B,0.5072510838508606,0.053396981209516525,0.5,0.0,-4.911836693327617,0.0729627580342663,2.953897335842894,27.311303297472254
1773767908.0003235,1773767908000330645,Sr02_gA+B_eps15_IMG1_LID1_STA1_CFC64_OH1,0317_1818,B,0.4851502776145935,-0.00634442875161767,0.5,0.0,-4.960955561133236,0.08230815414140764,2.9532699078062277,27.295385157256487
1773767908.1177473,1773767908117753235,Sr02_gA+B_eps15_IMG1_LID1_STA1_CFC64_OH1,0317_1818,B,0.49750298261642456,0.004009495489299297,0.5,0.0,-5.03462662039779,0.09636426639098794,2.953053384519852,27.271625680127652
1773767908.2448218,1773767908244828371,Sr02_gA+B_eps15_IMG1_LID1_STA1_CFC64_OH1,0317_1818,B,0.49925732612609863,0.0024567069485783577,0.5,0.0,-5.083741226747774,0.10573203677689261,2.95319352786461,27.25589204840035
1773767908.3667855,1773767908366792631,Sr02_gA+B_eps15_IMG1_LID1_STA1_CFC64_OH1,0317_1818,B,0.49825090169906616,-0.000673503614962101,0.5,0.0,-5.157410693780853,0.11979648481325773,2.9525987543273997,27.232434311033945
1773767908.4898722,1773767908489879651,Sr02_gA+B_eps15_IMG1_LID1_STA1_CFC64_OH1,0317_1818,B,0.5013375878334045,0.0004874756559729576,0.5,0.0,-5.206519121570451,0.12919659079647622,2.952354853603002,27.21687636224643
1773767908.6115315,1773767908611539132,Sr02_gA+B_eps15_IMG1_LID1_STA1_CFC64_OH1,0317_1818,B,0.5010055303573608,-0.0004544593393802643,0.5,0.0,-5.280203933828237,0.1430580113216084,2.959237926509353,27.193929298847255
1773767908.737537,1773767908737544236,Sr02_gA+B_eps15_IMG1_LID1_STA1_CFC64_OH1,0317_1818,B,0.4988771080970764,-0.0009506503120064735,0.5,0.0,-5.329372068035508,0.1521406404602655,2.9587070421337183,27.17888707469649
1773767908.85887,1773767908858878409,Sr02_gA+B_eps15_IMG1_LID1_STA1_CFC64_OH1,0317_1818,B,0.5002837777137756,0.0015041716396808624,0.5,0.0,-5.378540035956028,0.16122417392069133,2.959107988821099,27.163927676897448
1773767908.982752,1773767908982758531,Sr02_gA+B_eps15_IMG1_LID1_STA1_CFC64_OH1,0317_1818,B,0.5006839632987976,0.0015460420399904251,0.5,0.0,-5.452297618541369,0.17481896079405979,2.9595075511688775,27.141675467826893
1773767909.1023827,1773767909102388609,Sr02_gA+B_eps15_IMG1_LID1_STA1_CFC64_OH1,0317_1818,B,0.5007858276367188,0.0020469380542635918,0.5,0.0,-5.501470992744585,0.1838731836576938,2.9594715053671927,27.126954437440247
1773767909.2237856,1773767909223792694,Sr02_gA+B_eps15_IMG1_LID1_STA1_CFC64_OH1,0317_1818,B,0.500345766544342,0.000802360475063324,0.5,0.0,-5.575230563573709,0.19745718147491392,2.959488767798301,27.105028248727326
1773767909.3395789,1773767909339587642,Sr02_gA+B_eps15_IMG1_LID1_STA1_CFC64_OH1,0317_1818,B,0.5011879801750183,6.264541298151016e-05,0.5,0.0,-5.624403597579198,0.20651325177082344,2.9594433221393657,27.090516214879134
1773767909.4597402,1773767909459747541,Sr02_gA+B_eps15_IMG1_LID1_STA1_CFC64_OH1,0317_1818,B,0.49877312779426575,-0.0023819352500140667,0.5,0.0,-5.698161996894103,0.22010360894534978,2.9593106490087018,27.06890065632775
1773767909.5781643,1773767909578172175,Sr02_gA+B_eps15_IMG1_LID1_STA1_CFC64_OH1,0317_1818,B,0.4987582564353943,-0.002208300866186619,0.5,0.0,-5.7473340932060655,0.22916476908059794,2.959436515868871,27.05459529830535
1773767909.699325,1773767909699331893,Sr02_gA+B_eps15_IMG1_LID1_STA1_CFC64_OH1,0317_1818,B,0.4991138279438019,-0.0057177459821105,0.5,0.0,-5.796507556143918,0.238218509785863,2.9595907010846285,27.040382061430783
1773767909.8210824,1773767909821088937,Sr02_gA+B_eps15_IMG1_LID1_STA1_CFC64_OH1,0317_1818,B,0.5004666447639465,6.730854511260986e-05,0.5,0.0,-5.870270647275967,0.2517833773804433,2.9598777050994936,27.019237039190283
1773767909.9449918,1773767909944999648,Sr02_gA+B_eps15_IMG1_LID1_STA1_CFC64_OH1,0317_1818,B,0.5006745457649231,0.0008222712203860283,0.5,0.0,-5.91944796995591,0.2608161297359552,2.959982833478956,27.005257123367553
1773767910.0654385,1773767910065446644,Sr02_gA+B_eps15_IMG1_LID1_STA1_CFC64_OH1,0317_1818,B,0.5001594424247742,0.00157079566270113,0.5,0.0,-5.993214781909959,0.27436075009755523,2.9600070251186423,26.98445178667403
1773767910.1821175,1773767910182123161,Sr02_gA+B_eps15_IMG1_LID1_STA1_CFC64_OH1,0317_1818,B,0.49936431646347046,0.00046084262430667877,0.5,0.0,-6.042391632049743,0.2833960741921257,2.959768833853817,26.97068305992019
1773767910.307006,1773767910307014086,Sr02_gA+B_eps15_IMG1_LID1_STA1_CFC64_OH1,0317_1818,B,0.49992433190345764,0.0009133201092481613,0.5,0.0,-6.09156640720117,0.2924426846987327,2.959548003995521,26.956989001032788
1773767910.4297311,1773767910429738440,Sr02_gA+B_eps15_IMG1_LID1_STA1_CFC64_OH1,0317_1818,B,0.4998284578323364,0.0016029458492994308,0.5,0.0,-6.165322921537118,0.3060432585614118,2.958888571017835,26.936578869275095
1773767910.5486958,1773767910548703636,Sr02_gA+B_eps15_IMG1_LID1_STA1_CFC64_OH1,0317_1818,B,0.5001148581504822,0.0008534491062164307,0.5,0.0,-6.214490748266029,0.31512755808177767,2.9588953006288725,26.923062696661447
1773767910.6646142,1773767910664621135,Sr02_gA+B_eps15_IMG1_LID1_STA1_CFC64_OH1,0317_1818,B,0.498681902885437,0.002973218448460102,0.5,0.0,-6.288243182385846,0.3287502502407256,2.9590035413036864,26.90295362539368
1773767910.7828462,1773767910782854122,Sr02_gA+B_eps15_IMG1_LID1_STA1_CFC64_OH1,0317_1818,B,0.4978501498699188,-0.0035144975408911705,0.5,0.0,-6.337412735510606,0.33782520056525694,2.959160620040271,26.889662150406156
1773767910.901222,1773767910901229225,Sr02_gA+B_eps15_IMG1_LID1_STA1_CFC64_OH1,0317_1818,B,0.4954005479812622,-0.0039893584325909615,0.5,0.0,-6.386583210283469,0.34689515608680255,2.9592067050766606,26.876462020642702
1773767911.0232623,1773767911023268088,Sr02_gA+B_eps15_IMG1_LID1_STA1_CFC64_OH1,0317_1818,B,0.49996861815452576,0.002460063435137272,0.5,0.0,-6.4603399541909745,0.36049449458483773,2.959325603452951,26.85682969107569
1773767911.1437712,1773767911143778694,Sr02_gA+B_eps15_IMG1_LID1_STA1_CFC64_OH1,0317_1818,B,0.4985891878604889,0.0024059489369392395,0.5,0.0,-6.509512329574119,0.3695541401245045,2.95947210475578,26.84385637206504
1773767911.265459,1773767911265465380,Sr02_gA+B_eps15_IMG1_LID1_STA1_CFC64_OH1,0317_1818,B,0.49887359142303467,0.001971101388335228,0.5,0.0,-6.583273022144688,0.3831320453332728,2.9596151123961727,26.824570742194712
1773767911.3863814,1773767911386386764,Sr02_gA+B_eps15_IMG1_LID1_STA1_CFC64_OH1,0317_1818,B,0.4991486966609955,0.0015214290469884872,0.5,0.0,-6.632448750027325,0.39217347507810957,2.9599124321326777,26.811832835233005
1773767911.509314,1773767911509322234,Sr02_gA+B_eps15_IMG1_LID1_STA1_CFC64_OH1,0317_1818,B,0.49957945942878723,0.0011722203344106674,0.5,0.0,-6.681624233162021,0.4012162354782626,2.9595609879178024,26.799180851141635
1773767911.6258602,1773767911625866816,Sr02_gA+B_eps15_IMG1_LID1_STA1_CFC64_OH1,0317_1818,B,0.4993288218975067,-0.0011706151999533176,0.5,0.0,-6.755381181251307,0.4148144607861886,2.958976831298475,26.78033314392066
1773767911.7476406,1773767911747648199,Sr02_gA+B_eps15_IMG1_LID1_STA1_CFC64_OH1,0317_1818,B,0.4991054832935333,-0.0004067635163664818,0.5,0.0,-6.8045498416873755,0.42389424635026385,2.9590938440783137,26.76786328987524
1773767911.8607922,1773767911860798966,Sr02_gA+B_eps15_IMG1_LID1_STA1_CFC64_OH1,0317_1818,B,0.4999326765537262,0.0006089881062507629,0.5,0.0,-6.878306799860766,0.43749242073465927,2.9594558181580153,26.74934404415255
1773767911.9796398,1773767911979646964,Sr02_gA+B_eps15_IMG1_LID1_STA1_CFC64_OH1,0317_1818,B,0.4993821978569031,0.0009126570075750351,0.5,0.0,-6.927480633507056,0.44654414761007843,2.959652928307205,26.737121165952793
1773767912.0923345,1773767912092342762,Sr02_gA+B_eps15_IMG1_LID1_STA1_CFC64_OH1,0317_1818,B,0.49956274032592773,0.0007402841001749039,0.5,0.0,-6.976656047108113,0.4555872872951156,2.9598050713071546,26.724994715448755
1773767912.2178826,1773767912217889955,Sr02_gA+B_eps15_IMG1_LID1_STA1_CFC64_OH1,0317_1818,B,0.49927282333374023,0.00044015422463417053,0.5,0.0,-7.025832758696877,0.4646233659273449,2.9599327696602953,26.712963317626063
1773767912.3384156,1773767912338423135,Sr02_gA+B_eps15_IMG1_LID1_STA1_CFC64_OH1,0317_1818,B,0.4997074007987976,-0.0007525058463215828,0.5,0.0,-7.0995991556688685,0.47817024603918684,2.9599211776793783,26.695088797498354
1773767912.4550202,1773767912455026689,Sr02_gA+B_eps15_IMG1_LID1_STA1_CFC64_OH1,0317_1818,B,0.4991132915019989,0.0003615943714976311,0.5,0.0,-7.148775998326263,0.48720561148460023,2.9598652238011693,26.683278849935473
1773767912.5715256,1773767912571532910,Sr02_gA+B_eps15_IMG1_LID1_STA1_CFC64_OH1,0317_1818,B,0.49904754757881165,0.0002955114468932152,0.5,0.0,-7.222541011356454,0.5007600254404596,2.959905783592367,26.665728558797525
1773767912.6879728,1773767912687980202,Sr02_gA+B_eps15_IMG1_LID1_STA1_CFC64_OH1,0317_1818,B,0.49939456582069397,9.09026712179184e-05,0.5,0.0,-7.2717184351124216,0.5097922274984735,2.959997048911485,26.65414321774928
1773767912.8058605,1773767912805867425,Sr02_gA+B_eps15_IMG1_LID1_STA1_CFC64_OH1,0317_1818,B,0.5005285739898682,0.00031215790659189224,0.5,0.0,-7.320896644871775,0.5188201489981447,2.9600762485110685,26.64265091003735
1773767912.9220326,1773767912922045202,Sr02_gA+B_eps15_IMG1_LID1_STA1_CFC64_OH1,0317_1818,B,0.5003430247306824,0.00036968663334846497,0.5,0.0,-7.394665027806489,0.532356210592317,2.960151275647992,26.625584965178987
1773767913.0343413,1773767913034349378,Sr02_gA+B_eps15_IMG1_LID1_STA1_CFC64_OH1,0317_1818,B,0.4992573857307434,-0.00022185780107975006,0.5,0.0,-7.443844018504061,0.5413798770233946,2.9600879526802584,26.614319378421687
1773767913.1530962,1773767913153105537,Sr02_gA+B_eps15_IMG1_LID1_STA1_CFC64_OH1,0317_1818,B,0.4995911121368408,0.0002446705475449562,0.5,0.0,-7.493022461129502,0.5504065299851785,2.9600684062874105,26.603140034864882
1773767913.2762196,1773767913276227078,Sr02_gA+B_eps15_IMG1_LID1_STA1_CFC64_OH1,0317_1818,B,0.4995557367801666,0.000298195518553257,0.5,0.0,-7.566790518637793,0.5639443650131973,2.960116037121911,26.58654064390253
1773767913.3989584,1773767913398966403,Sr02_gA+B_eps15_IMG1_LID1_STA1_CFC64_OH1,0317_1818,B,0.49937060475349426,0.000527714379131794,0.5,0.0,-7.615969516730748,0.5729679911955646,2.960131265783944,26.57558779724127
1773767913.5192106,1773767913519217076,Sr02_gA+B_eps15_IMG1_LID1_STA1_CFC64_OH1,0317_1818,B,0.49944472312927246,0.00023298896849155426,0.5,0.0,-7.689738323857819,0.5865017408915191,2.9601714515778594,26.559328227747585
1773767913.6450207,1773767913645028585,Sr02_gA+B_eps15_IMG1_LID1_STA1_CFC64_OH1,0317_1818,B,0.49853697419166565,-0.0006092600524425507,0.5,0.0,-7.73891789565681,0.5955222397894018,2.9602078448503817,26.54860267867158
1773767913.770234,1773767913770240023,Sr02_gA+B_eps15_IMG1_LID1_STA1_CFC64_OH1,0317_1818,B,0.49836716055870056,-0.00041324831545352936,0.5,0.0,-7.788097584565344,0.6045421002039187,2.960191574993873,26.53796763397215
1773767913.894551,1773767913894558230,Sr02_gA+B_eps15_IMG1_LID1_STA1_CFC64_OH1,0317_1818,B,0.4981011748313904,-0.002689721994102001,0.5,0.0,-7.861867159096097,0.6180716663317755,2.960223609883138,26.522184033510275
1773767914.0114317,1773767914011438873,Sr02_gA+B_eps15_IMG1_LID1_STA1_CFC64_OH1,0317_1818,B,0.4947218894958496,-0.001182718202471733,0.5,0.0,-7.911047174015528,0.6270897490126154,2.960253429345264,26.511775904491607
1773767914.1325154,1773767914132521923,Sr02_gA+B_eps15_IMG1_LID1_STA1_CFC64_OH1,0317_1818,B,0.4981330633163452,-0.00048116501420736313,0.5,0.0,-7.984817844221868,0.6406133395662272,2.9603198063519534,26.4963364733223
1773767914.252151,1773767914252159141,Sr02_gA+B_eps15_IMG1_LID1_STA1_CFC64_OH1,0317_1818,B,0.4982738792896271,-0.0005059698596596718,0.5,0.0,-8.033998697037301,0.6496268516048868,2.960343105228179,26.48615871075001
1773767914.377583,1773767914377592714,Sr02_gA+B_eps15_IMG1_LID1_STA1_CFC64_OH1,0317_1818,B,0.49876952171325684,0.00022974703460931778,0.5,0.0,-8.107769626884881,0.6631490257105191,2.960262099496644,26.471059911639426
1773767914.492181,1773767914492188246,Sr02_gA+B_eps15_IMG1_LID1_STA1_CFC64_OH1,0317_1818,B,0.4988355338573456,-0.0015636770986020565,0.5,0.0,-8.156949668113665,0.6721669649097258,2.9602207746909275,26.46110421187632
1773767914.6124773,1773767914612483473,Sr02_gA+B_eps15_IMG1_LID1_STA1_CFC64_OH1,0317_1818,B,0.49880078434944153,-0.0015715756453573704,0.5,0.0,-8.206128833393912,0.6811896792932154,2.9600200987718357,26.45123451841771
1773767914.7332957,1773767914733303071,Sr02_gA+B_eps15_IMG1_LID1_STA1_CFC64_OH1,0317_1818,B,0.500617504119873,-0.0015489156357944012,0.5,0.0,-8.279894146259963,0.6947424607522509,2.95979748013889,26.436581719297234
1773767914.8530579,1773767914853063779,Sr02_gA+B_eps15_IMG1_LID1_STA1_CFC64_OH1,0317_1818,B,0.4994796812534332,-0.0006173830479383469,0.5,0.0,-8.329069901308392,0.7037837437324425,2.959742347658936,26.426920841957994
1773767914.9717617,1773767914971767522,Sr02_gA+B_eps15_IMG1_LID1_STA1_CFC64_OH1,0317_1818,B,0.5002967119216919,-0.0002263430505990982,0.5,0.0,-8.402832694630362,0.7173502320597087,2.9596740571218247,26.41259581681514
1773767915.0923991,1773767915092407645,Sr02_gA+B_eps15_IMG1_LID1_STA1_CFC64_OH1,0317_1818,B,0.5002056360244751,-0.0005687577649950981,0.5,0.0,-8.452007715253893,0.7263955086933008,2.959697031630969,26.40315888970482
1773767915.2064238,1773767915206432060,Sr02_gA+B_eps15_IMG1_LID1_STA1_CFC64_OH1,0317_1818,B,0.4989871382713318,-0.00027401093393564224,0.5,0.0,-8.501182546219434,0.7354418161916456,2.95959446818501,26.393812277930003
1773767915.328239,1773767915328246799,Sr02_gA+B_eps15_IMG1_LID1_STA1_CFC64_OH1,0317_1818,B,0.49018189311027527,0.0003818981349468231,0.5,0.0,-8.574942243339692,0.7490251273310211,2.9593589691860105,26.379949999512814
1773767915.4456894,1773767915445696478,Sr02_gA+B_eps15_IMG1_LID1_STA1_CFC64_OH1,0317_1818,B,0.4887562096118927,0.0011632898822426796,0.5,0.0,-8.624113603472319,0.758090281533318,2.9592038512587058,26.370813322161798
1773767915.5657873,1773767915565794598,Sr02_gA+B_eps15_IMG1_LID1_STA1_CFC64_OH1,0317_1818,B,0.4836239218711853,0.0022783316671848297,0.5,0.0,-8.6732839010878,0.7671611973947869,2.9591327970314425,26.361762549519284
1773767915.6796997,1773767915679707024,Sr02_gA+B_eps15_IMG1_LID1_STA1_CFC64_OH1,0317_1818,B,0.47863346338272095,-0.02135591208934784,0.5,0.0,-8.747038505591084,0.7807721341854188,2.9590832037558426,26.34835390013421
1773767915.7991467,1773767915799153796,Sr02_gA+B_eps15_IMG1_LID1_STA1_CFC64_OH1,0317_1818,B,0.4471518397331238,0.006580946035683155,0.5,0.0,-8.79620789011496,0.7898479982248476,2.9590366007589832,26.33952774330414
1773767915.918245,1773767915918251326,Sr02_gA+B_eps15_IMG1_LID1_STA1_CFC64_OH1,0317_1818,B,0.44937875866889954,0.004736415110528469,0.5,0.0,-8.845376837912513,0.7989262279689227,2.9590003570944545,26.330791204863456
1773767916.0352302,1773767916035239392,Sr02_gA+B_eps15_IMG1_LID1_STA1_CFC64_OH1,0317_1818,B,0.48921722173690796,0.0034444881603121758,0.5,0.0,-8.919130016275115,0.8125448904467153,2.959018286739308,26.31785775047364
1773767916.1531782,1773767916153184047,Sr02_gA+B_eps15_IMG1_LID1_STA1_CFC64_OH1,0317_1818,B,0.49910759925842285,-0.03586757928133011,0.5,0.0,-8.968299450963704,0.8216204825845711,2.9591268010346554,26.309354218692306
1773767916.2724385,1773767916272445835,Sr02_gA+B_eps15_IMG1_LID1_STA1_CFC64_OH1,0317_1818,B,0.49904170632362366,-0.03613913431763649,0.5,0.0,-9.017470119506035,0.8306893871799536,2.959310031377449,26.30094969600647
1773767916.3951814,1773767916395189462,Sr02_gA+B_eps15_IMG1_LID1_STA1_CFC64_OH1,0317_1818,B,0.4943934679031372,0.0012981342151761055,0.5,0.0,-9.091216869452346,0.844342696609048,2.957052036092011,26.28846607962079
1773767916.5175982,1773767916517606248,Sr02_gA+B_eps15_IMG1_LID1_STA1_CFC64_OH1,0317_1818,B,0.41413411498069763,-0.023884892463684082,0.5,0.0,-9.140366302637949,0.8535259882855306,2.9571513719940383,26.280177926352913
1773767916.6356218,1773767916635631474,Sr02_gA+B_eps15_IMG1_LID1_STA1_CFC64_OH1,0317_1818,B,0.46770980954170227,-0.002311496529728174,0.5,0.0,-9.214099565852568,0.8672520560603773,2.957898725067437,26.267968301167052
1773767916.75323,1773767916753237527,Sr02_gA+B_eps15_IMG1_LID1_STA1_CFC64_OH1,0317_1818,B,0.4684959053993225,-0.002469693310558796,0.5,0.0,-9.263260029673084,0.8763761151728283,2.9582560935570448,26.25997116316265
1773767916.8717682,1773767916871774569,Sr02_gA+B_eps15_IMG1_LID1_STA1_CFC64_OH1,0317_1818,B,0.4981193244457245,-0.0030141230672597885,0.5,0.0,-9.312402573521203,0.8855592181723744,2.9550866924724395,26.25200733492248
1773767916.9945173,1773767916994524759,Sr02_gA+B_eps15_IMG1_LID1_STA1_CFC64_OH1,0317_1818,B,0.472199022769928,-0.018262311816215515,0.5,0.0,-9.386064006061742,0.8996652063835354,2.9496766935828678,26.239902957873664
1773767917.1207826,1773767917120790111,Sr02_gA+B_eps15_IMG1_LID1_STA1_CFC64_OH1,0317_1818,B,0.47847285866737366,-0.007798273116350174,0.5,0.0,-9.43513875169484,0.9092320081130855,2.9490525504914022,26.231785666095686
1773767917.244673,1773767917244681906,Sr02_gA+B_eps15_IMG1_LID1_STA1_CFC64_OH1,0317_1818,B,0.4792075753211975,-0.00037374161183834076,0.5,0.0,-9.508733785980942,0.9236807020693121,2.945973501460501,26.219684779482854
1773767917.361472,1773767917361478116,Sr02_gA+B_eps15_IMG1_LID1_STA1_CFC64_OH1,0317_1818,B,0.4521152675151825,-0.001631133258342743,0.5,0.0,-9.557777040498486,0.9334151177678246,2.9455266020712783,26.211631043963873
1773767917.48225,1773767917482257322,Sr02_gA+B_eps15_IMG1_LID1_STA1_CFC64_OH1,0317_1818,B,0.49406981468200684,-0.006679445505142212,0.5,0.0,-9.631337388556101,0.9480395635962927,2.9451522867786575,26.199701735619627
1773767917.5982115,1773767917598219181,Sr02_gA+B_eps15_IMG1_LID1_STA1_CFC64_OH1,0317_1818,B,0.49302661418914795,-0.0061017354018986225,0.5,0.0,-9.680374291825725,0.9578059232961725,2.944850875080902,26.19184830860166
1773767917.719687,1773767917719694358,Sr02_gA+B_eps15_IMG1_LID1_STA1_CFC64_OH1,0317_1818,B,0.4981340169906616,0.0015381239354610443,0.5,0.0,-9.729403465219004,0.967610985856097,2.9433296218299234,26.18404901263652
1773767917.8419983,1773767917842006610,Sr02_gA+B_eps15_IMG1_LID1_STA1_CFC64_OH1,0317_1818,B,0.5013869404792786,-0.0005319230258464813,0.5,0.0,-9.802922671421127,0.9824408500279735,2.9419505943372974,26.172401569326443
1773767917.961277,1773767917961283728,Sr02_gA+B_eps15_IMG1_LID1_STA1_CFC64_OH1,0317_1818,B,0.4969119727611542,0.0009312881156802177,0.5,0.0,-9.851929364298606,0.9923576910606539,2.941913214555992,26.1647226464252
1773767918.0769312,1773767918076939135,Sr02_gA+B_eps15_IMG1_LID1_STA1_CFC64_OH1,0317_1818,B,0.4969292879104614,0.0009061973541975021,0.5,0.0,-9.925437928739003,1.0072402384428858,2.9416683612607204,26.153371916762353
1773767918.1914353,1773767918191448480,Sr02_gA+B_eps15_IMG1_LID1_STA1_CFC64_OH1,0317_1818,B,0.5003657341003418,-0.0035338844172656536,0.5,0.0,-9.974438686531316,1.0171863595862185,2.941000418878188,26.14589690371256
1773767918.3143444,1773767918314350957,Sr02_gA+B_eps15_IMG1_LID1_STA1_CFC64_OH1,0317_1818,B,0.49860864877700806,-0.0012643123045563698,0.5,0.0,-10.023432974548012,1.0271643025417623,2.9403786917107717,26.138483277411595
1773767918.432148,1773767918432155733,Sr02_gA+B_eps15_IMG1_LID1_STA1_CFC64_OH1,0317_1818,B,0.4985344409942627,-0.001258639618754387,0.5,0.0,-10.096919412096664,1.0421557255942029,2.9404566071408516,26.127513553400345
1773767918.552643,1773767918552649416,Sr02_gA+B_eps15_IMG1_LID1_STA1_CFC64_OH1,0317_1818,B,0.499361515045166,-0.0008279746398329735,0.5,0.0,-10.14591115570315,1.0521461580576463,2.9404034165092625,26.120321372046337
1773767918.6736243,1773767918673631512,Sr02_gA+B_eps15_IMG1_LID1_STA1_CFC64_OH1,0317_1818,B,0.5007466673851013,-0.002506763208657503,0.5,0.0,-10.194902630999959,1.0621379061854497,2.940438015699454,26.113221617572737
1773767918.7971327,1773767918797139080,Sr02_gA+B_eps15_IMG1_LID1_STA1_CFC64_OH1,0317_1818,B,0.5008277297019958,-0.0019208448939025402,0.5,0.0,-10.268391397607868,1.077117908204563,2.9405749487277566,26.102755646790758
1773767918.911305,1773767918911312076,Sr02_gA+B_eps15_IMG1_LID1_STA1_CFC64_OH1,0317_1818,B,0.5008242726325989,-0.00190333416685462,0.5,0.0,-10.317383622163584,1.0871059808768269,2.940310365751646,26.095894331705807
1773767919.0321703,1773767919032177595,Sr02_gA+B_eps15_IMG1_LID1_STA1_CFC64_OH1,0317_1818,B,0.5006363391876221,0.0004312163218855858,0.5,0.0,-10.3908673861621,1.1021105033669842,2.9400753261115766,26.08575600129302
1773767919.147079,1773767919147085997,Sr02_gA+B_eps15_IMG1_LID1_STA1_CFC64_OH1,0317_1818,B,0.5003637671470642,-2.385396510362625e-05,0.5,0.0,-10.439854953283142,1.1121213947993904,2.9399494623512243,26.079106783892847
1773767919.2663949,1773767919266403212,Sr02_gA+B_eps15_IMG1_LID1_STA1_CFC64_OH1,0317_1818,B,0.5000711679458618,-0.0005408171564340591,0.5,0.0,-10.488841475710988,1.1221373970951516,2.93986666469312,26.07254658506448
1773767919.3816123,1773767919381619700,Sr02_gA+B_eps15_IMG1_LID1_STA1_CFC64_OH1,0317_1818,B,0.5000772476196289,-0.0005359817296266556,0.5,0.0,-10.562318685741506,1.1371739804951133,2.9395578035443544,26.062870309139754
1773767919.4976223,1773767919497629882,Sr02_gA+B_eps15_IMG1_LID1_STA1_CFC64_OH1,0317_1818,B,0.5002101063728333,0.0004535336047410965,0.5,0.0,-10.611300627193142,1.147212361163427,2.939354000573672,26.056523225432045
1773767919.6176615,1773767919617668456,Sr02_gA+B_eps15_IMG1_LID1_STA1_CFC64_OH1,0317_1818,B,0.5010337829589844,-0.0005796113982796669,0.5,0.0,-10.660280633387764,1.1572601802612954,2.9391633172409057,26.050261003539656
1773767919.7363718,1773767919736379046,Sr02_gA+B_eps15_IMG1_LID1_STA1_CFC64_OH1,0317_1818,B,0.5010284185409546,-0.000577019527554512,0.5,0.0,-10.733748228329931,1.1723436738001596,2.939111270463478,26.041032930960682
1773767919.858528,1773767919858540799,Sr02_gA+B_eps15_IMG1_LID1_STA1_CFC64_OH1,0317_1818,B,0.49989357590675354,0.0017475355416536331,0.5,0.0,-10.782726742553232,1.1823987634305742,2.9391088854190817,26.03499967687479
1773767919.985534,1773767919985541990,Sr02_gA+B_eps15_IMG1_LID1_STA1_CFC64_OH1,0317_1818,B,0.500922441482544,-0.0035818321630358696,0.5,0.0,-10.831705105430725,1.1924545902197872,2.939070313057796,26.02906032370595
1773767920.1025543,1773767920102561069,Sr02_gA+B_eps15_IMG1_LID1_STA1_CFC64_OH1,0317_1818,B,0.5009137392044067,-0.003610416781157255,0.5,0.0,-10.905171668479428,1.2075431089516178,2.9389897708636306,26.020324054319364
1773767920.2218137,1773767920221820988,Sr02_gA+B_eps15_IMG1_LID1_STA1_CFC64_OH1,0317_1818,B,0.49945083260536194,-0.00021532922983169556,0.5,0.0,-10.954149021590597,1.2176038527099173,2.939015333118453,26.01461661379213
1773767920.3435462,1773767920343552117,Sr02_gA+B_eps15_IMG1_LID1_STA1_CFC64_OH1,0317_1818,B,0.5003058910369873,-0.0006520887836813927,0.5,0.0,-11.027614998611673,1.2326952245498422,2.9389490552077113,26.006233090292742
1773767920.463611,1773767920463617302,Sr02_gA+B_eps15_IMG1_LID1_STA1_CFC64_OH1,0317_1818,B,0.49978363513946533,-0.0018688798882067204,0.5,0.0,-11.076591602747367,1.2427596137346681,2.938891353347351,26.000759235659785
1773767920.584237,1773767920584244617,Sr02_gA+B_eps15_IMG1_LID1_STA1_CFC64_OH1,0317_1818,B,0.49977797269821167,-0.0019014053978025913,0.5,0.0,-11.15005699709079,1.25785382130801,2.938977161515264,25.99272904406241
1773767920.7077165,1773767920707725959,Sr02_gA+B_eps15_IMG1_LID1_STA1_CFC64_OH1,0317_1818,B,0.46845218539237976,-0.005686779040843248,0.5,0.0,-11.199032371403971,1.2679241920634163,2.938618979200911,25.987486772724576
1773767920.822377,1773767920822384966,Sr02_gA+B_eps15_IMG1_LID1_STA1_CFC64_OH1,0317_1818,B,0.500054121017456,-0.001974546816200018,0.5,0.0,-11.248004126312855,1.2780121490927154,2.938258509826602,25.982321802148114
1773767920.9418957,1773767920941903217,Sr02_gA+B_eps15_IMG1_LID1_STA1_CFC64_OH1,0317_1818,B,0.5001567006111145,-0.00010514538735151291,0.5,0.0,-11.321456639008755,1.2931689181183836,2.938056453797121,25.974727655359004
1773767921.062977,1773767921062983490,Sr02_gA+B_eps15_IMG1_LID1_STA1_CFC64_OH1,0317_1818,B,0.5001537203788757,-9.318627417087555e-05,0.5,0.0,-11.370424202207175,1.303277203656155,2.937991245359611,25.969780155686397
1773767921.1802661,1773767921180273638,Sr02_gA+B_eps15_IMG1_LID1_STA1_CFC64_OH1,0317_1818,B,0.5007006525993347,0.0008639618754386902,0.5,0.0,-11.419390804655075,1.313390142012671,2.9378408622808614,25.96492326821363
1773767921.2991316,1773767921299138038,Sr02_gA+B_eps15_IMG1_LID1_STA1_CFC64_OH1,0317_1818,B,0.4997064471244812,0.0009066173806786537,0.5,0.0,-11.492837221886735,1.3285764201804082,2.93755662772638,25.957799663382666
1773767921.4223585,1773767921422364755,Sr02_gA+B_eps15_IMG1_LID1_STA1_CFC64_OH1,0317_1818,B,0.4997079074382782,0.0009095789864659309,0.5,0.0,-11.54179753846005,1.3387197440449456,2.9370258073234723,25.95315045516687
1773767921.5387957,1773767921538803069,Sr02_gA+B_eps15_IMG1_LID1_STA1_CFC64_OH1,0317_1818,B,0.4974880814552307,-0.019648108631372452,0.5,0.0,-11.615229097044129,1.3539777056827953,2.9365440116372565,25.946312027534777
1773767921.664003,1773767921664009637,Sr02_gA+B_eps15_IMG1_LID1_STA1_CFC64_OH1,0317_1818,B,0.4995443522930145,0.00032270606607198715,0.5,0.0,-11.664181594476565,1.3641587016124224,2.936533495685247,25.941863357552137
1773767921.787306,1773767921787313739,Sr02_gA+B_eps15_IMG1_LID1_STA1_CFC64_OH1,0317_1818,B,0.5008379220962524,-0.0010761967860162258,0.5,0.0,-11.713133987839344,1.3743401979168974,2.9365238182911075,25.93750980103983
1773767921.910547,1773767921910554201,Sr02_gA+B_eps15_IMG1_LID1_STA1_CFC64_OH1,0317_1818,B,0.5008391737937927,-0.0010656309314072132,0.5,0.0,-11.786563100728094,1.3896099281315346,2.936624697230523,25.93116142261417
1773767922.03229,1773767922032296773,Sr02_gA+B_eps15_IMG1_LID1_STA1_CFC64_OH1,0317_1818,B,0.4997359812259674,-0.0006895773112773895,0.5,0.0,-11.835516930108584,1.3997845175719361,2.9367149322333095,25.927054162396402
1773767922.1530445,1773767922153050637,Sr02_gA+B_eps15_IMG1_LID1_STA1_CFC64_OH1,0317_1818,B,0.4994736313819885,0.00015163328498601913,0.5,0.0,-11.908949404439497,1.4150380742602555,2.9368512207758024,25.921081369076642
1773767922.2784016,1773767922278409140,Sr02_gA+B_eps15_IMG1_LID1_STA1_CFC64_OH1,0317_1818,B,0.49951425194740295,-0.00030193571001291275,0.5,0.0,-11.957895062540244,1.42525186060365,2.9348864288569834,25.917173744241193
1773767922.403698,1773767922403704676,Sr02_gA+B_eps15_IMG1_LID1_STA1_CFC64_OH1,0317_1818,B,0.4995187819004059,-0.0002986881881952286,0.5,0.0,-12.031290508231555,1.440682600589988,2.934307718921261,25.911379976772896
1773767922.5270753,1773767922527082857,Sr02_gA+B_eps15_IMG1_LID1_STA1_CFC64_OH1,0317_1818,B,0.49915048480033875,-0.004661655519157648,0.5,0.0,-12.080219615896798,1.4509754186539934,2.93420009950165,25.90763160042387
1773767922.642816,1773767922642824300,Sr02_gA+B_eps15_IMG1_LID1_STA1_CFC64_OH1,0317_1818,B,0.5003537535667419,0.0004050629213452339,0.5,0.0,-12.15361121233682,1.4664244589765307,2.9340439097793243,25.902178985988396
1773767922.7654421,1773767922765448180,Sr02_gA+B_eps15_IMG1_LID1_STA1_CFC64_OH1,0317_1818,B,0.5047159194946289,-0.08036619424819946,0.5,0.0,-12.202537806516636,1.476729218265602,2.933983363708591,25.898658430639138
1773767922.8800952,1773767922880102821,Sr02_gA+B_eps15_IMG1_LID1_STA1_CFC64_OH1,0317_1818,B,0.5047347545623779,-0.0806204155087471,0.5,0.0,-12.251464205872383,1.4870349025744674,2.9339985268330815,25.895232996529145
1773767922.9922402,1773767922992247099,Sr02_gA+B_eps15_IMG1_LID1_STA1_CFC64_OH1,0317_1818,B,0.5019007921218872,-0.0076063405722379684,0.5,0.0,-12.324853761354678,1.502493635768912,2.9339668439453197,25.890274837920728
1773767923.1094337,1773767923109443543,Sr02_gA+B_eps15_IMG1_LID1_STA1_CFC64_OH1,0317_1818,B,0.5032782554626465,-0.14017723500728607,0.5,0.0,-12.373779758063666,1.512801231452249,2.933936942697701,25.88708777917484
1773767923.2332773,1773767923233284140,Sr02_gA+B_eps15_IMG1_LID1_STA1_CFC64_OH1,0317_1818,B,0.5032854080200195,-0.14041204750537872,0.5,0.0,-12.422704636902868,1.5231141307035407,2.933645299653027,25.883991502930606
1773767923.3591022,1773767923359110038,Sr02_gA+B_eps15_IMG1_LID1_STA1_CFC64_OH1,0317_1818,B,0.4995524287223816,0.002720336429774761,0.5,0.0,-12.496086638212466,1.5386086833028234,2.933503386710209,25.879501807583317
1773767923.4811864,1773767923481193299,Sr02_gA+B_eps15_IMG1_LID1_STA1_CFC64_OH1,0317_1818,B,0.4941740930080414,-0.04974803328514099,0.5,0.0,-12.54495974619347,1.5490090458019101,2.9284895607752612,25.876551877887263
1773767923.6044078,1773767923604415209,Sr02_gA+B_eps15_IMG1_LID1_STA1_CFC64_OH1,0317_1818,B,0.4999806880950928,-0.016620665788650513,0.5,0.0,-12.618165608339279,1.5653134170895846,2.916404145082597,25.871595878393084
1773767923.728836,1773767923728844646,Sr02_gA+B_eps15_IMG1_LID1_STA1_CFC64_OH1,0317_1818,B,0.5000020265579224,-0.016708970069885254,0.5,0.0,-12.666860577212693,1.5765398849877446,2.914524066157959,25.8680426545961
1773767923.847802,1773767923847809006,Sr02_gA+B_eps15_IMG1_LID1_STA1_CFC64_OH1,0317_1818,B,0.5045308470726013,-0.15789498388767242,0.5,-0.5,-12.739702410640382,1.593934196528241,2.8970955533799296,25.86231353921005
1773767923.9679315,1773767923967937693,Sr02_gA+B_eps15_IMG1_LID1_STA1_CFC64_OH1,0317_1818,B,0.5003952980041504,-0.12736019492149353,0.5,0.0,-12.78812880084109,1.6063778026718971,2.883054371644981,25.857755865744355
1773767924.0902255,1773767924090232410,Sr02_gA+B_eps15_IMG1_LID1_STA1_CFC64_OH1,0317_1818,B,0.5003867745399475,-0.12713807821273804,0.5,0.0,-12.836315667117345,1.6193265203592764,2.8781357940702685,25.852756781958202
1773767924.213903,1773767924213910414,Sr02_gA+B_eps15_IMG1_LID1_STA1_CFC64_OH1,0317_1818,B,0.503064751625061,-0.16243965923786163,0.5,-0.5,-12.90866513491168,1.6390452673311864,2.8718707829968957,25.845156782850747
1773767924.3326979,1773767924332704165,Sr02_gA+B_eps15_IMG1_LID1_STA1_CFC64_OH1,0317_1818,B,0.4921032786369324,-0.5032771229743958,0.5,-0.5,-12.956842081049928,1.652423641509295,2.869877420654481,25.839971136675054
1773767924.4536011,1773767924453608463,Sr02_gA+B_eps15_IMG1_LID1_STA1_CFC64_OH1,0317_1818,B,0.5094046592712402,-0.028941303491592407,0.5,0.0,-13.029054060327462,1.6726405667537458,2.867003435470544,25.83221590019465
1773767924.5779624,1773767924577969134,Sr02_gA+B_eps15_IMG1_LID1_STA1_CFC64_OH1,0317_1818,B,0.5084152221679688,-0.029012981802225113,0.5,0.0,-13.076980764150575,1.686476360900124,2.8528781163459547,25.826776002088994
1773767924.70118,1773767924701186907,Sr02_gA+B_eps15_IMG1_LID1_STA1_CFC64_OH1,0317_1818,B,0.4938391447067261,-0.4855191111564636,0.5,-0.5,-13.148655618795788,1.7085566538889836,2.8331634002139268,25.817450921550495
1773767924.8188043,1773767924818811904,Sr02_gA+B_eps15_IMG1_LID1_STA1_CFC64_OH1,0317_1818,B,0.4643371105194092,-0.39421769976615906,0.5,-0.5,-13.196198393439179,1.7240373056116542,2.820447391853656,25.81056242634699
1773767924.9389815,1773767924938988651,Sr02_gA+B_eps15_IMG1_LID1_STA1_CFC64_OH1,0317_1818,B,0.4215382933616638,-0.3910503685474396,0.5,-0.5,-13.24351153912239,1.7401858047338108,2.8045792514016696,25.803070866433867
1773767925.056102,1773767925056107783,Sr02_gA+B_eps15_IMG1_LID1_STA1_CFC64_OH1,0317_1818,B,0.4164893925189972,-0.3607373833656311,0.5,-0.5,-13.313193306703498,1.7658927234655981,2.7644920782488436,25.790318059559553
1773767925.1804354,1773767925180442015,Sr02_gA+B_eps15_IMG1_LID1_STA1_CFC64_OH1,0317_1818,B,0.5054282546043396,-0.3333640992641449,0.5,-0.5,-13.35802815352117,1.784224482589579,2.7470102562240686,25.780461339326077
1773767925.304568,1773767925304575130,Sr02_gA+B_eps15_IMG1_LID1_STA1_CFC64_OH1,0317_1818,B,0.40833133459091187,-0.2570953667163849,0.5,-0.5,-13.427165889409947,1.8132015014180745,2.742533713874799,25.76473671960513
1773767925.421782,1773767925421789621,Sr02_gA+B_eps15_IMG1_LID1_STA1_CFC64_OH1,0317_1818,B,0.37534216046333313,-0.23201079666614532,0.5,-0.5,-13.472705348733648,1.8326980152845957,2.7274764044986184,25.754090502513638
1773767925.5434043,1773767925543411331,Sr02_gA+B_eps15_IMG1_LID1_STA1_CFC64_OH1,0317_1818,B,0.4916270673274994,-0.49763110280036926,0.5,-0.5,-13.51760674631982,1.8533557632597129,2.6914656255899905,25.742274071913194
1773767925.6651077,1773767925665114865,Sr02_gA+B_eps15_IMG1_LID1_STA1_CFC64_OH1,0317_1818,B,0.47048187255859375,-0.4048626124858856,0.5,-0.5,-13.584136833999652,1.8879553204506827,2.6326814533437934,25.721013726797082
1773767925.7807152,1773767925780720737,Sr02_gA+B_eps15_IMG1_LID1_STA1_CFC64_OH1,0317_1818,B,0.46444690227508545,-0.41215455532073975,0.5,-0.5,-13.627338015909423,1.9131223947077134,2.596001486119144,25.704667513005536
1773767925.90181,1773767925901816464,Sr02_gA+B_eps15_IMG1_LID1_STA1_CFC64_OH1,0317_1818,B,0.4648302495479584,-0.4003870189189911,0.5,-0.5,-13.690429220734233,1.953660249239677,2.545449464822349,25.677241830746468
1773767926.029294,1773767926029300465,Sr02_gA+B_eps15_IMG1_LID1_STA1_CFC64_OH1,0317_1818,B,0.5002619624137878,-0.4928664565086365,0.5,-0.5,-13.731421817261776,1.9822621957789652,2.519526658987184,25.657306120471812
1773767926.1493578,1773767926149364905,Sr02_gA+B_eps15_IMG1_LID1_STA1_CFC64_OH1,0317_1818,B,0.49123191833496094,-0.4706191122531891,0.5,-0.5,-13.79154927405249,2.0270618905035063,2.4833983438390783,25.625424431905753
1773767926.2660334,1773767926266047763,Sr02_gA+B_eps15_IMG1_LID1_STA1_CFC64_OH1,0317_1818,B,0.4808359146118164,-0.41104429960250854,0.5,-0.5,-13.830098068330331,2.05798961530852,2.4436374420322,25.602919136262653
1773767926.3857691,1773767926385775984,Sr02_gA+B_eps15_IMG1_LID1_STA1_CFC64_OH1,0317_1818,B,0.47625210881233215,-0.372093141078949,0.5,-0.5,-13.867674802490935,2.0909420501742457,2.4012232933225706,25.578308833502106
1773767926.5009644,1773767926500970930,Sr02_gA+B_eps15_IMG1_LID1_STA1_CFC64_OH1,0317_1818,B,0.4739300608634949,-0.47245165705680847,0.5,-0.5,-13.921449743064905,2.1432054845475172,2.33954602421942,25.538222888583174
1773767926.6221917,1773767926622198144,Sr02_gA+B_eps15_IMG1_LID1_STA1_CFC64_OH1,0317_1818,B,0.4847935736179352,-0.49918824434280396,0.5,-0.5,-13.955482928842804,2.1798307207570677,2.299507366486558,25.5094638537462
1773767926.7439706,1773767926743979484,Sr02_gA+B_eps15_IMG1_LID1_STA1_CFC64_OH1,0317_1818,B,0.4743431806564331,-0.49620041251182556,0.5,-0.5,-13.98793677626897,2.2177840122794854,2.2547485276543684,25.47914035561434
1773767926.863241,1773767926863248968,Sr02_gA+B_eps15_IMG1_LID1_STA1_CFC64_OH1,0317_1818,B,0.48344406485557556,-0.41127970814704895,0.5,-0.5,-14.033189790233026,2.2775735537396153,2.183265831028861,25.430249272454912
1773767926.9842153,1773767926984221125,Sr02_gA+B_eps15_IMG1_LID1_STA1_CFC64_OH1,0317_1818,B,0.5289555191993713,-0.5433554649353027,0.5,-0.5,-14.061040912666815,2.3190940523064976,2.1409699165527334,25.39560844951049
1773767927.1119907,1773767927111997134,Sr02_gA+B_eps15_IMG1_LID1_STA1_CFC64_OH1,0317_1818,B,0.5036165714263916,-0.49445152282714844,0.5,-0.5,-14.0996950283674,2.383354330636744,2.084376965243604,25.341137216124327
1773767927.2363925,1773767927236399486,Sr02_gA+B_eps15_IMG1_LID1_STA1_CFC64_OH1,0317_1818,B,0.509019672870636,-0.4918670952320099,0.5,-0.5,-14.123228651894719,2.427383319998026,2.03817068355585,25.303236091688213
1773767927.3595471,1773767927359553303,Sr02_gA+B_eps15_IMG1_LID1_STA1_CFC64_OH1,0317_1818,B,0.505249559879303,-0.15734387934207916,0.5,-0.5,-14.154531798210957,2.495519323983352,1.964154391854576,25.2435470947841
1773767927.4767022,1773767927476710719,Sr02_gA+B_eps15_IMG1_LID1_STA1_CFC64_OH1,0317_1818,B,0.5053688287734985,-0.5262022614479065,0.5,-0.5,-14.172543017667902,2.542157105463166,1.9145344001306936,25.201988006803703
1773767927.5940425,1773767927594050045,Sr02_gA+B_eps15_IMG1_LID1_STA1_CFC64_OH1,0317_1818,B,0.496996134519577,-0.37908846139907837,0.5,-0.5,-14.188344333287922,2.589581604097069,1.871677086928023,25.15920467010887
1773767927.7093518,1773767927709359696,Sr02_gA+B_eps15_IMG1_LID1_STA1_CFC64_OH1,0317_1818,B,0.4917476177215576,-0.38995903730392456,0.5,-0.5,-14.2079993380122,2.6618713873656565,1.799013816463633,25.09305672425724
1773767927.8236938,1773767927823701498,Sr02_gA+B_eps15_IMG1_LID1_STA1_CFC64_OH1,0317_1818,B,0.4944378733634949,-0.2138272076845169,0.5,-0.5,-14.21810297688558,2.7108347081154958,1.7495687104962743,25.047566306169898
1773767927.9462855,1773767927946293484,Sr02_gA+B_eps15_IMG1_LID1_STA1_CFC64_OH1,0317_1818,B,0.4952087104320526,-0.35708945989608765,0.5,-0.5,-14.225777391805737,2.7602371151271066,1.7003045164256516,25.00112206566808
1773767928.0638096,1773767928063816184,Sr02_gA+B_eps15_IMG1_LID1_STA1_CFC64_OH1,0317_1818,B,0.4882296919822693,-0.27157193422317505,0.5,-0.5,-14.23290822262207,2.834439478819402,1.641074470144965,24.93040170206672
1773767928.1852784,1773767928185284922,Sr02_gA+B_eps15_IMG1_LID1_STA1_CFC64_OH1,0317_1818,B,0.4970252513885498,-0.08540592342615128,0.5,0.0,-14.235807625592088,2.8836233428785447,1.6143351342380907,24.88312701340048
1773767928.3046536,1773767928304661859,Sr02_gA+B_eps15_IMG1_LID1_STA1_CFC64_OH1,0317_1818,B,0.49911606311798096,0.03261496499180794,0.5,0.0,-14.236718554652636,2.957984065931102,1.5540545830497463,24.81088362593619
1773767928.429048,1773767928429055846,Sr02_gA+B_eps15_IMG1_LID1_STA1_CFC64_OH1,0317_1818,B,0.5001377463340759,-0.04976123571395874,0.5,0.0,-14.234907082948691,3.0079480669287,1.5150587373330904,24.76180143778142
1773767928.5484624,1773767928548469421,Sr02_gA+B_eps15_IMG1_LID1_STA1_CFC64_OH1,0317_1818,B,0.4940322935581207,-0.1091710701584816,0.5,0.0,-14.231298318818745,3.0576791153396283,1.4856026290091062,24.712542961643468
1773767928.6634881,1773767928663495313,Sr02_gA+B_eps15_IMG1_LID1_STA1_CFC64_OH1,0317_1818,B,0.49528664350509644,-0.07657507807016373,0.5,0.0,-14.223385978743654,3.1320849558898227,1.4395286326516925,24.638278874141648
1773767928.7808883,1773767928780895785,Sr02_gA+B_eps15_IMG1_LID1_STA1_CFC64_OH1,0317_1818,B,0.4965552091598511,0.13607093691825867,0.5,0.0,-14.216085332248966,3.1815285816116523,1.410380479431854,24.588467814224636
1773767928.895894,1773767928895900637,Sr02_gA+B_eps15_IMG1_LID1_STA1_CFC64_OH1,0317_1818,B,0.4957144260406494,0.13728971779346466,0.5,0.0,-14.203289413207926,3.2552638633962254,1.3917965466803213,24.513752501475583
1773767929.0173094,1773767929017315975,Sr02_gA+B_eps15_IMG1_LID1_STA1_CFC64_OH1,0317_1818,B,0.49507373571395874,-0.0034080822952091694,0.5,0.0,-14.194413288187786,3.3044015356382714,1.3935397169108448,24.46388290930493
1773767929.139483,1773767929139490674,Sr02_gA+B_eps15_IMG1_LID1_STA1_CFC64_OH1,0317_1818,B,0.5025956034660339,0.004593797959387302,0.5,0.0,-14.185602029794078,3.3535858982697535,1.3916415445934884,24.413982846871065
1773767929.263728,1773767929263735233,Sr02_gA+B_eps15_IMG1_LID1_STA1_CFC64_OH1,0317_1818,B,0.4948360025882721,0.026918623596429825,0.5,0.0,-14.171768057417976,3.427283490849915,1.3772917301991403,24.3390698430266
1773767929.3826325,1773767929382638846,Sr02_gA+B_eps15_IMG1_LID1_STA1_CFC64_OH1,0317_1818,B,0.49350714683532715,0.03597303852438927,0.5,0.0,-14.161950143139373,3.4763099706781992,1.3693082505866063,24.28909518856335
1773767929.5066884,1773767929506696666,Sr02_gA+B_eps15_IMG1_LID1_STA1_CFC64_OH1,0317_1818,B,0.5018539428710938,-0.052111659198999405,0.5,0.0,-14.152020593868984,3.5250444472842117,1.3742968357747856,24.23937958936247
1773767929.7399113,1773767929739918879,Sr02_gA+B_eps15_IMG1_LID1_STA1_CFC64_OH1,0317_1818,B,0.4994589686393738,0.16829930245876312,0.5,0.0,-14.13813244690629,3.5987460128113375,1.3948293180577436,24.16445123794065
1773767929.8584254,1773767929858432724,Sr02_gA+B_eps15_IMG1_LID1_STA1_CFC64_OH1,0317_1818,B,0.49736493825912476,0.18212439119815826,0.5,0.0,-14.116504696096234,3.7217556026820966,1.3971795778293095,24.03974871443083
1773767929.9775496,1773767929977556118,Sr02_gA+B_eps15_IMG1_LID1_STA1_CFC64_OH1,0317_1818,B,0.5028237700462341,0.0037001464515924454,0.5,0.0,-14.10792325148986,3.771013668501836,1.3996481708121604,23.989831350950105
1773767930.1029465,1773767930102954425,Sr02_gA+B_eps15_IMG1_LID1_STA1_CFC64_OH1,0317_1818,B,0.5021654367446899,-0.04341723397374153,0.5,0.0,-14.09949195708076,3.820297644586563,1.4031549178511957,23.939923359702597
1773767930.222142,1773767930222150175,Sr02_gA+B_eps15_IMG1_LID1_STA1_CFC64_OH1,0317_1818,B,0.49919912219047546,-0.0023099659010767937,0.5,0.0,-14.086956730566722,3.8942069764582325,1.399588732518877,23.86510379510542
1773767930.3390572,1773767930339066273,Sr02_gA+B_eps15_IMG1_LID1_STA1_CFC64_OH1,0317_1818,B,0.5008178353309631,-0.002035813871771097,0.5,0.0,-14.078309775141962,3.943453541681672,1.3943775751225136,23.815183937836935
1773767930.4637032,1773767930463710000,Sr02_gA+B_eps15_IMG1_LID1_STA1_CFC64_OH1,0317_1818,B,0.48878708481788635,-0.051628924906253815,0.5,0.0,-14.065356725116175,4.017014444995173,1.4057767609938148,23.740609520622037
1773767930.585178,1773767930585184921,Sr02_gA+B_eps15_IMG1_LID1_STA1_CFC64_OH1,0317_1818,B,0.4893103837966919,-0.03837087005376816,0.5,0.0,-14.057586222642747,4.066406247480755,1.4238509090079365,23.690749604790746
1773767930.709898,1773767930709905401,Sr02_gA+B_eps15_IMG1_LID1_STA1_CFC64_OH1,0317_1818,B,0.499834805727005,-0.006132124923169613,0.5,0.0,-14.04701022541164,4.140480141576883,1.4296561850868328,23.616221565224933
1773767930.8262644,1773767930826271671,Sr02_gA+B_eps15_IMG1_LID1_STA1_CFC64_OH1,0317_1818,B,0.5009921789169312,0.0005510738119482994,0.5,0.0,-14.03986918476758,4.18996752644692,1.4253144840269303,23.566414536356746
1773767930.9478598,1773767930947866898,Sr02_gA+B_eps15_IMG1_LID1_STA1_CFC64_OH1,0317_1818,B,0.49745267629623413,-0.015507493168115616,0.5,0.0,-14.032563408038365,4.239422885294395,1.4238219641491143,23.51660170753121
1773767931.0690536,1773767931069061687,Sr02_gA+B_eps15_IMG1_LID1_STA1_CFC64_OH1,0317_1818,B,0.5004598498344421,-0.0001116609200835228,0.5,0.0,-14.02156809749004,4.313612523302465,1.4235083678057807,23.44186905577888
1773767931.1916318,1773767931191641105,Sr02_gA+B_eps15_IMG1_LID1_STA1_CFC64_OH1,0317_1818,B,0.4891156852245331,-0.031893178820610046,0.5,0.0,-14.014132687284613,4.363045018733059,1.4189619582950062,23.3920505927955
1773767931.3119538,1773767931311961569,Sr02_gA+B_eps15_IMG1_LID1_STA1_CFC64_OH1,0317_1818,B,0.5006928443908691,-0.012465044856071472,0.5,0.0,-14.002566823060071,4.437147749615659,1.413396115847718,23.317274075570335
1773767931.4323368,1773767931432344470,Sr02_gA+B_eps15_IMG1_LID1_STA1_CFC64_OH1,0317_1818,B,0.5004355311393738,0.002066642977297306,0.5,0.0,-13.994714128543174,4.486527247321147,1.4127828974901018,23.267412866045365
1773767931.5500982,1773767931550105659,Sr02_gA+B_eps15_IMG1_LID1_STA1_CFC64_OH1,0317_1818,B,0.5009400844573975,0.0007842667400836945,0.5,0.0,-13.986839239750473,4.535903211154567,1.412637504033671,23.217550579062436
1773767931.6711917,1773767931671201133,Sr02_gA+B_eps15_IMG1_LID1_STA1_CFC64_OH1,0317_1818,B,0.4985658526420593,-0.00047369953244924545,0.5,0.0,-13.974972697602382,4.609958477001864,1.410793152371832,23.142754207217912
1773767931.7902524,1773767931790259407,Sr02_gA+B_eps15_IMG1_LID1_STA1_CFC64_OH1,0317_1818,B,0.49918317794799805,-0.0034152381122112274,0.5,0.0,-13.966999135522638,4.659318602497719,1.4106280164466172,23.092886042571827
1773767931.905856,1773767931905861690,Sr02_gA+B_eps15_IMG1_LID1_STA1_CFC64_OH1,0317_1818,B,0.4989417791366577,-0.0030834279023110867,0.5,0.0,-13.95494277903818,4.733343166527947,1.4073096006984713,23.01807789098384
1773767932.03155,1773767932031556984,Sr02_gA+B_eps15_IMG1_LID1_STA1_CFC64_OH1,0317_1818,B,0.49906906485557556,0.00193032156676054,0.5,0.0,-13.946774063331642,4.782671367823426,1.4060630941126016,22.968197097330552
1773767932.1516383,1773767932151645336,Sr02_gA+B_eps15_IMG1_LID1_STA1_CFC64_OH1,0317_1818,B,0.4973122179508209,-0.008338961750268936,0.5,0.0,-13.938566799740016,4.831993173342942,1.4059791136717357,22.918314129937485
1773767932.2731616,1773767932273169121,Sr02_gA+B_eps15_IMG1_LID1_STA1_CFC64_OH1,0317_1818,B,0.5008382201194763,0.00825896393507719,0.5,0.0,-13.926267521539609,4.905977813875951,1.4061224019540004,22.843491447968272
1773767932.3989968,1773767932399002865,Sr02_gA+B_eps15_IMG1_LID1_STA1_CFC64_OH1,0317_1818,B,0.5000115633010864,0.02124045416712761,0.5,0.0,-13.91807040953536,4.955301307642617,1.4060876126829596,22.79361047582076
1773767932.5185688,1773767932518577125,Sr02_gA+B_eps15_IMG1_LID1_STA1_CFC64_OH1,0317_1818,B,0.49076226353645325,-0.03985748812556267,0.5,0.0,-13.905761638077822,5.029284368817171,1.4056963093190935,22.718789080493536
1773767932.6337998,1773767932633807013,Sr02_gA+B_eps15_IMG1_LID1_STA1_CFC64_OH1,0317_1818,B,0.4968772232532501,0.0031027738004922867,0.5,0.0,-13.89753648552866,5.07860319411482,1.405387966962486,22.668907454651062
1773767932.7575433,1773767932757552202,Sr02_gA+B_eps15_IMG1_LID1_STA1_CFC64_OH1,0317_1818,B,0.4983988404273987,0.001479312777519226,0.5,0.0,-13.889304038529247,5.127920802476321,1.4054807201416966,22.619025841661507
1773767932.878224,1773767932878230697,Sr02_gA+B_eps15_IMG1_LID1_STA1_CFC64_OH1,0317_1818,B,0.49922266602516174,0.0018856925889849663,0.5,0.0,-13.876929682324578,5.201892918438155,1.4044352711133519,22.544202615465053
1773767932.995672,1773767932995678712,Sr02_gA+B_eps15_IMG1_LID1_STA1_CFC64_OH1,0317_1818,B,0.4995584785938263,-0.002238623797893524,0.5,0.0,-13.868662532546097,5.251204720164981,1.4050951744700344,22.494319892568516
1773767933.11232,1773767933112326471,Sr02_gA+B_eps15_IMG1_LID1_STA1_CFC64_OH1,0317_1818,B,0.5003588795661926,-0.0018444075249135494,0.5,0.0,-13.85637721132844,5.325180112965081,1.4073798689827781,22.41951617045819
1773767933.2360952,1773767933236102208,Sr02_gA+B_eps15_IMG1_LID1_STA1_CFC64_OH1,0317_1818,B,0.5000218749046326,-0.0005248123779892921,0.5,0.0,-13.848144414166189,5.374497629033075,1.4033941523436941,22.369637220421822
1773767933.3579292,1773767933357937247,Sr02_gA+B_eps15_IMG1_LID1_STA1_CFC64_OH1,0317_1818,B,0.5006909370422363,-0.0007266392931342125,0.5,0.0,-13.839783178562586,5.42378226813646,1.4028031062010509,22.31976084902053
1773767933.4748945,1773767933474904043,Sr02_gA+B_eps15_IMG1_LID1_STA1_CFC64_OH1,0317_1818,B,0.5004351139068604,-0.0049171727150678635,0.5,0.0,-13.827256833944302,5.497728802411846,1.4031224114975815,22.24493182118956
1773767933.600788,1773767933600795125,Sr02_gA+B_eps15_IMG1_LID1_STA1_CFC64_OH1,0317_1818,B,0.4991873502731323,9.248685091733932e-05,0.5,0.0,-13.818916825304214,5.547028335184181,1.4033069163456453,22.195047193026316
1773767933.7237678,1773767933723774443,Sr02_gA+B_eps15_IMG1_LID1_STA1_CFC64_OH1,0317_1818,B,0.4992051124572754,-0.000507342629134655,0.5,0.0,-13.806411936654232,5.620978500952309,1.40314004080537,22.120221582265746
1773767933.844941,1773767933844947865,Sr02_gA+B_eps15_IMG1_LID1_STA1_CFC64_OH1,0317_1818,B,0.5028190612792969,0.0011109784245491028,0.5,0.0,-13.798063792983932,5.670276656832281,1.4029556002705672,22.070337699146446
1773767933.964158,1773767933964167353,Sr02_gA+B_eps15_IMG1_LID1_STA1_CFC64_OH1,0317_1818,B,0.5015210509300232,-0.0006400533020496368,0.5,0.0,-13.785530026001275,5.744221933680914,1.4028504856730963,21.9955120623435
1773767934.0880463,1773767934088053327,Sr02_gA+B_eps15_IMG1_LID1_STA1_CFC64_OH1,0317_1818,B,0.49865373969078064,0.00020661670714616776,0.5,0.0,-13.777170363216708,5.79351813759168,1.4027778220170644,21.945628700974133
1773767934.2113907,1773767934211398901,Sr02_gA+B_eps15_IMG1_LID1_STA1_CFC64_OH1,0317_1818,B,0.49948650598526,3.923662006855011e-05,0.5,0.0,-13.768796790089949,5.842811980063661,1.4022861087563863,21.895744907699136
1773767934.332379,1773767934332388430,Sr02_gA+B_eps15_IMG1_LID1_STA1_CFC64_OH1,0317_1818,B,0.5002918839454651,-0.0009293984621763229,0.5,0.0,-13.756205923995166,5.916747555826717,1.4020995918730588,21.820918102739185
1773767934.4537134,1773767934453720830,Sr02_gA+B_eps15_IMG1_LID1_STA1_CFC64_OH1,0317_1818,B,0.5000979900360107,0.0008480595424771309,0.5,0.0,-13.747810320000719,5.966037651344414,1.4020608547220723,21.771034111098032
1773767934.577092,1773767934577099666,Sr02_gA+B_eps15_IMG1_LID1_STA1_CFC64_OH1,0317_1818,B,0.49995970726013184,0.0004233941435813904,0.5,0.0,-13.73821981390702,6.022320819942471,1.4019537013758465,21.71407255417948
1773767934.7018456,1773767934701852741,Sr02_gA+B_eps15_IMG1_LID1_STA1_CFC64_OH1,0317_1818,B,0.5004669427871704,0.00013422314077615738,0.5,0.0,-13.735846167054017,6.036241982299257,1.4018463113322874,21.699983349621636
1773767934.8210192,1773767934821026996,Sr02_gA+B_eps15_IMG1_LID1_STA1_CFC64_OH1,0317_1818,B,0.5001721978187561,-1.983344554901123e-05,0.5,0.0,-13.735803208557853,6.036492930961992,1.4016823278177961,21.699729332178986
1773767934.9478397,1773767934947847106,Sr02_gA+B_eps15_IMG1_LID1_STA1_CFC64_OH1,0317_1818,B,0.4998569190502167,-0.0005868338048458099,0.5,0.0,-13.73285501794822,6.053756589366739,1.4016405834652301,21.682256257448724
1773767935.0678353,1773767935067842838,Sr02_gA+B_eps15_IMG1_LID1_STA1_CFC64_OH1,0317_1818,B,0.4991457462310791,0.0008454844355583191,0.5,0.0,-13.722992219865528,6.111507550122334,1.40166904729667,21.623805129456557
1773767935.187288,1773767935187294913,Sr02_gA+B_eps15_IMG1_LID1_STA1_CFC64_OH1,0317_1818,B,0.49313297867774963,-0.11434225738048553,0.5,0.0,-13.714578203123937,6.160794505480583,1.4017538530227753,21.57392198019102
1773767935.3085992,1773767935308606445,Sr02_gA+B_eps15_IMG1_LID1_STA1_CFC64_OH1,0317_1818,B,0.49980074167251587,0.005798705853521824,0.5,0.0,-13.706167319651097,6.210081996001094,1.4017961926928446,21.524039590835923
1773767935.4334157,1773767935433421518,Sr02_gA+B_eps15_IMG1_LID1_STA1_CFC64_OH1,0317_1818,B,0.49982038140296936,0.0001951204612851143,0.5,0.0,-13.69355386585062,6.284013721732708,1.4018219204502675,21.449217234323175
1773767935.5516574,1773767935551663150,Sr02_gA+B_eps15_IMG1_LID1_STA1_CFC64_OH1,0317_1818,B,0.5012598633766174,-0.0012875823304057121,0.5,0.0,-13.68514524496759,6.333301598313553,1.401819937118094,21.399336378660713
1773767935.6785324,1773767935678539687,Sr02_gA+B_eps15_IMG1_LID1_STA1_CFC64_OH1,0317_1818,B,0.5007380247116089,-0.01270360965281725,0.5,0.0,-13.67252976893646,6.407232978984634,1.4017432526138522,21.32451596262145
1773767935.7922873,1773767935792297075,Sr02_gA+B_eps15_IMG1_LID1_STA1_CFC64_OH1,0317_1818,B,0.503656804561615,-0.007580725476145744,0.5,0.0,-13.664119403121427,6.4565205578295535,1.4018277998231152,21.274636384422312
1773767935.908718,1773767935908725466,Sr02_gA+B_eps15_IMG1_LID1_STA1_CFC64_OH1,0317_1818,B,0.5031130313873291,0.0047142039984464645,0.5,0.0,-13.655511254982335,6.505695314082198,1.3919838612012776,21.22482024007241
1773767936.0232294,1773767936023235451,Sr02_gA+B_eps15_IMG1_LID1_STA1_CFC64_OH1,0317_1818,B,0.5033546090126038,-0.008192788809537888,0.5,0.0,-13.64189463325429,6.579381049410884,1.3877138049647315,21.150004524591928
1773767936.1379304,1773767936137937236,Sr02_gA+B_eps15_IMG1_LID1_STA1_CFC64_OH1,0317_1818,B,0.4996644854545593,-0.004224199801683426,0.5,0.0,-13.632797000735172,6.628546410826,1.3878453927909278,21.10008278014834
1773767936.2605171,1773767936260523853,Sr02_gA+B_eps15_IMG1_LID1_STA1_CFC64_OH1,0317_1818,B,0.5006963014602661,-0.0034143300727009773,0.5,0.0,-13.623698545917245,6.677711620071678,1.3877462899104986,21.050161360231563
1773767936.377426,1773767936377432784,Sr02_gA+B_eps15_IMG1_LID1_STA1_CFC64_OH1,0317_1818,B,0.5037190318107605,-0.003457889426499605,0.5,0.0,-13.610011153012568,6.751452066911917,1.3864115607473435,20.975277675960044
1773767936.495379,1773767936495385668,Sr02_gA+B_eps15_IMG1_LID1_STA1_CFC64_OH1,0317_1818,B,0.5049644112586975,-0.003455056343227625,0.5,0.0,-13.600819015326625,6.800599845382092,1.3854997992461757,20.92535190454223
1773767936.6140294,1773767936614044471,Sr02_gA+B_eps15_IMG1_LID1_STA1_CFC64_OH1,0317_1818,B,0.5009281039237976,-0.0034403344616293907,0.5,0.0,-13.59160329211833,6.84974320819371,1.3856023621866294,20.875425181131213
1773767936.7344704,1773767936734477211,Sr02_gA+B_eps15_IMG1_LID1_STA1_CFC64_OH1,0317_1818,B,0.4999913275241852,0.0015084464102983475,0.5,0.0,-13.57779337903767,6.923460813618111,1.3851478740521628,20.800536514975693
1773767936.854625,1773767936854632612,Sr02_gA+B_eps15_IMG1_LID1_STA1_CFC64_OH1,0317_1818,B,0.49977442622184753,0.002383100800216198,0.5,0.0,-13.568550296474745,6.972599037664751,1.384646080075994,20.75060916769345
1773767936.97302,1773767936973026941,Sr02_gA+B_eps15_IMG1_LID1_STA1_CFC64_OH1,0317_1818,B,0.49518465995788574,-0.005802537314593792,0.5,0.0,-13.55464815987793,7.046299307311235,1.3840934373627227,20.675716748147966
1773767937.0933852,1773767937093392416,Sr02_gA+B_eps15_IMG1_LID1_STA1_CFC64_OH1,0317_1818,B,0.48889434337615967,-0.02181149646639824,0.5,0.0,-13.545358661287043,7.0954287778357585,1.3837476490189702,20.625787735781735
1773767937.2111888,1773767937211195901,Sr02_gA+B_eps15_IMG1_LID1_STA1_CFC64_OH1,0317_1818,B,0.488698810338974,-0.024354659020900726,0.5,0.0,-13.536052178261883,7.1445550338688255,1.3834020589552236,20.575858147031052
1773767937.3352897,1773767937335296460,Sr02_gA+B_eps15_IMG1_LID1_STA1_CFC64_OH1,0317_1818,B,0.49593397974967957,-0.028062250465154648,0.5,0.0,-13.522060681171373,7.2182383913586365,1.3828855679630232,20.50096269089151
1773767937.4558728,1773767937455879082,Sr02_gA+B_eps15_IMG1_LID1_STA1_CFC64_OH1,0317_1818,B,0.5035450458526611,-0.008244743570685387,0.5,0.0,-13.512721735031176,7.267358486676294,1.3829869208427712,20.45103220460555
1773767937.582416,1773767937582423139,Sr02_gA+B_eps15_IMG1_LID1_STA1_CFC64_OH1,0317_1818,B,0.4931775629520416,-0.015331695787608624,0.5,0.0,-13.498729174747305,7.341041642784621,1.383300652060835,20.376137971443292
1773767937.7007422,1773767937700749121,Sr02_gA+B_eps15_IMG1_LID1_STA1_CFC64_OH1,0317_1818,B,0.4866039454936981,-0.01927931234240532,0.5,0.0,-13.489394971694516,7.390162638968453,1.3827204055420663,20.326208600429148
1773767937.8220868,1773767937822095491,Sr02_gA+B_eps15_IMG1_LID1_STA1_CFC64_OH1,0317_1818,B,0.5001327991485596,0.0010084351524710655,0.5,0.0,-13.475283377676826,7.463823061310895,1.379878105289689,20.25130931439215
1773767937.9383268,1773767937938333539,Sr02_gA+B_eps15_IMG1_LID1_STA1_CFC64_OH1,0317_1818,B,0.4990028738975525,-0.0017737383022904396,0.5,0.0,-13.465735581802376,7.512902976153793,1.377442643521839,20.201369647735778
1773767938.05885,1773767938058857531,Sr02_gA+B_eps15_IMG1_LID1_STA1_CFC64_OH1,0317_1818,B,0.49933186173439026,-5.632452666759491e-05,0.5,0.0,-13.456060916892259,7.561958036167765,1.3746735017559581,20.15142407962889
1773767938.1775336,1773767938177543187,Sr02_gA+B_eps15_IMG1_LID1_STA1_CFC64_OH1,0317_1818,B,0.49979299306869507,0.013545996509492397,0.5,0.0,-13.441339434701897,7.635499012211608,1.3723750378615625,20.07649651890386
1773767938.2985978,1773767938298605075,Sr02_gA+B_eps15_IMG1_LID1_STA1_CFC64_OH1,0317_1818,B,0.502228856086731,0.007072991691529751,0.5,0.0,-13.431445770050038,7.684510384289153,1.3708418723002036,20.02654160301095
1773767938.41778,1773767938417786748,Sr02_gA+B_eps15_IMG1_LID1_STA1_CFC64_OH1,0317_1818,B,0.4980691373348236,0.0747520923614502,0.5,0.0,-13.421472236281176,7.733505563627655,1.3690323755425287,19.976583508753027
1773767938.5335498,1773767938533556191,Sr02_gA+B_eps15_IMG1_LID1_STA1_CFC64_OH1,0317_1818,B,0.49785417318344116,0.0776611715555191,0.5,0.0,-13.4063764109182,7.806970621355327,1.3679663621855631,19.901641193499987
1773767938.6532745,1773767938653282583,Sr02_gA+B_eps15_IMG1_LID1_STA1_CFC64_OH1,0317_1818,B,0.49975594878196716,0.016038477420806885,0.5,0.0,-13.396301258412151,7.8559450124072985,1.3678168124632353,19.85167943751442
1773767938.773934,1773767938773941919,Sr02_gA+B_eps15_IMG1_LID1_STA1_CFC64_OH1,0317_1818,B,0.5033937096595764,0.013091872446238995,0.5,0.0,-13.381177765948106,7.929404383891683,1.3678756815225006,19.776736734807898
1773767938.8933668,1773767938893374281,Sr02_gA+B_eps15_IMG1_LID1_STA1_CFC64_OH1,0317_1818,B,0.5068070292472839,0.007840349338948727,0.5,0.0,-13.371134394322324,7.978385298410802,1.3692302760600117,19.726776755653212
1773767939.0142899,1773767939014296668,Sr02_gA+B_eps15_IMG1_LID1_STA1_CFC64_OH1,0317_1818,B,0.5056704878807068,0.1090809628367424,0.5,0.0,-13.36114961116191,8.027378192133915,1.3701317688517562,19.676819414369913
1773767939.1315324,1773767939131539077,Sr02_gA+B_eps15_IMG1_LID1_STA1_CFC64_OH1,0317_1818,B,0.5005852580070496,0.1505497545003891,0.5,0.0,-13.346463819230689,8.10089988249576,1.3789595492733522,19.60192239836465
1773767939.2545664,1773767939254573384,Sr02_gA+B_eps15_IMG1_LID1_STA1_CFC64_OH1,0317_1818,B,0.4976445734500885,0.001503901556134224,0.5,0.0,-13.337120033171344,8.150018929759332,1.3866965607564252,19.55199722786648
1773767939.3708684,1773767939370875434,Sr02_gA+B_eps15_IMG1_LID1_STA1_CFC64_OH1,0317_1818,B,0.49487897753715515,0.006633702665567398,0.5,0.0,-13.323539514323157,8.223767457888314,1.3899066784374687,19.47714697005177
1773767939.4922945,1773767939492302156,Sr02_gA+B_eps15_IMG1_LID1_STA1_CFC64_OH1,0317_1818,B,0.49623826146125793,0.007090150378644466,0.5,0.0,-13.314576474227314,8.272957530444494,1.3912158641685686,19.42724553969961
1773767939.6147616,1773767939614768712,Sr02_gA+B_eps15_IMG1_LID1_STA1_CFC64_OH1,0317_1818,B,0.5045968890190125,-0.009901736862957478,0.5,0.0,-13.305671510165915,8.322158151660217,1.3921574472736171,19.37734836919674
1773767939.7403953,1773767939740402060,Sr02_gA+B_eps15_IMG1_LID1_STA1_CFC64_OH1,0317_1818,B,0.4973166286945343,0.006486349739134312,0.5,0.0,-13.292696753480795,8.395963729533122,1.4043464147592404,19.302591383790645
1773767939.8546288,1773767939854638868,Sr02_gA+B_eps15_IMG1_LID1_STA1_CFC64_OH1,0317_1818,B,0.4996013045310974,0.007169161923229694,0.5,0.0,-13.284763570664078,8.445318454390916,1.4189165374490416,19.25278058919774
1773767939.982172,1773767939982179702,Sr02_gA+B_eps15_IMG1_LID1_STA1_CFC64_OH1,0317_1818,B,0.49762773513793945,0.00711097102612257,0.5,0.0,-13.273706465426574,8.519387235789877,1.4232379876950598,19.178234196770838
1773767940.1007516,1773767940100758400,Sr02_gA+B_eps15_IMG1_LID1_STA1_CFC64_OH1,0317_1818,B,0.4988832473754883,0.004479048773646355,0.5,0.0,-13.266371698102747,8.568846317662105,1.4239013557838331,19.128469435671075
1773767940.219527,1773767940219533625,Sr02_gA+B_eps15_IMG1_LID1_STA1_CFC64_OH1,0317_1818,B,0.498622328042984,0.003383503295481205,0.5,0.0,-13.259070464507042,8.618310360841305,1.4246012403734543,19.078709213449464
1773767940.3476114,1773767940347618718,Sr02_gA+B_eps15_IMG1_LID1_STA1_CFC64_OH1,0317_1818,B,0.4978487193584442,-0.00045129843056201935,0.5,0.0,-13.248113284295497,8.692505634279229,1.4234558324644595,19.004070714851473
1773767940.4648921,1773767940464898737,Sr02_gA+B_eps15_IMG1_LID1_STA1_CFC64_OH1,0317_1818,B,0.49858272075653076,0.0010444382205605507,0.5,0.0,-13.240781226398429,8.741965118030256,1.423940573239445,18.954310589892916
1773767940.5805178,1773767940580525235,Sr02_gA+B_eps15_IMG1_LID1_STA1_CFC64_OH1,0317_1818,B,0.4983616769313812,0.0034311795607209206,0.5,0.0,-13.22984472936115,8.816163445471888,1.4249880509278734,18.879678930348838
1773767940.700281,1773767940700287847,Sr02_gA+B_eps15_IMG1_LID1_STA1_CFC64_OH1,0317_1818,B,0.49791640043258667,0.005603295750916004,0.5,0.0,-13.222597710383104,8.865635460728713,1.4256991468798224,18.829930555554267
1773767940.8226995,1773767940822707787,Sr02_gA+B_eps15_IMG1_LID1_STA1_CFC64_OH1,0317_1818,B,0.4956873953342438,0.0062900204211473465,0.5,0.0,-13.215381705562248,8.915112009820936,1.4261996913974329,18.780186679475477
1773767940.946879,1773767940946886856,Sr02_gA+B_eps15_IMG1_LID1_STA1_CFC64_OH1,0317_1818,B,0.5000048875808716,-0.004076588433235884,0.5,0.0,-13.204595061660882,8.989332273060958,1.4267291277737797,18.705577272738907
1773767941.0680661,1773767941068073692,Sr02_gA+B_eps15_IMG1_LID1_STA1_CFC64_OH1,0317_1818,B,0.49602678418159485,0.006430129520595074,0.5,0.0,-13.1974172805913,9.038814382368493,1.4267223488934377,18.655840787411567
1773767941.1869361,1773767941186943204,Sr02_gA+B_eps15_IMG1_LID1_STA1_CFC64_OH1,0317_1818,B,0.5008273720741272,0.0062147509306669235,0.5,0.0,-13.186651100977969,9.113037617648978,1.4268430499140796,18.581238762753657
1773767941.3035681,1773767941303574241,Sr02_gA+B_eps15_IMG1_LID1_STA1_CFC64_OH1,0317_1818,B,0.5003321170806885,0.0012887204065918922,0.5,0.0,-13.17948676015799,9.162521674466326,1.427186166800476,18.531507235954894
1773767941.4218109,1773767941421818425,Sr02_gA+B_eps15_IMG1_LID1_STA1_CFC64_OH1,0317_1818,B,0.4997098445892334,-0.0013475166633725166,0.5,0.0,-13.172342838296746,9.21200868289343,1.4277030515443039,18.481779306192074
1773767941.5446405,1773767941544646690,Sr02_gA+B_eps15_IMG1_LID1_STA1_CFC64_OH1,0317_1818,B,0.4802388548851013,0.003146730363368988,0.5,0.0,-13.16168000414505,9.28624683257741,1.4286053491259618,18.407195809759777
1773767941.6681173,1773767941668123968,Sr02_gA+B_eps15_IMG1_LID1_STA1_CFC64_OH1,0317_1818,B,0.4990951418876648,0.00462991651147604,0.5,0.0,-13.15458917487553,9.33574147665723,1.4283013648008303,18.357477259668425
1773767941.78367,1773767941783676428,Sr02_gA+B_eps15_IMG1_LID1_STA1_CFC64_OH1,0317_1818,B,0.48692819476127625,0.0013874880969524384,0.5,0.0,-13.143946940236761,9.409982583009764,1.4288434529174858,18.282901669530936
1773767941.9012136,1773767941901220032,Sr02_gA+B_eps15_IMG1_LID1_STA1_CFC64_OH1,0317_1818,B,0.4861966073513031,0.043872203677892685,0.5,0.0,-13.13688849100331,9.45948185469069,1.4294649270399609,18.233190478793507
1773767942.0198123,1773767942019818628,Sr02_gA+B_eps15_IMG1_LID1_STA1_CFC64_OH1,0317_1818,B,0.4883151650428772,0.08886545896530151,0.5,0.0,-13.12985300236825,9.508984395786927,1.4296923230884484,18.183483375719753
1773767942.143974,1773767942143981650,Sr02_gA+B_eps15_IMG1_LID1_STA1_CFC64_OH1,0317_1818,B,0.5005725622177124,0.005872225388884544,0.5,0.0,-13.11930593768671,9.583239083891032,1.429622009574842,18.108926422110386
1773767942.2663212,1773767942266327704,Sr02_gA+B_eps15_IMG1_LID1_STA1_CFC64_OH1,0317_1818,B,0.4997577965259552,0.003244258463382721,0.5,0.0,-13.11227843434984,9.632742759100982,1.4299366786575096,18.059224251668123
1773767942.390231,1773767942390237923,Sr02_gA+B_eps15_IMG1_LID1_STA1_CFC64_OH1,0317_1818,B,0.49963346123695374,-0.0010104407556355,0.5,0.0,-13.101770750037709,9.707003028820747,1.4305394140737433,17.98467781605851
1773767942.5129275,1773767942512936196,Sr02_gA+B_eps15_IMG1_LID1_STA1_CFC64_OH1,0317_1818,B,0.49854886531829834,0.0011849384754896164,0.5,0.0,-13.09478430973033,9.756512516101411,1.4306781633472783,17.934984378053883
1773767942.6277251,1773767942627732033,Sr02_gA+B_eps15_IMG1_LID1_STA1_CFC64_OH1,0317_1818,B,0.5008944272994995,-0.003216711338609457,0.5,0.0,-13.084504278572195,9.830782007400385,1.437623141254199,17.860492033987054
1773767942.74959,1773767942749596286,Sr02_gA+B_eps15_IMG1_LID1_STA1_CFC64_OH1,0317_1818,B,0.4995550811290741,-0.0020903469994664192,0.5,0.0,-13.07808556628726,9.880368128037667,1.446509671502598,17.810870265126468
1773767942.8679001,1773767942867907677,Sr02_gA+B_eps15_IMG1_LID1_STA1_CFC64_OH1,0317_1818,B,0.499912291765213,-0.0025013331323862076,0.5,0.0,-13.071932187627123,9.929954959974388,1.447671208949199,17.761316165496716
1773767942.986778,1773767942986787710,Sr02_gA+B_eps15_IMG1_LID1_STA1_CFC64_OH1,0317_1818,B,0.49779438972473145,-0.002650883048772812,0.5,0.0,-13.06274601107232,10.004390256037581,1.4482629674395,17.686947056876903
1773767943.1054654,1773767943105472079,Sr02_gA+B_eps15_IMG1_LID1_STA1_CFC64_OH1,0317_1818,B,0.5008243322372437,-0.0016588433645665646,0.5,0.0,-13.056635956858349,10.054015520965187,1.4482470206300013,17.637372463856877
1773767943.2311525,1773767943231159782,Sr02_gA+B_eps15_IMG1_LID1_STA1_CFC64_OH1,0317_1818,B,0.5038008093833923,0.0017116693779826164,0.5,0.0,-13.050524796858847,10.103640649724996,1.4483216050912067,17.58780013367164
1773767943.3514998,1773767943351507892,Sr02_gA+B_eps15_IMG1_LID1_STA1_CFC64_OH1,0317_1818,B,0.5026090741157532,-0.0015466869808733463,0.5,0.0,-13.041357834067865,10.178078315092991,1.4480591846784079,17.513446168299588
1773767943.4698675,1773767943469873444,Sr02_gA+B_eps15_IMG1_LID1_STA1_CFC64_OH1,0317_1818,B,0.4998084604740143,0.005763360299170017,0.5,0.0,-13.03523118722638,10.227701534178301,1.4478501494584675,17.463877895566252
1773767943.5873015,1773767943587308407,Sr02_gA+B_eps15_IMG1_LID1_STA1_CFC64_OH1,0317_1818,B,0.501677930355072,-0.004075758624821901,0.5,0.0,-13.026020284839543,10.302133775175134,1.4474842890927306,17.389527343177765
1773767943.7124572,1773767943712464266,Sr02_gA+B_eps15_IMG1_LID1_STA1_CFC64_OH1,0317_1818,B,0.5018439888954163,-0.0028101452626287937,0.5,0.0,-13.019863720212149,10.351753291298857,1.4472192012303133,17.339961295531694
1773767943.833058,1773767943833065519,Sr02_gA+B_eps15_IMG1_LID1_STA1_CFC64_OH1,0317_1818,B,0.49881696701049805,-0.00010769255459308624,0.5,0.0,-13.01060837016799,10.426180018699197,1.4469505336122483,17.265614187288048
1773767943.9550133,1773767943955019381,Sr02_gA+B_eps15_IMG1_LID1_STA1_CFC64_OH1,0317_1818,B,0.4960567355155945,-0.02521170675754547,0.5,0.0,-13.004436144400552,10.475797589236556,1.4471216976909775,17.216052329257476
1773767944.0826237,1773767944082634249,Sr02_gA+B_eps15_IMG1_LID1_STA1_CFC64_OH1,0317_1818,B,0.5003891587257385,0.0015373127534985542,0.5,0.0,-12.998264328034109,10.525415210710321,1.4469670317391574,17.166493067058457
1773767944.204265,1773767944204272272,Sr02_gA+B_eps15_IMG1_LID1_STA1_CFC64_OH1,0317_1818,B,0.4985258877277374,0.0014755241572856903,0.5,0.0,-12.989017352721705,10.599842977754806,1.4474154526053717,17.092160432835552
1773767944.3236005,1773767944323608451,Sr02_gA+B_eps15_IMG1_LID1_STA1_CFC64_OH1,0317_1818,B,0.5010278820991516,-0.00153696583583951,0.5,0.0,-12.982853837496151,10.64946163078405,1.4470078779931037,17.042608744401765
1773767944.445511,1773767944445518061,Sr02_gA+B_eps15_IMG1_LID1_STA1_CFC64_OH1,0317_1818,B,0.49920162558555603,0.002175663597881794,0.5,0.0,-12.973575953176494,10.72388555208794,1.446561043698861,16.968281734081277
1773767944.5698833,1773767944569891498,Sr02_gA+B_eps15_IMG1_LID1_STA1_CFC64_OH1,0317_1818,B,0.49829748272895813,0.0010715872049331665,0.5,0.0,-12.967379888986473,10.77350015146602,1.446550272393106,16.918732231303967
1773767944.6927197,1773767944692726960,Sr02_gA+B_eps15_IMG1_LID1_STA1_CFC64_OH1,0317_1818,B,0.49814295768737793,0.0012158332392573357,0.5,0.0,-12.957997778984202,10.847910973250762,1.4440566216021824,16.844401102714023
1773767944.8086584,1773767944808666417,Sr02_gA+B_eps15_IMG1_LID1_STA1_CFC64_OH1,0317_1818,B,0.5018435716629028,-0.005387746263295412,0.5,0.0,-12.951681558023457,10.897510419123646,1.4442103510394837,16.79484203726027
1773767944.9234095,1773767944923416611,Sr02_gA+B_eps15_IMG1_LID1_STA1_CFC64_OH1,0317_1818,B,0.50246661901474,0.004189377650618553,0.5,0.0,-12.945372837983719,10.947110819625152,1.444358521146114,16.745286600356057
1773767945.0421865,1773767945042196029,Sr02_gA+B_eps15_IMG1_LID1_STA1_CFC64_OH1,0317_1818,B,0.5027055144309998,0.010528008453547955,0.5,0.0,-12.935916011800714,11.021512215546215,1.4442786032062618,16.670959266834835
1773767945.1632853,1773767945163292219,Sr02_gA+B_eps15_IMG1_LID1_STA1_CFC64_OH1,0317_1818,B,0.501837432384491,0.0010052034631371498,0.5,0.0,-12.929612384247324,11.071113263447137,1.4444961663693145,16.621411193569422
1773767945.2852945,1773767945285301918,Sr02_gA+B_eps15_IMG1_LID1_STA1_CFC64_OH1,0317_1818,B,0.49919945001602173,0.0015261759981513023,0.5,0.0,-12.92331820661576,11.12071551145305,1.4446364479968794,16.571867119457274
1773767945.413003,1773767945413009982,Sr02_gA+B_eps15_IMG1_LID1_STA1_CFC64_OH1,0317_1818,B,0.499699205160141,0.0060081761330366135,0.5,0.0,-12.91388756592102,11.195120230984159,1.444810167826306,16.497557618975293
1773767945.531994,1773767945532000906,Sr02_gA+B_eps15_IMG1_LID1_STA1_CFC64_OH1,0317_1818,B,0.5000351071357727,0.003642955794930458,0.5,0.0,-12.907594659113126,11.244722639697239,1.4443374348212203,16.448020637621234
1773767945.6541772,1773767945654185512,Sr02_gA+B_eps15_IMG1_LID1_STA1_CFC64_OH1,0317_1818,B,0.49921974539756775,0.003006571903824806,0.5,0.0,-12.898129188831556,11.319122935974478,1.444486977700169,16.373716852186
1773767945.7739582,1773767945773965191,Sr02_gA+B_eps15_IMG1_LID1_STA1_CFC64_OH1,0317_1818,B,0.500514566898346,0.007824872620403767,0.5,0.0,-12.891856612509917,11.368727917966636,1.4455397719732512,16.32418974762364
1773767945.896437,1773767945896445099,Sr02_gA+B_eps15_IMG1_LID1_STA1_CFC64_OH1,0317_1818,B,0.4991616904735565,0.005267432890832424,0.5,0.0,-12.8825117121176,11.443143454413969,1.4459866622813407,16.24991344573998
1773767946.0175445,1773767946017553092,Sr02_gA+B_eps15_IMG1_LID1_STA1_CFC64_OH1,0317_1818,B,0.4999086558818817,0.004931204952299595,0.5,0.0,-12.87629120425452,11.492754995007777,1.44613927960063,16.20040094002137
1773767946.1341114,1773767946134118662,Sr02_gA+B_eps15_IMG1_LID1_STA1_CFC64_OH1,0317_1818,B,0.5009915232658386,0.0033864853903651237,0.5,0.0,-12.866996431481587,11.567176807080724,1.4469956811888876,16.126142916389277
1773767946.2546606,1773767946254666919,Sr02_gA+B_eps15_IMG1_LID1_STA1_CFC64_OH1,0317_1818,B,0.4996977746486664,0.0008610254153609276,0.5,0.0,-12.860831221605888,11.616795249647593,1.4473536145053025,16.07664585317222
1773767946.378375,1773767946378381737,Sr02_gA+B_eps15_IMG1_LID1_STA1_CFC64_OH1,0317_1818,B,0.4990363121032715,0.00011671055108308792,0.5,0.0,-12.854682209036778,11.66641570217061,1.4476542713394382,16.027154234581683
1773767946.49985,1773767946499857458,Sr02_gA+B_eps15_IMG1_LID1_STA1_CFC64_OH1,0317_1818,B,0.49863627552986145,0.0008867653086781502,0.5,0.0,-12.84550387889316,11.740851963313215,1.448683447840724,15.95292928527726
1773767946.6199331,1773767946619940135,Sr02_gA+B_eps15_IMG1_LID1_STA1_CFC64_OH1,0317_1818,B,0.5003549456596375,0.0005883602425456047,0.5,0.0,-12.839427674768675,11.79048138369026,1.4492357665806976,15.90345624230797
1773767946.7466578,1773767946746665081,Sr02_gA+B_eps15_IMG1_LID1_STA1_CFC64_OH1,0317_1818,B,0.5005444288253784,0.0004487335681915283,0.5,0.0,-12.830360808233536,11.864931306208952,1.449963362327493,15.829259866260564
1773767946.8664153,1773767946866422029,Sr02_gA+B_eps15_IMG1_LID1_STA1_CFC64_OH1,0317_1818,B,0.5003541111946106,0.00014447979629039764,0.5,0.0,-12.824342256215104,11.914567751394948,1.45030201064174,15.77980369128739
1773767946.9854898,1773767946985497532,Sr02_gA+B_eps15_IMG1_LID1_STA1_CFC64_OH1,0317_1818,B,0.498759388923645,0.0011660391464829445,0.5,0.0,-12.818337442557187,11.964205860658707,1.450463878650014,15.730353001471592
1773767947.1039174,1773767947103924444,Sr02_gA+B_eps15_IMG1_LID1_STA1_CFC64_OH1,0317_1818,B,0.4995342493057251,-0.009441472589969635,0.5,0.0,-12.809336421893711,12.038663774363828,1.4505037151832436,15.656184438342686
1773767947.226446,1773767947226454087,Sr02_gA+B_eps15_IMG1_LID1_STA1_CFC64_OH1,0317_1818,B,0.505479097366333,0.032086294144392014,0.5,0.0,-12.803338124538758,12.088302671513691,1.4505846904448576,15.606743502955077
1773767947.3448725,1773767947344878975,Sr02_gA+B_eps15_IMG1_LID1_STA1_CFC64_OH1,0317_1818,B,0.5007493495941162,0.0048851873725652695,0.5,0.0,-12.794347448165112,12.162761834961726,1.450674532423644,15.532589834421481
1773767947.4579897,1773767947457999023,Sr02_gA+B_eps15_IMG1_LID1_STA1_CFC64_OH1,0317_1818,B,0.49709004163742065,-0.01350751705467701,0.5,0.0,-12.788356906051265,12.212401668641704,1.450719405736815,15.483159076829365
1773767947.5821936,1773767947582199922,Sr02_gA+B_eps15_IMG1_LID1_STA1_CFC64_OH1,0317_1818,B,0.49924415349960327,-0.0001770351082086563,0.5,0.0,-12.782368221425209,12.262041726451054,1.4507429815238324,15.43373226942188
1773767947.7053592,1773767947705366316,Sr02_gA+B_eps15_IMG1_LID1_STA1_CFC64_OH1,0317_1818,B,0.49951884150505066,-0.00036460068076848984,0.5,0.0,-12.773390926184764,12.336502504339547,1.4508974551744869,15.359599892906656
1773767947.8274035,1773767947827411784,Sr02_gA+B_eps15_IMG1_LID1_STA1_CFC64_OH1,0317_1818,B,0.4983517527580261,-0.00022086594253778458,0.5,0.0,-12.767391905437957,12.386141312322845,1.4500593925203944,15.31018083237941
1773767947.9513187,1773767947951326096,Sr02_gA+B_eps15_IMG1_LID1_STA1_CFC64_OH1,0317_1818,B,0.49977177381515503,0.00022792816162109375,0.5,0.0,-12.758429249738528,12.460593189596075,1.4529015725658418,15.236075150185266
1773767948.0678525,1773767948067859447,Sr02_gA+B_eps15_IMG1_LID1_STA1_CFC64_OH1,0317_1818,B,0.4992716610431671,-0.0004427703097462654,0.5,0.0,-12.7525602869103,12.510247543971309,1.4533900962990844,15.186685909270347
1773767948.1924572,1773767948192464653,Sr02_gA+B_eps15_IMG1_LID1_STA1_CFC64_OH1,0317_1818,B,0.49950069189071655,-0.0003505963832139969,0.5,0.0,-12.746686357117525,12.559901308580333,1.452407214363396,15.137299897901974
1773767948.313165,1773767948313173102,Sr02_gA+B_eps15_IMG1_LID1_STA1_CFC64_OH1,0317_1818,B,0.499334454536438,0.002375377342104912,0.5,0.0,-12.73780838030899,12.634373993479068,1.4521140397377306,15.063217879345688
1773767948.4345267,1773767948434534572,Sr02_gA+B_eps15_IMG1_LID1_STA1_CFC64_OH1,0317_1818,B,0.5000361800193787,-0.000658043660223484,0.5,0.0,-12.731887370722472,12.68402216895602,1.4520794555254697,15.013834558347211
1773767948.5555832,1773767948555590651,Sr02_gA+B_eps15_IMG1_LID1_STA1_CFC64_OH1,0317_1818,B,0.4992689788341522,0.0017228275537490845,0.5,0.0,-12.72300291213394,12.75849408098828,1.4520450638840634,14.939766801389247
1773767948.6747577,1773767948674766855,Sr02_gA+B_eps15_IMG1_LID1_STA1_CFC64_OH1,0317_1818,B,0.498984158039093,0.0019271085038781166,0.5,0.0,-12.717079860446798,12.808142012884245,1.4520678565673277,14.890393468925343
1773767948.7965472,1773767948796553510,Sr02_gA+B_eps15_IMG1_LID1_STA1_CFC64_OH1,0317_1818,B,0.49915453791618347,0.0012511909008026123,0.5,0.0,-12.70819459098128,12.882613828166752,1.4520148555901868,14.816341240236698
1773767948.9216528,1773767948921659151,Sr02_gA+B_eps15_IMG1_LID1_STA1_CFC64_OH1,0317_1818,B,0.5000452399253845,-0.0021113320253789425,0.5,0.0,-12.702268559927733,12.93226140452915,1.451978874200918,14.766977998268354
1773767949.043992,1773767949043999622,Sr02_gA+B_eps15_IMG1_LID1_STA1_CFC64_OH1,0317_1818,B,0.5007293820381165,-0.0009733429178595543,0.5,0.0,-12.696346267087298,12.981909426841082,1.4521891497680468,14.71761965739984
1773767949.1656504,1773767949165657728,Sr02_gA+B_eps15_IMG1_LID1_STA1_CFC64_OH1,0317_1818,B,0.49860072135925293,0.0008583879098296165,0.5,0.0,-12.687475727399162,13.056382998054401,1.45221178234324,14.643592398793011
1773767949.2829354,1773767949282943257,Sr02_gA+B_eps15_IMG1_LID1_STA1_CFC64_OH1,0317_1818,B,0.49796223640441895,0.0001258673146367073,0.5,0.0,-12.681562536235296,13.1060321052828,1.452336445648649,14.59424649304113
1773767949.4049706,1773767949404977797,Sr02_gA+B_eps15_IMG1_LID1_STA1_CFC64_OH1,0317_1818,B,0.5003499388694763,-0.0016298522241413593,0.5,0.0,-12.67270929021972,13.180507734068113,1.452621425682739,14.520238731258928
1773767949.5204196,1773767949520427043,Sr02_gA+B_eps15_IMG1_LID1_STA1_CFC64_OH1,0317_1818,B,0.5000447630882263,-0.00022253487259149551,0.5,0.0,-12.666817713860238,13.230159410853798,1.4527533042503644,14.470907639448086
1773767949.6441166,1773767949644124432,Sr02_gA+B_eps15_IMG1_LID1_STA1_CFC64_OH1,0317_1818,B,0.5006927847862244,0.001912473700940609,0.5,0.0,-12.660929361542477,13.279811470094542,1.4526766746620254,14.421581686936834
1773767949.7613928,1773767949761400063,Sr02_gA+B_eps15_IMG1_LID1_STA1_CFC64_OH1,0317_1818,B,0.500719428062439,0.001030811108648777,0.5,0.0,-12.652082599245865,13.35428786950228,1.4524851531037055,14.347599147095771
1773767949.882069,1773767949882076293,Sr02_gA+B_eps15_IMG1_LID1_STA1_CFC64_OH1,0317_1818,B,0.4993160665035248,0.0003901049494743347,0.5,0.0,-12.646181325704806,13.403938394701795,1.4525343557960746,14.29828277286835
1773767950.0000317,1773767950000047164,Sr02_gA+B_eps15_IMG1_LID1_STA1_CFC64_OH1,0317_1818,B,0.49849623441696167,0.00037657376378774643,0.5,0.0,-12.637334060437109,13.478414734459502,1.4525678868108023,14.224317937550564
1773767950.122012,1773767950122018787,Sr02_gA+B_eps15_IMG1_LID1_STA1_CFC64_OH1,0317_1818,B,0.4998363256454468,-0.0022234153002500534,0.5,0.0,-12.63143235470501,13.528065208242596,1.4524049031984523,14.17501349913835
1773767950.245317,1773767950245323683,Sr02_gA+B_eps15_IMG1_LID1_STA1_CFC64_OH1,0317_1818,B,0.501126229763031,-0.0018005548045039177,0.5,0.0,-12.62552605036158,13.577715135251145,1.4523826486707223,14.125713176902638
1773767950.3678308,1773767950367837090,Sr02_gA+B_eps15_IMG1_LID1_STA1_CFC64_OH1,0317_1818,B,0.5008968710899353,-0.0017814370803534985,0.5,0.0,-12.616670935311248,13.652190541916083,1.4525841174196905,14.051772698605898
1773767950.4852984,1773767950485304490,Sr02_gA+B_eps15_IMG1_LID1_STA1_CFC64_OH1,0317_1818,B,0.49893537163734436,-0.0018915068358182907,0.5,0.0,-12.610777428573696,13.70184198961582,1.4527048322595968,14.002486988984934
1773767950.6039574,1773767950603965142,Sr02_gA+B_eps15_IMG1_LID1_STA1_CFC64_OH1,0317_1818,B,0.49787095189094543,-0.00014752894639968872,0.5,0.0,-12.601944208237446,13.776319996458968,1.4527761624988376,13.928569174033086
1773767950.7311542,1773767950731161115,Sr02_gA+B_eps15_IMG1_LID1_STA1_CFC64_OH1,0317_1818,B,0.4996841251850128,-0.018766649067401886,0.5,0.0,-12.596057824698109,13.825972289170904,1.4528138198239793,13.87929749824405
1773767950.8529897,1773767950852996894,Sr02_gA+B_eps15_IMG1_LID1_STA1_CFC64_OH1,0317_1818,B,0.4993840157985687,-0.026122692972421646,0.5,0.0,-12.587223955590588,13.900450218844247,1.4525885378209413,13.805399064089434
1773767950.9780748,1773767950978081658,Sr02_gA+B_eps15_IMG1_LID1_STA1_CFC64_OH1,0317_1818,B,0.5002987384796143,-0.003092152066528797,0.5,0.0,-12.58132285135539,13.950100764108736,1.452408482544896,13.756138014883396
1773767951.1035604,1773767951103571902,Sr02_gA+B_eps15_IMG1_LID1_STA1_CFC64_OH1,0317_1818,B,0.5036426782608032,0.005517176352441311,0.5,0.0,-12.572454488658279,14.02457459438416,1.4521375830465382,13.682253592171495
1773767951.2307355,1773767951230742989,Sr02_gA+B_eps15_IMG1_LID1_STA1_CFC64_OH1,0317_1818,B,0.4987089931964874,-0.0058614397421479225,0.5,0.0,-12.56653076910007,14.074222446524448,1.4519484326741467,13.633002081168266
1773767951.3525438,1773767951352550656,Sr02_gA+B_eps15_IMG1_LID1_STA1_CFC64_OH1,0317_1818,B,0.5019762516021729,-0.001669598277658224,0.5,0.0,-12.55763547386038,14.148693064722716,1.4515539333835237,13.559133389256852
1773767951.472248,1773767951472254600,Sr02_gA+B_eps15_IMG1_LID1_STA1_CFC64_OH1,0317_1818,B,0.49700185656547546,-0.002218717709183693,0.5,0.0,-12.551640163482114,14.198332314712951,1.4495301572056605,13.509883150162429
1773767951.594674,1773767951594681776,Sr02_gA+B_eps15_IMG1_LID1_STA1_CFC64_OH1,0317_1818,B,0.5006394386291504,-0.0039374940097332,0.5,0.0,-12.545526885019894,14.247957168239394,1.4469178926173112,13.460617969009272
1773767951.7155414,1773767951715548104,Sr02_gA+B_eps15_IMG1_LID1_STA1_CFC64_OH1,0317_1818,B,0.5003537535667419,0.027329757809638977,0.5,0.0,-12.536210493087369,14.322376278063025,1.445993442878205,13.386705141335174
1773767951.8326266,1773767951832632670,Sr02_gA+B_eps15_IMG1_LID1_STA1_CFC64_OH1,0317_1818,B,0.5008783936500549,0.008061633445322514,0.5,0.0,-12.53000022149622,14.371989100462862,1.4465451530232212,13.337436778965454
1773767951.9530554,1773767951953063733,Sr02_gA+B_eps15_IMG1_LID1_STA1_CFC64_OH1,0317_1818,B,0.4961683452129364,0.09888144582509995,0.5,0.0,-12.520695907810694,14.44640972127234,1.446091138864555,13.263546423627924
1773767952.0709057,1773767952070912319,Sr02_gA+B_eps15_IMG1_LID1_STA1_CFC64_OH1,0317_1818,B,0.48664742708206177,0.025304283946752548,0.5,0.0,-12.514472655841457,14.496020917711565,1.4459241790612352,13.214289593608065
1773767952.1970851,1773767952197092273,Sr02_gA+B_eps15_IMG1_LID1_STA1_CFC64_OH1,0317_1818,B,0.486542284488678,0.026600904762744904,0.5,0.0,-12.508240249175943,14.545630964883497,1.445713290444052,13.16503677376228
1773767952.3192992,1773767952319306903,Sr02_gA+B_eps15_IMG1_LID1_STA1_CFC64_OH1,0317_1818,B,0.5109899044036865,0.09567645192146301,0.5,0.0,-12.498866819939709,14.620042912721873,1.4452086072982906,13.09116382964569
1773767952.43878,1773767952438787681,Sr02_gA+B_eps15_IMG1_LID1_STA1_CFC64_OH1,0317_1818,B,0.5165837407112122,0.10404454171657562,0.5,0.0,-12.492671720893677,14.669657616943592,1.4479415546835848,13.041931826993682
1773767952.559634,1773767952559642027,Sr02_gA+B_eps15_IMG1_LID1_STA1_CFC64_OH1,0317_1818,B,0.5067773461341858,0.0015204334631562233,0.5,0.0,-12.483572695738758,14.74407157221949,1.4507379479568008,12.968159995477805
1773767952.6822736,1773767952682281631,Sr02_gA+B_eps15_IMG1_LID1_STA1_CFC64_OH1,0317_1818,B,0.5079131126403809,0.006758245639503002,0.5,0.0,-12.477829064148592,14.793727209371914,1.460579379233307,12.919038005685431
1773767952.8051457,1773767952805154121,Sr02_gA+B_eps15_IMG1_LID1_STA1_CFC64_OH1,0317_1818,B,0.5064995288848877,-0.024806585162878036,0.5,0.0,-12.469802764144575,14.868268819667204,1.465498551685506,12.845487757730636
1773767952.929488,1773767952929494747,Sr02_gA+B_eps15_IMG1_LID1_STA1_CFC64_OH1,0317_1818,B,0.503354012966156,0.005390780977904797,0.5,0.0,-12.464613739440313,14.91799881294285,1.468158636818831,12.796477868683047
1773767953.0476484,1773767953047654715,Sr02_gA+B_eps15_IMG1_LID1_STA1_CFC64_OH1,0317_1818,B,0.5005985498428345,-0.00015451572835445404,0.5,0.0,-12.459713823809432,14.967727757237727,1.4773362669601076,12.747563344498136
1773767953.1680768,1773767953168083987,Sr02_gA+B_eps15_IMG1_LID1_STA1_CFC64_OH1,0317_1818,B,0.5005947947502136,0.0016998499631881714,0.5,0.0,-12.453280603083815,15.042450582850872,1.4926918740046924,12.674359497019672
1773767953.2834454,1773767953283453518,Sr02_gA+B_eps15_IMG1_LID1_STA1_CFC64_OH1,0317_1818,B,0.5009041428565979,0.0026017678901553154,0.5,0.0,-12.449476895833085,15.09225183506044,1.4948960784508163,12.625728394013214
1773767953.4088066,1773767953408815144,Sr02_gA+B_eps15_IMG1_LID1_STA1_CFC64_OH1,0317_1818,B,0.5008772015571594,0.005512581206858158,0.5,0.0,-12.443823961328023,15.167038485913409,1.4958574316009707,12.552736278660394
1773767953.5284555,1773767953528462334,Sr02_gA+B_eps15_IMG1_LID1_STA1_CFC64_OH1,0317_1818,B,0.4949601888656616,-0.0012061810120940208,0.5,0.0,-12.440018685527082,15.216893458347503,1.4933768012953819,12.50407958816666
1773767953.6532633,1773767953653270545,Sr02_gA+B_eps15_IMG1_LID1_STA1_CFC64_OH1,0317_1818,B,0.5001324415206909,-0.00019709952175617218,0.5,0.0,-12.436126625453296,15.266741742958937,1.4930099359049442,12.455413442089743
1773767953.7778885,1773767953777895913,Sr02_gA+B_eps15_IMG1_LID1_STA1_CFC64_OH1,0317_1818,B,0.5051966905593872,0.03379017114639282,0.5,0.0,-12.43030885704919,15.34151575482309,1.4931531214529694,12.382438866494356
1773767953.9010732,1773767953901079937,Sr02_gA+B_eps15_IMG1_LID1_STA1_CFC64_OH1,0317_1818,B,0.4952075481414795,-0.0015158168971538544,0.5,0.0,-12.426433955033819,15.391365376804972,1.4933045611257194,12.333803491184147
1773767954.0208533,1773767954020861038,Sr02_gA+B_eps15_IMG1_LID1_STA1_CFC64_OH1,0317_1818,B,0.4964277744293213,0.0008067134767770767,0.5,0.0,-12.420641827096128,15.466141378770478,1.493685805816259,12.260875759403408
1773767954.1436713,1773767954143680992,Sr02_gA+B_eps15_IMG1_LID1_STA1_CFC64_OH1,0317_1818,B,0.4973162114620209,0.0025654444471001625,0.5,0.0,-12.416803861573754,15.515993857549173,1.494237060807964,12.212276752038877
1773767954.2623608,1773767954262368678,Sr02_gA+B_eps15_IMG1_LID1_STA1_CFC64_OH1,0317_1818,B,0.4997343122959137,0.0012482991442084312,0.5,0.0,-12.411074426231863,15.590774689636127,1.494277882514668,12.13940611926422
1773767954.3835263,1773767954383533597,Sr02_gA+B_eps15_IMG1_LID1_STA1_CFC64_OH1,0317_1818,B,0.5024111866950989,0.005462607368826866,0.5,0.0,-12.407251745367194,15.640628343403463,1.494258172534874,12.090839434715113
1773767954.5003233,1773767954500330298,Sr02_gA+B_eps15_IMG1_LID1_STA1_CFC64_OH1,0317_1818,B,0.5024256110191345,0.006191701628267765,0.5,0.0,-12.403496708695728,15.690487115241927,1.4972972859652423,12.042300772474487
1773767954.6144762,1773767954614483176,Sr02_gA+B_eps15_IMG1_LID1_STA1_CFC64_OH1,0317_1818,B,0.5017321109771729,0.002659691497683525,0.5,0.0,-12.398072349860424,15.765290691306756,1.4985054020137114,11.969566099958454
1773767954.729747,1773767954729754143,Sr02_gA+B_eps15_IMG1_LID1_STA1_CFC64_OH1,0317_1818,B,0.5018316507339478,-0.005627731792628765,0.5,0.0,-12.394462962778297,15.815160241200182,1.498586072734668,11.921093600134403
1773767954.8506207,1773767954850626856,Sr02_gA+B_eps15_IMG1_LID1_STA1_CFC64_OH1,0317_1818,B,0.5060539245605469,-0.015579210594296455,0.5,0.0,-12.390859747545173,15.8650302373185,1.4987898535713549,11.872635297074739
1773767954.973917,1773767954973924864,Sr02_gA+B_eps15_IMG1_LID1_STA1_CFC64_OH1,0317_1818,B,0.5024152398109436,0.006439226679503918,0.5,0.0,-12.385475661069453,15.939836726793812,1.4990561277333394,11.799977129946132
1773767955.0898867,1773767955089892716,Sr02_gA+B_eps15_IMG1_LID1_STA1_CFC64_OH1,0317_1818,B,0.49940332770347595,0.0014281617477536201,0.5,0.0,-12.381903352136092,15.989708945837307,1.4995602413386964,11.75155897921397
1773767955.2101903,1773767955210197337,Sr02_gA+B_eps15_IMG1_LID1_STA1_CFC64_OH1,0317_1818,B,0.4968207776546478,0.0007439330220222473,0.5,0.0,-12.376597925272067,16.064521052813298,1.500424512689968,11.67897014566704
1773767955.3281646,1773767955328172263,Sr02_gA+B_eps15_IMG1_LID1_STA1_CFC64_OH1,0317_1818,B,0.49637410044670105,0.0003443388268351555,0.5,0.0,-12.373088871029386,16.114397762874813,1.5006904821571876,11.630601679788436
1773767955.447841,1773767955447848349,Sr02_gA+B_eps15_IMG1_LID1_STA1_CFC64_OH1,0317_1818,B,0.5011078715324402,-0.001117989420890808,0.5,0.0,-12.36958295560589,16.164274693453294,1.5003763385311923,11.582247873108397
1773767955.5640795,1773767955564086186,Sr02_gA+B_eps15_IMG1_LID1_STA1_CFC64_OH1,0317_1818,B,0.4991372227668762,0.0013931207358837128,0.5,0.0,-12.364238510560506,16.23908401068988,1.4983380122556575,11.509721585525893
1773767955.68297,1773767955682978166,Sr02_gA+B_eps15_IMG1_LID1_STA1_CFC64_OH1,0317_1818,B,0.4993845522403717,0.0008218418806791306,0.5,0.0,-12.360624388303734,16.288953216920305,1.4987617330094578,11.461375272246837
1773767955.802281,1773767955802287636,Sr02_gA+B_eps15_IMG1_LID1_STA1_CFC64_OH1,0317_1818,B,0.4992077052593231,-0.0002769855782389641,0.5,0.0,-12.357037331168145,16.33882437772386,1.499104995052617,11.413050180496288
1773767955.9209762,1773767955920983630,Sr02_gA+B_eps15_IMG1_LID1_STA1_CFC64_OH1,0317_1818,B,0.49928349256515503,0.0013687433674931526,0.5,0.0,-12.351671034632684,16.413632145637425,1.4992439544530158,11.340593480431819
1773767956.0418634,1773767956041870520,Sr02_gA+B_eps15_IMG1_LID1_STA1_CFC64_OH1,0317_1818,B,0.5005869269371033,0.0004837336018681526,0.5,0.0,-12.34809768557716,16.463504290760614,1.499286380455961,11.292308554973339
1773767956.1574714,1773767956157479362,Sr02_gA+B_eps15_IMG1_LID1_STA1_CFC64_OH1,0317_1818,B,0.5003056526184082,-0.00012789107859134674,0.5,0.0,-12.34273477925144,16.53831230176722,1.499147929953203,11.219908579641395
1773767956.2719622,1773767956271968921,Sr02_gA+B_eps15_IMG1_LID1_STA1_CFC64_OH1,0317_1818,B,0.5010185241699219,0.00023451820015907288,0.5,0.0,-12.339157707977913,16.588184180019997,1.4992621288169574,11.17166051303219
1773767956.3949115,1773767956394918409,Sr02_gA+B_eps15_IMG1_LID1_STA1_CFC64_OH1,0317_1818,B,0.4996858239173889,0.0003401050344109535,0.5,0.0,-12.335586367979245,16.638056469040432,1.49935002608694,11.123429438218043
1773767956.5145733,1773767956514580270,Sr02_gA+B_eps15_IMG1_LID1_STA1_CFC64_OH1,0317_1818,B,0.5003677010536194,-0.00042253080755472183,0.5,0.0,-12.330233790059568,16.712865219838363,1.4993688885392502,11.051113489542697
1773767956.6373456,1773767956637352838,Sr02_gA+B_eps15_IMG1_LID1_STA1_CFC64_OH1,0317_1818,B,0.49959930777549744,-0.0003586765378713608,0.5,0.0,-12.326668867505518,16.76273796797112,1.4995057623015209,11.002923749265697
1773767956.7533498,1773767956753357159,Sr02_gA+B_eps15_IMG1_LID1_STA1_CFC64_OH1,0317_1818,B,0.4997289478778839,-0.0012666424736380577,0.5,0.0,-12.323109358871351,16.812611102829365,1.4995718364261226,10.954751691781933
1773767956.8722627,1773767956872269949,Sr02_gA+B_eps15_IMG1_LID1_STA1_CFC64_OH1,0317_1818,B,0.49927881360054016,0.001015402376651764,0.5,0.0,-12.317773516466042,16.88742104917475,1.4995893506845295,10.882525451262902
1773767956.9971507,1773767956997157722,Sr02_gA+B_eps15_IMG1_LID1_STA1_CFC64_OH1,0317_1818,B,0.4980078339576721,0.001744445413351059,0.5,0.0,-12.314216588965222,16.937294368191004,1.4996091781020222,10.83439564611805
1773767957.1189733,1773767957118981025,Sr02_gA+B_eps15_IMG1_LID1_STA1_CFC64_OH1,0317_1818,B,0.5008434057235718,-0.0005704201757907867,0.5,0.0,-12.308883676761177,17.012104523471844,1.499648344301623,10.762233591078926
1773767957.2448118,1773767957244818355,Sr02_gA+B_eps15_IMG1_LID1_STA1_CFC64_OH1,0317_1818,B,0.49991047382354736,0.004247814416885376,0.5,0.0,-12.30532822473808,17.061977947692878,1.499606091452441,10.714147161152537
1773767957.3624055,1773767957362413372,Sr02_gA+B_eps15_IMG1_LID1_STA1_CFC64_OH1,0317_1818,B,0.5002279877662659,0.0029903901740908623,0.5,0.0,-12.299991160850915,17.13678780689303,1.499523774673851,10.642049508906611
1773767957.4793956,1773767957479403477,Sr02_gA+B_eps15_IMG1_LID1_STA1_CFC64_OH1,0317_1818,B,0.5006169676780701,-3.2046809792518616e-06,0.5,0.0,-12.296427391225247,17.1866606374296,1.4993971106486257,10.594005201763387
1773767957.5996604,1773767957599667595,Sr02_gA+B_eps15_IMG1_LID1_STA1_CFC64_OH1,0317_1818,B,0.4991435706615448,-0.0002619195729494095,0.5,0.0,-12.292862995017984,17.236533423200747,1.4994986489739741,10.545978901208073
1773767957.721507,1773767957721514333,Sr02_gA+B_eps15_IMG1_LID1_STA1_CFC64_OH1,0317_1818,B,0.4991903305053711,0.001350192353129387,0.5,0.0,-12.287528037923623,17.31134343250944,1.499708005786539,10.47397736158883
1773767957.8462913,1773767957846300026,Sr02_gA+B_eps15_IMG1_LID1_STA1_CFC64_OH1,0317_1818,B,0.4991821348667145,0.0017183227464556694,0.5,0.0,-12.283975192656255,17.361217042493262,1.4996509643554288,10.426000895303575
1773767957.9684258,1773767957968433469,Sr02_gA+B_eps15_IMG1_LID1_STA1_CFC64_OH1,0317_1818,B,0.4990668296813965,0.0015695933252573013,0.5,0.0,-12.278660896109484,17.43602852134276,1.5001917672546612,10.354076366552787
1773767958.0924625,1773767958092470543,Sr02_gA+B_eps15_IMG1_LID1_STA1_CFC64_OH1,0317_1818,B,0.4996572434902191,0.0008766409009695053,0.5,0.0,-12.275141058091352,17.485904471505915,1.5004908067451468,10.306157638869223
1773767958.2101753,1773767958210182841,Sr02_gA+B_eps15_IMG1_LID1_STA1_CFC64_OH1,0317_1818,B,0.4993063509464264,0.00043589062988758087,0.5,0.0,-12.269872462960857,17.560719183909708,1.5004877413326925,10.2343201093724
1773767958.3285775,1773767958328585860,Sr02_gA+B_eps15_IMG1_LID1_STA1_CFC64_OH1,0317_1818,B,0.498185932636261,-0.001115079503506422,0.5,0.0,-12.26635927631955,17.610595603212346,1.5004615494733478,10.186453519739665
1773767958.444705,1773767958444711450,Sr02_gA+B_eps15_IMG1_LID1_STA1_CFC64_OH1,0317_1818,B,0.5000264048576355,0.00014730729162693024,0.5,0.0,-12.262847356278439,17.660472111687152,1.500564325068467,10.13860789319572
1773767958.562939,1773767958562945202,Sr02_gA+B_eps15_IMG1_LID1_STA1_CFC64_OH1,0317_1818,B,0.49995341897010803,-0.0002449396997690201,0.5,0.0,-12.257593413332781,17.735287854280557,1.5008147101813274,10.066882812009514
1773767958.677638,1773767958677645938,Sr02_gA+B_eps15_IMG1_LID1_STA1_CFC64_OH1,0317_1818,B,0.5002336502075195,-0.0004705134779214859,0.5,0.0,-12.254101102497826,17.78516573958955,1.5009716693709152,10.019095784694072
1773767958.7967792,1773767958796787157,Sr02_gA+B_eps15_IMG1_LID1_STA1_CFC64_OH1,0317_1818,B,0.5004422068595886,0.001056424342095852,0.5,0.0,-12.250615998365408,17.83504412899309,1.501087051899251,9.971332600805923
1773767958.914975,1773767958914982347,Sr02_gA+B_eps15_IMG1_LID1_STA1_CFC64_OH1,0317_1818,B,0.5009527802467346,-0.0005166791379451752,0.5,0.0,-12.245395625467243,17.909862221662213,1.5011700657063192,9.899731422931868
1773767959.034453,1773767959034460707,Sr02_gA+B_eps15_IMG1_LID1_STA1_CFC64_OH1,0317_1818,B,0.501036524772644,-0.0028226706199347973,0.5,0.0,-12.241915736339863,17.959740975181784,1.501089578477015,9.852025510025374
1773767959.155883,1773767959155890237,Sr02_gA+B_eps15_IMG1_LID1_STA1_CFC64_OH1,0317_1818,B,0.49920061230659485,-0.0023832228034734726,0.5,0.0,-12.23843245497196,18.00961949193939,1.5010790605215603,9.804341433467147
1773767959.2795985,1773767959279606572,Sr02_gA+B_eps15_IMG1_LID1_STA1_CFC64_OH1,0317_1818,B,0.49954530596733093,-0.0027013379149138927,0.5,0.0,-12.233207743430011,18.084437281774363,1.5010619322442729,9.73285896493632
1773767959.3965497,1773767959396555704,Sr02_gA+B_eps15_IMG1_LID1_STA1_CFC64_OH1,0317_1818,B,0.4991413950920105,-0.0012320363894104958,0.5,0.0,-12.229722675742574,18.134315673746993,1.5010148811460324,9.685232952079925
1773767959.5198705,1773767959519877602,Sr02_gA+B_eps15_IMG1_LID1_STA1_CFC64_OH1,0317_1818,B,0.49866947531700134,-0.0007226681336760521,0.5,0.0,-12.224496000500356,18.209133326377735,1.5010960744023472,9.613839419434234
1773767959.644034,1773767959644049710,Sr02_gA+B_eps15_IMG1_LID1_STA1_CFC64_OH1,0317_1818,B,0.4988761842250824,-0.0013172123581171036,0.5,0.0,-12.22101252063385,18.25901182926709,1.501044406666368,9.566274692733357
1773767959.7605886,1773767959760595817,Sr02_gA+B_eps15_IMG1_LID1_STA1_CFC64_OH1,0317_1818,B,0.5002646446228027,0.00046154577285051346,0.5,0.0,-12.217522783138431,18.30888989459738,1.5008082615847438,9.518732979182055
1773767959.878015,1773767959878022101,Sr02_gA+B_eps15_IMG1_LID1_STA1_CFC64_OH1,0317_1818,B,0.49959588050842285,0.00015829689800739288,0.5,0.0,-12.21226322025909,18.3837052420819,1.5004288060578121,9.44746017637858
1773767959.9998772,1773767959999885070,Sr02_gA+B_eps15_IMG1_LID1_STA1_CFC64_OH1,0317_1818,B,0.49959781765937805,-0.0005416916683316231,0.5,0.0,-12.208741010751242,18.433581024862473,1.500158672951566,9.399972212908382
1773767960.1237926,1773767960123804707,Sr02_gA+B_eps15_IMG1_LID1_STA1_CFC64_OH1,0317_1818,B,0.4989757835865021,-0.003962590359151363,0.5,0.0,-12.203437761668186,18.508393288669925,1.4999399746863513,9.328783173060067
1773767960.239375,1773767960239382195,Sr02_gA+B_eps15_IMG1_LID1_STA1_CFC64_OH1,0317_1818,B,0.5012996792793274,-0.0011451547034084797,0.5,0.0,-12.199896105935968,18.558267694496994,1.499867707960969,9.281355201415082
1773767960.3634143,1773767960363421195,Sr02_gA+B_eps15_IMG1_LID1_STA1_CFC64_OH1,0317_1818,B,0.4982989430427551,-0.0014834855683147907,0.5,0.0,-12.196349897097907,18.608141776770044,1.4997478782605658,9.233952911342847
1773767960.4854789,1773767960485485633,Sr02_gA+B_eps15_IMG1_LID1_STA1_CFC64_OH1,0317_1818,B,0.49969929456710815,-0.0005508633330464363,0.5,0.0,-12.191022790713971,18.682952345695107,1.4997281708910941,9.162898741399983
1773767960.5995793,1773767960599588242,Sr02_gA+B_eps15_IMG1_LID1_STA1_CFC64_OH1,0317_1818,B,0.49909746646881104,0.0013000508770346642,0.5,0.0,-12.187472768331238,18.732826156698177,1.4997440007870224,9.11556486564907
1773767960.717567,1773767960717573903,Sr02_gA+B_eps15_IMG1_LID1_STA1_CFC64_OH1,0317_1818,B,0.5085655450820923,0.04096495732665062,0.5,0.0,-12.182146701480292,18.80763679963256,1.4996837473279276,9.044617511577993
1773767960.8412075,1773767960841217163,Sr02_gA+B_eps15_IMG1_LID1_STA1_CFC64_OH1,0317_1818,B,0.5012381672859192,0.0015409532934427261,0.5,0.0,-12.178585808349531,18.85750983535163,1.4993217004887067,8.997352457767205
1773767960.962617,1773767960962623530,Sr02_gA+B_eps15_IMG1_LID1_STA1_CFC64_OH1,0317_1818,B,0.5013275146484375,0.0013589197769761086,0.5,0.0,-12.175010928783204,18.907381870761874,1.4991790087393406,8.95011251727646
1773767961.0839198,1773767961083928709,Sr02_gA+B_eps15_IMG1_LID1_STA1_CFC64_OH1,0317_1818,B,0.5007831454277039,0.000897514633834362,0.5,0.0,-12.16963695211068,18.98218908726467,1.4989734030425,8.879305411719152
1773767961.2038999,1773767961203907357,Sr02_gA+B_eps15_IMG1_LID1_STA1_CFC64_OH1,0317_1818,B,0.5007134675979614,0.0008129337802529335,0.5,0.0,-12.166047519225529,19.03206007736848,1.498918316085669,8.832136867719887
1773767961.3192484,1773767961319256689,Sr02_gA+B_eps15_IMG1_LID1_STA1_CFC64_OH1,0317_1818,B,0.500045895576477,0.00046886876225471497,0.5,0.0,-12.16066916310226,19.106859327049996,1.49982383364207,8.761451885102627
1773767961.4395869,1773767961439595380,Sr02_gA+B_eps15_IMG1_LID1_STA1_CFC64_OH1,0317_1818,B,0.4988749325275421,0.0006516473367810249,0.5,0.0,-12.157225681093575,19.15674057217282,1.5039203199036193,8.71441215414434
1773767961.5608282,1773767961560835758,Sr02_gA+B_eps15_IMG1_LID1_STA1_CFC64_OH1,0317_1818,B,0.4991745054721832,0.0004254784435033798,0.5,0.0,-12.153907988729895,19.206625377271948,1.5044864835612628,8.667453338480303
1773767961.677044,1773767961677051631,Sr02_gA+B_eps15_IMG1_LID1_STA1_CFC64_OH1,0317_1818,B,0.5014827847480774,0.000628666952252388,0.5,0.0,-12.148946589312882,19.281461089212733,1.504699422994973,8.597077736700053
1773767961.8030019,1773767961803009099,Sr02_gA+B_eps15_IMG1_LID1_STA1_CFC64_OH1,0317_1818,B,0.4997851848602295,0.001119428314268589,0.5,0.0,-12.14564638907875,19.33135205392304,1.504789174664653,8.550206939101768
1773767961.9233809,1773767961923387054,Sr02_gA+B_eps15_IMG1_LID1_STA1_CFC64_OH1,0317_1818,B,0.5011951923370361,0.0007089758291840553,0.5,0.0,-12.140704146444044,19.406189033536158,1.5049067709722017,8.479970610791437
1773767962.042688,1773767962042695249,Sr02_gA+B_eps15_IMG1_LID1_STA1_CFC64_OH1,0317_1818,B,0.5001752972602844,-0.0005612364038825035,0.5,0.0,-12.137413221765561,19.4560806109546,1.5049536577921376,8.433193355201992
1773767962.1603198,1773767962160327221,Sr02_gA+B_eps15_IMG1_LID1_STA1_CFC64_OH1,0317_1818,B,0.5002041459083557,-1.5869736671447754e-05,0.5,0.0,-12.13412500566627,19.505972366957366,1.5050169944966305,8.386454256051906
1773767962.2802203,1773767962280229037,Sr02_gA+B_eps15_IMG1_LID1_STA1_CFC64_OH1,0317_1818,B,0.4994798004627228,0.0005348660051822662,0.5,0.0,-12.129198211527086,19.580810365218234,1.5050941565275637,8.316418720609983
1773767962.3969126,1773767962396919237,Sr02_gA+B_eps15_IMG1_LID1_STA1_CFC64_OH1,0317_1818,B,0.4980694353580475,0.0014332858845591545,0.5,0.0,-12.125917034498144,19.630702584646848,1.5051570230766718,8.269777948201387
1773767962.517609,1773767962517616250,Sr02_gA+B_eps15_IMG1_LID1_STA1_CFC64_OH1,0317_1818,B,0.4989674687385559,0.0008157007396221161,0.5,0.0,-12.122639593907127,19.680595049649366,1.5052542425327318,8.22317801526647
1773767962.6416562,1773767962641663988,Sr02_gA+B_eps15_IMG1_LID1_STA1_CFC64_OH1,0317_1818,B,0.5001945495605469,-0.0008555091917514801,0.5,0.0,-12.11773291046284,19.75543436910465,1.5053852161559875,8.153357130331976
1773767962.7596924,1773767962759700185,Sr02_gA+B_eps15_IMG1_LID1_STA1_CFC64_OH1,0317_1818,B,0.49797940254211426,0.0008768662810325623,0.5,0.0,-12.114463888891246,19.80532738645534,1.505341795680922,8.106862050103235
1773767962.880084,1773767962880092068,Sr02_gA+B_eps15_IMG1_LID1_STA1_CFC64_OH1,0317_1818,B,0.5006604194641113,-0.0006295917555689812,0.5,0.0,-12.109556813677514,19.880166680274947,1.5053231072203022,8.037197009682277
1773767963.0027313,1773767963002739538,Sr02_gA+B_eps15_IMG1_LID1_STA1_CFC64_OH1,0317_1818,B,0.4992414116859436,-5.299318581819534e-05,0.5,0.0,-12.106286825589116,19.930059634289634,1.505376593616002,7.990807830432486
1773767963.1182005,1773767963118207924,Sr02_gA+B_eps15_IMG1_LID1_STA1_CFC64_OH1,0317_1818,B,0.4988735616207123,0.0009169168770313263,0.5,0.0,-12.101390012837923,20.004899600173143,1.5055522816605393,7.921309536040192
1773767963.2409308,1773767963240938391,Sr02_gA+B_eps15_IMG1_LID1_STA1_CFC64_OH1,0317_1818,B,0.4981400668621063,6.544776260852814e-05,0.5,0.0,-12.09813215962608,20.05479334801871,1.5056338516377141,7.875035969576046
1773767963.361998,1773767963362005797,Sr02_gA+B_eps15_IMG1_LID1_STA1_CFC64_OH1,0317_1818,B,0.4982326924800873,-0.000939621590077877,0.5,0.0,-12.09487499929349,20.104687141101234,1.5055650142092192,7.828808493816861
1773767963.4826317,1773767963482638962,Sr02_gA+B_eps15_IMG1_LID1_STA1_CFC64_OH1,0317_1818,B,0.49871644377708435,0.00028756074607372284,0.5,0.0,-12.089986509653997,20.179527651198992,1.505612183981141,7.759553937721883
1773767963.597129,1773767963597137174,Sr02_gA+B_eps15_IMG1_LID1_STA1_CFC64_OH1,0317_1818,B,0.499454140663147,-0.002514563500881195,0.5,0.0,-12.086728039659164,20.229421358772573,1.5055492252294789,7.713444131378197
1773767963.7148995,1773767963714906463,Sr02_gA+B_eps15_IMG1_LID1_STA1_CFC64_OH1,0317_1818,B,0.49989911913871765,-0.0006998954340815544,0.5,0.0,-12.083467133224714,20.279314907174474,1.5055266275496357,7.667382135606394
1773767963.8391025,1773767963839112108,Sr02_gA+B_eps15_IMG1_LID1_STA1_CFC64_OH1,0317_1818,B,0.5003745555877686,0.00044424738734960556,0.5,0.0,-12.078578567822111,20.354155412302994,1.505635066859712,7.598383593607282
1773767963.9606717,1773767963960678708,Sr02_gA+B_eps15_IMG1_LID1_STA1_CFC64_OH1,0317_1818,B,0.4997250735759735,0.0007055941969156265,0.5,0.0,-12.075323377046686,20.404049333936694,1.5056501269540403,7.552449665765351
1773767964.0805702,1773767964080577611,Sr02_gA+B_eps15_IMG1_LID1_STA1_CFC64_OH1,0317_1818,B,0.49970749020576477,9.751413017511368e-05,0.5,0.0,-12.070438231802274,20.47889006239707,1.5055616585492044,7.483645561021849
1773767964.199654,1773767964199662551,Sr02_gA+B_eps15_IMG1_LID1_STA1_CFC64_OH1,0317_1818,B,0.5000251531600952,-0.0002907766029238701,0.5,0.0,-12.067179528882626,20.52878375476552,1.5055904143153458,7.437841927455944
1773767964.3256464,1773767964325654227,Sr02_gA+B_eps15_IMG1_LID1_STA1_CFC64_OH1,0317_1818,B,0.500170111656189,0.0003191158175468445,0.5,0.0,-12.063917786936058,20.57867724844815,1.5053950029139347,7.392091447712868
1773767964.4441388,1773767964444145908,Sr02_gA+B_eps15_IMG1_LID1_STA1_CFC64_OH1,0317_1818,B,0.49946674704551697,-0.0004093768075108528,0.5,0.0,-12.05900972034799,20.653516477214815,1.505253724080054,7.32356357832834
1773767964.5630813,1773767964563088332,Sr02_gA+B_eps15_IMG1_LID1_STA1_CFC64_OH1,0317_1818,B,0.4988211691379547,0.00029028579592704773,0.5,0.0,-12.055735502146701,20.703409153809858,1.5052867064611186,7.277948346492143
1773767964.684756,1773767964684763075,Sr02_gA+B_eps15_IMG1_LID1_STA1_CFC64_OH1,0317_1818,B,0.4991186559200287,0.0015440257266163826,0.5,0.0,-12.050829061601341,20.77824848921212,1.505376010907316,7.209636564418168
1773767964.8024185,1773767964802425937,Sr02_gA+B_eps15_IMG1_LID1_STA1_CFC64_OH1,0317_1818,B,0.4991750717163086,-0.00016692373901605606,0.5,0.0,-12.047560622009554,20.82814154469699,1.505385762433922,7.164170759366011
1773767964.924861,1773767964924867875,Sr02_gA+B_eps15_IMG1_LID1_STA1_CFC64_OH1,0317_1818,B,0.5064046382904053,0.00016360636800527573,0.5,0.0,-12.044292049020736,20.878034591441686,1.5053644509202504,7.118765703936505
1773767965.0451868,1773767965045194527,Sr02_gA+B_eps15_IMG1_LID1_STA1_CFC64_OH1,0317_1818,B,0.49938803911209106,0.0032108044251799583,0.5,0.0,-12.039387759837947,20.95287406788341,1.5053757242625176,7.0507740918642385
1773767965.1658666,1773767965165873730,Sr02_gA+B_eps15_IMG1_LID1_STA1_CFC64_OH1,0317_1818,B,0.49977368116378784,0.0021019335836172104,0.5,0.0,-12.036118041450441,21.002767039575804,1.5053347872061473,7.0055257408730585
1773767965.2880735,1773767965288080279,Sr02_gA+B_eps15_IMG1_LID1_STA1_CFC64_OH1,0317_1818,B,0.5006629824638367,0.001741006039083004,0.5,0.0,-12.03121177738107,21.077606386574157,1.5053628796971057,6.937774802802516
1773767965.4020138,1773767965402020560,Sr02_gA+B_eps15_IMG1_LID1_STA1_CFC64_OH1,0317_1818,B,0.49873489141464233,0.001318925991654396,0.5,0.0,-12.027946291162293,21.12749963539395,1.5055172817501081,6.892693246657425
1773767965.51742,1773767965517427714,Sr02_gA+B_eps15_IMG1_LID1_STA1_CFC64_OH1,0317_1818,B,0.499641478061676,-0.0011202250607311726,0.5,0.0,-12.024685776965397,21.177393209430015,1.5055348096459915,6.84768216093999
1773767965.6364744,1773767965636481207,Sr02_gA+B_eps15_IMG1_LID1_STA1_CFC64_OH1,0317_1818,B,0.4997487962245941,-0.0007307510823011398,0.5,0.0,-12.019794524770436,21.252233539056604,1.5055428238298723,6.78029639985224
1773767965.7611191,1773767965761126436,Sr02_gA+B_eps15_IMG1_LID1_STA1_CFC64_OH1,0317_1818,B,0.49937474727630615,0.0005612876266241074,0.5,0.0,-12.016542174622284,21.30212764572349,1.505863901415541,6.735465760635817
1773767965.8835351,1773767965883542316,Sr02_gA+B_eps15_IMG1_LID1_STA1_CFC64_OH1,0317_1818,B,0.5000051259994507,-0.0007089050486683846,0.5,0.0,-12.0116903400075,21.376970540720848,1.5062235465470672,6.668369648036265
1773767966.0039585,1773767966003965090,Sr02_gA+B_eps15_IMG1_LID1_STA1_CFC64_OH1,0317_1818,B,0.49998417496681213,-0.0007471106946468353,0.5,0.0,-12.008468612066533,21.426866634209905,1.506404865681488,6.62373891946472
1773767966.1255572,1773767966125565126,Sr02_gA+B_eps15_IMG1_LID1_STA1_CFC64_OH1,0317_1818,B,0.4993877112865448,-0.0008430667221546173,0.5,0.0,-12.005254933201087,21.47676324679312,1.5065451999750514,6.579189093125819
1773767966.2406158,1773767966240623669,Sr02_gA+B_eps15_IMG1_LID1_STA1_CFC64_OH1,0317_1818,B,0.5004510283470154,0.0004388270899653435,0.5,0.0,-12.000436533462654,21.551608302072047,1.5064259512984937,6.5125136946226165
1773767966.36706,1773767966367066561,Sr02_gA+B_eps15_IMG1_LID1_STA1_CFC64_OH1,0317_1818,B,0.4998469352722168,0.0006361212581396103,0.5,0.0,-11.997218414009273,21.601504628480505,1.5063528760117348,6.468162010942284
1773767966.4840095,1773767966484016841,Sr02_gA+B_eps15_IMG1_LID1_STA1_CFC64_OH1,0317_1818,B,0.49984410405158997,0.0006331847980618477,0.5,0.0,-11.992388266824916,21.676348926615578,1.5063726853609112,6.401789182731001
1773767966.598155,1773767966598162247,Sr02_gA+B_eps15_IMG1_LID1_STA1_CFC64_OH1,0317_1818,B,0.5002235174179077,-9.593181312084198e-05,0.5,0.0,-11.989167544128888,21.726245085057613,1.5063017952425783,6.357646913936225
1773767966.721364,1773767966721370901,Sr02_gA+B_eps15_IMG1_LID1_STA1_CFC64_OH1,0317_1818,B,0.501233696937561,-0.01994505152106285,0.5,0.0,-11.985943223283451,21.776141011113097,1.506227848436204,6.313590279554399
1773767966.844771,1773767966844776343,Sr02_gA+B_eps15_IMG1_LID1_STA1_CFC64_OH1,0317_1818,B,0.5012347102165222,-0.020092373713850975,0.5,0.0,-11.981099518799965,21.850984433045834,1.5061061865016518,6.24766962590064
1773767966.9671621,1773767966967170764,Sr02_gA+B_eps15_IMG1_LID1_STA1_CFC64_OH1,0317_1818,B,0.4993658661842346,-2.291519194841385e-05,0.5,0.0,-11.977868362214261,21.900879916906263,1.5061500681579783,6.20383612370795
1773767967.080866,1773767967080873613,Sr02_gA+B_eps15_IMG1_LID1_STA1_CFC64_OH1,0317_1818,B,0.5022997260093689,-0.1655203402042389,0.5,-0.5,-11.973026441210182,21.975723454261008,1.506239508497255,6.138264973949378
1773767967.2004826,1773767967200490140,Sr02_gA+B_eps15_IMG1_LID1_STA1_CFC64_OH1,0317_1818,B,0.49950847029685974,-0.0024954224936664104,0.5,0.0,-11.969802421745705,22.025619399794444,1.5063028268736938,6.094673628051734
1773767967.3167205,1773767967316727990,Sr02_gA+B_eps15_IMG1_LID1_STA1_CFC64_OH1,0317_1818,B,0.49950021505355835,-0.002508071716874838,0.5,0.0,-11.96658039747649,22.07551547421506,1.5063078165743595,6.051182393052365
1773767967.4419286,1773767967441936525,Sr02_gA+B_eps15_IMG1_LID1_STA1_CFC64_OH1,0317_1818,B,0.49970391392707825,0.0007605385035276413,0.5,0.0,-11.961697056028218,22.150356303781482,1.5043085332901815,5.9861109415729175
1773767967.565343,1773767967565349933,Sr02_gA+B_eps15_IMG1_LID1_STA1_CFC64_OH1,0317_1818,B,0.4995337724685669,0.0001815417781472206,0.5,0.0,-11.958324997729855,22.200242454811917,1.5022992993178064,5.9428013060583424
1773767967.6844199,1773767967684426521,Sr02_gA+B_eps15_IMG1_LID1_STA1_CFC64_OH1,0317_1818,B,0.5005913972854614,0.0003872895613312721,0.5,0.0,-11.953148919731335,22.275030994311404,1.5006782806741696,5.878003038801886
1773767967.8025324,1773767967802539316,Sr02_gA+B_eps15_IMG1_LID1_STA1_CFC64_OH1,0317_1818,B,0.500596821308136,0.0003401516005396843,0.5,0.0,-11.949313310341674,22.32473715359101,1.4857277169883936,5.834846936015079
1773767967.9251318,1773767967925139935,Sr02_gA+B_eps15_IMG1_LID1_STA1_CFC64_OH1,0317_1818,B,0.5006728172302246,-0.0005251960828900337,0.5,0.0,-11.944824052747904,22.37440383258894,1.4790592471307402,5.791457545089069
1773767968.0501447,1773767968050150700,Sr02_gA+B_eps15_IMG1_LID1_STA1_CFC64_OH1,0317_1818,B,0.4990594983100891,0.0001985030248761177,0.5,0.0,-11.937939387753492,22.449087168132916,1.4786832896619195,5.726334613173794
1773767968.1709588,1773767968170966241,Sr02_gA+B_eps15_IMG1_LID1_STA1_CFC64_OH1,0317_1818,B,0.49848777055740356,0.0006841151043772697,0.5,0.0,-11.933342139614021,22.49887536945993,1.4787593408867523,5.683050850991179
1773767968.2943902,1773767968294397854,Sr02_gA+B_eps15_IMG1_LID1_STA1_CFC64_OH1,0317_1818,B,0.49901893734931946,0.002328156493604183,0.5,0.0,-11.926451312192661,22.57355813710755,1.4788080572290287,5.618336873198735
1773767968.4138358,1773767968413843163,Sr02_gA+B_eps15_IMG1_LID1_STA1_CFC64_OH1,0317_1818,B,0.49922531843185425,0.002144787460565567,0.5,0.0,-11.921859346975793,22.623346825964923,1.478846786109618,5.57533841095294
1773767968.5383854,1773767968538393428,Sr02_gA+B_eps15_IMG1_LID1_STA1_CFC64_OH1,0317_1818,B,0.5003798007965088,0.0013771308586001396,0.5,0.0,-11.914974816333354,22.698030174331485,1.478898751559998,5.511064031914892
1773767968.660863,1773767968660870897,Sr02_gA+B_eps15_IMG1_LID1_STA1_CFC64_OH1,0317_1818,B,0.5005737543106079,0.0013169962912797928,0.5,0.0,-11.910385095134306,22.747819070099403,1.4788462326997625,5.468366192220019
1773767968.7810972,1773767968781104028,Sr02_gA+B_eps15_IMG1_LID1_STA1_CFC64_OH1,0317_1818,B,0.5005152225494385,0.0006127553060650826,0.5,0.0,-11.90579456063014,22.79760789089129,1.4788660824160313,5.425792678846424
1773767968.9012527,1773767968901259535,Sr02_gA+B_eps15_IMG1_LID1_STA1_CFC64_OH1,0317_1818,B,0.49976205825805664,0.0010203979909420013,0.5,0.0,-11.898912352780272,22.87229145332365,1.4789541308036986,5.362174734622481
1773767969.0187182,1773767969018724591,Sr02_gA+B_eps15_IMG1_LID1_STA1_CFC64_OH1,0317_1818,B,0.49977752566337585,0.001510096713900566,0.5,0.0,-11.894331714488267,22.922081185447947,1.4791705044272483,5.319931583168541
1773767969.13663,1773767969136637464,Sr02_gA+B_eps15_IMG1_LID1_STA1_CFC64_OH1,0317_1818,B,0.49971458315849304,0.0013680867850780487,0.5,0.0,-11.887481535845222,22.996767692198958,1.4794940558477718,5.2568334163524115
1773767969.2587366,1773767969258743640,Sr02_gA+B_eps15_IMG1_LID1_STA1_CFC64_OH1,0317_1818,B,0.49938488006591797,0.00017751287668943405,0.5,0.0,-11.882926191010343,23.04655974490302,1.4796317692957834,5.2149493706773775
1773767969.3711338,1773767969371140529,Sr02_gA+B_eps15_IMG1_LID1_STA1_CFC64_OH1,0317_1818,B,0.49924275279045105,0.0016255080699920654,0.5,0.0,-11.878377629869133,23.096352417766155,1.4797652727895771,5.173213244460575
1773767969.487471,1773767969487477906,Sr02_gA+B_eps15_IMG1_LID1_STA1_CFC64_OH1,0317_1818,B,0.49919289350509644,0.0013303272426128387,0.5,0.0,-11.871564579328938,23.171042320859318,1.4798783136690694,5.110892683273586
1773767969.613544,1773767969613551000,Sr02_gA+B_eps15_IMG1_LID1_STA1_CFC64_OH1,0317_1818,B,0.4992920160293579,0.002196124754846096,0.5,0.0,-11.867027286791474,23.220836021839506,1.4799762765691438,5.069539139970901
1773767969.7286768,1773767969728684527,Sr02_gA+B_eps15_IMG1_LID1_STA1_CFC64_OH1,0317_1818,B,0.4995165765285492,0.0010027997195720673,0.5,0.0,-11.86249605260061,23.270630274470246,1.4801223886396004,5.028346147331833
1773767969.8461115,1773767969846118906,Sr02_gA+B_eps15_IMG1_LID1_STA1_CFC64_OH1,0317_1818,B,0.49992501735687256,-0.037534989416599274,0.5,0.0,-11.855712928461124,23.345322901233832,1.4803347019151885,4.96686779619504
1773767969.965402,1773767969965408544,Sr02_gA+B_eps15_IMG1_LID1_STA1_CFC64_OH1,0317_1818,B,0.5035156011581421,-0.0654318705201149,0.5,0.0,-11.851197967710133,23.395118632094537,1.4803881712435505,4.926094511132331
1773767970.0857527,1773767970085759478,Sr02_gA+B_eps15_IMG1_LID1_STA1_CFC64_OH1,0317_1818,B,0.5002486109733582,0.001127275638282299,0.5,0.0,-11.84668592421947,23.44491462734346,1.4805072808921913,4.885494379632049
1773767970.2094631,1773767970209470927,Sr02_gA+B_eps15_IMG1_LID1_STA1_CFC64_OH1,0317_1818,B,0.5005151629447937,0.0006367433816194534,0.5,0.0,-11.83993149100217,23.5196098540926,1.4807156852882983,4.824933266555492
1773767970.3298764,1773767970329883887,Sr02_gA+B_eps15_IMG1_LID1_STA1_CFC64_OH1,0317_1818,B,0.500000536441803,0.0007356917485594749,0.5,0.0,-11.8354386065472,23.569407581575497,1.4809266387811328,4.784792515583234
1773767970.450013,1773767970450018707,Sr02_gA+B_eps15_IMG1_LID1_STA1_CFC64_OH1,0317_1818,B,0.5002387762069702,0.0004427768290042877,0.5,0.0,-11.82871573814172,23.64410016070121,1.4807589649931778,4.724948147308049
1773767970.5697508,1773767970569758619,Sr02_gA+B_eps15_IMG1_LID1_STA1_CFC64_OH1,0317_1818,B,0.49858152866363525,-0.016497410833835602,0.5,0.0,-11.824126504328747,23.693889071762925,1.4770054814799387,4.685225652409405
1773767970.6927788,1773767970692784776,Sr02_gA+B_eps15_IMG1_LID1_STA1_CFC64_OH1,0317_1818,B,0.4974442422389984,-0.03686213493347168,0.5,0.0,-11.81679866638168,23.768512949465464,1.469067663021522,4.625753761337004
1773767970.8104913,1773767970810498688,Sr02_gA+B_eps15_IMG1_LID1_STA1_CFC64_OH1,0317_1818,B,0.4997220039367676,-0.03208017721772194,0.5,0.0,-11.811723805216529,23.818254737170122,1.4691803811554018,4.5862326154325235
1773767970.9287724,1773767970928780082,Sr02_gA+B_eps15_IMG1_LID1_STA1_CFC64_OH1,0317_1818,B,0.4987286329269409,-0.010903693735599518,0.5,0.0,-11.80665356309017,23.867996996134313,1.4692489610793174,4.546920666145048
1773767971.052358,1773767971052365255,Sr02_gA+B_eps15_IMG1_LID1_STA1_CFC64_OH1,0317_1818,B,0.5009598731994629,-0.0005269059911370277,0.5,0.0,-11.799054447409674,23.94261102110467,1.4693524276745347,4.488355478057392
1773767971.171246,1773767971171252423,Sr02_gA+B_eps15_IMG1_LID1_STA1_CFC64_OH1,0317_1818,B,0.500952959060669,-0.0029607294127345085,0.5,0.0,-11.793992049098627,23.992354078971104,1.469396705347412,4.44958844581233
1773767971.29092,1773767971290928767,Sr02_gA+B_eps15_IMG1_LID1_STA1_CFC64_OH1,0317_1818,B,0.49940627813339233,-0.001060753595083952,0.5,0.0,-11.786341914635175,24.06696287462686,1.467430315531044,4.3918271197270435
1773767971.4105282,1773767971410535451,Sr02_gA+B_eps15_IMG1_LID1_STA1_CFC64_OH1,0317_1818,B,0.5005125999450684,-0.00023495499044656754,0.5,0.0,-11.781100781823504,24.1166873903376,1.4639477705576909,4.353519950645118
1773767971.5275686,1773767971527576626,Sr02_gA+B_eps15_IMG1_LID1_STA1_CFC64_OH1,0317_1818,B,0.5014113187789917,0.0028438586741685867,0.5,0.0,-11.775686522032693,24.16639335890736,1.4606919349249512,4.315338903999085
1773767971.6501107,1773767971650117106,Sr02_gA+B_eps15_IMG1_LID1_STA1_CFC64_OH1,0317_1818,B,0.5024771690368652,0.004255269654095173,0.5,0.0,-11.76732994952376,24.240926335643465,1.4583130713596326,4.258371014248665
1773767971.776847,1773767971776854475,Sr02_gA+B_eps15_IMG1_LID1_STA1_CFC64_OH1,0317_1818,B,0.49630847573280334,0.0037200553342700005,0.5,0.0,-11.761716330508536,24.290610205903537,1.4582603786359922,4.220677365308081
1773767971.898147,1773767971898153914,Sr02_gA+B_eps15_IMG1_LID1_STA1_CFC64_OH1,0317_1818,B,0.5021290183067322,0.015580982901155949,0.5,0.0,-11.75328228741574,24.365134471250336,1.4578892863960442,4.164613630896466
1773767972.0163536,1773767972016361080,Sr02_gA+B_eps15_IMG1_LID1_STA1_CFC64_OH1,0317_1818,B,0.4958358108997345,0.004544943571090698,0.5,0.0,-11.747645390824566,24.414815705909383,1.4577642100290649,4.127562228626481
1773767972.1349754,1773767972134983124,Sr02_gA+B_eps15_IMG1_LID1_STA1_CFC64_OH1,0317_1818,B,0.4949935972690582,0.00778124388307333,0.5,0.0,-11.742004838642515,24.46449652568908,1.4577324559639941,4.090783876374306
1773767972.2540069,1773767972254015234,Sr02_gA+B_eps15_IMG1_LID1_STA1_CFC64_OH1,0317_1818,B,0.5037345290184021,0.02016141638159752,0.5,0.0,-11.733551079918174,24.5390185572649,1.4580499926737398,4.0361542953685765
1773767972.3766456,1773767972376653988,Sr02_gA+B_eps15_IMG1_LID1_STA1_CFC64_OH1,0317_1818,B,0.5019965767860413,-0.005926957353949547,0.5,0.0,-11.727936270095771,24.588702292590895,1.4584755186424865,4.000116066220312
1773767972.494256,1773767972494263288,Sr02_gA+B_eps15_IMG1_LID1_STA1_CFC64_OH1,0317_1818,B,0.5017580389976501,-0.004727092105895281,0.5,0.0,-11.71955145026925,24.66323211169167,1.4590442307084242,3.9466560271173163
1773767972.6143045,1773767972614312480,Sr02_gA+B_eps15_IMG1_LID1_STA1_CFC64_OH1,0317_1818,B,0.5028308033943176,0.002300429157912731,0.5,0.0,-11.714008580755609,24.712923919823318,1.460483708292579,3.9114427543534593
1773767972.7331877,1773767972733195942,Sr02_gA+B_eps15_IMG1_LID1_STA1_CFC64_OH1,0317_1818,B,0.49954771995544434,-0.00036545470356941223,0.5,0.0,-11.708520634099628,24.76262182797318,1.4610485705637373,3.8765943127917053
1773767972.8572652,1773767972857273237,Sr02_gA+B_eps15_IMG1_LID1_STA1_CFC64_OH1,0317_1818,B,0.5003974437713623,0.0036095818504691124,0.5,0.0,-11.700341517461549,24.837174499011724,1.4622100956467934,3.824990695381123
1773767972.982977,1773767972982984016,Sr02_gA+B_eps15_IMG1_LID1_STA1_CFC64_OH1,0317_1818,B,0.5015963912010193,0.001710137352347374,0.5,0.0,-11.694972979562808,24.88688543982886,1.4642262313498975,3.7910848698482633
1773767973.101099,1773767973101105404,Sr02_gA+B_eps15_IMG1_LID1_STA1_CFC64_OH1,0317_1818,B,0.5014615058898926,0.006295583210885525,0.5,0.0,-11.68699851144479,24.96146028056644,1.4638589757850797,3.740961997918861
1773767973.217229,1773767973217235889,Sr02_gA+B_eps15_IMG1_LID1_STA1_CFC64_OH1,0317_1818,B,0.4980616569519043,0.0014453008770942688,0.5,0.0,-11.681649512472568,25.011173335650433,1.4633742677966466,3.7079883116825143
1773767973.336997,1773767973337005339,Sr02_gA+B_eps15_IMG1_LID1_STA1_CFC64_OH1,0317_1818,B,0.5005303621292114,-0.012075740844011307,0.5,0.0,-11.676291132763286,25.060885380875778,1.4635340298610646,3.675391834970262
1773767973.4529696,1773767973452976776,Sr02_gA+B_eps15_IMG1_LID1_STA1_CFC64_OH1,0317_1818,B,0.5016801357269287,-0.005636376328766346,0.5,0.0,-11.66826672576621,25.135454866436145,1.4635858489651545,3.6272504729009887
1773767973.5808082,1773767973580816629,Sr02_gA+B_eps15_IMG1_LID1_STA1_CFC64_OH1,0317_1818,B,0.499769926071167,0.0014306530356407166,0.5,0.0,-11.66292188045712,25.18516836852434,1.4638673029171705,3.595671012821301
1773767973.7006004,1773767973700608150,Sr02_gA+B_eps15_IMG1_LID1_STA1_CFC64_OH1,0317_1818,B,0.5000093579292297,0.001959657296538353,0.5,0.0,-11.654929686838093,25.259741313305774,1.4641618133816496,3.5491157106111446
1773767973.820214,1773767973820222379,Sr02_gA+B_eps15_IMG1_LID1_STA1_CFC64_OH1,0317_1818,B,0.4996614456176758,0.001985069364309311,0.5,0.0,-11.64962370992366,25.30945897826977,1.4647913671642647,3.518642541729847
1773767973.9431014,1773767973943108949,Sr02_gA+B_eps15_IMG1_LID1_STA1_CFC64_OH1,0317_1818,B,0.5017194747924805,0.006507714278995991,0.5,0.0,-11.644336976379003,25.359178693946667,1.4649359007270293,3.488635377054765
1773767974.0636742,1773767974063682142,Sr02_gA+B_eps15_IMG1_LID1_STA1_CFC64_OH1,0317_1818,B,0.4975634515285492,0.0048094093799591064,0.5,0.0,-11.6363798398373,25.433755380869304,1.4637297836779128,3.444473345763976
1773767974.1881926,1773767974188200003,Sr02_gA+B_eps15_IMG1_LID1_STA1_CFC64_OH1,0317_1818,B,0.49984487891197205,0.0009312266483902931,0.5,0.0,-11.631022724900358,25.48346756183529,1.463166145595066,3.4155865608822755
1773767974.304598,1773767974304611735,Sr02_gA+B_eps15_IMG1_LID1_STA1_CFC64_OH1,0317_1818,B,0.49979275465011597,0.0006396472454071045,0.5,0.0,-11.622964201948637,25.55803336820146,1.4632393974355953,3.3731632431077725
1773767974.42636,1773767974426367010,Sr02_gA+B_eps15_IMG1_LID1_STA1_CFC64_OH1,0317_1818,B,0.5014868378639221,0.009796966798603535,0.5,0.0,-11.617601589595317,25.60774495702897,1.4634353624399172,3.3455245071278523
1773767974.5458758,1773767974545883538,Sr02_gA+B_eps15_IMG1_LID1_STA1_CFC64_OH1,0317_1818,B,0.5015842318534851,0.009851482696831226,0.5,0.0,-11.609576191638222,25.68231433566549,1.463778346216109,3.3050672417074307
1773767974.6688066,1773767974668814221,Sr02_gA+B_eps15_IMG1_LID1_STA1_CFC64_OH1,0317_1818,B,0.4998232126235962,-0.002144793514162302,0.5,0.0,-11.604251677454613,25.73203001873929,1.464429115616097,3.2787936834886535
1773767974.7855875,1773767974785593299,Sr02_gA+B_eps15_IMG1_LID1_STA1_CFC64_OH1,0317_1818,B,0.49984976649284363,-0.002308117225766182,0.5,0.0,-11.598956815880708,25.78174886900743,1.4649440231093915,3.2531021558826216
1773767974.9009018,1773767974900910113,Sr02_gA+B_eps15_IMG1_LID1_STA1_CFC64_OH1,0317_1818,B,0.49897435307502747,0.0009696111083030701,0.5,0.0,-11.591049971526862,25.85633091143376,1.4652776186652392,3.2156689567652057
1773767975.0303566,1773767975030364837,Sr02_gA+B_eps15_IMG1_LID1_STA1_CFC64_OH1,0317_1818,B,0.49907922744750977,-0.0009507676586508751,0.5,0.0,-11.585785411791514,25.906052979904022,1.4653415835082912,3.191454720908765
1773767975.1523325,1773767975152340124,Sr02_gA+B_eps15_IMG1_LID1_STA1_CFC64_OH1,0317_1818,B,0.4989948868751526,-0.0017901905812323093,0.5,0.0,-11.577927325271823,25.980640169977978,1.4665374902578177,3.1563050091186047
1773767975.2743373,1773767975274345778,Sr02_gA+B_eps15_IMG1_LID1_STA1_CFC64_OH1,0317_1818,B,0.4994083046913147,-0.005272665061056614,0.5,0.0,-11.572748318443878,26.03037122032938,1.4675226369129661,3.1337038998663367
1773767975.3976126,1773767975397618803,Sr02_gA+B_eps15_IMG1_LID1_STA1_CFC64_OH1,0317_1818,B,0.4991474747657776,0.003002552315592766,0.5,0.0,-11.5675992142858,26.080105377631753,1.467548092223382,3.111769214786885
1773767975.5171678,1773767975517176158,Sr02_gA+B_eps15_IMG1_LID1_STA1_CFC64_OH1,0317_1818,B,0.5032392144203186,0.0044844504445791245,0.5,0.0,-11.559856661529961,26.15470465448989,1.467205141799978,3.0800791066258153
1773767975.6426318,1773767975642640230,Sr02_gA+B_eps15_IMG1_LID1_STA1_CFC64_OH1,0317_1818,B,0.5010569095611572,0.004743337631225586,0.5,0.0,-11.554688772319178,26.204436863391063,1.4673021002441218,3.0597857495707204
1773767975.7653198,1773767975765327007,Sr02_gA+B_eps15_IMG1_LID1_STA1_CFC64_OH1,0317_1818,B,0.5002461075782776,0.010287889279425144,0.5,0.0,-11.546939020162856,26.279035393006893,1.467200310228386,3.030639845156402
1773767975.8869805,1773767975886986374,Sr02_gA+B_eps15_IMG1_LID1_STA1_CFC64_OH1,0317_1818,B,0.4987580180168152,0.00011419318616390228,0.5,0.0,-11.541764028300479,26.328766863280226,1.4670212915128418,3.012082225194809
1773767976.00461,1773767976004617397,Sr02_gA+B_eps15_IMG1_LID1_STA1_CFC64_OH1,0317_1818,B,0.5000952482223511,0.012670627795159817,0.5,0.0,-11.533970214248468,26.40336080052514,1.4663000450877082,2.9855702664368478
1773767976.1228056,1773767976122812937,Sr02_gA+B_eps15_IMG1_LID1_STA1_CFC64_OH1,0317_1818,B,0.5013106465339661,0.022823166102170944,0.5,0.0,-11.528762369219933,26.453088841050704,1.4666002934959852,2.9688054770112977
1773767976.240151,1773767976240158817,Sr02_gA+B_eps15_IMG1_LID1_STA1_CFC64_OH1,0317_1818,B,0.4952886998653412,0.0036476561799645424,0.5,0.0,-11.523573140169066,26.50281882740684,1.467048736673013,2.952810035638735
1773767976.3604033,1773767976360411274,Sr02_gA+B_eps15_IMG1_LID1_STA1_CFC64_OH1,0317_1818,B,0.5008640289306641,0.0015540355816483498,0.5,0.0,-11.515832039523438,26.577418253764677,1.467752469352991,2.930294343670325
1773767976.480549,1773767976480555688,Sr02_gA+B_eps15_IMG1_LID1_STA1_CFC64_OH1,0317_1818,B,0.49993178248405457,0.001446656882762909,0.5,0.0,-11.510709579962052,26.627155160519912,1.4686703615041545,2.916296069788978
1773767976.6068423,1773767976606850484,Sr02_gA+B_eps15_IMG1_LID1_STA1_CFC64_OH1,0317_1818,B,0.4991908669471741,0.0006925389170646667,0.5,0.0,-11.50307824896929,26.701765897435475,1.4688909718278977,2.8968413729336873
1773767976.726866,1773767976726873682,Sr02_gA+B_eps15_IMG1_LID1_STA1_CFC64_OH1,0317_1818,B,0.499171644449234,2.4777837097644806e-05,0.5,0.0,-11.498023308874581,26.75150971041079,1.4701580229268634,2.8849139974432356
1773767976.8501728,1773767976850179969,Sr02_gA+B_eps15_IMG1_LID1_STA1_CFC64_OH1,0317_1818,B,0.5035588145256042,0.02636134624481201,0.5,0.0,-11.49304377638397,26.801261122899078,1.4721357523853853,2.873881211465094
1773767976.968998,1773767976969005166,Sr02_gA+B_eps15_IMG1_LID1_STA1_CFC64_OH1,0317_1818,B,0.5030416250228882,0.01902812346816063,0.5,0.0,-11.485715295483727,26.875902212485105,1.4732581789463568,2.859031276093093
1773767977.0876675,1773767977087675675,Sr02_gA+B_eps15_IMG1_LID1_STA1_CFC64_OH1,0317_1818,B,0.4996296465396881,0.002705669030547142,0.5,0.0,-11.480850974070927,26.925665030479273,1.4734345200241072,2.8502060791821573
1773767977.2039695,1773767977203977254,Sr02_gA+B_eps15_IMG1_LID1_STA1_CFC64_OH1,0317_1818,B,0.49993112683296204,-0.0014537200331687927,0.5,0.0,-11.473568546543992,27.000310629907077,1.4736525920689736,2.8385826272912706
1773767977.3237915,1773767977323798014,Sr02_gA+B_eps15_IMG1_LID1_STA1_CFC64_OH1,0317_1818,B,0.5001172423362732,0.00023191794753074646,0.5,0.0,-11.468720719191241,27.050075057483316,1.4737218464244561,2.8319179571034847
1773767977.4470832,1773767977447090887,Sr02_gA+B_eps15_IMG1_LID1_STA1_CFC64_OH1,0317_1818,B,0.4995172619819641,0.0001887427642941475,0.5,0.0,-11.463875524085227,27.09983974141984,1.473744357514678,2.8261249373227497
1773767977.5722528,1773767977572262434,Sr02_gA+B_eps15_IMG1_LID1_STA1_CFC64_OH1,0317_1818,B,0.49995550513267517,-0.0008990494534373283,0.5,0.0,-11.456702560774415,27.174495899097767,1.4769084370713137,2.819171307785842
1773767977.6947868,1773767977694792922,Sr02_gA+B_eps15_IMG1_LID1_STA1_CFC64_OH1,0317_1818,B,0.4994484484195709,0.0005758991464972496,0.5,0.0,-11.452065892372032,27.224280437037134,1.4788845840251037,2.815781791538447
1773767977.8217993,1773767977821806483,Sr02_gA+B_eps15_IMG1_LID1_STA1_CFC64_OH1,0317_1818,B,0.49945366382598877,0.0005005095154047012,0.5,0.0,-11.445209153868296,27.298966341538286,1.4794536704833352,2.8124557322590777
1773767977.9457614,1773767977945768258,Sr02_gA+B_eps15_IMG1_LID1_STA1_CFC64_OH1,0317_1818,B,0.49977055191993713,0.0011808425188064575,0.5,0.0,-11.440644750674597,27.348757564680653,1.479308301900572,2.8113547421450242
1773767978.0629241,1773767978062931328,Sr02_gA+B_eps15_IMG1_LID1_STA1_CFC64_OH1,0317_1818,B,0.4997135102748871,0.0005307840183377266,0.5,0.0,-11.433790612815653,27.423443708512487,1.4792916557174867,2.811362714957814
1773767978.1784816,1773767978178489107,Sr02_gA+B_eps15_IMG1_LID1_STA1_CFC64_OH1,0317_1818,B,0.49971553683280945,-0.0007672347128391266,0.5,0.0,-11.429222231579589,27.473234566869426,1.4793105299656049,2.8124804167232185
1773767978.3008492,1773767978300855689,Sr02_gA+B_eps15_IMG1_LID1_STA1_CFC64_OH1,0317_1818,B,0.4997447431087494,-0.001134422142058611,0.5,0.0,-11.424652596583257,27.523025310159987,1.4792315039040465,2.814484818696351
1773767978.420326,1773767978420334621,Sr02_gA+B_eps15_IMG1_LID1_STA1_CFC64_OH1,0317_1818,B,0.4991552233695984,-0.0007669730111956596,0.5,0.0,-11.417794234412456,27.597711066187525,1.4792588896586227,2.8191480575343144
1773767978.543329,1773767978543337333,Sr02_gA+B_eps15_IMG1_LID1_STA1_CFC64_OH1,0317_1818,B,0.4993184208869934,0.00010886136442422867,0.5,0.0,-11.413225093604058,27.647501854840467,1.4793112022712152,2.8233627572510667
1773767978.6660042,1773767978666011029,Sr02_gA+B_eps15_IMG1_LID1_STA1_CFC64_OH1,0317_1818,B,0.4990044832229614,0.00019751954823732376,0.5,0.0,-11.406378519322423,27.722188692330747,1.4794679178820183,2.831336218889802
1773767978.7862275,1773767978786233732,Sr02_gA+B_eps15_IMG1_LID1_STA1_CFC64_OH1,0317_1818,B,0.4991130232810974,4.6933069825172424e-05,0.5,0.0,-11.40182007345306,27.77198046126485,1.479527497268818,2.837746756160136
1773767978.902632,1773767978902638865,Sr02_gA+B_eps15_IMG1_LID1_STA1_CFC64_OH1,0317_1818,B,0.4993681013584137,0.000188375823199749,0.5,0.0,-11.394981041434805,27.84666798982058,1.4794217217439054,2.848979950131328
1773767979.024184,1773767979024192197,Sr02_gA+B_eps15_IMG1_LID1_STA1_CFC64_OH1,0317_1818,B,0.4984363913536072,-0.00018355902284383774,0.5,0.0,-11.390415851389953,27.896459140843913,1.4793119540758957,2.8575322477350977
1773767979.1494813,1773767979149488579,Sr02_gA+B_eps15_IMG1_LID1_STA1_CFC64_OH1,0317_1818,B,0.4983903467655182,-0.0002361861988902092,0.5,0.0,-11.385846101534286,27.94624987359666,1.4792352568219311,2.8669266807516984
1773767979.2638679,1773767979263875209,Sr02_gA+B_eps15_IMG1_LID1_STA1_CFC64_OH1,0317_1818,B,0.49896949529647827,-0.0015833955258131027,0.5,0.0,-11.37898745625715,28.020935603638694,1.4792253103413948,2.882583556639658
1773767979.382691,1773767979382699427,Sr02_gA+B_eps15_IMG1_LID1_STA1_CFC64_OH1,0317_1818,B,0.4994235932826996,-0.0008117537945508957,0.5,0.0,-11.374415751549073,28.07072615694951,1.4792441756156944,2.8940551080431187
1773767979.5050616,1773767979505069547,Sr02_gA+B_eps15_IMG1_LID1_STA1_CFC64_OH1,0317_1818,B,0.499846875667572,0.0007976721972227097,0.5,0.0,-11.369844724437606,28.12051677247224,1.4792503748925532,2.9063423406114293
1773767979.6269612,1773767979626968356,Sr02_gA+B_eps15_IMG1_LID1_STA1_CFC64_OH1,0317_1818,B,0.49985048174858093,0.0008044755086302757,0.5,0.0,-11.362989053616488,28.195202775606315,1.4792729734107166,2.9262795422526082
1773767979.7495065,1773767979749514414,Sr02_gA+B_eps15_IMG1_LID1_STA1_CFC64_OH1,0317_1818,B,0.5000209212303162,-0.007681272923946381,0.5,0.0,-11.358419148665444,28.244993494136207,1.4792620565078016,2.94055932195025
1773767979.8698866,1773767979869893210,Sr02_gA+B_eps15_IMG1_LID1_STA1_CFC64_OH1,0317_1818,B,0.49935466051101685,0.0003164280205965042,0.5,0.0,-11.351562411727729,28.319679399398137,1.479227681217974,2.963430320229402
1773767979.9929907,1773767979992997904,Sr02_gA+B_eps15_IMG1_LID1_STA1_CFC64_OH1,0317_1818,B,0.49973541498184204,-0.0006742766126990318,0.5,0.0,-11.346987070676734,28.369469618641066,1.4790828150264865,2.979625099773977
1773767980.1097126,1773767980109720182,Sr02_gA+B_eps15_IMG1_LID1_STA1_CFC64_OH1,0317_1818,B,0.4997372031211853,-0.0006669852882623672,0.5,0.0,-11.340113132666712,28.444153942673807,1.4789694285061998,3.0053034369386786
1773767980.2235618,1773767980223569127,Sr02_gA+B_eps15_IMG1_LID1_STA1_CFC64_OH1,0317_1818,B,0.49928465485572815,0.0018081041052937508,0.5,0.0,-11.335530223595002,28.493943465930585,1.4790491952525793,3.023334663435889
1773767980.345457,1773767980345464100,Sr02_gA+B_eps15_IMG1_LID1_STA1_CFC64_OH1,0317_1818,B,0.5006407499313354,-0.0004666391760110855,0.5,0.0,-11.330951296941024,28.54373335559072,1.4791295066006693,3.0420845997519237
1773767980.4639575,1773767980463964313,Sr02_gA+B_eps15_IMG1_LID1_STA1_CFC64_OH1,0317_1818,B,0.5006434917449951,-0.00047320127487182617,0.5,0.0,-11.324054715850972,28.618415588376397,1.478147038730933,3.0714953761164434
1773767980.5829968,1773767980583003865,Sr02_gA+B_eps15_IMG1_LID1_STA1_CFC64_OH1,0317_1818,B,0.5010824799537659,-0.0007117036730051041,0.5,0.0,-11.319425881153865,28.668200863027106,1.4780986984828053,3.0919295267217852
1773767980.69806,1773767980698068093,Sr02_gA+B_eps15_IMG1_LID1_STA1_CFC64_OH1,0317_1818,B,0.5014190077781677,0.00027256179600954056,0.5,0.0,-11.314797534874897,28.717986183086193,1.4780708998100278,3.113033136587971
1773767980.8191268,1773767980819134075,Sr02_gA+B_eps15_IMG1_LID1_STA1_CFC64_OH1,0317_1818,B,0.4937589168548584,-0.20504233241081238,0.5,-0.5,-11.307849335145718,28.79266363485473,1.4779705605226805,3.145908276620614
1773767980.9367454,1773767980936752991,Sr02_gA+B_eps15_IMG1_LID1_STA1_CFC64_OH1,0317_1818,B,0.4937518537044525,-0.20458264648914337,0.5,-0.5,-11.303216992374693,28.842448583165456,1.4781018670366917,3.168621690374163
1773767981.0562787,1773767981056288391,Sr02_gA+B_eps15_IMG1_LID1_STA1_CFC64_OH1,0317_1818,B,0.5018177032470703,-0.011688058264553547,0.5,0.0,-11.298589780907191,28.892234008710613,1.4781006997271298,3.191961299342364
1773767981.1803653,1773767981180372608,Sr02_gA+B_eps15_IMG1_LID1_STA1_CFC64_OH1,0317_1818,B,0.5014612078666687,-0.09706734120845795,0.5,0.0,-11.291644931205482,28.966911772114905,1.478030047761456,3.2281030705867737
1773767981.2994576,1773767981299463818,Sr02_gA+B_eps15_IMG1_LID1_STA1_CFC64_OH1,0317_1818,B,0.5014539361000061,-0.09689073264598846,0.5,0.0,-11.28701149565753,29.0166966187749,1.477958877693082,3.2529321834742917
1773767981.4189134,1773767981418920341,Sr02_gA+B_eps15_IMG1_LID1_STA1_CFC64_OH1,0317_1818,B,0.5001711845397949,-0.04936499148607254,0.5,0.0,-11.28005778418949,29.09136213032159,1.4775843231867793,3.291239184486514
1773767981.536162,1773767981536169055,Sr02_gA+B_eps15_IMG1_LID1_STA1_CFC64_OH1,0317_1818,B,0.49736350774765015,-0.00017906352877616882,0.5,0.0,-11.275107941032944,29.1408382280499,1.4618759840077966,3.3170410244276134
1773767981.6587434,1773767981658749981,Sr02_gA+B_eps15_IMG1_LID1_STA1_CFC64_OH1,0317_1818,B,0.49527132511138916,-0.14501890540122986,0.5,0.0,-11.269164247392888,29.190482814232947,1.4414085589625194,3.3427047789998885
1773767981.7832048,1773767981783212506,Sr02_gA+B_eps15_IMG1_LID1_STA1_CFC64_OH1,0317_1818,B,0.4952596127986908,-0.15202684700489044,0.5,-0.5,-11.258667982006775,29.264560335528106,1.4254465458751722,3.380749899690878
1773767981.9000583,1773767981900065140,Sr02_gA+B_eps15_IMG1_LID1_STA1_CFC64_OH1,0317_1818,B,0.500918447971344,-0.09689375758171082,0.5,0.0,-11.251223498493314,29.313966441879973,1.4164509824009184,3.406460782572923
1773767982.0265646,1773767982026571788,Sr02_gA+B_eps15_IMG1_LID1_STA1_CFC64_OH1,0317_1818,B,0.5059449076652527,-0.18310847878456116,0.5,-0.5,-11.239157814258308,29.38797748779358,1.4023146088271436,3.4452827622846365
1773767982.1493988,1773767982149406480,Sr02_gA+B_eps15_IMG1_LID1_STA1_CFC64_OH1,0317_1818,B,0.505940854549408,-0.18468858301639557,0.5,-0.5,-11.230651895749604,29.43724861447086,1.397378103684939,3.471431364558818
1773767982.2740648,1773767982274074510,Sr02_gA+B_eps15_IMG1_LID1_STA1_CFC64_OH1,0317_1818,B,0.4997401535511017,-0.4639165699481964,0.5,-0.5,-11.21763749263725,29.511099494092274,1.3962659444316505,3.5113985761476587
1773767982.3970842,1773767982397091393,Sr02_gA+B_eps15_IMG1_LID1_STA1_CFC64_OH1,0317_1818,B,0.4924270808696747,-0.5017256736755371,0.5,-0.5,-11.208737777150942,29.56016780276497,1.3845889040927875,3.5383993563740073
1773767982.51965,1773767982519656200,Sr02_gA+B_eps15_IMG1_LID1_STA1_CFC64_OH1,0317_1818,B,0.485675185918808,-0.4694675803184509,0.5,-0.5,-11.1940170476975,29.633695648970956,1.362205421339632,3.57878968432536
1773767982.6486344,1773767982648641354,Sr02_gA+B_eps15_IMG1_LID1_STA1_CFC64_OH1,0317_1818,B,0.48540404438972473,-0.4744265079498291,0.5,-0.5,-11.183426150440047,29.682560902305877,1.3525160424159917,3.6056743317359903
1773767982.7724996,1773767982772507976,Sr02_gA+B_eps15_IMG1_LID1_STA1_CFC64_OH1,0317_1818,B,0.49729710817337036,-0.015469670295715332,0.5,0.0,-11.16635870543314,29.75554035252086,1.3275688723304828,3.6458665590736494
1773767982.8881793,1773767982888186294,Sr02_gA+B_eps15_IMG1_LID1_STA1_CFC64_OH1,0317_1818,B,0.4965548813343048,-0.09839038550853729,0.5,0.0,-11.153869456658366,29.803954681739064,1.3091000442622718,3.672331664914251
1773767983.0091221,1773767983009130090,Sr02_gA+B_eps15_IMG1_LID1_STA1_CFC64_OH1,0317_1818,B,0.48931658267974854,-0.28938034176826477,0.5,-0.5,-11.140410684847586,29.85149389929969,1.2765966417821204,3.6979828647899677
1773767983.1321015,1773767983132108481,Sr02_gA+B_eps15_IMG1_LID1_STA1_CFC64_OH1,0317_1818,B,0.48834526538848877,-0.3262992203235626,0.5,-0.5,-11.11609814594865,29.922358711676164,1.203516199488316,3.73428408459008
1773767983.2542334,1773767983254240490,Sr02_gA+B_eps15_IMG1_LID1_STA1_CFC64_OH1,0317_1818,B,0.4948696792125702,-0.4986434280872345,0.5,-0.5,-11.09705563539596,29.96858557952839,1.156569479832968,3.756495791250297
1773767983.3682778,1773767983368284252,Sr02_gA+B_eps15_IMG1_LID1_STA1_CFC64_OH1,0317_1818,B,0.5117470622062683,-0.5099666118621826,0.5,-0.5,-11.064459260801838,30.0361141236455,1.0855047554168473,3.78683031134312
1773767983.4869661,1773767983486973452,Sr02_gA+B_eps15_IMG1_LID1_STA1_CFC64_OH1,0317_1818,B,0.5073074102401733,-0.16351954638957977,0.5,-0.5,-11.040758682432001,30.079401300612975,1.0588920052066435,3.8051527922880704
1773767983.6068397,1773767983606849412,Sr02_gA+B_eps15_IMG1_LID1_STA1_CFC64_OH1,0317_1818,B,0.5074777007102966,-0.16572962701320648,0.5,-0.5,-11.016271255294651,30.122543379904595,1.0498428743043804,3.8234213100387526
1773767983.7300632,1773767983730069255,Sr02_gA+B_eps15_IMG1_LID1_STA1_CFC64_OH1,0317_1818,B,0.49777260422706604,-0.4759453535079956,0.5,-0.5,-10.978269011395252,30.18686230721791,1.018224997090525,3.850774023734017
1773767983.8494146,1773767983849421666,Sr02_gA+B_eps15_IMG1_LID1_STA1_CFC64_OH1,0317_1818,B,0.5016036033630371,-0.048549678176641464,0.5,0.0,-10.951366324111813,30.229000014183104,0.986349314525175,3.8681709541768567
1773767983.969392,1773767983969398894,Sr02_gA+B_eps15_IMG1_LID1_STA1_CFC64_OH1,0317_1818,B,0.5015946626663208,-0.06024038791656494,0.5,0.0,-10.908197759366404,30.290036671796734,0.9191986658590273,3.8919194459754993
1773767984.0950015,1773767984095008217,Sr02_gA+B_eps15_IMG1_LID1_STA1_CFC64_OH1,0317_1818,B,0.4992996156215668,-0.49366405606269836,0.5,-0.5,-10.876893832799997,30.3290179876318,0.8691987165715469,3.9056175591167417
1773767984.2148337,1773767984214844333,Sr02_gA+B_eps15_IMG1_LID1_STA1_CFC64_OH1,0317_1818,B,0.5012944340705872,-0.4887913763523102,0.5,-0.5,-10.844347923477416,30.36624963240876,0.8402195412114505,3.9177602123502817
1773767984.3444192,1773767984344427217,Sr02_gA+B_eps15_IMG1_LID1_STA1_CFC64_OH1,0317_1818,B,0.5016364455223083,-0.4123348593711853,0.5,-0.5,-10.793614646274921,30.421484085590755,0.8154264278383272,3.9355070317367886
1773767984.4647238,1773767984464730938,Sr02_gA+B_eps15_IMG1_LID1_STA1_CFC64_OH1,0317_1818,B,0.49472686648368835,-0.39696168899536133,0.5,-0.5,-10.759249368026921,30.457113973532966,0.7873322619483202,3.946787477791058
1773767984.584877,1773767984584884317,Sr02_gA+B_eps15_IMG1_LID1_STA1_CFC64_OH1,0317_1818,B,0.48979294300079346,-0.5050082206726074,0.5,-0.5,-10.706581039460195,30.508087618919035,0.7604256981354153,3.9621143606511158
1773767984.7096968,1773767984709704805,Sr02_gA+B_eps15_IMG1_LID1_STA1_CFC64_OH1,0317_1818,B,0.5000897645950317,-0.28709927201271057,0.5,-0.5,-10.67025032931048,30.542439789456377,0.7544016776035357,3.9727448641021863
1773767984.8341842,1773767984834191318,Sr02_gA+B_eps15_IMG1_LID1_STA1_CFC64_OH1,0317_1818,B,0.4875883162021637,-0.4510432779788971,0.5,-0.5,-10.615681186637904,30.592683698602425,0.7251603979616198,3.98866091977279
1773767984.9541047,1773767984954113145,Sr02_gA+B_eps15_IMG1_LID1_STA1_CFC64_OH1,0317_1818,B,0.49614715576171875,-0.49191907048225403,0.5,-0.5,-10.578038791616232,30.624585451185293,0.6793729615953806,3.997993909995688
1773767985.0750234,1773767985075032497,Sr02_gA+B_eps15_IMG1_LID1_STA1_CFC64_OH1,0317_1818,B,0.4783135652542114,-0.4734296500682831,0.5,-0.5,-10.518238249256544,30.66983026063827,0.6167581891794967,4.009221750205515
1773767985.1922152,1773767985192222906,Sr02_gA+B_eps15_IMG1_LID1_STA1_CFC64_OH1,0317_1818,B,0.5089526772499084,-0.5154030323028564,0.5,-0.5,-10.476887150206144,30.697932893112508,0.5770620614598345,4.014955732102453
1773767985.3101215,1773767985310129154,Sr02_gA+B_eps15_IMG1_LID1_STA1_CFC64_OH1,0317_1818,B,0.509692907333374,-0.5070011019706726,0.5,-0.5,-10.434410011792076,30.724152829123582,0.5281633034839043,4.019115714655436
1773767985.427261,1773767985427267205,Sr02_gA+B_eps15_IMG1_LID1_STA1_CFC64_OH1,0317_1818,B,0.5135987401008606,-0.5046170949935913,0.5,-0.5,-10.368700858067587,30.759911794792913,0.4750671787516319,4.022426912227584
1773767985.5493307,1773767985549338613,Sr02_gA+B_eps15_IMG1_LID1_STA1_CFC64_OH1,0317_1818,B,0.5043883323669434,-0.10891158133745193,0.5,0.0,-10.324023331685604,30.781871669861886,0.4355444325545056,4.02333368122358
1773767985.6706338,1773767985670641363,Sr02_gA+B_eps15_IMG1_LID1_STA1_CFC64_OH1,0317_1818,B,0.49921756982803345,-0.48312950134277344,0.5,-0.5,-10.254937548620969,30.811004356880204,0.3621867301779841,4.021529923873038
1773767985.794423,1773767985794431004,Sr02_gA+B_eps15_IMG1_LID1_STA1_CFC64_OH1,0317_1818,B,0.4952865540981293,-0.4721292555332184,0.5,-0.5,-10.207779518337759,30.827607154275192,0.314843804863456,4.018078684543506
1773767985.9173398,1773767985917347241,Sr02_gA+B_eps15_IMG1_LID1_STA1_CFC64_OH1,0317_1818,B,0.4986197054386139,-0.1378069818019867,0.5,0.0,-10.159879666354458,30.841928285535186,0.26564098106986783,4.012854489510027
1773767986.0388448,1773767986038852290,Sr02_gA+B_eps15_IMG1_LID1_STA1_CFC64_OH1,0317_1818,B,0.5078182816505432,-0.11606774479150772,0.5,0.0,-10.086840154856711,30.858886841552525,0.19064105580773308,4.001528384319067
1773767986.1627493,1773767986162755133,Sr02_gA+B_eps15_IMG1_LID1_STA1_CFC64_OH1,0317_1818,B,0.5012092590332031,-0.042889583855867386,0.5,0.0,-10.037529653078735,30.86713021568198,0.14064110561643742,3.991657338902604
1773767986.285319,1773767986285325725,Sr02_gA+B_eps15_IMG1_LID1_STA1_CFC64_OH1,0317_1818,B,0.5008452534675598,-0.02791651338338852,0.5,0.0,-9.963797820075202,30.87574551418509,0.10178241200669695,3.9745259260003705
1773767986.4049752,1773767986404982388,Sr02_gA+B_eps15_IMG1_LID1_STA1_CFC64_OH1,0317_1818,B,0.5040379762649536,-0.1317845731973648,0.5,0.0,-9.914732974932368,30.88016651239086,0.0738646346995909,3.9626131394396458
1773767986.526505,1773767986526511943,Sr02_gA+B_eps15_IMG1_LID1_STA1_CFC64_OH1,0317_1818,B,0.5036371946334839,-0.051842521876096725,0.5,0.0,-9.84023788676419,30.883117613964988,0.006176804835865104,3.942051025412219
1773767986.6493237,1773767986649329888,Sr02_gA+B_eps15_IMG1_LID1_STA1_CFC64_OH1,0317_1818,B,0.5005252957344055,-0.01760910451412201,0.5,0.0,-9.790732169488955,30.882786425778672,-0.015601810487032205,3.9269180420087673
1773767986.7679007,1773767986767908033,Sr02_gA+B_eps15_IMG1_LID1_STA1_CFC64_OH1,0317_1818,B,0.5015774965286255,-0.0049776616506278515,0.5,0.0,-9.740744132514267,30.88170592981325,-0.027425976124702458,3.911498118044112
1773767986.8856707,1773767986885677807,Sr02_gA+B_eps15_IMG1_LID1_STA1_CFC64_OH1,0317_1818,B,0.49897459149360657,-0.00255909888073802,0.5,0.0,-9.665810887915109,30.879199952670582,-0.037006474795588246,3.888618074392931
1773767987.0116527,1773767987011660009,Sr02_gA+B_eps15_IMG1_LID1_STA1_CFC64_OH1,0317_1818,B,0.5023393034934998,0.002902491018176079,0.5,0.0,-9.615847771196057,30.87728031027047,-0.03979812475794673,3.8738529648930506
1773767987.1336324,1773767987133639707,Sr02_gA+B_eps15_IMG1_LID1_STA1_CFC64_OH1,0317_1818,B,0.5041638016700745,0.0006937291473150253,0.5,0.0,-9.540992001792086,30.873836302239585,-0.05520597338726307,3.852288030707559
1773767987.2553334,1773767987255340424,Sr02_gA+B_eps15_IMG1_LID1_STA1_CFC64_OH1,0317_1818,B,0.5009843707084656,0.008551818318665028,0.5,0.0,-9.491110992332757,30.870892084455914,-0.06166888330733884,3.8380299318228555
1773767987.379664,1773767987379671289,Sr02_gA+B_eps15_IMG1_LID1_STA1_CFC64_OH1,0317_1818,B,0.5023715496063232,-0.011365462094545364,0.5,0.0,-9.41626130516001,30.866146536014636,-0.0645262972279744,3.8174412886544538
1773767987.5070655,1773767987507074250,Sr02_gA+B_eps15_IMG1_LID1_STA1_CFC64_OH1,0317_1818,B,0.5005139112472534,-0.032119955867528915,0.5,0.0,-9.366366163844205,30.862910101870522,-0.06499988101720634,3.8044046042366455
1773767987.6284695,1773767987628476157,Sr02_gA+B_eps15_IMG1_LID1_STA1_CFC64_OH1,0317_1818,B,0.5021981596946716,-0.028030958026647568,0.5,0.0,-9.29152540639275,30.858025404938587,-0.06521990239679586,3.7859744396443644
1773767987.7505739,1773767987750580729,Sr02_gA+B_eps15_IMG1_LID1_STA1_CFC64_OH1,0317_1818,B,0.5055575370788574,-0.053143326193094254,0.5,0.0,-9.241631240544995,30.85477396221087,-0.06492965385989617,3.7744705844781623
1773767987.870506,1773767987870513699,Sr02_gA+B_eps15_IMG1_LID1_STA1_CFC64_OH1,0317_1818,B,0.4944015443325043,-0.1104205995798111,0.5,0.0,-9.191736422666349,30.851532538051078,-0.0648381917859345,3.7636056908805493
1773767987.9896603,1773767987989667192,Sr02_gA+B_eps15_IMG1_LID1_STA1_CFC64_OH1,0317_1818,B,0.49394211173057556,0.015939325094223022,0.5,0.0,-9.116892269534484,30.846700198632806,-0.06406891168288403,3.748529299769167
1773767988.1104827,1773767988110490317,Sr02_gA+B_eps15_IMG1_LID1_STA1_CFC64_OH1,0317_1818,B,0.49373897910118103,0.02184419333934784,0.5,0.0,-9.066996688151285,30.84347058997425,-0.06520545179016761,3.739272474116326
1773767988.232567,1773767988232574742,Sr02_gA+B_eps15_IMG1_LID1_STA1_CFC64_OH1,0317_1818,B,0.5084112882614136,-0.06641775369644165,0.5,0.0,-8.992166177357632,30.838432365770547,-0.06960833221209294,3.7264104574132477
1773767988.3588543,1773767988358862288,Sr02_gA+B_eps15_IMG1_LID1_STA1_CFC64_OH1,0317_1818,B,0.500555694103241,-0.2901906371116638,0.5,-0.5,-8.942292341942952,30.834882918860814,-0.0724523164704126,3.7184625979995576
1773767988.4808586,1773767988480864660,Sr02_gA+B_eps15_IMG1_LID1_STA1_CFC64_OH1,0317_1818,B,0.5091516971588135,-0.18408769369125366,0.5,-0.5,-8.867521679102097,30.82917383589877,-0.08053337706364162,3.707391613540531
1773767988.6051362,1773767988605142306,Sr02_gA+B_eps15_IMG1_LID1_STA1_CFC64_OH1,0317_1818,B,0.5084495544433594,-0.17619523406028748,0.5,-0.5,-8.81770695537966,30.824876447784284,-0.09157539504830674,3.700347611208848
1773767988.727168,1773767988727174834,Sr02_gA+B_eps15_IMG1_LID1_STA1_CFC64_OH1,0317_1818,B,0.5048195719718933,-0.26397576928138733,0.5,-0.5,-8.768006764466774,30.820178353656477,-0.09428012122607045,3.693570583369549
1773767988.8494673,1773767988849474852,Sr02_gA+B_eps15_IMG1_LID1_STA1_CFC64_OH1,0317_1818,B,0.5005375146865845,-0.011245503090322018,0.5,0.0,-8.693329180800209,30.813231924301864,-0.09112159934485117,3.684748854740855
1773767988.9694943,1773767988969501108,Sr02_gA+B_eps15_IMG1_LID1_STA1_CFC64_OH1,0317_1818,B,0.5005425214767456,-0.00982331670820713,0.5,0.0,-8.643582694504365,30.808592381215963,-0.09613110892263858,3.6796967692183036
1773767989.088943,1773767989088950496,Sr02_gA+B_eps15_IMG1_LID1_STA1_CFC64_OH1,0317_1818,B,0.5018012523651123,-0.02474997565150261,0.5,0.0,-8.569413609046311,30.800735411813193,-0.12170927668383189,3.6724740539847534
1773767989.204272,1773767989204280219,Sr02_gA+B_eps15_IMG1_LID1_STA1_CFC64_OH1,0317_1818,B,0.48797523975372314,-0.411538302898407,0.5,-0.5,-8.519874573438088,30.79420183860745,-0.1403408281477028,3.6672015992326163
1773767989.3293405,1773767989329347353,Sr02_gA+B_eps15_IMG1_LID1_STA1_CFC64_OH1,0317_1818,B,0.4943559169769287,-0.41947099566459656,0.5,-0.5,-8.470431395429127,30.786765002095297,-0.15811817770904354,3.6616966159241717
1773767989.4475389,1773767989447545922,Sr02_gA+B_eps15_IMG1_LID1_STA1_CFC64_OH1,0317_1818,B,0.49870210886001587,-0.4465615153312683,0.5,-0.5,-8.396625916752134,30.773816393302457,-0.1923435150853235,3.6528931954564565
1773767989.5646865,1773767989564693505,Sr02_gA+B_eps15_IMG1_LID1_STA1_CFC64_OH1,0317_1818,B,0.4994778335094452,-0.43541598320007324,0.5,-0.5,-8.347923816633141,30.763993630106285,-0.2016473322645121,3.6466411787505617
1773767989.6823673,1773767989682375407,Sr02_gA+B_eps15_IMG1_LID1_STA1_CFC64_OH1,0317_1818,B,0.5069152116775513,-0.4847264885902405,0.5,-0.5,-8.274455310460533,30.74891461111274,-0.2031777168865504,3.6382135488484093
1773767989.801799,1773767989801806030,Sr02_gA+B_eps15_IMG1_LID1_STA1_CFC64_OH1,0317_1818,B,0.5052740573883057,-0.48925113677978516,0.5,-0.5,-8.225493606263893,30.738778039901792,-0.2053541662915505,3.6333591202301507
1773767989.9210231,1773767989921030537,Sr02_gA+B_eps15_IMG1_LID1_STA1_CFC64_OH1,0317_1818,B,0.5167081356048584,-0.5065432190895081,0.5,-0.5,-8.176951240042646,30.72845645644685,-0.21772616489543914,3.6289503224010122
1773767990.038641,1773767990038649171,Sr02_gA+B_eps15_IMG1_LID1_STA1_CFC64_OH1,0317_1818,B,0.5041365623474121,-0.3877946138381958,0.5,-0.5,-8.10500174994423,30.71055858500748,-0.27390639384595916,3.6210853020151665
1773767990.1600637,1773767990160071580,Sr02_gA+B_eps15_IMG1_LID1_STA1_CFC64_OH1,0317_1818,B,0.4920026957988739,-0.09947249293327332,0.5,0.0,-8.057183601336494,30.695963762293335,-0.31856247688838185,3.6140248228177656
1773767990.2842696,1773767990284276633,Sr02_gA+B_eps15_IMG1_LID1_STA1_CFC64_OH1,0317_1818,B,0.4899277687072754,-0.08747778832912445,0.5,0.0,-7.986799770213806,30.670142976808965,-0.3847360182869677,3.6006018010919285
1773767990.40449,1773767990404496153,Sr02_gA+B_eps15_IMG1_LID1_STA1_CFC64_OH1,0317_1818,B,0.5011451840400696,-0.2180497646331787,0.5,-0.5,-7.940927766043354,30.65026159526718,-0.43320860139579587,3.589673770627233
1773767990.5265203,1773767990526527891,Sr02_gA+B_eps15_IMG1_LID1_STA1_CFC64_OH1,0317_1818,B,0.4855090379714966,-0.43606865406036377,0.5,-0.5,-7.896076237304915,30.628174443260043,-0.4820431691284062,3.5770412527886744
1773767990.6535244,1773767990653531809,Sr02_gA+B_eps15_IMG1_LID1_STA1_CFC64_OH1,0317_1818,B,0.4842621982097626,-0.3635607063770294,0.5,-0.5,-7.830980542354682,30.59095994528853,-0.5568281101291701,3.554852750241258
1773767990.7789948,1773767990779002439,Sr02_gA+B_eps15_IMG1_LID1_STA1_CFC64_OH1,0317_1818,B,0.4788740873336792,-0.40270698070526123,0.5,-0.5,-7.789085987299312,30.563719574684757,-0.5959257311234543,3.5381450986066993
1773767990.9052176,1773767990905224093,Sr02_gA+B_eps15_IMG1_LID1_STA1_CFC64_OH1,0317_1818,B,0.520302414894104,-0.48591482639312744,0.5,-0.5,-7.728248558338863,30.52054041002283,-0.6292861346740315,3.5115082822365657
1773767991.024266,1773767991024272953,Sr02_gA+B_eps15_IMG1_LID1_STA1_CFC64_OH1,0317_1818,B,0.4779439866542816,-0.442699670791626,0.5,-0.5,-7.687955398403205,30.490935596224315,-0.6380339019986905,3.4936625618943604
1773767991.1431959,1773767991143204214,Sr02_gA+B_eps15_IMG1_LID1_STA1_CFC64_OH1,0317_1818,B,0.5647383332252502,-0.6172378063201904,0.5,-0.5,-7.628355210143648,30.44561685926086,-0.6657026880250948,3.4669570818271334
1773767991.2625034,1773767991262510927,Sr02_gA+B_eps15_IMG1_LID1_STA1_CFC64_OH1,0317_1818,B,0.5567846298217773,-0.598162829875946,0.5,-0.5,-7.589839654261102,30.41436657817772,-0.7011669638712201,3.448582480474136
1773767991.38131,1773767991381320561,Sr02_gA+B_eps15_IMG1_LID1_STA1_CFC64_OH1,0317_1818,B,0.5490508675575256,-0.480143666267395,0.5,-0.5,-7.533884624678461,30.364443931933078,-0.756475501409038,3.4187124015358927
1773767991.5016444,1773767991501650527,Sr02_gA+B_eps15_IMG1_LID1_STA1_CFC64_OH1,0317_1818,B,0.4089272916316986,-0.20995910465717316,0.5,-0.5,-7.4982223877434295,30.329403003911132,-0.7967461436494149,3.3973643516589456
1773767991.6230612,1773767991623069210,Sr02_gA+B_eps15_IMG1_LID1_STA1_CFC64_OH1,0317_1818,B,0.36784958839416504,-0.3169965147972107,0.5,-0.5,-7.464112250744997,30.292910459807242,-0.8430871562651358,3.374720709935972
1773767991.748496,1773767991748503834,Sr02_gA+B_eps15_IMG1_LID1_STA1_CFC64_OH1,0317_1818,B,0.37848252058029175,-0.15821468830108643,0.5,-0.5,-7.416224868914716,30.235207562369038,-0.9116528116470118,3.337909045786495
1773767991.8715925,1773767991871599263,Sr02_gA+B_eps15_IMG1_LID1_STA1_CFC64_OH1,0317_1818,B,0.3641224503517151,-0.20331186056137085,0.5,-0.5,-7.386613878973879,30.194952208364587,-0.9615750795773683,3.3115544840889974
1773767991.9975789,1773767991997585989,Sr02_gA+B_eps15_IMG1_LID1_STA1_CFC64_OH1,0317_1818,B,0.4855077564716339,-0.013573067262768745,0.5,0.0,-7.3460406572650525,30.13189519680554,-1.0361778807014455,3.2690794902309595
1773767992.121321,1773767992121328569,Sr02_gA+B_eps15_IMG1_LID1_STA1_CFC64_OH1,0317_1818,B,0.48357710242271423,-0.005961231887340546,0.5,0.0,-7.3216074739687915,30.088277094007648,-1.0841922066231273,3.2389101251227643
1773767992.2394323,1773767992239439217,Sr02_gA+B_eps15_IMG1_LID1_STA1_CFC64_OH1,0317_1818,B,0.4783948063850403,-0.16697312891483307,0.5,-0.5,-7.288422049883463,30.02139805489617,-1.128492341751812,3.1918075968687165
1773767992.3597927,1773767992359799982,Sr02_gA+B_eps15_IMG1_LID1_STA1_CFC64_OH1,0317_1818,B,0.5483993887901306,-0.4170376658439636,0.5,-0.5,-7.267716067501031,29.975992305048965,-1.1585692753358552,3.1596421636551444
1773767992.485693,1773767992485700248,Sr02_gA+B_eps15_IMG1_LID1_STA1_CFC64_OH1,0317_1818,B,0.5017608404159546,-0.1862497180700302,0.5,-0.5,-7.248190862328901,29.930087121906485,-1.176896019902994,3.126969903798449
1773767992.6060772,1773767992606091580,Sr02_gA+B_eps15_IMG1_LID1_STA1_CFC64_OH1,0317_1818,B,0.5176180005073547,-0.11323776841163635,0.5,0.0,-7.2203799693247985,29.860449703917077,-1.205919348853035,3.0774546011817763
1773767992.7285693,1773767992728576488,Sr02_gA+B_eps15_IMG1_LID1_STA1_CFC64_OH1,0317_1818,B,0.4847452640533447,-0.07739739120006561,0.5,0.0,-7.202861755429925,29.81380513103362,-1.2135641595587066,3.044347274216498
1773767992.8465796,1773767992846587118,Sr02_gA+B_eps15_IMG1_LID1_STA1_CFC64_OH1,0317_1818,B,0.47928136587142944,-0.18740105628967285,0.5,-0.5,-7.1766892807030045,29.74351999631423,-1.214838940118053,2.9952252822308143
1773767992.971406,1773767992971413616,Sr02_gA+B_eps15_IMG1_LID1_STA1_CFC64_OH1,0317_1818,B,0.4942008852958679,0.005370658822357655,0.5,0.0,-7.159576402194568,29.696724376057606,-1.227868869713501,2.9629651847607024
1773767993.0961416,1773767993096148533,Sr02_gA+B_eps15_IMG1_LID1_STA1_CFC64_OH1,0317_1818,B,0.48183488845825195,0.0007886169478297234,0.5,0.0,-7.135833771534812,29.626281582972254,-1.2696602435320226,2.9142954080986074
1773767993.2219086,1773767993221916302,Sr02_gA+B_eps15_IMG1_LID1_STA1_CFC64_OH1,0317_1818,B,0.5047051906585693,-0.04008954018354416,0.5,0.0,-7.121609543657176,29.57865602698514,-1.2900714066043826,2.881048652790567
1773767993.3463397,1773767993346346910,Sr02_gA+B_eps15_IMG1_LID1_STA1_CFC64_OH1,0317_1818,B,0.4694211483001709,-0.016358019784092903,0.5,0.0,-7.101520513101325,29.506416340390473,-1.3081104959546868,2.8307323922594194
1773767993.4723418,1773767993472348917,Sr02_gA+B_eps15_IMG1_LID1_STA1_CFC64_OH1,0317_1818,B,0.4708999991416931,-0.0720861405134201,0.5,0.0,-7.088723740319566,29.458081779175334,-1.3158502498404654,2.7973263742366257
1773767993.597056,1773767993597064117,Sr02_gA+B_eps15_IMG1_LID1_STA1_CFC64_OH1,0317_1818,B,0.4752662479877472,-0.07058333605527878,0.5,0.0,-7.070750556277327,29.38538766367283,-1.3412348188694723,2.747306672955887
1773767993.7205117,1773767993720521956,Sr02_gA+B_eps15_IMG1_LID1_STA1_CFC64_OH1,0317_1818,B,0.5102799534797668,0.008575149811804295,0.5,0.0,-7.0594759325352685,29.336829266734686,-1.3426372553554584,2.714106516637744
1773767993.84188,1773767993841886229,Sr02_gA+B_eps15_IMG1_LID1_STA1_CFC64_OH1,0317_1818,B,0.5250560641288757,-0.031712986528873444,0.5,0.0,-7.04250452500675,29.263774693946548,-1.3424731391638542,2.6651410245017613
1773767993.965917,1773767993965925045,Sr02_gA+B_eps15_IMG1_LID1_STA1_CFC64_OH1,0317_1818,B,0.5251362919807434,0.009467103518545628,0.5,0.0,-7.03128555392059,29.215059803056757,-1.346446710416019,2.6331108412371957
1773767994.101532,1773767994101539400,Sr02_gA+B_eps15_IMG1_LID1_STA1_CFC64_OH1,0317_1818,B,0.5071246027946472,0.002086118794977665,0.5,0.0,-7.021441654334629,29.171769268668978,-1.3480397363640568,2.6050436526368124
1773767994.219274,1773767994219281831,Sr02_gA+B_eps15_IMG1_LID1_STA1_CFC64_OH1,0317_1818,B,0.4981999397277832,0.06917763501405716,0.5,0.0,-7.013862560089096,29.138153051372814,-1.3507824544918787,2.5835238397745286
1773767994.3379362,1773767994337945214,Sr02_gA+B_eps15_IMG1_LID1_STA1_CFC64_OH1,0317_1818,B,0.512229859828949,-0.10120028257369995,0.5,0.0,-7.008177497661304,29.11252607770127,-1.353385137377291,2.5672490823380607
1773767994.460632,1773767994460641589,Sr02_gA+B_eps15_IMG1_LID1_STA1_CFC64_OH1,0317_1818,B,0.5087290406227112,-0.061905696988105774,0.5,0.0,-7.004400261131732,29.09543858600661,-1.3532260082582188,2.556481059412638
1773767994.578261,1773767994578268123,Sr02_gA+B_eps15_IMG1_LID1_STA1_CFC64_OH1,0317_1818,B,0.49159497022628784,-0.20014218986034393,0.5,-0.5,-7.000632233082971,29.078349062218667,-1.3543359578107916,2.545780309997449
1773767994.701564,1773767994701572455,Sr02_gA+B_eps15_IMG1_LID1_STA1_CFC64_OH1,0317_1818,B,0.5220999717712402,-0.14791175723075867,0.5,0.0,-6.9949980239520135,29.05271084987932,-1.35427133692637,2.529856732903221
1773767994.8220134,1773767994822020356,Sr02_gA+B_eps15_IMG1_LID1_STA1_CFC64_OH1,0317_1818,B,0.5194454193115234,-0.12284868210554123,0.5,0.0,-6.991237332672189,29.035619709159917,-1.3541724875295102,2.519340784663721
1773767994.9400966,1773767994940103874,Sr02_gA+B_eps15_IMG1_LID1_STA1_CFC64_OH1,0317_1818,B,0.5231648683547974,-0.1350717544555664,0.5,0.0,-6.985557414741323,29.01000327268064,-1.3511591489703656,2.5037542893720883
1773767995.0604506,1773767995060458030,Sr02_gA+B_eps15_IMG1_LID1_STA1_CFC64_OH1,0317_1818,B,0.4984091818332672,0.014876850880682468,0.5,0.0,-6.981774849237144,28.99291696949778,-1.3547011281699153,2.4934533838764614
1773767995.1729398,1773767995172947296,Sr02_gA+B_eps15_IMG1_LID1_STA1_CFC64_OH1,0317_1818,B,0.5024808645248413,-0.1312190592288971,0.5,0.0,-6.978047064581597,28.975818625862168,-1.3572804265761038,2.483187503547342
1773767995.2935576,1773767995293563923,Sr02_gA+B_eps15_IMG1_LID1_STA1_CFC64_OH1,0317_1818,B,0.48844611644744873,0.06608796119689941,0.5,0.0,-6.972586238209986,28.95015467126909,-1.3662217331947752,2.4678408584887888
1773767995.4116664,1773767995411673101,Sr02_gA+B_eps15_IMG1_LID1_STA1_CFC64_OH1,0317_1818,B,0.4819706082344055,0.06908243894577026,0.5,0.0,-6.96907844938397,28.93300985835984,-1.3715814555463142,2.457595928714003
1773767995.5300305,1773767995530045410,Sr02_gA+B_eps15_IMG1_LID1_STA1_CFC64_OH1,0317_1818,B,0.5378672480583191,-0.0182940736413002,0.5,0.0,-6.965656910389876,28.915847620225325,-1.3762320408241853,2.447361589176752
1773767995.6563008,1773767995656308437,Sr02_gA+B_eps15_IMG1_LID1_STA1_CFC64_OH1,0317_1818,B,0.5203250646591187,-0.07910791039466858,0.5,0.0,-6.9606692971687645,28.890075868842935,-1.3831521692622157,2.432045080074467
1773767995.7851124,1773767995785119350,Sr02_gA+B_eps15_IMG1_LID1_STA1_CFC64_OH1,0317_1818,B,0.520665168762207,-0.08325361460447311,0.5,0.0,-6.9574268122209535,28.872889985874732,-1.3843398662705273,2.42187761988
1773767995.9093544,1773767995909363511,Sr02_gA+B_eps15_IMG1_LID1_STA1_CFC64_OH1,0317_1818,B,0.506719708442688,-0.49346718192100525,0.5,-0.5,-6.952624130090446,28.847094706318142,-1.3900724937977962,2.406729691203207
1773767996.032615,1773767996032621128,Sr02_gA+B_eps15_IMG1_LID1_STA1_CFC64_OH1,0317_1818,B,0.5018360614776611,-0.2552468776702881,0.5,-0.5,-6.94947903671413,28.82990270642072,-1.3887921445812237,2.39670097352878
1773767996.1499462,1773767996149953644,Sr02_gA+B_eps15_IMG1_LID1_STA1_CFC64_OH1,0317_1818,B,0.5219748020172119,-0.40117141604423523,0.5,-0.5,-6.944681480094468,28.80409485933039,-1.3854816048967558,2.381862039010245
1773767996.2691638,1773767996269171035,Sr02_gA+B_eps15_IMG1_LID1_STA1_CFC64_OH1,0317_1818,B,0.537955641746521,-0.4109434187412262,0.5,-0.5,-6.941462509586139,28.78689346088543,-1.3861218898485062,2.372096641205944
1773767996.3904498,1773767996390456744,Sr02_gA+B_eps15_IMG1_LID1_STA1_CFC64_OH1,0317_1818,B,0.5510405898094177,-0.5221589207649231,0.5,-0.5,-6.938266272510168,28.769687828349962,-1.3884649494290056,2.3624012159839323
1773767996.5082822,1773767996508289686,Sr02_gA+B_eps15_IMG1_LID1_STA1_CFC64_OH1,0317_1818,B,0.47571972012519836,-0.38527145981788635,0.5,-0.5,-6.9335622814186735,28.74386277019389,-1.3928067353799023,2.347950554865097
1773767996.6319857,1773767996631992947,Sr02_gA+B_eps15_IMG1_LID1_STA1_CFC64_OH1,0317_1818,B,0.518131673336029,-0.20951364934444427,0.5,-0.5,-6.9305765745291446,28.726757661779175,-1.4057709361177448,2.338397397036685
1773767996.7529163,1773767996752925055,Sr02_gA+B_eps15_IMG1_LID1_STA1_CFC64_OH1,0317_1818,B,0.529018223285675,-0.2336389124393463,0.5,-0.5,-6.926528837863266,28.700865996319937,-1.423358090047458,2.323761680590194
1773767996.8678648,1773767996867872149,Sr02_gA+B_eps15_IMG1_LID1_STA1_CFC64_OH1,0317_1818,B,0.5431218147277832,-0.2532862722873688,0.5,-0.5,-6.9240796147846,28.683538383933083,-1.4373990446616467,2.3138886787349833
1773767996.9868565,1773767996986863367,Sr02_gA+B_eps15_IMG1_LID1_STA1_CFC64_OH1,0317_1818,B,0.5499445199966431,-0.34606263041496277,0.5,-0.5,-6.9218758224247905,28.666177855909947,-1.4517136320425386,2.303901513583806
1773767997.1142647,1773767997114271358,Sr02_gA+B_eps15_IMG1_LID1_STA1_CFC64_OH1,0317_1818,B,0.570983350276947,-0.33414170145988464,0.5,-0.5,-6.919479265807224,28.644303895963812,-1.4757495456484664,2.2911610130250417
1773767997.236676,1773767997236683044,Sr02_gA+B_eps15_IMG1_LID1_STA1_CFC64_OH1,0317_1818,B,0.5583515167236328,-0.3417530357837677,0.5,-0.5,-6.919336906373836,28.642765769283006,-1.4812614515249418,2.2902507884903684
1773767997.355526,1773767997355531897,Sr02_gA+B_eps15_IMG1_LID1_STA1_CFC64_OH1,0317_1818,B,0.5540972948074341,-0.3325207233428955,0.5,-0.5,-6.919336906373621,28.642765769280608,-1.4812614517070968,2.2902507884889447
1773767997.4805682,1773767997480574584,Sr02_gA+B_eps15_IMG1_LID1_STA1_CFC64_OH1,0317_1818,B,0.5587248802185059,-0.33337271213531494,0.5,-0.5,-6.919336906373621,28.642765769280608,-1.4812614517070968,2.2902507884889447
1773767997.5983539,1773767997598360198,Sr02_gA+B_eps15_IMG1_LID1_STA1_CFC64_OH1,0317_1818,B,0.5499206781387329,-0.30404427647590637,0.5,-0.5,-6.919336906373621,28.642765769280608,-1.4812614517070968,2.2902507884889447
1773767997.7247298,1773767997724736800,Sr02_gA+B_eps15_IMG1_LID1_STA1_CFC64_OH1,0317_1818,B,0.5135759115219116,-0.2502714693546295,0.5,-0.5,-6.919336906373621,28.642765769280608,-1.4812614517070968,2.2902507884889447
1773767997.84018,1773767997840189100,Sr02_gA+B_eps15_IMG1_LID1_STA1_CFC64_OH1,0317_1818,B,0.5152488946914673,-0.2512194514274597,0.5,-0.5,-6.919336906373621,28.642765769280608,-1.4812614517070968,2.2902507884889447
1773767997.9573104,1773767997957318847,Sr02_gA+B_eps15_IMG1_LID1_STA1_CFC64_OH1,0317_1818,B,0.5144153833389282,-0.26003214716911316,0.5,-0.5,-6.919336906373621,28.642765769280608,-1.4812614517070968,2.2902507884889447
1773767998.076615,1773767998076622261,Sr02_gA+B_eps15_IMG1_LID1_STA1_CFC64_OH1,0317_1818,B,0.5132814049720764,-0.24740460515022278,0.5,-0.5,-6.919336906373621,28.642765769280608,-1.4812614517070968,2.2902507884889447
1773767998.198088,1773767998198095293,Sr02_gA+B_eps15_IMG1_LID1_STA1_CFC64_OH1,0317_1818,B,0.5173700451850891,-0.2536090612411499,0.5,-0.5,-6.919336906373621,28.642765769280608,-1.4812614517070968,2.2902507884889447
1773767998.3189108,1773767998318916545,Sr02_gA+B_eps15_IMG1_LID1_STA1_CFC64_OH1,0317_1818,B,0.5077898502349854,-0.23446139693260193,0.5,-0.5,-6.919336906373621,28.642765769280608,-1.4812614517070968,2.2902507884889447
1773767998.437919,1773767998437925428,Sr02_gA+B_eps15_IMG1_LID1_STA1_CFC64_OH1,0317_1818,B,0.5078843235969543,-0.23501351475715637,0.5,-0.5,-6.919336906373621,28.642765769280608,-1.4812614517070968,2.2902507884889447
1773767998.5580666,1773767998558075526,Sr02_gA+B_eps15_IMG1_LID1_STA1_CFC64_OH1,0317_1818,B,0.517599880695343,-0.2881351709365845,0.5,-0.5,-6.919336906373621,28.642765769280608,-1.4812614517070968,2.2902507884889447
1773767998.6840794,1773767998684087827,Sr02_gA+B_eps15_IMG1_LID1_STA1_CFC64_OH1,0317_1818,B,0.5151796936988831,-0.28820574283599854,0.5,-0.5,-6.919336906373621,28.642765769280608,-1.4812614517070968,2.2902507884889447
1773767998.8100057,1773767998810013627,Sr02_gA+B_eps15_IMG1_LID1_STA1_CFC64_OH1,0317_1818,B,0.5096251368522644,-0.24868585169315338,0.5,-0.5,-6.919336906373621,28.642765769280608,-1.4812614517070968,2.2902507884889447
1773767998.9281883,1773767998928195593,Sr02_gA+B_eps15_IMG1_LID1_STA1_CFC64_OH1,0317_1818,B,0.509598433971405,-0.24851933121681213,0.5,-0.5,-6.919336906373621,28.642765769280608,-1.4812614517070968,2.2902507884889447
1773767999.050229,1773767999050236097,Sr02_gA+B_eps15_IMG1_LID1_STA1_CFC64_OH1,0317_1818,B,0.5207694172859192,-0.2208114117383957,0.5,-0.5,-6.919336906373621,28.642765769280608,-1.4812614517070968,2.2902507884889447
1773767999.1723344,1773767999172342414,Sr02_gA+B_eps15_IMG1_LID1_STA1_CFC64_OH1,0317_1818,B,0.5130842924118042,-0.23414574563503265,0.5,-0.5,-6.919336906373621,28.642765769280608,-1.4812614517070968,2.2902507884889447
1773767999.2927613,1773767999292768509,Sr02_gA+B_eps15_IMG1_LID1_STA1_CFC64_OH1,0317_1818,B,0.5092260837554932,-0.24196363985538483,0.5,-0.5,-6.919336906373621,28.642765769280608,-1.4812614517070968,2.2902507884889447
1773767999.4116678,1773767999411675252,Sr02_gA+B_eps15_IMG1_LID1_STA1_CFC64_OH1,0317_1818,B,0.509233295917511,-0.24193763732910156,0.5,-0.5,-6.919336906373621,28.642765769280608,-1.4812614517070968,2.2902507884889447
1773767999.527971,1773767999527978415,Sr02_gA+B_eps15_IMG1_LID1_STA1_CFC64_OH1,0317_1818,B,0.5156478881835938,-0.24579714238643646,0.5,-0.5,-6.919336906373621,28.642765769280608,-1.4812614517070968,2.2902507884889447
1773767999.647493,1773767999647500329,Sr02_gA+B_eps15_IMG1_LID1_STA1_CFC64_OH1,0317_1818,B,0.520313024520874,-0.27226969599723816,0.5,-0.5,-6.919336906373621,28.642765769280608,-1.4812614517070968,2.2902507884889447
1773767999.765548,1773767999765556130,Sr02_gA+B_eps15_IMG1_LID1_STA1_CFC64_OH1,0317_1818,B,0.513296365737915,-0.2749023139476776,0.5,-0.5,-6.919336906373621,28.642765769280608,-1.4812614517070968,2.2902507884889447
1773767999.888941,1773767999888949775,Sr02_gA+B_eps15_IMG1_LID1_STA1_CFC64_OH1,0317_1818,B,0.4952840209007263,-0.27113622426986694,0.5,-0.5,-6.919336906373621,28.642765769280608,-1.4812614517070968,2.2902507884889447
1773768000.011415,1773768000011423089,Sr02_gA+B_eps15_IMG1_LID1_STA1_CFC64_OH1,0317_1818,B,0.5162394642829895,-0.10093583166599274,0.5,0.0,-6.919336906373621,28.642765769280608,-1.4812614517070968,2.2902507884889447
1773768000.1348715,1773768000134878089,Sr02_gA+B_eps15_IMG1_LID1_STA1_CFC64_OH1,0317_1818,B,0.5060436725616455,-0.13111452758312225,0.5,0.0,-6.919336906373621,28.642765769280608,-1.4812614517070968,2.2902507884889447
1773768000.2530122,1773768000253019792,Sr02_gA+B_eps15_IMG1_LID1_STA1_CFC64_OH1,0317_1818,B,0.506218433380127,-0.14095574617385864,0.5,0.0,-6.919336906373621,28.642765769280608,-1.4812614517070968,2.2902507884889447
1773768000.3722608,1773768000372268867,Sr02_gA+B_eps15_IMG1_LID1_STA1_CFC64_OH1,0317_1818,B,0.5442885756492615,-0.13593168556690216,0.5,0.0,-6.919336906373621,28.642765769280608,-1.4812614517070968,2.2902507884889447
1773768000.498699,1773768000498705273,Sr02_gA+B_eps15_IMG1_LID1_STA1_CFC64_OH1,0317_1818,B,0.5323038697242737,-0.2187681347131729,0.5,-0.5,-6.919336906373621,28.642765769280608,-1.4812614517070968,2.2902507884889447
1773768000.6262653,1773768000626272966,Sr02_gA+B_eps15_IMG1_LID1_STA1_CFC64_OH1,0317_1818,B,0.5263211727142334,-0.22620056569576263,0.5,-0.5,-6.919336906373621,28.642765769280608,-1.4812614517070968,2.2902507884889447
1773768000.7513056,1773768000751313783,Sr02_gA+B_eps15_IMG1_LID1_STA1_CFC64_OH1,0317_1818,B,0.5183387398719788,-0.22678788006305695,0.5,-0.5,-6.919336906373621,28.642765769280608,-1.4812614517070968,2.2902507884889447
1773768000.8694713,1773768000869478279,Sr02_gA+B_eps15_IMG1_LID1_STA1_CFC64_OH1,0317_1818,B,0.5014041066169739,-0.23312152922153473,0.5,-0.5,-6.919336906373621,28.642765769280608,-1.4812614517070968,2.2902507884889447
1773768000.9916859,1773768000991693300,Sr02_gA+B_eps15_IMG1_LID1_STA1_CFC64_OH1,0317_1818,B,0.5108165144920349,-0.2325790822505951,0.5,-0.5,-6.919336906373621,28.642765769280608,-1.4812614517070968,2.2902507884889447
1773768001.10934,1773768001109347843,Sr02_gA+B_eps15_IMG1_LID1_STA1_CFC64_OH1,0317_1818,B,0.5124461650848389,-0.23940882086753845,0.5,-0.5,-6.919336906373621,28.642765769280608,-1.4812614517070968,2.2902507884889447
1773768001.231104,1773768001231110630,Sr02_gA+B_eps15_IMG1_LID1_STA1_CFC64_OH1,0317_1818,B,0.5173795223236084,-0.24676518142223358,0.5,-0.5,-6.919336906373621,28.642765769280608,-1.4812614517070968,2.2902507884889447
1773768001.3491702,1773768001349176802,Sr02_gA+B_eps15_IMG1_LID1_STA1_CFC64_OH1,0317_1818,B,0.527830958366394,-0.27957528829574585,0.5,-0.5,-6.919336906373621,28.642765769280608,-1.4812614517070968,2.2902507884889447
1773768001.476078,1773768001476085604,Sr02_gA+B_eps15_IMG1_LID1_STA1_CFC64_OH1,0317_1818,B,0.5103346705436707,-0.2403169572353363,0.5,-0.5,-6.919336906373621,28.642765769280608,-1.4812614517070968,2.2902507884889447
1773768001.5995378,1773768001599544012,Sr02_gA+B_eps15_IMG1_LID1_STA1_CFC64_OH1,0317_1818,B,0.5101968050003052,-0.23952357470989227,0.5,-0.5,-6.919336906373621,28.642765769280608,-1.4812614517070968,2.2902507884889447
1773768001.7226431,1773768001722651323,Sr02_gA+B_eps15_IMG1_LID1_STA1_CFC64_OH1,0317_1818,B,0.5122436881065369,-0.23112152516841888,0.5,-0.5,-6.919336906373621,28.642765769280608,-1.4812614517070968,2.2902507884889447
1773768001.8436673,1773768001843674887,Sr02_gA+B_eps15_IMG1_LID1_STA1_CFC64_OH1,0317_1818,B,0.5150226354598999,-0.24494542181491852,0.5,-0.5,-6.919336906373621,28.642765769280608,-1.4812614517070968,2.2902507884889447
1773768001.965527,1773768001965533954,Sr02_gA+B_eps15_IMG1_LID1_STA1_CFC64_OH1,0317_1818,B,0.5207601189613342,-0.2808453440666199,0.5,-0.5,-6.919336906373621,28.642765769280608,-1.4812614517070968,2.2902507884889447
1773768002.084483,1773768002084493599,Sr02_gA+B_eps15_IMG1_LID1_STA1_CFC64_OH1,0317_1818,B,0.5207671523094177,-0.280977338552475,0.5,-0.5,-6.919336906373621,28.642765769280608,-1.4812614517070968,2.2902507884889447
1773768002.2073953,1773768002207406057,Sr02_gA+B_eps15_IMG1_LID1_STA1_CFC64_OH1,0317_1818,B,0.515974760055542,-0.24349920451641083,0.5,-0.5,-6.919336906373621,28.642765769280608,-1.4812614517070968,2.2902507884889447
1773768002.326327,1773768002326333802,Sr02_gA+B_eps15_IMG1_LID1_STA1_CFC64_OH1,0317_1818,B,0.5128148198127747,-0.23538418114185333,0.5,-0.5,-6.919336906373621,28.642765769280608,-1.4812614517070968,2.2902507884889447
1773768002.4476068,1773768002447614528,Sr02_gA+B_eps15_IMG1_LID1_STA1_CFC64_OH1,0317_1818,B,0.5160626769065857,-0.2478407621383667,0.5,-0.5,-6.919336906373621,28.642765769280608,-1.4812614517070968,2.2902507884889447
1773768002.5677385,1773768002567746866,Sr02_gA+B_eps15_IMG1_LID1_STA1_CFC64_OH1,0317_1818,B,0.5160586833953857,-0.24783623218536377,0.5,-0.5,-6.919336906373621,28.642765769280608,-1.4812614517070968,2.2902507884889447
1773768002.6843424,1773768002684349783,Sr02_gA+B_eps15_IMG1_LID1_STA1_CFC64_OH1,0317_1818,B,0.513942539691925,-0.24560199677944183,0.5,-0.5,-6.919336906373621,28.642765769280608,-1.4812614517070968,2.2902507884889447
1773768002.805425,1773768002805433761,Sr02_gA+B_eps15_IMG1_LID1_STA1_CFC64_OH1,0317_1818,B,0.5161498785018921,-0.2439907342195511,0.5,-0.5,-6.919336906373621,28.642765769280608,-1.4812614517070968,2.2902507884889447
1773768002.9231875,1773768002923195967,Sr02_gA+B_eps15_IMG1_LID1_STA1_CFC64_OH1,0317_1818,B,0.5161497592926025,-0.2439909726381302,0.5,-0.5,-6.919336906373621,28.642765769280608,-1.4812614517070968,2.2902507884889447
1773768003.0482779,1773768003048284354,Sr02_gA+B_eps15_IMG1_LID1_STA1_CFC64_OH1,0317_1818,B,0.5166824460029602,-0.24561630189418793,0.5,-0.5,-6.919336906373621,28.642765769280608,-1.4812614517070968,2.2902507884889447
1773768003.1683152,1773768003168321586,Sr02_gA+B_eps15_IMG1_LID1_STA1_CFC64_OH1,0317_1818,B,0.5272197127342224,-0.2942674458026886,0.5,-0.5,-6.919336906373621,28.642765769280608,-1.4812614517070968,2.2902507884889447
1773768003.2912295,1773768003291239094,Sr02_gA+B_eps15_IMG1_LID1_STA1_CFC64_OH1,0317_1818,B,0.5033674240112305,-0.2391892522573471,0.5,-0.5,-6.919336906373621,28.642765769280608,-1.4812614517070968,2.2902507884889447
1773768003.4164414,1773768003416449461,Sr02_gA+B_eps15_IMG1_LID1_STA1_CFC64_OH1,0317_1818,B,0.5033672451972961,-0.23918937146663666,0.5,-0.5,-6.919336906373621,28.642765769280608,-1.4812614517070968,2.2902507884889447
1773768003.5384796,1773768003538485621,Sr02_gA+B_eps15_IMG1_LID1_STA1_CFC64_OH1,0317_1818,B,0.512274444103241,-0.22889457643032074,0.5,-0.5,-6.919336906373621,28.642765769280608,-1.4812614517070968,2.2902507884889447
1773768003.657936,1773768003657945092,Sr02_gA+B_eps15_IMG1_LID1_STA1_CFC64_OH1,0317_1818,B,0.5154990553855896,-0.25026780366897583,0.5,-0.5,-6.919336906373621,28.642765769280608,-1.4812614517070968,2.2902507884889447
1773768003.7821476,1773768003782155498,Sr02_gA+B_eps15_IMG1_LID1_STA1_CFC64_OH1,0317_1818,B,0.5228034853935242,-0.2618328034877777,0.5,-0.5,-6.919336906373621,28.642765769280608,-1.4812614517070968,2.2902507884889447
1773768003.9048443,1773768003904851322,Sr02_gA+B_eps15_IMG1_LID1_STA1_CFC64_OH1,0317_1818,B,0.5228034257888794,-0.2618327736854553,0.5,-0.5,-6.919336906373621,28.642765769280608,-1.4812614517070968,2.2902507884889447
1773768004.0277958,1773768004027802313,Sr02_gA+B_eps15_IMG1_LID1_STA1_CFC64_OH1,0317_1818,B,0.5030829906463623,-0.22852641344070435,0.5,-0.5,-6.919336906373621,28.642765769280608,-1.4812614517070968,2.2902507884889447
1773768004.1454065,1773768004145414300,Sr02_gA+B_eps15_IMG1_LID1_STA1_CFC64_OH1,0317_1818,B,0.5113145112991333,-0.22947265207767487,0.5,-0.5,-6.919336906373621,28.642765769280608,-1.4812614517070968,2.2902507884889447
1773768004.2612717,1773768004261280040,Sr02_gA+B_eps15_IMG1_LID1_STA1_CFC64_OH1,0317_1818,B,0.5113146305084229,-0.22947265207767487,0.5,-0.5,-6.919336906373621,28.642765769280608,-1.4812614517070968,2.2902507884889447
1773768004.3879855,1773768004387991455,Sr02_gA+B_eps15_IMG1_LID1_STA1_CFC64_OH1,0317_1818,B,0.5149280428886414,-0.24524997174739838,0.5,-0.5,-6.919336906373621,28.642765769280608,-1.4812614517070968,2.2902507884889447
1773768004.513428,1773768004513435440,Sr02_gA+B_eps15_IMG1_LID1_STA1_CFC64_OH1,0317_1818,B,0.5245396494865417,-0.2812974452972412,0.5,-0.5,-6.919336906373621,28.642765769280608,-1.4812614517070968,2.2902507884889447
1773768004.6399357,1773768004639942854,Sr02_gA+B_eps15_IMG1_LID1_STA1_CFC64_OH1,0317_1818,B,0.5096662640571594,-0.24030601978302002,0.5,-0.5,-6.919336906373621,28.642765769280608,-1.4812614517070968,2.2902507884889447
1773768004.7671697,1773768004767177518,Sr02_gA+B_eps15_IMG1_LID1_STA1_CFC64_OH1,0317_1818,B,0.5096662640571594,-0.24030601978302002,0.5,-0.5,-6.919336906373621,28.642765769280608,-1.4812614517070968,2.2902507884889447
1773768004.8985286,1773768004898535534,Sr02_gA+B_eps15_IMG1_LID1_STA1_CFC64_OH1,0317_1818,B,0.5115857124328613,-0.23492880165576935,0.5,-0.5,-6.919336906373621,28.642765769280608,-1.4812614517070968,2.2902507884889447
1773768005.022979,1773768005022987193,Sr02_gA+B_eps15_IMG1_LID1_STA1_CFC64_OH1,0317_1818,B,0.5158119201660156,-0.24697767198085785,0.5,-0.5,-6.919336906373621,28.642765769280608,-1.4812614517070968,2.2902507884889447
1773768005.1487522,1773768005148759804,Sr02_gA+B_eps15_IMG1_LID1_STA1_CFC64_OH1,0317_1818,B,0.52365642786026,-0.2720133364200592,0.5,-0.5,-6.919336906373621,28.642765769280608,-1.4812614517070968,2.2902507884889447
1773768005.2729526,1773768005272960574,Sr02_gA+B_eps15_IMG1_LID1_STA1_CFC64_OH1,0317_1818,B,0.52365642786026,-0.2720133364200592,0.5,-0.5,-6.919336906373621,28.642765769280608,-1.4812614517070968,2.2902507884889447
1773768005.3974416,1773768005397449103,Sr02_gA+B_eps15_IMG1_LID1_STA1_CFC64_OH1,0317_1818,B,0.5145822167396545,-0.2465512752532959,0.5,-0.5,-6.919336906373621,28.642765769280608,-1.4812614517070968,2.2902507884889447
1773768005.5175,1773768005517506725,Sr02_gA+B_eps15_IMG1_LID1_STA1_CFC64_OH1,0317_1818,B,0.5142372250556946,-0.2393384575843811,0.5,-0.5,-6.919336906373621,28.642765769280608,-1.4812614517070968,2.2902507884889447
1773768005.63818,1773768005638187612,Sr02_gA+B_eps15_IMG1_LID1_STA1_CFC64_OH1,0317_1818,B,0.5214623808860779,-0.2857001721858978,0.5,-0.5,-6.919336906373621,28.642765769280608,-1.4812614517070968,2.2902507884889447
1773768005.763365,1773768005763373535,Sr02_gA+B_eps15_IMG1_LID1_STA1_CFC64_OH1,0317_1818,B,0.5214623808860779,-0.2857001721858978,0.5,-0.5,-6.919336906373621,28.642765769280608,-1.4812614517070968,2.2902507884889447
1773768005.8903923,1773768005890400862,Sr02_gA+B_eps15_IMG1_LID1_STA1_CFC64_OH1,0317_1818,B,0.5160341858863831,-0.2433607131242752,0.5,-0.5,-6.919336906373621,28.642765769280608,-1.4812614517070968,2.2902507884889447
1773768006.015557,1773768006015565716,Sr02_gA+B_eps15_IMG1_LID1_STA1_CFC64_OH1,0317_1818,B,0.5154551267623901,-0.23338456451892853,0.5,-0.5,-6.919336906373621,28.642765769280608,-1.4812614517070968,2.2902507884889447
1773768006.1449723,1773768006144979418,Sr02_gA+B_eps15_IMG1_LID1_STA1_CFC64_OH1,0317_1818,B,0.514397382736206,-0.24678009748458862,0.5,-0.5,-6.919336906373621,28.642765769280608,-1.4812614517070968,2.2902507884889447
1773768006.269278,1773768006269285156,Sr02_gA+B_eps15_IMG1_LID1_STA1_CFC64_OH1,0317_1818,B,0.514397382736206,-0.24678009748458862,0.5,-0.5,-6.919336906373621,28.642765769280608,-1.4812614517070968,2.2902507884889447
1773768006.3926802,1773768006392687043,Sr02_gA+B_eps15_IMG1_LID1_STA1_CFC64_OH1,0317_1818,B,0.5212061405181885,-0.25430211424827576,0.5,-0.5,-6.919336906373621,28.642765769280608,-1.4812614517070968,2.2902507884889447
1773768006.5123634,1773768006512372009,Sr02_gA+B_eps15_IMG1_LID1_STA1_CFC64_OH1,0317_1818,B,0.5080102682113647,-0.23712261021137238,0.5,-0.5,-6.919336906373621,28.642765769280608,-1.4812614517070968,2.2902507884889447
1773768006.6297,1773768006629706057,Sr02_gA+B_eps15_IMG1_LID1_STA1_CFC64_OH1,0317_1818,B,0.5142218470573425,-0.23634015023708344,0.5,-0.5,-6.919336906373621,28.642765769280608,-1.4812614517070968,2.2902507884889447
1773768006.7481139,1773768006748120987,Sr02_gA+B_eps15_IMG1_LID1_STA1_CFC64_OH1,0317_1818,B,0.5142218470573425,-0.23634015023708344,0.5,-0.5,-6.919336906373621,28.642765769280608,-1.4812614517070968,2.2902507884889447
1773768006.8695242,1773768006869530257,Sr02_gA+B_eps15_IMG1_LID1_STA1_CFC64_OH1,0317_1818,B,0.5156608819961548,-0.249065563082695,0.5,-0.5,-6.919336906373621,28.642765769280608,-1.4812614517070968,2.2902507884889447
1773768006.9920077,1773768006992014278,Sr02_gA+B_eps15_IMG1_LID1_STA1_CFC64_OH1,0317_1818,B,0.5238881707191467,-0.2744911015033722,0.5,-0.5,-6.919336906373621,28.642765769280608,-1.4812614517070968,2.2902507884889447
1773768007.116846,1773768007116854286,Sr02_gA+B_eps15_IMG1_LID1_STA1_CFC64_OH1,0317_1818,B,0.5030770897865295,-0.23137521743774414,0.5,-0.5,-6.919336906373621,28.642765769280608,-1.4812614517070968,2.2902507884889447
