t_unix,t_ros_ns,run_folder,run_id,goal_id,v_pred_lin,w_pred_ang,v_cmd_lin,w_cmd_ang,x,y,yaw,dist_to_goal
1767874886.8257475,1767874886825756630,Sr02_gA_IMG1_LID1_STA1_CFC64_OH0,0108_1321,A,-0.053225357085466385,0.009075265377759933,0.0,0.0,-3.63733938255276e-15,-2.5111818325683484e-24,-7.060448947780669e-12,33.80335215951222
1767874886.948906,1767874886948913924,Sr02_gA_IMG1_LID1_STA1_CFC64_OH0,0108_1321,A,-0.053225357085466385,0.009075265377759933,0.0,0.0,-3.63733938255276e-15,-2.5111818325683484e-24,-7.060448947780669e-12,33.80335215951222
1767874887.0691183,1767874887069128596,Sr02_gA_IMG1_LID1_STA1_CFC64_OH0,0108_1321,A,-0.10487507283687592,0.013734186999499798,0.0,0.0,-3.751585995125485e-15,-2.510375200168385e-24,-7.0604493743435146e-12,33.80335215951222
1767874887.191432,1767874887191441058,Sr02_gA_IMG1_LID1_STA1_CFC64_OH0,0108_1321,A,-0.21164655685424805,0.008842493407428265,-0.5,0.0,-3.865785891074694e-15,-2.5095688975615268e-24,-7.060449634823398e-12,33.80335215951222
1767874887.312938,1767874887312966164,Sr02_gA_IMG1_LID1_STA1_CFC64_OH0,0108_1321,A,-0.09952300786972046,0.020049549639225006,0.0,0.0,-3.9419687056350755e-15,-2.5090310126373797e-24,-7.060449673778842e-12,33.80335215951222
1767874887.4343016,1767874887434310432,Sr02_gA_IMG1_LID1_STA1_CFC64_OH0,0108_1321,A,0.008784093894064426,0.023447968065738678,0.0,0.0,-4.018082988682979e-15,-2.5084936115601557e-24,-7.060449983272119e-12,33.80335215951222
1767874887.5550635,1767874887555074954,Sr02_gA_IMG1_LID1_STA1_CFC64_OH0,0108_1321,A,-0.23561616241931915,-0.00549642788246274,-0.5,0.0,8.114875686283207e-13,-1.563687566301274e-16,0.0012705122707558664,33.80335215951302
1767874887.679237,1767874887679245066,Sr02_gA_IMG1_LID1_STA1_CFC64_OH0,0108_1321,A,-0.453658789396286,0.0035051959566771984,-0.5,0.0,5.012021995387431e-13,-6.914325830986019e-16,0.0021780259732956386,33.80335215951272
1767874887.7967157,1767874887796723561,Sr02_gA_IMG1_LID1_STA1_CFC64_OH0,0108_1321,A,-0.44334113597869873,-0.013213066384196281,-0.5,0.0,-0.0005761097893548149,-2.3436549775014737e-06,0.00417820283650616,33.80279042466551
1767874887.9171572,1767874887917164246,Sr02_gA_IMG1_LID1_STA1_CFC64_OH0,0108_1321,A,-0.4542185068130493,-0.005106064490973949,-0.5,0.0,-0.013841665829141063,-6.70547115608127e-05,0.005287712479368517,33.7898583454726
1767874888.038023,1767874888038033074,Sr02_gA_IMG1_LID1_STA1_CFC64_OH0,0108_1321,A,-0.4541032016277313,-0.00500303041189909,-0.5,0.0,-0.02372655490409093,-0.00012238939372108515,0.006158068362295534,33.78022366897599
1767874888.1576545,1767874888157663140,Sr02_gA_IMG1_LID1_STA1_CFC64_OH0,0108_1321,A,-0.5722946524620056,0.07136736065149307,-0.5,0.0,-0.023935723172726357,-0.00012434325488794605,0.009571816195420706,33.78001996772124
1767874888.2795343,1767874888279542341,Sr02_gA_IMG1_LID1_STA1_CFC64_OH0,0108_1321,A,-0.4928031265735626,-0.02987043559551239,-0.5,0.0,-0.035470291952167894,-0.000249380587244928,0.011535679866302887,33.768790755272086
1767874888.3987699,1767874888398778069,Sr02_gA_IMG1_LID1_STA1_CFC64_OH0,0108_1321,A,-0.41964229941368103,0.16077999770641327,-0.5,0.0,-0.0852151456601529,-0.0008857071170408317,0.013626287582304419,33.72038639501867
1767874888.5185752,1767874888518583644,Sr02_gA_IMG1_LID1_STA1_CFC64_OH0,0108_1321,A,-0.3923487067222595,0.1575530767440796,-0.5,0.0,-0.13475615280761086,-0.0015531533109071985,0.012886721891669931,33.67219166818116
1767874888.636985,1767874888636993194,Sr02_gA_IMG1_LID1_STA1_CFC64_OH0,0108_1321,A,-0.30548539757728577,0.07718170434236526,-0.5,0.0,-0.1847521603316743,-0.0021847071500809704,0.012376110389303743,33.623549071375386
1767874888.7585537,1767874888758562084,Sr02_gA_IMG1_LID1_STA1_CFC64_OH0,0108_1321,A,-0.10282422602176666,-0.09291480481624603,0.0,0.0,-0.2597353867283576,-0.0030854176240882572,0.012001443139441847,33.550592933439475
1767874888.8780785,1767874888878086953,Sr02_gA_IMG1_LID1_STA1_CFC64_OH0,0108_1321,A,-0.09953543543815613,-0.10818485915660858,0.0,0.0,-0.3097081874963697,-0.0038577869966682993,0.019015453316610552,33.50201395829827
1767874888.9971662,1767874888997174393,Sr02_gA_IMG1_LID1_STA1_CFC64_OH0,0108_1321,A,-0.694311261177063,0.04053449630737305,-0.5,0.0,-0.3846102956562666,-0.005258174683204329,0.017604144105439236,33.42926228060379
1767874889.115977,1767874889115984103,Sr02_gA_IMG1_LID1_STA1_CFC64_OH0,0108_1321,A,-0.38939693570137024,-0.054211296141147614,-0.5,0.0,-0.43439000581834253,-0.006429707595069783,0.031150114594266188,33.380970261029105
1767874889.235351,1767874889235358501,Sr02_gA_IMG1_LID1_STA1_CFC64_OH0,0108_1321,A,-0.335325688123703,0.1117347776889801,-0.5,0.0,-0.48435141168855983,-0.008380579652667454,0.046905391363396054,33.33267800001294
1767874889.35534,1767874889355349334,Sr02_gA_IMG1_LID1_STA1_CFC64_OH0,0108_1321,A,-0.3771072030067444,0.13367636501789093,-0.5,0.0,-0.5589861733937989,-0.012455020228519463,0.06049874684815273,33.26080360372399
1767874889.4752777,1767874889475286256,Sr02_gA_IMG1_LID1_STA1_CFC64_OH0,0108_1321,A,-0.48255452513694763,-0.03039129078388214,-0.5,0.0,-0.5961027386360848,-0.014818434878921653,0.06695442170498934,33.22513946000878
1767874889.5963712,1767874889596379325,Sr02_gA_IMG1_LID1_STA1_CFC64_OH0,0108_1321,A,-0.3578183650970459,-0.04875179007649422,-0.5,0.0,-0.6171395284504383,-0.016286938376837114,0.07387771649697489,33.20495605065037
1767874889.71513,1767874889715138710,Sr02_gA_IMG1_LID1_STA1_CFC64_OH0,0108_1321,A,-0.36218684911727905,-0.12420935183763504,-0.5,0.0,-0.6346009935702959,-0.01761109761310421,0.07687938692225262,33.18822721206214
1767874889.8385484,1767874889838559129,Sr02_gA_IMG1_LID1_STA1_CFC64_OH0,0108_1321,A,-0.521131157875061,-0.13282467424869537,-0.5,0.0,-0.669310505559198,-0.020329888174431522,0.07916843374070139,33.1549957179903
1767874889.9578373,1767874889957845843,Sr02_gA_IMG1_LID1_STA1_CFC64_OH0,0108_1321,A,-0.5968104600906372,-0.3381011486053467,-0.5,-0.5,-0.7423591659000442,-0.026479104816366138,0.09168805154161254,33.08516384210542
1767874890.0766213,1767874890076630987,Sr02_gA_IMG1_LID1_STA1_CFC64_OH0,0108_1321,A,-0.5987460613250732,-0.46636784076690674,-0.5,-0.5,-0.7921170618334172,-0.031389731472111916,0.10505565517180689,33.037767484469065
1767874890.1967082,1767874890196716478,Sr02_gA_IMG1_LID1_STA1_CFC64_OH0,0108_1321,A,-0.595151424407959,-0.4634842872619629,-0.5,-0.5,-0.8665580927586175,-0.03938476607689864,0.1049912702946138,32.967019576506885
1767874890.3195486,1767874890319561850,Sr02_gA_IMG1_LID1_STA1_CFC64_OH0,0108_1321,A,-0.503378689289093,-0.45326098799705505,-0.5,-0.5,-0.9162953392540999,-0.04450346155831455,0.10011610266329901,32.91970975924449
1767874890.4419408,1767874890441949123,Sr02_gA_IMG1_LID1_STA1_CFC64_OH0,0108_1321,A,-0.4945337474346161,-0.5155673623085022,-0.5,-0.5,-0.9660407964990732,-0.04921368640943718,0.08823955399628094,32.87230769949634
1767874890.5595493,1767874890559556841,Sr02_gA_IMG1_LID1_STA1_CFC64_OH0,0108_1321,A,-0.4835006892681122,-0.11733485758304596,-0.5,0.0,-1.0407981156350294,-0.05508888248207512,0.06816168252376625,32.80081390050914
1767874890.6787636,1767874890678771741,Sr02_gA_IMG1_LID1_STA1_CFC64_OH0,0108_1321,A,-0.5180858969688416,-0.12915687263011932,-0.5,0.0,-1.0903805776381144,-0.057853838669941385,0.04032901215707173,32.75314785657604
1767874890.7983124,1767874890798319895,Sr02_gA_IMG1_LID1_STA1_CFC64_OH0,0108_1321,A,-0.21965181827545166,-0.3519950807094574,-0.5,-0.5,-1.1652486150466608,-0.05849441715426532,-0.025880621864855406,32.68038110208053
1767874890.9215133,1767874890921522957,Sr02_gA_IMG1_LID1_STA1_CFC64_OH0,0108_1321,A,-0.3529764413833618,-0.421383798122406,-0.5,-0.5,-1.2151839955016623,-0.05604288023869172,-0.07222898036547577,32.631197166668635
1767874891.0424352,1767874891042443071,Sr02_gA_IMG1_LID1_STA1_CFC64_OH0,0108_1321,A,-0.34908327460289,-0.4256593883037567,-0.5,-0.5,-1.2649547889027082,-0.05130580323009296,-0.11755501540164465,32.58165521508919
1767874891.1650488,1767874891165058162,Sr02_gA_IMG1_LID1_STA1_CFC64_OH0,0108_1321,A,-0.46628642082214355,-0.33534491062164307,-0.5,-0.5,-1.3390083606463603,-0.03975115686537236,-0.19243248566351837,32.50691705522563
1767874891.2881882,1767874891288198327,Sr02_gA_IMG1_LID1_STA1_CFC64_OH0,0108_1321,A,-0.49879708886146545,-0.36911216378211975,-0.5,-0.5,-1.3874583422786975,-0.029537297378921974,-0.2182078192784198,32.457414424704794
1767874891.4081304,1767874891408139317,Sr02_gA_IMG1_LID1_STA1_CFC64_OH0,0108_1321,A,-0.4866432249546051,-0.39801159501075745,-0.5,-0.5,-1.4604887348233602,-0.01260495795995866,-0.23834724022253878,32.382446998873476
1767874891.5308547,1767874891530861789,Sr02_gA_IMG1_LID1_STA1_CFC64_OH0,0108_1321,A,-0.587929368019104,-0.5076796412467957,-0.5,-0.5,-1.5085418483408481,-0.00024674408457127286,-0.2679111633548141,32.33284187779606
1767874891.6521487,1767874891652157437,Sr02_gA_IMG1_LID1_STA1_CFC64_OH0,0108_1321,A,-0.4389688968658447,-0.5250198841094971,-0.5,-0.5,-1.580168620168229,0.021839298934298288,-0.33078267914267095,32.258066560248416
1767874891.7758496,1767874891775858212,Sr02_gA_IMG1_LID1_STA1_CFC64_OH0,0108_1321,A,-0.5391361713409424,-0.47482454776763916,-0.5,-0.5,-1.6270981954554746,0.039079869211809434,-0.37334854807754864,32.2084438653814
1767874891.8955567,1767874891895566066,Sr02_gA_IMG1_LID1_STA1_CFC64_OH0,0108_1321,A,-0.5286359190940857,-0.4714386761188507,-0.5,-0.5,-1.6733263366259263,0.058096653630868085,-0.407039679875878,32.15910141713448
1767874892.0169818,1767874892016989955,Sr02_gA_IMG1_LID1_STA1_CFC64_OH0,0108_1321,A,-0.4961278736591339,-0.4569089412689209,-0.5,-0.5,-1.7413612990069491,0.08963736212977987,-0.4620200180610707,32.08568012516113
1767874892.1399586,1767874892139967384,Sr02_gA_IMG1_LID1_STA1_CFC64_OH0,0108_1321,A,-0.46384164690971375,-0.4415605962276459,-0.5,-0.5,-1.7856636930804481,0.11280992368726235,-0.5018211011774334,32.0372773239234
1767874892.2581139,1767874892258122469,Sr02_gA_IMG1_LID1_STA1_CFC64_OH0,0108_1321,A,-0.5150244832038879,-0.46705499291419983,-0.5,-0.5,-1.850005498507131,0.15116303371108597,-0.575629600650654,31.965927475380578
1767874892.3758366,1767874892375845845,Sr02_gA_IMG1_LID1_STA1_CFC64_OH0,0108_1321,A,-0.512677788734436,-0.4601783752441406,-0.5,-0.5,-1.8912143790404339,0.17946945939233813,-0.6281315156098767,31.919395313568803
1767874892.50189,1767874892501897986,Sr02_gA_IMG1_LID1_STA1_CFC64_OH0,0108_1321,A,-0.4040982127189636,-0.40172532200813293,-0.5,-0.5,-1.9309580960661605,0.20980041808395286,-0.6756139318983593,31.873846393146344
1767874892.6247308,1767874892624739000,Sr02_gA_IMG1_LID1_STA1_CFC64_OH0,0108_1321,A,-0.3250231444835663,-0.49142029881477356,-0.5,-0.5,-1.987772757621622,0.2587365843314849,-0.7463973472769668,31.80750865612017
1767874892.7448597,1767874892744867142,Sr02_gA_IMG1_LID1_STA1_CFC64_OH0,0108_1321,A,-0.4864759147167206,-0.4457525312900543,-0.5,-0.5,-2.0236915112909397,0.29351312806972435,-0.7920881803066523,31.764733653785242
1767874892.8680935,1767874892868102164,Sr02_gA_IMG1_LID1_STA1_CFC64_OH0,0108_1321,A,-0.5724814534187317,-0.4183890223503113,-0.5,-0.5,-2.074546377069182,0.34861953416266195,-0.8588840752696395,31.702907146252826
1767874892.9941204,1767874892994128366,Sr02_gA_IMG1_LID1_STA1_CFC64_OH0,0108_1321,A,-0.44632285833358765,-0.43651923537254333,-0.5,-0.5,-2.106314766639888,0.3872241291978305,-0.9055894976184624,31.66339146467086
1767874893.1130745,1767874893113084883,Sr02_gA_IMG1_LID1_STA1_CFC64_OH0,0108_1321,A,-0.5006735324859619,-0.2627750039100647,-0.5,-0.5,-2.150538683651293,0.44778020881776104,-0.9734471172346472,31.606938531456677
1767874893.2343524,1767874893234360846,Sr02_gA_IMG1_LID1_STA1_CFC64_OH0,0108_1321,A,-0.4383111000061035,-0.3369600772857666,-0.5,-0.5,-2.1778234704919996,0.48967536312690463,-1.013619595433663,31.571158754363477
1767874893.3570015,1767874893357009430,Sr02_gA_IMG1_LID1_STA1_CFC64_OH0,0108_1321,A,-0.4832538664340973,-0.35108882188796997,-0.5,-0.5,-2.215139310676044,0.5546538602050268,-1.0850451519716822,31.52062552459714
1767874893.4777534,1767874893477769726,Sr02_gA_IMG1_LID1_STA1_CFC64_OH0,0108_1321,A,-0.22885197401046753,-0.42601293325424194,-0.5,-0.5,-2.237489908139654,0.5993756293642861,-1.1296203494836963,31.489156505213277
1767874893.5976958,1767874893597704876,Sr02_gA_IMG1_LID1_STA1_CFC64_OH0,0108_1321,A,-0.37084758281707764,-0.4088130295276642,-0.5,-0.5,-2.2578881537957796,0.6450215126103743,-1.1714591995785835,31.45944506716166
1767874893.7189279,1767874893718936245,Sr02_gA_IMG1_LID1_STA1_CFC64_OH0,0108_1321,A,-0.41421201825141907,-0.3863089978694916,-0.5,-0.5,-2.284788455736565,0.7150055940098481,-1.2358081895641762,31.41826646534008
1767874893.8434005,1767874893843409097,Sr02_gA_IMG1_LID1_STA1_CFC64_OH0,0108_1321,A,-0.4766128361225128,-0.3387424051761627,-0.5,-0.5,-2.3005340188631687,0.7623871664759986,-1.2631977396508625,31.392869726104102
1767874893.9683945,1767874893968401944,Sr02_gA_IMG1_LID1_STA1_CFC64_OH0,0108_1321,A,-0.4190908670425415,-0.2836441695690155,-0.5,-0.5,-2.3215046905770356,0.8343499231756902,-1.3126650749506317,31.35728898393321
1767874894.0958278,1767874894095835534,Sr02_gA_IMG1_LID1_STA1_CFC64_OH0,0108_1321,A,-0.3435010612010956,-0.08750315010547638,-0.5,0.0,-2.3334172230508567,0.88290746131745,-1.3477738875495453,31.335548162947383
1767874894.2184289,1767874894218437882,Sr02_gA_IMG1_LID1_STA1_CFC64_OH0,0108_1321,A,-0.049476731568574905,-0.1755402535200119,0.0,0.0,-2.3476924486196196,0.9564930521666625,-1.410629487437824,31.30642211938414
1767874894.344067,1767874894344076077,Sr02_gA_IMG1_LID1_STA1_CFC64_OH0,0108_1321,A,0.24026046693325043,-0.30209651589393616,0.5,-0.5,-2.354656122301563,1.0060022422275487,-1.4512856869038169,31.28949723009399
1767874894.4625962,1767874894462604933,Sr02_gA_IMG1_LID1_STA1_CFC64_OH0,0108_1321,A,0.45344606041908264,-0.17489781975746155,0.5,0.0,-2.3614468923145018,1.0806839047752452,-1.5078049768473676,31.26773855623
1767874894.5827036,1767874894582712778,Sr02_gA_IMG1_LID1_STA1_CFC64_OH0,0108_1321,A,0.38859131932258606,-0.06937964260578156,0.5,0.0,-2.3637500580026,1.1306284566460139,-1.541128196686055,31.255472246522178
1767874894.7032886,1767874894703297726,Sr02_gA_IMG1_LID1_STA1_CFC64_OH0,0108_1321,A,0.36781981587409973,-0.09193161129951477,0.5,0.0,-2.36439549965871,1.205558165270884,-1.5812129506418702,31.23996530113661
1767874894.824874,1767874894824881886,Sr02_gA_IMG1_LID1_STA1_CFC64_OH0,0108_1321,A,0.410530686378479,-0.36793217062950134,0.5,-0.5,-2.3636284042902824,1.2552418265357073,-1.5906466791544314,31.230949922346355
1767874894.940658,1767874894940666841,Sr02_gA_IMG1_LID1_STA1_CFC64_OH0,0108_1321,A,0.39340007305145264,-0.2358589917421341,0.5,-0.5,-2.3627605404163066,1.292423411776846,-1.5979136546337949,31.224541318344464
1767874895.0611305,1767874895061138988,Sr02_gA_IMG1_LID1_STA1_CFC64_OH0,0108_1321,A,0.39026814699172974,-0.22391954064369202,0.5,-0.5,-2.3621700228066778,1.312181496481894,-1.605751301065773,31.22128019457467
1767874895.1832273,1767874895183235038,Sr02_gA_IMG1_LID1_STA1_CFC64_OH0,0108_1321,A,0.326828271150589,-0.30154186487197876,0.5,-0.5,-2.3625318118628797,1.3025162288094891,-1.6094344148745632,31.22280242258325
1767874895.3017704,1767874895301779774,Sr02_gA_IMG1_LID1_STA1_CFC64_OH0,0108_1321,A,0.39590850472450256,-0.5735325217247009,0.5,-0.5,-2.364460526088797,1.2556033659333703,-1.6135340273376755,31.230063113152344
1767874895.4271393,1767874895427148075,Sr02_gA_IMG1_LID1_STA1_CFC64_OH0,0108_1321,A,0.3884296715259552,-0.5970355272293091,0.5,-0.5,-2.3666643802241007,1.2068540746546217,-1.6198997112886515,31.237485296554336
1767874895.5444772,1767874895544485599,Sr02_gA_IMG1_LID1_STA1_CFC64_OH0,0108_1321,A,0.35036882758140564,-0.5845820903778076,0.5,-0.5,-2.3695697573017154,1.1574993613488447,-1.6432443488995288,31.24441481398794
1767874895.666783,1767874895666791662,Sr02_gA_IMG1_LID1_STA1_CFC64_OH0,0108_1321,A,0.4889691472053528,-0.429096519947052,0.5,-0.5,-2.3764376593864376,1.0830111115816607,-1.680304256604659,31.252586106573883
1767874895.7835002,1767874895783508503,Sr02_gA_IMG1_LID1_STA1_CFC64_OH0,0108_1321,A,0.44853219389915466,-0.19012172520160675,0.5,0.0,-2.382458083444662,1.0333759456045615,-1.7026961747533513,31.256715228330876
1767874895.9040291,1767874895904038118,Sr02_gA_IMG1_LID1_STA1_CFC64_OH0,0108_1321,A,0.5130613446235657,-0.0761619433760643,0.5,0.0,-2.3938910363522896,0.9593823576785968,-1.748360838589001,31.260612400086895
1767874896.0221684,1767874896022180721,Sr02_gA_IMG1_LID1_STA1_CFC64_OH0,0108_1321,A,0.572993814945221,-0.14303481578826904,0.5,0.0,-2.4038043157167595,0.9109186670000677,-1.799713133852673,31.260889175827526
1767874896.1394935,1767874896139506654,Sr02_gA_IMG1_LID1_STA1_CFC64_OH0,0108_1321,A,0.5476231575012207,-0.5128976702690125,0.5,-0.5,-2.416596928952057,0.8625905584069504,-1.8594166218855255,31.25839976431064
1767874896.257562,1767874896257569538,Sr02_gA_IMG1_LID1_STA1_CFC64_OH0,0108_1321,A,0.4679228663444519,-0.37666359543800354,0.5,-0.5,-2.441074564374327,0.7917420914819107,-1.9463733584665819,31.24929896789222
1767874896.3808343,1767874896380841852,Sr02_gA_IMG1_LID1_STA1_CFC64_OH0,0108_1321,A,0.47017914056777954,-0.3744640052318573,0.5,-0.5,-2.460404550223064,0.7456866133904146,-1.989639980516073,31.24013756310007
1767874896.5014322,1767874896501439625,Sr02_gA_IMG1_LID1_STA1_CFC64_OH0,0108_1321,A,0.5323345065116882,-0.23145872354507446,0.5,-0.5,-2.4812516343781845,0.700639249914368,-2.015253485008828,31.229355928606523
1767874896.6176927,1767874896617700983,Sr02_gA_IMG1_LID1_STA1_CFC64_OH0,0108_1321,A,0.5157769322395325,-0.29617780447006226,0.5,-0.5,-2.5140626872895053,0.6332816251590658,-2.030535353728489,31.21177432257162
1767874896.737243,1767874896737270359,Sr02_gA_IMG1_LID1_STA1_CFC64_OH0,0108_1321,A,0.4632952809333801,-0.4498409032821655,0.5,-0.5,-2.5365564607512985,0.5886494063529085,-2.0447691006661635,31.199483469678857
1767874896.8571427,1767874896857152261,Sr02_gA_IMG1_LID1_STA1_CFC64_OH0,0108_1321,A,0.5209673643112183,-0.3766813576221466,0.5,-0.5,-2.571655648751371,0.5233506756308789,-2.090728850775341,31.179500640992742
1767874896.973692,1767874896973706077,Sr02_gA_IMG1_LID1_STA1_CFC64_OH0,0108_1321,A,0.4897451102733612,-0.48847469687461853,0.5,-0.5,-2.5973079761505145,0.48043608448014047,-2.1283951714408085,31.16393587345486
1767874897.0987346,1767874897098742507,Sr02_gA_IMG1_LID1_STA1_CFC64_OH0,0108_1321,A,0.5145820379257202,-0.5695180296897888,0.5,-0.5,-2.624553569418392,0.438514906541542,-2.1658415210919335,31.146669162645267
1767874897.2178037,1767874897217812769,Sr02_gA_IMG1_LID1_STA1_CFC64_OH0,0108_1321,A,0.4693634510040283,-0.5083354115486145,0.5,-0.5,-2.667850025302511,0.3773971411068769,-2.205337902179712,31.118139313695185
1767874897.3424044,1767874897342413362,Sr02_gA_IMG1_LID1_STA1_CFC64_OH0,0108_1321,A,0.44332924485206604,-0.4052124321460724,0.5,-0.5,-2.698065749109706,0.3375907733307378,-2.234874208695147,31.09767634928777
1767874897.4633653,1767874897463373304,Sr02_gA_IMG1_LID1_STA1_CFC64_OH0,0108_1321,A,0.48831892013549805,-0.514030933380127,0.5,-0.5,-2.7458848076484563,0.2800697691830686,-2.296020696207258,31.064178158926893
1767874897.58204,1767874897582047323,Sr02_gA_IMG1_LID1_STA1_CFC64_OH0,0108_1321,A,0.4882088899612427,-0.5433510541915894,0.5,-0.5,-2.779736964481855,0.24329744672076906,-2.3341037158884994,31.039644325783126
1767874897.700796,1767874897700804588,Sr02_gA_IMG1_LID1_STA1_CFC64_OH0,0108_1321,A,0.46735456585884094,-0.5301029682159424,0.5,-0.5,-2.8150961566832,0.2080606691602735,-2.382263005474815,31.013350664476793
1767874897.8197515,1767874897819760044,Sr02_gA_IMG1_LID1_STA1_CFC64_OH0,0108_1321,A,0.44244956970214844,-0.3453049659729004,0.5,-0.5,-2.871501335497411,0.1587323712144358,-2.464927850632742,30.96992387666888
1767874897.9405212,1767874897940529489,Sr02_gA_IMG1_LID1_STA1_CFC64_OH0,0108_1321,A,0.4414099156856537,-0.3318652808666229,0.5,-0.5,-2.911263445207709,0.12842666230980077,-2.5157613589743053,30.938336963576038
1767874898.065054,1767874898065073196,Sr02_gA_IMG1_LID1_STA1_CFC64_OH0,0108_1321,A,0.437324583530426,-0.09619209170341492,0.5,0.0,-2.973290441631998,0.08654202479912947,-2.5792468594197824,30.887888148489072
1767874898.181064,1767874898181072274,Sr02_gA_IMG1_LID1_STA1_CFC64_OH0,0108_1321,A,0.4226281940937042,-0.14007416367530823,0.5,0.0,-3.0162188738030626,0.06099790695927686,-2.630503536924512,30.85221471573172
1767874898.3021908,1767874898302199690,Sr02_gA_IMG1_LID1_STA1_CFC64_OH0,0108_1321,A,0.5679188370704651,-0.09326325356960297,0.5,0.0,-3.060472285438727,0.03773806743239868,-2.6848385743899814,30.81475037307912
1767874898.4186711,1767874898418678787,Sr02_gA_IMG1_LID1_STA1_CFC64_OH0,0108_1321,A,0.5183268189430237,-0.08202403783798218,0.5,0.0,-3.129018896678518,0.007390840111651828,-2.7637294663784164,30.755429323261374
1767874898.539719,1767874898539728377,Sr02_gA_IMG1_LID1_STA1_CFC64_OH0,0108_1321,A,0.5200557112693787,-0.07912104576826096,0.5,0.0,-3.175719621454384,-0.010160325760184885,-2.7994678649449174,30.71430213501677
1767874898.6601624,1767874898660170740,Sr02_gA_IMG1_LID1_STA1_CFC64_OH0,0108_1321,A,0.5305052399635315,-0.002218341687694192,0.5,0.0,-3.2469344765651,-0.03353895180570968,-2.8480019201299207,30.650818523080837
1767874898.7788644,1767874898778873543,Sr02_gA_IMG1_LID1_STA1_CFC64_OH0,0108_1321,A,0.48810863494873047,-0.10209856182336807,0.5,0.0,-3.294685148278016,-0.04758261184705513,-2.8608777278453505,30.607885206025777
1767874898.900828,1767874898900835573,Sr02_gA_IMG1_LID1_STA1_CFC64_OH0,0108_1321,A,0.5051555037498474,-0.015576004981994629,0.5,0.0,-3.342811257118036,-0.06109876138642904,-2.8747949782786564,30.564480191180618
1767874899.0220013,1767874899022010158,Sr02_gA_IMG1_LID1_STA1_CFC64_OH0,0108_1321,A,0.4936565160751343,-0.0009523611515760422,0.5,0.0,-3.415300250867374,-0.08029623061728561,-2.88965941120234,30.498856636061834
1767874899.141206,1767874899141214832,Sr02_gA_IMG1_LID1_STA1_CFC64_OH0,0108_1321,A,0.4991157650947571,-0.023530539125204086,0.5,0.0,-3.4637724371358276,-0.09256133649994183,-2.8978618039649175,30.45485920841683
1767874899.2605276,1767874899260535614,Sr02_gA_IMG1_LID1_STA1_CFC64_OH0,0108_1321,A,0.5210803747177124,-0.033435069024562836,0.5,0.0,-3.5366297963179645,-0.11022352207589664,-2.9086813009921078,30.38857231482042
1767874899.3801517,1767874899380160265,Sr02_gA_IMG1_LID1_STA1_CFC64_OH0,0108_1321,A,0.5214782953262329,-0.028184324502944946,0.5,0.0,-3.585270137161397,-0.121755149755938,-2.9092785042760965,30.34427681896149
1767874899.4978316,1767874899497839671,Sr02_gA_IMG1_LID1_STA1_CFC64_OH0,0108_1321,A,0.5411514043807983,-0.060744818300008774,0.5,0.0,-3.6339306300810073,-0.13302747156848563,-2.919022560492095,30.299915292904217
1767874899.6154575,1767874899615466419,Sr02_gA_IMG1_LID1_STA1_CFC64_OH0,0108_1321,A,0.5130542516708374,-0.02563057839870453,0.5,0.0,-3.7071034379249435,-0.14933458755692633,-2.9235776740053976,30.233079745232658
1767874899.7426858,1767874899742693875,Sr02_gA_IMG1_LID1_STA1_CFC64_OH0,0108_1321,A,0.5131957530975342,0.0060293469578027725,0.5,0.0,-3.7559203855890058,-0.160146863078915,-2.923672913080275,30.18849521603277
1767874899.8650765,1767874899865084859,Sr02_gA_IMG1_LID1_STA1_CFC64_OH0,0108_1321,A,0.512706458568573,0.00545213557779789,0.5,0.0,-3.8291717422801637,-0.17624754874850201,-2.9271747727713833,30.121595700463484
1767874899.9887128,1767874899988721657,Sr02_gA_IMG1_LID1_STA1_CFC64_OH0,0108_1321,A,0.5058397650718689,0.03498116880655289,0.5,0.0,-3.8780444273735966,-0.18680491706066932,-2.930465769157695,30.076935708558956
1767874900.103314,1767874900103332825,Sr02_gA_IMG1_LID1_STA1_CFC64_OH0,0108_1321,A,0.5036808848381042,0.01831798627972603,0.5,0.0,-3.92694889460054,-0.19721410113374896,-2.9332841981168567,30.032224447886968
1767874900.2235978,1767874900223606162,Sr02_gA_IMG1_LID1_STA1_CFC64_OH0,0108_1321,A,0.5044441819190979,0.002081465907394886,0.5,0.0,-4.000391721916519,-0.21241653750155762,-2.9413680177754666,29.96500147304569
1767874900.3416226,1767874900341630945,Sr02_gA_IMG1_LID1_STA1_CFC64_OH0,0108_1321,A,0.5037242770195007,-0.0004622462438419461,0.5,0.0,-4.049405505522668,-0.22229820390055205,-2.943931073506039,29.920092210216747
1767874900.4570775,1767874900457086626,Sr02_gA_IMG1_LID1_STA1_CFC64_OH0,0108_1321,A,0.5035829544067383,0.008192474022507668,0.5,0.0,-4.098431918664631,-0.23211708554305216,-2.9436447627581224,29.875170927456033
1767874900.5793917,1767874900579400496,Sr02_gA_IMG1_LID1_STA1_CFC64_OH0,0108_1321,A,0.5072758197784424,-0.02808161824941635,0.5,0.0,-4.171961059656686,-0.24689762650624927,-2.9428096270045456,29.807842803644984
1767874900.7037814,1767874900703790967,Sr02_gA_IMG1_LID1_STA1_CFC64_OH0,0108_1321,A,0.5057088136672974,-0.028590671718120575,0.5,0.0,-4.220959068309254,-0.2568571587176472,-2.939311538440923,29.763025597985546
1767874900.824733,1767874900824741492,Sr02_gA_IMG1_LID1_STA1_CFC64_OH0,0108_1321,A,0.4955490231513977,-0.0038168630562722683,0.5,0.0,-4.294404442005396,-0.27204835911613245,-2.936392925109998,29.69594555083821
1767874900.9412925,1767874900941301021,Sr02_gA_IMG1_LID1_STA1_CFC64_OH0,0108_1321,A,0.507327139377594,-0.0009090907406061888,0.5,0.0,-4.3433543935459715,-0.2822415881458453,-2.936184775400616,29.65127674565622
1767874901.062159,1767874901062168210,Sr02_gA_IMG1_LID1_STA1_CFC64_OH0,0108_1321,A,0.49929121136665344,-0.001514955423772335,0.5,0.0,-4.3923035197372435,-0.2924387802914264,-2.9362309980029413,29.606626810310008
1767874901.1820445,1767874901182052288,Sr02_gA_IMG1_LID1_STA1_CFC64_OH0,0108_1321,A,0.49524399638175964,-0.0027397184167057276,0.5,0.0,-4.465719978667679,-0.30776506719046104,-2.935534924280302,29.539698959357928
1767874901.3011115,1767874901301121499,Sr02_gA_IMG1_LID1_STA1_CFC64_OH0,0108_1321,A,0.5006032586097717,0.01259040366858244,0.5,0.0,-4.514676530933641,-0.3179264660842907,-2.9383430736171348,29.49507551455687
1767874901.4179974,1767874901418005015,Sr02_gA_IMG1_LID1_STA1_CFC64_OH0,0108_1321,A,0.4839820861816406,0.004241609480232,0.5,0.0,-4.588164684668956,-0.33290919359384924,-2.942373761915862,29.428053394288604
1767874901.5367055,1767874901536715394,Sr02_gA_IMG1_LID1_STA1_CFC64_OH0,0108_1321,A,0.4929669201374054,0.005137396976351738,0.5,0.0,-4.637177641901532,-0.3427950256841498,-2.9427554528751045,29.383346330577996
1767874901.6620018,1767874901662010119,Sr02_gA_IMG1_LID1_STA1_CFC64_OH0,0108_1321,A,0.5082830190658569,-0.0029142331331968307,0.5,0.0,-4.686192934065302,-0.3526692758029428,-2.942846364025516,29.338651051131833
1767874901.778316,1767874901778324469,Sr02_gA_IMG1_LID1_STA1_CFC64_OH0,0108_1321,A,0.47502484917640686,0.004391583148390055,0.5,0.0,-4.759718066041624,-0.36746975656525926,-2.943073736163596,29.271635313074263
1767874901.905714,1767874901905723116,Sr02_gA_IMG1_LID1_STA1_CFC64_OH0,0108_1321,A,0.4807145893573761,-0.001400065259076655,0.5,0.0,-4.808737400541127,-0.3773239187603877,-2.9433477072962364,29.22697382011962
1767874902.030075,1767874902030082760,Sr02_gA_IMG1_LID1_STA1_CFC64_OH0,0108_1321,A,0.4971923530101776,-0.013867883943021297,0.5,0.0,-4.882256799476077,-0.39215280088780363,-2.941779432252945,29.160036014011556
1767874902.1522486,1767874902152256989,Sr02_gA_IMG1_LID1_STA1_CFC64_OH0,0108_1321,A,0.47084754705429077,-0.0032242704182863235,0.5,0.0,-4.931259873542435,-0.4020875065980988,-2.941355271503464,29.115455170043063
1767874902.2681482,1767874902268156051,Sr02_gA_IMG1_LID1_STA1_CFC64_OH0,0108_1321,A,0.48109737038612366,-0.0008114434313029051,0.5,0.0,-5.004755929466294,-0.41703169757656705,-2.9408262063829214,29.048636525443403
1767874902.3928294,1767874902392836956,Sr02_gA_IMG1_LID1_STA1_CFC64_OH0,0108_1321,A,0.4959355890750885,-0.0038384997751563787,0.5,0.0,-5.05375304320436,-0.42699575863572115,-2.941044575077267,29.00411357467307
1767874902.5151172,1767874902515125460,Sr02_gA_IMG1_LID1_STA1_CFC64_OH0,0108_1321,A,0.4966908395290375,-0.004238121211528778,0.5,0.0,-5.102748728674736,-0.4369668392268783,-2.9406054190371607,28.95961176873082
1767874902.6352496,1767874902635256791,Sr02_gA_IMG1_LID1_STA1_CFC64_OH0,0108_1321,A,0.47761407494544983,-0.0012018203269690275,0.5,0.0,-5.176239767384461,-0.4519356899000167,-2.940882178760139,28.89289848632062
1767874902.7549658,1767874902754974217,Sr02_gA_IMG1_LID1_STA1_CFC64_OH0,0108_1321,A,0.476889967918396,0.003976193722337484,0.5,0.0,-5.225242919529245,-0.4618699921942054,-2.942268962230058,28.848424596409934
1767874902.8756902,1767874902875698309,Sr02_gA_IMG1_LID1_STA1_CFC64_OH0,0108_1321,A,0.4735884666442871,0.023060794919729233,0.5,0.0,-5.298763034920926,-0.4766953693296043,-2.942810791349801,28.7817122245644
1767874902.9935284,1767874902993536404,Sr02_gA_IMG1_LID1_STA1_CFC64_OH0,0108_1321,A,0.4808838963508606,0.019535958766937256,0.5,0.0,-5.3477788252230525,-0.48656714640815973,-2.942891935703329,28.737254496990385
1767874903.1110675,1767874903111076271,Sr02_gA_IMG1_LID1_STA1_CFC64_OH0,0108_1321,A,0.4630463123321533,0.018889203667640686,0.5,0.0,-5.396796909048055,-0.4964275272514715,-2.9432757827367277,28.692809684308738
1767874903.2345097,1767874903234518416,Sr02_gA_IMG1_LID1_STA1_CFC64_OH0,0108_1321,A,0.49133768677711487,-0.0020104229915887117,0.5,0.0,-5.470331439471878,-0.5111812365395413,-2.9438731458745706,28.626159561658127
1767874903.3550277,1767874903355036573,Sr02_gA_IMG1_LID1_STA1_CFC64_OH0,0108_1321,A,0.48088574409484863,-0.0036556534469127655,0.5,0.0,-5.519357881087724,-0.5209999789488721,-2.943993328357565,28.581741136338387
1767874903.474496,1767874903474504481,Sr02_gA_IMG1_LID1_STA1_CFC64_OH0,0108_1321,A,0.46810081601142883,0.004396691452711821,0.5,0.0,-5.592894395500675,-0.5357437933698087,-2.943067006364653,28.515155529397312
1767874903.593407,1767874903593414425,Sr02_gA_IMG1_LID1_STA1_CFC64_OH0,0108_1321,A,0.4846423268318176,0.0007742259185761213,0.5,0.0,-5.641900899676667,-0.5456615110193497,-2.940760931776445,28.470830118098824
1767874903.712324,1767874903712332383,Sr02_gA_IMG1_LID1_STA1_CFC64_OH0,0108_1321,A,0.5149715542793274,-0.00048108980990946293,0.5,0.0,-5.690886172663348,-0.5556835825666933,-2.9388073363978053,28.426573024372225
1767874903.8270607,1767874903827068867,Sr02_gA_IMG1_LID1_STA1_CFC64_OH0,0108_1321,A,0.5145717263221741,-0.006722657475620508,0.5,0.0,-5.764327800214613,-0.5708928874164317,-2.9361700092910112,28.360307343706626
1767874903.9438286,1767874903943837028,Sr02_gA_IMG1_LID1_STA1_CFC64_OH0,0108_1321,A,0.4594009816646576,0.010856490582227707,0.5,0.0,-5.813277564985871,-0.581087013336639,-2.936371046808826,28.31618062646149
1767874904.06503,1767874904065038455,Sr02_gA_IMG1_LID1_STA1_CFC64_OH0,0108_1321,A,0.4925632178783417,0.0130475964397192,0.5,0.0,-5.8622300565061725,-0.5912680363587934,-2.936720158019031,28.27206715664008
1767874904.1899514,1767874904189962287,Sr02_gA_IMG1_LID1_STA1_CFC64_OH0,0108_1321,A,0.4896920621395111,-0.012986068613827229,0.5,0.0,-5.935659856355505,-0.6065344582127249,-2.9363022314933267,28.20593131415533
1767874904.3159595,1767874904315967324,Sr02_gA_IMG1_LID1_STA1_CFC64_OH0,0108_1321,A,0.47802338004112244,-0.011079295538365841,0.5,0.0,-5.984609549751651,-0.6167289272111756,-2.9362248062561935,28.16187357532638
1767874904.437115,1767874904437123066,Sr02_gA_IMG1_LID1_STA1_CFC64_OH0,0108_1321,A,0.49249210953712463,-0.00967019610106945,0.5,0.0,-6.058033818501619,-0.6320219333528401,-2.9363966891188724,28.095824897985278
1767874904.559165,1767874904559172873,Sr02_gA_IMG1_LID1_STA1_CFC64_OH0,0108_1321,A,0.48796820640563965,0.006827466189861298,0.5,0.0,-6.106988289896044,-0.6421934287843586,-2.937068953396676,28.05180588819627
1767874904.6804183,1767874904680426628,Sr02_gA_IMG1_LID1_STA1_CFC64_OH0,0108_1321,A,0.4889950454235077,0.002560839056968689,0.5,0.0,-6.180412586656341,-0.6574862583383903,-2.9353747644966606,27.98583235628006
1767874904.7992256,1767874904799232487,Sr02_gA_IMG1_LID1_STA1_CFC64_OH0,0108_1321,A,0.49571117758750916,0.0030380538664758205,0.5,0.0,-6.229346641451373,-0.6677555155523694,-2.9343303288729574,27.941911424518814
1767874904.9181752,1767874904918183438,Sr02_gA_IMG1_LID1_STA1_CFC64_OH0,0108_1321,A,0.47734925150871277,0.0028006872162222862,0.5,0.0,-6.278283202486416,-0.6780128215104219,-2.935628928064071,27.898005110591924
1767874905.041223,1767874905041231635,Sr02_gA_IMG1_LID1_STA1_CFC64_OH0,0108_1321,A,0.4935113191604614,-0.0025791118387132883,0.5,0.0,-6.351711271799501,-0.6932875264578895,-2.937314866341573,27.83212972260868
1767874905.1588135,1767874905158821236,Sr02_gA_IMG1_LID1_STA1_CFC64_OH0,0108_1321,A,0.4961209297180176,-0.00650462182238698,0.5,0.0,-6.400676552697415,-0.7034068522626907,-2.938281884670245,27.78820729082433
1767874905.2764537,1767874905276462994,Sr02_gA_IMG1_LID1_STA1_CFC64_OH0,0108_1321,A,0.49981823563575745,-0.005958056543022394,0.5,0.0,-6.474126547226061,-0.7185758058865919,-2.937508084785237,27.722357339215908
1767874905.3944552,1767874905394463775,Sr02_gA_IMG1_LID1_STA1_CFC64_OH0,0108_1321,A,0.5011926293373108,-0.002283331472426653,0.5,0.0,-6.5230875923676015,-0.728715614956717,-2.9372520010453136,27.678496563525645
1767874905.516955,1767874905516962363,Sr02_gA_IMG1_LID1_STA1_CFC64_OH0,0108_1321,A,0.5022908449172974,-0.002122754929587245,0.5,0.0,-6.57204579695885,-0.7388691299629072,-2.936948196520728,27.634663377397782
1767874905.6395712,1767874905639579944,Sr02_gA_IMG1_LID1_STA1_CFC64_OH0,0108_1321,A,0.49921709299087524,0.008543525822460651,0.5,0.0,-6.645477545899551,-0.7541261760224416,-2.9365771415505946,27.568966154929207
1767874905.7544577,1767874905754465959,Sr02_gA_IMG1_LID1_STA1_CFC64_OH0,0108_1321,A,0.50687175989151,-0.0039555965922772884,0.5,0.0,-6.694431746227272,-0.7642989799326602,-2.936835051166501,27.525195135509186
1767874905.8741724,1767874905874181413,Sr02_gA_IMG1_LID1_STA1_CFC64_OH0,0108_1321,A,0.5060863494873047,0.007427850738167763,0.5,0.0,-6.767871853505752,-0.7795157303615163,-2.937760553902704,27.45955747821791
1767874905.9920192,1767874905992026482,Sr02_gA_IMG1_LID1_STA1_CFC64_OH0,0108_1321,A,0.5019280910491943,0.006784368306398392,0.5,0.0,-6.816839765772215,-0.7896223211468393,-2.9383563586149393,27.41580695196441
1767874906.1138318,1767874906113839676,Sr02_gA_IMG1_LID1_STA1_CFC64_OH0,0108_1321,A,0.5060637593269348,-0.016087964177131653,0.5,0.0,-6.865811839135714,-0.7997087329311854,-2.9385846942006233,27.372067835418537
1767874906.2319937,1767874906232001529,Sr02_gA_IMG1_LID1_STA1_CFC64_OH0,0108_1321,A,0.4912050664424896,-0.010243749246001244,0.5,0.0,-6.939274073916342,-0.8148183095239717,-2.9387996618241585,27.306489516430737
1767874906.3526766,1767874906352685237,Sr02_gA_IMG1_LID1_STA1_CFC64_OH0,0108_1321,A,0.48494210839271545,-0.004947698675096035,0.5,0.0,-6.988245156796986,-0.8249095221607456,-2.9379453129116486,27.262806654348932
1767874906.4746437,1767874906474651558,Sr02_gA_IMG1_LID1_STA1_CFC64_OH0,0108_1321,A,0.4963686764240265,-0.002095320262014866,0.5,0.0,-7.037212724715706,-0.8350177834790891,-2.9382158713399527,27.21915402588837
1767874906.5881789,1767874906588187724,Sr02_gA_IMG1_LID1_STA1_CFC64_OH0,0108_1321,A,0.4996483623981476,-0.0157092846930027,0.5,0.0,-7.110663194853922,-0.8501844341012326,-2.93744964158193,27.15371826036395
1767874906.7071342,1767874906707142523,Sr02_gA_IMG1_LID1_STA1_CFC64_OH0,0108_1321,A,0.4914574921131134,-0.013617122545838356,0.5,0.0,-7.159621503523259,-0.8603374434741852,-2.9367712057238355,27.11014292827276
1767874906.8272715,1767874906827283033,Sr02_gA_IMG1_LID1_STA1_CFC64_OH0,0108_1321,A,0.489496111869812,-0.013232611119747162,0.5,0.0,-7.233068659960624,-0.8755200635699814,-2.9388387759686645,27.044798079336985
1767874906.9486334,1767874906948646866,Sr02_gA_IMG1_LID1_STA1_CFC64_OH0,0108_1321,A,0.480596125125885,0.010711461305618286,0.5,0.0,-7.282049592739623,-0.8855633542888108,-2.939863149564468,27.00122334836207
1767874907.0717828,1767874907071791986,Sr02_gA_IMG1_LID1_STA1_CFC64_OH0,0108_1321,A,0.4888843894004822,-0.0032720444723963737,0.5,0.0,-7.331038141662559,-0.8955694377635627,-2.940357922675277,26.957652261621337
1767874907.1897042,1767874907189711856,Sr02_gA_IMG1_LID1_STA1_CFC64_OH0,0108_1321,A,0.48955652117729187,-0.002545741619542241,0.5,0.0,-7.40452825238422,-0.9105428422085771,-2.940893925500203,26.8923196401798
1767874907.3114069,1767874907311415085,Sr02_gA_IMG1_LID1_STA1_CFC64_OH0,0108_1321,A,0.4964849054813385,0.009184570983052254,0.5,0.0,-7.45353243449614,-0.9204720568927949,-2.942464848499766,26.848765997996313
1767874907.4301448,1767874907430152747,Sr02_gA_IMG1_LID1_STA1_CFC64_OH0,0108_1321,A,0.5067183971405029,0.011707087978720665,0.5,0.0,-7.527065782749827,-0.9352315969682535,-2.9445206467845133,26.783410368621084
1767874907.5513797,1767874907551388229,Sr02_gA_IMG1_LID1_STA1_CFC64_OH0,0108_1321,A,0.5057823061943054,-0.008204303681850433,0.5,0.0,-7.576104446561522,-0.9449890950956508,-2.9458439057550008,26.739826893036128
1767874907.6695063,1767874907669514216,Sr02_gA_IMG1_LID1_STA1_CFC64_OH0,0108_1321,A,0.5078911781311035,-0.007558102253824472,0.5,0.0,-7.625144341387818,-0.9547404108918237,-2.9447727796983645,26.696262812774712
1767874907.7899363,1767874907789945361,Sr02_gA_IMG1_LID1_STA1_CFC64_OH0,0108_1321,A,0.5071713924407959,0.008704145438969135,0.5,0.0,-7.698696109461238,-0.9694079470391699,-2.944976642592574,26.630979460910304
1767874907.910466,1767874907910474920,Sr02_gA_IMG1_LID1_STA1_CFC64_OH0,0108_1321,A,0.5029929876327515,-0.0019968468695878983,0.5,0.0,-7.747734012100809,-0.9791692878387002,-2.945231216492883,26.5874771450786
1767874908.0330138,1767874908033021710,Sr02_gA_IMG1_LID1_STA1_CFC64_OH0,0108_1321,A,0.5005605220794678,0.003626046236604452,0.5,0.0,-7.821284241845388,-0.993844508621762,-2.9439203965321674,26.52228338235511
1767874908.152913,1767874908152928042,Sr02_gA_IMG1_LID1_STA1_CFC64_OH0,0108_1321,A,0.500309407711029,0.004458069801330566,0.5,0.0,-7.8703047984050105,-1.0036925760468167,-2.9427496897987027,26.47888241191087
1767874908.2708645,1767874908270873531,Sr02_gA_IMG1_LID1_STA1_CFC64_OH0,0108_1321,A,0.48856934905052185,0.008806498721241951,0.5,0.0,-7.91932363071762,-1.013549229694421,-2.9435701035888324,26.43550911544991
1767874908.391085,1767874908391092298,Sr02_gA_IMG1_LID1_STA1_CFC64_OH0,0108_1321,A,0.5045521259307861,0.001372009515762329,0.5,0.0,-7.99286638606806,-1.0282618720421615,-2.944554128342853,26.37045637363068
1767874908.515249,1767874908515256729,Sr02_gA_IMG1_LID1_STA1_CFC64_OH0,0108_1321,A,0.5084632039070129,-0.010070651769638062,0.5,0.0,-8.041894648539397,-1.0380715103783917,-2.9436837186871485,26.32711789215573
1767874908.6358347,1767874908635843105,Sr02_gA_IMG1_LID1_STA1_CFC64_OH0,0108_1321,A,0.49300095438957214,-0.0027629712130874395,0.5,0.0,-8.115431205936382,-1.0528151186026202,-2.943763773582156,26.262169440323593
1767874908.7538786,1767874908753890364,Sr02_gA_IMG1_LID1_STA1_CFC64_OH0,0108_1321,A,0.5072371363639832,0.006853935308754444,0.5,0.0,-8.164454200220936,-1.062651057144435,-2.943401169885083,26.21890379195234
1767874908.8752606,1767874908875268815,Sr02_gA_IMG1_LID1_STA1_CFC64_OH0,0108_1321,A,0.5016087889671326,-0.0018380786059424281,0.5,0.0,-8.21347321463254,-1.0725068101709934,-2.9429553642707673,26.175672297296206
1767874908.9933813,1767874908993389201,Sr02_gA_IMG1_LID1_STA1_CFC64_OH0,0108_1321,A,0.5043772459030151,-0.013628238812088966,0.5,0.0,-8.28698988532308,-1.087349237655538,-2.941795704052164,26.110900628660872
1767874909.1145384,1767874909114550565,Sr02_gA_IMG1_LID1_STA1_CFC64_OH0,0108_1321,A,0.5071859955787659,0.007486967369914055,0.5,0.0,-8.335994546167969,-1.0972761150366561,-2.94165850174112,26.067766458832107
1767874909.2373996,1767874909237408999,Sr02_gA_IMG1_LID1_STA1_CFC64_OH0,0108_1321,A,0.4997853934764862,-0.019780151546001434,0.5,0.0,-8.40950995225928,-1.1121247979336761,-2.942908513640532,26.00308977547376
1767874909.3601906,1767874909360199266,Sr02_gA_IMG1_LID1_STA1_CFC64_OH0,0108_1321,A,0.5001417994499207,-0.014797450043261051,0.5,0.0,-8.458527669430445,-1.1219870020710783,-2.9431848107433902,25.959983729690244
1767874909.4798427,1767874909479851312,Sr02_gA_IMG1_LID1_STA1_CFC64_OH0,0108_1321,A,0.5030385255813599,0.005327712278813124,0.5,0.0,-8.507543367547697,-1.1318592319795524,-2.9424994256923784,25.916907646925925
1767874909.600064,1767874909600071883,Sr02_gA_IMG1_LID1_STA1_CFC64_OH0,0108_1321,A,0.4929842948913574,-0.000867515685968101,0.5,0.0,-8.58106153320467,-1.1466942773697757,-2.9427191852864403,25.852354141348535
1767874909.7227774,1767874909722785997,Sr02_gA_IMG1_LID1_STA1_CFC64_OH0,0108_1321,A,0.5047460794448853,0.00013333139941096306,0.5,0.0,-8.630082734210601,-1.1565391312471252,-2.94408200442683,25.809326344858913
1767874909.8430526,1767874909843061081,Sr02_gA_IMG1_LID1_STA1_CFC64_OH0,0108_1321,A,0.503462553024292,-0.0014078684616833925,0.5,0.0,-8.703619855624861,-1.1712799129830076,-2.9437154512708856,25.74481807721324
1767874909.9603755,1767874909960383752,Sr02_gA_IMG1_LID1_STA1_CFC64_OH0,0108_1321,A,0.5330457091331482,-0.02395312488079071,0.5,0.0,-8.752653847088338,-1.1810608407944407,-2.945693461572951,25.701820093597437
1767874910.079972,1767874910079980375,Sr02_gA_IMG1_LID1_STA1_CFC64_OH0,0108_1321,A,0.5247299671173096,0.004278409294784069,0.5,0.0,-8.801704678840684,-1.190756980811029,-2.947173207969796,25.65880332077893
1767874910.1973212,1767874910197330268,Sr02_gA_IMG1_LID1_STA1_CFC64_OH0,0108_1321,A,0.4876558482646942,0.008941514417529106,0.5,0.0,-8.875291356120002,-1.205248357418818,-2.946838519180566,25.59429821650307
1767874910.314669,1767874910314677226,Sr02_gA_IMG1_LID1_STA1_CFC64_OH0,0108_1321,A,0.48399290442466736,0.0038907257840037346,0.5,0.0,-8.924346536672509,-1.2149224952291164,-2.9469252692874206,25.551333542201945
1767874910.4345388,1767874910434547201,Sr02_gA_IMG1_LID1_STA1_CFC64_OH0,0108_1321,A,0.4964624047279358,0.019974317401647568,0.5,0.0,-8.997930070314947,-1.2294298334966796,-2.9469406984074498,25.486932622890855
1767874910.5598407,1767874910559849374,Sr02_gA_IMG1_LID1_STA1_CFC64_OH0,0108_1321,A,0.4965331256389618,-0.012908400036394596,0.5,0.0,-9.046986500309652,-1.2390976334035866,-2.947081484695011,25.44402896830459
1767874910.6816733,1767874910681681175,Sr02_gA_IMG1_LID1_STA1_CFC64_OH0,0108_1321,A,0.514353334903717,-0.007390295155346394,0.5,0.0,-9.096055138244932,-1.24870321815005,-2.9494767760137584,25.401118672161843
1767874910.8039646,1767874910803972367,Sr02_gA_IMG1_LID1_STA1_CFC64_OH0,0108_1321,A,0.5134588479995728,0.002840855158865452,0.5,0.0,-9.169678243204274,-1.2630083765772775,-2.949353038631774,25.336747857635682
1767874910.9234316,1767874910923442212,Sr02_gA_IMG1_LID1_STA1_CFC64_OH0,0108_1321,A,0.5141429901123047,-0.014582757838070393,0.5,0.0,-9.218752902778519,-1.2725832031613258,-2.948458889645918,25.293886487338288
1767874911.0454454,1767874911045453249,Sr02_gA_IMG1_LID1_STA1_CFC64_OH0,0108_1321,A,0.48417338728904724,0.0014264516066759825,0.5,0.0,-9.292353247631148,-1.2870050016436032,-2.947503110111219,25.229675073218708
1767874911.1676009,1767874911167609648,Sr02_gA_IMG1_LID1_STA1_CFC64_OH0,0108_1321,A,0.5133756399154663,-0.0003063189797103405,0.5,0.0,-9.341404764591207,-1.2966976553365999,-2.945505682591998,25.186941916259126
1767874911.2901492,1767874911290158423,Sr02_gA_IMG1_LID1_STA1_CFC64_OH0,0108_1321,A,0.5091661214828491,-0.029277421534061432,0.5,0.0,-9.414981355945088,-1.3112401063275985,-2.947276375524325,25.122894315658627
1767874911.4095562,1767874911409564669,Sr02_gA_IMG1_LID1_STA1_CFC64_OH0,0108_1321,A,0.5053870677947998,-0.0048613171093165874,0.5,0.0,-9.464043912082579,-1.3208767631367673,-2.948015403922249,25.080198657911595
1767874911.5269501,1767874911526958475,Sr02_gA_IMG1_LID1_STA1_CFC64_OH0,0108_1321,A,0.5050345063209534,-0.011966708116233349,0.5,0.0,-9.513108660038737,-1.3305022591937228,-2.947731326699874,25.037524108770924
1767874911.645614,1767874911645622220,Sr02_gA_IMG1_LID1_STA1_CFC64_OH0,0108_1321,A,0.5015503168106079,-0.004836946725845337,0.5,0.0,-9.586714722501648,-1.3448947886348062,-2.949410168782368,24.973538921995512
1767874911.7637134,1767874911763722149,Sr02_gA_IMG1_LID1_STA1_CFC64_OH0,0108_1321,A,0.5115038156509399,0.00651797279715538,0.5,0.0,-9.635793523869646,-1.3544483709546624,-2.949267527265662,24.930894161106682
1767874911.8830917,1767874911883099041,Sr02_gA_IMG1_LID1_STA1_CFC64_OH0,0108_1321,A,0.5024853348731995,-0.0047944169491529465,0.5,0.0,-9.684871632811811,-1.3640055099291164,-2.9492808301101148,24.888278676217045
1767874912.0021744,1767874912002181521,Sr02_gA_IMG1_LID1_STA1_CFC64_OH0,0108_1321,A,0.49470943212509155,-0.00360297504812479,0.5,0.0,-9.758509144223103,-1.3782360678367058,-2.9528032823335657,24.824351003033748
1767874912.1279514,1767874912127959837,Sr02_gA_IMG1_LID1_STA1_CFC64_OH0,0108_1321,A,0.5118928551673889,0.009242717176675797,0.5,0.0,-9.807623027813836,-1.3876076244178945,-2.9532894319325695,24.781705447066976
1767874912.2464712,1767874912246479593,Sr02_gA_IMG1_LID1_STA1_CFC64_OH0,0108_1321,A,0.5041090250015259,-0.001414649304933846,0.5,0.0,-9.881307942876084,-1.401590870579551,-2.954871028628879,24.717749330659544
1767874912.373399,1767874912373407152,Sr02_gA_IMG1_LID1_STA1_CFC64_OH0,0108_1321,A,0.4973624348640442,-0.004143682774156332,0.5,0.0,-9.930441088020574,-1.410860912786452,-2.9553547240292906,24.675118698538746
1767874912.494938,1767874912494946005,Sr02_gA_IMG1_LID1_STA1_CFC64_OH0,0108_1321,A,0.4908287227153778,-0.0018534434493631124,0.5,0.0,-10.004137840108582,-1.4247816776859894,-2.9547164010654963,24.61123313771474
1767874912.6099615,1767874912609970211,Sr02_gA_IMG1_LID1_STA1_CFC64_OH0,0108_1321,A,0.49919697642326355,-0.010237866081297398,0.5,0.0,-10.05326952600605,-1.4340594509445974,-2.9551839280477754,24.568676204816306
1767874912.7245376,1767874912724546418,Sr02_gA_IMG1_LID1_STA1_CFC64_OH0,0108_1321,A,0.5070558190345764,0.016707148402929306,0.5,0.0,-10.10240499844569,-1.4433171506638387,-2.955544225217118,24.526136612848145
1767874912.8410413,1767874912841049546,Sr02_gA_IMG1_LID1_STA1_CFC64_OH0,0108_1321,A,0.49552664160728455,0.006086327135562897,0.5,0.0,-10.176104454466238,-1.457223577215033,-2.9545213107679915,24.462390814828932
1767874912.9602752,1767874912960283610,Sr02_gA_IMG1_LID1_STA1_CFC64_OH0,0108_1321,A,0.4960407018661499,0.01459887158125639,0.5,0.0,-10.225232765213054,-1.4665192085522825,-2.9546627731966275,24.41994241569694
1767874913.085133,1767874913085142013,Sr02_gA_IMG1_LID1_STA1_CFC64_OH0,0108_1321,A,0.5029868483543396,-0.010905961506068707,0.5,0.0,-10.274363416493816,-1.4758024597699642,-2.9550498484180108,24.37751598111037
1767874913.2060826,1767874913206090440,Sr02_gA_IMG1_LID1_STA1_CFC64_OH0,0108_1321,A,0.4954775869846344,-0.003649341408163309,0.5,0.0,-10.3480650502769,-1.4896973659402073,-2.9553965733005363,24.31391412032944
1767874913.3299098,1767874913329918943,Sr02_gA_IMG1_LID1_STA1_CFC64_OH0,0108_1321,A,0.4982287585735321,-0.003218670142814517,0.5,0.0,-10.397205553289629,-1.498928315410587,-2.9564203518184304,24.271531568456968
1767874913.452364,1767874913452372550,Sr02_gA_IMG1_LID1_STA1_CFC64_OH0,0108_1321,A,0.4986017644405365,0.016932524740695953,0.5,0.0,-10.470909826279307,-1.5128091211801928,-2.9543961625601685,24.208030893022208
1767874913.576023,1767874913576031245,Sr02_gA_IMG1_LID1_STA1_CFC64_OH0,0108_1321,A,0.4937913417816162,0.007021601311862469,0.5,0.0,-10.52003348053567,-1.522129324949016,-2.9537875302121104,24.165769783490802
1767874913.7080348,1767874913708043241,Sr02_gA_IMG1_LID1_STA1_CFC64_OH0,0108_1321,A,0.4969436228275299,0.0029605738818645477,0.5,0.0,-10.59370039609347,-1.5362070811903255,-2.9523628342163897,24.10248692846127
1767874913.8339374,1767874913833944378,Sr02_gA_IMG1_LID1_STA1_CFC64_OH0,0108_1321,A,0.4998144805431366,0.0011209703516215086,0.5,0.0,-10.642812947856195,-1.5455856047098908,-2.9533808660865586,24.060332123421198
1767874913.9600992,1767874913960107896,Sr02_gA_IMG1_LID1_STA1_CFC64_OH0,0108_1321,A,0.5068274140357971,-0.001288644503802061,0.5,0.0,-10.716492291046853,-1.5595982253338165,-2.953915348154047,23.99712611462535
1767874914.0760558,1767874914076063709,Sr02_gA_IMG1_LID1_STA1_CFC64_OH0,0108_1321,A,0.5056845545768738,-0.0064065284095704556,0.5,0.0,-10.765615706911607,-1.568919688730027,-2.9540357141563836,23.955015432574783
1767874914.191828,1767874914191836008,Sr02_gA_IMG1_LID1_STA1_CFC64_OH0,0108_1321,A,0.4989596903324127,0.007822418585419655,0.5,0.0,-10.839283313719976,-1.5829937971491181,-2.9518922726430032,23.891957126000612
1767874914.3108737,1767874914310883573,Sr02_gA_IMG1_LID1_STA1_CFC64_OH0,0108_1321,A,0.4990110695362091,0.007820094004273415,0.5,0.0,-10.88838305455959,-1.5924391681269372,-2.9512307215802362,23.84999131463438
1767874914.438772,1767874914438779077,Sr02_gA_IMG1_LID1_STA1_CFC64_OH0,0108_1321,A,0.4662034511566162,0.02905624732375145,0.5,0.0,-10.937478441103048,-1.6019071502172832,-2.9509346638111,23.808069092833918
1767874914.5554235,1767874914555432787,Sr02_gA_IMG1_LID1_STA1_CFC64_OH0,0108_1321,A,0.4786687195301056,0.0009412039071321487,0.5,0.0,-11.011117734475434,-1.616128744454259,-2.9507297251152775,23.745255323547944
1767874914.6767457,1767874914676753923,Sr02_gA_IMG1_LID1_STA1_CFC64_OH0,0108_1321,A,0.48504185676574707,0.004940001759678125,0.5,0.0,-11.06021038725923,-1.6256108920032686,-2.9508585875110556,23.70341944499655
1767874914.7976117,1767874914797620948,Sr02_gA_IMG1_LID1_STA1_CFC64_OH0,0108_1321,A,0.48466792702674866,0.004985061474144459,0.5,0.0,-11.133856132828962,-1.639799024257819,-2.951483814098737,23.64070546217002
1767874914.9170723,1767874914917081016,Sr02_gA_IMG1_LID1_STA1_CFC64_OH0,0108_1321,A,0.504804790019989,0.005126426462084055,0.5,0.0,-11.18295161299883,-1.6492665150771606,-2.9507015743636,23.598940866480813
1767874915.039222,1767874915039232648,Sr02_gA_IMG1_LID1_STA1_CFC64_OH0,0108_1321,A,0.5078010559082031,-0.002724141115322709,0.5,0.0,-11.232039673399285,-1.6587724017639136,-2.9499195662404274,23.557229921703506
1767874915.158082,1767874915158091501,Sr02_gA_IMG1_LID1_STA1_CFC64_OH0,0108_1321,A,0.507890522480011,-0.002408695872873068,0.5,0.0,-11.305640678196209,-1.6731905595496108,-2.946267009342468,23.49481419506851
1767874915.2755966,1767874915275604121,Sr02_gA_IMG1_LID1_STA1_CFC64_OH0,0108_1321,A,0.5011407136917114,-0.00026306603103876114,0.5,0.0,-11.354689444202938,-1.6828971673104183,-2.946172883115976,23.4532982861545
1767874915.3979735,1767874915397981766,Sr02_gA_IMG1_LID1_STA1_CFC64_OH0,0108_1321,A,0.5070822834968567,0.004581314045935869,0.5,0.0,-11.428257068647122,-1.6974849590552867,-2.9454709738759672,23.391102561845248
1767874915.5231485,1767874915523158526,Sr02_gA_IMG1_LID1_STA1_CFC64_OH0,0108_1321,A,0.5104299187660217,-0.003522830083966255,0.5,0.0,-11.477296120375051,-1.7072405234591015,-2.9449724685465712,23.34969790685811
1767874915.6458902,1767874915645897839,Sr02_gA_IMG1_LID1_STA1_CFC64_OH0,0108_1321,A,0.5103955268859863,-0.0033546206541359425,0.5,0.0,-11.550845754662781,-1.7219187514217984,-2.9444390167076255,23.287679939148514
1767874915.7683103,1767874915768320339,Sr02_gA_IMG1_LID1_STA1_CFC64_OH0,0108_1321,A,0.5061566233634949,0.008104555308818817,0.5,0.0,-11.599878488005901,-1.7317060252277006,-2.9447082759708727,23.24637816556575
1767874915.8937757,1767874915893783746,Sr02_gA_IMG1_LID1_STA1_CFC64_OH0,0108_1321,A,0.500519871711731,-0.006508690770715475,0.5,0.0,-11.648913702295841,-1.7414808618215363,-2.944949145231401,23.205103449931713
1767874916.019864,1767874916019874639,Sr02_gA_IMG1_LID1_STA1_CFC64_OH0,0108_1321,A,0.5195363759994507,-0.01387782208621502,0.5,0.0,-11.722468787578144,-1.7561317564741241,-2.944913178953188,23.143249337797947
1767874916.1438947,1767874916143903729,Sr02_gA_IMG1_LID1_STA1_CFC64_OH0,0108_1321,A,0.5195173621177673,-0.01375716645270586,0.5,0.0,-11.771502587635812,-1.7659136832360711,-2.9444550485852425,23.102065011523678
1767874916.263607,1767874916263615100,Sr02_gA_IMG1_LID1_STA1_CFC64_OH0,0108_1321,A,0.5086342096328735,0.006524551659822464,0.5,0.0,-11.845052650345805,-1.7805897671316862,-2.944899060659158,23.040355792261558
1767874916.3859718,1767874916385979841,Sr02_gA_IMG1_LID1_STA1_CFC64_OH0,0108_1321,A,0.5024648904800415,-0.00526405917480588,0.5,0.0,-11.89409019033573,-1.790352929083526,-2.94523452218587,22.999248059389686
1767874916.5105612,1767874916510568640,Sr02_gA_IMG1_LID1_STA1_CFC64_OH0,0108_1321,A,0.5024808645248413,-0.005073303356766701,0.5,0.0,-11.967640330451387,-1.8050286091381336,-2.9443111037747487,22.93767071577612
1767874916.633337,1767874916633345514,Sr02_gA_IMG1_LID1_STA1_CFC64_OH0,0108_1321,A,0.5043079257011414,-0.010603015311062336,0.5,0.0,-12.016673664622752,-1.8148128686778187,-2.944961970920497,22.896663908654958
1767874916.7506752,1767874916750683487,Sr02_gA_IMG1_LID1_STA1_CFC64_OH0,0108_1321,A,0.4956486225128174,0.000231835525482893,0.5,0.0,-12.090243634722754,-1.829388765095111,-2.947041222166266,22.835162134377654
1767874916.8721037,1767874916872110713,Sr02_gA_IMG1_LID1_STA1_CFC64_OH0,0108_1321,A,0.4979071021080017,-0.005463453009724617,0.5,0.0,-12.139306892217911,-1.839021837408276,-2.9482141309179015,22.794156646083547
1767874916.9982333,1767874916998241781,Sr02_gA_IMG1_LID1_STA1_CFC64_OH0,0108_1321,A,0.49790483713150024,-0.005326669197529554,0.5,0.0,-12.188371779410948,-1.8486466199599467,-2.9475616811399443,22.753182283984486
1767874917.1172144,1767874917117222242,Sr02_gA_IMG1_LID1_STA1_CFC64_OH0,0108_1321,A,0.5030727982521057,-0.0020087433513253927,0.5,0.0,-12.26196692116423,-1.8630949470556144,-2.9481136004232487,22.69179512601243
1767874917.2420385,1767874917242046934,Sr02_gA_IMG1_LID1_STA1_CFC64_OH0,0108_1321,A,0.5100265145301819,-0.010484417900443077,0.5,0.0,-12.311036416773703,-1.8726962089524026,-2.948620929969788,22.650897718331727
1767874917.364916,1767874917364931209,Sr02_gA_IMG1_LID1_STA1_CFC64_OH0,0108_1321,A,0.5085271596908569,0.0024903337471187115,0.5,0.0,-12.384654746660406,-1.8870258889227614,-2.9499393893905665,22.58957783858334
1767874917.4891493,1767874917489157980,Sr02_gA_IMG1_LID1_STA1_CFC64_OH0,0108_1321,A,0.5084988474845886,0.0026080328971147537,0.5,0.0,-12.433739166126148,-1.8965505646941365,-2.949916206518606,22.54872713075762
1767874917.6108365,1767874917610844552,Sr02_gA_IMG1_LID1_STA1_CFC64_OH0,0108_1321,A,0.5071770548820496,0.005478721112012863,0.5,0.0,-12.507371473387332,-1.9108082748870676,-2.9507329831964197,22.48750310876952
1767874917.7315881,1767874917731596302,Sr02_gA_IMG1_LID1_STA1_CFC64_OH0,0108_1321,A,0.5028517842292786,-0.006596993189305067,0.5,0.0,-12.556466069955741,-1.9202803502495844,-2.9512656492530693,22.446714035388077
1767874917.8530102,1767874917853018688,Sr02_gA_IMG1_LID1_STA1_CFC64_OH0,0108_1321,A,0.5089337229728699,0.0011269052047282457,0.5,0.0,-12.630114243723353,-1.9344558815201125,-2.9518212262768007,22.385581214379467
1767874917.9744873,1767874917974495076,Sr02_gA_IMG1_LID1_STA1_CFC64_OH0,0108_1321,A,0.5088317394256592,0.001133438665419817,0.5,0.0,-12.679221483908698,-1.9438621788804928,-2.95273992607191,22.34484688195439
1767874918.0916743,1767874918091684120,Sr02_gA_IMG1_LID1_STA1_CFC64_OH0,0108_1321,A,0.5024198889732361,-0.0019358790013939142,0.5,0.0,-12.728331324595091,-1.9532549004198376,-2.952490895868695,22.3041422049164
1767874918.2133412,1767874918213349673,Sr02_gA_IMG1_LID1_STA1_CFC64_OH0,0108_1321,A,0.4976733922958374,0.007918009534478188,0.5,0.0,-12.801991588887619,-1.9673674720357972,-2.9520733403930652,22.243170204396062
1767874918.3364394,1767874918336448280,Sr02_gA_IMG1_LID1_STA1_CFC64_OH0,0108_1321,A,0.49762922525405884,0.007975260727107525,0.5,0.0,-12.851093748212385,-1.976800264312023,-2.9515254697895323,22.202584457638366
1767874918.4599743,1767874918459982945,Sr02_gA_IMG1_LID1_STA1_CFC64_OH0,0108_1321,A,0.5055748224258423,0.00752557348459959,0.5,0.0,-12.924748312420682,-1.9909425436518762,-2.952239778700564,22.14177393152398
1767874918.5773747,1767874918577383556,Sr02_gA_IMG1_LID1_STA1_CFC64_OH0,0108_1321,A,0.5066829919815063,-0.004758924245834351,0.5,0.0,-12.97385409117494,-2.0003564787119608,-2.952127088822539,22.10127350078689
1767874918.6993153,1767874918699322702,Sr02_gA_IMG1_LID1_STA1_CFC64_OH0,0108_1321,A,0.5007840991020203,0.0024629407562315464,0.5,0.0,-13.022958805680492,-2.0097759634977272,-2.952013745146381,22.060815363443453
1767874918.8195555,1767874918819564056,Sr02_gA_IMG1_LID1_STA1_CFC64_OH0,0108_1321,A,0.5007696151733398,0.002629239112138748,0.5,0.0,-13.096616272002715,-2.0239031327595773,-2.952144204636773,22.000200484249316
1767874918.9449155,1767874918944926375,Sr02_gA_IMG1_LID1_STA1_CFC64_OH0,0108_1321,A,0.5084772109985352,0.008066155947744846,0.5,0.0,-13.14571794859241,-2.0333384339477507,-2.9513524070776875,21.959850262406636
1767874919.070458,1767874919070468371,Sr02_gA_IMG1_LID1_STA1_CFC64_OH0,0108_1321,A,0.5059491395950317,-0.0008503167191520333,0.5,0.0,-13.219356365989425,-2.04756454023928,-2.950161189096823,21.89944376704296
1767874919.1967387,1767874919196747398,Sr02_gA_IMG1_LID1_STA1_CFC64_OH0,0108_1321,A,0.5032235383987427,0.010576838627457619,0.5,0.0,-13.2684394228424,-2.0570962292274304,-2.9494086328834226,21.85925184980492
1767874919.3202913,1767874919320301138,Sr02_gA_IMG1_LID1_STA1_CFC64_OH0,0108_1321,A,0.5032128095626831,0.01065538078546524,0.5,0.0,-13.342063593880232,-2.0713958976593174,-2.949978028986654,21.799041360091003
1767874919.4429066,1767874919442914677,Sr02_gA_IMG1_LID1_STA1_CFC64_OH0,0108_1321,A,0.5077934861183167,0.004343357402831316,0.5,0.0,-13.391147318594976,-2.080924152405427,-2.949731735742232,21.75894913005994
1767874919.5608108,1767874919560819123,Sr02_gA_IMG1_LID1_STA1_CFC64_OH0,0108_1321,A,0.5045353174209595,0.0036695371381938457,0.5,0.0,-13.46476808942179,-2.095241319618341,-2.9491742474799656,21.698903062251627
1767874919.685181,1767874919685190676,Sr02_gA_IMG1_LID1_STA1_CFC64_OH0,0108_1321,A,0.5035537481307983,-0.0012624884257093072,0.5,0.0,-13.513841456020305,-2.1048227724373763,-2.948367633294261,21.658946622532724
1767874919.8096178,1767874919809626259,Sr02_gA_IMG1_LID1_STA1_CFC64_OH0,0108_1321,A,0.5035613775253296,-0.0012173891300335526,0.5,0.0,-13.587446130006622,-2.119222467934949,-2.948152368226287,21.599107313095416
1767874919.9288235,1767874919928832073,Sr02_gA_IMG1_LID1_STA1_CFC64_OH0,0108_1321,A,0.49942994117736816,0.007813548669219017,0.5,0.0,-13.63650846946222,-2.1288602216696844,-2.9470946862821754,21.559290525144785
1767874920.050296,1767874920050303883,Sr02_gA_IMG1_LID1_STA1_CFC64_OH0,0108_1321,A,0.4976365268230438,-0.005551548674702644,0.5,0.0,-13.685560549710944,-2.1385500549860694,-2.9460291500065034,21.519548456700548
1767874920.173841,1767874920173848928,Sr02_gA_IMG1_LID1_STA1_CFC64_OH0,0108_1321,A,0.5018936395645142,0.005182660650461912,0.5,0.0,-13.75912444930597,-2.153156619711744,-2.9452581401900897,21.46006040157609
1767874920.2923632,1767874920292371262,Sr02_gA_IMG1_LID1_STA1_CFC64_OH0,0108_1321,A,0.5019116997718811,0.005247392691671848,0.5,0.0,-13.808162066105435,-2.1629193956270334,-2.9448911869329013,21.42047142340248
1767874920.4102206,1767874920410228881,Sr02_gA_IMG1_LID1_STA1_CFC64_OH0,0108_1321,A,0.49811848998069763,-0.003962233196943998,0.5,0.0,-13.881716491567362,-2.177573602061493,-2.9450303339854598,21.361176104106324
1767874920.5345879,1767874920534595224,Sr02_gA_IMG1_LID1_STA1_CFC64_OH0,0108_1321,A,0.5034566521644592,0.005227336194366217,0.5,0.0,-13.930754270079676,-2.1873355669496997,-2.945152072702026,21.321696143643667
1767874920.6591923,1767874920659200706,Sr02_gA_IMG1_LID1_STA1_CFC64_OH0,0108_1321,A,0.5035000443458557,0.005262465216219425,0.5,0.0,-14.004303823696802,-2.2020141902941783,-2.944380991487325,21.262581627593352
1767874920.7761621,1767874920776170100,Sr02_gA_IMG1_LID1_STA1_CFC64_OH0,0108_1321,A,0.5009096264839172,-0.010719693265855312,0.5,0.0,-14.053337373652118,-2.211797369611735,-2.9449361452260834,21.223226100150438
1767874920.8952203,1767874920895230031,Sr02_gA_IMG1_LID1_STA1_CFC64_OH0,0108_1321,A,0.4975874722003937,-0.0046877386048436165,0.5,0.0,-14.102371104199458,-2.2215796441850273,-2.9444178882225107,21.183914901303353
1767874921.0128167,1767874921012824917,Sr02_gA_IMG1_LID1_STA1_CFC64_OH0,0108_1321,A,0.4964226484298706,0.00569030549377203,0.5,0.0,-14.17591230497105,-2.2363000663061467,-2.9438162610099563,21.12506258032766
1767874921.1319623,1767874921131971862,Sr02_gA_IMG1_LID1_STA1_CFC64_OH0,0108_1321,A,0.49641966819763184,0.005714297294616699,0.5,0.0,-14.224939542772319,-2.2461148308906247,-2.9442124831353307,21.085885375407432
1767874921.2523715,1767874921252379128,Sr02_gA_IMG1_LID1_STA1_CFC64_OH0,0108_1321,A,0.4982336759567261,0.0028008250519633293,0.5,0.0,-14.273967016430772,-2.2559284162621855,-2.9437816529462775,21.04675327866448
1767874921.3753743,1767874921375382789,Sr02_gA_IMG1_LID1_STA1_CFC64_OH0,0108_1321,A,0.4657667577266693,0.008578535169363022,0.5,0.0,-14.347498634520415,-2.270696629972132,-2.942993338350798,20.988172167327413
1767874921.4939895,1767874921493998979,Sr02_gA_IMG1_LID1_STA1_CFC64_OH0,0108_1321,A,0.46557551622390747,0.008544694632291794,0.5,0.0,-14.396521103766904,-2.280535174187768,-2.9440652936945626,20.94917182884576
1767874921.6140842,1767874921614092707,Sr02_gA_IMG1_LID1_STA1_CFC64_OH0,0108_1321,A,0.49636316299438477,0.012673706747591496,0.5,0.0,-14.470069482155838,-2.2952196922756225,-2.9447853223058185,20.890712261743197
1767874921.7314801,1767874921731488160,Sr02_gA_IMG1_LID1_STA1_CFC64_OH0,0108_1321,A,0.4899570643901825,-0.0054907891899347305,0.5,0.0,-14.519101488087713,-2.3050106069369662,-2.944216294898108,20.851798822771602
1767874921.8539953,1767874921854004799,Sr02_gA_IMG1_LID1_STA1_CFC64_OH0,0108_1321,A,0.4960433840751648,-0.00027810479514300823,0.5,0.0,-14.568127902978535,-2.3148294794751387,-2.9436448661216317,20.812950705653538
1767874921.9773998,1767874921977408389,Sr02_gA_IMG1_LID1_STA1_CFC64_OH0,0108_1321,A,0.49611932039260864,-0.00012480700388550758,0.5,0.0,-14.64165941162294,-2.3295982448710713,-2.9431664714720465,20.754794123937053
1767874922.1003191,1767874922100326820,Sr02_gA_IMG1_LID1_STA1_CFC64_OH0,0108_1321,A,0.49324652552604675,-0.00524374283850193,0.5,0.0,-14.690674076571053,-2.339475600275695,-2.942308623779296,20.71610358840107
1767874922.217422,1767874922217430467,Sr02_gA_IMG1_LID1_STA1_CFC64_OH0,0108_1321,A,0.48899832367897034,0.010368380695581436,0.5,0.0,-14.764180149326899,-2.3543704240322714,-2.9409849570715045,20.65820996707958
1767874922.3370473,1767874922337056289,Sr02_gA_IMG1_LID1_STA1_CFC64_OH0,0108_1321,A,0.49287426471710205,0.00037029734812676907,0.5,0.0,-14.813171102872522,-2.3643647133532473,-2.939717589349282,20.619717422520978
1767874922.4563823,1767874922456390455,Sr02_gA_IMG1_LID1_STA1_CFC64_OH0,0108_1321,A,0.49289795756340027,0.00041730492375791073,0.5,0.0,-14.886653973458015,-2.379373602520961,-2.940384816107786,20.562082875306338
1767874922.57129,1767874922571299108,Sr02_gA_IMG1_LID1_STA1_CFC64_OH0,0108_1321,A,0.5013118982315063,0.0004192714113742113,0.5,0.0,-14.935645404433789,-2.3893655679847594,-2.940412626627897,20.52371304382664
1767874922.693644,1767874922693651409,Sr02_gA_IMG1_LID1_STA1_CFC64_OH0,0108_1321,A,0.5018147826194763,-0.0035772849805653095,0.5,0.0,-14.984637036691867,-2.3993565464809032,-2.940425107425177,20.485392734935477
1767874922.814075,1767874922814082981,Sr02_gA_IMG1_LID1_STA1_CFC64_OH0,0108_1321,A,0.5018072128295898,-0.0035781445913016796,0.5,0.0,-15.058128957556752,-2.414321058105193,-2.9409531727385754,20.42799251035242
1767874922.9381714,1767874922938179841,Sr02_gA_IMG1_LID1_STA1_CFC64_OH0,0108_1321,A,0.49693554639816284,-0.004558112937957048,0.5,0.0,-15.1071207463803,-2.4243112576513566,-2.939916339690896,20.38979832024373
1767874923.061376,1767874923061385020,Sr02_gA_IMG1_LID1_STA1_CFC64_OH0,0108_1321,A,0.5024401545524597,0.0033859689719974995,0.5,0.0,-15.180598783531915,-2.439343800320353,-2.9397598667422464,20.332634295096533
1767874923.1865094,1767874923186519314,Sr02_gA_IMG1_LID1_STA1_CFC64_OH0,0108_1321,A,0.4981887638568878,-0.006173998117446899,0.5,0.0,-15.22958361193586,-2.449368084275439,-2.9397181166571507,20.29459119071907
1767874923.3127952,1767874923312803362,Sr02_gA_IMG1_LID1_STA1_CFC64_OH0,0108_1321,A,0.49818921089172363,-0.006177794653922319,0.5,0.0,-15.278568020806855,-2.4593944181109113,-2.9396761895850054,20.25660141735774
1767874923.4336083,1767874923433616218,Sr02_gA_IMG1_LID1_STA1_CFC64_OH0,0108_1321,A,0.5000023245811462,0.0048019420355558395,0.5,0.0,-15.352047770367268,-2.474418583972832,-2.9401728300893124,20.19970463798208
1767874923.5565355,1767874923556545461,Sr02_gA_IMG1_LID1_STA1_CFC64_OH0,0108_1321,A,0.5060368776321411,0.0029590106569230556,0.5,0.0,-15.401038731562563,-2.4844128512044064,-2.9405306439631613,20.161824676367804
1767874923.6814075,1767874923681416040,Sr02_gA_IMG1_LID1_STA1_CFC64_OH0,0108_1321,A,0.5124668478965759,-0.00684719905257225,0.5,0.0,-15.47453266950586,-2.499367455376395,-2.941045683597553,20.10507947036733
1767874923.8039012,1767874923803910548,Sr02_gA_IMG1_LID1_STA1_CFC64_OH0,0108_1321,A,0.5173001885414124,-0.003603427903726697,0.5,0.0,-15.523528867466442,-2.5093360181888107,-2.940707087725353,20.06731512806146
1767874923.9249318,1767874923924939880,Sr02_gA_IMG1_LID1_STA1_CFC64_OH0,0108_1321,A,0.5057960152626038,0.01953965425491333,0.5,0.0,-15.597027551344144,-2.5242672724126654,-2.9416332545408896,20.0107547451651
1767874924.0451372,1767874924045145670,Sr02_gA_IMG1_LID1_STA1_CFC64_OH0,0108_1321,A,0.5047396421432495,0.011044301092624664,0.5,0.0,-15.6460343450059,-2.5341836113775402,-2.942251032995636,19.97308987814125
1767874924.1690917,1767874924169098681,Sr02_gA_IMG1_LID1_STA1_CFC64_OH0,0108_1321,A,0.5008403658866882,0.0006639475468546152,0.5,0.0,-15.71954385507096,-2.5490614805868392,-2.9415860377412617,19.91669664310844
1767874924.2926123,1767874924292621205,Sr02_gA_IMG1_LID1_STA1_CFC64_OH0,0108_1321,A,0.4911309480667114,-0.0018410107586532831,0.5,0.0,-15.768545644714319,-2.5590025205981,-2.9412901371291027,19.879184638709553
1767874924.4103084,1767874924410319045,Sr02_gA_IMG1_LID1_STA1_CFC64_OH0,0108_1321,A,0.5110093355178833,-0.005465425085276365,0.5,0.0,-15.842053628150582,-2.5738879231432965,-2.942219897256667,19.823002294910207
1767874924.5307155,1767874924530723467,Sr02_gA_IMG1_LID1_STA1_CFC64_OH0,0108_1321,A,0.5037531852722168,-0.0006006599869579077,0.5,0.0,-15.891064843697041,-2.5837823868701055,-2.9423488218468004,19.785596959375237
1767874924.6531715,1767874924653179814,Sr02_gA_IMG1_LID1_STA1_CFC64_OH0,0108_1321,A,0.5026692152023315,0.0006398321129381657,0.5,0.0,-15.940065967100331,-2.5937266713001077,-2.940394864547646,19.748281219855002
1767874924.7755985,1767874924775607406,Sr02_gA_IMG1_LID1_STA1_CFC64_OH0,0108_1321,A,0.49133574962615967,-0.00559588149189949,0.5,0.0,-16.013539422997162,-2.608781546985787,-2.9387570598340895,19.69250756334204
1767874924.8989327,1767874924898943491,Sr02_gA_IMG1_LID1_STA1_CFC64_OH0,0108_1321,A,0.5025303959846497,-0.032742347568273544,0.5,0.0,-16.062514050105523,-2.618855552227469,-2.938690662976528,19.655421822799056
1767874925.0179632,1767874925017971514,Sr02_gA_IMG1_LID1_STA1_CFC64_OH0,0108_1321,A,0.4767357110977173,-0.01349874772131443,0.5,0.0,-16.135977282138306,-2.633960279413987,-2.939014248289319,19.59989648376649
1767874925.1380076,1767874925138016293,Sr02_gA_IMG1_LID1_STA1_CFC64_OH0,0108_1321,A,0.4883679151535034,-0.011740654706954956,0.5,0.0,-16.184957579164116,-2.644006677973548,-2.9395607896889495,19.562935657482488
1767874925.2569818,1767874925256991046,Sr02_gA_IMG1_LID1_STA1_CFC64_OH0,0108_1321,A,0.4978495240211487,-0.001005667494609952,0.5,0.0,-16.233940921684063,-2.6540382201213144,-2.9396208593119177,19.526022661226616
1767874925.3750265,1767874925375033904,Sr02_gA_IMG1_LID1_STA1_CFC64_OH0,0108_1321,A,0.5007848739624023,-0.0098324716091156,0.5,0.0,-16.30741604501117,-2.66908499837006,-2.9396120489935864,19.470762329964252
1767874925.4955714,1767874925495581284,Sr02_gA_IMG1_LID1_STA1_CFC64_OH0,0108_1321,A,0.5198264122009277,-0.014037476852536201,0.5,0.0,-16.35640240432754,-2.6791017951953315,-2.9401716348990536,19.43398565373014
1767874925.6194263,1767874925619433837,Sr02_gA_IMG1_LID1_STA1_CFC64_OH0,0108_1321,A,0.5117745399475098,-0.00932888314127922,0.5,0.0,-16.42991842805102,-2.693947100003946,-2.9444266362284686,19.37880705277256
1767874925.7363896,1767874925736398013,Sr02_gA_IMG1_LID1_STA1_CFC64_OH0,0108_1321,A,0.5109870433807373,-0.003915691748261452,0.5,0.0,-16.47895630410124,-2.703708555624644,-2.945776509934194,19.342001684459305
1767874925.8569098,1767874925856922200,Sr02_gA_IMG1_LID1_STA1_CFC64_OH0,0108_1321,A,0.4919641613960266,-0.02303050085902214,0.5,0.0,-16.528006460665235,-2.713408119369968,-2.946950574829906,19.305212842909306
1767874925.9762084,1767874925976216552,Sr02_gA_IMG1_LID1_STA1_CFC64_OH0,0108_1321,A,0.5048930048942566,-0.017363887280225754,0.5,0.0,-16.60159426862891,-2.727893759503518,-2.9474043953378732,19.2500971348038
1767874926.0981038,1767874926098111307,Sr02_gA_IMG1_LID1_STA1_CFC64_OH0,0108_1321,A,0.4981740713119507,0.00202333927154541,0.5,0.0,-16.650659232755615,-2.7375181439902625,-2.948387639010117,19.21340546678256
1767874926.2181027,1767874926218111001,Sr02_gA_IMG1_LID1_STA1_CFC64_OH0,0108_1321,A,0.49400320649147034,7.638707756996155e-06,0.5,0.0,-16.724278205126435,-2.7518444902348165,-2.9503570354962836,19.15840435752
1767874926.3423357,1767874926342343667,Sr02_gA_IMG1_LID1_STA1_CFC64_OH0,0108_1321,A,0.5093079805374146,0.0021206792443990707,0.5,0.0,-16.77337113419382,-2.7613251978697786,-2.9512899225638964,19.12176374830396
1767874926.4628627,1767874926462871100,Sr02_gA_IMG1_LID1_STA1_CFC64_OH0,0108_1321,A,0.509585976600647,0.0025442237965762615,0.5,0.0,-16.82247033238646,-2.7707733928285054,-2.951681495240456,19.085161198517376
1767874926.5816367,1767874926581644176,Sr02_gA_IMG1_LID1_STA1_CFC64_OH0,0108_1321,A,0.48813506960868835,0.01613885909318924,0.5,0.0,-16.896141176905765,-2.7848304484335906,-2.954697091621231,19.03029154609419
1767874926.700776,1767874926700783889,Sr02_gA_IMG1_LID1_STA1_CFC64_OH0,0108_1321,A,0.5244027376174927,-0.05031473562121391,0.5,0.0,-16.945278505174617,-2.794078260357833,-2.956433478716494,18.99370232411428
1767874926.8192234,1767874926819231395,Sr02_gA_IMG1_LID1_STA1_CFC64_OH0,0108_1321,A,0.504457950592041,-0.028004959225654602,0.5,0.0,-17.018997051779834,-2.80788315586974,-2.9563641776282013,18.938886954331487
1767874926.9367714,1767874926936780808,Sr02_gA_IMG1_LID1_STA1_CFC64_OH0,0108_1321,A,0.5065861344337463,-0.02773892506957054,0.5,0.0,-17.068141755026698,-2.817091729362845,-2.9563634136391124,18.90242408596402
1767874927.056699,1767874927056707716,Sr02_gA_IMG1_LID1_STA1_CFC64_OH0,0108_1321,A,0.5135061740875244,-0.017191708087921143,0.5,0.0,-17.117285477980065,-2.8263055324838713,-2.9561513476784262,18.86602690972773
1767874927.176067,1767874927176075296,Sr02_gA_IMG1_LID1_STA1_CFC64_OH0,0108_1321,A,0.5120012760162354,0.03909152373671532,0.5,0.0,-17.190997002828308,-2.8401478701798037,-2.9556422473101804,18.81156343795731
1767874927.2954674,1767874927295475498,Sr02_gA_IMG1_LID1_STA1_CFC64_OH0,0108_1321,A,0.5147296190261841,0.04545016214251518,0.5,0.0,-17.240127568153593,-2.849431548932531,-2.9540283669367495,18.775372081470827
1767874927.4137042,1767874927413713391,Sr02_gA_IMG1_LID1_STA1_CFC64_OH0,0108_1321,A,0.5101870894432068,-0.024191580712795258,0.5,0.0,-17.31382984898279,-2.8632049588030255,-2.9601444169173923,18.721115708455862
1767874927.5322826,1767874927532290861,Sr02_gA_IMG1_LID1_STA1_CFC64_OH0,0108_1321,A,0.49372220039367676,0.029608111828565598,0.5,0.0,-17.363021584789614,-2.8721587946927816,-2.96294490958282,18.68485161136741
1767874927.6538382,1767874927653846791,Sr02_gA_IMG1_LID1_STA1_CFC64_OH0,0108_1321,A,0.5191232562065125,-0.010536097921431065,0.5,0.0,-17.412238085838364,-2.8809754893238,-2.9657187977564403,18.648554972187945
1767874927.7708256,1767874927770834813,Sr02_gA_IMG1_LID1_STA1_CFC64_OH0,0108_1321,A,0.5241329669952393,-0.014919435605406761,0.5,0.0,-17.48608942119188,-2.8939873843215245,-2.96812761740498,18.594089423021483
1767874927.8923476,1767874927892355798,Sr02_gA_IMG1_LID1_STA1_CFC64_OH0,0108_1321,A,0.5344244837760925,-0.019284047186374664,0.5,0.0,-17.535322056332387,-2.9027134432966215,-2.9642184934595672,18.557888405865572
1767874928.010525,1767874928010533379,Sr02_gA_IMG1_LID1_STA1_CFC64_OH0,0108_1321,A,0.5099270939826965,0.018198706209659576,0.5,0.0,-17.584517895263193,-2.911644559918285,-2.9597370758247408,18.52189605514171
1767874928.128541,1767874928128549587,Sr02_gA_IMG1_LID1_STA1_CFC64_OH0,0108_1321,A,0.5290209650993347,0.023789431899785995,0.5,0.0,-17.65824845958491,-2.925186756566132,-2.9612345459413896,18.468163415189704
1767874928.2481682,1767874928248179309,Sr02_gA_IMG1_LID1_STA1_CFC64_OH0,0108_1321,A,0.4973256587982178,0.02610068768262863,0.5,0.0,-17.707424082484604,-2.934228655592358,-2.958273759624057,18.432413538905074
1767874928.367018,1767874928367025623,Sr02_gA_IMG1_LID1_STA1_CFC64_OH0,0108_1321,A,0.494075208902359,-0.008655199781060219,0.5,0.0,-17.781165813364137,-2.9478709839789623,-2.9595155702829845,18.378975970601466
1767874928.4851985,1767874928485206089,Sr02_gA_IMG1_LID1_STA1_CFC64_OH0,0108_1321,A,0.49977222084999084,0.07451695203781128,0.5,0.0,-17.83034603131658,-2.95688793364808,-2.9610075111433347,18.343375133464548
1767874928.605656,1767874928605667710,Sr02_gA_IMG1_LID1_STA1_CFC64_OH0,0108_1321,A,0.44994810223579407,0.04405421391129494,0.5,0.0,-17.87954159478353,-2.9658207631680016,-2.9629359093681202,18.30778146030015
1767874928.7252274,1767874928725235366,Sr02_gA_IMG1_LID1_STA1_CFC64_OH0,0108_1321,A,0.521554708480835,0.004477537237107754,0.5,0.0,-17.95333661551401,-2.979197114397055,-2.9609085572651184,18.254503246376238
1767874928.841116,1767874928841123617,Sr02_gA_IMG1_LID1_STA1_CFC64_OH0,0108_1321,A,0.5222396850585938,0.05000771954655647,0.5,0.0,-18.00251192793353,-2.9882407393472,-2.9585296191571633,18.219158646233335
1767874928.9613745,1767874928961380925,Sr02_gA_IMG1_LID1_STA1_CFC64_OH0,0108_1321,A,0.5062823295593262,0.030340537428855896,0.5,0.0,-18.051664727011083,-2.99740592419923,-2.955942668946466,18.183970638211136
1767874929.0830998,1767874929083109439,Sr02_gA_IMG1_LID1_STA1_CFC64_OH0,0108_1321,A,0.46433985233306885,0.12083997577428818,0.5,0.0,-18.12536486323434,-3.011248684329131,-2.956167374828622,18.131397327154126
1767874929.2038462,1767874929203854381,Sr02_gA_IMG1_LID1_STA1_CFC64_OH0,0108_1321,A,0.4310789108276367,0.20752564072608948,0.5,0.5,-18.174454346935274,-3.020637336454808,-2.9489037862851273,18.096564170272302
1767874929.326035,1767874929326043419,Sr02_gA_IMG1_LID1_STA1_CFC64_OH0,0108_1321,A,0.24189700186252594,0.07358433306217194,0.5,0.0,-18.2480097551018,-3.0352597585283996,-2.942764279112871,18.04482339665711
1767874929.4460788,1767874929446086716,Sr02_gA_IMG1_LID1_STA1_CFC64_OH0,0108_1321,A,0.4474334716796875,0.08847001194953918,0.5,0.0,-18.297022472856302,-3.0451467771603333,-2.9423165234933544,18.01052045195661
1767874929.565753,1767874929565761152,Sr02_gA_IMG1_LID1_STA1_CFC64_OH0,0108_1321,A,0.4851480722427368,-0.009420664981007576,0.5,0.0,-18.345997899007976,-3.0551613160457536,-2.937396424166008,17.976395461101504
1767874929.688801,1767874929688811363,Sr02_gA_IMG1_LID1_STA1_CFC64_OH0,0108_1321,A,0.5327690243721008,-0.02623751014471054,0.5,0.0,-18.419388125282893,-3.0705624288621194,-2.9320847824525007,17.925627759428203
1767874929.814368,1767874929814375775,Sr02_gA_IMG1_LID1_STA1_CFC64_OH0,0108_1321,A,0.5131217837333679,-0.010331105440855026,0.5,0.0,-18.46819885414971,-3.0812337717831495,-2.920336088153227,17.892207394453827
1767874929.9350162,1767874929935025649,Sr02_gA_IMG1_LID1_STA1_CFC64_OH0,0108_1321,A,0.5143440365791321,0.0029886183328926563,0.5,0.0,-18.54104777825724,-3.0986869736194027,-2.89213822663284,17.843367669773865
1767874930.052903,1767874930052911814,Sr02_gA_IMG1_LID1_STA1_CFC64_OH0,0108_1321,A,0.5069661140441895,-0.032793644815683365,0.5,0.0,-18.589404714593044,-3.111213058770567,-2.884430848912041,17.811601599157214
1767874930.1748812,1767874930174888554,Sr02_gA_IMG1_LID1_STA1_CFC64_OH0,0108_1321,A,0.516420841217041,-0.0370435006916523,0.5,0.0,-18.661767699438922,-3.1307445440379684,-2.873174044041774,17.764687276997638
1767874930.2939575,1767874930293965702,Sr02_gA_IMG1_LID1_STA1_CFC64_OH0,0108_1321,A,0.5134502053260803,-0.009320293553173542,0.5,0.0,-18.70998362067341,-3.143981778169521,-2.874284256448,17.733667319597277
1767874930.415336,1767874930415345553,Sr02_gA_IMG1_LID1_STA1_CFC64_OH0,0108_1321,A,0.4935331642627716,0.015398641116917133,0.5,0.0,-18.75822515487689,-3.1571253175013863,-2.876907999588384,17.70265791437509
1767874930.5361469,1767874930536155958,Sr02_gA_IMG1_LID1_STA1_CFC64_OH0,0108_1321,A,0.4993595778942108,0.0007275564130395651,0.5,0.0,-18.83063417040808,-3.1766684102959077,-2.878642612949959,17.65616683400691
1767874930.6583078,1767874930658315882,Sr02_gA_IMG1_LID1_STA1_CFC64_OH0,0108_1321,A,0.49266287684440613,-0.0016810409724712372,0.5,0.0,-18.878913593386862,-3.1896721398114365,-2.8783437544431636,17.62526157413382
1767874930.7796657,1767874930779674494,Sr02_gA_IMG1_LID1_STA1_CFC64_OH0,0108_1321,A,0.5005334615707397,-0.0031662676483392715,0.5,0.0,-18.951370726453927,-3.2090350176472957,-2.8829892018841,17.578952220080026
1767874930.899387,1767874930899402090,Sr02_gA_IMG1_LID1_STA1_CFC64_OH0,0108_1321,A,0.48666912317276,-0.013196985237300396,0.5,0.0,-18.999731698716474,-3.2217319930944286,-2.8866935456424305,17.548016945859246
1767874931.018314,1767874931018322103,Sr02_gA_IMG1_LID1_STA1_CFC64_OH0,0108_1321,A,0.5123122334480286,-0.04306720569729805,0.5,0.0,-19.04812200112448,-3.234316830607962,-2.887625594687117,17.517078521285224
1767874931.136843,1767874931136852856,Sr02_gA_IMG1_LID1_STA1_CFC64_OH0,0108_1321,A,0.5090302228927612,-0.0209931842982769,0.5,0.0,-19.120703240713148,-3.2532102378557997,-2.8859569016035826,17.470849629540645
1767874931.2548292,1767874931254838439,Sr02_gA_IMG1_LID1_STA1_CFC64_OH0,0108_1321,A,0.5077006816864014,-0.016420941799879074,0.5,0.0,-19.16907791437255,-3.2658550245335887,-2.885884142955701,17.44018163083509
1767874931.3757172,1767874931375724666,Sr02_gA_IMG1_LID1_STA1_CFC64_OH0,0108_1321,A,0.5122507810592651,-0.009519120678305626,0.5,0.0,-19.241641221772607,-3.2848172415526204,-2.8861419143481517,17.39434366947845
1767874931.6097639,1767874931609771134,Sr02_gA_IMG1_LID1_STA1_CFC64_OH0,0108_1321,A,0.5135278105735779,-0.0026300970930606127,0.5,0.0,-19.290020693060782,-3.297443659096583,-2.8864585405070193,17.363885418613865
1767874931.7334888,1767874931733497593,Sr02_gA_IMG1_LID1_STA1_CFC64_OH0,0108_1321,A,0.5161228775978088,-0.0007598282536491752,0.5,0.0,-19.41105741110696,-3.3286692640936946,-2.8934201455319375,17.287857830245468
1767874931.8561707,1767874931856180367,Sr02_gA_IMG1_LID1_STA1_CFC64_OH0,0108_1321,A,0.5195034146308899,0.017535604536533356,0.5,0.0,-19.459538410611128,-3.340900022527693,-2.8955194652308904,17.25739346547569
1767874931.9813812,1767874931981388673,Sr02_gA_IMG1_LID1_STA1_CFC64_OH0,0108_1321,A,0.49320635199546814,0.0021862867288291454,0.5,0.0,-19.53230220411709,-3.3590776705895906,-2.89789029699636,17.211730048957076
1767874932.1017408,1767874932101751039,Sr02_gA_IMG1_LID1_STA1_CFC64_OH0,0108_1321,A,0.4881618320941925,0.015762295573949814,0.5,0.0,-19.580830499035667,-3.371119434849865,-2.8988422079166383,17.181339390983403
1767874932.222629,1767874932222637607,Sr02_gA_IMG1_LID1_STA1_CFC64_OH0,0108_1321,A,0.48217248916625977,-0.0048670987598598,0.5,0.0,-19.629370234648253,-3.3831149990655964,-2.899794118427534,17.15100276534808
1767874932.3446922,1767874932344701010,Sr02_gA_IMG1_LID1_STA1_CFC64_OH0,0108_1321,A,0.4858652949333191,-0.002411983674392104,0.5,0.0,-19.702193087350256,-3.401054657302538,-2.900220123745501,17.10562687998673
1767874932.4658036,1767874932465812330,Sr02_gA_IMG1_LID1_STA1_CFC64_OH0,0108_1321,A,0.49977418780326843,0.012776589021086693,0.5,0.0,-19.750744078595012,-3.4130045916514713,-2.9002961065575232,17.07548422021909
1767874932.5858185,1767874932585828206,Sr02_gA_IMG1_LID1_STA1_CFC64_OH0,0108_1321,A,0.48021388053894043,-0.00884181447327137,0.5,0.0,-19.82355114810414,-3.431008119321951,-2.898155713226695,17.030510324454184
1767874932.708135,1767874932708141829,Sr02_gA_IMG1_LID1_STA1_CFC64_OH0,0108_1321,A,0.5149600505828857,0.024845127016305923,0.5,0.0,-19.87207559066452,-3.443065405385111,-2.8979370840009633,17.00069088740766
1767874932.829836,1767874932829844106,Sr02_gA_IMG1_LID1_STA1_CFC64_OH0,0108_1321,A,0.512923538684845,0.013776245526969433,0.5,0.0,-19.944839948250017,-3.4612408152147442,-2.8961916192931394,16.95621417919491
1767874932.9502833,1767874932950291681,Sr02_gA_IMG1_LID1_STA1_CFC64_OH0,0108_1321,A,0.5276866555213928,0.01040307804942131,0.5,0.0,-19.993344883143777,-3.473376338522647,-2.8966537782773005,16.92669820024742
1767874933.0743816,1767874933074389747,Sr02_gA_IMG1_LID1_STA1_CFC64_OH0,0108_1321,A,0.515274703502655,0.013289855793118477,0.5,0.0,-20.041853949315747,-3.4854953388951255,-2.8968949767732863,16.897264834379538
1767874933.1992621,1767874933199272333,Sr02_gA_IMG1_LID1_STA1_CFC64_OH0,0108_1321,A,0.5034511089324951,-0.01162315160036087,0.5,0.0,-20.11460758633547,-3.503713629446457,-2.8954984458786712,16.8533298256624
1767874933.318418,1767874933318425815,Sr02_gA_IMG1_LID1_STA1_CFC64_OH0,0108_1321,A,0.49448058009147644,-0.01988745480775833,0.5,0.0,-20.16310652879972,-3.515873074327691,-2.8963826212741988,16.824173485611777
1767874933.4394677,1767874933439476060,Sr02_gA_IMG1_LID1_STA1_CFC64_OH0,0108_1321,A,0.49327710270881653,-0.010072421282529831,0.5,0.0,-20.235835149196827,-3.5341908534561086,-2.893214122412703,16.78068946190729
1767874933.5609813,1767874933560991257,Sr02_gA_IMG1_LID1_STA1_CFC64_OH0,0108_1321,A,0.4933299720287323,-0.0686468631029129,0.5,0.0,-20.284292279458242,-3.5465158611377836,-2.8918364994566685,16.751919401658355
1767874933.6809428,1767874933680951229,Sr02_gA_IMG1_LID1_STA1_CFC64_OH0,0108_1321,A,0.5027942657470703,-0.0037986149545758963,0.5,0.0,-20.356950574379923,-3.565110759793551,-2.8901894366909846,16.709042969987806
1767874933.806938,1767874933806946831,Sr02_gA_IMG1_LID1_STA1_CFC64_OH0,0108_1321,A,0.4882555305957794,-0.006847084034234285,0.5,0.0,-20.405370507323145,-3.577581100957862,-2.8888604533330025,16.68064748151358
1767874933.9290729,1767874933929079905,Sr02_gA_IMG1_LID1_STA1_CFC64_OH0,0108_1321,A,0.4868227541446686,-0.011052501387894154,0.5,0.0,-20.453789401498714,-3.5900554782134444,-2.890022747528569,16.65235714112044
1767874934.0501351,1767874934050143245,Sr02_gA_IMG1_LID1_STA1_CFC64_OH0,0108_1321,A,0.5012713670730591,-0.004420744255185127,0.5,0.0,-20.52645342387065,-3.6086279088836215,-2.892742423997614,16.60999474741483
1767874934.1716168,1767874934171626362,Sr02_gA_IMG1_LID1_STA1_CFC64_OH0,0108_1321,A,0.48666995763778687,0.0034205508418381214,0.5,0.0,-20.574919426400708,-3.620917989046751,-2.8937496665694695,16.581803343254773
1767874934.2921486,1767874934292157535,Sr02_gA_IMG1_LID1_STA1_CFC64_OH0,0108_1321,A,0.4945886731147766,-0.00490572489798069,0.5,0.0,-20.64768231294513,-3.6389954526426695,-2.902211906523677,16.53942379017337
1767874934.4124458,1767874934412453698,Sr02_gA_IMG1_LID1_STA1_CFC64_OH0,0108_1321,A,0.5055431127548218,0.02155182883143425,0.5,0.0,-20.696258809650622,-3.6508412793410137,-2.9025917755750617,16.511111509595477
1767874934.533497,1767874934533505407,Sr02_gA_IMG1_LID1_STA1_CFC64_OH0,0108_1321,A,0.5075408816337585,-0.006235568784177303,0.5,0.0,-20.769136132793506,-3.6685583483004502,-2.9037029394086438,16.46879248594807
1767874934.6560154,1767874934656023984,Sr02_gA_IMG1_LID1_STA1_CFC64_OH0,0108_1321,A,0.5015577077865601,0.012336261570453644,0.5,0.0,-20.817734502779643,-3.6803141070230994,-2.9048081874902842,16.440661989610724
1767874934.7816935,1767874934781701810,Sr02_gA_IMG1_LID1_STA1_CFC64_OH0,0108_1321,A,0.49941307306289673,0.01177863497287035,0.5,0.0,-20.86634195532657,-3.6920322638446126,-2.9052502662673643,16.41260354574756
1767874934.9096234,1767874934909631145,Sr02_gA_IMG1_LID1_STA1_CFC64_OH0,0108_1321,A,0.5054559707641602,0.006740858778357506,0.5,0.0,-20.939255131255678,-3.7096012128122187,-2.9049772741496964,16.37070496711159
1767874935.0292988,1767874935029307217,Sr02_gA_IMG1_LID1_STA1_CFC64_OH0,0108_1321,A,0.4987151324748993,0.005964579991996288,0.5,0.0,-21.012169381847663,-3.7271656976123553,-2.904654849612441,16.329039538681478
1767874935.1537547,1767874935153763755,Sr02_gA_IMG1_LID1_STA1_CFC64_OH0,0108_1321,A,0.5100379586219788,0.005094597581773996,0.5,0.0,-21.060760416895416,-3.7389517165973394,-2.903055397804501,16.301460681137137
1767874935.2929044,1767874935292912603,Sr02_gA_IMG1_LID1_STA1_CFC64_OH0,0108_1321,A,0.5062652230262756,0.008936077356338501,0.5,0.0,-21.109348325702836,-3.750750645347556,-2.9036789520148534,16.27399981144964
1767874935.4130342,1767874935413043747,Sr02_gA_IMG1_LID1_STA1_CFC64_OH0,0108_1321,A,0.5021563768386841,0.01833070069551468,0.5,0.0,-21.182219322554914,-3.7684936864298915,-2.9018396821370964,16.23304871178728
1767874935.533423,1767874935533430931,Sr02_gA_IMG1_LID1_STA1_CFC64_OH0,0108_1321,A,0.4876188635826111,0.05551263317465782,0.5,0.0,-21.255059049058584,-3.7863646785940572,-2.900324774297089,16.1924522601725
1767874935.6548657,1767874935654874564,Sr02_gA_IMG1_LID1_STA1_CFC64_OH0,0108_1321,A,0.5115670561790466,0.003279869444668293,0.5,0.0,-21.30360684839126,-3.798327570086973,-2.8996739772596314,16.165567106314466
1767874935.7749681,1767874935774975952,Sr02_gA_IMG1_LID1_STA1_CFC64_OH0,0108_1321,A,0.5048996806144714,0.0064487149938941,0.5,0.0,-21.35214727580806,-3.8103203393698375,-2.89907752022316,16.138818087924232
1767874935.8943834,1767874935894390634,Sr02_gA_IMG1_LID1_STA1_CFC64_OH0,0108_1321,A,0.4967418909072876,0.002875898964703083,0.5,0.0,-21.424945637818865,-3.828359116937658,-2.898274918556253,16.098945739124982
1767874936.0124493,1767874936012457159,Sr02_gA_IMG1_LID1_STA1_CFC64_OH0,0108_1321,A,0.5032811164855957,0.0081945164129138,0.5,0.0,-21.473467445816418,-3.8404269943520544,-2.897381313100579,16.07254044387956
1767874936.1347928,1767874936134800419,Sr02_gA_IMG1_LID1_STA1_CFC64_OH0,0108_1321,A,0.5064749717712402,0.006163599900901318,0.5,0.0,-21.546214036921185,-3.858657301711995,-2.893995955913222,16.03325910340505
1767874936.2577806,1767874936257789017,Sr02_gA_IMG1_LID1_STA1_CFC64_OH0,0108_1321,A,0.5064020156860352,0.0063009681180119514,0.5,0.0,-21.594654983649082,-3.8710455195174616,-2.888444704094224,16.007418432235628
1767874936.3775122,1767874936377520803,Sr02_gA_IMG1_LID1_STA1_CFC64_OH0,0108_1321,A,0.5035725235939026,-0.011007736437022686,0.5,0.0,-21.643046748921833,-3.883579220485914,-2.8879865177998596,15.981829778143071
1767874936.4968905,1767874936496898205,Sr02_gA_IMG1_LID1_STA1_CFC64_OH0,0108_1321,A,0.5028244853019714,-0.0201999694108963,0.5,0.0,-21.715639816019102,-3.90242717749946,-2.887118317493923,15.94369335248003
1767874936.6144037,1767874936614411985,Sr02_gA_IMG1_LID1_STA1_CFC64_OH0,0108_1321,A,0.5027658343315125,-0.02018105983734131,0.5,0.0,-21.764027790269633,-3.9150209701637046,-2.8868307273066627,15.91844004362128
1767874936.735369,1767874936735377513,Sr02_gA_IMG1_LID1_STA1_CFC64_OH0,0108_1321,A,0.5088194012641907,-0.16804170608520508,0.5,0.0,-21.836596425591804,-3.9339627698159916,-2.885695358842662,15.880825698067031
1767874936.8526511,1767874936852659369,Sr02_gA_IMG1_LID1_STA1_CFC64_OH0,0108_1321,A,0.5117507576942444,-0.2602371275424957,0.5,-0.5,-21.88496434762473,-3.9466333547298236,-2.8850789997402067,15.855935296669173
1767874936.9788558,1767874936978864154,Sr02_gA_IMG1_LID1_STA1_CFC64_OH0,0108_1321,A,0.5028426647186279,-0.0584452785551548,0.5,0.0,-21.933324363575974,-3.9593340813812254,-2.8844489040640946,15.831190772537944
1767874937.0987914,1767874937098799521,Sr02_gA_IMG1_LID1_STA1_CFC64_OH0,0108_1321,A,0.5028871893882751,-0.05813615769147873,0.5,0.0,-22.005868009072387,-3.978371351332113,-2.885845792163327,15.794285635394516
1767874937.2271106,1767874937227119440,Sr02_gA_IMG1_LID1_STA1_CFC64_OH0,0108_1321,A,0.49322712421417236,-0.1570679396390915,0.5,0.0,-22.054254479597848,-3.9909708871492238,-2.8878657838422024,15.769749452432514
1767874937.3422418,1767874937342250035,Sr02_gA_IMG1_LID1_STA1_CFC64_OH0,0108_1321,A,0.5197394490242004,-0.10317109525203705,0.5,0.0,-22.126851135401452,-4.009674663126375,-2.891892949966395,15.733018228156828
1767874937.46732,1767874937467329031,Sr02_gA_IMG1_LID1_STA1_CFC64_OH0,0108_1321,A,0.4765356481075287,-0.23692835867404938,0.5,-0.5,-22.17527453387862,-4.02163903331513,-2.9079548094007848,15.708298018999487
1767874937.5855668,1767874937585573881,Sr02_gA_IMG1_LID1_STA1_CFC64_OH0,0108_1321,A,0.4770747423171997,-0.2348395735025406,0.5,-0.5,-22.24842747852601,-4.037597745862948,-2.9441785018988074,15.669639950746765
1767874937.705265,1767874937705274559,Sr02_gA_IMG1_LID1_STA1_CFC64_OH0,0108_1321,A,0.491056889295578,-0.4331076741218567,0.5,-0.5,-22.297372771542303,-4.047189035282811,-2.9511088313567533,15.643128300457326
1767874937.8231418,1767874937823149977,Sr02_gA_IMG1_LID1_STA1_CFC64_OH0,0108_1321,A,0.4899069368839264,-0.37886112928390503,0.5,-0.5,-22.34649564691691,-4.056512969826865,-2.9569224376852925,15.616414262287716
1767874937.9497974,1767874937949805417,Sr02_gA_IMG1_LID1_STA1_CFC64_OH0,0108_1321,A,0.489586740732193,-0.38096338510513306,0.5,-0.5,-22.42026529957556,-4.069609389348819,-2.976403008066525,15.575846976391063
1767874938.0698812,1767874938069890736,Sr02_gA_IMG1_LID1_STA1_CFC64_OH0,0108_1321,A,0.5355509519577026,-0.5396097898483276,0.5,-0.5,-22.469626193887624,-4.0775767986937845,-2.9867201057247565,15.548259111441498
1767874938.1900847,1767874938190093335,Sr02_gA_IMG1_LID1_STA1_CFC64_OH0,0108_1321,A,0.48810821771621704,-0.49538174271583557,0.5,-0.5,-22.543751612145474,-4.088063991095895,-3.0182560172638198,15.505949036286186
1767874938.3137274,1767874938313735709,Sr02_gA_IMG1_LID1_STA1_CFC64_OH0,0108_1321,A,0.5106844902038574,-0.5416477918624878,0.5,-0.5,-22.59342561083518,-4.093629802497071,-3.042065886198381,15.476650450560177
1767874938.4362917,1767874938436300194,Sr02_gA_IMG1_LID1_STA1_CFC64_OH0,0108_1321,A,0.5122010111808777,-0.5480603575706482,0.5,-0.5,-22.64294693892497,-4.097681238188156,-3.0805291672442934,15.446435858718562
1767874938.5635374,1767874938563545759,Sr02_gA_IMG1_LID1_STA1_CFC64_OH0,0108_1321,A,0.4957863688468933,-0.3581434190273285,0.5,-0.5,-22.717898113681926,-4.100089784929647,-3.1379217847679057,15.39812384137744
1767874938.6830306,1767874938683038278,Sr02_gA_IMG1_LID1_STA1_CFC64_OH0,0108_1321,A,0.4818797707557678,-0.40318435430526733,0.5,-0.5,-22.76788917538067,-4.099320998086476,3.1071672366410725,15.36424626110822
1767874938.8039107,1767874938803920791,Sr02_gA_IMG1_LID1_STA1_CFC64_OH0,0108_1321,A,0.5013879537582397,-0.30663925409317017,0.5,-0.5,-22.842487180793455,-4.094047567935039,3.0321143483077493,15.31076731186011
1767874938.9328413,1767874938932849881,Sr02_gA_IMG1_LID1_STA1_CFC64_OH0,0108_1321,A,0.5015688538551331,-0.32763928174972534,0.5,-0.5,-22.89203222858016,-4.0873560278896575,2.9825762111722782,15.272954791793246
1767874939.0532067,1767874939053215936,Sr02_gA_IMG1_LID1_STA1_CFC64_OH0,0108_1321,A,0.4881262481212616,-0.28859004378318787,0.5,-0.5,-22.965522021589727,-4.072484981713927,2.9011367612493033,15.213276803100158
1767874939.177095,1767874939177102879,Sr02_gA_IMG1_LID1_STA1_CFC64_OH0,0108_1321,A,0.29583898186683655,-0.5293464064598083,0.5,-0.5,-23.01373297262548,-4.059253274832447,2.8463307745810638,15.17158147806442
1767874939.2970488,1767874939297056823,Sr02_gA_IMG1_LID1_STA1_CFC64_OH0,0108_1321,A,0.320505827665329,-0.47107475996017456,0.5,-0.5,-23.084680686669905,-4.035401762539642,2.7890597353140403,15.10700672217986
1767874939.4136212,1767874939413629771,Sr02_gA_IMG1_LID1_STA1_CFC64_OH0,0108_1321,A,0.331653892993927,-0.4747500717639923,0.5,-0.5,-23.131232247699437,-4.0172038778819426,2.7494116931518784,15.062761867108962
1767874939.5327294,1767874939532737279,Sr02_gA_IMG1_LID1_STA1_CFC64_OH0,0108_1321,A,0.39246755838394165,-0.3821318447589874,0.5,-0.5,-23.17712540905947,-3.9973907157633106,2.7187099397479018,15.017760363216768
1767874939.6503859,1767874939650393767,Sr02_gA_IMG1_LID1_STA1_CFC64_OH0,0108_1321,A,0.5212327837944031,-0.41790473461151123,0.5,-0.5,-23.244748116696318,-3.9649708614821217,2.6703746149232135,14.949063107940956
1767874939.7693315,1767874939769340062,Sr02_gA_IMG1_LID1_STA1_CFC64_OH0,0108_1321,A,0.5209046602249146,-0.4194266200065613,0.5,-0.5,-23.28896522318166,-3.9416326173345246,2.6415156457964186,14.90255195647336
1767874939.891184,1767874939891193796,Sr02_gA_IMG1_LID1_STA1_CFC64_OH0,0108_1321,A,0.47203329205513,-0.5823335647583008,0.5,-0.5,-23.353240890531325,-3.9039321077723854,2.575137048375307,14.832112048639727
1767874940.008741,1767874940008748964,Sr02_gA_IMG1_LID1_STA1_CFC64_OH0,0108_1321,A,0.47257837653160095,-0.4739336669445038,0.5,-0.5,-23.394783820890297,-3.8761162431025853,2.5280296083254084,14.783982133029092
1767874940.1301,1767874940130108672,Sr02_gA_IMG1_LID1_STA1_CFC64_OH0,0108_1321,A,0.489298015832901,-0.40976327657699585,0.5,-0.5,-23.434965290595013,-3.8463676382524055,2.480554644733892,14.735275956568717
1767874940.2475576,1767874940247566148,Sr02_gA_IMG1_LID1_STA1_CFC64_OH0,0108_1321,A,0.48686450719833374,-0.3972364068031311,0.5,-0.5,-23.492714482697572,-3.7985541816598123,2.4208924601631177,14.66143605817416
1767874940.3680336,1767874940368042201,Sr02_gA_IMG1_LID1_STA1_CFC64_OH0,0108_1321,A,0.5558972358703613,-0.626822292804718,0.5,-0.5,-23.529581390146408,-3.764783381652585,2.3791020472040456,14.611828321250849
1767874940.4907615,1767874940490770423,Sr02_gA_IMG1_LID1_STA1_CFC64_OH0,0108_1321,A,0.4699833393096924,-0.38727110624313354,0.5,-0.5,-23.565003031228017,-3.7294996664275626,2.3371746564833455,14.562005213096821
1767874940.609997,1767874940610005550,Sr02_gA_IMG1_LID1_STA1_CFC64_OH0,0108_1321,A,0.47729912400245667,-0.35130080580711365,0.5,-0.5,-23.61482598454053,-3.673778122914403,2.259316932889989,14.487282200101456
1767874940.7315135,1767874940731521931,Sr02_gA_IMG1_LID1_STA1_CFC64_OH0,0108_1321,A,0.5072047710418701,-0.3576740026473999,0.5,-0.5,-23.645669123324513,-3.634430537451459,2.2119235760517744,14.437324997636928
1767874940.851277,1767874940851287272,Sr02_gA_IMG1_LID1_STA1_CFC64_OH0,0108_1321,A,0.5178641676902771,-0.29254665970802307,0.5,-0.5,-23.688571104597408,-3.5729399505246944,2.1493897610949904,14.362685322011748
1767874940.975848,1767874940975856874,Sr02_gA_IMG1_LID1_STA1_CFC64_OH0,0108_1321,A,0.47513920068740845,-0.10800336301326752,0.5,0.0,-23.715074916886056,-3.530546333018725,2.1096661646070998,14.313220220920943
1767874941.0977442,1767874941097751625,Sr02_gA_IMG1_LID1_STA1_CFC64_OH0,0108_1321,A,0.4865882992744446,-0.08192181587219238,0.5,0.0,-23.75069353338174,-3.4651246072438577,2.02616169552132,14.240319514373194
1767874941.2211974,1767874941221205707,Sr02_gA_IMG1_LID1_STA1_CFC64_OH0,0108_1321,A,0.4987383186817169,-0.02549157291650772,0.5,0.0,-23.771670491753827,-3.4199372132743684,1.9862515228266446,14.192330302137584
1767874941.3384273,1767874941338437481,Sr02_gA_IMG1_LID1_STA1_CFC64_OH0,0108_1321,A,0.5027763247489929,-0.027433238923549652,0.5,0.0,-23.80011807882092,-3.3505511372237677,1.9333652717287348,14.121115213295356
1767874941.4627042,1767874941462712101,Sr02_gA_IMG1_LID1_STA1_CFC64_OH0,0108_1321,A,0.4871516227722168,-0.014319242909550667,0.5,0.0,-23.81700908098869,-3.3035082768922703,1.8981894338253742,14.074416139832483
1767874941.5823722,1767874941582380179,Sr02_gA_IMG1_LID1_STA1_CFC64_OH0,0108_1321,A,0.48127174377441406,-0.00857931561768055,0.5,0.0,-23.832393101574766,-3.255935666806425,1.868934791277332,14.028322054268699
1767874941.7023618,1767874941702369871,Sr02_gA_IMG1_LID1_STA1_CFC64_OH0,0108_1321,A,0.45657992362976074,0.033698223531246185,0.5,0.0,-23.853449072745388,-3.1841174575902427,1.8476399629126299,13.960205984266473
1767874941.8264594,1767874941826467679,Sr02_gA_IMG1_LID1_STA1_CFC64_OH0,0108_1321,A,0.49222204089164734,0.003313744906336069,0.5,0.0,-23.86691795601584,-3.1359658752452617,1.839447793177143,13.915000347883606
1767874941.9470599,1767874941947069558,Sr02_gA_IMG1_LID1_STA1_CFC64_OH0,0108_1321,A,0.5006020069122314,-0.009934713132679462,0.5,0.0,-23.886672136069485,-3.0636257892940946,1.8354013634785196,13.847464021993348
1767874942.0703156,1767874942070326611,Sr02_gA_IMG1_LID1_STA1_CFC64_OH0,0108_1321,A,0.4954066872596741,0.0030691446736454964,0.5,0.0,-23.899682326450876,-3.0153481230178927,1.8326580441051414,13.802549111111569
1767874942.1896505,1767874942189658400,Sr02_gA_IMG1_LID1_STA1_CFC64_OH0,0108_1321,A,0.506990909576416,0.0285029299557209,0.5,0.0,-23.912591705605497,-2.9670433904773317,1.8312261121213924,13.757715458372925
1767874942.3104424,1767874942310451146,Sr02_gA_IMG1_LID1_STA1_CFC64_OH0,0108_1321,A,0.47532519698143005,0.011991485022008419,0.5,0.0,-23.931854155260712,-2.8945706849190462,1.8306829829190359,13.690587611078092
1767874942.4322197,1767874942432227245,Sr02_gA_IMG1_LID1_STA1_CFC64_OH0,0108_1321,A,0.5377986431121826,0.017883677035570145,0.5,0.0,-23.944784097071764,-2.846271472531059,1.834052796571711,13.645834584410613
1767874942.55667,1767874942556681312,Sr02_gA_IMG1_LID1_STA1_CFC64_OH0,0108_1321,A,0.5311760306358337,0.010275594890117645,0.5,0.0,-23.964339047853706,-2.773865650508937,1.834588765658702,13.578699442542872
1767874942.6744814,1767874942674489997,Sr02_gA_IMG1_LID1_STA1_CFC64_OH0,0108_1321,A,0.5033388733863831,-0.011192969977855682,0.5,0.0,-23.97735225079304,-2.72558878206673,1.8335952967561602,13.53399945668861
1767874942.7974677,1767874942797475933,Sr02_gA_IMG1_LID1_STA1_CFC64_OH0,0108_1321,A,0.5153701901435852,-0.017233572900295258,0.5,0.0,-23.996858277111635,-2.653169766822977,1.8348186510222164,13.467025795908022
1767874942.9227703,1767874942922778499,Sr02_gA_IMG1_LID1_STA1_CFC64_OH0,0108_1321,A,0.5100918412208557,-0.007721949368715286,0.5,0.0,-24.009974928168063,-2.604920917014366,1.837503833873523,13.422371162817097
1767874943.041955,1767874943041964845,Sr02_gA_IMG1_LID1_STA1_CFC64_OH0,0108_1321,A,0.5087423920631409,0.014693166129291058,0.5,0.0,-24.023181682448442,-2.5566966386411205,1.8387029839320728,13.377712191721296
1767874943.1608167,1767874943160825592,Sr02_gA_IMG1_LID1_STA1_CFC64_OH0,0108_1321,A,0.4997042715549469,-0.031599581241607666,0.5,0.0,-24.043127864146502,-2.4843976357932798,1.8412505282712515,13.310731208315023
1767874943.2822185,1767874943282227290,Sr02_gA_IMG1_LID1_STA1_CFC64_OH0,0108_1321,A,0.49642911553382874,-0.03146256506443024,0.5,0.0,-24.056511073925165,-2.436222028283294,1.8422780877004477,13.26608469258987
1767874943.4077058,1767874943407714052,Sr02_gA_IMG1_LID1_STA1_CFC64_OH0,0108_1321,A,0.5285688042640686,-0.006253729108721018,0.5,0.0,-24.076561769358673,-2.363951927241333,1.840478353780741,13.199198249889932
1767874943.526649,1767874943526657323,Sr02_gA_IMG1_LID1_STA1_CFC64_OH0,0108_1321,A,0.4909043312072754,-0.003988743759691715,0.5,0.0,-24.089841483828078,-2.31574769249224,1.8387549996676917,13.154697252648065
1767874943.6503766,1767874943650384138,Sr02_gA_IMG1_LID1_STA1_CFC64_OH0,0108_1321,A,0.488529771566391,0.0034724436700344086,0.5,0.0,-24.109661719503638,-2.2434140409045034,1.8382691374617421,13.0880675487691
1767874943.775496,1767874943775503962,Sr02_gA_IMG1_LID1_STA1_CFC64_OH0,0108_1321,A,0.485766738653183,0.00017992360517382622,0.5,0.0,-24.122907942994793,-2.1952124232476318,1.839358229982228,13.043691253559148
1767874943.8966362,1767874943896644340,Sr02_gA_IMG1_LID1_STA1_CFC64_OH0,0108_1321,A,0.47548940777778625,0.01591484621167183,0.5,0.0,-24.13609901197269,-2.1469838708223197,1.8361982914560513,12.999373542890494
1767874944.0163743,1767874944016382681,Sr02_gA_IMG1_LID1_STA1_CFC64_OH0,0108_1321,A,0.48701101541519165,-0.0013960059732198715,0.5,0.0,-24.15560095928536,-2.0745638245535845,1.831729618178977,12.933112719962347
1767874944.137238,1767874944137246722,Sr02_gA_IMG1_LID1_STA1_CFC64_OH0,0108_1321,A,0.5007985234260559,-0.006412992253899574,0.5,0.0,-24.1684849704837,-2.0262523160165196,1.831104240920386,12.889049370466275
1767874944.2598188,1767874944259827098,Sr02_gA_IMG1_LID1_STA1_CFC64_OH0,0108_1321,A,0.503101110458374,-0.009804900735616684,0.5,0.0,-24.187765779216864,-1.9537730116815784,1.8306324970231593,12.823058275024293
1767874944.379217,1767874944379225773,Sr02_gA_IMG1_LID1_STA1_CFC64_OH0,0108_1321,A,0.4928531050682068,-0.0019062943756580353,0.5,0.0,-24.200620279062615,-1.9054536419461383,1.8309797403796497,12.779119120064
1767874944.4973273,1767874944497335233,Sr02_gA_IMG1_LID1_STA1_CFC64_OH0,0108_1321,A,0.5114407539367676,0.012472374364733696,0.5,0.0,-24.219919011662597,-1.8329791075993827,1.8314787665213221,12.713285914929584
1767874944.6177754,1767874944617783885,Sr02_gA_IMG1_LID1_STA1_CFC64_OH0,0108_1321,A,0.4970657229423523,0.0043731071054935455,0.5,0.0,-24.232844029984374,-1.784678558055243,1.8328971495992328,12.669424227885434
1767874944.7418585,1767874944741867658,Sr02_gA_IMG1_LID1_STA1_CFC64_OH0,0108_1321,A,0.4922924041748047,0.010197385214269161,0.5,0.0,-24.245796168325253,-1.7363852687575396,1.832757552918189,12.62559462915488
1767874944.8596222,1767874944859629757,Sr02_gA_IMG1_LID1_STA1_CFC64_OH0,0108_1321,A,0.5016940832138062,-0.005206214264035225,0.5,0.0,-24.26518790615057,-1.6639355664857733,1.8318118621167383,12.559954968399586
1767874944.9801407,1767874944980150925,Sr02_gA_IMG1_LID1_STA1_CFC64_OH0,0108_1321,A,0.4723733961582184,-0.012244760990142822,0.5,0.0,-24.2780673124719,-1.6156228313586112,1.8308313743694724,12.516278041939831
1767874945.100494,1767874945100501303,Sr02_gA_IMG1_LID1_STA1_CFC64_OH0,0108_1321,A,0.4734940528869629,-0.012689301744103432,0.5,0.0,-24.29733812206143,-1.5431408670912015,1.8308977872939398,12.450876364268895
1767874945.22289,1767874945222903857,Sr02_gA_IMG1_LID1_STA1_CFC64_OH0,0108_1321,A,0.5025354027748108,-0.035898614674806595,0.5,0.0,-24.31022698442744,-1.494830654951722,1.8320640343849575,12.407314376434213
1767874945.3431265,1767874945343134451,Sr02_gA_IMG1_LID1_STA1_CFC64_OH0,0108_1321,A,0.47445914149284363,-0.003933040425181389,0.5,0.0,-24.323152817245305,-1.446530318627242,1.832501346105728,12.363782235455329
1767874945.4647086,1767874945464716988,Sr02_gA_IMG1_LID1_STA1_CFC64_OH0,0108_1321,A,0.5039088129997253,-0.008958524093031883,0.5,0.0,-24.342604560537456,-1.374096707854856,1.8337604343200395,12.298543973837923
1767874945.5836768,1767874945583685287,Sr02_gA_IMG1_LID1_STA1_CFC64_OH0,0108_1321,A,0.5034292936325073,-0.009826344437897205,0.5,0.0,-24.35558918629004,-1.3258121438567063,1.8332398170267834,12.255105224587465
1767874945.7083066,1767874945708316187,Sr02_gA_IMG1_LID1_STA1_CFC64_OH0,0108_1321,A,0.49397900700569153,-0.020341087132692337,0.5,0.0,-24.374985628679582,-1.253363708782214,1.8314646061336612,12.190083014044019
1767874945.8265457,1767874945826553405,Sr02_gA_IMG1_LID1_STA1_CFC64_OH0,0108_1321,A,0.5074999928474426,-0.012846997007727623,0.5,0.0,-24.387841288528136,-1.2050446508718524,1.8301956780610493,12.146837907385068
1767874945.9477515,1767874945947759507,Sr02_gA_IMG1_LID1_STA1_CFC64_OH0,0108_1321,A,0.5005253553390503,-0.008344365283846855,0.5,0.0,-24.40057951942552,-1.1566945270772595,1.8266058402248286,12.103706284195146
1767874946.0663674,1767874946066374915,Sr02_gA_IMG1_LID1_STA1_CFC64_OH0,0108_1321,A,0.5004705190658569,-0.008607855066657066,0.5,0.0,-24.41949183785496,-1.0841182009884454,1.825326298246952,12.039211389957757
1767874946.1890306,1767874946189039079,Sr02_gA_IMG1_LID1_STA1_CFC64_OH0,0108_1321,A,0.47810202836990356,-0.024875007569789886,0.5,0.0,-24.432059688288504,-1.035723483805456,1.8244304483735265,11.996304092870322
1767874946.3062685,1767874946306278028,Sr02_gA_IMG1_LID1_STA1_CFC64_OH0,0108_1321,A,0.4978957176208496,-0.01114401500672102,0.5,0.0,-24.45082502633043,-0.9631090207649424,1.8227548908842028,11.932092918166104
1767874946.4239776,1767874946423986196,Sr02_gA_IMG1_LID1_STA1_CFC64_OH0,0108_1321,A,0.5005589127540588,-0.012557863257825375,0.5,0.0,-24.463240828007475,-0.9146750792616676,1.8207207861215653,11.88940643175419
1767874946.5421343,1767874946542142504,Sr02_gA_IMG1_LID1_STA1_CFC64_OH0,0108_1321,A,0.4903850257396698,-0.011086643673479557,0.5,0.0,-24.475576242300765,-0.8662205965646853,1.819436082787556,11.8468206562567
1767874946.6605904,1767874946660598663,Sr02_gA_IMG1_LID1_STA1_CFC64_OH0,0108_1321,A,0.49303528666496277,0.005892656743526459,0.5,0.0,-24.493981058243186,-0.7935139169429042,1.8180917393615188,11.783104814845702
1767874946.7811646,1767874946781173062,Sr02_gA_IMG1_LID1_STA1_CFC64_OH0,0108_1321,A,0.4869435131549835,-0.005935516208410263,0.5,0.0,-24.50619931848943,-0.7450297582395967,1.817230955318872,11.740729939234836
1767874946.9016907,1767874946901699080,Sr02_gA_IMG1_LID1_STA1_CFC64_OH0,0108_1321,A,0.4869130253791809,-0.005278227850794792,0.5,0.0,-24.51834388584124,-0.6965270993182835,1.8149061423368942,11.698455881397141
1767874947.0199559,1767874947019969261,Sr02_gA_IMG1_LID1_STA1_CFC64_OH0,0108_1321,A,0.4929986894130707,-0.002363296225667,0.5,0.0,-24.536383007883824,-0.6237288324209788,1.8128226032099486,11.635258381132182
1767874947.1382644,1767874947138272775,Sr02_gA_IMG1_LID1_STA1_CFC64_OH0,0108_1321,A,0.4780929982662201,-0.008898822590708733,0.5,0.0,-24.548336041254604,-0.5751786074203681,1.811566820019982,11.593245696367166
1767874947.2580128,1767874947258020746,Sr02_gA_IMG1_LID1_STA1_CFC64_OH0,0108_1321,A,0.47868072986602783,-0.012234508991241455,0.5,0.0,-24.566159904200436,-0.5023273338340573,1.8102286863588273,11.530405681620508
1767874947.3793726,1767874947379381378,Sr02_gA_IMG1_LID1_STA1_CFC64_OH0,0108_1321,A,0.49539557099342346,0.00562887080013752,0.5,0.0,-24.578031774954283,-0.45375719593539565,1.810817950062262,11.488599443462014
1767874947.5019052,1767874947501914397,Sr02_gA_IMG1_LID1_STA1_CFC64_OH0,0108_1321,A,0.5061237215995789,0.010970947332680225,0.5,0.0,-24.589903542016973,-0.40518703270542555,1.810224408463115,11.446858980049939
1767874947.6283784,1767874947628389492,Sr02_gA_IMG1_LID1_STA1_CFC64_OH0,0108_1321,A,0.48852255940437317,-0.004186907783150673,0.5,0.0,-24.607659902342885,-0.33231927123702526,1.809448676990939,11.384402378835558
1767874947.7500842,1767874947750092276,Sr02_gA_IMG1_LID1_STA1_CFC64_OH0,0108_1321,A,0.4880097508430481,-0.0035514282062649727,0.5,0.0,-24.61947383005701,-0.28373500646552163,1.8092123471338915,11.34286265643186
1767874947.8727694,1767874947872780295,Sr02_gA_IMG1_LID1_STA1_CFC64_OH0,0108_1321,A,0.5048971176147461,0.0028016134165227413,0.5,0.0,-24.637141746056265,-0.2108457536277091,1.8078761748219585,11.280712382636942
1767874947.9960728,1767874947996081824,Sr02_gA_IMG1_LID1_STA1_CFC64_OH0,0108_1321,A,0.5064488649368286,-0.0015965159982442856,0.5,0.0,-24.64885526985674,-0.16223718718848015,1.806652726121743,11.23940373712625
1767874948.1164775,1767874948116485494,Sr02_gA_IMG1_LID1_STA1_CFC64_OH0,0108_1321,A,0.5100716948509216,-0.0041881706565618515,0.5,0.0,-24.66641290194174,-0.08932128745023044,1.807657299726015,11.177581279408477
1767874948.2406695,1767874948240677391,Sr02_gA_IMG1_LID1_STA1_CFC64_OH0,0108_1321,A,0.5076615214347839,0.0008845417760312557,0.5,0.0,-24.67817218057748,-0.04072376901380511,1.808754392576681,11.136424512700664
1767874948.359936,1767874948359946315,Sr02_gA_IMG1_LID1_STA1_CFC64_OH0,0108_1321,A,0.4899499714374542,0.002744407393038273,0.5,0.0,-24.695828334687366,0.032168338440943155,1.8081454329155735,11.0748156969936
1767874948.4808452,1767874948480852566,Sr02_gA_IMG1_LID1_STA1_CFC64_OH0,0108_1321,A,0.5114942789077759,-0.009071148000657558,0.5,0.0,-24.70757620244668,0.08076861891597942,1.8078538174697514,11.033848790586921
1767874948.6011775,1767874948601185132,Sr02_gA_IMG1_LID1_STA1_CFC64_OH0,0108_1321,A,0.5133229494094849,-0.00838296115398407,0.5,0.0,-24.71932518115273,0.12936863091269654,1.8081339769997178,10.992955974448984
1767874948.722463,1767874948722471576,Sr02_gA_IMG1_LID1_STA1_CFC64_OH0,0108_1321,A,0.4899025559425354,-0.00396790960803628,0.5,0.0,-24.73695605425226,0.20226685844807607,1.8079565507283528,10.931754314064484
1767874948.8424337,1767874948842441873,Sr02_gA_IMG1_LID1_STA1_CFC64_OH0,0108_1321,A,0.49136725068092346,-0.0015465025790035725,0.5,0.0,-24.748693040323456,0.2508697678713156,1.807537734899838,10.891059209771122
1767874948.9618332,1767874948961841621,Sr02_gA_IMG1_LID1_STA1_CFC64_OH0,0108_1321,A,0.4852792024612427,-0.004052027128636837,0.5,0.0,-24.766284694559697,0.32377746965109255,1.807656880964877,10.830170983813474
1767874949.082202,1767874949082209985,Sr02_gA_IMG1_LID1_STA1_CFC64_OH0,0108_1321,A,0.4827330708503723,-0.0002616611309349537,0.5,0.0,-24.778023962960877,0.3723798280787958,1.8079313211449979,10.789670620206815
1767874949.203746,1767874949203756797,Sr02_gA_IMG1_LID1_STA1_CFC64_OH0,0108_1321,A,0.5118100047111511,0.004383178427815437,0.5,0.0,-24.78974785610863,0.4209858960208972,1.8070242168698514,10.74925956711882
1767874949.3273935,1767874949327402201,Sr02_gA_IMG1_LID1_STA1_CFC64_OH0,0108_1321,A,0.5012471079826355,-0.009757651016116142,0.5,0.0,-24.80725394760688,0.4939141848384975,1.8057971585178734,10.688843770726713
1767874949.4513223,1767874949451332248,Sr02_gA_IMG1_LID1_STA1_CFC64_OH0,0108_1321,A,0.5031275749206543,0.014437331818044186,0.5,0.0,-24.81888648913636,0.542542197627495,1.8054003672654535,10.648693039761195
1767874949.5709803,1767874949570989469,Sr02_gA_IMG1_LID1_STA1_CFC64_OH0,0108_1321,A,0.490287184715271,0.025622587651014328,0.5,0.0,-24.836310417639577,0.6154901651887674,1.8050940677340581,10.588639540459136
1767874949.6935406,1767874949693551574,Sr02_gA_IMG1_LID1_STA1_CFC64_OH0,0108_1321,A,0.4811689555644989,-0.001101975911296904,0.5,0.0,-24.847908561876476,0.6641263934456364,1.8046888658325329,10.548721227594063
1767874949.8143303,1767874949814338482,Sr02_gA_IMG1_LID1_STA1_CFC64_OH0,0108_1321,A,0.4989158809185028,0.013525924645364285,0.5,0.0,-24.865290581993573,0.7370843584635901,1.8047889553080119,10.489015288734613
1767874949.9395347,1767874949939543388,Sr02_gA_IMG1_LID1_STA1_CFC64_OH0,0108_1321,A,0.48833924531936646,0.021591268479824066,0.5,0.0,-24.876894399406048,0.7857192334447236,1.8052272723571783,10.449310968469883
1767874950.0638256,1767874950063833570,Sr02_gA_IMG1_LID1_STA1_CFC64_OH0,0108_1321,A,0.4817277193069458,0.018425416201353073,0.5,0.0,-24.8942680187215,0.8586791949620913,1.8044894681026398,10.389941381845704
1767874950.1789834,1767874950178990930,Sr02_gA_IMG1_LID1_STA1_CFC64_OH0,0108_1321,A,0.4995367228984833,0.010987279936671257,0.5,0.0,-24.905881990448247,0.9073116418444174,1.8060450447229217,10.350454440157916
1767874950.3056402,1767874950305648509,Sr02_gA_IMG1_LID1_STA1_CFC64_OH0,0108_1321,A,0.5078945159912109,-0.0070260330103337765,0.5,0.0,-24.91759851183785,0.9559194749747962,1.8086072969142992,10.310993768034558
1767874950.4269361,1767874950426944501,Sr02_gA_IMG1_LID1_STA1_CFC64_OH0,0108_1321,A,0.511650562286377,-0.011901725083589554,0.5,0.0,-24.93528092184348,1.0288052187425776,1.809001813653133,10.251906729314705
1767874950.544711,1767874950544718784,Sr02_gA_IMG1_LID1_STA1_CFC64_OH0,0108_1321,A,0.5032596588134766,-0.012181796133518219,0.5,0.0,-24.947111735673953,1.0773853705119512,1.8103544030377388,10.21260431536504
1767874950.6626127,1767874950662620757,Sr02_gA_IMG1_LID1_STA1_CFC64_OH0,0108_1321,A,0.5000072121620178,-0.006035481579601765,0.5,0.0,-24.965019200875933,1.1502161138481766,1.8134491138272701,10.15372385704543
1767874950.7818575,1767874950781865986,Sr02_gA_IMG1_LID1_STA1_CFC64_OH0,0108_1321,A,0.5059505701065063,-0.01667630486190319,0.5,0.0,-24.977077653871152,1.1987402594091252,1.8152172754875942,10.11451168954235
1767874950.9043067,1767874950904314508,Sr02_gA_IMG1_LID1_STA1_CFC64_OH0,0108_1321,A,0.501889169216156,-0.015610125847160816,0.5,0.0,-24.989204028714287,1.2472474801557278,1.816316003268844,10.075351393859693
1767874951.026453,1767874951026461665,Sr02_gA_IMG1_LID1_STA1_CFC64_OH0,0108_1321,A,0.4867725372314453,0.00373389245942235,0.5,0.0,-25.007419568972736,1.3200018130167845,1.8155736253456825,10.01677508483867
1767874951.145352,1767874951145359324,Sr02_gA_IMG1_LID1_STA1_CFC64_OH0,0108_1321,A,0.5073908567428589,-0.00221787067130208,0.5,0.0,-25.019507711455546,1.3685185750596829,1.81438345582268,9.977882390383613
1767874951.269036,1767874951269044293,Sr02_gA_IMG1_LID1_STA1_CFC64_OH0,0108_1321,A,0.47466182708740234,-0.014066661708056927,0.5,0.0,-25.03753089977088,1.4413207898533793,1.8126819120629603,9.91980119696791
1767874951.3891897,1767874951389198386,Sr02_gA_IMG1_LID1_STA1_CFC64_OH0,0108_1321,A,0.4881134629249573,-0.012447411194443703,0.5,0.0,-25.04949293601894,1.4898688000691693,1.8120783645275966,9.881242066094735
1767874951.5097015,1767874951509709698,Sr02_gA_IMG1_LID1_STA1_CFC64_OH0,0108_1321,A,0.5026028752326965,0.007204961031675339,0.5,0.0,-25.06139983321327,1.5384303579369307,1.8104107449113038,9.842822260316465
1767874951.6317194,1767874951631727874,Sr02_gA_IMG1_LID1_STA1_CFC64_OH0,0108_1321,A,0.47347912192344666,-0.009146696887910366,0.5,0.0,-25.079113143132023,1.6113085812156847,1.808241334688461,9.785486491876453
1767874951.7531288,1767874951753139603,Sr02_gA_IMG1_LID1_STA1_CFC64_OH0,0108_1321,A,0.473946213722229,-0.008984925225377083,0.5,0.0,-25.090883219354403,1.6599034879429446,1.8086147192025843,9.747421797596193
1767874951.8754783,1767874951875486746,Sr02_gA_IMG1_LID1_STA1_CFC64_OH0,0108_1321,A,0.5004166960716248,0.009093035943806171,0.5,0.0,-25.10854285978634,1.7327947514673303,1.8081045941649967,9.690525086249345
1767874951.9958704,1767874951995878093,Sr02_gA_IMG1_LID1_STA1_CFC64_OH0,0108_1321,A,0.5006600618362427,0.0029346938244998455,0.5,0.0,-25.120263033492364,1.7814017139209442,1.8066979309977191,9.652767111767414
1767874952.12106,1767874952121069976,Sr02_gA_IMG1_LID1_STA1_CFC64_OH0,0108_1321,A,0.514809250831604,-0.013206709176301956,0.5,0.0,-25.137728224021235,1.8543398054694866,1.805420376622331,9.596418323699414
1767874952.2455556,1767874952245565013,Sr02_gA_IMG1_LID1_STA1_CFC64_OH0,0108_1321,A,0.5137978792190552,-0.024486497044563293,0.5,0.0,-25.1493692112276,1.902965796494891,1.8059773639394623,9.55899653296466
1767874952.3732538,1767874952373262551,Sr02_gA_IMG1_LID1_STA1_CFC64_OH0,0108_1321,A,0.48728686571121216,-0.008971016854047775,0.5,0.0,-25.16679563473448,1.9759131622536652,1.8046102181547419,9.503104909661248
1767874952.4979136,1767874952497932937,Sr02_gA_IMG1_LID1_STA1_CFC64_OH0,0108_1321,A,0.5042061805725098,-0.03492312505841255,0.5,0.0,-25.178358686797946,2.0245577442583222,1.8038924964332168,9.466028300205624
1767874952.6235197,1767874952623528907,Sr02_gA_IMG1_LID1_STA1_CFC64_OH0,0108_1321,A,0.5063725113868713,-0.005619281902909279,0.5,0.0,-25.1957303787303,2.09751816446684,1.8050101171447381,9.410618760803603
1767874952.7454584,1767874952745466372,Sr02_gA_IMG1_LID1_STA1_CFC64_OH0,0108_1321,A,0.49601346254348755,-0.040106646716594696,0.5,0.0,-25.20733985997684,2.146151688046198,1.8049807699374913,9.373810708333414
1767874952.869177,1767874952869185095,Sr02_gA_IMG1_LID1_STA1_CFC64_OH0,0108_1321,A,0.4863000214099884,-0.0018398796673864126,0.5,0.0,-25.22466692962602,2.2191227060698786,1.8025485855612502,9.31889020615659
1767874952.9908493,1767874952990858415,Sr02_gA_IMG1_LID1_STA1_CFC64_OH0,0108_1321,A,0.5039889812469482,-0.008753204718232155,0.5,0.0,-25.23609301308108,2.267799632860402,1.8004102380577192,9.282521070681163
1767874953.113756,1767874953113764094,Sr02_gA_IMG1_LID1_STA1_CFC64_OH0,0108_1321,A,0.5089369416236877,0.024941042065620422,0.5,0.0,-25.247451251160573,2.3164924448871833,1.7995131369193083,9.2463273879205
1767874953.2337177,1767874953233726809,Sr02_gA_IMG1_LID1_STA1_CFC64_OH0,0108_1321,A,0.5120285749435425,0.04306040331721306,0.5,0.0,-25.26428563590158,2.389578634530712,1.7951202724639856,9.192424730036729
1767874953.3589,1767874953358907211,Sr02_gA_IMG1_LID1_STA1_CFC64_OH0,0108_1321,A,0.5489075183868408,0.11059068143367767,0.5,0.0,-25.275394303205555,2.43832898968843,1.7945583434546388,9.156736754217855
1767874953.4769032,1767874953476912048,Sr02_gA_IMG1_LID1_STA1_CFC64_OH0,0108_1321,A,0.4974650740623474,0.025333821773529053,0.5,0.0,-25.291844141305532,2.511499821670299,1.7896426606031746,9.103613452734155
1767874953.6005495,1767874953600558245,Sr02_gA_IMG1_LID1_STA1_CFC64_OH0,0108_1321,A,0.5191413760185242,-0.02018912509083748,0.5,0.0,-25.302694831374524,2.560308245122859,1.7894586705155524,9.068453044115964
1767874953.723155,1767874953723163441,Sr02_gA_IMG1_LID1_STA1_CFC64_OH0,0108_1321,A,0.5180658102035522,-0.017778050154447556,0.5,0.0,-25.318923464576315,2.6335313990090157,1.7891564977691614,9.016010051908573
1767874953.8497827,1767874953849793550,Sr02_gA_IMG1_LID1_STA1_CFC64_OH0,0108_1321,A,0.47211363911628723,0.03135834261775017,0.5,0.0,-25.329816217709773,2.6823304385587967,1.7918317806514121,8.98117161354816
1767874953.977318,1767874953977326049,Sr02_gA_IMG1_LID1_STA1_CFC64_OH0,0108_1321,A,0.5201054215431213,-0.0032359007745981216,0.5,0.0,-25.346499519191024,2.7554217858540038,1.7999424046608834,8.928944858524597
1767874954.1018047,1767874954101813653,Sr02_gA_IMG1_LID1_STA1_CFC64_OH0,0108_1321,A,0.5335410833358765,8.540507405996323e-05,0.5,0.0,-25.358122095035725,2.8040400166605055,1.8105930966543762,8.893934499540787
1767874954.2270794,1767874954227088091,Sr02_gA_IMG1_LID1_STA1_CFC64_OH0,0108_1321,A,0.45047232508659363,-0.08198107779026031,0.5,0.0,-25.376060189363834,2.8768293376836724,1.8128022778193718,8.841324869508268
1767874954.3446198,1767874954344628237,Sr02_gA_IMG1_LID1_STA1_CFC64_OH0,0108_1321,A,0.47899675369262695,0.008313477039337158,0.5,0.0,-25.387993942924197,2.925384300152461,1.810831588625373,8.806438768564547
1767874954.4629424,1767874954462951431,Sr02_gA_IMG1_LID1_STA1_CFC64_OH0,0108_1321,A,0.506439745426178,-0.0025997464545071125,0.5,0.0,-25.39983760899332,2.9739613173362542,1.8090537863746685,8.771765825302902
1767874954.583954,1767874954583962420,Sr02_gA_IMG1_LID1_STA1_CFC64_OH0,0108_1321,A,0.5095383524894714,-0.0005143843591213226,0.5,0.0,-25.417664385717625,3.0468003988257872,1.8128099139886809,8.719995369203003
1767874954.70963,1767874954709641206,Sr02_gA_IMG1_LID1_STA1_CFC64_OH0,0108_1321,A,0.48512426018714905,-0.0007863540668040514,0.5,0.0,-25.429639431938707,3.0953452021413494,1.812486331810555,8.68559836444178
1767874954.8321404,1767874954832148901,Sr02_gA_IMG1_LID1_STA1_CFC64_OH0,0108_1321,A,0.5182160139083862,-0.013713886961340904,0.5,0.0,-25.447584707767557,3.168154924428936,1.8120899081105988,8.63430757361066
1767874954.9551196,1767874954955127748,Sr02_gA_IMG1_LID1_STA1_CFC64_OH0,0108_1321,A,0.49020689725875854,0.015630371868610382,0.5,0.0,-25.459336801605776,3.2167321974388354,1.8040729348105204,8.600474052281438
1767874955.074997,1767874955075005364,Sr02_gA_IMG1_LID1_STA1_CFC64_OH0,0108_1321,A,0.510698139667511,0.016665618866682053,0.5,0.0,-25.476659700774597,3.2896709343147985,1.8042648448807976,8.550253973545146
1767874955.1942806,1767874955194289578,Sr02_gA_IMG1_LID1_STA1_CFC64_OH0,0108_1321,A,0.5376039743423462,-0.013781913556158543,0.5,0.0,-25.488221093857984,3.33831591205688,1.8040257232761854,8.516955671530955
1767874955.3179324,1767874955317940415,Sr02_gA_IMG1_LID1_STA1_CFC64_OH0,0108_1321,A,0.5225062966346741,-0.008508913218975067,0.5,0.0,-25.49977587616471,3.386962460632315,1.8039742844801243,8.483826455265229
1767874955.4402554,1767874955440263684,Sr02_gA_IMG1_LID1_STA1_CFC64_OH0,0108_1321,A,0.5278180837631226,-0.009760167449712753,0.5,0.0,-25.517101925360343,3.459933737822443,1.8037325031769262,8.43444915775382
1767874955.5570385,1767874955557047182,Sr02_gA_IMG1_LID1_STA1_CFC64_OH0,0108_1321,A,0.5213197469711304,-0.010939168743789196,0.5,0.0,-25.52861033206021,3.5085912744048398,1.8023611194779143,8.401774643740676
1767874955.679208,1767874955679216543,Sr02_gA_IMG1_LID1_STA1_CFC64_OH0,0108_1321,A,0.5121029019355774,0.01998835802078247,0.5,0.0,-25.545887849151367,3.5815740409353434,1.8044329110362478,8.35307272184356
1767874955.8003905,1767874955800398934,Sr02_gA_IMG1_LID1_STA1_CFC64_OH0,0108_1321,A,0.5168967843055725,0.0014523696154356003,0.5,0.0,-25.55750421645667,3.630205914381716,1.806099470135735,8.320744897125888
1767874955.924614,1767874955924622584,Sr02_gA_IMG1_LID1_STA1_CFC64_OH0,0108_1321,A,0.5141355395317078,0.008679631166160107,0.5,0.0,-25.569127597085664,3.67883611394336,1.8047213043326802,8.288587072603693
1767874956.0429747,1767874956042983087,Sr02_gA_IMG1_LID1_STA1_CFC64_OH0,0108_1321,A,0.5167266130447388,-0.02851586788892746,0.5,0.0,-25.586458652911105,3.7518061967080842,1.8033395055682953,8.240766433671851
1767874956.1663373,1767874956166345754,Sr02_gA_IMG1_LID1_STA1_CFC64_OH0,0108_1321,A,0.5050296783447266,-0.027702681720256805,0.5,0.0,-25.597957556358082,3.8004659819933195,1.802363491377163,8.20915588721894
1767874956.2894006,1767874956289408720,Sr02_gA_IMG1_LID1_STA1_CFC64_OH0,0108_1321,A,0.5105198621749878,-0.020745009183883667,0.5,0.0,-25.615114235852705,3.8734772594644675,1.8013529373375117,8.162158409525073
1767874956.4143555,1767874956414364762,Sr02_gA_IMG1_LID1_STA1_CFC64_OH0,0108_1321,A,0.5281510353088379,-0.0017619624268263578,0.5,0.0,-25.626588848030764,3.922142772160105,1.8033517680358968,8.131030505426944
1767874956.5368023,1767874956536811423,Sr02_gA_IMG1_LID1_STA1_CFC64_OH0,0108_1321,A,0.5180988311767578,-0.00417316984385252,0.5,0.0,-25.643895445968962,3.995118664785169,1.803899536779484,8.08461705237568
1767874956.6575682,1767874956657576382,Sr02_gA_IMG1_LID1_STA1_CFC64_OH0,0108_1321,A,0.48067477345466614,-0.03021542727947235,0.5,0.0,-25.655466451553444,4.043761355457132,1.8047674980478032,8.053887131816952
1767874956.778977,1767874956778984928,Sr02_gA_IMG1_LID1_STA1_CFC64_OH0,0108_1321,A,0.47212985157966614,-0.011941678822040558,0.5,0.0,-25.672698771318345,4.1167521412727375,1.8005236619096467,8.008259099618533
1767874956.8990061,1767874956899015401,Sr02_gA_IMG1_LID1_STA1_CFC64_OH0,0108_1321,A,0.4827110767364502,-0.00869852676987648,0.5,0.0,-25.684017089950483,4.165454233316299,1.7978229710250295,7.978225985569142
1767874957.0250869,1767874957025094568,Sr02_gA_IMG1_LID1_STA1_CFC64_OH0,0108_1321,A,0.502676784992218,0.017111875116825104,0.5,0.0,-25.695220622647422,4.214182865981507,1.7957484720173726,7.948488724872956
1767874957.1495795,1767874957149587353,Sr02_gA_IMG1_LID1_STA1_CFC64_OH0,0108_1321,A,0.519923985004425,0.18252699077129364,0.5,0.0,-25.711914470397847,4.287301363186698,1.7950803925422627,7.9043587596660805
1767874957.270248,1767874957270256573,Sr02_gA_IMG1_LID1_STA1_CFC64_OH0,0108_1321,A,0.5354587435722351,0.12617506086826324,0.5,0.0,-25.723024718619147,4.336051358378179,1.7946630767541065,7.875214067703461
1767874957.390268,1767874957390276477,Sr02_gA_IMG1_LID1_STA1_CFC64_OH0,0108_1321,A,0.503710150718689,0.10641329735517502,0.5,0.0,-25.739529258771192,4.4092127590497805,1.7907566736233387,7.832027318221666
1767874957.510989,1767874957510997594,Sr02_gA_IMG1_LID1_STA1_CFC64_OH0,0108_1321,A,0.48829346895217896,-0.0013090039137750864,0.5,0.0,-25.750409666872308,4.458014563375593,1.7895625066104002,7.803607309733268
1767874957.6321254,1767874957632134080,Sr02_gA_IMG1_LID1_STA1_CFC64_OH0,0108_1321,A,0.5369240641593933,-0.0001976839266717434,0.5,0.0,-25.76664132126139,4.5312370466396645,1.7887739162215548,7.761461687970967
1767874957.7536895,1767874957753699610,Sr02_gA_IMG1_LID1_STA1_CFC64_OH0,0108_1321,A,0.521774411201477,0.02406621351838112,0.5,0.0,-25.777495858173765,4.580044608567538,1.7904850994035189,7.733612590702771
1767874957.8767414,1767874957876750403,Sr02_gA_IMG1_LID1_STA1_CFC64_OH0,0108_1321,A,0.4642500877380371,0.013675081543624401,0.5,0.0,-25.788641945114883,4.628603653627263,1.8047746093304293,7.705803253582042
1767874957.99539,1767874957995398636,Sr02_gA_IMG1_LID1_STA1_CFC64_OH0,0108_1321,A,0.48924311995506287,0.054375287145376205,0.5,0.0,-25.80680135143236,4.7013585641813265,1.8247642048843382,7.6631863822551916
1767874958.1155584,1767874958115566848,Sr02_gA_IMG1_LID1_STA1_CFC64_OH0,0108_1321,A,0.5082252621650696,-0.037660617381334305,0.5,0.0,-25.819620936983192,4.749686964875107,1.8354055214252096,7.634442228628092
1767874958.2393239,1767874958239331960,Sr02_gA_IMG1_LID1_STA1_CFC64_OH0,0108_1321,A,0.5122879147529602,-0.026583362370729446,0.5,0.0,-25.839360382455453,4.82197718165921,1.8374712097328287,7.591326890936774
1767874958.3608787,1767874958360887121,Sr02_gA_IMG1_LID1_STA1_CFC64_OH0,0108_1321,A,0.5022279024124146,0.018496040254831314,0.5,0.0,-25.852536170726705,4.870209932840395,1.8374514413066025,7.562831054534824
1767874958.480474,1767874958480482439,Sr02_gA_IMG1_LID1_STA1_CFC64_OH0,0108_1321,A,0.5038595199584961,0.010078896768391132,0.5,0.0,-25.87242868013508,4.942523703965081,1.8408535338986165,7.52039765004234
1767874958.6012726,1767874958601280672,Sr02_gA_IMG1_LID1_STA1_CFC64_OH0,0108_1321,A,0.5322117209434509,0.04978961870074272,0.5,0.0,-25.88580095222945,4.99070234687187,1.842221040432672,7.492297128888599
1767874958.7233932,1767874958723402204,Sr02_gA_IMG1_LID1_STA1_CFC64_OH0,0108_1321,A,0.5098244547843933,0.014022390358150005,0.5,0.0,-25.899332643087106,5.038825769816735,1.8476220202718392,7.464291562345058
1767874958.8423178,1767874958842326785,Sr02_gA_IMG1_LID1_STA1_CFC64_OH0,0108_1321,A,0.5387808680534363,0.07901445031166077,0.5,0.0,-25.919786960961332,5.110940713734116,1.8447341125622638,7.422588388431524
1767874958.9623933,1767874958962401041,Sr02_gA_IMG1_LID1_STA1_CFC64_OH0,0108_1321,A,0.521721601486206,0.08025884628295898,0.5,0.0,-25.93324918794794,5.15909428738262,1.8420757783132073,7.395220750990934
1767874959.0881095,1767874959088118532,Sr02_gA_IMG1_LID1_STA1_CFC64_OH0,0108_1321,A,0.4898412525653839,0.10756421089172363,0.5,0.0,-25.95340709062324,5.231323023403762,1.8441638300649124,7.354650091831747
1767874959.208631,1767874959208640096,Sr02_gA_IMG1_LID1_STA1_CFC64_OH0,0108_1321,A,0.4980965256690979,0.023328866809606552,0.5,0.0,-25.96693012004978,5.279459570293192,1.8451717185925216,7.327828165416548
1767874959.3268654,1767874959326873172,Sr02_gA_IMG1_LID1_STA1_CFC64_OH0,0108_1321,A,0.5202797055244446,-0.010593146085739136,0.5,0.0,-25.987508461459637,5.35157254591046,1.8515379326453527,7.287796539204634
1767874959.4452987,1767874959445305752,Sr02_gA_IMG1_LID1_STA1_CFC64_OH0,0108_1321,A,0.5164735317230225,-0.011225411668419838,0.5,0.0,-26.001393356619026,5.399594409020135,1.8533120713187787,7.26127119723846
1767874959.5647945,1767874959564802947,Sr02_gA_IMG1_LID1_STA1_CFC64_OH0,0108_1321,A,0.517601490020752,-0.005293357186019421,0.5,0.0,-26.015517085282053,5.44754749529077,1.8611774852339107,7.234782047821672
1767874959.6909804,1767874959690988865,Sr02_gA_IMG1_LID1_STA1_CFC64_OH0,0108_1321,A,0.48755601048469543,0.027675870805978775,0.5,0.0,-26.03742271230247,5.519276668426085,1.8734768857168185,7.194872485827078
1767874959.8139966,1767874959814005184,Sr02_gA_IMG1_LID1_STA1_CFC64_OH0,0108_1321,A,0.4643106460571289,-0.008569672703742981,0.5,0.0,-26.052583105761485,5.566922634098959,1.8842332833957818,7.168083541555352
1767874959.9390302,1767874959939039214,Sr02_gA_IMG1_LID1_STA1_CFC64_OH0,0108_1321,A,0.5074865818023682,0.006685449741780758,0.5,0.0,-26.075909963308575,5.638167950708599,1.888141587842552,7.12785463620924
1767874960.0621321,1767874960062141625,Sr02_gA_IMG1_LID1_STA1_CFC64_OH0,0108_1321,A,0.5116753578186035,-0.00010976148769259453,0.5,0.0,-26.0914870580914,5.685679565777935,1.8870759532303918,7.101319817976469
1767874960.1819475,1767874960181955554,Sr02_gA_IMG1_LID1_STA1_CFC64_OH0,0108_1321,A,0.49440860748291016,0.030747976154088974,0.5,0.0,-26.114756756952428,5.756978368689382,1.8856294216480944,7.062080660335701
1767874960.3010294,1767874960301039044,Sr02_gA_IMG1_LID1_STA1_CFC64_OH0,0108_1321,A,0.5012934803962708,0.04145941883325577,0.5,0.0,-26.130227844804455,5.804524610156664,1.8854297603044832,7.036281726084301
1767874960.423742,1767874960423749700,Sr02_gA_IMG1_LID1_STA1_CFC64_OH0,0108_1321,A,0.5347653031349182,0.00907302275300026,0.5,0.0,-26.145767012776382,5.8520486287787,1.8881973358346118,7.010682806632445
1767874960.5457296,1767874960545737803,Sr02_gA_IMG1_LID1_STA1_CFC64_OH0,0108_1321,A,0.5383013486862183,0.16131630539894104,0.5,0.0,-26.16915392533449,5.923309073149042,1.8874269121605995,6.972709343070087
1767874960.666517,1767874960666524635,Sr02_gA_IMG1_LID1_STA1_CFC64_OH0,0108_1321,A,0.4766371548175812,0.2177850902080536,0.5,0.5,-26.184738126475253,5.970818359239146,1.8880954527913265,6.947734652268085
1767874960.792897,1767874960792905779,Sr02_gA_IMG1_LID1_STA1_CFC64_OH0,0108_1321,A,0.4770125448703766,0.04956313967704773,0.5,0.0,-26.208145274469448,6.042072163527034,1.8887640777573473,6.910753370463742
1767874960.9203682,1767874960920377087,Sr02_gA_IMG1_LID1_STA1_CFC64_OH0,0108_1321,A,0.5067448616027832,0.015970520675182343,0.5,0.0,-26.223850106725475,6.0895416901401624,1.8918388685133796,6.886350474660071
1767874961.0427835,1767874961042791739,Sr02_gA_IMG1_LID1_STA1_CFC64_OH0,0108_1321,A,0.5176531076431274,0.010973479598760605,0.5,0.0,-26.24773104376085,6.160637995579113,1.8970861969243995,6.849967919532289
1767874961.1607993,1767874961160807789,Sr02_gA_IMG1_LID1_STA1_CFC64_OH0,0108_1321,A,0.5080054402351379,0.05669474974274635,0.5,0.0,-26.263776386158217,6.2079818134894555,1.8983668234482063,6.825949222230679
1767874961.2829514,1767874961282959328,Sr02_gA_IMG1_LID1_STA1_CFC64_OH0,0108_1321,A,0.5123292803764343,0.20948228240013123,0.5,0.5,-26.28860027772456,6.27859186384145,1.9225119327160478,6.789771129820321
1767874961.4033337,1767874961403344578,Sr02_gA_IMG1_LID1_STA1_CFC64_OH0,0108_1321,A,0.5223883986473083,0.23575149476528168,0.5,0.5,-26.30633005669109,6.325328893262631,1.9438505060914697,6.764890567835446
1767874961.5291407,1767874961529148351,Sr02_gA_IMG1_LID1_STA1_CFC64_OH0,0108_1321,A,0.5058585405349731,0.21359045803546906,0.5,0.5,-26.32470390790096,6.371697503823085,1.950803616855516,6.739706543722577
1767874961.6490073,1767874961649015781,Sr02_gA_IMG1_LID1_STA1_CFC64_OH0,0108_1321,A,0.4975331127643585,0.45049914717674255,0.5,0.5,-26.35262933805548,6.441304736274719,1.9534851748215811,6.702080354065848
1767874961.7714918,1767874961771500274,Sr02_gA_IMG1_LID1_STA1_CFC64_OH0,0108_1321,A,0.5034859776496887,0.3441086709499359,0.5,0.5,-26.371325590557465,6.487677676384557,1.9545825220512492,6.677272063888792
1767874961.8931692,1767874961893177024,Sr02_gA_IMG1_LID1_STA1_CFC64_OH0,0108_1321,A,0.5072321891784668,0.3666634261608124,0.5,0.5,-26.399655109627215,6.557074764156274,1.9635163481718367,6.64032866654016
1767874962.0120156,1767874962012024712,Sr02_gA_IMG1_LID1_STA1_CFC64_OH0,0108_1321,A,0.5015915632247925,0.3629041910171509,0.5,0.5,-26.419167660960706,6.602965077710012,1.9831326098726243,6.615478420351639
1767874962.1309505,1767874962130959424,Sr02_gA_IMG1_LID1_STA1_CFC64_OH0,0108_1321,A,0.518604576587677,0.4904734790325165,0.5,0.5,-26.450428039374394,6.67113554892044,2.017830442720791,6.576826267781718
1767874962.2513208,1767874962251328574,Sr02_gA_IMG1_LID1_STA1_CFC64_OH0,0108_1321,A,0.469913125038147,0.42723485827445984,0.5,0.5,-26.472517937762273,6.715977111794795,2.039503942581018,6.5502255643472616
1767874962.3748288,1767874962374837297,Sr02_gA_IMG1_LID1_STA1_CFC64_OH0,0108_1321,A,0.46770283579826355,0.42076534032821655,0.5,0.5,-26.495647172816945,6.759800511996126,2.076843294194274,6.522959975916523
1767874962.4979055,1767874962497914751,Sr02_gA_IMG1_LID1_STA1_CFC64_OH0,0108_1321,A,0.4638729691505432,0.40868645906448364,0.5,0.5,-26.533749470249724,6.824356354371926,2.130085716238283,6.479259855633932
1767874962.6184554,1767874962618463559,Sr02_gA_IMG1_LID1_STA1_CFC64_OH0,0108_1321,A,0.5056178569793701,0.40959057211875916,0.5,0.5,-26.5610496251261,6.866242164643911,2.1667520006033,6.44864315778418
1767874962.741794,1767874962741802022,Sr02_gA_IMG1_LID1_STA1_CFC64_OH0,0108_1321,A,0.4714595079421997,0.47581493854522705,0.5,0.5,-26.604778081158916,6.927067041667756,2.2231753616544174,6.400542725937396
1767874962.8602598,1767874962860268106,Sr02_gA_IMG1_LID1_STA1_CFC64_OH0,0108_1321,A,0.48828116059303284,0.4974741041660309,0.5,0.5,-26.636064817557276,6.966014028903037,2.271455457645126,6.366735126391431
1767874962.9794111,1767874962979419444,Sr02_gA_IMG1_LID1_STA1_CFC64_OH0,0108_1321,A,0.47313636541366577,0.6118512749671936,0.5,0.5,-26.669107433233282,7.0035347559801275,2.314178916172157,6.331470830755265
1767874963.0989702,1767874963098977795,Sr02_gA_IMG1_LID1_STA1_CFC64_OH0,0108_1321,A,0.4788799583911896,0.5024010539054871,0.5,0.5,-26.721580455457264,7.057104454300637,2.3773022519473086,6.276179021922134
1767874963.2172253,1767874963217234608,Sr02_gA_IMG1_LID1_STA1_CFC64_OH0,0108_1321,A,0.47478392720222473,0.5577976107597351,0.5,0.5,-26.758371039769898,7.090958620526936,2.4181708526294106,6.237822727096331
1767874963.342138,1767874963342146340,Sr02_gA_IMG1_LID1_STA1_CFC64_OH0,0108_1321,A,0.49177002906799316,0.10486970841884613,0.5,0.0,-26.816059007153076,7.1388289174356645,2.480641650670719,6.178208677339467
1767874963.4612906,1767874963461298491,Sr02_gA_IMG1_LID1_STA1_CFC64_OH0,0108_1321,A,0.4919417202472687,0.11895695328712463,0.5,0.0,-26.85624463172717,7.1685718748584,2.528223082381822,6.136998111309428
1767874963.5828197,1767874963582827505,Sr02_gA_IMG1_LID1_STA1_CFC64_OH0,0108_1321,A,0.45468249917030334,0.1527174562215805,0.5,0.0,-26.897829167964534,7.196324539586761,2.5779704288889325,6.094577383551704
1767874963.7005875,1767874963700596152,Sr02_gA_IMG1_LID1_STA1_CFC64_OH0,0108_1321,A,0.48079001903533936,0.15245471894741058,0.5,0.0,-26.962752220366546,7.233585931936542,2.6649705824179355,6.028716320781383
1767874963.8219876,1767874963821996364,Sr02_gA_IMG1_LID1_STA1_CFC64_OH0,0108_1321,A,0.441336989402771,0.30148521065711975,0.5,0.5,-27.007737123381553,7.25539951225405,2.7152106747818405,5.983281648498299
1767874963.9427466,1767874963942754884,Sr02_gA_IMG1_LID1_STA1_CFC64_OH0,0108_1321,A,0.4973169267177582,0.2940883934497833,0.5,0.5,-27.077174673668384,7.2835566032155326,2.7961688853394207,5.913373371516791
1767874964.0600934,1767874964060101802,Sr02_gA_IMG1_LID1_STA1_CFC64_OH0,0108_1321,A,0.4754294455051422,0.2116478830575943,0.5,0.5,-27.12360654500737,7.299416060154824,2.824104504197627,5.866731414281813
1767874964.1825283,1767874964182537104,Sr02_gA_IMG1_LID1_STA1_CFC64_OH0,0108_1321,A,0.4763280749320984,0.05144047364592552,0.5,0.0,-27.171157692592136,7.3147202770849775,2.836165819420441,5.819015441908894
1767874964.3097696,1767874964309776619,Sr02_gA_IMG1_LID1_STA1_CFC64_OH0,0108_1321,A,0.495330810546875,0.1413288563489914,0.5,0.0,-27.242921922063175,7.336496582196009,2.858384914366471,5.747082253179447
1767874964.4323514,1767874964432359437,Sr02_gA_IMG1_LID1_STA1_CFC64_OH0,0108_1321,A,0.5024218559265137,0.2764653265476227,0.5,0.5,-27.291034761669245,7.350101945764352,2.8736303613820446,5.698903922943106
1767874964.5571465,1767874964557154902,Sr02_gA_IMG1_LID1_STA1_CFC64_OH0,0108_1321,A,0.5169130563735962,0.36110469698905945,0.5,0.5,-27.363529506074503,7.368585180743538,2.9136645793998945,5.626371055949947
1767874964.676867,1767874964676875197,Sr02_gA_IMG1_LID1_STA1_CFC64_OH0,0108_1321,A,0.5200135111808777,0.4105306565761566,0.5,0.5,-27.412395432963365,7.379165382124552,2.943073371082488,5.577510398529377
1767874964.7973552,1767874964797368420,Sr02_gA_IMG1_LID1_STA1_CFC64_OH0,0108_1321,A,0.5065643191337585,0.2473025619983673,0.5,0.5,-27.486053376553215,7.39275749390668,2.972963557213261,5.503889234120621
1767874964.9252295,1767874964925238856,Sr02_gA_IMG1_LID1_STA1_CFC64_OH0,0108_1321,A,0.4766083061695099,0.25774556398391724,0.5,0.5,-27.535313794688243,7.400998882479221,2.9784147875871643,5.454668148874944
1767874965.046047,1767874965046055395,Sr02_gA_IMG1_LID1_STA1_CFC64_OH0,0108_1321,A,0.46295446157455444,0.2356829047203064,0.5,0.5,-27.609321593533416,7.412431567055712,3.000436961688022,5.380737150853009
1767874965.1706946,1767874965170703955,Sr02_gA_IMG1_LID1_STA1_CFC64_OH0,0108_1321,A,0.5095914006233215,0.16306672990322113,0.5,0.0,-27.658836522388356,7.418790855662355,3.0276311826080535,5.331276790792104
1767874965.292208,1767874965292215817,Sr02_gA_IMG1_LID1_STA1_CFC64_OH0,0108_1321,A,0.5092093348503113,0.06463068723678589,0.5,0.0,-27.73347812005868,7.4253261379041255,3.082935036675637,5.256701575508906
1767874965.4138947,1767874965413902818,Sr02_gA_IMG1_LID1_STA1_CFC64_OH0,0108_1321,A,0.5174911618232727,0.08103486150503159,0.5,0.0,-27.783422160412115,7.427233483519432,3.1233049371029415,5.206780431523087
1767874965.5347188,1767874965534725919,Sr02_gA_IMG1_LID1_STA1_CFC64_OH0,0108_1321,A,0.516598641872406,0.056215811520814896,0.5,0.0,-27.8333199077411,7.427476000095805,-3.1339848719050143,5.156888257589803
1767874965.6580684,1767874965658077038,Sr02_gA_IMG1_LID1_STA1_CFC64_OH0,0108_1321,A,0.508814811706543,0.02092762291431427,0.5,0.0,-27.90828832762084,7.425465742725818,-3.095868775268091,5.081902480650551
1767874965.7805538,1767874965780561973,Sr02_gA_IMG1_LID1_STA1_CFC64_OH0,0108_1321,A,0.49281424283981323,-0.00530093302950263,0.5,0.0,-27.958204512464125,7.422591993803042,-3.072300522035255,5.031958953003759
1767874965.903097,1767874965903105889,Sr02_gA_IMG1_LID1_STA1_CFC64_OH0,0108_1321,A,0.48796966671943665,0.0032335310243070126,0.5,0.0,-28.032899961176554,7.416422272006264,-3.047973721108651,4.957207227183008
1767874966.0263114,1767874966026321284,Sr02_gA_IMG1_LID1_STA1_CFC64_OH0,0108_1321,A,0.49912354350090027,-0.0021039980929344893,0.5,0.0,-28.08265996758119,7.411586910025612,-3.0414909383192232,4.907407047072534
1767874966.1491416,1767874966149149793,Sr02_gA_IMG1_LID1_STA1_CFC64_OH0,0108_1321,A,0.5310149192810059,-0.008918782696127892,0.5,0.0,-28.157237743709775,7.403644015887941,-3.0300802932266864,4.832771833672911
1767874966.2696033,1767874966269613873,Sr02_gA_IMG1_LID1_STA1_CFC64_OH0,0108_1321,A,0.5006574988365173,-0.02460227906703949,0.5,0.0,-28.206911389135417,7.397941185920914,-3.024811582683521,4.783063923984494
1767874966.3914962,1767874966391504495,Sr02_gA_IMG1_LID1_STA1_CFC64_OH0,0108_1321,A,0.5211623907089233,-0.01591903530061245,0.5,0.0,-28.25656469554959,7.392063437006276,-3.0227188162970626,4.733381726635596
1767874966.5131993,1767874966513207776,Sr02_gA_IMG1_LID1_STA1_CFC64_OH0,0108_1321,A,0.5404757857322693,-0.03993365913629532,0.5,0.0,-28.33103455674663,7.383161816147951,-3.022904024831324,4.658881057265703
1767874966.635,1767874966635008951,Sr02_gA_IMG1_LID1_STA1_CFC64_OH0,0108_1321,A,0.5293039083480835,0.03288634493947029,0.5,0.0,-28.380681834002903,7.377233281564698,-3.0225806740759666,4.609222246637754
1767874966.7590384,1767874966759046095,Sr02_gA_IMG1_LID1_STA1_CFC64_OH0,0108_1321,A,0.5114205479621887,0.0005057866219431162,0.5,0.0,-28.455152337175665,7.368337024991717,-3.022979184644255,4.534748504550352
1767874966.8813007,1767874966881309706,Sr02_gA_IMG1_LID1_STA1_CFC64_OH0,0108_1321,A,0.5210505127906799,-0.012060745619237423,0.5,0.0,-28.50480364926948,7.362442389752115,-3.023871061050917,4.485104706643026
1767874967.0094695,1767874967009478403,Sr02_gA_IMG1_LID1_STA1_CFC64_OH0,0108_1321,A,0.498125821352005,-0.03669297322630882,0.5,0.0,-28.579300540881786,7.353770235769065,-3.027387726412192,4.4106335043281675
1767874967.1300113,1767874967130020288,Sr02_gA_IMG1_LID1_STA1_CFC64_OH0,0108_1321,A,0.49267953634262085,-0.03236839547753334,0.5,0.0,-28.628979337067097,7.348111935268939,-3.0289796278536167,4.360981251910539
1767874967.2512372,1767874967251245163,Sr02_gA_IMG1_LID1_STA1_CFC64_OH0,0108_1321,A,0.5046698451042175,-0.035707831382751465,0.5,0.0,-28.70349703290275,7.339898858001463,-3.0331965062907194,4.2865165236590554
1767874967.3699443,1767874967369953643,Sr02_gA_IMG1_LID1_STA1_CFC64_OH0,0108_1321,A,0.520113468170166,-0.03161025047302246,0.5,0.0,-28.75319468009304,7.334408739544979,-3.030231668097415,4.23686419611506
1767874967.4885752,1767874967488584988,Sr02_gA_IMG1_LID1_STA1_CFC64_OH0,0108_1321,A,0.5371492505073547,-0.02853037789463997,0.5,0.0,-28.80288482490272,7.328850935026506,-3.030181082619482,4.187228326708019
1767874967.6096988,1767874967609707471,Sr02_gA_IMG1_LID1_STA1_CFC64_OH0,0108_1321,A,0.4859102964401245,-0.03159487247467041,0.5,0.0,-28.877426395609763,7.320571325092938,-3.0321108250429267,4.112784007675856
1767874967.733312,1767874967733320942,Sr02_gA_IMG1_LID1_STA1_CFC64_OH0,0108_1321,A,0.481752872467041,-0.031173277646303177,0.5,0.0,-28.92713694628121,7.315199358098792,-3.0357801111164235,4.063147611449453
1767874967.8593132,1767874967859321997,Sr02_gA_IMG1_LID1_STA1_CFC64_OH0,0108_1321,A,0.49523523449897766,-0.022636178880929947,0.5,0.0,-29.001736765593126,7.307462753889672,-3.040745397764449,3.988670916905429
1767874967.9769237,1767874967976931297,Sr02_gA_IMG1_LID1_STA1_CFC64_OH0,0108_1321,A,0.4838154911994934,-0.03889763355255127,0.5,0.0,-29.051491605220725,7.302517760482546,-3.0443161748643677,3.9390054845919016
1767874968.0956688,1767874968095679201,Sr02_gA_IMG1_LID1_STA1_CFC64_OH0,0108_1321,A,0.48735564947128296,-0.014949693344533443,0.5,0.0,-29.126153953697216,7.295409829815224,-3.0489653140953186,3.864487354382595
1767874968.2162573,1767874968216266111,Sr02_gA_IMG1_LID1_STA1_CFC64_OH0,0108_1321,A,0.48550885915756226,-0.012015123851597309,0.5,0.0,-29.17594614486173,7.2908561856003375,-3.051848990472886,3.81479790799899
1767874968.33966,1767874968339668527,Sr02_gA_IMG1_LID1_STA1_CFC64_OH0,0108_1321,A,0.4873693883419037,-0.024212777614593506,0.5,0.0,-29.225751924890268,7.286453700086221,-3.0550084718999058,3.765099696879404
1767874968.457987,1767874968457995472,Sr02_gA_IMG1_LID1_STA1_CFC64_OH0,0108_1321,A,0.4742942154407501,-0.03296533599495888,0.5,0.0,-29.30048586438318,7.280142805387442,-3.0596033060287,3.690535174651636
1767874968.577757,1767874968577765201,Sr02_gA_IMG1_LID1_STA1_CFC64_OH0,0108_1321,A,0.495993435382843,0.01190516259521246,0.5,0.0,-29.350322491074433,7.276104333474289,-3.0618669220332624,3.640817026456492
1767874968.6986067,1767874968698615855,Sr02_gA_IMG1_LID1_STA1_CFC64_OH0,0108_1321,A,0.5052418112754822,0.013641704805195332,0.5,0.0,-29.425100173837684,7.270335229836577,-3.0670599896828272,3.5662236805215897
1767874968.8209233,1767874968820937496,Sr02_gA_IMG1_LID1_STA1_CFC64_OH0,0108_1321,A,0.5129016637802124,0.004182247910648584,0.5,0.0,-29.474964121454356,7.266649318087013,-3.068554957992613,3.516487476906397
1767874968.9398873,1767874968939896656,Sr02_gA_IMG1_LID1_STA1_CFC64_OH0,0108_1321,A,0.517228364944458,0.014331220649182796,0.5,0.0,-29.52483299489059,7.263030638157767,-3.0697564706581333,3.466751842411981
1767874969.0610065,1767874969061014831,Sr02_gA_IMG1_LID1_STA1_CFC64_OH0,0108_1321,A,0.5096198320388794,0.01443506870418787,0.5,0.0,-29.599647988102774,7.257766597364656,-3.073231939958002,3.392145805286985
1767874969.1816995,1767874969181706779,Sr02_gA_IMG1_LID1_STA1_CFC64_OH0,0108_1321,A,0.4963587522506714,-0.0016709624323993921,0.5,0.0,-29.649536739826477,7.254433450200089,-3.07652846630109,3.3424000050501577
1767874969.3044453,1767874969304454197,Sr02_gA_IMG1_LID1_STA1_CFC64_OH0,0108_1321,A,0.48548462986946106,0.005245165433734655,0.5,0.0,-29.724364937662305,7.249527525097523,-3.0752199205249857,3.2677972871661978
1767874969.425139,1767874969425147137,Sr02_gA_IMG1_LID1_STA1_CFC64_OH0,0108_1321,A,0.4779781997203827,0.0012047181371599436,0.5,0.0,-29.77425256403089,7.2461772966653895,-3.0738557523786962,3.218073043649435
1767874969.5515218,1767874969551530268,Sr02_gA_IMG1_LID1_STA1_CFC64_OH0,0108_1321,A,0.48691675066947937,-0.0038417354226112366,0.5,0.0,-29.82413718835912,7.242782609340549,-3.0734375210332874,3.1683622792089303
1767874969.6763892,1767874969676397820,Sr02_gA_IMG1_LID1_STA1_CFC64_OH0,0108_1321,A,0.4880499243736267,-0.006656758952885866,0.5,0.0,-29.898958493700878,7.23760868171455,-3.07148978991911,3.0938227692323075
1767874969.7987778,1767874969798786647,Sr02_gA_IMG1_LID1_STA1_CFC64_OH0,0108_1321,A,0.504912257194519,-0.048452191054821014,0.5,0.0,-29.948833135463552,7.234070411251869,-3.0700462854317765,3.044152555765564
1767874969.922539,1767874969922547204,Sr02_gA_IMG1_LID1_STA1_CFC64_OH0,0108_1321,A,0.5122434496879578,-0.023584458976984024,0.5,0.0,-30.023641041985904,7.228706048294932,-3.0699975395653145,2.969674770657731
1767874970.0485926,1767874970048601710,Sr02_gA_IMG1_LID1_STA1_CFC64_OH0,0108_1321,A,0.511968731880188,-0.022547084838151932,0.5,0.0,-30.073512006741787,7.225116271142782,-3.0694730242900667,2.9200394134860095
1767874970.1673007,1767874970167309499,Sr02_gA_IMG1_LID1_STA1_CFC64_OH0,0108_1321,A,0.483001708984375,-0.018846943974494934,0.5,0.0,-30.148316587700208,7.21970573116753,-3.069393239117153,2.845613556632847
1767874970.2862694,1767874970286279180,Sr02_gA_IMG1_LID1_STA1_CFC64_OH0,0108_1321,A,0.48440125584602356,0.030647587031126022,0.5,0.0,-30.198187013848827,7.216108475546611,-3.0697774117317445,2.796012119018349
1767874970.406462,1767874970406469367,Sr02_gA_IMG1_LID1_STA1_CFC64_OH0,0108_1321,A,0.48254871368408203,0.018786095082759857,0.5,0.0,-30.272985291502334,7.210768954204147,-3.071567939930104,2.7216413388793432
1767874970.525942,1767874970525950726,Sr02_gA_IMG1_LID1_STA1_CFC64_OH0,0108_1321,A,0.4802546799182892,0.023759808391332626,0.5,0.0,-30.322871031857506,7.207391426129762,-3.0764131479568833,2.672048654884457
1767874970.6463652,1767874970646373810,Sr02_gA_IMG1_LID1_STA1_CFC64_OH0,0108_1321,A,0.4896450936794281,0.04716449975967407,0.5,0.0,-30.372768651223268,7.204193597823464,-3.078771609025932,2.622448139399028
1767874970.767638,1767874970767646305,Sr02_gA_IMG1_LID1_STA1_CFC64_OH0,0108_1321,A,0.4687565565109253,-0.11082717776298523,0.5,0.0,-30.44762864393703,7.19961370849682,-3.082147788882079,2.5480485073937977
1767874970.8914936,1767874970891502763,Sr02_gA_IMG1_LID1_STA1_CFC64_OH0,0108_1321,A,0.490776926279068,-0.11357787996530533,0.5,0.0,-30.49754309416856,7.196690251475152,-3.0840324809852437,2.498451861938942
1767874971.01353,1767874971013537847,Sr02_gA_IMG1_LID1_STA1_CFC64_OH0,0108_1321,A,0.48797377943992615,-0.02242131158709526,0.5,0.0,-30.572400256752978,7.192248827681345,-3.080281114106207,2.424106588093677
1767874971.1320229,1767874971132031085,Sr02_gA_IMG1_LID1_STA1_CFC64_OH0,0108_1321,A,0.5321316719055176,0.04515070840716362,0.5,0.0,-30.62230339834314,7.189138296049822,-3.078402506966964,2.3745786425977906
1767874971.2556844,1767874971255692788,Sr02_gA_IMG1_LID1_STA1_CFC64_OH0,0108_1321,A,0.4987803101539612,0.010117894969880581,0.5,0.0,-30.697144756788514,7.184263563050105,-3.0741364232734476,2.3003552898293527
1767874971.375084,1767874971375092534,Sr02_gA_IMG1_LID1_STA1_CFC64_OH0,0108_1321,A,0.4952771067619324,0.014086593873798847,0.5,0.0,-30.747011598820055,7.180777468208549,-3.0698096693408576,2.250948921289648
1767874971.4949608,1767874971494968433,Sr02_gA_IMG1_LID1_STA1_CFC64_OH0,0108_1321,A,0.44665849208831787,-0.004011521115899086,0.5,0.0,-30.796761571997052,7.177386976339622,-3.0787890070062605,2.20167683821193
1767874971.6138134,1767874971613820754,Sr02_gA_IMG1_LID1_STA1_CFC64_OH0,0108_1321,A,0.4776075482368469,-0.027491271495819092,0.5,0.0,-30.871638643834384,7.173313284904203,-3.095361457214844,2.127475207303948
1767874971.7328696,1767874971732878149,Sr02_gA_IMG1_LID1_STA1_CFC64_OH0,0108_1321,A,0.5105602741241455,0.022683802992105484,0.5,0.0,-30.921567335750193,7.171069738968558,-3.0978192447259985,2.0779827033281593
1767874971.8543148,1767874971854325081,Sr02_gA_IMG1_LID1_STA1_CFC64_OH0,0108_1321,A,0.5068982839584351,0.040253929793834686,0.5,0.0,-30.99646461575262,7.167609869905024,-3.0927577198059715,2.003794616275723
1767874971.9776127,1767874971977621810,Sr02_gA_IMG1_LID1_STA1_CFC64_OH0,0108_1321,A,0.48761940002441406,-0.04788802191615105,0.5,0.0,-31.046403759865285,7.165143829574088,-3.0917459298858843,1.9543785660803477
1767874972.099471,1767874972099479182,Sr02_gA_IMG1_LID1_STA1_CFC64_OH0,0108_1321,A,0.54050612449646,-0.04797814041376114,0.5,0.0,-31.09633988095872,7.162617353819958,-3.0903372758393104,1.9050026084448952
1767874972.2231576,1767874972223166584,Sr02_gA_IMG1_LID1_STA1_CFC64_OH0,0108_1321,A,0.5272172689437866,-0.04718833044171333,0.5,0.0,-31.171241267927584,7.158772700180105,-3.0908118116213057,1.831011323283406
1767874972.3455288,1767874972345537668,Sr02_gA_IMG1_LID1_STA1_CFC64_OH0,0108_1321,A,0.5091803073883057,-0.10079226642847061,0.5,0.0,-31.221180236918407,7.156303391730116,-3.0935609292722557,1.7817146750362831
1767874972.4706988,1767874972470707097,Sr02_gA_IMG1_LID1_STA1_CFC64_OH0,0108_1321,A,0.43726155161857605,-0.22020283341407776,0.5,-0.5,-31.296078447087492,7.152618014585174,-3.090426636395812,1.7078541597752837
1767874972.5891879,1767874972589196017,Sr02_gA_IMG1_LID1_STA1_CFC64_OH0,0108_1321,A,0.5478342175483704,-0.0317765474319458,0.5,0.0,-31.346007727487404,7.149960334132944,-3.0864012510424392,1.6586996579991258
1767874972.7092702,1767874972709279014,Sr02_gA_IMG1_LID1_STA1_CFC64_OH0,0108_1321,A,0.5446994304656982,-0.029240258038043976,0.5,0.0,-31.42087049346817,7.146042812614275,-3.0928637866306388,1.5850881142578455
1767874972.8301504,1767874972830156670,Sr02_gA_IMG1_LID1_STA1_CFC64_OH0,0108_1321,A,0.49789583683013916,0.036741290241479874,0.5,0.0,-31.470816790347136,7.143727145414332,-3.09766159282336,1.536005277611922
1767874972.9536102,1767874972953621725,Sr02_gA_IMG1_LID1_STA1_CFC64_OH0,0108_1321,A,0.4734460115432739,0.019431088119745255,0.5,0.0,-31.520773541996117,7.141649163746697,-3.1023804187538895,1.4869365271807569
1767874973.0792525,1767874973079260633,Sr02_gA_IMG1_LID1_STA1_CFC64_OH0,0108_1321,A,0.5485871434211731,0.030301500111818314,0.5,0.0,-31.595709669985304,7.13919136019231,-3.1166005024049594,1.4133464874276005
1767874973.196974,1767874973196981825,Sr02_gA_IMG1_LID1_STA1_CFC64_OH0,0108_1321,A,0.5578125715255737,0.04174937680363655,0.5,0.0,-31.64561152474898,7.138444917801198,-3.137513136768415,1.364272660418599
1767874973.32506,1767874973325068420,Sr02_gA_IMG1_LID1_STA1_CFC64_OH0,0108_1321,A,0.510071337223053,0.08537222445011139,0.5,0.0,-31.720440037802884,7.138711839047207,3.134829055725895,1.2905552498721318
1767874973.448096,1767874973448104511,Sr02_gA_IMG1_LID1_STA1_CFC64_OH0,0108_1321,A,0.5075615048408508,0.09014249593019485,0.5,0.0,-31.770438325311734,7.139123114662291,3.1319050345537307,1.2413299526574282
1767874973.5719428,1767874973571952213,Sr02_gA_IMG1_LID1_STA1_CFC64_OH0,0108_1321,A,0.5300801992416382,0.029190924018621445,0.5,0.0,-31.845417145576075,7.139666454435166,3.1367660617446633,1.167648273275408
1767874973.6913764,1767874973691384682,Sr02_gA_IMG1_LID1_STA1_CFC64_OH0,0108_1321,A,0.5353741645812988,0.02425254136323929,0.5,0.0,-31.895416763005915,7.13985920581981,3.138709168405272,1.118644653567044
1767874973.8127658,1767874973812775149,Sr02_gA_IMG1_LID1_STA1_CFC64_OH0,0108_1321,A,0.5717266201972961,-0.0941014215350151,0.5,0.0,-31.970416675900857,7.139902446419561,-3.1395875023415014,1.0453700573948994
1767874973.933301,1767874973933309042,Sr02_gA_IMG1_LID1_STA1_CFC64_OH0,0108_1321,A,0.48947107791900635,-0.03809629753232002,0.5,0.0,-32.020416217674814,7.139697816327321,-3.135412571678641,0.9967174999968798
1767874974.0556154,1767874974055624573,Sr02_gA_IMG1_LID1_STA1_CFC64_OH0,0108_1321,A,0.5594989061355591,0.17757272720336914,0.5,0.0,-32.070402218209615,7.139178900876502,-3.1269476737290076,0.9482950843150496
1767874974.1746857,1767874974174694803,Sr02_gA_IMG1_LID1_STA1_CFC64_OH0,0108_1321,A,0.5751651525497437,0.19098308682441711,0.5,0.0,-32.145373144908525,7.137581609108716,-3.113924065687573,0.8762171236943209
1767874974.2925415,1767874974292548944,Sr02_gA_IMG1_LID1_STA1_CFC64_OH0,0108_1321,A,0.4087137281894684,-0.06690400838851929,0.5,0.0,-32.19535191392645,7.136125407966748,-3.1110049536118027,0.8285648556294976
1767874974.4140809,1767874974414089764,Sr02_gA_IMG1_LID1_STA1_CFC64_OH0,0108_1321,A,0.39030158519744873,0.07888107746839523,0.5,0.0,-32.27027998650337,7.133697348251453,-3.108352034298932,0.7577684229909112
1767874974.5343285,1767874974534337140,Sr02_gA_IMG1_LID1_STA1_CFC64_OH0,0108_1321,A,0.374062716960907,0.06525168567895889,0.5,0.0,-32.32021230983257,7.132257117053365,-3.1174365837008415,0.7110045886603306
1767874974.6549222,1767874974654930915,Sr02_gA_IMG1_LID1_STA1_CFC64_OH0,0108_1321,A,0.5125920176506042,0.05197366699576378,0.5,0.0,-32.36645094194975,7.131225633797362,-3.116792748140266,0.6680033230043538
1767874974.7739856,1767874974773994072,Sr02_gA_IMG1_LID1_STA1_CFC64_OH0,0108_1321,A,0.4016250967979431,0.22560855746269226,0.5,0.5,-32.38551652639687,7.130164311756223,-3.0476392708551234,0.6506376787691335
1767874974.8992796,1767874974899287744,Sr02_gA_IMG1_LID1_STA1_CFC64_OH0,0108_1321,A,0.48755913972854614,0.1093321368098259,0.5,0.0,-32.38720148810282,7.129970145229366,-3.007921637672937,0.6491449014702215
1767874975.025414,1767874975025423223,Sr02_gA_IMG1_LID1_STA1_CFC64_OH0,0108_1321,A,0.46691781282424927,0.10169248282909393,0.5,0.0,-32.38993971832542,7.129534415400602,-2.9590259493239115,0.6467660096587373
1767874975.1557488,1767874975155757380,Sr02_gA_IMG1_LID1_STA1_CFC64_OH0,0108_1321,A,0.5002924203872681,0.08472058176994324,0.5,0.0,-32.390271135773,7.129475857009538,-2.9351459578796204,0.6464804724738694
1767874975.277627,1767874975277633679,Sr02_gA_IMG1_LID1_STA1_CFC64_OH0,0108_1321,A,0.31574010848999023,0.017558641731739044,0.5,0.0,-32.39000900240154,7.129532236969006,-2.9187061425549348,0.6467025538340411
1767874975.4005892,1767874975400597435,Sr02_gA_IMG1_LID1_STA1_CFC64_OH0,0108_1321,A,0.27320727705955505,-0.013256841339170933,0.5,0.0,-32.3901899878838,7.129490855688538,-2.9162574883791974,0.6465501351382791
1767874975.5245547,1767874975524563049,Sr02_gA_IMG1_LID1_STA1_CFC64_OH0,0108_1321,A,0.1519685685634613,-0.020522166043519974,0.5,0.0,-32.39070561879249,7.129373212690746,-2.9188773725452446,0.6461158922155568
1767874975.6502671,1767874975650276548,Sr02_gA_IMG1_LID1_STA1_CFC64_OH0,0108_1321,A,-0.008979182690382004,0.09775717556476593,0.0,0.0,-32.39113145837876,7.129277575478322,-2.9226002833860654,0.6457568051803786
1767874975.770946,1767874975770956325,Sr02_gA_IMG1_LID1_STA1_CFC64_OH0,0108_1321,A,0.022591467946767807,0.12795878946781158,0.0,0.0,-32.39185949604589,7.129118395415693,-2.93027861822805,0.6451414893857637
1767874975.894194,1767874975894202951,Sr02_gA_IMG1_LID1_STA1_CFC64_OH0,0108_1321,A,0.09586140513420105,0.05152798444032669,0.0,0.0,-32.3924065311909,7.1290028515899255,-2.936650395968825,0.6446778067669295
1767874976.0122054,1767874976012213025,Sr02_gA_IMG1_LID1_STA1_CFC64_OH0,0108_1321,A,0.09720377624034882,0.04946989566087723,0.0,0.0,-32.39333034776344,7.128816240114449,-2.947985259206595,0.6438918933127906
1767874976.131449,1767874976131456861,Sr02_gA_IMG1_LID1_STA1_CFC64_OH0,0108_1321,A,0.013218098320066929,0.06252150982618332,0.0,0.0,-32.39355185194079,7.12877330479872,-2.952686693575985,0.6437028358651369
1767874976.25037,1767874976250380467,Sr02_gA_IMG1_LID1_STA1_CFC64_OH0,0108_1321,A,-0.01413031667470932,-0.018796361982822418,0.0,0.0,-32.39386776550082,7.128712858942738,-2.9519265210299506,0.6434329418921558
1767874976.3804848,1767874976380494683,Sr02_gA_IMG1_LID1_STA1_CFC64_OH0,0108_1321,A,-0.016884081065654755,-0.02006670832633972,0.0,0.0,-32.393789927537384,7.128729409622419,-2.9395911501666725,0.6434988124086641
1767874976.5065932,1767874976506600617,Sr02_gA_IMG1_LID1_STA1_CFC64_OH0,0108_1321,A,0.11784380674362183,-0.016263753175735474,0.0,0.0,-32.39349377933809,7.128791796849349,-2.9278751152465907,0.6437496760063824
1767874976.6266868,1767874976626694897,Sr02_gA_IMG1_LID1_STA1_CFC64_OH0,0108_1321,A,0.03893841803073883,-0.06112065538764,0.0,0.0,-32.393403378826356,7.128811546482133,-2.9192485773027737,0.6438259965081028
1767874976.7487803,1767874976748788964,Sr02_gA_IMG1_LID1_STA1_CFC64_OH0,0108_1321,A,0.016091112047433853,-0.08555557578802109,0.0,0.0,-32.39340334199106,7.128811554905151,-2.9143016266907162,0.6438260274657369
1767874976.8708436,1767874976870852013,Sr02_gA_IMG1_LID1_STA1_CFC64_OH0,0108_1321,A,0.016013765707612038,-0.0862824022769928,0.0,0.0,-32.3933569412526,7.12882260139806,-2.906878317823576,0.6438648606757693
1767874976.991813,1767874976991823907,Sr02_gA_IMG1_LID1_STA1_CFC64_OH0,0108_1321,A,0.04247002303600311,0.02569187432527542,0.0,0.0,-32.39335694116775,7.128822601418337,-2.908757934487627,0.6438648607467493
1767874977.1142135,1767874977114223317,Sr02_gA_IMG1_LID1_STA1_CFC64_OH0,0108_1321,A,-0.09609277546405792,-0.04722734913229942,0.0,0.0,-32.39335694116631,7.12882260141868,-2.9116538318159346,0.6438648607479568
1767874977.2380633,1767874977238073314,Sr02_gA_IMG1_LID1_STA1_CFC64_OH0,0108_1321,A,-0.07710632681846619,0.09702850133180618,0.0,0.0,-32.3933567278793,7.128822650957727,-2.913631211075666,0.6438650397182787
1767874977.359391,1767874977359399022,Sr02_gA_IMG1_LID1_STA1_CFC64_OH0,0108_1321,A,-0.0768277496099472,0.09709551930427551,0.0,0.0,-32.393356727854574,7.128822650963413,-2.9197432391813902,0.6438650397390486
1767874977.4768233,1767874977476830973,Sr02_gA_IMG1_LID1_STA1_CFC64_OH0,0108_1321,A,-0.03083312138915062,0.13748577237129211,0.0,0.0,-32.39335672781074,7.128822650973029,-2.932346703430625,0.6438650397760423
1767874977.5979471,1767874977597955133,Sr02_gA_IMG1_LID1_STA1_CFC64_OH0,0108_1321,A,0.019171856343746185,0.10790602117776871,0.0,0.0,-32.393356727783264,7.128822650978739,-2.9409749162983205,0.6438650397993508
1767874977.7235858,1767874977723593512,Sr02_gA_IMG1_LID1_STA1_CFC64_OH0,0108_1321,A,0.03059840388596058,-0.006433314178138971,0.0,0.0,-32.39335712932112,7.128822571359103,-2.940468481852093,0.6438646977328745
