t_unix,t_ros_ns,run_folder,run_id,goal_id,v_pred_lin,w_pred_ang,v_cmd_lin,w_cmd_ang,x,y,yaw,dist_to_goal
1773758293.8884692,1773758293888476376,SR03_gC_eps15_IMG1_LID1_STA1_CFC64_OH0,0317_1538,C,-0.07867952436208725,0.0024570240639150143,0.0,0.0,-7.86367325340443e-15,-2.4813420024975683e-24,-7.060455982234925e-12,39.286651761126194
1773758294.022611,1773758294022617901,SR03_gC_eps15_IMG1_LID1_STA1_CFC64_OH0,0317_1538,C,-0.07867952436208725,0.0024570240639150143,0.0,0.0,-7.86367325340443e-15,-2.4813420024975683e-24,-7.060455982234925e-12,39.286651761126194
1773758294.1612196,1773758294161227405,SR03_gC_eps15_IMG1_LID1_STA1_CFC64_OH0,0317_1538,C,-0.05366671085357666,-0.001989908516407013,0.0,0.0,-8.015845287198971e-15,-2.480267598525184e-24,-7.060456213438681e-12,39.286651761126194
1773758294.2852228,1773758294285229423,SR03_gC_eps15_IMG1_LID1_STA1_CFC64_OH0,0317_1538,C,-0.08579935878515244,0.0007366403006017208,0.0,0.0,-8.12993003954229e-15,-2.4794621081100908e-24,-7.060456376172208e-12,39.286651761126194
1773758294.414688,1773758294414695274,SR03_gC_eps15_IMG1_LID1_STA1_CFC64_OH0,0317_1538,C,0.011690817773342133,0.008389785885810852,0.0,0.0,-8.20595560204597e-15,-2.47892533294029e-24,-7.060456444837324e-12,39.286651761126194
1773758294.5471065,1773758294547116123,SR03_gC_eps15_IMG1_LID1_STA1_CFC64_OH0,0317_1538,C,-0.070927694439888,-0.01152762956917286,0.0,0.0,1.9209475527436885e-13,2.4617720019007608e-18,2.456772349580563e-05,39.286651761126265
1773758294.6768396,1773758294676855272,SR03_gC_eps15_IMG1_LID1_STA1_CFC64_OH0,0317_1538,C,-0.05687744915485382,8.050026372075081e-05,0.0,0.0,2.8217576597536834e-13,1.2231728089480864e-18,0.00039310342346998044,39.28665176112629
1773758294.8098044,1773758294809814333,SR03_gC_eps15_IMG1_LID1_STA1_CFC64_OH0,0317_1538,C,-0.13398656249046326,0.0024264310486614704,0.0,0.0,2.593864967004546e-13,-1.0539963025220967e-17,0.000638794236044225,39.286651761126286
1773758294.9416885,1773758294941695127,SR03_gC_eps15_IMG1_LID1_STA1_CFC64_OH0,0317_1538,C,0.0033987071365118027,0.011833889409899712,0.0,0.0,1.490703735617762e-14,-2.2018849069289226e-16,0.0005211095984181822,39.2866517611262
1773758295.0727584,1773758295072769647,SR03_gC_eps15_IMG1_LID1_STA1_CFC64_OH0,0317_1538,C,-0.12970377504825592,-0.004746698308736086,0.0,0.0,9.067729011800341e-13,3.5620086049372156e-16,0.001090770786204051,39.2866517611265
1773758295.204837,1773758295204845201,SR03_gC_eps15_IMG1_LID1_STA1_CFC64_OH0,0317_1538,C,-0.03422684967517853,0.0018616640008985996,0.0,0.0,-1.88065740977781e-12,-3.978055674474909e-15,0.001332236834359388,39.28665176112558
1773758295.336369,1773758295336376001,SR03_gC_eps15_IMG1_LID1_STA1_CFC64_OH0,0317_1538,C,-0.08491120487451553,0.0025862776674330235,0.0,0.0,-1.0072619396953965e-12,-4.19764719264627e-15,0.00018349811736716586,39.286651761125874
1773758295.4678583,1773758295467865771,SR03_gC_eps15_IMG1_LID1_STA1_CFC64_OH0,0317_1538,C,-0.20762735605239868,0.002555001061409712,-0.5,0.0,-8.119645047307192e-13,-4.1581019092871955e-15,0.00021499495531025222,39.28665176112594
1773758295.5963843,1773758295596391606,SR03_gC_eps15_IMG1_LID1_STA1_CFC64_OH0,0317_1538,C,-0.09865226596593857,0.0022231959737837315,0.0,0.0,3.9935799495823005e-13,-3.45774302622755e-15,0.0008611579509316238,39.28665176112633
1773758295.7278273,1773758295727835398,SR03_gC_eps15_IMG1_LID1_STA1_CFC64_OH0,0317_1538,C,-0.15842099487781525,0.003915539477020502,0.0,0.0,-2.3348534659786126e-12,-8.674556668226556e-15,0.0018072170784642083,39.286651761125434
1773758295.8582153,1773758295858222224,SR03_gC_eps15_IMG1_LID1_STA1_CFC64_OH0,0317_1538,C,-0.15856803953647614,0.0038583497516810894,0.0,0.0,-1.886972419827506e-12,-8.070232390632813e-15,0.0013986369313602463,39.28665176112558
1773758295.9869065,1773758295986914572,SR03_gC_eps15_IMG1_LID1_STA1_CFC64_OH0,0317_1538,C,-0.5215920805931091,0.004783747252076864,-0.5,0.0,-1.4858224645455686e-12,-7.483818072041667e-15,0.0016996057422920601,39.28665176112572
1773758296.110525,1773758296110535320,SR03_gC_eps15_IMG1_LID1_STA1_CFC64_OH0,0317_1538,C,-0.4847668409347534,0.018928496167063713,-0.5,0.0,-1.5076866109244167e-12,-7.524158126636456e-15,0.0019582218791860265,39.286651761125704
1773758296.246454,1773758296246461578,SR03_gC_eps15_IMG1_LID1_STA1_CFC64_OH0,0317_1538,C,-0.4449714720249176,-0.00021771341562271118,-0.5,0.0,-0.020770677597997517,-4.4727983431034395e-05,0.002236901141060493,39.279832386973766
1773758296.3771138,1773758296377129602,SR03_gC_eps15_IMG1_LID1_STA1_CFC64_OH0,0317_1538,C,-0.4449752867221832,-0.0001929793506860733,-0.5,0.0,-0.032279286238233715,-7.106022152498228e-05,0.002532034903236318,39.276059593024826
1773758296.5057073,1773758296505714535,SR03_gC_eps15_IMG1_LID1_STA1_CFC64_OH0,0317_1538,C,-0.4558780789375305,-0.03253839537501335,-0.5,0.0,-0.032279286239796014,-7.106022152898854e-05,0.002923576952751251,39.27605959302432
1773758296.6362119,1773758296636218942,SR03_gC_eps15_IMG1_LID1_STA1_CFC64_OH0,0317_1538,C,-0.5059080719947815,-0.03908636048436165,-0.5,0.0,-0.03501775034500869,-8.042536968789683e-05,0.003481839929450796,39.27516522908708
1773758296.7647812,1773758296764787984,SR03_gC_eps15_IMG1_LID1_STA1_CFC64_OH0,0317_1538,C,-0.47322598099708557,-0.03394846245646477,-0.5,0.0,-0.053475040104318895,-0.00014763485978456822,0.00374341452621133,39.26914551262354
1773758296.8893569,1773758296889363159,SR03_gC_eps15_IMG1_LID1_STA1_CFC64_OH0,0317_1538,C,-0.44350165128707886,-0.011363578960299492,-0.5,0.0,-0.11333621299099142,-0.00037991608319632613,0.003944341564480883,39.24968909363394
1773758297.0221775,1773758297022183827,SR03_gC_eps15_IMG1_LID1_STA1_CFC64_OH0,0317_1538,C,-0.4512900412082672,-0.01537030003964901,-0.5,0.0,-0.1633358229177433,-0.0005765883625104954,0.003922570344453936,39.23350305685212
1773758297.1529322,1773758297152940355,SR03_gC_eps15_IMG1_LID1_STA1_CFC64_OH0,0317_1538,C,-0.4503204822540283,0.046832375228405,-0.5,0.0,-0.23833525731926625,-0.0008664604980052999,0.0032467391351412023,39.209326160593754
1773758297.284576,1773758297284583238,SR03_gC_eps15_IMG1_LID1_STA1_CFC64_OH0,0317_1538,C,-0.3925378918647766,0.0014362260699272156,-0.5,0.0,-0.3133351517209625,-0.0009254646735843388,-0.0018304416607888888,39.18505928959347
1773758297.4078586,1773758297407868621,SR03_gC_eps15_IMG1_LID1_STA1_CFC64_OH0,0317_1538,C,-0.6878345012664795,-0.053677208721637726,-0.5,0.0,-0.3633347586201062,-0.0007362274850416203,-0.005739069336156447,39.16873653384334
1773758297.5395098,1773758297539520591,SR03_gC_eps15_IMG1_LID1_STA1_CFC64_OH0,0317_1538,C,-0.2421065866947174,0.07424987107515335,-0.5,0.0,-0.4383321222892166,-0.00011710339165649198,-0.010379650888407052,39.14404247126921
1773758297.67061,1773758297670616687,SR03_gC_eps15_IMG1_LID1_STA1_CFC64_OH0,0317_1538,C,-0.23805516958236694,0.07805332541465759,-0.5,0.0,-0.4883291200850274,0.0004302771010206497,-0.011516007688798695,39.127523792057644
1773758297.8010066,1773758297801018940,SR03_gC_eps15_IMG1_LID1_STA1_CFC64_OH0,0317_1538,C,-0.3022506535053253,0.06969410181045532,-0.5,0.0,-0.5633097213596995,0.0013636915505703426,-0.012123593046830663,39.102750776159255
1773758297.9313378,1773758297931349654,SR03_gC_eps15_IMG1_LID1_STA1_CFC64_OH0,0317_1538,C,-0.43690240383148193,-0.20593960583209991,-0.5,-0.5,-0.6382954971639982,0.002036446477766346,-0.007307951819935193,39.078351612887325
1773758298.056055,1773758298056061153,SR03_gC_eps15_IMG1_LID1_STA1_CFC64_OH0,0317_1538,C,-0.33624067902565,-0.12558133900165558,-0.5,0.0,-0.6882830138872601,0.002402369444690121,-0.008091925634561103,39.06223633880513
1773758298.1817951,1773758298181802752,SR03_gC_eps15_IMG1_LID1_STA1_CFC64_OH0,0317_1538,C,-0.34912607073783875,-0.1186688095331192,-0.5,0.0,-0.7631863053054337,0.003284596076231862,-0.012956689911016638,39.037878818076386
1773758298.3077765,1773758298307784234,SR03_gC_eps15_IMG1_LID1_STA1_CFC64_OH0,0317_1538,C,-0.4504338502883911,0.055775441229343414,-0.5,0.0,-0.8131840500012706,0.003746799274208768,-0.005531733271751857,39.021812162607596
1773758298.4305987,1773758298430609741,SR03_gC_eps15_IMG1_LID1_STA1_CFC64_OH0,0317_1538,C,-0.41953641176223755,0.057571493089199066,-0.5,0.0,-0.8881836177028004,0.003723466455914957,0.006009059618675451,38.998500325105915
1773758298.5575135,1773758298557519320,SR03_gC_eps15_IMG1_LID1_STA1_CFC64_OH0,0317_1538,C,-0.33446159958839417,-0.03959529846906662,-0.5,0.0,-0.9381812600939563,0.003248786688243721,0.012978455541145696,38.98346879945492
1773758298.6850772,1773758298685084507,SR03_gC_eps15_IMG1_LID1_STA1_CFC64_OH0,0317_1538,C,-0.31022247672080994,0.034921545535326004,-0.5,0.0,-1.0126780587876207,0.0026015250414554037,-0.003231002640139225,38.961122897777194
1773758298.817703,1773758298817710605,SR03_gC_eps15_IMG1_LID1_STA1_CFC64_OH0,0317_1538,C,-0.39953649044036865,0.2798118591308594,-0.5,0.5,-1.0626513812925413,0.003095448226672905,-0.016184473264296378,38.94532214734004
1773758298.9462235,1773758298946231291,SR03_gC_eps15_IMG1_LID1_STA1_CFC64_OH0,0317_1538,C,-0.4448104798793793,0.30923140048980713,-0.5,0.5,-1.137594901075555,0.004970601982607245,-0.03285156320827144,38.92065390533718
1773758299.0780528,1773758299078062869,SR03_gC_eps15_IMG1_LID1_STA1_CFC64_OH0,0317_1538,C,-0.3940102458000183,0.44472330808639526,-0.5,0.5,-1.1874409658751677,0.006533140371519307,-0.02872035519324177,38.904017527865
1773758299.2056098,1773758299205616367,SR03_gC_eps15_IMG1_LID1_STA1_CFC64_OH0,0317_1538,C,-0.47035613656044006,0.30468109250068665,-0.5,0.5,-1.2624183670888576,0.008364442447066573,-0.020102611340746413,38.87959537958602
1773758299.3364022,1773758299336408922,SR03_gC_eps15_IMG1_LID1_STA1_CFC64_OH0,0317_1538,C,-0.4711077809333801,0.3087681233882904,-0.5,0.5,-1.337321190914274,0.009990748955108063,-0.02182634792594218,38.85552057303159
1773758299.4634776,1773758299463485157,SR03_gC_eps15_IMG1_LID1_STA1_CFC64_OH0,0317_1538,C,-0.4258458614349365,0.3353572487831116,-0.5,0.5,-1.3872787650926113,0.010989845956680119,-0.017355398621696695,38.839617245139436
1773758299.5875835,1773758299587590744,SR03_gC_eps15_IMG1_LID1_STA1_CFC64_OH0,0317_1538,C,-0.3913058638572693,0.34926971793174744,-0.5,0.5,-1.4618352528027658,0.011101016503228672,0.019337052795172276,38.81730833714383
1773758299.7166471,1773758299716654373,SR03_gC_eps15_IMG1_LID1_STA1_CFC64_OH0,0317_1538,C,-0.3142075836658478,0.2347375750541687,-0.5,0.5,-1.5117910551463667,0.009361178370015055,0.05062495063223455,38.80416662694495
1773758299.849743,1773758299849751096,SR03_gC_eps15_IMG1_LID1_STA1_CFC64_OH0,0317_1538,C,-0.32245951890945435,0.22788557410240173,-0.5,0.5,-1.5863790207453472,0.003207143223279788,0.11373717588125568,38.78805583312415
1773758299.980831,1773758299980839494,SR03_gC_eps15_IMG1_LID1_STA1_CFC64_OH0,0317_1538,C,-0.4938908815383911,0.3252938985824585,-0.5,0.5,-1.6359512134137766,-0.0032238623731619424,0.14424260367247227,38.77966298017419
1773758300.1065946,1773758300106609095,SR03_gC_eps15_IMG1_LID1_STA1_CFC64_OH0,0317_1538,C,-0.4923052191734314,0.3108746111392975,-0.5,0.5,-1.7098965664613663,-0.015716932914040176,0.19078273116420266,38.770034732860765
1773758300.235302,1773758300235308784,SR03_gC_eps15_IMG1_LID1_STA1_CFC64_OH0,0317_1538,C,-0.4203639626502991,0.4688771069049835,-0.5,0.5,-1.7831467545092412,-0.03178611104279055,0.24136445155816538,38.76417358674487
1773758300.3709295,1773758300370936127,SR03_gC_eps15_IMG1_LID1_STA1_CFC64_OH0,0317_1538,C,-0.48006170988082886,0.386605441570282,-0.5,0.5,-1.8314524286278997,-0.04456836895199187,0.274772994670972,38.76248008002583
1773758300.505073,1773758300505079778,SR03_gC_eps15_IMG1_LID1_STA1_CFC64_OH0,0317_1538,C,-0.5017586350440979,0.426212340593338,-0.5,0.5,-1.9032666229319968,-0.06618191904348834,0.3097095161320595,38.76258297915934
1773758300.6348898,1773758300634897561,SR03_gC_eps15_IMG1_LID1_STA1_CFC64_OH0,0317_1538,C,-0.526316225528717,0.5009365677833557,-0.5,0.5,-1.9742020360563977,-0.09028271264705365,0.34834896519333036,38.7654653944251
1773758300.7605326,1773758300760541618,SR03_gC_eps15_IMG1_LID1_STA1_CFC64_OH0,0317_1538,C,-0.47178471088409424,0.41828441619873047,-0.5,0.5,-2.020913587237468,-0.10811000309222278,0.3805899100734431,38.76931923098399
1773758300.89068,1773758300890687015,SR03_gC_eps15_IMG1_LID1_STA1_CFC64_OH0,0317_1538,C,-0.500138521194458,0.40016889572143555,-0.5,0.5,-2.089773685756746,-0.13756353517081316,0.4300424517635167,38.778162687656234
1773758301.0238361,1773758301023848044,SR03_gC_eps15_IMG1_LID1_STA1_CFC64_OH0,0317_1538,C,-0.5374170541763306,0.40753915905952454,-0.5,0.5,-2.1346502953880124,-0.15941164144539122,0.47567836707552436,38.78654983522811
1773758301.1541219,1773758301154130269,SR03_gC_eps15_IMG1_LID1_STA1_CFC64_OH0,0317_1538,C,-0.48666489124298096,0.4084281921386719,-0.5,0.5,-2.2002791841922007,-0.19567370685154478,0.5348263058243978,38.80306859719362
1773758301.2820206,1773758301282029012,SR03_gC_eps15_IMG1_LID1_STA1_CFC64_OH0,0317_1538,C,-0.41854149103164673,0.41107189655303955,-0.5,0.5,-2.263505031553814,-0.23593847549893734,0.6012106909308536,38.82423588314628
1773758301.4095404,1773758301409547239,SR03_gC_eps15_IMG1_LID1_STA1_CFC64_OH0,0317_1538,C,-0.43248865008354187,0.46581465005874634,-0.5,0.5,-2.3040133799528624,-0.26523959344821335,0.6504777777460234,38.84123619487273
1773758301.5414798,1773758301541486339,SR03_gC_eps15_IMG1_LID1_STA1_CFC64_OH0,0317_1538,C,-0.4837666153907776,0.46185675263404846,-0.5,0.5,-2.3622371317554847,-0.31249597519890016,0.7126769125225425,38.870716088012124
1773758301.671238,1773758301671251013,SR03_gC_eps15_IMG1_LID1_STA1_CFC64_OH0,0317_1538,C,-0.4827030301094055,0.470570832490921,-0.5,0.5,-2.3994036977264552,-0.34593715529625263,0.7526937351885232,38.89275001339171
1773758301.8016758,1773758301801682947,SR03_gC_eps15_IMG1_LID1_STA1_CFC64_OH0,0317_1538,C,-0.46730637550354004,0.4009055197238922,-0.5,0.5,-2.4525455046752835,-0.3988445932848958,0.8137596876533189,38.9292468870238
1773758301.9329743,1773758301932982890,SR03_gC_eps15_IMG1_LID1_STA1_CFC64_OH0,0317_1538,C,-0.6030240058898926,0.4434413015842438,-0.5,0.5,-2.486132345220048,-0.435879391115994,0.8546288732716221,38.955833508780565
1773758302.065019,1773758302065028894,SR03_gC_eps15_IMG1_LID1_STA1_CFC64_OH0,0317_1538,C,-0.488836407661438,0.4628438353538513,-0.5,0.5,-2.5335804251682172,-0.4939335171016024,0.9177528033638346,38.998995945422266
1773758302.195017,1773758302195024558,SR03_gC_eps15_IMG1_LID1_STA1_CFC64_OH0,0317_1538,C,-0.4732743799686432,0.5044155120849609,-0.5,0.5,-2.577034936466243,-0.5550434475053765,0.9874665785020522,39.04626449337399
1773758302.3298335,1773758302329841159,SR03_gC_eps15_IMG1_LID1_STA1_CFC64_OH0,0317_1538,C,-0.5039555430412292,0.4983387589454651,-0.5,0.5,-2.603601733599591,-0.5973962539179224,1.0337393207373402,39.08001833121164
1773758302.4637468,1773758302463755013,SR03_gC_eps15_IMG1_LID1_STA1_CFC64_OH0,0317_1538,C,-0.5361950993537903,0.501905620098114,-0.5,0.5,-2.639681184964637,-0.663130629049952,1.1022349152945885,39.13383789700831
1773758302.592055,1773758302592063813,SR03_gC_eps15_IMG1_LID1_STA1_CFC64_OH0,0317_1538,C,-0.4133872091770172,0.4946659207344055,-0.5,0.5,-2.671492024357112,-0.7310253471853497,1.1644410765777495,39.19093463926433
1773758302.717981,1773758302717989403,SR03_gC_eps15_IMG1_LID1_STA1_CFC64_OH0,0317_1538,C,-0.5387810468673706,0.48971933126449585,-0.5,0.5,-2.6902301357424814,-0.7773769629923077,1.208979154078942,39.230730926415106
1773758302.846349,1773758302846356456,SR03_gC_eps15_IMG1_LID1_STA1_CFC64_OH0,0317_1538,C,-0.42756059765815735,0.4308980107307434,-0.5,0.5,-2.7143116286754734,-0.8483790662451075,1.279602757041496,39.292944818698444
1773758302.972753,1773758302972759830,SR03_gC_eps15_IMG1_LID1_STA1_CFC64_OH0,0317_1538,C,-0.10790866613388062,0.09312883764505386,0.0,0.0,-2.7274526356517796,-0.8966158123851332,1.330044235029583,39.33607606549067
1773758303.1029534,1773758303102960205,SR03_gC_eps15_IMG1_LID1_STA1_CFC64_OH0,0317_1538,C,0.18699894845485687,0.04579972103238106,0.0,0.0,-2.7425973417048284,-0.9700529838301302,1.4048306131464252,39.403035367184934
1773758303.2257493,1773758303225755713,SR03_gC_eps15_IMG1_LID1_STA1_CFC64_OH0,0317_1538,C,0.4285486936569214,0.010024787858128548,0.5,0.0,-2.7496168552497235,-1.0195524932628814,1.455021102976446,39.44901222930828
1773758303.351541,1773758303351547778,SR03_gC_eps15_IMG1_LID1_STA1_CFC64_OH0,0317_1538,C,0.47407177090644836,-0.0038134597707539797,0.5,0.0,-2.755501074747645,-1.0943040607749497,1.5292172882817612,39.519683410204365
1773758303.4794567,1773758303479464674,SR03_gC_eps15_IMG1_LID1_STA1_CFC64_OH0,0317_1538,C,0.490862101316452,-0.014842111617326736,0.5,0.0,-2.756355603059118,-1.1442917587952428,1.5781891505560783,39.567747728771444
1773758303.611567,1773758303611574091,SR03_gC_eps15_IMG1_LID1_STA1_CFC64_OH0,0317_1538,C,0.5191922187805176,0.05095479637384415,0.5,0.0,-2.753431037311753,-1.2184847432346588,1.6423233638671326,39.640177087038346
1773758303.7414055,1773758303741412114,SR03_gC_eps15_IMG1_LID1_STA1_CFC64_OH0,0317_1538,C,0.5217495560646057,0.044549454003572464,0.5,0.0,-2.7491241878207546,-1.2636647821115186,1.695366968277474,39.68493805708253
1773758303.8743901,1773758303874398187,SR03_gC_eps15_IMG1_LID1_STA1_CFC64_OH0,0317_1538,C,0.5412545800209045,0.020929787307977676,0.5,0.0,-2.748028499193424,-1.2717184509456225,1.7211807685454406,39.69300177537029
1773758304.0016263,1773758304001633273,SR03_gC_eps15_IMG1_LID1_STA1_CFC64_OH0,0317_1538,C,0.540643572807312,-0.011529644019901752,0.5,0.0,-2.750698234126794,-1.2558286795226086,1.7431778353948297,39.67696114250254
1773758304.1349785,1773758304134985168,SR03_gC_eps15_IMG1_LID1_STA1_CFC64_OH0,0317_1538,C,0.5408772230148315,0.0892680287361145,0.5,0.0,-2.7564492145125294,-1.2239637883509145,1.7541681408109862,39.64469139360288
1773758304.2628186,1773758304262827403,SR03_gC_eps15_IMG1_LID1_STA1_CFC64_OH0,0317_1538,C,0.5207414627075195,0.23470336198806763,0.5,0.5,-2.76990794430368,-1.153105272970968,1.7602710615694783,39.572760188492275
1773758304.389847,1773758304389853580,SR03_gC_eps15_IMG1_LID1_STA1_CFC64_OH0,0317_1538,C,0.5309439897537231,0.0912395566701889,0.5,0.0,-2.784311097756158,-1.0795014496841673,1.7675940041074008,39.49793359588223
1773758304.517722,1773758304517737235,SR03_gC_eps15_IMG1_LID1_STA1_CFC64_OH0,0317_1538,C,0.5464645624160767,-0.034311071038246155,0.5,0.0,-2.7941944653065183,-1.0304880329747885,1.771576566341084,39.44803078987454
1773758304.6438923,1773758304643898429,SR03_gC_eps15_IMG1_LID1_STA1_CFC64_OH0,0317_1538,C,0.5364481806755066,-0.0437605082988739,0.5,0.0,-2.8092601988041066,-0.9570168173330048,1.773742273658258,39.37316207058669
1773758304.7713916,1773758304771399905,SR03_gC_eps15_IMG1_LID1_STA1_CFC64_OH0,0317_1538,C,0.5344910621643066,-0.0068841176107525826,0.5,0.0,-2.8193097478825466,-0.9080371688112336,1.7725893116780673,39.32324951052174
1773758304.9016814,1773758304901689014,SR03_gC_eps15_IMG1_LID1_STA1_CFC64_OH0,0317_1538,C,0.5191301703453064,0.07764008641242981,0.5,0.0,-2.8347431451794565,-0.8347382241009279,1.7858294253364526,39.24845292375728
1773758305.0365922,1773758305036598770,SR03_gC_eps15_IMG1_LID1_STA1_CFC64_OH0,0317_1538,C,0.5363516807556152,0.02337753400206566,0.5,0.0,-2.8459067015317214,-0.7861275771500708,1.8081149971108412,39.19860908919935
1773758305.1622224,1773758305162230703,SR03_gC_eps15_IMG1_LID1_STA1_CFC64_OH0,0317_1538,C,0.5349386930465698,0.031628843396902084,0.5,0.0,-2.864201330996301,-0.713577279535163,1.8221367844302248,39.1237957935545
1773758305.292829,1773758305292835396,SR03_gC_eps15_IMG1_LID1_STA1_CFC64_OH0,0317_1538,C,0.5112556219100952,0.16089195013046265,0.5,0.0,-2.876553350003109,-0.665127049492479,1.8187056951166696,39.07379949047346
1773758305.4182708,1773758305418279787,SR03_gC_eps15_IMG1_LID1_STA1_CFC64_OH0,0317_1538,C,0.5197664499282837,0.12560153007507324,0.5,0.0,-2.894721504773883,-0.5923609944080059,1.8128791374155677,38.998810567298285
1773758305.542476,1773758305542482546,SR03_gC_eps15_IMG1_LID1_STA1_CFC64_OH0,0317_1538,C,0.533643364906311,0.12181539833545685,0.5,0.0,-2.912678100842388,-0.5195751278090825,1.8145576958064924,38.92385730853666
1773758305.6632237,1773758305663231593,SR03_gC_eps15_IMG1_LID1_STA1_CFC64_OH0,0317_1538,C,0.5390545725822449,0.1107204332947731,0.5,0.0,-2.9249340643619575,-0.47110061409847026,1.8223216899374934,38.87386246644003
1773758305.7917216,1773758305791728289,SR03_gC_eps15_IMG1_LID1_STA1_CFC64_OH0,0317_1538,C,0.5342467427253723,0.06092113256454468,0.5,0.0,-2.937438508928085,-0.4227013066465244,1.8248034283182077,38.823875955994176
1773758305.9196088,1773758305919616958,SR03_gC_eps15_IMG1_LID1_STA1_CFC64_OH0,0317_1538,C,0.5572541952133179,0.030331265181303024,0.5,0.0,-2.9564408144181584,-0.3501485556692381,1.8293002018773505,38.74887724428033
1773758306.048507,1773758306048514577,SR03_gC_eps15_IMG1_LID1_STA1_CFC64_OH0,0317_1538,C,0.5646196603775024,0.10059142112731934,0.5,0.0,-2.9762225076167725,-0.2779153628195872,1.8485364176671482,38.673985436763466
1773758306.1814044,1773758306181412309,SR03_gC_eps15_IMG1_LID1_STA1_CFC64_OH0,0317_1538,C,0.5611079335212708,0.11362261325120926,0.5,0.0,-2.9902332645636744,-0.22991884731263595,1.8610965502937646,38.623998074162856
1773758306.3099344,1773758306309941411,SR03_gC_eps15_IMG1_LID1_STA1_CFC64_OH0,0317_1538,C,0.5471498370170593,0.07572396844625473,0.5,0.0,-3.012355525505121,-0.15825679518020203,1.8791469419493831,38.54905223192688
1773758306.4410772,1773758306441084039,SR03_gC_eps15_IMG1_LID1_STA1_CFC64_OH0,0317_1538,C,0.5772199630737305,0.15825794637203217,0.5,0.0,-3.027793330141626,-0.11070000463664623,1.890218967827781,38.49912052886164
1773758306.5629854,1773758306562992604,SR03_gC_eps15_IMG1_LID1_STA1_CFC64_OH0,0317_1538,C,0.5475098490715027,0.2034440040588379,0.5,0.5,-3.0516944623316644,-0.039622784976331614,1.8987211633115062,38.424279993932856
1773758306.688712,1773758306688717621,SR03_gC_eps15_IMG1_LID1_STA1_CFC64_OH0,0317_1538,C,0.5716832876205444,-0.082936130464077,0.5,0.0,-3.067867423320364,0.0076775044470462454,1.9021215037034978,38.37440652607074
1773758306.809833,1773758306809840677,SR03_gC_eps15_IMG1_LID1_STA1_CFC64_OH0,0317_1538,C,0.5532122850418091,-0.0872286856174469,0.5,0.0,-3.092787898320996,0.07839347377458661,1.9173927728401725,38.299652607046255
1773758306.937474,1773758306937480919,SR03_gC_eps15_IMG1_LID1_STA1_CFC64_OH0,0317_1538,C,0.49812769889831543,0.029654234647750854,0.5,0.0,-3.1100396244228663,0.1253226835348194,1.928755014808511,38.249859853299405
1773758307.0610254,1773758307061032470,SR03_gC_eps15_IMG1_LID1_STA1_CFC64_OH0,0317_1538,C,0.5641785264015198,-0.11264380067586899,0.5,0.0,-3.1367376780182306,0.19539741029325422,1.9408467664563391,38.17526829343636
1773758307.1882694,1773758307188276951,SR03_gC_eps15_IMG1_LID1_STA1_CFC64_OH0,0317_1538,C,0.5614091753959656,0.07602392882108688,0.5,0.0,-3.155168253166175,0.24184665050900858,1.9564267211071706,38.12563669267731
1773758307.3128397,1773758307312847469,SR03_gC_eps15_IMG1_LID1_STA1_CFC64_OH0,0317_1538,C,0.5676509737968445,0.17933683097362518,0.5,0.0,-3.1843398433814354,0.31092544284453005,1.9854662324791692,38.05137283200111
1773758307.4396772,1773758307439684933,SR03_gC_eps15_IMG1_LID1_STA1_CFC64_OH0,0317_1538,C,0.5571266412734985,0.030293762683868408,0.5,0.0,-3.2045534087245904,0.35618159117967246,1.991480689587831,38.0024375424798
1773758307.5672097,1773758307567216990,SR03_gC_eps15_IMG1_LID1_STA1_CFC64_OH0,0317_1538,C,0.5277062654495239,0.0014689462259411812,0.5,0.0,-3.234730445075837,0.42481441800969283,1.978891125278253,37.928351092935166
1773758307.704163,1773758307704173427,SR03_gC_eps15_IMG1_LID1_STA1_CFC64_OH0,0317_1538,C,0.4323097765445709,-0.05186624452471733,0.5,0.0,-3.254590559776238,0.4706425284724304,1.9811510561964465,37.87895789100727
1773758307.8316324,1773758307831639587,SR03_gC_eps15_IMG1_LID1_STA1_CFC64_OH0,0317_1538,C,0.42326921224594116,-0.28084078431129456,0.5,-0.5,-3.2842711508526445,0.5393888691328547,1.9711380809622403,37.804894904270945
1773758307.9626563,1773758307962661965,SR03_gC_eps15_IMG1_LID1_STA1_CFC64_OH0,0317_1538,C,0.4103766083717346,-0.13408157229423523,0.5,0.0,-3.313427728956209,0.6082078186437941,1.9787455355165624,37.730899313484045
1773758308.0899725,1773758308089978953,SR03_gC_eps15_IMG1_LID1_STA1_CFC64_OH0,0317_1538,C,0.4698878228664398,-0.05020223557949066,0.5,0.0,-3.3336687418936384,0.6539139898149684,1.9962505993500685,37.681532092249064
1773758308.2211025,1773758308221110657,SR03_gC_eps15_IMG1_LID1_STA1_CFC64_OH0,0317_1538,C,0.512922465801239,0.06068406254053116,0.5,0.0,-3.3648226942912074,0.7220325055332741,2.0013383886967,37.607707630045574
1773758308.353804,1773758308353810284,SR03_gC_eps15_IMG1_LID1_STA1_CFC64_OH0,0317_1538,C,0.4938531219959259,-0.5018066763877869,0.5,-0.5,-3.396110827958725,0.7901819596544645,1.9995822908191763,37.53382324756427
1773758308.479689,1773758308479697554,SR03_gC_eps15_IMG1_LID1_STA1_CFC64_OH0,0317_1538,C,0.47424957156181335,-0.3334069550037384,0.5,-0.5,-3.4167756525886923,0.8356992155150894,1.994034612178208,37.48453745161814
1773758308.6106367,1773758308610647396,SR03_gC_eps15_IMG1_LID1_STA1_CFC64_OH0,0317_1538,C,0.4807528257369995,-0.3615973889827728,0.5,-0.5,-3.4463490289742906,0.9041167028259505,1.9611054251458,37.410838447919716
1773758308.7374046,1773758308737411101,SR03_gC_eps15_IMG1_LID1_STA1_CFC64_OH0,0317_1538,C,0.4657263457775116,-0.5386222004890442,0.5,-0.5,-3.4650468510861265,0.9504578239335955,1.9475953849860193,37.361261637965015
1773758308.8630915,1773758308863098434,SR03_gC_eps15_IMG1_LID1_STA1_CFC64_OH0,0317_1538,C,0.49226847290992737,-0.20212021470069885,0.5,-0.5,-3.4922739792605753,1.0202941539780606,1.9390606542970958,37.28679315891939
1773758308.9920526,1773758308992058908,SR03_gC_eps15_IMG1_LID1_STA1_CFC64_OH0,0317_1538,C,0.47823408246040344,-0.256912499666214,0.5,-0.5,-3.5103701595256562,1.0668497147962877,1.9445073191784523,37.23716457912163
1773758309.121744,1773758309121753387,SR03_gC_eps15_IMG1_LID1_STA1_CFC64_OH0,0317_1538,C,0.510941743850708,-0.03958835080265999,0.5,0.0,-3.537187071397248,1.1359027342598962,1.9285098606470636,37.16356123385
1773758309.2531288,1773758309253137022,SR03_gC_eps15_IMG1_LID1_STA1_CFC64_OH0,0317_1538,C,0.5173739790916443,0.13390500843524933,0.5,0.0,-3.5538688924817694,1.1828154560337913,1.8959090439605755,37.113948833565665
1773758309.3847268,1773758309384733970,SR03_gC_eps15_IMG1_LID1_STA1_CFC64_OH0,0317_1538,C,0.4897439777851105,0.15472164750099182,0.5,0.0,-3.575900882453494,1.2544811416329689,1.84154005065933,37.039036897676766
1773758309.5148633,1773758309514869672,SR03_gC_eps15_IMG1_LID1_STA1_CFC64_OH0,0317_1538,C,0.4700360596179962,0.19214965403079987,0.5,0.0,-3.5931681272624667,1.3271250566884272,1.7674054419728493,36.964389743560396
1773758309.6438074,1773758309643818207,SR03_gC_eps15_IMG1_LID1_STA1_CFC64_OH0,0317_1538,C,0.4822597801685333,0.15035304427146912,0.5,0.0,-3.602140688013736,1.375842222590008,1.7416660193050562,36.91499201729449
1773758309.7725732,1773758309772580843,SR03_gC_eps15_IMG1_LID1_STA1_CFC64_OH0,0317_1538,C,0.4486199915409088,-0.07207944244146347,0.5,0.0,-3.613480531995303,1.449941946267819,1.703846774662831,36.84044496606025
1773758309.8981833,1773758309898190400,SR03_gC_eps15_IMG1_LID1_STA1_CFC64_OH0,0317_1538,C,0.45337846875190735,0.0030693761073052883,0.5,0.0,-3.6198217953394605,1.4993076055429322,1.696216830647609,36.79109117101792
1773758310.0271947,1773758310027346375,SR03_gC_eps15_IMG1_LID1_STA1_CFC64_OH0,0317_1538,C,0.5281175971031189,0.0014531849883496761,0.5,0.0,-3.6297452810557025,1.5734767450332094,1.7140838031018906,36.71684102335117
1773758310.1553369,1773758310155354666,SR03_gC_eps15_IMG1_LID1_STA1_CFC64_OH0,0317_1538,C,0.49373388290405273,-0.14454352855682373,0.5,0.0,-3.64133579534753,1.6475621994295675,1.7391205500290559,36.64224891007836
1773758310.289706,1773758310289716966,SR03_gC_eps15_IMG1_LID1_STA1_CFC64_OH0,0317_1538,C,0.49557021260261536,0.12221209704875946,0.5,0.0,-3.650184118661535,1.6967709545733203,1.7579221538504544,36.59241112108354
1773758310.4234617,1773758310423468145,SR03_gC_eps15_IMG1_LID1_STA1_CFC64_OH0,0317_1538,C,0.5203180909156799,0.14252962172031403,0.5,0.0,-3.6649403842767536,1.77023727243843,1.7783379424361339,36.51761175202086
1773758310.553111,1773758310553117320,SR03_gC_eps15_IMG1_LID1_STA1_CFC64_OH0,0317_1538,C,0.5268974304199219,0.10919410735368729,0.5,0.0,-3.675116276432617,1.8189834104233056,1.7733039817587568,36.4678831357006
1773758310.6819837,1773758310681990894,SR03_gC_eps15_IMG1_LID1_STA1_CFC64_OH0,0317_1538,C,0.5165413022041321,0.054108235985040665,0.5,0.0,-3.6901808788347394,1.8924222702438163,1.773301391716237,36.39303241418929
1773758310.8055525,1773758310805559037,SR03_gC_eps15_IMG1_LID1_STA1_CFC64_OH0,0317_1538,C,0.523432195186615,-0.006290449760854244,0.5,0.0,-3.7052489344855877,1.9658281981242203,1.7716041901441806,36.31821313224505
1773758310.9398334,1773758310939840421,SR03_gC_eps15_IMG1_LID1_STA1_CFC64_OH0,0317_1538,C,0.5084568858146667,0.11218149214982986,0.5,0.0,-3.7148724287091928,2.0148225693798745,1.7575589457331091,36.268386549604784
1773758311.0642793,1773758311064286709,SR03_gC_eps15_IMG1_LID1_STA1_CFC64_OH0,0317_1538,C,0.5257189273834229,0.19834396243095398,0.5,0.0,-3.7287925770337806,2.0881090079161098,1.7660167128711595,36.19397726994218
1773758311.1922724,1773758311192278833,SR03_gC_eps15_IMG1_LID1_STA1_CFC64_OH0,0317_1538,C,0.4970376789569855,0.2534751892089844,0.5,0.5,-3.7388376727447072,2.137089161050793,1.7796029648523268,36.14405730569162
1773758311.324602,1773758311324608125,SR03_gC_eps15_IMG1_LID1_STA1_CFC64_OH0,0317_1538,C,0.4814898371696472,0.2454710453748703,0.5,0.5,-3.754971894770521,2.210320571342612,1.7944724170176332,36.06913560701614
1773758311.454577,1773758311454583885,SR03_gC_eps15_IMG1_LID1_STA1_CFC64_OH0,0317_1538,C,0.49034303426742554,-0.1779768466949463,0.5,-0.5,-3.766194521658214,2.2590447565850966,1.7998832332901313,36.01916206266915
1773758311.583889,1773758311583896493,SR03_gC_eps15_IMG1_LID1_STA1_CFC64_OH0,0317_1538,C,0.42699915170669556,-0.14094030857086182,0.5,0.0,-3.7832011907985463,2.332046755339656,1.8001721931524264,35.944239120861276
1773758311.7081723,1773758311708181747,SR03_gC_eps15_IMG1_LID1_STA1_CFC64_OH0,0317_1538,C,0.46250951290130615,-0.17888525128364563,0.5,-0.5,-3.8008302650169843,2.404842293567777,1.81837544187088,35.869356479809305
1773758311.838233,1773758311838239185,SR03_gC_eps15_IMG1_LID1_STA1_CFC64_OH0,0317_1538,C,0.5166782736778259,-0.35397446155548096,0.5,-0.5,-3.8135630645638754,2.453193027448996,1.8382097942321884,35.8193573601813
1773758311.9670112,1773758311967018211,SR03_gC_eps15_IMG1_LID1_STA1_CFC64_OH0,0317_1538,C,0.48914870619773865,-0.1612170785665512,0.5,-0.5,-3.8347266040567103,2.5251189819295976,1.875806700679121,35.74441014954212
1773758312.0914733,1773758312091480333,SR03_gC_eps15_IMG1_LID1_STA1_CFC64_OH0,0317_1538,C,0.46185460686683655,-0.09830594062805176,0.5,0.0,-3.850325570918096,2.5726221014274304,1.9003537655425953,35.6944965758658
1773758312.2199876,1773758312219994540,SR03_gC_eps15_IMG1_LID1_STA1_CFC64_OH0,0317_1538,C,0.4378954768180847,0.062210217118263245,0.5,0.0,-3.8748429512679543,2.642601325759215,1.9050275034826034,35.62057339184267
1773758312.3520653,1773758312352072050,SR03_gC_eps15_IMG1_LID1_STA1_CFC64_OH0,0317_1538,C,0.4323805570602417,-0.04048941656947136,0.5,0.0,-3.8909117101457826,2.6899484822389668,1.8909335030685626,35.57069116351762
1773758312.475774,1773758312475780402,SR03_gC_eps15_IMG1_LID1_STA1_CFC64_OH0,0317_1538,C,0.4676462709903717,-0.1586938500404358,0.5,-0.5,-3.9135420164654073,2.761402729487171,1.8632682821807776,35.495825809751324
1773758312.6050997,1773758312605107131,SR03_gC_eps15_IMG1_LID1_STA1_CFC64_OH0,0317_1538,C,0.45952552556991577,-0.38915979862213135,0.5,-0.5,-3.9271452399928153,2.809280226222068,1.830365378634027,35.446061670430275
1773758312.7294064,1773758312729413610,SR03_gC_eps15_IMG1_LID1_STA1_CFC64_OH0,0317_1538,C,0.39361998438835144,-0.16227442026138306,0.5,-0.5,-3.9451106149069504,2.8819162226593535,1.8004192853165806,35.371246537165035
1773758312.8551965,1773758312855209370,SR03_gC_eps15_IMG1_LID1_STA1_CFC64_OH0,0317_1538,C,0.3892292082309723,0.038382817059755325,0.5,0.0,-3.956239497898884,2.9306499911841573,1.7903827750867884,35.32128715439861
1773758312.9858024,1773758312985808610,SR03_gC_eps15_IMG1_LID1_STA1_CFC64_OH0,0317_1538,C,0.38071408867836,0.02143414132297039,0.5,0.0,-3.97266463090445,3.003654181125533,1.7953982185933115,35.24651008248746
1773758313.1116116,1773758313111618011,SR03_gC_eps15_IMG1_LID1_STA1_CFC64_OH0,0317_1538,C,0.40984272956848145,-0.355159193277359,0.5,-0.5,-3.989104899516163,3.0767105452887513,1.7864772997564045,35.17167892183579
1773758313.2423842,1773758313242391954,SR03_gC_eps15_IMG1_LID1_STA1_CFC64_OH0,0317_1538,C,0.46823033690452576,-0.33698949217796326,0.5,-0.5,-3.999417549943302,3.125634939627875,1.770607954610255,35.121744490304884
1773758313.3676167,1773758313367623186,SR03_gC_eps15_IMG1_LID1_STA1_CFC64_OH0,0317_1538,C,0.43556514382362366,-0.3042529225349426,0.5,-0.5,-4.012623400656077,3.1989666667638725,1.723187280030248,35.047475700540296
1773758313.4977546,1773758313497762731,SR03_gC_eps15_IMG1_LID1_STA1_CFC64_OH0,0317_1538,C,0.5152673721313477,-0.4401118755340576,0.5,-0.5,-4.019678641466957,3.248268325604634,1.7044886071280654,34.99801175498049
1773758313.6206193,1773758313620628097,SR03_gC_eps15_IMG1_LID1_STA1_CFC64_OH0,0317_1538,C,0.506584882736206,-0.4054909348487854,0.5,-0.5,-4.029404399122899,3.322426365317131,1.7023629231824815,34.92383881592368
1773758313.7416756,1773758313741682141,SR03_gC_eps15_IMG1_LID1_STA1_CFC64_OH0,0317_1538,C,0.4280407726764679,-0.29717937111854553,0.5,-0.5,-4.036014422428287,3.3719760165294157,1.7041241788608101,34.87425203151017
1773758313.8648164,1773758313864825504,SR03_gC_eps15_IMG1_LID1_STA1_CFC64_OH0,0317_1538,C,0.46405166387557983,-0.17160384356975555,0.5,-0.5,-4.044998551673301,3.445408993477439,1.6727009455331985,34.800974777716135
1773758313.9943018,1773758313994309161,SR03_gC_eps15_IMG1_LID1_STA1_CFC64_OH0,0317_1538,C,0.5152611136436462,-0.029277699068188667,0.5,0.0,-4.049245983211787,3.495225881758886,1.6390020527917393,34.75174034399705
1773758314.1228464,1773758314122853035,SR03_gC_eps15_IMG1_LID1_STA1_CFC64_OH0,0317_1538,C,0.5074796080589294,0.08730966597795486,0.5,0.0,-4.0526235033889995,3.5701287375004354,1.592647198854085,34.67849244749158
1773758314.2479947,1773758314248002984,SR03_gC_eps15_IMG1_LID1_STA1_CFC64_OH0,0317_1538,C,0.4926625192165375,0.11665348708629608,0.5,0.0,-4.052678369633583,3.61999682608336,1.5501080713513289,34.630296241374204
1773758314.3755484,1773758314375556422,SR03_gC_eps15_IMG1_LID1_STA1_CFC64_OH0,0317_1538,C,0.47355765104293823,0.03864064812660217,0.5,0.0,-4.048789543999984,3.694830083662552,1.4898294750764733,34.55900769413651
1773758314.5047357,1773758314504742598,SR03_gC_eps15_IMG1_LID1_STA1_CFC64_OH0,0317_1538,C,0.46955838799476624,0.22316555678844452,0.5,0.5,-4.044005758551048,3.7445988586375276,1.460111553244412,34.51217431988613
1773758314.6339796,1773758314633986706,SR03_gC_eps15_IMG1_LID1_STA1_CFC64_OH0,0317_1538,C,0.45303112268447876,0.22139348089694977,0.5,0.5,-4.0345951531700575,3.818921027119466,1.4321619584887542,34.4428414379545
1773758314.7710166,1773758314771024197,SR03_gC_eps15_IMG1_LID1_STA1_CFC64_OH0,0317_1538,C,0.5057119131088257,0.13918966054916382,0.5,0.0,-4.02757076016227,3.868336162507413,1.428002165788118,34.39695644025028
1773758314.8980172,1773758314898029154,SR03_gC_eps15_IMG1_LID1_STA1_CFC64_OH0,0317_1538,C,0.471260666847229,0.2614549696445465,0.5,0.5,-4.017143253000845,3.942533341368354,1.437771369491244,34.3280496210957
1773758315.0281525,1773758315028160937,SR03_gC_eps15_IMG1_LID1_STA1_CFC64_OH0,0317_1538,C,0.4773705303668976,0.16341473162174225,0.5,0.0,-4.0078270523584525,4.016918362798735,1.4526014232033317,34.258695492097
1773758315.1593702,1773758315159377214,SR03_gC_eps15_IMG1_LID1_STA1_CFC64_OH0,0317_1538,C,0.48890334367752075,0.16558119654655457,0.5,0.0,-4.002029177078913,4.066569819084007,1.4568303064649237,34.21230481962812
1773758315.2871206,1773758315287126956,SR03_gC_eps15_IMG1_LID1_STA1_CFC64_OH0,0317_1538,C,0.5019952654838562,0.13903334736824036,0.5,0.0,-3.9945282737349026,4.140961304337167,1.4864819432965273,34.142505507619994
1773758315.418764,1773758315418770759,SR03_gC_eps15_IMG1_LID1_STA1_CFC64_OH0,0317_1538,C,0.5071896910667419,0.18234755098819733,0.5,0.0,-3.9908693859735935,4.190826222783373,1.5086212552046856,34.09536927450257
1773758315.548164,1773758315548171684,SR03_gC_eps15_IMG1_LID1_STA1_CFC64_OH0,0317_1538,C,0.505816638469696,0.2245015799999237,0.5,0.5,-3.987084068814103,4.265684814791219,1.5311131660191617,34.02417067255189
1773758315.6739936,1773758315674000391,SR03_gC_eps15_IMG1_LID1_STA1_CFC64_OH0,0317_1538,C,0.5210999250411987,0.23237524926662445,0.5,0.5,-3.9854784466520865,4.340520615961816,1.5668063156618335,33.952432224066406
1773758315.8039942,1773758315804000976,SR03_gC_eps15_IMG1_LID1_STA1_CFC64_OH0,0317_1538,C,0.5188777446746826,0.24014750123023987,0.5,0.5,-3.9856874796465687,4.390519619293369,1.583147769523869,33.90416976879134
1773758315.9270647,1773758315927072099,SR03_gC_eps15_IMG1_LID1_STA1_CFC64_OH0,0317_1538,C,0.4981176555156708,0.29124030470848083,0.5,0.5,-3.9875328100318264,4.465495087072753,1.6069013500732154,33.8314002246091
1773758316.0514493,1773758316051456260,SR03_gC_eps15_IMG1_LID1_STA1_CFC64_OH0,0317_1538,C,0.5416961312294006,0.1446387767791748,0.5,0.0,-3.9896852365149913,4.515436916838733,1.6211406046394843,33.78268727692582
1773758316.1778843,1773758316177896103,SR03_gC_eps15_IMG1_LID1_STA1_CFC64_OH0,0317_1538,C,0.507443368434906,0.44285884499549866,0.5,0.5,-3.994490716232103,4.590268741703252,1.6496592252841698,33.70928213190843
1773758316.3061903,1773758316306196955,SR03_gC_eps15_IMG1_LID1_STA1_CFC64_OH0,0317_1538,C,0.5086835622787476,0.38666054606437683,0.5,0.5,-3.9989889290122203,4.6400649337749265,1.6721093454494185,33.66009187765375
1773758316.437895,1773758316437901329,SR03_gC_eps15_IMG1_LID1_STA1_CFC64_OH0,0317_1538,C,0.5024845004081726,0.38128623366355896,0.5,0.5,-4.007873343210671,4.714533023926738,1.707043287905217,33.58595748516405
1773758316.5634525,1773758316563462102,SR03_gC_eps15_IMG1_LID1_STA1_CFC64_OH0,0317_1538,C,0.4752098321914673,0.255668967962265,0.5,0.5,-4.015258756381083,4.763983354444078,1.7310579970943516,33.53633333557132
1773758316.6858544,1773758316685861672,SR03_gC_eps15_IMG1_LID1_STA1_CFC64_OH0,0317_1538,C,0.48381954431533813,0.3111770749092102,0.5,0.5,-4.028727598836641,4.837670649728629,1.7711678778200337,33.46172941171087
1773758316.8103285,1773758316810340352,SR03_gC_eps15_IMG1_LID1_STA1_CFC64_OH0,0317_1538,C,0.4563657343387604,0.24674715101718903,0.5,0.5,-4.0390323295672355,4.886568155662118,1.7857317928965055,33.41185823937705
1773758316.9384615,1773758316938468199,SR03_gC_eps15_IMG1_LID1_STA1_CFC64_OH0,0317_1538,C,0.530178427696228,-0.1592341810464859,0.5,-0.5,-4.0564119778602405,4.958787055287279,1.8353394290778027,33.33762307108046
1773758317.0583782,1773758317058385355,SR03_gC_eps15_IMG1_LID1_STA1_CFC64_OH0,0317_1538,C,0.537523090839386,-0.2857101857662201,0.5,-0.5,-4.0704150408632165,5.006782913367962,1.8740054530651336,33.287630203523044
1773758317.185081,1773758317185088491,SR03_gC_eps15_IMG1_LID1_STA1_CFC64_OH0,0317_1538,C,0.517441987991333,-0.17691239714622498,0.5,-0.5,-4.094850114947158,5.077679959058417,1.9313057998129672,33.212778913436
1773758317.3173993,1773758317317406407,SR03_gC_eps15_IMG1_LID1_STA1_CFC64_OH0,0317_1538,C,0.512011706829071,-0.18478497862815857,0.5,-0.5,-4.113104222112846,5.124157049594835,1.957915306800311,33.1631116319581
1773758317.4428012,1773758317442807055,SR03_gC_eps15_IMG1_LID1_STA1_CFC64_OH0,0317_1538,C,0.5303633809089661,-0.006709939334541559,0.5,0.0,-4.143000662050962,5.19289990191997,2.0038501871698116,33.08887716005777
1773758317.5753329,1773758317575339715,SR03_gC_eps15_IMG1_LID1_STA1_CFC64_OH0,0317_1538,C,0.4802895188331604,-0.2074861377477646,0.5,-0.5,-4.175682742744074,5.260322884186863,2.0385776397233353,33.01517432581596
1773758317.6990302,1773758317699045215,SR03_gC_eps15_IMG1_LID1_STA1_CFC64_OH0,0317_1538,C,0.4939822554588318,-0.2929220497608185,0.5,-0.5,-4.19791682522856,5.304175983143495,2.037098528627689,32.96697913788009
1773758317.825469,1773758317825475424,SR03_gC_eps15_IMG1_LID1_STA1_CFC64_OH0,0317_1538,C,0.48318731784820557,-0.18419355154037476,0.5,-0.5,-4.230158643607043,5.371012088895844,2.0035498641011253,32.89396872909079
1773758317.9576645,1773758317957671283,SR03_gC_eps15_IMG1_LID1_STA1_CFC64_OH0,0317_1538,C,0.48871251940727234,-0.13192062079906464,0.5,0.0,-4.250723934977898,5.4165862334349315,1.985701206579207,32.844565159972596
1773758318.0858238,1773758318085830773,SR03_gC_eps15_IMG1_LID1_STA1_CFC64_OH0,0317_1538,C,0.4856186509132385,-0.1966523826122284,0.5,-0.5,-4.279989646786546,5.485568647795098,1.960172103101766,32.77028470847681
1773758318.2168252,1773758318216831234,SR03_gC_eps15_IMG1_LID1_STA1_CFC64_OH0,0317_1538,C,0.48915135860443115,-0.33609509468078613,0.5,-0.5,-4.298891241658024,5.531757158706248,1.958844221543666,32.720734692730076
1773758318.347012,1773758318347020267,SR03_gC_eps15_IMG1_LID1_STA1_CFC64_OH0,0317_1538,C,0.5168350338935852,-0.2803618907928467,0.5,-0.5,-4.3264285061860335,5.601182474148329,1.9330409519444662,32.646490508384026
1773758318.4722567,1773758318472263695,SR03_gC_eps15_IMG1_LID1_STA1_CFC64_OH0,0317_1538,C,0.505212664604187,-0.28553321957588196,0.5,-0.5,-4.351453406245058,5.671801397821294,1.8915255950185788,32.57176347987434
1773758318.6047459,1773758318604752475,SR03_gC_eps15_IMG1_LID1_STA1_CFC64_OH0,0317_1538,C,0.4913789629936218,-0.31447434425354004,0.5,-0.5,-4.366778460696202,5.719394166734916,1.8731062579502282,32.5218108415918
1773758318.7363353,1773758318736342207,SR03_gC_eps15_IMG1_LID1_STA1_CFC64_OH0,0317_1538,C,0.4573749005794525,-0.1290024220943451,0.5,0.0,-4.388348134824102,5.791178139596256,1.8503721264418815,32.446877200689514
1773758318.860274,1773758318860280501,SR03_gC_eps15_IMG1_LID1_STA1_CFC64_OH0,0317_1538,C,0.5064560174942017,-0.1525314599275589,0.5,-0.5,-4.401659454298099,5.839336523099954,1.8298404379289692,32.396913054362855
1773758318.9920213,1773758318992031214,SR03_gC_eps15_IMG1_LID1_STA1_CFC64_OH0,0317_1538,C,0.5416815876960754,0.15970304608345032,0.5,0.0,-4.419091500815794,5.912144651474965,1.7821903412011377,32.3220885959376
1773758319.127435,1773758319127442100,SR03_gC_eps15_IMG1_LID1_STA1_CFC64_OH0,0317_1538,C,0.524705171585083,0.12165866792201996,0.5,0.0,-4.428896023892105,5.961172268469241,1.754154196303308,32.27221614846607
1773758319.2509415,1773758319250949165,SR03_gC_eps15_IMG1_LID1_STA1_CFC64_OH0,0317_1538,C,0.5194803476333618,-0.0639009177684784,0.5,0.0,-4.4409849344022545,6.035185707047064,1.7107454840393759,32.19764791441369
1773758319.3789017,1773758319378909552,SR03_gC_eps15_IMG1_LID1_STA1_CFC64_OH0,0317_1538,C,0.5198088884353638,-0.12696465849876404,0.5,0.0,-4.449711117227207,6.109553253069982,1.6674118966573812,32.12363387217139
1773758319.511241,1773758319511247094,SR03_gC_eps15_IMG1_LID1_STA1_CFC64_OH0,0317_1538,C,0.5118210911750793,-0.1591482311487198,0.5,-0.5,-4.4542013889039165,6.159305846325623,1.6543516430656797,32.07447852400181
1773758319.6400034,1773758319640010514,SR03_gC_eps15_IMG1_LID1_STA1_CFC64_OH0,0317_1538,C,0.5054619312286377,0.014237288385629654,0.5,0.0,-4.459608144490706,6.234076468034281,1.6326081199694538,32.00096758543355
1773758319.7654781,1773758319765484924,SR03_gC_eps15_IMG1_LID1_STA1_CFC64_OH0,0317_1538,C,0.4977930188179016,-0.010273700580000877,0.5,0.0,-4.46272418360107,6.28344152182482,1.6390412916726804,31.95255892361961
1773758319.8914392,1773758319891445874,SR03_gC_eps15_IMG1_LID1_STA1_CFC64_OH0,0317_1538,C,0.492463082075119,-0.23875808715820312,0.5,-0.5,-4.468513359420285,6.358110999246689,1.6543179085853534,31.87905471454114
1773758320.0250328,1773758320025044754,SR03_gC_eps15_IMG1_LID1_STA1_CFC64_OH0,0317_1538,C,0.41697630286216736,-0.03453762084245682,0.5,0.0,-4.472538769515426,6.407865484330775,1.6483684458921664,31.83003535898665
1773758320.1545646,1773758320154571756,SR03_gC_eps15_IMG1_LID1_STA1_CFC64_OH0,0317_1538,C,0.4118770658969879,-0.02028883807361126,0.5,0.0,-4.477655979395781,6.482666274155266,1.6289952745905534,31.75659545568668
1773758320.281672,1773758320281678947,SR03_gC_eps15_IMG1_LID1_STA1_CFC64_OH0,0317_1538,C,0.4642651081085205,-0.10610093176364899,0.5,0.0,-4.481147530417174,6.557479457833081,1.6085654970521828,31.683587227678117
1773758320.4131386,1773758320413146451,SR03_gC_eps15_IMG1_LID1_STA1_CFC64_OH0,0317_1538,C,0.4357767701148987,-0.12081585079431534,0.5,0.0,-4.48306131190214,6.607395491507576,1.6098204599519839,31.634992163876205
1773758320.5384004,1773758320538411721,SR03_gC_eps15_IMG1_LID1_STA1_CFC64_OH0,0317_1538,C,0.3415428102016449,-0.40267229080200195,0.5,-0.5,-4.485924046226471,6.682308231519474,1.607271907897409,31.562072395055726
1773758320.6683283,1773758320668334618,SR03_gC_eps15_IMG1_LID1_STA1_CFC64_OH0,0317_1538,C,0.4063322842121124,-0.02281302772462368,0.5,0.0,-4.487328052746016,6.731947143796475,1.5882190187942133,31.51389231351197
1773758320.796968,1773758320796974123,SR03_gC_eps15_IMG1_LID1_STA1_CFC64_OH0,0317_1538,C,0.47794464230537415,0.03372954949736595,0.5,0.0,-4.487987158541113,6.806745847925826,1.5760845877073297,31.441694259891598
1773758320.9325535,1773758320932561544,SR03_gC_eps15_IMG1_LID1_STA1_CFC64_OH0,0317_1538,C,0.46350184082984924,0.03193504363298416,0.5,0.0,-4.488199887198432,6.856733996885565,1.5736855506419014,31.393512588464684
1773758321.0549557,1773758321054962332,SR03_gC_eps15_IMG1_LID1_STA1_CFC64_OH0,0317_1538,C,0.35990282893180847,0.007856206968426704,0.5,0.0,-4.487836133897005,6.931705594172788,1.5577243870408877,31.32144622626096
1773758321.1832647,1773758321183271904,SR03_gC_eps15_IMG1_LID1_STA1_CFC64_OH0,0317_1538,C,0.37033578753471375,0.11885768920183182,0.5,0.0,-4.486157661072568,7.006578741563244,1.5368219627285298,31.2498459166756
1773758321.3104243,1773758321310431522,SR03_gC_eps15_IMG1_LID1_STA1_CFC64_OH0,0317_1538,C,0.3816126585006714,0.021335827186703682,0.5,0.0,-4.483703873594152,7.05595109891958,1.5031687265023765,31.203007239174948
1773758321.4372103,1773758321437217738,SR03_gC_eps15_IMG1_LID1_STA1_CFC64_OH0,0317_1538,C,0.40138542652130127,0.15597838163375854,0.5,0.0,-4.477710587892473,7.129953151254294,1.4857596479394704,31.133450638858328
1773758321.5692537,1773758321569260819,SR03_gC_eps15_IMG1_LID1_STA1_CFC64_OH0,0317_1538,C,0.41793662309646606,0.09778527170419693,0.5,0.0,-4.473547903419148,7.179779543517736,1.4891325909397894,31.086664509392527
1773758321.6964521,1773758321696459402,SR03_gC_eps15_IMG1_LID1_STA1_CFC64_OH0,0317_1538,C,0.37870535254478455,0.07942690700292587,0.5,0.0,-4.4676096845986715,7.254544015500519,1.4937000113748298,31.016396188008635
1773758321.8265295,1773758321826536131,SR03_gC_eps15_IMG1_LID1_STA1_CFC64_OH0,0317_1538,C,0.16373027861118317,-0.11461292207241058,0.0,0.0,-4.463780045759318,7.304385997647914,1.494859313374466,30.96952837819406
1773758321.955599,1773758321955606023,SR03_gC_eps15_IMG1_LID1_STA1_CFC64_OH0,0317_1538,C,0.21603725850582123,-0.11838828027248383,0.5,0.0,-4.45870812269203,7.379122225826967,1.5108610952229298,30.89908507041866
1773758322.0845647,1773758322084571128,SR03_gC_eps15_IMG1_LID1_STA1_CFC64_OH0,0317_1538,C,0.3617303967475891,0.07822442799806595,0.5,0.0,-4.454367906574183,7.453884821108272,1.517108271066246,30.8284349341066
1773758322.2065904,1773758322206597665,SR03_gC_eps15_IMG1_LID1_STA1_CFC64_OH0,0317_1538,C,0.3966032564640045,-0.026948094367980957,0.5,0.0,-4.452072384476445,7.503808680168952,1.532244560241092,30.781101251592798
1773758322.3339336,1773758322333940301,SR03_gC_eps15_IMG1_LID1_STA1_CFC64_OH0,0317_1538,C,0.397871732711792,-0.2572517395019531,0.5,-0.5,-4.449727316985886,7.578771356742235,1.5463616120026291,30.709737231814618
1773758322.4589484,1773758322458954395,SR03_gC_eps15_IMG1_LID1_STA1_CFC64_OH0,0317_1538,C,0.38350316882133484,-0.26421913504600525,0.5,-0.5,-4.448704222364606,7.62876075376825,1.5543042900152089,30.662006679723646
1773758322.5905619,1773758322590568381,SR03_gC_eps15_IMG1_LID1_STA1_CFC64_OH0,0317_1538,C,0.3703501522541046,-0.17037911713123322,0.5,-0.5,-4.448060204986597,7.6835457781033565,1.564469323526464,30.60957237813208
1773758322.7176576,1773758322717664932,SR03_gC_eps15_IMG1_LID1_STA1_CFC64_OH0,0317_1538,C,0.3793361485004425,-0.07068673521280289,0.5,0.0,-4.447933316430716,7.720071498993418,1.5695981448874208,30.574534007982486
1773758322.849201,1773758322849207800,SR03_gC_eps15_IMG1_LID1_STA1_CFC64_OH0,0317_1538,C,0.36698636412620544,-0.11511841416358948,0.5,0.0,-4.448201302243222,7.794281497416733,1.5782619407782421,30.503209437867138
1773758322.9760218,1773758322976028558,SR03_gC_eps15_IMG1_LID1_STA1_CFC64_OH0,0317_1538,C,0.36284342408180237,-0.11055612564086914,0.5,0.0,-4.448507211520221,7.844280542386544,1.5755671517836678,30.45512708114895
1773758323.1075795,1773758323107585850,SR03_gC_eps15_IMG1_LID1_STA1_CFC64_OH0,0317_1538,C,0.33644407987594604,-0.09125306457281113,0.5,0.0,-4.448067687310069,7.918884204716512,1.5478918458132518,30.383646628999433
1773758323.234126,1773758323234133544,SR03_gC_eps15_IMG1_LID1_STA1_CFC64_OH0,0317_1538,C,0.335929811000824,-0.13399824500083923,0.5,0.0,-4.444880810397837,7.993776197055093,1.5104362488393803,30.31267872891908
1773758323.3572526,1773758323357258659,SR03_gC_eps15_IMG1_LID1_STA1_CFC64_OH0,0317_1538,C,0.3577716648578644,0.10357529670000076,0.5,0.0,-4.441455681105056,8.043618765449766,1.495521861988539,30.26582664788936
1773758323.4866843,1773758323486691452,SR03_gC_eps15_IMG1_LID1_STA1_CFC64_OH0,0317_1538,C,0.3562135696411133,-0.004671357572078705,0.5,0.0,-4.435403843983813,8.118362270246651,1.4832302673098017,30.195845620125297
1773758323.613455,1773758323613464452,SR03_gC_eps15_IMG1_LID1_STA1_CFC64_OH0,0317_1538,C,0.3344612121582031,0.0963287279009819,0.5,0.0,-4.430744654868453,8.168144436602569,1.471764065323481,30.149427161917732
1773758323.7469904,1773758323746997754,SR03_gC_eps15_IMG1_LID1_STA1_CFC64_OH0,0317_1538,C,0.3048976957798004,-0.02531873993575573,0.5,0.0,-4.422715208898263,8.242712546003455,1.4557597490618235,30.08021808372531
1773758323.87383,1773758323873837422,SR03_gC_eps15_IMG1_LID1_STA1_CFC64_OH0,0317_1538,C,0.34390008449554443,-0.25189831852912903,0.5,-0.5,-4.41674951479895,8.29235519727868,1.4466344572109393,30.03433552669656
1773758324.004668,1773758324004674951,SR03_gC_eps15_IMG1_LID1_STA1_CFC64_OH0,0317_1538,C,0.3074429929256439,-0.24352915585041046,0.5,-0.5,-4.406723658998414,8.366657746499198,1.4270276721554995,29.965999537481142
1773758324.14115,1773758324141159996,SR03_gC_eps15_IMG1_LID1_STA1_CFC64_OH0,0317_1538,C,0.0781891793012619,-0.23835784196853638,0.0,-0.5,-4.3996316392977475,8.415832274888627,1.43097114827736,29.920922352757593
1773758324.2661228,1773758324266129372,SR03_gC_eps15_IMG1_LID1_STA1_CFC64_OH0,0317_1538,C,0.23134534060955048,-0.1298115849494934,0.5,0.0,-4.389214186254184,8.48999101728667,1.4326700388928568,29.852890329650336
1773758324.3960779,1773758324396087366,SR03_gC_eps15_IMG1_LID1_STA1_CFC64_OH0,0317_1538,C,0.23755741119384766,-0.32392483949661255,0.5,-0.5,-4.379389420854403,8.564269320375915,1.4426665480659167,29.784605439602156
1773758324.5224607,1773758324522467100,SR03_gC_eps15_IMG1_LID1_STA1_CFC64_OH0,0317_1538,C,0.37116432189941406,-0.4123557507991791,0.5,-0.5,-4.372938249032363,8.613839880097384,1.439765972095168,29.73902188692479
1773758324.6516814,1773758324651688168,SR03_gC_eps15_IMG1_LID1_STA1_CFC64_OH0,0317_1538,C,0.4483439028263092,-0.3776995837688446,0.5,-0.5,-4.362186755871227,8.687692510065583,1.4086887048930385,29.67146705038399
1773758324.7781825,1773758324778192773,SR03_gC_eps15_IMG1_LID1_STA1_CFC64_OH0,0317_1538,C,0.44515639543533325,-0.5183876156806946,0.5,-0.5,-4.353516816315856,8.736933836772891,1.384335829002558,29.62688116060698
1773758324.908083,1773758324908089187,SR03_gC_eps15_IMG1_LID1_STA1_CFC64_OH0,0317_1538,C,0.36197513341903687,-0.5721672177314758,0.5,-0.5,-4.343027207374962,8.788451011938637,1.353484661780957,29.580667756751566
1773758325.0299287,1773758325029937287,SR03_gC_eps15_IMG1_LID1_STA1_CFC64_OH0,0317_1538,C,0.43006932735443115,-0.27571216225624084,0.5,-0.5,-4.334473486386468,8.82565294977373,1.3378471090506643,29.547595695897332
1773758325.1593966,1773758325159413043,SR03_gC_eps15_IMG1_LID1_STA1_CFC64_OH0,0317_1538,C,0.36987465620040894,0.047148317098617554,0.5,0.0,-4.316231692672037,8.897220101315947,1.2992334746091245,29.4845334327584
1773758325.2873712,1773758325287377967,SR03_gC_eps15_IMG1_LID1_STA1_CFC64_OH0,0317_1538,C,0.5016238689422607,0.07618184387683868,0.5,0.0,-4.3018770103258435,8.945058124581685,1.258741448647436,29.443045856063698
1773758325.4121265,1773758325412133455,SR03_gC_eps15_IMG1_LID1_STA1_CFC64_OH0,0317_1538,C,0.3529457449913025,0.0007389197126030922,0.5,0.0,-4.276852374380269,9.0157048217214,1.2010103174359297,29.382959517244124
1773758325.5421135,1773758325542122733,SR03_gC_eps15_IMG1_LID1_STA1_CFC64_OH0,0317_1538,C,0.3123362958431244,-0.16604521870613098,0.5,-0.5,-4.247201921788947,9.084502346521337,1.126420390800117,29.32608518165781
1773758325.6716487,1773758325671656080,SR03_gC_eps15_IMG1_LID1_STA1_CFC64_OH0,0317_1538,C,0.4149928390979767,0.05131755396723747,0.5,0.0,-4.2245877904758204,9.129090235769258,1.076420440607459,29.290284404038772
1773758325.8011787,1773758325801186932,SR03_gC_eps15_IMG1_LID1_STA1_CFC64_OH0,0317_1538,C,0.3563742935657501,-0.13507002592086792,0.5,0.0,-4.187532876195686,9.193997924854832,1.0320523825693801,29.2394869918973
1773758325.9298158,1773758325929824827,SR03_gC_eps15_IMG1_LID1_STA1_CFC64_OH0,0317_1538,C,0.31885048747062683,-0.13979196548461914,0.5,0.0,-4.161955752001082,9.23637952167932,1.0277084740873532,29.206791858108804
1773758326.060271,1773758326060281627,SR03_gC_eps15_IMG1_LID1_STA1_CFC64_OH0,0317_1538,C,0.32288745045661926,-0.15341950953006744,0.5,-0.5,-4.1235363309069,9.300753193001293,1.036725149972275,29.157090973688263
1773758326.1949034,1773758326194909689,SR03_gC_eps15_IMG1_LID1_STA1_CFC64_OH0,0317_1538,C,0.4319056272506714,-0.08457966893911362,0.5,0.0,-4.09808583368278,9.343791221111417,1.036799045789198,29.12385113718005
1773758326.3203228,1773758326320329897,SR03_gC_eps15_IMG1_LID1_STA1_CFC64_OH0,0317_1538,C,0.4597459137439728,-0.009328644722700119,0.5,0.0,-4.059447930424389,9.40782168464321,1.0170049579673042,29.074724407116612
1773758326.4443266,1773758326444333667,SR03_gC_eps15_IMG1_LID1_STA1_CFC64_OH0,0317_1538,C,0.45652520656585693,0.03525065258145332,0.5,0.0,-4.020221397056248,9.471371386541048,1.0184442794436666,29.026346304668433
1773758326.5753133,1773758326575320028,SR03_gC_eps15_IMG1_LID1_STA1_CFC64_OH0,0317_1538,C,0.44201797246932983,0.06868841499090195,0.5,0.0,-3.9937803297903987,9.51368110030789,1.0055501783547318,28.994300180839215
1773758326.6998355,1773758326699843062,SR03_gC_eps15_IMG1_LID1_STA1_CFC64_OH0,0317_1538,C,0.36080998182296753,0.2774103581905365,0.5,0.5,-3.9529463674607,9.576588800308402,0.9843088806267776,28.947220656049147
1773758326.8262968,1773758326826303321,SR03_gC_eps15_IMG1_LID1_STA1_CFC64_OH0,0317_1538,C,0.43480199575424194,0.08190355449914932,0.5,0.0,-3.924956064135358,9.618019387531339,0.9689669555751357,28.91662266574667
1773758326.956282,1773758326956288366,SR03_gC_eps15_IMG1_LID1_STA1_CFC64_OH0,0317_1538,C,0.4639360010623932,0.13793261349201202,0.5,0.0,-3.882092020189418,9.679508508518898,0.9579034124308902,28.871727558678575
1773758327.084595,1773758327084602667,SR03_gC_eps15_IMG1_LID1_STA1_CFC64_OH0,0317_1538,C,0.2960436940193176,0.21838976442813873,0.5,0.5,-3.85331113784364,9.720394451236352,0.9569705484083288,28.84203306594107
1773758327.2099788,1773758327209985218,SR03_gC_eps15_IMG1_LID1_STA1_CFC64_OH0,0317_1538,C,0.41764628887176514,0.14584806561470032,0.5,0.0,-3.8102786375444535,9.781807205092372,0.9628596800380241,28.797472980270896
1773758327.338475,1773758327338481899,SR03_gC_eps15_IMG1_LID1_STA1_CFC64_OH0,0317_1538,C,0.390429824590683,0.09933383017778397,0.5,0.0,-3.781861065632721,9.822946376919313,0.9697285083192166,28.767562902395476
1773758327.4657223,1773758327465730308,SR03_gC_eps15_IMG1_LID1_STA1_CFC64_OH0,0317_1538,C,0.4054041802883148,0.10198192298412323,0.5,0.0,-3.740459654831221,9.885088643301675,1.0020470684925906,28.72199776289871
1773758327.5927277,1773758327592737119,SR03_gC_eps15_IMG1_LID1_STA1_CFC64_OH0,0317_1538,C,0.3942863345146179,0.020609045401215553,0.5,0.0,-3.7008098589748024,9.948517309777785,1.0196569698836788,28.67477027648929
1773758327.7173765,1773758327717383857,SR03_gC_eps15_IMG1_LID1_STA1_CFC64_OH0,0317_1538,C,0.4626481235027313,0.06410399824380875,0.5,0.0,-3.6749416283122414,9.991267009774566,1.034358352731555,28.64272814133348
1773758327.843484,1773758327843491499,SR03_gC_eps15_IMG1_LID1_STA1_CFC64_OH0,0317_1538,C,0.4778262972831726,0.16779497265815735,0.5,0.0,-3.6376630765218865,10.056312923652115,1.0644735544845234,28.593392318685368
1773758327.9755528,1773758327975568183,SR03_gC_eps15_IMG1_LID1_STA1_CFC64_OH0,0317_1538,C,0.4823407232761383,0.169434055685997,0.5,0.0,-3.613739187872839,10.100204067894895,1.0786396081746679,28.559761007422093
1773758328.106684,1773758328106693694,SR03_gC_eps15_IMG1_LID1_STA1_CFC64_OH0,0317_1538,C,0.5305173993110657,0.2800680696964264,0.5,0.5,-3.5787935850638104,10.166564445640951,1.0935926307475872,28.50859935556188
1773758328.2379892,1773758328237996135,SR03_gC_eps15_IMG1_LID1_STA1_CFC64_OH0,0317_1538,C,0.4895879328250885,0.22016867995262146,0.5,0.5,-3.556055600903657,10.211094908114962,1.1037908062089685,28.474091245313645
1773758328.3656578,1773758328365666154,SR03_gC_eps15_IMG1_LID1_STA1_CFC64_OH0,0317_1538,C,0.4901101291179657,0.19041049480438232,0.5,0.0,-3.5225116660848266,10.278126083008186,1.1099021889478367,28.42200589729565
1773758328.4983306,1773758328498338053,SR03_gC_eps15_IMG1_LID1_STA1_CFC64_OH0,0317_1538,C,0.5184592008590698,0.35742467641830444,0.5,0.5,-3.5004236009287317,10.32297018063285,1.1166700709506625,28.38709979357512
1773758328.6247115,1773758328624717707,SR03_gC_eps15_IMG1_LID1_STA1_CFC64_OH0,0317_1538,C,0.5218695998191833,0.36898860335350037,0.5,0.5,-3.4683582663554033,10.390708219875851,1.1412500394538652,28.33402249706757
1773758328.7554975,1773758328755504391,SR03_gC_eps15_IMG1_LID1_STA1_CFC64_OH0,0317_1538,C,0.4542340040206909,0.2664865255355835,0.5,0.5,-3.438050711009426,10.459204901642675,1.1693261425091201,28.279736502187447
1773758328.8845053,1773758328884516174,SR03_gC_eps15_IMG1_LID1_STA1_CFC64_OH0,0317_1538,C,0.47193315625190735,0.179915651679039,0.5,0.0,-3.4191632673519097,10.505482963976032,1.196843037631913,28.242574496133653
1773758329.0131323,1773758329013139535,SR03_gC_eps15_IMG1_LID1_STA1_CFC64_OH0,0317_1538,C,0.4153865575790405,0.02377236634492874,0.5,0.0,-3.3929173231220475,10.575737163044172,1.2289755852173692,28.185408818818598
1773758329.141589,1773758329141595999,SR03_gC_eps15_IMG1_LID1_STA1_CFC64_OH0,0317_1538,C,0.44063711166381836,0.06245085597038269,0.5,0.0,-3.3766066563025414,10.623001169268054,1.2480166040460134,28.14653751755433
1773758329.2717376,1773758329271744334,SR03_gC_eps15_IMG1_LID1_STA1_CFC64_OH0,0317_1538,C,0.4780840575695038,-0.05165974423289299,0.5,0.0,-3.354425453072696,10.694404753969607,1.295479474974386,28.087036094252227
1773758329.3993576,1773758329399365192,SR03_gC_eps15_IMG1_LID1_STA1_CFC64_OH0,0317_1538,C,0.4488988518714905,0.07518431544303894,0.5,0.0,-3.3360369952140956,10.767062035810708,1.348294781716062,28.025124453882157
1773758329.6391628,1773758329639170643,SR03_gC_eps15_IMG1_LID1_STA1_CFC64_OH0,0317_1538,C,0.47144538164138794,0.02724306285381317,0.5,0.0,-3.3256485378653973,10.815930795021643,1.3728341420892578,27.982835456687297
1773758329.7712424,1773758329771251885,SR03_gC_eps15_IMG1_LID1_STA1_CFC64_OH0,0317_1538,C,0.5398986339569092,0.03892792388796806,0.5,0.0,-3.3032691121771474,10.93877886431378,1.3991084892862098,27.87534198313432
1773758329.9025714,1773758329902587807,SR03_gC_eps15_IMG1_LID1_STA1_CFC64_OH0,0317_1538,C,0.5232632756233215,-0.07730107009410858,0.5,0.0,-3.2908002919932033,11.012670091586331,1.4064709798436223,27.810410311961988
1773758330.0352342,1773758330035240282,SR03_gC_eps15_IMG1_LID1_STA1_CFC64_OH0,0317_1538,C,0.5224165916442871,-0.0338447168469429,0.5,0.0,-3.28249409739841,11.061973692779278,1.4013106062951686,27.767108222286858
1773758330.1599991,1773758330160005554,SR03_gC_eps15_IMG1_LID1_STA1_CFC64_OH0,0317_1538,C,0.5285021066665649,0.006424435880035162,0.5,0.0,-3.270065191294805,11.135846421703341,1.4094074909670957,27.702264135209166
1773758330.290624,1773758330290630756,SR03_gC_eps15_IMG1_LID1_STA1_CFC64_OH0,0317_1538,C,0.5301575064659119,0.001698448322713375,0.5,0.0,-3.2622171115699943,11.185214904081823,1.41652797519557,27.658796706941743
1773758330.417904,1773758330417910259,SR03_gC_eps15_IMG1_LID1_STA1_CFC64_OH0,0317_1538,C,0.5301387310028076,0.02543003484606743,0.5,0.0,-3.2508468781094915,11.259347949768841,1.4209649791796621,27.59342000598567
1773758330.5432982,1773758330543308565,SR03_gC_eps15_IMG1_LID1_STA1_CFC64_OH0,0317_1538,C,0.5124507546424866,-0.03646887093782425,0.5,0.0,-3.243479558017131,11.308802162127822,1.4248577650085232,27.549757399224582
1773758330.6739924,1773758330674000657,SR03_gC_eps15_IMG1_LID1_STA1_CFC64_OH0,0317_1538,C,0.5324029326438904,0.05974330008029938,0.5,0.0,-3.232262066668462,11.382873593958855,1.415210119586346,27.4844658162637
1773758330.8067584,1773758330806771036,SR03_gC_eps15_IMG1_LID1_STA1_CFC64_OH0,0317_1538,C,0.531957745552063,0.060194388031959534,0.5,0.0,-3.2244305293436573,11.432256427920839,1.4118256421028375,27.441089322768637
1773758330.934765,1773758330934771794,SR03_gC_eps15_IMG1_LID1_STA1_CFC64_OH0,0317_1538,C,0.5261150598526001,0.04570985212922096,0.5,0.0,-3.2125374779766314,11.506300501188958,1.4119594017517023,27.376147170980055
1773758331.05982,1773758331059827345,SR03_gC_eps15_IMG1_LID1_STA1_CFC64_OH0,0317_1538,C,0.5141347050666809,0.00943361222743988,0.5,0.0,-3.2006988182106264,11.580360237289801,1.4134007314561092,27.311222403897368
1773758331.1938705,1773758331193876702,SR03_gC_eps15_IMG1_LID1_STA1_CFC64_OH0,0317_1538,C,0.4985128939151764,-0.06563577800989151,0.5,0.0,-3.1929251075672465,11.62974066076925,1.4155604206737962,27.267918519415122
1773758331.3224149,1773758331322421606,SR03_gC_eps15_IMG1_LID1_STA1_CFC64_OH0,0317_1538,C,0.491956502199173,-0.2126641720533371,0.5,-0.5,-3.181146515151345,11.703759291601877,1.412036920315521,27.20309673220947
1773758331.4516459,1773758331451653590,SR03_gC_eps15_IMG1_LID1_STA1_CFC64_OH0,0317_1538,C,0.48399534821510315,-0.2127603143453598,0.5,-0.5,-3.1733893746498265,11.753153815180655,1.418011228386439,27.159831269450507
1773758331.5766983,1773758331576705150,SR03_gC_eps15_IMG1_LID1_STA1_CFC64_OH0,0317_1538,C,0.5005400776863098,-0.03765687718987465,0.5,0.0,-3.1623094653743102,11.827330610141665,1.426895534353728,27.094695763155897
1773758331.7050512,1773758331705066300,SR03_gC_eps15_IMG1_LID1_STA1_CFC64_OH0,0317_1538,C,0.49249228835105896,-0.10748501867055893,0.5,0.0,-3.1518005748251947,11.901590584063799,1.4326637457871005,27.02932612714094
1773758331.8392813,1773758331839288571,SR03_gC_eps15_IMG1_LID1_STA1_CFC64_OH0,0317_1538,C,0.48455366492271423,-0.351569265127182,0.5,-0.5,-3.1449392494452724,11.951117563696865,1.4336071060659734,26.985702527548458
1773758331.9657533,1773758331965761129,SR03_gC_eps15_IMG1_LID1_STA1_CFC64_OH0,0317_1538,C,0.48894843459129333,-0.3484993875026703,0.5,-0.5,-3.134355823344718,12.025322233900738,1.4238831973007324,26.92049522251939
1773758332.0955667,1773758332095574463,SR03_gC_eps15_IMG1_LID1_STA1_CFC64_OH0,0317_1538,C,0.447483092546463,-0.21404501795768738,0.5,-0.5,-3.1266181929954,12.074575729201236,1.4046439555272385,26.877503346366385
1773758332.2244618,1773758332224468648,SR03_gC_eps15_IMG1_LID1_STA1_CFC64_OH0,0317_1538,C,0.4489654302597046,0.11605877429246902,0.5,0.0,-3.1130618471513403,12.148271633408333,1.3749605685335933,26.813949509774993
1773758332.3562887,1773758332356295433,SR03_gC_eps15_IMG1_LID1_STA1_CFC64_OH0,0317_1538,C,0.4802182912826538,0.21939025819301605,0.5,0.5,-3.1032309644748515,12.197213268067468,1.370642927960269,26.77208149090514
1773758332.4883697,1773758332488376159,SR03_gC_eps15_IMG1_LID1_STA1_CFC64_OH0,0317_1538,C,0.3637089431285858,0.06134723126888275,0.5,0.0,-3.087765994112555,12.270533382977868,1.353998501332964,26.709683456607014
1773758332.6199415,1773758332619948822,SR03_gC_eps15_IMG1_LID1_STA1_CFC64_OH0,0317_1538,C,0.39231711626052856,0.14472737908363342,0.5,0.0,-3.0702068350841527,12.342979333565967,1.3079110277758745,26.648940702927984
1773758332.7523928,1773758332752399433,SR03_gC_eps15_IMG1_LID1_STA1_CFC64_OH0,0317_1538,C,0.43829745054244995,0.0390717014670372,0.5,0.0,-3.0563748463260394,12.391025381372632,1.2730611417941244,26.609510971152233
1773758332.8827066,1773758332882714275,SR03_gC_eps15_IMG1_LID1_STA1_CFC64_OH0,0317_1538,C,0.4088633954524994,-0.06013138219714165,0.5,0.0,-3.033167906573883,12.462228980533505,1.240691713063461,26.552157255429
1773758333.0111887,1773758333011195120,SR03_gC_eps15_IMG1_LID1_STA1_CFC64_OH0,0317_1538,C,0.4427449107170105,-0.1991117000579834,0.5,-0.5,-3.0091012254429415,12.53260003731205,1.2495124510570235,26.4959860922777
1773758333.1375601,1773758333137567545,SR03_gC_eps15_IMG1_LID1_STA1_CFC64_OH0,0317_1538,C,0.4928799867630005,-0.19077108800411224,0.5,-0.5,-2.9938354435856285,12.580199129308058,1.2714092415785496,26.45766010872411
1773758333.2600515,1773758333260058075,SR03_gC_eps15_IMG1_LID1_STA1_CFC64_OH0,0317_1538,C,0.4704202115535736,-0.013637314550578594,0.5,0.0,-2.972304490653342,12.651880309802918,1.2868185529726077,26.39946395007855
1773758333.385673,1773758333385679478,SR03_gC_eps15_IMG1_LID1_STA1_CFC64_OH0,0317_1538,C,0.43605467677116394,-0.08160459995269775,0.5,0.0,-2.9586477021631343,12.699943923082692,1.3001612028656797,26.360192546701583
1773758333.5188227,1773758333518829807,SR03_gC_eps15_IMG1_LID1_STA1_CFC64_OH0,0317_1538,C,0.41163504123687744,-0.04563794657588005,0.5,0.0,-2.9388110841999,12.772193112552587,1.3031502549053091,26.300963572489856
1773758333.649317,1773758333649324151,SR03_gC_eps15_IMG1_LID1_STA1_CFC64_OH0,0317_1538,C,0.4358750879764557,0.08324216306209564,0.5,0.0,-2.9254430868135644,12.820372867472399,1.297137130386597,26.261564554220143
1773758333.779572,1773758333779580083,SR03_gC_eps15_IMG1_LID1_STA1_CFC64_OH0,0317_1538,C,0.4458838105201721,0.001017838716506958,0.5,0.0,-2.904311028100945,12.892192862209155,1.270172657557421,26.203364461732402
1773758333.9075906,1773758333907597188,SR03_gC_eps15_IMG1_LID1_STA1_CFC64_OH0,0317_1538,C,0.46168291568756104,-0.06984613090753555,0.5,0.0,-2.8890506050714273,12.939806340752801,1.2510955794645973,26.1653098161606
1773758334.0430067,1773758334043013155,SR03_gC_eps15_IMG1_LID1_STA1_CFC64_OH0,0317_1538,C,0.4623664915561676,-0.05209720879793167,0.5,0.0,-2.865104654818012,13.010691074042665,1.2411855374901188,26.10920611713666
1773758334.17487,1773758334174878995,SR03_gC_eps15_IMG1_LID1_STA1_CFC64_OH0,0317_1538,C,0.4859696924686432,-0.045456450432538986,0.5,0.0,-2.8404165360396396,13.08151084792636,1.2307431706886893,26.053545350320324
1773758334.3073182,1773758334307326049,SR03_gC_eps15_IMG1_LID1_STA1_CFC64_OH0,0317_1538,C,0.4396931529045105,-0.024359500035643578,0.5,0.0,-2.8236471655736115,13.128581157063026,1.2272303848560373,26.01674500023652
1773758334.4344873,1773758334434495179,SR03_gC_eps15_IMG1_LID1_STA1_CFC64_OH0,0317_1538,C,0.42485398054122925,-0.011839731596410275,0.5,0.0,-2.7988024892692,13.199245884199364,1.2365182770561416,25.961451064528227
1773758334.55991,1773758334559916230,SR03_gC_eps15_IMG1_LID1_STA1_CFC64_OH0,0317_1538,C,0.3939947783946991,-0.027370916679501534,0.5,0.0,-2.774178048487829,13.270055042079228,1.2335311341648514,25.906036129462816
1773758334.6886523,1773758334688658612,SR03_gC_eps15_IMG1_LID1_STA1_CFC64_OH0,0317_1538,C,0.46168676018714905,0.024171024560928345,0.5,0.0,-2.757469698215275,13.317180630333846,1.226901498116618,25.869337038696
1773758334.8186977,1773758334818704774,SR03_gC_eps15_IMG1_LID1_STA1_CFC64_OH0,0317_1538,C,0.4357106387615204,0.03911067172884941,0.5,0.0,-2.7319098332157314,13.387690666586959,1.2193525533747167,25.81473340993742
1773758334.9536235,1773758334953632153,SR03_gC_eps15_IMG1_LID1_STA1_CFC64_OH0,0317_1538,C,0.4158509373664856,-0.007522812113165855,0.5,0.0,-2.7145905144009457,13.43459521405568,1.2148069157356978,25.77859298800671
1773758335.0834606,1773758335083468266,SR03_gC_eps15_IMG1_LID1_STA1_CFC64_OH0,0317_1538,C,0.3627513647079468,0.03340884670615196,0.5,0.0,-2.688324470803051,13.504845397549648,1.2114033666849429,25.724682021659675
1773758335.2113194,1773758335211330452,SR03_gC_eps15_IMG1_LID1_STA1_CFC64_OH0,0317_1538,C,0.3704657554626465,0.18765434622764587,0.5,0.0,-2.6618783783620064,13.575028024798577,1.2090061745334497,25.671011229125273
1773758335.3395703,1773758335339576990,SR03_gC_eps15_IMG1_LID1_STA1_CFC64_OH0,0317_1538,C,0.3732178509235382,0.06256087869405746,0.5,0.0,-2.6441217977332214,13.621756957788124,1.2066529056044413,25.635395384484795
1773758335.4702795,1773758335470286380,SR03_gC_eps15_IMG1_LID1_STA1_CFC64_OH0,0317_1538,C,0.22961202263832092,0.36971136927604675,0.5,0.5,-2.617550307539922,13.69189215497584,1.2111749010511697,25.58199789617797
1773758335.6059632,1773758335605971088,SR03_gC_eps15_IMG1_LID1_STA1_CFC64_OH0,0317_1538,C,0.28613269329071045,0.3122721016407013,0.5,0.5,-2.600046057255338,13.738715807980329,1.2142323181379469,25.546313390303755
1773758335.7337272,1773758335733734352,SR03_gC_eps15_IMG1_LID1_STA1_CFC64_OH0,0317_1538,C,0.34534600377082825,0.15163961052894592,0.5,0.0,-2.5738452897055004,13.808980243541733,1.214707171311853,25.492827619248587
1773758335.8593607,1773758335859367398,SR03_gC_eps15_IMG1_LID1_STA1_CFC64_OH0,0317_1538,C,0.40590405464172363,0.2019120305776596,0.5,0.5,-2.5564977305415213,13.855862534802846,1.2184143727628343,25.45714583753311
1773758335.9939375,1773758335993951348,SR03_gC_eps15_IMG1_LID1_STA1_CFC64_OH0,0317_1538,C,0.4369221031665802,-0.09954462200403214,0.5,0.0,-2.531522381141467,13.926384686997263,1.243174830074645,25.403101979221596
1773758336.1236541,1773758336123661671,SR03_gC_eps15_IMG1_LID1_STA1_CFC64_OH0,0317_1538,C,0.46058428287506104,0.04108705744147301,0.5,0.0,-2.507801768988001,13.997390946090212,1.2557023902133955,25.348204138725947
1773758336.252408,1773758336252415275,SR03_gC_eps15_IMG1_LID1_STA1_CFC64_OH0,0317_1538,C,0.439196914434433,0.0669308677315712,0.5,0.0,-2.493113213962114,14.04453029091339,1.2845556774429898,25.311376224809482
1773758336.375223,1773758336375229497,SR03_gC_eps15_IMG1_LID1_STA1_CFC64_OH0,0317_1538,C,0.4525340795516968,0.12813524901866913,0.5,0.0,-2.4736331882834315,14.116870525453793,1.328966506408012,25.253668653345446
1773758336.5003495,1773758336500356720,SR03_gC_eps15_IMG1_LID1_STA1_CFC64_OH0,0317_1538,C,0.42048749327659607,0.2083410620689392,0.5,0.5,-2.462047840994514,14.165463540498246,1.3443357862064114,25.214329463330145
1773758336.6271434,1773758336627154112,SR03_gC_eps15_IMG1_LID1_STA1_CFC64_OH0,0317_1538,C,0.3436940312385559,0.06842874735593796,0.5,0.0,-2.446274288967316,14.238759255936243,1.3735141568502716,25.154350117923602
1773758336.7583673,1773758336758373603,SR03_gC_eps15_IMG1_LID1_STA1_CFC64_OH0,0317_1538,C,0.3999592363834381,0.1527184695005417,0.5,0.0,-2.436684656205571,14.287323786747908,1.3739041252112894,25.11429116297584
1773758336.8858333,1773758336885840089,SR03_gC_eps15_IMG1_LID1_STA1_CFC64_OH0,0317_1538,C,0.5146660208702087,0.10350040346384048,0.5,0.0,-2.4219413593463437,14.360755631040272,1.3757224183094585,25.053886871543593
1773758337.0127726,1773758337012780026,SR03_gC_eps15_IMG1_LID1_STA1_CFC64_OH0,0317_1538,C,0.46603649854660034,-0.0011694594286382198,0.5,0.0,-2.412413632839015,14.409839363336696,1.3824154937085409,25.013416522448605
1773758337.1443615,1773758337144367884,SR03_gC_eps15_IMG1_LID1_STA1_CFC64_OH0,0317_1538,C,0.4541049599647522,-0.21946682035923004,0.5,-0.5,-2.3990212721683384,14.483601944443434,1.401079237905235,24.95227014219759
1773758337.2745523,1773758337274558451,SR03_gC_eps15_IMG1_LID1_STA1_CFC64_OH0,0317_1538,C,0.4513227641582489,-0.14214366674423218,0.5,0.0,-2.3874932464785075,14.557610042034469,1.4298489464267505,24.89018318391618
1773758337.404447,1773758337404454048,SR03_gC_eps15_IMG1_LID1_STA1_CFC64_OH0,0317_1538,C,0.48761382699012756,-0.04254680499434471,0.5,0.0,-2.3806465448288328,14.6071129710512,1.4367836615097762,24.84832463473414
1773758337.5366151,1773758337536622468,SR03_gC_eps15_IMG1_LID1_STA1_CFC64_OH0,0317_1538,C,0.4915522634983063,-0.05189485475420952,0.5,0.0,-2.371356512514727,14.681481198877108,1.4561965669879933,24.78507053907865
1773758337.6655552,1773758337665562578,SR03_gC_eps15_IMG1_LID1_STA1_CFC64_OH0,0317_1538,C,0.47287338972091675,-0.08692766726016998,0.5,0.0,-2.3658964130803026,14.731170324716084,1.4661403230448211,24.742523010652384
1773758337.796171,1773758337796179388,SR03_gC_eps15_IMG1_LID1_STA1_CFC64_OH0,0317_1538,C,0.48537057638168335,-0.035481248050928116,0.5,0.0,-2.358086458091683,14.805651941376263,1.4644979947347876,24.67863726551508
1773758337.9309404,1773758337930950240,SR03_gC_eps15_IMG1_LID1_STA1_CFC64_OH0,0317_1538,C,0.49632230401039124,-0.01132072601467371,0.5,0.0,-2.349160920947825,14.8798260379702,1.4378885646600292,24.61557299876762
1773758338.0648618,1773758338064869653,SR03_gC_eps15_IMG1_LID1_STA1_CFC64_OH0,0317_1538,C,0.4807117283344269,0.02908194065093994,0.5,0.0,-2.3421857726345,14.929325228018829,1.4240918132153697,24.57396546748779
1773758338.1904757,1773758338190482045,SR03_gC_eps15_IMG1_LID1_STA1_CFC64_OH0,0317_1538,C,0.4913984537124634,0.02268330566585064,0.5,0.0,-2.3309652796931957,15.003449554517491,1.4171076360634987,24.512054404966193
1773758338.3208609,1773758338320869027,SR03_gC_eps15_IMG1_LID1_STA1_CFC64_OH0,0317_1538,C,0.4721377193927765,0.012640289962291718,0.5,0.0,-2.323182888194403,15.052840125013944,1.4119181592302834,24.470975661573405
1773758338.4503043,1773758338450312254,SR03_gC_eps15_IMG1_LID1_STA1_CFC64_OH0,0317_1538,C,0.47631528973579407,0.05644272640347481,0.5,0.0,-2.3108382606029982,15.126803535617023,1.399286742219556,24.40982357615896
1773758338.5831263,1773758338583133772,SR03_gC_eps15_IMG1_LID1_STA1_CFC64_OH0,0317_1538,C,0.4698086678981781,0.09489420801401138,0.5,0.0,-2.297846770961061,15.200669690735658,1.3946893428777207,24.34912020312605
1773758338.7112863,1773758338711293278,SR03_gC_eps15_IMG1_LID1_STA1_CFC64_OH0,0317_1538,C,0.4465332627296448,-0.032874174416065216,0.5,0.0,-2.2890590039866994,15.249891378715427,1.3935572717288722,24.3087715490217
1773758338.8416011,1773758338841608641,SR03_gC_eps15_IMG1_LID1_STA1_CFC64_OH0,0317_1538,C,0.4788845181465149,0.006102642510086298,0.5,0.0,-2.275995814029548,15.323736452252405,1.3978258377976924,24.248252412830507
1773758338.9742842,1773758338974290409,SR03_gC_eps15_IMG1_LID1_STA1_CFC64_OH0,0317_1538,C,0.48830166459083557,0.028255168348550797,0.5,0.0,-2.267446220600726,15.373000060149257,1.4000941660174289,24.20785074067736
1773758339.1031964,1773758339103209199,SR03_gC_eps15_IMG1_LID1_STA1_CFC64_OH0,0317_1538,C,0.48969799280166626,-0.016543058678507805,0.5,0.0,-2.2548003496159867,15.446914968157245,1.4034394083636792,24.147218796293753
1773758339.2280087,1773758339228015568,SR03_gC_eps15_IMG1_LID1_STA1_CFC64_OH0,0317_1538,C,0.49484264850616455,-0.020052410662174225,0.5,0.0,-2.2426446986247,15.520914575950695,1.4137985915215165,24.086373193449916
1773758339.3551893,1773758339355195315,SR03_gC_eps15_IMG1_LID1_STA1_CFC64_OH0,0317_1538,C,0.5095208883285522,0.06211842596530914,0.5,0.0,-2.2350616485017567,15.570302691406471,1.42219762518208,24.045571764455897
1773758339.485627,1773758339485633341,SR03_gC_eps15_IMG1_LID1_STA1_CFC64_OH0,0317_1538,C,0.4866965115070343,-0.03695050999522209,0.5,0.0,-2.223819613270521,15.644397060237475,1.4188118333149475,23.98436427741964
1773758339.6233091,1773758339623315079,SR03_gC_eps15_IMG1_LID1_STA1_CFC64_OH0,0317_1538,C,0.4941539168357849,-0.039550647139549255,0.5,0.0,-2.2162646925651774,15.693822992482776,1.4194220958556318,23.943603257722458
1773758339.7538433,1773758339753850633,SR03_gC_eps15_IMG1_LID1_STA1_CFC64_OH0,0317_1538,C,0.49945682287216187,0.026190832257270813,0.5,0.0,-2.205109807911294,15.767977206696042,1.4228282500430243,23.88243375840298
1773758339.8854043,1773758339885412341,SR03_gC_eps15_IMG1_LID1_STA1_CFC64_OH0,0317_1538,C,0.49885618686676025,-0.01644371822476387,0.5,0.0,-2.193959848005761,15.842143739959106,1.4202415211792525,23.821330032669383
1773758340.0132344,1773758340013242014,SR03_gC_eps15_IMG1_LID1_STA1_CFC64_OH0,0317_1538,C,0.4907589852809906,0.0007342249155044556,0.5,0.0,-2.186410955405696,15.891570585555955,1.418236283450725,23.780706498725355
1773758340.1400533,1773758340140060969,SR03_gC_eps15_IMG1_LID1_STA1_CFC64_OH0,0317_1538,C,0.486569881439209,0.011526994407176971,0.5,0.0,-2.175286674266253,15.965655672477123,1.422975730921278,23.71979674364846
1773758340.2628942,1773758340262900572,SR03_gC_eps15_IMG1_LID1_STA1_CFC64_OH0,0317_1538,C,0.48611870408058167,-0.009980125352740288,0.5,0.0,-2.1678311805647845,16.015096672167417,1.4192806869748031,23.679207520149664
1773758340.3924496,1773758340392455326,SR03_gC_eps15_IMG1_LID1_STA1_CFC64_OH0,0317_1538,C,0.48433855175971985,-0.04137576371431351,0.5,0.0,-2.1562946783585466,16.08920397281388,1.4134001042545692,23.618601528520514
1773758340.522972,1773758340522983561,SR03_gC_eps15_IMG1_LID1_STA1_CFC64_OH0,0317_1538,C,0.47581249475479126,0.012756546959280968,0.5,0.0,-2.148511113621002,16.13857650121622,1.4157256900554036,23.578314795990906
1773758340.6555288,1773758340655535589,SR03_gC_eps15_IMG1_LID1_STA1_CFC64_OH0,0317_1538,C,0.49322476983070374,-0.031214356422424316,0.5,0.0,-2.13684252617327,16.212651652963054,1.4136455055477468,23.51793684190145
1773758340.786676,1773758340786685516,SR03_gC_eps15_IMG1_LID1_STA1_CFC64_OH0,0317_1538,C,0.4989806115627289,-0.0033886246383190155,0.5,0.0,-2.125113011666786,16.28672875919044,1.414187339950575,23.45766968204913
1773758340.9168513,1773758340916857803,SR03_gC_eps15_IMG1_LID1_STA1_CFC64_OH0,0317_1538,C,0.4699099361896515,0.011366888880729675,0.5,0.0,-2.117342998831621,16.336121332586465,1.4153400374563372,23.417508860117636
1773758341.048311,1773758341048318329,SR03_gC_eps15_IMG1_LID1_STA1_CFC64_OH0,0317_1538,C,0.4813714921474457,-0.00535597326233983,0.5,0.0,-2.105672125493054,16.410207691252584,1.4132151479807205,23.35734843912225
1773758341.172521,1773758341172527354,SR03_gC_eps15_IMG1_LID1_STA1_CFC64_OH0,0317_1538,C,0.4531704783439636,-0.010316054336726665,0.5,0.0,-2.0936931238876877,16.484233524434366,1.40902068226566,23.29747169134342
1773758341.2991996,1773758341299205553,SR03_gC_eps15_IMG1_LID1_STA1_CFC64_OH0,0317_1538,C,0.49037966132164,-0.020238010212779045,0.5,0.0,-2.0856710554991276,16.53358578641517,1.410296334443464,23.257617942614136
1773758341.426095,1773758341426111411,SR03_gC_eps15_IMG1_LID1_STA1_CFC64_OH0,0317_1538,C,0.4956216812133789,0.0008763968944549561,0.5,0.0,-2.073535170231533,16.607585798785596,1.4070655084899188,23.197984407098584
1773758341.5597794,1773758341559792847,SR03_gC_eps15_IMG1_LID1_STA1_CFC64_OH0,0317_1538,C,0.4821017384529114,-0.0045514414086937904,0.5,0.0,-2.0653782556041174,16.656915956016412,1.4070217459166972,23.158312394722934
1773758341.6807458,1773758341680753113,SR03_gC_eps15_IMG1_LID1_STA1_CFC64_OH0,0317_1538,C,0.4813568890094757,0.010318165645003319,0.5,0.0,-2.0532064870223707,16.730921675372773,1.4080578749126922,23.098840210145458
1773758341.8075764,1773758341807585229,SR03_gC_eps15_IMG1_LID1_STA1_CFC64_OH0,0317_1538,C,0.48867109417915344,-0.03623281791806221,0.5,0.0,-2.0450922209198317,16.78025886528918,1.4075222785393626,23.05924223842813
1773758341.9369931,1773758341936999426,SR03_gC_eps15_IMG1_LID1_STA1_CFC64_OH0,0317_1538,C,0.49385541677474976,-0.022247685119509697,0.5,0.0,-2.032842773917123,16.854251764260813,1.4057764449260384,22.99996976358197
1773758342.0710735,1773758342071080682,SR03_gC_eps15_IMG1_LID1_STA1_CFC64_OH0,0317_1538,C,0.48854005336761475,0.0042625353671610355,0.5,0.0,-2.0245792753366887,16.90356417061818,1.4037526478033688,22.960566515417486
1773758342.1964366,1773758342196446009,SR03_gC_eps15_IMG1_LID1_STA1_CFC64_OH0,0317_1538,C,0.49508291482925415,-0.017140431329607964,0.5,0.0,-2.0120988144981973,16.9775184631024,1.403618671942799,22.901592611333786
1773758342.3238568,1773758342323862910,SR03_gC_eps15_IMG1_LID1_STA1_CFC64_OH0,0317_1538,C,0.4980807900428772,-0.011422116309404373,0.5,0.0,-2.003767961001931,17.026819543477856,1.403312217319686,22.86233547844038
1773758342.449274,1773758342449280578,SR03_gC_eps15_IMG1_LID1_STA1_CFC64_OH0,0317_1538,C,0.4938544034957886,0.016174551099538803,0.5,0.0,-1.991320467163088,17.10076781691331,1.4040154752743994,22.803508028554937
1773758342.5784013,1773758342578407726,SR03_gC_eps15_IMG1_LID1_STA1_CFC64_OH0,0317_1538,C,0.4815727174282074,-0.02248334512114525,0.5,0.0,-1.9829307244272176,17.150058882631605,1.4003922035008265,22.76439351060315
1773758342.7096179,1773758342709624502,SR03_gC_eps15_IMG1_LID1_STA1_CFC64_OH0,0317_1538,C,0.47269782423973083,-0.005714717786759138,0.5,0.0,-1.9700795337984487,17.22394961974322,1.3971802815238643,22.705971288293142
1773758342.8393128,1773758342839319257,SR03_gC_eps15_IMG1_LID1_STA1_CFC64_OH0,0317_1538,C,0.503840982913971,-0.011936575174331665,0.5,0.0,-1.9571451566073423,17.29782587461458,1.3973916116095901,22.647699893213026
1773758342.969987,1773758342969995189,SR03_gC_eps15_IMG1_LID1_STA1_CFC64_OH0,0317_1538,C,0.47888100147247314,0.004386736545711756,0.5,0.0,-1.9484761032044882,17.34706860589417,1.3956775725495796,22.60893667900274
1773758343.103422,1773758343103429248,SR03_gC_eps15_IMG1_LID1_STA1_CFC64_OH0,0317_1538,C,0.47729983925819397,-0.008012980222702026,0.5,0.0,-1.9353527481194346,17.42091152110582,1.3950109143738767,22.550951953041462
1773758343.23296,1773758343232966885,SR03_gC_eps15_IMG1_LID1_STA1_CFC64_OH0,0317_1538,C,0.4785134792327881,0.00028495583683252335,0.5,0.0,-1.9222932870698286,17.494760794733182,1.3951351043376552,22.49303085771757
1773758343.3588247,1773758343358837152,SR03_gC_eps15_IMG1_LID1_STA1_CFC64_OH0,0317_1538,C,0.47937461733818054,0.00780907878652215,0.5,0.0,-1.9135037040894722,17.54398215342354,1.3933898189610376,22.45452400818883
1773758343.4896922,1773758343489698347,SR03_gC_eps15_IMG1_LID1_STA1_CFC64_OH0,0317_1538,C,0.48259541392326355,-0.013080897741019726,0.5,0.0,-1.9002338128588863,17.617798877629617,1.392283743262047,22.396904532779004
1773758343.6166134,1773758343616620318,SR03_gC_eps15_IMG1_LID1_STA1_CFC64_OH0,0317_1538,C,0.4724101126194,0.01026129350066185,0.5,0.0,-1.8913265503244958,17.66699908170563,1.3912533115627232,22.358588433969423
1773758343.7437625,1773758343743769758,SR03_gC_eps15_IMG1_LID1_STA1_CFC64_OH0,0317_1538,C,0.46474048495292664,-0.001845202874392271,0.5,0.0,-1.877954588886585,17.740797386605806,1.391539335879631,22.301208290832303
1773758343.8727777,1773758343872784114,SR03_gC_eps15_IMG1_LID1_STA1_CFC64_OH0,0317_1538,C,0.4788925349712372,0.028355803340673447,0.5,0.0,-1.8690199530264835,17.789992628563244,1.3907380393727082,22.263026197231316
1773758344.0032604,1773758344003267759,SR03_gC_eps15_IMG1_LID1_STA1_CFC64_OH0,0317_1538,C,0.4760373532772064,-0.00935423094779253,0.5,0.0,-1.855584277857246,17.863779361229916,1.3907730340557845,22.205863260524602
1773758344.1360443,1773758344136051505,SR03_gC_eps15_IMG1_LID1_STA1_CFC64_OH0,0317_1538,C,0.4765211343765259,0.022043835371732712,0.5,0.0,-1.8466508619404784,17.912974824801765,1.3915539390542202,22.16779807948325
1773758344.2585306,1773758344258537176,SR03_gC_eps15_IMG1_LID1_STA1_CFC64_OH0,0317_1538,C,0.4751923978328705,0.02934308722615242,0.5,0.0,-1.833241099501061,17.986766263910646,1.3907098695504616,22.110795815475342
1773758344.3872187,1773758344387226158,SR03_gC_eps15_IMG1_LID1_STA1_CFC64_OH0,0317_1538,C,0.4792921543121338,0.026105225086212158,0.5,0.0,-1.8198595291716273,18.06056282289003,1.3917648108179064,22.05388258502869
1773758344.5124772,1773758344512484168,SR03_gC_eps15_IMG1_LID1_STA1_CFC64_OH0,0317_1538,C,0.48380574584007263,-0.021179962903261185,0.5,0.0,-1.8109519007892658,18.109762963462376,1.39188228378039,22.015991727675
1773758344.637473,1773758344637481885,SR03_gC_eps15_IMG1_LID1_STA1_CFC64_OH0,0317_1538,C,0.47451886534690857,-0.04494030401110649,0.5,0.0,-1.7977540007651287,18.1835900513246,1.3950131540112416,21.959139852717758
1773758344.7680683,1773758344768078123,SR03_gC_eps15_IMG1_LID1_STA1_CFC64_OH0,0317_1538,C,0.47579431533813477,-0.024302242323756218,0.5,0.0,-1.7889870127054261,18.232815445389804,1.3940777331068024,21.921276780851514
1773758344.8950205,1773758344895026801,SR03_gC_eps15_IMG1_LID1_STA1_CFC64_OH0,0317_1538,C,0.4787042737007141,0.016917064785957336,0.5,0.0,-1.7759242639114299,18.30666907571681,1.3974572673473793,21.86451529277011
1773758345.0256133,1773758345025630002,SR03_gC_eps15_IMG1_LID1_STA1_CFC64_OH0,0317_1538,C,0.4857059419155121,-0.0032233879901468754,0.5,0.0,-1.7673729186979608,18.35593237223657,1.4003915697156555,21.82663105537545
1773758345.1492338,1773758345149241515,SR03_gC_eps15_IMG1_LID1_STA1_CFC64_OH0,0317_1538,C,0.4911138415336609,0.027852173894643784,0.5,0.0,-1.754796052948251,18.429858711924528,1.4030429140769074,21.769740439344044
1773758345.2812324,1773758345281241823,SR03_gC_eps15_IMG1_LID1_STA1_CFC64_OH0,0317_1538,C,0.47266659140586853,0.06870422512292862,0.5,0.0,-1.7463954671763378,18.479147949150097,1.4009249224141618,21.73187836928411
1773758345.416783,1773758345416789797,SR03_gC_eps15_IMG1_LID1_STA1_CFC64_OH0,0317_1538,C,0.4708339273929596,0.06529916077852249,0.5,0.0,-1.7334677534299756,18.553025228781003,1.394390274903319,21.675395566117803
1773758345.5519152,1773758345551922539,SR03_gC_eps15_IMG1_LID1_STA1_CFC64_OH0,0317_1538,C,0.4801063537597656,0.02548910677433014,0.5,0.0,-1.7201816201419098,18.626829699670907,1.3919488125689088,21.619274316461002
1773758345.6806192,1773758345680627597,SR03_gC_eps15_IMG1_LID1_STA1_CFC64_OH0,0317_1538,C,0.49114853143692017,0.012879429385066032,0.5,0.0,-1.711328463453272,18.676039665153958,1.3936405154602165,21.581915651467252
1773758345.8124797,1773758345812487604,SR03_gC_eps15_IMG1_LID1_STA1_CFC64_OH0,0317_1538,C,0.4854748547077179,-0.0098312022164464,0.5,0.0,-1.6981124399620753,18.749866051470566,1.394710775277631,21.525930692769336
1773758345.9448485,1773758345944854981,SR03_gC_eps15_IMG1_LID1_STA1_CFC64_OH0,0317_1538,C,0.48615992069244385,-0.009934470057487488,0.5,0.0,-1.6851654896976263,18.823728698173962,1.4012991053561623,21.46988926268189
1773758346.0699716,1773758346069979917,SR03_gC_eps15_IMG1_LID1_STA1_CFC64_OH0,0317_1538,C,0.49937382340431213,0.017334923148155212,0.5,0.0,-1.6768997590648484,18.873040641483012,1.4080673673991086,21.432340125189373
1773758346.1949627,1773758346194969549,SR03_gC_eps15_IMG1_LID1_STA1_CFC64_OH0,0317_1538,C,0.4862539768218994,0.0068941363133490086,0.5,0.0,-1.6650879783610724,18.947099991490685,1.4158874820743348,21.375723643393172
1773758346.3196485,1773758346319655966,SR03_gC_eps15_IMG1_LID1_STA1_CFC64_OH0,0317_1538,C,0.5053104162216187,0.03397321328520775,0.5,0.0,-1.657435198728528,18.996510854903278,1.4181842044047288,21.33789238825062
1773758346.4513042,1773758346451311572,SR03_gC_eps15_IMG1_LID1_STA1_CFC64_OH0,0317_1538,C,0.47998619079589844,0.008193545043468475,0.5,0.0,-1.6461002288829147,19.070649350226173,1.41943481557009,21.281144038371128
1773758346.5860436,1773758346586051571,SR03_gC_eps15_IMG1_LID1_STA1_CFC64_OH0,0317_1538,C,0.47980254888534546,0.008197693154215813,0.5,0.0,-1.6385367228141805,19.120073968156333,1.4184516973314607,21.243379239290615
1773758346.7162397,1773758346716249680,SR03_gC_eps15_IMG1_LID1_STA1_CFC64_OH0,0317_1538,C,0.4999031126499176,0.010236067697405815,0.5,0.0,-1.6271024867904975,19.194197221618033,1.417506897062151,21.186886323445233
1773758346.8463411,1773758346846349630,SR03_gC_eps15_IMG1_LID1_STA1_CFC64_OH0,0317_1538,C,0.48687660694122314,-0.0010154340416193008,0.5,0.0,-1.6157448074570098,19.268332230911486,1.4197939143881517,21.130457466377052
1773758346.9721432,1773758346972150190,SR03_gC_eps15_IMG1_LID1_STA1_CFC64_OH0,0317_1538,C,0.4640681743621826,-0.008987389504909515,0.5,0.0,-1.6082464110887855,19.31776676681945,1.4212956777710037,21.092853494611493
1773758347.1008263,1773758347100834500,SR03_gC_eps15_IMG1_LID1_STA1_CFC64_OH0,0317_1538,C,0.46475517749786377,-0.00753766717389226,0.5,0.0,-1.5972486575085965,19.391955987999168,1.4251026893714904,21.036377590312966
1773758347.2353015,1773758347235308780,SR03_gC_eps15_IMG1_LID1_STA1_CFC64_OH0,0317_1538,C,0.5061296224594116,0.00885009579360485,0.5,0.0,-1.5900099883414371,19.441429225327944,1.4259221255278771,20.99872929906869
1773758347.3634994,1773758347363508303,SR03_gC_eps15_IMG1_LID1_STA1_CFC64_OH0,0317_1538,C,0.4753571152687073,0.025901176035404205,0.5,0.0,-1.5792284782722128,19.51565023031146,1.4272129270997467,20.94230277000934
1773758347.4929419,1773758347492948763,SR03_gC_eps15_IMG1_LID1_STA1_CFC64_OH0,0317_1538,C,0.49416273832321167,0.020246122032403946,0.5,0.0,-1.5685467163113098,19.589885657327038,1.4281857691378619,20.885926504524242
1773758347.6203167,1773758347620323271,SR03_gC_eps15_IMG1_LID1_STA1_CFC64_OH0,0317_1538,C,0.5039472579956055,0.11024017632007599,0.5,0.0,-1.561437032307769,19.63937759674133,1.4279247926929965,20.84839984456206
1773758347.7526639,1773758347752671903,SR03_gC_eps15_IMG1_LID1_STA1_CFC64_OH0,0317_1538,C,0.5040481686592102,0.1096889078617096,0.5,0.0,-1.550708372075949,19.71360625907884,1.4266201774584697,20.79225130622283
1773758347.8833098,1773758347883317593,SR03_gC_eps15_IMG1_LID1_STA1_CFC64_OH0,0317_1538,C,0.49037280678749084,-0.002577787032350898,0.5,0.0,-1.543505865807343,19.7630847742957,1.4258664119499869,20.754918788072846
1773758348.0130093,1773758348013016753,SR03_gC_eps15_IMG1_LID1_STA1_CFC64_OH0,0317_1538,C,0.4888295531272888,0.008104044944047928,0.5,0.0,-1.5327250851012748,19.83730588347657,1.4275349206187748,20.699004727229163
1773758348.1420534,1773758348142066114,SR03_gC_eps15_IMG1_LID1_STA1_CFC64_OH0,0317_1538,C,0.49216002225875854,-0.0005442947149276733,0.5,0.0,-1.5221591841581015,19.911557849573654,1.4311938921693093,20.643066697287193
1773758348.269099,1773758348269106762,SR03_gC_eps15_IMG1_LID1_STA1_CFC64_OH0,0317_1538,C,0.4925534725189209,-0.0009424285963177681,0.5,0.0,-1.5152807551545182,19.96103716138887,1.435971263771953,20.605768098493954
1773758348.4019837,1773758348401990874,SR03_gC_eps15_IMG1_LID1_STA1_CFC64_OH0,0317_1538,C,0.4771333932876587,0.0024682567454874516,0.5,0.0,-1.5058140591547615,20.035436442918627,1.4524796972977827,20.54929594908611
1773758348.5332603,1773758348533267409,SR03_gC_eps15_IMG1_LID1_STA1_CFC64_OH0,0317_1538,C,0.500393807888031,0.03733716532588005,0.5,0.0,-1.5001832649589204,20.085084864738462,1.4623464151912104,20.51129227797821
1773758348.6601448,1773758348660151625,SR03_gC_eps15_IMG1_LID1_STA1_CFC64_OH0,0317_1538,C,0.4824290871620178,0.05730524659156799,0.5,0.0,-1.4920694021701157,20.159613143666185,1.462535783651536,20.45415044022776
1773758348.7916524,1773758348791658766,SR03_gC_eps15_IMG1_LID1_STA1_CFC64_OH0,0317_1538,C,0.49163398146629333,0.006727417465299368,0.5,0.0,-1.486687084972942,20.2093226015967,1.4633461867713364,20.416085021851746
1773758348.918959,1773758348918965388,SR03_gC_eps15_IMG1_LID1_STA1_CFC64_OH0,0317_1538,C,0.4928387701511383,-0.004174505360424519,0.5,0.0,-1.4786407400418562,20.283889723147734,1.4632565869317782,20.35906593226567
1773758349.0414128,1773758349041419349,SR03_gC_eps15_IMG1_LID1_STA1_CFC64_OH0,0317_1538,C,0.4978940188884735,-0.014566445723176003,0.5,0.0,-1.4705868828530528,20.358456033679342,1.4632516474934987,20.30216869707958
1773758349.1738906,1773758349173898154,SR03_gC_eps15_IMG1_LID1_STA1_CFC64_OH0,0317_1538,C,0.49503037333488464,-0.004659452009946108,0.5,0.0,-1.4652261436583074,20.408167824489908,1.4634984727486888,20.264297080138455
1773758349.3028529,1773758349302861534,SR03_gC_eps15_IMG1_LID1_STA1_CFC64_OH0,0317_1538,C,0.49422746896743774,-0.0073258946649730206,0.5,0.0,-1.4574681422256475,20.482121932622324,1.469068203594182,20.207930897885205
1773758349.4332566,1773758349433268333,SR03_gC_eps15_IMG1_LID1_STA1_CFC64_OH0,0317_1538,C,0.49512413144111633,-0.006418993696570396,0.5,0.0,-1.4539389462173604,20.517208570768066,1.4721868159696536,20.181142826646187
1773758349.5615704,1773758349561576457,SR03_gC_eps15_IMG1_LID1_STA1_CFC64_OH0,0317_1538,C,0.49828553199768066,-0.009414087980985641,0.5,0.0,-1.4522939410530196,20.534026267102156,1.475593773699659,20.168285380738237
1773758349.6906831,1773758349690691780,SR03_gC_eps15_IMG1_LID1_STA1_CFC64_OH0,0317_1538,C,0.5011524558067322,0.0006688842549920082,0.5,0.0,-1.4523876100021258,20.53305516887917,1.4771383442634018,20.1690283952713
1773758349.8186255,1773758349818633636,SR03_gC_eps15_IMG1_LID1_STA1_CFC64_OH0,0317_1538,C,0.4884513318538666,0.0006393608637154102,0.5,0.0,-1.4496147987330683,20.562941211951795,1.478952030561512,20.146107894425363
1773758349.9531107,1773758349953117736,SR03_gC_eps15_IMG1_LID1_STA1_CFC64_OH0,0317_1538,C,0.4982251524925232,-0.007269581314176321,0.5,0.0,-1.44354547102223,20.62930089794949,1.4795837319521181,20.09523121733534
1773758350.0825915,1773758350082599234,SR03_gC_eps15_IMG1_LID1_STA1_CFC64_OH0,0317_1538,C,0.5049997568130493,-0.0002046213485300541,0.5,0.0,-1.438972947225906,20.679091374931232,1.478860212207884,20.057129190738404
1773758350.2080736,1773758350208084247,SR03_gC_eps15_IMG1_LID1_STA1_CFC64_OH0,0317_1538,C,0.47867918014526367,-0.017282523214817047,0.5,0.0,-1.4320511968557885,20.75377127988159,1.4778374648614818,20.000115544593697
1773758350.3313982,1773758350331404957,SR03_gC_eps15_IMG1_LID1_STA1_CFC64_OH0,0317_1538,C,0.4957106411457062,-1.8894672393798828e-05,0.5,0.0,-1.427386512375594,20.80355320649185,1.476896057780792,19.962205403598663
1773758350.456883,1773758350456889229,SR03_gC_eps15_IMG1_LID1_STA1_CFC64_OH0,0317_1538,C,0.5027884840965271,-0.002948217326775193,0.5,0.0,-1.4203507930765125,20.87822246346483,1.4768943720707286,19.90546574630413
1773758350.5847142,1773758350584721879,SR03_gC_eps15_IMG1_LID1_STA1_CFC64_OH0,0317_1538,C,0.5109216570854187,0.030637361109256744,0.5,0.0,-1.4156639870128611,20.92800231411811,1.476879223127221,19.867704154823347
1773758350.7086415,1773758350708648661,SR03_gC_eps15_IMG1_LID1_STA1_CFC64_OH0,0317_1538,C,0.5000194311141968,0.040468476712703705,0.5,0.0,-1.4085914277808873,21.002668087627086,1.4760007325614042,19.811191420904343
1773758350.834379,1773758350834385931,SR03_gC_eps15_IMG1_LID1_STA1_CFC64_OH0,0317_1538,C,0.5090970396995544,-0.016562853008508682,0.5,0.0,-1.4038582346914417,21.052443549112876,1.4759802703433453,19.77359660414219
1773758350.962355,1773758350962366918,SR03_gC_eps15_IMG1_LID1_STA1_CFC64_OH0,0317_1538,C,0.5273204445838928,-0.018007026985287666,0.5,0.0,-1.3966736665534045,21.12709861102429,1.4737313143793656,19.7173641257562
1773758351.0937512,1773758351093757722,SR03_gC_eps15_IMG1_LID1_STA1_CFC64_OH0,0317_1538,C,0.4923977851867676,-0.00451511237770319,0.5,0.0,-1.3918279863805243,21.176863247733376,1.473729421237323,19.679982677620025
1773758351.222172,1773758351222181090,SR03_gC_eps15_IMG1_LID1_STA1_CFC64_OH0,0317_1538,C,0.5040687322616577,-0.006160292308777571,0.5,0.0,-1.3845544928591922,21.25150971707479,1.474353318520425,19.62401918976318
1773758351.354505,1773758351354511258,SR03_gC_eps15_IMG1_LID1_STA1_CFC64_OH0,0317_1538,C,0.518165647983551,0.09563614428043365,0.5,0.0,-1.3775079502408762,21.32617787928113,1.4793421511190687,19.56803099031173
1773758351.4887826,1773758351488789691,SR03_gC_eps15_IMG1_LID1_STA1_CFC64_OH0,0317_1538,C,0.4967682659626007,0.03803108260035515,0.5,0.0,-1.3730424108024886,21.375966555893807,1.4830012730441573,19.530630340550644
1773758351.6209168,1773758351620923119,SR03_gC_eps15_IMG1_LID1_STA1_CFC64_OH0,0317_1538,C,0.5183435082435608,0.007634358014911413,0.5,0.0,-1.3663731156871786,21.45066941255632,1.480473547326535,19.47460204198517
1773758351.7473853,1773758351747392129,SR03_gC_eps15_IMG1_LID1_STA1_CFC64_OH0,0317_1538,C,0.4920818507671356,0.016614167019724846,0.5,0.0,-1.3618182835586758,21.50046150541888,1.4786728475970514,19.43739373200791
1773758351.8749027,1773758351874910638,SR03_gC_eps15_IMG1_LID1_STA1_CFC64_OH0,0317_1538,C,0.5045021772384644,0.04028133302927017,0.5,0.0,-1.3548837211221103,21.57514022323906,1.4778442017347138,19.3817581292016
1773758352.0085707,1773758352008578742,SR03_gC_eps15_IMG1_LID1_STA1_CFC64_OH0,0317_1538,C,0.49369171261787415,0.00029173027724027634,0.5,0.0,-1.347905320133806,21.64975274222977,1.4788419193595261,19.32633266888721
1773758352.1397688,1773758352139775535,SR03_gC_eps15_IMG1_LID1_STA1_CFC64_OH0,0317_1538,C,0.5089203119277954,0.020790737122297287,0.5,0.0,-1.3435522240853608,21.699562691905157,1.4884055015338669,19.289220598869797
1773758352.2649028,1773758352264912748,SR03_gC_eps15_IMG1_LID1_STA1_CFC64_OH0,0317_1538,C,0.5063067078590393,0.00415364233776927,0.5,0.0,-1.3376057609262333,21.774314902602047,1.4939783220573177,19.233279020924467
1773758352.391951,1773758352391958298,SR03_gC_eps15_IMG1_LID1_STA1_CFC64_OH0,0317_1538,C,0.48807036876678467,-0.040779467672109604,0.5,0.0,-1.3337878914245302,21.824168923756567,1.494831556070874,19.195952637785908
1773758352.5218494,1773758352521856793,SR03_gC_eps15_IMG1_LID1_STA1_CFC64_OH0,0317_1538,C,0.49998748302459717,0.027997616678476334,0.5,0.0,-1.3281945132670856,21.89896002933374,1.4980336712343918,19.139982214180698
1773758352.647184,1773758352647191266,SR03_gC_eps15_IMG1_LID1_STA1_CFC64_OH0,0317_1538,C,0.49063095450401306,-0.05769045650959015,0.5,0.0,-1.3246600365348435,21.94883491054915,1.5020617975581416,19.102611163639786
1773758352.7766137,1773758352776621055,SR03_gC_eps15_IMG1_LID1_STA1_CFC64_OH0,0317_1538,C,0.48576247692108154,-0.11423694342374802,0.5,0.0,-1.3195131468878254,22.02365198639581,1.5023323085933855,19.04656460433934
1773758352.9057405,1773758352905747116,SR03_gC_eps15_IMG1_LID1_STA1_CFC64_OH0,0317_1538,C,0.49756577610969543,-0.04151561111211777,0.5,0.0,-1.3144953028294082,22.098483909047076,1.5049518101226043,18.990557754415416
1773758353.0336823,1773758353033689529,SR03_gC_eps15_IMG1_LID1_STA1_CFC64_OH0,0317_1538,C,0.485777348279953,0.014480583369731903,0.5,0.0,-1.3112158172896353,22.148376239335782,1.5053671739517576,18.953248835166338
1773758353.1617916,1773758353161798310,SR03_gC_eps15_IMG1_LID1_STA1_CFC64_OH0,0317_1538,C,0.5079159736633301,0.06043437123298645,0.5,0.0,-1.3060953851564938,22.223166384547532,1.5003545778789522,18.897557776494313
1773758353.2894225,1773758353289430220,SR03_gC_eps15_IMG1_LID1_STA1_CFC64_OH0,0317_1538,C,0.5148316025733948,0.0165913924574852,0.5,0.0,-1.3026437638631787,22.27301435232196,1.5021170413380172,18.860537646475684
1773758353.422003,1773758353422010362,SR03_gC_eps15_IMG1_LID1_STA1_CFC64_OH0,0317_1538,C,0.5219182968139648,-0.018130969256162643,0.5,0.0,-1.2971639439819822,22.34780213684553,1.4919732062488287,18.805295324146904
1773758353.5517938,1773758353551801004,SR03_gC_eps15_IMG1_LID1_STA1_CFC64_OH0,0317_1538,C,0.504964292049408,0.005609950516372919,0.5,0.0,-1.292942251744211,22.39762331511825,1.480549532406838,18.768926643476046
1773758353.6887915,1773758353688797511,SR03_gC_eps15_IMG1_LID1_STA1_CFC64_OH0,0317_1538,C,0.5212015509605408,0.05181374028325081,0.5,0.0,-1.285931931918593,22.47225957680184,1.4749067989645277,18.714989891240435
1773758353.815566,1773758353815573587,SR03_gC_eps15_IMG1_LID1_STA1_CFC64_OH0,0317_1538,C,0.5108081698417664,0.04329882189631462,0.5,0.0,-1.2788425604105285,22.546912585326243,1.4783697070388209,18.661234949409593
1773758353.946566,1773758353946574979,SR03_gC_eps15_IMG1_LID1_STA1_CFC64_OH0,0317_1538,C,0.4945378601551056,0.04176563769578934,0.5,0.0,-1.2743782750396384,22.596712808500502,1.484413133143344,18.625290586347756
1773758354.0777214,1773758354077728602,SR03_gC_eps15_IMG1_LID1_STA1_CFC64_OH0,0317_1538,C,0.5080447196960449,0.025789670646190643,0.5,0.0,-1.2680013428369385,22.6714296906804,1.4862522627160302,18.571281543669073
1773758354.209526,1773758354209533391,SR03_gC_eps15_IMG1_LID1_STA1_CFC64_OH0,0317_1538,C,0.5108934044837952,0.010186944156885147,0.5,0.0,-1.2637363760576066,22.721247450679307,1.484913971675882,18.53536024398248
1773758354.3390927,1773758354339100226,SR03_gC_eps15_IMG1_LID1_STA1_CFC64_OH0,0317_1538,C,0.5185248255729675,0.0055760606192052364,0.5,0.0,-1.2573345553009048,22.795973722136445,1.48575546146884,18.481604076328868
1773758354.468622,1773758354468629128,SR03_gC_eps15_IMG1_LID1_STA1_CFC64_OH0,0317_1538,C,0.49727752804756165,0.035057131201028824,0.5,0.0,-1.2512439319394204,22.870714700685056,1.49301404050343,18.42778680304049
1773758354.5951216,1773758354595128294,SR03_gC_eps15_IMG1_LID1_STA1_CFC64_OH0,0317_1538,C,0.5061362981796265,0.03844942897558212,0.5,0.0,-1.2474665169254904,22.920571765790285,1.4973132530704865,18.391787446464033
1773758354.7271757,1773758354727182215,SR03_gC_eps15_IMG1_LID1_STA1_CFC64_OH0,0317_1538,C,0.501108705997467,-0.06685997545719147,0.5,0.0,-1.242188202444676,22.99538568554471,1.5029390630837443,18.33764137554574
1773758354.8531277,1773758354853134815,SR03_gC_eps15_IMG1_LID1_STA1_CFC64_OH0,0317_1538,C,0.5201218128204346,0.023066790774464607,0.5,0.0,-1.238862272086717,23.045274927715358,1.5055180260037069,18.30149169066801
1773758354.975766,1773758354975772950,SR03_gC_eps15_IMG1_LID1_STA1_CFC64_OH0,0317_1538,C,0.49506595730781555,0.0544169545173645,0.5,0.0,-1.2340265982170275,23.120118861978806,1.5069538628020682,18.247283372101528
1773758355.100012,1773758355100018939,SR03_gC_eps15_IMG1_LID1_STA1_CFC64_OH0,0317_1538,C,0.48216521739959717,-0.010691290721297264,0.5,0.0,-1.230850555124987,23.170017883697493,1.507511468225466,18.211193286111506
1773758355.2252698,1773758355225276372,SR03_gC_eps15_IMG1_LID1_STA1_CFC64_OH0,0317_1538,C,0.48339828848838806,-0.017225390300154686,0.5,0.0,-1.2262828454489871,23.244878571781836,1.5124751965222427,18.157045366721793
1773758355.3576283,1773758355357634877,SR03_gC_eps15_IMG1_LID1_STA1_CFC64_OH0,0317_1538,C,0.5013113021850586,0.0036434358917176723,0.5,0.0,-1.2234644088545947,23.294799038704475,1.516320130535311,18.120871990771512
1773758355.4837604,1773758355483770778,SR03_gC_eps15_IMG1_LID1_STA1_CFC64_OH0,0317_1538,C,0.49496889114379883,0.011177260428667068,0.5,0.0,-1.219293123271508,23.369587066090954,1.5117082385473362,18.066769179525334
1773758355.6087282,1773758355608735324,SR03_gC_eps15_IMG1_LID1_STA1_CFC64_OH0,0317_1538,C,0.48593881726264954,0.0018069441430270672,0.5,0.0,-1.215005801899684,23.444462628171458,1.5164160367209156,18.01282493245416
1773758355.7351909,1773758355735197766,SR03_gC_eps15_IMG1_LID1_STA1_CFC64_OH0,0317_1538,C,0.49799299240112305,0.010533919557929039,0.5,0.0,-1.2124235687843323,23.49438437512571,1.5214658993729484,17.976761666783485
1773758355.8558583,1773758355855864917,SR03_gC_eps15_IMG1_LID1_STA1_CFC64_OH0,0317_1538,C,0.4908433258533478,-0.019311096519231796,0.5,0.0,-1.2086658751615114,23.569285930942222,1.5197466567082936,17.92270184629585
1773758355.981886,1773758355981893801,SR03_gC_eps15_IMG1_LID1_STA1_CFC64_OH0,0317_1538,C,0.5030274987220764,-0.006243185140192509,0.5,0.0,-1.2060714943208,23.61921856809246,1.5180241208831902,17.886805977854685
1773758356.1086261,1773758356108632773,SR03_gC_eps15_IMG1_LID1_STA1_CFC64_OH0,0317_1538,C,0.49632635712623596,0.00542086036875844,0.5,0.0,-1.2034333051183015,23.669148915767614,1.5181797599871658,17.851008615522137
1773758356.2392964,1773758356239304304,SR03_gC_eps15_IMG1_LID1_STA1_CFC64_OH0,0317_1538,C,0.5019177794456482,0.025890428572893143,0.5,0.0,-1.1995459812690759,23.74404809287498,1.5196873045863628,17.797391872667145
1773758356.3664045,1773758356366415245,SR03_gC_eps15_IMG1_LID1_STA1_CFC64_OH0,0317_1538,C,0.5004186630249023,0.0073726424016058445,0.5,0.0,-1.1957254959125903,23.81895071713501,1.520132880823365,17.743883132670714
1773758356.4991136,1773758356499120867,SR03_gC_eps15_IMG1_LID1_STA1_CFC64_OH0,0317_1538,C,0.4866003394126892,-0.004751397762447596,0.5,0.0,-1.1932197087260075,23.868887882476916,1.5211862705386185,17.708268288673533
1773758356.6326835,1773758356632691110,SR03_gC_eps15_IMG1_LID1_STA1_CFC64_OH0,0317_1538,C,0.4957716166973114,0.013648280873894691,0.5,0.0,-1.1894188259649086,23.943791484554076,1.5191107889692497,17.655006618496696
1773758356.7539523,1773758356753959851,SR03_gC_eps15_IMG1_LID1_STA1_CFC64_OH0,0317_1538,C,0.49273887276649475,0.009115664288401604,0.5,0.0,-1.186820403946326,23.99372391702425,1.5186031052401987,17.619632403081933
1773758356.884869,1773758356884875764,SR03_gC_eps15_IMG1_LID1_STA1_CFC64_OH0,0317_1538,C,0.49680793285369873,-0.0022959685884416103,0.5,0.0,-1.1829401847901755,24.068623467926038,1.5198256067259073,17.566691987835775
1773758357.0186563,1773758357018663096,SR03_gC_eps15_IMG1_LID1_STA1_CFC64_OH0,0317_1538,C,0.5012596249580383,0.0025958088226616383,0.5,0.0,-1.180457396981925,24.1185617703703,1.5224146441344706,17.531413860276658
1773758357.1477516,1773758357147759199,SR03_gC_eps15_IMG1_LID1_STA1_CFC64_OH0,0317_1538,C,0.48966366052627563,0.016664253547787666,0.5,0.0,-1.1768847180076256,24.19347661976166,1.5235844969056471,17.478523519990027
1773758357.274227,1773758357274234998,SR03_gC_eps15_IMG1_LID1_STA1_CFC64_OH0,0317_1538,C,0.4982587993144989,0.008907649666070938,0.5,0.0,-1.173320287736879,24.268391864838726,1.523239770972698,17.425789562964656
1773758357.403589,1773758357403596474,SR03_gC_eps15_IMG1_LID1_STA1_CFC64_OH0,0317_1538,C,0.49151572585105896,0.005816055927425623,0.5,0.0,-1.1709774390383725,24.3183369382182,1.524604595736416,17.390700571661903
1773758357.537258,1773758357537265403,SR03_gC_eps15_IMG1_LID1_STA1_CFC64_OH0,0317_1538,C,0.49368852376937866,-0.006906367372721434,0.5,0.0,-1.1675642362727316,24.393259222940056,1.525560816814583,17.338131969179617
1773758357.665062,1773758357665069429,SR03_gC_eps15_IMG1_LID1_STA1_CFC64_OH0,0317_1538,C,0.49200358986854553,0.024361273273825645,0.5,0.0,-1.1641642265947243,24.468182111322957,1.5255099245652248,17.285719446591855
1773758357.7897332,1773758357789740039,SR03_gC_eps15_IMG1_LID1_STA1_CFC64_OH0,0317_1538,C,0.5046685934066772,0.01402292214334011,0.5,0.0,-1.1619103254848513,24.518131280801676,1.5261915471397653,17.250861271656646
1773758357.9141517,1773758357914158092,SR03_gC_eps15_IMG1_LID1_STA1_CFC64_OH0,0317_1538,C,0.5083162188529968,0.01557852141559124,0.5,0.0,-1.1586566231261881,24.5930606489974,1.528380923103158,17.198622563326392
1773758358.0445204,1773758358044531211,SR03_gC_eps15_IMG1_LID1_STA1_CFC64_OH0,0317_1538,C,0.505416989326477,-0.0020873965695500374,0.5,0.0,-1.156558661039322,24.643016610361908,1.5292407724687394,17.163839229945495
1773758358.1729825,1773758358172990088,SR03_gC_eps15_IMG1_LID1_STA1_CFC64_OH0,0317_1538,C,0.5017015933990479,0.017406141385436058,0.5,0.0,-1.1534727190038772,24.71795309017797,1.5297315175399744,17.111761573171066
1773758358.3059855,1773758358305996042,SR03_gC_eps15_IMG1_LID1_STA1_CFC64_OH0,0317_1538,C,0.5093929767608643,-0.025077160447835922,0.5,0.0,-1.1514028045323903,24.767910222178177,1.5290408821424002,17.077147021447043
1773758358.4399905,1773758358439997390,SR03_gC_eps15_IMG1_LID1_STA1_CFC64_OH0,0317_1538,C,0.49903178215026855,-0.004871591925621033,0.5,0.0,-1.1483860649666913,24.842849481377577,1.5322789897018483,17.025304719523408
1773758358.5622184,1773758358562224986,SR03_gC_eps15_IMG1_LID1_STA1_CFC64_OH0,0317_1538,C,0.5046098232269287,-0.004593514371663332,0.5,0.0,-1.1455782007319917,24.917796882562953,1.5344757613994058,16.973483911985113
1773758358.684622,1773758358684628892,SR03_gC_eps15_IMG1_LID1_STA1_CFC64_OH0,0317_1538,C,0.5034693479537964,-0.018440864980220795,0.5,0.0,-1.143797520875201,24.967765157993558,1.5355036475459372,16.93896694132003
1773758358.8065577,1773758358806563592,SR03_gC_eps15_IMG1_LID1_STA1_CFC64_OH0,0317_1538,C,0.5093620419502258,0.0004674321971833706,0.5,0.0,-1.1420280381251555,25.017733834228842,1.5352949085221186,16.904519248613187
1773758358.9404109,1773758358940417755,SR03_gC_eps15_IMG1_LID1_STA1_CFC64_OH0,0317_1538,C,0.4861362874507904,-0.0020635398104786873,0.5,0.0,-1.1394632672514067,25.092678524154028,1.537524808796695,16.852936860639186
1773758359.067785,1773758359067791834,SR03_gC_eps15_IMG1_LID1_STA1_CFC64_OH0,0317_1538,C,0.4903663098812103,0.006070188712328672,0.5,0.0,-1.1377373425799975,25.14264871050731,1.5350171083249993,16.818652779066348
1773758359.201084,1773758359201090841,SR03_gC_eps15_IMG1_LID1_STA1_CFC64_OH0,0317_1538,C,0.5037298798561096,0.0002493038773536682,0.5,0.0,-1.1349988190033156,25.21759868974591,1.5338822445605436,16.767484303720607
1773758359.333239,1773758359333246858,SR03_gC_eps15_IMG1_LID1_STA1_CFC64_OH0,0317_1538,C,0.5030159950256348,0.013289887458086014,0.5,0.0,-1.1321964228703718,25.29254630523246,1.532500862499258,16.716542663680492
1773758359.4542606,1773758359454269271,SR03_gC_eps15_IMG1_LID1_STA1_CFC64_OH0,0317_1538,C,0.4995472729206085,0.007850497961044312,0.5,0.0,-1.1302365228767794,25.342507868504207,1.5308458512572656,16.682750074258227
1773758359.589781,1773758359589786714,SR03_gC_eps15_IMG1_LID1_STA1_CFC64_OH0,0317_1538,C,0.502041220664978,0.00625936733558774,0.5,0.0,-1.1272430922984475,25.417448102415968,1.5308400348027298,16.63225397694358
1773758359.7247038,1773758359724715600,SR03_gC_eps15_IMG1_LID1_STA1_CFC64_OH0,0317_1538,C,0.5109145045280457,-0.018132545053958893,0.5,0.0,-1.1252406546628033,25.467407985498745,1.5306336812009849,16.598697899784288
1773758359.849962,1773758359849969089,SR03_gC_eps15_IMG1_LID1_STA1_CFC64_OH0,0317_1538,C,0.48936107754707336,0.02317873015999794,0.5,0.0,-1.1222632379594242,25.542348854836753,1.5314859962555563,16.548499919904515
1773758359.9788477,1773758359978855058,SR03_gC_eps15_IMG1_LID1_STA1_CFC64_OH0,0317_1538,C,0.4960366487503052,0.016045592725276947,0.5,0.0,-1.1193200557352083,25.617291078641212,1.5319146001203399,16.49846458225681
1773758360.103424,1773758360103431155,SR03_gC_eps15_IMG1_LID1_STA1_CFC64_OH0,0317_1538,C,0.48595744371414185,0.0025095310993492603,0.5,0.0,-1.117409659437446,25.66725456231651,1.5332435864771325,16.465174335749506
1773758360.2283914,1773758360228399619,SR03_gC_eps15_IMG1_LID1_STA1_CFC64_OH0,0317_1538,C,0.486606627702713,-0.004665587563067675,0.5,0.0,-1.1146378357925617,25.742203315760115,1.5343893419701833,16.415327676913787
1773758360.3586087,1773758360358614492,SR03_gC_eps15_IMG1_LID1_STA1_CFC64_OH0,0317_1538,C,0.4896988570690155,-0.01829543337225914,0.5,0.0,-1.1128335269208083,25.792170745860712,1.5350152777743433,16.382170382829322
1773758360.490347,1773758360490353580,SR03_gC_eps15_IMG1_LID1_STA1_CFC64_OH0,0317_1538,C,0.5021740198135376,-0.006637761369347572,0.5,0.0,-1.1100919391717063,25.867110934989004,1.5339880895547509,16.332628295758106
1773758360.6249397,1773758360624948987,SR03_gC_eps15_IMG1_LID1_STA1_CFC64_OH0,0317_1538,C,0.4969019591808319,-0.004731620661914349,0.5,0.0,-1.108309852038458,25.91707915217221,1.5363059579501195,16.299669452556213
1773758360.7501254,1773758360750132417,SR03_gC_eps15_IMG1_LID1_STA1_CFC64_OH0,0317_1538,C,0.49676692485809326,-0.004327237606048584,0.5,0.0,-1.1058124400025355,25.992037538693147,1.5384420871458082,16.250261689259982
1773758360.8712463,1773758360871252194,SR03_gC_eps15_IMG1_LID1_STA1_CFC64_OH0,0317_1538,C,0.48744943737983704,-0.0028885684441775084,0.5,0.0,-1.1033987908189669,26.066998685578962,1.5386032691620304,16.20098712936826
1773758360.9917874,1773758360991793364,SR03_gC_eps15_IMG1_LID1_STA1_CFC64_OH0,0317_1538,C,0.488871306180954,-0.0009718546643853188,0.5,0.0,-1.1017777582223767,26.116972397578024,1.5381367112873112,16.168256309607145
1773758361.120101,1773758361120111497,SR03_gC_eps15_IMG1_LID1_STA1_CFC64_OH0,0317_1538,C,0.491538405418396,5.708448588848114e-05,0.5,0.0,-1.100099355122642,26.166944209115506,1.536307181371995,16.135657584103516
1773758361.247297,1773758361247304176,SR03_gC_eps15_IMG1_LID1_STA1_CFC64_OH0,0317_1538,C,0.49103084206581116,-0.00045233266428112984,0.5,0.0,-1.0974522748366127,26.241897471749567,1.5349617802865896,16.087025720373305
1773758361.3737316,1773758361373738890,SR03_gC_eps15_IMG1_LID1_STA1_CFC64_OH0,0317_1538,C,0.5064759850502014,0.007275992538779974,0.5,0.0,-1.0947360851628638,26.316848264666948,1.5342260453068441,16.038650016351212
1773758361.5014956,1773758361501503594,SR03_gC_eps15_IMG1_LID1_STA1_CFC64_OH0,0317_1538,C,0.503609299659729,0.0076833865605294704,0.5,0.0,-1.0928971679629231,26.36681443349665,1.5337933222473106,16.006535142507076
1773758361.6292434,1773758361629251776,SR03_gC_eps15_IMG1_LID1_STA1_CFC64_OH0,0317_1538,C,0.5000064373016357,-0.00876847468316555,0.5,0.0,-1.0901065305614261,26.441762492491314,1.5333983694484004,15.958560233193506
1773758361.755934,1773758361755947003,SR03_gC_eps15_IMG1_LID1_STA1_CFC64_OH0,0317_1538,C,0.5141363739967346,0.013102443888783455,0.5,0.0,-1.0882347435384974,26.491727441152886,1.5333217620502475,15.926701658782308
1773758361.8833241,1773758361883331763,SR03_gC_eps15_IMG1_LID1_STA1_CFC64_OH0,0317_1538,C,0.5143016576766968,0.013611998409032822,0.5,0.0,-1.085424926406444,26.566674784096453,1.5333099483829014,15.87909080479343
1773758362.0145247,1773758362014532506,SR03_gC_eps15_IMG1_LID1_STA1_CFC64_OH0,0317_1538,C,0.5013031959533691,0.0027487934567034245,0.5,0.0,-1.0835499165137705,26.616639611929894,1.5332647151927847,15.84746935807341
1773758362.145011,1773758362145017452,SR03_gC_eps15_IMG1_LID1_STA1_CFC64_OH0,0317_1538,C,0.5007932782173157,-0.0025913820136338472,0.5,0.0,-1.0807766460377835,26.69158831236166,1.5343642539543438,15.800184669898494
1773758362.2758887,1773758362275895578,SR03_gC_eps15_IMG1_LID1_STA1_CFC64_OH0,0317_1538,C,0.5099750757217407,0.01899796538054943,0.5,0.0,-1.0789746413170158,26.74155582519729,1.5351325913295564,15.768744451433363
1773758362.4001539,1773758362400161858,SR03_gC_eps15_IMG1_LID1_STA1_CFC64_OH0,0317_1538,C,0.5098117589950562,0.01871492527425289,0.5,0.0,-1.0762630584179678,26.816506781355773,1.5339818532106395,15.721771091543435
1773758362.524359,1773758362524366479,SR03_gC_eps15_IMG1_LID1_STA1_CFC64_OH0,0317_1538,C,0.5070365071296692,-0.003979884088039398,0.5,0.0,-1.073576566741449,26.89145863391667,1.5359726771388813,15.674996165696959
1773758362.652733,1773758362652740346,SR03_gC_eps15_IMG1_LID1_STA1_CFC64_OH0,0317_1538,C,0.5049329400062561,-0.004720187745988369,0.5,0.0,-1.0718686604492074,26.941429449501673,1.5371166186772653,15.643869767207946
1773758362.7814262,1773758362781435084,SR03_gC_eps15_IMG1_LID1_STA1_CFC64_OH0,0317_1538,C,0.5101719498634338,0.007222648244351149,0.5,0.0,-1.0693564784910223,27.016387358922472,1.5373153350580424,15.597325186455064
1773758362.9135568,1773758362913563976,SR03_gC_eps15_IMG1_LID1_STA1_CFC64_OH0,0317_1538,C,0.5100579261779785,0.006995219271630049,0.5,0.0,-1.0676762669611701,27.066359116528417,1.5370561973050625,15.566423171837155
1773758363.0463014,1773758363046310952,SR03_gC_eps15_IMG1_LID1_STA1_CFC64_OH0,0317_1538,C,0.5062522888183594,0.003105201292783022,0.5,0.0,-1.0652530139536684,27.141319928496266,1.5399002103379669,15.52018021374362
1773758363.1757321,1773758363175741056,SR03_gC_eps15_IMG1_LID1_STA1_CFC64_OH0,0317_1538,C,0.5031907558441162,-0.0028841982129961252,0.5,0.0,-1.063755219781315,27.191297479114553,1.5417716998212039,15.489383668765608
1773758363.3096547,1773758363309663250,SR03_gC_eps15_IMG1_LID1_STA1_CFC64_OH0,0317_1538,C,0.5070074796676636,0.00040946342051029205,0.5,0.0,-1.0615724531105195,27.266265703422544,1.5413720717380999,15.443326659178148
1773758363.4397912,1773758363439797465,SR03_gC_eps15_IMG1_LID1_STA1_CFC64_OH0,0317_1538,C,0.5003488659858704,0.015628289431333542,0.5,0.0,-1.0593501567426353,27.341232766856667,1.5413806045906304,15.397528561710475
1773758363.5677824,1773758363567789661,SR03_gC_eps15_IMG1_LID1_STA1_CFC64_OH0,0317_1538,C,0.5003229379653931,0.014978211373090744,0.5,0.0,-1.0578976089974992,27.39121165920193,1.5420983198179985,15.367100989515752
1773758363.6931806,1773758363693189317,SR03_gC_eps15_IMG1_LID1_STA1_CFC64_OH0,0317_1538,C,0.4995766878128052,-0.0019106771796941757,0.5,0.0,-1.0557833309104612,27.46618184454038,1.5429920035001294,15.321600849491023
1773758363.8234892,1773758363823496626,SR03_gC_eps15_IMG1_LID1_STA1_CFC64_OH0,0317_1538,C,0.498454749584198,0.021996745839715004,0.5,0.0,-1.0544009042946316,27.5161627264992,1.543242632549409,15.291374954782297
1773758363.9541993,1773758363954206764,SR03_gC_eps15_IMG1_LID1_STA1_CFC64_OH0,0317_1538,C,0.5014443397521973,0.01354747824370861,0.5,0.0,-1.0523187507815714,27.591133813223006,1.5428758756010348,15.24623802245272
1773758364.0838912,1773758364083898671,SR03_gC_eps15_IMG1_LID1_STA1_CFC64_OH0,0317_1538,C,0.5015960931777954,0.013844624161720276,0.5,0.0,-1.0502333764593126,27.666104809801922,1.5435460352875594,15.2013396862915
1773758364.2156954,1773758364215704622,SR03_gC_eps15_IMG1_LID1_STA1_CFC64_OH0,0317_1538,C,0.5117926597595215,0.0006948709487915039,0.5,0.0,-1.048910071042438,27.716087287111684,1.5451023611935872,15.17148582500895
1773758364.3472984,1773758364347305607,SR03_gC_eps15_IMG1_LID1_STA1_CFC64_OH0,0317_1538,C,0.5025876760482788,-0.009190909564495087,0.5,0.0,-1.0470636630699828,27.791064538132694,1.546842436179916,15.126792903727146
1773758364.4758308,1773758364475837522,SR03_gC_eps15_IMG1_LID1_STA1_CFC64_OH0,0317_1538,C,0.5029945969581604,0.008601846173405647,0.5,0.0,-1.04586130785467,27.841050076214476,1.5466513690533799,15.097108072277711
1773758364.6104991,1773758364610506424,SR03_gC_eps15_IMG1_LID1_STA1_CFC64_OH0,0317_1538,C,0.5103548169136047,-0.0074002863839268684,0.5,0.0,-1.0441567698712582,27.9160306664861,1.5496272955271446,15.052702531832079
1773758364.744695,1773758364744705900,SR03_gC_eps15_IMG1_LID1_STA1_CFC64_OH0,0317_1538,C,0.5100041627883911,-0.007305602077394724,0.5,0.0,-1.0426456671343878,27.991015424198995,1.5516772442386995,15.0083839217039
1773758364.8683677,1773758364868374768,SR03_gC_eps15_IMG1_LID1_STA1_CFC64_OH0,0317_1538,C,0.5110279321670532,-0.007408235687762499,0.5,0.0,-1.0417214186790438,28.0410068752868,1.552667222284236,14.978906670999942
1773758364.9946947,1773758364994702504,SR03_gC_eps15_IMG1_LID1_STA1_CFC64_OH0,0317_1538,C,0.5094352960586548,-0.0022428943775594234,0.5,0.0,-1.0403617648885253,28.115994544845414,1.5523760299186458,14.934873901796028
1773758365.1226623,1773758365122669393,SR03_gC_eps15_IMG1_LID1_STA1_CFC64_OH0,0317_1538,C,0.5001580715179443,0.006302142050117254,0.5,0.0,-1.0394182736944144,28.165985637534,1.5516348579528754,14.905686223581862
1773758365.2551436,1773758365255161596,SR03_gC_eps15_IMG1_LID1_STA1_CFC64_OH0,0317_1538,C,0.49840107560157776,0.00726372329518199,0.5,0.0,-1.038026028355302,28.240972705669083,1.5524450777669812,14.862093887929802
1773758365.3864691,1773758365386476294,SR03_gC_eps15_IMG1_LID1_STA1_CFC64_OH0,0317_1538,C,0.49999749660491943,0.005796046461910009,0.5,0.0,-1.0370900199894462,28.290963939472814,1.5517050506032388,14.83317824125743
1773758365.516196,1773758365516204366,SR03_gC_eps15_IMG1_LID1_STA1_CFC64_OH0,0317_1538,C,0.5048390626907349,0.01696230284869671,0.5,0.0,-1.03561710397817,28.36594946635531,1.550607238892209,14.79007217248664
1773758365.6370814,1773758365637088760,SR03_gC_eps15_IMG1_LID1_STA1_CFC64_OH0,0317_1538,C,0.5065036416053772,-0.00419661495834589,0.5,0.0,-1.0340625247945046,28.440933345075194,1.5496509614970708,14.747288692708711
1773758365.7608442,1773758365760851035,SR03_gC_eps15_IMG1_LID1_STA1_CFC64_OH0,0317_1538,C,0.5092930793762207,0.19067741930484772,0.5,0.0,-1.032999729415743,28.490922045183463,1.5494266723408359,14.718931368831349
1773758365.8850446,1773758365885052439,SR03_gC_eps15_IMG1_LID1_STA1_CFC64_OH0,0317_1538,C,0.509009063243866,0.18860825896263123,0.5,0.0,-1.0314263988651653,28.565905533439626,1.5502961506048003,14.676594788653624
1773758366.0134444,1773758366013452935,SR03_gC_eps15_IMG1_LID1_STA1_CFC64_OH0,0317_1538,C,0.5045856237411499,0.2245570570230484,0.5,0.5,-1.0304195807727936,28.615895391327072,1.5510078456074634,14.648480917290732
1773758366.1455007,1773758366145507749,SR03_gC_eps15_IMG1_LID1_STA1_CFC64_OH0,0317_1538,C,0.49725091457366943,0.3055100440979004,0.5,0.5,-1.0289706500315396,28.69088138571703,1.552212230251106,14.606478691749539
1773758366.2812595,1773758366281268253,SR03_gC_eps15_IMG1_LID1_STA1_CFC64_OH0,0317_1538,C,0.5044758319854736,0.2992399334907532,0.5,0.5,-1.0280838975381998,28.740873512632195,1.5539084575772557,14.578558524793117
1773758366.412417,1773758366412423379,SR03_gC_eps15_IMG1_LID1_STA1_CFC64_OH0,0317_1538,C,0.4966103136539459,0.28454551100730896,0.5,0.5,-1.0267949009792097,28.815851336083664,1.5536561249314165,14.53687223380431
1773758366.53628,1773758366536287577,SR03_gC_eps15_IMG1_LID1_STA1_CFC64_OH0,0317_1538,C,0.5008973479270935,0.13557057082653046,0.5,0.0,-1.0263147368423167,28.890613592611068,1.5780066533837775,14.49490829277534
1773758366.6624587,1773758366662465446,SR03_gC_eps15_IMG1_LID1_STA1_CFC64_OH0,0317_1538,C,0.5011067390441895,0.1514083594083786,0.5,0.0,-1.0271540856789416,28.94059481446245,1.5979068936215042,14.466042122880003
1773758366.7914693,1773758366791477391,SR03_gC_eps15_IMG1_LID1_STA1_CFC64_OH0,0317_1538,C,0.4944494366645813,0.1253790259361267,0.5,0.0,-1.0304812038174973,29.01546758386262,1.6348522562791932,14.421300007083985
1773758366.9203498,1773758366920356909,SR03_gC_eps15_IMG1_LID1_STA1_CFC64_OH0,0317_1538,C,0.49264684319496155,0.2359842211008072,0.5,0.5,-1.0344433043927763,29.065308402305945,1.665340512079126,14.390204188713156
1773758367.0464253,1773758367046432489,SR03_gC_eps15_IMG1_LID1_STA1_CFC64_OH0,0317_1538,C,0.5013158917427063,0.3455127477645874,0.5,0.5,-1.0431933294502762,29.139789953743147,1.7097856090716654,14.341577814381079
1773758367.177048,1773758367177055603,SR03_gC_eps15_IMG1_LID1_STA1_CFC64_OH0,0317_1538,C,0.48921990394592285,0.2515455484390259,0.5,0.5,-1.0508239600121743,29.18920254783108,1.7382401138752075,14.307920603329944
1773758367.305379,1773758367305385045,SR03_gC_eps15_IMG1_LID1_STA1_CFC64_OH0,0317_1538,C,0.5019246935844421,0.3923395276069641,0.5,0.5,-1.064207757673421,29.262889447493865,1.7611204477289297,14.256230550466187
1773758367.4379385,1773758367437945622,SR03_gC_eps15_IMG1_LID1_STA1_CFC64_OH0,0317_1538,C,0.503895103931427,0.47146525979042053,0.5,0.5,-1.0740379324830818,29.311913110949146,1.7762612579663486,14.221179990075015
1773758367.5636606,1773758367563666625,SR03_gC_eps15_IMG1_LID1_STA1_CFC64_OH0,0317_1538,C,0.49344727396965027,0.4026694595813751,0.5,0.5,-1.090060944561962,29.38511534507931,1.7973178794880702,14.167880320489926
1773758367.6894112,1773758367689422825,SR03_gC_eps15_IMG1_LID1_STA1_CFC64_OH0,0317_1538,C,0.5166226625442505,0.34522944688796997,0.5,0.5,-1.108195948704543,29.457763299758305,1.8364575275739055,14.113298690489241
1773758367.8174846,1773758367817492936,SR03_gC_eps15_IMG1_LID1_STA1_CFC64_OH0,0317_1538,C,0.5071350336074829,0.24689660966396332,0.5,0.5,-1.1221363226096672,29.505736641077846,1.869585468571281,14.075701467102833
1773758367.94773,1773758367947739182,SR03_gC_eps15_IMG1_LID1_STA1_CFC64_OH0,0317_1538,C,0.5169243216514587,0.1473572552204132,0.5,0.0,-1.1455472261006747,29.576909414876962,1.9090834197281052,14.017759217143238
1773758368.073628,1773758368073634368,SR03_gC_eps15_IMG1_LID1_STA1_CFC64_OH0,0317_1538,C,0.518760085105896,0.17300108075141907,0.5,0.0,-1.1630159600720709,29.623670670628677,1.9478726193924683,13.978012440125818
1773758368.2097664,1773758368209773306,SR03_gC_eps15_IMG1_LID1_STA1_CFC64_OH0,0317_1538,C,0.5146859884262085,-0.049792248755693436,0.5,0.0,-1.19301819539761,29.692346178358946,2.0167113100439567,13.91607301278095
1773758368.3449168,1773758368344923472,SR03_gC_eps15_IMG1_LID1_STA1_CFC64_OH0,0317_1538,C,0.4949164092540741,0.16620375216007233,0.5,0.0,-1.2154846595638875,29.73701070387327,2.0569782218314763,13.87335168871099
1773758368.4745638,1773758368474571008,SR03_gC_eps15_IMG1_LID1_STA1_CFC64_OH0,0317_1538,C,0.5031530261039734,0.30006980895996094,0.5,0.5,-1.2522183677923224,29.80234191484075,2.1059446003261284,13.80765991768578
1773758368.604094,1773758368604100775,SR03_gC_eps15_IMG1_LID1_STA1_CFC64_OH0,0317_1538,C,0.49885106086730957,0.3468666076660156,0.5,0.5,-1.2915933763329548,29.866127028767977,2.138776361708836,13.740625822169163
1773758368.7372575,1773758368737264514,SR03_gC_eps15_IMG1_LID1_STA1_CFC64_OH0,0317_1538,C,0.4976939857006073,0.30697229504585266,0.5,0.5,-1.3188016056999958,29.908075390086317,2.154024921304737,13.695466656847453
1773758368.8644006,1773758368864407530,SR03_gC_eps15_IMG1_LID1_STA1_CFC64_OH0,0317_1538,C,0.4676147401332855,0.34830015897750854,0.5,0.5,-1.3608297223303485,29.970061464991158,2.1764988320926193,13.62724235389362
1773758368.9919853,1773758368991991518,SR03_gC_eps15_IMG1_LID1_STA1_CFC64_OH0,0317_1538,C,0.46808844804763794,0.43401843309402466,0.5,0.5,-1.403228952532694,30.03155477603267,2.1748230551387726,13.559027410610293
1773758369.1203687,1773758369120375077,SR03_gC_eps15_IMG1_LID1_STA1_CFC64_OH0,0317_1538,C,0.5033040642738342,0.30707138776779175,0.5,0.5,-1.4318435731584913,30.072343927350335,2.1915773326263333,13.513397847407326
1773758369.2487624,1773758369248770820,SR03_gC_eps15_IMG1_LID1_STA1_CFC64_OH0,0317_1538,C,0.4572395086288452,0.2978520393371582,0.5,0.5,-1.4767144334189652,30.132281571070575,2.2373886278071615,13.443984259642745
1773758369.3721547,1773758369372161753,SR03_gC_eps15_IMG1_LID1_STA1_CFC64_OH0,0317_1538,C,0.5040578842163086,0.37451544404029846,0.5,0.5,-1.5083052656057547,30.171034226590564,2.2720752347156985,13.396925805864253
1773758369.504155,1773758369504161870,SR03_gC_eps15_IMG1_LID1_STA1_CFC64_OH0,0317_1538,C,0.5022158622741699,0.2908666431903839,0.5,0.5,-1.5579936345323973,30.227192199063218,2.3189156541601106,13.32541665058896
1773758369.6381187,1773758369638125350,SR03_gC_eps15_IMG1_LID1_STA1_CFC64_OH0,0317_1538,C,0.4733003079891205,0.5052868723869324,0.5,0.5,-1.592637997635029,30.26324098562642,2.353745612385488,13.277174910187851
1773758369.7650573,1773758369765068256,SR03_gC_eps15_IMG1_LID1_STA1_CFC64_OH0,0317_1538,C,0.5058343410491943,0.2796507179737091,0.5,0.5,-1.6470642234032937,30.314681904769277,2.4130926711824885,13.2040720260951
1773758369.8906133,1773758369890622268,SR03_gC_eps15_IMG1_LID1_STA1_CFC64_OH0,0317_1538,C,0.49477100372314453,0.37192386388778687,0.5,0.5,-1.6848779454767984,30.347391627351723,2.4437075799288404,13.154844077541142
1773758370.0206497,1773758370020656877,SR03_gC_eps15_IMG1_LID1_STA1_CFC64_OH0,0317_1538,C,0.5301283597946167,0.48333925008773804,0.5,0.5,-1.743373078508994,30.394260309908276,2.4894014889566973,13.08060938377928
1773758370.154413,1773758370154420347,SR03_gC_eps15_IMG1_LID1_STA1_CFC64_OH0,0317_1538,C,0.4813433885574341,0.3226894438266754,0.5,0.5,-1.804196917518091,30.438097672682186,2.5424485447606813,13.005927552491421
1773758370.2836263,1773758370283633746,SR03_gC_eps15_IMG1_LID1_STA1_CFC64_OH0,0317_1538,C,0.5201674699783325,0.2355029582977295,0.5,0.5,-1.8458811664148664,30.46568189512435,2.571912420708746,12.956002639683664
1773758370.4095595,1773758370409567077,SR03_gC_eps15_IMG1_LID1_STA1_CFC64_OH0,0317_1538,C,0.4957349896430969,0.13186758756637573,0.5,0.0,-1.9100034045532108,30.503826456931503,2.639786127690475,12.881392567436913
1773758370.5360034,1773758370536011456,SR03_gC_eps15_IMG1_LID1_STA1_CFC64_OH0,0317_1538,C,0.48020923137664795,0.05881460756063461,0.5,0.0,-1.9540488142658405,30.52711570522774,2.669350220144197,12.831629534006648
1773758370.664176,1773758370664183854,SR03_gC_eps15_IMG1_LID1_STA1_CFC64_OH0,0317_1538,C,0.4380073547363281,0.04538218677043915,0.5,0.0,-2.0216339641803343,30.559433414007746,2.7236805743401056,12.757018227161504
1773758370.7940686,1773758370794075403,SR03_gC_eps15_IMG1_LID1_STA1_CFC64_OH0,0317_1538,C,0.47019729018211365,0.035878099501132965,0.5,0.0,-2.0677237809637794,30.578613275204823,2.7713288580195434,12.7076010608937
1773758370.9218397,1773758370921846375,SR03_gC_eps15_IMG1_LID1_STA1_CFC64_OH0,0317_1538,C,0.46419867873191833,-0.026777544990181923,0.5,0.0,-2.1341317127295585,30.60223981161801,2.825199353854041,12.638459305474818
1773758371.0517035,1773758371051710680,SR03_gC_eps15_IMG1_LID1_STA1_CFC64_OH0,0317_1538,C,0.3972892165184021,-0.08127816766500473,0.5,0.0,-2.1663607449697415,30.612218478843722,2.863847737688317,12.605671875045987
1773758371.1849377,1773758371184944433,SR03_gC_eps15_IMG1_LID1_STA1_CFC64_OH0,0317_1538,C,0.4338279664516449,-0.039271220564842224,0.5,0.0,-2.1658033702031028,30.612091442989403,2.8830573975098277,12.606215508267484
1773758371.308868,1773758371308874821,SR03_gC_eps15_IMG1_LID1_STA1_CFC64_OH0,0317_1538,C,0.4337138235569,-0.007376560475677252,0.5,0.0,-2.171748270799168,30.613584009433424,2.903391980746963,12.60034670160918
1773758371.4392204,1773758371439227577,SR03_gC_eps15_IMG1_LID1_STA1_CFC64_OH0,0317_1538,C,0.47288453578948975,-0.05897418037056923,0.5,0.0,-2.161735994007449,30.611219190753,2.912886447639432,12.610154592183504
1773758371.5673416,1773758371567348562,SR03_gC_eps15_IMG1_LID1_STA1_CFC64_OH0,0317_1538,C,0.4652348756790161,-0.12517952919006348,0.5,0.0,-2.1154399325755255,30.600743193331848,2.9232215256644865,12.655280692600446
1773758371.6960616,1773758371696069746,SR03_gC_eps15_IMG1_LID1_STA1_CFC64_OH0,0317_1538,C,0.4615286588668823,-0.10916680097579956,0.5,0.0,-2.0868993631418027,30.594478859381567,2.928171144115428,12.683009397883085
1773758371.8198326,1773758371819840466,SR03_gC_eps15_IMG1_LID1_STA1_CFC64_OH0,0317_1538,C,0.47022706270217896,-0.08868366479873657,0.5,0.0,-2.079028758525063,30.59277759449915,2.9336127851808804,12.69064388162327
1773758371.9513311,1773758371951339256,SR03_gC_eps15_IMG1_LID1_STA1_CFC64_OH0,0317_1538,C,0.4454318583011627,-0.05984271690249443,0.5,0.0,-2.087689961581987,30.594595127812852,2.936250002596138,12.682270469452897
1773758372.0841076,1773758372084115653,SR03_gC_eps15_IMG1_LID1_STA1_CFC64_OH0,0317_1538,C,0.4794611930847168,-0.23270423710346222,0.5,-0.5,-2.070415598876336,30.591031824815026,2.938929303732987,12.69893997964911
1773758372.215084,1773758372215092732,SR03_gC_eps15_IMG1_LID1_STA1_CFC64_OH0,0317_1538,C,0.48353350162506104,-0.20948901772499084,0.5,-0.5,-2.017314420054899,30.580176274467792,2.9406769159758195,12.750148225967827
1773758372.3407595,1773758372340766615,SR03_gC_eps15_IMG1_LID1_STA1_CFC64_OH0,0317_1538,C,0.4945407807826996,-0.14057987928390503,0.5,0.0,-1.9901749321225726,30.57466005698796,2.941532916912069,12.776313523155947
1773758372.4728518,1773758372472858528,SR03_gC_eps15_IMG1_LID1_STA1_CFC64_OH0,0317_1538,C,0.43231990933418274,-0.16727742552757263,0.5,-0.5,-1.984424152657344,30.573493710124406,2.942471523220698,12.781857417451505
1773758372.604045,1773758372604054269,SR03_gC_eps15_IMG1_LID1_STA1_CFC64_OH0,0317_1538,C,0.34093961119651794,-0.015234904363751411,0.5,0.0,-2.008310784528494,30.57833421013907,2.9401644959373248,12.758834085861512
1773758372.7344785,1773758372734485825,SR03_gC_eps15_IMG1_LID1_STA1_CFC64_OH0,0317_1538,C,0.4163212180137634,-0.1664966493844986,0.5,-0.5,-2.025438848375196,30.581854177540386,2.936500236855951,12.742303137287333
1773758372.8632314,1773758372863238186,SR03_gC_eps15_IMG1_LID1_STA1_CFC64_OH0,0317_1538,C,0.21607322990894318,-0.14970600605010986,0.5,0.0,-2.0511057863618336,30.587355305427096,2.924689547862855,12.717420257986708
1773758372.9904845,1773758372990490717,SR03_gC_eps15_IMG1_LID1_STA1_CFC64_OH0,0317_1538,C,0.3642154932022095,-0.13670596480369568,0.5,0.0,-2.0681818208652234,30.591183828370607,2.9175986136424354,12.70078276047831
1773758373.1209717,1773758373120980636,SR03_gC_eps15_IMG1_LID1_STA1_CFC64_OH0,0317_1538,C,0.2872486710548401,-0.1420595645904541,0.5,0.0,-2.0937541224389618,30.597109736734776,2.909937861333363,12.675773124051815
1773758373.2539907,1773758373253997661,SR03_gC_eps15_IMG1_LID1_STA1_CFC64_OH0,0317_1538,C,0.3049071133136749,-0.21594282984733582,0.5,-0.5,-2.1107747972212594,30.60117737055509,2.9040831620829373,12.659066599715825
1773758373.3834941,1773758373383501210,SR03_gC_eps15_IMG1_LID1_STA1_CFC64_OH0,0317_1538,C,0.40327292680740356,-0.024561334401369095,0.5,0.0,-2.1362628240552732,30.607362195286264,2.9027713804976676,12.63400506136945
1773758373.5120618,1773758373512071484,SR03_gC_eps15_IMG1_LID1_STA1_CFC64_OH0,0317_1538,C,0.48790737986564636,-0.16598889231681824,0.5,-0.5,-2.157642486818273,30.612652562076125,2.894319163570791,12.612934279199866
1773758373.6385062,1773758373638515899,SR03_gC_eps15_IMG1_LID1_STA1_CFC64_OH0,0317_1538,C,0.19539931416511536,-0.1100962832570076,0.0,0.0,-2.153493406316503,30.611588705833604,2.889968640937715,12.61704221218671
1773758373.7685156,1773758373768525166,SR03_gC_eps15_IMG1_LID1_STA1_CFC64_OH0,0317_1538,C,0.42424485087394714,0.0692528709769249,0.5,0.0,-2.115826212936124,30.601786332826933,2.8851301375758562,12.654414972431622
1773758373.8993866,1773758373899395715,SR03_gC_eps15_IMG1_LID1_STA1_CFC64_OH0,0317_1538,C,0.3900536894798279,-0.18189464509487152,0.5,-0.5,-2.0829993375863682,30.593138537854454,2.882794752463602,12.687046539102292
1773758374.0320942,1773758374032102209,SR03_gC_eps15_IMG1_LID1_STA1_CFC64_OH0,0317_1538,C,0.249894380569458,-0.2097608596086502,0.5,-0.5,-2.0681975371218595,30.589208128263056,2.8803247135236316,12.701778403998395
1773758374.1599255,1773758374159932110,SR03_gC_eps15_IMG1_LID1_STA1_CFC64_OH0,0317_1538,C,0.3496638238430023,-0.24461586773395538,0.5,-0.5,-2.0882497937753777,30.59460104387834,2.8764158372065984,12.681786294626864
1773758374.2880507,1773758374288057577,SR03_gC_eps15_IMG1_LID1_STA1_CFC64_OH0,0317_1538,C,0.4259057641029358,-0.09090366214513779,0.5,0.0,-2.104909087957838,30.59917662980462,2.870624026315793,12.665130171454491
1773758374.4169726,1773758374416980562,SR03_gC_eps15_IMG1_LID1_STA1_CFC64_OH0,0317_1538,C,0.4782492220401764,-0.1680409163236618,0.5,-0.5,-2.111108683700012,30.600913518287193,2.863956031297991,12.658914718511346
1773758374.540598,1773758374540608634,SR03_gC_eps15_IMG1_LID1_STA1_CFC64_OH0,0317_1538,C,0.25882306694984436,0.027434971183538437,0.5,0.0,-2.1243527310894423,30.604709555839836,2.86246587926808,12.645593743425826
1773758374.6687295,1773758374668736406,SR03_gC_eps15_IMG1_LID1_STA1_CFC64_OH0,0317_1538,C,0.31139466166496277,-0.1371902972459793,0.5,0.0,-2.162766609069561,30.61588386683715,2.8556490667771737,12.60687820411671
1773758374.7957058,1773758374795711564,SR03_gC_eps15_IMG1_LID1_STA1_CFC64_OH0,0317_1538,C,0.36040472984313965,-0.16221138834953308,0.5,-0.5,-2.2062032124144393,30.62879197225068,2.847914174164808,12.562970239291959
1773758374.9253645,1773758374925371067,SR03_gC_eps15_IMG1_LID1_STA1_CFC64_OH0,0317_1538,C,0.41473835706710815,-0.006963993422687054,0.5,0.0,-2.2771849365210652,30.651530560891562,2.813579673721624,12.490393498045432
1773758375.057928,1773758375057935045,SR03_gC_eps15_IMG1_LID1_STA1_CFC64_OH0,0317_1538,C,0.4901498258113861,-0.2601490020751953,0.5,-0.5,-2.324307242981385,30.667919846781487,2.801989190652882,12.441558423304947
1773758375.1867328,1773758375186739986,SR03_gC_eps15_IMG1_LID1_STA1_CFC64_OH0,0317_1538,C,0.5038342475891113,-0.09463447332382202,0.5,0.0,-2.3946562201460124,30.69372477442458,2.778529209445442,12.367977781713273
1773758375.319627,1773758375319634083,SR03_gC_eps15_IMG1_LID1_STA1_CFC64_OH0,0317_1538,C,0.5309668183326721,0.05878331512212753,0.5,0.0,-2.464514779960889,30.72027927542991,2.7774086185259654,12.294445587806871
1773758375.447121,1773758375447128604,SR03_gC_eps15_IMG1_LID1_STA1_CFC64_OH0,0317_1538,C,0.5168812274932861,0.10218200832605362,0.5,0.0,-2.5110552477191215,30.738373341295556,2.7639617248020056,12.245257053554926
1773758375.5792823,1773758375579288458,SR03_gC_eps15_IMG1_LID1_STA1_CFC64_OH0,0317_1538,C,0.5197532773017883,-0.04877256602048874,0.5,0.0,-2.580399393072165,30.766855378101184,2.7407739235637,12.171189198000036
1773758375.713388,1773758375713395387,SR03_gC_eps15_IMG1_LID1_STA1_CFC64_OH0,0317_1538,C,0.4932878017425537,-0.14973893761634827,0.5,0.0,-2.6263373533177323,30.78638252116525,2.7392327733754502,12.121786069986578
1773758375.8389812,1773758375838988356,SR03_gC_eps15_IMG1_LID1_STA1_CFC64_OH0,0317_1538,C,0.4632962942123413,0.011600609868764877,0.5,0.0,-2.694448079957791,30.81609151237941,2.717580242678027,12.048152125243456
1773758375.966582,1773758375966590203,SR03_gC_eps15_IMG1_LID1_STA1_CFC64_OH0,0317_1538,C,0.4904976487159729,0.08505885303020477,0.5,0.0,-2.762491047258077,30.847337850967506,2.7081242789929947,11.973784351071705
1773758376.094847,1773758376094853667,SR03_gC_eps15_IMG1_LID1_STA1_CFC64_OH0,0317_1538,C,0.4686256945133209,0.10623900592327118,0.5,0.0,-2.8079196453211,30.868197337525995,2.7147955847083267,11.924137593521799
1773758376.2245388,1773758376224545229,SR03_gC_eps15_IMG1_LID1_STA1_CFC64_OH0,0317_1538,C,0.4755235016345978,-8.333055302500725e-05,0.5,0.0,-2.8763202518759243,30.89870118284808,2.726817100149222,11.849862460676595
1773758376.3543236,1773758376354329750,SR03_gC_eps15_IMG1_LID1_STA1_CFC64_OH0,0317_1538,C,0.4659043848514557,0.0037056519649922848,0.5,0.0,-2.9220165822731468,30.91895223324116,2.7220017993176677,11.80031251083327
1773758376.4880545,1773758376488068483,SR03_gC_eps15_IMG1_LID1_STA1_CFC64_OH0,0317_1538,C,0.5107680559158325,0.1935163289308548,0.5,0.0,-2.9901107892372782,30.950153351827442,2.7018622419394003,11.725947465521815
1773758376.6173048,1773758376617312152,SR03_gC_eps15_IMG1_LID1_STA1_CFC64_OH0,0317_1538,C,0.44840124249458313,-0.04052450507879257,0.5,0.0,-3.0578648685553316,30.98201227209228,2.70504162201207,11.651534997774194
1773758376.743567,1773758376743574295,SR03_gC_eps15_IMG1_LID1_STA1_CFC64_OH0,0317_1538,C,0.45079144835472107,-0.06920094043016434,0.5,0.0,-3.1032649958159912,31.002960137160034,2.7135474922027427,11.6018859602259
1773758376.8665838,1773758376866592906,SR03_gC_eps15_IMG1_LID1_STA1_CFC64_OH0,0317_1538,C,0.4689328372478485,-0.08939040452241898,0.5,0.0,-3.171711434153732,31.033538255112646,2.7283838952122013,11.527565587660748
1773758376.9957962,1773758376995810357,SR03_gC_eps15_IMG1_LID1_STA1_CFC64_OH0,0317_1538,C,0.49110737442970276,0.03330662101507187,0.5,0.0,-3.217479824872539,31.05360059690504,2.7284739835769747,11.478075913875216
1773758377.1244493,1773758377124455306,SR03_gC_eps15_IMG1_LID1_STA1_CFC64_OH0,0317_1538,C,0.4920404553413391,0.017333142459392548,0.5,0.0,-3.2861775755791243,31.083694087787677,2.7289919378002114,11.403810886886673
1773758377.256387,1773758377256393710,SR03_gC_eps15_IMG1_LID1_STA1_CFC64_OH0,0317_1538,C,0.5152835249900818,0.14191299676895142,0.5,0.0,-3.3318598686590875,31.103393397256742,2.742492437020531,11.354596062339237
1773758377.3835979,1773758377383605077,SR03_gC_eps15_IMG1_LID1_STA1_CFC64_OH0,0317_1538,C,0.5046018958091736,0.04213768616318703,0.5,0.0,-3.4007523483526234,31.132328677466255,2.7411262898448165,11.280792398717743
1773758377.514759,1773758377514767211,SR03_gC_eps15_IMG1_LID1_STA1_CFC64_OH0,0317_1538,C,0.4886847138404846,0.2072506546974182,0.5,0.5,-3.4696620808378573,31.161932598053628,2.729938605572418,11.206633274558259
1773758377.6403635,1773758377640371929,SR03_gC_eps15_IMG1_LID1_STA1_CFC64_OH0,0317_1538,C,0.49688830971717834,0.11410992592573166,0.5,0.0,-3.5153852378763326,31.18213793517065,2.721401649286473,11.157135998205877
1773758377.7728775,1773758377772885007,SR03_gC_eps15_IMG1_LID1_STA1_CFC64_OH0,0317_1538,C,0.46631699800491333,0.2150551676750183,0.5,0.5,-3.5838537202398637,31.212592362014455,2.7252215676765448,11.082919503938781
1773758377.9029024,1773758377902910235,SR03_gC_eps15_IMG1_LID1_STA1_CFC64_OH0,0317_1538,C,0.5032351016998291,0.2397051304578781,0.5,0.5,-3.629599352773967,31.232774932737563,2.726954880034975,11.033426219919592
1773758378.0329127,1773758378032920078,SR03_gC_eps15_IMG1_LID1_STA1_CFC64_OH0,0317_1538,C,0.48514804244041443,0.20860634744167328,0.5,0.5,-3.6983372531183814,31.262422136740703,2.7419394068116487,10.959426174444031
1773758378.1615665,1773758378161573445,SR03_gC_eps15_IMG1_LID1_STA1_CFC64_OH0,0317_1538,C,0.5455807447433472,-0.0644465908408165,0.5,0.0,-3.744427976421975,31.281774853327505,2.746516987484446,10.91009333407902
1773758378.2929163,1773758378292921958,SR03_gC_eps15_IMG1_LID1_STA1_CFC64_OH0,0317_1538,C,0.4695407748222351,-0.05552232265472412,0.5,0.0,-3.813826281356128,31.309658040841718,2.7736590427282244,10.836493247443261
1773758378.4193904,1773758378419396715,SR03_gC_eps15_IMG1_LID1_STA1_CFC64_OH0,0317_1538,C,0.4589023292064667,0.019372912123799324,0.5,0.0,-3.883976672445866,31.33598996231457,2.7935092066558687,10.763100863545459
1773758378.5426867,1773758378542694770,SR03_gC_eps15_IMG1_LID1_STA1_CFC64_OH0,0317_1538,C,0.45168551802635193,0.009774299338459969,0.5,0.0,-3.9311580317922594,31.35253752989546,2.815261166671503,10.714372192298626
1773758378.6698642,1773758378669871553,SR03_gC_eps15_IMG1_LID1_STA1_CFC64_OH0,0317_1538,C,0.45821452140808105,-0.04349081590771675,0.5,0.0,-4.002614744793096,31.375304776079158,2.850283933498774,10.641823707200075
1773758378.7999258,1773758378799934521,SR03_gC_eps15_IMG1_LID1_STA1_CFC64_OH0,0317_1538,C,0.4460798501968384,-0.020474806427955627,0.5,0.0,-4.0506544860949525,31.38916451142212,2.871144534637258,10.5938458002944
1773758378.9304032,1773758378930412192,SR03_gC_eps15_IMG1_LID1_STA1_CFC64_OH0,0317_1538,C,0.46552592515945435,-0.0904352217912674,0.5,0.0,-4.1226415597805754,31.408704268139644,2.8745430506906766,10.52264864774145
1773758379.0564184,1773758379056424691,SR03_gC_eps15_IMG1_LID1_STA1_CFC64_OH0,0317_1538,C,0.4268586039543152,-0.07315689325332642,0.5,0.0,-4.1708218892697,31.42202848284189,2.8693829287845585,10.474890343490474
1773758379.1863127,1773758379186321176,SR03_gC_eps15_IMG1_LID1_STA1_CFC64_OH0,0317_1538,C,0.3737456798553467,0.023296870291233063,0.5,0.0,-4.243067429624938,31.44209029172059,2.8719187182036268,10.403272263588276
1773758379.3120887,1773758379312095870,SR03_gC_eps15_IMG1_LID1_STA1_CFC64_OH0,0317_1538,C,0.439177542924881,0.005060889292508364,0.5,0.0,-4.291266819829506,31.455387594749276,2.872896146697311,10.355565268745668
1773758379.4389024,1773758379438909802,SR03_gC_eps15_IMG1_LID1_STA1_CFC64_OH0,0317_1538,C,0.42129164934158325,-0.1251220554113388,0.5,0.0,-4.363512519345557,31.475483147005395,2.867289199782229,10.284008897085227
1773758379.5652232,1773758379565230619,SR03_gC_eps15_IMG1_LID1_STA1_CFC64_OH0,0317_1538,C,0.4070919454097748,-0.02489032968878746,0.5,0.0,-4.4356438767833835,31.4959117297403,2.862520648857652,10.212415492677774
1773758379.6937149,1773758379693721750,SR03_gC_eps15_IMG1_LID1_STA1_CFC64_OH0,0317_1538,C,0.45396095514297485,0.026470348238945007,0.5,0.0,-4.483646514041068,31.509902063866182,2.8534771451431125,10.164581266267508
1773758379.8172193,1773758379817228782,SR03_gC_eps15_IMG1_LID1_STA1_CFC64_OH0,0317_1538,C,0.45690298080444336,-0.00240266602486372,0.5,0.0,-4.555405838832634,31.531553936087963,2.8464230841733245,10.092707455043211
1773758379.9487479,1773758379948756092,SR03_gC_eps15_IMG1_LID1_STA1_CFC64_OH0,0317_1538,C,0.45848897099494934,-0.07508867979049683,0.5,0.0,-4.603260244978335,31.546043739760044,2.848570417092037,10.044773787912833
1773758380.078892,1773758380078899566,SR03_gC_eps15_IMG1_LID1_STA1_CFC64_OH0,0317_1538,C,0.45546311140060425,-0.04217512533068657,0.5,0.0,-4.675007316309917,31.56767289935173,2.847409073705249,9.972998435286975
1773758380.2085414,1773758380208547309,SR03_gC_eps15_IMG1_LID1_STA1_CFC64_OH0,0317_1538,C,0.4459294080734253,-0.035221297293901443,0.5,0.0,-4.722730278504958,31.582451262192663,2.8350440302732505,9.925065705747558
1773758380.3432908,1773758380343297808,SR03_gC_eps15_IMG1_LID1_STA1_CFC64_OH0,0317_1538,C,0.45504888892173767,-0.08970845490694046,0.5,0.0,-4.794117439936455,31.60526219961121,2.8307551021255524,9.853011034133154
1773758380.4757402,1773758380475747594,SR03_gC_eps15_IMG1_LID1_STA1_CFC64_OH0,0317_1538,C,0.45313760638237,-0.09816894680261612,0.5,0.0,-4.865560740824814,31.628084353469276,2.8329932737826953,9.780946904856647
1773758380.6064477,1773758380606454322,SR03_gC_eps15_IMG1_LID1_STA1_CFC64_OH0,0317_1538,C,0.4690970182418823,-0.07214093953371048,0.5,0.0,-4.913162430722729,31.643277139954098,2.831012519830823,9.732963617342756
1773758380.739713,1773758380739720012,SR03_gC_eps15_IMG1_LID1_STA1_CFC64_OH0,0317_1538,C,0.46479642391204834,-0.07078873366117477,0.5,0.0,-4.9844500399784915,31.66658011864909,2.821394890239335,9.660833809093276
1773758380.8727648,1773758380872772224,SR03_gC_eps15_IMG1_LID1_STA1_CFC64_OH0,0317_1538,C,0.47577276825904846,-0.02503661811351776,0.5,0.0,-5.031875424245214,31.682417698567974,2.8172469188892255,9.612684521187338
1773758381.0047016,1773758381004708208,SR03_gC_eps15_IMG1_LID1_STA1_CFC64_OH0,0317_1538,C,0.49258410930633545,-0.0311820600181818,0.5,0.0,-5.102887373087647,31.706512826448087,2.8105081513956427,9.54040979778932
1773758381.1311872,1773758381131198149,SR03_gC_eps15_IMG1_LID1_STA1_CFC64_OH0,0317_1538,C,0.4900599718093872,-0.01748090423643589,0.5,0.0,-5.173646195791051,31.731374426903002,2.7966288893948144,9.467953340768908
1773758381.2663305,1773758381266338738,SR03_gC_eps15_IMG1_LID1_STA1_CFC64_OH0,0317_1538,C,0.4813637137413025,-0.06892935186624527,0.5,0.0,-5.220617732598719,31.748510803451957,2.787332551702825,9.419518930527698
1773758381.4020329,1773758381402047701,SR03_gC_eps15_IMG1_LID1_STA1_CFC64_OH0,0317_1538,C,0.4806477725505829,-0.06077975034713745,0.5,0.0,-5.290818453206695,31.77490783800195,2.7765519920251935,9.346716613915195
1773758381.5328374,1773758381532844864,SR03_gC_eps15_IMG1_LID1_STA1_CFC64_OH0,0317_1538,C,0.4867733120918274,-0.056386228650808334,0.5,0.0,-5.360732712050641,31.80202391613144,2.7681603636736494,9.273775817600484
1773758381.6662855,1773758381666292676,SR03_gC_eps15_IMG1_LID1_STA1_CFC64_OH0,0317_1538,C,0.4943394660949707,-0.11319732666015625,0.5,0.0,-5.407263635104989,31.820323410869225,2.765533801579289,9.22510484982192
1773758381.7931101,1773758381793118097,SR03_gC_eps15_IMG1_LID1_STA1_CFC64_OH0,0317_1538,C,0.4890163242816925,-0.037649862468242645,0.5,0.0,-5.47695904954922,31.84802790725852,2.7612675243344635,9.152062260966424
1773758381.916686,1773758381916693157,SR03_gC_eps15_IMG1_LID1_STA1_CFC64_OH0,0317_1538,C,0.48920491337776184,-0.02495761588215828,0.5,0.0,-5.5233699991996215,31.86662959532203,2.7595194365437092,9.103352486388737
1773758382.0426016,1773758382042608369,SR03_gC_eps15_IMG1_LID1_STA1_CFC64_OH0,0317_1538,C,0.49176543951034546,-0.035659417510032654,0.5,0.0,-5.592809891348883,31.89493759759739,2.749486577191454,9.030226100892657
1773758382.1761646,1773758382176171812,SR03_gC_eps15_IMG1_LID1_STA1_CFC64_OH0,0317_1538,C,0.4861038625240326,-0.05671485885977745,0.5,0.0,-5.638956854109582,31.914184670449544,2.74340861161437,8.981396292181453
1773758382.3067024,1773758382306710324,SR03_gC_eps15_IMG1_LID1_STA1_CFC64_OH0,0317_1538,C,0.4662243127822876,-0.08582404255867004,0.5,0.0,-5.707963131664627,31.94356321965965,2.7348628174982044,8.908058163900105
1773758382.4333994,1773758382433406237,SR03_gC_eps15_IMG1_LID1_STA1_CFC64_OH0,0317_1538,C,0.4801785349845886,-0.09311884641647339,0.5,0.0,-5.776560136154662,31.973782412580178,2.7191914795662875,8.834596281135743
1773758382.5601285,1773758382560136083,SR03_gC_eps15_IMG1_LID1_STA1_CFC64_OH0,0317_1538,C,0.4859640300273895,-0.21698454022407532,0.5,-0.5,-5.822127322825605,31.994364646935747,2.71568032160358,8.785517268557175
1773758382.686325,1773758382686333049,SR03_gC_eps15_IMG1_LID1_STA1_CFC64_OH0,0317_1538,C,0.4853364825248718,-0.270370215177536,0.5,-0.5,-5.890367039289415,32.02548269237386,2.7115086213662725,8.71186695694645
1773758382.81137,1773758382811377779,SR03_gC_eps15_IMG1_LID1_STA1_CFC64_OH0,0317_1538,C,0.4846101999282837,-0.16979080438613892,0.5,-0.5,-5.935776305751636,32.04641103566063,2.70794268549684,8.662741617134765
1773758382.9387314,1773758382938738151,SR03_gC_eps15_IMG1_LID1_STA1_CFC64_OH0,0317_1538,C,0.495137482881546,-0.18724341690540314,0.5,-0.5,-6.003698048890595,32.07821670180439,2.698853324519824,8.588988276759158
1773758383.0623286,1773758383062335523,SR03_gC_eps15_IMG1_LID1_STA1_CFC64_OH0,0317_1538,C,0.49583593010902405,-0.14058120548725128,0.5,0.0,-6.048784645172397,32.09983112223596,2.6902709360277517,8.539750153041874
1773758383.18891,1773758383188916866,SR03_gC_eps15_IMG1_LID1_STA1_CFC64_OH0,0317_1538,C,0.49557340145111084,-0.14745186269283295,0.5,0.0,-6.116046692137392,32.13300829883303,2.6763760854120133,8.465766936948318
1773758383.3140762,1773758383314082975,SR03_gC_eps15_IMG1_LID1_STA1_CFC64_OH0,0317_1538,C,0.4920751452445984,-0.23988713324069977,0.5,-0.5,-6.1604278216266195,32.15579063680433,2.6568088659546034,8.416439634699543
1773758383.4390147,1773758383439021580,SR03_gC_eps15_IMG1_LID1_STA1_CFC64_OH0,0317_1538,C,0.49103158712387085,-0.17792530357837677,0.5,-0.5,-6.226022667603359,32.19203133712327,2.61774003535695,8.342041923242078
1773758383.5730567,1773758383573090313,SR03_gC_eps15_IMG1_LID1_STA1_CFC64_OH0,0317_1538,C,0.5004218220710754,-0.2410658299922943,0.5,-0.5,-6.269103179697884,32.21740866996546,2.600760954645901,8.292261658045085
1773758383.7059438,1773758383705949997,SR03_gC_eps15_IMG1_LID1_STA1_CFC64_OH0,0317_1538,C,0.5014082193374634,-0.24445754289627075,0.5,-0.5,-6.332855225939613,32.256909391072725,2.572849027242349,8.217457895914482
1773758383.835861,1773758383835872979,SR03_gC_eps15_IMG1_LID1_STA1_CFC64_OH0,0317_1538,C,0.48923513293266296,0.034144528210163116,0.5,0.0,-6.395607289258779,32.2979628679036,2.5515868397091643,8.14255555141216
1773758383.9612143,1773758383961221820,SR03_gC_eps15_IMG1_LID1_STA1_CFC64_OH0,0317_1538,C,0.4772672951221466,0.12091980874538422,0.5,0.0,-6.436917783272947,32.32607066765917,2.535940744973314,8.092612010492802
1773758384.089464,1773758384089471111,SR03_gC_eps15_IMG1_LID1_STA1_CFC64_OH0,0317_1538,C,0.489673376083374,-0.006605170667171478,0.5,0.0,-6.497777823552964,32.36981704465679,2.502393954094741,8.017661466394422
1773758384.2224026,1773758384222415869,SR03_gC_eps15_IMG1_LID1_STA1_CFC64_OH0,0317_1538,C,0.48240572214126587,-0.10960684716701508,0.5,0.0,-6.537639058295244,32.40000008100903,2.4846014523406392,7.967672698575717
1773758384.352333,1773758384352340543,SR03_gC_eps15_IMG1_LID1_STA1_CFC64_OH0,0317_1538,C,0.47719407081604004,-0.11472362279891968,0.5,0.0,-6.596175803313557,32.446826992179545,2.448759371296827,7.892795085465643
1773758384.4803033,1773758384480311753,SR03_gC_eps15_IMG1_LID1_STA1_CFC64_OH0,0317_1538,C,0.4702065885066986,-0.010985340923070908,0.5,0.0,-6.6529303925814,32.49568462466276,2.415738779497733,7.818172442972521
1773758384.6102371,1773758384610243691,SR03_gC_eps15_IMG1_LID1_STA1_CFC64_OH0,0317_1538,C,0.4684561789035797,0.048619065433740616,0.5,0.0,-6.690076055308852,32.52869786163644,2.4166098414309154,7.768728216331314
1773758384.7393317,1773758384739338925,SR03_gC_eps15_IMG1_LID1_STA1_CFC64_OH0,0317_1538,C,0.47771233320236206,0.01109757088124752,0.5,0.0,-6.746598558166214,32.57789771961476,2.433358078966321,7.694102906121525
1773758384.8667986,1773758384866805617,SR03_gC_eps15_IMG1_LID1_STA1_CFC64_OH0,0317_1538,C,0.4629000425338745,-0.026564698666334152,0.5,0.0,-6.784537369670262,32.61039093337763,2.4330517174850796,7.644326639039771
1773758384.997849,1773758384997855919,SR03_gC_eps15_IMG1_LID1_STA1_CFC64_OH0,0317_1538,C,0.48544231057167053,-0.2766786813735962,0.5,-0.5,-6.841131821625432,32.659507203077695,2.4186227248954895,7.569701599607923
1773758385.1248407,1773758385124847123,SR03_gC_eps15_IMG1_LID1_STA1_CFC64_OH0,0317_1538,C,0.4957292377948761,-0.2447596788406372,0.5,-0.5,-6.878425757835856,32.692793952910755,2.407559905437842,7.5199925501380065
1773758385.2630637,1773758385263071900,SR03_gC_eps15_IMG1_LID1_STA1_CFC64_OH0,0317_1538,C,0.48128312826156616,-0.1760234385728836,0.5,-0.5,-6.934013557694043,32.743063181008566,2.406470060332562,7.445525643256526
1773758385.3930945,1773758385393102245,SR03_gC_eps15_IMG1_LID1_STA1_CFC64_OH0,0317_1538,C,0.5011967420578003,-0.2175540030002594,0.5,-0.5,-6.9898169031588715,32.793171201448025,2.4122657145218653,7.370986773705006
1773758385.5257475,1773758385525754752,SR03_gC_eps15_IMG1_LID1_STA1_CFC64_OH0,0317_1538,C,0.48854419589042664,-0.21834513545036316,0.5,-0.5,-7.027113468829175,32.82646739002348,2.4130106253316606,7.321285996935143
1773758385.6526423,1773758385652650032,SR03_gC_eps15_IMG1_LID1_STA1_CFC64_OH0,0317_1538,C,0.5051664113998413,-0.2956174910068512,0.5,-0.5,-7.082917709382796,32.876480551938066,2.4071517462257277,7.246817098408921
1773758385.7827466,1773758385782754492,SR03_gC_eps15_IMG1_LID1_STA1_CFC64_OH0,0317_1538,C,0.48509928584098816,-0.1760183423757553,0.5,-0.5,-7.137445565425177,32.927375593309755,2.3717817291283994,7.172888516073951
1773758385.9117846,1773758385911791710,SR03_gC_eps15_IMG1_LID1_STA1_CFC64_OH0,0317_1538,C,0.49212807416915894,-0.2591451108455658,0.5,-0.5,-7.17290979233992,32.96260125416706,2.3477595825165047,7.1235863810838325
1773758386.036092,1773758386036099295,SR03_gC_eps15_IMG1_LID1_STA1_CFC64_OH0,0317_1538,C,0.48973047733306885,-0.24706313014030457,0.5,-0.5,-7.224767419836897,33.01676465878956,2.3202001294591814,7.049982084342452
1773758386.1629627,1773758386162973133,SR03_gC_eps15_IMG1_LID1_STA1_CFC64_OH0,0317_1538,C,0.4653252363204956,-0.3821582496166229,0.5,-0.5,-7.258426692110078,33.0537370059199,2.2984447658130924,7.001179170122937
1773758386.2944252,1773758386294432639,SR03_gC_eps15_IMG1_LID1_STA1_CFC64_OH0,0317_1538,C,0.4487058222293854,-0.2919754385948181,0.5,-0.5,-7.3073404196686855,33.1105273553536,2.2633094554582405,6.92853528077222
1773758386.4225864,1773758386422593490,SR03_gC_eps15_IMG1_LID1_STA1_CFC64_OH0,0317_1538,C,0.45129257440567017,-0.15170401334762573,0.5,-0.5,-7.338683314313571,33.14946431702091,2.2342534262678413,6.880558186658506
1773758386.553848,1773758386553855075,SR03_gC_eps15_IMG1_LID1_STA1_CFC64_OH0,0317_1538,C,0.45565760135650635,-0.17754560708999634,0.5,-0.5,-7.383981982213869,33.20909764348029,2.205699588603368,6.809360675760871
1773758386.6833613,1773758386683367707,SR03_gC_eps15_IMG1_LID1_STA1_CFC64_OH0,0317_1538,C,0.44393622875213623,-0.1599975973367691,0.5,-0.5,-7.413112059588692,33.249733813030936,2.1797851318550374,6.762322569177472
1773758386.8129334,1773758386812941069,SR03_gC_eps15_IMG1_LID1_STA1_CFC64_OH0,0317_1538,C,0.41761499643325806,0.021043948829174042,0.5,0.0,-7.4548497181927615,33.312025108090786,2.142267734870657,6.692711424928761
1773758386.9429197,1773758386942926641,SR03_gC_eps15_IMG1_LID1_STA1_CFC64_OH0,0317_1538,C,0.4353366792201996,-0.026552686467766762,0.5,0.0,-7.493615610789448,33.37604045811196,2.089010219399727,6.624717969457148
1773758387.0718954,1773758387071902423,SR03_gC_eps15_IMG1_LID1_STA1_CFC64_OH0,0317_1538,C,0.4583035707473755,-0.2683059871196747,0.5,-0.5,-7.517744501034143,33.4198310815442,2.0598127165390694,6.580277789573608
1773758387.1994915,1773758387199498844,SR03_gC_eps15_IMG1_LID1_STA1_CFC64_OH0,0317_1538,C,0.5042939782142639,-0.2792952358722687,0.5,-0.5,-7.552064031811285,33.48641969257397,2.034909681668122,6.514834132504125
1773758387.3316607,1773758387331669694,SR03_gC_eps15_IMG1_LID1_STA1_CFC64_OH0,0317_1538,C,0.49815475940704346,-0.23640470206737518,0.5,-0.5,-7.574047855980091,33.53132677259677,2.01733062562477,6.471786397024431
1773758387.46093,1773758387460937308,SR03_gC_eps15_IMG1_LID1_STA1_CFC64_OH0,0317_1538,C,0.4964982271194458,-0.27004122734069824,0.5,-0.5,-7.605607092913481,33.59929196110514,1.9954823797489751,6.408265430565888
1773758387.5870507,1773758387587058163,SR03_gC_eps15_IMG1_LID1_STA1_CFC64_OH0,0317_1538,C,0.4556242823600769,-0.23333239555358887,0.5,-0.5,-7.636493087468131,33.66751036271853,1.995546726255285,6.345425170900351
1773758387.7153952,1773758387715402867,SR03_gC_eps15_IMG1_LID1_STA1_CFC64_OH0,0317_1538,C,0.4972553253173828,-0.19114501774311066,0.5,-0.5,-7.6570317349178545,33.713084713833545,1.9925231073104406,6.303670913496604
1773758387.8416781,1773758387841686168,SR03_gC_eps15_IMG1_LID1_STA1_CFC64_OH0,0317_1538,C,0.5045011639595032,-0.19739386439323425,0.5,-0.5,-7.686603777378612,33.781539627308454,1.959600355437531,6.242266687415947
1773758387.9704654,1773758387970471925,SR03_gC_eps15_IMG1_LID1_STA1_CFC64_OH0,0317_1538,C,0.5214471817016602,-0.30912721157073975,0.5,-0.5,-7.7049093302381655,33.82806643549405,1.9316708777169411,6.20222451646708
1773758388.095328,1773758388095335827,SR03_gC_eps15_IMG1_LID1_STA1_CFC64_OH0,0317_1538,C,0.48497140407562256,-0.3750510513782501,0.5,-0.5,-7.730138756209413,33.898683984730134,1.895898729268932,6.143913847744404
1773758388.226423,1773758388226429454,SR03_gC_eps15_IMG1_LID1_STA1_CFC64_OH0,0317_1538,C,0.48302266001701355,-0.35449114441871643,0.5,-0.5,-7.745468282898144,33.946274472015496,1.8692617277794081,6.106258844158501
1773758388.3554523,1773758388355459764,SR03_gC_eps15_IMG1_LID1_STA1_CFC64_OH0,0317_1538,C,0.4879874885082245,-0.42649170756340027,0.5,-0.5,-7.766272633273338,34.018327404906124,1.835527504842272,6.051663575469084
1773758388.4863017,1773758388486308526,SR03_gC_eps15_IMG1_LID1_STA1_CFC64_OH0,0317_1538,C,0.526178240776062,-0.2235477864742279,0.5,-0.5,-7.778893126420589,34.06670763542662,1.8164130336300106,6.01641957669722
1773758388.6168256,1773758388616833547,SR03_gC_eps15_IMG1_LID1_STA1_CFC64_OH0,0317_1538,C,0.49228301644325256,-0.31050431728363037,0.5,-0.5,-7.796046775332901,34.13970456912853,1.7864847984705836,5.965285378375387
1773758388.7425191,1773758388742525889,SR03_gC_eps15_IMG1_LID1_STA1_CFC64_OH0,0317_1538,C,0.4788709878921509,-0.31444042921066284,0.5,-0.5,-7.810428860273359,34.213187077722964,1.739457209307266,5.916849516803267
1773758388.8729858,1773758388872992194,SR03_gC_eps15_IMG1_LID1_STA1_CFC64_OH0,0317_1538,C,0.5153679847717285,-0.31214579939842224,0.5,-0.5,-7.817895798121064,34.26262341481789,1.7019521614689102,5.886515160999958
1773758389.0057874,1773758389005793854,SR03_gC_eps15_IMG1_LID1_STA1_CFC64_OH0,0317_1538,C,0.46346285939216614,-0.26406440138816833,0.5,-0.5,-7.82571574818274,34.337170332882735,1.647719584229728,5.844322030949556
1773758389.1359768,1773758389135983463,SR03_gC_eps15_IMG1_LID1_STA1_CFC64_OH0,0317_1538,C,0.46762341260910034,-0.3461487293243408,0.5,-0.5,-7.828500267942255,34.387048190460035,1.606776243365338,5.818630023112048
1773758389.2600248,1773758389260030445,SR03_gC_eps15_IMG1_LID1_STA1_CFC64_OH0,0317_1538,C,0.499923437833786,-0.22659887373447418,0.5,-0.5,-7.8298287290639,34.46183155356254,1.5701724227483183,5.783242636795575
1773758389.3871412,1773758389387147689,SR03_gC_eps15_IMG1_LID1_STA1_CFC64_OH0,0317_1538,C,0.45577624440193176,-0.20273849368095398,0.5,-0.5,-7.829021342605885,34.51182302128152,1.539122056884592,5.7615251123149065
1773758389.5153775,1773758389515384291,SR03_gC_eps15_IMG1_LID1_STA1_CFC64_OH0,0317_1538,C,0.46232882142066956,-0.12978121638298035,0.5,0.0,-7.824879769750792,34.58670162033405,1.492001963560785,5.732298955305698
1773758389.6430092,1773758389643016733,SR03_gC_eps15_IMG1_LID1_STA1_CFC64_OH0,0317_1538,C,0.47977808117866516,-0.04423113539814949,0.5,0.0,-7.817239150589345,34.66130473584042,1.4466225728359192,5.707195517487041
1773758389.768754,1773758389768760876,SR03_gC_eps15_IMG1_LID1_STA1_CFC64_OH0,0317_1538,C,0.5070160031318665,-0.1973734349012375,0.5,-0.5,-7.810392087254271,34.71083222429531,1.420216174781116,5.692628410762591
1773758389.9052002,1773758389905206750,SR03_gC_eps15_IMG1_LID1_STA1_CFC64_OH0,0317_1538,C,0.5214313864707947,-0.12921775877475739,0.5,0.0,-7.797292978975214,34.78458308170409,1.3704439091053608,5.674339680249834
1773758390.040127,1773758390040133371,SR03_gC_eps15_IMG1_LID1_STA1_CFC64_OH0,0317_1538,C,0.5339900851249695,-0.1643127053976059,0.5,-0.5,-7.786791014406175,34.83344489781886,1.3481853098340881,5.664410289634748
1773758390.1753595,1773758390175366275,SR03_gC_eps15_IMG1_LID1_STA1_CFC64_OH0,0317_1538,C,0.5125302076339722,-0.10647356510162354,0.5,0.0,-7.769150268484766,34.90632083063096,1.3203804839552413,5.652215440281368
1773758390.3062627,1773758390306270354,SR03_gC_eps15_IMG1_LID1_STA1_CFC64_OH0,0317_1538,C,0.4885353147983551,-0.04495217651128769,0.5,0.0,-7.753907516486608,34.96395093011311,1.3029652704390804,5.644457006856043
1773758390.4381292,1773758390438135624,SR03_gC_eps15_IMG1_LID1_STA1_CFC64_OH0,0317_1538,C,0.5055416226387024,-0.0793323889374733,0.5,0.0,-7.749610260367952,34.979384946813816,1.2940994976674722,5.64268395782796
1773758390.5671473,1773758390567154870,SR03_gC_eps15_IMG1_LID1_STA1_CFC64_OH0,0317_1538,C,0.5256600975990295,-0.04365966469049454,0.5,0.0,-7.75256986211962,34.96927454267981,1.2844955668097486,5.643706242238622
1773758390.6977234,1773758390697731021,SR03_gC_eps15_IMG1_LID1_STA1_CFC64_OH0,0317_1538,C,0.5171737670898438,-0.11723078042268753,0.5,0.0,-7.761870492001534,34.938049406384614,1.277919623945809,5.6468381855373995
1773758390.8289282,1773758390828934696,SR03_gC_eps15_IMG1_LID1_STA1_CFC64_OH0,0317_1538,C,0.48704805970191956,-0.04026207700371742,0.5,0.0,-7.76226221244474,34.93674208473881,1.274854317052323,5.646971222749015
1773758390.9570308,1773758390957043864,SR03_gC_eps15_IMG1_LID1_STA1_CFC64_OH0,0317_1538,C,0.5128614902496338,-0.10361573845148087,0.5,0.0,-7.7553955403631045,34.95908246661047,1.2709037240237782,5.644902788687903
1773758391.0876746,1773758391087680497,SR03_gC_eps15_IMG1_LID1_STA1_CFC64_OH0,0317_1538,C,0.5010595321655273,-0.0616123266518116,0.5,0.0,-7.750212583196049,34.975797333704996,1.269330400567168,5.643460123258397
1773758391.224466,1773758391224473614,SR03_gC_eps15_IMG1_LID1_STA1_CFC64_OH0,0317_1538,C,0.5641327500343323,-0.09312471747398376,0.5,0.0,-7.742366665608281,35.00084734120279,1.2654151666228126,5.641471889418477
1773758391.3548305,1773758391354837136,SR03_gC_eps15_IMG1_LID1_STA1_CFC64_OH0,0317_1538,C,0.5516921281814575,-0.08917615562677383,0.5,0.0,-7.734442307290567,35.025872653704106,1.2620930633395164,5.639687188040594
1773758391.4837801,1773758391483787724,SR03_gC_eps15_IMG1_LID1_STA1_CFC64_OH0,0317_1538,C,0.5182868838310242,-0.1787000596523285,0.5,-0.5,-7.730809935312697,35.03720277738878,1.2582500398348841,5.638960791593056
1773758391.6130676,1773758391613076438,SR03_gC_eps15_IMG1_LID1_STA1_CFC64_OH0,0317_1538,C,0.5206637978553772,-0.09806561470031738,0.5,0.0,-7.735637222953392,35.02242104353731,1.2540321583991418,5.63983117355057
1773758391.7449255,1773758391744931759,SR03_gC_eps15_IMG1_LID1_STA1_CFC64_OH0,0317_1538,C,0.5168056488037109,-0.028975598514080048,0.5,0.0,-7.74564140673802,34.99202355128833,1.251935148668002,5.641683550809405
1773758391.8731234,1773758391873129094,SR03_gC_eps15_IMG1_LID1_STA1_CFC64_OH0,0317_1538,C,0.5279947519302368,-0.038374584168195724,0.5,0.0,-7.758613056632887,34.952863894055106,1.2496820113175524,5.644258844901783
1773758392.0033748,1773758392003382086,SR03_gC_eps15_IMG1_LID1_STA1_CFC64_OH0,0317_1538,C,0.5149760842323303,-0.12434280663728714,0.5,0.0,-7.758185471576463,34.95413083276045,1.2482474647569501,5.644178154698087
1773758392.1359851,1773758392135992641,SR03_gC_eps15_IMG1_LID1_STA1_CFC64_OH0,0317_1538,C,0.5264967083930969,-0.14835235476493835,0.5,0.0,-7.752727661683325,34.97039700844728,1.245026408563425,5.6431405943214346
1773758392.2611763,1773758392261183244,SR03_gC_eps15_IMG1_LID1_STA1_CFC64_OH0,0317_1538,C,0.5223246812820435,-0.13865981996059418,0.5,0.0,-7.74604509163929,34.98993317025031,1.236049138237921,5.642081686410548
1773758392.3918028,1773758392391810464,SR03_gC_eps15_IMG1_LID1_STA1_CFC64_OH0,0317_1538,C,0.5041916966438293,-0.13019855320453644,0.5,0.0,-7.748049155066427,34.9842350867948,1.231489103189461,5.642331707942032
1773758392.522083,1773758392522089721,SR03_gC_eps15_IMG1_LID1_STA1_CFC64_OH0,0317_1538,C,0.4990372061729431,-0.12362954020500183,0.5,0.0,-7.761988847154731,34.94512694472412,1.2263992301652087,5.644050520808671
1773758392.6529179,1773758392652925111,SR03_gC_eps15_IMG1_LID1_STA1_CFC64_OH0,0317_1538,C,0.5299060344696045,-0.06061922013759613,0.5,0.0,-7.775978457073504,34.9063131823948,1.2229663122496808,5.645914815663511
1773758392.789533,1773758392789543319,SR03_gC_eps15_IMG1_LID1_STA1_CFC64_OH0,0317_1538,C,0.5335690975189209,-0.10788817703723907,0.5,0.0,-7.777194485784475,34.90296082004188,1.221368424541162,5.646082808571662
1773758392.9180925,1773758392918098975,SR03_gC_eps15_IMG1_LID1_STA1_CFC64_OH0,0317_1538,C,0.5267897248268127,-0.11703115701675415,0.5,0.0,-7.769622043755894,34.9236145762785,1.2165585001387809,5.645157995275562
1773758393.0474558,1773758393047462970,SR03_gC_eps15_IMG1_LID1_STA1_CFC64_OH0,0317_1538,C,0.5260488390922546,-0.0791182667016983,0.5,0.0,-7.76373650637038,34.93941428766418,1.21174497790251,5.644594162098659
1773758393.1770272,1773758393177034254,SR03_gC_eps15_IMG1_LID1_STA1_CFC64_OH0,0317_1538,C,0.5208313465118408,-0.06571359187364578,0.5,0.0,-7.764551621758817,34.93731589641254,1.2060637450007332,5.644635201601471
1773758393.308672,1773758393308680219,SR03_gC_eps15_IMG1_LID1_STA1_CFC64_OH0,0317_1538,C,0.46848538517951965,0.010478505864739418,0.5,0.0,-7.7794529424926,34.89856763736475,1.202111264521073,5.645693001127481
1773758393.4382205,1773758393438227599,SR03_gC_eps15_IMG1_LID1_STA1_CFC64_OH0,0317_1538,C,0.5223447680473328,-0.05722593143582344,0.5,0.0,-7.79113077044795,34.86842268641741,1.200208087683462,5.646648613775672
1773758393.5692785,1773758393569286444,SR03_gC_eps15_IMG1_LID1_STA1_CFC64_OH0,0317_1538,C,0.5402480363845825,-0.10456758737564087,0.5,0.0,-7.795659797516639,34.85678356405154,1.198221087253846,5.647048527763524
1773758393.6956663,1773758393695673253,SR03_gC_eps15_IMG1_LID1_STA1_CFC64_OH0,0317_1538,C,0.5397639870643616,-0.10516708344221115,0.5,0.0,-7.790816299705711,34.86915045504568,1.1965479861663109,5.646653313253024
1773758393.8253393,1773758393825346392,SR03_gC_eps15_IMG1_LID1_STA1_CFC64_OH0,0317_1538,C,0.49809008836746216,-0.05843748152256012,0.5,0.0,-7.7811696373685475,34.893563631826424,1.1925350280905451,5.646043360884044
1773758393.9532807,1773758393953289378,SR03_gC_eps15_IMG1_LID1_STA1_CFC64_OH0,0317_1538,C,0.4949937164783478,-0.010764695703983307,0.5,0.0,-7.771436781664458,34.917942584053584,1.1901517378681516,5.645648127322083
1773758394.0835567,1773758394083563332,SR03_gC_eps15_IMG1_LID1_STA1_CFC64_OH0,0317_1538,C,0.49390771985054016,0.014901990070939064,0.5,0.0,-7.7649379873241235,34.934191139666034,1.1902815327363658,5.645463439324529
1773758394.211125,1773758394211131591,SR03_gC_eps15_IMG1_LID1_STA1_CFC64_OH0,0317_1538,C,0.5125088691711426,-0.06828147917985916,0.5,0.0,-7.755150971732102,34.95854839651497,1.186780107604528,5.645329945388095
1773758394.3386774,1773758394338684472,SR03_gC_eps15_IMG1_LID1_STA1_CFC64_OH0,0317_1538,C,0.5157576203346252,-0.0690169408917427,0.5,0.0,-7.748564970393452,34.974761790192204,1.1831202488749613,5.645374899274279
1773758394.4727402,1773758394472746099,SR03_gC_eps15_IMG1_LID1_STA1_CFC64_OH0,0317_1538,C,0.5335732102394104,-0.06628970056772232,0.5,0.0,-7.738574618563918,34.99903633225086,1.1777646295879967,5.645664340121018
1773758394.5960732,1773758394596080720,SR03_gC_eps15_IMG1_LID1_STA1_CFC64_OH0,0317_1538,C,0.500346302986145,0.00203881086781621,0.5,0.0,-7.731855889876905,35.01519518347615,1.1758861631991553,5.645988379393018
1773758394.7226744,1773758394722683579,SR03_gC_eps15_IMG1_LID1_STA1_CFC64_OH0,0317_1538,C,0.5426121950149536,-0.03487270697951317,0.5,0.0,-7.721750660072778,35.03942216371703,1.1755905071680777,5.646605482434702
1773758394.8521156,1773758394852123410,SR03_gC_eps15_IMG1_LID1_STA1_CFC64_OH0,0317_1538,C,0.537028968334198,-0.03367801383137703,0.5,0.0,-7.715017405874678,35.05557497062938,1.1761120757391232,5.647080775169267
1773758394.9826899,1773758394982696597,SR03_gC_eps15_IMG1_LID1_STA1_CFC64_OH0,0317_1538,C,0.5168806910514832,0.01700318045914173,0.5,0.0,-7.704880430694653,35.07978867023464,1.1725247527332976,5.647935491999925
1773758395.1116116,1773758395111620708,SR03_gC_eps15_IMG1_LID1_STA1_CFC64_OH0,0317_1538,C,0.5064812302589417,-0.1175808310508728,0.5,0.0,-7.701539791629433,35.08771899115201,1.1694152999727763,5.648261232299383
1773758395.2448783,1773758395244885962,SR03_gC_eps15_IMG1_LID1_STA1_CFC64_OH0,0317_1538,C,0.5081416964530945,-0.11197682470083237,0.5,0.0,-7.707971283893059,35.072603847453486,1.1679051475769266,5.6475916097154535
1773758395.372652,1773758395372659241,SR03_gC_eps15_IMG1_LID1_STA1_CFC64_OH0,0317_1538,C,0.5163578987121582,-0.12305046617984772,0.5,0.0,-7.725044059126777,35.032642804903105,1.1662085393048633,5.645986449104946
1773758395.5007207,1773758395500728279,SR03_gC_eps15_IMG1_LID1_STA1_CFC64_OH0,0317_1538,C,0.5577013492584229,-0.09994370490312576,0.5,0.0,-7.728895963053933,35.023654420101074,1.1654430934300641,5.645660476118908
1773758395.6281972,1773758395628204888,SR03_gC_eps15_IMG1_LID1_STA1_CFC64_OH0,0317_1538,C,0.5127952098846436,-0.03625546023249626,0.5,0.0,-7.722141866774197,35.03937066250328,1.1648400040375582,5.646259249868101
1773758395.7598948,1773758395759901120,SR03_gC_eps15_IMG1_LID1_STA1_CFC64_OH0,0317_1538,C,0.507538378238678,-0.04932660609483719,0.5,0.0,-7.711782236547415,35.063477660250236,1.163470641389977,5.647277889530214
1773758395.8915043,1773758395891511355,SR03_gC_eps15_IMG1_LID1_STA1_CFC64_OH0,0317_1538,C,0.49537742137908936,-0.059490371495485306,0.5,0.0,-7.704816540781124,35.079531586390026,1.1593945463611113,5.648086200637159
1773758396.0181003,1773758396018108727,SR03_gC_eps15_IMG1_LID1_STA1_CFC64_OH0,0317_1538,C,0.49102163314819336,-0.04897940158843994,0.5,0.0,-7.701370325068753,35.08741584620394,1.1543326953016015,5.64852664469295
1773758396.1485932,1773758396148601051,SR03_gC_eps15_IMG1_LID1_STA1_CFC64_OH0,0317_1538,C,0.47312942147254944,-0.13659730553627014,0.5,0.0,-7.708038225458739,35.072402323360976,1.1518644755443708,5.647600585440377
1773758396.2761152,1773758396276122988,SR03_gC_eps15_IMG1_LID1_STA1_CFC64_OH0,0317_1538,C,0.5026068091392517,-0.0733923688530922,0.5,0.0,-7.7289804956943655,35.02556473839738,1.1491022148990955,5.6448869483833635
1773758396.4048026,1773758396404809318,SR03_gC_eps15_IMG1_LID1_STA1_CFC64_OH0,0317_1538,C,0.5419893860816956,-0.08398005366325378,0.5,0.0,-7.737477850553108,35.00665225577314,1.1478169551394493,5.643884793520229
1773758396.5382216,1773758396538228701,SR03_gC_eps15_IMG1_LID1_STA1_CFC64_OH0,0317_1538,C,0.5217301845550537,-0.03987661376595497,0.5,0.0,-7.735810767991942,35.01033788407416,1.1464920701351142,5.644084490705676
1773758396.6638181,1773758396663825727,SR03_gC_eps15_IMG1_LID1_STA1_CFC64_OH0,0317_1538,C,0.5190699100494385,-0.04028398171067238,0.5,0.0,-7.725002663374089,35.0341741074762,1.143692449412645,5.645470530970457
1773758396.7928522,1773758396792858830,SR03_gC_eps15_IMG1_LID1_STA1_CFC64_OH0,0317_1538,C,0.5271051526069641,-0.08496296405792236,0.5,0.0,-7.717738899541473,35.050095398739955,1.1413648707713395,5.646505288060672
1773758396.9218938,1773758396921901560,SR03_gC_eps15_IMG1_LID1_STA1_CFC64_OH0,0317_1538,C,0.4851032495498657,-0.003780524944886565,0.5,0.0,-7.707251221014641,35.0727915906584,1.1342667872933303,5.648198115263198
1773758397.053854,1773758397053864767,SR03_gC_eps15_IMG1_LID1_STA1_CFC64_OH0,0317_1538,C,0.5042687654495239,-0.07847195863723755,0.5,0.0,-7.706788653448302,35.0737915121174,1.130405562103216,5.648275710106109
1773758397.18284,1773758397182847103,SR03_gC_eps15_IMG1_LID1_STA1_CFC64_OH0,0317_1538,C,0.5118399858474731,-0.0864272266626358,0.5,0.0,-7.720136227685358,35.045665895104825,1.1261273773453289,5.645860750401601
1773758397.3188026,1773758397318810134,SR03_gC_eps15_IMG1_LID1_STA1_CFC64_OH0,0317_1538,C,0.4887291491031647,-0.03880807384848595,0.5,0.0,-7.735684441800559,35.013143049419426,1.1232139446266551,5.64317511282771
1773758397.446343,1773758397446350380,SR03_gC_eps15_IMG1_LID1_STA1_CFC64_OH0,0317_1538,C,0.5240642428398132,-0.02665933407843113,0.5,0.0,-7.735888575774087,35.01271396338793,1.1218629961672635,5.643142140860456
1773758397.5728323,1773758397572839288,SR03_gC_eps15_IMG1_LID1_STA1_CFC64_OH0,0317_1538,C,0.5088914632797241,-0.029604382812976837,0.5,0.0,-7.7255206968137795,35.034154962467085,1.1190007328424412,5.644994564430839
1773758397.707688,1773758397707695510,SR03_gC_eps15_IMG1_LID1_STA1_CFC64_OH0,0317_1538,C,0.49398258328437805,-0.03633764758706093,0.5,0.0,-7.717879477349962,35.049898585140035,1.118868413034134,5.64644476951914
1773758397.8386254,1773758397838637331,SR03_gC_eps15_IMG1_LID1_STA1_CFC64_OH0,0317_1538,C,0.4901173412799835,-0.03397447615861893,0.5,0.0,-7.7063730868768765,35.073492318284416,1.114898710625911,5.648770396367701
1773758397.9703417,1773758397970347794,SR03_gC_eps15_IMG1_LID1_STA1_CFC64_OH0,0317_1538,C,0.5020244121551514,-0.08193624764680862,0.5,0.0,-7.696112185169827,35.09431059828922,1.110466098221273,5.651024110831169
1773758398.0962257,1773758398096236762,SR03_gC_eps15_IMG1_LID1_STA1_CFC64_OH0,0317_1538,C,0.5019870400428772,-0.045752327889204025,0.5,0.0,-7.697230931433372,35.092068737021286,1.1081641673814553,5.650763977589012
1773758398.225701,1773758398225711854,SR03_gC_eps15_IMG1_LID1_STA1_CFC64_OH0,0317_1538,C,0.5055726766586304,-0.07599984109401703,0.5,0.0,-7.713492828773985,35.05959176335313,1.1055822847756174,5.64706746374142
1773758398.3548872,1773758398354900223,SR03_gC_eps15_IMG1_LID1_STA1_CFC64_OH0,0317_1538,C,0.5042803287506104,-0.07292740046977997,0.5,0.0,-7.724790373394152,35.037117068614336,1.1043407043617788,5.644603794097863
1773758398.486779,1773758398486785733,SR03_gC_eps15_IMG1_LID1_STA1_CFC64_OH0,0317_1538,C,0.5026761889457703,-0.08931414037942886,0.5,0.0,-7.725801507295749,35.035102748791005,1.1030694532098908,5.644389731221749
1773758398.6203701,1773758398620379319,SR03_gC_eps15_IMG1_LID1_STA1_CFC64_OH0,0317_1538,C,0.49202486872673035,-0.04130662977695465,0.5,0.0,-7.7143643791533645,35.05769734290905,1.1007809437531908,5.646930906089761
1773758398.751928,1773758398751934997,SR03_gC_eps15_IMG1_LID1_STA1_CFC64_OH0,0317_1538,C,0.47186335921287537,0.0036246799863874912,0.5,0.0,-7.706416368220091,35.07328832772363,1.0980398168194743,5.648802315258719
1773758398.8788683,1773758398878876166,SR03_gC_eps15_IMG1_LID1_STA1_CFC64_OH0,0317_1538,C,0.4745408296585083,-0.02257024683058262,0.5,0.0,-7.694435251896947,35.09664458492851,1.09542609646173,5.651775812010589
1773758399.0123234,1773758399012331173,SR03_gC_eps15_IMG1_LID1_STA1_CFC64_OH0,0317_1538,C,0.4761081337928772,-0.0258192028850317,0.5,0.0,-7.686405384506503,35.112193570078816,1.0927661074126154,5.653872388786713
1773758399.148517,1773758399148524301,SR03_gC_eps15_IMG1_LID1_STA1_CFC64_OH0,0317_1538,C,0.472467303276062,0.0036681457422673702,0.5,0.0,-7.6743877273376775,35.13527911298437,1.0887077071476225,5.657173503690825
1773758399.2760925,1773758399276100243,SR03_gC_eps15_IMG1_LID1_STA1_CFC64_OH0,0317_1538,C,0.4620537757873535,-0.022938914597034454,0.5,0.0,-7.674181166539418,35.135698984813075,1.0849841721927354,5.65722335187181
1773758399.4021215,1773758399402128110,SR03_gC_eps15_IMG1_LID1_STA1_CFC64_OH0,0317_1538,C,0.46710821986198425,-0.012185584753751755,0.5,0.0,-7.684295892083497,35.11659253093683,1.083156132948794,5.654323053890116
1773758399.5286798,1773758399528687427,SR03_gC_eps15_IMG1_LID1_STA1_CFC64_OH0,0317_1538,C,0.46424445509910583,-0.028686121106147766,0.5,0.0,-7.709753019168016,35.068718085214506,1.0811130673193137,5.6473072249874505
1773758399.6595776,1773758399659583539,SR03_gC_eps15_IMG1_LID1_STA1_CFC64_OH0,0317_1538,C,0.4693262279033661,-0.028275782242417336,0.5,0.0,-7.718516741010877,35.05229150666113,1.0801826364744243,5.644990969589532
1773758399.7855182,1773758399785524478,SR03_gC_eps15_IMG1_LID1_STA1_CFC64_OH0,0317_1538,C,0.4837498664855957,-0.012483223341405392,0.5,0.0,-7.715201416613857,35.05848384884462,1.0792474881254062,5.645867917371891
1773758399.9088297,1773758399908837340,SR03_gC_eps15_IMG1_LID1_STA1_CFC64_OH0,0317_1538,C,0.4683224856853485,-0.009522031992673874,0.5,0.0,-7.706942551257753,35.07391242405745,1.0793758682775145,5.648088925289148
1773758400.040214,1773758400040220655,SR03_gC_eps15_IMG1_LID1_STA1_CFC64_OH0,0317_1538,C,0.46830832958221436,0.008030509576201439,0.5,0.0,-7.694543915876809,35.09704975349607,1.078302343578194,5.651532026689658
1773758400.1719532,1773758400171960011,SR03_gC_eps15_IMG1_LID1_STA1_CFC64_OH0,0317_1538,C,0.46031633019447327,0.01216479204595089,0.5,0.0,-7.682124464790767,35.12017591738681,1.0774893497151083,5.655118274937391
1773758400.3035765,1773758400303583868,SR03_gC_eps15_IMG1_LID1_STA1_CFC64_OH0,0317_1538,C,0.48062580823898315,0.0074147856794297695,0.5,0.0,-7.673829759627357,35.13558525646086,1.0764853373698189,5.657592445333154
1773758400.4330182,1773758400433027675,SR03_gC_eps15_IMG1_LID1_STA1_CFC64_OH0,0317_1538,C,0.479537695646286,0.025614924728870392,0.5,0.0,-7.661359601313232,35.15868411574847,1.0752205164082482,5.661434673454205
1773758400.56189,1773758400561896963,SR03_gC_eps15_IMG1_LID1_STA1_CFC64_OH0,0317_1538,C,0.47255319356918335,-0.0046702539548277855,0.5,0.0,-7.653034328305588,35.174076961967735,1.0747939679295107,5.664075591935128
1773758400.6902573,1773758400690264185,SR03_gC_eps15_IMG1_LID1_STA1_CFC64_OH0,0317_1538,C,0.4726918935775757,-0.006214319262653589,0.5,0.0,-7.640536257619495,35.19716073271547,1.0744783586988265,5.668147379764639
1773758400.821212,1773758400821222166,SR03_gC_eps15_IMG1_LID1_STA1_CFC64_OH0,0317_1538,C,0.4875864088535309,0.01579572632908821,0.5,0.0,-7.634197788269575,35.20886856451583,1.0747793801196155,5.670257485432309
1773758400.9515324,1773758400951538936,SR03_gC_eps15_IMG1_LID1_STA1_CFC64_OH0,0317_1538,C,0.47679081559181213,0.0032739858143031597,0.5,0.0,-7.640368515158724,35.197465197476376,1.074784450036056,5.668204611873094
1773758401.0864668,1773758401086473615,SR03_gC_eps15_IMG1_LID1_STA1_CFC64_OH0,0317_1538,C,0.47396737337112427,-0.03303735330700874,0.5,0.0,-7.6639387163706765,35.1539119840876,1.0747102667048298,5.660628459860724
1773758401.2141755,1773758401214184935,SR03_gC_eps15_IMG1_LID1_STA1_CFC64_OH0,0317_1538,C,0.4965379536151886,0.020947765558958054,0.5,0.0,-7.675637279308687,35.1322977714078,1.0746996667021111,5.657024559560573
1773758401.3447316,1773758401344738484,SR03_gC_eps15_IMG1_LID1_STA1_CFC64_OH0,0317_1538,C,0.49287593364715576,0.019767284393310547,0.5,0.0,-7.676298224197135,35.13107711912527,1.0747832712047738,5.656823890538567
1773758401.4745872,1773758401474595161,SR03_gC_eps15_IMG1_LID1_STA1_CFC64_OH0,0317_1538,C,0.5055251121520996,0.0017259474843740463,0.5,0.0,-7.664162080548575,35.15350109431294,1.0747806132580524,5.660558060887793
1773758401.6106555,1773758401610662666,SR03_gC_eps15_IMG1_LID1_STA1_CFC64_OH0,0317_1538,C,0.4672190546989441,0.000669384840875864,0.5,0.0,-7.65583734227792,35.16889422970972,1.0752019877929508,5.663180579685514
1773758401.7346337,1773758401734639889,SR03_gC_eps15_IMG1_LID1_STA1_CFC64_OH0,0317_1538,C,0.47090640664100647,-0.011852415278553963,0.5,0.0,-7.643353576286273,35.19198573949854,1.0747384341895747,5.667209654008544
1773758401.8639755,1773758401863982948,SR03_gC_eps15_IMG1_LID1_STA1_CFC64_OH0,0317_1538,C,0.468660831451416,0.018093856051564217,0.5,0.0,-7.6351220350619435,35.20717494350268,1.0735851754880927,5.66994342715543
1773758401.9987354,1773758401998743096,SR03_gC_eps15_IMG1_LID1_STA1_CFC64_OH0,0317_1538,C,0.47334200143814087,0.016600769013166428,0.5,0.0,-7.634902279227005,35.20758875156245,1.0722267346786116,5.670014374210243
1773758402.1294715,1773758402129479343,SR03_gC_eps15_IMG1_LID1_STA1_CFC64_OH0,0317_1538,C,0.45134052634239197,0.01841801032423973,0.5,0.0,-7.653326681598418,35.17379494568049,1.0712592447325426,5.663895045133277
1773758402.2607193,1773758402260759475,SR03_gC_eps15_IMG1_LID1_STA1_CFC64_OH0,0317_1538,C,0.4735979735851288,0.015006348490715027,0.5,0.0,-7.6644593091692474,35.15340463504845,1.0708029326174584,5.660311328454038
1773758402.389212,1773758402389219627,SR03_gC_eps15_IMG1_LID1_STA1_CFC64_OH0,0317_1538,C,0.48588573932647705,0.012191623449325562,0.5,0.0,-7.664230627620621,35.15382015882642,1.0703948519198718,5.66038513742918
1773758402.5213451,1773758402521351794,SR03_gC_eps15_IMG1_LID1_STA1_CFC64_OH0,0317_1538,C,0.4808988869190216,0.011415043845772743,0.5,0.0,-7.656044933594775,35.16878368934092,1.0700275203510548,5.663022399785617
1773758402.6523263,1773758402652333701,SR03_gC_eps15_IMG1_LID1_STA1_CFC64_OH0,0317_1538,C,0.47201263904571533,0.011754052713513374,0.5,0.0,-7.643453231115137,35.1918165187432,1.070966986877663,5.66717199129831
1773758402.7818122,1773758402781819947,SR03_gC_eps15_IMG1_LID1_STA1_CFC64_OH0,0317_1538,C,0.4793575406074524,-0.011158464476466179,0.5,0.0,-7.63356330784013,35.20994245855752,1.0717834925278258,5.670502684605463
1773758402.9117975,1773758402911804563,SR03_gC_eps15_IMG1_LID1_STA1_CFC64_OH0,0317_1538,C,0.463956356048584,0.005710315424948931,0.5,0.0,-7.636451361054875,35.204641052044174,1.072029683822158,5.669525218251636
1773758403.0441973,1773758403044203964,SR03_gC_eps15_IMG1_LID1_STA1_CFC64_OH0,0317_1538,C,0.4681845009326935,-0.0015127784572541714,0.5,0.0,-7.656303682667295,35.16818475755727,1.0722039865296804,5.662980734328423
1773758403.169153,1773758403169160032,SR03_gC_eps15_IMG1_LID1_STA1_CFC64_OH0,0317_1538,C,0.4822048246860504,-0.004281595349311829,0.5,0.0,-7.673360730417559,35.13685537137013,1.0722673589421907,5.657597110592029
1773758403.300436,1773758403300443736,SR03_gC_eps15_IMG1_LID1_STA1_CFC64_OH0,0317_1538,C,0.4549282193183899,0.009953731670975685,0.5,0.0,-7.681899323193491,35.12116918081905,1.072431683739052,5.654985750153025
1773758403.423798,1773758403423804560,SR03_gC_eps15_IMG1_LID1_STA1_CFC64_OH0,0317_1538,C,0.5060523748397827,-0.017462108284235,0.5,0.0,-7.672583153454897,35.13829213082118,1.0724053455222153,5.657834820288133
1773758403.5538847,1773758403553895135,SR03_gC_eps15_IMG1_LID1_STA1_CFC64_OH0,0317_1538,C,0.4684271514415741,0.009189456701278687,0.5,0.0,-7.664215109802905,35.15366176753607,1.0721328770682943,5.660453570766937
1773758403.6845145,1773758403684521930,SR03_gC_eps15_IMG1_LID1_STA1_CFC64_OH0,0317_1538,C,0.46445104479789734,0.012799359858036041,0.5,0.0,-7.651664273306313,35.176716891741144,1.0723568272797217,5.664479416849642
1773758403.8125477,1773758403812555418,SR03_gC_eps15_IMG1_LID1_STA1_CFC64_OH0,0317_1538,C,0.4636118412017822,0.017310772091150284,0.5,0.0,-7.643297896861918,35.19208743614621,1.0723038801699345,5.667228321065085
1773758403.941466,1773758403941474353,SR03_gC_eps15_IMG1_LID1_STA1_CFC64_OH0,0317_1538,C,0.4743344783782959,0.03269771859049797,0.5,0.0,-7.638016408626633,35.20178875784856,1.072116119547889,5.668991337245963
1773758404.07114,1773758404071147260,SR03_gC_eps15_IMG1_LID1_STA1_CFC64_OH0,0317_1538,C,0.46967801451683044,0.010729636996984482,0.5,0.0,-7.645045864359481,35.18888234531925,1.0720361361286967,5.666647562572976
1773758404.1994328,1773758404199443202,SR03_gC_eps15_IMG1_LID1_STA1_CFC64_OH0,0317_1538,C,0.4882885217666626,-0.010385140776634216,0.5,0.0,-7.666020439664382,35.15038227043194,1.0718924984057765,5.659871740705362
1773758404.3222532,1773758404322259646,SR03_gC_eps15_IMG1_LID1_STA1_CFC64_OH0,0317_1538,C,0.4894910156726837,-0.014987125992774963,0.5,0.0,-7.671067860556644,35.141119194616046,1.0718840284572704,5.658290071362267
1773758404.4558756,1773758404455889902,SR03_gC_eps15_IMG1_LID1_STA1_CFC64_OH0,0317_1538,C,0.49065321683883667,0.0227242149412632,0.5,0.0,-7.664326631409652,35.15349298227375,1.072124149985945,5.66040606804969
1773758404.586334,1773758404586340630,SR03_gC_eps15_IMG1_LID1_STA1_CFC64_OH0,0317_1538,C,0.470401793718338,-0.012924117036163807,0.5,0.0,-7.651783452530508,35.176552272201405,1.0732483765656275,5.66442240221442
1773758404.716419,1773758404716426182,SR03_gC_eps15_IMG1_LID1_STA1_CFC64_OH0,0317_1538,C,0.48167654871940613,0.00427109794691205,0.5,0.0,-7.64343999149705,35.191935266537016,1.0743927946412621,5.667144959271969
1773758404.8472853,1773758404847291628,SR03_gC_eps15_IMG1_LID1_STA1_CFC64_OH0,0317_1538,C,0.46847015619277954,0.012844590470194817,0.5,0.0,-7.638180279120167,35.20164873508606,1.0748050713602109,5.668883039803896
1773758404.972001,1773758404972008433,SR03_gC_eps15_IMG1_LID1_STA1_CFC64_OH0,0317_1538,C,0.46460479497909546,0.005987861659377813,0.5,0.0,-7.645173528188384,35.1887235094134,1.0748659505684321,5.666580149790569
1773758405.0983834,1773758405098390793,SR03_gC_eps15_IMG1_LID1_STA1_CFC64_OH0,0317_1538,C,0.46953240036964417,0.035166043788194656,0.5,0.0,-7.666035427189986,35.150163487106965,1.0748762468622397,5.65993215758149
1773758405.2284305,1773758405228438491,SR03_gC_eps15_IMG1_LID1_STA1_CFC64_OH0,0317_1538,C,0.5041784048080444,-0.002161280019208789,0.5,0.0,-7.671602881628451,35.13987237475131,1.074930072519125,5.658214280427761
1773758405.3609796,1773758405360987428,SR03_gC_eps15_IMG1_LID1_STA1_CFC64_OH0,0317_1538,C,0.49999019503593445,0.01934489607810974,0.5,0.0,-7.664350665873746,35.15328076958222,1.0749739921065935,5.6604556125389305
1773758405.490082,1773758405490102512,SR03_gC_eps15_IMG1_LID1_STA1_CFC64_OH0,0317_1538,C,0.4955122768878937,0.017742831259965897,0.5,0.0,-7.651865054515574,35.17637128183796,1.0753182504248455,5.664406286515388
1773758405.6181824,1773758405618195068,SR03_gC_eps15_IMG1_LID1_STA1_CFC64_OH0,0317_1538,C,0.4649188816547394,0.000531849917024374,0.5,0.0,-7.64620962270589,35.186839829599535,1.0757215900907817,5.666231686817182
1773758405.7393281,1773758405739335632,SR03_gC_eps15_IMG1_LID1_STA1_CFC64_OH0,0317_1538,C,0.4627855718135834,-0.010291350074112415,0.5,0.0,-7.653594481488087,35.17315729521193,1.0759100241849688,5.663857228463477
1773758405.8616893,1773758405861697076,SR03_gC_eps15_IMG1_LID1_STA1_CFC64_OH0,0317_1538,C,0.44279560446739197,-0.03362252935767174,0.5,0.0,-7.668791637953851,35.144996402708294,1.0759382630915544,5.659103474745431
1773758405.9897592,1773758405989765989,SR03_gC_eps15_IMG1_LID1_STA1_CFC64_OH0,0317_1538,C,0.45861339569091797,-0.033485401421785355,0.5,0.0,-7.68838093957981,35.108695033559556,1.0759895081528583,5.653237746564448
1773758406.121294,1773758406121300404,SR03_gC_eps15_IMG1_LID1_STA1_CFC64_OH0,0317_1538,C,0.4684244990348816,-0.003404197981581092,0.5,0.0,-7.6900715969606495,35.10556171787607,1.0760796233861172,5.652745441153689
1773758406.2514017,1773758406251409850,SR03_gC_eps15_IMG1_LID1_STA1_CFC64_OH0,0317_1538,C,0.4940826892852783,0.0038912692107260227,0.5,0.0,-7.679596627795774,35.12498923411152,1.0765375996395865,5.655826171895793
1773758406.3785388,1773758406378546653,SR03_gC_eps15_IMG1_LID1_STA1_CFC64_OH0,0317_1538,C,0.49274295568466187,0.014376223087310791,0.5,0.0,-7.6712951362565285,35.140394919049655,1.0765562147077665,5.65832447390168
1773758406.5082622,1773758406508268871,SR03_gC_eps15_IMG1_LID1_STA1_CFC64_OH0,0317_1538,C,0.48921918869018555,0.01787678897380829,0.5,0.0,-7.65883765515579,35.163500619646136,1.075972149332172,5.662177164788538
1773758406.6408505,1773758406640857347,SR03_gC_eps15_IMG1_LID1_STA1_CFC64_OH0,0317_1538,C,0.47086086869239807,-0.006825808435678482,0.5,0.0,-7.646656427798856,35.1860286108422,1.074215217277921,5.666081294004946
1773758406.7709866,1773758406770994293,SR03_gC_eps15_IMG1_LID1_STA1_CFC64_OH0,0317_1538,C,0.4716522991657257,0.0056018284521996975,0.5,0.0,-7.645257718794415,35.18860980271029,1.0732540721688606,5.666538683455046
1773758406.901448,1773758406901454739,SR03_gC_eps15_IMG1_LID1_STA1_CFC64_OH0,0317_1538,C,0.45510002970695496,0.01917114481329918,0.5,0.0,-7.65889222008583,35.163545672684805,1.072197232888111,5.662110581166953
1773758407.0350006,1773758407035012438,SR03_gC_eps15_IMG1_LID1_STA1_CFC64_OH0,0317_1538,C,0.5071515440940857,-0.03551231324672699,0.5,0.0,-7.676478941035165,35.13126831505596,1.0716413845765502,5.656588415597413
1773758407.168165,1773758407168171632,SR03_gC_eps15_IMG1_LID1_STA1_CFC64_OH0,0317_1538,C,0.5095683336257935,-0.03981052711606026,0.5,0.0,-7.689300333903985,35.10776408604257,1.0711134710709467,5.65270031525069
1773758407.299128,1773758407299135154,SR03_gC_eps15_IMG1_LID1_STA1_CFC64_OH0,0317_1538,C,0.5002626180648804,0.009560264647006989,0.5,0.0,-7.682646283438816,35.11994745543705,1.070820489767277,5.654707819251845
1773758407.429677,1773758407429684198,SR03_gC_eps15_IMG1_LID1_STA1_CFC64_OH0,0317_1538,C,0.4913782775402069,-0.022793618962168694,0.5,0.0,-7.674254908064376,35.13530436618967,1.0706250811744815,5.657289576587766
1773758407.559124,1773758407559130306,SR03_gC_eps15_IMG1_LID1_STA1_CFC64_OH0,0317_1538,C,0.4729507863521576,0.02036537416279316,0.5,0.0,-7.661669760759418,35.158340778931986,1.0710616497430037,5.661259278164204
1773758407.6941605,1773758407694167203,SR03_gC_eps15_IMG1_LID1_STA1_CFC64_OH0,0317_1538,C,0.44683837890625,-0.014311425387859344,0.5,0.0,-7.649100199352197,35.18138569919796,1.0713025804289602,5.665330292383944
1773758407.828439,1773758407828447746,SR03_gC_eps15_IMG1_LID1_STA1_CFC64_OH0,0317_1538,C,0.4511691629886627,-0.013822279870510101,0.5,0.0,-7.644148614866905,35.19045125938838,1.0701456316104396,5.666970793463565
1773758407.9541159,1773758407954122432,SR03_gC_eps15_IMG1_LID1_STA1_CFC64_OH0,0317_1538,C,0.4660261571407318,0.02108420617878437,0.5,0.0,-7.65287402654292,35.17453573137203,1.068951103880632,5.6640723943213835
