[0.102s] DEBUG:colcon:Command line arguments: ['/usr/bin/colcon', 'build', '--packages-select', 'tugbot_recorder']
[0.102s] DEBUG:colcon:Parsed command line arguments: Namespace(log_base=None, log_level=None, verb_name='build', build_base='build', install_base='install', merge_install=False, symlink_install=False, test_result_base=None, continue_on_error=False, executor='parallel', parallel_workers=16, event_handlers=None, ignore_user_meta=False, metas=['./colcon.meta'], base_paths=['.'], packages_ignore=None, packages_ignore_regex=None, paths=None, packages_up_to=None, packages_up_to_regex=None, packages_above=None, packages_above_and_dependencies=None, packages_above_depth=None, packages_select_by_dep=None, packages_skip_by_dep=None, packages_skip_up_to=None, packages_select_build_failed=False, packages_skip_build_finished=False, packages_select_test_failures=False, packages_skip_test_passed=False, packages_select=['tugbot_recorder'], packages_skip=None, packages_select_regex=None, packages_skip_regex=None, packages_start=None, packages_end=None, allow_overriding=[], cmake_args=None, cmake_target=None, cmake_target_skip_unavailable=False, cmake_clean_cache=False, cmake_clean_first=False, cmake_force_configure=False, ament_cmake_args=None, catkin_cmake_args=None, catkin_skip_building_tests=False, verb_parser=<colcon_defaults.argument_parser.defaults.DefaultArgumentsDecorator object at 0x74ae4dd40790>, verb_extension=<colcon_core.verb.build.BuildVerb object at 0x74ae4de75bd0>, main=<bound method BuildVerb.main of <colcon_core.verb.build.BuildVerb object at 0x74ae4de75bd0>>)
[0.291s] Level 1:colcon.colcon_core.package_discovery:discover_packages(colcon_meta) check parameters
[0.291s] Level 1:colcon.colcon_core.package_discovery:discover_packages(recursive) check parameters
[0.292s] Level 1:colcon.colcon_core.package_discovery:discover_packages(ignore) check parameters
[0.292s] Level 1:colcon.colcon_core.package_discovery:discover_packages(path) check parameters
[0.292s] Level 1:colcon.colcon_core.package_discovery:discover_packages(colcon_meta) discover
[0.292s] Level 1:colcon.colcon_core.package_discovery:discover_packages(recursive) discover
[0.292s] INFO:colcon.colcon_core.package_discovery:Crawling recursively for packages in '/home/newin/Projects/warehouse/ws_warehouse'
[0.292s] Level 1:colcon.colcon_core.package_identification:_identify(.) by extensions ['ignore', 'ignore_ament_install']
[0.292s] Level 1:colcon.colcon_core.package_identification:_identify(.) by extension 'ignore'
[0.292s] Level 1:colcon.colcon_core.package_identification:_identify(.) by extension 'ignore_ament_install'
[0.292s] Level 1:colcon.colcon_core.package_identification:_identify(.) by extensions ['colcon_pkg']
[0.292s] Level 1:colcon.colcon_core.package_identification:_identify(.) by extension 'colcon_pkg'
[0.292s] Level 1:colcon.colcon_core.package_identification:_identify(.) by extensions ['colcon_meta']
[0.292s] Level 1:colcon.colcon_core.package_identification:_identify(.) by extension 'colcon_meta'
[0.292s] Level 1:colcon.colcon_core.package_identification:_identify(.) by extensions ['ros']
[0.292s] Level 1:colcon.colcon_core.package_identification:_identify(.) by extension 'ros'
[0.300s] Level 1:colcon.colcon_core.package_identification:_identify(.) by extensions ['cmake', 'python']
[0.300s] Level 1:colcon.colcon_core.package_identification:_identify(.) by extension 'cmake'
[0.300s] Level 1:colcon.colcon_core.package_identification:_identify(.) by extension 'python'
[0.300s] Level 1:colcon.colcon_core.package_identification:_identify(.) by extensions ['python_setup_py']
[0.300s] Level 1:colcon.colcon_core.package_identification:_identify(.) by extension 'python_setup_py'
[0.300s] Level 1:colcon.colcon_core.package_identification:_identify(build) by extensions ['ignore', 'ignore_ament_install']
[0.300s] Level 1:colcon.colcon_core.package_identification:_identify(build) by extension 'ignore'
[0.300s] Level 1:colcon.colcon_core.package_identification:_identify(build) ignored
[0.300s] Level 1:colcon.colcon_core.package_identification:_identify(dataset) by extensions ['ignore', 'ignore_ament_install']
[0.300s] Level 1:colcon.colcon_core.package_identification:_identify(dataset) by extension 'ignore'
[0.300s] Level 1:colcon.colcon_core.package_identification:_identify(dataset) by extension 'ignore_ament_install'
[0.300s] Level 1:colcon.colcon_core.package_identification:_identify(dataset) by extensions ['colcon_pkg']
[0.300s] Level 1:colcon.colcon_core.package_identification:_identify(dataset) by extension 'colcon_pkg'
[0.300s] Level 1:colcon.colcon_core.package_identification:_identify(dataset) by extensions ['colcon_meta']
[0.300s] Level 1:colcon.colcon_core.package_identification:_identify(dataset) by extension 'colcon_meta'
[0.300s] Level 1:colcon.colcon_core.package_identification:_identify(dataset) by extensions ['ros']
[0.300s] Level 1:colcon.colcon_core.package_identification:_identify(dataset) by extension 'ros'
[0.300s] Level 1:colcon.colcon_core.package_identification:_identify(dataset) by extensions ['cmake', 'python']
[0.300s] Level 1:colcon.colcon_core.package_identification:_identify(dataset) by extension 'cmake'
[0.301s] Level 1:colcon.colcon_core.package_identification:_identify(dataset) by extension 'python'
[0.301s] Level 1:colcon.colcon_core.package_identification:_identify(dataset) by extensions ['python_setup_py']
[0.301s] Level 1:colcon.colcon_core.package_identification:_identify(dataset) by extension 'python_setup_py'
[0.301s] Level 1:colcon.colcon_core.package_identification:_identify(dataset/20251126_130440_Home2B_ep1) by extensions ['ignore', 'ignore_ament_install']
[0.301s] Level 1:colcon.colcon_core.package_identification:_identify(dataset/20251126_130440_Home2B_ep1) by extension 'ignore'
[0.301s] Level 1:colcon.colcon_core.package_identification:_identify(dataset/20251126_130440_Home2B_ep1) by extension 'ignore_ament_install'
[0.301s] Level 1:colcon.colcon_core.package_identification:_identify(dataset/20251126_130440_Home2B_ep1) by extensions ['colcon_pkg']
[0.301s] Level 1:colcon.colcon_core.package_identification:_identify(dataset/20251126_130440_Home2B_ep1) by extension 'colcon_pkg'
[0.301s] Level 1:colcon.colcon_core.package_identification:_identify(dataset/20251126_130440_Home2B_ep1) by extensions ['colcon_meta']
[0.301s] Level 1:colcon.colcon_core.package_identification:_identify(dataset/20251126_130440_Home2B_ep1) by extension 'colcon_meta'
[0.301s] Level 1:colcon.colcon_core.package_identification:_identify(dataset/20251126_130440_Home2B_ep1) by extensions ['ros']
[0.301s] Level 1:colcon.colcon_core.package_identification:_identify(dataset/20251126_130440_Home2B_ep1) by extension 'ros'
[0.301s] Level 1:colcon.colcon_core.package_identification:_identify(dataset/20251126_130440_Home2B_ep1) by extensions ['cmake', 'python']
[0.301s] Level 1:colcon.colcon_core.package_identification:_identify(dataset/20251126_130440_Home2B_ep1) by extension 'cmake'
[0.301s] Level 1:colcon.colcon_core.package_identification:_identify(dataset/20251126_130440_Home2B_ep1) by extension 'python'
[0.301s] Level 1:colcon.colcon_core.package_identification:_identify(dataset/20251126_130440_Home2B_ep1) by extensions ['python_setup_py']
[0.301s] Level 1:colcon.colcon_core.package_identification:_identify(dataset/20251126_130440_Home2B_ep1) by extension 'python_setup_py'
[0.302s] Level 1:colcon.colcon_core.package_identification:_identify(dataset/20251126_130440_Home2B_ep1/images) by extensions ['ignore', 'ignore_ament_install']
[0.302s] Level 1:colcon.colcon_core.package_identification:_identify(dataset/20251126_130440_Home2B_ep1/images) by extension 'ignore'
[0.302s] Level 1:colcon.colcon_core.package_identification:_identify(dataset/20251126_130440_Home2B_ep1/images) by extension 'ignore_ament_install'
[0.302s] Level 1:colcon.colcon_core.package_identification:_identify(dataset/20251126_130440_Home2B_ep1/images) by extensions ['colcon_pkg']
[0.302s] Level 1:colcon.colcon_core.package_identification:_identify(dataset/20251126_130440_Home2B_ep1/images) by extension 'colcon_pkg'
[0.302s] Level 1:colcon.colcon_core.package_identification:_identify(dataset/20251126_130440_Home2B_ep1/images) by extensions ['colcon_meta']
[0.302s] Level 1:colcon.colcon_core.package_identification:_identify(dataset/20251126_130440_Home2B_ep1/images) by extension 'colcon_meta'
[0.302s] Level 1:colcon.colcon_core.package_identification:_identify(dataset/20251126_130440_Home2B_ep1/images) by extensions ['ros']
[0.302s] Level 1:colcon.colcon_core.package_identification:_identify(dataset/20251126_130440_Home2B_ep1/images) by extension 'ros'
[0.302s] Level 1:colcon.colcon_core.package_identification:_identify(dataset/20251126_130440_Home2B_ep1/images) by extensions ['cmake', 'python']
[0.302s] Level 1:colcon.colcon_core.package_identification:_identify(dataset/20251126_130440_Home2B_ep1/images) by extension 'cmake'
[0.302s] Level 1:colcon.colcon_core.package_identification:_identify(dataset/20251126_130440_Home2B_ep1/images) by extension 'python'
[0.302s] Level 1:colcon.colcon_core.package_identification:_identify(dataset/20251126_130440_Home2B_ep1/images) by extensions ['python_setup_py']
[0.302s] Level 1:colcon.colcon_core.package_identification:_identify(dataset/20251126_130440_Home2B_ep1/images) by extension 'python_setup_py'
[0.302s] Level 1:colcon.colcon_core.package_identification:_identify(dataset/20251127_004443_Home2B_ep2) by extensions ['ignore', 'ignore_ament_install']
[0.302s] Level 1:colcon.colcon_core.package_identification:_identify(dataset/20251127_004443_Home2B_ep2) by extension 'ignore'
[0.302s] Level 1:colcon.colcon_core.package_identification:_identify(dataset/20251127_004443_Home2B_ep2) by extension 'ignore_ament_install'
[0.302s] Level 1:colcon.colcon_core.package_identification:_identify(dataset/20251127_004443_Home2B_ep2) by extensions ['colcon_pkg']
[0.302s] Level 1:colcon.colcon_core.package_identification:_identify(dataset/20251127_004443_Home2B_ep2) by extension 'colcon_pkg'
[0.302s] Level 1:colcon.colcon_core.package_identification:_identify(dataset/20251127_004443_Home2B_ep2) by extensions ['colcon_meta']
[0.302s] Level 1:colcon.colcon_core.package_identification:_identify(dataset/20251127_004443_Home2B_ep2) by extension 'colcon_meta'
[0.302s] Level 1:colcon.colcon_core.package_identification:_identify(dataset/20251127_004443_Home2B_ep2) by extensions ['ros']
[0.302s] Level 1:colcon.colcon_core.package_identification:_identify(dataset/20251127_004443_Home2B_ep2) by extension 'ros'
[0.303s] Level 1:colcon.colcon_core.package_identification:_identify(dataset/20251127_004443_Home2B_ep2) by extensions ['cmake', 'python']
[0.303s] Level 1:colcon.colcon_core.package_identification:_identify(dataset/20251127_004443_Home2B_ep2) by extension 'cmake'
[0.303s] Level 1:colcon.colcon_core.package_identification:_identify(dataset/20251127_004443_Home2B_ep2) by extension 'python'
[0.303s] Level 1:colcon.colcon_core.package_identification:_identify(dataset/20251127_004443_Home2B_ep2) by extensions ['python_setup_py']
[0.303s] Level 1:colcon.colcon_core.package_identification:_identify(dataset/20251127_004443_Home2B_ep2) by extension 'python_setup_py'
[0.303s] Level 1:colcon.colcon_core.package_identification:_identify(dataset/20251127_004443_Home2B_ep2/images) by extensions ['ignore', 'ignore_ament_install']
[0.303s] Level 1:colcon.colcon_core.package_identification:_identify(dataset/20251127_004443_Home2B_ep2/images) by extension 'ignore'
[0.303s] Level 1:colcon.colcon_core.package_identification:_identify(dataset/20251127_004443_Home2B_ep2/images) by extension 'ignore_ament_install'
[0.303s] Level 1:colcon.colcon_core.package_identification:_identify(dataset/20251127_004443_Home2B_ep2/images) by extensions ['colcon_pkg']
[0.303s] Level 1:colcon.colcon_core.package_identification:_identify(dataset/20251127_004443_Home2B_ep2/images) by extension 'colcon_pkg'
[0.303s] Level 1:colcon.colcon_core.package_identification:_identify(dataset/20251127_004443_Home2B_ep2/images) by extensions ['colcon_meta']
[0.303s] Level 1:colcon.colcon_core.package_identification:_identify(dataset/20251127_004443_Home2B_ep2/images) by extension 'colcon_meta'
[0.303s] Level 1:colcon.colcon_core.package_identification:_identify(dataset/20251127_004443_Home2B_ep2/images) by extensions ['ros']
[0.303s] Level 1:colcon.colcon_core.package_identification:_identify(dataset/20251127_004443_Home2B_ep2/images) by extension 'ros'
[0.303s] Level 1:colcon.colcon_core.package_identification:_identify(dataset/20251127_004443_Home2B_ep2/images) by extensions ['cmake', 'python']
[0.303s] Level 1:colcon.colcon_core.package_identification:_identify(dataset/20251127_004443_Home2B_ep2/images) by extension 'cmake'
[0.303s] Level 1:colcon.colcon_core.package_identification:_identify(dataset/20251127_004443_Home2B_ep2/images) by extension 'python'
[0.303s] Level 1:colcon.colcon_core.package_identification:_identify(dataset/20251127_004443_Home2B_ep2/images) by extensions ['python_setup_py']
[0.303s] Level 1:colcon.colcon_core.package_identification:_identify(dataset/20251127_004443_Home2B_ep2/images) by extension 'python_setup_py'
[0.304s] Level 1:colcon.colcon_core.package_identification:_identify(dataset/20251127_004951_Home2B_ep3) by extensions ['ignore', 'ignore_ament_install']
[0.304s] Level 1:colcon.colcon_core.package_identification:_identify(dataset/20251127_004951_Home2B_ep3) by extension 'ignore'
[0.304s] Level 1:colcon.colcon_core.package_identification:_identify(dataset/20251127_004951_Home2B_ep3) by extension 'ignore_ament_install'
[0.304s] Level 1:colcon.colcon_core.package_identification:_identify(dataset/20251127_004951_Home2B_ep3) by extensions ['colcon_pkg']
[0.304s] Level 1:colcon.colcon_core.package_identification:_identify(dataset/20251127_004951_Home2B_ep3) by extension 'colcon_pkg'
[0.304s] Level 1:colcon.colcon_core.package_identification:_identify(dataset/20251127_004951_Home2B_ep3) by extensions ['colcon_meta']
[0.304s] Level 1:colcon.colcon_core.package_identification:_identify(dataset/20251127_004951_Home2B_ep3) by extension 'colcon_meta'
[0.304s] Level 1:colcon.colcon_core.package_identification:_identify(dataset/20251127_004951_Home2B_ep3) by extensions ['ros']
[0.304s] Level 1:colcon.colcon_core.package_identification:_identify(dataset/20251127_004951_Home2B_ep3) by extension 'ros'
[0.304s] Level 1:colcon.colcon_core.package_identification:_identify(dataset/20251127_004951_Home2B_ep3) by extensions ['cmake', 'python']
[0.304s] Level 1:colcon.colcon_core.package_identification:_identify(dataset/20251127_004951_Home2B_ep3) by extension 'cmake'
[0.304s] Level 1:colcon.colcon_core.package_identification:_identify(dataset/20251127_004951_Home2B_ep3) by extension 'python'
[0.304s] Level 1:colcon.colcon_core.package_identification:_identify(dataset/20251127_004951_Home2B_ep3) by extensions ['python_setup_py']
[0.304s] Level 1:colcon.colcon_core.package_identification:_identify(dataset/20251127_004951_Home2B_ep3) by extension 'python_setup_py'
[0.304s] Level 1:colcon.colcon_core.package_identification:_identify(dataset/20251127_004951_Home2B_ep3/images) by extensions ['ignore', 'ignore_ament_install']
[0.304s] Level 1:colcon.colcon_core.package_identification:_identify(dataset/20251127_004951_Home2B_ep3/images) by extension 'ignore'
[0.304s] Level 1:colcon.colcon_core.package_identification:_identify(dataset/20251127_004951_Home2B_ep3/images) by extension 'ignore_ament_install'
[0.305s] Level 1:colcon.colcon_core.package_identification:_identify(dataset/20251127_004951_Home2B_ep3/images) by extensions ['colcon_pkg']
[0.305s] Level 1:colcon.colcon_core.package_identification:_identify(dataset/20251127_004951_Home2B_ep3/images) by extension 'colcon_pkg'
[0.305s] Level 1:colcon.colcon_core.package_identification:_identify(dataset/20251127_004951_Home2B_ep3/images) by extensions ['colcon_meta']
[0.305s] Level 1:colcon.colcon_core.package_identification:_identify(dataset/20251127_004951_Home2B_ep3/images) by extension 'colcon_meta'
[0.305s] Level 1:colcon.colcon_core.package_identification:_identify(dataset/20251127_004951_Home2B_ep3/images) by extensions ['ros']
[0.305s] Level 1:colcon.colcon_core.package_identification:_identify(dataset/20251127_004951_Home2B_ep3/images) by extension 'ros'
[0.305s] Level 1:colcon.colcon_core.package_identification:_identify(dataset/20251127_004951_Home2B_ep3/images) by extensions ['cmake', 'python']
[0.305s] Level 1:colcon.colcon_core.package_identification:_identify(dataset/20251127_004951_Home2B_ep3/images) by extension 'cmake'
[0.305s] Level 1:colcon.colcon_core.package_identification:_identify(dataset/20251127_004951_Home2B_ep3/images) by extension 'python'
[0.305s] Level 1:colcon.colcon_core.package_identification:_identify(dataset/20251127_004951_Home2B_ep3/images) by extensions ['python_setup_py']
[0.305s] Level 1:colcon.colcon_core.package_identification:_identify(dataset/20251127_004951_Home2B_ep3/images) by extension 'python_setup_py'
[0.305s] Level 1:colcon.colcon_core.package_identification:_identify(dataset/20251127_005441_Home2B_ep4) by extensions ['ignore', 'ignore_ament_install']
[0.305s] Level 1:colcon.colcon_core.package_identification:_identify(dataset/20251127_005441_Home2B_ep4) by extension 'ignore'
[0.305s] Level 1:colcon.colcon_core.package_identification:_identify(dataset/20251127_005441_Home2B_ep4) by extension 'ignore_ament_install'
[0.305s] Level 1:colcon.colcon_core.package_identification:_identify(dataset/20251127_005441_Home2B_ep4) by extensions ['colcon_pkg']
[0.305s] Level 1:colcon.colcon_core.package_identification:_identify(dataset/20251127_005441_Home2B_ep4) by extension 'colcon_pkg'
[0.305s] Level 1:colcon.colcon_core.package_identification:_identify(dataset/20251127_005441_Home2B_ep4) by extensions ['colcon_meta']
[0.305s] Level 1:colcon.colcon_core.package_identification:_identify(dataset/20251127_005441_Home2B_ep4) by extension 'colcon_meta'
[0.305s] Level 1:colcon.colcon_core.package_identification:_identify(dataset/20251127_005441_Home2B_ep4) by extensions ['ros']
[0.305s] Level 1:colcon.colcon_core.package_identification:_identify(dataset/20251127_005441_Home2B_ep4) by extension 'ros'
[0.305s] Level 1:colcon.colcon_core.package_identification:_identify(dataset/20251127_005441_Home2B_ep4) by extensions ['cmake', 'python']
[0.305s] Level 1:colcon.colcon_core.package_identification:_identify(dataset/20251127_005441_Home2B_ep4) by extension 'cmake'
[0.305s] Level 1:colcon.colcon_core.package_identification:_identify(dataset/20251127_005441_Home2B_ep4) by extension 'python'
[0.305s] Level 1:colcon.colcon_core.package_identification:_identify(dataset/20251127_005441_Home2B_ep4) by extensions ['python_setup_py']
[0.305s] Level 1:colcon.colcon_core.package_identification:_identify(dataset/20251127_005441_Home2B_ep4) by extension 'python_setup_py'
[0.306s] Level 1:colcon.colcon_core.package_identification:_identify(dataset/20251127_005441_Home2B_ep4/images) by extensions ['ignore', 'ignore_ament_install']
[0.306s] Level 1:colcon.colcon_core.package_identification:_identify(dataset/20251127_005441_Home2B_ep4/images) by extension 'ignore'
[0.306s] Level 1:colcon.colcon_core.package_identification:_identify(dataset/20251127_005441_Home2B_ep4/images) by extension 'ignore_ament_install'
[0.306s] Level 1:colcon.colcon_core.package_identification:_identify(dataset/20251127_005441_Home2B_ep4/images) by extensions ['colcon_pkg']
[0.306s] Level 1:colcon.colcon_core.package_identification:_identify(dataset/20251127_005441_Home2B_ep4/images) by extension 'colcon_pkg'
[0.306s] Level 1:colcon.colcon_core.package_identification:_identify(dataset/20251127_005441_Home2B_ep4/images) by extensions ['colcon_meta']
[0.306s] Level 1:colcon.colcon_core.package_identification:_identify(dataset/20251127_005441_Home2B_ep4/images) by extension 'colcon_meta'
[0.306s] Level 1:colcon.colcon_core.package_identification:_identify(dataset/20251127_005441_Home2B_ep4/images) by extensions ['ros']
[0.306s] Level 1:colcon.colcon_core.package_identification:_identify(dataset/20251127_005441_Home2B_ep4/images) by extension 'ros'
[0.306s] Level 1:colcon.colcon_core.package_identification:_identify(dataset/20251127_005441_Home2B_ep4/images) by extensions ['cmake', 'python']
[0.306s] Level 1:colcon.colcon_core.package_identification:_identify(dataset/20251127_005441_Home2B_ep4/images) by extension 'cmake'
[0.306s] Level 1:colcon.colcon_core.package_identification:_identify(dataset/20251127_005441_Home2B_ep4/images) by extension 'python'
[0.306s] Level 1:colcon.colcon_core.package_identification:_identify(dataset/20251127_005441_Home2B_ep4/images) by extensions ['python_setup_py']
[0.306s] Level 1:colcon.colcon_core.package_identification:_identify(dataset/20251127_005441_Home2B_ep4/images) by extension 'python_setup_py'
[0.306s] Level 1:colcon.colcon_core.package_identification:_identify(dataset/20251127_005831_Home2B_ep5) by extensions ['ignore', 'ignore_ament_install']
[0.306s] Level 1:colcon.colcon_core.package_identification:_identify(dataset/20251127_005831_Home2B_ep5) by extension 'ignore'
[0.306s] Level 1:colcon.colcon_core.package_identification:_identify(dataset/20251127_005831_Home2B_ep5) by extension 'ignore_ament_install'
[0.306s] Level 1:colcon.colcon_core.package_identification:_identify(dataset/20251127_005831_Home2B_ep5) by extensions ['colcon_pkg']
[0.306s] Level 1:colcon.colcon_core.package_identification:_identify(dataset/20251127_005831_Home2B_ep5) by extension 'colcon_pkg'
[0.307s] Level 1:colcon.colcon_core.package_identification:_identify(dataset/20251127_005831_Home2B_ep5) by extensions ['colcon_meta']
[0.307s] Level 1:colcon.colcon_core.package_identification:_identify(dataset/20251127_005831_Home2B_ep5) by extension 'colcon_meta'
[0.307s] Level 1:colcon.colcon_core.package_identification:_identify(dataset/20251127_005831_Home2B_ep5) by extensions ['ros']
[0.307s] Level 1:colcon.colcon_core.package_identification:_identify(dataset/20251127_005831_Home2B_ep5) by extension 'ros'
[0.307s] Level 1:colcon.colcon_core.package_identification:_identify(dataset/20251127_005831_Home2B_ep5) by extensions ['cmake', 'python']
[0.307s] Level 1:colcon.colcon_core.package_identification:_identify(dataset/20251127_005831_Home2B_ep5) by extension 'cmake'
[0.307s] Level 1:colcon.colcon_core.package_identification:_identify(dataset/20251127_005831_Home2B_ep5) by extension 'python'
[0.307s] Level 1:colcon.colcon_core.package_identification:_identify(dataset/20251127_005831_Home2B_ep5) by extensions ['python_setup_py']
[0.307s] Level 1:colcon.colcon_core.package_identification:_identify(dataset/20251127_005831_Home2B_ep5) by extension 'python_setup_py'
[0.307s] Level 1:colcon.colcon_core.package_identification:_identify(dataset/20251127_005831_Home2B_ep5/images) by extensions ['ignore', 'ignore_ament_install']
[0.307s] Level 1:colcon.colcon_core.package_identification:_identify(dataset/20251127_005831_Home2B_ep5/images) by extension 'ignore'
[0.307s] Level 1:colcon.colcon_core.package_identification:_identify(dataset/20251127_005831_Home2B_ep5/images) by extension 'ignore_ament_install'
[0.307s] Level 1:colcon.colcon_core.package_identification:_identify(dataset/20251127_005831_Home2B_ep5/images) by extensions ['colcon_pkg']
[0.307s] Level 1:colcon.colcon_core.package_identification:_identify(dataset/20251127_005831_Home2B_ep5/images) by extension 'colcon_pkg'
[0.307s] Level 1:colcon.colcon_core.package_identification:_identify(dataset/20251127_005831_Home2B_ep5/images) by extensions ['colcon_meta']
[0.307s] Level 1:colcon.colcon_core.package_identification:_identify(dataset/20251127_005831_Home2B_ep5/images) by extension 'colcon_meta'
[0.307s] Level 1:colcon.colcon_core.package_identification:_identify(dataset/20251127_005831_Home2B_ep5/images) by extensions ['ros']
[0.307s] Level 1:colcon.colcon_core.package_identification:_identify(dataset/20251127_005831_Home2B_ep5/images) by extension 'ros'
[0.308s] Level 1:colcon.colcon_core.package_identification:_identify(dataset/20251127_005831_Home2B_ep5/images) by extensions ['cmake', 'python']
[0.308s] Level 1:colcon.colcon_core.package_identification:_identify(dataset/20251127_005831_Home2B_ep5/images) by extension 'cmake'
[0.308s] Level 1:colcon.colcon_core.package_identification:_identify(dataset/20251127_005831_Home2B_ep5/images) by extension 'python'
[0.308s] Level 1:colcon.colcon_core.package_identification:_identify(dataset/20251127_005831_Home2B_ep5/images) by extensions ['python_setup_py']
[0.308s] Level 1:colcon.colcon_core.package_identification:_identify(dataset/20251127_005831_Home2B_ep5/images) by extension 'python_setup_py'
[0.308s] Level 1:colcon.colcon_core.package_identification:_identify(dataset/20251127_010444_Home2B_ep6) by extensions ['ignore', 'ignore_ament_install']
[0.308s] Level 1:colcon.colcon_core.package_identification:_identify(dataset/20251127_010444_Home2B_ep6) by extension 'ignore'
[0.308s] Level 1:colcon.colcon_core.package_identification:_identify(dataset/20251127_010444_Home2B_ep6) by extension 'ignore_ament_install'
[0.308s] Level 1:colcon.colcon_core.package_identification:_identify(dataset/20251127_010444_Home2B_ep6) by extensions ['colcon_pkg']
[0.308s] Level 1:colcon.colcon_core.package_identification:_identify(dataset/20251127_010444_Home2B_ep6) by extension 'colcon_pkg'
[0.308s] Level 1:colcon.colcon_core.package_identification:_identify(dataset/20251127_010444_Home2B_ep6) by extensions ['colcon_meta']
[0.308s] Level 1:colcon.colcon_core.package_identification:_identify(dataset/20251127_010444_Home2B_ep6) by extension 'colcon_meta'
[0.308s] Level 1:colcon.colcon_core.package_identification:_identify(dataset/20251127_010444_Home2B_ep6) by extensions ['ros']
[0.308s] Level 1:colcon.colcon_core.package_identification:_identify(dataset/20251127_010444_Home2B_ep6) by extension 'ros'
[0.308s] Level 1:colcon.colcon_core.package_identification:_identify(dataset/20251127_010444_Home2B_ep6) by extensions ['cmake', 'python']
[0.308s] Level 1:colcon.colcon_core.package_identification:_identify(dataset/20251127_010444_Home2B_ep6) by extension 'cmake'
[0.308s] Level 1:colcon.colcon_core.package_identification:_identify(dataset/20251127_010444_Home2B_ep6) by extension 'python'
[0.308s] Level 1:colcon.colcon_core.package_identification:_identify(dataset/20251127_010444_Home2B_ep6) by extensions ['python_setup_py']
[0.308s] Level 1:colcon.colcon_core.package_identification:_identify(dataset/20251127_010444_Home2B_ep6) by extension 'python_setup_py'
[0.309s] Level 1:colcon.colcon_core.package_identification:_identify(dataset/20251127_010444_Home2B_ep6/images) by extensions ['ignore', 'ignore_ament_install']
[0.309s] Level 1:colcon.colcon_core.package_identification:_identify(dataset/20251127_010444_Home2B_ep6/images) by extension 'ignore'
[0.309s] Level 1:colcon.colcon_core.package_identification:_identify(dataset/20251127_010444_Home2B_ep6/images) by extension 'ignore_ament_install'
[0.309s] Level 1:colcon.colcon_core.package_identification:_identify(dataset/20251127_010444_Home2B_ep6/images) by extensions ['colcon_pkg']
[0.309s] Level 1:colcon.colcon_core.package_identification:_identify(dataset/20251127_010444_Home2B_ep6/images) by extension 'colcon_pkg'
[0.309s] Level 1:colcon.colcon_core.package_identification:_identify(dataset/20251127_010444_Home2B_ep6/images) by extensions ['colcon_meta']
[0.309s] Level 1:colcon.colcon_core.package_identification:_identify(dataset/20251127_010444_Home2B_ep6/images) by extension 'colcon_meta'
[0.309s] Level 1:colcon.colcon_core.package_identification:_identify(dataset/20251127_010444_Home2B_ep6/images) by extensions ['ros']
[0.309s] Level 1:colcon.colcon_core.package_identification:_identify(dataset/20251127_010444_Home2B_ep6/images) by extension 'ros'
[0.309s] Level 1:colcon.colcon_core.package_identification:_identify(dataset/20251127_010444_Home2B_ep6/images) by extensions ['cmake', 'python']
[0.309s] Level 1:colcon.colcon_core.package_identification:_identify(dataset/20251127_010444_Home2B_ep6/images) by extension 'cmake'
[0.309s] Level 1:colcon.colcon_core.package_identification:_identify(dataset/20251127_010444_Home2B_ep6/images) by extension 'python'
[0.309s] Level 1:colcon.colcon_core.package_identification:_identify(dataset/20251127_010444_Home2B_ep6/images) by extensions ['python_setup_py']
[0.309s] Level 1:colcon.colcon_core.package_identification:_identify(dataset/20251127_010444_Home2B_ep6/images) by extension 'python_setup_py'
[0.309s] Level 1:colcon.colcon_core.package_identification:_identify(dataset/20251127_011014_Home2B_ep7) by extensions ['ignore', 'ignore_ament_install']
[0.309s] Level 1:colcon.colcon_core.package_identification:_identify(dataset/20251127_011014_Home2B_ep7) by extension 'ignore'
[0.309s] Level 1:colcon.colcon_core.package_identification:_identify(dataset/20251127_011014_Home2B_ep7) by extension 'ignore_ament_install'
[0.309s] Level 1:colcon.colcon_core.package_identification:_identify(dataset/20251127_011014_Home2B_ep7) by extensions ['colcon_pkg']
[0.309s] Level 1:colcon.colcon_core.package_identification:_identify(dataset/20251127_011014_Home2B_ep7) by extension 'colcon_pkg'
[0.309s] Level 1:colcon.colcon_core.package_identification:_identify(dataset/20251127_011014_Home2B_ep7) by extensions ['colcon_meta']
[0.309s] Level 1:colcon.colcon_core.package_identification:_identify(dataset/20251127_011014_Home2B_ep7) by extension 'colcon_meta'
[0.309s] Level 1:colcon.colcon_core.package_identification:_identify(dataset/20251127_011014_Home2B_ep7) by extensions ['ros']
[0.309s] Level 1:colcon.colcon_core.package_identification:_identify(dataset/20251127_011014_Home2B_ep7) by extension 'ros'
[0.309s] Level 1:colcon.colcon_core.package_identification:_identify(dataset/20251127_011014_Home2B_ep7) by extensions ['cmake', 'python']
[0.309s] Level 1:colcon.colcon_core.package_identification:_identify(dataset/20251127_011014_Home2B_ep7) by extension 'cmake'
[0.309s] Level 1:colcon.colcon_core.package_identification:_identify(dataset/20251127_011014_Home2B_ep7) by extension 'python'
[0.310s] Level 1:colcon.colcon_core.package_identification:_identify(dataset/20251127_011014_Home2B_ep7) by extensions ['python_setup_py']
[0.310s] Level 1:colcon.colcon_core.package_identification:_identify(dataset/20251127_011014_Home2B_ep7) by extension 'python_setup_py'
[0.310s] Level 1:colcon.colcon_core.package_identification:_identify(dataset/20251127_011014_Home2B_ep7/images) by extensions ['ignore', 'ignore_ament_install']
[0.310s] Level 1:colcon.colcon_core.package_identification:_identify(dataset/20251127_011014_Home2B_ep7/images) by extension 'ignore'
[0.310s] Level 1:colcon.colcon_core.package_identification:_identify(dataset/20251127_011014_Home2B_ep7/images) by extension 'ignore_ament_install'
[0.310s] Level 1:colcon.colcon_core.package_identification:_identify(dataset/20251127_011014_Home2B_ep7/images) by extensions ['colcon_pkg']
[0.310s] Level 1:colcon.colcon_core.package_identification:_identify(dataset/20251127_011014_Home2B_ep7/images) by extension 'colcon_pkg'
[0.310s] Level 1:colcon.colcon_core.package_identification:_identify(dataset/20251127_011014_Home2B_ep7/images) by extensions ['colcon_meta']
[0.310s] Level 1:colcon.colcon_core.package_identification:_identify(dataset/20251127_011014_Home2B_ep7/images) by extension 'colcon_meta'
[0.310s] Level 1:colcon.colcon_core.package_identification:_identify(dataset/20251127_011014_Home2B_ep7/images) by extensions ['ros']
[0.310s] Level 1:colcon.colcon_core.package_identification:_identify(dataset/20251127_011014_Home2B_ep7/images) by extension 'ros'
[0.310s] Level 1:colcon.colcon_core.package_identification:_identify(dataset/20251127_011014_Home2B_ep7/images) by extensions ['cmake', 'python']
[0.310s] Level 1:colcon.colcon_core.package_identification:_identify(dataset/20251127_011014_Home2B_ep7/images) by extension 'cmake'
[0.310s] Level 1:colcon.colcon_core.package_identification:_identify(dataset/20251127_011014_Home2B_ep7/images) by extension 'python'
[0.310s] Level 1:colcon.colcon_core.package_identification:_identify(dataset/20251127_011014_Home2B_ep7/images) by extensions ['python_setup_py']
[0.310s] Level 1:colcon.colcon_core.package_identification:_identify(dataset/20251127_011014_Home2B_ep7/images) by extension 'python_setup_py'
[0.310s] Level 1:colcon.colcon_core.package_identification:_identify(dataset/20251215_014042_Home2B_ep8) by extensions ['ignore', 'ignore_ament_install']
[0.310s] Level 1:colcon.colcon_core.package_identification:_identify(dataset/20251215_014042_Home2B_ep8) by extension 'ignore'
[0.311s] Level 1:colcon.colcon_core.package_identification:_identify(dataset/20251215_014042_Home2B_ep8) by extension 'ignore_ament_install'
[0.311s] Level 1:colcon.colcon_core.package_identification:_identify(dataset/20251215_014042_Home2B_ep8) by extensions ['colcon_pkg']
[0.311s] Level 1:colcon.colcon_core.package_identification:_identify(dataset/20251215_014042_Home2B_ep8) by extension 'colcon_pkg'
[0.311s] Level 1:colcon.colcon_core.package_identification:_identify(dataset/20251215_014042_Home2B_ep8) by extensions ['colcon_meta']
[0.311s] Level 1:colcon.colcon_core.package_identification:_identify(dataset/20251215_014042_Home2B_ep8) by extension 'colcon_meta'
[0.311s] Level 1:colcon.colcon_core.package_identification:_identify(dataset/20251215_014042_Home2B_ep8) by extensions ['ros']
[0.311s] Level 1:colcon.colcon_core.package_identification:_identify(dataset/20251215_014042_Home2B_ep8) by extension 'ros'
[0.311s] Level 1:colcon.colcon_core.package_identification:_identify(dataset/20251215_014042_Home2B_ep8) by extensions ['cmake', 'python']
[0.311s] Level 1:colcon.colcon_core.package_identification:_identify(dataset/20251215_014042_Home2B_ep8) by extension 'cmake'
[0.311s] Level 1:colcon.colcon_core.package_identification:_identify(dataset/20251215_014042_Home2B_ep8) by extension 'python'
[0.311s] Level 1:colcon.colcon_core.package_identification:_identify(dataset/20251215_014042_Home2B_ep8) by extensions ['python_setup_py']
[0.311s] Level 1:colcon.colcon_core.package_identification:_identify(dataset/20251215_014042_Home2B_ep8) by extension 'python_setup_py'
[0.311s] Level 1:colcon.colcon_core.package_identification:_identify(dataset/20251215_014042_Home2B_ep8/images) by extensions ['ignore', 'ignore_ament_install']
[0.311s] Level 1:colcon.colcon_core.package_identification:_identify(dataset/20251215_014042_Home2B_ep8/images) by extension 'ignore'
[0.311s] Level 1:colcon.colcon_core.package_identification:_identify(dataset/20251215_014042_Home2B_ep8/images) by extension 'ignore_ament_install'
[0.311s] Level 1:colcon.colcon_core.package_identification:_identify(dataset/20251215_014042_Home2B_ep8/images) by extensions ['colcon_pkg']
[0.311s] Level 1:colcon.colcon_core.package_identification:_identify(dataset/20251215_014042_Home2B_ep8/images) by extension 'colcon_pkg'
[0.311s] Level 1:colcon.colcon_core.package_identification:_identify(dataset/20251215_014042_Home2B_ep8/images) by extensions ['colcon_meta']
[0.311s] Level 1:colcon.colcon_core.package_identification:_identify(dataset/20251215_014042_Home2B_ep8/images) by extension 'colcon_meta'
[0.311s] Level 1:colcon.colcon_core.package_identification:_identify(dataset/20251215_014042_Home2B_ep8/images) by extensions ['ros']
[0.311s] Level 1:colcon.colcon_core.package_identification:_identify(dataset/20251215_014042_Home2B_ep8/images) by extension 'ros'
[0.312s] Level 1:colcon.colcon_core.package_identification:_identify(dataset/20251215_014042_Home2B_ep8/images) by extensions ['cmake', 'python']
[0.312s] Level 1:colcon.colcon_core.package_identification:_identify(dataset/20251215_014042_Home2B_ep8/images) by extension 'cmake'
[0.312s] Level 1:colcon.colcon_core.package_identification:_identify(dataset/20251215_014042_Home2B_ep8/images) by extension 'python'
[0.312s] Level 1:colcon.colcon_core.package_identification:_identify(dataset/20251215_014042_Home2B_ep8/images) by extensions ['python_setup_py']
[0.312s] Level 1:colcon.colcon_core.package_identification:_identify(dataset/20251215_014042_Home2B_ep8/images) by extension 'python_setup_py'
[0.312s] Level 1:colcon.colcon_core.package_identification:_identify(dataset/20251215_014344_Home2B_ep9) by extensions ['ignore', 'ignore_ament_install']
[0.312s] Level 1:colcon.colcon_core.package_identification:_identify(dataset/20251215_014344_Home2B_ep9) by extension 'ignore'
[0.312s] Level 1:colcon.colcon_core.package_identification:_identify(dataset/20251215_014344_Home2B_ep9) by extension 'ignore_ament_install'
[0.312s] Level 1:colcon.colcon_core.package_identification:_identify(dataset/20251215_014344_Home2B_ep9) by extensions ['colcon_pkg']
[0.312s] Level 1:colcon.colcon_core.package_identification:_identify(dataset/20251215_014344_Home2B_ep9) by extension 'colcon_pkg'
[0.312s] Level 1:colcon.colcon_core.package_identification:_identify(dataset/20251215_014344_Home2B_ep9) by extensions ['colcon_meta']
[0.312s] Level 1:colcon.colcon_core.package_identification:_identify(dataset/20251215_014344_Home2B_ep9) by extension 'colcon_meta'
[0.312s] Level 1:colcon.colcon_core.package_identification:_identify(dataset/20251215_014344_Home2B_ep9) by extensions ['ros']
[0.312s] Level 1:colcon.colcon_core.package_identification:_identify(dataset/20251215_014344_Home2B_ep9) by extension 'ros'
[0.312s] Level 1:colcon.colcon_core.package_identification:_identify(dataset/20251215_014344_Home2B_ep9) by extensions ['cmake', 'python']
[0.312s] Level 1:colcon.colcon_core.package_identification:_identify(dataset/20251215_014344_Home2B_ep9) by extension 'cmake'
[0.312s] Level 1:colcon.colcon_core.package_identification:_identify(dataset/20251215_014344_Home2B_ep9) by extension 'python'
[0.312s] Level 1:colcon.colcon_core.package_identification:_identify(dataset/20251215_014344_Home2B_ep9) by extensions ['python_setup_py']
[0.312s] Level 1:colcon.colcon_core.package_identification:_identify(dataset/20251215_014344_Home2B_ep9) by extension 'python_setup_py'
[0.313s] Level 1:colcon.colcon_core.package_identification:_identify(dataset/20251215_014344_Home2B_ep9/images) by extensions ['ignore', 'ignore_ament_install']
[0.313s] Level 1:colcon.colcon_core.package_identification:_identify(dataset/20251215_014344_Home2B_ep9/images) by extension 'ignore'
[0.313s] Level 1:colcon.colcon_core.package_identification:_identify(dataset/20251215_014344_Home2B_ep9/images) by extension 'ignore_ament_install'
[0.313s] Level 1:colcon.colcon_core.package_identification:_identify(dataset/20251215_014344_Home2B_ep9/images) by extensions ['colcon_pkg']
[0.313s] Level 1:colcon.colcon_core.package_identification:_identify(dataset/20251215_014344_Home2B_ep9/images) by extension 'colcon_pkg'
[0.313s] Level 1:colcon.colcon_core.package_identification:_identify(dataset/20251215_014344_Home2B_ep9/images) by extensions ['colcon_meta']
[0.313s] Level 1:colcon.colcon_core.package_identification:_identify(dataset/20251215_014344_Home2B_ep9/images) by extension 'colcon_meta'
[0.313s] Level 1:colcon.colcon_core.package_identification:_identify(dataset/20251215_014344_Home2B_ep9/images) by extensions ['ros']
[0.313s] Level 1:colcon.colcon_core.package_identification:_identify(dataset/20251215_014344_Home2B_ep9/images) by extension 'ros'
[0.313s] Level 1:colcon.colcon_core.package_identification:_identify(dataset/20251215_014344_Home2B_ep9/images) by extensions ['cmake', 'python']
[0.313s] Level 1:colcon.colcon_core.package_identification:_identify(dataset/20251215_014344_Home2B_ep9/images) by extension 'cmake'
[0.313s] Level 1:colcon.colcon_core.package_identification:_identify(dataset/20251215_014344_Home2B_ep9/images) by extension 'python'
[0.313s] Level 1:colcon.colcon_core.package_identification:_identify(dataset/20251215_014344_Home2B_ep9/images) by extensions ['python_setup_py']
[0.313s] Level 1:colcon.colcon_core.package_identification:_identify(dataset/20251215_014344_Home2B_ep9/images) by extension 'python_setup_py'
[0.313s] Level 1:colcon.colcon_core.package_identification:_identify(dataset/20251215_014708_Home2B_ep10) by extensions ['ignore', 'ignore_ament_install']
[0.313s] Level 1:colcon.colcon_core.package_identification:_identify(dataset/20251215_014708_Home2B_ep10) by extension 'ignore'
[0.313s] Level 1:colcon.colcon_core.package_identification:_identify(dataset/20251215_014708_Home2B_ep10) by extension 'ignore_ament_install'
[0.313s] Level 1:colcon.colcon_core.package_identification:_identify(dataset/20251215_014708_Home2B_ep10) by extensions ['colcon_pkg']
[0.313s] Level 1:colcon.colcon_core.package_identification:_identify(dataset/20251215_014708_Home2B_ep10) by extension 'colcon_pkg'
[0.313s] Level 1:colcon.colcon_core.package_identification:_identify(dataset/20251215_014708_Home2B_ep10) by extensions ['colcon_meta']
[0.313s] Level 1:colcon.colcon_core.package_identification:_identify(dataset/20251215_014708_Home2B_ep10) by extension 'colcon_meta'
[0.313s] Level 1:colcon.colcon_core.package_identification:_identify(dataset/20251215_014708_Home2B_ep10) by extensions ['ros']
[0.313s] Level 1:colcon.colcon_core.package_identification:_identify(dataset/20251215_014708_Home2B_ep10) by extension 'ros'
[0.313s] Level 1:colcon.colcon_core.package_identification:_identify(dataset/20251215_014708_Home2B_ep10) by extensions ['cmake', 'python']
[0.313s] Level 1:colcon.colcon_core.package_identification:_identify(dataset/20251215_014708_Home2B_ep10) by extension 'cmake'
[0.314s] Level 1:colcon.colcon_core.package_identification:_identify(dataset/20251215_014708_Home2B_ep10) by extension 'python'
[0.314s] Level 1:colcon.colcon_core.package_identification:_identify(dataset/20251215_014708_Home2B_ep10) by extensions ['python_setup_py']
[0.314s] Level 1:colcon.colcon_core.package_identification:_identify(dataset/20251215_014708_Home2B_ep10) by extension 'python_setup_py'
[0.314s] Level 1:colcon.colcon_core.package_identification:_identify(dataset/20251215_014708_Home2B_ep10/images) by extensions ['ignore', 'ignore_ament_install']
[0.314s] Level 1:colcon.colcon_core.package_identification:_identify(dataset/20251215_014708_Home2B_ep10/images) by extension 'ignore'
[0.314s] Level 1:colcon.colcon_core.package_identification:_identify(dataset/20251215_014708_Home2B_ep10/images) by extension 'ignore_ament_install'
[0.314s] Level 1:colcon.colcon_core.package_identification:_identify(dataset/20251215_014708_Home2B_ep10/images) by extensions ['colcon_pkg']
[0.314s] Level 1:colcon.colcon_core.package_identification:_identify(dataset/20251215_014708_Home2B_ep10/images) by extension 'colcon_pkg'
[0.314s] Level 1:colcon.colcon_core.package_identification:_identify(dataset/20251215_014708_Home2B_ep10/images) by extensions ['colcon_meta']
[0.314s] Level 1:colcon.colcon_core.package_identification:_identify(dataset/20251215_014708_Home2B_ep10/images) by extension 'colcon_meta'
[0.314s] Level 1:colcon.colcon_core.package_identification:_identify(dataset/20251215_014708_Home2B_ep10/images) by extensions ['ros']
[0.314s] Level 1:colcon.colcon_core.package_identification:_identify(dataset/20251215_014708_Home2B_ep10/images) by extension 'ros'
[0.314s] Level 1:colcon.colcon_core.package_identification:_identify(dataset/20251215_014708_Home2B_ep10/images) by extensions ['cmake', 'python']
[0.314s] Level 1:colcon.colcon_core.package_identification:_identify(dataset/20251215_014708_Home2B_ep10/images) by extension 'cmake'
[0.314s] Level 1:colcon.colcon_core.package_identification:_identify(dataset/20251215_014708_Home2B_ep10/images) by extension 'python'
[0.314s] Level 1:colcon.colcon_core.package_identification:_identify(dataset/20251215_014708_Home2B_ep10/images) by extensions ['python_setup_py']
[0.314s] Level 1:colcon.colcon_core.package_identification:_identify(dataset/20251215_014708_Home2B_ep10/images) by extension 'python_setup_py'
[0.315s] Level 1:colcon.colcon_core.package_identification:_identify(dataset/20251215_015129_Home2B_ep11) by extensions ['ignore', 'ignore_ament_install']
[0.315s] Level 1:colcon.colcon_core.package_identification:_identify(dataset/20251215_015129_Home2B_ep11) by extension 'ignore'
[0.315s] Level 1:colcon.colcon_core.package_identification:_identify(dataset/20251215_015129_Home2B_ep11) by extension 'ignore_ament_install'
[0.315s] Level 1:colcon.colcon_core.package_identification:_identify(dataset/20251215_015129_Home2B_ep11) by extensions ['colcon_pkg']
[0.315s] Level 1:colcon.colcon_core.package_identification:_identify(dataset/20251215_015129_Home2B_ep11) by extension 'colcon_pkg'
[0.315s] Level 1:colcon.colcon_core.package_identification:_identify(dataset/20251215_015129_Home2B_ep11) by extensions ['colcon_meta']
[0.315s] Level 1:colcon.colcon_core.package_identification:_identify(dataset/20251215_015129_Home2B_ep11) by extension 'colcon_meta'
[0.315s] Level 1:colcon.colcon_core.package_identification:_identify(dataset/20251215_015129_Home2B_ep11) by extensions ['ros']
[0.315s] Level 1:colcon.colcon_core.package_identification:_identify(dataset/20251215_015129_Home2B_ep11) by extension 'ros'
[0.315s] Level 1:colcon.colcon_core.package_identification:_identify(dataset/20251215_015129_Home2B_ep11) by extensions ['cmake', 'python']
[0.315s] Level 1:colcon.colcon_core.package_identification:_identify(dataset/20251215_015129_Home2B_ep11) by extension 'cmake'
[0.315s] Level 1:colcon.colcon_core.package_identification:_identify(dataset/20251215_015129_Home2B_ep11) by extension 'python'
[0.315s] Level 1:colcon.colcon_core.package_identification:_identify(dataset/20251215_015129_Home2B_ep11) by extensions ['python_setup_py']
[0.315s] Level 1:colcon.colcon_core.package_identification:_identify(dataset/20251215_015129_Home2B_ep11) by extension 'python_setup_py'
[0.315s] Level 1:colcon.colcon_core.package_identification:_identify(dataset/20251215_015129_Home2B_ep11/images) by extensions ['ignore', 'ignore_ament_install']
[0.315s] Level 1:colcon.colcon_core.package_identification:_identify(dataset/20251215_015129_Home2B_ep11/images) by extension 'ignore'
[0.315s] Level 1:colcon.colcon_core.package_identification:_identify(dataset/20251215_015129_Home2B_ep11/images) by extension 'ignore_ament_install'
[0.315s] Level 1:colcon.colcon_core.package_identification:_identify(dataset/20251215_015129_Home2B_ep11/images) by extensions ['colcon_pkg']
[0.315s] Level 1:colcon.colcon_core.package_identification:_identify(dataset/20251215_015129_Home2B_ep11/images) by extension 'colcon_pkg'
[0.316s] Level 1:colcon.colcon_core.package_identification:_identify(dataset/20251215_015129_Home2B_ep11/images) by extensions ['colcon_meta']
[0.316s] Level 1:colcon.colcon_core.package_identification:_identify(dataset/20251215_015129_Home2B_ep11/images) by extension 'colcon_meta'
[0.316s] Level 1:colcon.colcon_core.package_identification:_identify(dataset/20251215_015129_Home2B_ep11/images) by extensions ['ros']
[0.316s] Level 1:colcon.colcon_core.package_identification:_identify(dataset/20251215_015129_Home2B_ep11/images) by extension 'ros'
[0.316s] Level 1:colcon.colcon_core.package_identification:_identify(dataset/20251215_015129_Home2B_ep11/images) by extensions ['cmake', 'python']
[0.316s] Level 1:colcon.colcon_core.package_identification:_identify(dataset/20251215_015129_Home2B_ep11/images) by extension 'cmake'
[0.316s] Level 1:colcon.colcon_core.package_identification:_identify(dataset/20251215_015129_Home2B_ep11/images) by extension 'python'
[0.316s] Level 1:colcon.colcon_core.package_identification:_identify(dataset/20251215_015129_Home2B_ep11/images) by extensions ['python_setup_py']
[0.316s] Level 1:colcon.colcon_core.package_identification:_identify(dataset/20251215_015129_Home2B_ep11/images) by extension 'python_setup_py'
[0.316s] Level 1:colcon.colcon_core.package_identification:_identify(dataset/20251215_015547_Home2B_ep12) by extensions ['ignore', 'ignore_ament_install']
[0.316s] Level 1:colcon.colcon_core.package_identification:_identify(dataset/20251215_015547_Home2B_ep12) by extension 'ignore'
[0.316s] Level 1:colcon.colcon_core.package_identification:_identify(dataset/20251215_015547_Home2B_ep12) by extension 'ignore_ament_install'
[0.316s] Level 1:colcon.colcon_core.package_identification:_identify(dataset/20251215_015547_Home2B_ep12) by extensions ['colcon_pkg']
[0.316s] Level 1:colcon.colcon_core.package_identification:_identify(dataset/20251215_015547_Home2B_ep12) by extension 'colcon_pkg'
[0.316s] Level 1:colcon.colcon_core.package_identification:_identify(dataset/20251215_015547_Home2B_ep12) by extensions ['colcon_meta']
[0.316s] Level 1:colcon.colcon_core.package_identification:_identify(dataset/20251215_015547_Home2B_ep12) by extension 'colcon_meta'
[0.316s] Level 1:colcon.colcon_core.package_identification:_identify(dataset/20251215_015547_Home2B_ep12) by extensions ['ros']
[0.316s] Level 1:colcon.colcon_core.package_identification:_identify(dataset/20251215_015547_Home2B_ep12) by extension 'ros'
[0.316s] Level 1:colcon.colcon_core.package_identification:_identify(dataset/20251215_015547_Home2B_ep12) by extensions ['cmake', 'python']
[0.316s] Level 1:colcon.colcon_core.package_identification:_identify(dataset/20251215_015547_Home2B_ep12) by extension 'cmake'
[0.316s] Level 1:colcon.colcon_core.package_identification:_identify(dataset/20251215_015547_Home2B_ep12) by extension 'python'
[0.316s] Level 1:colcon.colcon_core.package_identification:_identify(dataset/20251215_015547_Home2B_ep12) by extensions ['python_setup_py']
[0.316s] Level 1:colcon.colcon_core.package_identification:_identify(dataset/20251215_015547_Home2B_ep12) by extension 'python_setup_py'
[0.317s] Level 1:colcon.colcon_core.package_identification:_identify(dataset/20251215_015547_Home2B_ep12/images) by extensions ['ignore', 'ignore_ament_install']
[0.317s] Level 1:colcon.colcon_core.package_identification:_identify(dataset/20251215_015547_Home2B_ep12/images) by extension 'ignore'
[0.317s] Level 1:colcon.colcon_core.package_identification:_identify(dataset/20251215_015547_Home2B_ep12/images) by extension 'ignore_ament_install'
[0.317s] Level 1:colcon.colcon_core.package_identification:_identify(dataset/20251215_015547_Home2B_ep12/images) by extensions ['colcon_pkg']
[0.317s] Level 1:colcon.colcon_core.package_identification:_identify(dataset/20251215_015547_Home2B_ep12/images) by extension 'colcon_pkg'
[0.317s] Level 1:colcon.colcon_core.package_identification:_identify(dataset/20251215_015547_Home2B_ep12/images) by extensions ['colcon_meta']
[0.317s] Level 1:colcon.colcon_core.package_identification:_identify(dataset/20251215_015547_Home2B_ep12/images) by extension 'colcon_meta'
[0.317s] Level 1:colcon.colcon_core.package_identification:_identify(dataset/20251215_015547_Home2B_ep12/images) by extensions ['ros']
[0.317s] Level 1:colcon.colcon_core.package_identification:_identify(dataset/20251215_015547_Home2B_ep12/images) by extension 'ros'
[0.317s] Level 1:colcon.colcon_core.package_identification:_identify(dataset/20251215_015547_Home2B_ep12/images) by extensions ['cmake', 'python']
[0.317s] Level 1:colcon.colcon_core.package_identification:_identify(dataset/20251215_015547_Home2B_ep12/images) by extension 'cmake'
[0.317s] Level 1:colcon.colcon_core.package_identification:_identify(dataset/20251215_015547_Home2B_ep12/images) by extension 'python'
[0.317s] Level 1:colcon.colcon_core.package_identification:_identify(dataset/20251215_015547_Home2B_ep12/images) by extensions ['python_setup_py']
[0.317s] Level 1:colcon.colcon_core.package_identification:_identify(dataset/20251215_015547_Home2B_ep12/images) by extension 'python_setup_py'
[0.317s] Level 1:colcon.colcon_core.package_identification:_identify(dataset/20251215_015924_Home2B_ep13) by extensions ['ignore', 'ignore_ament_install']
[0.317s] Level 1:colcon.colcon_core.package_identification:_identify(dataset/20251215_015924_Home2B_ep13) by extension 'ignore'
[0.317s] Level 1:colcon.colcon_core.package_identification:_identify(dataset/20251215_015924_Home2B_ep13) by extension 'ignore_ament_install'
[0.317s] Level 1:colcon.colcon_core.package_identification:_identify(dataset/20251215_015924_Home2B_ep13) by extensions ['colcon_pkg']
[0.317s] Level 1:colcon.colcon_core.package_identification:_identify(dataset/20251215_015924_Home2B_ep13) by extension 'colcon_pkg'
[0.317s] Level 1:colcon.colcon_core.package_identification:_identify(dataset/20251215_015924_Home2B_ep13) by extensions ['colcon_meta']
[0.317s] Level 1:colcon.colcon_core.package_identification:_identify(dataset/20251215_015924_Home2B_ep13) by extension 'colcon_meta'
[0.317s] Level 1:colcon.colcon_core.package_identification:_identify(dataset/20251215_015924_Home2B_ep13) by extensions ['ros']
[0.317s] Level 1:colcon.colcon_core.package_identification:_identify(dataset/20251215_015924_Home2B_ep13) by extension 'ros'
[0.318s] Level 1:colcon.colcon_core.package_identification:_identify(dataset/20251215_015924_Home2B_ep13) by extensions ['cmake', 'python']
[0.318s] Level 1:colcon.colcon_core.package_identification:_identify(dataset/20251215_015924_Home2B_ep13) by extension 'cmake'
[0.318s] Level 1:colcon.colcon_core.package_identification:_identify(dataset/20251215_015924_Home2B_ep13) by extension 'python'
[0.318s] Level 1:colcon.colcon_core.package_identification:_identify(dataset/20251215_015924_Home2B_ep13) by extensions ['python_setup_py']
[0.318s] Level 1:colcon.colcon_core.package_identification:_identify(dataset/20251215_015924_Home2B_ep13) by extension 'python_setup_py'
[0.318s] Level 1:colcon.colcon_core.package_identification:_identify(dataset/20251215_015924_Home2B_ep13/images) by extensions ['ignore', 'ignore_ament_install']
[0.318s] Level 1:colcon.colcon_core.package_identification:_identify(dataset/20251215_015924_Home2B_ep13/images) by extension 'ignore'
[0.318s] Level 1:colcon.colcon_core.package_identification:_identify(dataset/20251215_015924_Home2B_ep13/images) by extension 'ignore_ament_install'
[0.318s] Level 1:colcon.colcon_core.package_identification:_identify(dataset/20251215_015924_Home2B_ep13/images) by extensions ['colcon_pkg']
[0.318s] Level 1:colcon.colcon_core.package_identification:_identify(dataset/20251215_015924_Home2B_ep13/images) by extension 'colcon_pkg'
[0.318s] Level 1:colcon.colcon_core.package_identification:_identify(dataset/20251215_015924_Home2B_ep13/images) by extensions ['colcon_meta']
[0.318s] Level 1:colcon.colcon_core.package_identification:_identify(dataset/20251215_015924_Home2B_ep13/images) by extension 'colcon_meta'
[0.318s] Level 1:colcon.colcon_core.package_identification:_identify(dataset/20251215_015924_Home2B_ep13/images) by extensions ['ros']
[0.318s] Level 1:colcon.colcon_core.package_identification:_identify(dataset/20251215_015924_Home2B_ep13/images) by extension 'ros'
[0.318s] Level 1:colcon.colcon_core.package_identification:_identify(dataset/20251215_015924_Home2B_ep13/images) by extensions ['cmake', 'python']
[0.318s] Level 1:colcon.colcon_core.package_identification:_identify(dataset/20251215_015924_Home2B_ep13/images) by extension 'cmake'
[0.318s] Level 1:colcon.colcon_core.package_identification:_identify(dataset/20251215_015924_Home2B_ep13/images) by extension 'python'
[0.318s] Level 1:colcon.colcon_core.package_identification:_identify(dataset/20251215_015924_Home2B_ep13/images) by extensions ['python_setup_py']
[0.318s] Level 1:colcon.colcon_core.package_identification:_identify(dataset/20251215_015924_Home2B_ep13/images) by extension 'python_setup_py'
[0.319s] Level 1:colcon.colcon_core.package_identification:_identify(dataset/20251215_020254_Home2B_ep14) by extensions ['ignore', 'ignore_ament_install']
[0.319s] Level 1:colcon.colcon_core.package_identification:_identify(dataset/20251215_020254_Home2B_ep14) by extension 'ignore'
[0.319s] Level 1:colcon.colcon_core.package_identification:_identify(dataset/20251215_020254_Home2B_ep14) by extension 'ignore_ament_install'
[0.319s] Level 1:colcon.colcon_core.package_identification:_identify(dataset/20251215_020254_Home2B_ep14) by extensions ['colcon_pkg']
[0.319s] Level 1:colcon.colcon_core.package_identification:_identify(dataset/20251215_020254_Home2B_ep14) by extension 'colcon_pkg'
[0.319s] Level 1:colcon.colcon_core.package_identification:_identify(dataset/20251215_020254_Home2B_ep14) by extensions ['colcon_meta']
[0.319s] Level 1:colcon.colcon_core.package_identification:_identify(dataset/20251215_020254_Home2B_ep14) by extension 'colcon_meta'
[0.319s] Level 1:colcon.colcon_core.package_identification:_identify(dataset/20251215_020254_Home2B_ep14) by extensions ['ros']
[0.319s] Level 1:colcon.colcon_core.package_identification:_identify(dataset/20251215_020254_Home2B_ep14) by extension 'ros'
[0.319s] Level 1:colcon.colcon_core.package_identification:_identify(dataset/20251215_020254_Home2B_ep14) by extensions ['cmake', 'python']
[0.319s] Level 1:colcon.colcon_core.package_identification:_identify(dataset/20251215_020254_Home2B_ep14) by extension 'cmake'
[0.319s] Level 1:colcon.colcon_core.package_identification:_identify(dataset/20251215_020254_Home2B_ep14) by extension 'python'
[0.319s] Level 1:colcon.colcon_core.package_identification:_identify(dataset/20251215_020254_Home2B_ep14) by extensions ['python_setup_py']
[0.319s] Level 1:colcon.colcon_core.package_identification:_identify(dataset/20251215_020254_Home2B_ep14) by extension 'python_setup_py'
[0.319s] Level 1:colcon.colcon_core.package_identification:_identify(dataset/20251215_020254_Home2B_ep14/images) by extensions ['ignore', 'ignore_ament_install']
[0.319s] Level 1:colcon.colcon_core.package_identification:_identify(dataset/20251215_020254_Home2B_ep14/images) by extension 'ignore'
[0.319s] Level 1:colcon.colcon_core.package_identification:_identify(dataset/20251215_020254_Home2B_ep14/images) by extension 'ignore_ament_install'
[0.320s] Level 1:colcon.colcon_core.package_identification:_identify(dataset/20251215_020254_Home2B_ep14/images) by extensions ['colcon_pkg']
[0.320s] Level 1:colcon.colcon_core.package_identification:_identify(dataset/20251215_020254_Home2B_ep14/images) by extension 'colcon_pkg'
[0.320s] Level 1:colcon.colcon_core.package_identification:_identify(dataset/20251215_020254_Home2B_ep14/images) by extensions ['colcon_meta']
[0.320s] Level 1:colcon.colcon_core.package_identification:_identify(dataset/20251215_020254_Home2B_ep14/images) by extension 'colcon_meta'
[0.320s] Level 1:colcon.colcon_core.package_identification:_identify(dataset/20251215_020254_Home2B_ep14/images) by extensions ['ros']
[0.320s] Level 1:colcon.colcon_core.package_identification:_identify(dataset/20251215_020254_Home2B_ep14/images) by extension 'ros'
[0.320s] Level 1:colcon.colcon_core.package_identification:_identify(dataset/20251215_020254_Home2B_ep14/images) by extensions ['cmake', 'python']
[0.320s] Level 1:colcon.colcon_core.package_identification:_identify(dataset/20251215_020254_Home2B_ep14/images) by extension 'cmake'
[0.320s] Level 1:colcon.colcon_core.package_identification:_identify(dataset/20251215_020254_Home2B_ep14/images) by extension 'python'
[0.320s] Level 1:colcon.colcon_core.package_identification:_identify(dataset/20251215_020254_Home2B_ep14/images) by extensions ['python_setup_py']
[0.320s] Level 1:colcon.colcon_core.package_identification:_identify(dataset/20251215_020254_Home2B_ep14/images) by extension 'python_setup_py'
[0.320s] Level 1:colcon.colcon_core.package_identification:_identify(dataset/20251215_020643_Home2B_ep15) by extensions ['ignore', 'ignore_ament_install']
[0.320s] Level 1:colcon.colcon_core.package_identification:_identify(dataset/20251215_020643_Home2B_ep15) by extension 'ignore'
[0.320s] Level 1:colcon.colcon_core.package_identification:_identify(dataset/20251215_020643_Home2B_ep15) by extension 'ignore_ament_install'
[0.320s] Level 1:colcon.colcon_core.package_identification:_identify(dataset/20251215_020643_Home2B_ep15) by extensions ['colcon_pkg']
[0.320s] Level 1:colcon.colcon_core.package_identification:_identify(dataset/20251215_020643_Home2B_ep15) by extension 'colcon_pkg'
[0.320s] Level 1:colcon.colcon_core.package_identification:_identify(dataset/20251215_020643_Home2B_ep15) by extensions ['colcon_meta']
[0.320s] Level 1:colcon.colcon_core.package_identification:_identify(dataset/20251215_020643_Home2B_ep15) by extension 'colcon_meta'
[0.320s] Level 1:colcon.colcon_core.package_identification:_identify(dataset/20251215_020643_Home2B_ep15) by extensions ['ros']
[0.320s] Level 1:colcon.colcon_core.package_identification:_identify(dataset/20251215_020643_Home2B_ep15) by extension 'ros'
[0.320s] Level 1:colcon.colcon_core.package_identification:_identify(dataset/20251215_020643_Home2B_ep15) by extensions ['cmake', 'python']
[0.320s] Level 1:colcon.colcon_core.package_identification:_identify(dataset/20251215_020643_Home2B_ep15) by extension 'cmake'
[0.320s] Level 1:colcon.colcon_core.package_identification:_identify(dataset/20251215_020643_Home2B_ep15) by extension 'python'
[0.320s] Level 1:colcon.colcon_core.package_identification:_identify(dataset/20251215_020643_Home2B_ep15) by extensions ['python_setup_py']
[0.320s] Level 1:colcon.colcon_core.package_identification:_identify(dataset/20251215_020643_Home2B_ep15) by extension 'python_setup_py'
[0.321s] Level 1:colcon.colcon_core.package_identification:_identify(dataset/20251215_020643_Home2B_ep15/images) by extensions ['ignore', 'ignore_ament_install']
[0.321s] Level 1:colcon.colcon_core.package_identification:_identify(dataset/20251215_020643_Home2B_ep15/images) by extension 'ignore'
[0.321s] Level 1:colcon.colcon_core.package_identification:_identify(dataset/20251215_020643_Home2B_ep15/images) by extension 'ignore_ament_install'
[0.321s] Level 1:colcon.colcon_core.package_identification:_identify(dataset/20251215_020643_Home2B_ep15/images) by extensions ['colcon_pkg']
[0.321s] Level 1:colcon.colcon_core.package_identification:_identify(dataset/20251215_020643_Home2B_ep15/images) by extension 'colcon_pkg'
[0.321s] Level 1:colcon.colcon_core.package_identification:_identify(dataset/20251215_020643_Home2B_ep15/images) by extensions ['colcon_meta']
[0.321s] Level 1:colcon.colcon_core.package_identification:_identify(dataset/20251215_020643_Home2B_ep15/images) by extension 'colcon_meta'
[0.321s] Level 1:colcon.colcon_core.package_identification:_identify(dataset/20251215_020643_Home2B_ep15/images) by extensions ['ros']
[0.321s] Level 1:colcon.colcon_core.package_identification:_identify(dataset/20251215_020643_Home2B_ep15/images) by extension 'ros'
[0.321s] Level 1:colcon.colcon_core.package_identification:_identify(dataset/20251215_020643_Home2B_ep15/images) by extensions ['cmake', 'python']
[0.321s] Level 1:colcon.colcon_core.package_identification:_identify(dataset/20251215_020643_Home2B_ep15/images) by extension 'cmake'
[0.321s] Level 1:colcon.colcon_core.package_identification:_identify(dataset/20251215_020643_Home2B_ep15/images) by extension 'python'
[0.321s] Level 1:colcon.colcon_core.package_identification:_identify(dataset/20251215_020643_Home2B_ep15/images) by extensions ['python_setup_py']
[0.321s] Level 1:colcon.colcon_core.package_identification:_identify(dataset/20251215_020643_Home2B_ep15/images) by extension 'python_setup_py'
[0.321s] Level 1:colcon.colcon_core.package_identification:_identify(dataset/20251215_020934_Home2B_ep16) by extensions ['ignore', 'ignore_ament_install']
[0.321s] Level 1:colcon.colcon_core.package_identification:_identify(dataset/20251215_020934_Home2B_ep16) by extension 'ignore'
[0.321s] Level 1:colcon.colcon_core.package_identification:_identify(dataset/20251215_020934_Home2B_ep16) by extension 'ignore_ament_install'
[0.321s] Level 1:colcon.colcon_core.package_identification:_identify(dataset/20251215_020934_Home2B_ep16) by extensions ['colcon_pkg']
[0.321s] Level 1:colcon.colcon_core.package_identification:_identify(dataset/20251215_020934_Home2B_ep16) by extension 'colcon_pkg'
[0.321s] Level 1:colcon.colcon_core.package_identification:_identify(dataset/20251215_020934_Home2B_ep16) by extensions ['colcon_meta']
[0.321s] Level 1:colcon.colcon_core.package_identification:_identify(dataset/20251215_020934_Home2B_ep16) by extension 'colcon_meta'
[0.321s] Level 1:colcon.colcon_core.package_identification:_identify(dataset/20251215_020934_Home2B_ep16) by extensions ['ros']
[0.322s] Level 1:colcon.colcon_core.package_identification:_identify(dataset/20251215_020934_Home2B_ep16) by extension 'ros'
[0.322s] Level 1:colcon.colcon_core.package_identification:_identify(dataset/20251215_020934_Home2B_ep16) by extensions ['cmake', 'python']
[0.322s] Level 1:colcon.colcon_core.package_identification:_identify(dataset/20251215_020934_Home2B_ep16) by extension 'cmake'
[0.322s] Level 1:colcon.colcon_core.package_identification:_identify(dataset/20251215_020934_Home2B_ep16) by extension 'python'
[0.322s] Level 1:colcon.colcon_core.package_identification:_identify(dataset/20251215_020934_Home2B_ep16) by extensions ['python_setup_py']
[0.322s] Level 1:colcon.colcon_core.package_identification:_identify(dataset/20251215_020934_Home2B_ep16) by extension 'python_setup_py'
[0.322s] Level 1:colcon.colcon_core.package_identification:_identify(dataset/20251215_020934_Home2B_ep16/images) by extensions ['ignore', 'ignore_ament_install']
[0.322s] Level 1:colcon.colcon_core.package_identification:_identify(dataset/20251215_020934_Home2B_ep16/images) by extension 'ignore'
[0.322s] Level 1:colcon.colcon_core.package_identification:_identify(dataset/20251215_020934_Home2B_ep16/images) by extension 'ignore_ament_install'
[0.322s] Level 1:colcon.colcon_core.package_identification:_identify(dataset/20251215_020934_Home2B_ep16/images) by extensions ['colcon_pkg']
[0.322s] Level 1:colcon.colcon_core.package_identification:_identify(dataset/20251215_020934_Home2B_ep16/images) by extension 'colcon_pkg'
[0.322s] Level 1:colcon.colcon_core.package_identification:_identify(dataset/20251215_020934_Home2B_ep16/images) by extensions ['colcon_meta']
[0.322s] Level 1:colcon.colcon_core.package_identification:_identify(dataset/20251215_020934_Home2B_ep16/images) by extension 'colcon_meta'
[0.322s] Level 1:colcon.colcon_core.package_identification:_identify(dataset/20251215_020934_Home2B_ep16/images) by extensions ['ros']
[0.322s] Level 1:colcon.colcon_core.package_identification:_identify(dataset/20251215_020934_Home2B_ep16/images) by extension 'ros'
[0.322s] Level 1:colcon.colcon_core.package_identification:_identify(dataset/20251215_020934_Home2B_ep16/images) by extensions ['cmake', 'python']
[0.322s] Level 1:colcon.colcon_core.package_identification:_identify(dataset/20251215_020934_Home2B_ep16/images) by extension 'cmake'
[0.322s] Level 1:colcon.colcon_core.package_identification:_identify(dataset/20251215_020934_Home2B_ep16/images) by extension 'python'
[0.322s] Level 1:colcon.colcon_core.package_identification:_identify(dataset/20251215_020934_Home2B_ep16/images) by extensions ['python_setup_py']
[0.322s] Level 1:colcon.colcon_core.package_identification:_identify(dataset/20251215_020934_Home2B_ep16/images) by extension 'python_setup_py'
[0.323s] Level 1:colcon.colcon_core.package_identification:_identify(dataset/20251215_021221_Home2B_ep17) by extensions ['ignore', 'ignore_ament_install']
[0.323s] Level 1:colcon.colcon_core.package_identification:_identify(dataset/20251215_021221_Home2B_ep17) by extension 'ignore'
[0.323s] Level 1:colcon.colcon_core.package_identification:_identify(dataset/20251215_021221_Home2B_ep17) by extension 'ignore_ament_install'
[0.323s] Level 1:colcon.colcon_core.package_identification:_identify(dataset/20251215_021221_Home2B_ep17) by extensions ['colcon_pkg']
[0.323s] Level 1:colcon.colcon_core.package_identification:_identify(dataset/20251215_021221_Home2B_ep17) by extension 'colcon_pkg'
[0.323s] Level 1:colcon.colcon_core.package_identification:_identify(dataset/20251215_021221_Home2B_ep17) by extensions ['colcon_meta']
[0.323s] Level 1:colcon.colcon_core.package_identification:_identify(dataset/20251215_021221_Home2B_ep17) by extension 'colcon_meta'
[0.323s] Level 1:colcon.colcon_core.package_identification:_identify(dataset/20251215_021221_Home2B_ep17) by extensions ['ros']
[0.323s] Level 1:colcon.colcon_core.package_identification:_identify(dataset/20251215_021221_Home2B_ep17) by extension 'ros'
[0.323s] Level 1:colcon.colcon_core.package_identification:_identify(dataset/20251215_021221_Home2B_ep17) by extensions ['cmake', 'python']
[0.323s] Level 1:colcon.colcon_core.package_identification:_identify(dataset/20251215_021221_Home2B_ep17) by extension 'cmake'
[0.323s] Level 1:colcon.colcon_core.package_identification:_identify(dataset/20251215_021221_Home2B_ep17) by extension 'python'
[0.323s] Level 1:colcon.colcon_core.package_identification:_identify(dataset/20251215_021221_Home2B_ep17) by extensions ['python_setup_py']
[0.323s] Level 1:colcon.colcon_core.package_identification:_identify(dataset/20251215_021221_Home2B_ep17) by extension 'python_setup_py'
[0.323s] Level 1:colcon.colcon_core.package_identification:_identify(dataset/20251215_021221_Home2B_ep17/images) by extensions ['ignore', 'ignore_ament_install']
[0.323s] Level 1:colcon.colcon_core.package_identification:_identify(dataset/20251215_021221_Home2B_ep17/images) by extension 'ignore'
[0.323s] Level 1:colcon.colcon_core.package_identification:_identify(dataset/20251215_021221_Home2B_ep17/images) by extension 'ignore_ament_install'
[0.323s] Level 1:colcon.colcon_core.package_identification:_identify(dataset/20251215_021221_Home2B_ep17/images) by extensions ['colcon_pkg']
[0.323s] Level 1:colcon.colcon_core.package_identification:_identify(dataset/20251215_021221_Home2B_ep17/images) by extension 'colcon_pkg'
[0.324s] Level 1:colcon.colcon_core.package_identification:_identify(dataset/20251215_021221_Home2B_ep17/images) by extensions ['colcon_meta']
[0.324s] Level 1:colcon.colcon_core.package_identification:_identify(dataset/20251215_021221_Home2B_ep17/images) by extension 'colcon_meta'
[0.324s] Level 1:colcon.colcon_core.package_identification:_identify(dataset/20251215_021221_Home2B_ep17/images) by extensions ['ros']
[0.324s] Level 1:colcon.colcon_core.package_identification:_identify(dataset/20251215_021221_Home2B_ep17/images) by extension 'ros'
[0.324s] Level 1:colcon.colcon_core.package_identification:_identify(dataset/20251215_021221_Home2B_ep17/images) by extensions ['cmake', 'python']
[0.324s] Level 1:colcon.colcon_core.package_identification:_identify(dataset/20251215_021221_Home2B_ep17/images) by extension 'cmake'
[0.324s] Level 1:colcon.colcon_core.package_identification:_identify(dataset/20251215_021221_Home2B_ep17/images) by extension 'python'
[0.324s] Level 1:colcon.colcon_core.package_identification:_identify(dataset/20251215_021221_Home2B_ep17/images) by extensions ['python_setup_py']
[0.324s] Level 1:colcon.colcon_core.package_identification:_identify(dataset/20251215_021221_Home2B_ep17/images) by extension 'python_setup_py'
[0.324s] Level 1:colcon.colcon_core.package_identification:_identify(dataset/20251215_021818_Home2B_ep18) by extensions ['ignore', 'ignore_ament_install']
[0.324s] Level 1:colcon.colcon_core.package_identification:_identify(dataset/20251215_021818_Home2B_ep18) by extension 'ignore'
[0.324s] Level 1:colcon.colcon_core.package_identification:_identify(dataset/20251215_021818_Home2B_ep18) by extension 'ignore_ament_install'
[0.324s] Level 1:colcon.colcon_core.package_identification:_identify(dataset/20251215_021818_Home2B_ep18) by extensions ['colcon_pkg']
[0.324s] Level 1:colcon.colcon_core.package_identification:_identify(dataset/20251215_021818_Home2B_ep18) by extension 'colcon_pkg'
[0.324s] Level 1:colcon.colcon_core.package_identification:_identify(dataset/20251215_021818_Home2B_ep18) by extensions ['colcon_meta']
[0.324s] Level 1:colcon.colcon_core.package_identification:_identify(dataset/20251215_021818_Home2B_ep18) by extension 'colcon_meta'
[0.324s] Level 1:colcon.colcon_core.package_identification:_identify(dataset/20251215_021818_Home2B_ep18) by extensions ['ros']
[0.324s] Level 1:colcon.colcon_core.package_identification:_identify(dataset/20251215_021818_Home2B_ep18) by extension 'ros'
[0.324s] Level 1:colcon.colcon_core.package_identification:_identify(dataset/20251215_021818_Home2B_ep18) by extensions ['cmake', 'python']
[0.324s] Level 1:colcon.colcon_core.package_identification:_identify(dataset/20251215_021818_Home2B_ep18) by extension 'cmake'
[0.324s] Level 1:colcon.colcon_core.package_identification:_identify(dataset/20251215_021818_Home2B_ep18) by extension 'python'
[0.324s] Level 1:colcon.colcon_core.package_identification:_identify(dataset/20251215_021818_Home2B_ep18) by extensions ['python_setup_py']
[0.324s] Level 1:colcon.colcon_core.package_identification:_identify(dataset/20251215_021818_Home2B_ep18) by extension 'python_setup_py'
[0.325s] Level 1:colcon.colcon_core.package_identification:_identify(dataset/20251215_021818_Home2B_ep18/images) by extensions ['ignore', 'ignore_ament_install']
[0.325s] Level 1:colcon.colcon_core.package_identification:_identify(dataset/20251215_021818_Home2B_ep18/images) by extension 'ignore'
[0.325s] Level 1:colcon.colcon_core.package_identification:_identify(dataset/20251215_021818_Home2B_ep18/images) by extension 'ignore_ament_install'
[0.325s] Level 1:colcon.colcon_core.package_identification:_identify(dataset/20251215_021818_Home2B_ep18/images) by extensions ['colcon_pkg']
[0.325s] Level 1:colcon.colcon_core.package_identification:_identify(dataset/20251215_021818_Home2B_ep18/images) by extension 'colcon_pkg'
[0.325s] Level 1:colcon.colcon_core.package_identification:_identify(dataset/20251215_021818_Home2B_ep18/images) by extensions ['colcon_meta']
[0.325s] Level 1:colcon.colcon_core.package_identification:_identify(dataset/20251215_021818_Home2B_ep18/images) by extension 'colcon_meta'
[0.325s] Level 1:colcon.colcon_core.package_identification:_identify(dataset/20251215_021818_Home2B_ep18/images) by extensions ['ros']
[0.325s] Level 1:colcon.colcon_core.package_identification:_identify(dataset/20251215_021818_Home2B_ep18/images) by extension 'ros'
[0.325s] Level 1:colcon.colcon_core.package_identification:_identify(dataset/20251215_021818_Home2B_ep18/images) by extensions ['cmake', 'python']
[0.325s] Level 1:colcon.colcon_core.package_identification:_identify(dataset/20251215_021818_Home2B_ep18/images) by extension 'cmake'
[0.325s] Level 1:colcon.colcon_core.package_identification:_identify(dataset/20251215_021818_Home2B_ep18/images) by extension 'python'
[0.325s] Level 1:colcon.colcon_core.package_identification:_identify(dataset/20251215_021818_Home2B_ep18/images) by extensions ['python_setup_py']
[0.325s] Level 1:colcon.colcon_core.package_identification:_identify(dataset/20251215_021818_Home2B_ep18/images) by extension 'python_setup_py'
[0.325s] Level 1:colcon.colcon_core.package_identification:_identify(dataset/20251215_022119_Home2B_ep19) by extensions ['ignore', 'ignore_ament_install']
[0.325s] Level 1:colcon.colcon_core.package_identification:_identify(dataset/20251215_022119_Home2B_ep19) by extension 'ignore'
[0.325s] Level 1:colcon.colcon_core.package_identification:_identify(dataset/20251215_022119_Home2B_ep19) by extension 'ignore_ament_install'
[0.325s] Level 1:colcon.colcon_core.package_identification:_identify(dataset/20251215_022119_Home2B_ep19) by extensions ['colcon_pkg']
[0.325s] Level 1:colcon.colcon_core.package_identification:_identify(dataset/20251215_022119_Home2B_ep19) by extension 'colcon_pkg'
[0.325s] Level 1:colcon.colcon_core.package_identification:_identify(dataset/20251215_022119_Home2B_ep19) by extensions ['colcon_meta']
[0.325s] Level 1:colcon.colcon_core.package_identification:_identify(dataset/20251215_022119_Home2B_ep19) by extension 'colcon_meta'
[0.325s] Level 1:colcon.colcon_core.package_identification:_identify(dataset/20251215_022119_Home2B_ep19) by extensions ['ros']
[0.325s] Level 1:colcon.colcon_core.package_identification:_identify(dataset/20251215_022119_Home2B_ep19) by extension 'ros'
[0.326s] Level 1:colcon.colcon_core.package_identification:_identify(dataset/20251215_022119_Home2B_ep19) by extensions ['cmake', 'python']
[0.326s] Level 1:colcon.colcon_core.package_identification:_identify(dataset/20251215_022119_Home2B_ep19) by extension 'cmake'
[0.326s] Level 1:colcon.colcon_core.package_identification:_identify(dataset/20251215_022119_Home2B_ep19) by extension 'python'
[0.326s] Level 1:colcon.colcon_core.package_identification:_identify(dataset/20251215_022119_Home2B_ep19) by extensions ['python_setup_py']
[0.326s] Level 1:colcon.colcon_core.package_identification:_identify(dataset/20251215_022119_Home2B_ep19) by extension 'python_setup_py'
[0.326s] Level 1:colcon.colcon_core.package_identification:_identify(dataset/20251215_022119_Home2B_ep19/images) by extensions ['ignore', 'ignore_ament_install']
[0.326s] Level 1:colcon.colcon_core.package_identification:_identify(dataset/20251215_022119_Home2B_ep19/images) by extension 'ignore'
[0.326s] Level 1:colcon.colcon_core.package_identification:_identify(dataset/20251215_022119_Home2B_ep19/images) by extension 'ignore_ament_install'
[0.326s] Level 1:colcon.colcon_core.package_identification:_identify(dataset/20251215_022119_Home2B_ep19/images) by extensions ['colcon_pkg']
[0.326s] Level 1:colcon.colcon_core.package_identification:_identify(dataset/20251215_022119_Home2B_ep19/images) by extension 'colcon_pkg'
[0.326s] Level 1:colcon.colcon_core.package_identification:_identify(dataset/20251215_022119_Home2B_ep19/images) by extensions ['colcon_meta']
[0.326s] Level 1:colcon.colcon_core.package_identification:_identify(dataset/20251215_022119_Home2B_ep19/images) by extension 'colcon_meta'
[0.326s] Level 1:colcon.colcon_core.package_identification:_identify(dataset/20251215_022119_Home2B_ep19/images) by extensions ['ros']
[0.326s] Level 1:colcon.colcon_core.package_identification:_identify(dataset/20251215_022119_Home2B_ep19/images) by extension 'ros'
[0.326s] Level 1:colcon.colcon_core.package_identification:_identify(dataset/20251215_022119_Home2B_ep19/images) by extensions ['cmake', 'python']
[0.326s] Level 1:colcon.colcon_core.package_identification:_identify(dataset/20251215_022119_Home2B_ep19/images) by extension 'cmake'
[0.326s] Level 1:colcon.colcon_core.package_identification:_identify(dataset/20251215_022119_Home2B_ep19/images) by extension 'python'
[0.326s] Level 1:colcon.colcon_core.package_identification:_identify(dataset/20251215_022119_Home2B_ep19/images) by extensions ['python_setup_py']
[0.326s] Level 1:colcon.colcon_core.package_identification:_identify(dataset/20251215_022119_Home2B_ep19/images) by extension 'python_setup_py'
[0.327s] Level 1:colcon.colcon_core.package_identification:_identify(dataset/20251215_022530_Home2B_ep20) by extensions ['ignore', 'ignore_ament_install']
[0.327s] Level 1:colcon.colcon_core.package_identification:_identify(dataset/20251215_022530_Home2B_ep20) by extension 'ignore'
[0.327s] Level 1:colcon.colcon_core.package_identification:_identify(dataset/20251215_022530_Home2B_ep20) by extension 'ignore_ament_install'
[0.327s] Level 1:colcon.colcon_core.package_identification:_identify(dataset/20251215_022530_Home2B_ep20) by extensions ['colcon_pkg']
[0.327s] Level 1:colcon.colcon_core.package_identification:_identify(dataset/20251215_022530_Home2B_ep20) by extension 'colcon_pkg'
[0.327s] Level 1:colcon.colcon_core.package_identification:_identify(dataset/20251215_022530_Home2B_ep20) by extensions ['colcon_meta']
[0.327s] Level 1:colcon.colcon_core.package_identification:_identify(dataset/20251215_022530_Home2B_ep20) by extension 'colcon_meta'
[0.327s] Level 1:colcon.colcon_core.package_identification:_identify(dataset/20251215_022530_Home2B_ep20) by extensions ['ros']
[0.327s] Level 1:colcon.colcon_core.package_identification:_identify(dataset/20251215_022530_Home2B_ep20) by extension 'ros'
[0.327s] Level 1:colcon.colcon_core.package_identification:_identify(dataset/20251215_022530_Home2B_ep20) by extensions ['cmake', 'python']
[0.327s] Level 1:colcon.colcon_core.package_identification:_identify(dataset/20251215_022530_Home2B_ep20) by extension 'cmake'
[0.327s] Level 1:colcon.colcon_core.package_identification:_identify(dataset/20251215_022530_Home2B_ep20) by extension 'python'
[0.327s] Level 1:colcon.colcon_core.package_identification:_identify(dataset/20251215_022530_Home2B_ep20) by extensions ['python_setup_py']
[0.327s] Level 1:colcon.colcon_core.package_identification:_identify(dataset/20251215_022530_Home2B_ep20) by extension 'python_setup_py'
[0.327s] Level 1:colcon.colcon_core.package_identification:_identify(dataset/20251215_022530_Home2B_ep20/images) by extensions ['ignore', 'ignore_ament_install']
[0.327s] Level 1:colcon.colcon_core.package_identification:_identify(dataset/20251215_022530_Home2B_ep20/images) by extension 'ignore'
[0.327s] Level 1:colcon.colcon_core.package_identification:_identify(dataset/20251215_022530_Home2B_ep20/images) by extension 'ignore_ament_install'
[0.327s] Level 1:colcon.colcon_core.package_identification:_identify(dataset/20251215_022530_Home2B_ep20/images) by extensions ['colcon_pkg']
[0.327s] Level 1:colcon.colcon_core.package_identification:_identify(dataset/20251215_022530_Home2B_ep20/images) by extension 'colcon_pkg'
[0.327s] Level 1:colcon.colcon_core.package_identification:_identify(dataset/20251215_022530_Home2B_ep20/images) by extensions ['colcon_meta']
[0.328s] Level 1:colcon.colcon_core.package_identification:_identify(dataset/20251215_022530_Home2B_ep20/images) by extension 'colcon_meta'
[0.328s] Level 1:colcon.colcon_core.package_identification:_identify(dataset/20251215_022530_Home2B_ep20/images) by extensions ['ros']
[0.328s] Level 1:colcon.colcon_core.package_identification:_identify(dataset/20251215_022530_Home2B_ep20/images) by extension 'ros'
[0.328s] Level 1:colcon.colcon_core.package_identification:_identify(dataset/20251215_022530_Home2B_ep20/images) by extensions ['cmake', 'python']
[0.328s] Level 1:colcon.colcon_core.package_identification:_identify(dataset/20251215_022530_Home2B_ep20/images) by extension 'cmake'
[0.328s] Level 1:colcon.colcon_core.package_identification:_identify(dataset/20251215_022530_Home2B_ep20/images) by extension 'python'
[0.328s] Level 1:colcon.colcon_core.package_identification:_identify(dataset/20251215_022530_Home2B_ep20/images) by extensions ['python_setup_py']
[0.328s] Level 1:colcon.colcon_core.package_identification:_identify(dataset/20251215_022530_Home2B_ep20/images) by extension 'python_setup_py'
[0.328s] Level 1:colcon.colcon_core.package_identification:_identify(dataset/20251215_160748_Home2C_ep1) by extensions ['ignore', 'ignore_ament_install']
[0.328s] Level 1:colcon.colcon_core.package_identification:_identify(dataset/20251215_160748_Home2C_ep1) by extension 'ignore'
[0.328s] Level 1:colcon.colcon_core.package_identification:_identify(dataset/20251215_160748_Home2C_ep1) by extension 'ignore_ament_install'
[0.328s] Level 1:colcon.colcon_core.package_identification:_identify(dataset/20251215_160748_Home2C_ep1) by extensions ['colcon_pkg']
[0.328s] Level 1:colcon.colcon_core.package_identification:_identify(dataset/20251215_160748_Home2C_ep1) by extension 'colcon_pkg'
[0.328s] Level 1:colcon.colcon_core.package_identification:_identify(dataset/20251215_160748_Home2C_ep1) by extensions ['colcon_meta']
[0.328s] Level 1:colcon.colcon_core.package_identification:_identify(dataset/20251215_160748_Home2C_ep1) by extension 'colcon_meta'
[0.328s] Level 1:colcon.colcon_core.package_identification:_identify(dataset/20251215_160748_Home2C_ep1) by extensions ['ros']
[0.328s] Level 1:colcon.colcon_core.package_identification:_identify(dataset/20251215_160748_Home2C_ep1) by extension 'ros'
[0.328s] Level 1:colcon.colcon_core.package_identification:_identify(dataset/20251215_160748_Home2C_ep1) by extensions ['cmake', 'python']
[0.328s] Level 1:colcon.colcon_core.package_identification:_identify(dataset/20251215_160748_Home2C_ep1) by extension 'cmake'
[0.328s] Level 1:colcon.colcon_core.package_identification:_identify(dataset/20251215_160748_Home2C_ep1) by extension 'python'
[0.328s] Level 1:colcon.colcon_core.package_identification:_identify(dataset/20251215_160748_Home2C_ep1) by extensions ['python_setup_py']
[0.328s] Level 1:colcon.colcon_core.package_identification:_identify(dataset/20251215_160748_Home2C_ep1) by extension 'python_setup_py'
[0.329s] Level 1:colcon.colcon_core.package_identification:_identify(dataset/20251215_160748_Home2C_ep1/images) by extensions ['ignore', 'ignore_ament_install']
[0.329s] Level 1:colcon.colcon_core.package_identification:_identify(dataset/20251215_160748_Home2C_ep1/images) by extension 'ignore'
[0.329s] Level 1:colcon.colcon_core.package_identification:_identify(dataset/20251215_160748_Home2C_ep1/images) by extension 'ignore_ament_install'
[0.329s] Level 1:colcon.colcon_core.package_identification:_identify(dataset/20251215_160748_Home2C_ep1/images) by extensions ['colcon_pkg']
[0.329s] Level 1:colcon.colcon_core.package_identification:_identify(dataset/20251215_160748_Home2C_ep1/images) by extension 'colcon_pkg'
[0.329s] Level 1:colcon.colcon_core.package_identification:_identify(dataset/20251215_160748_Home2C_ep1/images) by extensions ['colcon_meta']
[0.329s] Level 1:colcon.colcon_core.package_identification:_identify(dataset/20251215_160748_Home2C_ep1/images) by extension 'colcon_meta'
[0.329s] Level 1:colcon.colcon_core.package_identification:_identify(dataset/20251215_160748_Home2C_ep1/images) by extensions ['ros']
[0.329s] Level 1:colcon.colcon_core.package_identification:_identify(dataset/20251215_160748_Home2C_ep1/images) by extension 'ros'
[0.329s] Level 1:colcon.colcon_core.package_identification:_identify(dataset/20251215_160748_Home2C_ep1/images) by extensions ['cmake', 'python']
[0.329s] Level 1:colcon.colcon_core.package_identification:_identify(dataset/20251215_160748_Home2C_ep1/images) by extension 'cmake'
[0.329s] Level 1:colcon.colcon_core.package_identification:_identify(dataset/20251215_160748_Home2C_ep1/images) by extension 'python'
[0.329s] Level 1:colcon.colcon_core.package_identification:_identify(dataset/20251215_160748_Home2C_ep1/images) by extensions ['python_setup_py']
[0.329s] Level 1:colcon.colcon_core.package_identification:_identify(dataset/20251215_160748_Home2C_ep1/images) by extension 'python_setup_py'
[0.329s] Level 1:colcon.colcon_core.package_identification:_identify(dataset/20251215_161826_Home2C_ep2) by extensions ['ignore', 'ignore_ament_install']
[0.329s] Level 1:colcon.colcon_core.package_identification:_identify(dataset/20251215_161826_Home2C_ep2) by extension 'ignore'
[0.329s] Level 1:colcon.colcon_core.package_identification:_identify(dataset/20251215_161826_Home2C_ep2) by extension 'ignore_ament_install'
[0.329s] Level 1:colcon.colcon_core.package_identification:_identify(dataset/20251215_161826_Home2C_ep2) by extensions ['colcon_pkg']
[0.329s] Level 1:colcon.colcon_core.package_identification:_identify(dataset/20251215_161826_Home2C_ep2) by extension 'colcon_pkg'
[0.329s] Level 1:colcon.colcon_core.package_identification:_identify(dataset/20251215_161826_Home2C_ep2) by extensions ['colcon_meta']
[0.329s] Level 1:colcon.colcon_core.package_identification:_identify(dataset/20251215_161826_Home2C_ep2) by extension 'colcon_meta'
[0.329s] Level 1:colcon.colcon_core.package_identification:_identify(dataset/20251215_161826_Home2C_ep2) by extensions ['ros']
[0.329s] Level 1:colcon.colcon_core.package_identification:_identify(dataset/20251215_161826_Home2C_ep2) by extension 'ros'
[0.329s] Level 1:colcon.colcon_core.package_identification:_identify(dataset/20251215_161826_Home2C_ep2) by extensions ['cmake', 'python']
[0.330s] Level 1:colcon.colcon_core.package_identification:_identify(dataset/20251215_161826_Home2C_ep2) by extension 'cmake'
[0.330s] Level 1:colcon.colcon_core.package_identification:_identify(dataset/20251215_161826_Home2C_ep2) by extension 'python'
[0.330s] Level 1:colcon.colcon_core.package_identification:_identify(dataset/20251215_161826_Home2C_ep2) by extensions ['python_setup_py']
[0.330s] Level 1:colcon.colcon_core.package_identification:_identify(dataset/20251215_161826_Home2C_ep2) by extension 'python_setup_py'
[0.330s] Level 1:colcon.colcon_core.package_identification:_identify(dataset/20251215_161826_Home2C_ep2/images) by extensions ['ignore', 'ignore_ament_install']
[0.330s] Level 1:colcon.colcon_core.package_identification:_identify(dataset/20251215_161826_Home2C_ep2/images) by extension 'ignore'
[0.330s] Level 1:colcon.colcon_core.package_identification:_identify(dataset/20251215_161826_Home2C_ep2/images) by extension 'ignore_ament_install'
[0.330s] Level 1:colcon.colcon_core.package_identification:_identify(dataset/20251215_161826_Home2C_ep2/images) by extensions ['colcon_pkg']
[0.330s] Level 1:colcon.colcon_core.package_identification:_identify(dataset/20251215_161826_Home2C_ep2/images) by extension 'colcon_pkg'
[0.330s] Level 1:colcon.colcon_core.package_identification:_identify(dataset/20251215_161826_Home2C_ep2/images) by extensions ['colcon_meta']
[0.330s] Level 1:colcon.colcon_core.package_identification:_identify(dataset/20251215_161826_Home2C_ep2/images) by extension 'colcon_meta'
[0.330s] Level 1:colcon.colcon_core.package_identification:_identify(dataset/20251215_161826_Home2C_ep2/images) by extensions ['ros']
[0.330s] Level 1:colcon.colcon_core.package_identification:_identify(dataset/20251215_161826_Home2C_ep2/images) by extension 'ros'
[0.330s] Level 1:colcon.colcon_core.package_identification:_identify(dataset/20251215_161826_Home2C_ep2/images) by extensions ['cmake', 'python']
[0.330s] Level 1:colcon.colcon_core.package_identification:_identify(dataset/20251215_161826_Home2C_ep2/images) by extension 'cmake'
[0.330s] Level 1:colcon.colcon_core.package_identification:_identify(dataset/20251215_161826_Home2C_ep2/images) by extension 'python'
[0.330s] Level 1:colcon.colcon_core.package_identification:_identify(dataset/20251215_161826_Home2C_ep2/images) by extensions ['python_setup_py']
[0.330s] Level 1:colcon.colcon_core.package_identification:_identify(dataset/20251215_161826_Home2C_ep2/images) by extension 'python_setup_py'
[0.330s] Level 1:colcon.colcon_core.package_identification:_identify(dataset/20251215_162139_Home2C_ep3) by extensions ['ignore', 'ignore_ament_install']
[0.331s] Level 1:colcon.colcon_core.package_identification:_identify(dataset/20251215_162139_Home2C_ep3) by extension 'ignore'
[0.331s] Level 1:colcon.colcon_core.package_identification:_identify(dataset/20251215_162139_Home2C_ep3) by extension 'ignore_ament_install'
[0.331s] Level 1:colcon.colcon_core.package_identification:_identify(dataset/20251215_162139_Home2C_ep3) by extensions ['colcon_pkg']
[0.331s] Level 1:colcon.colcon_core.package_identification:_identify(dataset/20251215_162139_Home2C_ep3) by extension 'colcon_pkg'
[0.331s] Level 1:colcon.colcon_core.package_identification:_identify(dataset/20251215_162139_Home2C_ep3) by extensions ['colcon_meta']
[0.331s] Level 1:colcon.colcon_core.package_identification:_identify(dataset/20251215_162139_Home2C_ep3) by extension 'colcon_meta'
[0.331s] Level 1:colcon.colcon_core.package_identification:_identify(dataset/20251215_162139_Home2C_ep3) by extensions ['ros']
[0.331s] Level 1:colcon.colcon_core.package_identification:_identify(dataset/20251215_162139_Home2C_ep3) by extension 'ros'
[0.331s] Level 1:colcon.colcon_core.package_identification:_identify(dataset/20251215_162139_Home2C_ep3) by extensions ['cmake', 'python']
[0.331s] Level 1:colcon.colcon_core.package_identification:_identify(dataset/20251215_162139_Home2C_ep3) by extension 'cmake'
[0.331s] Level 1:colcon.colcon_core.package_identification:_identify(dataset/20251215_162139_Home2C_ep3) by extension 'python'
[0.331s] Level 1:colcon.colcon_core.package_identification:_identify(dataset/20251215_162139_Home2C_ep3) by extensions ['python_setup_py']
[0.331s] Level 1:colcon.colcon_core.package_identification:_identify(dataset/20251215_162139_Home2C_ep3) by extension 'python_setup_py'
[0.331s] Level 1:colcon.colcon_core.package_identification:_identify(dataset/20251215_162139_Home2C_ep3/images) by extensions ['ignore', 'ignore_ament_install']
[0.331s] Level 1:colcon.colcon_core.package_identification:_identify(dataset/20251215_162139_Home2C_ep3/images) by extension 'ignore'
[0.331s] Level 1:colcon.colcon_core.package_identification:_identify(dataset/20251215_162139_Home2C_ep3/images) by extension 'ignore_ament_install'
[0.331s] Level 1:colcon.colcon_core.package_identification:_identify(dataset/20251215_162139_Home2C_ep3/images) by extensions ['colcon_pkg']
[0.331s] Level 1:colcon.colcon_core.package_identification:_identify(dataset/20251215_162139_Home2C_ep3/images) by extension 'colcon_pkg'
[0.331s] Level 1:colcon.colcon_core.package_identification:_identify(dataset/20251215_162139_Home2C_ep3/images) by extensions ['colcon_meta']
[0.331s] Level 1:colcon.colcon_core.package_identification:_identify(dataset/20251215_162139_Home2C_ep3/images) by extension 'colcon_meta'
[0.332s] Level 1:colcon.colcon_core.package_identification:_identify(dataset/20251215_162139_Home2C_ep3/images) by extensions ['ros']
[0.332s] Level 1:colcon.colcon_core.package_identification:_identify(dataset/20251215_162139_Home2C_ep3/images) by extension 'ros'
[0.332s] Level 1:colcon.colcon_core.package_identification:_identify(dataset/20251215_162139_Home2C_ep3/images) by extensions ['cmake', 'python']
[0.332s] Level 1:colcon.colcon_core.package_identification:_identify(dataset/20251215_162139_Home2C_ep3/images) by extension 'cmake'
[0.332s] Level 1:colcon.colcon_core.package_identification:_identify(dataset/20251215_162139_Home2C_ep3/images) by extension 'python'
[0.332s] Level 1:colcon.colcon_core.package_identification:_identify(dataset/20251215_162139_Home2C_ep3/images) by extensions ['python_setup_py']
[0.332s] Level 1:colcon.colcon_core.package_identification:_identify(dataset/20251215_162139_Home2C_ep3/images) by extension 'python_setup_py'
[0.332s] Level 1:colcon.colcon_core.package_identification:_identify(dataset/20251215_162420_Home2C_ep4) by extensions ['ignore', 'ignore_ament_install']
[0.332s] Level 1:colcon.colcon_core.package_identification:_identify(dataset/20251215_162420_Home2C_ep4) by extension 'ignore'
[0.332s] Level 1:colcon.colcon_core.package_identification:_identify(dataset/20251215_162420_Home2C_ep4) by extension 'ignore_ament_install'
[0.332s] Level 1:colcon.colcon_core.package_identification:_identify(dataset/20251215_162420_Home2C_ep4) by extensions ['colcon_pkg']
[0.332s] Level 1:colcon.colcon_core.package_identification:_identify(dataset/20251215_162420_Home2C_ep4) by extension 'colcon_pkg'
[0.332s] Level 1:colcon.colcon_core.package_identification:_identify(dataset/20251215_162420_Home2C_ep4) by extensions ['colcon_meta']
[0.332s] Level 1:colcon.colcon_core.package_identification:_identify(dataset/20251215_162420_Home2C_ep4) by extension 'colcon_meta'
[0.332s] Level 1:colcon.colcon_core.package_identification:_identify(dataset/20251215_162420_Home2C_ep4) by extensions ['ros']
[0.332s] Level 1:colcon.colcon_core.package_identification:_identify(dataset/20251215_162420_Home2C_ep4) by extension 'ros'
[0.332s] Level 1:colcon.colcon_core.package_identification:_identify(dataset/20251215_162420_Home2C_ep4) by extensions ['cmake', 'python']
[0.332s] Level 1:colcon.colcon_core.package_identification:_identify(dataset/20251215_162420_Home2C_ep4) by extension 'cmake'
[0.332s] Level 1:colcon.colcon_core.package_identification:_identify(dataset/20251215_162420_Home2C_ep4) by extension 'python'
[0.332s] Level 1:colcon.colcon_core.package_identification:_identify(dataset/20251215_162420_Home2C_ep4) by extensions ['python_setup_py']
[0.332s] Level 1:colcon.colcon_core.package_identification:_identify(dataset/20251215_162420_Home2C_ep4) by extension 'python_setup_py'
[0.333s] Level 1:colcon.colcon_core.package_identification:_identify(dataset/20251215_162420_Home2C_ep4/images) by extensions ['ignore', 'ignore_ament_install']
[0.333s] Level 1:colcon.colcon_core.package_identification:_identify(dataset/20251215_162420_Home2C_ep4/images) by extension 'ignore'
[0.333s] Level 1:colcon.colcon_core.package_identification:_identify(dataset/20251215_162420_Home2C_ep4/images) by extension 'ignore_ament_install'
[0.333s] Level 1:colcon.colcon_core.package_identification:_identify(dataset/20251215_162420_Home2C_ep4/images) by extensions ['colcon_pkg']
[0.333s] Level 1:colcon.colcon_core.package_identification:_identify(dataset/20251215_162420_Home2C_ep4/images) by extension 'colcon_pkg'
[0.333s] Level 1:colcon.colcon_core.package_identification:_identify(dataset/20251215_162420_Home2C_ep4/images) by extensions ['colcon_meta']
[0.333s] Level 1:colcon.colcon_core.package_identification:_identify(dataset/20251215_162420_Home2C_ep4/images) by extension 'colcon_meta'
[0.333s] Level 1:colcon.colcon_core.package_identification:_identify(dataset/20251215_162420_Home2C_ep4/images) by extensions ['ros']
[0.333s] Level 1:colcon.colcon_core.package_identification:_identify(dataset/20251215_162420_Home2C_ep4/images) by extension 'ros'
[0.333s] Level 1:colcon.colcon_core.package_identification:_identify(dataset/20251215_162420_Home2C_ep4/images) by extensions ['cmake', 'python']
[0.333s] Level 1:colcon.colcon_core.package_identification:_identify(dataset/20251215_162420_Home2C_ep4/images) by extension 'cmake'
[0.333s] Level 1:colcon.colcon_core.package_identification:_identify(dataset/20251215_162420_Home2C_ep4/images) by extension 'python'
[0.333s] Level 1:colcon.colcon_core.package_identification:_identify(dataset/20251215_162420_Home2C_ep4/images) by extensions ['python_setup_py']
[0.333s] Level 1:colcon.colcon_core.package_identification:_identify(dataset/20251215_162420_Home2C_ep4/images) by extension 'python_setup_py'
[0.333s] Level 1:colcon.colcon_core.package_identification:_identify(dataset/20251215_170908_Home2C_ep5) by extensions ['ignore', 'ignore_ament_install']
[0.333s] Level 1:colcon.colcon_core.package_identification:_identify(dataset/20251215_170908_Home2C_ep5) by extension 'ignore'
[0.333s] Level 1:colcon.colcon_core.package_identification:_identify(dataset/20251215_170908_Home2C_ep5) by extension 'ignore_ament_install'
[0.333s] Level 1:colcon.colcon_core.package_identification:_identify(dataset/20251215_170908_Home2C_ep5) by extensions ['colcon_pkg']
[0.333s] Level 1:colcon.colcon_core.package_identification:_identify(dataset/20251215_170908_Home2C_ep5) by extension 'colcon_pkg'
[0.333s] Level 1:colcon.colcon_core.package_identification:_identify(dataset/20251215_170908_Home2C_ep5) by extensions ['colcon_meta']
[0.333s] Level 1:colcon.colcon_core.package_identification:_identify(dataset/20251215_170908_Home2C_ep5) by extension 'colcon_meta'
[0.333s] Level 1:colcon.colcon_core.package_identification:_identify(dataset/20251215_170908_Home2C_ep5) by extensions ['ros']
[0.333s] Level 1:colcon.colcon_core.package_identification:_identify(dataset/20251215_170908_Home2C_ep5) by extension 'ros'
[0.333s] Level 1:colcon.colcon_core.package_identification:_identify(dataset/20251215_170908_Home2C_ep5) by extensions ['cmake', 'python']
[0.333s] Level 1:colcon.colcon_core.package_identification:_identify(dataset/20251215_170908_Home2C_ep5) by extension 'cmake'
[0.333s] Level 1:colcon.colcon_core.package_identification:_identify(dataset/20251215_170908_Home2C_ep5) by extension 'python'
[0.334s] Level 1:colcon.colcon_core.package_identification:_identify(dataset/20251215_170908_Home2C_ep5) by extensions ['python_setup_py']
[0.334s] Level 1:colcon.colcon_core.package_identification:_identify(dataset/20251215_170908_Home2C_ep5) by extension 'python_setup_py'
[0.334s] Level 1:colcon.colcon_core.package_identification:_identify(dataset/20251215_170908_Home2C_ep5/images) by extensions ['ignore', 'ignore_ament_install']
[0.334s] Level 1:colcon.colcon_core.package_identification:_identify(dataset/20251215_170908_Home2C_ep5/images) by extension 'ignore'
[0.334s] Level 1:colcon.colcon_core.package_identification:_identify(dataset/20251215_170908_Home2C_ep5/images) by extension 'ignore_ament_install'
[0.334s] Level 1:colcon.colcon_core.package_identification:_identify(dataset/20251215_170908_Home2C_ep5/images) by extensions ['colcon_pkg']
[0.334s] Level 1:colcon.colcon_core.package_identification:_identify(dataset/20251215_170908_Home2C_ep5/images) by extension 'colcon_pkg'
[0.334s] Level 1:colcon.colcon_core.package_identification:_identify(dataset/20251215_170908_Home2C_ep5/images) by extensions ['colcon_meta']
[0.334s] Level 1:colcon.colcon_core.package_identification:_identify(dataset/20251215_170908_Home2C_ep5/images) by extension 'colcon_meta'
[0.334s] Level 1:colcon.colcon_core.package_identification:_identify(dataset/20251215_170908_Home2C_ep5/images) by extensions ['ros']
[0.334s] Level 1:colcon.colcon_core.package_identification:_identify(dataset/20251215_170908_Home2C_ep5/images) by extension 'ros'
[0.334s] Level 1:colcon.colcon_core.package_identification:_identify(dataset/20251215_170908_Home2C_ep5/images) by extensions ['cmake', 'python']
[0.334s] Level 1:colcon.colcon_core.package_identification:_identify(dataset/20251215_170908_Home2C_ep5/images) by extension 'cmake'
[0.334s] Level 1:colcon.colcon_core.package_identification:_identify(dataset/20251215_170908_Home2C_ep5/images) by extension 'python'
[0.334s] Level 1:colcon.colcon_core.package_identification:_identify(dataset/20251215_170908_Home2C_ep5/images) by extensions ['python_setup_py']
[0.334s] Level 1:colcon.colcon_core.package_identification:_identify(dataset/20251215_170908_Home2C_ep5/images) by extension 'python_setup_py'
[0.334s] Level 1:colcon.colcon_core.package_identification:_identify(dataset/20251215_171427_Home2C_ep6) by extensions ['ignore', 'ignore_ament_install']
[0.334s] Level 1:colcon.colcon_core.package_identification:_identify(dataset/20251215_171427_Home2C_ep6) by extension 'ignore'
[0.335s] Level 1:colcon.colcon_core.package_identification:_identify(dataset/20251215_171427_Home2C_ep6) by extension 'ignore_ament_install'
[0.335s] Level 1:colcon.colcon_core.package_identification:_identify(dataset/20251215_171427_Home2C_ep6) by extensions ['colcon_pkg']
[0.335s] Level 1:colcon.colcon_core.package_identification:_identify(dataset/20251215_171427_Home2C_ep6) by extension 'colcon_pkg'
[0.335s] Level 1:colcon.colcon_core.package_identification:_identify(dataset/20251215_171427_Home2C_ep6) by extensions ['colcon_meta']
[0.335s] Level 1:colcon.colcon_core.package_identification:_identify(dataset/20251215_171427_Home2C_ep6) by extension 'colcon_meta'
[0.335s] Level 1:colcon.colcon_core.package_identification:_identify(dataset/20251215_171427_Home2C_ep6) by extensions ['ros']
[0.335s] Level 1:colcon.colcon_core.package_identification:_identify(dataset/20251215_171427_Home2C_ep6) by extension 'ros'
[0.335s] Level 1:colcon.colcon_core.package_identification:_identify(dataset/20251215_171427_Home2C_ep6) by extensions ['cmake', 'python']
[0.335s] Level 1:colcon.colcon_core.package_identification:_identify(dataset/20251215_171427_Home2C_ep6) by extension 'cmake'
[0.335s] Level 1:colcon.colcon_core.package_identification:_identify(dataset/20251215_171427_Home2C_ep6) by extension 'python'
[0.335s] Level 1:colcon.colcon_core.package_identification:_identify(dataset/20251215_171427_Home2C_ep6) by extensions ['python_setup_py']
[0.335s] Level 1:colcon.colcon_core.package_identification:_identify(dataset/20251215_171427_Home2C_ep6) by extension 'python_setup_py'
[0.335s] Level 1:colcon.colcon_core.package_identification:_identify(dataset/20251215_171427_Home2C_ep6/images) by extensions ['ignore', 'ignore_ament_install']
[0.335s] Level 1:colcon.colcon_core.package_identification:_identify(dataset/20251215_171427_Home2C_ep6/images) by extension 'ignore'
[0.335s] Level 1:colcon.colcon_core.package_identification:_identify(dataset/20251215_171427_Home2C_ep6/images) by extension 'ignore_ament_install'
[0.335s] Level 1:colcon.colcon_core.package_identification:_identify(dataset/20251215_171427_Home2C_ep6/images) by extensions ['colcon_pkg']
[0.335s] Level 1:colcon.colcon_core.package_identification:_identify(dataset/20251215_171427_Home2C_ep6/images) by extension 'colcon_pkg'
[0.335s] Level 1:colcon.colcon_core.package_identification:_identify(dataset/20251215_171427_Home2C_ep6/images) by extensions ['colcon_meta']
[0.335s] Level 1:colcon.colcon_core.package_identification:_identify(dataset/20251215_171427_Home2C_ep6/images) by extension 'colcon_meta'
[0.335s] Level 1:colcon.colcon_core.package_identification:_identify(dataset/20251215_171427_Home2C_ep6/images) by extensions ['ros']
[0.335s] Level 1:colcon.colcon_core.package_identification:_identify(dataset/20251215_171427_Home2C_ep6/images) by extension 'ros'
[0.336s] Level 1:colcon.colcon_core.package_identification:_identify(dataset/20251215_171427_Home2C_ep6/images) by extensions ['cmake', 'python']
[0.336s] Level 1:colcon.colcon_core.package_identification:_identify(dataset/20251215_171427_Home2C_ep6/images) by extension 'cmake'
[0.336s] Level 1:colcon.colcon_core.package_identification:_identify(dataset/20251215_171427_Home2C_ep6/images) by extension 'python'
[0.336s] Level 1:colcon.colcon_core.package_identification:_identify(dataset/20251215_171427_Home2C_ep6/images) by extensions ['python_setup_py']
[0.336s] Level 1:colcon.colcon_core.package_identification:_identify(dataset/20251215_171427_Home2C_ep6/images) by extension 'python_setup_py'
[0.336s] Level 1:colcon.colcon_core.package_identification:_identify(dataset/20251215_171737_Home2C_ep7) by extensions ['ignore', 'ignore_ament_install']
[0.336s] Level 1:colcon.colcon_core.package_identification:_identify(dataset/20251215_171737_Home2C_ep7) by extension 'ignore'
[0.336s] Level 1:colcon.colcon_core.package_identification:_identify(dataset/20251215_171737_Home2C_ep7) by extension 'ignore_ament_install'
[0.336s] Level 1:colcon.colcon_core.package_identification:_identify(dataset/20251215_171737_Home2C_ep7) by extensions ['colcon_pkg']
[0.336s] Level 1:colcon.colcon_core.package_identification:_identify(dataset/20251215_171737_Home2C_ep7) by extension 'colcon_pkg'
[0.336s] Level 1:colcon.colcon_core.package_identification:_identify(dataset/20251215_171737_Home2C_ep7) by extensions ['colcon_meta']
[0.336s] Level 1:colcon.colcon_core.package_identification:_identify(dataset/20251215_171737_Home2C_ep7) by extension 'colcon_meta'
[0.336s] Level 1:colcon.colcon_core.package_identification:_identify(dataset/20251215_171737_Home2C_ep7) by extensions ['ros']
[0.336s] Level 1:colcon.colcon_core.package_identification:_identify(dataset/20251215_171737_Home2C_ep7) by extension 'ros'
[0.336s] Level 1:colcon.colcon_core.package_identification:_identify(dataset/20251215_171737_Home2C_ep7) by extensions ['cmake', 'python']
[0.336s] Level 1:colcon.colcon_core.package_identification:_identify(dataset/20251215_171737_Home2C_ep7) by extension 'cmake'
[0.336s] Level 1:colcon.colcon_core.package_identification:_identify(dataset/20251215_171737_Home2C_ep7) by extension 'python'
[0.336s] Level 1:colcon.colcon_core.package_identification:_identify(dataset/20251215_171737_Home2C_ep7) by extensions ['python_setup_py']
[0.336s] Level 1:colcon.colcon_core.package_identification:_identify(dataset/20251215_171737_Home2C_ep7) by extension 'python_setup_py'
[0.336s] Level 1:colcon.colcon_core.package_identification:_identify(dataset/20251215_171737_Home2C_ep7/images) by extensions ['ignore', 'ignore_ament_install']
[0.337s] Level 1:colcon.colcon_core.package_identification:_identify(dataset/20251215_171737_Home2C_ep7/images) by extension 'ignore'
[0.337s] Level 1:colcon.colcon_core.package_identification:_identify(dataset/20251215_171737_Home2C_ep7/images) by extension 'ignore_ament_install'
[0.337s] Level 1:colcon.colcon_core.package_identification:_identify(dataset/20251215_171737_Home2C_ep7/images) by extensions ['colcon_pkg']
[0.337s] Level 1:colcon.colcon_core.package_identification:_identify(dataset/20251215_171737_Home2C_ep7/images) by extension 'colcon_pkg'
[0.337s] Level 1:colcon.colcon_core.package_identification:_identify(dataset/20251215_171737_Home2C_ep7/images) by extensions ['colcon_meta']
[0.337s] Level 1:colcon.colcon_core.package_identification:_identify(dataset/20251215_171737_Home2C_ep7/images) by extension 'colcon_meta'
[0.337s] Level 1:colcon.colcon_core.package_identification:_identify(dataset/20251215_171737_Home2C_ep7/images) by extensions ['ros']
[0.337s] Level 1:colcon.colcon_core.package_identification:_identify(dataset/20251215_171737_Home2C_ep7/images) by extension 'ros'
[0.337s] Level 1:colcon.colcon_core.package_identification:_identify(dataset/20251215_171737_Home2C_ep7/images) by extensions ['cmake', 'python']
[0.337s] Level 1:colcon.colcon_core.package_identification:_identify(dataset/20251215_171737_Home2C_ep7/images) by extension 'cmake'
[0.337s] Level 1:colcon.colcon_core.package_identification:_identify(dataset/20251215_171737_Home2C_ep7/images) by extension 'python'
[0.337s] Level 1:colcon.colcon_core.package_identification:_identify(dataset/20251215_171737_Home2C_ep7/images) by extensions ['python_setup_py']
[0.337s] Level 1:colcon.colcon_core.package_identification:_identify(dataset/20251215_171737_Home2C_ep7/images) by extension 'python_setup_py'
[0.337s] Level 1:colcon.colcon_core.package_identification:_identify(dataset/20251215_172033_Home2C_ep8) by extensions ['ignore', 'ignore_ament_install']
[0.337s] Level 1:colcon.colcon_core.package_identification:_identify(dataset/20251215_172033_Home2C_ep8) by extension 'ignore'
[0.337s] Level 1:colcon.colcon_core.package_identification:_identify(dataset/20251215_172033_Home2C_ep8) by extension 'ignore_ament_install'
[0.337s] Level 1:colcon.colcon_core.package_identification:_identify(dataset/20251215_172033_Home2C_ep8) by extensions ['colcon_pkg']
[0.337s] Level 1:colcon.colcon_core.package_identification:_identify(dataset/20251215_172033_Home2C_ep8) by extension 'colcon_pkg'
[0.337s] Level 1:colcon.colcon_core.package_identification:_identify(dataset/20251215_172033_Home2C_ep8) by extensions ['colcon_meta']
[0.337s] Level 1:colcon.colcon_core.package_identification:_identify(dataset/20251215_172033_Home2C_ep8) by extension 'colcon_meta'
[0.337s] Level 1:colcon.colcon_core.package_identification:_identify(dataset/20251215_172033_Home2C_ep8) by extensions ['ros']
[0.337s] Level 1:colcon.colcon_core.package_identification:_identify(dataset/20251215_172033_Home2C_ep8) by extension 'ros'
[0.337s] Level 1:colcon.colcon_core.package_identification:_identify(dataset/20251215_172033_Home2C_ep8) by extensions ['cmake', 'python']
[0.337s] Level 1:colcon.colcon_core.package_identification:_identify(dataset/20251215_172033_Home2C_ep8) by extension 'cmake'
[0.337s] Level 1:colcon.colcon_core.package_identification:_identify(dataset/20251215_172033_Home2C_ep8) by extension 'python'
[0.337s] Level 1:colcon.colcon_core.package_identification:_identify(dataset/20251215_172033_Home2C_ep8) by extensions ['python_setup_py']
[0.337s] Level 1:colcon.colcon_core.package_identification:_identify(dataset/20251215_172033_Home2C_ep8) by extension 'python_setup_py'
[0.338s] Level 1:colcon.colcon_core.package_identification:_identify(dataset/20251215_172033_Home2C_ep8/images) by extensions ['ignore', 'ignore_ament_install']
[0.338s] Level 1:colcon.colcon_core.package_identification:_identify(dataset/20251215_172033_Home2C_ep8/images) by extension 'ignore'
[0.338s] Level 1:colcon.colcon_core.package_identification:_identify(dataset/20251215_172033_Home2C_ep8/images) by extension 'ignore_ament_install'
[0.338s] Level 1:colcon.colcon_core.package_identification:_identify(dataset/20251215_172033_Home2C_ep8/images) by extensions ['colcon_pkg']
[0.338s] Level 1:colcon.colcon_core.package_identification:_identify(dataset/20251215_172033_Home2C_ep8/images) by extension 'colcon_pkg'
[0.338s] Level 1:colcon.colcon_core.package_identification:_identify(dataset/20251215_172033_Home2C_ep8/images) by extensions ['colcon_meta']
[0.338s] Level 1:colcon.colcon_core.package_identification:_identify(dataset/20251215_172033_Home2C_ep8/images) by extension 'colcon_meta'
[0.338s] Level 1:colcon.colcon_core.package_identification:_identify(dataset/20251215_172033_Home2C_ep8/images) by extensions ['ros']
[0.338s] Level 1:colcon.colcon_core.package_identification:_identify(dataset/20251215_172033_Home2C_ep8/images) by extension 'ros'
[0.338s] Level 1:colcon.colcon_core.package_identification:_identify(dataset/20251215_172033_Home2C_ep8/images) by extensions ['cmake', 'python']
[0.338s] Level 1:colcon.colcon_core.package_identification:_identify(dataset/20251215_172033_Home2C_ep8/images) by extension 'cmake'
[0.338s] Level 1:colcon.colcon_core.package_identification:_identify(dataset/20251215_172033_Home2C_ep8/images) by extension 'python'
[0.338s] Level 1:colcon.colcon_core.package_identification:_identify(dataset/20251215_172033_Home2C_ep8/images) by extensions ['python_setup_py']
[0.338s] Level 1:colcon.colcon_core.package_identification:_identify(dataset/20251215_172033_Home2C_ep8/images) by extension 'python_setup_py'
[0.338s] Level 1:colcon.colcon_core.package_identification:_identify(dataset/20251215_172323_Home2C_ep9) by extensions ['ignore', 'ignore_ament_install']
[0.338s] Level 1:colcon.colcon_core.package_identification:_identify(dataset/20251215_172323_Home2C_ep9) by extension 'ignore'
[0.338s] Level 1:colcon.colcon_core.package_identification:_identify(dataset/20251215_172323_Home2C_ep9) by extension 'ignore_ament_install'
[0.338s] Level 1:colcon.colcon_core.package_identification:_identify(dataset/20251215_172323_Home2C_ep9) by extensions ['colcon_pkg']
[0.338s] Level 1:colcon.colcon_core.package_identification:_identify(dataset/20251215_172323_Home2C_ep9) by extension 'colcon_pkg'
[0.339s] Level 1:colcon.colcon_core.package_identification:_identify(dataset/20251215_172323_Home2C_ep9) by extensions ['colcon_meta']
[0.339s] Level 1:colcon.colcon_core.package_identification:_identify(dataset/20251215_172323_Home2C_ep9) by extension 'colcon_meta'
[0.339s] Level 1:colcon.colcon_core.package_identification:_identify(dataset/20251215_172323_Home2C_ep9) by extensions ['ros']
[0.339s] Level 1:colcon.colcon_core.package_identification:_identify(dataset/20251215_172323_Home2C_ep9) by extension 'ros'
[0.339s] Level 1:colcon.colcon_core.package_identification:_identify(dataset/20251215_172323_Home2C_ep9) by extensions ['cmake', 'python']
[0.339s] Level 1:colcon.colcon_core.package_identification:_identify(dataset/20251215_172323_Home2C_ep9) by extension 'cmake'
[0.339s] Level 1:colcon.colcon_core.package_identification:_identify(dataset/20251215_172323_Home2C_ep9) by extension 'python'
[0.339s] Level 1:colcon.colcon_core.package_identification:_identify(dataset/20251215_172323_Home2C_ep9) by extensions ['python_setup_py']
[0.339s] Level 1:colcon.colcon_core.package_identification:_identify(dataset/20251215_172323_Home2C_ep9) by extension 'python_setup_py'
[0.339s] Level 1:colcon.colcon_core.package_identification:_identify(dataset/20251215_172323_Home2C_ep9/images) by extensions ['ignore', 'ignore_ament_install']
[0.339s] Level 1:colcon.colcon_core.package_identification:_identify(dataset/20251215_172323_Home2C_ep9/images) by extension 'ignore'
[0.339s] Level 1:colcon.colcon_core.package_identification:_identify(dataset/20251215_172323_Home2C_ep9/images) by extension 'ignore_ament_install'
[0.339s] Level 1:colcon.colcon_core.package_identification:_identify(dataset/20251215_172323_Home2C_ep9/images) by extensions ['colcon_pkg']
[0.339s] Level 1:colcon.colcon_core.package_identification:_identify(dataset/20251215_172323_Home2C_ep9/images) by extension 'colcon_pkg'
[0.339s] Level 1:colcon.colcon_core.package_identification:_identify(dataset/20251215_172323_Home2C_ep9/images) by extensions ['colcon_meta']
[0.339s] Level 1:colcon.colcon_core.package_identification:_identify(dataset/20251215_172323_Home2C_ep9/images) by extension 'colcon_meta'
[0.339s] Level 1:colcon.colcon_core.package_identification:_identify(dataset/20251215_172323_Home2C_ep9/images) by extensions ['ros']
[0.339s] Level 1:colcon.colcon_core.package_identification:_identify(dataset/20251215_172323_Home2C_ep9/images) by extension 'ros'
[0.339s] Level 1:colcon.colcon_core.package_identification:_identify(dataset/20251215_172323_Home2C_ep9/images) by extensions ['cmake', 'python']
[0.339s] Level 1:colcon.colcon_core.package_identification:_identify(dataset/20251215_172323_Home2C_ep9/images) by extension 'cmake'
[0.340s] Level 1:colcon.colcon_core.package_identification:_identify(dataset/20251215_172323_Home2C_ep9/images) by extension 'python'
[0.340s] Level 1:colcon.colcon_core.package_identification:_identify(dataset/20251215_172323_Home2C_ep9/images) by extensions ['python_setup_py']
[0.340s] Level 1:colcon.colcon_core.package_identification:_identify(dataset/20251215_172323_Home2C_ep9/images) by extension 'python_setup_py'
[0.340s] Level 1:colcon.colcon_core.package_identification:_identify(dataset/20251216_095758_Home2C_ep10) by extensions ['ignore', 'ignore_ament_install']
[0.340s] Level 1:colcon.colcon_core.package_identification:_identify(dataset/20251216_095758_Home2C_ep10) by extension 'ignore'
[0.340s] Level 1:colcon.colcon_core.package_identification:_identify(dataset/20251216_095758_Home2C_ep10) by extension 'ignore_ament_install'
[0.340s] Level 1:colcon.colcon_core.package_identification:_identify(dataset/20251216_095758_Home2C_ep10) by extensions ['colcon_pkg']
[0.340s] Level 1:colcon.colcon_core.package_identification:_identify(dataset/20251216_095758_Home2C_ep10) by extension 'colcon_pkg'
[0.340s] Level 1:colcon.colcon_core.package_identification:_identify(dataset/20251216_095758_Home2C_ep10) by extensions ['colcon_meta']
[0.340s] Level 1:colcon.colcon_core.package_identification:_identify(dataset/20251216_095758_Home2C_ep10) by extension 'colcon_meta'
[0.340s] Level 1:colcon.colcon_core.package_identification:_identify(dataset/20251216_095758_Home2C_ep10) by extensions ['ros']
[0.340s] Level 1:colcon.colcon_core.package_identification:_identify(dataset/20251216_095758_Home2C_ep10) by extension 'ros'
[0.340s] Level 1:colcon.colcon_core.package_identification:_identify(dataset/20251216_095758_Home2C_ep10) by extensions ['cmake', 'python']
[0.340s] Level 1:colcon.colcon_core.package_identification:_identify(dataset/20251216_095758_Home2C_ep10) by extension 'cmake'
[0.340s] Level 1:colcon.colcon_core.package_identification:_identify(dataset/20251216_095758_Home2C_ep10) by extension 'python'
[0.340s] Level 1:colcon.colcon_core.package_identification:_identify(dataset/20251216_095758_Home2C_ep10) by extensions ['python_setup_py']
[0.340s] Level 1:colcon.colcon_core.package_identification:_identify(dataset/20251216_095758_Home2C_ep10) by extension 'python_setup_py'
[0.340s] Level 1:colcon.colcon_core.package_identification:_identify(dataset/20251216_095758_Home2C_ep10/images) by extensions ['ignore', 'ignore_ament_install']
[0.340s] Level 1:colcon.colcon_core.package_identification:_identify(dataset/20251216_095758_Home2C_ep10/images) by extension 'ignore'
[0.341s] Level 1:colcon.colcon_core.package_identification:_identify(dataset/20251216_095758_Home2C_ep10/images) by extension 'ignore_ament_install'
[0.341s] Level 1:colcon.colcon_core.package_identification:_identify(dataset/20251216_095758_Home2C_ep10/images) by extensions ['colcon_pkg']
[0.341s] Level 1:colcon.colcon_core.package_identification:_identify(dataset/20251216_095758_Home2C_ep10/images) by extension 'colcon_pkg'
[0.341s] Level 1:colcon.colcon_core.package_identification:_identify(dataset/20251216_095758_Home2C_ep10/images) by extensions ['colcon_meta']
[0.341s] Level 1:colcon.colcon_core.package_identification:_identify(dataset/20251216_095758_Home2C_ep10/images) by extension 'colcon_meta'
[0.341s] Level 1:colcon.colcon_core.package_identification:_identify(dataset/20251216_095758_Home2C_ep10/images) by extensions ['ros']
[0.341s] Level 1:colcon.colcon_core.package_identification:_identify(dataset/20251216_095758_Home2C_ep10/images) by extension 'ros'
[0.341s] Level 1:colcon.colcon_core.package_identification:_identify(dataset/20251216_095758_Home2C_ep10/images) by extensions ['cmake', 'python']
[0.341s] Level 1:colcon.colcon_core.package_identification:_identify(dataset/20251216_095758_Home2C_ep10/images) by extension 'cmake'
[0.341s] Level 1:colcon.colcon_core.package_identification:_identify(dataset/20251216_095758_Home2C_ep10/images) by extension 'python'
[0.341s] Level 1:colcon.colcon_core.package_identification:_identify(dataset/20251216_095758_Home2C_ep10/images) by extensions ['python_setup_py']
[0.341s] Level 1:colcon.colcon_core.package_identification:_identify(dataset/20251216_095758_Home2C_ep10/images) by extension 'python_setup_py'
[0.341s] Level 1:colcon.colcon_core.package_identification:_identify(dataset/20251216_100049_Home2C_ep11) by extensions ['ignore', 'ignore_ament_install']
[0.341s] Level 1:colcon.colcon_core.package_identification:_identify(dataset/20251216_100049_Home2C_ep11) by extension 'ignore'
[0.341s] Level 1:colcon.colcon_core.package_identification:_identify(dataset/20251216_100049_Home2C_ep11) by extension 'ignore_ament_install'
[0.341s] Level 1:colcon.colcon_core.package_identification:_identify(dataset/20251216_100049_Home2C_ep11) by extensions ['colcon_pkg']
[0.341s] Level 1:colcon.colcon_core.package_identification:_identify(dataset/20251216_100049_Home2C_ep11) by extension 'colcon_pkg'
[0.341s] Level 1:colcon.colcon_core.package_identification:_identify(dataset/20251216_100049_Home2C_ep11) by extensions ['colcon_meta']
[0.341s] Level 1:colcon.colcon_core.package_identification:_identify(dataset/20251216_100049_Home2C_ep11) by extension 'colcon_meta'
[0.341s] Level 1:colcon.colcon_core.package_identification:_identify(dataset/20251216_100049_Home2C_ep11) by extensions ['ros']
[0.341s] Level 1:colcon.colcon_core.package_identification:_identify(dataset/20251216_100049_Home2C_ep11) by extension 'ros'
[0.341s] Level 1:colcon.colcon_core.package_identification:_identify(dataset/20251216_100049_Home2C_ep11) by extensions ['cmake', 'python']
[0.341s] Level 1:colcon.colcon_core.package_identification:_identify(dataset/20251216_100049_Home2C_ep11) by extension 'cmake'
[0.341s] Level 1:colcon.colcon_core.package_identification:_identify(dataset/20251216_100049_Home2C_ep11) by extension 'python'
[0.341s] Level 1:colcon.colcon_core.package_identification:_identify(dataset/20251216_100049_Home2C_ep11) by extensions ['python_setup_py']
[0.341s] Level 1:colcon.colcon_core.package_identification:_identify(dataset/20251216_100049_Home2C_ep11) by extension 'python_setup_py'
[0.342s] Level 1:colcon.colcon_core.package_identification:_identify(dataset/20251216_100049_Home2C_ep11/images) by extensions ['ignore', 'ignore_ament_install']
[0.342s] Level 1:colcon.colcon_core.package_identification:_identify(dataset/20251216_100049_Home2C_ep11/images) by extension 'ignore'
[0.342s] Level 1:colcon.colcon_core.package_identification:_identify(dataset/20251216_100049_Home2C_ep11/images) by extension 'ignore_ament_install'
[0.342s] Level 1:colcon.colcon_core.package_identification:_identify(dataset/20251216_100049_Home2C_ep11/images) by extensions ['colcon_pkg']
[0.342s] Level 1:colcon.colcon_core.package_identification:_identify(dataset/20251216_100049_Home2C_ep11/images) by extension 'colcon_pkg'
[0.342s] Level 1:colcon.colcon_core.package_identification:_identify(dataset/20251216_100049_Home2C_ep11/images) by extensions ['colcon_meta']
[0.342s] Level 1:colcon.colcon_core.package_identification:_identify(dataset/20251216_100049_Home2C_ep11/images) by extension 'colcon_meta'
[0.342s] Level 1:colcon.colcon_core.package_identification:_identify(dataset/20251216_100049_Home2C_ep11/images) by extensions ['ros']
[0.342s] Level 1:colcon.colcon_core.package_identification:_identify(dataset/20251216_100049_Home2C_ep11/images) by extension 'ros'
[0.342s] Level 1:colcon.colcon_core.package_identification:_identify(dataset/20251216_100049_Home2C_ep11/images) by extensions ['cmake', 'python']
[0.342s] Level 1:colcon.colcon_core.package_identification:_identify(dataset/20251216_100049_Home2C_ep11/images) by extension 'cmake'
[0.342s] Level 1:colcon.colcon_core.package_identification:_identify(dataset/20251216_100049_Home2C_ep11/images) by extension 'python'
[0.342s] Level 1:colcon.colcon_core.package_identification:_identify(dataset/20251216_100049_Home2C_ep11/images) by extensions ['python_setup_py']
[0.342s] Level 1:colcon.colcon_core.package_identification:_identify(dataset/20251216_100049_Home2C_ep11/images) by extension 'python_setup_py'
[0.342s] Level 1:colcon.colcon_core.package_identification:_identify(dataset/20251216_100347_Home2C_ep12) by extensions ['ignore', 'ignore_ament_install']
[0.342s] Level 1:colcon.colcon_core.package_identification:_identify(dataset/20251216_100347_Home2C_ep12) by extension 'ignore'
[0.342s] Level 1:colcon.colcon_core.package_identification:_identify(dataset/20251216_100347_Home2C_ep12) by extension 'ignore_ament_install'
[0.342s] Level 1:colcon.colcon_core.package_identification:_identify(dataset/20251216_100347_Home2C_ep12) by extensions ['colcon_pkg']
[0.342s] Level 1:colcon.colcon_core.package_identification:_identify(dataset/20251216_100347_Home2C_ep12) by extension 'colcon_pkg'
[0.342s] Level 1:colcon.colcon_core.package_identification:_identify(dataset/20251216_100347_Home2C_ep12) by extensions ['colcon_meta']
[0.342s] Level 1:colcon.colcon_core.package_identification:_identify(dataset/20251216_100347_Home2C_ep12) by extension 'colcon_meta'
[0.342s] Level 1:colcon.colcon_core.package_identification:_identify(dataset/20251216_100347_Home2C_ep12) by extensions ['ros']
[0.343s] Level 1:colcon.colcon_core.package_identification:_identify(dataset/20251216_100347_Home2C_ep12) by extension 'ros'
[0.343s] Level 1:colcon.colcon_core.package_identification:_identify(dataset/20251216_100347_Home2C_ep12) by extensions ['cmake', 'python']
[0.343s] Level 1:colcon.colcon_core.package_identification:_identify(dataset/20251216_100347_Home2C_ep12) by extension 'cmake'
[0.343s] Level 1:colcon.colcon_core.package_identification:_identify(dataset/20251216_100347_Home2C_ep12) by extension 'python'
[0.343s] Level 1:colcon.colcon_core.package_identification:_identify(dataset/20251216_100347_Home2C_ep12) by extensions ['python_setup_py']
[0.343s] Level 1:colcon.colcon_core.package_identification:_identify(dataset/20251216_100347_Home2C_ep12) by extension 'python_setup_py'
[0.343s] Level 1:colcon.colcon_core.package_identification:_identify(dataset/20251216_100347_Home2C_ep12/images) by extensions ['ignore', 'ignore_ament_install']
[0.343s] Level 1:colcon.colcon_core.package_identification:_identify(dataset/20251216_100347_Home2C_ep12/images) by extension 'ignore'
[0.343s] Level 1:colcon.colcon_core.package_identification:_identify(dataset/20251216_100347_Home2C_ep12/images) by extension 'ignore_ament_install'
[0.343s] Level 1:colcon.colcon_core.package_identification:_identify(dataset/20251216_100347_Home2C_ep12/images) by extensions ['colcon_pkg']
[0.343s] Level 1:colcon.colcon_core.package_identification:_identify(dataset/20251216_100347_Home2C_ep12/images) by extension 'colcon_pkg'
[0.343s] Level 1:colcon.colcon_core.package_identification:_identify(dataset/20251216_100347_Home2C_ep12/images) by extensions ['colcon_meta']
[0.343s] Level 1:colcon.colcon_core.package_identification:_identify(dataset/20251216_100347_Home2C_ep12/images) by extension 'colcon_meta'
[0.343s] Level 1:colcon.colcon_core.package_identification:_identify(dataset/20251216_100347_Home2C_ep12/images) by extensions ['ros']
[0.343s] Level 1:colcon.colcon_core.package_identification:_identify(dataset/20251216_100347_Home2C_ep12/images) by extension 'ros'
[0.343s] Level 1:colcon.colcon_core.package_identification:_identify(dataset/20251216_100347_Home2C_ep12/images) by extensions ['cmake', 'python']
[0.343s] Level 1:colcon.colcon_core.package_identification:_identify(dataset/20251216_100347_Home2C_ep12/images) by extension 'cmake'
[0.343s] Level 1:colcon.colcon_core.package_identification:_identify(dataset/20251216_100347_Home2C_ep12/images) by extension 'python'
[0.343s] Level 1:colcon.colcon_core.package_identification:_identify(dataset/20251216_100347_Home2C_ep12/images) by extensions ['python_setup_py']
[0.343s] Level 1:colcon.colcon_core.package_identification:_identify(dataset/20251216_100347_Home2C_ep12/images) by extension 'python_setup_py'
[0.344s] Level 1:colcon.colcon_core.package_identification:_identify(dataset/20251216_100652_Home2C_ep13) by extensions ['ignore', 'ignore_ament_install']
[0.344s] Level 1:colcon.colcon_core.package_identification:_identify(dataset/20251216_100652_Home2C_ep13) by extension 'ignore'
[0.344s] Level 1:colcon.colcon_core.package_identification:_identify(dataset/20251216_100652_Home2C_ep13) by extension 'ignore_ament_install'
[0.344s] Level 1:colcon.colcon_core.package_identification:_identify(dataset/20251216_100652_Home2C_ep13) by extensions ['colcon_pkg']
[0.344s] Level 1:colcon.colcon_core.package_identification:_identify(dataset/20251216_100652_Home2C_ep13) by extension 'colcon_pkg'
[0.344s] Level 1:colcon.colcon_core.package_identification:_identify(dataset/20251216_100652_Home2C_ep13) by extensions ['colcon_meta']
[0.344s] Level 1:colcon.colcon_core.package_identification:_identify(dataset/20251216_100652_Home2C_ep13) by extension 'colcon_meta'
[0.344s] Level 1:colcon.colcon_core.package_identification:_identify(dataset/20251216_100652_Home2C_ep13) by extensions ['ros']
[0.344s] Level 1:colcon.colcon_core.package_identification:_identify(dataset/20251216_100652_Home2C_ep13) by extension 'ros'
[0.344s] Level 1:colcon.colcon_core.package_identification:_identify(dataset/20251216_100652_Home2C_ep13) by extensions ['cmake', 'python']
[0.344s] Level 1:colcon.colcon_core.package_identification:_identify(dataset/20251216_100652_Home2C_ep13) by extension 'cmake'
[0.344s] Level 1:colcon.colcon_core.package_identification:_identify(dataset/20251216_100652_Home2C_ep13) by extension 'python'
[0.344s] Level 1:colcon.colcon_core.package_identification:_identify(dataset/20251216_100652_Home2C_ep13) by extensions ['python_setup_py']
[0.344s] Level 1:colcon.colcon_core.package_identification:_identify(dataset/20251216_100652_Home2C_ep13) by extension 'python_setup_py'
[0.344s] Level 1:colcon.colcon_core.package_identification:_identify(dataset/20251216_100652_Home2C_ep13/images) by extensions ['ignore', 'ignore_ament_install']
[0.344s] Level 1:colcon.colcon_core.package_identification:_identify(dataset/20251216_100652_Home2C_ep13/images) by extension 'ignore'
[0.344s] Level 1:colcon.colcon_core.package_identification:_identify(dataset/20251216_100652_Home2C_ep13/images) by extension 'ignore_ament_install'
[0.344s] Level 1:colcon.colcon_core.package_identification:_identify(dataset/20251216_100652_Home2C_ep13/images) by extensions ['colcon_pkg']
[0.345s] Level 1:colcon.colcon_core.package_identification:_identify(dataset/20251216_100652_Home2C_ep13/images) by extension 'colcon_pkg'
[0.345s] Level 1:colcon.colcon_core.package_identification:_identify(dataset/20251216_100652_Home2C_ep13/images) by extensions ['colcon_meta']
[0.345s] Level 1:colcon.colcon_core.package_identification:_identify(dataset/20251216_100652_Home2C_ep13/images) by extension 'colcon_meta'
[0.345s] Level 1:colcon.colcon_core.package_identification:_identify(dataset/20251216_100652_Home2C_ep13/images) by extensions ['ros']
[0.345s] Level 1:colcon.colcon_core.package_identification:_identify(dataset/20251216_100652_Home2C_ep13/images) by extension 'ros'
[0.345s] Level 1:colcon.colcon_core.package_identification:_identify(dataset/20251216_100652_Home2C_ep13/images) by extensions ['cmake', 'python']
[0.345s] Level 1:colcon.colcon_core.package_identification:_identify(dataset/20251216_100652_Home2C_ep13/images) by extension 'cmake'
[0.345s] Level 1:colcon.colcon_core.package_identification:_identify(dataset/20251216_100652_Home2C_ep13/images) by extension 'python'
[0.345s] Level 1:colcon.colcon_core.package_identification:_identify(dataset/20251216_100652_Home2C_ep13/images) by extensions ['python_setup_py']
[0.345s] Level 1:colcon.colcon_core.package_identification:_identify(dataset/20251216_100652_Home2C_ep13/images) by extension 'python_setup_py'
[0.345s] Level 1:colcon.colcon_core.package_identification:_identify(dataset/20251216_101354_Home2C_ep15) by extensions ['ignore', 'ignore_ament_install']
[0.345s] Level 1:colcon.colcon_core.package_identification:_identify(dataset/20251216_101354_Home2C_ep15) by extension 'ignore'
[0.345s] Level 1:colcon.colcon_core.package_identification:_identify(dataset/20251216_101354_Home2C_ep15) by extension 'ignore_ament_install'
[0.345s] Level 1:colcon.colcon_core.package_identification:_identify(dataset/20251216_101354_Home2C_ep15) by extensions ['colcon_pkg']
[0.345s] Level 1:colcon.colcon_core.package_identification:_identify(dataset/20251216_101354_Home2C_ep15) by extension 'colcon_pkg'
[0.345s] Level 1:colcon.colcon_core.package_identification:_identify(dataset/20251216_101354_Home2C_ep15) by extensions ['colcon_meta']
[0.345s] Level 1:colcon.colcon_core.package_identification:_identify(dataset/20251216_101354_Home2C_ep15) by extension 'colcon_meta'
[0.345s] Level 1:colcon.colcon_core.package_identification:_identify(dataset/20251216_101354_Home2C_ep15) by extensions ['ros']
[0.345s] Level 1:colcon.colcon_core.package_identification:_identify(dataset/20251216_101354_Home2C_ep15) by extension 'ros'
[0.345s] Level 1:colcon.colcon_core.package_identification:_identify(dataset/20251216_101354_Home2C_ep15) by extensions ['cmake', 'python']
[0.345s] Level 1:colcon.colcon_core.package_identification:_identify(dataset/20251216_101354_Home2C_ep15) by extension 'cmake'
[0.345s] Level 1:colcon.colcon_core.package_identification:_identify(dataset/20251216_101354_Home2C_ep15) by extension 'python'
[0.345s] Level 1:colcon.colcon_core.package_identification:_identify(dataset/20251216_101354_Home2C_ep15) by extensions ['python_setup_py']
[0.345s] Level 1:colcon.colcon_core.package_identification:_identify(dataset/20251216_101354_Home2C_ep15) by extension 'python_setup_py'
[0.346s] Level 1:colcon.colcon_core.package_identification:_identify(dataset/20251216_101354_Home2C_ep15/images) by extensions ['ignore', 'ignore_ament_install']
[0.346s] Level 1:colcon.colcon_core.package_identification:_identify(dataset/20251216_101354_Home2C_ep15/images) by extension 'ignore'
[0.346s] Level 1:colcon.colcon_core.package_identification:_identify(dataset/20251216_101354_Home2C_ep15/images) by extension 'ignore_ament_install'
[0.346s] Level 1:colcon.colcon_core.package_identification:_identify(dataset/20251216_101354_Home2C_ep15/images) by extensions ['colcon_pkg']
[0.346s] Level 1:colcon.colcon_core.package_identification:_identify(dataset/20251216_101354_Home2C_ep15/images) by extension 'colcon_pkg'
[0.346s] Level 1:colcon.colcon_core.package_identification:_identify(dataset/20251216_101354_Home2C_ep15/images) by extensions ['colcon_meta']
[0.346s] Level 1:colcon.colcon_core.package_identification:_identify(dataset/20251216_101354_Home2C_ep15/images) by extension 'colcon_meta'
[0.346s] Level 1:colcon.colcon_core.package_identification:_identify(dataset/20251216_101354_Home2C_ep15/images) by extensions ['ros']
[0.346s] Level 1:colcon.colcon_core.package_identification:_identify(dataset/20251216_101354_Home2C_ep15/images) by extension 'ros'
[0.346s] Level 1:colcon.colcon_core.package_identification:_identify(dataset/20251216_101354_Home2C_ep15/images) by extensions ['cmake', 'python']
[0.346s] Level 1:colcon.colcon_core.package_identification:_identify(dataset/20251216_101354_Home2C_ep15/images) by extension 'cmake'
[0.346s] Level 1:colcon.colcon_core.package_identification:_identify(dataset/20251216_101354_Home2C_ep15/images) by extension 'python'
[0.346s] Level 1:colcon.colcon_core.package_identification:_identify(dataset/20251216_101354_Home2C_ep15/images) by extensions ['python_setup_py']
[0.346s] Level 1:colcon.colcon_core.package_identification:_identify(dataset/20251216_101354_Home2C_ep15/images) by extension 'python_setup_py'
[0.346s] Level 1:colcon.colcon_core.package_identification:_identify(dataset/20251216_101718_Home2C_ep16) by extensions ['ignore', 'ignore_ament_install']
[0.346s] Level 1:colcon.colcon_core.package_identification:_identify(dataset/20251216_101718_Home2C_ep16) by extension 'ignore'
[0.346s] Level 1:colcon.colcon_core.package_identification:_identify(dataset/20251216_101718_Home2C_ep16) by extension 'ignore_ament_install'
[0.346s] Level 1:colcon.colcon_core.package_identification:_identify(dataset/20251216_101718_Home2C_ep16) by extensions ['colcon_pkg']
[0.346s] Level 1:colcon.colcon_core.package_identification:_identify(dataset/20251216_101718_Home2C_ep16) by extension 'colcon_pkg'
[0.346s] Level 1:colcon.colcon_core.package_identification:_identify(dataset/20251216_101718_Home2C_ep16) by extensions ['colcon_meta']
[0.346s] Level 1:colcon.colcon_core.package_identification:_identify(dataset/20251216_101718_Home2C_ep16) by extension 'colcon_meta'
[0.346s] Level 1:colcon.colcon_core.package_identification:_identify(dataset/20251216_101718_Home2C_ep16) by extensions ['ros']
[0.346s] Level 1:colcon.colcon_core.package_identification:_identify(dataset/20251216_101718_Home2C_ep16) by extension 'ros'
[0.346s] Level 1:colcon.colcon_core.package_identification:_identify(dataset/20251216_101718_Home2C_ep16) by extensions ['cmake', 'python']
[0.347s] Level 1:colcon.colcon_core.package_identification:_identify(dataset/20251216_101718_Home2C_ep16) by extension 'cmake'
[0.347s] Level 1:colcon.colcon_core.package_identification:_identify(dataset/20251216_101718_Home2C_ep16) by extension 'python'
[0.347s] Level 1:colcon.colcon_core.package_identification:_identify(dataset/20251216_101718_Home2C_ep16) by extensions ['python_setup_py']
[0.347s] Level 1:colcon.colcon_core.package_identification:_identify(dataset/20251216_101718_Home2C_ep16) by extension 'python_setup_py'
[0.347s] Level 1:colcon.colcon_core.package_identification:_identify(dataset/20251216_101718_Home2C_ep16/images) by extensions ['ignore', 'ignore_ament_install']
[0.347s] Level 1:colcon.colcon_core.package_identification:_identify(dataset/20251216_101718_Home2C_ep16/images) by extension 'ignore'
[0.347s] Level 1:colcon.colcon_core.package_identification:_identify(dataset/20251216_101718_Home2C_ep16/images) by extension 'ignore_ament_install'
[0.347s] Level 1:colcon.colcon_core.package_identification:_identify(dataset/20251216_101718_Home2C_ep16/images) by extensions ['colcon_pkg']
[0.347s] Level 1:colcon.colcon_core.package_identification:_identify(dataset/20251216_101718_Home2C_ep16/images) by extension 'colcon_pkg'
[0.347s] Level 1:colcon.colcon_core.package_identification:_identify(dataset/20251216_101718_Home2C_ep16/images) by extensions ['colcon_meta']
[0.347s] Level 1:colcon.colcon_core.package_identification:_identify(dataset/20251216_101718_Home2C_ep16/images) by extension 'colcon_meta'
[0.347s] Level 1:colcon.colcon_core.package_identification:_identify(dataset/20251216_101718_Home2C_ep16/images) by extensions ['ros']
[0.347s] Level 1:colcon.colcon_core.package_identification:_identify(dataset/20251216_101718_Home2C_ep16/images) by extension 'ros'
[0.347s] Level 1:colcon.colcon_core.package_identification:_identify(dataset/20251216_101718_Home2C_ep16/images) by extensions ['cmake', 'python']
[0.347s] Level 1:colcon.colcon_core.package_identification:_identify(dataset/20251216_101718_Home2C_ep16/images) by extension 'cmake'
[0.347s] Level 1:colcon.colcon_core.package_identification:_identify(dataset/20251216_101718_Home2C_ep16/images) by extension 'python'
[0.347s] Level 1:colcon.colcon_core.package_identification:_identify(dataset/20251216_101718_Home2C_ep16/images) by extensions ['python_setup_py']
[0.347s] Level 1:colcon.colcon_core.package_identification:_identify(dataset/20251216_101718_Home2C_ep16/images) by extension 'python_setup_py'
[0.347s] Level 1:colcon.colcon_core.package_identification:_identify(dataset/20251216_102146_Home2C_ep17) by extensions ['ignore', 'ignore_ament_install']
[0.348s] Level 1:colcon.colcon_core.package_identification:_identify(dataset/20251216_102146_Home2C_ep17) by extension 'ignore'
[0.348s] Level 1:colcon.colcon_core.package_identification:_identify(dataset/20251216_102146_Home2C_ep17) by extension 'ignore_ament_install'
[0.348s] Level 1:colcon.colcon_core.package_identification:_identify(dataset/20251216_102146_Home2C_ep17) by extensions ['colcon_pkg']
[0.348s] Level 1:colcon.colcon_core.package_identification:_identify(dataset/20251216_102146_Home2C_ep17) by extension 'colcon_pkg'
[0.348s] Level 1:colcon.colcon_core.package_identification:_identify(dataset/20251216_102146_Home2C_ep17) by extensions ['colcon_meta']
[0.348s] Level 1:colcon.colcon_core.package_identification:_identify(dataset/20251216_102146_Home2C_ep17) by extension 'colcon_meta'
[0.348s] Level 1:colcon.colcon_core.package_identification:_identify(dataset/20251216_102146_Home2C_ep17) by extensions ['ros']
[0.348s] Level 1:colcon.colcon_core.package_identification:_identify(dataset/20251216_102146_Home2C_ep17) by extension 'ros'
[0.348s] Level 1:colcon.colcon_core.package_identification:_identify(dataset/20251216_102146_Home2C_ep17) by extensions ['cmake', 'python']
[0.348s] Level 1:colcon.colcon_core.package_identification:_identify(dataset/20251216_102146_Home2C_ep17) by extension 'cmake'
[0.348s] Level 1:colcon.colcon_core.package_identification:_identify(dataset/20251216_102146_Home2C_ep17) by extension 'python'
[0.348s] Level 1:colcon.colcon_core.package_identification:_identify(dataset/20251216_102146_Home2C_ep17) by extensions ['python_setup_py']
[0.348s] Level 1:colcon.colcon_core.package_identification:_identify(dataset/20251216_102146_Home2C_ep17) by extension 'python_setup_py'
[0.348s] Level 1:colcon.colcon_core.package_identification:_identify(dataset/20251216_102146_Home2C_ep17/images) by extensions ['ignore', 'ignore_ament_install']
[0.348s] Level 1:colcon.colcon_core.package_identification:_identify(dataset/20251216_102146_Home2C_ep17/images) by extension 'ignore'
[0.348s] Level 1:colcon.colcon_core.package_identification:_identify(dataset/20251216_102146_Home2C_ep17/images) by extension 'ignore_ament_install'
[0.348s] Level 1:colcon.colcon_core.package_identification:_identify(dataset/20251216_102146_Home2C_ep17/images) by extensions ['colcon_pkg']
[0.348s] Level 1:colcon.colcon_core.package_identification:_identify(dataset/20251216_102146_Home2C_ep17/images) by extension 'colcon_pkg'
[0.348s] Level 1:colcon.colcon_core.package_identification:_identify(dataset/20251216_102146_Home2C_ep17/images) by extensions ['colcon_meta']
[0.348s] Level 1:colcon.colcon_core.package_identification:_identify(dataset/20251216_102146_Home2C_ep17/images) by extension 'colcon_meta'
[0.348s] Level 1:colcon.colcon_core.package_identification:_identify(dataset/20251216_102146_Home2C_ep17/images) by extensions ['ros']
[0.349s] Level 1:colcon.colcon_core.package_identification:_identify(dataset/20251216_102146_Home2C_ep17/images) by extension 'ros'
[0.349s] Level 1:colcon.colcon_core.package_identification:_identify(dataset/20251216_102146_Home2C_ep17/images) by extensions ['cmake', 'python']
[0.349s] Level 1:colcon.colcon_core.package_identification:_identify(dataset/20251216_102146_Home2C_ep17/images) by extension 'cmake'
[0.349s] Level 1:colcon.colcon_core.package_identification:_identify(dataset/20251216_102146_Home2C_ep17/images) by extension 'python'
[0.349s] Level 1:colcon.colcon_core.package_identification:_identify(dataset/20251216_102146_Home2C_ep17/images) by extensions ['python_setup_py']
[0.349s] Level 1:colcon.colcon_core.package_identification:_identify(dataset/20251216_102146_Home2C_ep17/images) by extension 'python_setup_py'
[0.349s] Level 1:colcon.colcon_core.package_identification:_identify(dataset/20251216_102613_Home2C_ep18) by extensions ['ignore', 'ignore_ament_install']
[0.349s] Level 1:colcon.colcon_core.package_identification:_identify(dataset/20251216_102613_Home2C_ep18) by extension 'ignore'
[0.349s] Level 1:colcon.colcon_core.package_identification:_identify(dataset/20251216_102613_Home2C_ep18) by extension 'ignore_ament_install'
[0.349s] Level 1:colcon.colcon_core.package_identification:_identify(dataset/20251216_102613_Home2C_ep18) by extensions ['colcon_pkg']
[0.349s] Level 1:colcon.colcon_core.package_identification:_identify(dataset/20251216_102613_Home2C_ep18) by extension 'colcon_pkg'
[0.349s] Level 1:colcon.colcon_core.package_identification:_identify(dataset/20251216_102613_Home2C_ep18) by extensions ['colcon_meta']
[0.349s] Level 1:colcon.colcon_core.package_identification:_identify(dataset/20251216_102613_Home2C_ep18) by extension 'colcon_meta'
[0.349s] Level 1:colcon.colcon_core.package_identification:_identify(dataset/20251216_102613_Home2C_ep18) by extensions ['ros']
[0.349s] Level 1:colcon.colcon_core.package_identification:_identify(dataset/20251216_102613_Home2C_ep18) by extension 'ros'
[0.349s] Level 1:colcon.colcon_core.package_identification:_identify(dataset/20251216_102613_Home2C_ep18) by extensions ['cmake', 'python']
[0.349s] Level 1:colcon.colcon_core.package_identification:_identify(dataset/20251216_102613_Home2C_ep18) by extension 'cmake'
[0.349s] Level 1:colcon.colcon_core.package_identification:_identify(dataset/20251216_102613_Home2C_ep18) by extension 'python'
[0.349s] Level 1:colcon.colcon_core.package_identification:_identify(dataset/20251216_102613_Home2C_ep18) by extensions ['python_setup_py']
[0.349s] Level 1:colcon.colcon_core.package_identification:_identify(dataset/20251216_102613_Home2C_ep18) by extension 'python_setup_py'
[0.350s] Level 1:colcon.colcon_core.package_identification:_identify(dataset/20251216_102613_Home2C_ep18/images) by extensions ['ignore', 'ignore_ament_install']
[0.350s] Level 1:colcon.colcon_core.package_identification:_identify(dataset/20251216_102613_Home2C_ep18/images) by extension 'ignore'
[0.350s] Level 1:colcon.colcon_core.package_identification:_identify(dataset/20251216_102613_Home2C_ep18/images) by extension 'ignore_ament_install'
[0.350s] Level 1:colcon.colcon_core.package_identification:_identify(dataset/20251216_102613_Home2C_ep18/images) by extensions ['colcon_pkg']
[0.350s] Level 1:colcon.colcon_core.package_identification:_identify(dataset/20251216_102613_Home2C_ep18/images) by extension 'colcon_pkg'
[0.350s] Level 1:colcon.colcon_core.package_identification:_identify(dataset/20251216_102613_Home2C_ep18/images) by extensions ['colcon_meta']
[0.350s] Level 1:colcon.colcon_core.package_identification:_identify(dataset/20251216_102613_Home2C_ep18/images) by extension 'colcon_meta'
[0.350s] Level 1:colcon.colcon_core.package_identification:_identify(dataset/20251216_102613_Home2C_ep18/images) by extensions ['ros']
[0.350s] Level 1:colcon.colcon_core.package_identification:_identify(dataset/20251216_102613_Home2C_ep18/images) by extension 'ros'
[0.350s] Level 1:colcon.colcon_core.package_identification:_identify(dataset/20251216_102613_Home2C_ep18/images) by extensions ['cmake', 'python']
[0.350s] Level 1:colcon.colcon_core.package_identification:_identify(dataset/20251216_102613_Home2C_ep18/images) by extension 'cmake'
[0.350s] Level 1:colcon.colcon_core.package_identification:_identify(dataset/20251216_102613_Home2C_ep18/images) by extension 'python'
[0.350s] Level 1:colcon.colcon_core.package_identification:_identify(dataset/20251216_102613_Home2C_ep18/images) by extensions ['python_setup_py']
[0.350s] Level 1:colcon.colcon_core.package_identification:_identify(dataset/20251216_102613_Home2C_ep18/images) by extension 'python_setup_py'
[0.350s] Level 1:colcon.colcon_core.package_identification:_identify(dataset/20251216_102928_Home2C_ep19) by extensions ['ignore', 'ignore_ament_install']
[0.350s] Level 1:colcon.colcon_core.package_identification:_identify(dataset/20251216_102928_Home2C_ep19) by extension 'ignore'
[0.350s] Level 1:colcon.colcon_core.package_identification:_identify(dataset/20251216_102928_Home2C_ep19) by extension 'ignore_ament_install'
[0.350s] Level 1:colcon.colcon_core.package_identification:_identify(dataset/20251216_102928_Home2C_ep19) by extensions ['colcon_pkg']
[0.350s] Level 1:colcon.colcon_core.package_identification:_identify(dataset/20251216_102928_Home2C_ep19) by extension 'colcon_pkg'
[0.350s] Level 1:colcon.colcon_core.package_identification:_identify(dataset/20251216_102928_Home2C_ep19) by extensions ['colcon_meta']
[0.350s] Level 1:colcon.colcon_core.package_identification:_identify(dataset/20251216_102928_Home2C_ep19) by extension 'colcon_meta'
[0.350s] Level 1:colcon.colcon_core.package_identification:_identify(dataset/20251216_102928_Home2C_ep19) by extensions ['ros']
[0.350s] Level 1:colcon.colcon_core.package_identification:_identify(dataset/20251216_102928_Home2C_ep19) by extension 'ros'
[0.350s] Level 1:colcon.colcon_core.package_identification:_identify(dataset/20251216_102928_Home2C_ep19) by extensions ['cmake', 'python']
[0.350s] Level 1:colcon.colcon_core.package_identification:_identify(dataset/20251216_102928_Home2C_ep19) by extension 'cmake'
[0.350s] Level 1:colcon.colcon_core.package_identification:_identify(dataset/20251216_102928_Home2C_ep19) by extension 'python'
[0.350s] Level 1:colcon.colcon_core.package_identification:_identify(dataset/20251216_102928_Home2C_ep19) by extensions ['python_setup_py']
[0.350s] Level 1:colcon.colcon_core.package_identification:_identify(dataset/20251216_102928_Home2C_ep19) by extension 'python_setup_py'
[0.351s] Level 1:colcon.colcon_core.package_identification:_identify(dataset/20251216_102928_Home2C_ep19/images) by extensions ['ignore', 'ignore_ament_install']
[0.351s] Level 1:colcon.colcon_core.package_identification:_identify(dataset/20251216_102928_Home2C_ep19/images) by extension 'ignore'
[0.351s] Level 1:colcon.colcon_core.package_identification:_identify(dataset/20251216_102928_Home2C_ep19/images) by extension 'ignore_ament_install'
[0.351s] Level 1:colcon.colcon_core.package_identification:_identify(dataset/20251216_102928_Home2C_ep19/images) by extensions ['colcon_pkg']
[0.351s] Level 1:colcon.colcon_core.package_identification:_identify(dataset/20251216_102928_Home2C_ep19/images) by extension 'colcon_pkg'
[0.351s] Level 1:colcon.colcon_core.package_identification:_identify(dataset/20251216_102928_Home2C_ep19/images) by extensions ['colcon_meta']
[0.351s] Level 1:colcon.colcon_core.package_identification:_identify(dataset/20251216_102928_Home2C_ep19/images) by extension 'colcon_meta'
[0.351s] Level 1:colcon.colcon_core.package_identification:_identify(dataset/20251216_102928_Home2C_ep19/images) by extensions ['ros']
[0.351s] Level 1:colcon.colcon_core.package_identification:_identify(dataset/20251216_102928_Home2C_ep19/images) by extension 'ros'
[0.351s] Level 1:colcon.colcon_core.package_identification:_identify(dataset/20251216_102928_Home2C_ep19/images) by extensions ['cmake', 'python']
[0.351s] Level 1:colcon.colcon_core.package_identification:_identify(dataset/20251216_102928_Home2C_ep19/images) by extension 'cmake'
[0.351s] Level 1:colcon.colcon_core.package_identification:_identify(dataset/20251216_102928_Home2C_ep19/images) by extension 'python'
[0.351s] Level 1:colcon.colcon_core.package_identification:_identify(dataset/20251216_102928_Home2C_ep19/images) by extensions ['python_setup_py']
[0.351s] Level 1:colcon.colcon_core.package_identification:_identify(dataset/20251216_102928_Home2C_ep19/images) by extension 'python_setup_py'
[0.351s] Level 1:colcon.colcon_core.package_identification:_identify(dataset/20251216_103223_Home2C_ep20) by extensions ['ignore', 'ignore_ament_install']
[0.351s] Level 1:colcon.colcon_core.package_identification:_identify(dataset/20251216_103223_Home2C_ep20) by extension 'ignore'
[0.351s] Level 1:colcon.colcon_core.package_identification:_identify(dataset/20251216_103223_Home2C_ep20) by extension 'ignore_ament_install'
[0.351s] Level 1:colcon.colcon_core.package_identification:_identify(dataset/20251216_103223_Home2C_ep20) by extensions ['colcon_pkg']
[0.351s] Level 1:colcon.colcon_core.package_identification:_identify(dataset/20251216_103223_Home2C_ep20) by extension 'colcon_pkg'
[0.352s] Level 1:colcon.colcon_core.package_identification:_identify(dataset/20251216_103223_Home2C_ep20) by extensions ['colcon_meta']
[0.352s] Level 1:colcon.colcon_core.package_identification:_identify(dataset/20251216_103223_Home2C_ep20) by extension 'colcon_meta'
[0.352s] Level 1:colcon.colcon_core.package_identification:_identify(dataset/20251216_103223_Home2C_ep20) by extensions ['ros']
[0.352s] Level 1:colcon.colcon_core.package_identification:_identify(dataset/20251216_103223_Home2C_ep20) by extension 'ros'
[0.352s] Level 1:colcon.colcon_core.package_identification:_identify(dataset/20251216_103223_Home2C_ep20) by extensions ['cmake', 'python']
[0.352s] Level 1:colcon.colcon_core.package_identification:_identify(dataset/20251216_103223_Home2C_ep20) by extension 'cmake'
[0.352s] Level 1:colcon.colcon_core.package_identification:_identify(dataset/20251216_103223_Home2C_ep20) by extension 'python'
[0.352s] Level 1:colcon.colcon_core.package_identification:_identify(dataset/20251216_103223_Home2C_ep20) by extensions ['python_setup_py']
[0.352s] Level 1:colcon.colcon_core.package_identification:_identify(dataset/20251216_103223_Home2C_ep20) by extension 'python_setup_py'
[0.352s] Level 1:colcon.colcon_core.package_identification:_identify(dataset/20251216_103223_Home2C_ep20/images) by extensions ['ignore', 'ignore_ament_install']
[0.352s] Level 1:colcon.colcon_core.package_identification:_identify(dataset/20251216_103223_Home2C_ep20/images) by extension 'ignore'
[0.352s] Level 1:colcon.colcon_core.package_identification:_identify(dataset/20251216_103223_Home2C_ep20/images) by extension 'ignore_ament_install'
[0.352s] Level 1:colcon.colcon_core.package_identification:_identify(dataset/20251216_103223_Home2C_ep20/images) by extensions ['colcon_pkg']
[0.352s] Level 1:colcon.colcon_core.package_identification:_identify(dataset/20251216_103223_Home2C_ep20/images) by extension 'colcon_pkg'
[0.352s] Level 1:colcon.colcon_core.package_identification:_identify(dataset/20251216_103223_Home2C_ep20/images) by extensions ['colcon_meta']
[0.352s] Level 1:colcon.colcon_core.package_identification:_identify(dataset/20251216_103223_Home2C_ep20/images) by extension 'colcon_meta'
[0.352s] Level 1:colcon.colcon_core.package_identification:_identify(dataset/20251216_103223_Home2C_ep20/images) by extensions ['ros']
[0.352s] Level 1:colcon.colcon_core.package_identification:_identify(dataset/20251216_103223_Home2C_ep20/images) by extension 'ros'
[0.352s] Level 1:colcon.colcon_core.package_identification:_identify(dataset/20251216_103223_Home2C_ep20/images) by extensions ['cmake', 'python']
[0.352s] Level 1:colcon.colcon_core.package_identification:_identify(dataset/20251216_103223_Home2C_ep20/images) by extension 'cmake'
[0.352s] Level 1:colcon.colcon_core.package_identification:_identify(dataset/20251216_103223_Home2C_ep20/images) by extension 'python'
[0.353s] Level 1:colcon.colcon_core.package_identification:_identify(dataset/20251216_103223_Home2C_ep20/images) by extensions ['python_setup_py']
[0.353s] Level 1:colcon.colcon_core.package_identification:_identify(dataset/20251216_103223_Home2C_ep20/images) by extension 'python_setup_py'
[0.353s] Level 1:colcon.colcon_core.package_identification:_identify(dataset/20260105_151211_Home2C_ep21) by extensions ['ignore', 'ignore_ament_install']
[0.353s] Level 1:colcon.colcon_core.package_identification:_identify(dataset/20260105_151211_Home2C_ep21) by extension 'ignore'
[0.353s] Level 1:colcon.colcon_core.package_identification:_identify(dataset/20260105_151211_Home2C_ep21) by extension 'ignore_ament_install'
[0.353s] Level 1:colcon.colcon_core.package_identification:_identify(dataset/20260105_151211_Home2C_ep21) by extensions ['colcon_pkg']
[0.353s] Level 1:colcon.colcon_core.package_identification:_identify(dataset/20260105_151211_Home2C_ep21) by extension 'colcon_pkg'
[0.353s] Level 1:colcon.colcon_core.package_identification:_identify(dataset/20260105_151211_Home2C_ep21) by extensions ['colcon_meta']
[0.353s] Level 1:colcon.colcon_core.package_identification:_identify(dataset/20260105_151211_Home2C_ep21) by extension 'colcon_meta'
[0.353s] Level 1:colcon.colcon_core.package_identification:_identify(dataset/20260105_151211_Home2C_ep21) by extensions ['ros']
[0.353s] Level 1:colcon.colcon_core.package_identification:_identify(dataset/20260105_151211_Home2C_ep21) by extension 'ros'
[0.353s] Level 1:colcon.colcon_core.package_identification:_identify(dataset/20260105_151211_Home2C_ep21) by extensions ['cmake', 'python']
[0.353s] Level 1:colcon.colcon_core.package_identification:_identify(dataset/20260105_151211_Home2C_ep21) by extension 'cmake'
[0.353s] Level 1:colcon.colcon_core.package_identification:_identify(dataset/20260105_151211_Home2C_ep21) by extension 'python'
[0.353s] Level 1:colcon.colcon_core.package_identification:_identify(dataset/20260105_151211_Home2C_ep21) by extensions ['python_setup_py']
[0.353s] Level 1:colcon.colcon_core.package_identification:_identify(dataset/20260105_151211_Home2C_ep21) by extension 'python_setup_py'
[0.353s] Level 1:colcon.colcon_core.package_identification:_identify(dataset/20260105_151211_Home2C_ep21/images) by extensions ['ignore', 'ignore_ament_install']
[0.353s] Level 1:colcon.colcon_core.package_identification:_identify(dataset/20260105_151211_Home2C_ep21/images) by extension 'ignore'
[0.353s] Level 1:colcon.colcon_core.package_identification:_identify(dataset/20260105_151211_Home2C_ep21/images) by extension 'ignore_ament_install'
[0.353s] Level 1:colcon.colcon_core.package_identification:_identify(dataset/20260105_151211_Home2C_ep21/images) by extensions ['colcon_pkg']
[0.353s] Level 1:colcon.colcon_core.package_identification:_identify(dataset/20260105_151211_Home2C_ep21/images) by extension 'colcon_pkg'
[0.353s] Level 1:colcon.colcon_core.package_identification:_identify(dataset/20260105_151211_Home2C_ep21/images) by extensions ['colcon_meta']
[0.353s] Level 1:colcon.colcon_core.package_identification:_identify(dataset/20260105_151211_Home2C_ep21/images) by extension 'colcon_meta'
[0.353s] Level 1:colcon.colcon_core.package_identification:_identify(dataset/20260105_151211_Home2C_ep21/images) by extensions ['ros']
[0.354s] Level 1:colcon.colcon_core.package_identification:_identify(dataset/20260105_151211_Home2C_ep21/images) by extension 'ros'
[0.354s] Level 1:colcon.colcon_core.package_identification:_identify(dataset/20260105_151211_Home2C_ep21/images) by extensions ['cmake', 'python']
[0.354s] Level 1:colcon.colcon_core.package_identification:_identify(dataset/20260105_151211_Home2C_ep21/images) by extension 'cmake'
[0.354s] Level 1:colcon.colcon_core.package_identification:_identify(dataset/20260105_151211_Home2C_ep21/images) by extension 'python'
[0.354s] Level 1:colcon.colcon_core.package_identification:_identify(dataset/20260105_151211_Home2C_ep21/images) by extensions ['python_setup_py']
[0.354s] Level 1:colcon.colcon_core.package_identification:_identify(dataset/20260105_151211_Home2C_ep21/images) by extension 'python_setup_py'
[0.354s] Level 1:colcon.colcon_core.package_identification:_identify(install) by extensions ['ignore', 'ignore_ament_install']
[0.354s] Level 1:colcon.colcon_core.package_identification:_identify(install) by extension 'ignore'
[0.354s] Level 1:colcon.colcon_core.package_identification:_identify(install) ignored
[0.354s] Level 1:colcon.colcon_core.package_identification:_identify(log) by extensions ['ignore', 'ignore_ament_install']
[0.354s] Level 1:colcon.colcon_core.package_identification:_identify(log) by extension 'ignore'
[0.354s] Level 1:colcon.colcon_core.package_identification:_identify(log) ignored
[0.354s] Level 1:colcon.colcon_core.package_identification:_identify(src) by extensions ['ignore', 'ignore_ament_install']
[0.354s] Level 1:colcon.colcon_core.package_identification:_identify(src) by extension 'ignore'
[0.354s] Level 1:colcon.colcon_core.package_identification:_identify(src) by extension 'ignore_ament_install'
[0.354s] Level 1:colcon.colcon_core.package_identification:_identify(src) by extensions ['colcon_pkg']
[0.354s] Level 1:colcon.colcon_core.package_identification:_identify(src) by extension 'colcon_pkg'
[0.354s] Level 1:colcon.colcon_core.package_identification:_identify(src) by extensions ['colcon_meta']
[0.354s] Level 1:colcon.colcon_core.package_identification:_identify(src) by extension 'colcon_meta'
[0.354s] Level 1:colcon.colcon_core.package_identification:_identify(src) by extensions ['ros']
[0.354s] Level 1:colcon.colcon_core.package_identification:_identify(src) by extension 'ros'
[0.354s] Level 1:colcon.colcon_core.package_identification:_identify(src) by extensions ['cmake', 'python']
[0.354s] Level 1:colcon.colcon_core.package_identification:_identify(src) by extension 'cmake'
[0.354s] Level 1:colcon.colcon_core.package_identification:_identify(src) by extension 'python'
[0.354s] Level 1:colcon.colcon_core.package_identification:_identify(src) by extensions ['python_setup_py']
[0.354s] Level 1:colcon.colcon_core.package_identification:_identify(src) by extension 'python_setup_py'
[0.355s] Level 1:colcon.colcon_core.package_identification:_identify(src/tugbot_recorder) by extensions ['ignore', 'ignore_ament_install']
[0.355s] Level 1:colcon.colcon_core.package_identification:_identify(src/tugbot_recorder) by extension 'ignore'
[0.355s] Level 1:colcon.colcon_core.package_identification:_identify(src/tugbot_recorder) by extension 'ignore_ament_install'
[0.355s] Level 1:colcon.colcon_core.package_identification:_identify(src/tugbot_recorder) by extensions ['colcon_pkg']
[0.355s] Level 1:colcon.colcon_core.package_identification:_identify(src/tugbot_recorder) by extension 'colcon_pkg'
[0.355s] Level 1:colcon.colcon_core.package_identification:_identify(src/tugbot_recorder) by extensions ['colcon_meta']
[0.355s] Level 1:colcon.colcon_core.package_identification:_identify(src/tugbot_recorder) by extension 'colcon_meta'
[0.355s] Level 1:colcon.colcon_core.package_identification:_identify(src/tugbot_recorder) by extensions ['ros']
[0.355s] Level 1:colcon.colcon_core.package_identification:_identify(src/tugbot_recorder) by extension 'ros'
[0.358s] DEBUG:colcon.colcon_core.package_identification:Package 'src/tugbot_recorder' with type 'ros.ament_python' and name 'tugbot_recorder'
[0.358s] Level 1:colcon.colcon_core.package_discovery:discover_packages(recursive) using defaults
[0.358s] Level 1:colcon.colcon_core.package_discovery:discover_packages(ignore) discover
[0.358s] Level 1:colcon.colcon_core.package_discovery:discover_packages(ignore) using defaults
[0.358s] Level 1:colcon.colcon_core.package_discovery:discover_packages(path) discover
[0.358s] Level 1:colcon.colcon_core.package_discovery:discover_packages(path) using defaults
[0.386s] Level 1:colcon.colcon_core.package_discovery:discover_packages(prefix_path) check parameters
[0.386s] Level 1:colcon.colcon_core.package_discovery:discover_packages(prefix_path) discover
[0.388s] DEBUG:colcon.colcon_installed_package_information.package_discovery:Found 279 installed packages in /opt/ros/humble
[0.389s] Level 1:colcon.colcon_core.package_discovery:discover_packages(prefix_path) using defaults
[0.414s] Level 5:colcon.colcon_core.verb:set package 'tugbot_recorder' build argument 'cmake_args' from command line to 'None'
[0.414s] Level 5:colcon.colcon_core.verb:set package 'tugbot_recorder' build argument 'cmake_target' from command line to 'None'
[0.414s] Level 5:colcon.colcon_core.verb:set package 'tugbot_recorder' build argument 'cmake_target_skip_unavailable' from command line to 'False'
[0.414s] Level 5:colcon.colcon_core.verb:set package 'tugbot_recorder' build argument 'cmake_clean_cache' from command line to 'False'
[0.414s] Level 5:colcon.colcon_core.verb:set package 'tugbot_recorder' build argument 'cmake_clean_first' from command line to 'False'
[0.414s] Level 5:colcon.colcon_core.verb:set package 'tugbot_recorder' build argument 'cmake_force_configure' from command line to 'False'
[0.414s] Level 5:colcon.colcon_core.verb:set package 'tugbot_recorder' build argument 'ament_cmake_args' from command line to 'None'
[0.414s] Level 5:colcon.colcon_core.verb:set package 'tugbot_recorder' build argument 'catkin_cmake_args' from command line to 'None'
[0.414s] Level 5:colcon.colcon_core.verb:set package 'tugbot_recorder' build argument 'catkin_skip_building_tests' from command line to 'False'
[0.414s] DEBUG:colcon.colcon_core.verb:Building package 'tugbot_recorder' with the following arguments: {'ament_cmake_args': None, 'build_base': '/home/newin/Projects/warehouse/ws_warehouse/build/tugbot_recorder', 'catkin_cmake_args': None, 'catkin_skip_building_tests': False, 'cmake_args': None, 'cmake_clean_cache': False, 'cmake_clean_first': False, 'cmake_force_configure': False, 'cmake_target': None, 'cmake_target_skip_unavailable': False, 'install_base': '/home/newin/Projects/warehouse/ws_warehouse/install/tugbot_recorder', 'merge_install': False, 'path': '/home/newin/Projects/warehouse/ws_warehouse/src/tugbot_recorder', 'symlink_install': False, 'test_result_base': None}
[0.415s] INFO:colcon.colcon_core.executor:Executing jobs using 'parallel' executor
[0.415s] DEBUG:colcon.colcon_parallel_executor.executor.parallel:run_until_complete
[0.415s] INFO:colcon.colcon_ros.task.ament_python.build:Building ROS package in '/home/newin/Projects/warehouse/ws_warehouse/src/tugbot_recorder' with build type 'ament_python'
[0.416s] Level 1:colcon.colcon_core.shell:create_environment_hook('tugbot_recorder', 'ament_prefix_path')
[0.418s] INFO:colcon.colcon_core.plugin_system:Skipping extension 'colcon_core.shell.bat': Not used on non-Windows systems
[0.418s] INFO:colcon.colcon_core.shell:Creating environment hook '/home/newin/Projects/warehouse/ws_warehouse/install/tugbot_recorder/share/tugbot_recorder/hook/ament_prefix_path.ps1'
[0.418s] INFO:colcon.colcon_core.shell:Creating environment descriptor '/home/newin/Projects/warehouse/ws_warehouse/install/tugbot_recorder/share/tugbot_recorder/hook/ament_prefix_path.dsv'
[0.419s] INFO:colcon.colcon_core.shell:Creating environment hook '/home/newin/Projects/warehouse/ws_warehouse/install/tugbot_recorder/share/tugbot_recorder/hook/ament_prefix_path.sh'
[0.420s] INFO:colcon.colcon_core.shell:Skip shell extension 'powershell' for command environment: Not usable outside of PowerShell
[0.420s] DEBUG:colcon.colcon_core.shell:Skip shell extension 'dsv' for command environment
[0.604s] INFO:colcon.colcon_core.task.python.build:Building Python package in '/home/newin/Projects/warehouse/ws_warehouse/src/tugbot_recorder'
[0.604s] INFO:colcon.colcon_core.shell:Skip shell extension 'powershell' for command environment: Not usable outside of PowerShell
[0.605s] DEBUG:colcon.colcon_core.shell:Skip shell extension 'dsv' for command environment
[0.862s] DEBUG:colcon.colcon_core.event_handler.log_command:Invoking command in '/home/newin/Projects/warehouse/ws_warehouse/src/tugbot_recorder': PYTHONPATH=/home/newin/Projects/warehouse/ws_warehouse/build/tugbot_recorder/prefix_override:/usr/lib/python3/dist-packages/colcon_core/task/python/colcon_distutils_commands:/home/newin/Projects/warehouse/ws_warehouse/install/tugbot_recorder/lib/python3.10/site-packages:${PYTHONPATH} /usr/bin/python3 -W ignore:setup.py install is deprecated -W ignore:easy_install command is deprecated setup.py egg_info --egg-base ../../build/tugbot_recorder build --build-base /home/newin/Projects/warehouse/ws_warehouse/build/tugbot_recorder/build install --record /home/newin/Projects/warehouse/ws_warehouse/build/tugbot_recorder/install.log --single-version-externally-managed install_data
[1.075s] DEBUG:colcon.colcon_core.event_handler.log_command:Invoked command in '/home/newin/Projects/warehouse/ws_warehouse/src/tugbot_recorder' returned '0': PYTHONPATH=/home/newin/Projects/warehouse/ws_warehouse/build/tugbot_recorder/prefix_override:/usr/lib/python3/dist-packages/colcon_core/task/python/colcon_distutils_commands:/home/newin/Projects/warehouse/ws_warehouse/install/tugbot_recorder/lib/python3.10/site-packages:${PYTHONPATH} /usr/bin/python3 -W ignore:setup.py install is deprecated -W ignore:easy_install command is deprecated setup.py egg_info --egg-base ../../build/tugbot_recorder build --build-base /home/newin/Projects/warehouse/ws_warehouse/build/tugbot_recorder/build install --record /home/newin/Projects/warehouse/ws_warehouse/build/tugbot_recorder/install.log --single-version-externally-managed install_data
[1.078s] Level 1:colcon.colcon_core.environment:checking '/home/newin/Projects/warehouse/ws_warehouse/install/tugbot_recorder' for CMake module files
[1.078s] Level 1:colcon.colcon_core.environment:checking '/home/newin/Projects/warehouse/ws_warehouse/install/tugbot_recorder' for CMake config files
[1.079s] Level 1:colcon.colcon_core.environment:checking '/home/newin/Projects/warehouse/ws_warehouse/install/tugbot_recorder/lib'
[1.079s] Level 1:colcon.colcon_core.environment:checking '/home/newin/Projects/warehouse/ws_warehouse/install/tugbot_recorder/bin'
[1.079s] Level 1:colcon.colcon_core.environment:checking '/home/newin/Projects/warehouse/ws_warehouse/install/tugbot_recorder/lib/pkgconfig/tugbot_recorder.pc'
[1.079s] Level 1:colcon.colcon_core.environment:checking '/home/newin/Projects/warehouse/ws_warehouse/install/tugbot_recorder/lib/python3.10/site-packages'
[1.079s] Level 1:colcon.colcon_core.shell:create_environment_hook('tugbot_recorder', 'pythonpath')
[1.080s] INFO:colcon.colcon_core.shell:Creating environment hook '/home/newin/Projects/warehouse/ws_warehouse/install/tugbot_recorder/share/tugbot_recorder/hook/pythonpath.ps1'
[1.080s] INFO:colcon.colcon_core.shell:Creating environment descriptor '/home/newin/Projects/warehouse/ws_warehouse/install/tugbot_recorder/share/tugbot_recorder/hook/pythonpath.dsv'
[1.080s] INFO:colcon.colcon_core.shell:Creating environment hook '/home/newin/Projects/warehouse/ws_warehouse/install/tugbot_recorder/share/tugbot_recorder/hook/pythonpath.sh'
[1.081s] Level 1:colcon.colcon_core.environment:checking '/home/newin/Projects/warehouse/ws_warehouse/install/tugbot_recorder/bin'
[1.081s] Level 1:colcon.colcon_core.environment:create_environment_scripts_only(tugbot_recorder)
[1.081s] INFO:colcon.colcon_core.shell:Creating package script '/home/newin/Projects/warehouse/ws_warehouse/install/tugbot_recorder/share/tugbot_recorder/package.ps1'
[1.082s] INFO:colcon.colcon_core.shell:Creating package descriptor '/home/newin/Projects/warehouse/ws_warehouse/install/tugbot_recorder/share/tugbot_recorder/package.dsv'
[1.083s] INFO:colcon.colcon_core.shell:Creating package script '/home/newin/Projects/warehouse/ws_warehouse/install/tugbot_recorder/share/tugbot_recorder/package.sh'
[1.083s] INFO:colcon.colcon_core.shell:Creating package script '/home/newin/Projects/warehouse/ws_warehouse/install/tugbot_recorder/share/tugbot_recorder/package.bash'
[1.084s] INFO:colcon.colcon_core.shell:Creating package script '/home/newin/Projects/warehouse/ws_warehouse/install/tugbot_recorder/share/tugbot_recorder/package.zsh'
[1.085s] Level 1:colcon.colcon_core.environment:create_file_with_runtime_dependencies(/home/newin/Projects/warehouse/ws_warehouse/install/tugbot_recorder/share/colcon-core/packages/tugbot_recorder)
[1.085s] DEBUG:colcon.colcon_parallel_executor.executor.parallel:closing loop
[1.085s] DEBUG:colcon.colcon_parallel_executor.executor.parallel:loop closed
[1.085s] DEBUG:colcon.colcon_parallel_executor.executor.parallel:run_until_complete finished with '0'
[1.085s] DEBUG:colcon.colcon_core.event_reactor:joining thread
[1.090s] INFO:colcon.colcon_core.plugin_system:Skipping extension 'colcon_notification.desktop_notification.terminal_notifier': Not used on non-Darwin systems
[1.090s] INFO:colcon.colcon_core.plugin_system:Skipping extension 'colcon_notification.desktop_notification.win32': Not used on non-Windows systems
[1.091s] INFO:colcon.colcon_notification.desktop_notification:Sending desktop notification using 'notify2'
[1.103s] DEBUG:colcon.colcon_core.event_reactor:joined thread
[1.103s] INFO:colcon.colcon_core.shell:Creating prefix script '/home/newin/Projects/warehouse/ws_warehouse/install/local_setup.ps1'
[1.104s] INFO:colcon.colcon_core.shell:Creating prefix util module '/home/newin/Projects/warehouse/ws_warehouse/install/_local_setup_util_ps1.py'
[1.105s] INFO:colcon.colcon_core.shell:Creating prefix chain script '/home/newin/Projects/warehouse/ws_warehouse/install/setup.ps1'
[1.106s] INFO:colcon.colcon_core.shell:Creating prefix script '/home/newin/Projects/warehouse/ws_warehouse/install/local_setup.sh'
[1.107s] INFO:colcon.colcon_core.shell:Creating prefix util module '/home/newin/Projects/warehouse/ws_warehouse/install/_local_setup_util_sh.py'
[1.107s] INFO:colcon.colcon_core.shell:Creating prefix chain script '/home/newin/Projects/warehouse/ws_warehouse/install/setup.sh'
[1.108s] INFO:colcon.colcon_core.shell:Creating prefix script '/home/newin/Projects/warehouse/ws_warehouse/install/local_setup.bash'
[1.109s] INFO:colcon.colcon_core.shell:Creating prefix chain script '/home/newin/Projects/warehouse/ws_warehouse/install/setup.bash'
[1.110s] INFO:colcon.colcon_core.shell:Creating prefix script '/home/newin/Projects/warehouse/ws_warehouse/install/local_setup.zsh'
[1.111s] INFO:colcon.colcon_core.shell:Creating prefix chain script '/home/newin/Projects/warehouse/ws_warehouse/install/setup.zsh'
