t_unix,t_ros_ns,run_folder,run_id,goal_id,v_pred_lin,w_pred_ang,v_cmd_lin,w_cmd_ang,x,y,yaw,dist_to_goal
1773702482.7902322,1773702482790241472,Sr02_gA_IMG1_LID1_STA1_GRU64_OH0,0317_0007,A,-0.04088902845978737,0.005981885362416506,0.0,0.0,-7.825558256257446e-15,-2.4816111117565908e-24,-7.060455948268144e-12,33.80335215951222
1773702482.8099954,1773702482810003313,Sr02_gA_IMG1_LID1_STA1_GRU64_OH0,0317_0007,A,-0.04088902845978737,0.005981885362416506,0.0,0.0,-7.825558256257446e-15,-2.4816111117565908e-24,-7.060455948268144e-12,33.80335215951222
1773702482.8308642,1773702482830872338,Sr02_gA_IMG1_LID1_STA1_GRU64_OH0,0317_0007,A,-0.0698016956448555,0.007248701993376017,0.0,0.0,-7.86367325340443e-15,-2.4813420024975683e-24,-7.060455982234925e-12,33.80335215951222
1773702482.9238164,1773702482923824130,Sr02_gA_IMG1_LID1_STA1_GRU64_OH0,0317_0007,A,-0.08066362142562866,0.004045703448355198,0.0,0.0,8.579406946206959e-13,6.60767851498772e-17,0.00046939045048162816,33.80335215951307
1773702483.023025,1773702483023032684,Sr02_gA_IMG1_LID1_STA1_GRU64_OH0,0317_0007,A,-0.08059888333082199,0.0040537104941904545,0.0,0.0,2.797723140066664e-13,-4.514233957024236e-16,0.001066130872285083,33.8033521595125
1773702483.123071,1773702483123078601,Sr02_gA_IMG1_LID1_STA1_GRU64_OH0,0317_0007,A,-0.053324148058891296,0.008353191427886486,0.0,0.0,2.1430853717248311e-13,-5.337019613294381e-16,0.0014710096149442762,33.803352159512436
1773702483.2240279,1773702483224035432,Sr02_gA_IMG1_LID1_STA1_GRU64_OH0,0317_0007,A,-0.05329355597496033,0.008385119028389454,0.0,0.0,6.642296768091025e-13,2.7450641485571443e-16,0.0020483444334902187,33.80335215951287
1773702483.3235447,1773702483323552177,Sr02_gA_IMG1_LID1_STA1_GRU64_OH0,0317_0007,A,-0.0709332749247551,0.007343082223087549,0.0,0.0,4.112678216382518e-13,-3.5095268606585997e-16,0.0028849279345469405,33.80335215951263
1773702483.4234474,1773702483423455363,Sr02_gA_IMG1_LID1_STA1_GRU64_OH0,0317_0007,A,-0.12470880150794983,-0.008243788965046406,0.0,0.0,2.6200943187254897e-14,-1.6382386163463616e-15,0.0036817465256651282,33.80335215951226
1773702483.524048,1773702483524055438,Sr02_gA_IMG1_LID1_STA1_GRU64_OH0,0317_0007,A,-0.12470363080501556,-0.00828477181494236,0.0,0.0,-2.1934949244425507e-12,-1.0580582174819655e-14,0.003792589260954782,33.803352159510084
1773702483.6221268,1773702483622133973,Sr02_gA_IMG1_LID1_STA1_GRU64_OH0,0317_0007,A,-0.20778405666351318,-0.012746170163154602,-0.5,0.0,-2.474844187663211e-12,-1.1537030684574176e-14,0.002966583834175284,33.803352159509814
1773702483.7232435,1773702483723250296,Sr02_gA_IMG1_LID1_STA1_GRU64_OH0,0317_0007,A,-0.2078176736831665,-0.012805846519768238,-0.5,0.0,-0.001844590165146028,-4.195662713320733e-06,0.0021568176368050376,33.80155287535842
1773702483.823357,1773702483823363467,Sr02_gA_IMG1_LID1_STA1_GRU64_OH0,0317_0007,A,-0.2747945785522461,0.0012368190800771117,-0.5,0.0,-0.01857135062774854,-3.340713801852439e-05,0.0014744664969080698,33.78523524575109
1773702483.9226708,1773702483922677411,Sr02_gA_IMG1_LID1_STA1_GRU64_OH0,0317_0007,A,-0.557227611541748,-0.008740324527025223,-0.5,0.0,-0.05260145879769413,-7.293225609078717e-05,0.0009135736133400919,33.75203439186314
1773702484.0219078,1773702484021914745,Sr02_gA_IMG1_LID1_STA1_GRU64_OH0,0317_0007,A,-0.5141839981079102,0.0096765561029315,-0.5,0.0,-0.10105724730752352,-0.000106588389775399,0.00039317606722889836,33.70475729300025
1773702484.1217191,1773702484121726230,Sr02_gA_IMG1_LID1_STA1_GRU64_OH0,0317_0007,A,-0.4909362494945526,-0.001790433656424284,-0.5,0.0,-0.15105724337072446,-0.00011176294864584198,0.0002558053177308776,33.65597059139515
1773702484.223808,1773702484223814206,Sr02_gA_IMG1_LID1_STA1_GRU64_OH0,0317_0007,A,-0.4855809807777405,0.0028771283105015755,-0.5,0.0,-0.20105722889391398,-0.00014415789435109864,0.0007647888057645955,33.60719343687609
1773702484.3222892,1773702484322296089,Sr02_gA_IMG1_LID1_STA1_GRU64_OH0,0317_0007,A,-0.47417330741882324,-0.07529031485319138,-0.5,0.0,-0.2510572130026214,-0.00017978822270024774,0.0007724444421054872,33.558420593764396
1773702484.421695,1773702484421701428,Sr02_gA_IMG1_LID1_STA1_GRU64_OH0,0317_0007,A,-0.5546563267707825,0.08091762661933899,-0.5,0.0,-0.3010253630558367,-0.00020317943382693488,-0.0015197721820967664,33.50967972978827
1773702484.5235407,1773702484523547670,Sr02_gA_IMG1_LID1_STA1_GRU64_OH0,0317_0007,A,-0.4827391505241394,0.02411057986319065,-0.5,0.0,-0.35092099310176156,3.4492919423798544e-05,-0.005774600253801733,33.46095571442061
1773702484.6209786,1773702484620985045,Sr02_gA_IMG1_LID1_STA1_GRU64_OH0,0317_0007,A,-0.5049915909767151,-0.13409994542598724,-0.5,0.0,-0.40087858432643697,0.00014592469774617523,9.53865842714194e-05,33.412202573482716
1773702484.7222288,1773702484722235122,Sr02_gA_IMG1_LID1_STA1_GRU64_OH0,0317_0007,A,-0.5133671760559082,-0.14636656641960144,-0.5,0.0,-0.45077675755720836,0.00010560509324241783,-0.0006129930958969665,33.363544472322296
1773702484.8219492,1773702484821956281,Sr02_gA_IMG1_LID1_STA1_GRU64_OH0,0317_0007,A,-0.4290597140789032,-0.10125061869621277,-0.5,0.0,-0.5007216982990483,0.00046739047744607186,-0.014323210611206588,33.314755466373654
1773702484.921653,1773702484921660880,Sr02_gA_IMG1_LID1_STA1_GRU64_OH0,0317_0007,A,-0.3559507429599762,-0.3735102415084839,-0.5,-0.5,-0.5507024744325669,0.0015316252265578899,-0.02718211471337228,33.265779325505676
1773702485.022558,1773702485022564552,Sr02_gA_IMG1_LID1_STA1_GRU64_OH0,0317_0007,A,-0.3632134795188904,-0.38431093096733093,-0.5,-0.5,-0.6005754098857689,0.0031615185888058048,-0.040048670378623544,33.21678589011342
1773702485.1225708,1773702485122577866,Sr02_gA_IMG1_LID1_STA1_GRU64_OH0,0317_0007,A,-0.44911080598831177,-0.4020116627216339,-0.5,-0.5,-0.6499435661026023,0.0058510112255598335,-0.07182530074040433,33.16805202017485
1773702485.2230368,1773702485223043420,Sr02_gA_IMG1_LID1_STA1_GRU64_OH0,0317_0007,A,-0.454063355922699,-0.4108963906764984,-0.5,-0.5,-0.6997326868935324,0.010403526965015798,-0.11096434025680617,33.118495703708504
1773702485.3222923,1773702485322299854,Sr02_gA_IMG1_LID1_STA1_GRU64_OH0,0317_0007,A,-0.4706604778766632,-0.44186967611312866,-0.5,-0.5,-0.7492999938733775,0.016941101213971126,-0.1515208205121435,33.06871545530073
1773702485.4218066,1773702485421814061,Sr02_gA_IMG1_LID1_STA1_GRU64_OH0,0317_0007,A,-0.46400129795074463,-0.45962390303611755,-0.5,-0.5,-0.7985558761206335,0.02551356101907799,-0.19384930183725993,33.018786722630544
1773702485.5218363,1773702485521842442,Sr02_gA_IMG1_LID1_STA1_GRU64_OH0,0317_0007,A,-0.4764074385166168,-0.4669654667377472,-0.5,-0.5,-0.8473890065058913,0.03623301841877166,-0.2387463567687027,32.968792616721345
1773702485.6209948,1773702485621002148,Sr02_gA_IMG1_LID1_STA1_GRU64_OH0,0317_0007,A,-0.5540420413017273,-0.5705681443214417,-0.5,-0.5,-0.8956811665183615,0.04917218337452003,-0.28500233428598615,32.91883214033088
1773702485.7224784,1773702485722486233,Sr02_gA_IMG1_LID1_STA1_GRU64_OH0,0317_0007,A,-0.567585825920105,-0.5672241449356079,-0.5,-0.5,-0.9432517456898775,0.06434619939856705,-0.3344489560751198,32.86907840871236
1773702485.8218434,1773702485821850404,Sr02_gA_IMG1_LID1_STA1_GRU64_OH0,0317_0007,A,-0.5135372281074524,-0.4610354006290436,-0.5,-0.5,-0.9899880963724355,0.08209550676299304,-0.3913719289248831,32.8195665471431
1773702485.9210446,1773702485921051376,Sr02_gA_IMG1_LID1_STA1_GRU64_OH0,0317_0007,A,-0.37465986609458923,-0.44042065739631653,-0.5,-0.5,-1.0356513005277834,0.10242736233846444,-0.4439052391736725,32.77052962436237
1773702486.022209,1773702486022216717,Sr02_gA_IMG1_LID1_STA1_GRU64_OH0,0317_0007,A,-0.3746452331542969,-0.4407656788825989,-0.5,-0.5,-1.0803004312635933,0.12492250864791014,-0.4889780024506303,32.72200533086687
1773702486.1211057,1773702486121112205,Sr02_gA_IMG1_LID1_STA1_GRU64_OH0,0317_0007,A,-0.4115685224533081,-0.5291615724563599,-0.5,-0.5,-1.123909654165558,0.149373094378044,-0.5330338006211203,32.67406739633433
1773702486.2241485,1773702486224155302,Sr02_gA_IMG1_LID1_STA1_GRU64_OH0,0317_0007,A,-0.40279337763786316,-0.5073831677436829,-0.5,-0.5,-1.1663374143685417,0.17572638116507283,-0.5806398565827229,32.62686833203929
1773702486.321815,1773702486321821743,Sr02_gA_IMG1_LID1_STA1_GRU64_OH0,0317_0007,A,-0.43405094742774963,-0.5183359980583191,-0.5,-0.5,-1.2074059325831847,0.204236326386788,-0.6324670331383366,32.58052891009508
1773702486.4216168,1773702486421623827,Sr02_gA_IMG1_LID1_STA1_GRU64_OH0,0317_0007,A,-0.5210527181625366,-0.5020483732223511,-0.5,-0.5,-1.2469632631729906,0.2348086903231295,-0.6837529135540815,32.53522224197602
1773702486.523751,1773702486523759136,Sr02_gA_IMG1_LID1_STA1_GRU64_OH0,0317_0007,A,-0.5216975808143616,-0.5328632593154907,-0.5,-0.5,-1.2848946361801696,0.267376595471128,-0.7347720707755956,32.4910795654422
1773702486.621468,1773702486621475639,Sr02_gA_IMG1_LID1_STA1_GRU64_OH0,0317_0007,A,-0.5905895829200745,-0.42736712098121643,-0.5,-0.5,-1.3211234481501386,0.3018282289738292,-0.7865175614873341,32.44820506073676
1773702486.7234342,1773702486723441577,Sr02_gA_IMG1_LID1_STA1_GRU64_OH0,0317_0007,A,-0.4970036745071411,-0.5444462299346924,-0.5,-0.5,-1.3385434847632947,0.3197587978071502,-0.8131606883159013,32.427299949338355
1773702486.82294,1773702486822947136,Sr02_gA_IMG1_LID1_STA1_GRU64_OH0,0317_0007,A,-0.5244429707527161,-0.35451897978782654,-0.5,-0.5,-1.3721067422155542,0.3568017114447443,-0.8560113004061867,32.38649766450254
1773702486.9219568,1773702486921964748,Sr02_gA_IMG1_LID1_STA1_GRU64_OH0,0317_0007,A,-0.4271370768547058,-0.41135889291763306,-0.5,-0.5,-1.4038436115388833,0.39532302772562145,-0.9086043584435016,32.34718569739814
1773702487.0217254,1773702487021732551,Sr02_gA_IMG1_LID1_STA1_GRU64_OH0,0317_0007,A,-0.37747249007225037,-0.34305164217948914,-0.5,-0.5,-1.43377397401097,0.4352923133491032,-0.9459938193717307,32.30935650913382
1773702487.1241603,1773702487124167168,Sr02_gA_IMG1_LID1_STA1_GRU64_OH0,0317_0007,A,-0.5995728969573975,-0.5190932750701904,-0.5,-0.5,-1.4621789792779951,0.4764206659212413,-0.9869307608376615,32.27280272737788
1773702487.22299,1773702487222997033,Sr02_gA_IMG1_LID1_STA1_GRU64_OH0,0317_0007,A,-0.6113054156303406,-0.5568029284477234,-0.5,-0.5,-1.4890207510280233,0.5186021055863078,-1.021235906884314,32.23758863270107
1773702487.3228545,1773702487322861149,Sr02_gA_IMG1_LID1_STA1_GRU64_OH0,0317_0007,A,-0.4907524585723877,-0.696038007736206,-0.5,-0.5,-1.5140788446053604,0.5616167156836646,-1.0680772486491068,32.20398080992119
1773702487.4224308,1773702487422437876,Sr02_gA_IMG1_LID1_STA1_GRU64_OH0,0317_0007,A,-0.5281141400337219,-0.49547600746154785,-0.5,-0.5,-1.5369346578916574,0.6060703101229432,-1.123727315991494,32.172265315280285
1773702487.5234177,1773702487523423382,Sr02_gA_IMG1_LID1_STA1_GRU64_OH0,0317_0007,A,-0.47770482301712036,-0.5092261433601379,-0.5,-0.5,-1.557034131179034,0.6517272071326512,-1.1903380236127923,32.14304010912496
1773702487.6232018,1773702487623209283,Sr02_gA_IMG1_LID1_STA1_GRU64_OH0,0317_0007,A,-0.4547528028488159,-0.4748939573764801,-0.5,-0.5,-1.5743730903459714,0.6985791438827661,-1.241250500590013,32.116317746381135
1773702487.7241297,1773702487724136472,Sr02_gA_IMG1_LID1_STA1_GRU64_OH0,0317_0007,A,-0.4341317117214203,-0.4202991724014282,-0.5,-0.5,-1.5893424649182137,0.7462800605739364,-1.292173046098914,32.0917941652348
1773702487.8221643,1773702487822170475,Sr02_gA_IMG1_LID1_STA1_GRU64_OH0,0317_0007,A,-0.5072953701019287,-0.27124255895614624,-0.5,-0.5,-1.6019476765589464,0.7946602073181224,-1.339662392822563,32.069504383532
1773702487.9224992,1773702487922505295,Sr02_gA_IMG1_LID1_STA1_GRU64_OH0,0317_0007,A,-0.10453854501247406,-0.22799032926559448,0.0,-0.5,-1.6123757217786607,0.843556910904606,-1.3816922776900866,32.04930340288797
1773702488.022104,1773702488022110817,Sr02_gA_IMG1_LID1_STA1_GRU64_OH0,0317_0007,A,-0.03241226449608803,-0.25418365001678467,0.0,-0.5,-1.6210374426609386,0.8927408819992158,-1.4101691580078053,32.030839436440196
1773702488.124442,1773702488124449236,Sr02_gA_IMG1_LID1_STA1_GRU64_OH0,0317_0007,A,0.2813062071800232,-0.2625666856765747,0.5,-0.5,-1.6268550897026486,0.9313905594144424,-1.4335610073195826,32.01734598189699
1773702488.2227664,1773702488222773972,Sr02_gA_IMG1_LID1_STA1_GRU64_OH0,0317_0007,A,0.29776766896247864,-0.41970497369766235,0.5,-0.5,-1.6294280911371373,0.9511990265041135,-1.451809014296654,32.010847018722735
1773702488.321907,1773702488321913744,Sr02_gA_IMG1_LID1_STA1_GRU64_OH0,0317_0007,A,0.312677800655365,-0.43181997537612915,0.5,-0.5,-1.6295711474087122,0.9522882254578918,-1.4656446416757993,32.01048844269125
1773702488.4224567,1773702488422464249,Sr02_gA_IMG1_LID1_STA1_GRU64_OH0,0317_0007,A,0.4264829456806183,-0.20901605486869812,0.5,-0.5,-1.6279475925477274,0.9358969432603302,-1.476246524457874,32.0153697025159
1773702488.5249403,1773702488524946441,Sr02_gA_IMG1_LID1_STA1_GRU64_OH0,0317_0007,A,0.4323728680610657,-0.19953154027462006,0.5,-0.5,-1.6249277936293869,0.9023693758603696,-1.4848471115203887,32.02508325350745
1773702488.6219428,1773702488621949419,Sr02_gA_IMG1_LID1_STA1_GRU64_OH0,0317_0007,A,0.42271777987480164,0.06570248305797577,0.5,0.0,-1.621148198164622,0.8555336264897215,-1.4975645446842896,32.03827702565742
1773702488.7217567,1773702488721763099,Sr02_gA_IMG1_LID1_STA1_GRU64_OH0,0317_0007,A,0.4233320355415344,0.06751895695924759,0.5,0.0,-1.6179875981540686,0.8056344565162219,-1.517517656572517,32.051555743080044
1773702488.821233,1773702488821240983,Sr02_gA_IMG1_LID1_STA1_GRU64_OH0,0317_0007,A,0.4335801899433136,-0.32092761993408203,0.5,-0.5,-1.6155266833761277,0.75606972907654,-1.520613673230731,32.06415329454551
1773702488.9217868,1773702488921793491,Sr02_gA_IMG1_LID1_STA1_GRU64_OH0,0317_0007,A,0.2953047752380371,-0.5198889970779419,0.5,-0.5,-1.6128500391514418,0.7061415231510487,-1.5138617931540146,32.07710921737972
1773702489.0221035,1773702489022110518,Sr02_gA_IMG1_LID1_STA1_GRU64_OH0,0317_0007,A,0.2903500199317932,-0.5180636644363403,0.5,-0.5,-1.6101542473196442,0.6567716761964469,-1.5228692054925754,32.090039706156354
1773702489.122251,1773702489122258431,Sr02_gA_IMG1_LID1_STA1_GRU64_OH0,0317_0007,A,0.5209060907363892,-0.43833908438682556,0.5,-0.5,-1.6085409075778903,0.608400335544588,-1.556232524498997,32.10177261833323
1773702489.2227557,1773702489222762878,Sr02_gA_IMG1_LID1_STA1_GRU64_OH0,0317_0007,A,0.5246802568435669,-0.4186091125011444,0.5,-0.5,-1.6090477218645005,0.5588248706747118,-1.6065521356084291,32.11175769309095
1773702489.3209393,1773702489320946552,Sr02_gA_IMG1_LID1_STA1_GRU64_OH0,0317_0007,A,0.5014856457710266,-0.6389349102973938,0.5,-0.5,-1.6119295314841513,0.5089120010618647,-1.6503860433344124,32.119568098836936
1773702489.4222484,1773702489422254356,Sr02_gA_IMG1_LID1_STA1_GRU64_OH0,0317_0007,A,0.4995940625667572,-0.5004072189331055,0.5,-0.5,-1.6169467129085402,0.4591680321139768,-1.692246922262354,32.12533270617921
1773702489.522242,1773702489522248796,Sr02_gA_IMG1_LID1_STA1_GRU64_OH0,0317_0007,A,0.49799737334251404,-0.5079004764556885,0.5,-0.5,-1.6242611766675972,0.41017879536572677,-1.7490999032424526,32.128767838385336
1773702489.6212714,1773702489621277904,Sr02_gA_IMG1_LID1_STA1_GRU64_OH0,0317_0007,A,0.4386572539806366,-0.632318377494812,0.5,-0.5,-1.6343650800738636,0.3612482418907552,-1.799455681754534,32.12954390876681
1773702489.721051,1773702489721057920,Sr02_gA_IMG1_LID1_STA1_GRU64_OH0,0317_0007,A,0.4327172636985779,-0.6236536502838135,0.5,-0.5,-1.6469302401395054,0.3128583774111793,-1.8502456894592207,32.127877741462704
1773702489.8212202,1773702489821225790,Sr02_gA_IMG1_LID1_STA1_GRU64_OH0,0317_0007,A,0.4864696264266968,-0.4938022196292877,0.5,-0.5,-1.662115237178179,0.2654155619917267,-1.9119069745720183,32.123524860734754
1773702489.9216905,1773702489921696605,Sr02_gA_IMG1_LID1_STA1_GRU64_OH0,0317_0007,A,0.4662615656852722,-0.42838650941848755,0.5,-0.5,-1.680299917912565,0.21884833382084706,-1.9742722974683824,32.116129299724335
1773702490.0211008,1773702490021107405,Sr02_gA_IMG1_LID1_STA1_GRU64_OH0,0317_0007,A,0.49885743856430054,-0.32085391879081726,0.5,-0.5,-1.7010596641001223,0.17339504840293063,-2.0239255835225913,32.10605061566558
1773702490.1224625,1773702490122469436,Sr02_gA_IMG1_LID1_STA1_GRU64_OH0,0317_0007,A,0.5109013319015503,-0.44003501534461975,0.5,-0.5,-1.7238986877934621,0.1289440096620892,-2.0668392523468904,32.09379474981555
1773702490.2219098,1773702490221916840,Sr02_gA_IMG1_LID1_STA1_GRU64_OH0,0317_0007,A,0.484334796667099,-0.47467300295829773,0.5,-0.5,-1.7483911960559793,0.08543163199345197,-2.099553587251388,32.079788589008544
1773702490.321095,1773702490321101390,Sr02_gA_IMG1_LID1_STA1_GRU64_OH0,0317_0007,A,0.49168696999549866,-0.4631025493144989,0.5,-0.5,-1.7744405447975322,0.042877872390208106,-2.1418570959303245,32.0641193322221
1773702490.4209476,1773702490420954529,Sr02_gA_IMG1_LID1_STA1_GRU64_OH0,0317_0007,A,0.5228071808815002,-0.2256670892238617,0.5,-0.5,-1.8024548350864886,0.001468576660923794,-2.1893243233850805,32.04634461573354
1773702490.5219424,1773702490521948945,Sr02_gA_IMG1_LID1_STA1_GRU64_OH0,0317_0007,A,0.5081446766853333,-0.38334324955940247,0.5,-0.5,-1.832379388750927,-0.038582315006315024,-2.2356345352871965,32.02646534742365
1773702490.621089,1773702490621095976,Sr02_gA_IMG1_LID1_STA1_GRU64_OH0,0317_0007,A,0.527882993221283,-0.6171824932098389,0.5,-0.5,-1.8636744388289108,-0.07725126778192591,-2.263583184683417,32.004997333122354
1773702490.720899,1773702490720907900,Sr02_gA_IMG1_LID1_STA1_GRU64_OH0,0317_0007,A,0.5156199336051941,-0.6620349287986755,0.5,-0.5,-1.8960867763644973,-0.11504992228884629,-2.2980116927956153,31.982302316207868
1773702490.8231025,1773702490823109072,Sr02_gA_IMG1_LID1_STA1_GRU64_OH0,0317_0007,A,0.49375396966934204,-0.5735124945640564,0.5,-0.5,-1.9298898368129973,-0.1511943147333893,-2.351420170569985,31.957927703384495
1773702490.9230237,1773702490923030637,Sr02_gA_IMG1_LID1_STA1_GRU64_OH0,0317_0007,A,0.4735008776187897,-0.3664475083351135,0.5,-0.5,-1.9662072721652875,-0.1855173682451281,-2.4166646139572556,31.930737174721916
1773702491.0210495,1773702491021056100,Sr02_gA_IMG1_LID1_STA1_GRU64_OH0,0317_0007,A,0.49348950386047363,-0.25134730339050293,0.5,-0.5,-2.0045330478266523,-0.21755724643246452,-2.473407929125138,31.901107879894518
1773702491.1214032,1773702491121410077,Sr02_gA_IMG1_LID1_STA1_GRU64_OH0,0317_0007,A,0.5043383836746216,-0.34418952465057373,0.5,-0.5,-2.044145050624761,-0.24749363061076746,-2.512729885180862,31.86977750620743
1773702491.220538,1773702491220544283,Sr02_gA_IMG1_LID1_STA1_GRU64_OH0,0317_0007,A,0.4976271092891693,-0.5293147563934326,0.5,-0.5,-2.084906705026013,-0.2763413727758578,-2.5386190542248213,31.837116234238785
1773702491.321468,1773702491321476362,Sr02_gA_IMG1_LID1_STA1_GRU64_OH0,0317_0007,A,0.4834248423576355,-0.5789008736610413,0.5,-0.5,-2.1265010330249225,-0.30395952749059735,-2.5730026507364445,31.803395016023092
1773702491.421129,1773702491421135562,Sr02_gA_IMG1_LID1_STA1_GRU64_OH0,0317_0007,A,0.5092006325721741,-0.44120776653289795,0.5,-0.5,-2.1690218185382983,-0.3297340801790549,-2.622805541809329,31.768370707465454
1773702491.5219383,1773702491521945116,Sr02_gA_IMG1_LID1_STA1_GRU64_OH0,0317_0007,A,0.4968586266040802,-0.3760908544063568,0.5,-0.5,-2.2131197076514213,-0.3532496820147441,-2.679720854250969,31.73130604266923
1773702491.6220844,1773702491622090620,Sr02_gA_IMG1_LID1_STA1_GRU64_OH0,0317_0007,A,0.4872950613498688,-0.28909626603126526,0.5,-0.5,-2.2583154206610283,-0.37451151189009707,-2.723379918624529,31.692661428952118
1773702491.7217011,1773702491721707743,Sr02_gA_IMG1_LID1_STA1_GRU64_OH0,0317_0007,A,0.49386367201805115,-0.2083921879529953,0.5,-0.5,-2.304362575022873,-0.393949769182348,-2.7603725136733046,31.652775628332357
1773702491.82102,1773702491821026698,Sr02_gA_IMG1_LID1_STA1_GRU64_OH0,0317_0007,A,0.49000194668769836,-0.2167029082775116,0.5,-0.5,-2.3510198875362343,-0.41187396187949493,-2.788793573047478,31.611954356496557
1773702491.922176,1773702491922183119,Sr02_gA_IMG1_LID1_STA1_GRU64_OH0,0317_0007,A,0.47697409987449646,-0.12329939752817154,0.5,0.0,-2.3981065623393953,-0.4286539492335595,-2.80975822246834,31.570460677682213
1773702492.0209854,1773702492020992009,Sr02_gA_IMG1_LID1_STA1_GRU64_OH0,0317_0007,A,0.48790326714515686,-0.07762234658002853,0.5,0.0,-2.4455401484260095,-0.44442683652508225,-2.8309889427378927,31.528405898092736
1773702492.122013,1773702492122020022,Sr02_gA_IMG1_LID1_STA1_GRU64_OH0,0317_0007,A,0.487654447555542,-0.13274209201335907,0.5,0.0,-2.493211520086702,-0.4593972331465692,-2.84309316785346,31.48594440634094
1773702492.2218654,1773702492221871744,Sr02_gA_IMG1_LID1_STA1_GRU64_OH0,0317_0007,A,0.5185859203338623,-0.025982720777392387,0.5,0.0,-2.541046322381284,-0.47391179488326995,-2.8512090641787853,31.44323298172267
1773702492.3213644,1773702492321372782,Sr02_gA_IMG1_LID1_STA1_GRU64_OH0,0317_0007,A,0.5180095434188843,-0.04428328573703766,0.5,0.0,-2.589035441060277,-0.48790729133875915,-2.8640683995802947,31.400263717623666
1773702492.421762,1773702492421768373,Sr02_gA_IMG1_LID1_STA1_GRU64_OH0,0317_0007,A,0.5029968619346619,-0.02801734209060669,0.5,0.0,-2.6371019145501693,-0.501510500899278,-2.867299810852223,31.35714189327459
1773702492.5224397,1773702492522445892,Sr02_gA_IMG1_LID1_STA1_GRU64_OH0,0317_0007,A,0.504753828048706,-0.014415436424314976,0.5,0.0,-2.6852624818415594,-0.5149475927377367,-2.871565478095722,31.313907481211935
1773702492.622674,1773702492622680458,Sr02_gA_IMG1_LID1_STA1_GRU64_OH0,0317_0007,A,0.4862721264362335,-0.010034823790192604,0.5,0.0,-2.7334691928796304,-0.5282182785336077,-2.8742311998638694,31.270606557143044
1773702492.7222016,1773702492722207503,Sr02_gA_IMG1_LID1_STA1_GRU64_OH0,0317_0007,A,0.4911344349384308,-0.0023290137760341167,0.5,0.0,-2.7817022314968756,-0.5413929983820219,-2.875628940410441,31.22727586374517
1773702492.8221493,1773702492822156704,Sr02_gA_IMG1_LID1_STA1_GRU64_OH0,0317_0007,A,0.48985546827316284,-0.00259837182238698,0.5,0.0,-2.829950746116177,-0.554510937202074,-2.876555368362169,31.183935731795376
1773702492.9221263,1773702492922132614,Sr02_gA_IMG1_LID1_STA1_GRU64_OH0,0317_0007,A,0.48666301369667053,0.004718500655144453,0.5,0.0,-2.8782064063289057,-0.5676025730475511,-2.876790964427847,31.140601947015163
1773702493.0217502,1773702493021756600,Sr02_gA_IMG1_LID1_STA1_GRU64_OH0,0317_0007,A,0.4949186444282532,-0.021189061924815178,0.5,0.0,-2.9264652760608136,-0.5806823728555811,-2.876977636562686,31.097282040490438
1773702493.123243,1773702493123250056,Sr02_gA_IMG1_LID1_STA1_GRU64_OH0,0317_0007,A,0.5051777362823486,-0.051923997700214386,0.5,0.0,-2.9747220186825736,-0.5937700172967527,-2.8767648497247342,31.053986276202853
1773702493.2231815,1773702493223188465,Sr02_gA_IMG1_LID1_STA1_GRU64_OH0,0317_0007,A,0.47561243176460266,0.024131694808602333,0.5,0.0,-3.022992923464724,-0.6068052930997936,-2.879191078816684,31.010683523575704
1773702493.3235981,1773702493323605403,Sr02_gA_IMG1_LID1_STA1_GRU64_OH0,0317_0007,A,0.47695016860961914,0.023043595254421234,0.5,0.0,-3.0713038414576825,-0.6196480073709449,-2.883992418172257,30.967312602407812
1773702493.4229813,1773702493422988472,Sr02_gA_IMG1_LID1_STA1_GRU64_OH0,0317_0007,A,0.4646909832954407,-0.04049976170063019,0.5,0.0,-3.1196198069864254,-0.6324346837214908,-2.8816857364040307,30.92394228171227
1773702493.5235658,1773702493523572738,Sr02_gA_IMG1_LID1_STA1_GRU64_OH0,0317_0007,A,0.4659244120121002,-0.02225382812321186,0.5,0.0,-3.167914891269989,-0.6453360006713112,-2.879764000229986,30.880641864737424
1773702493.6215549,1773702493621561094,Sr02_gA_IMG1_LID1_STA1_GRU64_OH0,0317_0007,A,0.4946417212486267,0.007985941134393215,0.5,0.0,-3.2162325732967227,-0.6581805805752351,-2.8836166954028504,30.837325089532886
1773702493.722783,1773702493722790655,Sr02_gA_IMG1_LID1_STA1_GRU64_OH0,0317_0007,A,0.49761122465133667,0.0108075812458992,0.5,0.0,-3.264591949699793,-0.6708837076253208,-2.885539697961601,30.793951364496134
1773702493.8229983,1773702493823004711,Sr02_gA_IMG1_LID1_STA1_GRU64_OH0,0317_0007,A,0.5057612061500549,0.05657751113176346,0.5,0.0,-3.31295672508154,-0.6835662960806009,-2.884712896799739,30.750587169742705
1773702493.9228215,1773702493922828038,Sr02_gA_IMG1_LID1_STA1_GRU64_OH0,0317_0007,A,0.5347871780395508,0.013755924068391323,0.5,0.0,-3.3612982362561965,-0.6962936864664181,-2.883259311673977,30.707277368190113
1773702494.024031,1773702494024039097,Sr02_gA_IMG1_LID1_STA1_GRU64_OH0,0317_0007,A,0.527068555355072,-0.018005313351750374,0.5,0.0,-3.4095928228175447,-0.7092001687258321,-2.8779923471742968,30.664080346770266
1773702494.1233287,1773702494123335445,Sr02_gA_IMG1_LID1_STA1_GRU64_OH0,0317_0007,A,0.4985925555229187,0.02502199076116085,0.5,0.0,-3.4578569588001504,-0.7222605086719116,-2.876934340134451,30.620974029423206
1773702494.222396,1773702494222402681,Sr02_gA_IMG1_LID1_STA1_GRU64_OH0,0317_0007,A,0.5122939348220825,0.0240772794932127,0.5,0.0,-3.5061168224662733,-0.7352940591828525,-2.8783537426232586,30.577885719954146
1773702494.321456,1773702494321462784,Sr02_gA_IMG1_LID1_STA1_GRU64_OH0,0317_0007,A,0.5118651986122131,0.02692466415464878,0.5,0.0,-3.5543781102009593,-0.7483648838075185,-2.875861006093398,30.534826983695552
1773702494.4212725,1773702494421279086,Sr02_gA_IMG1_LID1_STA1_GRU64_OH0,0317_0007,A,0.5098245143890381,0.01596873253583908,0.5,0.0,-3.602607264916097,-0.761553784537606,-2.8734248096530295,30.491851893197122
1773702494.5242627,1773702494524272166,Sr02_gA_IMG1_LID1_STA1_GRU64_OH0,0317_0007,A,0.5061569809913635,0.009325914084911346,0.5,0.0,-3.650802340256847,-0.7748666699775398,-2.8708419013355106,30.448964259500375
1773702494.622779,1773702494622786025,Sr02_gA_IMG1_LID1_STA1_GRU64_OH0,0317_0007,A,0.48184671998023987,-0.09888260811567307,0.5,0.0,-3.698970202860938,-0.7882777167561628,-2.8693114527676298,30.40615090907802
1773702494.7219846,1773702494721990864,Sr02_gA_IMG1_LID1_STA1_GRU64_OH0,0317_0007,A,0.48555755615234375,-0.07002338767051697,0.5,0.0,-3.7471112068964847,-0.8017426525535427,-2.8687575348431684,30.363399898915453
1773702494.8211677,1773702494821174785,Sr02_gA_IMG1_LID1_STA1_GRU64_OH0,0317_0007,A,0.48564016819000244,-0.06190582737326622,0.5,0.0,-3.795269590562296,-0.8149915375245974,-2.877741064184431,30.320595960574334
1773702494.9229672,1773702494922973520,Sr02_gA_IMG1_LID1_STA1_GRU64_OH0,0317_0007,A,0.4900103807449341,-0.055429376661777496,0.5,0.0,-3.8435844288019947,-0.8278626655963671,-2.8846622266580675,30.277561000974007
1773702495.0226135,1773702495022622857,Sr02_gA_IMG1_LID1_STA1_GRU64_OH0,0317_0007,A,0.4762411117553711,-0.048541538417339325,0.5,0.0,-3.8919821317284216,-0.8404187038060053,-2.89078804017445,30.234382145028764
1773702495.1227374,1773702495122743367,Sr02_gA_IMG1_LID1_STA1_GRU64_OH0,0317_0007,A,0.47146710753440857,-0.005005572456866503,0.5,0.0,-3.9404518824661463,-0.8526937430592145,-2.896262095687874,30.191078474636694
1773702495.2229636,1773702495222970632,Sr02_gA_IMG1_LID1_STA1_GRU64_OH0,0317_0007,A,0.4783340394496918,-0.01755099557340145,0.5,0.0,-3.988972968029289,-0.8647181141253176,-2.900726194054535,30.14767766715447
1773702495.32237,1773702495322377620,Sr02_gA_IMG1_LID1_STA1_GRU64_OH0,0317_0007,A,0.46719449758529663,-0.020499493926763535,0.5,0.0,-4.0375326050470735,-0.8766328631252254,-2.90135220936288,30.104230187032005
1773702495.422638,1773702495422644959,Sr02_gA_IMG1_LID1_STA1_GRU64_OH0,0317_0007,A,0.5006641745567322,-0.08261279761791229,0.5,0.0,-4.08610707406916,-0.8884869760890058,-2.90313678668421,30.060772154431906
1773702495.52246,1773702495522467150,Sr02_gA_IMG1_LID1_STA1_GRU64_OH0,0317_0007,A,0.4999527931213379,-0.08438093215227127,0.5,0.0,-4.134693477896332,-0.9002437256858042,-2.905556825480852,30.017296188392717
1773702495.6218374,1773702495621843502,Sr02_gA_IMG1_LID1_STA1_GRU64_OH0,0317_0007,A,0.5115298628807068,0.01529924850910902,0.5,0.0,-4.183349333296898,-0.9117348826396674,-2.913816244077082,29.97370038894773
1773702495.7212656,1773702495721272290,Sr02_gA_IMG1_LID1_STA1_GRU64_OH0,0317_0007,A,0.4899701178073883,-0.0005403264076448977,0.5,0.0,-4.232093783184811,-0.9228183755393812,-2.9218537275361816,29.92992650214838
1773702495.821675,1773702495821681340,Sr02_gA_IMG1_LID1_STA1_GRU64_OH0,0317_0007,A,0.48850488662719727,0.0044591594487428665,0.5,0.0,-4.2808495114707235,-0.9337284107449804,-2.920861093523411,29.886113077562296
1773702495.9225771,1773702495922583926,Sr02_gA_IMG1_LID1_STA1_GRU64_OH0,0317_0007,A,0.4956118166446686,0.06175186112523079,0.5,0.0,-4.329636653718583,-0.9446743887157059,-2.920865130685449,29.84229881832534
1773702496.0214126,1773702496021419326,Sr02_gA_IMG1_LID1_STA1_GRU64_OH0,0317_0007,A,0.4860600233078003,0.05439262464642525,0.5,0.0,-4.378410083790033,-0.9556307171709275,-2.920044560952652,29.798520091804264
1773702496.1221027,1773702496122109229,Sr02_gA_IMG1_LID1_STA1_GRU64_OH0,0317_0007,A,0.4935242533683777,0.028247525915503502,0.5,0.0,-4.427153810883479,-0.966768078987701,-2.9139429962721235,29.754840177129037
1773702496.2225392,1773702496222546468,Sr02_gA_IMG1_LID1_STA1_GRU64_OH0,0317_0007,A,0.4585064947605133,-0.04635633900761604,0.5,0.0,-4.4758330055637146,-0.9781842816752104,-2.908765177259516,29.711320478555464
1773702496.323122,1773702496323128784,Sr02_gA_IMG1_LID1_STA1_GRU64_OH0,0317_0007,A,0.4664762616157532,-0.02155257761478424,0.5,0.0,-4.524456676354923,-0.9897858684523466,-2.9063245449210307,29.667926724274754
1773702496.4230056,1773702496423012035,Sr02_gA_IMG1_LID1_STA1_GRU64_OH0,0317_0007,A,0.4414450526237488,-0.06504059582948685,0.5,0.0,-4.573084329250754,-1.0013282637550687,-2.910619432812417,29.624533209775045
1773702496.5231216,1773702496523127934,Sr02_gA_IMG1_LID1_STA1_GRU64_OH0,0317_0007,A,0.4496018588542938,-0.03038976714015007,0.5,0.0,-4.621757941683043,-1.0127185705277415,-2.913144483555504,29.58107330142666
1773702496.6223397,1773702496622347435,Sr02_gA_IMG1_LID1_STA1_GRU64_OH0,0317_0007,A,0.4740253984928131,-0.12265858054161072,0.5,0.0,-4.670494603615237,-1.02388680802781,-2.918955528660451,29.537510482634573
1773702496.7226164,1773702496722623658,Sr02_gA_IMG1_LID1_STA1_GRU64_OH0,0317_0007,A,0.5028657913208008,-0.0650341659784317,0.5,0.0,-4.719266305809905,-1.0348494341072276,-2.922361751022612,29.493875895850717
1773702496.8209636,1773702496820971227,Sr02_gA_IMG1_LID1_STA1_GRU64_OH0,0317_0007,A,0.4411717653274536,0.003039752598851919,0.5,0.0,-4.768080217448845,-1.0454338378355785,-2.9332738251649477,29.450112965525733
1773702496.92095,1773702496920957247,Sr02_gA_IMG1_LID1_STA1_GRU64_OH0,0317_0007,A,0.4616415500640869,0.08086798340082169,0.5,0.0,-4.81702136050987,-1.0556141867751834,-2.939382335420173,29.406132061545215
1773702497.0224993,1773702497022505670,Sr02_gA_IMG1_LID1_STA1_GRU64_OH0,0317_0007,A,0.4846140444278717,0.07636081427335739,0.5,0.0,-4.8659609256070615,-1.0656581325036423,-2.93809623529525,29.362132702624518
1773702497.121312,1773702497121318923,Sr02_gA_IMG1_LID1_STA1_GRU64_OH0,0317_0007,A,0.3995400369167328,0.09306062757968903,0.5,0.0,-4.914887923389604,-1.0759603186389088,-2.930099608797317,29.318238881770228
1773702497.221728,1773702497221736062,Sr02_gA_IMG1_LID1_STA1_GRU64_OH0,0317_0007,A,0.05719587951898575,0.1105753555893898,0.0,0.0,-4.96373293819087,-1.086644488883389,-2.922129555660417,29.274553489603772
1773702497.3218114,1773702497321818588,Sr02_gA_IMG1_LID1_STA1_GRU64_OH0,0317_0007,A,-0.14166297018527985,-0.0926964208483696,0.0,0.0,-5.011858655907078,-1.0976116825869153,-2.9128974727539583,29.231658779729845
1773702497.423036,1773702497423042139,Sr02_gA_IMG1_LID1_STA1_GRU64_OH0,0317_0007,A,0.06149964779615402,-0.2010970264673233,0.0,-0.5,-5.046168359368339,-1.10573223953564,-2.9050589333497476,29.20117844918026
1773702497.5221076,1773702497522114558,Sr02_gA_IMG1_LID1_STA1_GRU64_OH0,0317_0007,A,-0.25931334495544434,-0.3690389096736908,-0.5,-0.5,-5.061741775316965,-1.1095292919286397,-2.898840943772991,29.18737903632405
1773702497.6218674,1773702497621874050,Sr02_gA_IMG1_LID1_STA1_GRU64_OH0,0317_0007,A,0.2529497742652893,-0.09298987686634064,0.5,0.0,-5.065286201057714,-1.1104064900594928,-2.903539457265457,29.18424246337395
1773702497.722996,1773702497723003719,Sr02_gA_IMG1_LID1_STA1_GRU64_OH0,0317_0007,A,0.24658145010471344,-0.41532793641090393,0.5,-0.5,-5.056138661310569,-1.1082330354224823,-2.911251469608757,29.192363920252628
1773702497.823138,1773702497823145112,Sr02_gA_IMG1_LID1_STA1_GRU64_OH0,0317_0007,A,0.35759368538856506,-0.351802259683609,0.5,-0.5,-5.0558977168513275,-1.1081683869013386,-2.9171002404735296,29.192575698832393
1773702497.922115,1773702497922121374,Sr02_gA_IMG1_LID1_STA1_GRU64_OH0,0317_0007,A,0.4104134440422058,-0.2795131504535675,0.5,-0.5,-5.07175804760869,-1.1117458444934152,-2.921976618679856,29.178439363600493
1773702498.0244246,1773702498024431405,Sr02_gA_IMG1_LID1_STA1_GRU64_OH0,0317_0007,A,0.5035178661346436,-0.06625506281852722,0.5,0.0,-5.0889854174451985,-1.1154893191683988,-2.9333215187049637,29.163045671109906
1773702498.122757,1773702498122763611,Sr02_gA_IMG1_LID1_STA1_GRU64_OH0,0317_0007,A,0.5077854990959167,-0.05672077462077141,0.5,0.0,-5.1060967123592365,-1.1190200023604187,-2.942011867358676,29.1477035705787
1773702498.2215605,1773702498221567474,Sr02_gA_IMG1_LID1_STA1_GRU64_OH0,0317_0007,A,0.4748075604438782,0.01928502693772316,0.5,0.0,-5.123253314396461,-1.1224697480303358,-2.944264065815992,29.132296932526874
1773702498.3207428,1773702498320749823,Sr02_gA_IMG1_LID1_STA1_GRU64_OH0,0317_0007,A,0.45415085554122925,0.0054399739019572735,0.5,0.0,-5.140416916222504,-1.1258845079305195,-2.945717268626065,29.116875755506804
1773702498.4217463,1773702498421751935,Sr02_gA_IMG1_LID1_STA1_GRU64_OH0,0317_0007,A,0.4857863485813141,0.06818336248397827,0.5,0.0,-5.157581154774676,-1.12929607575853,-2.9451392072466405,29.1014553888127
1773702498.5237741,1773702498523780675,Sr02_gA_IMG1_LID1_STA1_GRU64_OH0,0317_0007,A,0.4457543194293976,0.032083120197057724,0.5,0.0,-5.174744063717292,-1.1327143268361557,-2.9445096207335566,29.0860406013783
1773702498.6219976,1773702498622004201,Sr02_gA_IMG1_LID1_STA1_GRU64_OH0,0317_0007,A,0.49599477648735046,0.038671817630529404,0.5,0.0,-5.199785396493856,-1.1377462310191802,-2.942385619184549,29.063567122071145
1773702498.7220397,1773702498722046510,Sr02_gA_IMG1_LID1_STA1_GRU64_OH0,0317_0007,A,0.4922387897968292,0.008619951084256172,0.5,0.0,-5.241715171950436,-1.1462532218445167,-2.940492614330424,29.0259722861658
1773702498.8213425,1773702498821349320,Sr02_gA_IMG1_LID1_STA1_GRU64_OH0,0317_0007,A,0.4890327751636505,-0.006095940712839365,0.5,0.0,-5.290688716516393,-1.1563323502850678,-2.937226462864187,28.98212221725238
1773702498.9226706,1773702498922677061,Sr02_gA_IMG1_LID1_STA1_GRU64_OH0,0317_0007,A,0.4872722327709198,-0.0006865472532808781,0.5,0.0,-5.339644124051966,-1.1664993382177122,-2.936658774349944,28.93833534371551
1773702499.023336,1773702499023342847,Sr02_gA_IMG1_LID1_STA1_GRU64_OH0,0317_0007,A,0.4786457419395447,0.00809383299201727,0.5,0.0,-5.388600831574924,-1.1766600668716705,-2.937160182677496,28.89456554346697
1773702499.1209934,1773702499121000241,Sr02_gA_IMG1_LID1_STA1_GRU64_OH0,0317_0007,A,0.504000186920166,-0.006503107026219368,0.5,0.0,-5.437559816496466,-1.186809819374818,-2.9370532364916553,28.85081056164723
1773702499.2209332,1773702499220940049,Sr02_gA_IMG1_LID1_STA1_GRU64_OH0,0317_0007,A,0.48935389518737793,-0.0051445732824504375,0.5,0.0,-5.486513727510818,-1.1969840113243502,-2.936535783056161,28.80708801803574
1773702499.3231623,1773702499323169926,Sr02_gA_IMG1_LID1_STA1_GRU64_OH0,0317_0007,A,0.47952431440353394,-0.0008040065295062959,0.5,0.0,-5.535469474111833,-1.2071493678520213,-2.9371589221578733,28.76338154177762
1773702499.422409,1773702499422415268,Sr02_gA_IMG1_LID1_STA1_GRU64_OH0,0317_0007,A,0.47457319498062134,0.027696877717971802,0.5,0.0,-5.584430797017573,-1.2172878340003026,-2.937586570596137,28.71968223749738
1773702499.5238774,1773702499523885249,Sr02_gA_IMG1_LID1_STA1_GRU64_OH0,0317_0007,A,0.4841274321079254,0.01773696392774582,0.5,0.0,-5.633393764867,-1.227418353501513,-2.9370969747407933,28.675999568774806
1773702499.622127,1773702499622133608,Sr02_gA_IMG1_LID1_STA1_GRU64_OH0,0317_0007,A,0.49705368280410767,0.03407544642686844,0.5,0.0,-5.682338018834972,-1.2376388330359338,-2.934526484108985,28.63238246549858
1773702499.7226977,1773702499722704226,Sr02_gA_IMG1_LID1_STA1_GRU64_OH0,0317_0007,A,0.4931603968143463,0.0267938282340765,0.5,0.0,-5.731260449579358,-1.2479633018857643,-2.9324260324440536,28.58883842239258
1773702499.8210657,1773702499821073849,Sr02_gA_IMG1_LID1_STA1_GRU64_OH0,0317_0007,A,0.4958287477493286,0.03252400830388069,0.5,0.0,-5.780153031387549,-1.2584281388226268,-2.9291641213294413,28.545386422233733
1773702499.921802,1773702499921808167,Sr02_gA_IMG1_LID1_STA1_GRU64_OH0,0317_0007,A,0.49600154161453247,0.06177367642521858,0.5,0.0,-5.829014813926843,-1.2690358872095173,-2.926370143087375,28.502028563603925
1773702500.0231004,1773702500023106624,Sr02_gA_IMG1_LID1_STA1_GRU64_OH0,0317_0007,A,0.5022695660591125,0.04149862006306648,0.5,0.0,-5.877843170832585,-1.2797963974392674,-2.922532776157747,28.4587707743541
1773702500.1224656,1773702500122473106,Sr02_gA_IMG1_LID1_STA1_GRU64_OH0,0317_0007,A,0.5092498064041138,0.06615573167800903,0.5,0.0,-5.926614857840459,-1.2908106971105593,-2.916760906505838,28.415666446707732
1773702500.2217143,1773702500221720740,Sr02_gA_IMG1_LID1_STA1_GRU64_OH0,0317_0007,A,0.5159010887145996,0.04197791591286659,0.5,0.0,-5.975332607601015,-1.302061318215967,-2.912117926063753,28.372708341824968
1773702500.322324,1773702500322331008,Sr02_gA_IMG1_LID1_STA1_GRU64_OH0,0317_0007,A,0.5107187628746033,0.049380119889974594,0.5,0.0,-6.023984493736103,-1.3135932390757887,-2.905985903636366,28.32992226865108
1773702500.4217694,1773702500421775785,Sr02_gA_IMG1_LID1_STA1_GRU64_OH0,0317_0007,A,0.5073883533477783,0.017653409391641617,0.5,0.0,-6.072578318947955,-1.325367619091792,-2.9016400788645074,28.287289646255374
1773702500.5229228,1773702500522929371,Sr02_gA_IMG1_LID1_STA1_GRU64_OH0,0317_0007,A,0.48562633991241455,0.017162274569272995,0.5,0.0,-6.121117009677377,-1.337367232660381,-2.8973365861677425,28.244803078148195
1773702500.6211128,1773702500621118840,Sr02_gA_IMG1_LID1_STA1_GRU64_OH0,0317_0007,A,0.4916786551475525,-0.02707618847489357,0.5,0.0,-6.169622195447788,-1.3495017285572661,-2.8955810685677674,28.202414719691504
1773702500.7225516,1773702500722558372,Sr02_gA_IMG1_LID1_STA1_GRU64_OH0,0317_0007,A,0.4985480308532715,-0.02203425019979477,0.5,0.0,-6.218096216020453,-1.3617135834243215,-2.894688146520106,28.160104952409924
1773702500.8210711,1773702500821077658,Sr02_gA_IMG1_LID1_STA1_GRU64_OH0,0317_0007,A,0.4956265687942505,0.011437303386628628,0.5,0.0,-6.266596256149473,-1.3738685953966874,-2.8972949223284585,28.117777983343025
1773702500.9226854,1773702500922692492,Sr02_gA_IMG1_LID1_STA1_GRU64_OH0,0317_0007,A,0.5094148516654968,0.059249021112918854,0.5,0.0,-6.31512410530169,-1.385912132444295,-2.898828937693917,28.075415055171568
1773702501.0222988,1773702501022305690,Sr02_gA_IMG1_LID1_STA1_GRU64_OH0,0317_0007,A,0.5161058902740479,0.020150355994701385,0.5,0.0,-6.3636393355237315,-1.3979603824138618,-2.896834459058957,28.03309074938146
1773702501.123426,1773702501123431944,Sr02_gA_IMG1_LID1_STA1_GRU64_OH0,0317_0007,A,0.49002453684806824,0.05200152099132538,0.5,0.0,-6.412110600750682,-1.410215564080598,-2.891679374951916,27.990898384775246
1773702501.2246463,1773702501224653203,Sr02_gA_IMG1_LID1_STA1_GRU64_OH0,0317_0007,A,0.5232423543930054,0.013043001294136047,0.5,0.0,-6.46054400541844,-1.4226334468554798,-2.8890273403673223,27.948818891351834
1773702501.3212266,1773702501321232931,Sr02_gA_IMG1_LID1_STA1_GRU64_OH0,0317_0007,A,0.5248333811759949,0.019697155803442,0.5,0.0,-6.508922579031154,-1.4352491311867022,-2.88459374597264,27.90687997949994
1773702501.4212887,1773702501421297073,Sr02_gA_IMG1_LID1_STA1_GRU64_OH0,0317_0007,A,0.4862084984779358,-0.0543946698307991,0.5,0.0,-6.5572719615165935,-1.4479902653701129,-2.8831563672964737,27.86503504626479
1773702501.5215447,1773702501521552186,Sr02_gA_IMG1_LID1_STA1_GRU64_OH0,0317_0007,A,0.48282089829444885,-0.04596329107880592,0.5,0.0,-6.605568537024239,-1.4608036137387415,-2.882217467204514,27.82329003174398
1773702501.6219993,1773702501622006305,Sr02_gA_IMG1_LID1_STA1_GRU64_OH0,0317_0007,A,0.5025448799133301,-0.03295869007706642,0.5,0.0,-6.653930480808666,-1.4734967631300808,-2.887488288956581,27.781471926774255
1773702501.722049,1773702501722056492,Sr02_gA_IMG1_LID1_STA1_GRU64_OH0,0317_0007,A,0.5219990611076355,-0.0193035751581192,0.5,0.0,-6.702353312489297,-1.485955691759125,-2.89182452863201,27.739548416925924
1773702501.8221748,1773702501822181586,Sr02_gA_IMG1_LID1_STA1_GRU64_OH0,0317_0007,A,0.5062264800071716,-0.03540745750069618,0.5,0.0,-6.750821742985633,-1.498236117217087,-2.894847300807689,27.69755135274408
1773702501.92176,1773702501921767900,Sr02_gA_IMG1_LID1_STA1_GRU64_OH0,0317_0007,A,0.514785885810852,-0.031002042815089226,0.5,0.0,-6.7993200003477465,-1.5103982557676037,-2.8972607595995363,27.655514675836127
1773702502.0231583,1773702502023165625,Sr02_gA_IMG1_LID1_STA1_GRU64_OH0,0317_0007,A,0.5184586048126221,-0.012670616619288921,0.5,0.0,-6.8478561621379574,-1.5224081739982787,-2.9007133942526204,27.613419629985614
1773702502.1216505,1773702502121657244,Sr02_gA_IMG1_LID1_STA1_GRU64_OH0,0317_0007,A,0.4850865602493286,-0.015047905966639519,0.5,0.0,-6.896430026985332,-1.5342647243946321,-2.903263665562907,27.571265769041332
1773702502.2226865,1773702502222693521,Sr02_gA_IMG1_LID1_STA1_GRU64_OH0,0317_0007,A,0.47329723834991455,-0.03782695159316063,0.5,0.0,-6.945024305855365,-1.5460373783626395,-2.9046020422391146,27.5290916840356
1773702502.323099,1773702502323106332,Sr02_gA_IMG1_LID1_STA1_GRU64_OH0,0317_0007,A,0.46735116839408875,-0.04353616386651993,0.5,0.0,-6.993636757842793,-1.5577347423197812,-2.90679018353203,27.486902197431974
1773702502.4223094,1773702502422316172,Sr02_gA_IMG1_LID1_STA1_GRU64_OH0,0317_0007,A,0.48960602283477783,-0.0059994664043188095,0.5,0.0,-7.042286950212588,-1.56927403535171,-2.910744143941929,27.444651771765823
1773702502.5223997,1773702502522407591,Sr02_gA_IMG1_LID1_STA1_GRU64_OH0,0317_0007,A,0.5059022307395935,-0.006677351891994476,0.5,0.0,-7.090982238387558,-1.5806161232819138,-2.9139760676826865,27.402320390335372
1773702502.622706,1773702502622712684,Sr02_gA_IMG1_LID1_STA1_GRU64_OH0,0317_0007,A,0.5088174343109131,0.01647639460861683,0.5,0.0,-7.139696000945124,-1.5918841728775066,-2.9145963500043344,27.359973173890456
1773702502.722798,1773702502722804665,Sr02_gA_IMG1_LID1_STA1_GRU64_OH0,0317_0007,A,0.4920811057090759,0.010517873801290989,0.5,0.0,-7.188415919448132,-1.6031255774690383,-2.9145694901661927,27.317637260097566
1773702502.8214793,1773702502821485583,Sr02_gA_IMG1_LID1_STA1_GRU64_OH0,0317_0007,A,0.49478885531425476,0.013511622324585915,0.5,0.0,-7.237123963338687,-1.6144183034368313,-2.913100604653318,27.275355410623625
1773702502.9216225,1773702502921629149,Sr02_gA_IMG1_LID1_STA1_GRU64_OH0,0317_0007,A,0.48023778200149536,0.06596940755844116,0.5,0.0,-7.285818295428795,-1.625770018942896,-2.9119590088276475,27.233132144742836
1773702503.0238829,1773702503023889657,Sr02_gA_IMG1_LID1_STA1_GRU64_OH0,0317_0007,A,0.4864422082901001,0.05400767922401428,0.5,0.0,-7.33448499270837,-1.6371910369045373,-2.9091866615397404,27.190984288950247
1773702503.1219113,1773702503121917763,Sr02_gA_IMG1_LID1_STA1_GRU64_OH0,0317_0007,A,0.4610898792743683,0.0009738372173160315,0.5,0.0,-7.383103040149824,-1.6488648007499915,-2.902948575400059,27.1489929012065
1773702503.2224312,1773702503222438199,Sr02_gA_IMG1_LID1_STA1_GRU64_OH0,0317_0007,A,0.47717800736427307,0.019954856485128403,0.5,0.0,-7.43164521064491,-1.660802557175586,-2.8990001758139723,27.10718819206277
1773702503.3213158,1773702503321323289,Sr02_gA_IMG1_LID1_STA1_GRU64_OH0,0317_0007,A,0.4591323137283325,0.05308514088392258,0.5,0.0,-7.480179519239023,-1.6728200648395335,-2.898333375345634,27.06544529738543
1773702503.421175,1773702503421181148,Sr02_gA_IMG1_LID1_STA1_GRU64_OH0,0317_0007,A,0.48603081703186035,-0.025279415771365166,0.5,0.0,-7.528693560893746,-1.6849190660239055,-2.895344011172215,27.02377683927571
1773702503.5237582,1773702503523764826,Sr02_gA_IMG1_LID1_STA1_GRU64_OH0,0317_0007,A,0.4991549253463745,-0.013170583173632622,0.5,0.0,-7.577123942564058,-1.697216532003665,-2.891876209431594,26.9822821805347
1773702503.6215334,1773702503621540357,Sr02_gA_IMG1_LID1_STA1_GRU64_OH0,0317_0007,A,0.47748902440071106,-0.010979751124978065,0.5,0.0,-7.625587965110325,-1.7095143818554248,-2.8940408867650516,26.940784742750324
1773702503.721124,1773702503721129532,Sr02_gA_IMG1_LID1_STA1_GRU64_OH0,0317_0007,A,0.4739583432674408,0.02638433687388897,0.5,0.0,-7.674071656787901,-1.7217344877486787,-2.895292219914502,26.899271434828353
1773702503.8215241,1773702503821531871,Sr02_gA_IMG1_LID1_STA1_GRU64_OH0,0317_0007,A,0.48067837953567505,0.059740353375673294,0.5,0.0,-7.722564800213922,-1.7339061434085445,-2.895278770685419,26.857761726730985
1773702503.9224153,1773702503922422207,Sr02_gA_IMG1_LID1_STA1_GRU64_OH0,0317_0007,A,0.4987979829311371,0.020276207476854324,0.5,0.0,-7.771037697886086,-1.7461689097338664,-2.891639688085771,26.816330997833802
1773702504.0217967,1773702504021874832,Sr02_gA_IMG1_LID1_STA1_GRU64_OH0,0317_0007,A,0.4836041331291199,-0.023707769811153412,0.5,0.0,-7.819444932998109,-1.7586720261831927,-2.8868350778911123,26.77507321241229
1773702504.1234827,1773702504123489949,Sr02_gA_IMG1_LID1_STA1_GRU64_OH0,0317_0007,A,0.4955088496208191,-0.012483540922403336,0.5,0.0,-7.867809643244019,-1.77130985373314,-2.8860689488651454,26.733931282672373
1773702504.2216403,1773702504221647168,Sr02_gA_IMG1_LID1_STA1_GRU64_OH0,0317_0007,A,0.49516236782073975,-0.009359640069305897,0.5,0.0,-7.916200494979226,-1.7838925480881125,-2.888103003081392,26.692776090613503
1773702504.3235254,1773702504323533453,Sr02_gA_IMG1_LID1_STA1_GRU64_OH0,0317_0007,A,0.4955644905567169,-0.0006302067777141929,0.5,0.0,-7.964610289003979,-1.7964021937351933,-2.8892576407837183,26.651608236491523
1773702504.4223201,1773702504422326772,Sr02_gA_IMG1_LID1_STA1_GRU64_OH0,0317_0007,A,0.5010989904403687,0.009522546082735062,0.5,0.0,-8.013032236362042,-1.8088647205627324,-2.8899317272765894,26.610442979271
1773702504.5225792,1773702504522586597,Sr02_gA_IMG1_LID1_STA1_GRU64_OH0,0317_0007,A,0.5149847865104675,-0.025617605075240135,0.5,0.0,-8.061457064956617,-1.8213160516458933,-2.8896901735090372,26.56930145924562
1773702504.6213386,1773702504621344872,Sr02_gA_IMG1_LID1_STA1_GRU64_OH0,0317_0007,A,0.5118228793144226,-0.01882854476571083,0.5,0.0,-8.109875094760456,-1.833793790592888,-2.8897920971274464,26.528205913356363
1773702504.723176,1773702504723182457,Sr02_gA_IMG1_LID1_STA1_GRU64_OH0,0317_0007,A,0.4910678565502167,0.010728755965828896,0.5,0.0,-8.158313887199066,-1.8461906390322032,-2.8921501864714187,26.487093377753606
1773702504.821905,1773702504821911258,Sr02_gA_IMG1_LID1_STA1_GRU64_OH0,0317_0007,A,0.49089697003364563,0.011340218596160412,0.5,0.0,-8.206776353378729,-1.858494649155311,-2.893146342538066,26.445956875700958
1773702504.9210055,1773702504921011451,Sr02_gA_IMG1_LID1_STA1_GRU64_OH0,0317_0007,A,0.5096313953399658,-0.019052593037486076,0.5,0.0,-8.255234493655562,-1.8708156912430913,-2.8920551257932563,26.40486097965279
1773702505.0225685,1773702505022575125,Sr02_gA_IMG1_LID1_STA1_GRU64_OH0,0317_0007,A,0.5154538750648499,-0.034489285200834274,0.5,0.0,-8.303680509113818,-1.883184326975504,-2.8918328659015327,26.363823909985314
1773702505.1229722,1773702505122978501,Sr02_gA_IMG1_LID1_STA1_GRU64_OH0,0317_0007,A,0.5174320340156555,-0.03683654963970184,0.5,0.0,-8.35214169315449,-1.8954933586775455,-2.8942012100373815,26.322782658025
1773702505.2219303,1773702505221936471,Sr02_gA_IMG1_LID1_STA1_GRU64_OH0,0317_0007,A,0.5031753778457642,-0.03382948786020279,0.5,0.0,-8.400640560178115,-1.9076530062035824,-2.8977205487221775,26.281684442763588
1773702505.323309,1773702505323315861,Sr02_gA_IMG1_LID1_STA1_GRU64_OH0,0317_0007,A,0.503605306148529,-0.033447809517383575,0.5,0.0,-8.4491830369565,-1.9196373669266686,-2.9013139881679866,26.240514283859195
1773702505.4227185,1773702505422724559,Sr02_gA_IMG1_LID1_STA1_GRU64_OH0,0317_0007,A,0.5080439448356628,-0.03092966601252556,0.5,0.0,-8.49776663217767,-1.9314539478755421,-2.9046854814247918,26.19927683849939
1773702505.5223894,1773702505522395519,Sr02_gA_IMG1_LID1_STA1_GRU64_OH0,0317_0007,A,0.508878767490387,-0.025488128885626793,0.5,0.0,-8.546389457431342,-1.9431080583492468,-2.907954714615902,26.157975445337566
1773702505.6227853,1773702505622791192,Sr02_gA_IMG1_LID1_STA1_GRU64_OH0,0317_0007,A,0.4865816831588745,0.046815842390060425,0.5,0.0,-8.595048527772164,-1.954609915138988,-2.910884434427156,26.11661623896515
1773702505.721808,1773702505721814742,Sr02_gA_IMG1_LID1_STA1_GRU64_OH0,0317_0007,A,0.4888118505477905,0.009112303145229816,0.5,0.0,-8.643705203336824,-1.9659852967693592,-2.911675894840994,26.07524425420049
1773702505.8214278,1773702505821433516,Sr02_gA_IMG1_LID1_STA1_GRU64_OH0,0317_0007,A,0.4925670027732849,-0.004081371705979109,0.5,0.0,-8.692363152696773,-1.9774855119087678,-2.90812020785383,26.033946068921797
1773702505.9221916,1773702505922198597,Sr02_gA_IMG1_LID1_STA1_GRU64_OH0,0317_0007,A,0.4776133596897125,-0.04077797383069992,0.5,0.0,-8.741002005494009,-1.9890726421006233,-2.9076047781050516,25.992727556720276
1773702506.0224745,1773702506022481674,Sr02_gA_IMG1_LID1_STA1_GRU64_OH0,0317_0007,A,0.4781094193458557,-0.04430623725056648,0.5,0.0,-8.789641488561827,-2.0006471783547783,-2.9091055731564732,25.951534775335283
1773702506.123844,1773702506123851315,Sr02_gA_IMG1_LID1_STA1_GRU64_OH0,0317_0007,A,0.497318297624588,-0.038362789899110794,0.5,0.0,-8.838319837822159,-2.0120670907683484,-2.9132892083167024,25.910280758482344
1773702506.2211523,1773702506221158527,Sr02_gA_IMG1_LID1_STA1_GRU64_OH0,0317_0007,A,0.4757015109062195,-0.012699962593615055,0.5,0.0,-8.88704703532741,-2.023276731566584,-2.9175415260577258,25.868935718564572
1773702506.3219912,1773702506321997181,Sr02_gA_IMG1_LID1_STA1_GRU64_OH0,0317_0007,A,0.47617053985595703,-0.013584564439952374,0.5,0.0,-8.93581722486249,-2.034297893065682,-2.9206079345247264,25.82751261116818
1773702506.4223046,1773702506422311201,Sr02_gA_IMG1_LID1_STA1_GRU64_OH0,0317_0007,A,0.48956120014190674,0.004497976042330265,0.5,0.0,-8.984608315393107,-2.0452262425069154,-2.9219044664804077,25.786066562552367
1773702506.5231614,1773702506523167538,Sr02_gA_IMG1_LID1_STA1_GRU64_OH0,0317_0007,A,0.49224990606307983,0.00990371871739626,0.5,0.0,-9.033413088291107,-2.0560933306731473,-2.9227204588988944,25.744615733095877
1773702506.6223383,1773702506622344448,Sr02_gA_IMG1_LID1_STA1_GRU64_OH0,0317_0007,A,0.4831010401248932,0.05023491010069847,0.5,0.0,-9.082217524789268,-2.0669619364745135,-2.9221084943611575,25.70319619137331
1773702506.7230766,1773702506723083289,Sr02_gA_IMG1_LID1_STA1_GRU64_OH0,0317_0007,A,0.509160578250885,0.025042708963155746,0.5,0.0,-9.131001606260075,-2.0778788136624424,-2.919941553105765,25.661843916286436
1773702506.822842,1773702506822847798,Sr02_gA_IMG1_LID1_STA1_GRU64_OH0,0317_0007,A,0.503316342830658,0.025536006316542625,0.5,0.0,-9.179751848598366,-2.0889877885978136,-2.91567381705748,25.620624815949984
1773702506.9228582,1773702506922864632,Sr02_gA_IMG1_LID1_STA1_GRU64_OH0,0317_0007,A,0.4987044334411621,-0.024176208302378654,0.5,0.0,-9.22846718032226,-2.100248997240282,-2.9131547513139986,25.57952582577681
1773702507.0217435,1773702507021750698,Sr02_gA_IMG1_LID1_STA1_GRU64_OH0,0317_0007,A,0.5044447779655457,-0.017683858051896095,0.5,0.0,-9.277144863861592,-2.1116218742004174,-2.911978718900604,25.538535006728505
1773702507.1212134,1773702507121220373,Sr02_gA_IMG1_LID1_STA1_GRU64_OH0,0317_0007,A,0.49941229820251465,-0.008254204876720905,0.5,0.0,-9.325845957027552,-2.1229445118298997,-2.914201569140348,25.497535860183195
1773702507.220978,1773702507220985452,Sr02_gA_IMG1_LID1_STA1_GRU64_OH0,0317_0007,A,0.505521297454834,0.013829460367560387,0.5,0.0,-9.374568312554565,-2.134175328275059,-2.915687070087715,25.45651487879633
1773702507.3216126,1773702507321620510,Sr02_gA_IMG1_LID1_STA1_GRU64_OH0,0317_0007,A,0.5054064393043518,0.015349837951362133,0.5,0.0,-9.423301398962547,-2.145359509495245,-2.915849997041084,25.415498641936633
1773702507.4214108,1773702507421418198,Sr02_gA_IMG1_LID1_STA1_GRU64_OH0,0317_0007,A,0.49411553144454956,0.019842643290758133,0.5,0.0,-9.472024972086096,-2.1565850467773537,-2.9144214435163085,25.374538974711662
1773702507.523699,1773702507523705243,Sr02_gA_IMG1_LID1_STA1_GRU64_OH0,0317_0007,A,0.4950183629989624,0.008306055329740047,0.5,0.0,-9.520731269845749,-2.167885296419438,-2.9127067537544633,25.333655902174016
1773702507.6229694,1773702507622976393,Sr02_gA_IMG1_LID1_STA1_GRU64_OH0,0317_0007,A,0.4948076009750366,0.009012269787490368,0.5,0.0,-9.569417022503881,-2.1792737395345783,-2.9111839466803686,25.292857914122262
1773702507.7227073,1773702507722714532,Sr02_gA_IMG1_LID1_STA1_GRU64_OH0,0317_0007,A,0.5068107843399048,0.0020225620828568935,0.5,0.0,-9.618090863753798,-2.190713001243436,-2.9103250944579164,25.252123280466325
1773702507.8215098,1773702507821525576,Sr02_gA_IMG1_LID1_STA1_GRU64_OH0,0317_0007,A,0.5067737102508545,0.0022407653741538525,0.5,0.0,-9.666755164392566,-2.2021927848278464,-2.909703451490943,25.21144620537978
1773702507.9223368,1773702507922344151,Sr02_gA_IMG1_LID1_STA1_GRU64_OH0,0317_0007,A,0.4930369555950165,-0.007126392796635628,0.5,0.0,-9.71541567696327,-2.213688618428327,-2.9094924676299176,25.1708123302216
1773702508.0214293,1773702508021436254,Sr02_gA_IMG1_LID1_STA1_GRU64_OH0,0317_0007,A,0.5084406137466431,-0.0057572368532419205,0.5,0.0,-9.764074519637546,-2.22519151806307,-2.909643070049308,25.130216476264245
1773702508.1206272,1773702508120634067,Sr02_gA_IMG1_LID1_STA1_GRU64_OH0,0317_0007,A,0.5083495378494263,-0.005663467571139336,0.5,0.0,-9.81273948649367,-2.2366684772293683,-2.9103009430135547,25.089638988651856
1773702508.221587,1773702508221594521,Sr02_gA_IMG1_LID1_STA1_GRU64_OH0,0317_0007,A,0.5031771063804626,-0.0014866434503346682,0.5,0.0,-9.86141132662604,-2.2481162539941875,-2.910872915069701,25.04907802006879
1773702508.3215926,1773702508321598726,Sr02_gA_IMG1_LID1_STA1_GRU64_OH0,0317_0007,A,0.5032640099525452,-0.0014132531359791756,0.5,0.0,-9.910089280303978,-2.259538008243958,-2.911272191386282,25.008535568937827
1773702508.4223814,1773702508422388386,Sr02_gA_IMG1_LID1_STA1_GRU64_OH0,0317_0007,A,0.5109890103340149,-0.02546492964029312,0.5,0.0,-9.95876978314383,-2.2709488943543383,-2.911417919955411,24.96802086563741
1773702508.5213482,1773702508521354773,Sr02_gA_IMG1_LID1_STA1_GRU64_OH0,0317_0007,A,0.5035314559936523,-0.01697271503508091,0.5,0.0,-10.00745410391856,-2.2823434686457187,-2.9125212922310406,24.927530767580034
1773702508.6217508,1773702508621757492,Sr02_gA_IMG1_LID1_STA1_GRU64_OH0,0317_0007,A,0.5035192966461182,-0.016994882375001907,0.5,0.0,-10.056161623985076,-2.2936384281929856,-2.91472809935008,24.88701518432634
1773702508.7213185,1773702508721325044,Sr02_gA_IMG1_LID1_STA1_GRU64_OH0,0317_0007,A,0.48908039927482605,0.005329575855284929,0.5,0.0,-10.104889964321856,-2.3048432454701513,-2.916426254791904,24.84647987185808
1773702508.821376,1773702508821381937,Sr02_gA_IMG1_LID1_STA1_GRU64_OH0,0317_0007,A,0.48917022347450256,0.005316430702805519,0.5,0.0,-10.153635288813534,-2.315973959380856,-2.917232780361048,24.80593452893672
1773702508.921403,1773702508921410167,Sr02_gA_IMG1_LID1_STA1_GRU64_OH0,0317_0007,A,0.505232572555542,-0.02771875634789467,0.5,0.0,-10.202379156437429,-2.3271110592275064,-2.9167003495450956,24.765427594635252
1773702509.0216615,1773702509021667980,Sr02_gA_IMG1_LID1_STA1_GRU64_OH0,0317_0007,A,0.5163995027542114,0.018258487805724144,0.5,0.0,-10.251120040500679,-2.338261202473922,-2.9174900875383925,24.724963276143278
1773702509.1215367,1773702509121543597,Sr02_gA_IMG1_LID1_STA1_GRU64_OH0,0317_0007,A,0.5164958834648132,0.018313294276595116,0.5,0.0,-10.299870465957335,-2.349319386804428,-2.9184987345035713,24.684488921407546
1773702509.2205386,1773702509220545327,Sr02_gA_IMG1_LID1_STA1_GRU64_OH0,0317_0007,A,0.5174047350883484,0.028531624004244804,0.5,0.0,-10.348621211519646,-2.3604263122983653,-2.91667069679746,24.644068445462608
1773702509.320831,1773702509320837279,Sr02_gA_IMG1_LID1_STA1_GRU64_OH0,0317_0007,A,0.5176115036010742,0.028780395165085793,0.5,0.0,-10.397350627524286,-2.371626432240393,-2.914430645616847,24.603739664555636
1773702509.4221117,1773702509422117929,Sr02_gA_IMG1_LID1_STA1_GRU64_OH0,0317_0007,A,0.5054734349250793,-0.005934411194175482,0.5,0.0,-10.446049945044173,-2.382956677137044,-2.911567537289025,24.563525743694317
1773702509.5234993,1773702509523506788,Sr02_gA_IMG1_LID1_STA1_GRU64_OH0,0317_0007,A,0.507249116897583,0.01151422131806612,0.5,0.0,-10.494719696627117,-2.394413301981753,-2.9100780660599344,24.523425269167394
1773702509.6222007,1773702509622208306,Sr02_gA_IMG1_LID1_STA1_GRU64_OH0,0317_0007,A,0.5074045062065125,0.01175400149077177,0.5,0.0,-10.543387494672883,-2.4058782521119064,-2.909973575161663,24.483366341132008
1773702509.7208915,1773702509720897752,Sr02_gA_IMG1_LID1_STA1_GRU64_OH0,0317_0007,A,0.4888790547847748,0.02520570158958435,0.5,0.0,-10.592045651182117,-2.4173840422981407,-2.908812563984469,24.443369229244674
1773702509.8228295,1773702509822837213,Sr02_gA_IMG1_LID1_STA1_GRU64_OH0,0317_0007,A,0.48908481001853943,0.025437980890274048,0.5,0.0,-10.640689052566149,-2.428952041159458,-2.9070991088664653,24.40344750198895
1773702509.9220333,1773702509922040293,Sr02_gA_IMG1_LID1_STA1_GRU64_OH0,0317_0007,A,0.48330363631248474,0.05419342964887619,0.5,0.0,-10.68930594190379,-2.4406309290215265,-2.9045692519117825,24.363631896076445
1773702510.022006,1773702510022012259,Sr02_gA_IMG1_LID1_STA1_GRU64_OH0,0317_0007,A,0.5060272216796875,0.004688412882387638,0.5,0.0,-10.737890284817619,-2.4524444203370463,-2.900875263786823,24.32393803114344
1773702510.1227376,1773702510122743687,Sr02_gA_IMG1_LID1_STA1_GRU64_OH0,0317_0007,A,0.5062821507453918,0.005048846825957298,0.5,0.0,-10.786409372502959,-2.4644756874509697,-2.897332819834681,24.28443009726449
1773702510.2210615,1773702510221067838,Sr02_gA_IMG1_LID1_STA1_GRU64_OH0,0317_0007,A,0.494510680437088,0.0005953013896942139,0.5,0.0,-10.83492232769428,-2.476579108999973,-2.8968495619023082,24.244995761892792
1773702510.322629,1773702510322636405,Sr02_gA_IMG1_LID1_STA1_GRU64_OH0,0317_0007,A,0.4946231245994568,0.000781040289439261,0.5,0.0,-10.883429676808555,-2.488704979577644,-2.8965228161858536,24.205614728518015
1773702510.4216652,1773702510421671314,Sr02_gA_IMG1_LID1_STA1_GRU64_OH0,0317_0007,A,0.48575475811958313,0.058161310851573944,0.5,0.0,-10.931935313744676,-2.500837698460659,-2.8964558567212055,24.166277330660087
1773702510.5216756,1773702510521682477,Sr02_gA_IMG1_LID1_STA1_GRU64_OH0,0317_0007,A,0.5029420256614685,0.03155132383108139,0.5,0.0,-10.980424522388283,-2.512990243753688,-2.894280656378558,24.12700252302922
1773702510.6209915,1773702510620998362,Sr02_gA_IMG1_LID1_STA1_GRU64_OH0,0317_0007,A,0.5031290650367737,0.032144706696271896,0.5,0.0,-11.028870002661414,-2.525360776510936,-2.8895289128061887,24.087896845615738
1773702510.7212632,1773702510721269283,Sr02_gA_IMG1_LID1_STA1_GRU64_OH0,0317_0007,A,0.5076376795768738,0.022919857874512672,0.5,0.0,-11.077270176043873,-2.537907521015236,-2.8863500506367368,24.048945420813528
1773702510.8222234,1773702510822230484,Sr02_gA_IMG1_LID1_STA1_GRU64_OH0,0317_0007,A,0.5077886581420898,0.02326873131096363,0.5,0.0,-11.125630844652829,-2.5506056966583346,-2.883504571560253,24.01013347794152
1773702510.9204988,1773702510920505796,Sr02_gA_IMG1_LID1_STA1_GRU64_OH0,0317_0007,A,0.4979865849018097,0.02210516668856144,0.5,0.0,-11.173960125101685,-2.563422842515079,-2.881198634829826,23.97144085643648
1773702511.0207734,1773702511020779473,Sr02_gA_IMG1_LID1_STA1_GRU64_OH0,0317_0007,A,0.5163068771362305,0.01154237985610962,0.5,0.0,-11.222259652628475,-2.576351656640489,-2.8789183071298776,23.93286361373658
1773702511.121123,1773702511121129898,Sr02_gA_IMG1_LID1_STA1_GRU64_OH0,0317_0007,A,0.5164244771003723,0.01188894547522068,0.5,0.0,-11.270531314823272,-2.589384138922298,-2.877130296819296,23.894397258862966
1773702511.2226818,1773702511222688214,Sr02_gA_IMG1_LID1_STA1_GRU64_OH0,0317_0007,A,0.49064499139785767,0.03222759813070297,0.5,0.0,-11.318785380780868,-2.6024816393727277,-2.8759621983344745,23.856016841806724
1773702511.3212445,1773702511321251813,Sr02_gA_IMG1_LID1_STA1_GRU64_OH0,0317_0007,A,0.49076101183891296,0.032493945211172104,0.5,0.0,-11.367021777227903,-2.61564404559182,-2.873959776427119,23.817722797719252
1773702511.422609,1773702511422616353,Sr02_gA_IMG1_LID1_STA1_GRU64_OH0,0317_0007,A,0.4933199882507324,-0.03620196878910065,0.5,0.0,-11.415220334961672,-2.628944291401505,-2.870726368315426,23.779564514074053
1773702511.5224237,1773702511522429490,Sr02_gA_IMG1_LID1_STA1_GRU64_OH0,0317_0007,A,0.48180335760116577,-0.029801083728671074,0.5,0.0,-11.463357871333084,-2.6423734731447297,-2.8698770337380735,23.74155991114831
1773702511.6211905,1773702511621197515,Sr02_gA_IMG1_LID1_STA1_GRU64_OH0,0317_0007,A,0.4818454682826996,-0.02989119663834572,0.5,0.0,-11.511546966917953,-2.6557079526135676,-2.8732411937076243,23.70351296184385
1773702511.7227423,1773702511722748778,Sr02_gA_IMG1_LID1_STA1_GRU64_OH0,0317_0007,A,0.49653565883636475,-0.008451709523797035,0.5,0.0,-11.559777120935784,-2.668893174338037,-2.87622490167768,23.66540998065628
1773702511.8227692,1773702511822777972,Sr02_gA_IMG1_LID1_STA1_GRU64_OH0,0317_0007,A,0.4965766668319702,-0.00851221289485693,0.5,0.0,-11.608044220378737,-2.6819425306951263,-2.878356454677168,23.62726011844133
1773702511.9228034,1773702511922810162,Sr02_gA_IMG1_LID1_STA1_GRU64_OH0,0317_0007,A,0.5134708881378174,0.014807704836130142,0.5,0.0,-11.656327363583621,-2.6949324350700588,-2.8792040444306526,23.589114659459693
1773702512.0219169,1773702512021923914,Sr02_gA_IMG1_LID1_STA1_GRU64_OH0,0317_0007,A,0.5022490620613098,0.009517095983028412,0.5,0.0,-11.704619116805027,-2.7078902972131376,-2.87912248688126,23.55099207438663
1773702512.1223638,1773702512122370363,Sr02_gA_IMG1_LID1_STA1_GRU64_OH0,0317_0007,A,0.5023500919342041,0.009733299724757671,0.5,0.0,-11.752897642329444,-2.7208973454439582,-2.8778533389107217,23.51294706241973
1773702512.2215734,1773702512221579227,Sr02_gA_IMG1_LID1_STA1_GRU64_OH0,0317_0007,A,0.5245192646980286,-0.011818362399935722,0.5,0.0,-11.801162502745044,-2.7339550152322367,-2.8768929828736125,23.474981013590796
1773702512.3236408,1773702512323647628,Sr02_gA_IMG1_LID1_STA1_GRU64_OH0,0317_0007,A,0.5246245861053467,-0.011701379902660847,0.5,0.0,-11.849416941731272,-2.747051149685682,-2.8767817031768224,23.43708613767575
1773702512.4216573,1773702512421663799,Sr02_gA_IMG1_LID1_STA1_GRU64_OH0,0317_0007,A,0.4912606179714203,0.033915091305971146,0.5,0.0,-11.897681748051484,-2.760109015700465,-2.877958858181484,23.399210818051973
1773702512.5227597,1773702512522766113,Sr02_gA_IMG1_LID1_STA1_GRU64_OH0,0317_0007,A,0.5056013464927673,0.009853526018559933,0.5,0.0,-11.945946702023962,-2.7731237247257026,-2.87738121130361,23.361362233069467
1773702512.6225414,1773702512622548772,Sr02_gA_IMG1_LID1_STA1_GRU64_OH0,0317_0007,A,0.5057635307312012,0.010103088803589344,0.5,0.0,-11.994191938594385,-2.7862536681700156,-2.8749521507573355,23.323627302374295
1773702512.7216105,1773702512721617798,Sr02_gA_IMG1_LID1_STA1_GRU64_OH0,0317_0007,A,0.5065826773643494,0.03522224724292755,0.5,0.0,-12.04241848751574,-2.799452132330547,-2.8739568173512064,23.285985321483032
1773702512.8231697,1773702512823175991,Sr02_gA_IMG1_LID1_STA1_GRU64_OH0,0317_0007,A,0.5067515969276428,0.03545186668634415,0.5,0.0,-12.090629067999684,-2.8127087832001583,-2.871941764535946,23.248429771103638
1773702512.923278,1773702512923286002,Sr02_gA_IMG1_LID1_STA1_GRU64_OH0,0317_0007,A,0.501583456993103,0.005784312263131142,0.5,0.0,-12.138798680872414,-2.826113464537413,-2.8684103610999574,23.21102299903792
1773702513.021893,1773702513021900193,Sr02_gA_IMG1_LID1_STA1_GRU64_OH0,0317_0007,A,0.5153007507324219,-0.028509600088000298,0.5,0.0,-12.18692375717901,-2.8396772143217697,-2.8660518579015464,23.173773794526586
1773702513.1242676,1773702513124274375,Sr02_gA_IMG1_LID1_STA1_GRU64_OH0,0317_0007,A,0.5153985619544983,-0.028485938906669617,0.5,0.0,-12.23503745997788,-2.8532812970735493,-2.866845155651254,23.136600700257606
1773702513.2215047,1773702513221512071,Sr02_gA_IMG1_LID1_STA1_GRU64_OH0,0317_0007,A,0.5128397941589355,0.024167725816369057,0.5,0.0,-12.28318141127586,-2.866777887168348,-2.8696949278003556,23.099401255123137
1773702513.3235924,1773702513323599795,Sr02_gA_IMG1_LID1_STA1_GRU64_OH0,0317_0007,A,0.5128927826881409,0.024191366508603096,0.5,0.0,-12.33134497037772,-2.8801629204168737,-2.8700532453956913,23.062183057452426
1773702513.4218738,1773702513421880169,Sr02_gA_IMG1_LID1_STA1_GRU64_OH0,0317_0007,A,0.5135089755058289,0.00017566990572959185,0.5,0.0,-12.37949666842592,-2.893631863947388,-2.867635294866872,23.025061253531913
1773702513.5222712,1773702513522278537,Sr02_gA_IMG1_LID1_STA1_GRU64_OH0,0317_0007,A,0.4948882460594177,-0.0019395312992855906,0.5,0.0,-12.42761973048312,-2.907202795982547,-2.866416926692806,22.98805947112687
1773702513.6208384,1773702513620844706,Sr02_gA_IMG1_LID1_STA1_GRU64_OH0,0317_0007,A,0.49496370553970337,-0.0018597752787172794,0.5,0.0,-12.475738840505125,-2.9207877483738325,-2.8665051179716543,22.951116781168963
1773702513.7221222,1773702513722129234,Sr02_gA_IMG1_LID1_STA1_GRU64_OH0,0317_0007,A,0.49555736780166626,0.019836947321891785,0.5,0.0,-12.523860211906815,-2.9343646880106466,-2.866695083048068,22.91421801073839
1773702513.8236032,1773702513823611355,Sr02_gA_IMG1_LID1_STA1_GRU64_OH0,0317_0007,A,0.4956452250480652,0.019997695460915565,0.5,0.0,-12.571980437451147,-2.9479456801418467,-2.865796242490741,22.877371855428876
1773702513.9213812,1773702513921387671,Sr02_gA_IMG1_LID1_STA1_GRU64_OH0,0317_0007,A,0.5022088885307312,-0.011603133752942085,0.5,0.0,-12.620077302165233,-2.961609151921453,-2.863804513759807,22.840633860719052
1773702514.0228832,1773702514022890001,Sr02_gA_IMG1_LID1_STA1_GRU64_OH0,0317_0007,A,0.49276408553123474,0.03897424042224884,0.5,0.0,-12.668152212224731,-2.975349695520915,-2.863384762220562,22.804000843095356
1773702514.1225817,1773702514122589441,Sr02_gA_IMG1_LID1_STA1_GRU64_OH0,0317_0007,A,0.4928475320339203,0.03925832360982895,0.5,0.0,-12.716219042484664,-2.989078056703511,-2.8621427223366056,22.767420339900628
1773702514.2225788,1773702514222586419,Sr02_gA_IMG1_LID1_STA1_GRU64_OH0,0317_0007,A,0.5059528946876526,0.0180509053170681,0.5,0.0,-12.764252358324198,-3.002963194952674,-2.8582311008564725,22.73099227262412
1773702514.323535,1773702514323542861,Sr02_gA_IMG1_LID1_STA1_GRU64_OH0,0317_0007,A,0.5060188174247742,0.01825948990881443,0.5,0.0,-12.788248507032225,-3.0099763659263483,-2.8562681878868466,22.712848116397065
1773702514.4218042,1773702514421810859,Sr02_gA_IMG1_LID1_STA1_GRU64_OH0,0317_0007,A,0.4913870394229889,0.013189485296607018,0.5,0.0,-12.836214294638674,-3.0240931014881163,-2.854463084079609,22.676663932944624
1773702514.5220988,1773702514522105454,Sr02_gA_IMG1_LID1_STA1_GRU64_OH0,0317_0007,A,0.5240371823310852,-0.1518172025680542,0.5,-0.5,-12.884154373873194,-3.038296896448124,-2.8526371382347744,22.6405951982341
1773702514.622002,1773702514622008649,Sr02_gA_IMG1_LID1_STA1_GRU64_OH0,0317_0007,A,0.5241315960884094,-0.151594340801239,0.5,-0.5,-12.932072062278483,-3.0525760581291745,-2.8513181879828045,22.60463412984287
1773702514.7227387,1773702514722744605,Sr02_gA_IMG1_LID1_STA1_GRU64_OH0,0317_0007,A,0.5053907036781311,0.017993370071053505,0.5,0.0,-12.979876912987713,-3.0666218030090255,-2.8626880721988384,22.56871862511859
1773702514.8237479,1773702514823754886,Sr02_gA_IMG1_LID1_STA1_GRU64_OH0,0317_0007,A,0.5051767826080322,0.01701459474861622,0.5,0.0,-13.028047281816058,-3.080022077811602,-2.877847481589611,22.5322328371555
1773702514.9221995,1773702514922205610,Sr02_gA_IMG1_LID1_STA1_GRU64_OH0,0317_0007,A,0.49269360303878784,0.00955512560904026,0.5,0.0,-13.076204148108145,-3.092922184348156,-2.879556265814628,22.495578293437692
1773702515.0218892,1773702515021895415,Sr02_gA_IMG1_LID1_STA1_GRU64_OH0,0317_0007,A,0.5077300071716309,0.03175409510731697,0.5,0.0,-13.124486325719344,-3.1059156598213558,-2.8778548084061817,22.458907310607046
1773702515.1229625,1773702515122969631,Sr02_gA_IMG1_LID1_STA1_GRU64_OH0,0317_0007,A,0.5078086256980896,0.03191123530268669,0.5,0.0,-13.172751203024148,-3.1189732672351234,-2.8768992917001115,22.42233314339617
1773702515.2224514,1773702515222458171,Sr02_gA_IMG1_LID1_STA1_GRU64_OH0,0317_0007,A,0.503732442855835,0.020477022975683212,0.5,0.0,-13.220988989229195,-3.1321305300367115,-2.87372390436963,22.385881580113622
1773702515.3228896,1773702515322896528,Sr02_gA_IMG1_LID1_STA1_GRU64_OH0,0317_0007,A,0.5079326033592224,0.015439155511558056,0.5,0.0,-13.26918464791538,-3.145441279260982,-2.8705327861789827,22.349591819009717
1773702515.4218607,1773702515421866755,Sr02_gA_IMG1_LID1_STA1_GRU64_OH0,0317_0007,A,0.49396052956581116,0.02202395163476467,0.5,0.0,-13.317345286921064,-3.158878230537921,-2.868485078481141,22.3134455088112
1773702515.522723,1773702515522729291,Sr02_gA_IMG1_LID1_STA1_GRU64_OH0,0317_0007,A,0.500062108039856,-0.03823823109269142,0.5,0.0,-13.365481721698163,-3.172401648492255,-2.8669411616001836,22.277415015515288
1773702515.6218264,1773702515621832383,Sr02_gA_IMG1_LID1_STA1_GRU64_OH0,0317_0007,A,0.5006109476089478,-0.03600640967488289,0.5,0.0,-13.41359273573459,-3.186015207938829,-2.8647387750775635,22.241503717568737
1773702515.7223012,1773702515722308008,Sr02_gA_IMG1_LID1_STA1_GRU64_OH0,0317_0007,A,0.5012499690055847,0.013213252648711205,0.5,0.0,-13.461700945985289,-3.199596710621534,-2.868342273052582,22.205634132831378
1773702515.8240528,1773702515824060181,Sr02_gA_IMG1_LID1_STA1_GRU64_OH0,0317_0007,A,0.5015284419059753,0.0017448413418605924,0.5,0.0,-13.5098700722203,-3.2130031366677465,-2.8719429098384794,22.169682117586003
1773702515.9221132,1773702515922119442,Sr02_gA_IMG1_LID1_STA1_GRU64_OH0,0317_0007,A,0.5003116130828857,-0.015009148977696896,0.5,0.0,-13.5580450890535,-3.2263468552515904,-2.8707274384977586,22.133749459365383
1773702516.0223298,1773702516022336373,Sr02_gA_IMG1_LID1_STA1_GRU64_OH0,0317_0007,A,0.513322114944458,0.00826130248606205,0.5,0.0,-13.606220906280257,-3.239729318066796,-2.8705529458735017,22.097889356801787
1773702516.1218934,1773702516121899989,Sr02_gA_IMG1_LID1_STA1_GRU64_OH0,0317_0007,A,0.5183658003807068,0.009072134271264076,0.5,0.0,-13.654405583722333,-3.2530798264142895,-2.872053845496242,22.06206113004615
1773702516.2239962,1773702516224002895,Sr02_gA_IMG1_LID1_STA1_GRU64_OH0,0317_0007,A,0.5127354264259338,-0.031338948756456375,0.5,0.0,-13.702594766134496,-3.266414077035455,-2.8712277344053336,22.026276329044432
1773702516.3233268,1773702516323333371,Sr02_gA_IMG1_LID1_STA1_GRU64_OH0,0317_0007,A,0.513864278793335,-0.03201491758227348,0.5,0.0,-13.75077237379252,-3.2797900865999954,-2.8703205230825195,21.990577333356526
1773702516.4228923,1773702516422899111,Sr02_gA_IMG1_LID1_STA1_GRU64_OH0,0317_0007,A,0.5225685834884644,-0.0848359614610672,0.5,0.0,-13.798956200054562,-3.2931115529966837,-2.8734238684473437,21.954902231158584
1773702516.5226872,1773702516522693801,Sr02_gA_IMG1_LID1_STA1_GRU64_OH0,0317_0007,A,0.513392984867096,-0.037954702973365784,0.5,0.0,-13.847190207881718,-3.3062826591086703,-2.8766253544519214,21.919166011376795
1773702516.6231582,1773702516623164545,Sr02_gA_IMG1_LID1_STA1_GRU64_OH0,0317_0007,A,0.51331627368927,-0.031005633994936943,0.5,0.0,-13.895487242124414,-3.3191761283401173,-2.884947487987746,21.883295050523824
1773702516.7224543,1773702516722460789,Sr02_gA_IMG1_LID1_STA1_GRU64_OH0,0317_0007,A,0.518986165523529,0.016468869522213936,0.5,0.0,-13.943863538097963,-3.331770199041332,-2.8888110457200638,21.84726379676935
1773702516.8230712,1773702516823077902,Sr02_gA_IMG1_LID1_STA1_GRU64_OH0,0317_0007,A,0.5103628635406494,-0.0026246814522892237,0.5,0.0,-13.992293868269327,-3.344200034092848,-2.8919116093659043,21.811159839793046
1773702516.922067,1773702516922074415,Sr02_gA_IMG1_LID1_STA1_GRU64_OH0,0317_0007,A,0.5209747552871704,-0.001573647721670568,0.5,0.0,-14.040723517583023,-3.3565877849454204,-2.890354595755248,21.775090690351938
1773702517.0239773,1773702517023983335,Sr02_gA_IMG1_LID1_STA1_GRU64_OH0,0317_0007,A,0.5183872580528259,0.015980688855051994,0.5,0.0,-14.089155413986886,-3.3690115959157936,-2.8906170488609724,21.73909250632208
1773702517.1227472,1773702517122754290,Sr02_gA_IMG1_LID1_STA1_GRU64_OH0,0317_0007,A,0.5159640908241272,0.01114032231271267,0.5,0.0,-14.137589917367404,-3.381425240027877,-2.8907744141799623,21.703142502623145
1773702517.2232406,1773702517223247493,Sr02_gA_IMG1_LID1_STA1_GRU64_OH0,0317_0007,A,0.509695291519165,-0.046889424324035645,0.5,0.0,-14.186015461055145,-3.393873768845657,-2.889176361340789,21.667273340176063
1773702517.323191,1773702517323197967,Sr02_gA_IMG1_LID1_STA1_GRU64_OH0,0317_0007,A,0.5358780026435852,-0.02510756254196167,0.5,0.0,-14.234424082034158,-3.406387954365289,-2.888062327227808,21.631507657023942
1773702517.421915,1773702517421921225,Sr02_gA_IMG1_LID1_STA1_GRU64_OH0,0317_0007,A,0.5142644643783569,-0.05017537996172905,0.5,0.0,-14.28284155025588,-3.4188219788229794,-2.892550137684413,21.59575078924625
1773702517.523093,1773702517523099648,Sr02_gA_IMG1_LID1_STA1_GRU64_OH0,0317_0007,A,0.5152032971382141,-0.08288811892271042,0.5,0.0,-14.331314410605861,-3.431084938466345,-2.8950609064992925,21.559916874644383
1773702517.6221085,1773702517622115133,Sr02_gA_IMG1_LID1_STA1_GRU64_OH0,0317_0007,A,0.502855122089386,-0.08777084946632385,0.5,0.0,-14.379833048598792,-3.4431653442601124,-2.900078417107059,21.524008150706987
1773702517.7226746,1773702517722682662,Sr02_gA_IMG1_LID1_STA1_GRU64_OH0,0317_0007,A,0.4850974380970001,0.03239479288458824,0.5,0.0,-14.428430896649802,-3.454922662473822,-2.908367190410509,21.487924561553655
1773702517.8228152,1773702517822821683,Sr02_gA_IMG1_LID1_STA1_GRU64_OH0,0317_0007,A,0.49789607524871826,0.03795423358678818,0.5,0.0,-14.47712728171941,-3.466264871774553,-2.917144257265213,21.451602063311892
1773702517.9229817,1773702517922988486,Sr02_gA_IMG1_LID1_STA1_GRU64_OH0,0317_0007,A,0.5092957019805908,-0.042018331587314606,0.5,0.0,-14.525801809210163,-3.4773881791587034,-2.91549681052767,21.4152426503291
1773702518.0225663,1773702518022573770,Sr02_gA_IMG1_LID1_STA1_GRU64_OH0,0317_0007,A,0.5070921778678894,0.04583381861448288,0.5,0.0,-14.574507869923542,-3.4886893441991687,-2.911701397635031,21.379001190534222
1773702518.122202,1773702518122208311,Sr02_gA_IMG1_LID1_STA1_GRU64_OH0,0317_0007,A,0.5148838758468628,0.010559004731476307,0.5,0.0,-14.62317865704548,-3.499998140694541,-2.9153488226908117,21.342849567814355
1773702518.2220135,1773702518222019396,Sr02_gA_IMG1_LID1_STA1_GRU64_OH0,0317_0007,A,0.4984191358089447,0.014453665353357792,0.5,0.0,-14.671853990851435,-3.5112864615748993,-2.911478095651275,21.306739419544048
1773702518.3232923,1773702518323299003,Sr02_gA_IMG1_LID1_STA1_GRU64_OH0,0317_0007,A,0.5019215941429138,-0.0017582705477252603,0.5,0.0,-14.720529971056555,-3.5227166147256717,-2.9104221699138,21.270757431030283
1773702518.4212325,1773702518421238897,Sr02_gA_IMG1_LID1_STA1_GRU64_OH0,0317_0007,A,0.4631677567958832,-0.1472257524728775,0.5,0.0,-14.769191616325559,-3.534207634153333,-2.908976808722596,21.234875761313674
1773702518.5243535,1773702518524360391,Sr02_gA_IMG1_LID1_STA1_GRU64_OH0,0317_0007,A,0.446537584066391,-0.10373061150312424,0.5,0.0,-14.8178459616944,-3.5457295416780097,-2.9091526230844416,21.199073451760867
1773702518.6243355,1773702518624342932,Sr02_gA_IMG1_LID1_STA1_GRU64_OH0,0317_0007,A,0.4830293357372284,-0.04484076052904129,0.5,0.0,-14.86642873086425,-3.556974901975829,-2.9210161747262413,21.163247196646903
1773702518.7239554,1773702518723962305,Sr02_gA_IMG1_LID1_STA1_GRU64_OH0,0317_0007,A,0.5012226700782776,-0.1817784160375595,0.5,-0.5,-14.915266860093995,-3.5676586958654237,-2.931413193972674,21.126968664447816
1773702518.822477,1773702518822483238,Sr02_gA_IMG1_LID1_STA1_GRU64_OH0,0317_0007,A,0.520831823348999,-0.18341973423957825,0.5,-0.5,-14.964169557132683,-3.5779667467331127,-2.9364429966620236,21.090495978599705
1773702518.922764,1773702518922770830,Sr02_gA_IMG1_LID1_STA1_GRU64_OH0,0317_0007,A,0.5218566060066223,-0.11238739639520645,0.5,0.0,-15.013085630009998,-3.587751787222306,-2.953050534504958,21.053795082772716
1773702519.0224533,1773702519022460824,Sr02_gA_IMG1_LID1_STA1_GRU64_OH0,0317_0007,A,0.5282900333404541,-0.08321302384138107,0.5,0.0,-15.062271170395345,-3.5966712921058117,-2.9709627385130273,21.016466938284662
1773702519.1217365,1773702519121742563,Sr02_gA_IMG1_LID1_STA1_GRU64_OH0,0317_0007,A,0.4938617944717407,-0.10797849297523499,0.5,0.0,-15.111588485563964,-3.6048840021145145,-2.981921450278697,20.978709384084855
1773702519.2226565,1773702519222663287,Sr02_gA_IMG1_LID1_STA1_GRU64_OH0,0317_0007,A,0.5269625782966614,-0.19202673435211182,0.5,-0.5,-15.160985062486905,-3.6126275928525806,-2.990490385880037,20.94068957038112
1773702519.3228314,1773702519322839141,Sr02_gA_IMG1_LID1_STA1_GRU64_OH0,0317_0007,A,0.5164800882339478,-0.18717829883098602,0.5,-0.5,-15.210443717662647,-3.6198845041033425,-3.001633140034635,20.902411489227383
1773702519.4222555,1773702519422262621,Sr02_gA_IMG1_LID1_STA1_GRU64_OH0,0317_0007,A,0.4655970335006714,0.008833716623485088,0.5,0.0,-15.259981998926701,-3.6263931417519704,-3.0204846575884448,20.863720850501824
1773702519.521836,1773702519521842349,Sr02_gA_IMG1_LID1_STA1_GRU64_OH0,0317_0007,A,0.4905059337615967,0.042911045253276825,0.5,0.0,-15.30965777380915,-3.6319687677414354,-3.0387716130163627,20.82446848023807
1773702519.6216688,1773702519621675112,Sr02_gA_IMG1_LID1_STA1_GRU64_OH0,0317_0007,A,0.5008821487426758,-0.015589552000164986,0.5,0.0,-15.359227380986278,-3.6369691898036756,-3.04083448361356,20.785047613280685
1773702519.7222147,1773702519722222198,Sr02_gA_IMG1_LID1_STA1_GRU64_OH0,0317_0007,A,0.4960156977176666,0.008451242931187153,0.5,0.0,-15.408951587514316,-3.642103136781777,-3.0369318314868754,20.745611353115212
1773702519.8212721,1773702519821278653,Sr02_gA_IMG1_LID1_STA1_GRU64_OH0,0317_0007,A,0.5044077038764954,-0.021698327735066414,0.5,0.0,-15.458681976131995,-3.647288465246173,-3.038250366532533,20.706242772928753
1773702519.9215264,1773702519921533222,Sr02_gA_IMG1_LID1_STA1_GRU64_OH0,0317_0007,A,0.4957105815410614,-0.011504034511744976,0.5,0.0,-15.508413112651004,-3.6524666519232394,-3.0377067273095757,20.66691572349268
1773702520.0221632,1773702520022169374,Sr02_gA_IMG1_LID1_STA1_GRU64_OH0,0317_0007,A,0.47546958923339844,-0.0006738568772561848,0.5,0.0,-15.558149105196799,-3.657597906387638,-3.039774612974354,20.6276056964649
1773702520.1227674,1773702520122775287,Sr02_gA_IMG1_LID1_STA1_GRU64_OH0,0317_0007,A,0.4808182418346405,0.025121353566646576,0.5,0.0,-15.607893038077457,-3.6626516735581833,-3.040816721096513,20.588293810271693
1773702520.222969,1773702520222976274,Sr02_gA_IMG1_LID1_STA1_GRU64_OH0,0317_0007,A,0.4313128590583801,0.023394906893372536,0.5,0.0,-15.657639459583876,-3.6676809107385098,-3.0406261715418146,20.549013101269626
1773702520.3217149,1773702520321722376,Sr02_gA_IMG1_LID1_STA1_GRU64_OH0,0317_0007,A,0.47773075103759766,0.005106923170387745,0.5,0.0,-15.707378439001346,-3.672783096518097,-3.038131309274661,20.509824605684503
1773702520.421964,1773702520421970510,Sr02_gA_IMG1_LID1_STA1_GRU64_OH0,0317_0007,A,0.46052229404449463,-0.007400395814329386,0.5,0.0,-15.757105030704817,-3.6780046544491247,-3.03597469148422,20.470758073865625
1773702520.5234883,1773702520523494411,Sr02_gA_IMG1_LID1_STA1_GRU64_OH0,0317_0007,A,0.44657233357429504,-0.03493230417370796,0.5,0.0,-15.806825092823333,-3.683288124670562,-3.035589062185602,20.43177819174097
1773702520.621462,1773702520621469354,Sr02_gA_IMG1_LID1_STA1_GRU64_OH0,0317_0007,A,0.4370512068271637,0.008544501848518848,0.5,0.0,-15.856546458800658,-3.6885593014130937,-3.0366044013233773,20.39283863102587
1773702520.7215075,1773702520721514805,Sr02_gA_IMG1_LID1_STA1_GRU64_OH0,0317_0007,A,0.4250374734401703,-0.03940833359956741,0.5,0.0,-15.906269035874562,-3.6937120447051597,-3.039711575163231,20.353882000814433
1773702520.8215444,1773702520821551000,Sr02_gA_IMG1_LID1_STA1_GRU64_OH0,0317_0007,A,0.4643905758857727,-0.03210291638970375,0.5,0.0,-15.955996348174152,-3.6988164327064434,-3.0392355894298073,20.314943353275442
1773702520.9228067,1773702520922814001,Sr02_gA_IMG1_LID1_STA1_GRU64_OH0,0317_0007,A,0.46940186619758606,-0.05116569995880127,0.5,0.0,-16.005744568968158,-3.7038275179792035,-3.0431033505278333,20.275984692091807
1773702521.0225756,1773702521022583586,Sr02_gA_IMG1_LID1_STA1_GRU64_OH0,0317_0007,A,0.48540303111076355,-0.020444877445697784,0.5,0.0,-16.055510109789008,-3.708663674302405,-3.0465042554707003,20.2369642988288
1773702521.12126,1773702521121266299,Sr02_gA_IMG1_LID1_STA1_GRU64_OH0,0317_0007,A,0.4806520938873291,-0.023126782849431038,0.5,0.0,-16.105296090198863,-3.713284340809213,-3.0513136222769,20.197856950816547
1773702521.2219443,1773702521221952176,Sr02_gA_IMG1_LID1_STA1_GRU64_OH0,0317_0007,A,0.4893559515476227,-0.04010123386979103,0.5,0.0,-16.155097047139137,-3.7177411887471083,-3.053384930751738,20.1586951306603
1773702521.3216033,1773702521321610833,Sr02_gA_IMG1_LID1_STA1_GRU64_OH0,0317_0007,A,0.4851452708244324,-0.07033167034387589,0.5,0.0,-16.20490774029916,-3.7220878388640553,-3.0558673395427736,20.11951245896725
1773702521.4211042,1773702521421110859,Sr02_gA_IMG1_LID1_STA1_GRU64_OH0,0317_0007,A,0.4794518053531647,-0.07972153276205063,0.5,0.0,-16.254732640735572,-3.7262682072444875,-3.060179739932933,20.080274093491607
1773702521.5234332,1773702521523440469,Sr02_gA_IMG1_LID1_STA1_GRU64_OH0,0317_0007,A,0.4773860573768616,-0.057741679251194,0.5,0.0,-16.3045809329934,-3.730158844324597,-3.0673067823095432,20.04090367963753
1773702521.6223972,1773702521622404168,Sr02_gA_IMG1_LID1_STA1_GRU64_OH0,0317_0007,A,0.46734699606895447,-0.05630716308951378,0.5,0.0,-16.35445726045083,-3.733671478692725,-3.075059134506924,20.001347572971344
1773702521.7219107,1773702521721919612,Sr02_gA_IMG1_LID1_STA1_GRU64_OH0,0317_0007,A,0.43504852056503296,0.03899040445685387,0.5,0.0,-16.40435594823408,-3.736851683552569,-3.080818953324523,19.961634755129808
1773702521.8213708,1773702521821377430,Sr02_gA_IMG1_LID1_STA1_GRU64_OH0,0317_0007,A,0.4836922883987427,-0.017122572287917137,0.5,0.0,-16.45426074115761,-3.739748334453257,-3.086057326588799,19.921805048985703
1773702521.9217236,1773702521921731677,Sr02_gA_IMG1_LID1_STA1_GRU64_OH0,0317_0007,A,0.4869041442871094,-0.03356075659394264,0.5,0.0,-16.50413388669148,-3.7426019249505136,-3.0828784029286,19.882023408580935
1773702522.0220942,1773702522022100933,Sr02_gA_IMG1_LID1_STA1_GRU64_OH0,0317_0007,A,0.4835684597492218,-0.04898873716592789,0.5,0.0,-16.554050234737453,-3.745492807523473,-3.084755008297904,19.842272882776395
1773702522.1227887,1773702522122795554,Sr02_gA_IMG1_LID1_STA1_GRU64_OH0,0317_0007,A,0.5019446015357971,-0.0714057981967926,0.5,0.0,-16.603974183486578,-3.748249003248312,-3.0882653460007843,19.802486892315326
1773702522.221394,1773702522221401061,Sr02_gA_IMG1_LID1_STA1_GRU64_OH0,0317_0007,A,0.4995501637458801,-0.0461304634809494,0.5,0.0,-16.653909457550814,-3.750791237334275,-3.0933883662839494,19.762617531543793
1773702522.3226385,1773702522322645172,Sr02_gA_IMG1_LID1_STA1_GRU64_OH0,0317_0007,A,0.5140553712844849,-0.05967698246240616,0.5,0.0,-16.70385952550754,-3.7530228232150455,-3.100276190671045,19.722606899768106
1773702522.4219263,1773702522421933756,Sr02_gA_IMG1_LID1_STA1_GRU64_OH0,0317_0007,A,0.5136972069740295,-0.057369958609342575,0.5,0.0,-16.753821450936424,-3.754972485212903,-3.1050246923473055,19.682472801901035
1773702522.5224326,1773702522522440181,Sr02_gA_IMG1_LID1_STA1_GRU64_OH0,0317_0007,A,0.5075877904891968,-0.04232995584607124,0.5,0.0,-16.803793177148165,-3.7566514305981507,-3.1109693090199775,19.64222253162686
1773702522.6222303,1773702522622236268,Sr02_gA_IMG1_LID1_STA1_GRU64_OH0,0317_0007,A,0.4990884065628052,-0.02220284752547741,0.5,0.0,-16.85377383892209,-3.7580393688476317,-3.1165559045118987,19.60184457079122
1773702522.7222648,1773702522722271846,Sr02_gA_IMG1_LID1_STA1_GRU64_OH0,0317_0007,A,0.48734861612319946,-0.040879521518945694,0.5,0.0,-16.903760654984072,-3.7591857832106905,-3.120587636736601,19.561368577970494
1773702522.8224366,1773702522822443325,Sr02_gA_IMG1_LID1_STA1_GRU64_OH0,0317_0007,A,0.5028649568557739,-0.06451480090618134,0.5,0.0,-16.95375075549694,-3.7601799941350866,-3.122994678267658,19.520847238268324
1773702522.921318,1773702522921325040,Sr02_gA_IMG1_LID1_STA1_GRU64_OH0,0317_0007,A,0.5017884969711304,-0.06384271383285522,0.5,0.0,-17.003743875392388,-3.7610070652286356,-3.1273189591113635,19.48027195272291
1773702523.0219996,1773702523022006668,Sr02_gA_IMG1_LID1_STA1_GRU64_OH0,0317_0007,A,0.48844340443611145,-0.016829930245876312,0.5,0.0,-17.05374073395773,-3.7615594680137336,-3.1337637031260894,19.439580216234624
1773702523.1238992,1773702523123909719,Sr02_gA_IMG1_LID1_STA1_GRU64_OH0,0317_0007,A,0.49495938420295715,-0.019709749147295952,0.5,0.0,-17.103728949658272,-3.7617922722642385,-3.1397534125866984,19.398755655622768
1773702523.2237577,1773702523223764261,Sr02_gA_IMG1_LID1_STA1_GRU64_OH0,0317_0007,A,0.39306241273880005,0.05272390693426132,0.5,0.0,-17.153728915402528,-3.7618420869012503,-3.141465213610319,19.357859234195764
1773702523.3229408,1773702523322947960,Sr02_gA_IMG1_LID1_STA1_GRU64_OH0,0317_0007,A,0.34183675050735474,0.0008511320920661092,0.5,0.0,-17.203717777754395,-3.761800155935448,3.140130730385257,19.31696184797109
1773702523.4239557,1773702523423961926,Sr02_gA_IMG1_LID1_STA1_GRU64_OH0,0317_0007,A,0.4863419234752655,-0.011757034808397293,0.5,0.0,-17.253685623339376,-3.7618543026257627,-3.138248819300084,19.276179974584537
1773702523.5244825,1773702523524489316,Sr02_gA_IMG1_LID1_STA1_GRU64_OH0,0317_0007,A,0.5158591866493225,0.04870313033461571,0.5,0.0,-17.303685334198754,-3.7620233074716576,-3.138289762636273,19.2354819310816
1773702523.6229753,1773702523622983516,Sr02_gA_IMG1_LID1_STA1_GRU64_OH0,0317_0007,A,0.5127094984054565,0.07647998631000519,0.5,0.0,-17.35367403470317,-3.762159981331689,-3.1390861411578586,19.1948180572191
1773702523.7225497,1773702523722556881,Sr02_gA_IMG1_LID1_STA1_GRU64_OH0,0317_0007,A,0.5339384078979492,0.04379945248365402,0.5,0.0,-17.40367336623806,-3.7624077565232215,-3.133938108639009,19.154254243993755
1773702523.8235583,1773702523823566098,Sr02_gA_IMG1_LID1_STA1_GRU64_OH0,0317_0007,A,0.4931059777736664,0.03404838591814041,0.5,0.0,-17.453669959517665,-3.7629808522400374,-3.1266169151936003,19.113926867470326
1773702523.923317,1773702523923324403,Sr02_gA_IMG1_LID1_STA1_GRU64_OH0,0317_0007,A,0.4927700459957123,0.055219151079654694,0.5,0.0,-17.503662554688365,-3.763838851320618,-3.1223344752686697,19.073814863189313
1773702524.023293,1773702524023299659,Sr02_gA_IMG1_LID1_STA1_GRU64_OH0,0317_0007,A,0.4948929250240326,0.0853429064154625,0.5,0.0,-17.553651532135873,-3.7648873329481227,-3.1187179445525484,19.033864049141954
1773702524.1228597,1773702524122866650,Sr02_gA_IMG1_LID1_STA1_GRU64_OH0,0317_0007,A,0.4999545216560364,0.04700048640370369,0.5,0.0,-17.603635015364826,-3.7661697264952836,-3.1128948225587876,18.994102430441895
1773702524.2226171,1773702524222625083,Sr02_gA_IMG1_LID1_STA1_GRU64_OH0,0317_0007,A,0.4946993589401245,-0.02768256701529026,0.5,0.0,-17.653607151606277,-3.767816697151465,-3.1047418865046574,18.954612724025043
1773702524.3244872,1773702524324493919,Sr02_gA_IMG1_LID1_STA1_GRU64_OH0,0317_0007,A,0.5050404667854309,-0.044784534722566605,0.5,0.0,-17.70355731389488,-3.7697747900427103,-3.100431476777375,18.91537374212967
1773702524.423481,1773702524423488507,Sr02_gA_IMG1_LID1_STA1_GRU64_OH0,0317_0007,A,0.5002824068069458,-0.05909808725118637,0.5,0.0,-17.753496381277184,-3.7717658174318056,-3.103286477264288,18.87621397044227
1773702524.5217383,1773702524521745427,Sr02_gA_IMG1_LID1_STA1_GRU64_OH0,0317_0007,A,0.4173276722431183,-0.05947769060730934,0.5,0.0,-17.803463831371513,-3.7735684150785582,-3.1079080471559295,18.836971030021708
1773702524.6220257,1773702524622032513,Sr02_gA_IMG1_LID1_STA1_GRU64_OH0,0317_0007,A,0.40959805250167847,-0.02623412013053894,0.5,0.0,-17.853440149708064,-3.7751046469338285,-3.113821638983428,18.79761407282395
1773702524.7213354,1773702524721342241,Sr02_gA_IMG1_LID1_STA1_GRU64_OH0,0317_0007,A,0.4436844289302826,-0.02048831805586815,0.5,0.0,-17.903424682800612,-3.7763452055564146,-3.119436981429873,18.758125495564556
1773702524.8233035,1773702524823311350,Sr02_gA_IMG1_LID1_STA1_GRU64_OH0,0317_0007,A,0.46532317996025085,0.042741063982248306,0.5,0.0,-17.953413792576864,-3.7773879022591292,-3.121945484436789,18.718565649452
1773702524.9210389,1773702524921045389,Sr02_gA_IMG1_LID1_STA1_GRU64_OH0,0317_0007,A,0.4703163802623749,0.04038403555750847,0.5,0.0,-18.003390305577703,-3.778323129796625,-3.1229931171307777,18.67900181884079
1773702525.0219615,1773702525021968456,Sr02_gA_IMG1_LID1_STA1_GRU64_OH0,0317_0007,A,0.5026739239692688,0.02548428252339363,0.5,0.0,-18.053379519770928,-3.7793596479310656,-3.118766164862958,18.639538471122115
1773702525.1225808,1773702525122587019,Sr02_gA_IMG1_LID1_STA1_GRU64_OH0,0317_0007,A,0.5130837559700012,0.011230689473450184,0.5,0.0,-18.103364090189515,-3.7806003141840407,-3.1150257518283024,18.600251914730872
1773702525.2213204,1773702525221326856,Sr02_gA_IMG1_LID1_STA1_GRU64_OH0,0317_0007,A,0.5150262713432312,-0.0879218652844429,0.5,0.0,-18.153344737665677,-3.781990764920377,-3.112762388193666,18.561110033154065
1773702525.3226428,1773702525322649724,Sr02_gA_IMG1_LID1_STA1_GRU64_OH0,0317_0007,A,0.5117340087890625,-0.05197209492325783,0.5,0.0,-18.20329068736977,-3.783454732366623,-3.1126635544146155,18.522092382928168
1773702525.4222982,1773702525422305205,Sr02_gA_IMG1_LID1_STA1_GRU64_OH0,0317_0007,A,0.5033621788024902,-0.03676021099090576,0.5,0.0,-18.253248864019202,-3.784688576851378,-3.1206423847187157,18.48297880415957
1773702525.523047,1773702525523053547,Sr02_gA_IMG1_LID1_STA1_GRU64_OH0,0317_0007,A,0.5080111622810364,0.0033235386945307255,0.5,0.0,-18.30324036058153,-3.785607628495686,-3.1255353613996144,18.44370072604349
1773702525.6232133,1773702525623220599,Sr02_gA_IMG1_LID1_STA1_GRU64_OH0,0317_0007,A,0.5187082886695862,-0.02437039092183113,0.5,0.0,-18.353228861158865,-3.7863223223183624,-3.128432442135102,18.404353150957334
1773702525.7235312,1773702525723538599,Sr02_gA_IMG1_LID1_STA1_GRU64_OH0,0317_0007,A,0.5264751315116882,-0.0907583087682724,0.5,0.0,-18.403224454773042,-3.7869858528137628,-3.128653949673185,18.36502064688425
1773702525.8224416,1773702525822448638,Sr02_gA_IMG1_LID1_STA1_GRU64_OH0,0317_0007,A,0.5250559449195862,-0.07951558381319046,0.5,0.0,-18.453195822360954,-3.787567285900762,-3.1320744650806285,18.325709370870758
1773702525.9230392,1773702525923045792,Sr02_gA_IMG1_LID1_STA1_GRU64_OH0,0317_0007,A,0.5230069756507874,-0.08446035534143448,0.5,0.0,-18.5031950257793,-3.7878174227508046,-3.1409254237186404,18.28622593806284
1773702526.022995,1773702526023001076,Sr02_gA_IMG1_LID1_STA1_GRU64_OH0,0317_0007,A,0.5108726620674133,-0.08624935895204544,0.5,0.0,-18.55319461384463,-3.7876515018852595,3.134209445639835,18.246539329074814
1773702526.1232347,1773702526123242181,Sr02_gA_IMG1_LID1_STA1_GRU64_OH0,0317_0007,A,0.5157725214958191,-0.07701108604669571,0.5,0.0,-18.60319109173891,-3.787071026877305,3.125727645462296,18.206651912860945
1773702526.2227542,1773702526222761048,Sr02_gA_IMG1_LID1_STA1_GRU64_OH0,0317_0007,A,0.5234923362731934,0.0046860030852258205,0.5,0.0,-18.653180777718838,-3.7860631485991982,3.1172874824147043,18.16655739492175
1773702526.3235319,1773702526323539152,Sr02_gA_IMG1_LID1_STA1_GRU64_OH0,0317_0007,A,0.4293377995491028,0.002414788119494915,0.5,0.0,-18.703129087448346,-3.7846612146878487,3.1106623767009314,18.126302198376415
1773702526.422456,1773702526422462534,Sr02_gA_IMG1_LID1_STA1_GRU64_OH0,0317_0007,A,0.432832270860672,0.015767205506563187,0.5,0.0,-18.753105522018892,-3.783126429105998,3.1110855346167323,18.085991381177866
1773702526.5230765,1773702526523083588,Sr02_gA_IMG1_LID1_STA1_GRU64_OH0,0317_0007,A,0.42216166853904724,0.07264342159032822,0.5,0.0,-18.803082477511886,-3.781608678589555,3.1115940516540648,18.045739172609764
1773702526.6237495,1773702526623755527,Sr02_gA_IMG1_LID1_STA1_GRU64_OH0,0317_0007,A,0.4394482970237732,0.003655607346445322,0.5,0.0,-18.853050151226046,-3.78015289637006,3.1141109149740713,18.005581490348536
1773702526.7220883,1773702526722094813,Sr02_gA_IMG1_LID1_STA1_GRU64_OH0,0317_0007,A,0.4904525578022003,0.050801753997802734,0.5,0.0,-18.90301444521035,-3.77895637379863,3.120323203001506,17.96563669265937
1773702526.8222418,1773702526822248679,Sr02_gA_IMG1_LID1_STA1_GRU64_OH0,0317_0007,A,0.49582645297050476,-0.04927649348974228,0.5,0.0,-18.952992303232673,-3.777906339114705,3.121535114241025,17.92582271576916
1773702526.9213026,1773702526921309132,Sr02_gA_IMG1_LID1_STA1_GRU64_OH0,0317_0007,A,0.45651116967201233,-0.07092966139316559,0.5,0.0,-19.002951830654673,-3.7770264416295802,3.125560021766613,17.88618020289724
1773702527.02119,1773702527021196278,Sr02_gA_IMG1_LID1_STA1_GRU64_OH0,0317_0007,A,0.4802721440792084,0.06609462946653366,0.5,0.0,-19.052920164171773,-3.7761037973520257,3.120281758716715,17.846555954692825
1773702527.1229904,1773702527122998363,Sr02_gA_IMG1_LID1_STA1_GRU64_OH0,0317_0007,A,0.486440509557724,0.05686382204294205,0.5,0.0,-19.10287287286457,-3.774866587453969,3.114259954470188,17.80679908345224
1773702527.222039,1773702527222045890,Sr02_gA_IMG1_LID1_STA1_GRU64_OH0,0317_0007,A,0.5417640805244446,-0.06260376423597336,0.5,0.0,-19.152787723984037,-3.773639446337116,3.120103245592849,17.767129578685864
1773702527.3229957,1773702527323003382,Sr02_gA_IMG1_LID1_STA1_GRU64_OH0,0317_0007,A,0.5117738246917725,-0.037884313613176346,0.5,0.0,-19.20274619043994,-3.772703128558281,3.1247295399382597,17.727660825290283
1773702527.4235559,1773702527423563091,Sr02_gA_IMG1_LID1_STA1_GRU64_OH0,0317_0007,A,0.4968194365501404,-0.06191739812493324,0.5,0.0,-19.252692897018722,-3.7717209014307707,3.11926619078459,17.68822536693723
1773702527.5223708,1773702527522376918,Sr02_gA_IMG1_LID1_STA1_GRU64_OH0,0317_0007,A,0.3958932161331177,-0.008412224240601063,0.5,0.0,-19.302678136105992,-3.77050758441742,3.114997120214258,17.648667426086476
1773702527.6242123,1773702527624219457,Sr02_gA_IMG1_LID1_STA1_GRU64_OH0,0317_0007,A,0.3853054344654083,-0.00750337727367878,0.5,0.0,-19.352645004598966,-3.7690278785220426,3.109734414699798,17.60900829006036
1773702527.7227156,1773702527722721881,Sr02_gA_IMG1_LID1_STA1_GRU64_OH0,0317_0007,A,0.47727495431900024,-0.05405932292342186,0.5,0.0,-19.402618957030622,-3.7674143070441737,3.1089113645747815,17.569311514936
1773702527.8227723,1773702527822779296,Sr02_gA_IMG1_LID1_STA1_GRU64_OH0,0317_0007,A,0.4856770932674408,-0.010298957116901875,0.5,0.0,-19.452580118467164,-3.7657582015577478,3.107321647125369,17.529650315295747
1773702527.923025,1773702527923031690,Sr02_gA_IMG1_LID1_STA1_GRU64_OH0,0317_0007,A,0.48913705348968506,0.02033587358891964,0.5,0.0,-19.502534905216002,-3.7639143861230457,3.102744996845204,17.48992746066046
1773702528.022666,1773702528022672591,Sr02_gA_IMG1_LID1_STA1_GRU64_OH0,0317_0007,A,0.49871963262557983,0.01586063951253891,0.5,0.0,-19.552496290723145,-3.761949825137199,3.102327773501714,17.45017526717353
1773702528.1232169,1773702528123223741,Sr02_gA_IMG1_LID1_STA1_GRU64_OH0,0317_0007,A,0.5108441710472107,0.0002943152794614434,0.5,0.0,-19.60245969376267,-3.7600374401592163,3.104271854341297,17.410507708415114
1773702528.2218013,1773702528221808404,Sr02_gA_IMG1_LID1_STA1_GRU64_OH0,0317_0007,A,0.53759765625,-0.05740736052393913,0.5,0.0,-19.65242627617952,-3.758209902620714,3.1055466009764627,17.370945404386408
1773702528.322996,1773702528323002758,Sr02_gA_IMG1_LID1_STA1_GRU64_OH0,0317_0007,A,0.5106061697006226,0.033756304532289505,0.5,0.0,-19.702382281285534,-3.756404877854988,3.10462295865315,17.331459601886895
1773702528.4229505,1773702528422956300,Sr02_gA_IMG1_LID1_STA1_GRU64_OH0,0317_0007,A,0.5383325815200806,-0.00537201389670372,0.5,0.0,-19.75231093446813,-3.75441934117267,3.099942622505516,17.29193294223338
1773702528.5232546,1773702528523260446,Sr02_gA_IMG1_LID1_STA1_GRU64_OH0,0317_0007,A,0.5333898663520813,-0.11237531155347824,0.5,0.0,-19.80226071670412,-3.752417494550215,3.1025340669781625,17.252433779553925
1773702528.622987,1773702528622993822,Sr02_gA_IMG1_LID1_STA1_GRU64_OH0,0317_0007,A,0.5096834301948547,-0.05927618592977524,0.5,0.0,-19.852189306151896,-3.7504485509341614,3.1009855372267627,17.213026591684464
1773702528.721792,1773702528721798159,Sr02_gA_IMG1_LID1_STA1_GRU64_OH0,0317_0007,A,0.5060484409332275,-0.058978624641895294,0.5,0.0,-19.9020939617231,-3.7481526760775408,3.0908640465023716,17.173480921758838
1773702528.8213415,1773702528821347817,Sr02_gA_IMG1_LID1_STA1_GRU64_OH0,0317_0007,A,0.5096504092216492,-0.09542445093393326,0.5,0.0,-19.952021832501977,-3.745469378799188,3.0849423835759042,17.133720607742422
1773702528.9235075,1773702528923513779,Sr02_gA_IMG1_LID1_STA1_GRU64_OH0,0317_0007,A,0.5083450078964233,-0.09644307941198349,0.5,0.0,-20.001927966923194,-3.7424879752648605,3.0783327852235933,17.093836761123494
1773702529.0222027,1773702529022209528,Sr02_gA_IMG1_LID1_STA1_GRU64_OH0,0317_0007,A,0.5257559418678284,-0.06754975765943527,0.5,0.0,-20.05181210601573,-3.7390889559961398,3.068769986346088,17.053750818819914
1773702529.1243875,1773702529124395093,Sr02_gA_IMG1_LID1_STA1_GRU64_OH0,0317_0007,A,0.5250527858734131,-0.0687902569770813,0.5,0.0,-20.101661502999235,-3.7352135098326307,3.0597035393338308,17.013432673457267
1773702529.2210891,1773702529221095506,Sr02_gA_IMG1_LID1_STA1_GRU64_OH0,0317_0007,A,0.510510265827179,0.03325629606842995,0.5,0.0,-20.15147974445666,-3.7309552288653007,3.052923763832262,16.972939196341947
1773702529.323674,1773702529323681148,Sr02_gA_IMG1_LID1_STA1_GRU64_OH0,0317_0007,A,0.394013375043869,0.07053806632757187,0.5,0.0,-20.20123640964071,-3.726363964727943,3.0471141934244548,16.932324792414555
1773702529.4227035,1773702529422711217,Sr02_gA_IMG1_LID1_STA1_GRU64_OH0,0317_0007,A,0.3491433262825012,0.04441883787512779,0.5,0.0,-20.250992156831963,-3.7217320695814067,3.051081598704894,16.891734557488814
1773702529.5217419,1773702529521748129,Sr02_gA_IMG1_LID1_STA1_GRU64_OH0,0317_0007,A,0.4723510444164276,0.016959652304649353,0.5,0.0,-20.300802794105433,-3.717385750770646,3.0576130260434358,16.85134131592156
1773702529.6236842,1773702529623691048,Sr02_gA_IMG1_LID1_STA1_GRU64_OH0,0317_0007,A,0.48112207651138306,-0.0009674285538494587,0.5,0.0,-20.350635511482714,-3.713299635755869,3.061505740685052,16.811154692520052
1773702529.72127,1773702529721275948,Sr02_gA_IMG1_LID1_STA1_GRU64_OH0,0317_0007,A,0.499740332365036,-0.04916844516992569,0.5,0.0,-20.400478473461167,-3.7093400476346905,3.0628431763940993,16.771096744760193
1773702529.8215482,1773702529821555457,Sr02_gA_IMG1_LID1_STA1_GRU64_OH0,0317_0007,A,0.31436797976493835,-0.2070045918226242,0.5,-0.5,-20.45031164908484,-3.705401120405023,3.0618887242318733,16.73111332460398
1773702529.9233308,1773702529923337620,Sr02_gA_IMG1_LID1_STA1_GRU64_OH0,0317_0007,A,0.38885581493377686,-0.1704201102256775,0.5,-0.5,-20.50010997889144,-3.7012961576166457,3.055994593240916,16.69109976731871
1773702530.0230775,1773702530023084630,Sr02_gA_IMG1_LID1_STA1_GRU64_OH0,0317_0007,A,0.5011916756629944,-0.11731666326522827,0.5,0.0,-20.549742337578067,-3.6965873448842874,3.0375178029046066,16.65086261519285
1773702530.123688,1773702530123695025,Sr02_gA_IMG1_LID1_STA1_GRU64_OH0,0317_0007,A,0.448564350605011,-0.07082732766866684,0.5,0.0,-20.599414249979752,-3.690975355558754,3.0214327514033923,16.610046607204783
1773702530.2221403,1773702530222147058,Sr02_gA_IMG1_LID1_STA1_GRU64_OH0,0317_0007,A,0.5018349289894104,-0.03557101637125015,0.5,0.0,-20.649006787473304,-3.6846964376379896,3.0105762677190033,16.568894958731445
1773702530.3229885,1773702530322995330,Sr02_gA_IMG1_LID1_STA1_GRU64_OH0,0317_0007,A,0.36260026693344116,-0.265547513961792,0.5,-0.5,-20.698555802195422,-3.677996706517608,3.004551204144203,16.527543078718097
1773702530.4227548,1773702530422761401,Sr02_gA_IMG1_LID1_STA1_GRU64_OH0,0317_0007,A,0.36622124910354614,-0.2674117386341095,0.5,-0.5,-20.748010009709056,-3.671075648093156,2.999133102994015,16.486161274770033
1773702530.522357,1773702530522366826,Sr02_gA_IMG1_LID1_STA1_GRU64_OH0,0317_0007,A,0.5034818053245544,-0.1569746732711792,0.5,-0.5,-20.797096719614153,-3.663515299000651,2.9762089980197852,16.44467046283163
1773702530.6228096,1773702530622816836,Sr02_gA_IMG1_LID1_STA1_GRU64_OH0,0317_0007,A,0.48651355504989624,-0.15608730912208557,0.5,-0.5,-20.846250287598732,-3.6546491101515777,2.951759975228079,16.402297759079723
1773702530.7222927,1773702530722299525,Sr02_gA_IMG1_LID1_STA1_GRU64_OH0,0317_0007,A,0.5091220736503601,0.0006617737235501409,0.5,0.0,-20.895276049727862,-3.64482958585411,2.9360891405746723,16.359420317938905
1773702530.823201,1773702530823208599,Sr02_gA_IMG1_LID1_STA1_GRU64_OH0,0317_0007,A,0.21249103546142578,-0.12492098659276962,0.5,0.0,-20.944083415005004,-3.6342715480888974,2.9226259215837835,16.316246508030734
1773702530.9233055,1773702530923311800,Sr02_gA_IMG1_LID1_STA1_GRU64_OH0,0317_0007,A,0.2210693359375,-0.13196440041065216,0.5,0.0,-20.992766006551584,-3.6234115868051284,2.9204392659758054,16.272999388224278
1773702531.020749,1773702531020755990,Sr02_gA_IMG1_LID1_STA1_GRU64_OH0,0317_0007,A,0.38424956798553467,-0.23096932470798492,0.5,-0.5,-21.04144701468421,-3.612150665005759,2.90785434524891,16.22952013808946
1773702531.1223116,1773702531122318183,Sr02_gA_IMG1_LID1_STA1_GRU64_OH0,0317_0007,A,0.4037903845310211,-0.21749188005924225,0.5,-0.5,-21.08994376160732,-3.6002549320673456,2.892938035313569,16.185783500376473
1773702531.2227187,1773702531222725452,Sr02_gA_IMG1_LID1_STA1_GRU64_OH0,0317_0007,A,0.3927834630012512,-0.1825261414051056,0.5,-0.5,-21.138255082461235,-3.5873966558094135,2.870265896460474,16.14156548191062
1773702531.3229868,1773702531322994094,Sr02_gA_IMG1_LID1_STA1_GRU64_OH0,0317_0007,A,0.4396764934062958,-0.04811303690075874,0.5,0.0,-21.186278624471523,-3.5734809393679026,2.849565688070313,16.096873283815338
1773702531.42233,1773702531422336333,Sr02_gA_IMG1_LID1_STA1_GRU64_OH0,0317_0007,A,0.4774608910083771,-0.0358881838619709,0.5,0.0,-21.233970876987946,-3.558682142824129,2.8334982986431947,16.051853700893243
1773702531.5225146,1773702531522529306,Sr02_gA_IMG1_LID1_STA1_GRU64_OH0,0317_0007,A,0.34935492277145386,-0.16023936867713928,0.5,-0.5,-21.281561331488124,-3.5434107790134624,2.828984849218343,16.006615504902072
1773702531.6241047,1773702531624111857,Sr02_gA_IMG1_LID1_STA1_GRU64_OH0,0317_0007,A,0.46390584111213684,-0.17898765206336975,0.5,-0.5,-21.32904618069306,-3.5279574104559717,2.8235354941063693,15.96135847074617
1773702531.7215443,1773702531721551144,Sr02_gA_IMG1_LID1_STA1_GRU64_OH0,0317_0007,A,0.5050868988037109,-0.17855706810951233,0.5,-0.5,-21.376376599073698,-3.511955051715339,2.807081249259007,15.915866707236823
1773702531.8216395,1773702531821646397,Sr02_gA_IMG1_LID1_STA1_GRU64_OH0,0317_0007,A,0.44727787375450134,-0.1864757388830185,0.5,-0.5,-21.423455745773644,-3.4951179811860005,2.7891954308124935,15.870013418418266
1773702531.9226565,1773702531922663508,Sr02_gA_IMG1_LID1_STA1_GRU64_OH0,0317_0007,A,0.4521876573562622,-0.18651814758777618,0.5,-0.5,-21.470225940369016,-3.477440852933388,2.7711021993928715,15.82383420912579
1773702532.022507,1773702532022513362,Sr02_gA_IMG1_LID1_STA1_GRU64_OH0,0317_0007,A,0.49645325541496277,-0.03224126994609833,0.5,0.0,-21.51666193723898,-3.458903716853938,2.752453383907684,15.777330957796961
1773702532.1228702,1773702532122876756,Sr02_gA_IMG1_LID1_STA1_GRU64_OH0,0317_0007,A,0.49681809544563293,0.022963205352425575,0.5,0.0,-21.562690633750265,-3.4395413219897817,2.735992793744842,15.73057785629055
1773702532.2213314,1773702532221338171,Sr02_gA_IMG1_LID1_STA1_GRU64_OH0,0317_0007,A,0.5025156140327454,-0.04276040196418762,0.5,0.0,-21.608548340259695,-3.419760468380299,2.7340102691602395,15.68368053904204
1773702532.3222826,1773702532322289297,Sr02_gA_IMG1_LID1_STA1_GRU64_OH0,0317_0007,A,0.5329378247261047,-0.16706083714962006,0.5,-0.5,-21.65445269464711,-3.3999911811594425,2.734638956721017,15.6367762293026
1773702532.4218135,1773702532421820110,Sr02_gA_IMG1_LID1_STA1_GRU64_OH0,0317_0007,A,0.5296090841293335,-0.12325327098369598,0.5,0.0,-21.700263701826252,-3.38011754040105,2.728512456750043,15.58988666880133
1773702532.522296,1773702532522302303,Sr02_gA_IMG1_LID1_STA1_GRU64_OH0,0317_0007,A,0.47340017557144165,0.0005271306727081537,0.5,0.0,-21.745854399027547,-3.359696840997942,2.713234104720493,15.542797763579097
1773702532.6226816,1773702532622688459,Sr02_gA_IMG1_LID1_STA1_GRU64_OH0,0317_0007,A,0.46591266989707947,0.004292699508368969,0.5,0.0,-21.79115639892024,-3.338686407349698,2.703004960648252,15.495527843019005
1773702532.7211003,1773702532721106313,Sr02_gA_IMG1_LID1_STA1_GRU64_OH0,0317_0007,A,0.49960729479789734,-0.1637432724237442,0.5,-0.5,-21.836415882946394,-3.3174578161254944,2.703137578893775,15.448154457346174
1773702532.8219616,1773702532821967955,Sr02_gA_IMG1_LID1_STA1_GRU64_OH0,0317_0007,A,0.4989400804042816,-0.008251188322901726,0.5,0.0,-21.881628242930688,-3.296256872383232,2.701647481729667,15.400850758048579
1773702532.9213521,1773702532921358830,Sr02_gA_IMG1_LID1_STA1_GRU64_OH0,0317_0007,A,0.5192341804504395,-0.03559812530875206,0.5,0.0,-21.926549760089806,-3.27471966541698,2.6883329051563756,15.353540141592747
1773702533.0232556,1773702533023261809,Sr02_gA_IMG1_LID1_STA1_GRU64_OH0,0317_0007,A,0.5374941229820251,-0.013822132721543312,0.5,0.0,-21.97143522960895,-3.2528112329600956,2.6863842791112766,15.306013712987596
1773702533.1227686,1773702533122775728,Sr02_gA_IMG1_LID1_STA1_GRU64_OH0,0317_0007,A,0.5335578918457031,-0.15575595200061798,0.5,-0.5,-22.016306644238725,-3.2307532682538396,2.683477735259699,15.258408955693664
1773702533.223414,1773702533223421109,Sr02_gA_IMG1_LID1_STA1_GRU64_OH0,0317_0007,A,0.5192166566848755,-0.1980360895395279,0.5,-0.5,-22.06107349787648,-3.208627267772499,2.680202673816093,15.210847371989711
1773702533.323188,1773702533323194435,Sr02_gA_IMG1_LID1_STA1_GRU64_OH0,0317_0007,A,0.5014038681983948,-0.14743845164775848,0.5,0.0,-22.105605570568386,-3.186061738029598,2.663816499585281,15.16316356139022
1773702533.4227288,1773702533422734712,Sr02_gA_IMG1_LID1_STA1_GRU64_OH0,0317_0007,A,0.4991797208786011,-0.1535312831401825,0.5,-0.5,-22.14977074989564,-3.1626480540145323,2.6454589030077127,15.11516623211346
1773702533.5235288,1773702533523534817,Sr02_gA_IMG1_LID1_STA1_GRU64_OH0,0317_0007,A,0.5264508724212646,-0.2855202853679657,0.5,-0.5,-22.193564505236598,-3.138522122639256,2.6305323007255237,15.066951160608326
1773702533.6219487,1773702533621955694,Sr02_gA_IMG1_LID1_STA1_GRU64_OH0,0317_0007,A,0.5255157351493835,-0.28909289836883545,0.5,-0.5,-22.236924337605057,-3.1137571850449794,2.6134908729297037,15.018612312289283
1773702533.722285,1773702533722292738,Sr02_gA_IMG1_LID1_STA1_GRU64_OH0,0317_0007,A,0.4857061505317688,-0.24388109147548676,0.5,-0.5,-22.279692167416762,-3.088002422578696,2.585238860311413,14.970015875179252
1773702533.8220034,1773702533822009780,Sr02_gA_IMG1_LID1_STA1_GRU64_OH0,0317_0007,A,0.4966808557510376,-0.27614930272102356,0.5,-0.5,-22.321769513062907,-3.060996239333161,2.5576859354143258,14.921046881268945
1773702533.922323,1773702533922329742,Sr02_gA_IMG1_LID1_STA1_GRU64_OH0,0317_0007,A,0.49465057253837585,-0.2748543918132782,0.5,-0.5,-22.363138136376783,-3.032922057293435,2.532342189089755,14.871843956779706
1773702534.0230649,1773702534023071441,Sr02_gA_IMG1_LID1_STA1_GRU64_OH0,0317_0007,A,0.5270079374313354,-0.29644525051116943,0.5,-0.5,-22.40374191114248,-3.0037471608495565,2.5047661509294064,14.822422092669997
1773702534.123367,1773702534123374950,Sr02_gA_IMG1_LID1_STA1_GRU64_OH0,0317_0007,A,0.5307067036628723,-0.2800876796245575,0.5,-0.5,-22.44352463070299,-2.973462311922026,2.4766330477446146,14.772812963527029
1773702534.2221658,1773702534222172608,Sr02_gA_IMG1_LID1_STA1_GRU64_OH0,0317_0007,A,0.5313078165054321,-0.08059244602918625,0.5,0.0,-22.48241104475397,-2.9420351311336095,2.4474792856759664,14.723045893348276
1773702534.322692,1773702534322699147,Sr02_gA_IMG1_LID1_STA1_GRU64_OH0,0317_0007,A,0.5191051363945007,-0.20333026349544525,0.5,-0.5,-22.519414226659155,-2.9103717693827984,2.4198542443889686,14.67445856153979
1773702534.421804,1773702534421810402,Sr02_gA_IMG1_LID1_STA1_GRU64_OH0,0317_0007,A,0.5103526711463928,-0.1715623438358307,0.5,-0.5,-22.544094997632495,-2.8881565511403844,2.3960770999295153,14.641283657166229
1773702534.5232325,1773702534523239673,Sr02_gA_IMG1_LID1_STA1_GRU64_OH0,0317_0007,A,0.48404330015182495,-0.39480283856391907,0.5,-0.5,-22.55430301864942,-2.8785827354484086,2.3767387738865864,14.62729231725826
1773702534.6230848,1773702534623091751,Sr02_gA_IMG1_LID1_STA1_GRU64_OH0,0317_0007,A,0.4824352264404297,-0.38952016830444336,0.5,-0.5,-22.551053577116118,-2.881779946170948,2.3619636246650213,14.631850936609148
1773702534.7216134,1773702534721620243,Sr02_gA_IMG1_LID1_STA1_GRU64_OH0,0317_0007,A,0.46225839853286743,-0.3646600842475891,0.5,-0.5,-22.549940871402075,-2.8828690943628956,2.3507191429545666,14.633407969264868
1773702534.8227563,1773702534822763497,Sr02_gA_IMG1_LID1_STA1_GRU64_OH0,0317_0007,A,0.4578595459461212,-0.33823326230049133,0.5,-0.5,-22.561119182499436,-2.871447958750191,2.3420647053422456,14.617429939177592
1773702534.922668,1773702534922674935,Sr02_gA_IMG1_LID1_STA1_GRU64_OH0,0317_0007,A,0.4569772481918335,-0.33824050426483154,0.5,-0.5,-22.584223731676342,-2.8474973059630657,2.335211370759649,14.584163654546316
1773702535.0219822,1773702535021989104,Sr02_gA_IMG1_LID1_STA1_GRU64_OH0,0317_0007,A,0.4462876617908478,-0.2833637297153473,0.5,-0.5,-22.614851581841357,-2.815174710848975,2.320908998962061,14.539663756910526
1773702535.1231763,1773702535123183350,Sr02_gA_IMG1_LID1_STA1_GRU64_OH0,0317_0007,A,0.4452947676181793,-0.2751281261444092,0.5,-0.5,-22.64657143067911,-2.780218882837235,2.2928394850395306,14.49254018293472
1773702535.222566,1773702535222572984,Sr02_gA_IMG1_LID1_STA1_GRU64_OH0,0317_0007,A,0.4867090880870819,-0.13172253966331482,0.5,0.0,-22.66769611158446,-2.755621023653243,2.2660678705576003,14.460234154567535
1773702535.3246047,1773702535324612345,Sr02_gA_IMG1_LID1_STA1_GRU64_OH0,0317_0007,A,0.4866742193698883,-0.16796636581420898,0.5,-0.5,-22.676098221190653,-2.7453676491249923,2.2440291039858695,14.447055922518032
1773702535.4218998,1773702535421906262,Sr02_gA_IMG1_LID1_STA1_GRU64_OH0,0317_0007,A,0.4729461967945099,-0.2376987785100937,0.5,-0.5,-22.67291461002224,-2.7494726945575185,2.2271061549494684,14.452203264652686
1773702535.5231242,1773702535523130673,Sr02_gA_IMG1_LID1_STA1_GRU64_OH0,0317_0007,A,0.4680939316749573,-0.3293524980545044,0.5,-0.5,-22.671587243566783,-2.751188254545779,2.2142327837192393,14.454352204360037
1773702535.6224852,1773702535622493508,Sr02_gA_IMG1_LID1_STA1_GRU64_OH0,0317_0007,A,0.45638808608055115,-0.2863517105579376,0.5,-0.5,-22.680770366304433,-2.738787343044432,2.2043787148119534,14.43911271143037
1773702535.7229116,1773702535722918037,Sr02_gA_IMG1_LID1_STA1_GRU64_OH0,0317_0007,A,0.46128398180007935,-0.2765890061855316,0.5,-0.5,-22.70002953570558,-2.7123280113223256,2.1965717657425237,14.406837079368891
1773702535.8210843,1773702535821090882,Sr02_gA_IMG1_LID1_STA1_GRU64_OH0,0317_0007,A,0.48995158076286316,-0.2904931306838989,0.5,-0.5,-22.725575747261644,-2.6766035415176495,2.1849061252759694,14.363589343321504
1773702535.9220855,1773702535922091521,Sr02_gA_IMG1_LID1_STA1_GRU64_OH0,0317_0007,A,0.48434507846832275,-0.2980214059352875,0.5,-0.5,-22.742464203458802,-2.6523581622733916,2.172640872748652,14.334561518758745
1773702536.0228024,1773702536022809992,Sr02_gA_IMG1_LID1_STA1_GRU64_OH0,0317_0007,A,0.5021140575408936,-0.354606956243515,0.5,-0.5,-22.748279753622533,-2.6438256571565595,2.162841778735054,14.324437901341245
1773702536.122343,1773702536122350481,Sr02_gA_IMG1_LID1_STA1_GRU64_OH0,0317_0007,A,0.466909259557724,-0.4222225248813629,0.5,-0.5,-22.746040488007615,-2.6471845717254103,2.155470071179361,14.328387329406901
1773702536.2224762,1773702536222482338,Sr02_gA_IMG1_LID1_STA1_GRU64_OH0,0317_0007,A,0.47089430689811707,-0.4188533127307892,0.5,-0.5,-22.75096969233714,-2.6396762689291995,2.149955544445938,14.319613659304258
1773702536.322398,1773702536322405542,Sr02_gA_IMG1_LID1_STA1_GRU64_OH0,0317_0007,A,0.45649877190589905,-0.40694737434387207,0.5,-0.5,-22.76530048026584,-2.617643193021085,2.1456201643397566,14.293964667476727
1773702536.4211755,1773702536421181714,Sr02_gA_IMG1_LID1_STA1_GRU64_OH0,0317_0007,A,0.4542272090911865,-0.41697439551353455,0.5,-0.5,-22.787067597262745,-2.5838055962688857,2.137159024745841,14.25475129453232
1773702536.5218468,1773702536521852614,Sr02_gA_IMG1_LID1_STA1_GRU64_OH0,0317_0007,A,0.45712605118751526,-0.3276727795600891,0.5,-0.5,-22.809628887911664,-2.5475297701001782,2.1157672011476145,14.213273248338602
1773702536.622183,1773702536622190370,Sr02_gA_IMG1_LID1_STA1_GRU64_OH0,0317_0007,A,0.47057044506073,-0.22915859520435333,0.5,-0.5,-22.823326192393573,-2.5244719061170593,2.0964385724819623,14.187373482595087
1773702536.721629,1773702536721635473,Sr02_gA_IMG1_LID1_STA1_GRU64_OH0,0317_0007,A,0.4714759588241577,-0.24714983999729156,0.5,-0.5,-22.83205599963638,-2.509223789932188,2.0860981395182656,14.170483157945712
1773702536.8226054,1773702536822611795,Sr02_gA_IMG1_LID1_STA1_GRU64_OH0,0317_0007,A,0.4648178517818451,-0.21250617504119873,0.5,-0.5,-22.840618025514093,-2.493961422230829,2.077825730696663,14.153704866995477
1773702536.9218588,1773702536921865326,Sr02_gA_IMG1_LID1_STA1_GRU64_OH0,0317_0007,A,0.46055868268013,-0.20783914625644684,0.5,-0.5,-22.84905093548454,-2.478627336315787,2.0696605030752244,14.136970975037421
1773702537.0222092,1773702537022215427,Sr02_gA_IMG1_LID1_STA1_GRU64_OH0,0317_0007,A,0.4608767032623291,-0.25369808077812195,0.5,-0.5,-22.85736640805584,-2.463229238534043,2.062288137268222,14.120278629112189
1773702537.1222157,1773702537122223033,Sr02_gA_IMG1_LID1_STA1_GRU64_OH0,0317_0007,A,0.47334593534469604,-0.2358326017856598,0.5,-0.5,-22.86556720844277,-2.4477697692579587,2.0543717684074374,14.103627831868254
1773702537.2220066,1773702537222013369,Sr02_gA_IMG1_LID1_STA1_GRU64_OH0,0317_0007,A,0.4732935130596161,-0.23548230528831482,0.5,-0.5,-22.87363567561435,-2.4322408345708406,2.0457424630816727,14.08702578259875
1773702537.3221905,1773702537322197840,Sr02_gA_IMG1_LID1_STA1_GRU64_OH0,0317_0007,A,0.486291766166687,-0.042635805904865265,0.5,0.0,-22.881573953841958,-2.4166449411646993,2.0374932408294484,14.070472859457576
1773702537.4217987,1773702537421805209,Sr02_gA_IMG1_LID1_STA1_GRU64_OH0,0317_0007,A,0.48237985372543335,-0.024633822962641716,0.5,0.0,-22.88938300661472,-2.401002191088805,2.031659564684698,14.053982523354275
1773702537.52333,1773702537523335888,Sr02_gA_IMG1_LID1_STA1_GRU64_OH0,0317_0007,A,0.46718910336494446,-0.007193258032202721,0.5,0.0,-22.897154723256854,-2.385322577931641,2.0304193359771,14.037495814439103
1773702537.621005,1773702537621011793,Sr02_gA_IMG1_LID1_STA1_GRU64_OH0,0317_0007,A,0.47486427426338196,-0.10555092990398407,0.5,0.0,-22.904911905621717,-2.3696357681616824,2.0298013165348103,14.02101701621163
1773702537.7243366,1773702537724343547,Sr02_gA_IMG1_LID1_STA1_GRU64_OH0,0317_0007,A,0.4764392673969269,-0.10061061382293701,0.5,0.0,-22.91265909260304,-2.353944021527746,2.028172574078681,14.00454445979473
1773702537.823326,1773702537823333570,Sr02_gA_IMG1_LID1_STA1_GRU64_OH0,0317_0007,A,0.4608917832374573,-0.12672871351242065,0.5,0.0,-22.92035821115484,-2.3382286428627483,2.0245474612984613,13.988092598078335
1773702537.9225247,1773702537922531606,Sr02_gA_IMG1_LID1_STA1_GRU64_OH0,0317_0007,A,0.46048253774642944,-0.12485580891370773,0.5,0.0,-22.92800030074918,-2.322485454543312,2.0206604503039114,13.971665059051388
1773702538.0229852,1773702538022991726,Sr02_gA_IMG1_LID1_STA1_GRU64_OH0,0317_0007,A,0.46275851130485535,-0.10221006721258163,0.5,0.0,-22.9355751637593,-2.3067098137187294,2.0162511734404585,13.955266056337196
1773702538.1234584,1773702538123465016,Sr02_gA_IMG1_LID1_STA1_GRU64_OH0,0317_0007,A,0.4928967356681824,-0.08211306482553482,0.5,0.0,-22.943081832632313,-2.290901607481661,2.0121982617640968,13.938896310365738
1773702538.2222643,1773702538222270687,Sr02_gA_IMG1_LID1_STA1_GRU64_OH0,0317_0007,A,0.4941067397594452,-0.07623545080423355,0.5,0.0,-22.950530535723406,-2.275066001125012,2.0089022679837103,13.922552128166352
1773702538.3233202,1773702538323326129,Sr02_gA_IMG1_LID1_STA1_GRU64_OH0,0317_0007,A,0.5190892219543457,-0.1499272882938385,0.5,0.0,-22.957931951536917,-2.2592082354032352,2.0061106007220513,13.906229526160553
1773702538.4220903,1773702538422096755,Sr02_gA_IMG1_LID1_STA1_GRU64_OH0,0317_0007,A,0.5196418166160583,-0.15069574117660522,0.5,-0.5,-22.96528716299904,-2.2433289905076013,2.0024107003867457,13.889928269983162
1773702538.5235531,1773702538523559978,Sr02_gA_IMG1_LID1_STA1_GRU64_OH0,0317_0007,A,0.5082573890686035,-0.04401856288313866,0.5,0.0,-22.97256629877936,-2.2274147400748197,1.9971524966985772,13.873660645159386
1773702538.6228375,1773702538622844179,Sr02_gA_IMG1_LID1_STA1_GRU64_OH0,0317_0007,A,0.5138823390007019,-0.09935132414102554,0.5,0.0,-22.97976622077351,-2.2114645392897794,1.9933714326008254,13.857428384359963
1773702538.7228096,1773702538722816267,Sr02_gA_IMG1_LID1_STA1_GRU64_OH0,0317_0007,A,0.5226733088493347,-0.07225672900676727,0.5,0.0,-22.986928379288205,-2.195497283918742,1.9910561428986135,13.84121471683201
1773702538.8225563,1773702538822562579,Sr02_gA_IMG1_LID1_STA1_GRU64_OH0,0317_0007,A,0.5022857189178467,-0.040160004049539566,0.5,0.0,-22.994041757901865,-2.179508241378654,1.9879581693372022,13.825024404188627
1773702538.9253492,1773702538925357142,Sr02_gA_IMG1_LID1_STA1_GRU64_OH0,0317_0007,A,0.5168663263320923,-0.07437628507614136,0.5,0.0,-23.001113385482824,-2.163500685175705,1.9858785331404232,13.80885470472155
1773702539.0216153,1773702539021622378,Sr02_gA_IMG1_LID1_STA1_GRU64_OH0,0317_0007,A,0.5129516124725342,-0.15464243292808533,0.5,-0.5,-23.0081577324532,-2.1474811040759842,1.9839939174663475,13.79269969696298
1773702539.1223755,1773702539122382593,Sr02_gA_IMG1_LID1_STA1_GRU64_OH0,0317_0007,A,0.5106058716773987,-0.11132227629423141,0.5,0.0,-23.01516020402677,-2.131443182100554,1.9802670494424437,13.776565643332804
1773702539.2230856,1773702539223092597,Sr02_gA_IMG1_LID1_STA1_GRU64_OH0,0317_0007,A,0.5115087628364563,-0.11744948476552963,0.5,0.0,-23.022085843301948,-2.1153719407090374,1.975461043730472,13.760467613578035
1773702539.3226564,1773702539322664645,Sr02_gA_IMG1_LID1_STA1_GRU64_OH0,0317_0007,A,0.5058453679084778,-0.015414407476782799,0.5,0.0,-23.0289441445315,-2.0992718415925764,1.9714789918328952,13.744401928516996
1773702539.4228547,1773702539422865812,Sr02_gA_IMG1_LID1_STA1_GRU64_OH0,0317_0007,A,0.5069224834442139,-0.016566738486289978,0.5,0.0,-23.035741436761608,-2.083145884791262,1.9687967286977632,13.728366179272196
1773702539.5230122,1773702539523018379,Sr02_gA_IMG1_LID1_STA1_GRU64_OH0,0317_0007,A,0.503907322883606,0.0041176266968250275,0.5,0.0,-23.04251960820916,-2.06701187493067,1.968241092940912,13.712342339027717
1773702539.6214535,1773702539621460718,Sr02_gA_IMG1_LID1_STA1_GRU64_OH0,0317_0007,A,0.5023972392082214,-0.01622851751744747,0.5,0.0,-23.049289475270175,-2.050874378632681,1.9679508332415625,13.696325740722584
1773702539.7213995,1773702539721406524,Sr02_gA_IMG1_LID1_STA1_GRU64_OH0,0317_0007,A,0.5048430562019348,-0.011574243195354939,0.5,0.0,-23.056058645763002,-2.034736590061237,1.96781010977327,13.680313081581282
1773702539.8209872,1773702539820993670,Sr02_gA_IMG1_LID1_STA1_GRU64_OH0,0317_0007,A,0.5038327574729919,0.06404091417789459,0.5,0.0,-23.062820928270472,-2.01859591415248,1.9673072711993849,13.664307090248744
1773702539.92462,1773702539924628397,Sr02_gA_IMG1_LID1_STA1_GRU64_OH0,0317_0007,A,0.5051946640014648,0.06672012060880661,0.5,0.0,-23.069579615893414,-2.002453732918262,1.9679607636545886,13.648306345742188
1773702540.024262,1773702540024268853,Sr02_gA_IMG1_LID1_STA1_GRU64_OH0,0317_0007,A,0.5139926671981812,0.012611608020961285,0.5,0.0,-23.076366904284555,-1.9863235601234617,1.9702396996265812,13.63229672958299
1773702540.1228445,1773702540122851548,Sr02_gA_IMG1_LID1_STA1_GRU64_OH0,0317_0007,A,0.5129390954971313,0.0005525026936084032,0.5,0.0,-23.083189128541886,-1.9702081305579306,1.9718173961935208,13.616275477556044
1773702540.2225132,1773702540222528647,Sr02_gA_IMG1_LID1_STA1_GRU64_OH0,0317_0007,A,0.5129449963569641,0.003251614049077034,0.5,0.0,-23.09002341465759,-1.9540978102313111,1.9720899777961443,13.600252593424642
1773702540.3218243,1773702540321831296,Sr02_gA_IMG1_LID1_STA1_GRU64_OH0,0317_0007,A,0.517285168170929,0.002846814226359129,0.5,0.0,-23.096859358020758,-1.9379881929652714,1.9721471021502481,13.584232629348573
1773702540.4234345,1773702540423441554,Sr02_gA_IMG1_LID1_STA1_GRU64_OH0,0317_0007,A,0.5198458433151245,0.0024367463774979115,0.5,0.0,-23.103696842525103,-1.9218792297605645,1.972255241353776,13.568215646710065
1773702540.5222685,1773702540522274980,Sr02_gA_IMG1_LID1_STA1_GRU64_OH0,0317_0007,A,0.5226870775222778,0.01286768913269043,0.5,0.0,-23.110535954652658,-1.9057709574987676,1.9723491388430079,13.55220161828276
1773702540.62073,1773702540620736341,Sr02_gA_IMG1_LID1_STA1_GRU64_OH0,0317_0007,A,0.5211794376373291,-0.006039862520992756,0.5,0.0,-23.117376952600075,-1.889663486066569,1.972580454984045,13.53619044141691
1773702540.7233367,1773702540723343413,Sr02_gA_IMG1_LID1_STA1_GRU64_OH0,0317_0007,A,0.5201125144958496,-0.008847370743751526,0.5,0.0,-23.124223293208274,-1.8735582847763217,1.9727661230467288,13.520180608454027
1773702540.8228703,1773702540822877569,Sr02_gA_IMG1_LID1_STA1_GRU64_OH0,0317_0007,A,0.5231098532676697,-0.013877482153475285,0.5,0.0,-23.13106802109511,-1.8574523980022966,1.9725154239673581,13.504175182177978
1773702540.9210405,1773702540921047955,Sr02_gA_IMG1_LID1_STA1_GRU64_OH0,0317_0007,A,0.5163267850875854,-0.004405486863106489,0.5,0.0,-23.13790781937591,-1.8413444171826698,1.9721353464513638,13.488175638934953
1773702541.02255,1773702541022556787,Sr02_gA_IMG1_LID1_STA1_GRU64_OH0,0317_0007,A,0.5159852504730225,0.023028049618005753,0.5,0.0,-23.144740971227748,-1.8252336157380296,1.971815392551401,13.472182758327214
1773702541.1208422,1773702541120848753,Sr02_gA_IMG1_LID1_STA1_GRU64_OH0,0317_0007,A,0.49854621291160583,0.015155537985265255,0.5,0.0,-23.15157290483216,-1.809122297688581,1.9721412795029205,13.456194167241057
1773702541.2206764,1773702541220683489,Sr02_gA_IMG1_LID1_STA1_GRU64_OH0,0317_0007,A,0.4976290166378021,0.014149162918329239,0.5,0.0,-23.158415333638864,-1.7930154343479467,1.9728094931739097,13.440204702271032
1773702541.3220775,1773702541322084369,Sr02_gA_IMG1_LID1_STA1_GRU64_OH0,0317_0007,A,0.4985535740852356,0.0950944796204567,0.5,0.0,-23.165266789055664,-1.7769124084789167,1.973322324792439,13.42421501449059
1773702541.4237218,1773702541423728586,Sr02_gA_IMG1_LID1_STA1_GRU64_OH0,0317_0007,A,0.4991694688796997,0.09703824669122696,0.5,0.0,-23.172131988804917,-1.7608152405091673,1.9752340635471834,13.408223024751976
1773702541.5227702,1773702541522775963,Sr02_gA_IMG1_LID1_STA1_GRU64_OH0,0317_0007,A,0.5034441351890564,0.035035114735364914,0.5,0.0,-23.179045168210397,-1.74473862544174,1.9785963796795596,13.392213647323018
1773702541.6216207,1773702541621627639,Sr02_gA_IMG1_LID1_STA1_GRU64_OH0,0317_0007,A,0.5103842616081238,-0.009761324152350426,0.5,0.0,-23.186008419531333,-1.728683630046554,1.9809076758807047,13.376186012284952
1773702541.7205613,1773702541720567839,Sr02_gA_IMG1_LID1_STA1_GRU64_OH0,0317_0007,A,0.5060899257659912,-0.01080744806677103,0.5,0.0,-23.19299256239581,-1.712637707523676,1.9813499783850752,13.360152921283191
1773702541.8215303,1773702541821537304,Sr02_gA_IMG1_LID1_STA1_GRU64_OH0,0317_0007,A,0.49846339225769043,0.02174185961484909,0.5,0.0,-23.199974294646807,-1.696590735795318,1.9809900258146815,13.344124572123997
1773702541.9223552,1773702541922362954,Sr02_gA_IMG1_LID1_STA1_GRU64_OH0,0317_0007,A,0.505407452583313,0.017752395942807198,0.5,0.0,-23.20695231531295,-1.6805421497256998,1.981181369002905,13.328101553035022
1773702542.0222292,1773702542022240361,Sr02_gA_IMG1_LID1_STA1_GRU64_OH0,0317_0007,A,0.5062631368637085,-0.029919562861323357,0.5,0.0,-23.21393998145236,-1.6644977613025385,1.9818725182852426,13.312078019163552
1773702542.1219578,1773702542121964100,Sr02_gA_IMG1_LID1_STA1_GRU64_OH0,0317_0007,A,0.520338237285614,-0.07542746514081955,0.5,0.0,-23.217437692531718,-1.6564772570082513,1.9821831846593645,13.304065945497298
1773702542.222051,1773702542222057670,Sr02_gA_IMG1_LID1_STA1_GRU64_OH0,0317_0007,A,0.5191525816917419,-0.07463402301073074,0.5,0.0,-23.225945993068883,-1.6369457393849898,1.9812047598214344,13.284565702058845
1773702542.323385,1773702542323391483,Sr02_gA_IMG1_LID1_STA1_GRU64_OH0,0317_0007,A,0.5114942193031311,-0.010849207639694214,0.5,0.0,-23.240965939383543,-1.602386929218682,1.9804604144909592,13.25010124440965
1773702542.4225826,1773702542422589484,Sr02_gA_IMG1_LID1_STA1_GRU64_OH0,0317_0007,A,0.5114278793334961,-0.009967123158276081,0.5,0.0,-23.26053437281603,-1.5570552645519664,1.9749096732088076,13.205018437525027
1773702542.5225568,1773702542522564636,Sr02_gA_IMG1_LID1_STA1_GRU64_OH0,0317_0007,A,0.5053409337997437,-0.08564192801713943,0.5,0.0,-23.2801547393653,-1.5110778388714392,1.973584780040412,13.159492246578393
1773702542.6218402,1773702542621846491,Sr02_gA_IMG1_LID1_STA1_GRU64_OH0,0317_0007,A,0.5001819133758545,-0.060012489557266235,0.5,0.0,-23.299731069243176,-1.4650695050118978,1.9725880686795407,13.114010272525602
1773702542.7216475,1773702542721653514,Sr02_gA_IMG1_LID1_STA1_GRU64_OH0,0317_0007,A,0.504289984703064,-0.06473835557699203,0.5,0.0,-23.31909602571086,-1.4190073477569187,1.9645296327573079,13.068681520881011
1773702542.8219526,1773702542821958593,Sr02_gA_IMG1_LID1_STA1_GRU64_OH0,0317_0007,A,0.48999667167663574,-0.05382481962442398,0.5,0.0,-23.338139294160847,-1.3727759070970464,1.9585283740061004,13.023511454346439
1773702542.922504,1773702542922512110,Sr02_gA_IMG1_LID1_STA1_GRU64_OH0,0317_0007,A,0.4919528365135193,-0.05439266934990883,0.5,0.0,-23.356893819395896,-1.3264265949854068,1.9520545526530324,12.97851212373881
1773702543.0211284,1773702543021134903,Sr02_gA_IMG1_LID1_STA1_GRU64_OH0,0317_0007,A,0.5000253319740295,-0.01155878696590662,0.5,0.0,-23.375373260692083,-1.2799668931379622,1.9466720711430487,12.933680172727893
1773702543.1216207,1773702543121627835,Sr02_gA_IMG1_LID1_STA1_GRU64_OH0,0317_0007,A,0.5167585015296936,-0.051894884556531906,0.5,0.0,-23.393601045014282,-1.2334078833019417,1.9412328135389079,12.889007314268435
1773702543.2219424,1773702543221948671,Sr02_gA_IMG1_LID1_STA1_GRU64_OH0,0317_0007,A,0.5169551372528076,-0.051476672291755676,0.5,0.0,-23.411669737984358,-1.1867981441591129,1.9400392924992798,12.844458556046424
1773702543.3217378,1773702543321745121,Sr02_gA_IMG1_LID1_STA1_GRU64_OH0,0317_0007,A,0.5080195665359497,-0.055275239050388336,0.5,0.0,-23.429592212448345,-1.1401309545783609,1.9348838312634506,12.800020990408322
1773702543.4229116,1773702543422924086,Sr02_gA_IMG1_LID1_STA1_GRU64_OH0,0317_0007,A,0.5079983472824097,-0.05472572147846222,0.5,0.0,-23.447276715426984,-1.0933628830349678,1.929736172133776,12.755735613815133
1773702543.524537,1773702543524545516,Sr02_gA_IMG1_LID1_STA1_GRU64_OH0,0317_0007,A,0.48848795890808105,-0.05884264409542084,0.5,0.0,-23.46471133621056,-1.0465010935405032,1.9242086601760964,12.711617806194344
1773702543.6230314,1773702543623038536,Sr02_gA_IMG1_LID1_STA1_GRU64_OH0,0317_0007,A,0.5161651968955994,-0.08021311461925507,0.5,0.0,-23.48188795334757,-0.9995441210420496,1.9187360965585918,12.667674454311792
1773702543.722913,1773702543722919402,Sr02_gA_IMG1_LID1_STA1_GRU64_OH0,0317_0007,A,0.5160530805587769,-0.07917158305644989,0.5,0.0,-23.498797650937526,-0.9524903794733081,1.9128518449234886,12.623913046501858
1773702543.821206,1773702543821212905,Sr02_gA_IMG1_LID1_STA1_GRU64_OH0,0317_0007,A,0.5387424826622009,-0.08588996529579163,0.5,0.0,-23.51537976847656,-0.9053202654829539,1.9048305629337143,12.580368278728724
1773702543.9242425,1773702543924249640,Sr02_gA_IMG1_LID1_STA1_GRU64_OH0,0317_0007,A,0.5383880138397217,-0.08527276664972305,0.5,0.0,-23.531585455497435,-0.8580195008991369,1.8969134167802866,12.53706990420119
1773702544.0220313,1773702544022038195,Sr02_gA_IMG1_LID1_STA1_GRU64_OH0,0317_0007,A,0.5095179677009583,-0.08726687729358673,0.5,0.0,-23.54740021172002,-0.8105866241480756,1.8883244394395924,12.494030505302561
1773702544.1231015,1773702544123108838,Sr02_gA_IMG1_LID1_STA1_GRU64_OH0,0317_0007,A,0.5070229768753052,-0.05351634696125984,0.5,0.0,-23.562808458058612,-0.7630201393483178,1.8797971762494154,12.451263605815065
1773702544.2227733,1773702544222780395,Sr02_gA_IMG1_LID1_STA1_GRU64_OH0,0317_0007,A,0.506712794303894,-0.05273158475756645,0.5,0.0,-23.577805779482205,-0.7153225066543202,1.8710705043191356,12.408776997433309
1773702544.3238606,1773702544323868159,Sr02_gA_IMG1_LID1_STA1_GRU64_OH0,0317_0007,A,0.4880092144012451,-0.031928807497024536,0.5,0.0,-23.592467009261128,-0.6675203931347407,1.8657188525501645,12.36653405932111
1773702544.4239578,1773702544423965961,Sr02_gA_IMG1_LID1_STA1_GRU64_OH0,0317_0007,A,0.48823481798171997,-0.031464334577322006,0.5,0.0,-23.606874090348942,-0.6196410666615187,1.8604457020985001,12.324492606822153
1773702544.523319,1773702544523325544,Sr02_gA_IMG1_LID1_STA1_GRU64_OH0,0317_0007,A,0.502177357673645,-0.21014834940433502,0.5,-0.5,-23.62107837889779,-0.5717011485780148,1.8572528106527417,12.282626293015857
1773702544.6219225,1773702544621929215,Sr02_gA_IMG1_LID1_STA1_GRU64_OH0,0317_0007,A,0.5162203907966614,-0.07712887227535248,0.5,0.0,-23.635130643583185,-0.5237164481273939,1.8541063819857908,12.240908318477755
1773702544.721473,1773702544721479859,Sr02_gA_IMG1_LID1_STA1_GRU64_OH0,0317_0007,A,0.51608806848526,-0.07341796904802322,0.5,0.0,-23.64872232383168,-0.47583481263048344,1.8379222837334135,12.199671566538894
1773702544.821709,1773702544821715645,Sr02_gA_IMG1_LID1_STA1_GRU64_OH0,0317_0007,A,0.5116286873817444,0.017080558463931084,0.5,0.0,-23.66163789592414,-0.4276110969045633,1.8284108345483827,12.158797993852852
1773702544.9244144,1773702544924421489,Sr02_gA_IMG1_LID1_STA1_GRU64_OH0,0317_0007,A,0.4941970705986023,0.06490391492843628,0.5,0.0,-23.674199018955083,-0.37921474745930567,1.8210690468069493,12.118154292338682
1773702545.0218644,1773702545021871587,Sr02_gA_IMG1_LID1_STA1_GRU64_OH0,0317_0007,A,0.48598137497901917,0.03999657928943634,0.5,0.0,-23.686582370879037,-0.33080742136713703,1.822033191030783,12.077710744823419
1773702545.1226525,1773702545122659597,Sr02_gA_IMG1_LID1_STA1_GRU64_OH0,0317_0007,A,0.5066341161727905,-0.07534159719944,0.5,0.0,-23.699161863996164,-0.28242729027354346,1.828416332982528,12.03720462128803
1773702545.2220325,1773702545222039685,Sr02_gA_IMG1_LID1_STA1_GRU64_OH0,0317_0007,A,0.5196333527565002,-0.0907076746225357,0.5,0.0,-23.7119975125962,-0.23410294367649812,1.8324160034286217,11.996607286240527
1773702545.3213274,1773702545321334345,Sr02_gA_IMG1_LID1_STA1_GRU64_OH0,0317_0007,A,0.5217177271842957,-0.03692112863063812,0.5,0.0,-23.72479391648454,-0.1858419846987589,1.8263972214205106,11.956151675974088
1773702545.4227116,1773702545422718382,Sr02_gA_IMG1_LID1_STA1_GRU64_OH0,0317_0007,A,0.5271120667457581,-0.01574486494064331,0.5,0.0,-23.73721568424998,-0.1374097410590428,1.8173264805563127,11.91595088855711
1773702545.5217242,1773702545521729981,Sr02_gA_IMG1_LID1_STA1_GRU64_OH0,0317_0007,A,0.5186558365821838,0.05563332140445709,0.5,0.0,-23.74931919624908,-0.08890838505083773,1.8134989473307093,11.876028742625996
1773702545.621667,1773702545621673867,Sr02_gA_IMG1_LID1_STA1_GRU64_OH0,0317_0007,A,0.4829884171485901,0.05751233547925949,0.5,0.0,-23.76129732699655,-0.04036434782103789,1.811924447207595,11.836254098116882
1773702545.7216465,1773702545721653819,Sr02_gA_IMG1_LID1_STA1_GRU64_OH0,0317_0007,A,0.49022865295410156,0.054927676916122437,0.5,0.0,-23.7733467543325,0.008130640450928886,1.8170854837863897,11.79653218195426
1773702545.82274,1773702545822747441,Sr02_gA_IMG1_LID1_STA1_GRU64_OH0,0317_0007,A,0.5209486484527588,0.05248207226395607,0.5,0.0,-23.785676466862636,0.05658650675987002,1.8228367064894297,11.756693348503719
1773702545.9226825,1773702545922689814,Sr02_gA_IMG1_LID1_STA1_GRU64_OH0,0317_0007,A,0.5072219371795654,0.08812631666660309,0.5,0.0,-23.798278403178827,0.10497229596867563,1.8283294671749684,11.716762325422536
1773702546.0214522,1773702546021458537,Sr02_gA_IMG1_LID1_STA1_GRU64_OH0,0317_0007,A,0.506342351436615,-0.01501553226262331,0.5,0.0,-23.811140012861536,0.15328971456696242,1.8335776676888769,11.676746987838566
1773702546.1226928,1773702546122699638,Sr02_gA_IMG1_LID1_STA1_GRU64_OH0,0317_0007,A,0.5004215240478516,0.11008156836032867,0.5,0.0,-23.82433975138909,0.2015127809268026,1.8423800419125398,11.636600687606936
1773702546.2217126,1773702546221719579,Sr02_gA_IMG1_LID1_STA1_GRU64_OH0,0317_0007,A,0.5150973200798035,0.019425006583333015,0.5,0.0,-23.837747331736157,0.2496225588406968,1.8419420059564253,11.596436496103008
1773702546.3226657,1773702546322672350,Sr02_gA_IMG1_LID1_STA1_GRU64_OH0,0317_0007,A,0.5414843559265137,-0.1721562296152115,0.5,-0.5,-23.85129503475355,0.2976449242734645,1.8506178976912113,11.556291248456336
1773702546.4231033,1773702546423110362,Sr02_gA_IMG1_LID1_STA1_GRU64_OH0,0317_0007,A,0.4818806052207947,-0.10971545428037643,0.5,0.0,-23.86515464713911,0.3456632848721497,1.8527724037974755,11.515977543952696
1773702546.5239437,1773702546523951607,Sr02_gA_IMG1_LID1_STA1_GRU64_OH0,0317_0007,A,0.4308854639530182,-0.11991849541664124,0.5,0.0,-23.878788539902963,0.393517078467962,1.8409508446399507,11.476019147124456
1773702546.6222398,1773702546622247004,Sr02_gA_IMG1_LID1_STA1_GRU64_OH0,0317_0007,A,0.4873450696468353,0.09703309834003448,0.5,0.0,-23.891855700712114,0.4417671154061849,1.8296826881346295,11.436348381249935
1773702546.724171,1773702546724177595,Sr02_gA_IMG1_LID1_STA1_GRU64_OH0,0317_0007,A,0.48481306433677673,0.07202386856079102,0.5,0.0,-23.904364029838767,0.49016529209579,1.8181019131112885,11.397114824355082
1773702546.8224561,1773702546822463164,Sr02_gA_IMG1_LID1_STA1_GRU64_OH0,0317_0007,A,0.46596014499664307,0.12102117389440536,0.5,0.0,-23.91659453793694,0.5383935579801303,1.8228006150341722,11.35828989464185
1773702546.9246838,1773702546924690581,Sr02_gA_IMG1_LID1_STA1_GRU64_OH0,0317_0007,A,0.4821039140224457,0.0959089994430542,0.5,0.0,-23.92923406865434,0.5867579385266727,1.8303582121580866,11.319141501303184
1773702547.0213716,1773702547021378410,Sr02_gA_IMG1_LID1_STA1_GRU64_OH0,0317_0007,A,0.47372162342071533,0.1551441252231598,0.5,0.0,-23.942358419872033,0.6350043983834601,1.842209184408665,11.279760307660005
1773702547.1224914,1773702547122497884,Sr02_gA_IMG1_LID1_STA1_GRU64_OH0,0317_0007,A,0.47223299741744995,0.1994810849428177,0.5,0.0,-23.95599157330478,0.6830979939928113,1.8521484195018894,11.240145563749211
1773702547.221795,1773702547221801886,Sr02_gA_IMG1_LID1_STA1_GRU64_OH0,0317_0007,A,0.49123430252075195,0.22177965939044952,0.5,0.5,-23.970240763600586,0.7310049306559454,1.867969432303529,11.200228357970763
1773702547.3214605,1773702547321468104,Sr02_gA_IMG1_LID1_STA1_GRU64_OH0,0317_0007,A,0.4420106112957001,-0.0359947606921196,0.5,0.0,-23.98535806730553,0.778663962774538,1.8881404656064595,11.159838185321595
1773702547.4240131,1773702547424020386,Sr02_gA_IMG1_LID1_STA1_GRU64_OH0,0317_0007,A,0.44118520617485046,0.0017222230089828372,0.5,0.0,-24.001480697439927,0.825979394855331,1.9098773153133046,11.118915652819918
1773702547.5221045,1773702547522110693,Sr02_gA_IMG1_LID1_STA1_GRU64_OH0,0317_0007,A,0.46315518021583557,0.0838795006275177,0.5,0.0,-24.01815924809324,0.8727638745291748,1.913375771013408,11.077928710685207
1773702547.6224222,1773702547622428952,Sr02_gA_IMG1_LID1_STA1_GRU64_OH0,0317_0007,A,0.4586794078350067,-0.014459970407187939,0.5,0.0,-24.03495634138326,0.919846220819175,1.9139234257754887,11.03674278274143
1773702547.7209976,1773702547721004031,Sr02_gA_IMG1_LID1_STA1_GRU64_OH0,0317_0007,A,0.4573977291584015,0.00572510389611125,0.5,0.0,-24.051955280966865,0.9668335558350414,1.9217278301682215,10.995521110358961
1773702547.8228688,1773702547822876552,Sr02_gA_IMG1_LID1_STA1_GRU64_OH0,0317_0007,A,0.46552157402038574,0.06712237745523453,0.5,0.0,-24.06911344044904,1.0137580061146525,1.92084161249809,10.95427907569837
1773702547.924529,1773702547924536542,Sr02_gA_IMG1_LID1_STA1_GRU64_OH0,0317_0007,A,0.44286414980888367,0.056271255016326904,0.5,0.0,-24.086270964164218,1.0607102038828924,1.9217884068983866,10.91309440015603
1773702548.0216627,1773702548021668846,Sr02_gA_IMG1_LID1_STA1_GRU64_OH0,0317_0007,A,0.4784433841705322,0.050816502422094345,0.5,0.0,-24.103618328896548,1.1076015717326084,1.9283828633389395,10.87186343269162
1773702548.1214774,1773702548121484136,Sr02_gA_IMG1_LID1_STA1_GRU64_OH0,0317_0007,A,0.48446857929229736,0.15085573494434357,0.5,0.0,-24.12125060975528,1.154389345692929,1.9339554375238033,10.830532459969966
1773702548.2226844,1773702548222691990,Sr02_gA_IMG1_LID1_STA1_GRU64_OH0,0317_0007,A,0.45471855998039246,0.12197404354810715,0.5,0.0,-24.13912757352531,1.2010722563990244,1.9393983986748806,10.78913411271036
1773702548.3231244,1773702548323131659,Sr02_gA_IMG1_LID1_STA1_GRU64_OH0,0317_0007,A,0.47293463349342346,-0.07296904921531677,0.5,0.0,-24.157452629457165,1.2475376919836336,1.953671387720122,10.747564463336229
1773702548.4249854,1773702548424997655,Sr02_gA_IMG1_LID1_STA1_GRU64_OH0,0317_0007,A,0.5185216665267944,0.001677243155427277,0.5,0.0,-24.176409052463136,1.293792015057492,1.9654570754337668,10.705666491450227
1773702548.5224235,1773702548522430378,Sr02_gA_IMG1_LID1_STA1_GRU64_OH0,0317_0007,A,0.49292847514152527,0.14432436227798462,0.5,0.0,-24.195519734737122,1.3397690879932278,1.9620748389008569,10.663867817080892
1773702548.6214218,1773702548621428613,Sr02_gA_IMG1_LID1_STA1_GRU64_OH0,0317_0007,A,0.5239412784576416,0.06749965250492096,0.5,0.0,-24.214578099202985,1.3859609260865526,1.9625472095529102,10.622060261394362
1773702548.721608,1773702548721615097,Sr02_gA_IMG1_LID1_STA1_GRU64_OH0,0317_0007,A,0.5080677270889282,0.09625976532697678,0.5,0.0,-24.233885248763347,1.4319475063682139,1.974885957545092,10.580232826667213
1773702548.8221176,1773702548822124044,Sr02_gA_IMG1_LID1_STA1_GRU64_OH0,0317_0007,A,0.47422876954078674,0.055527228862047195,0.5,0.0,-24.25369577776176,1.4778360057934716,1.981987002666105,10.538112958118466
1773702548.92144,1773702548921447188,Sr02_gA_IMG1_LID1_STA1_GRU64_OH0,0317_0007,A,0.4852104187011719,-0.10074739903211594,0.5,0.0,-24.273898399885972,1.5235677240927281,1.991221527233627,10.495823817641355
1773702549.0218754,1773702549021881479,Sr02_gA_IMG1_LID1_STA1_GRU64_OH0,0317_0007,A,0.5223253965377808,-0.2199040651321411,0.5,-0.5,-24.29442683954065,1.5691465844179626,1.996382101859742,10.453416519055047
1773702549.122226,1773702549122232612,Sr02_gA_IMG1_LID1_STA1_GRU64_OH0,0317_0007,A,0.5128178596496582,0.018725508823990822,0.5,0.0,-24.31486031245507,1.6146255859344525,1.9879779273685165,10.411210845058845
1773702549.2227511,1773702549222758057,Sr02_gA_IMG1_LID1_STA1_GRU64_OH0,0317_0007,A,0.5280758738517761,0.05338407680392265,0.5,0.0,-24.33462022839524,1.660442119115622,1.967529894419632,10.369449424017525
1773702549.3223188,1773702549322325587,Sr02_gA_IMG1_LID1_STA1_GRU64_OH0,0317_0007,A,0.5037769675254822,-0.20762361586093903,0.5,-0.5,-24.35367956480675,1.706368579348276,1.9642719219159634,10.328285698670829
1773702549.4209898,1773702549420996557,Sr02_gA_IMG1_LID1_STA1_GRU64_OH0,0317_0007,A,0.5032790899276733,-0.14647606015205383,0.5,0.0,-24.372967428407808,1.7524861262347677,1.969218792646068,10.286901807922225
1773702549.5219777,1773702549521983852,Sr02_gA_IMG1_LID1_STA1_GRU64_OH0,0317_0007,A,0.5163165330886841,-0.192245751619339,0.5,-0.5,-24.391991575016647,1.7982260988792158,1.9574612499294661,10.24602131572021
1773702549.6231017,1773702549623108380,Sr02_gA_IMG1_LID1_STA1_GRU64_OH0,0317_0007,A,0.535722017288208,0.00144558388274163,0.5,0.0,-24.410501805389664,1.8446605491540056,1.9424797962483313,10.20527345961636
1773702549.7237623,1773702549723768663,Sr02_gA_IMG1_LID1_STA1_GRU64_OH0,0317_0007,A,0.5342042446136475,-0.054229725152254105,0.5,0.0,-24.428209126734032,1.8914068357103642,1.9236876069825855,10.165116220886425
1773702549.8233607,1773702549823368082,Sr02_gA_IMG1_LID1_STA1_GRU64_OH0,0317_0007,A,0.488381564617157,0.30981767177581787,0.5,0.5,-24.445304622330433,1.9381967601498271,1.9202964576192472,10.12553938225844
1773702549.9224348,1773702549922441062,Sr02_gA_IMG1_LID1_STA1_GRU64_OH0,0317_0007,A,0.47599050402641296,0.3559936583042145,0.5,0.5,-24.462295732474082,1.9852093421049068,1.9152652409030735,10.086022641374937
1773702550.0226448,1773702550022650857,Sr02_gA_IMG1_LID1_STA1_GRU64_OH0,0317_0007,A,0.4803486764431,0.34779542684555054,0.5,0.5,-24.479163297586272,2.031598337410046,1.9279469520382166,10.047035245415085
1773702550.1214707,1773702550121477320,Sr02_gA_IMG1_LID1_STA1_GRU64_OH0,0317_0007,A,0.4920508861541748,0.11875244975090027,0.5,0.0,-24.49716771952892,2.07764131044424,1.9606411505166534,10.007357617562633
1773702550.2220907,1773702550222097666,Sr02_gA_IMG1_LID1_STA1_GRU64_OH0,0317_0007,A,0.5158790946006775,0.12386706471443176,0.5,0.0,-24.51696262182014,2.1235364053037706,1.9948462044505775,9.966322867283528
1773702550.322539,1773702550322546376,Sr02_gA_IMG1_LID1_STA1_GRU64_OH0,0317_0007,A,0.5003340840339661,0.3284769058227539,0.5,0.5,-24.53785962833015,2.168684437861869,2.0110520171906074,9.924823128172815
1773702550.4213123,1773702550421318830,Sr02_gA_IMG1_LID1_STA1_GRU64_OH0,0317_0007,A,0.4769335091114044,0.30244097113609314,0.5,0.5,-24.559443571987238,2.2137728849341882,2.023779004888627,9.88284465912597
1773702550.5244615,1773702550524468374,Sr02_gA_IMG1_LID1_STA1_GRU64_OH0,0317_0007,A,0.5080062747001648,0.0042919558472931385,0.5,0.0,-24.581731153326974,2.2581714764394194,2.0509156362980576,9.840698219191673
1773702550.6239967,1773702550624003131,Sr02_gA_IMG1_LID1_STA1_GRU64_OH0,0317_0007,A,0.48958489298820496,0.152273491024971,0.5,0.0,-24.605484231954108,2.302150396681924,2.0806470150659915,9.797585307229278
1773702550.7228174,1773702550722823753,Sr02_gA_IMG1_LID1_STA1_GRU64_OH0,0317_0007,A,0.5144959688186646,0.11855264753103256,0.5,0.0,-24.629962103758988,2.3452191278810446,2.0907366051220717,9.75438568899845
1773702550.8231318,1773702550823138477,Sr02_gA_IMG1_LID1_STA1_GRU64_OH0,0317_0007,A,0.508794903755188,-0.016982344910502434,0.5,0.0,-24.655000525775396,2.3883303057589433,2.1040484824676624,9.710743693007075
1773702550.9234195,1773702550923426381,Sr02_gA_IMG1_LID1_STA1_GRU64_OH0,0317_0007,A,0.4912959933280945,-0.0423310250043869,0.5,0.0,-24.68066510934842,2.4312271728806945,2.1154930395429674,9.66673305807775
1773702551.022457,1773702551022463313,Sr02_gA_IMG1_LID1_STA1_GRU64_OH0,0317_0007,A,0.4750358760356903,-0.010533464141190052,0.5,0.0,-24.706536037967293,2.4739142196203763,2.1146887738373237,9.622709966275329
1773702551.1217284,1773702551121735143,Sr02_gA_IMG1_LID1_STA1_GRU64_OH0,0317_0007,A,0.5034642219543457,-0.10185935348272324,0.5,0.0,-24.732319618332113,2.5167534899478095,2.110773641194309,9.578742808916116
1773702551.2228117,1773702551222818730,Sr02_gA_IMG1_LID1_STA1_GRU64_OH0,0317_0007,A,0.4925283193588257,-0.006582397967576981,0.5,0.0,-24.757996208149876,2.559643739180493,2.1093473282870177,9.534901750309526
1773702551.3232048,1773702551323211865,Sr02_gA_IMG1_LID1_STA1_GRU64_OH0,0317_0007,A,0.4992642402648926,-0.08947912603616714,0.5,0.0,-24.783411970614377,2.6026474260478847,2.0998981330793423,9.491289992750199
1773702551.4227588,1773702551422764792,Sr02_gA_IMG1_LID1_STA1_GRU64_OH0,0317_0007,A,0.4715157449245453,-0.041887957602739334,0.5,0.0,-24.808603227440297,2.645792002227657,2.098577146165369,9.447864973342234
1773702551.5234187,1773702551523425199,Sr02_gA_IMG1_LID1_STA1_GRU64_OH0,0317_0007,A,0.4868045449256897,-0.04561509191989899,0.5,0.0,-24.83358306355882,2.689067297747971,2.090224033212374,9.40462312868701
1773702551.6239867,1773702551623993657,Sr02_gA_IMG1_LID1_STA1_GRU64_OH0,0317_0007,A,0.4200073778629303,-0.23573173582553864,0.5,-0.5,-24.85831117066126,2.732524365025138,2.085997960844358,9.361576833568638
1773702551.722723,1773702551722729941,Sr02_gA_IMG1_LID1_STA1_GRU64_OH0,0317_0007,A,0.42411118745803833,-0.15297408401966095,0.5,-0.5,-24.88284099606722,2.7760805563230533,2.0810735915188134,9.318723591834706
1773702551.8224347,1773702551822441010,Sr02_gA_IMG1_LID1_STA1_GRU64_OH0,0317_0007,A,0.4491230845451355,-0.046115536242723465,0.5,0.0,-24.90676567803337,2.8196886250303175,2.062077785924004,9.276443605776857
1773702551.9222946,1773702551922300843,Sr02_gA_IMG1_LID1_STA1_GRU64_OH0,0317_0007,A,0.47251376509666443,-0.08112640678882599,0.5,0.0,-24.929998828587333,2.863927321027475,2.0471308731001128,9.234533688877615
1773702552.0226915,1773702552022698798,Sr02_gA_IMG1_LID1_STA1_GRU64_OH0,0317_0007,A,0.5156291127204895,-0.09706271439790726,0.5,0.0,-24.95278334331176,2.908383863127271,2.0417419328032604,9.192990779475402
1773702552.121894,1773702552121902660,Sr02_gA_IMG1_LID1_STA1_GRU64_OH0,0317_0007,A,0.52029949426651,-0.10371541976928711,0.5,0.0,-24.97528845853685,2.9530325540460036,2.0334699591139347,9.151683895193976
1773702552.22332,1773702552223327913,Sr02_gA_IMG1_LID1_STA1_GRU64_OH0,0317_0007,A,0.5160537362098694,-0.11746669560670853,0.5,0.0,-24.997387926578657,2.9978833454385816,2.023697183673086,9.110722976335044
1773702552.3218548,1773702552321861049,Sr02_gA_IMG1_LID1_STA1_GRU64_OH0,0317_0007,A,0.5123463869094849,-0.09718317538499832,0.5,0.0,-25.019031934169757,3.042955660391445,2.0130506447168726,9.070147250588489
1773702552.4228477,1773702552422854317,Sr02_gA_IMG1_LID1_STA1_GRU64_OH0,0317_0007,A,0.49775367975234985,-0.029132600873708725,0.5,0.0,-25.040166772753693,3.0882689094331135,2.001709650607531,9.030000029607438
1773702552.5232842,1773702552523290448,Sr02_gA_IMG1_LID1_STA1_GRU64_OH0,0317_0007,A,0.5098533630371094,-0.020304933190345764,0.5,0.0,-25.060828101115828,3.1337816277372097,1.993056173952031,8.990275199658264
1773702552.622929,1773702552622936875,Sr02_gA_IMG1_LID1_STA1_GRU64_OH0,0317_0007,A,0.4350571632385254,-0.05494365468621254,0.5,0.0,-25.08125358488866,3.179419305310538,1.9903194560506023,8.95080304584375
1773702552.7219667,1773702552721973578,Sr02_gA_IMG1_LID1_STA1_GRU64_OH0,0317_0007,A,0.3894812762737274,-0.07791166007518768,0.5,0.0,-25.101570292007775,3.2251055161672086,1.9875962166831393,8.91151030083928
1773702552.8221514,1773702552822157866,Sr02_gA_IMG1_LID1_STA1_GRU64_OH0,0317_0007,A,0.3964231610298157,-0.0871003121137619,0.5,0.0,-25.121684304086155,3.2708812666649463,1.9816425191119154,8.872463688210658
1773702552.9233127,1773702552923319673,Sr02_gA_IMG1_LID1_STA1_GRU64_OH0,0317_0007,A,0.5154886245727539,-0.0240078866481781,0.5,0.0,-25.141473949053548,3.3167981118450376,1.9736676009557494,8.833750917785252
1773702553.0229092,1773702553022916430,Sr02_gA_IMG1_LID1_STA1_GRU64_OH0,0317_0007,A,0.5162907242774963,-0.028530264273285866,0.5,0.0,-25.16087636705819,3.3628677461608105,1.9659898848111448,8.795427041700599
1773702553.1238165,1773702553123824277,Sr02_gA_IMG1_LID1_STA1_GRU64_OH0,0317_0007,A,0.5051644444465637,0.018175363540649414,0.5,0.0,-25.18006987761679,3.409037082108835,1.9634986485846515,8.757361994676955
1773702553.2236238,1773702553223630725,Sr02_gA_IMG1_LID1_STA1_GRU64_OH0,0317_0007,A,0.48002728819847107,0.04298299923539162,0.5,0.0,-25.199137788611875,3.455246405749076,1.9614968326648416,8.719511752730256
1773702553.3231115,1773702553323119158,Sr02_gA_IMG1_LID1_STA1_GRU64_OH0,0317_0007,A,0.4662626385688782,-0.023257100954651833,0.5,0.0,-25.218223894186032,3.501460249286438,1.9638104963932426,8.681766023913697
1773702553.422843,1773702553422850478,Sr02_gA_IMG1_LID1_STA1_GRU64_OH0,0317_0007,A,0.504223644733429,0.041425786912441254,0.5,0.0,-25.237460411399873,3.5475912951504918,1.9670842850823,8.64404641304953
1773702553.523779,1773702553523786427,Sr02_gA_IMG1_LID1_STA1_GRU64_OH0,0317_0007,A,0.5194255113601685,0.0553046353161335,0.5,0.0,-25.25670406795431,3.5937211186529074,1.965766304144846,8.606445871360314
1773702553.6218987,1773702553621905448,Sr02_gA_IMG1_LID1_STA1_GRU64_OH0,0317_0007,A,0.530689001083374,0.02684485912322998,0.5,0.0,-25.276039904523284,3.6398310010017996,1.9701864336817254,8.568897590441438
1773702553.7214763,1773702553721483295,Sr02_gA_IMG1_LID1_STA1_GRU64_OH0,0317_0007,A,0.5277456045150757,-0.02579621970653534,0.5,0.0,-25.295607393487682,3.6858430355273835,1.9751477128410726,8.53131042740938
1773702553.8229082,1773702553822914797,Sr02_gA_IMG1_LID1_STA1_GRU64_OH0,0317_0007,A,0.49086692929267883,-0.004447923507541418,0.5,0.0,-25.315331835699645,3.7317756478921367,1.9769220868737858,8.493743476720839
1773702553.9231746,1773702553923181382,Sr02_gA_IMG1_LID1_STA1_GRU64_OH0,0317_0007,A,0.5102017521858215,0.03125394135713577,0.5,0.0,-25.335027191058757,3.7777331443660565,1.974769424594861,8.456320895060484
1773702554.0231185,1773702554023125426,Sr02_gA_IMG1_LID1_STA1_GRU64_OH0,0317_0007,A,0.5128787755966187,0.0027862186543643475,0.5,0.0,-25.354673983524176,3.8237114347294447,1.9750386426333428,8.419064197146946
1773702554.1219132,1773702554121919487,Sr02_gA_IMG1_LID1_STA1_GRU64_OH0,0317_0007,A,0.5100464820861816,-0.08943980187177658,0.5,0.0,-25.374409285988047,3.8696517854417762,1.9775946961117117,8.381875590488995
1773702554.2219138,1773702554221920220,Sr02_gA_IMG1_LID1_STA1_GRU64_OH0,0317_0007,A,0.5051254034042358,-0.08933421969413757,0.5,0.0,-25.394182279487985,3.9155404629539143,1.9768556486614204,8.344807930909518
1773702554.3226488,1773702554322655105,Sr02_gA_IMG1_LID1_STA1_GRU64_OH0,0317_0007,A,0.5076707005500793,0.03909944370388985,0.5,0.0,-25.41372274658202,3.9615480527911835,1.967965744029534,8.308038652770183
1773702554.4215503,1773702554421556814,Sr02_gA_IMG1_LID1_STA1_GRU64_OH0,0317_0007,A,0.5189465880393982,0.06370387226343155,0.5,0.0,-25.432849246470354,4.007710424101635,1.9601181428974885,8.271723250368375
1773702554.5228019,1773702554522808932,Sr02_gA_IMG1_LID1_STA1_GRU64_OH0,0317_0007,A,0.5273913741111755,0.0508621484041214,0.5,0.0,-25.451881912108774,4.0538879735398226,1.9641109778764547,8.235630657203327
1773702554.6228318,1773702554622838158,Sr02_gA_IMG1_LID1_STA1_GRU64_OH0,0317_0007,A,0.4970751404762268,0.03679293766617775,0.5,0.0,-25.471190300116557,4.100009310516471,1.9702245282313398,8.199453021387901
1773702554.7236276,1773702554723636751,Sr02_gA_IMG1_LID1_STA1_GRU64_OH0,0317_0007,A,0.5058178305625916,0.0449918769299984,0.5,0.0,-25.490750648083186,4.146024388247526,1.9750293616912986,8.163231817354873
1773702554.822131,1773702554822138633,Sr02_gA_IMG1_LID1_STA1_GRU64_OH0,0317_0007,A,0.4621939957141876,0.04680044576525688,0.5,0.0,-25.510501610129417,4.191957994964585,1.9788726230042217,8.127013237504862
1773702554.9227962,1773702554922803259,Sr02_gA_IMG1_LID1_STA1_GRU64_OH0,0317_0007,A,0.5066739916801453,0.0808897390961647,0.5,0.0,-25.530447166913014,4.237807424559757,1.983407972893047,8.090794703387202
1773702555.0206554,1773702555020662149,Sr02_gA_IMG1_LID1_STA1_GRU64_OH0,0317_0007,A,0.5028385519981384,0.03144437074661255,0.5,0.0,-25.546989393075805,4.275390798508521,1.9876117286758253,8.061038007779375
1773702555.1220844,1773702555122090879,Sr02_gA_IMG1_LID1_STA1_GRU64_OH0,0317_0007,A,0.49804699420928955,0.06510969996452332,0.5,0.0,-25.555847236419364,4.295316831676491,1.990932662399277,8.045221102632485
1773702555.2231138,1773702555223121486,Sr02_gA_IMG1_LID1_STA1_GRU64_OH0,0317_0007,A,0.5051917433738708,0.059747740626335144,0.5,0.0,-25.55696902591777,4.297828378483401,1.9934578430997585,8.0432245601556
1773702555.3222508,1773702555322257213,Sr02_gA_IMG1_LID1_STA1_GRU64_OH0,0317_0007,A,0.4657032787799835,-0.07611158490180969,0.5,0.0,-25.55765970807704,4.299352999632746,1.9953713314966859,8.042003816907096
1773702555.422176,1773702555422182545,Sr02_gA_IMG1_LID1_STA1_GRU64_OH0,0317_0007,A,0.5379535555839539,-0.11196639388799667,0.5,0.0,-25.565561241907382,4.316788814944538,1.9969263340614598,8.02805224260973
1773702555.523055,1773702555523061773,Sr02_gA_IMG1_LID1_STA1_GRU64_OH0,0317_0007,A,0.5474829077720642,-0.04817242920398712,0.5,0.0,-25.58064937037296,4.349963792769683,1.9982115198415518,8.001516036056334
1773702555.6230001,1773702555623006390,Sr02_gA_IMG1_LID1_STA1_GRU64_OH0,0317_0007,A,0.5428122878074646,0.12164933979511261,0.5,0.0,-25.600665949719353,4.394108965123283,1.9933049087141073,7.9663828348607035
1773702555.723504,1773702555723512401,Sr02_gA_IMG1_LID1_STA1_GRU64_OH0,0317_0007,A,0.5450451970100403,0.14363206923007965,0.5,0.0,-25.621049776075086,4.4397304145534955,1.9895406871444172,7.930503216638844
1773702555.8233159,1773702555823323762,Sr02_gA_IMG1_LID1_STA1_GRU64_OH0,0317_0007,A,0.5329511761665344,0.0013787423959001899,0.5,0.0,-25.641540030010525,4.485187042618475,2.000554124585412,7.894737984640547
1773702555.9225984,1773702555922605317,Sr02_gA_IMG1_LID1_STA1_GRU64_OH0,0317_0007,A,0.512102484703064,-0.05370449647307396,0.5,0.0,-25.662679558349552,4.530461183236389,2.013788118185129,7.858586914187839
1773702556.0221112,1773702556022117670,Sr02_gA_IMG1_LID1_STA1_GRU64_OH0,0317_0007,A,0.5180408358573914,-0.03022383339703083,0.5,0.0,-25.6840990129347,4.575548311193534,2.01356887512066,7.822393323490772
1773702556.1224105,1773702556122418249,Sr02_gA_IMG1_LID1_STA1_GRU64_OH0,0317_0007,A,0.5032206773757935,0.0603204183280468,0.5,0.0,-25.70540203627956,4.620782981309637,2.008668036127689,7.786408304651451
1773702556.2225664,1773702556222573170,Sr02_gA_IMG1_LID1_STA1_GRU64_OH0,0317_0007,A,0.5167624950408936,-0.0033642612397670746,0.5,0.0,-25.726524914565548,4.666067054362818,2.0066845149429433,7.750730344212246
1773702556.3231544,1773702556323163193,Sr02_gA_IMG1_LID1_STA1_GRU64_OH0,0317_0007,A,0.538547933101654,0.012122835032641888,0.5,0.0,-25.74775847242097,4.711312198776079,2.011662596232146,7.715120546888707
1773702556.4227319,1773702556422738626,Sr02_gA_IMG1_LID1_STA1_GRU64_OH0,0317_0007,A,0.5594271421432495,0.1687147319316864,0.5,0.0,-25.769088418411503,4.756534240581211,2.011635908865905,7.679588140462203
1773702556.5226848,1773702556522691385,Sr02_gA_IMG1_LID1_STA1_GRU64_OH0,0317_0007,A,0.5613404512405396,0.18192258477210999,0.5,0.0,-25.790441120626486,4.801710397091682,2.013854118312228,7.644211606655292
1773702556.6223114,1773702556622317923,Sr02_gA_IMG1_LID1_STA1_GRU64_OH0,0317_0007,A,0.5262357592582703,0.1372276246547699,0.5,0.0,-25.812150005181458,4.846608611971171,2.029673856613191,7.6087549412731965
1773702556.7221174,1773702556722124102,Sr02_gA_IMG1_LID1_STA1_GRU64_OH0,0317_0007,A,0.5128228068351746,0.17505382001399994,0.5,0.0,-25.83469651965139,4.891227712970271,2.0469980727267925,7.572760619824905
1773702556.8222635,1773702556822270487,Sr02_gA_IMG1_LID1_STA1_GRU64_OH0,0317_0007,A,0.547312319278717,0.002755415625870228,0.5,0.0,-25.85791875948994,4.935494492276238,2.0614355313789434,7.536400374465366
1773702556.9213614,1773702556921368301,Sr02_gA_IMG1_LID1_STA1_GRU64_OH0,0317_0007,A,0.5694678425788879,0.10553812235593796,0.5,0.0,-25.881842310601193,4.979360581591391,2.0777866652591794,7.499660096390438
1773702557.022665,1773702557022671879,Sr02_gA_IMG1_LID1_STA1_GRU64_OH0,0317_0007,A,0.5489385724067688,0.15120071172714233,0.5,0.0,-25.906107259211762,5.022908790433978,2.0803469915598836,7.462849425730581
1773702557.1216698,1773702557121676809,Sr02_gA_IMG1_LID1_STA1_GRU64_OH0,0317_0007,A,0.5278023481369019,0.15171566605567932,0.5,0.0,-25.930703827073216,5.066392532077439,2.0915710304023736,7.425895711667526
1773702557.2225142,1773702557222527148,Sr02_gA_IMG1_LID1_STA1_GRU64_OH0,0317_0007,A,0.5189998149871826,0.24199797213077545,0.5,0.5,-25.955908421017455,5.109574477985332,2.1067013711356952,7.388608476561812
1773702557.3222933,1773702557322300022,Sr02_gA_IMG1_LID1_STA1_GRU64_OH0,0317_0007,A,0.5194032192230225,0.4627419710159302,0.5,0.5,-25.98174004520729,5.152309751321453,2.123562799529723,7.3510091905527615
1773702557.4217846,1773702557421791298,Sr02_gA_IMG1_LID1_STA1_GRU64_OH0,0317_0007,A,0.49815991520881653,0.6871823072433472,0.5,0.5,-26.008474808186335,5.194476409464552,2.1495014057884823,7.3128645525379365
1773702557.5225575,1773702557522564234,Sr02_gA_IMG1_LID1_STA1_GRU64_OH0,0317_0007,A,0.49637550115585327,0.6291269063949585,0.5,0.5,-26.03649359288688,5.235493839251478,2.1932160981422215,7.273972390400503
1773702557.6226535,1773702557622660474,Sr02_gA_IMG1_LID1_STA1_GRU64_OH0,0317_0007,A,0.5238410830497742,0.40601637959480286,0.5,0.5,-26.06664696383459,5.275371815897201,2.243216044136618,7.233499099634725
1773702557.7235684,1773702557723575672,Sr02_gA_IMG1_LID1_STA1_GRU64_OH0,0317_0007,A,0.5246878266334534,0.3662680387496948,0.5,0.5,-26.09872947466273,5.313692860808032,2.2904982795577378,7.1917421634590895
1773702557.8225307,1773702557822538344,Sr02_gA_IMG1_LID1_STA1_GRU64_OH0,0317_0007,A,0.5098990201950073,0.42326819896698,0.5,0.5,-26.132435145876123,5.35061979100614,2.3299074554221857,7.148927507009709
1773702557.9225235,1773702557922530803,Sr02_gA_IMG1_LID1_STA1_GRU64_OH0,0317_0007,A,0.5053704380989075,0.5172386765480042,0.5,0.5,-26.16750261798677,5.386235720962714,2.3680869118551575,7.105265107249635
1773702558.0213606,1773702558021367454,Sr02_gA_IMG1_LID1_STA1_GRU64_OH0,0317_0007,A,0.508301317691803,0.5576450824737549,0.5,0.5,-26.203980962551036,5.4203630014276225,2.412262713052153,7.0607416055547185
1773702558.1226473,1773702558122653723,Sr02_gA_IMG1_LID1_STA1_GRU64_OH0,0317_0007,A,0.4854392111301422,0.5066196322441101,0.5,0.5,-26.24207926954928,5.452735795388696,2.4622626565274324,7.015212458068141
1773702558.2243133,1773702558224320754,Sr02_gA_IMG1_LID1_STA1_GRU64_OH0,0317_0007,A,0.4853970408439636,0.4848308563232422,0.5,0.5,-26.281747927532344,5.483164012169439,2.5122626067188416,6.968759324406164
1773702558.322269,1773702558322275886,Sr02_gA_IMG1_LID1_STA1_GRU64_OH0,0317_0007,A,0.5307963490486145,0.15993615984916687,0.5,0.0,-26.32288590264434,5.511574443672112,2.561807486380487,6.92148194167807
1773702558.4217098,1773702558421716696,Sr02_gA_IMG1_LID1_STA1_GRU64_OH0,0317_0007,A,0.5269622206687927,0.3322034478187561,0.5,0.5,-26.36527466560256,5.537914925368279,2.60701847791762,6.8735891889894685
1773702558.523199,1773702558523206570,Sr02_gA_IMG1_LID1_STA1_GRU64_OH0,0317_0007,A,0.5225524306297302,0.37609702348709106,0.5,0.5,-26.408134822605607,5.562574373126377,2.630352316574405,6.825715918013294
1773702558.6209197,1773702558620926950,Sr02_gA_IMG1_LID1_STA1_GRU64_OH0,0317_0007,A,0.5488098859786987,0.12016110122203827,0.5,0.0,-26.4519571204561,5.586252245877147,2.6637471066303564,6.777195482024711
1773702558.7223086,1773702558722315898,Sr02_gA_IMG1_LID1_STA1_GRU64_OH0,0317_0007,A,0.561061680316925,0.14900639653205872,0.5,0.0,-26.496698278209973,5.608386542955034,2.698629146165812,6.7282113025308865
1773702558.822399,1773702558822404861,Sr02_gA_IMG1_LID1_STA1_GRU64_OH0,0317_0007,A,0.5346121788024902,-0.07803938537836075,0.5,0.0,-26.541832912893245,5.629338267542343,2.714087401860192,6.679169341503723
1773702558.922922,1773702558922929067,Sr02_gA_IMG1_LID1_STA1_GRU64_OH0,0317_0007,A,0.5380731821060181,-0.057754598557949066,0.5,0.0,-26.58742119625885,5.649714423841059,2.726852898160378,6.629849405089287
1773702559.0223043,1773702559022310218,Sr02_gA_IMG1_LID1_STA1_GRU64_OH0,0317_0007,A,0.5392199754714966,-0.051784541457891464,0.5,0.0,-26.632943625397395,5.6698543382948845,2.722040194209119,6.580663427806588
1773702559.1212912,1773702559121298060,Sr02_gA_IMG1_LID1_STA1_GRU64_OH0,0317_0007,A,0.5468922853469849,-0.2278938740491867,0.5,-0.5,-26.678548673164343,5.690352451744118,2.7164438404292426,6.531314407660862
1773702559.2220912,1773702559222098521,Sr02_gA_IMG1_LID1_STA1_GRU64_OH0,0317_0007,A,0.5465567111968994,-0.2245728075504303,0.5,-0.5,-26.723981274709185,5.711076731316781,2.709428157044654,6.4820841343290025
1773702559.32227,1773702559322276815,Sr02_gA_IMG1_LID1_STA1_GRU64_OH0,0317_0007,A,0.5468836426734924,-0.06867607682943344,0.5,0.0,-26.769019298915232,5.732412160196447,2.6880663082900544,6.433090589557163
1773702559.4221768,1773702559422183420,Sr02_gA_IMG1_LID1_STA1_GRU64_OH0,0317_0007,A,0.5287538766860962,-0.016045939177274704,0.5,0.0,-26.813663147836333,5.75477994115326,2.6678574251717158,6.384229960351903
1773702559.5229683,1773702559522974894,Sr02_gA_IMG1_LID1_STA1_GRU64_OH0,0317_0007,A,0.5281286239624023,-0.012515674345195293,0.5,0.0,-26.858029913136093,5.777718344769348,2.662225054376597,6.335510702492888
1773702559.6219904,1773702559621997059,Sr02_gA_IMG1_LID1_STA1_GRU64_OH0,0317_0007,A,0.5448902249336243,0.12899404764175415,0.5,0.0,-26.902376095663588,5.8008141298829825,2.6607263667831784,6.2867913119298295
1773702559.7255402,1773702559725547817,Sr02_gA_IMG1_LID1_STA1_GRU64_OH0,0317_0007,A,0.544999897480011,0.13055691123008728,0.5,0.0,-26.946641808715015,5.823930018914038,2.6614059053370926,6.23816515627044
1773702559.8216681,1773702559821674087,Sr02_gA_IMG1_LID1_STA1_GRU64_OH0,0317_0007,A,0.5466858148574829,-0.041317205876111984,0.5,0.0,-26.991077826732155,5.846727044235136,2.6740367729250236,6.189473351970848
1773702559.9233482,1773702559923355371,Sr02_gA_IMG1_LID1_STA1_GRU64_OH0,0317_0007,A,0.5495001077651978,0.13074038922786713,0.5,0.0,-27.035793701135137,5.868953473954437,2.6849850392889345,6.14066983348665
1773702560.0237405,1773702560023747100,Sr02_gA_IMG1_LID1_STA1_GRU64_OH0,0317_0007,A,0.5562003254890442,0.13494665920734406,0.5,0.0,-27.080502367897047,5.890984071321073,2.6834760233294506,6.091939226275411
1773702560.1227343,1773702560122741812,Sr02_gA_IMG1_LID1_STA1_GRU64_OH0,0317_0007,A,0.5406208634376526,0.16494445502758026,0.5,0.0,-27.12537028103677,5.912788526619433,2.695775216575928,6.043126771630423
1773702560.2231212,1773702560223127185,Sr02_gA_IMG1_LID1_STA1_GRU64_OH0,0317_0007,A,0.5422443747520447,0.1467084139585495,0.5,0.0,-27.17063013627082,5.934037136965785,2.710169770297696,5.994084702372724
1773702560.3224456,1773702560322451754,Sr02_gA_IMG1_LID1_STA1_GRU64_OH0,0317_0007,A,0.5489581823348999,0.030192168429493904,0.5,0.0,-27.21621742679734,5.954573557885093,2.7261171216429227,5.9449102278600305
1773702560.4220638,1773702560422069753,Sr02_gA_IMG1_LID1_STA1_GRU64_OH0,0317_0007,A,0.5402438640594482,-0.06635627895593643,0.5,0.0,-27.26204531379563,5.974405104063082,2.738656276457252,5.895682822083427
1773702560.5222597,1773702560522265678,Sr02_gA_IMG1_LID1_STA1_GRU64_OH0,0317_0007,A,0.5209241509437561,-0.06110190972685814,0.5,0.0,-27.308018301991474,5.993932538580571,2.7397393083513126,5.846398023309452
1773702560.6218948,1773702560621901991,Sr02_gA_IMG1_LID1_STA1_GRU64_OH0,0317_0007,A,0.5024462938308716,0.051741890609264374,0.5,0.0,-27.353970430516483,6.01364021825576,2.7332613308265037,5.797102653156296
1773702560.7244334,1773702560724440160,Sr02_gA_IMG1_LID1_STA1_GRU64_OH0,0317_0007,A,0.5088874697685242,0.09986527264118195,0.5,0.0,-27.399746692776,6.033598009777412,2.7291539710755357,5.747932286667686
1773702560.8225076,1773702560822514005,Sr02_gA_IMG1_LID1_STA1_GRU64_OH0,0317_0007,A,0.528712809085846,0.2134799212217331,0.5,0.5,-27.445599076242438,6.053508648734152,2.7356515998516837,5.698712109074252
1773702560.9217112,1773702560921717972,Sr02_gA_IMG1_LID1_STA1_GRU64_OH0,0317_0007,A,0.5337927341461182,0.16682301461696625,0.5,0.0,-27.491579398103845,6.0729887558378275,2.7474046872007905,5.649479820607907
1773702561.0222113,1773702561022218048,Sr02_gA_IMG1_LID1_STA1_GRU64_OH0,0317_0007,A,0.5247644186019897,0.21514892578125,0.5,0.5,-27.537907017546342,6.091697272772818,2.7672881452141516,5.600098107994205
1773702561.1221046,1773702561122111241,Sr02_gA_IMG1_LID1_STA1_GRU64_OH0,0317_0007,A,0.5515842437744141,0.05940188094973564,0.5,0.0,-27.584587798807277,6.109577073890774,2.785264871328054,5.550571149482014
1773702561.2230427,1773702561223049520,Sr02_gA_IMG1_LID1_STA1_GRU64_OH0,0317_0007,A,0.5471166372299194,0.06692890077829361,0.5,0.0,-27.631563721111025,6.126504261636854,2.8045452491517113,5.500980478933681
1773702561.3214164,1773702561321422683,Sr02_gA_IMG1_LID1_STA1_GRU64_OH0,0317_0007,A,0.5372114181518555,0.16799171268939972,0.5,0.0,-27.67876008756481,6.142872234857125,2.810938423981833,5.451307238867565
1773702561.4208252,1773702561420831845,Sr02_gA_IMG1_LID1_STA1_GRU64_OH0,0317_0007,A,0.528814435005188,0.058894433081150055,0.5,0.0,-27.726049726369126,6.158916460934871,2.8194461068369687,5.401620926683422
1773702561.5222156,1773702561522221425,Sr02_gA_IMG1_LID1_STA1_GRU64_OH0,0317_0007,A,0.5136034488677979,0.05762730911374092,0.5,0.0,-27.773548793366945,6.174342443431648,2.8340939722806624,5.351873369218069
1773702561.622852,1773702561622858589,Sr02_gA_IMG1_LID1_STA1_GRU64_OH0,0317_0007,A,0.5293708443641663,0.2882879674434662,0.5,0.5,-27.82124767594721,6.189336076859246,2.83994540857237,5.302031008677083
1773702561.7244792,1773702561724486207,Sr02_gA_IMG1_LID1_STA1_GRU64_OH0,0317_0007,A,0.5435450673103333,0.2957170903682709,0.5,0.5,-27.86897608856288,6.204024154956554,2.84753655257423,5.252230738915827
1773702561.8236475,1773702561823654125,Sr02_gA_IMG1_LID1_STA1_GRU64_OH0,0317_0007,A,0.5137015581130981,0.09427966177463531,0.5,0.0,-27.916663208651123,6.2178739948594846,2.8727289639285094,5.202659104729829
1773702561.9229522,1773702561922959295,Sr02_gA_IMG1_LID1_STA1_GRU64_OH0,0317_0007,A,0.5118094086647034,0.2295868843793869,0.5,0.5,-27.964981380724765,6.230437986523002,2.8999157384517913,5.1527581894872885
1773702562.0231113,1773702562023118109,Sr02_gA_IMG1_LID1_STA1_GRU64_OH0,0317_0007,A,0.5073606371879578,0.23114152252674103,0.5,0.5,-28.013416993985963,6.242076696974752,2.912140535291343,5.102947846874445
1773702562.1224189,1773702562122425460,Sr02_gA_IMG1_LID1_STA1_GRU64_OH0,0317_0007,A,0.5163862705230713,0.2726655900478363,0.5,0.5,-28.06216291552033,6.25289057716073,2.934763846272895,5.053017423983687
1773702562.223496,1773702562223503382,Sr02_gA_IMG1_LID1_STA1_GRU64_OH0,0317_0007,A,0.5290418267250061,0.21297819912433624,0.5,0.5,-28.111200073028503,6.262581481501121,2.959030931479165,5.003051697043179
1773702562.3220935,1773702562322099934,Sr02_gA_IMG1_LID1_STA1_GRU64_OH0,0317_0007,A,0.5158969759941101,0.37025266885757446,0.5,0.5,-28.160470882600958,6.270997075864768,2.984621419045671,4.953141633718197
1773702562.4232697,1773702562423277150,Sr02_gA_IMG1_LID1_STA1_GRU64_OH0,0317_0007,A,0.4984900951385498,-0.0026564165018498898,0.5,0.0,-28.2098688160584,6.278267556322174,3.0075880570055515,4.903364239928437
1773702562.5217817,1773702562521787753,Sr02_gA_IMG1_LID1_STA1_GRU64_OH0,0317_0007,A,0.47595733404159546,0.039906568825244904,0.5,0.0,-28.25931857188894,6.2840618472680925,3.040992603600985,4.8538698574935095
1773702562.623094,1773702562623100718,Sr02_gA_IMG1_LID1_STA1_GRU64_OH0,0317_0007,A,0.494261234998703,-0.028891967609524727,0.5,0.0,-28.308558604837923,6.288680865154127,3.0514898247123767,4.804850511882601
1773702562.722553,1773702562722559769,Sr02_gA_IMG1_LID1_STA1_GRU64_OH0,0317_0007,A,0.498969167470932,-0.038344357162714005,0.5,0.0,-28.358339918235032,6.293089810962543,3.0537613348761874,4.755360633923287
1773702562.8219805,1773702562821987562,Sr02_gA_IMG1_LID1_STA1_GRU64_OH0,0317_0007,A,0.5267098546028137,-0.15627731382846832,0.5,-0.5,-28.40814058303123,6.297549795531606,3.050588581799614,4.705850549740836
1773702562.9215722,1773702562921578775,Sr02_gA_IMG1_LID1_STA1_GRU64_OH0,0317_0007,A,0.5237604975700378,0.013193474151194096,0.5,0.0,-28.457860486498117,6.302194466832762,3.044897260534194,4.6563871392720255
1773702563.0221913,1773702563022198075,Sr02_gA_IMG1_LID1_STA1_GRU64_OH0,0317_0007,A,0.5335633158683777,0.006730941589921713,0.5,0.0,-28.507500663439366,6.307383607454511,3.0315060456553944,4.606885756795928
1773702563.1220403,1773702563122046249,Sr02_gA_IMG1_LID1_STA1_GRU64_OH0,0317_0007,A,0.517304539680481,0.10154377669095993,0.5,0.0,-28.557118074186437,6.312861798820663,3.0320817449034445,4.557348318074301
1773702563.2217891,1773702563221795951,Sr02_gA_IMG1_LID1_STA1_GRU64_OH0,0317_0007,A,0.49856922030448914,0.10280165076255798,0.5,0.0,-28.606769662866654,6.318292474288989,3.0346402455809893,4.507797160309281
1773702563.3217423,1773702563321748498,Sr02_gA_IMG1_LID1_STA1_GRU64_OH0,0317_0007,A,0.5091899633407593,-0.01543013472110033,0.5,0.0,-28.656510254832295,6.323376906874224,3.044844907726597,4.4582496972908165
1773702563.4208272,1773702563420833536,Sr02_gA_IMG1_LID1_STA1_GRU64_OH0,0317_0007,A,0.5134912133216858,-0.043092213571071625,0.5,0.0,-28.70623175831347,6.327970732969788,3.05188639639644,4.408847045721674
1773702563.5214236,1773702563521429638,Sr02_gA_IMG1_LID1_STA1_GRU64_OH0,0317_0007,A,0.5162730813026428,-0.034456945955753326,0.5,0.0,-28.756026223944737,6.332499468563687,3.04923693253137,4.359401130369656
1773702563.6217966,1773702563621803821,Sr02_gA_IMG1_LID1_STA1_GRU64_OH0,0317_0007,A,0.4722515344619751,-0.01008057314902544,0.5,0.0,-28.805803374374346,6.337214511179049,3.045273121921175,4.309940112874715
1773702563.7224896,1773702563722496050,Sr02_gA_IMG1_LID1_STA1_GRU64_OH0,0317_0007,A,0.46726250648498535,-0.005916040390729904,0.5,0.0,-28.855564194857138,6.342099075067112,3.0428024676983028,4.260466576937203
1773702563.8212,1773702563821206679,Sr02_gA_IMG1_LID1_STA1_GRU64_OH0,0317_0007,A,0.49744778871536255,0.09542617201805115,0.5,0.0,-28.905318074170424,6.347053973622195,3.0419609897903674,4.210995104836125
1773702563.921067,1773702563921072836,Sr02_gA_IMG1_LID1_STA1_GRU64_OH0,0317_0007,A,0.5375556945800781,0.14836937189102173,0.5,0.0,-28.955009139597436,6.352012068340922,3.0443042580556963,4.161596384539629
1773702564.0213923,1773702564021398501,Sr02_gA_IMG1_LID1_STA1_GRU64_OH0,0317_0007,A,0.5412994027137756,0.14084234833717346,0.5,0.0,-29.004785468830228,6.356612345089603,3.055783594181649,4.112216315869833
1773702564.12123,1773702564121235902,Sr02_gA_IMG1_LID1_STA1_GRU64_OH0,0317_0007,A,0.5182886719703674,0.038779500871896744,0.5,0.0,-29.05463124013112,6.36053082869548,3.070319431920109,4.06295339160949
1773702564.2223835,1773702564222390580,Sr02_gA_IMG1_LID1_STA1_GRU64_OH0,0317_0007,A,0.5125895142555237,0.0707307979464531,0.5,0.0,-29.104477951803293,6.363763108969562,3.0812894000292457,4.013879931518125
1773702564.3213232,1773702564321329897,Sr02_gA_IMG1_LID1_STA1_GRU64_OH0,0317_0007,A,0.5391449332237244,0.1564960777759552,0.5,0.0,-29.15439350362948,6.366666904694575,3.0864453726391083,3.9648450066358585
1773702564.4221702,1773702564422176497,Sr02_gA_IMG1_LID1_STA1_GRU64_OH0,0317_0007,A,0.540276050567627,0.07892125844955444,0.5,0.0,-29.204284004794722,6.369222116623397,3.0961520192096463,3.9159478745705
1773702564.5223436,1773702564522349747,Sr02_gA_IMG1_LID1_STA1_GRU64_OH0,0317_0007,A,0.5385500192642212,0.08719104528427124,0.5,0.0,-29.254217567072292,6.371125424547243,3.109117067734121,3.8672047257982856
1773702564.6225836,1773702564622589790,Sr02_gA_IMG1_LID1_STA1_GRU64_OH0,0317_0007,A,0.4953423738479614,0.09550320357084274,0.5,0.0,-29.304197171613858,6.372548396941618,3.117339966375256,3.8185744255080407
1773702564.722357,1773702564722363714,Sr02_gA_IMG1_LID1_STA1_GRU64_OH0,0317_0007,A,0.47347182035446167,0.09970441460609436,0.5,0.0,-29.354187172104158,6.3735396609308275,3.1263915360703023,3.7700841365956506
1773702564.8218722,1773702564821878611,Sr02_gA_IMG1_LID1_STA1_GRU64_OH0,0317_0007,A,0.48956483602523804,0.09112046658992767,0.5,0.0,-29.404184272939258,6.374059267340361,3.1361098857399923,3.7217532827785895
1773702564.9218292,1773702564921836944,Sr02_gA_IMG1_LID1_STA1_GRU64_OH0,0317_0007,A,0.5296095013618469,0.030999600887298584,0.5,0.0,-29.45418406689062,6.374087578452847,-3.137448347135794,3.673597817992989
1773702565.0233965,1773702565023402792,Sr02_gA_IMG1_LID1_STA1_GRU64_OH0,0317_0007,A,0.511577308177948,-0.004955373238772154,0.5,0.0,-29.50417076201934,6.373673253983596,-3.1305425367430537,3.6256266264167505
1773702565.1229393,1773702565122946899,Sr02_gA_IMG1_LID1_STA1_GRU64_OH0,0317_0007,A,0.4989352226257324,0.002080352045595646,0.5,0.0,-29.554166960471274,6.37305764647627,-3.128880750476221,3.5777576858049613
1773702565.2207942,1773702565220800582,Sr02_gA_IMG1_LID1_STA1_GRU64_OH0,0317_0007,A,0.5052666068077087,-0.06262456625699997,0.5,0.0,-29.604163038146,6.37243164192215,-3.129094863624595,3.5299508869515797
1773702565.3220549,1773702565322061723,Sr02_gA_IMG1_LID1_STA1_GRU64_OH0,0317_0007,A,0.5068982243537903,-0.054262179881334305,0.5,0.0,-29.65413974471925,6.371822588225049,-3.131175195171629,3.48221938228974
1773702565.4209104,1773702565420917111,Sr02_gA_IMG1_LID1_STA1_GRU64_OH0,0317_0007,A,0.5094767808914185,-0.001972328871488571,0.5,0.0,-29.70413831553948,6.371454935466786,-3.1371031522616315,3.4344606712138126
1773702565.521937,1773702565521942658,Sr02_gA_IMG1_LID1_STA1_GRU64_OH0,0317_0007,A,0.48593732714653015,0.029237840324640274,0.5,0.0,-29.75412697960441,6.3713475084059645,-3.140568952444141,3.3866992904550095
1773702565.621334,1773702565621340476,Sr02_gA_IMG1_LID1_STA1_GRU64_OH0,0317_0007,A,0.5014722347259521,0.1926562637090683,0.5,0.0,-29.804126939120586,6.371288770527072,-3.139517804418142,3.338977761232493
1773702565.722667,1773702565722674481,Sr02_gA_IMG1_LID1_STA1_GRU64_OH0,0317_0007,A,0.5215377807617188,0.17494194209575653,0.5,0.0,-29.8540240086262,6.371088921354755,-3.1335996961593393,3.291464778892192
1773702565.8233528,1773702565823359281,Sr02_gA_IMG1_LID1_STA1_GRU64_OH0,0317_0007,A,0.5163542032241821,0.23833486437797546,0.5,0.5,-29.903940396785092,6.370232104740251,-3.115402192146237,3.2442076407708527
1773702565.9218833,1773702565921889630,Sr02_gA_IMG1_LID1_STA1_GRU64_OH0,0317_0007,A,0.5372062921524048,-0.07528993487358093,0.5,0.0,-29.95387525852785,6.3684679618423266,-3.095760748552557,3.1972984275433576
1773702566.0222974,1773702566022303972,Sr02_gA_IMG1_LID1_STA1_GRU64_OH0,0317_0007,A,0.5070978403091431,-0.04829194396734238,0.5,0.0,-30.003681914919134,6.365617963101746,-3.0755608941921517,3.1509510593135346
1773702566.1233819,1773702566123388014,Sr02_gA_IMG1_LID1_STA1_GRU64_OH0,0317_0007,A,0.52057284116745,0.16262376308441162,0.5,0.0,-30.053158411386736,6.362333528211912,-3.0772246645779866,3.10516681563077
1773702566.2226496,1773702566222655829,Sr02_gA_IMG1_LID1_STA1_GRU64_OH0,0317_0007,A,0.5106682181358337,0.09656541049480438,0.5,0.0,-30.102958929505313,6.359219135466057,-3.0788775350842177,3.0591390338654048
1773702566.322966,1773702566322972847,Sr02_gA_IMG1_LID1_STA1_GRU64_OH0,0317_0007,A,0.4872743487358093,0.06127852946519852,0.5,0.0,-30.15265433524851,6.355771133652959,-3.066325630129991,3.0134458131827566
1773702566.420899,1773702566420905112,Sr02_gA_IMG1_LID1_STA1_GRU64_OH0,0317_0007,A,0.4952285885810852,0.07737080752849579,0.5,0.0,-30.202495015228134,6.351784731199536,-3.058080550391021,2.967933652617727
1773702566.5223694,1773702566522375806,Sr02_gA_IMG1_LID1_STA1_GRU64_OH0,0317_0007,A,0.49556466937065125,0.07846859842538834,0.5,0.0,-30.252307093580022,6.347454931451632,-3.051309029474952,2.9227152012545403
1773702566.6221468,1773702566622152929,Sr02_gA_IMG1_LID1_STA1_GRU64_OH0,0317_0007,A,0.4641592800617218,-0.015918344259262085,0.5,0.0,-30.30208547165424,6.3427538506509356,-3.0435280507216054,2.87781909467353
1773702566.7230966,1773702566723103014,Sr02_gA_IMG1_LID1_STA1_GRU64_OH0,0317_0007,A,0.46447157859802246,-0.014863374643027782,0.5,0.0,-30.35178679532027,6.337692101331141,-3.0386146021217404,2.833297225096008
1773702566.8221643,1773702566822170420,Sr02_gA_IMG1_LID1_STA1_GRU64_OH0,0317_0007,A,0.4798186421394348,0.11137079447507858,0.5,0.0,-30.401525941371574,6.332591461717169,-3.0401642333224768,2.7889389113903027
1773702566.923013,1773702566923020250,Sr02_gA_IMG1_LID1_STA1_GRU64_OH0,0317_0007,A,0.47176194190979004,-0.014227636158466339,0.5,0.0,-30.451176713551053,6.3275509529567895,-3.0385672042276646,2.7448334264109593
1773702567.0249045,1773702567024912162,Sr02_gA_IMG1_LID1_STA1_GRU64_OH0,0317_0007,A,0.4601292610168457,-0.02997463382780552,0.5,0.0,-30.500806349599895,6.322166670811139,-3.03071171766373,2.701082806865673
1773702567.123132,1773702567123140238,Sr02_gA_IMG1_LID1_STA1_GRU64_OH0,0317_0007,A,0.4716337025165558,-0.142208993434906,0.5,0.0,-30.550503903081605,6.316675590605549,-3.032764334559152,2.657529708730935
1773702567.223414,1773702567223421437,Sr02_gA_IMG1_LID1_STA1_GRU64_OH0,0317_0007,A,0.4657481014728546,-0.18087591230869293,0.5,-0.5,-30.600142324623878,6.311350841592588,-3.0387059254682733,2.6141939533562346
1773702567.3243382,1773702567324345611,Sr02_gA_IMG1_LID1_STA1_GRU64_OH0,0317_0007,A,0.45981717109680176,-0.18313226103782654,0.5,-0.5,-30.649902498504353,6.306584972716606,-3.054421799909956,2.570754860020307
1773702567.4228783,1773702567422885241,Sr02_gA_IMG1_LID1_STA1_GRU64_OH0,0317_0007,A,0.4749191701412201,-0.3160295784473419,0.5,-0.5,-30.69974936177147,6.302683545468738,-3.072599613403065,2.527113702644123
1773702567.522534,1773702567522540477,Sr02_gA_IMG1_LID1_STA1_GRU64_OH0,0317_0007,A,0.4516921043395996,-0.33303704857826233,0.5,-0.5,-30.74954774495373,6.299720359209235,-3.093597710817258,2.4833510749372207
1773702567.6228251,1773702567622831914,Sr02_gA_IMG1_LID1_STA1_GRU64_OH0,0317_0007,A,0.42939481139183044,-0.0007767941569909453,0.5,0.0,-30.799489343091164,6.298114089978306,-3.1257723314498933,2.439097703866099
1773702567.7224927,1773702567722499814,Sr02_gA_IMG1_LID1_STA1_GRU64_OH0,0317_0007,A,0.4167167544364929,0.078404501080513,0.5,0.0,-30.84936892285351,6.298122456525199,3.1280285176825764,2.3944005723836437
1773702567.8223,1773702567822307480,Sr02_gA_IMG1_LID1_STA1_GRU64_OH0,0317_0007,A,0.4388348162174225,0.07888509333133698,0.5,0.0,-30.898691110566222,6.298986309464473,3.1244542633275025,2.350017528590065
1773702567.9210854,1773702567921091991,Sr02_gA_IMG1_LID1_STA1_GRU64_OH0,0317_0007,A,0.4603959619998932,0.028205838054418564,0.5,0.0,-30.948686612552457,6.299647005316383,3.1323139132473816,2.305333731352482
1773702568.0214484,1773702568021454952,Sr02_gA_IMG1_LID1_STA1_GRU64_OH0,0317_0007,A,0.43943461775779724,0.0389510914683342,0.5,0.0,-30.9986742648452,6.299932063567936,3.1382830292536554,2.2610574243886195
1773702568.1218014,1773702568121808742,Sr02_gA_IMG1_LID1_STA1_GRU64_OH0,0317_0007,A,0.4556879997253418,0.22889429330825806,0.5,0.5,-31.04867415801329,6.300022732229378,3.1415334100683783,2.217107188011437
1773702568.221646,1773702568221652913,Sr02_gA_IMG1_LID1_STA1_GRU64_OH0,0317_0007,A,0.45404061675071716,-0.3293580412864685,0.5,-0.5,-31.098571381294658,6.299905348816912,-3.134785246132354,2.1736103433359695
1773702568.3237724,1773702568323780040,Sr02_gA_IMG1_LID1_STA1_GRU64_OH0,0317_0007,A,0.4515455961227417,-0.3434951901435852,0.5,-0.5,-31.14830609346585,6.29906943511284,-3.116510922490344,2.130895973208449
1773702568.421733,1773702568421738676,Sr02_gA_IMG1_LID1_STA1_GRU64_OH0,0317_0007,A,0.5331884622573853,-0.1656697690486908,0.5,-0.5,-31.19732547454236,6.297873944960641,-3.122241417357008,2.0892911703577894
1773702568.521735,1773702568521741799,Sr02_gA_IMG1_LID1_STA1_GRU64_OH0,0317_0007,A,0.5012305974960327,-0.15582993626594543,0.5,-0.5,-31.245953695701882,6.297513320938031,3.1376909320813784,2.047910415456293
1773702568.6206532,1773702568620659643,Sr02_gA_IMG1_LID1_STA1_GRU64_OH0,0317_0007,A,0.5052928924560547,-0.10117829591035843,0.5,0.0,-31.288760036887215,6.297996993412802,3.122303638045987,2.0113247467392847
1773702568.7224762,1773702568722483101,Sr02_gA_IMG1_LID1_STA1_GRU64_OH0,0317_0007,A,0.4976755678653717,-0.16555838286876678,0.5,-0.5,-31.313011761781468,6.29860223298967,3.1108136174496686,1.990528980878649
1773702568.8216527,1773702568821659681,Sr02_gA_IMG1_LID1_STA1_GRU64_OH0,0317_0007,A,0.5029131174087524,-0.1808774769306183,0.5,-0.5,-31.330515534454186,6.299176094854599,3.1063239841142125,1.9754942831901412
1773702568.9212556,1773702568921261856,Sr02_gA_IMG1_LID1_STA1_GRU64_OH0,0317_0007,A,0.462480366230011,-0.10089480876922607,0.5,0.0,-31.348002732510576,6.299844585541317,3.100314988329499,1.9604629045193072
1773702569.0216153,1773702569021622380,Sr02_gA_IMG1_LID1_STA1_GRU64_OH0,0317_0007,A,0.46391966938972473,-0.0922003760933876,0.5,0.0,-31.365485601920337,6.300618166054792,3.0951040221359425,1.9454185908166923
1773702569.123115,1773702569123122449,Sr02_gA_IMG1_LID1_STA1_GRU64_OH0,0317_0007,A,0.47177523374557495,-0.05713552236557007,0.5,0.0,-31.38296524056855,6.30146186232978,3.0916944295621476,1.9303795136261754
1773702569.2230635,1773702569223070918,Sr02_gA_IMG1_LID1_STA1_GRU64_OH0,0317_0007,A,0.4572354257106781,0.04558999836444855,0.5,0.0,-31.400442157787303,6.302360237505422,3.089081046666198,1.9153539913312123
1773702569.322148,1773702569322154504,Sr02_gA_IMG1_LID1_STA1_GRU64_OH0,0317_0007,A,0.4576346278190613,0.04580250009894371,0.5,0.0,-31.417917523470607,6.30328838774855,3.0888789729755266,1.9003553735484642
1773702569.421451,1773702569421457133,Sr02_gA_IMG1_LID1_STA1_GRU64_OH0,0317_0007,A,0.4698975384235382,0.03857620805501938,0.5,0.0,-31.435393941122513,6.304196490677019,3.0904783387309576,1.8854103493119225
1773702569.5224519,1773702569522457832,Sr02_gA_IMG1_LID1_STA1_GRU64_OH0,0317_0007,A,0.4733729362487793,0.021700654178857803,0.5,0.0,-31.452871763704618,6.30507714508486,3.091954965402973,1.8705241314590717
1773702569.6216152,1773702569621621214,Sr02_gA_IMG1_LID1_STA1_GRU64_OH0,0317_0007,A,0.49608176946640015,-0.010686767287552357,0.5,0.0,-31.470350723955036,6.305934938623355,3.0930098131010664,1.8556957213687493
1773702569.7211986,1773702569721206124,Sr02_gA_IMG1_LID1_STA1_GRU64_OH0,0317_0007,A,0.4812552332878113,0.023284925147891045,0.5,0.0,-31.487830274069353,6.306780642435649,3.093202564412161,1.8409207360567044
1773702569.8221622,1773702569822169073,Sr02_gA_IMG1_LID1_STA1_GRU64_OH0,0317_0007,A,0.48160213232040405,0.025996070355176926,0.5,0.0,-31.505309753313664,6.3076278095315095,3.0934230227436,1.8261931169665602
1773702569.921373,1773702569921380133,Sr02_gA_IMG1_LID1_STA1_GRU64_OH0,0317_0007,A,0.44158482551574707,0.10906773805618286,0.5,0.0,-31.52278980264342,6.308463121818188,3.094285437882379,1.811521312615352
1773702570.024514,1773702570024526528,Sr02_gA_IMG1_LID1_STA1_GRU64_OH0,0317_0007,A,0.4283417761325836,0.11570090055465698,0.5,0.0,-31.531530105591695,6.308874917393954,3.0947403682972676,1.8042075476601651
1773702570.122372,1773702570122378600,Sr02_gA_IMG1_LID1_STA1_GRU64_OH0,0317_0007,A,0.4492766559123993,0.18661615252494812,0.5,0.0,-31.549012420435023,6.309661165430022,3.0985577101216064,1.7896394655007717
1773702570.2219858,1773702570221992099,Sr02_gA_IMG1_LID1_STA1_GRU64_OH0,0317_0007,A,0.42963907122612,0.46893176436424255,0.5,0.5,-31.566497691352254,6.310378641860053,3.1026072326151115,1.7751630719114184
1773702570.3224142,1773702570322421302,Sr02_gA_IMG1_LID1_STA1_GRU64_OH0,0317_0007,A,0.41361203789711,0.5082326531410217,0.5,0.5,-31.58398649423063,6.311003601794154,3.109138767326632,1.7607944681858034
1773702570.4217148,1773702570421721543,Sr02_gA_IMG1_LID1_STA1_GRU64_OH0,0317_0007,A,0.6063718795776367,0.27924731373786926,0.5,0.5,-31.601418694535216,6.31144408960699,3.124393063234949,1.7466399125337846
1773702570.5227745,1773702570522784363,Sr02_gA_IMG1_LID1_STA1_GRU64_OH0,0317_0007,A,0.6638883352279663,0.20564696192741394,0.5,0.5,-31.618917856980673,6.311589433020118,-3.141004143446584,1.732672697891871
1773702570.623342,1773702570623349355,Sr02_gA_IMG1_LID1_STA1_GRU64_OH0,0317_0007,A,0.6045060157775879,0.2182319164276123,0.5,0.5,-31.636386292339512,6.311486513926068,-3.1307922214741266,1.7189473804321604
1773702570.7231283,1773702570723135503,Sr02_gA_IMG1_LID1_STA1_GRU64_OH0,0317_0007,A,0.5013303160667419,0.29331058263778687,0.5,0.5,-31.653884437222178,6.3112345360786275,-3.123594571062234,1.7053598991408832
1773702570.8235402,1773702570823547333,Sr02_gA_IMG1_LID1_STA1_GRU64_OH0,0317_0007,A,0.4549698531627655,0.35736995935440063,0.5,0.5,-31.670132504263684,6.310883813052037,-3.1160814075776146,1.6928805645610627
1773702570.922114,1773702570922120484,Sr02_gA_IMG1_LID1_STA1_GRU64_OH0,0317_0007,A,0.43334490060806274,0.26944005489349365,0.5,0.5,-31.67311759679534,6.31080360369537,-3.1122261512775897,1.6906047277249707
1773702571.0231664,1773702571023175481,Sr02_gA_IMG1_LID1_STA1_GRU64_OH0,0317_0007,A,0.4338434934616089,0.27298566699028015,0.5,0.5,-31.67311759679808,6.310803603695289,-3.112226151068305,1.690604727722888
1773702571.12367,1773702571123676262,Sr02_gA_IMG1_LID1_STA1_GRU64_OH0,0317_0007,A,0.4160785377025604,0.27470242977142334,0.5,0.5,-31.67311759679808,6.310803603695289,-3.112226151068305,1.690604727722888
1773702571.2238505,1773702571223857684,Sr02_gA_IMG1_LID1_STA1_GRU64_OH0,0317_0007,A,0.4116462767124176,0.2732536494731903,0.5,0.5,-31.67311759679808,6.310803603695289,-3.112226151068305,1.690604727722888
1773702571.3232932,1773702571323299674,Sr02_gA_IMG1_LID1_STA1_GRU64_OH0,0317_0007,A,0.41214269399642944,0.2733592987060547,0.5,0.5,-31.67311759679808,6.310803603695289,-3.112226151068305,1.690604727722888
1773702571.4237266,1773702571423733852,Sr02_gA_IMG1_LID1_STA1_GRU64_OH0,0317_0007,A,0.40772607922554016,0.26806843280792236,0.5,0.5,-31.67311759679808,6.310803603695289,-3.112226151068305,1.690604727722888
1773702571.525076,1773702571525084760,Sr02_gA_IMG1_LID1_STA1_GRU64_OH0,0317_0007,A,0.4077957570552826,0.26823100447654724,0.5,0.5,-31.67311759679808,6.310803603695289,-3.112226151068305,1.690604727722888
1773702571.6240766,1773702571624082991,Sr02_gA_IMG1_LID1_STA1_GRU64_OH0,0317_0007,A,0.4050717055797577,0.2660786509513855,0.5,0.5,-31.67311759679808,6.310803603695289,-3.112226151068305,1.690604727722888
1773702571.7229629,1773702571722969677,Sr02_gA_IMG1_LID1_STA1_GRU64_OH0,0317_0007,A,0.41336145997047424,0.25094395875930786,0.5,0.5,-31.67311759679808,6.310803603695289,-3.112226151068305,1.690604727722888
1773702571.8229017,1773702571822909074,Sr02_gA_IMG1_LID1_STA1_GRU64_OH0,0317_0007,A,0.41336917877197266,0.25092247128486633,0.5,0.5,-31.67311759679808,6.310803603695289,-3.112226151068305,1.690604727722888
1773702571.9243236,1773702571924330541,Sr02_gA_IMG1_LID1_STA1_GRU64_OH0,0317_0007,A,0.39823663234710693,0.27078744769096375,0.5,0.5,-31.67311759679808,6.310803603695289,-3.112226151068305,1.690604727722888
1773702572.0241175,1773702572024126244,Sr02_gA_IMG1_LID1_STA1_GRU64_OH0,0317_0007,A,0.3982262909412384,0.2707786560058594,0.5,0.5,-31.67311759679808,6.310803603695289,-3.112226151068305,1.690604727722888
1773702572.1226864,1773702572122693348,Sr02_gA_IMG1_LID1_STA1_GRU64_OH0,0317_0007,A,0.4000132083892822,0.26700061559677124,0.5,0.5,-31.67311759679808,6.310803603695289,-3.112226151068305,1.690604727722888
1773702572.2243917,1773702572224400259,Sr02_gA_IMG1_LID1_STA1_GRU64_OH0,0317_0007,A,0.39587894082069397,0.2770540416240692,0.5,0.5,-31.67311759679808,6.310803603695289,-3.112226151068305,1.690604727722888
1773702572.3229492,1773702572322957164,Sr02_gA_IMG1_LID1_STA1_GRU64_OH0,0317_0007,A,0.39587363600730896,0.2770545780658722,0.5,0.5,-31.67311759679808,6.310803603695289,-3.112226151068305,1.690604727722888
1773702572.4232671,1773702572423274723,Sr02_gA_IMG1_LID1_STA1_GRU64_OH0,0317_0007,A,0.4112762212753296,0.2584396302700043,0.5,0.5,-31.67311759679808,6.310803603695289,-3.112226151068305,1.690604727722888
1773702572.524462,1773702572524472005,Sr02_gA_IMG1_LID1_STA1_GRU64_OH0,0317_0007,A,0.411282479763031,0.2584191560745239,0.5,0.5,-31.67311759679808,6.310803603695289,-3.112226151068305,1.690604727722888
1773702572.6217034,1773702572621710570,Sr02_gA_IMG1_LID1_STA1_GRU64_OH0,0317_0007,A,0.40719074010849,0.2651635706424713,0.5,0.5,-31.67311759679808,6.310803603695289,-3.112226151068305,1.690604727722888
1773702572.7231367,1773702572723143616,Sr02_gA_IMG1_LID1_STA1_GRU64_OH0,0317_0007,A,0.4046681821346283,0.26472845673561096,0.5,0.5,-31.67311759679808,6.310803603695289,-3.112226151068305,1.690604727722888
1773702572.8234198,1773702572823426622,Sr02_gA_IMG1_LID1_STA1_GRU64_OH0,0317_0007,A,0.40467214584350586,0.26471930742263794,0.5,0.5,-31.67311759679808,6.310803603695289,-3.112226151068305,1.690604727722888
1773702572.922092,1773702572922100262,Sr02_gA_IMG1_LID1_STA1_GRU64_OH0,0317_0007,A,0.43052175641059875,0.2768166661262512,0.5,0.5,-31.67311759679808,6.310803603695289,-3.112226151068305,1.690604727722888
1773702573.0255034,1773702573025510904,Sr02_gA_IMG1_LID1_STA1_GRU64_OH0,0317_0007,A,0.4305230677127838,0.27681347727775574,0.5,0.5,-31.67311759679808,6.310803603695289,-3.112226151068305,1.690604727722888
1773702573.1251507,1773702573125157885,Sr02_gA_IMG1_LID1_STA1_GRU64_OH0,0317_0007,A,0.418234646320343,0.26374420523643494,0.5,0.5,-31.67311759679808,6.310803603695289,-3.112226151068305,1.690604727722888
1773702573.223424,1773702573223430653,Sr02_gA_IMG1_LID1_STA1_GRU64_OH0,0317_0007,A,0.41016045212745667,0.26889175176620483,0.5,0.5,-31.67311759679808,6.310803603695289,-3.112226151068305,1.690604727722888
1773702573.323435,1773702573323441765,Sr02_gA_IMG1_LID1_STA1_GRU64_OH0,0317_0007,A,0.41016271710395813,0.2688881754875183,0.5,0.5,-31.67311759679808,6.310803603695289,-3.112226151068305,1.690604727722888
1773702573.4240468,1773702573424053674,Sr02_gA_IMG1_LID1_STA1_GRU64_OH0,0317_0007,A,0.4057270586490631,0.2666075825691223,0.5,0.5,-31.67311759679808,6.310803603695289,-3.112226151068305,1.690604727722888
1773702573.5245745,1773702573524581798,Sr02_gA_IMG1_LID1_STA1_GRU64_OH0,0317_0007,A,0.4057273268699646,0.2666071057319641,0.5,0.5,-31.67311759679808,6.310803603695289,-3.112226151068305,1.690604727722888
1773702573.624671,1773702573624678959,Sr02_gA_IMG1_LID1_STA1_GRU64_OH0,0317_0007,A,0.4017923176288605,0.2929992377758026,0.5,0.5,-31.67311759679808,6.310803603695289,-3.112226151068305,1.690604727722888
1773702573.7241833,1773702573724190840,Sr02_gA_IMG1_LID1_STA1_GRU64_OH0,0317_0007,A,0.41408127546310425,0.2746294140815735,0.5,0.5,-31.67311759679808,6.310803603695289,-3.112226151068305,1.690604727722888
1773702573.8234425,1773702573823450167,Sr02_gA_IMG1_LID1_STA1_GRU64_OH0,0317_0007,A,0.41408228874206543,0.2746279835700989,0.5,0.5,-31.67311759679808,6.310803603695289,-3.112226151068305,1.690604727722888
1773702573.9229825,1773702573922988747,Sr02_gA_IMG1_LID1_STA1_GRU64_OH0,0317_0007,A,0.4094696640968323,0.2694413363933563,0.5,0.5,-31.67311759679808,6.310803603695289,-3.112226151068305,1.690604727722888
1773702574.0233767,1773702574023382776,Sr02_gA_IMG1_LID1_STA1_GRU64_OH0,0317_0007,A,0.4094696342945099,0.26944151520729065,0.5,0.5,-31.67311759679808,6.310803603695289,-3.112226151068305,1.690604727722888
1773702574.1223807,1773702574122388492,Sr02_gA_IMG1_LID1_STA1_GRU64_OH0,0317_0007,A,0.4060114622116089,0.2658095061779022,0.5,0.5,-31.67311759679808,6.310803603695289,-3.112226151068305,1.690604727722888
1773702574.2224145,1773702574222422883,Sr02_gA_IMG1_LID1_STA1_GRU64_OH0,0317_0007,A,0.40821561217308044,0.2509201765060425,0.5,0.5,-31.67311759679808,6.310803603695289,-3.112226151068305,1.690604727722888
1773702574.32301,1773702574323016766,Sr02_gA_IMG1_LID1_STA1_GRU64_OH0,0317_0007,A,0.40821561217308044,0.2509201765060425,0.5,0.5,-31.67311759679808,6.310803603695289,-3.112226151068305,1.690604727722888
1773702574.4233308,1773702574423337365,Sr02_gA_IMG1_LID1_STA1_GRU64_OH0,0317_0007,A,0.40848323702812195,0.27061179280281067,0.5,0.5,-31.67311759679808,6.310803603695289,-3.112226151068305,1.690604727722888
1773702574.5252588,1773702574525265847,Sr02_gA_IMG1_LID1_STA1_GRU64_OH0,0317_0007,A,0.40848323702812195,0.27061179280281067,0.5,0.5,-31.67311759679808,6.310803603695289,-3.112226151068305,1.690604727722888
1773702574.6250308,1773702574625038506,Sr02_gA_IMG1_LID1_STA1_GRU64_OH0,0317_0007,A,0.4053584337234497,0.2671705484390259,0.5,0.5,-31.67311759679808,6.310803603695289,-3.112226151068305,1.690604727722888
1773702574.7250862,1773702574725093476,Sr02_gA_IMG1_LID1_STA1_GRU64_OH0,0317_0007,A,0.411858469247818,0.2593695819377899,0.5,0.5,-31.67311759679808,6.310803603695289,-3.112226151068305,1.690604727722888
1773702574.8235338,1773702574823540802,Sr02_gA_IMG1_LID1_STA1_GRU64_OH0,0317_0007,A,0.411858469247818,0.2593695819377899,0.5,0.5,-31.67311759679808,6.310803603695289,-3.112226151068305,1.690604727722888
1773702574.9220502,1773702574922057516,Sr02_gA_IMG1_LID1_STA1_GRU64_OH0,0317_0007,A,0.4138389229774475,0.26052093505859375,0.5,0.5,-31.67311759679808,6.310803603695289,-3.112226151068305,1.690604727722888
1773702575.0661156,1773702575066124582,Sr02_gA_IMG1_LID1_STA1_GRU64_OH0,0317_0007,A,0.4138389229774475,0.26052093505859375,0.5,0.5,-31.67311759679808,6.310803603695289,-3.112226151068305,1.690604727722888
1773702575.1209238,1773702575120930212,Sr02_gA_IMG1_LID1_STA1_GRU64_OH0,0317_0007,A,0.4138389229774475,0.26052093505859375,0.5,0.5,-31.67311759679808,6.310803603695289,-3.112226151068305,1.690604727722888
1773702575.2214537,1773702575221460213,Sr02_gA_IMG1_LID1_STA1_GRU64_OH0,0317_0007,A,0.4138389229774475,0.26052093505859375,0.5,0.5,-31.67311759679808,6.310803603695289,-3.112226151068305,1.690604727722888
1773702575.3218594,1773702575321865615,Sr02_gA_IMG1_LID1_STA1_GRU64_OH0,0317_0007,A,0.4138389229774475,0.26052093505859375,0.5,0.5,-31.67311759679808,6.310803603695289,-3.112226151068305,1.690604727722888
1773702575.423001,1773702575423010260,Sr02_gA_IMG1_LID1_STA1_GRU64_OH0,0317_0007,A,0.4138389229774475,0.26052093505859375,0.5,0.5,-31.67311759679808,6.310803603695289,-3.112226151068305,1.690604727722888
1773702575.522495,1773702575522500715,Sr02_gA_IMG1_LID1_STA1_GRU64_OH0,0317_0007,A,0.4138389229774475,0.26052093505859375,0.5,0.5,-31.67311759679808,6.310803603695289,-3.112226151068305,1.690604727722888
