t_unix,t_ros_ns,run_folder,run_id,goal_id,v_pred_lin,w_pred_ang,v_cmd_lin,w_cmd_ang,x,y,yaw,dist_to_goal
1773702785.7519898,1773702785751997766,Sr02_gA_IMG1_LID1_STA1_GRU64_OH0,0317_0012,A,-0.07958266884088516,0.007885094732046127,0.0,0.0,-6.072085142416798e-15,-2.4939914289837722e-24,-7.060453198683602e-12,33.80335215951222
1773702785.771376,1773702785771382710,Sr02_gA_IMG1_LID1_STA1_GRU64_OH0,0317_0012,A,-0.07958266884088516,0.007885094732046127,0.0,0.0,-6.072085142416798e-15,-2.4939914289837722e-24,-7.060453198683602e-12,33.80335215951222
1773702785.806842,1773702785806851014,Sr02_gA_IMG1_LID1_STA1_GRU64_OH0,0317_0012,A,-0.119005486369133,0.011057606898248196,0.0,0.0,-6.376924753762065e-15,-2.4918391231023616e-24,-7.060453631016111e-12,33.80335215951222
1773702785.9047842,1773702785904790945,Sr02_gA_IMG1_LID1_STA1_GRU64_OH0,0317_0012,A,-0.11150212585926056,0.010002332739531994,0.0,0.0,1.2671048691184507e-12,1.5414592601392052e-16,0.0006788396452860066,33.80335215951346
1773702786.0063355,1773702786006341623,Sr02_gA_IMG1_LID1_STA1_GRU64_OH0,0317_0012,A,-0.09279672801494598,0.006153556052595377,0.0,0.0,6.947104362505979e-13,-5.705036992784535e-16,0.0017423770240268923,33.803352159512905
1773702786.1062531,1773702786106261350,Sr02_gA_IMG1_LID1_STA1_GRU64_OH0,0317_0012,A,-0.09273955225944519,0.006183485500514507,0.0,0.0,-1.2501305487387828e-13,-2.462120982057091e-15,0.002588649426260744,33.8033521595121
1773702786.2043917,1773702786204399253,Sr02_gA_IMG1_LID1_STA1_GRU64_OH0,0317_0012,A,-0.12591774761676788,-0.005771557800471783,0.0,0.0,-2.692529747323067e-13,-2.8781776527154547e-15,0.003205189914733306,33.80335215951197
1773702786.305089,1773702786305095751,Sr02_gA_IMG1_LID1_STA1_GRU64_OH0,0317_0012,A,-0.12591543793678284,-0.005799716804176569,0.0,0.0,-1.9485564317460738e-12,-8.772958426859549e-15,0.0033453432861914488,33.803352159510325
1773702786.405415,1773702786405422524,Sr02_gA_IMG1_LID1_STA1_GRU64_OH0,0317_0012,A,-0.13611100614070892,-0.006429495755583048,0.0,0.0,-2.093326224134308e-12,-9.218548363906692e-15,0.002767073438927673,33.80335215951018
1773702786.5058405,1773702786505847208,Sr02_gA_IMG1_LID1_STA1_GRU64_OH0,0317_0012,A,-0.10534472018480301,0.0015045659383758903,0.0,0.0,-2.309598551383582e-12,-9.741943982540897e-15,0.0021619233450442176,33.80335215950998
1773702786.6053827,1773702786605390877,Sr02_gA_IMG1_LID1_STA1_GRU64_OH0,0317_0012,A,-0.10537435859441757,0.001507407403551042,0.0,0.0,-1.3910626114029008e-12,-8.113353050492084e-15,0.0018363330759626,33.80335215951087
1773702786.7055352,1773702786705544609,Sr02_gA_IMG1_LID1_STA1_GRU64_OH0,0317_0012,A,-0.09293064475059509,0.0017706250073388219,0.0,0.0,-1.3885250396220465e-12,-8.109153965818337e-15,0.0019868918750634455,33.80335215951088
1773702786.8064578,1773702786806465233,Sr02_gA_IMG1_LID1_STA1_GRU64_OH0,0317_0012,A,-0.09291151911020279,0.0017850246513262391,0.0,0.0,-1.3636596768076256e-12,-8.056816368538704e-15,0.002148149685007546,33.803352159510894
1773702786.905698,1773702786905706091,Sr02_gA_IMG1_LID1_STA1_GRU64_OH0,0317_0012,A,-0.07226182520389557,-0.0056634992361068726,0.0,0.0,-1.37358530612225e-12,-8.078968813650974e-15,0.002325776693274741,33.80335215951089
1773702787.0047872,1773702787004794777,Sr02_gA_IMG1_LID1_STA1_GRU64_OH0,0317_0012,A,-0.08007960021495819,0.0011094192741438746,0.0,0.0,-2.3761445013120294e-12,-1.0458388371718e-14,0.0022063418344505617,33.80335215950991
1773702787.1053464,1773702787105353174,Sr02_gA_IMG1_LID1_STA1_GRU64_OH0,0317_0012,A,-0.0801139622926712,0.0010963898384943604,0.0,0.0,-1.5917271564260266e-12,-8.999555933954306e-15,0.001910906342521845,33.80335215951067
1773702787.205605,1773702787205612666,Sr02_gA_IMG1_LID1_STA1_GRU64_OH0,0317_0012,A,-0.08331224322319031,0.0018561285687610507,0.0,0.0,-1.5890349241304544e-12,-8.994710911989456e-15,0.0020213157317256433,33.80335215951067
1773702787.3062892,1773702787306296495,Sr02_gA_IMG1_LID1_STA1_GRU64_OH0,0317_0012,A,-0.08329875022172928,0.0018676331965252757,0.0,0.0,-1.4969487963732316e-12,-8.80074168849782e-15,0.0021613322945533637,33.803352159510766
1773702787.4052684,1773702787405276203,Sr02_gA_IMG1_LID1_STA1_GRU64_OH0,0317_0012,A,-0.08690427243709564,0.0012748591834679246,0.0,0.0,-1.507203804932969e-12,-8.823876196593306e-15,0.0023473938424396234,33.80335215951076
1773702787.508157,1773702787508163679,Sr02_gA_IMG1_LID1_STA1_GRU64_OH0,0317_0012,A,-0.06721439957618713,-0.0029705585911870003,0.0,0.0,-1.5956866845056736e-12,-9.042124480022733e-15,0.0025104352111263123,33.803352159510666
1773702787.6062667,1773702787606274286,Sr02_gA_IMG1_LID1_STA1_GRU64_OH0,0317_0012,A,-0.06721736490726471,-0.002984770108014345,0.0,0.0,-2.1596047379346795e-12,-1.0483634954078993e-14,0.002468105485192923,33.80335215951012
1773702787.7062244,1773702787706231888,Sr02_gA_IMG1_LID1_STA1_GRU64_OH0,0317_0012,A,-0.04812458157539368,0.003794139251112938,0.0,0.0,-2.2004817047600376e-12,-1.0578984533330633e-14,0.0021704928865287666,33.80335215951008
1773702787.8061163,1773702787806124209,Sr02_gA_IMG1_LID1_STA1_GRU64_OH0,0317_0012,A,-0.048131395131349564,0.003808751702308655,0.0,0.0,-1.3524534146705356e-12,-8.859437276605031e-15,0.0021431694003550975,33.80335215951091
1773702787.9051962,1773702787905202530,Sr02_gA_IMG1_LID1_STA1_GRU64_OH0,0317_0012,A,-0.07319321483373642,0.0043452344834804535,0.0,0.0,-1.39599463525826e-12,-8.96235564837206e-15,0.00252315593613213,33.80335215951087
1773702788.0046127,1773702788004619840,Sr02_gA_IMG1_LID1_STA1_GRU64_OH0,0317_0012,A,-0.11311520636081696,-0.005961631890386343,0.0,0.0,-1.3852038406824306e-12,-8.928203463473329e-15,0.002925478124109197,33.80335215951088
1773702788.1058233,1773702788105830801,Sr02_gA_IMG1_LID1_STA1_GRU64_OH0,0317_0012,A,-0.1131097823381424,-0.005985542666167021,0.0,0.0,-2.800989442913069e-12,-1.3348613452405366e-14,0.002947732443064943,33.803352159509494
1773702788.2047102,1773702788204717201,Sr02_gA_IMG1_LID1_STA1_GRU64_OH0,0317_0012,A,-0.09966063499450684,0.0014153699157759547,0.0,0.0,-2.9512478344392087e-12,-1.3749445792114327e-14,0.0023506251406070844,33.80335215950935
1773702788.3047304,1773702788304737073,Sr02_gA_IMG1_LID1_STA1_GRU64_OH0,0317_0012,A,-0.09969557076692581,0.0014301714254543185,0.0,0.0,-2.0859757110829927e-12,-1.2027251259143816e-14,0.002048104573271729,33.80335215951019
1773702788.4047503,1773702788404757746,Sr02_gA_IMG1_LID1_STA1_GRU64_OH0,0317_0012,A,-0.07698894292116165,0.0043909368105232716,0.0,0.0,-2.0819736576865277e-12,-1.2019301209181293e-14,0.0021902221810871907,33.8033521595102
1773702788.5063202,1773702788506326982,Sr02_gA_IMG1_LID1_STA1_GRU64_OH0,0317_0012,A,-0.0931185856461525,0.0033070570789277554,0.0,0.0,-1.7199238549407765e-12,-1.1180041584142395e-14,0.0024516560759906725,33.80335215951055
1773702788.6060586,1773702788606064741,Sr02_gA_IMG1_LID1_STA1_GRU64_OH0,0317_0012,A,-0.09308457374572754,0.003330590669065714,0.0,0.0,-1.92183402353583e-12,-1.1729344957006098e-14,0.002847383499047811,33.803352159510354
1773702788.7049663,1773702788704973261,Sr02_gA_IMG1_LID1_STA1_GRU64_OH0,0317_0012,A,-0.12571388483047485,-0.006405553314834833,0.0,0.0,-1.961723538716632e-12,-1.184914734350743e-14,0.003179018782610574,33.80335215951032
1773702788.8056128,1773702788805620317,Sr02_gA_IMG1_LID1_STA1_GRU64_OH0,0317_0012,A,-0.1257142871618271,-0.006435566581785679,0.0,0.0,-3.288136793191007e-12,-1.6240972390559402e-14,0.0031226373338281684,33.80335215950902
1773702788.9064875,1773702788906494514,Sr02_gA_IMG1_LID1_STA1_GRU64_OH0,0317_0012,A,-0.19421003758907318,-0.007270914502441883,0.0,0.0,-3.459316942605921e-12,-1.6723314880572795e-14,0.0024808938750428564,33.803352159508854
1773702789.0049164,1773702789004923776,Sr02_gA_IMG1_LID1_STA1_GRU64_OH0,0317_0012,A,-0.13819479942321777,0.003113929182291031,0.0,0.0,-3.734705206273889e-12,-1.7299193536813535e-14,0.001803936334829802,33.803352159508584
1773702789.1060855,1773702789106092754,Sr02_gA_IMG1_LID1_STA1_GRU64_OH0,0317_0012,A,-0.13822892308235168,0.0031224279664456844,0.0,0.0,-2.5324832400207594e-12,-1.5639922251232494e-14,0.0014922335917111553,33.803352159509764
1773702789.2054052,1773702789205412472,Sr02_gA_IMG1_LID1_STA1_GRU64_OH0,0317_0012,A,-0.10059277713298798,0.003919150214642286,0.0,0.0,-2.5543091187815346e-12,-1.567763698584629e-14,0.0018039546903173063,33.80335215950974
1773702789.308129,1773702789308138127,Sr02_gA_IMG1_LID1_STA1_GRU64_OH0,0317_0012,A,-0.10055672377347946,0.003944835159927607,0.0,0.0,-2.49269604611294e-12,-1.5550451572234164e-14,0.0021480539957732083,33.8033521595098
1773702789.4070637,1773702789407071247,Sr02_gA_IMG1_LID1_STA1_GRU64_OH0,0317_0012,A,-0.09287933260202408,0.002000118140131235,0.0,0.0,-2.546667698625224e-12,-1.5676899874342093e-14,0.002540984522019193,33.80335215950975
1773702789.5062501,1773702789506256816,Sr02_gA_IMG1_LID1_STA1_GRU64_OH0,0317_0012,A,-0.11706250160932541,-0.005433632992208004,0.0,0.0,-2.847365182409073e-12,-1.6513444555689855e-14,0.0028576691011743343,33.80335215950945
1773702789.6062243,1773702789606232521,Sr02_gA_IMG1_LID1_STA1_GRU64_OH0,0317_0012,A,-0.11707037687301636,-0.005463129840791225,0.0,0.0,-3.8498972300557235e-12,-1.944140515149981e-14,0.0027603344576511333,33.80335215950847
1773702789.7070131,1773702789707020742,Sr02_gA_IMG1_LID1_STA1_GRU64_OH0,0317_0012,A,-0.10044907033443451,0.000869356794282794,0.0,0.0,-3.9751437631429565e-12,-1.975468734349625e-14,0.0022158034947315827,33.80335215950836
1773702789.8062449,1773702789806253238,Sr02_gA_IMG1_LID1_STA1_GRU64_OH0,0317_0012,A,-0.10047627240419388,0.0008678574813529849,0.0,0.0,-3.2326691185909837e-12,-1.835686359125138e-14,0.0019227879624500056,33.803352159509075
1773702789.906321,1773702789906328647,Sr02_gA_IMG1_LID1_STA1_GRU64_OH0,0317_0012,A,-0.09070827066898346,0.0019390765810385346,0.0,0.0,-3.227571642924409e-12,-1.8347141159959537e-14,0.0020096523460079443,33.80335215950908
1773702790.0062315,1773702790006240123,Sr02_gA_IMG1_LID1_STA1_GRU64_OH0,0317_0012,A,-0.017033029347658157,-0.007915670052170753,0.0,0.0,-3.0938753305002885e-12,-1.806890002906879e-14,0.0021392746717274107,33.80335215950922
1773702790.1067343,1773702790106741036,Sr02_gA_IMG1_LID1_STA1_GRU64_OH0,0317_0012,A,-0.017040828242897987,-0.00793893076479435,0.0,0.0,-4.433251787525926e-12,-2.097655338507263e-14,0.0019389980630666495,33.8033521595079
1773702790.2073193,1773702790207326095,Sr02_gA_IMG1_LID1_STA1_GRU64_OH0,0317_0012,A,-0.025789201259613037,0.002127773128449917,0.0,0.0,-4.685456172084629e-12,-2.1369142079540808e-14,0.001146513310903344,33.80335215950766
1773702790.308611,1773702790308620861,Sr02_gA_IMG1_LID1_STA1_GRU64_OH0,0317_0012,A,-0.025822626426815987,0.002136106602847576,0.0,0.0,-3.5478492929000427e-12,-2.061312150369875e-14,0.0007552837360489658,33.80335215950877
1773702790.4058654,1773702790405872747,Sr02_gA_IMG1_LID1_STA1_GRU64_OH0,0317_0012,A,-0.05516364052891731,0.004958279896527529,0.0,0.0,-3.550666048130908e-12,-2.061669563879464e-14,0.0009684661379933904,33.80335215950876
1773702790.5059156,1773702790505922634,Sr02_gA_IMG1_LID1_STA1_GRU64_OH0,0317_0012,A,-0.06300951540470123,0.006190277636051178,0.0,0.0,-3.218388305411018e-12,-2.0236313490090164e-14,0.0012949498498550105,33.80335215950909
1773702790.60479,1773702790604796749,Sr02_gA_IMG1_LID1_STA1_GRU64_OH0,0317_0012,A,-0.06296559423208237,0.006226988974958658,0.0,0.0,-3.163566317413748e-12,-2.0147100239368497e-14,0.0018523645992592098,33.803352159509146
1773702790.705569,1773702790705576279,Sr02_gA_IMG1_LID1_STA1_GRU64_OH0,0317_0012,A,-0.05474370718002319,0.005123403389006853,0.0,0.0,-3.3033282687574735e-12,-2.0448887897796682e-14,0.002472848490268212,33.803352159509004
1773702790.8076446,1773702790807652364,Sr02_gA_IMG1_LID1_STA1_GRU64_OH0,0317_0012,A,-0.054700691252946854,0.005115331616252661,0.0,0.0,-3.5774363275746122e-12,-2.1215061682223224e-14,0.0030403567492240002,33.80335215950874
1773702790.9057992,1773702790905805702,Sr02_gA_IMG1_LID1_STA1_GRU64_OH0,0317_0012,A,-0.07779716700315475,-0.006959835533052683,0.0,0.0,-3.677991574455541e-12,-2.154648883304302e-14,0.003552281413794753,33.80335215950864
1773702791.0063813,1773702791006389299,Sr02_gA_IMG1_LID1_STA1_GRU64_OH0,0317_0012,A,-0.12810608744621277,-0.009121418930590153,0.0,0.0,-5.3724172364292444e-12,-2.7866057650913845e-14,0.0034600655642562494,33.80335215950699
1773702791.1061587,1773702791106165903,Sr02_gA_IMG1_LID1_STA1_GRU64_OH0,0317_0012,A,-0.12817324697971344,-0.009202234447002411,0.0,0.0,-5.8872547758615356e-12,-2.942484364519286e-14,0.0026560171395172017,33.80335215950648
1773702791.205409,1773702791205415830,Sr02_gA_IMG1_LID1_STA1_GRU64_OH0,0317_0012,A,-0.10282003879547119,0.0018205879023298621,0.0,0.0,-6.2145421131493246e-12,-3.014322987245474e-14,0.0017398473862157396,33.80335215950617
1773702791.305754,1773702791305760988,Sr02_gA_IMG1_LID1_STA1_GRU64_OH0,0317_0012,A,-0.10286108404397964,0.0018347807927057147,0.0,0.0,-4.970217128226205e-12,-2.8561034138412484e-14,0.0013707573775535355,33.803352159507384
1773702791.4055986,1773702791405605308,Sr02_gA_IMG1_LID1_STA1_GRU64_OH0,0317_0012,A,-0.13555821776390076,0.01280955784022808,0.0,0.0,-4.976847857265355e-12,-2.8571009247305413e-14,0.0015535143119419852,33.80335215950738
1773702791.5057085,1773702791505714118,Sr02_gA_IMG1_LID1_STA1_GRU64_OH0,0317_0012,A,-0.1172042265534401,0.009449713863432407,0.0,0.0,-3.746687244886032e-12,-2.6439582552918877e-14,0.002285710399666513,33.80335215950858
1773702791.6053815,1773702791605388282,Sr02_gA_IMG1_LID1_STA1_GRU64_OH0,0317_0012,A,-0.11710479110479355,0.009508294053375721,0.0,0.0,-4.702404764651117e-12,-2.922624810951418e-14,0.0033986633029740743,33.80335215950764
1773702791.7056494,1773702791705656407,Sr02_gA_IMG1_LID1_STA1_GRU64_OH0,0317_0012,A,-0.15163883566856384,-0.009991057217121124,0.0,0.0,-5.0336149232809285e-12,-3.050778679695167e-14,0.004346550747552695,33.80335215950733
1773702791.806544,1773702791806551225,Sr02_gA_IMG1_LID1_STA1_GRU64_OH0,0317_0012,A,-0.1516321301460266,-0.010059657506644726,0.0,0.0,-7.900228066673598e-12,-4.398826520177005e-14,0.004322427447995233,33.80335215950453
1773702791.9056427,1773702791905649741,Sr02_gA_IMG1_LID1_STA1_GRU64_OH0,0317_0012,A,-0.1679759919643402,-0.014149247668683529,0.0,0.0,-8.293963488539154e-12,-4.5494354495002155e-14,0.0033199048018074787,33.80335215950414
1773702792.0067563,1773702792006764628,Sr02_gA_IMG1_LID1_STA1_GRU64_OH0,0317_0012,A,-0.12582670152187347,0.009915814734995365,0.0,0.0,-9.338900070733306e-12,-4.8282545816897785e-14,0.0021094760534140227,33.80335215950313
1773702792.1065574,1773702792106564430,Sr02_gA_IMG1_LID1_STA1_GRU64_OH0,0317_0012,A,-0.1258736103773117,0.009972900152206421,0.0,0.0,-6.743201066496904e-12,-4.4492418775208836e-14,0.001897786526908856,33.80335215950566
1773702792.2048647,1773702792204871942,Sr02_gA_IMG1_LID1_STA1_GRU64_OH0,0317_0012,A,-0.14592507481575012,0.002660812810063362,0.0,0.0,-7.098441523365198e-12,-4.534653751627835e-14,0.0028922091994909613,33.80335215950531
1773702792.306094,1773702792306100815,Sr02_gA_IMG1_LID1_STA1_GRU64_OH0,0317_0012,A,-0.1458532214164734,0.0026820842176675797,0.0,0.0,-8.30517984696471e-12,-4.942004951994295e-14,0.0035238880846763555,33.80335215950413
1773702792.4055762,1773702792405583518,Sr02_gA_IMG1_LID1_STA1_GRU64_OH0,0317_0012,A,-0.15511468052864075,-0.009710660204291344,0.0,0.0,-8.331895170022158e-12,-4.951738629848796e-14,0.0037910212950277838,33.8033521595041
1773702792.5062757,1773702792506281876,Sr02_gA_IMG1_LID1_STA1_GRU64_OH0,0317_0012,A,-0.15874379873275757,-0.008760211989283562,0.0,0.0,-1.0079393675764088e-11,-5.6177726579467875e-14,0.0034396025694270055,33.803352159502396
1773702792.6063235,1773702792606329918,Sr02_gA_IMG1_LID1_STA1_GRU64_OH0,0317_0012,A,-0.1588200181722641,-0.008837965317070484,0.0,0.0,-1.029169138033168e-11,-5.682841298942294e-14,0.002516071118504648,33.8033521595022
1773702792.706242,1773702792706249671,Sr02_gA_IMG1_LID1_STA1_GRU64_OH0,0317_0012,A,-0.11441778391599655,0.0010107198031619191,0.0,0.0,-1.059278074239372e-11,-5.74522173935923e-14,0.0016361750944969007,33.8033521595019
1773702792.8069432,1773702792806951105,Sr02_gA_IMG1_LID1_STA1_GRU64_OH0,0317_0012,A,-0.11445603519678116,0.001025887206196785,0.0,0.0,-9.485344364346244e-12,-5.614897082043846e-14,0.0012448060711496853,33.80335215950298
1773702792.9051497,1773702792905156238,Sr02_gA_IMG1_LID1_STA1_GRU64_OH0,0317_0012,A,-0.08695667237043381,0.004664924927055836,0.0,0.0,-9.483625932277483e-12,-5.6146879101445183e-14,0.0013466250738056946,33.80335215950298
1773702793.0045867,1773702793004592996,Sr02_gA_IMG1_LID1_STA1_GRU64_OH0,0317_0012,A,-0.08209272474050522,0.003228491172194481,0.0,0.0,-9.036201096625051e-12,-5.550244900020761e-14,0.0016311512492148631,33.80335215950342
1773702793.1049259,1773702793104933835,Sr02_gA_IMG1_LID1_STA1_GRU64_OH0,0317_0012,A,-0.08205439895391464,0.003250465262681246,0.0,0.0,-9.29030811958198e-12,-5.59797564471954e-14,0.002025811267626588,33.80335215950318
1773702793.2062085,1773702793206215931,Sr02_gA_IMG1_LID1_STA1_GRU64_OH0,0317_0012,A,-0.04500231891870499,-0.007229977753013372,0.0,0.0,-9.327784074438643e-12,-5.606160088081184e-14,0.0023497473338901817,33.803352159503135
1773702793.3072245,1773702793307232193,Sr02_gA_IMG1_LID1_STA1_GRU64_OH0,0317_0012,A,-0.04501241818070412,-0.007269360590726137,0.0,0.0,-1.0783236944797021e-11,-5.959955159320663e-14,0.002150780044368771,33.80335215950171
1773702793.404823,1773702793404830034,Sr02_gA_IMG1_LID1_STA1_GRU64_OH0,0317_0012,A,-0.04018232598900795,0.005762894172221422,0.0,0.0,-1.0990200990764078e-11,-5.997036710987893e-14,0.0014258256630340302,33.803352159501515
1773702793.5054657,1773702793505471621,Sr02_gA_IMG1_LID1_STA1_GRU64_OH0,0317_0012,A,-0.05742688477039337,0.00906222965568304,0.0,0.0,-9.436732981542375e-12,-5.82437046274504e-14,0.0013504925830499534,33.80335215950303
1773702793.6054933,1773702793605500411,Sr02_gA_IMG1_LID1_STA1_GRU64_OH0,0317_0012,A,-0.05735282972455025,0.009129085578024387,0.0,0.0,-9.186547753961003e-12,-5.781762337272507e-14,0.002091733728264722,33.80335215950327
1773702793.7049413,1773702793704948515,Sr02_gA_IMG1_LID1_STA1_GRU64_OH0,0317_0012,A,-0.09313496947288513,-0.000722294847946614,0.0,0.0,-9.487778029100377e-12,-5.858460669438646e-14,0.00300128659596407,33.803352159502985
1773702793.8063688,1773702793806377002,Sr02_gA_IMG1_LID1_STA1_GRU64_OH0,0317_0012,A,-0.09310200810432434,-0.0007326009217649698,0.0,0.0,-1.0974800493428697e-11,-6.368067499644645e-14,0.0034216328278265998,33.80335215950153
1773702793.9047825,1773702793904788993,Sr02_gA_IMG1_LID1_STA1_GRU64_OH0,0317_0012,A,-0.11851107329130173,7.076130714267492e-06,0.0,0.0,-1.0982086940477983e-11,-6.370543535214678e-14,0.003348899328907235,33.80335215950152
1773702794.0046353,1773702794004642989,Sr02_gA_IMG1_LID1_STA1_GRU64_OH0,0317_0012,A,-0.1345548778772354,-0.004722840618342161,0.0,0.0,-1.0886588443285747e-11,-6.338912952246739e-14,0.003312622595652065,33.803352159501614
1773702794.1054807,1773702794105487206,Sr02_gA_IMG1_LID1_STA1_GRU64_OH0,0317_0012,A,-0.13456498086452484,-0.004752992652356625,0.0,0.0,-1.1532824635599957e-11,-6.54957119630173e-14,0.0030768384057591617,33.80335215950099
1773702794.204817,1773702794204824198,Sr02_gA_IMG1_LID1_STA1_GRU64_OH0,0317_0012,A,-0.13139791786670685,-0.0022607611026614904,0.0,0.0,-1.1623069735765589e-11,-6.57520932452417e-14,0.002603058792713919,33.803352159500896
1773702794.3058584,1773702794305865240,Sr02_gA_IMG1_LID1_STA1_GRU64_OH0,0317_0012,A,-0.13142792880535126,-0.002272943966090679,0.0,0.0,-1.1358279112417826e-11,-6.513771294538683e-14,0.002252381002403456,33.80335215950115
1773702794.4052227,1773702794405229612,Sr02_gA_IMG1_LID1_STA1_GRU64_OH0,0317_0012,A,-0.10567185282707214,0.002474067732691765,0.0,0.0,-1.1378321899239853e-11,-6.518044427598286e-14,0.0020257073132432775,33.80335215950114
1773702794.5051374,1773702794505142953,Sr02_gA_IMG1_LID1_STA1_GRU64_OH0,0317_0012,A,-0.15790346264839172,0.008542665280401707,0.0,0.0,-1.0774416024907719e-11,-6.401093629018765e-14,0.002035759876603548,33.80335215950173
1773702794.6047473,1773702794604754944,Sr02_gA_IMG1_LID1_STA1_GRU64_OH0,0317_0012,A,-0.15785810351371765,0.008598432876169682,0.0,0.0,-1.0083540854793685e-11,-6.247358686136767e-14,0.0025865797448395306,33.8033521595024
1773702794.7058544,1773702794705861438,Sr02_gA_IMG1_LID1_STA1_GRU64_OH0,0317_0012,A,-0.16125677525997162,-0.002742182929068804,0.0,0.0,-1.0350048020655103e-11,-6.327747380470355e-14,0.003443621862132711,33.80335215950214
1773702794.8062894,1773702794806296186,Sr02_gA_IMG1_LID1_STA1_GRU64_OH0,0317_0012,A,-0.1612350195646286,-0.002759029157459736,0.0,0.0,-1.2013895567600826e-11,-6.96492005677218e-14,0.0037364424254371356,33.80335215950051
1773702794.9057677,1773702794905774941,Sr02_gA_IMG1_LID1_STA1_GRU64_OH0,0317_0012,A,-0.16125953197479248,-0.010664306581020355,0.0,0.0,-1.2049090275310502e-11,-6.977627706533543e-14,0.003461393497005921,33.803352159500484
1773702795.0048432,1773702795004851038,Sr02_gA_IMG1_LID1_STA1_GRU64_OH0,0317_0012,A,-0.14744482934474945,-0.007121415808796883,0.0,0.0,-1.3245191529788785e-11,-7.358915621045694e-14,0.0027902451076045466,33.80335215949932
1773702795.1056879,1773702795105694679,Sr02_gA_IMG1_LID1_STA1_GRU64_OH0,0317_0012,A,-0.14753636717796326,-0.0071710459887981415,0.0,0.0,-1.3129252923883642e-11,-7.340063534465873e-14,0.0019009691075195074,33.803352159499426
1773702795.206145,1773702795206152694,Sr02_gA_IMG1_LID1_STA1_GRU64_OH0,0317_0012,A,-0.12767986953258514,0.0072743152268230915,0.0,0.0,-1.3326729459460758e-11,-7.370450480053448e-14,0.0011863585243017082,33.803352159499234
1773702795.3084328,1773702795308441406,Sr02_gA_IMG1_LID1_STA1_GRU64_OH0,0317_0012,A,-0.12768661975860596,0.007326252292841673,0.0,0.0,-1.1606231591809511e-11,-7.216974656946801e-14,0.0011915110026495127,33.80335215950092
1773702795.4066184,1773702795406627096,Sr02_gA_IMG1_LID1_STA1_GRU64_OH0,0317_0012,A,-0.1040690466761589,0.005599707830697298,0.0,0.0,-1.1794264106825356e-11,-7.246379464360918e-14,0.0019215268187821163,33.80335215950073
1773702795.5053668,1773702795505372764,Sr02_gA_IMG1_LID1_STA1_GRU64_OH0,0317_0012,A,-0.10326825082302094,0.0001064916723407805,0.0,0.0,-1.2193546683519943e-11,-7.338084435101954e-14,0.0025678137913087294,33.80335215950034
1773702795.6070411,1773702795607048359,Sr02_gA_IMG1_LID1_STA1_GRU64_OH0,0317_0012,A,-0.10324772447347641,9.860174031928182e-05,0.0,0.0,-1.2988613816044328e-11,-7.56373917155772e-14,0.002853116273692558,33.80335215949957
1773702795.705701,1773702795705708098,Sr02_gA_IMG1_LID1_STA1_GRU64_OH0,0317_0012,A,-0.05254048854112625,-0.033976323902606964,0.0,0.0,-1.2991714513192391e-11,-7.564624704705062e-14,0.0028633598050281438,33.80335215949957
1773702795.8070045,1773702795807013926,Sr02_gA_IMG1_LID1_STA1_GRU64_OH0,0317_0012,A,-0.052644599229097366,-0.034167446196079254,0.0,0.0,-1.8832980200594526e-11,-8.930225147245112e-14,0.00116950276069744,33.80335215949386
1773702795.906292,1773702795906299416,Sr02_gA_IMG1_LID1_STA1_GRU64_OH0,0317_0012,A,-0.05525714159011841,0.0006114057032391429,0.0,0.0,-1.5284444296104817e-08,2.1044142627387814e-11,-0.0022376576612384565,33.803352144591
1773702796.0062032,1773702796006211980,Sr02_gA_IMG1_LID1_STA1_GRU64_OH0,0317_0012,A,-0.14508795738220215,-0.007611110340803862,0.0,0.0,-8.818846698133178e-07,3.134963236808375e-09,-0.003570735186418091,33.80335129816584
1773702796.1073015,1773702796107308855,Sr02_gA_IMG1_LID1_STA1_GRU64_OH0,0317_0012,A,-0.14502909779548645,-0.007627670653164387,0.0,0.0,-8.856667532014228e-07,3.1492830267377826e-09,-0.004002934211067207,33.80335129447165
1773702796.2062862,1773702796206297709,Sr02_gA_IMG1_LID1_STA1_GRU64_OH0,0317_0012,A,-0.2054619938135147,-0.006998088676482439,-0.5,0.0,-8.924049502331769e-07,3.1788209654809216e-09,-0.004765022426024258,33.803351287889164
1773702796.3061597,1773702796306166836,Sr02_gA_IMG1_LID1_STA1_GRU64_OH0,0317_0012,A,-0.2055264413356781,-0.007092223968356848,-0.5,0.0,-0.0038264104413131524,2.0413769211080342e-05,-0.005483733571938677,33.799613387172485
1773702796.405787,1773702796405793524,Sr02_gA_IMG1_LID1_STA1_GRU64_OH0,0317_0012,A,-0.5242862701416016,-0.011940972879529,-0.5,0.0,-0.024047496865247063,0.00013832613712426014,-0.006076249823463429,33.77985357067125
1773702796.5050268,1773702796505032953,Sr02_gA_IMG1_LID1_STA1_GRU64_OH0,0317_0012,A,-0.6386144161224365,-0.061432208865880966,-0.5,0.0,-0.061570448862836274,0.0003765120049624869,-0.006566576719328597,33.743183782280745
1773702796.6051018,1773702796605110066,Sr02_gA_IMG1_LID1_STA1_GRU64_OH0,0317_0012,A,-0.596344530582428,-0.05178152024745941,-0.5,0.0,-0.11113527398940089,0.0007660081728130109,-0.010449877059267927,33.69473242302782
1773702796.705422,1773702796705429258,Sr02_gA_IMG1_LID1_STA1_GRU64_OH0,0317_0012,A,-0.42691436409950256,0.09175334870815277,-0.5,0.0,-0.16113075328837537,0.0014333761034577722,-0.016014052129700557,33.6458032509437
1773702796.80745,1773702796807458192,Sr02_gA_IMG1_LID1_STA1_GRU64_OH0,0317_0012,A,-0.37384194135665894,-0.010382234118878841,-0.5,0.0,-0.21100602496167098,0.0022900656263876284,-0.015166188163411944,33.59695298796793
1773702796.9066467,1773702796906654251,Sr02_gA_IMG1_LID1_STA1_GRU64_OH0,0317_0012,A,-0.44268083572387695,0.0021648937836289406,-0.5,0.0,-0.2609520113081916,0.0028850446092727614,-0.011115176201986076,33.54809425400103
1773702797.0054212,1773702797005428877,Sr02_gA_IMG1_LID1_STA1_GRU64_OH0,0317_0012,A,-0.46075013279914856,0.03983238711953163,-0.5,0.0,-0.310948754069021,0.003455454376103229,-0.011400580555182173,33.49919462740254
1773702797.1060584,1773702797106065122,Sr02_gA_IMG1_LID1_STA1_GRU64_OH0,0317_0012,A,-0.45766139030456543,0.04257389158010483,-0.5,0.0,-0.360941872760077,0.003986512671107902,-0.008938496286359817,33.45031045602356
1773702797.205999,1773702797206006658,Sr02_gA_IMG1_LID1_STA1_GRU64_OH0,0317_0012,A,-0.43523648381233215,-0.05139220133423805,-0.5,0.0,-0.4109406441245882,0.004331386428472601,-0.004790778168358003,33.40146512531575
1773702797.3050168,1773702797305024500,Sr02_gA_IMG1_LID1_STA1_GRU64_OH0,0317_0012,A,-0.43720707297325134,-0.05523602291941643,-0.5,0.0,-0.4608966851518639,0.004526927290024969,-0.005306367161466449,33.35269787427962
1773702797.4071186,1773702797407126183,Sr02_gA_IMG1_LID1_STA1_GRU64_OH0,0317_0012,A,-0.34620288014411926,-0.06320962309837341,-0.5,0.0,-0.5108950433595778,0.004924180540771535,-0.010676202106148815,33.30384826377665
1773702797.5076687,1773702797507674846,Sr02_gA_IMG1_LID1_STA1_GRU64_OH0,0317_0012,A,-0.48586997389793396,-0.23074907064437866,-0.5,-0.5,-0.5608903527569474,0.005603234525584345,-0.016678201680086907,33.254942629678325
1773702797.606574,1773702797606581652,Sr02_gA_IMG1_LID1_STA1_GRU64_OH0,0317_0012,A,-0.48587173223495483,-0.23942039906978607,-0.5,-0.5,-0.6106801935025051,0.006654857328156515,-0.028650789429345017,33.20615797614808
1773702797.7048826,1773702797704889908,Sr02_gA_IMG1_LID1_STA1_GRU64_OH0,0317_0012,A,-0.5027367472648621,-0.4465958774089813,-0.5,-0.5,-0.6606268975296992,0.00866918166363577,-0.0522047681872447,33.15700961921775
1773702797.8062148,1773702797806224117,Sr02_gA_IMG1_LID1_STA1_GRU64_OH0,0317_0012,A,-0.5130610466003418,-0.4515848159790039,-0.5,-0.5,-0.7103186982540276,0.011919912620960562,-0.08141196432129238,33.107837449379026
1773702797.9051154,1773702797905123379,Sr02_gA_IMG1_LID1_STA1_GRU64_OH0,0317_0012,A,-0.4555756449699402,-0.4826231896877289,-0.5,-0.5,-0.7599075941261537,0.017059085356786713,-0.1256887380865722,33.058347330998444
1773702798.0054138,1773702798005421026,Sr02_gA_IMG1_LID1_STA1_GRU64_OH0,0317_0012,A,-0.5150244832038879,-0.48771902918815613,-0.5,-0.5,-0.8093502939708223,0.024472288231490093,-0.17270943166302627,33.008494635737925
1773702798.10599,1773702798105997394,Sr02_gA_IMG1_LID1_STA1_GRU64_OH0,0317_0012,A,-0.5221734046936035,-0.4933455288410187,-0.5,-0.5,-0.8583790390256245,0.034254416647944715,-0.22127742672771725,32.95851851008307
1773702798.204681,1773702798204687362,Sr02_gA_IMG1_LID1_STA1_GRU64_OH0,0317_0012,A,-0.3680613040924072,-0.464037150144577,-0.5,-0.5,-0.9068717370010865,0.046418094074991006,-0.2703868449618941,32.908534873910334
1773702798.3053186,1773702798305325445,Sr02_gA_IMG1_LID1_STA1_GRU64_OH0,0317_0012,A,-0.3814009130001068,-0.46704450249671936,-0.5,-0.5,-0.9547142322019122,0.06093107365314772,-0.31796284192013297,32.858662433353246
1773702798.4066176,1773702798406625816,Sr02_gA_IMG1_LID1_STA1_GRU64_OH0,0317_0012,A,-0.4682706296443939,-0.34443843364715576,-0.5,-0.5,-1.0018273427423177,0.07766135251281231,-0.3645469266698126,32.80900851337413
1773702798.5066197,1773702798506626936,Sr02_gA_IMG1_LID1_STA1_GRU64_OH0,0317_0012,A,-0.5126579403877258,-0.4385751187801361,-0.5,-0.5,-1.0481197669978606,0.09647173621843383,-0.4043985395988166,32.75969384517529
1773702798.60796,1773702798607967963,Sr02_gA_IMG1_LID1_STA1_GRU64_OH0,0317_0012,A,-0.5092954635620117,-0.43941497802734375,-0.5,-0.5,-1.093661840452531,0.11696288276585785,-0.4434593521020436,32.710740041249544
1773702798.7062776,1773702798706285130,Sr02_gA_IMG1_LID1_STA1_GRU64_OH0,0317_0012,A,-0.5449389815330505,-0.516949474811554,-0.5,-0.5,-1.138340283063432,0.13940023603529378,-0.48736718399290363,32.66220044451542
1773702798.8051696,1773702798805176491,Sr02_gA_IMG1_LID1_STA1_GRU64_OH0,0317_0012,A,-0.5438580513000488,-0.5259941816329956,-0.5,-0.5,-1.1819363052966503,0.16381012970022357,-0.5353545198331052,32.61428493280348
1773702798.9047716,1773702798904778532,Sr02_gA_IMG1_LID1_STA1_GRU64_OH0,0317_0012,A,-0.514995276927948,-0.4975404441356659,-0.5,-0.5,-1.2242579522356885,0.1904241970602829,-0.5875920717392987,32.56713250646449
1773702799.005005,1773702799005012184,Sr02_gA_IMG1_LID1_STA1_GRU64_OH0,0317_0012,A,-0.546758234500885,-0.46580734848976135,-0.5,-0.5,-1.2651389250180356,0.2192028192592913,-0.6384842114353182,32.52091786141003
1773702799.1067297,1773702799106736336,Sr02_gA_IMG1_LID1_STA1_GRU64_OH0,0317_0012,A,-0.5266407132148743,-0.46861714124679565,-0.5,-0.5,-1.3045491134334695,0.24996582882002422,-0.6863342187020807,32.47571419828653
1773702799.2057555,1773702799205762462,Sr02_gA_IMG1_LID1_STA1_GRU64_OH0,0317_0012,A,-0.6214737296104431,-0.4717927575111389,-0.5,-0.5,-1.342474335884972,0.28254222715709076,-0.7330834703444502,32.43157724293744
1773702799.3059263,1773702799305933492,Sr02_gA_IMG1_LID1_STA1_GRU64_OH0,0317_0012,A,-0.42366382479667664,-0.2486400306224823,-0.5,-0.5,-1.3788306653677487,0.31686067073634583,-0.7801356487677112,32.38860906234563
1773702799.406703,1773702799406710096,Sr02_gA_IMG1_LID1_STA1_GRU64_OH0,0317_0012,A,-0.4330189824104309,-0.2951253354549408,-0.5,-0.5,-1.4135224215682654,0.3526791540533183,-0.8178858978729786,32.34696047770957
1773702799.5053034,1773702799505309590,Sr02_gA_IMG1_LID1_STA1_GRU64_OH0,0317_0012,A,-0.5291016101837158,-0.4807555675506592,-0.5,-0.5,-1.4472176194332729,0.3896020718518151,-0.8453899118121136,32.30606947745349
1773702799.606411,1773702799606418120,Sr02_gA_IMG1_LID1_STA1_GRU64_OH0,0317_0012,A,-0.47863662242889404,-0.48231151700019836,-0.5,-0.5,-1.4796608950492103,0.4273911424486193,-0.8804138857116213,32.26624026981773
1773702799.706429,1773702799706437860,Sr02_gA_IMG1_LID1_STA1_GRU64_OH0,0317_0012,A,-0.42508068680763245,-0.4515465497970581,-0.5,-0.5,-1.5105313985302273,0.4666382388251891,-0.9283614278441343,32.22766264808427
1773702799.8078418,1773702799807849101,Sr02_gA_IMG1_LID1_STA1_GRU64_OH0,0317_0012,A,-0.49790626764297485,-0.4295336902141571,-0.5,-0.5,-1.5395346945696338,0.5073612433639794,-0.9747466291737195,32.190625771556
1773702799.9050188,1773702799905025194,Sr02_gA_IMG1_LID1_STA1_GRU64_OH0,0317_0012,A,-0.4972735643386841,-0.47681549191474915,-0.5,-0.5,-1.566676780216664,0.549348247893764,-1.0185804576992858,32.15517461447994
1773702800.0061388,1773702800006146037,Sr02_gA_IMG1_LID1_STA1_GRU64_OH0,0317_0012,A,-0.4213423430919647,-0.3964155912399292,-0.5,-0.5,-1.5919437615333687,0.5924774557618084,-1.0642653455103177,32.1213539495134
1773702800.1070457,1773702800107052997,Sr02_gA_IMG1_LID1_STA1_GRU64_OH0,0317_0012,A,-0.44609567523002625,-0.47741979360580444,-0.5,-0.5,-1.6152142601753043,0.6367279598031981,-1.1071228850373807,32.08929217119854
1773702800.2049897,1773702800204997300,Sr02_gA_IMG1_LID1_STA1_GRU64_OH0,0317_0012,A,-0.48694267868995667,-0.5971294641494751,-0.5,-0.5,-1.6366176451806804,0.6818695483850449,-1.1509379683700776,32.05891636434141
1773702800.3059006,1773702800305907446,Sr02_gA_IMG1_LID1_STA1_GRU64_OH0,0317_0012,A,-0.468336284160614,-0.5573915839195251,-0.5,-0.5,-1.6558122808236757,0.7279405881114233,-1.203838046646777,32.03055759996695
1773702800.4057086,1773702800405715347,Sr02_gA_IMG1_LID1_STA1_GRU64_OH0,0317_0012,A,-0.6447317004203796,-0.21037191152572632,-0.5,-0.5,-1.672381442800517,0.7751081866738982,-1.2611666645667956,32.004594616742125
1773702800.5058584,1773702800505864491,Sr02_gA_IMG1_LID1_STA1_GRU64_OH0,0317_0012,A,-0.5606514811515808,-0.3878336250782013,-0.5,-0.5,-1.686363556343384,0.8229361934927782,-1.306407070452018,31.981085708840297
1773702800.606564,1773702800606572131,Sr02_gA_IMG1_LID1_STA1_GRU64_OH0,0317_0012,A,-0.6129614114761353,-0.29650571942329407,-0.5,-0.5,-1.6987126916083333,0.8709819197220676,-1.3341682255171265,31.959191764286025
1773702800.7055593,1773702800705566072,Sr02_gA_IMG1_LID1_STA1_GRU64_OH0,0317_0012,A,-0.12446077167987823,-0.14174820482730865,0.0,0.0,-1.7095580885636044,0.919741236407267,-1.3675711571462628,31.93868845135863
1773702800.8056564,1773702800805664602,Sr02_gA_IMG1_LID1_STA1_GRU64_OH0,0317_0012,A,-0.005219074431806803,-0.17749987542629242,0.0,-0.5,-1.7181665800626056,0.9646228427996869,-1.395625287118722,31.921219598463946
1773702800.9057562,1773702800905763492,Sr02_gA_IMG1_LID1_STA1_GRU64_OH0,0317_0012,A,0.10007224231958389,-0.5312948226928711,0.0,-0.5,-1.722698009223966,0.9918686884191341,-1.4180175629974159,31.911322637249658
1773702801.005505,1773702801005512324,Sr02_gA_IMG1_LID1_STA1_GRU64_OH0,0317_0012,A,0.391329288482666,-0.4298657178878784,0.5,-0.5,-1.7242122251763634,1.002249429850914,-1.4385972312556117,31.907765349796037
1773702801.1069307,1773702801106938121,Sr02_gA_IMG1_LID1_STA1_GRU64_OH0,0317_0012,A,0.3994431793689728,-0.41592761874198914,0.5,-0.5,-1.724417793864667,1.0036917336649167,-1.4668012761146527,31.907276060678658
1773702801.2055502,1773702801205557721,Sr02_gA_IMG1_LID1_STA1_GRU64_OH0,0317_0012,A,0.4403994381427765,-0.3409378230571747,0.5,-0.5,-1.7230397967853912,0.9884074952022605,-1.48988864162982,31.911679845758147
1773702801.3083053,1773702801308312203,Sr02_gA_IMG1_LID1_STA1_GRU64_OH0,0317_0012,A,0.42694878578186035,-0.29994428157806396,0.5,-0.5,-1.720746077317179,0.9559242674595467,-1.5084119805547287,31.920439638573374
1773702801.405979,1773702801405985538,Sr02_gA_IMG1_LID1_STA1_GRU64_OH0,0317_0012,A,0.485580176115036,-0.4175902307033539,0.5,-0.5,-1.7182795567722735,0.9095522701072762,-1.5283970352896457,31.932207005012668
1773702801.5060556,1773702801506061731,Sr02_gA_IMG1_LID1_STA1_GRU64_OH0,0317_0012,A,0.4501224756240845,-0.4744432866573334,0.5,-0.5,-1.7169914401156694,0.8598037878782839,-1.5643577774476674,31.94357193797959
1773702801.6057673,1773702801605773928,Sr02_gA_IMG1_LID1_STA1_GRU64_OH0,0317_0012,A,0.44866234064102173,-0.5120131373405457,0.5,-0.5,-1.7177778501817738,0.8098299650001148,-1.6099411331345144,31.95302627647871
1773702801.7050598,1773702801705067038,Sr02_gA_IMG1_LID1_STA1_GRU64_OH0,0317_0012,A,0.49372440576553345,-0.26540902256965637,0.5,-0.5,-1.7209500472839858,0.7599358034450696,-1.6591743651420472,31.960205305649534
1773702801.8049192,1773702801804926279,Sr02_gA_IMG1_LID1_STA1_GRU64_OH0,0317_0012,A,0.4998120367527008,-0.3230257034301758,0.5,-0.5,-1.7264137399098738,0.7104773636121657,-1.6976063953123919,31.965128922612
1773702801.906447,1773702801906454095,Sr02_gA_IMG1_LID1_STA1_GRU64_OH0,0317_0012,A,0.4847644865512848,-0.3788582384586334,0.5,-0.5,-1.7334544426327358,0.6609965201836133,-1.7279455087242808,31.968592048923703
1773702802.0047455,1773702802004752199,Sr02_gA_IMG1_LID1_STA1_GRU64_OH0,0317_0012,A,0.4567307233810425,-0.4068447947502136,0.5,-0.5,-1.74213573337399,0.6117735913588845,-1.764004757603063,31.970474897335862
1773702802.10549,1773702802105498509,Sr02_gA_IMG1_LID1_STA1_GRU64_OH0,0317_0012,A,0.4703750014305115,-0.4812743067741394,0.5,-0.5,-1.752696710546385,0.5629050874242273,-1.8038495703275363,31.97052372599289
1773702802.205713,1773702802205719766,Sr02_gA_IMG1_LID1_STA1_GRU64_OH0,0317_0012,A,0.44534367322921753,-0.6024402379989624,0.5,-0.5,-1.7652960145239545,0.5145638648467226,-1.849327790171789,31.968546758063138
1773702802.3061876,1773702802306194522,Sr02_gA_IMG1_LID1_STA1_GRU64_OH0,0317_0012,A,0.4521843492984772,-0.5472256541252136,0.5,-0.5,-1.7802163011195609,0.4668472826376012,-1.898765957175454,31.9642466228968
1773702802.406914,1773702802406920295,Sr02_gA_IMG1_LID1_STA1_GRU64_OH0,0317_0012,A,0.42685678601264954,-0.582798182964325,0.5,-0.5,-1.7974987922082228,0.4199346584901037,-1.9487659073510457,31.95754359635387
1773702802.5078797,1773702802507886744,Sr02_gA_IMG1_LID1_STA1_GRU64_OH0,0317_0012,A,0.40580955147743225,-0.4547297954559326,0.5,-0.5,-1.8171043363757695,0.3739444264780112,-1.9987658575442553,31.948448719869628
1773702802.6061194,1773702802606127335,Sr02_gA_IMG1_LID1_STA1_GRU64_OH0,0317_0012,A,0.4548095464706421,-0.2781186103820801,0.5,-0.5,-1.838934370550303,0.32896665866341107,-2.04559691127748,31.93703651944433
1773702802.7045598,1773702802704566234,Sr02_gA_IMG1_LID1_STA1_GRU64_OH0,0317_0012,A,0.49302777647972107,-0.31654101610183716,0.5,-0.5,-1.8625651842968114,0.2851654920490299,-2.081564017817454,31.923681501040228
1773702802.8050199,1773702802805027476,Sr02_gA_IMG1_LID1_STA1_GRU64_OH0,0317_0012,A,0.5061153769493103,-0.44921305775642395,0.5,-0.5,-1.8876463058640063,0.24192337933744526,-2.1120347108284796,31.908859963072914
1773702802.904454,1773702802904460770,Sr02_gA_IMG1_LID1_STA1_GRU64_OH0,0317_0012,A,0.5016953945159912,-0.41683822870254517,0.5,-0.5,-1.9140926917466232,0.19965397355915532,-2.150736649562683,31.892560856253734
1773702803.0061352,1773702803006145402,Sr02_gA_IMG1_LID1_STA1_GRU64_OH0,0317_0012,A,0.48722511529922485,-0.549906849861145,0.5,-0.5,-1.9423890064575722,0.15843572610806475,-2.1933916802249973,31.8742915971793
1773702803.1042485,1773702803104254804,Sr02_gA_IMG1_LID1_STA1_GRU64_OH0,0317_0012,A,0.47080790996551514,-0.524860680103302,0.5,-0.5,-1.9724157351659333,0.11853891860240082,-2.2403979805552865,31.854104482132787
1773702803.204326,1773702803204333149,Sr02_gA_IMG1_LID1_STA1_GRU64_OH0,0317_0012,A,0.446022093296051,-0.5155861973762512,0.5,-0.5,-2.0044163698232498,0.08012748561573418,-2.290397930573602,31.83172122272778
1773702803.3054602,1773702803305468235,Sr02_gA_IMG1_LID1_STA1_GRU64_OH0,0317_0012,A,0.47136592864990234,-0.41710057854652405,0.5,-0.5,-2.038296781699851,0.043363420365774064,-2.3403978807667385,31.80719203519225
1773702803.4057047,1773702803405711507,Sr02_gA_IMG1_LID1_STA1_GRU64_OH0,0317_0012,A,0.49227404594421387,-0.3969523310661316,0.5,-0.5,-2.073899656876853,0.008268265022714298,-2.38460812331976,31.780660288508464
1773702803.5049288,1773702803504936309,Sr02_gA_IMG1_LID1_STA1_GRU64_OH0,0317_0012,A,0.44271889328956604,-0.39132964611053467,0.5,-0.5,-2.1109342346124818,-0.02531899684285214,-2.4249077723831056,31.75244149221965
1773702803.6059039,1773702803605910797,Sr02_gA_IMG1_LID1_STA1_GRU64_OH0,0317_0012,A,0.4441162049770355,-0.39004889130592346,0.5,-0.5,-2.149271140832943,-0.057411989918623334,-2.464209372654208,31.722660336315624
1773702803.70466,1773702803704666588,Sr02_gA_IMG1_LID1_STA1_GRU64_OH0,0317_0012,A,0.5056917071342468,-0.33960777521133423,0.5,-0.5,-2.188834111522427,-0.08798082352917745,-2.503252633252697,31.691379689093335
1773702803.8067796,1773702803806788656,Sr02_gA_IMG1_LID1_STA1_GRU64_OH0,0317_0012,A,0.5149422883987427,-0.38120123744010925,0.5,-0.5,-2.229523815022228,-0.11703407693332861,-2.538726629350723,31.658693829586177
1773702803.9049168,1773702803904924467,Sr02_gA_IMG1_LID1_STA1_GRU64_OH0,0317_0012,A,0.5299960970878601,-0.393782377243042,0.5,-0.5,-2.271204745580897,-0.1446338322597762,-2.5755751410189163,31.624744950295568
1773702804.007364,1773702804007371177,Sr02_gA_IMG1_LID1_STA1_GRU64_OH0,0317_0012,A,0.49886271357536316,-0.3592357039451599,0.5,-0.5,-2.3139155770008664,-0.17062355913138746,-2.614575884327765,31.589454166896314
1773702804.1065633,1773702804106569694,Sr02_gA_IMG1_LID1_STA1_GRU64_OH0,0317_0012,A,0.5157058835029602,-0.28660881519317627,0.5,-0.5,-2.3575948476246764,-0.19495133603625503,-2.6515358271761045,31.552864398779644
1773702804.2051535,1773702804205161636,Sr02_gA_IMG1_LID1_STA1_GRU64_OH0,0317_0012,A,0.48917752504348755,-0.23303015530109406,0.5,-0.5,-2.3797415275801277,-0.20651856685389533,-2.6681774581648248,31.534141891787495
1773702804.305053,1773702804305059511,Sr02_gA_IMG1_LID1_STA1_GRU64_OH0,0317_0012,A,0.48718124628067017,-0.32598671317100525,0.5,-0.5,-2.4245500395539503,-0.22867358631772908,-2.695809134004733,31.49598667715987
1773702804.4050024,1773702804405008921,Sr02_gA_IMG1_LID1_STA1_GRU64_OH0,0317_0012,A,0.4878769814968109,-0.33170926570892334,0.5,-0.5,-2.4698773632756588,-0.24968494242323971,-2.720007399269717,31.457084176459063
1773702804.5049183,1773702804504925030,Sr02_gA_IMG1_LID1_STA1_GRU64_OH0,0317_0012,A,0.480277955532074,-0.19493582844734192,0.5,-0.5,-2.515792997829488,-0.2693893812470589,-2.752603786247698,31.417324449492618
1773702804.6054192,1773702804605426465,Sr02_gA_IMG1_LID1_STA1_GRU64_OH0,0317_0012,A,0.48425886034965515,-0.10312754660844803,0.5,0.0,-2.5623255275613706,-0.28757359019641054,-2.7843951175328217,31.376624570481937
1773702804.7049873,1773702804704994958,Sr02_gA_IMG1_LID1_STA1_GRU64_OH0,0317_0012,A,0.48277878761291504,-0.1006813496351242,0.5,0.0,-2.6092692727683335,-0.3045656123727469,-2.8029908595020925,31.335260745322902
1773702804.8045845,1773702804804590963,Sr02_gA_IMG1_LID1_STA1_GRU64_OH0,0317_0012,A,0.4817139208316803,-0.24409367144107819,0.5,-0.5,-2.6565149942952293,-0.32093079992041734,-2.813254698203514,31.293475098353
1773702804.9049544,1773702804904961334,Sr02_gA_IMG1_LID1_STA1_GRU64_OH0,0317_0012,A,0.4859638810157776,-0.1953621506690979,0.5,-0.5,-2.703894306613564,-0.336801580956087,-2.824260082822358,31.25146216805769
1773702805.005574,1773702805005580337,Sr02_gA_IMG1_LID1_STA1_GRU64_OH0,0317_0012,A,0.47709956765174866,-0.22385965287685394,0.5,-0.5,-2.7514399312064133,-0.3518340961275218,-2.8465780708892567,31.209104094561145
1773702805.106251,1773702805106258444,Sr02_gA_IMG1_LID1_STA1_GRU64_OH0,0317_0012,A,0.449327677488327,-0.2224060595035553,0.5,-0.5,-2.7994195592282205,-0.36590082951498504,-2.8666841866049184,31.16610805154437
1773702805.2046049,1773702805204611146,Sr02_gA_IMG1_LID1_STA1_GRU64_OH0,0317_0012,A,0.5099797248840332,0.01040500309318304,0.5,0.0,-2.8476899178325676,-0.37893416694120485,-2.889041042794388,31.122594015060375
1773702805.3061726,1773702805306180457,Sr02_gA_IMG1_LID1_STA1_GRU64_OH0,0317_0012,A,0.5233593583106995,-0.049861397594213486,0.5,0.0,-2.896204937372449,-0.39088586554075133,-2.91008982125014,31.07859242467825
1773702805.405625,1773702805405631697,Sr02_gA_IMG1_LID1_STA1_GRU64_OH0,0317_0012,A,0.5218756198883057,-0.03196791559457779,0.5,0.0,-2.9446626918709815,-0.4021817872241306,-2.9135521731898386,31.03450007081439
1773702805.505948,1773702805505953934,Sr02_gA_IMG1_LID1_STA1_GRU64_OH0,0317_0012,A,0.4978186786174774,-0.012045592069625854,0.5,0.0,-2.9933958330525643,-0.41336551724428927,-2.9181804414803167,30.990130132460887
1773702805.6057808,1773702805605790699,Sr02_gA_IMG1_LID1_STA1_GRU64_OH0,0317_0012,A,0.5219253301620483,-0.03220384940505028,0.5,0.0,-3.0421703741264285,-0.42436742391498533,-2.9209787971166,30.94569149496817
1773702805.705762,1773702805705768707,Sr02_gA_IMG1_LID1_STA1_GRU64_OH0,0317_0012,A,0.5301721096038818,0.03530437499284744,0.5,0.0,-3.0909655528470585,-0.43527750117345815,-2.9225865057929603,30.901226687074672
1773702805.8058376,1773702805805844987,Sr02_gA_IMG1_LID1_STA1_GRU64_OH0,0317_0012,A,0.5218287706375122,-0.020061902701854706,0.5,0.0,-3.1397664897338826,-0.44606159089420777,-2.924784307812583,30.856741336681416
1773702805.9060805,1773702805906087716,Sr02_gA_IMG1_LID1_STA1_GRU64_OH0,0317_0012,A,0.51307612657547,-0.01864560879766941,0.5,0.0,-3.18856665786834,-0.45689679054708865,-2.922193736208282,30.81228655458182
1773702806.0062914,1773702806006298747,Sr02_gA_IMG1_LID1_STA1_GRU64_OH0,0317_0012,A,0.5002964735031128,-0.026538966223597527,0.5,0.0,-3.237378929529972,-0.46773011815783916,-2.9241715925057576,30.76783657766827
1773702806.1059086,1773702806105917923,Sr02_gA_IMG1_LID1_STA1_GRU64_OH0,0317_0012,A,0.4958246350288391,-0.0488763265311718,0.5,0.0,-3.286211972425665,-0.4784694297146076,-2.9261940117383842,30.7233595602983
1773702806.2065349,1773702806206542735,Sr02_gA_IMG1_LID1_STA1_GRU64_OH0,0317_0012,A,0.5149276256561279,-0.1008172482252121,0.5,0.0,-3.3350717175599303,-0.4890865338337645,-2.929518006541407,30.67884242939536
1773702806.3057773,1773702806305783890,Sr02_gA_IMG1_LID1_STA1_GRU64_OH0,0317_0012,A,0.5014002919197083,-0.00014215230476111174,0.5,0.0,-3.383966721481888,-0.4994851849354524,-2.9352869530166665,30.63425201380624
1773702806.4065468,1773702806406553931,Sr02_gA_IMG1_LID1_STA1_GRU64_OH0,0317_0012,A,0.5171815752983093,-0.0075253755785524845,0.5,0.0,-3.432906165288367,-0.5094831612221427,-2.9433293118879607,30.589532123033845
1773702806.5060852,1773702806506091175,Sr02_gA_IMG1_LID1_STA1_GRU64_OH0,0317_0012,A,0.49820321798324585,0.036493051797151566,0.5,0.0,-3.48192706479738,-0.5193295324185004,-2.9435650305011616,30.544710588753535
1773702806.6065292,1773702806606540472,Sr02_gA_IMG1_LID1_STA1_GRU64_OH0,0317_0012,A,0.49935245513916016,0.03547167032957077,0.5,0.0,-3.5309408869751118,-0.529154645834876,-2.943059106026361,30.499906483330527
1773702806.706384,1773702806706391278,Sr02_gA_IMG1_LID1_STA1_GRU64_OH0,0317_0012,A,0.5125943422317505,0.0751616433262825,0.5,0.0,-3.5799406703477117,-0.5391054332530842,-2.9394404484369367,30.455164714183837
1773702806.8053696,1773702806805377109,Sr02_gA_IMG1_LID1_STA1_GRU64_OH0,0317_0012,A,0.5243793725967407,0.02435128018260002,0.5,0.0,-3.628893531009433,-0.5492375795907999,-2.9347366153022665,30.410531863924778
1773702806.9057872,1773702806905794526,Sr02_gA_IMG1_LID1_STA1_GRU64_OH0,0317_0012,A,0.52245032787323,0.02621699869632721,0.5,0.0,-3.6777794715360863,-0.5596783360546451,-2.9286345823496833,30.366060905076726
1773702807.0060716,1773702807006078917,Sr02_gA_IMG1_LID1_STA1_GRU64_OH0,0317_0012,A,0.5032861828804016,0.07003508508205414,0.5,0.0,-3.7266369636566745,-0.5703058413552823,-2.9261434869351333,30.32168349995312
1773702807.1055496,1773702807105558759,Sr02_gA_IMG1_LID1_STA1_GRU64_OH0,0317_0012,A,0.507774829864502,0.05988755449652672,0.5,0.0,-3.775454100286862,-0.5810655372662026,-2.9222770450539475,30.277397278487296
1773702807.2049403,1773702807204947471,Sr02_gA_IMG1_LID1_STA1_GRU64_OH0,0317_0012,A,0.5066449046134949,-0.035071395337581635,0.5,0.0,-3.824218445362722,-0.5921121988838958,-2.915577966844891,30.23325535020935
1773702807.3045824,1773702807304589715,Sr02_gA_IMG1_LID1_STA1_GRU64_OH0,0317_0012,A,0.47932347655296326,-0.08017471432685852,0.5,0.0,-3.8728719437496117,-0.6034406616624979,-2.911557291202435,30.18931303612225
1773702807.405156,1773702807405162565,Sr02_gA_IMG1_LID1_STA1_GRU64_OH0,0317_0012,A,0.48043859004974365,-0.0808945819735527,0.5,0.0,-3.9215656899778755,-0.6147444491036581,-2.916332348008157,30.145344103600628
1773702807.5066504,1773702807506655983,Sr02_gA_IMG1_LID1_STA1_GRU64_OH0,0317_0012,A,0.4894949793815613,-0.05890077352523804,0.5,0.0,-3.970346768927296,-0.6257168040369602,-2.924371400673311,30.101221714880445
1773702807.6053143,1773702807605321804,Sr02_gA_IMG1_LID1_STA1_GRU64_OH0,0317_0012,A,0.47531428933143616,-0.06354077160358429,0.5,0.0,-4.019213790353998,-0.6362998934533816,-2.931801048920049,30.0569311891858
1773702807.7058876,1773702807705894805,Sr02_gA_IMG1_LID1_STA1_GRU64_OH0,0317_0012,A,0.5059127807617188,-0.04218045994639397,0.5,0.0,-4.068148099169814,-0.6465675915835046,-2.9378303132428756,30.012509502244274
1773702807.8064628,1773702807806469378,Sr02_gA_IMG1_LID1_STA1_GRU64_OH0,0317_0012,A,0.4876643121242523,0.031524982303380966,0.5,0.0,-4.117144573424328,-0.6565344327666699,-2.9435435876246,29.967964904360723
1773702807.9060357,1773702807906041952,Sr02_gA_IMG1_LID1_STA1_GRU64_OH0,0317_0012,A,0.48318442702293396,0.04021013155579567,0.5,0.0,-4.166154320146531,-0.6662741142179021,-2.945976332534982,29.923363742546915
1773702808.006786,1773702808006793023,Sr02_gA_IMG1_LID1_STA1_GRU64_OH0,0317_0012,A,0.46076691150665283,0.006821887567639351,0.5,0.0,-4.215184934537616,-0.6760718790870068,-2.9425632958047903,29.878775114621355
1773702808.1085312,1773702808108540537,Sr02_gA_IMG1_LID1_STA1_GRU64_OH0,0317_0012,A,0.4620244801044464,0.0029481733217835426,0.5,0.0,-4.264179380844818,-0.6860489306790504,-2.939543910053346,29.834286885744387
1773702808.2057912,1773702808205799171,Sr02_gA_IMG1_LID1_STA1_GRU64_OH0,0317_0012,A,0.41154712438583374,-0.13224910199642181,0.5,0.0,-4.313159001783732,-0.6960986241967577,-2.938977930198081,29.78985008221793
1773702808.3062112,1773702808306218200,Sr02_gA_IMG1_LID1_STA1_GRU64_OH0,0317_0012,A,0.42758190631866455,-0.12564268708229065,0.5,0.0,-4.362074815092356,-0.7061431372193498,-2.9406004879739838,29.745490944265644
1773702808.405559,1773702808405565700,Sr02_gA_IMG1_LID1_STA1_GRU64_OH0,0317_0012,A,0.4471849203109741,-0.09853677451610565,0.5,0.0,-4.4110829621842935,-0.7158031981336089,-2.9534006625460445,29.700955988266248
1773702808.5069559,1773702808506962403,Sr02_gA_IMG1_LID1_STA1_GRU64_OH0,0317_0012,A,0.5053799748420715,-0.05479174479842186,0.5,0.0,-4.4602565596104435,-0.7248545540138773,-2.9651517550601243,29.65611294449124
1773702808.6089945,1773702808609000747,Sr02_gA_IMG1_LID1_STA1_GRU64_OH0,0317_0012,A,0.49914777278900146,-0.04029231145977974,0.5,0.0,-4.509511446060442,-0.7333958493073484,-2.973728262098247,29.611068625681366
1773702808.7053735,1773702808705380350,Sr02_gA_IMG1_LID1_STA1_GRU64_OH0,0317_0012,A,0.4854264259338379,-0.05461511015892029,0.5,0.0,-4.558830743963314,-0.7416178295962611,-2.978772457057947,29.565890644866485
1773702808.8043542,1773702808804361381,Sr02_gA_IMG1_LID1_STA1_GRU64_OH0,0317_0012,A,0.4868764281272888,-0.07370389997959137,0.5,0.0,-4.608186148765428,-0.7496203143075019,-2.983231354388155,29.520633115781358
1773702808.9057322,1773702808905741613,Sr02_gA_IMG1_LID1_STA1_GRU64_OH0,0317_0012,A,0.49202868342399597,-0.03338409215211868,0.5,0.0,-4.657582439368387,-0.7573662125864526,-2.9892655047012537,29.47528085236227
1773702809.0048437,1773702809004850681,Sr02_gA_IMG1_LID1_STA1_GRU64_OH0,0317_0012,A,0.4810355603694916,0.059099890291690826,0.5,0.0,-4.7070249338803745,-0.7647790141329408,-2.9954434777773016,29.429807157681815
1773702809.1057115,1773702809105719259,Sr02_gA_IMG1_LID1_STA1_GRU64_OH0,0317_0012,A,0.49415063858032227,0.08921488374471664,0.5,0.0,-4.756460038366774,-0.7719836090513272,-2.9968544239941033,29.38429755381517
1773702809.2041116,1773702809204117722,Sr02_gA_IMG1_LID1_STA1_GRU64_OH0,0317_0012,A,0.49228549003601074,0.07691407203674316,0.5,0.0,-4.805914606386138,-0.7793481394740076,-2.990041028958336,29.338828155563657
1773702809.3067558,1773702809306763718,Sr02_gA_IMG1_LID1_STA1_GRU64_OH0,0317_0012,A,0.5064173340797424,0.09235785156488419,0.5,0.0,-4.855307615669396,-0.7871143929666143,-2.981488570211199,29.293544522881508
1773702809.4062507,1773702809406257895,Sr02_gA_IMG1_LID1_STA1_GRU64_OH0,0317_0012,A,0.5181183815002441,0.04548368602991104,0.5,0.0,-4.9046364283373025,-0.7952786128615569,-2.9733338743187674,29.248449010817076
1773702809.5071683,1773702809507174511,Sr02_gA_IMG1_LID1_STA1_GRU64_OH0,0317_0012,A,0.502278745174408,0.0271818395704031,0.5,0.0,-4.953881327916067,-0.8038678471311298,-2.965438561519366,29.20356899906357
1773702809.6094115,1773702809609419032,Sr02_gA_IMG1_LID1_STA1_GRU64_OH0,0317_0012,A,0.4917581379413605,0.03607587516307831,0.5,0.0,-5.0030882129758405,-0.812737938724794,-2.96143924009152,29.15882091939977
1773702809.7064111,1773702809706418379,Sr02_gA_IMG1_LID1_STA1_GRU64_OH0,0317_0012,A,0.5028334259986877,-0.016714924946427345,0.5,0.0,-5.052266420405056,-0.8217657749118745,-2.9584542463055086,29.114161839789126
1773702809.805134,1773702809805140603,Sr02_gA_IMG1_LID1_STA1_GRU64_OH0,0317_0012,A,0.499843955039978,-0.022768346592783928,0.5,0.0,-5.101404400636771,-0.8309482161259848,-2.956288886876244,29.069602366309685
1773702809.9054568,1773702809905463668,Sr02_gA_IMG1_LID1_STA1_GRU64_OH0,0317_0012,A,0.5027499794960022,-0.01746031828224659,0.5,0.0,-5.150556338972453,-0.8401180558437049,-2.958141972979584,29.0250436250733
1773702810.0061884,1773702810006194971,Sr02_gA_IMG1_LID1_STA1_GRU64_OH0,0317_0012,A,0.49329259991645813,-0.00659944349899888,0.5,0.0,-5.19972746467634,-0.849184427983017,-2.9602595672001453,28.98045488980457
1773702810.106303,1773702810106309213,Sr02_gA_IMG1_LID1_STA1_GRU64_OH0,0317_0012,A,0.48811018466949463,-0.016425488516688347,0.5,0.0,-5.24891507925512,-0.8581609401165826,-2.961679778681073,28.935842479415097
1773702810.2068312,1773702810206837814,Sr02_gA_IMG1_LID1_STA1_GRU64_OH0,0317_0012,A,0.49625706672668457,-0.020473510026931763,0.5,0.0,-5.298111383335045,-0.8670897240080334,-2.9626344956427006,28.89122577390593
1773702810.3052912,1773702810305298377,Sr02_gA_IMG1_LID1_STA1_GRU64_OH0,0317_0012,A,0.5047661662101746,0.017697997391223907,0.5,0.0,-5.347320312327473,-0.8759486384715628,-2.9643984790615687,28.84659465230933
1773702810.4065697,1773702810406576939,Sr02_gA_IMG1_LID1_STA1_GRU64_OH0,0317_0012,A,0.4970483183860779,0.0472392775118351,0.5,0.0,-5.396541328175588,-0.8847193235551588,-2.9653137698070826,28.801944300604678
1773702810.506075,1773702810506080808,Sr02_gA_IMG1_LID1_STA1_GRU64_OH0,0317_0012,A,0.5032985806465149,0.03478357195854187,0.5,0.0,-5.445757515793475,-0.8935377862431305,-2.962657758811866,28.757329899141688
1773702810.6062896,1773702810606295646,Sr02_gA_IMG1_LID1_STA1_GRU64_OH0,0317_0012,A,0.5032618045806885,0.0339081697165966,0.5,0.0,-5.494938511606654,-0.9025502879105386,-2.9583075005048762,28.712822855561853
1773702810.7071223,1773702810707128612,Sr02_gA_IMG1_LID1_STA1_GRU64_OH0,0317_0012,A,0.504227340221405,-0.030081739649176598,0.5,0.0,-5.5440851089671925,-0.9117486115110213,-2.9548554101613487,28.668420538181874
1773702810.8056486,1773702810805655277,Sr02_gA_IMG1_LID1_STA1_GRU64_OH0,0317_0012,A,0.511505663394928,-0.045102059841156006,0.5,0.0,-5.593187017539123,-0.9211007757870211,-2.9531159358683805,28.62412402064565
1773702810.9055307,1773702810905537398,Sr02_gA_IMG1_LID1_STA1_GRU64_OH0,0317_0012,A,0.5049713253974915,-0.03799872472882271,0.5,0.0,-5.642316193514904,-0.9303917077545995,-2.9565747001729576,28.57980238956603
1773702811.006102,1773702811006109099,Sr02_gA_IMG1_LID1_STA1_GRU64_OH0,0317_0012,A,0.4889133870601654,-0.05031624436378479,0.5,0.0,-5.69148312626429,-0.9394806267225879,-2.960871804145582,28.53540457336316
1773702811.1055517,1773702811105558361,Sr02_gA_IMG1_LID1_STA1_GRU64_OH0,0317_0012,A,0.4903002083301544,-0.04382820427417755,0.5,0.0,-5.740686286975697,-0.9483713636102523,-2.9650411862834787,28.490932798839754
1773702811.2054162,1773702811205422703,Sr02_gA_IMG1_LID1_STA1_GRU64_OH0,0317_0012,A,0.4857088029384613,0.0010117057245224714,0.5,0.0,-5.78993068095768,-0.9570307143684218,-2.9698781662600093,28.446372214263985
1773702811.3069398,1773702811306947467,Sr02_gA_IMG1_LID1_STA1_GRU64_OH0,0317_0012,A,0.5097360610961914,-0.02090710960328579,0.5,0.0,-5.839201356640035,-0.9654736616553401,-2.9729755323073745,28.401741095199675
1773702811.4062169,1773702811406225030,Sr02_gA_IMG1_LID1_STA1_GRU64_OH0,0317_0012,A,0.4916861951351166,-0.03136659786105156,0.5,0.0,-5.8884926451117225,-0.9738622549171109,-2.9735319098707746,28.357092157899118
1773702811.5052419,1773702811505248041,Sr02_gA_IMG1_LID1_STA1_GRU64_OH0,0317_0012,A,0.500190258026123,-0.04718325659632683,0.5,0.0,-5.937797288016121,-0.9821719326599762,-2.975936393353248,28.312425066049894
1773702811.6060767,1773702811606083185,Sr02_gA_IMG1_LID1_STA1_GRU64_OH0,0317_0012,A,0.5010340809822083,-0.04870630428195,0.5,0.0,-5.987126228716101,-0.9903360463238517,-2.979547534980627,28.267709565861566
1773702811.7050827,1773702811705089685,Sr02_gA_IMG1_LID1_STA1_GRU64_OH0,0317_0012,A,0.5027166604995728,-0.05904858559370041,0.5,0.0,-6.036490096981611,-0.9982861085167587,-2.9843115428774323,28.22291496698318
1773702811.805568,1773702811805575540,Sr02_gA_IMG1_LID1_STA1_GRU64_OH0,0317_0012,A,0.5073987245559692,-0.04754578694701195,0.5,0.0,-6.085892165391257,-1.005995187867857,-2.989492425502936,28.178029763475077
1773702811.9053779,1773702811905385491,Sr02_gA_IMG1_LID1_STA1_GRU64_OH0,0317_0012,A,0.5090847015380859,-0.04065193980932236,0.5,0.0,-6.135336319357722,-1.0134295004289273,-2.994937171789419,28.133039747265745
1773702812.0065687,1773702812006575524,Sr02_gA_IMG1_LID1_STA1_GRU64_OH0,0317_0012,A,0.5040303468704224,-0.05228452757000923,0.5,0.0,-6.184816546576136,-1.0206199367030617,-2.9994849328459963,28.08795938549252
1773702812.106436,1773702812106443006,Sr02_gA_IMG1_LID1_STA1_GRU64_OH0,0317_0012,A,0.5102813243865967,-0.05258159339427948,0.5,0.0,-6.234327145730821,-1.0275982145305087,-3.003899088644714,28.042803184754263
1773702812.2056296,1773702812205636738,Sr02_gA_IMG1_LID1_STA1_GRU64_OH0,0317_0012,A,0.49283885955810547,0.034677620977163315,0.5,0.0,-6.283871634386341,-1.0343315352461708,-3.0091394150456647,27.997557578450877
1773702812.3061202,1773702812306126195,Sr02_gA_IMG1_LID1_STA1_GRU64_OH0,0317_0012,A,0.5081323385238647,0.02937825210392475,0.5,0.0,-6.333416159614768,-1.040824103522523,-3.0115958700307415,27.95225568458013
1773702812.4070735,1773702812407080464,Sr02_gA_IMG1_LID1_STA1_GRU64_OH0,0317_0012,A,0.5086643099784851,0.025207197293639183,0.5,0.0,-6.382983215374911,-1.047389499043568,-3.0083400858447327,27.906970208703616
1773702812.5079079,1773702812507913558,Sr02_gA_IMG1_LID1_STA1_GRU64_OH0,0317_0012,A,0.4925217628479004,0.015344331972301006,0.5,0.0,-6.43253035914357,-1.0541035590772145,-3.005569104162025,27.8617647907122
1773702812.605716,1773702812605722249,Sr02_gA_IMG1_LID1_STA1_GRU64_OH0,0317_0012,A,0.49532806873321533,-0.0026939355302602053,0.5,0.0,-6.482060453638176,-1.0609423035935082,-3.003442895002175,27.81662982507504
1773702812.7049038,1773702812704910771,Sr02_gA_IMG1_LID1_STA1_GRU64_OH0,0317_0012,A,0.4966870844364166,0.004758812487125397,0.5,0.0,-6.531579774229131,-1.067858687389793,-3.002629980069294,27.771545381863564
1773702812.8048868,1773702812804892896,Sr02_gA_IMG1_LID1_STA1_GRU64_OH0,0317_0012,A,0.5118778347969055,-0.0018852836219593883,0.5,0.0,-6.581098301610997,-1.0747807624139616,-3.002601269334245,27.72648028505869
1773702812.9052315,1773702812905238045,Sr02_gA_IMG1_LID1_STA1_GRU64_OH0,0317_0012,A,0.49852970242500305,0.0020265658386051655,0.5,0.0,-6.630614829274954,-1.0817171270035677,-3.002391147254302,27.681438403633763
1773702813.004902,1773702813004908381,Sr02_gA_IMG1_LID1_STA1_GRU64_OH0,0317_0012,A,0.4584383964538574,-0.04851039499044418,0.5,0.0,-6.680131618119371,-1.0886516279450398,-3.0024232045304693,27.636412754095353
1773702813.1060574,1773702813106064419,Sr02_gA_IMG1_LID1_STA1_GRU64_OH0,0317_0012,A,0.45679450035095215,-0.05028998479247093,0.5,0.0,-6.72963870508774,-1.095573311191837,-3.0041132090957685,27.59140953694673
1773702813.2053137,1773702813205320130,Sr02_gA_IMG1_LID1_STA1_GRU64_OH0,0317_0012,A,0.45731955766677856,-0.003537470940500498,0.5,0.0,-6.779183451498054,-1.102304786118889,-3.0090354223967815,27.546329168427075
1773702813.304253,1773702813304261658,Sr02_gA_IMG1_LID1_STA1_GRU64_OH0,0317_0012,A,0.460223913192749,0.05601762235164642,0.5,0.0,-6.828747927655204,-1.1088043752766585,-3.012271289268271,27.501175537896312
1773702813.406838,1773702813406846257,Sr02_gA_IMG1_LID1_STA1_GRU64_OH0,0317_0012,A,0.46544045209884644,0.0543539896607399,0.5,0.0,-6.878317931746194,-1.1152620597776184,-3.01046145429627,27.45602045302244
1773702813.5067058,1773702813506711660,Sr02_gA_IMG1_LID1_STA1_GRU64_OH0,0317_0012,A,0.4857667088508606,-0.020957903936505318,0.5,0.0,-6.9278701789216175,-1.1219379926570736,-3.0049262456908763,27.410966650950044
1773702813.6059835,1773702813605989642,Sr02_gA_IMG1_LID1_STA1_GRU64_OH0,0317_0012,A,0.48184654116630554,-0.025432949885725975,0.5,0.0,-6.977356057083963,-1.1288575963410754,-3.0020551558724966,27.366068799185136
1773702813.705178,1773702813705184961,Sr02_gA_IMG1_LID1_STA1_GRU64_OH0,0317_0012,A,0.40370404720306396,-0.03140508010983467,0.5,0.0,-7.0268775720885115,-1.1357581885615922,-3.0043299398300074,27.32114876487686
1773702813.8041282,1773702813804135435,Sr02_gA_IMG1_LID1_STA1_GRU64_OH0,0317_0012,A,0.4613885283470154,0.034361500293016434,0.5,0.0,-7.0764162498684495,-1.1425344340411128,-3.007112110914073,27.276191291029292
1773702813.9050233,1773702813905030880,Sr02_gA_IMG1_LID1_STA1_GRU64_OH0,0317_0012,A,0.4664931297302246,0.03156749904155731,0.5,0.0,-7.125954095785638,-1.1491789670834314,-3.007920981703051,27.231210979555264
1773702814.0050764,1773702814005083710,Sr02_gA_IMG1_LID1_STA1_GRU64_OH0,0317_0012,A,0.49025440216064453,0.015961775556206703,0.5,0.0,-7.175496660474049,-1.1559266810835491,-3.004596595775849,27.186276019264557
1773702814.1061482,1773702814106154724,Sr02_gA_IMG1_LID1_STA1_GRU64_OH0,0317_0012,A,0.49326494336128235,0.014045984484255314,0.5,0.0,-7.225018200785893,-1.162827063908798,-3.002064067070628,27.141426735888246
1773702814.2058234,1773702814205830609,Sr02_gA_IMG1_LID1_STA1_GRU64_OH0,0317_0012,A,0.4879671335220337,0.00981344748288393,0.5,0.0,-7.274526817906612,-1.1698196332765691,-3.0005445221143088,27.096636803788343
1773702814.3054276,1773702814305434751,Sr02_gA_IMG1_LID1_STA1_GRU64_OH0,0317_0012,A,0.4702519476413727,0.04765408858656883,0.5,0.0,-7.3240255615885435,-1.176881766542793,-2.9993092239382686,27.051896476392383
1773702814.4046888,1773702814404695876,Sr02_gA_IMG1_LID1_STA1_GRU64_OH0,0317_0012,A,0.46869003772735596,0.013349687680602074,0.5,0.0,-7.373510061531391,-1.184010267400015,-2.99683095686806,27.007209133249013
1773702814.5057223,1773702814505728980,Sr02_gA_IMG1_LID1_STA1_GRU64_OH0,0317_0012,A,0.49106770753860474,-0.014291396364569664,0.5,0.0,-7.422971729923236,-1.1913273890243794,-2.9934377036973077,26.962621978575548
1773702814.6076767,1773702814607685317,Sr02_gA_IMG1_LID1_STA1_GRU64_OH0,0317_0012,A,0.49313223361968994,-0.017625007778406143,0.5,0.0,-7.472420682046225,-1.1987301385900149,-2.993208357484508,26.91809315955505
1773702814.7050514,1773702814705058579,Sr02_gA_IMG1_LID1_STA1_GRU64_OH0,0317_0012,A,0.4997759163379669,-0.04608727991580963,0.5,0.0,-7.521876701368363,-1.2060854996374855,-2.9947708363593097,26.873561763094138
1773702814.8050613,1773702814805068403,Sr02_gA_IMG1_LID1_STA1_GRU64_OH0,0317_0012,A,0.47006067633628845,0.011374281719326973,0.5,0.0,-7.571346814003843,-1.2133453861930013,-2.997671801614028,26.829005733680212
1773702814.9078875,1773702814907894204,Sr02_gA_IMG1_LID1_STA1_GRU64_OH0,0317_0012,A,0.46991947293281555,0.016100985929369926,0.5,0.0,-7.620832422496466,-1.2204205392835021,-3.0001673717357398,26.784394989039257
1773702815.007035,1773702815007042771,Sr02_gA_IMG1_LID1_STA1_GRU64_OH0,0317_0012,A,0.4799690544605255,-0.016851751133799553,0.5,0.0,-7.670328937216839,-1.2274982759811506,-2.998840881645199,26.739793774728938
1773702815.1055872,1773702815105594654,Sr02_gA_IMG1_LID1_STA1_GRU64_OH0,0317_0012,A,0.48506924510002136,0.020704463124275208,0.5,0.0,-7.719816486579196,-1.234638442170006,-2.9985488679701247,26.695240304412028
1773702815.2065306,1773702815206538646,Sr02_gA_IMG1_LID1_STA1_GRU64_OH0,0317_0012,A,0.4855648875236511,0.0026850453577935696,0.5,0.0,-7.769307022337279,-1.241738883858548,-2.9987414603858236,26.650690493573254
1773702815.306205,1773702815306212762,Sr02_gA_IMG1_LID1_STA1_GRU64_OH0,0317_0012,A,0.48304012417793274,-0.00335107883438468,0.5,0.0,-7.818791357400285,-1.2489012716475878,-2.9973917794700555,26.60618597658755
1773702815.4065344,1773702815406542074,Sr02_gA_IMG1_LID1_STA1_GRU64_OH0,0317_0012,A,0.4847526550292969,0.0029854513704776764,0.5,0.0,-7.868271789245899,-1.2560906069735274,-2.9973647152722753,26.561713456183668
1773702815.506919,1773702815506926118,Sr02_gA_IMG1_LID1_STA1_GRU64_OH0,0317_0012,A,0.48862630128860474,-0.004364753141999245,0.5,0.0,-7.917753483927752,-1.2632712453339667,-2.997446366605815,26.517256602553054
1773702815.6055558,1773702815605563800,Sr02_gA_IMG1_LID1_STA1_GRU64_OH0,0317_0012,A,0.487474262714386,-0.011218521744012833,0.5,0.0,-7.96723427573093,-1.2704581027043134,-2.9974418240952287,26.47282241074655
1773702815.7050705,1773702815705076616,Sr02_gA_IMG1_LID1_STA1_GRU64_OH0,0317_0012,A,0.48443374037742615,0.0021964935585856438,0.5,0.0,-8.016717643460687,-1.2776271960852124,-2.9981524437444307,26.42839985934204
1773702815.8062866,1773702815806293505,Sr02_gA_IMG1_LID1_STA1_GRU64_OH0,0317_0012,A,0.4733750820159912,0.024441523477435112,0.5,0.0,-8.06620738029469,-1.2847521889003226,-2.9987377045214987,26.383976783601884
1773702815.9047718,1773702815904779065,Sr02_gA_IMG1_LID1_STA1_GRU64_OH0,0317_0012,A,0.4722388982772827,0.023755788803100586,0.5,0.0,-8.115696002563528,-1.2918849080726902,-2.9976282727648047,26.33957729394266
1773702816.005399,1773702816005406571,Sr02_gA_IMG1_LID1_STA1_GRU64_OH0,0317_0012,A,0.47778674960136414,-0.0016501354984939098,0.5,0.0,-8.16516997440095,-1.2991184807204754,-2.9952115533374757,26.295244995004435
1773702816.1046195,1773702816104626858,Sr02_gA_IMG1_LID1_STA1_GRU64_OH0,0317_0012,A,0.4761297404766083,-0.007076568901538849,0.5,0.0,-8.214628031970824,-1.3064601217069745,-2.9938521943255445,26.250983805481486
1773702816.2044654,1773702816204472577,Sr02_gA_IMG1_LID1_STA1_GRU64_OH0,0317_0012,A,0.4940917193889618,-0.01516781747341156,0.5,0.0,-8.264084265671755,-1.3138140731104972,-2.9942342603424352,26.206749057929084
1773702816.3051882,1773702816305195243,Sr02_gA_IMG1_LID1_STA1_GRU64_OH0,0317_0012,A,0.48703163862228394,0.016357462853193283,0.5,0.0,-8.313545448053901,-1.3211346541978612,-2.9952655593095003,26.162519321674452
1773702816.4065914,1773702816406598051,Sr02_gA_IMG1_LID1_STA1_GRU64_OH0,0317_0012,A,0.4835384488105774,0.031571660190820694,0.5,0.0,-8.363014791386957,-1.3283998867877316,-2.995521353366479,26.118284272869523
1773702816.5065494,1773702816506557210,Sr02_gA_IMG1_LID1_STA1_GRU64_OH0,0317_0012,A,0.5111387372016907,-0.008154461160302162,0.5,0.0,-8.41247544568695,-1.3357239806195476,-2.9932770545753153,26.07409790486416
1773702816.604668,1773702816604675112,Sr02_gA_IMG1_LID1_STA1_GRU64_OH0,0317_0012,A,0.5154234766960144,-0.003971788100898266,0.5,0.0,-8.461911103592987,-1.3431744094607891,-2.9916872925809623,26.029998420776916
1773702816.7079887,1773702816707995770,Sr02_gA_IMG1_LID1_STA1_GRU64_OH0,0317_0012,A,0.5163407325744629,0.016706908121705055,0.5,0.0,-8.51135315156359,-1.3506231328695384,-2.9923354336874537,25.985913688333678
1773702816.8060648,1773702816806071333,Sr02_gA_IMG1_LID1_STA1_GRU64_OH0,0317_0012,A,0.5041919350624084,-0.0356486551463604,0.5,0.0,-8.560797484519673,-1.3580566750792893,-2.9919054810994075,25.941843149050307
1773702816.9057143,1773702816905721128,Sr02_gA_IMG1_LID1_STA1_GRU64_OH0,0317_0012,A,0.5164504647254944,-0.01625836081802845,0.5,0.0,-8.610223629702848,-1.3655344689611342,-2.9921862344319603,25.89782619766889
1773702817.0071285,1773702817007135598,Sr02_gA_IMG1_LID1_STA1_GRU64_OH0,0317_0012,A,0.5348095893859863,0.005227705463767052,0.5,0.0,-8.659677995899278,-1.3729008720648508,-2.9947815953870713,25.853766727877346
1773702817.105418,1773702817105424291,Sr02_gA_IMG1_LID1_STA1_GRU64_OH0,0317_0012,A,0.5412512421607971,0.0015203725779429078,0.5,0.0,-8.709144799127136,-1.3801833751357548,-2.995548003931307,25.8096887590037
1773702817.204799,1773702817204806052,Sr02_gA_IMG1_LID1_STA1_GRU64_OH0,0317_0012,A,0.5234462022781372,0.012202738784253597,0.5,0.0,-8.758610950967306,-1.387470314105878,-2.995210597847746,25.765634533713865
1773702817.3049939,1773702817305001464,Sr02_gA_IMG1_LID1_STA1_GRU64_OH0,0317_0012,A,0.5272840261459351,0.02008715644478798,0.5,0.0,-8.808075032065592,-1.3947712930149188,-2.994631275009539,25.721608781441315
1773702817.4064524,1773702817406459720,Sr02_gA_IMG1_LID1_STA1_GRU64_OH0,0317_0012,A,0.5175577402114868,0.03201889619231224,0.5,0.0,-8.857530852210981,-1.4021279896687966,-2.9930167889609085,25.677631706289954
1773702817.505035,1773702817505040594,Sr02_gA_IMG1_LID1_STA1_GRU64_OH0,0317_0012,A,0.4858406186103821,0.05972420051693916,0.5,0.0,-8.906971409166953,-1.4095865135330048,-2.9904114997152265,25.63372593206271
1773702817.6076822,1773702817607691564,Sr02_gA_IMG1_LID1_STA1_GRU64_OH0,0317_0012,A,0.49141666293144226,-0.00750713050365448,0.5,0.0,-8.956386298595067,-1.4172130397341431,-2.9858243735623415,25.589924324233156
1773702817.7050233,1773702817705030173,Sr02_gA_IMG1_LID1_STA1_GRU64_OH0,0317_0012,A,0.49357691407203674,-0.01902751810848713,0.5,0.0,-9.005744182077546,-1.4250796104756724,-2.982907063927085,25.54628164798414
1773702817.8039978,1773702817804004298,Sr02_gA_IMG1_LID1_STA1_GRU64_OH0,0317_0012,A,0.4857155680656433,-0.012309767305850983,0.5,0.0,-9.055120063942663,-1.4329549891167583,-2.984233785175555,25.502648388723955
1773702817.9055672,1773702817905574481,Sr02_gA_IMG1_LID1_STA1_GRU64_OH0,0317_0012,A,0.490151971578598,0.015283667482435703,0.5,0.0,-9.104509064683429,-1.4407476633352732,-2.9858006520006306,25.458997611350107
1773702818.0062664,1773702818006273448,Sr02_gA_IMG1_LID1_STA1_GRU64_OH0,0317_0012,A,0.48900434374809265,0.02355814538896084,0.5,0.0,-9.153905605487797,-1.448492425190243,-2.985651978322816,25.415346531607437
1773702818.1053426,1773702818105350007,Sr02_gA_IMG1_LID1_STA1_GRU64_OH0,0317_0012,A,0.500071108341217,0.06048974394798279,0.5,0.0,-9.203292132121222,-1.4563007460985755,-2.9837098972120493,25.371750388817368
1773702818.2053804,1773702818205386989,Sr02_gA_IMG1_LID1_STA1_GRU64_OH0,0317_0012,A,0.4982497990131378,0.044363100081682205,0.5,0.0,-9.252653637587331,-1.4642421854869936,-2.979520782935518,25.32824779578168
1773702818.3048556,1773702818304862749,Sr02_gA_IMG1_LID1_STA1_GRU64_OH0,0317_0012,A,0.5180738568305969,0.010716423392295837,0.5,0.0,-9.301975359291752,-1.4724496022362974,-2.9742781370409532,25.28489951237866
1773702818.4053802,1773702818405388768,Sr02_gA_IMG1_LID1_STA1_GRU64_OH0,0317_0012,A,0.5185904502868652,0.006890992633998394,0.5,0.0,-9.351262068933014,-1.4808649576771948,-2.9715241396475403,25.241681537647683
1773702818.5060613,1773702818506067100,Sr02_gA_IMG1_LID1_STA1_GRU64_OH0,0317_0012,A,0.4944896697998047,0.006835990585386753,0.5,0.0,-9.400536587264167,-1.4893514977707796,-2.970643767320747,25.19852509498261
1773702818.6044078,1773702818604415197,Sr02_gA_IMG1_LID1_STA1_GRU64_OH0,0317_0012,A,0.4884358048439026,0.005905131809413433,0.5,0.0,-9.449804844838495,-1.4978743130589602,-2.9699574192354388,25.15541264379811
1773702818.7051914,1773702818705199185,Sr02_gA_IMG1_LID1_STA1_GRU64_OH0,0317_0012,A,0.4893883168697357,0.0058503602631390095,0.5,0.0,-9.499067358527682,-1.5064302667363594,-2.969320363446484,25.112342818352918
1773702818.8054056,1773702818805413366,Sr02_gA_IMG1_LID1_STA1_GRU64_OH0,0317_0012,A,0.5164130330085754,0.014732000418007374,0.5,0.0,-9.54832471733611,-1.5150158485011387,-2.9687325897611756,25.069314043383432
1773702818.906237,1773702818906244883,Sr02_gA_IMG1_LID1_STA1_GRU64_OH0,0317_0012,A,0.5149693489074707,0.00834559090435505,0.5,0.0,-9.59757608073005,-1.5236357473425575,-2.967703480195123,25.026328982875267
1773702819.0058904,1773702819005897772,Sr02_gA_IMG1_LID1_STA1_GRU64_OH0,0317_0012,A,0.5269707441329956,-0.03683110699057579,0.5,0.0,-9.64681634943255,-1.5323187962453406,-2.966549597648924,24.983402902301446
1773702819.1061602,1773702819106167520,Sr02_gA_IMG1_LID1_STA1_GRU64_OH0,0317_0012,A,0.5013123750686646,-0.030969640240073204,0.5,0.0,-9.696042083280542,-1.5410187037684022,-2.967900480787472,24.940522777888443
1773702819.205787,1773702819205794805,Sr02_gA_IMG1_LID1_STA1_GRU64_OH0,0317_0012,A,0.5002216696739197,-0.01681114174425602,0.5,0.0,-9.745304929290652,-1.5495726085422075,-2.9712905169998516,24.897582207717285
1773702819.3062701,1773702819306278089,Sr02_gA_IMG1_LID1_STA1_GRU64_OH0,0317_0012,A,0.4941631555557251,0.020897313952445984,0.5,0.0,-9.794593170249966,-1.5579790210293907,-2.9736795630150947,24.854591348280817
1773702819.4044368,1773702819404443201,Sr02_gA_IMG1_LID1_STA1_GRU64_OH0,0317_0012,A,0.4936310946941376,0.02156180888414383,0.5,0.0,-9.843890124489182,-1.5663163425185895,-2.9734859480959064,24.811593742377024
1773702819.505461,1773702819505466908,Sr02_gA_IMG1_LID1_STA1_GRU64_OH0,0317_0012,A,0.49469828605651855,0.019431430846452713,0.5,0.0,-9.893176439773326,-1.5747340541762627,-2.9713629959857566,24.76866137162825
1773702819.604994,1773702819605001592,Sr02_gA_IMG1_LID1_STA1_GRU64_OH0,0317_0012,A,0.49584463238716125,0.014108947478234768,0.5,0.0,-9.942444788804597,-1.583256295120661,-2.9693133357250163,24.725810166140665
1773702819.7051687,1773702819705175632,Sr02_gA_IMG1_LID1_STA1_GRU64_OH0,0317_0012,A,0.49469539523124695,0.012673022225499153,0.5,0.0,-9.991696831551083,-1.5918722906227378,-2.9676363154829897,24.683035090112497
1773702819.8074632,1773702819807474937,Sr02_gA_IMG1_LID1_STA1_GRU64_OH0,0317_0012,A,0.5087427496910095,0.016150696203112602,0.5,0.0,-10.040936249123792,-1.6005601595305987,-2.966297218084252,24.640325145118087
1773702819.9051402,1773702819905147144,Sr02_gA_IMG1_LID1_STA1_GRU64_OH0,0317_0012,A,0.509801983833313,0.022876298055052757,0.5,0.0,-10.090164078898027,-1.6093134460230207,-2.9648560371748194,24.597677348028594
1773702820.0056663,1773702820005673738,Sr02_gA_IMG1_LID1_STA1_GRU64_OH0,0317_0012,A,0.5050826668739319,-0.057200029492378235,0.5,0.0,-10.139377345128658,-1.6181482244991081,-2.9629046957957708,24.555100676691367
1773702820.1052673,1773702820105274579,Sr02_gA_IMG1_LID1_STA1_GRU64_OH0,0317_0012,A,0.5044435262680054,0.044713787734508514,0.5,0.0,-10.188545766142937,-1.6270482073119703,-2.964052613004127,24.512617690866534
1773702820.204656,1773702820204662805,Sr02_gA_IMG1_LID1_STA1_GRU64_OH0,0317_0012,A,0.507726788520813,0.01683952286839485,0.5,0.0,-10.237721031121465,-1.635769559914681,-2.9657458479726415,24.470090868266023
1773702820.3043666,1773702820304374240,Sr02_gA_IMG1_LID1_STA1_GRU64_OH0,0317_0012,A,0.4866645038127899,-0.021760927513241768,0.5,0.0,-10.28693334930466,-1.6446095454907104,-2.9626681673283497,24.427601465375943
1773702820.4044778,1773702820404485658,Sr02_gA_IMG1_LID1_STA1_GRU64_OH0,0317_0012,A,0.48635920882225037,-0.023029254749417305,0.5,0.0,-10.336127195345409,-1.6535253253011781,-2.962897298319998,24.385185759943994
1773702820.5060976,1773702820506103924,Sr02_gA_IMG1_LID1_STA1_GRU64_OH0,0317_0012,A,0.4862377345561981,-0.0021662921644747257,0.5,0.0,-10.38534078389224,-1.662358294227303,-2.9651368027463096,24.34274976472597
1773702820.6077707,1773702820607778874,Sr02_gA_IMG1_LID1_STA1_GRU64_OH0,0317_0012,A,0.4773883819580078,0.0040762778371572495,0.5,0.0,-10.434572176006348,-1.67109152538108,-2.9663965939675827,24.3002889042393
1773702820.7054925,1773702820705499244,Sr02_gA_IMG1_LID1_STA1_GRU64_OH0,0317_0012,A,0.4777105450630188,0.0036564599722623825,0.5,0.0,-10.483807055945482,-1.6798050937385498,-2.966301099635684,24.257846207408498
1773702820.80701,1773702820807017644,Sr02_gA_IMG1_LID1_STA1_GRU64_OH0,0317_0012,A,0.49425163865089417,0.0010881683556362987,0.5,0.0,-10.533039106855524,-1.6885346306685438,-2.9659144630648653,24.21544095851344
1773702820.9061282,1773702820906136620,Sr02_gA_IMG1_LID1_STA1_GRU64_OH0,0317_0012,A,0.49451956152915955,0.00107806664891541,0.5,0.0,-10.582268197638623,-1.697280846481756,-2.9656772300739696,24.1730737426384
1773702821.0064409,1773702821006448079,Sr02_gA_IMG1_LID1_STA1_GRU64_OH0,0317_0012,A,0.4974547326564789,-0.022157052531838417,0.5,0.0,-10.631496056609269,-1.7060339934426936,-2.9655689184898906,24.130739491999474
1773702821.1054947,1773702821105502319,Sr02_gA_IMG1_LID1_STA1_GRU64_OH0,0317_0012,A,0.5001896619796753,0.01008570659905672,0.5,0.0,-10.680725509245105,-1.7147781557270996,-2.9666228483104042,24.088429760357307
1773702821.206578,1773702821206585886,Sr02_gA_IMG1_LID1_STA1_GRU64_OH0,0317_0012,A,0.5003418922424316,0.010140251368284225,0.5,0.0,-10.729968216354859,-1.7234473695677828,-2.967226439221044,24.04610893408427
1773702821.306529,1773702821306536550,Sr02_gA_IMG1_LID1_STA1_GRU64_OH0,0317_0012,A,0.49147090315818787,0.056103937327861786,0.5,0.0,-10.779205659096464,-1.7321464328602314,-2.9662151430596726,24.003833833836357
1773702821.4078326,1773702821407840536,Sr02_gA_IMG1_LID1_STA1_GRU64_OH0,0317_0012,A,0.4917667508125305,0.05642832815647125,0.5,0.0,-10.828418596620228,-1.740919797203512,-2.962989566459817,23.96163940086271
1773702821.5075817,1773702821507589135,Sr02_gA_IMG1_LID1_STA1_GRU64_OH0,0317_0012,A,0.4946189224720001,0.04310694709420204,0.5,0.0,-10.877598021720384,-1.7499407302501546,-2.9573629627237206,23.919600389252132
1773702821.6064675,1773702821606475704,Sr02_gA_IMG1_LID1_STA1_GRU64_OH0,0317_0012,A,0.5052956938743591,0.020418645814061165,0.5,0.0,-10.92672735973972,-1.7592306519061447,-2.95238619692499,23.877741199013496
1773702821.7062693,1773702821706276690,Sr02_gA_IMG1_LID1_STA1_GRU64_OH0,0317_0012,A,0.5056130290031433,0.020367881283164024,0.5,0.0,-10.975817337117922,-1.7687265264980918,-2.9492099051255014,23.836028704939153
1773702821.806447,1773702821806453844,Sr02_gA_IMG1_LID1_STA1_GRU64_OH0,0317_0012,A,0.4649755358695984,0.016321314498782158,0.5,0.0,-11.024885118251323,-1.7783365041807144,-2.9471705820382876,23.79441251847743
1773702821.906178,1773702821906186253,Sr02_gA_IMG1_LID1_STA1_GRU64_OH0,0317_0012,A,0.4651985168457031,0.016550451517105103,0.5,0.0,-11.073933710674517,-1.7880439529123557,-2.9453361221582646,23.752883958480112
1773702822.005916,1773702822005922109,Sr02_gA_IMG1_LID1_STA1_GRU64_OH0,0317_0012,A,0.49444636702537537,0.033424485474824905,0.5,0.0,-11.12296587215622,-1.7978340632561114,-2.9436925367155435,23.71143521611033
1773702822.1058264,1773702822105833924,Sr02_gA_IMG1_LID1_STA1_GRU64_OH0,0317_0012,A,0.47164613008499146,0.00011128158075734973,0.5,0.0,-11.171979701020097,-1.8077155067399455,-2.941193806843565,23.67007182666349
1773702822.2065516,1773702822206558539,Sr02_gA_IMG1_LID1_STA1_GRU64_OH0,0317_0012,A,0.4719981253147125,0.0002514295047149062,0.5,0.0,-11.220966526030226,-1.8177299926230928,-2.9395169958062426,23.628818447553645
1773702822.306272,1773702822306279290,Sr02_gA_IMG1_LID1_STA1_GRU64_OH0,0317_0012,A,0.5046142339706421,0.03751097992062569,0.5,0.0,-11.269949054374022,-1.827765509547786,-2.9394988603460463,23.58761106477607
1773702822.4071918,1773702822407199478,Sr02_gA_IMG1_LID1_STA1_GRU64_OH0,0317_0012,A,0.504781186580658,0.037644822150468826,0.5,0.0,-11.318923704829867,-1.8378241246404299,-2.937621713723269,23.54645402431564
1773702822.506108,1773702822506113722,Sr02_gA_IMG1_LID1_STA1_GRU64_OH0,0317_0012,A,0.5061489939689636,0.014266403391957283,0.5,0.0,-11.36786807168,-1.8480439922636231,-2.933863929919426,23.505422367176894
1773702822.6049047,1773702822604911811,Sr02_gA_IMG1_LID1_STA1_GRU64_OH0,0317_0012,A,0.5074151754379272,-0.0406331829726696,0.5,0.0,-11.416776689310748,-1.8584336664161434,-2.9312683550284446,23.46452516199109
1773702822.7062604,1773702822706267637,Sr02_gA_IMG1_LID1_STA1_GRU64_OH0,0317_0012,A,0.5075638294219971,-0.04063527658581734,0.5,0.0,-11.465662637321158,-1.8688751755149322,-2.932417768301266,23.42370455946437
1773702822.806106,1773702822806113230,Sr02_gA_IMG1_LID1_STA1_GRU64_OH0,0317_0012,A,0.49659764766693115,-0.02468135952949524,0.5,0.0,-11.514593723189797,-1.8791584181041565,-2.936481205441324,23.382815495241594
1773702822.905447,1773702822905456411,Sr02_gA_IMG1_LID1_STA1_GRU64_OH0,0317_0012,A,0.49660226702690125,-0.024670826271176338,0.5,0.0,-11.563563307773181,-1.889256810395151,-2.939587505198219,23.341853232005747
1773702823.0058677,1773702823005875087,Sr02_gA_IMG1_LID1_STA1_GRU64_OH0,0317_0012,A,0.4995000660419464,-0.01397386658936739,0.5,0.0,-11.612558945148319,-1.8992280657110872,-2.9420550051336187,23.30085176600542
1773702823.104784,1773702823104791630,Sr02_gA_IMG1_LID1_STA1_GRU64_OH0,0317_0012,A,0.4987143576145172,0.0004427733365446329,0.5,0.0,-11.661577142473114,-1.9090878499513988,-2.943880275375984,23.259820344217825
1773702823.2046816,1773702823204688402,Sr02_gA_IMG1_LID1_STA1_GRU64_OH0,0317_0012,A,0.4988124966621399,0.0005053003551438451,0.5,0.0,-11.710607372149363,-1.918887655687962,-2.9444126737989116,23.218789059391817
1773702823.3054264,1773702823305433449,Sr02_gA_IMG1_LID1_STA1_GRU64_OH0,0317_0012,A,0.49681106209754944,-0.018551820889115334,0.5,0.0,-11.759638287727592,-1.9286840325753065,-2.9443646449756606,23.177790995349888
1773702823.4053833,1773702823405390843,Sr02_gA_IMG1_LID1_STA1_GRU64_OH0,0317_0012,A,0.49690011143684387,-0.01848617196083069,0.5,0.0,-11.808672068171196,-1.93846604279926,-2.9454575258515696,23.136819932854333
1773702823.5061004,1773702823506106996,Sr02_gA_IMG1_LID1_STA1_GRU64_OH0,0317_0012,A,0.4973345696926117,-0.012400939129292965,0.5,0.0,-11.857722418321083,-1.9481646055438055,-2.9473087660203547,23.09583560150519
1773702823.6060624,1773702823606069781,Sr02_gA_IMG1_LID1_STA1_GRU64_OH0,0317_0012,A,0.497891366481781,-0.008106925524771214,0.5,0.0,-11.906789568578118,-1.9577778258037208,-2.948792271474451,23.054836953496384
1773702823.7060714,1773702823706078681,Sr02_gA_IMG1_LID1_STA1_GRU64_OH0,0317_0012,A,0.4951828420162201,-0.0147280627861619,0.5,0.0,-11.955868331555864,-1.9673315953601478,-2.9497747262506495,23.01383916017342
1773702823.8052232,1773702823805230090,Sr02_gA_IMG1_LID1_STA1_GRU64_OH0,0317_0012,A,0.49891388416290283,-0.016482939943671227,0.5,0.0,-12.004956282395684,-1.9768380373837224,-2.950982680000483,22.97284937446346
1773702823.906776,1773702823906783317,Sr02_gA_IMG1_LID1_STA1_GRU64_OH0,0317_0012,A,0.50493985414505,-0.01565018855035305,0.5,0.0,-12.05405797740188,-1.9862732218368337,-2.95256077498288,22.9318537150387
1773702824.006508,1773702824006522697,Sr02_gA_IMG1_LID1_STA1_GRU64_OH0,0317_0012,A,0.48222920298576355,-0.027395259588956833,0.5,0.0,-12.103174886021149,-1.9956288854138382,-2.954159101915756,22.890847428606936
1773702824.1046503,1773702824104657112,Sr02_gA_IMG1_LID1_STA1_GRU64_OH0,0317_0012,A,0.4846716821193695,-0.014070129953324795,0.5,0.0,-12.152308392462222,-2.0048969534074623,-2.956428812337942,22.849825882768442
1773702824.2056525,1773702824205659660,Sr02_gA_IMG1_LID1_STA1_GRU64_OH0,0317_0012,A,0.486746221780777,-0.017756156623363495,0.5,0.0,-12.20146405681879,-2.014046794442711,-2.95836883753312,22.808771324141656
1773702824.306883,1773702824306890343,Sr02_gA_IMG1_LID1_STA1_GRU64_OH0,0317_0012,A,0.4928727149963379,-0.030174246057868004,0.5,0.0,-12.250634118075714,-2.0231189602772774,-2.959997006651161,22.76770737678218
1773702824.4066708,1773702824406677365,Sr02_gA_IMG1_LID1_STA1_GRU64_OH0,0317_0012,A,0.49717220664024353,-0.03489799052476883,0.5,0.0,-12.299821944621362,-2.0320942595747438,-2.96251769405755,22.7266229832098
1773702824.5069463,1773702824506953636,Sr02_gA_IMG1_LID1_STA1_GRU64_OH0,0317_0012,A,0.4797897934913635,-0.015621841885149479,0.5,0.0,-12.349036494160021,-2.0409218012748513,-2.965818534315203,22.68548876824984
1773702824.6056697,1773702824605679328,Sr02_gA_IMG1_LID1_STA1_GRU64_OH0,0317_0012,A,0.48086127638816833,-0.02444845251739025,0.5,0.0,-12.398278228242127,-2.049596489671422,-2.968151775374712,22.644301922153403
1773702824.705475,1773702824705482551,Sr02_gA_IMG1_LID1_STA1_GRU64_OH0,0317_0012,A,0.48099297285079956,-0.024272505193948746,0.5,0.0,-12.447536144428335,-2.0581788213982275,-2.970243546035776,22.60309739540947
1773702824.8075523,1773702824807558693,Sr02_gA_IMG1_LID1_STA1_GRU64_OH0,0317_0012,A,0.48299822211265564,-0.05895329266786575,0.5,0.0,-12.496814268623801,-2.0666443352560857,-2.972677830598062,22.561861202728668
1773702824.907715,1773702824907721753,Sr02_gA_IMG1_LID1_STA1_GRU64_OH0,0317_0012,A,0.4834927022457123,-0.0581112764775753,0.5,0.0,-12.546117973351754,-2.074959363276559,-2.977185894467198,22.520574172246373
1773702825.0049639,1773702825004971766,Sr02_gA_IMG1_LID1_STA1_GRU64_OH0,0317_0012,A,0.48500317335128784,-0.05343521758913994,0.5,0.0,-12.595467466808243,-2.0829980242362627,-2.9830306938345847,22.479164748779663
1773702825.1052246,1773702825105232322,Sr02_gA_IMG1_LID1_STA1_GRU64_OH0,0317_0012,A,0.48596593737602234,-0.037983380258083344,0.5,0.0,-12.644862247745055,-2.090753601252635,-2.988561252480133,22.437629881790468
1773702825.2043247,1773702825204331110,Sr02_gA_IMG1_LID1_STA1_GRU64_OH0,0317_0012,A,0.48601827025413513,-0.03722891956567764,0.5,0.0,-12.694295983972644,-2.0982570304224146,-2.9929776685957323,22.395987697464832
1773702825.3058772,1773702825305884987,Sr02_gA_IMG1_LID1_STA1_GRU64_OH0,0317_0012,A,0.5100316405296326,-0.04847504198551178,0.5,0.0,-12.743758678917747,-2.1055671988440623,-2.9967307334241142,22.35427161843752
1773702825.406541,1773702825406547449,Sr02_gA_IMG1_LID1_STA1_GRU64_OH0,0317_0012,A,0.5093541741371155,-0.049113862216472626,0.5,0.0,-12.793249718342762,-2.11268285451774,-3.0011283769318937,22.31248125671392
1773702825.5049171,1773702825504923586,Sr02_gA_IMG1_LID1_STA1_GRU64_OH0,0317_0012,A,0.49797454476356506,-0.03420235216617584,0.5,0.0,-12.842774121270873,-2.1195624051728466,-3.006014201860538,22.270593931512426
1773702825.6050408,1773702825605047338,Sr02_gA_IMG1_LID1_STA1_GRU64_OH0,0317_0012,A,0.513028085231781,-0.042810115963220596,0.5,0.0,-12.892329914859143,-2.1262121973674013,-3.010030902314322,22.228613593776203
1773702825.7055104,1773702825705524495,Sr02_gA_IMG1_LID1_STA1_GRU64_OH0,0317_0012,A,0.5127183198928833,-0.042541392147541046,0.5,0.0,-12.941909937238165,-2.132678862496727,-3.0139675903416934,22.186566165674147
1773702825.8051343,1773702825805140685,Sr02_gA_IMG1_LID1_STA1_GRU64_OH0,0317_0012,A,0.5087239742279053,-0.06889220327138901,0.5,0.0,-12.991516723155737,-2.1389368722520317,-3.0182324717359856,22.144438014976977
1773702825.9048672,1773702825904874022,Sr02_gA_IMG1_LID1_STA1_GRU64_OH0,0317_0012,A,0.5132714509963989,-0.05498402193188667,0.5,0.0,-13.041152521240406,-2.144960139266353,-3.0240676299200917,22.102215421659682
1773702826.0045488,1773702826004555533,Sr02_gA_IMG1_LID1_STA1_GRU64_OH0,0317_0012,A,0.5118101835250854,-0.02613288164138794,0.5,0.0,-13.09082601138816,-2.1506642225387154,-3.030122360092096,22.059853569637912
1773702826.1055825,1773702826105589628,Sr02_gA_IMG1_LID1_STA1_GRU64_OH0,0317_0012,A,0.4897194504737854,0.04196925833821297,0.5,0.0,-13.14052793992095,-2.156115382363971,-3.0338897097776925,22.01738867625767
1773702826.2051718,1773702826205178541,Sr02_gA_IMG1_LID1_STA1_GRU64_OH0,0317_0012,A,0.4832059144973755,0.029364675283432007,0.5,0.0,-13.190216392319348,-2.1614745005210376,-3.032758146767517,21.974927703458814
1773702826.306317,1773702826306324615,Sr02_gA_IMG1_LID1_STA1_GRU64_OH0,0317_0012,A,0.47390127182006836,-0.007622241973876953,0.5,0.0,-13.239910282168672,-2.1669985022686014,-3.0293174919701067,21.93256521461686
1773702826.4068615,1773702826406869392,Sr02_gA_IMG1_LID1_STA1_GRU64_OH0,0317_0012,A,0.4840447008609772,-0.0018824052531272173,0.5,0.0,-13.289589904560529,-2.1726403262583895,-3.0285964869445694,21.89029915902304
1773702826.5053482,1773702826505358603,Sr02_gA_IMG1_LID1_STA1_GRU64_OH0,0317_0012,A,0.5123468637466431,-0.004275663290172815,0.5,0.0,-13.339272601451944,-2.178264317470519,-3.0290143246318695,21.84805520004805
1773702826.6059976,1773702826606004318,Sr02_gA_IMG1_LID1_STA1_GRU64_OH0,0317_0012,A,0.4588010609149933,0.03630760312080383,0.5,0.0,-13.388956855722679,-2.183874534515899,-3.0293461582682344,21.805836615466955
1773702826.7061687,1773702826706176273,Sr02_gA_IMG1_LID1_STA1_GRU64_OH0,0317_0012,A,0.4485975205898285,0.0008937070379033685,0.5,0.0,-13.438630394769763,-2.1894988551103847,-3.02737106064706,21.763666824428682
1773702826.8046267,1773702826804634106,Sr02_gA_IMG1_LID1_STA1_GRU64_OH0,0317_0012,A,0.5056793093681335,-0.05446356162428856,0.5,0.0,-13.488297829470108,-2.1952560329057893,-3.0258651094943163,21.72159420866547
1773702826.9086635,1773702826908671788,Sr02_gA_IMG1_LID1_STA1_GRU64_OH0,0317_0012,A,0.523228108882904,-0.10759706050157547,0.5,0.0,-13.537956964816782,-2.2009857606783965,-3.0289198212663644,21.679550586988537
1773702827.0052962,1773702827005303762,Sr02_gA_IMG1_LID1_STA1_GRU64_OH0,0317_0012,A,0.5136223435401917,-0.11602964997291565,0.5,0.0,-13.587648253705574,-2.206428044523447,-3.0373831365914077,21.637384691090052
1773702827.1052976,1773702827105304583,Sr02_gA_IMG1_LID1_STA1_GRU64_OH0,0317_0012,A,0.5327844023704529,-0.1074996069073677,0.5,0.0,-13.637404749726565,-2.211353909203071,-3.0486487730996292,21.594964582834052
1773702827.2052186,1773702827205225677,Sr02_gA_IMG1_LID1_STA1_GRU64_OH0,0317_0012,A,0.5336817502975464,-0.10779118537902832,0.5,0.0,-13.687214099424514,-2.215713142353248,-3.059739923893685,21.552277587361214
1773702827.3057063,1773702827305712991,Sr02_gA_IMG1_LID1_STA1_GRU64_OH0,0317_0012,A,0.5091906189918518,-0.18606838583946228,0.5,-0.5,-13.73706772544195,-2.21953302344353,-3.0705073614617566,21.509341979303542
1773702827.4081848,1773702827408192164,Sr02_gA_IMG1_LID1_STA1_GRU64_OH0,0317_0012,A,0.5087763667106628,-0.24556267261505127,0.5,-0.5,-13.786927100416566,-2.2227593837534525,-3.0853391553304768,21.466166543129443
1773702827.5068784,1773702827506885578,Sr02_gA_IMG1_LID1_STA1_GRU64_OH0,0317_0012,A,0.5219757556915283,-0.22325706481933594,0.5,-0.5,-13.83684522443103,-2.225059972360349,-3.1071858554986522,21.422553383083823
1773702827.6058948,1773702827605902584,Sr02_gA_IMG1_LID1_STA1_GRU64_OH0,0317_0012,A,0.5331991314888,-0.03953084349632263,0.5,0.0,-13.88683141835367,-2.2261863605650216,-3.130403765312475,21.378380077119274
1773702827.7049465,1773702827704953121,Sr02_gA_IMG1_LID1_STA1_GRU64_OH0,0317_0012,A,0.5337072610855103,-0.04055747389793396,0.5,0.0,-13.936669448760608,-2.226269218850423,3.137515868533354,21.33389533961437
1773702827.8061333,1773702827806140515,Sr02_gA_IMG1_LID1_STA1_GRU64_OH0,0317_0012,A,0.481827974319458,-0.2286815047264099,0.5,-0.5,-13.986668489914285,-2.2259656304468125,3.1335011860599287,21.289116387041947
1773702827.9060433,1773702827906050448,Sr02_gA_IMG1_LID1_STA1_GRU64_OH0,0317_0012,A,0.4830281138420105,-0.22950100898742676,0.5,-0.5,-14.036447907642707,-2.2253955388390625,3.1235339222561946,21.244436279747248
1773702828.0059204,1773702828005929033,Sr02_gA_IMG1_LID1_STA1_GRU64_OH0,0317_0012,A,0.3486337661743164,-0.1768813282251358,0.5,-0.5,-14.086389879114266,-2.2239270748822575,3.100742804883781,21.199227331630578
1773702828.1056256,1773702828105632988,Sr02_gA_IMG1_LID1_STA1_GRU64_OH0,0317_0012,A,0.2675074338912964,-0.20095324516296387,0.5,-0.5,-14.13631207786608,-2.2213743198305935,3.0813932008200378,21.153565683218595
1773702828.2051833,1773702828205189819,Sr02_gA_IMG1_LID1_STA1_GRU64_OH0,0317_0012,A,0.288482666015625,-0.2124379426240921,0.5,-0.5,-14.186190676859663,-2.217903328382419,3.0622608026778106,21.10754531301269
1773702828.3043401,1773702828304347129,Sr02_gA_IMG1_LID1_STA1_GRU64_OH0,0317_0012,A,0.4985860586166382,-0.10279712826013565,0.5,0.0,-14.23598891659034,-2.2134263718384295,3.041361592317189,21.061156822380436
1773702828.4072125,1773702828407219776,Sr02_gA_IMG1_LID1_STA1_GRU64_OH0,0317_0012,A,0.35638198256492615,-0.1588294804096222,0.5,-0.5,-14.285639853647899,-2.2080019746051636,3.0267128484518726,21.014484106499022
1773702828.505928,1773702828505934284,Sr02_gA_IMG1_LID1_STA1_GRU64_OH0,0317_0012,A,0.262469083070755,-0.1540115624666214,0.5,-0.5,-14.33525920218027,-2.201955935975224,3.012730887976782,20.967570752211397
1773702828.6050084,1773702828605015492,Sr02_gA_IMG1_LID1_STA1_GRU64_OH0,0317_0012,A,0.15650874376296997,-0.057573627680540085,0.0,0.0,-14.384792358445857,-2.1951430058476666,2.9971852159434724,20.920397596621957
1773702828.7058036,1773702828705810282,Sr02_gA_IMG1_LID1_STA1_GRU64_OH0,0317_0012,A,0.23186026513576508,0.04442765563726425,0.5,0.0,-14.428672648827373,-2.1884476831677206,2.982720058240398,20.878316806885465
1773702828.8055298,1773702828805536918,Sr02_gA_IMG1_LID1_STA1_GRU64_OH0,0317_0012,A,0.3805888891220093,-0.1848716288805008,0.5,-0.5,-14.454374239848638,-2.1841875573620206,2.9717041729005125,20.853518540263465
1773702828.9064133,1773702828906420062,Sr02_gA_IMG1_LID1_STA1_GRU64_OH0,0317_0012,A,0.3866000175476074,-0.1907741129398346,0.5,-0.5,-14.471951698280092,-2.1811364436692995,2.9667700370653645,20.83649755551386
1773702829.0050652,1773702829005072284,Sr02_gA_IMG1_LID1_STA1_GRU64_OH0,0317_0012,A,0.21916793286800385,-0.1630055457353592,0.5,-0.5,-14.489174823600987,-2.17803600481434,2.960154932633291,20.81977018343588
1773702829.1068656,1773702829106874227,Sr02_gA_IMG1_LID1_STA1_GRU64_OH0,0317_0012,A,0.44899144768714905,-0.11822772026062012,0.5,0.0,-14.506377664671016,-2.17482489051817,2.9541581719126877,20.80301131894178
1773702829.2056284,1773702829205634835,Sr02_gA_IMG1_LID1_STA1_GRU64_OH0,0317_0012,A,0.515621542930603,-0.03900473192334175,0.5,0.0,-14.523563041421417,-2.1715215282663434,2.9495500308442626,20.78622684133649
1773702829.3052459,1773702829305252934,Sr02_gA_IMG1_LID1_STA1_GRU64_OH0,0317_0012,A,0.4471651613712311,0.07602833211421967,0.5,0.0,-14.540736664496793,-2.1681575343645063,2.947353006646229,20.76942613764294
1773702829.4065316,1773702829406539340,Sr02_gA_IMG1_LID1_STA1_GRU64_OH0,0317_0012,A,0.4286081790924072,0.01805357076227665,0.5,0.0,-14.55790084422406,-2.1647860952362166,2.948778164211588,20.752631556018247
1773702829.505406,1773702829505412246,Sr02_gA_IMG1_LID1_STA1_GRU64_OH0,0317_0012,A,0.4368867576122284,0.09602376818656921,0.5,0.0,-14.575079332945803,-2.161447026182449,2.9500187874236863,20.73584030142367
1773702829.6053877,1773702829605398088,Sr02_gA_IMG1_LID1_STA1_GRU64_OH0,0317_0012,A,0.44056349992752075,0.03077629581093788,0.5,0.0,-14.592262447485245,-2.1581318697858887,2.9525609068804384,20.719057110347567
1773702829.705846,1773702829705853441,Sr02_gA_IMG1_LID1_STA1_GRU64_OH0,0317_0012,A,0.4912819266319275,0.012554646469652653,0.5,0.0,-14.609454383904719,-2.154862749986854,2.9543231899427775,20.702288457085444
1773702829.8064315,1773702829806438115,Sr02_gA_IMG1_LID1_STA1_GRU64_OH0,0317_0012,A,0.49365565180778503,0.0708393007516861,0.5,0.0,-14.626649659548933,-2.1516112308378217,2.9549539336212636,20.68552615361768
1773702829.9065692,1773702829906577472,Sr02_gA_IMG1_LID1_STA1_GRU64_OH0,0317_0012,A,0.42993780970573425,0.014997766353189945,0.5,0.0,-14.643848071425497,-2.1483763569341767,2.9568213013809155,20.66876995556777
1773702830.005467,1773702830005475484,Sr02_gA_IMG1_LID1_STA1_GRU64_OH0,0317_0012,A,0.4930679202079773,-0.035074882209300995,0.5,0.0,-14.6610526288279,-2.1451743156907943,2.9579325722209213,20.652024666051478
1773702830.1062505,1773702830106258510,Sr02_gA_IMG1_LID1_STA1_GRU64_OH0,0317_0012,A,0.28738710284233093,-0.09881171584129333,0.5,0.0,-14.678257773703685,-2.1419754317322695,2.9572307287732675,20.635281563228215
1773702830.204861,1773702830204867590,Sr02_gA_IMG1_LID1_STA1_GRU64_OH0,0317_0012,A,0.26137760281562805,-0.15430618822574615,0.5,-0.5,-14.695457464964445,-2.1387473859315316,2.9544415774773563,20.61853110605668
1773702830.3051677,1773702830305174532,Sr02_gA_IMG1_LID1_STA1_GRU64_OH0,0317_0012,A,0.2999705672264099,-0.11418790370225906,0.5,0.0,-14.712644642555327,-2.135453424870551,2.9496235762913643,20.601762580448256
1773702830.4056275,1773702830405633577,Sr02_gA_IMG1_LID1_STA1_GRU64_OH0,0317_0012,A,0.32457777857780457,-0.14090675115585327,0.5,0.0,-14.72981524393211,-2.1320740958518063,2.945205754887541,20.584970565799985
1773702830.5067356,1773702830506742107,Sr02_gA_IMG1_LID1_STA1_GRU64_OH0,0317_0012,A,-0.128005251288414,-0.10052388906478882,0.0,0.0,-14.751916011976835,-2.127628156622389,2.941485326185228,20.563314337450574
1773702830.60567,1773702830605677232,Sr02_gA_IMG1_LID1_STA1_GRU64_OH0,0317_0012,A,0.21670947968959808,-0.06318654119968414,0.5,0.0,-14.78009877538035,-2.121870513268913,2.93851180985311,20.53566044240974
1773702830.704434,1773702830704440849,Sr02_gA_IMG1_LID1_STA1_GRU64_OH0,0317_0012,A,0.32841846346855164,0.031901441514492035,0.5,0.0,-14.800765445202831,-2.117585593793038,2.9361236542448514,20.515354497311808
1773702830.805777,1773702830805784225,Sr02_gA_IMG1_LID1_STA1_GRU64_OH0,0317_0012,A,0.4369446039199829,0.18878304958343506,0.5,0.0,-14.816998482738423,-2.114193546633302,2.935131555337906,20.49939372815429
1773702830.9058897,1773702830905897107,Sr02_gA_IMG1_LID1_STA1_GRU64_OH0,0317_0012,A,0.4577690362930298,0.09467633068561554,0.5,0.0,-14.86123221231667,-2.104896089878331,2.9350045115599745,20.455881737328667
1773702831.0076222,1773702831007629116,Sr02_gA_IMG1_LID1_STA1_GRU64_OH0,0317_0012,A,0.4698936939239502,0.09473886340856552,0.5,0.0,-14.934239371032886,-2.090395862435718,2.95466301703864,20.384474109069412
1773702831.1054688,1773702831105475153,Sr02_gA_IMG1_LID1_STA1_GRU64_OH0,0317_0012,A,0.3641430735588074,0.07058758288621902,0.5,0.0,-14.958814762412548,-2.085807955424642,2.9593980764799874,20.360578157864722
1773702831.2058747,1773702831205882225,Sr02_gA_IMG1_LID1_STA1_GRU64_OH0,0317_0012,A,0.35305124521255493,0.12956921756267548,0.5,0.0,-15.032662434629238,-2.072714215624354,2.9719183143514596,20.28911057484757
1773702831.3052356,1773702831305242503,Sr02_gA_IMG1_LID1_STA1_GRU64_OH0,0317_0012,A,0.4055810570716858,0.20960214734077454,0.5,0.5,-15.057296445640958,-2.0685427569710124,2.9763785625594488,20.265367640806467
1773702831.4048624,1773702831404869216,Sr02_gA_IMG1_LID1_STA1_GRU64_OH0,0317_0012,A,0.4654959440231323,0.1531839668750763,0.5,0.0,-15.106635929349238,-2.060648209685026,2.9902501203647556,20.218036702695073
1773702831.5061252,1773702831506130895,Sr02_gA_IMG1_LID1_STA1_GRU64_OH0,0317_0012,A,0.4838927388191223,0.15635831654071808,0.5,0.0,-15.156118373366361,-2.0536252752166577,3.0101772443003583,20.17099932129698
1773702831.6063943,1773702831606401634,Sr02_gA_IMG1_LID1_STA1_GRU64_OH0,0317_0012,A,0.26061153411865234,0.012591524980962276,0.5,0.0,-15.205735520436752,-2.0474536232022333,3.025559105894805,20.124255479130028
1773702831.7060964,1773702831706103507,Sr02_gA_IMG1_LID1_STA1_GRU64_OH0,0317_0012,A,0.2309718132019043,0.08329658210277557,0.5,0.0,-15.255408752360635,-2.042051935211901,3.040055589447308,20.077838757395696
1773702831.8061533,1773702831806159527,Sr02_gA_IMG1_LID1_STA1_GRU64_OH0,0317_0012,A,0.40860337018966675,0.04065177962183952,0.5,0.0,-15.305053223102567,-2.0370566035586184,3.0428991605621003,20.031655353450525
1773702831.9076443,1773702831907650832,Sr02_gA_IMG1_LID1_STA1_GRU64_OH0,0317_0012,A,0.4553634524345398,-0.0351700596511364,0.5,0.0,-15.354820811006926,-2.0323340031760972,3.050407000770528,19.985509476972187
1773702832.0083122,1773702832008320733,Sr02_gA_IMG1_LID1_STA1_GRU64_OH0,0317_0012,A,0.4818194806575775,-0.04451199620962143,0.5,0.0,-15.404589317186453,-2.0278805826259156,3.053425002342323,19.939508213686093
1773702832.1071117,1773702832107118190,Sr02_gA_IMG1_LID1_STA1_GRU64_OH0,0317_0012,A,0.4832593500614166,-0.012461909092962742,0.5,0.0,-15.45438717079669,-2.023389405792201,3.0497211859499327,19.893482384406603
1773702832.2054543,1773702832205461014,Sr02_gA_IMG1_LID1_STA1_GRU64_OH0,0317_0012,A,0.47871285676956177,-0.023102371022105217,0.5,0.0,-15.504166239985963,-2.018694686886184,3.045910972233595,19.84739603544935
1773702832.3052056,1773702832305213003,Sr02_gA_IMG1_LID1_STA1_GRU64_OH0,0317_0012,A,0.46585288643836975,0.008611030876636505,0.5,0.0,-15.553934444547327,-2.013885829415788,3.044451980081952,19.801284146975597
1773702832.4079087,1773702832407916644,Sr02_gA_IMG1_LID1_STA1_GRU64_OH0,0317_0012,A,0.44596242904663086,0.0158088281750679,0.5,0.0,-15.60369338690621,-2.0089821076525274,3.0427759920039694,19.755154282857152
1773702832.5079994,1773702832508005779,Sr02_gA_IMG1_LID1_STA1_GRU64_OH0,0317_0012,A,0.45841675996780396,0.01793012022972107,0.5,0.0,-15.653451652077965,-2.0040714512851987,3.0437810424318585,19.709040592102944
1773702832.6067717,1773702832606779523,Sr02_gA_IMG1_LID1_STA1_GRU64_OH0,0317_0012,A,0.48282095789909363,0.025332339107990265,0.5,0.0,-15.703216520986922,-1.999228211669425,3.0454043465110763,19.662972219326143
1773702832.7070339,1773702832707041169,Sr02_gA_IMG1_LID1_STA1_GRU64_OH0,0317_0012,A,0.48856639862060547,0.023241732269525528,0.5,0.0,-15.752989739522013,-1.994471566921761,3.0473453943859035,19.616957106108597
1773702832.808097,1773702832808103151,Sr02_gA_IMG1_LID1_STA1_GRU64_OH0,0317_0012,A,0.4362127184867859,-0.13648667931556702,0.5,0.0,-15.80277372452985,-1.9898290239485186,3.0498368131216917,19.57100666292764
1773702832.908369,1773702832908376349,Sr02_gA_IMG1_LID1_STA1_GRU64_OH0,0317_0012,A,0.41126129031181335,-0.17444229125976562,0.5,-0.5,-15.852535827148763,-1.9853039843661078,3.0511274217030837,19.52515163351074
1773702833.0062048,1773702833006211389,Sr02_gA_IMG1_LID1_STA1_GRU64_OH0,0317_0012,A,0.4864627718925476,-0.17886510491371155,0.5,-0.5,-15.902165351992995,-1.9805144021367016,3.0380736115452596,19.47930613053118
1773702833.1075113,1773702833107525143,Sr02_gA_IMG1_LID1_STA1_GRU64_OH0,0317_0012,A,0.4781714975833893,-0.039195816963911057,0.5,0.0,-15.951850044517077,-1.9749137535410142,3.0205409608664113,19.433041948364888
1773702833.207157,1773702833207164808,Sr02_gA_IMG1_LID1_STA1_GRU64_OH0,0317_0012,A,0.4763179421424866,-0.045838017016649246,0.5,0.0,-16.001366035651863,-1.9684542779024006,3.004834184279117,19.386530384978517
1773702833.3079574,1773702833307964307,Sr02_gA_IMG1_LID1_STA1_GRU64_OH0,0317_0012,A,0.48612892627716064,-0.06213921308517456,0.5,0.0,-16.050855467276165,-1.9615390039839482,3.0006756752562067,19.33983920461294
1773702833.4061387,1773702833406145264,Sr02_gA_IMG1_LID1_STA1_GRU64_OH0,0317_0012,A,0.4950891435146332,-0.03755075857043266,0.5,0.0,-16.10034304623655,-1.954399388143508,2.995602858567807,19.293057635654446
1773702833.5082548,1773702833508261297,Sr02_gA_IMG1_LID1_STA1_GRU64_OH0,0317_0012,A,0.4954253137111664,-0.04825872182846069,0.5,0.0,-16.14978908029708,-1.946977621301516,2.9901265817117175,19.246191995937732
1773702833.6082344,1773702833608241284,Sr02_gA_IMG1_LID1_STA1_GRU64_OH0,0317_0012,A,0.4918000102043152,0.09054570645093918,0.5,0.0,-16.199201970774663,-1.9393380782898249,2.9860502812349154,19.199265546324963
1773702833.7068713,1773702833706877987,Sr02_gA_IMG1_LID1_STA1_GRU64_OH0,0317_0012,A,0.49295029044151306,0.08713777363300323,0.5,0.0,-16.24852014361555,-1.931494950598322,2.983208069994746,19.152338559837865
1773702833.80649,1773702833806496393,Sr02_gA_IMG1_LID1_STA1_GRU64_OH0,0317_0012,A,0.4881042242050171,0.07521410286426544,0.5,0.0,-16.29788357361753,-1.923828781430319,2.9919473547454767,19.105473389332282
1773702833.9067457,1773702833906752744,Sr02_gA_IMG1_LID1_STA1_GRU64_OH0,0317_0012,A,0.4884519577026367,0.031145129352808,0.5,0.0,-16.347356244000594,-1.9165872583313524,3.000303417301862,19.058735458548277
1773702834.0067048,1773702834006711311,Sr02_gA_IMG1_LID1_STA1_GRU64_OH0,0317_0012,A,0.4756566286087036,0.00303462240844965,0.5,0.0,-16.396871395548942,-1.9097247612975425,3.0065455060744353,19.012162068477235
1773702834.106868,1773702834106874442,Sr02_gA_IMG1_LID1_STA1_GRU64_OH0,0317_0012,A,0.47676512598991394,0.07656451314687729,0.5,0.0,-16.446425708998184,-1.9030638057032825,3.0088167220448274,18.965670457752207
1773702834.2068686,1773702834206875893,Sr02_gA_IMG1_LID1_STA1_GRU64_OH0,0317_0012,A,0.4601763188838959,0.1314171701669693,0.5,0.0,-16.4959566032824,-1.8964674147387561,3.01086846859736,18.919248784263388
1773702834.3057253,1773702834305732118,Sr02_gA_IMG1_LID1_STA1_GRU64_OH0,0317_0012,A,0.3913605809211731,0.02587425522506237,0.5,0.0,-16.545544554180807,-1.8901508750114597,3.0199758405026333,18.872932835103924
1773702834.4053435,1773702834405349716,Sr02_gA_IMG1_LID1_STA1_GRU64_OH0,0317_0012,A,0.32106348872184753,-0.014491906389594078,0.5,0.0,-16.595156563855188,-1.8844046909074499,3.0310241976017416,18.82689510833964
1773702834.5061004,1773702834506106660,Sr02_gA_IMG1_LID1_STA1_GRU64_OH0,0317_0012,A,0.3630351722240448,-0.004116880241781473,0.5,0.0,-16.64484984871662,-1.8789439522430496,3.032427680902482,18.780947195666062
1773702834.6053214,1773702834605328594,Sr02_gA_IMG1_LID1_STA1_GRU64_OH0,0317_0012,A,0.47578269243240356,0.03493141010403633,0.5,0.0,-16.694548509072977,-1.8734628464746836,3.03128973592384,18.73500526915532
1773702834.7075126,1773702834707526754,Sr02_gA_IMG1_LID1_STA1_GRU64_OH0,0317_0012,A,0.4784803092479706,0.07489791512489319,0.5,0.0,-16.744238303208164,-1.867957787616439,3.032027405045209,18.689080040749072
1773702834.8060405,1773702834806048247,Sr02_gA_IMG1_LID1_STA1_GRU64_OH0,0317_0012,A,0.4055311679840088,-0.11657291650772095,0.5,0.0,-16.793938880127488,-1.8625868600603364,3.0366837642971047,18.643232810488445
1773702834.9075274,1773702834907534304,Sr02_gA_IMG1_LID1_STA1_GRU64_OH0,0317_0012,A,0.47232785820961,0.09653353691101074,0.5,0.0,-16.843618378755007,-1.857531266595605,3.042149737113216,18.597581704279182
1773702835.005781,1773702835005787049,Sr02_gA_IMG1_LID1_STA1_GRU64_OH0,0317_0012,A,0.4637666940689087,0.06543271243572235,0.5,0.0,-16.893131983368637,-1.8523723003522174,3.033948067697447,18.552045220314955
1773702835.1059918,1773702835105998454,Sr02_gA_IMG1_LID1_STA1_GRU64_OH0,0317_0012,A,0.5090391039848328,0.07463055104017258,0.5,0.0,-16.942671954815243,-1.847169337392693,3.04070688833879,18.506485822837313
1773702835.2055955,1773702835205602591,Sr02_gA_IMG1_LID1_STA1_GRU64_OH0,0317_0012,A,0.5333771705627441,0.057850759476423264,0.5,0.0,-16.992434035087175,-1.8422984470851893,3.047526077206491,18.460921652054534
1773702835.3077374,1773702835307744440,Sr02_gA_IMG1_LID1_STA1_GRU64_OH0,0317_0012,A,0.5135470032691956,-0.06111757457256317,0.5,0.0,-17.04222971450302,-1.837784084822555,3.0544857395914673,18.415529686181213
1773702835.4059038,1773702835405910507,Sr02_gA_IMG1_LID1_STA1_GRU64_OH0,0317_0012,A,0.45410141348838806,0.028655951842665672,0.5,0.0,-17.09198794871499,-1.8335714086689296,3.058272611942672,18.370345215372527
1773702835.5068853,1773702835506891070,Sr02_gA_IMG1_LID1_STA1_GRU64_OH0,0317_0012,A,0.4746739864349365,-0.07938964664936066,0.5,0.0,-17.141757425688386,-1.8292759683605098,3.054154841727962,18.325134133612607
1773702835.6052017,1773702835605208398,Sr02_gA_IMG1_LID1_STA1_GRU64_OH0,0317_0012,A,0.4666735529899597,0.06464884430170059,0.5,0.0,-17.191508234841738,-1.8249745193891544,3.055065366305589,18.279960856948758
1773702835.7058897,1773702835705898111,Sr02_gA_IMG1_LID1_STA1_GRU64_OH0,0317_0012,A,0.45526739954948425,0.14204733073711395,0.5,0.0,-17.24124268115931,-1.820474023489308,3.0491568203174797,18.2347262215685
1773702835.806922,1773702835806928737,Sr02_gA_IMG1_LID1_STA1_GRU64_OH0,0317_0012,A,0.45975446701049805,0.25058719515800476,0.5,0.5,-17.29096371333677,-1.8160262133832394,3.057109961509949,18.189554381384525
1773702835.9064,1773702835906410237,Sr02_gA_IMG1_LID1_STA1_GRU64_OH0,0317_0012,A,0.4021470844745636,0.02729679085314274,0.5,0.0,-17.340750625571108,-1.8121760673525973,3.0730194522673457,18.144653082172695
1773702836.00707,1773702836007076657,Sr02_gA_IMG1_LID1_STA1_GRU64_OH0,0317_0012,A,0.45045822858810425,0.17439569532871246,0.5,0.0,-17.390575400425362,-1.8093620737655443,3.0956972650725567,18.100271043571198
1773702836.1063588,1773702836106365072,Sr02_gA_IMG1_LID1_STA1_GRU64_OH0,0317_0012,A,0.42323440313339233,0.34055569767951965,0.5,0.5,-17.440285641454913,-1.8072362938761621,3.102095165554543,18.056366296211316
1773702836.2049983,1773702836205005214,Sr02_gA_IMG1_LID1_STA1_GRU64_OH0,0317_0012,A,0.477627694606781,0.3446750342845917,0.5,0.5,-17.49012018491498,-1.8056907212987863,3.1207275901068483,18.012680596142054
1773702836.3050013,1773702836305007464,Sr02_gA_IMG1_LID1_STA1_GRU64_OH0,0317_0012,A,0.48398464918136597,0.18833310902118683,0.5,0.0,-17.539961184690263,-1.8054477333670969,-3.1295164035110363,17.969686633316098
1773702836.406545,1773702836406551858,Sr02_gA_IMG1_LID1_STA1_GRU64_OH0,0317_0012,A,0.5000435709953308,0.12567371129989624,0.5,0.0,-17.589859184347464,-1.8068933515840429,-3.097615471321442,17.927543587605214
1773702836.5066974,1773702836506703456,Sr02_gA_IMG1_LID1_STA1_GRU64_OH0,0317_0012,A,0.48597559332847595,0.15270471572875977,0.5,0.0,-17.6397348586545,-1.809554490414662,-3.0803206596884207,17.88608360538856
1773702836.6067114,1773702836606718110,Sr02_gA_IMG1_LID1_STA1_GRU64_OH0,0317_0012,A,0.4705217182636261,0.08003150671720505,0.5,0.0,-17.689620033623036,-1.812935748488513,-3.0669423986611686,17.845029551083158
1773702836.7074704,1773702836707478157,Sr02_gA_IMG1_LID1_STA1_GRU64_OH0,0317_0012,A,0.47412070631980896,0.10802670568227768,0.5,0.0,-17.739430504601692,-1.8170312987677277,-3.0535128966087832,17.804453841482175
1773702836.805216,1773702836805224178,Sr02_gA_IMG1_LID1_STA1_GRU64_OH0,0317_0012,A,0.47926613688468933,0.07676465064287186,0.5,0.0,-17.789217942960097,-1.8216351190349003,-3.044669922348453,17.764208790935566
1773702836.9066472,1773702836906654340,Sr02_gA_IMG1_LID1_STA1_GRU64_OH0,0317_0012,A,0.44917356967926025,0.11784601211547852,0.5,0.0,-17.838956917404357,-1.8267353794862093,-3.0348051066228563,17.724312453807087
1773702837.0065413,1773702837006549412,Sr02_gA_IMG1_LID1_STA1_GRU64_OH0,0317_0012,A,0.4721706509590149,0.10883622616529465,0.5,0.0,-17.888639039704984,-1.8322625936926842,-3.025953180441216,17.684738211856914
1773702837.1067374,1773702837106744164,Sr02_gA_IMG1_LID1_STA1_GRU64_OH0,0317_0012,A,0.4696986973285675,0.1846335232257843,0.5,0.0,-17.93827020938559,-1.8383221879140998,-3.014438885817171,17.6455381439319
1773702837.2075331,1773702837207540764,Sr02_gA_IMG1_LID1_STA1_GRU64_OH0,0317_0012,A,0.4500942528247833,0.20645557343959808,0.5,0.5,-17.987797555220926,-1.8449386191158357,-3.001866536318577,17.606772719402063
1773702837.306329,1773702837306336087,Sr02_gA_IMG1_LID1_STA1_GRU64_OH0,0317_0012,A,0.47938817739486694,0.22475096583366394,0.5,0.5,-18.037242398461935,-1.8523637393232568,-2.982748575757747,17.56855864035081
1773702837.406604,1773702837406610837,Sr02_gA_IMG1_LID1_STA1_GRU64_OH0,0317_0012,A,0.4902105927467346,0.1642066240310669,0.5,0.0,-18.0865270616529,-1.8607856978044863,-2.961554205365031,17.531064955580526
1773702837.5061026,1773702837506108535,Sr02_gA_IMG1_LID1_STA1_GRU64_OH0,0317_0012,A,0.49080631136894226,0.17103609442710876,0.5,0.0,-18.135604593425146,-1.8702773750089279,-2.9407319586032825,17.49437474770441
1773702837.6062324,1773702837606240170,Sr02_gA_IMG1_LID1_STA1_GRU64_OH0,0317_0012,A,0.48022809624671936,0.21409645676612854,0.5,0.5,-18.184514919264785,-1.8806563203644449,-2.924106442682665,17.458362534907454
1773702837.7057438,1773702837705751904,Sr02_gA_IMG1_LID1_STA1_GRU64_OH0,0317_0012,A,0.4552004039287567,0.14797359704971313,0.5,0.0,-18.233229244212502,-1.8918676128839547,-2.905814932480342,17.42302788817291
1773702837.8049507,1773702837804957619,Sr02_gA_IMG1_LID1_STA1_GRU64_OH0,0317_0012,A,0.46017664670944214,0.0008926899172365665,0.5,0.0,-18.281708552742472,-1.9040523945354582,-2.8861665677822006,17.388483188335787
1773702837.9066055,1773702837906612512,Sr02_gA_IMG1_LID1_STA1_GRU64_OH0,0317_0012,A,0.46823132038116455,0.0569806732237339,0.5,0.0,-18.329932013355034,-1.917012979039127,-2.873502786679261,17.35464502894975
1773702838.0070338,1773702838007041139,Sr02_gA_IMG1_LID1_STA1_GRU64_OH0,0317_0012,A,0.4658558964729309,0.08931221812963486,0.5,0.0,-18.378088727594882,-1.930264177953742,-2.871724334169097,17.321097085095573
1773702838.1070662,1773702838107074986,Sr02_gA_IMG1_LID1_STA1_GRU64_OH0,0317_0012,A,0.4488895535469055,0.1046290323138237,0.5,0.0,-18.42623880868634,-1.9437386266589751,-2.8650563573296055,17.28775421898616
1773702838.2090437,1773702838209052482,Sr02_gA_IMG1_LID1_STA1_GRU64_OH0,0317_0012,A,0.44160205125808716,0.04117007181048393,0.5,0.0,-18.474276581712136,-1.957607806617269,-2.8556656584517786,17.254799696397203
1773702838.3058736,1773702838305881008,Sr02_gA_IMG1_LID1_STA1_GRU64_OH0,0317_0012,A,0.4549608826637268,0.02521161362528801,0.5,0.0,-18.5221642420955,-1.9719465733523023,-2.8468785242581,17.22230812732076
1773702838.407175,1773702838407182409,Sr02_gA_IMG1_LID1_STA1_GRU64_OH0,0317_0012,A,0.4620831310749054,0.08447421342134476,0.5,0.0,-18.56997952361874,-1.9865649026002865,-2.8432402627986106,17.19011340784338
1773702838.5078733,1773702838507879708,Sr02_gA_IMG1_LID1_STA1_GRU64_OH0,0317_0012,A,0.44016844034194946,0.0879562720656395,0.5,0.0,-18.617737904895883,-2.001329055442033,-2.8391666202242534,17.15813129939393
1773702838.6050918,1773702838605099820,Sr02_gA_IMG1_LID1_STA1_GRU64_OH0,0317_0012,A,0.5141966938972473,-0.019277872517704964,0.5,0.0,-18.66540503359794,-2.0164230737169397,-2.8306147556759047,17.126492504364283
1773702838.7061203,1773702838706128424,Sr02_gA_IMG1_LID1_STA1_GRU64_OH0,0317_0012,A,0.5288206338882446,-0.001474355231039226,0.5,0.0,-18.712886079352348,-2.031887626916503,-2.824934885523867,17.09530060578964
1773702838.805797,1773702838805804407,Sr02_gA_IMG1_LID1_STA1_GRU64_OH0,0317_0012,A,0.49958401918411255,0.013091940432786942,0.5,0.0,-18.760412919795513,-2.0474182005594073,-2.826150538915972,17.064196074236115
1773702838.905138,1773702838905144195,Sr02_gA_IMG1_LID1_STA1_GRU64_OH0,0317_0012,A,0.5165497064590454,0.09859531372785568,0.5,0.0,-18.807945217776936,-2.062932074336278,-2.8257153344853547,17.033167721378934
1773702839.0064716,1773702839006479029,Sr02_gA_IMG1_LID1_STA1_GRU64_OH0,0317_0012,A,0.4951774477958679,0.04695802554488182,0.5,0.0,-18.85542027725271,-2.078506322744275,-2.8217043774161614,17.00231092197772
1773702839.105131,1773702839105138077,Sr02_gA_IMG1_LID1_STA1_GRU64_OH0,0317_0012,A,0.5075302720069885,0.001372416620142758,0.5,0.0,-18.902800638171346,-2.094441678887706,-2.813798798788355,16.971825114135296
1773702839.2061718,1773702839206179329,Sr02_gA_IMG1_LID1_STA1_GRU64_OH0,0317_0012,A,0.5009841918945312,0.018518080934882164,0.5,0.0,-18.95009517725638,-2.1106306697366337,-2.8108601814449976,16.941645019128437
1773702839.3060386,1773702839306045388,Sr02_gA_IMG1_LID1_STA1_GRU64_OH0,0317_0012,A,0.49881961941719055,0.020953679457306862,0.5,0.0,-18.997382067481052,-2.126877193913628,-2.810037127308932,16.911597466471573
1773702839.4053195,1773702839405327524,Sr02_gA_IMG1_LID1_STA1_GRU64_OH0,0317_0012,A,0.49816590547561646,0.007784667890518904,0.5,0.0,-19.044643506206622,-2.1431975894269986,-2.8080879003940256,16.881707179603097
1773702839.5076957,1773702839507701611,Sr02_gA_IMG1_LID1_STA1_GRU64_OH0,0317_0012,A,0.49507707357406616,-0.0024516223929822445,0.5,0.0,-19.091873095086203,-2.1596099336289503,-2.8065192854713445,16.851990496338445
1773702839.6074944,1773702839607501658,Sr02_gA_IMG1_LID1_STA1_GRU64_OH0,0317_0012,A,0.49826717376708984,0.03818851336836815,0.5,0.0,-19.139087345355076,-2.1760663672003386,-2.8061502630508897,16.822407581469225
1773702839.7078228,1773702839707830206,Sr02_gA_IMG1_LID1_STA1_GRU64_OH0,0317_0012,A,0.5080199837684631,0.00606944877654314,0.5,0.0,-19.186288690669898,-2.1925316794986722,-2.804802887909417,16.792937089150797
1773702839.8066618,1773702839806669168,Sr02_gA_IMG1_LID1_STA1_GRU64_OH0,0317_0012,A,0.5063807368278503,0.010941194370388985,0.5,0.0,-19.233452323003437,-2.209132578351477,-2.802268779097257,16.763672298910258
1773702839.9059665,1773702839905973845,Sr02_gA_IMG1_LID1_STA1_GRU64_OH0,0317_0012,A,0.5116493105888367,0.005848211701959372,0.5,0.0,-19.280595613361264,-2.225791201593329,-2.801466969265076,16.734555491578842
1773702840.0052838,1773702840005291848,Sr02_gA_IMG1_LID1_STA1_GRU64_OH0,0317_0012,A,0.5139040350914001,-0.014141621999442577,0.5,0.0,-19.327722794362618,-2.2424953422897613,-2.8005765667397466,16.70557695512289
1773702840.1051712,1773702840105178960,Sr02_gA_IMG1_LID1_STA1_GRU64_OH0,0317_0012,A,0.4868926405906677,0.01849617250263691,0.5,0.0,-19.374841341212452,-2.259223826275867,-2.800791323338576,16.676719080237646
1773702840.2066345,1773702840206642791,Sr02_gA_IMG1_LID1_STA1_GRU64_OH0,0317_0012,A,0.49495574831962585,0.02695615217089653,0.5,0.0,-19.421973142092966,-2.27591492845002,-2.8008999983132306,16.647928887740136
1773702840.3057845,1773702840305792344,Sr02_gA_IMG1_LID1_STA1_GRU64_OH0,0317_0012,A,0.4968472719192505,0.0960727334022522,0.5,0.0,-19.46908269771688,-2.2926686887129364,-2.798711992039662,16.619293781345437
1773702840.404624,1773702840404631801,Sr02_gA_IMG1_LID1_STA1_GRU64_OH0,0317_0012,A,0.4855603277683258,-0.0062475912272930145,0.5,0.0,-19.516113926200532,-2.309551888480748,-2.7936426354360484,16.590899075953008
1773702840.505063,1773702840505068524,Sr02_gA_IMG1_LID1_STA1_GRU64_OH0,0317_0012,A,0.48736098408699036,0.01484572235494852,0.5,0.0,-19.562992910857524,-2.3267834137582994,-2.787096692614222,16.562933818841177
1773702840.6063807,1773702840606387807,Sr02_gA_IMG1_LID1_STA1_GRU64_OH0,0317_0012,A,0.40093299746513367,-0.005863206461071968,0.5,0.0,-19.60988647814505,-2.3441325626221987,-2.786877731761728,16.535129439797437
1773702840.7091167,1773702840709124020,Sr02_gA_IMG1_LID1_STA1_GRU64_OH0,0317_0012,A,0.48378968238830566,0.03535722196102142,0.5,0.0,-19.656763729207643,-2.3615257465485486,-2.7862215020978467,16.5074688168083
1773702840.8059309,1773702840805938517,Sr02_gA_IMG1_LID1_STA1_GRU64_OH0,0317_0012,A,0.5061482191085815,0.028938358649611473,0.5,0.0,-19.703629650665874,-2.37892024847826,-2.785195297871352,16.47992338093024
1773702840.9065368,1773702840906546608,Sr02_gA_IMG1_LID1_STA1_GRU64_OH0,0317_0012,A,0.4946998655796051,-0.06796673685312271,0.5,0.0,-19.750457606048208,-2.396445658320659,-2.7819163309211947,16.452591986983286
1773702841.0064864,1773702841006494023,Sr02_gA_IMG1_LID1_STA1_GRU64_OH0,0317_0012,A,0.4945509433746338,-0.061690524220466614,0.5,0.0,-19.79719201141957,-2.414070873305731,-2.7819274448870335,16.425501912932365
1773702841.1048613,1773702841104868110,Sr02_gA_IMG1_LID1_STA1_GRU64_OH0,0317_0012,A,0.5140746831893921,-0.015805436298251152,0.5,0.0,-19.844051317294493,-2.4315120920738056,-2.788473060547865,16.398309102351426
1773702841.2066188,1773702841206628035,Sr02_gA_IMG1_LID1_STA1_GRU64_OH0,0317_0012,A,0.5102529525756836,-0.019531838595867157,0.5,0.0,-19.89100289838142,-2.4486709608253525,-2.792871646606113,16.37098063653673
1773702841.3062584,1773702841306267451,Sr02_gA_IMG1_LID1_STA1_GRU64_OH0,0317_0012,A,0.5169744491577148,-0.032228708267211914,0.5,0.0,-19.93800741018208,-2.4657172196857435,-2.7946012409531815,16.34364932289144
1773702841.4075336,1773702841407542255,Sr02_gA_IMG1_LID1_STA1_GRU64_OH0,0317_0012,A,0.5216105580329895,-0.008455811068415642,0.5,0.0,-19.98504570582623,-2.482670013167472,-2.7970622858999574,16.316342074285167
1773702841.5074534,1773702841507460559,Sr02_gA_IMG1_LID1_STA1_GRU64_OH0,0317_0012,A,0.5274644494056702,-0.008923298679292202,0.5,0.0,-20.032131354150188,-2.49949083816907,-2.799334255146133,16.289024887141515
1773702841.6066835,1773702841606690546,Sr02_gA_IMG1_LID1_STA1_GRU64_OH0,0317_0012,A,0.5297579169273376,0.03425530716776848,0.5,0.0,-20.07923845867873,-2.5162515133067793,-2.800198534097557,16.261761939662073
1773702841.7059252,1773702841705932665,Sr02_gA_IMG1_LID1_STA1_GRU64_OH0,0317_0012,A,0.5298346877098083,-0.04059206694364548,0.5,0.0,-20.12634440679398,-2.5329822193431513,-2.79941700988773,16.234589834886837
1773702841.8063538,1773702841806361978,Sr02_gA_IMG1_LID1_STA1_GRU64_OH0,0317_0012,A,0.5274861454963684,-0.0174174215644598,0.5,0.0,-20.17339383749642,-2.5498076182402256,-2.798530579691307,16.2076290117694
1773702841.9050167,1773702841905023619,Sr02_gA_IMG1_LID1_STA1_GRU64_OH0,0317_0012,A,0.5186917185783386,0.008504140190780163,0.5,0.0,-20.220511204450098,-2.5665393593131327,-2.8016628119030442,16.180666433978697
1773702842.00587,1773702842005877511,Sr02_gA_IMG1_LID1_STA1_GRU64_OH0,0317_0012,A,0.5158140063285828,0.024257728829979897,0.5,0.0,-20.26766115331365,-2.583179124478907,-2.8023677102589697,16.1537312767104
1773702842.1071029,1773702842107112094,Sr02_gA_IMG1_LID1_STA1_GRU64_OH0,0317_0012,A,0.5308758020401001,-0.01918472722172737,0.5,0.0,-20.314802610425108,-2.5998429255091464,-2.8008871672173,16.12692768815465
1773702842.2065415,1773702842206548848,Sr02_gA_IMG1_LID1_STA1_GRU64_OH0,0317_0012,A,0.5337249636650085,-0.007321787998080254,0.5,0.0,-20.361903062025874,-2.6165883329781763,-2.8001476246297323,16.100317540414917
1773702842.3046978,1773702842304704583,Sr02_gA_IMG1_LID1_STA1_GRU64_OH0,0317_0012,A,0.5080632567405701,0.028971746563911438,0.5,0.0,-20.409031097077516,-2.633290054734068,-2.8015915861831613,16.07377002198874
1773702842.4063141,1773702842406321647,Sr02_gA_IMG1_LID1_STA1_GRU64_OH0,0317_0012,A,0.5046204924583435,0.011927184648811817,0.5,0.0,-20.456169287005782,-2.6499605540022424,-2.8008750845942316,16.04730694580353
1773702842.505674,1773702842505680887,Sr02_gA_IMG1_LID1_STA1_GRU64_OH0,0317_0012,A,0.5282782316207886,0.012363462708890438,0.5,0.0,-20.50327306390383,-2.666730549576183,-2.79865968324421,16.021045358628985
1773702842.6057582,1773702842605765605,Sr02_gA_IMG1_LID1_STA1_GRU64_OH0,0317_0012,A,0.5208427906036377,-0.03387349471449852,0.5,0.0,-20.550351589823023,-2.683571326759949,-2.797449515889719,15.994961085864048
1773702842.7073977,1773702842707404418,Sr02_gA_IMG1_LID1_STA1_GRU64_OH0,0317_0012,A,0.5080885291099548,-0.005622165743261576,0.5,0.0,-20.597404444536803,-2.7004500394754283,-2.7979798083855765,15.969034607321527
1773702842.8046222,1773702842804629054,Sr02_gA_IMG1_LID1_STA1_GRU64_OH0,0317_0012,A,0.5115354061126709,-0.017759213224053383,0.5,0.0,-20.64450628484937,-2.717225469046111,-2.800237122182936,15.943119417212086
1773702842.9056802,1773702842905686669,Sr02_gA_IMG1_LID1_STA1_GRU64_OH0,0317_0012,A,0.5096558332443237,0.024665776640176773,0.5,0.0,-20.691627694195187,-2.733945883010291,-2.8012848098413254,15.917269049854903
1773702843.0057316,1773702843005739116,Sr02_gA_IMG1_LID1_STA1_GRU64_OH0,0317_0012,A,0.5234225392341614,0.013296698220074177,0.5,0.0,-20.738759192341885,-2.75060447112694,-2.8014069411217113,15.891486792930893
1773702843.1056244,1773702843105630789,Sr02_gA_IMG1_LID1_STA1_GRU64_OH0,0317_0012,A,0.5194307565689087,-0.03581806272268295,0.5,0.0,-20.785874728176893,-2.767341408154898,-2.799395121484066,15.865882484812715
1773702843.206098,1773702843206106357,Sr02_gA_IMG1_LID1_STA1_GRU64_OH0,0317_0012,A,0.5196791887283325,-0.039133016020059586,0.5,0.0,-20.832959768266985,-2.7841301251141637,-2.7999186905008715,15.840451214910356
1773702843.3052616,1773702843305268745,Sr02_gA_IMG1_LID1_STA1_GRU64_OH0,0317_0012,A,0.5389494299888611,-0.12396560609340668,0.5,0.0,-20.8800998632131,-2.800797706816328,-2.80363308594996,15.81501698737182
1773702843.4055483,1773702843405555111,Sr02_gA_IMG1_LID1_STA1_GRU64_OH0,0317_0012,A,0.5192368626594543,-0.14150525629520416,0.5,0.0,-20.927274608876022,-2.817249574306748,-2.81020626463119,15.789534457192376
1773702843.5048773,1773702843504883909,Sr02_gA_IMG1_LID1_STA1_GRU64_OH0,0317_0012,A,0.5191150307655334,-0.12383943051099777,0.5,0.0,-20.974656044055408,-2.833217165045139,-2.823304374206356,15.76369804727615
1773702843.6061003,1773702843606107415,Sr02_gA_IMG1_LID1_STA1_GRU64_OH0,0317_0012,A,0.5254636406898499,-0.04964285343885422,0.5,0.0,-21.022251654687633,-2.8485344545744815,-2.836748258172012,15.737392900419804
1773702843.7055757,1773702843705583727,Sr02_gA_IMG1_LID1_STA1_GRU64_OH0,0317_0012,A,0.5244303345680237,-0.044315487146377563,0.5,0.0,-21.070006456111294,-2.863260651601198,-2.846546324857575,15.710696994235569
1773702843.8063734,1773702843806381121,Sr02_gA_IMG1_LID1_STA1_GRU64_OH0,0317_0012,A,0.5031691193580627,0.11296238750219345,0.5,0.0,-21.117881167427928,-2.8776830973278296,-2.851297512792842,15.68382562186339
1773702843.9068713,1773702843906878138,Sr02_gA_IMG1_LID1_STA1_GRU64_OH0,0317_0012,A,0.503434956073761,-0.008325360715389252,0.5,0.0,-21.165671779113413,-2.8918907018953885,-2.8511333338982565,15.656990488813676
1773702844.0063071,1773702844006314025,Sr02_gA_IMG1_LID1_STA1_GRU64_OH0,0317_0012,A,0.5063985586166382,-0.06751520931720734,0.5,0.0,-21.213441148532855,-2.9064163042088067,-2.8443213902758004,15.63049341715023
1773702844.1051831,1773702844105190096,Sr02_gA_IMG1_LID1_STA1_GRU64_OH0,0317_0012,A,0.5072566866874695,0.037256136536598206,0.5,0.0,-21.261252675063908,-2.9210080015025977,-2.847895029336158,15.604123018847433
1773702844.2070215,1773702844207028999,Sr02_gA_IMG1_LID1_STA1_GRU64_OH0,0317_0012,A,0.5037729740142822,0.03820926323533058,0.5,0.0,-21.309094214934923,-2.9353274706951753,-2.851587846471886,15.577665774984066
1773702844.3058727,1773702844305879923,Sr02_gA_IMG1_LID1_STA1_GRU64_OH0,0317_0012,A,0.5151130557060242,-0.09496276825666428,0.5,0.0,-21.35697948179317,-2.9497148937960542,-2.847824119114169,15.551336272324635
1773702844.4060314,1773702844406041000,Sr02_gA_IMG1_LID1_STA1_GRU64_OH0,0317_0012,A,0.510646641254425,-0.009843779727816582,0.5,0.0,-21.404722673625958,-2.9642119498218458,-2.8484878375710334,15.525302147902353
1773702844.5068138,1773702844506820827,Sr02_gA_IMG1_LID1_STA1_GRU64_OH0,0317_0012,A,0.5104683041572571,-0.004084923770278692,0.5,0.0,-21.452615996490838,-2.9784602655719477,-2.8543400344730747,15.499107066806593
1773702844.6061287,1773702844606135061,Sr02_gA_IMG1_LID1_STA1_GRU64_OH0,0317_0012,A,0.5056697130203247,8.02188878878951e-06,0.5,0.0,-21.50057323468217,-2.992606038177192,-2.855036473362465,15.47291285976881
1773702844.7061293,1773702844706137163,Sr02_gA_IMG1_LID1_STA1_GRU64_OH0,0317_0012,A,0.5054178237915039,0.0018181592458859086,0.5,0.0,-21.548536542417597,-3.006731220770599,-2.855240321257215,15.446817750439827
1773702844.8050156,1773702844805022431,Sr02_gA_IMG1_LID1_STA1_GRU64_OH0,0317_0012,A,0.5150735974311829,0.024419531226158142,0.5,0.0,-21.596500241983435,-3.020855073107084,-2.8551490137378597,15.420839415785638
1773702844.9061775,1773702844906185119,Sr02_gA_IMG1_LID1_STA1_GRU64_OH0,0317_0012,A,0.5165834426879883,-0.06975999474525452,0.5,0.0,-21.644457694343927,-3.035000108324856,-2.8538371486279237,15.394998557175937
1773702845.006657,1773702845006664648,Sr02_gA_IMG1_LID1_STA1_GRU64_OH0,0317_0012,A,0.5166333317756653,-0.06897986680269241,0.5,0.0,-21.692350041120324,-3.0491961775864693,-2.85520005160752,15.369359371880316
1773702845.1071749,1773702845107183053,Sr02_gA_IMG1_LID1_STA1_GRU64_OH0,0317_0012,A,0.5074941515922546,-0.0641908198595047,0.5,0.0,-21.740362239690715,-3.063153915336766,-2.8621370330472873,15.343590016366608
1773702845.2067006,1773702845206707802,Sr02_gA_IMG1_LID1_STA1_GRU64_OH0,0317_0012,A,0.5073426961898804,-0.06423163414001465,0.5,0.0,-21.788468900081444,-3.0767825494477203,-2.868795560149303,15.317646962026407
1773702845.307079,1773702845307086748,Sr02_gA_IMG1_LID1_STA1_GRU64_OH0,0317_0012,A,0.5136740803718567,-0.010188180953264236,0.5,0.0,-21.83666286229558,-3.090099196841015,-2.8752166723220007,15.291546268636674
1773702845.4049911,1773702845404998141,Sr02_gA_IMG1_LID1_STA1_GRU64_OH0,0317_0012,A,0.506089985370636,-0.05040665715932846,0.5,0.0,-21.884922670797987,-3.1031325903821156,-2.8790834431648826,15.265322461039382
1773702845.5053673,1773702845505373159,Sr02_gA_IMG1_LID1_STA1_GRU64_OH0,0317_0012,A,0.5061141848564148,-0.0500444732606411,0.5,0.0,-21.933213749171657,-3.116057264366068,-2.882080241061316,15.239119998766416
1773702845.6058838,1773702845605891194,Sr02_gA_IMG1_LID1_STA1_GRU64_OH0,0317_0012,A,0.49952808022499084,-0.029259618371725082,0.5,0.0,-21.98157158183231,-3.1287660977883625,-2.887102789581797,15.212839400773406
1773702845.7051296,1773702845705136995,Sr02_gA_IMG1_LID1_STA1_GRU64_OH0,0317_0012,A,0.4995293915271759,-0.02898605726659298,0.5,0.0,-22.029989243875672,-3.141245134327886,-2.8910680035564833,15.186475694032401
1773702845.8047192,1773702845804726314,Sr02_gA_IMG1_LID1_STA1_GRU64_OH0,0317_0012,A,0.4916279911994934,0.09313643723726273,0.5,0.0,-22.078446388598348,-3.1535700295015996,-2.8939802828107264,15.160095617893026
1773702845.906073,1773702845906080882,Sr02_gA_IMG1_LID1_STA1_GRU64_OH0,0317_0012,A,0.49919798970222473,0.051135364919900894,0.5,0.0,-22.12684732739804,-3.1657756510160566,-2.8925588010349648,15.133792051323411
1773702846.0058522,1773702846005860294,Sr02_gA_IMG1_LID1_STA1_GRU64_OH0,0317_0012,A,0.49944502115249634,0.0523085854947567,0.5,0.0,-22.175246556974642,-3.178297912719119,-2.885320356488044,15.107829937275
1773702846.1049812,1773702846104988271,Sr02_gA_IMG1_LID1_STA1_GRU64_OH0,0317_0012,A,0.5122615098953247,-0.09342760592699051,0.5,0.0,-22.223580829402447,-3.1910960460770736,-2.8801481682609658,15.082228409586644
1773702846.2067106,1773702846206717789,Sr02_gA_IMG1_LID1_STA1_GRU64_OH0,0317_0012,A,0.5124989748001099,-0.09273669868707657,0.5,0.0,-22.271741667612282,-3.204071351910985,-2.879498522102375,15.05699728234056
1773702846.306954,1773702846306962209,Sr02_gA_IMG1_LID1_STA1_GRU64_OH0,0317_0012,A,0.5244215130805969,-0.08712030202150345,0.5,0.0,-22.320093845566984,-3.216801177075076,-2.8888067114481304,15.031580579190083
1773702846.4068022,1773702846406809672,Sr02_gA_IMG1_LID1_STA1_GRU64_OH0,0317_0012,A,0.5215144157409668,-0.07013090699911118,0.5,0.0,-22.36856125076592,-3.2290850470250287,-2.8977995510664094,15.005890838505868
1773702846.5076213,1773702846507627737,Sr02_gA_IMG1_LID1_STA1_GRU64_OH0,0317_0012,A,0.5214511752128601,-0.06992641091346741,0.5,0.0,-22.417132184208054,-3.2409531213645035,-2.905662111643358,14.979956299579385
1773702846.6056135,1773702846605620385,Sr02_gA_IMG1_LID1_STA1_GRU64_OH0,0317_0012,A,0.5182734727859497,-0.21586160361766815,0.5,-0.5,-22.465787598095545,-3.252470072518967,-2.912664966263224,14.953835057724817
1773702846.7054605,1773702846705468438,Sr02_gA_IMG1_LID1_STA1_GRU64_OH0,0317_0012,A,0.5180608034133911,-0.21647092700004578,0.5,-0.5,-22.514387020306298,-3.2635742814784723,-2.9238642518524616,14.927580824127896
1773702846.8053358,1773702846805343813,Sr02_gA_IMG1_LID1_STA1_GRU64_OH0,0317_0012,A,0.4815419614315033,0.13693512976169586,0.5,0.0,-22.563316797547632,-3.2738466619659454,-2.9454716423385574,14.900621688834388
1773702846.9064665,1773702846906475300,Sr02_gA_IMG1_LID1_STA1_GRU64_OH0,0317_0012,A,0.49680832028388977,-0.15732118487358093,0.5,-0.5,-22.61229654884709,-3.2830795841129166,-2.961905405163989,14.873002252400463
1773702847.0066578,1773702847006665299,Sr02_gA_IMG1_LID1_STA1_GRU64_OH0,0317_0012,A,0.49675101041793823,-0.15658226609230042,0.5,-0.5,-22.66046320821499,-3.2918693635607967,-2.961565576596728,14.845746194911118
1773702847.1068926,1773702847106899955,Sr02_gA_IMG1_LID1_STA1_GRU64_OH0,0317_0012,A,0.5073255300521851,-0.29511430859565735,0.5,-0.5,-22.709357770814275,-3.3004258977512393,-2.9759692203369137,14.817928786184876
1773702847.2049654,1773702847204971874,Sr02_gA_IMG1_LID1_STA1_GRU64_OH0,0317_0012,A,0.4906531572341919,-0.5472344160079956,0.5,-0.5,-22.758591940065394,-3.3082225328181383,-2.9955684746241955,14.789441990056286
1773702847.3058255,1773702847305832793,Sr02_gA_IMG1_LID1_STA1_GRU64_OH0,0317_0012,A,0.48920735716819763,-0.547995924949646,0.5,-0.5,-22.80798029907378,-3.3147028183534957,-3.029469835528254,14.76000916899583
1773702847.4057906,1773702847405798289,Sr02_gA_IMG1_LID1_STA1_GRU64_OH0,0317_0012,A,0.5004861950874329,-0.2679460942745209,0.5,-0.5,-22.857631919854075,-3.319068373795443,-3.078765588257456,14.728969967653553
1773702847.5067902,1773702847506796823,Sr02_gA_IMG1_LID1_STA1_GRU64_OH0,0317_0012,A,0.4986096918582916,-0.2721233665943146,0.5,-0.5,-22.907393290218106,-3.3210275285804935,-3.1217434151235883,14.696208104141208
1773702847.6065278,1773702847606534245,Sr02_gA_IMG1_LID1_STA1_GRU64_OH0,0317_0012,A,0.5141913294792175,-0.41396740078926086,0.5,-0.5,-22.95735459996461,-3.3213407018589733,3.1343093090913037,14.662204996743895
1773702847.7070546,1773702847707061765,Sr02_gA_IMG1_LID1_STA1_GRU64_OH0,0317_0012,A,0.4947282373905182,-0.36800166964530945,0.5,-0.5,-23.00718523380896,-3.320260124223129,3.102865316509079,14.627363925497887
1773702847.8068924,1773702847806900064,Sr02_gA_IMG1_LID1_STA1_GRU64_OH0,0317_0012,A,0.49467235803604126,-0.37303030490875244,0.5,-0.5,-23.0570954856542,-3.3173194540465047,3.063766902151299,14.591193095352006
1773702847.9053257,1773702847905332894,Sr02_gA_IMG1_LID1_STA1_GRU64_OH0,0317_0012,A,0.48223012685775757,-0.49338409304618835,0.5,-0.5,-23.10686102646005,-3.3125127320808154,3.0267153548991357,14.553832497372948
1773702848.0066624,1773702848006669957,Sr02_gA_IMG1_LID1_STA1_GRU64_OH0,0317_0012,A,0.48249325156211853,-0.4976993501186371,0.5,-0.5,-23.156301835900134,-3.305828411369668,2.9851059216651556,14.515386772473583
1773702848.1069531,1773702848106961192,Sr02_gA_IMG1_LID1_STA1_GRU64_OH0,0317_0012,A,0.4824925661087036,-0.3529471457004547,0.5,-0.5,-23.205478118477984,-3.296818347154803,2.935551808117207,14.475475585180918
1773702848.2069514,1773702848206958971,Sr02_gA_IMG1_LID1_STA1_GRU64_OH0,0317_0012,A,0.5034175515174866,-0.3610137701034546,0.5,-0.5,-23.25409897127879,-3.2854588161802596,2.891995753376621,14.434267126306004
1773702848.3070192,1773702848307027252,Sr02_gA_IMG1_LID1_STA1_GRU64_OH0,0317_0012,A,0.5039381384849548,-0.373286634683609,0.5,-0.5,-23.302320189722828,-3.2722509309139904,2.856297756297723,14.392015898374959
1773702848.4064295,1773702848406436719,Sr02_gA_IMG1_LID1_STA1_GRU64_OH0,0317_0012,A,0.5078075528144836,-0.2707156836986542,0.5,-0.5,-23.350032337562975,-3.2573087174625073,2.819582796482178,14.34887174710026
1773702848.5070817,1773702848507088453,Sr02_gA_IMG1_LID1_STA1_GRU64_OH0,0317_0012,A,0.5073719024658203,-0.2848488688468933,0.5,-0.5,-23.3971372306499,-3.240666417581655,2.786853846907562,14.304918176988751
1773702848.607062,1773702848607069502,Sr02_gA_IMG1_LID1_STA1_GRU64_OH0,0317_0012,A,0.4802094101905823,-0.4878125488758087,0.5,-0.5,-23.443780041894584,-3.222658446159327,2.7590756747405596,14.260298884319031
1773702848.7074456,1773702848707453499,Sr02_gA_IMG1_LID1_STA1_GRU64_OH0,0317_0012,A,0.5011395215988159,-0.3632638156414032,0.5,-0.5,-23.489710213856114,-3.2033714422465565,2.7262395437384,14.21524014062515
1773702848.8070023,1773702848807009298,Sr02_gA_IMG1_LID1_STA1_GRU64_OH0,0317_0012,A,0.49929147958755493,-0.3811641335487366,0.5,-0.5,-23.534814007238367,-3.1822561819841595,2.683840678985435,14.16940287500996
1773702848.9081554,1773702848908162694,Sr02_gA_IMG1_LID1_STA1_GRU64_OH0,0317_0012,A,0.48549821972846985,-0.2673146426677704,0.5,-0.5,-23.57925000271924,-3.1593399590506897,2.646619337934135,14.12269447033716
1773702849.00493,1773702849004937237,Sr02_gA_IMG1_LID1_STA1_GRU64_OH0,0317_0012,A,0.48299548029899597,-0.27436262369155884,0.5,-0.5,-23.622779399233035,-3.134824836565564,2.613467728130177,14.075418466989818
1773702849.105891,1773702849105898991,Sr02_gA_IMG1_LID1_STA1_GRU64_OH0,0317_0012,A,0.5208258628845215,-0.20693962275981903,0.5,-0.5,-23.665622883198466,-3.109051153981677,2.586383913393631,14.027676641597216
1773702849.205687,1773702849205694549,Sr02_gA_IMG1_LID1_STA1_GRU64_OH0,0317_0012,A,0.5161293745040894,-0.0687551498413086,0.5,0.0,-23.707754910758734,-3.0821545483771198,2.5621285689415823,13.979583259557229
1773702849.3048875,1773702849304894831,Sr02_gA_IMG1_LID1_STA1_GRU64_OH0,0317_0012,A,0.5144977569580078,-0.067067451775074,0.5,0.0,-23.74926192976929,-3.0544340163531065,2.546340458702357,13.931301140637684
1773702849.4056153,1773702849405625536,Sr02_gA_IMG1_LID1_STA1_GRU64_OH0,0317_0012,A,0.5229308605194092,-0.14133413136005402,0.5,0.0,-23.790566172902,-3.0262569057632875,2.5395493344297764,13.882822965384708
1773702849.506788,1773702849506794916,Sr02_gA_IMG1_LID1_STA1_GRU64_OH0,0317_0012,A,0.5219963788986206,-0.1399141550064087,0.5,0.0,-23.831622558607023,-2.9977776072535782,2.5289085605849646,13.834293206656138
1773702849.604893,1773702849604900315,Sr02_gA_IMG1_LID1_STA1_GRU64_OH0,0317_0012,A,0.4976032078266144,-0.2691408097743988,0.5,-0.5,-23.872324125473718,-2.9687372722879313,2.5148603680283843,13.785587569818649
1773702849.7049568,1773702849704964522,Sr02_gA_IMG1_LID1_STA1_GRU64_OH0,0317_0012,A,0.5098440647125244,-0.3938915431499481,0.5,-0.5,-23.912471771696612,-2.939159958777952,2.495639449311702,13.73685421257644
1773702849.8063917,1773702849806399454,Sr02_gA_IMG1_LID1_STA1_GRU64_OH0,0317_0012,A,0.5084154009819031,-0.38739946484565735,0.5,-0.5,-23.951851886783892,-2.9085534169346308,2.4633354791878057,13.68786280136914
1773702849.9075265,1773702849907533819,Sr02_gA_IMG1_LID1_STA1_GRU64_OH0,0317_0012,A,0.5113993287086487,-0.34082430601119995,0.5,-0.5,-23.990161220210588,-2.8764274424509457,2.424335900768236,13.638442608605668
1773702850.0080016,1773702850008010873,Sr02_gA_IMG1_LID1_STA1_GRU64_OH0,0317_0012,A,0.510913074016571,-0.35762330889701843,0.5,-0.5,-24.027224337307896,-2.842870641351957,2.3883904818542914,13.588772987176327
1773702850.107169,1773702850107176675,Sr02_gA_IMG1_LID1_STA1_GRU64_OH0,0317_0012,A,0.49721163511276245,-0.36059650778770447,0.5,-0.5,-24.063099018313178,-2.808046092971774,2.3533001744127082,13.538936108450594
1773702850.2071495,1773702850207156469,Sr02_gA_IMG1_LID1_STA1_GRU64_OH0,0317_0012,A,0.505629301071167,-0.5237628817558289,0.5,-0.5,-24.09770845934722,-2.7719640072332608,2.317359506199455,13.488988763079599
1773702850.3055718,1773702850305578410,Sr02_gA_IMG1_LID1_STA1_GRU64_OH0,0317_0012,A,0.4995945394039154,-0.5293506979942322,0.5,-0.5,-24.130843900364937,-2.7347246849316873,2.2754278865943607,13.439143110297465
1773702850.405047,1773702850405054017,Sr02_gA_IMG1_LID1_STA1_GRU64_OH0,0317_0012,A,0.5249094367027283,-0.5646443367004395,0.5,-0.5,-24.162265950057446,-2.6958385231887365,2.2254279414109193,13.389188703927008
1773702850.5054204,1773702850505429446,Sr02_gA_IMG1_LID1_STA1_GRU64_OH0,0317_0012,A,0.518587052822113,-0.5491689443588257,0.5,-0.5,-24.19170523447093,-2.6554305124005944,2.175427991218925,13.339398234113983
1773702850.6062043,1773702850606211881,Sr02_gA_IMG1_LID1_STA1_GRU64_OH0,0317_0012,A,0.5279030799865723,-0.24299900233745575,0.5,-0.5,-24.21908817071705,-2.6136016514888647,2.125428041026051,13.28989869088302
1773702850.7062864,1773702850706293635,Sr02_gA_IMG1_LID1_STA1_GRU64_OH0,0317_0012,A,0.5187015533447266,-0.4237210750579834,0.5,-0.5,-24.244312287163694,-2.5707455814988966,2.0847083697805733,13.241057284419641
1773702850.8068235,1773702850806831215,Sr02_gA_IMG1_LID1_STA1_GRU64_OH0,0317_0012,A,0.5066375136375427,-0.41660958528518677,0.5,-0.5,-24.268166903572574,-2.5271199513229,2.054523031328872,13.192550413399383
1773702850.9065838,1773702850906590950,Sr02_gA_IMG1_LID1_STA1_GRU64_OH0,0317_0012,A,0.49820876121520996,-0.23683205246925354,0.5,-0.5,-24.29047410139323,-2.4824048788830657,2.01266997720183,13.144259939742616
1773702851.0065808,1773702851006590531,Sr02_gA_IMG1_LID1_STA1_GRU64_OH0,0317_0012,A,0.4969809949398041,-0.2058328092098236,0.5,-0.5,-24.31094452759015,-2.4369405523551517,1.9790439564404176,13.096638025413853
1773702851.1074533,1773702851107461324,Sr02_gA_IMG1_LID1_STA1_GRU64_OH0,0317_0012,A,0.4788612723350525,-0.4043702483177185,0.5,-0.5,-24.330275158542218,-2.390829508327823,1.9572207135083597,13.04930535010788
1773702851.2065969,1773702851206604829,Sr02_gA_IMG1_LID1_STA1_GRU64_OH0,0317_0012,A,0.5110198259353638,-0.2231532335281372,0.5,-0.5,-24.348497400842984,-2.344527750218692,1.9311032388905114,13.002586721938721
1773702851.3066168,1773702851306625092,Sr02_gA_IMG1_LID1_STA1_GRU64_OH0,0317_0012,A,0.5099104642868042,-0.2117210328578949,0.5,-0.5,-24.365204507386753,-2.2976532985997764,1.8990602321325443,12.956471845741312
1773702851.4066613,1773702851406669339,Sr02_gA_IMG1_LID1_STA1_GRU64_OH0,0317_0012,A,0.4882187843322754,-0.09449452906847,0.5,0.0,-24.380804899329455,-2.250150346675703,1.8774308633630725,12.910653611874068
1773702851.5061078,1773702851506115276,Sr02_gA_IMG1_LID1_STA1_GRU64_OH0,0317_0012,A,0.4875679314136505,-0.08979208022356033,0.5,0.0,-24.395443361313525,-2.202409285463254,1.8620046113393134,12.865331902174663
1773702851.6065814,1773702851606588390,Sr02_gA_IMG1_LID1_STA1_GRU64_OH0,0317_0012,A,0.4917892813682556,-0.06334318965673447,0.5,0.0,-24.409576413830333,-2.154448477697952,1.8528373163486835,12.820219446029512
1773702851.7064574,1773702851706464856,Sr02_gA_IMG1_LID1_STA1_GRU64_OH0,0317_0012,A,0.5024319291114807,-0.043957483023405075,0.5,0.0,-24.423299352214055,-2.106368652763309,1.845445033620041,12.77533008273202
1773702851.8070157,1773702851807023339,Sr02_gA_IMG1_LID1_STA1_GRU64_OH0,0317_0012,A,0.5071580410003662,-0.06130983680486679,0.5,0.0,-24.436724094764255,-2.0582046563140244,1.840273850673743,12.730616810174228
1773702851.905622,1773702851905628964,Sr02_gA_IMG1_LID1_STA1_GRU64_OH0,0317_0012,A,0.5100126266479492,-0.016564784571528435,0.5,0.0,-24.449914447300134,-2.0099759522203193,1.834836983301938,12.686052942568416
1773702852.0058775,1773702852005884875,Sr02_gA_IMG1_LID1_STA1_GRU64_OH0,0317_0012,A,0.512179970741272,-0.00924919918179512,0.5,0.0,-24.462850179832483,-1.9616898206963866,1.8313370521751822,12.64165908703889
1773702852.1046872,1773702852104694323,Sr02_gA_IMG1_LID1_STA1_GRU64_OH0,0317_0012,A,0.5102843046188354,-0.024941852316260338,0.5,0.0,-24.475696675820668,-1.9133683252058102,1.8301195052165948,12.597341399168968
1773702852.2052047,1773702852205212375,Sr02_gA_IMG1_LID1_STA1_GRU64_OH0,0317_0012,A,0.5093964338302612,-0.026568328961730003,0.5,0.0,-24.488481989697025,-1.8650306109676729,1.8282530411629712,12.553095906936976
1773702852.3045151,1773702852304529856,Sr02_gA_IMG1_LID1_STA1_GRU64_OH0,0317_0012,A,0.5032192468643188,-0.026563329622149467,0.5,0.0,-24.501151355924705,-1.816662383442499,1.8256612728212516,12.50895004214547
1773702852.405134,1773702852405143245,Sr02_gA_IMG1_LID1_STA1_GRU64_OH0,0317_0012,A,0.509234607219696,-0.04982583597302437,0.5,0.0,-24.513692805522123,-1.7682608312513262,1.8230047442271844,12.464910942623275
1773702852.507682,1773702852507689955,Sr02_gA_IMG1_LID1_STA1_GRU64_OH0,0317_0012,A,0.5117788910865784,-0.04900790750980377,0.5,0.0,-24.526085351761736,-1.7198209633161268,1.8189526853036204,12.420990393724374
1773702852.605344,1773702852605351100,Sr02_gA_IMG1_LID1_STA1_GRU64_OH0,0317_0012,A,0.5077298879623413,-0.014707001857459545,0.5,0.0,-24.538246126745467,-1.6713224048721183,1.8140191848659681,12.377231360099543
1773702852.7051802,1773702852705188267,Sr02_gA_IMG1_LID1_STA1_GRU64_OH0,0317_0012,A,0.4953649342060089,-0.03359658643603325,0.5,0.0,-24.550198743515022,-1.6227720907051781,1.8111764268684811,12.333624466582386
1773702852.8048038,1773702852804811637,Sr02_gA_IMG1_LID1_STA1_GRU64_OH0,0317_0012,A,0.49276697635650635,-0.014718180522322655,0.5,0.0,-24.562050101230547,-1.574196958705545,1.8085723703025816,12.290117639616593
1773702852.9045012,1773702852904507942,Sr02_gA_IMG1_LID1_STA1_GRU64_OH0,0317_0012,A,0.4959946870803833,-0.028384925797581673,0.5,0.0,-24.573762062928303,-1.5255880228563303,1.8063454052238408,12.246731627330318
1773702853.004814,1773702853004821494,Sr02_gA_IMG1_LID1_STA1_GRU64_OH0,0317_0012,A,0.49642905592918396,-0.025711016729474068,0.5,0.0,-24.585383161207083,-1.4769572858882865,1.8040535966497644,12.20344299892102
1773702853.104655,1773702853104662191,Sr02_gA_IMG1_LID1_STA1_GRU64_OH0,0317_0012,A,0.5040719509124756,0.023147042840719223,0.5,0.0,-24.596873837214314,-1.4282955702694649,1.801375540954009,12.160273457915444
1773702853.2051885,1773702853205196577,Sr02_gA_IMG1_LID1_STA1_GRU64_OH0,0317_0012,A,0.5104644894599915,0.013270119205117226,0.5,0.0,-24.60827579553302,-1.3796243748941204,1.8016306573639504,12.117210957570755
1773702853.3049746,1773702853304982142,Sr02_gA_IMG1_LID1_STA1_GRU64_OH0,0317_0012,A,0.5112423896789551,0.012552466243505478,0.5,0.0,-24.61976295750148,-1.3309618205318903,1.8033527509404543,12.07414899852427
1773702853.4051635,1773702853405172358,Sr02_gA_IMG1_LID1_STA1_GRU64_OH0,0317_0012,A,0.4944440424442291,0.01960969902575016,0.5,0.0,-24.631317901239886,-1.2823153138077328,1.804636702135682,12.031105156840546
1773702853.507578,1773702853507585604,Sr02_gA_IMG1_LID1_STA1_GRU64_OH0,0317_0012,A,0.5044348239898682,-0.020917395129799843,0.5,0.0,-24.64294035518354,-1.2336848950286368,1.8063153745839158,11.988079846326828
1773702853.606267,1773702853606274161,Sr02_gA_IMG1_LID1_STA1_GRU64_OH0,0317_0012,A,0.49811264872550964,-0.11103128641843796,0.5,0.0,-24.654618806563406,-1.1850763320287203,1.8058740406807345,11.945085432864271
1773702853.7059245,1773702853705931398,Sr02_gA_IMG1_LID1_STA1_GRU64_OH0,0317_0012,A,0.5112987160682678,-0.047340404242277145,0.5,0.0,-24.666145232133236,-1.1364707905229434,1.7992273278368442,11.90225416428938
1773702853.8053906,1773702853805397790,Sr02_gA_IMG1_LID1_STA1_GRU64_OH0,0317_0012,A,0.5274622440338135,-0.05078216642141342,0.5,0.0,-24.677244418769682,-1.0877299333994337,1.791717184734239,11.859681557880625
1773702853.9058688,1773702853905876352,Sr02_gA_IMG1_LID1_STA1_GRU64_OH0,0317_0012,A,0.5061335563659668,0.04053054377436638,0.5,0.0,-24.688082287783256,-1.0389187138218912,1.786776649248462,11.817300541735834
1773702854.0070565,1773702854007068360,Sr02_gA_IMG1_LID1_STA1_GRU64_OH0,0317_0012,A,0.5176295638084412,0.016210881993174553,0.5,0.0,-24.698725810047424,-0.990103735918555,1.7863832240485098,11.7751134755328
1773702854.10558,1773702854105588288,Sr02_gA_IMG1_LID1_STA1_GRU64_OH0,0317_0012,A,0.5109580755233765,0.032066285610198975,0.5,0.0,-24.70949943181372,-0.9412782568161757,1.788977112886895,11.732888214502427
1773702854.2062347,1773702854206242200,Sr02_gA_IMG1_LID1_STA1_GRU64_OH0,0317_0012,A,0.5150938034057617,-0.019612235948443413,0.5,0.0,-24.72037561380297,-0.8924755226909817,1.7915495089775997,11.690667816387773
1773702854.3071604,1773702854307167025,Sr02_gA_IMG1_LID1_STA1_GRU64_OH0,0317_0012,A,0.5193953514099121,-0.02539716102182865,0.5,0.0,-24.73135769112606,-0.8437082092596614,1.7917869815774172,11.648458910189829
1773702854.4058034,1773702854405811183,Sr02_gA_IMG1_LID1_STA1_GRU64_OH0,0317_0012,A,0.5030649900436401,0.08420102298259735,0.5,0.0,-24.74226457835186,-0.7949123246692837,1.7894786707087589,11.606345132515907
1773702854.507904,1773702854507910810,Sr02_gA_IMG1_LID1_STA1_GRU64_OH0,0317_0012,A,0.49260038137435913,0.05640333890914917,0.5,0.0,-24.753100692652623,-0.7461640094594664,1.7921767966790922,11.564377969816801
1773702854.6064963,1773702854606503533,Sr02_gA_IMG1_LID1_STA1_GRU64_OH0,0317_0012,A,0.49256542325019836,-0.05234402045607567,0.5,0.0,-24.764260384163702,-0.6974254031018139,1.7989290476821385,11.522250182586507
1773702854.7054973,1773702854705504835,Sr02_gA_IMG1_LID1_STA1_GRU64_OH0,0317_0012,A,0.50489741563797,-0.04605016112327576,0.5,0.0,-24.775626157508547,-0.6487999468745358,1.7993109486314076,11.480117156079787
1773702854.8050413,1773702854805049106,Sr02_gA_IMG1_LID1_STA1_GRU64_OH0,0317_0012,A,0.5028682351112366,-0.04157920181751251,0.5,0.0,-24.786830720128023,-0.6000715916737879,1.794454181698373,11.438090843942732
1773702854.9061265,1773702854906134098,Sr02_gA_IMG1_LID1_STA1_GRU64_OH0,0317_0012,A,0.5042577981948853,-0.02439326047897339,0.5,0.0,-24.797813659530608,-0.5512927955435619,1.7901621363344449,11.396253165693789
1773702855.0063918,1773702855006398687,Sr02_gA_IMG1_LID1_STA1_GRU64_OH0,0317_0012,A,0.5019828081130981,-0.025692837312817574,0.5,0.0,-24.808613265086947,-0.5024730604534362,1.7872072237299206,11.354585213787528
1773702855.1058505,1773702855105857102,Sr02_gA_IMG1_LID1_STA1_GRU64_OH0,0317_0012,A,0.4981396794319153,0.031305279582738876,0.5,0.0,-24.81928841916847,-0.4536259579541198,1.7846769324347695,11.313055728754248
1773702855.2047637,1773702855204770855,Sr02_gA_IMG1_LID1_STA1_GRU64_OH0,0317_0012,A,0.5277705788612366,-0.027480561286211014,0.5,0.0,-24.829898287531478,-0.40477598263830555,1.7859108378416313,11.271640308529209
1773702855.3049357,1773702855304946833,Sr02_gA_IMG1_LID1_STA1_GRU64_OH0,0317_0012,A,0.5186497569084167,-0.027426354587078094,0.5,0.0,-24.840581348509776,-0.35594229675901545,1.7851292141121369,11.230252763826345
1773702855.4066255,1773702855406633517,Sr02_gA_IMG1_LID1_STA1_GRU64_OH0,0317_0012,A,0.4973934590816498,-0.023302441462874413,0.5,0.0,-24.85114905148278,-0.307071837704906,1.7823849569105037,11.188994135815546
1773702855.507509,1773702855507524483,Sr02_gA_IMG1_LID1_STA1_GRU64_OH0,0317_0012,A,0.5009787082672119,-0.02179311402142048,0.5,0.0,-24.86158761046493,-0.25817362763026597,1.7799309962289036,11.147882237767135
1773702855.6067193,1773702855606726973,Sr02_gA_IMG1_LID1_STA1_GRU64_OH0,0317_0012,A,0.4984577000141144,0.004640055354684591,0.5,0.0,-24.871913098141324,-0.20925141419276386,1.777706407486818,11.106909511714015
1773702855.7065303,1773702855706538223,Sr02_gA_IMG1_LID1_STA1_GRU64_OH0,0317_0012,A,0.5051729679107666,0.047561485320329666,0.5,0.0,-24.882163308727474,-0.16031336345450964,1.7773773982548822,11.066055372454446
1773702855.8067608,1773702855806768211,Sr02_gA_IMG1_LID1_STA1_GRU64_OH0,0317_0012,A,0.4920976459980011,0.024781636893749237,0.5,0.0,-24.892477835241987,-0.11140019339312597,1.7807912715693557,11.025246249333504
1773702855.9073565,1773702855907363979,Sr02_gA_IMG1_LID1_STA1_GRU64_OH0,0317_0012,A,0.5082845091819763,-0.046048782765865326,0.5,0.0,-24.90298956081899,-0.06251766656174831,1.7839528429637703,10.984388561224229
1773702856.0076723,1773702856007680698,Sr02_gA_IMG1_LID1_STA1_GRU64_OH0,0317_0012,A,0.5180842280387878,-0.02538740262389183,0.5,0.0,-24.91354846402757,-0.013675050966671508,1.7818610810564224,10.943598890949175
1773702856.1064525,1773702856106459224,Sr02_gA_IMG1_LID1_STA1_GRU64_OH0,0317_0012,A,0.5152581930160522,-0.0018363960552960634,0.5,0.0,-24.923935680766224,0.03523408439702511,1.7787024887690372,10.902967904697228
1773702856.207654,1773702856207661863,Sr02_gA_IMG1_LID1_STA1_GRU64_OH0,0317_0012,A,0.5092325210571289,-0.005394782871007919,0.5,0.0,-24.934222384146995,0.08416447652935656,1.777812302401418,10.862475370456474
1773702856.3061109,1773702856306118150,Sr02_gA_IMG1_LID1_STA1_GRU64_OH0,0317_0012,A,0.5065920352935791,0.005260227248072624,0.5,0.0,-24.944490649812906,0.13309874220869597,1.7773795791467422,10.822073452895541
1773702856.4055514,1773702856405558826,Sr02_gA_IMG1_LID1_STA1_GRU64_OH0,0317_0012,A,0.5024654865264893,-0.01840486004948616,0.5,0.0,-24.95474607377057,0.1820357009990912,1.7775859430786103,10.781759787408067
1773702856.5087175,1773702856508724341,Sr02_gA_IMG1_LID1_STA1_GRU64_OH0,0317_0012,A,0.5113948583602905,0.002875405363738537,0.5,0.0,-24.96499651944,0.23097369886075814,1.776455429646813,10.741530592449307
1773702856.6068006,1773702856606808226,Sr02_gA_IMG1_LID1_STA1_GRU64_OH0,0317_0012,A,0.4856020510196686,0.0037540942430496216,0.5,0.0,-24.975187614779305,0.2799240943444444,1.7761045465154208,10.701420015248438
1773702856.706401,1773702856706407958,Sr02_gA_IMG1_LID1_STA1_GRU64_OH0,0317_0012,A,0.510700523853302,0.00815846212208271,0.5,0.0,-24.985389151041662,0.3288723150921158,1.7764535940280448,10.661386621691138
1773702856.8070612,1773702856807069491,Sr02_gA_IMG1_LID1_STA1_GRU64_OH0,0317_0012,A,0.5241966843605042,0.03324374556541443,0.5,0.0,-24.995614149742536,0.37781563920213895,1.7771373047157557,10.621423275936547
1773702856.907039,1773702856907046543,Sr02_gA_IMG1_LID1_STA1_GRU64_OH0,0317_0012,A,0.49420276284217834,0.06746085733175278,0.5,0.0,-25.00590817453634,0.4267444760496533,1.7797090973693328,10.581502686863063
1773702857.0060563,1773702857006064524,Sr02_gA_IMG1_LID1_STA1_GRU64_OH0,0317_0012,A,0.48224806785583496,0.020761827006936073,0.5,0.0,-25.016400252907573,0.4756311650993252,1.7854286342126289,10.54154583872638
1773702857.1060812,1773702857106089880,Sr02_gA_IMG1_LID1_STA1_GRU64_OH0,0317_0012,A,0.5210304856300354,-0.004299724940210581,0.5,0.0,-25.027158314101253,0.5244483134779091,1.7889771223214226,10.501518674596802
1773702857.2060044,1773702857206013627,Sr02_gA_IMG1_LID1_STA1_GRU64_OH0,0317_0012,A,0.5182234048843384,-0.1417105495929718,0.5,0.0,-25.03800170963951,0.5732583575732718,1.7892990150405006,10.461516974882228
1773702857.3039465,1773702857303953018,Sr02_gA_IMG1_LID1_STA1_GRU64_OH0,0317_0012,A,0.5144321918487549,-0.11276910454034805,0.5,0.0,-25.048706371914275,0.6219780079369274,1.7817410332643704,10.421765872562036
1773702857.405035,1773702857405043382,Sr02_gA_IMG1_LID1_STA1_GRU64_OH0,0317_0012,A,0.5206143856048584,-0.04192481189966202,0.5,0.0,-25.05886353230884,0.6709351544241787,1.769595877922055,10.382367187194696
1773702857.5051632,1773702857505169344,Sr02_gA_IMG1_LID1_STA1_GRU64_OH0,0317_0012,A,0.5102632641792297,-0.031118549406528473,0.5,0.0,-25.068532333592607,0.719970275031107,1.7629451063901926,10.343383988075145
1773702857.6054096,1773702857605417244,Sr02_gA_IMG1_LID1_STA1_GRU64_OH0,0317_0012,A,0.48685699701309204,0.05983814597129822,0.5,0.0,-25.077990851860626,0.7690674620628424,1.7595090609089001,10.304617411645735
1773702857.7050295,1773702857705037286,Sr02_gA_IMG1_LID1_STA1_GRU64_OH0,0317_0012,A,0.4687178134918213,0.27511659264564514,0.5,0.5,-25.08737185312012,0.8181388465363877,1.7619551401037192,10.266024108243261
1773702857.8052413,1773702857805249048,Sr02_gA_IMG1_LID1_STA1_GRU64_OH0,0317_0012,A,0.47280195355415344,0.2182154357433319,0.5,0.5,-25.09706038102805,0.8669030541597479,1.7755500090594893,10.227487235929015
1773702857.9048803,1773702857904888577,Sr02_gA_IMG1_LID1_STA1_GRU64_OH0,0317_0012,A,0.4972606301307678,0.0459352470934391,0.5,0.0,-25.10780565999557,0.9156512533211745,1.798908548506347,10.18823977464837
1773702858.0069063,1773702858006913498,Sr02_gA_IMG1_LID1_STA1_GRU64_OH0,0317_0012,A,0.4629950523376465,0.05663645640015602,0.5,0.0,-25.11357878438258,0.9399400732881037,1.8086307120756795,10.168394853394021
1773702858.106053,1773702858106061037,Sr02_gA_IMG1_LID1_STA1_GRU64_OH0,0317_0012,A,0.4993811547756195,0.02921726368367672,0.5,0.0,-25.131565926829147,1.012638919536702,1.8174401985160016,10.10858257706413
1773702858.2059865,1773702858205995037,Sr02_gA_IMG1_LID1_STA1_GRU64_OH0,0317_0012,A,0.5009251236915588,0.05488556623458862,0.5,0.0,-25.137701356904888,1.036874350730837,1.8197236531007204,10.08857958815234
1773702858.306055,1773702858306062535,Sr02_gA_IMG1_LID1_STA1_GRU64_OH0,0317_0012,A,0.4968358278274536,-0.01549038477241993,0.5,0.0,-25.150092840533606,1.0853145063430403,1.8231587234091713,10.048565846422502
1773702858.4046605,1773702858404667766,Sr02_gA_IMG1_LID1_STA1_GRU64_OH0,0317_0012,A,0.5042802095413208,0.0006793596548959613,0.5,0.0,-25.162699352059626,1.1336727534238484,1.8276017253002597,10.00852479836308
1773702858.5068758,1773702858506882002,Sr02_gA_IMG1_LID1_STA1_GRU64_OH0,0317_0012,A,0.5093464851379395,-0.0018134237034246325,0.5,0.0,-25.17536305580239,1.1820424737037354,1.8263760840443812,9.968521490975167
1773702858.6054735,1773702858605481753,Sr02_gA_IMG1_LID1_STA1_GRU64_OH0,0317_0012,A,0.5000218152999878,-0.03450712189078331,0.5,0.0,-25.1880047758103,1.2304179488706113,1.8263941651136935,9.928622519881431
1773702858.706003,1773702858706010137,Sr02_gA_IMG1_LID1_STA1_GRU64_OH0,0317_0012,A,0.5101746320724487,-0.03582889959216118,0.5,0.0,-25.2006384188369,1.278795533072498,1.8255589733715525,9.888820440149992
1773702858.8054106,1773702858805418100,Sr02_gA_IMG1_LID1_STA1_GRU64_OH0,0317_0012,A,0.5123551487922668,-0.048628099262714386,0.5,0.0,-25.21315556814339,1.327203364620015,1.8220818341878353,9.84918476309437
1773702858.904925,1773702858904932981,Sr02_gA_IMG1_LID1_STA1_GRU64_OH0,0317_0012,A,0.4918319582939148,-0.007334080059081316,0.5,0.0,-25.225500006072714,1.3756555230043122,1.818242975627189,9.809753398655651
1773702859.00865,1773702859008658785,Sr02_gA_IMG1_LID1_STA1_GRU64_OH0,0317_0012,A,0.48944252729415894,0.04449828341603279,0.5,0.0,-25.23763042582489,1.424153466576771,1.8141775520168946,9.77056071175425
1773702859.1049573,1773702859104964779,Sr02_gA_IMG1_LID1_STA1_GRU64_OH0,0317_0012,A,0.47243401408195496,0.0010640645632520318,0.5,0.0,-25.24966324920672,1.4726725526092896,1.814340495154304,9.731531806990255
1773702859.2058218,1773702859205828420,Sr02_gA_IMG1_LID1_STA1_GRU64_OH0,0317_0012,A,0.5165036916732788,0.05103866010904312,0.5,0.0,-25.261821677736048,1.5211599242847886,1.8179670706533266,9.692522553211052
1773702859.3066247,1773702859306631979,Sr02_gA_IMG1_LID1_STA1_GRU64_OH0,0317_0012,A,0.5235658288002014,0.060852061957120895,0.5,0.0,-25.27405856574887,1.5696279451904136,1.8189488431942114,9.653563437469248
1773702859.4054592,1773702859405466550,Sr02_gA_IMG1_LID1_STA1_GRU64_OH0,0317_0012,A,0.5282856225967407,0.02189432829618454,0.5,0.0,-25.286463823508708,1.6180645388819057,1.8242489567748834,9.614590263872769
1773702859.505784,1773702859505789917,Sr02_gA_IMG1_LID1_STA1_GRU64_OH0,0317_0012,A,0.5213831663131714,0.04333939403295517,0.5,0.0,-25.29914393484552,1.6664267325557172,1.8295659416458308,9.575543114727425
1773702859.6064563,1773702859606463034,Sr02_gA_IMG1_LID1_STA1_GRU64_OH0,0317_0012,A,0.5197163224220276,-0.007746271789073944,0.5,0.0,-25.311993475319962,1.7147474089090373,1.8321842588488892,9.536486419875285
1773702859.7052014,1773702859705208600,Sr02_gA_IMG1_LID1_STA1_GRU64_OH0,0317_0012,A,0.5147208571434021,-0.017231235280632973,0.5,0.0,-25.325012142391834,1.763010928001113,1.8356187822950567,9.49742959485262
1773702859.8063602,1773702859806367449,Sr02_gA_IMG1_LID1_STA1_GRU64_OH0,0317_0012,A,0.5251880288124084,-0.050196822732686996,0.5,0.0,-25.33807943019216,1.8112731855705497,1.8346544690309519,9.458437092827921
1773702859.906,1773702859906007537,Sr02_gA_IMG1_LID1_STA1_GRU64_OH0,0317_0012,A,0.5041031241416931,-0.0684569850564003,0.5,0.0,-25.351075006899578,1.8595547943054438,1.8322720614830852,9.419595417512914
1773702860.0060394,1773702860006047007,Sr02_gA_IMG1_LID1_STA1_GRU64_OH0,0317_0012,A,0.5150642991065979,-0.08469376713037491,0.5,0.0,-25.363877280036633,1.9078879694409632,1.8268871996157074,9.380986526812755
1773702860.106694,1773702860106700541,Sr02_gA_IMG1_LID1_STA1_GRU64_OH0,0317_0012,A,0.5263339877128601,0.005236466880887747,0.5,0.0,-25.376373123211334,1.956301219430856,1.8195544228806075,9.342688977892632
1773702860.205495,1773702860205503136,Sr02_gA_IMG1_LID1_STA1_GRU64_OH0,0317_0012,A,0.5295769572257996,-0.018371175974607468,0.5,0.0,-25.388482132900236,2.004779779460232,1.8130664521607909,9.304780830284907
1773702860.305992,1773702860305998457,Sr02_gA_IMG1_LID1_STA1_GRU64_OH0,0317_0012,A,0.525018572807312,-0.031526632606983185,0.5,0.0,-25.40048503754105,2.053317701861815,1.8128818805623859,9.267039874889264
1773702860.4065964,1773702860406603351,Sr02_gA_IMG1_LID1_STA1_GRU64_OH0,0317_0012,A,0.5110011696815491,-0.040986910462379456,0.5,0.0,-25.41242396091783,2.1018713921477326,1.8106501131553696,9.229458989814795
1773702860.506558,1773702860506564438,Sr02_gA_IMG1_LID1_STA1_GRU64_OH0,0317_0012,A,0.5033233165740967,-0.04327171668410301,0.5,0.0,-25.424224490890563,2.1504588902292183,1.8073082566985887,9.192091138917576
1773702860.6049535,1773702860604960959,Sr02_gA_IMG1_LID1_STA1_GRU64_OH0,0317_0012,A,0.5124523639678955,-0.05271525681018829,0.5,0.0,-25.43583999739068,2.1990909383662935,1.8031410305533018,9.154971341115333
1773702860.7061975,1773702860706204780,Sr02_gA_IMG1_LID1_STA1_GRU64_OH0,0317_0012,A,0.5374042987823486,-0.012430807575583458,0.5,0.0,-25.447245611792802,2.2477726326460643,1.7985305673299081,9.118120339906636
1773702860.8051846,1773702860805191859,Sr02_gA_IMG1_LID1_STA1_GRU64_OH0,0317_0012,A,0.5336599349975586,-0.03671383112668991,0.5,0.0,-25.458412994651503,2.296503502911657,1.7944465933686167,9.081565180077416
1773702860.9065912,1773702860906598382,Sr02_gA_IMG1_LID1_STA1_GRU64_OH0,0317_0012,A,0.5164011716842651,-0.05023292452096939,0.5,0.0,-25.469466881396126,2.345266301986018,1.792475042554548,9.045215235221706
1773702861.0047324,1773702861004739449,Sr02_gA_IMG1_LID1_STA1_GRU64_OH0,0317_0012,A,0.516445517539978,-0.024139482527971268,0.5,0.0,-25.480367726616898,2.394063514703005,1.7883981038308332,9.009104680319783
1773702861.1053054,1773702861105312597,Sr02_gA_IMG1_LID1_STA1_GRU64_OH0,0317_0012,A,0.5143923759460449,0.030947431921958923,0.5,0.0,-25.491045226788593,2.442910075243745,1.7841576022616359,8.973286958756225
1773702861.204914,1773702861204922096,Sr02_gA_IMG1_LID1_STA1_GRU64_OH0,0317_0012,A,0.49214231967926025,0.03521697223186493,0.5,0.0,-25.501581275668915,2.491776026482166,1.7832282533537482,8.937713340430726
1773702861.3054192,1773702861305427088,Sr02_gA_IMG1_LID1_STA1_GRU64_OH0,0317_0012,A,0.4949689209461212,0.047789815813302994,0.5,0.0,-25.51219971478734,2.5406354812013485,1.7864510726590777,8.902212591420302
1773702861.4058483,1773702861405855107,Sr02_gA_IMG1_LID1_STA1_GRU64_OH0,0317_0012,A,0.5125342011451721,0.03093404322862625,0.5,0.0,-25.522987808750507,2.589457747653028,1.790349939329148,8.866728838825518
1773702861.5060604,1773702861506066594,Sr02_gA_IMG1_LID1_STA1_GRU64_OH0,0317_0012,A,0.5016075968742371,0.0074244276620447636,0.5,0.0,-25.533990373428953,2.6382321176620307,1.7946232531556796,8.831230194670564
1773702861.6072354,1773702861607243645,Sr02_gA_IMG1_LID1_STA1_GRU64_OH0,0317_0012,A,0.4979131519794464,0.08881401270627975,0.5,0.0,-25.54515874151621,2.686968816371279,1.7970113829852823,8.795752233391626
1773702861.7051032,1773702861705110726,Sr02_gA_IMG1_LID1_STA1_GRU64_OH0,0317_0012,A,0.5089846253395081,0.06883269548416138,0.5,0.0,-25.556395392054583,2.735657277786495,1.7995772762408262,8.760383552520283
1773702861.8046923,1773702861804698524,Sr02_gA_IMG1_LID1_STA1_GRU64_OH0,0317_0012,A,0.5141048431396484,0.11391494423151016,0.5,0.0,-25.567946639663987,2.7843045124904284,1.8078592334444408,8.7249117203122
1773702861.905764,1773702861905771872,Sr02_gA_IMG1_LID1_STA1_GRU64_OH0,0317_0012,A,0.5047975778579712,0.06845103204250336,0.5,0.0,-25.57986226396058,2.832852308918249,1.8160002556397026,8.68932398723497
1773702862.008041,1773702862008050079,Sr02_gA_IMG1_LID1_STA1_GRU64_OH0,0317_0012,A,0.5228239893913269,0.008004375733435154,0.5,0.0,-25.592263715418095,2.8812777314836997,1.8260731304240019,8.653526830248325
1773702862.10545,1773702862105457981,Sr02_gA_IMG1_LID1_STA1_GRU64_OH0,0317_0012,A,0.5110087394714355,0.018029743805527687,0.5,0.0,-25.60504128521309,2.9296055570414725,1.8313133627080485,8.617598918735753
1773702862.2067697,1773702862206776879,Sr02_gA_IMG1_LID1_STA1_GRU64_OH0,0317_0012,A,0.48409897089004517,0.07228338718414307,0.5,0.0,-25.617941806602644,2.9779126580420576,1.8324145539085674,8.581716764537145
1773702862.3048627,1773702862304870475,Sr02_gA_IMG1_LID1_STA1_GRU64_OH0,0317_0012,A,0.49144259095191956,0.014928140677511692,0.5,0.0,-25.630924366654657,3.026186266734887,1.835673324880599,8.545922871269449
1773702862.4070597,1773702862407067324,Sr02_gA_IMG1_LID1_STA1_GRU64_OH0,0317_0012,A,0.513461709022522,-0.0030235485173761845,0.5,0.0,-25.64417481185007,3.074386566921995,1.8413574833307245,8.510077841348648
1773702862.5072062,1773702862507212421,Sr02_gA_IMG1_LID1_STA1_GRU64_OH0,0317_0012,A,0.4788811504840851,-0.04485930874943733,0.5,0.0,-25.65757048898684,3.1225587086291577,1.842311760305906,8.47426452044999
1773702862.6066701,1773702862606677946,Sr02_gA_IMG1_LID1_STA1_GRU64_OH0,0317_0012,A,0.4729253649711609,-0.029947366565465927,0.5,0.0,-25.670961185513494,3.170720395372539,1.840797578738726,8.438604990942961
1773702862.705825,1773702862705832533,Sr02_gA_IMG1_LID1_STA1_GRU64_OH0,0317_0012,A,0.5003629922866821,-0.035028744488954544,0.5,0.0,-25.68419292426188,3.218937789977083,1.836759002446411,8.403202181004122
1773702862.804435,1773702862804441877,Sr02_gA_IMG1_LID1_STA1_GRU64_OH0,0317_0012,A,0.5009000301361084,-0.014431341551244259,0.5,0.0,-25.69726147490738,3.267199686507427,1.833611833157732,8.368068740202217
1773702862.9053276,1773702862905334674,Sr02_gA_IMG1_LID1_STA1_GRU64_OH0,0317_0012,A,0.5193808078765869,-0.02301550656557083,0.5,0.0,-25.71017138186758,3.315504261904934,1.8307268701784127,8.333204998349135
1773702863.0047889,1773702863004796001,Sr02_gA_IMG1_LID1_STA1_GRU64_OH0,0317_0012,A,0.4937197268009186,0.003324164543300867,0.5,0.0,-25.722985314522354,3.363834400063843,1.8290262199411365,8.29856774596932
1773702863.1044712,1773702863104477591,Sr02_gA_IMG1_LID1_STA1_GRU64_OH0,0317_0012,A,0.49827516078948975,-0.012949243187904358,0.5,0.0,-25.735703880843786,3.4121897211265724,1.8275148423113863,8.264159481238895
1773702863.204958,1773702863204964757,Sr02_gA_IMG1_LID1_STA1_GRU64_OH0,0317_0012,A,0.5212475061416626,0.03039640374481678,0.5,0.0,-25.748403775562,3.4605499561999604,1.8273590685372956,8.229925225274789
1773702863.3066676,1773702863306675738,Sr02_gA_IMG1_LID1_STA1_GRU64_OH0,0317_0012,A,0.5086758136749268,0.07727013528347015,0.5,0.0,-25.761066301500758,3.5089085211499533,1.827310707598682,8.195886752503363
1773702863.4066744,1773702863406681039,Sr02_gA_IMG1_LID1_STA1_GRU64_OH0,0317_0012,A,0.5086630582809448,0.09048356860876083,0.5,0.0,-25.773831433328056,3.557240053409323,1.8316549898764969,8.161934406200501
1773702863.5067384,1773702863506744909,Sr02_gA_IMG1_LID1_STA1_GRU64_OH0,0317_0012,A,0.5112653970718384,0.15545326471328735,0.5,0.0,-25.78691632272721,3.605497404782176,1.839778382016942,8.127898668177986
1773702863.6064684,1773702863606475310,Sr02_gA_IMG1_LID1_STA1_GRU64_OH0,0317_0012,A,0.517185389995575,0.13656112551689148,0.5,0.0,-25.80042398852068,3.653608589753801,1.8504148154229665,8.093720263567974
1773702863.7061305,1773702863706137113,Sr02_gA_IMG1_LID1_STA1_GRU64_OH0,0317_0012,A,0.5272520184516907,0.00621609715744853,0.5,0.0,-25.81459234232364,3.7015586643424276,1.865393364068381,8.059191869933894
1773702863.8050954,1773702863805103043,Sr02_gA_IMG1_LID1_STA1_GRU64_OH0,0317_0012,A,0.5216710567474365,0.03512020781636238,0.5,0.0,-25.82940440426602,3.749246088871885,1.8769330228468475,8.024370562859106
1773702863.9058707,1773702863905877394,Sr02_gA_IMG1_LID1_STA1_GRU64_OH0,0317_0012,A,0.5149274468421936,0.035475850105285645,0.5,0.0,-25.844491526602205,3.7968948963471445,1.8784920392775961,7.989480857645452
1773702864.0055962,1773702864005603557,Sr02_gA_IMG1_LID1_STA1_GRU64_OH0,0317_0012,A,0.5275743007659912,0.12642799317836761,0.5,0.0,-25.8597184162291,3.844519878593326,1.882014722822783,7.954637438013526
1773702864.1090937,1773702864109101952,Sr02_gA_IMG1_LID1_STA1_GRU64_OH0,0317_0012,A,0.5439536571502686,0.12301265448331833,0.5,0.0,-25.87510947188371,3.8920408992494906,1.8873993982725694,7.9198545747689195
1773702864.206559,1773702864206565825,Sr02_gA_IMG1_LID1_STA1_GRU64_OH0,0317_0012,A,0.4830002784729004,-0.06401912122964859,0.5,0.0,-25.890975697704203,3.939456398678171,1.899939707907299,7.8848528240049545
1773702864.3060422,1773702864306048559,Sr02_gA_IMG1_LID1_STA1_GRU64_OH0,0317_0012,A,0.48630306124687195,-0.07299233227968216,0.5,0.0,-25.907394327373755,3.9866151369074223,1.9101448717366207,7.849625748485447
1773702864.4050834,1773702864405090014,Sr02_gA_IMG1_LID1_STA1_GRU64_OH0,0317_0012,A,0.5075459480285645,-0.0694597065448761,0.5,0.0,-25.92388822334601,4.033681950257105,1.9045469610538295,7.814530162880076
1773702864.5066855,1773702864506693899,Sr02_gA_IMG1_LID1_STA1_GRU64_OH0,0317_0012,A,0.49913984537124634,-0.06952761113643646,0.5,0.0,-25.940095868946383,4.0809820669093275,1.8973537158685094,7.779756699271865
1773702864.6052437,1773702864605250232,Sr02_gA_IMG1_LID1_STA1_GRU64_OH0,0317_0012,A,0.4875984489917755,-0.054192837327718735,0.5,0.0,-25.95597046603433,4.12839500599644,1.8904057194327983,7.7454051131577435
1773702864.7062323,1773702864706239996,Sr02_gA_IMG1_LID1_STA1_GRU64_OH0,0317_0012,A,0.5201777219772339,0.015126694925129414,0.5,0.0,-25.971518392825445,4.175916080285457,1.8839130006729408,7.711477203800091
1773702864.8058796,1773702864805885974,Sr02_gA_IMG1_LID1_STA1_GRU64_OH0,0317_0012,A,0.5120249390602112,0.04575955122709274,0.5,0.0,-25.986794627832992,4.22350100924327,1.880229176321611,7.677946617441878
1773702864.9047866,1773702864904793519,Sr02_gA_IMG1_LID1_STA1_GRU64_OH0,0317_0012,A,0.5093549489974976,0.10218296200037003,0.5,0.0,-26.00206312636781,4.271112684001486,1.8826608015014918,7.64459191401643
1773702865.0049276,1773702865004934557,Sr02_gA_IMG1_LID1_STA1_GRU64_OH0,0317_0012,A,0.48720550537109375,0.002537704072892666,0.5,0.0,-26.017519856236433,4.318651824798931,1.8887279640552759,7.611276156561183
1773702865.1047285,1773702865104736398,Sr02_gA_IMG1_LID1_STA1_GRU64_OH0,0317_0012,A,0.48856809735298157,-0.00015409186016768217,0.5,0.0,-26.033364851749997,4.3660232877722205,1.896909491909556,7.577853740684851
1773702865.2047875,1773702865204794234,Sr02_gA_IMG1_LID1_STA1_GRU64_OH0,0317_0012,A,0.48939988017082214,-0.03411722555756569,0.5,0.0,-26.04938846108783,4.413386180047279,1.8970825221816725,7.544453026065725
1773702865.3054054,1773702865305414476,Sr02_gA_IMG1_LID1_STA1_GRU64_OH0,0317_0012,A,0.5136800408363342,-0.06339424103498459,0.5,0.0,-26.06540159432805,4.460752611276419,1.8957086157719236,7.511244909680652
1773702865.4060307,1773702865406037523,Sr02_gA_IMG1_LID1_STA1_GRU64_OH0,0317_0012,A,0.5176154375076294,-0.04311183840036392,0.5,0.0,-26.0812709052276,4.508167381585237,1.8911258425169648,7.478337993613212
1773702865.506833,1773702865506840364,Sr02_gA_IMG1_LID1_STA1_GRU64_OH0,0317_0012,A,0.5214522480964661,-0.06973657757043839,0.5,0.0,-26.096872055667042,4.555671035620099,1.8855977082682955,7.445836050761815
1773702865.6050014,1773702865605008369,Sr02_gA_IMG1_LID1_STA1_GRU64_OH0,0317_0012,A,0.5133137106895447,-0.042691994458436966,0.5,0.0,-26.112240765317946,4.603250407463051,1.8802215638122208,7.413716201427883
1773702865.705229,1773702865705235760,Sr02_gA_IMG1_LID1_STA1_GRU64_OH0,0317_0012,A,0.5177198052406311,0.07001848518848419,0.5,0.0,-26.12731046346052,4.650925309048764,1.874329678568521,7.382038031351016
1773702865.8051198,1773702865805127458,Sr02_gA_IMG1_LID1_STA1_GRU64_OH0,0317_0012,A,0.5116673111915588,0.10278254002332687,0.5,0.0,-26.142158061373962,4.698603236428898,1.873156553011395,7.350769252895637
1773702865.9051962,1773702865905203278,Sr02_gA_IMG1_LID1_STA1_GRU64_OH0,0317_0012,A,0.4917742908000946,0.06582566350698471,0.5,0.0,-26.157226237565585,4.746278552374877,1.8814689183799242,7.319502604396866
1773702866.0063229,1773702866006329260,Sr02_gA_IMG1_LID1_STA1_GRU64_OH0,0317_0012,A,0.5142191052436829,0.05516551434993744,0.5,0.0,-26.172741539114554,4.7938102065547215,1.8902689108874395,7.288077398067285
1773702866.1070297,1773702866107037328,Sr02_gA_IMG1_LID1_STA1_GRU64_OH0,0317_0012,A,0.522600531578064,0.06757684051990509,0.5,0.0,-26.188596914384515,4.841229598325742,1.8964250694810245,7.256581007035625
1773702866.2072318,1773702866207238885,Sr02_gA_IMG1_LID1_STA1_GRU64_OH0,0317_0012,A,0.48483237624168396,0.014657162129878998,0.5,0.0,-26.204727421212194,4.888556113406443,1.9024380547369923,7.225066855939604
1773702866.3056414,1773702866305649225,Sr02_gA_IMG1_LID1_STA1_GRU64_OH0,0317_0012,A,0.5059244632720947,-0.019379589706659317,0.5,0.0,-26.2211452644843,4.935771590437497,1.9072124615810362,7.193529393280356
1773702866.40558,1773702866405587283,Sr02_gA_IMG1_LID1_STA1_GRU64_OH0,0317_0012,A,0.5065954327583313,0.009244115091860294,0.5,0.0,-26.237672311490474,4.982961168217465,1.9073167338413222,7.162107639329524
1773702866.506939,1773702866506944517,Sr02_gA_IMG1_LID1_STA1_GRU64_OH0,0317_0012,A,0.5222241878509521,-0.04414786398410797,0.5,0.0,-26.254147614469655,5.030168834972268,1.906523702744827,7.130940956043305
1773702866.6060085,1773702866606016315,Sr02_gA_IMG1_LID1_STA1_GRU64_OH0,0317_0012,A,0.5072888135910034,-0.04210936278104782,0.5,0.0,-26.270620872014742,5.077365132713146,1.9054677211925892,7.099995185997365
1773702866.7056086,1773702866705615684,Sr02_gA_IMG1_LID1_STA1_GRU64_OH0,0317_0012,A,0.5054912567138672,-0.035215478390455246,0.5,0.0,-26.286940283653774,5.124626877876898,1.901134480809738,7.069392509076136
1773702866.8049598,1773702866804968164,Sr02_gA_IMG1_LID1_STA1_GRU64_OH0,0317_0012,A,0.507095456123352,-0.01888475939631462,0.5,0.0,-26.303061410887864,5.171956632292749,1.8971993010906758,7.039179062118675
1773702866.905993,1773702866906000184,Sr02_gA_IMG1_LID1_STA1_GRU64_OH0,0317_0012,A,0.5223643779754639,-0.008390148170292377,0.5,0.0,-26.319016079698855,5.219342773582553,1.8943309742498413,7.009333166541027
1773702867.005006,1773702867005013103,Sr02_gA_IMG1_LID1_STA1_GRU64_OH0,0317_0012,A,0.5014469027519226,0.09371841698884964,0.5,0.0,-26.33487127887103,5.266762303829769,1.8928622771040635,6.979802605989263
1773702867.10637,1773702867106377415,Sr02_gA_IMG1_LID1_STA1_GRU64_OH0,0317_0012,A,0.5023370981216431,0.0885164812207222,0.5,0.0,-26.350680888042152,5.314131851536859,1.8949693601188424,6.950564608747855
1773702867.2060678,1773702867206078406,Sr02_gA_IMG1_LID1_STA1_GRU64_OH0,0317_0012,A,0.4944497048854828,0.054908644407987595,0.5,0.0,-26.366827027374526,5.361452927793702,1.9041331086936615,6.92125544648869
1773702867.3075418,1773702867307549325,Sr02_gA_IMG1_LID1_STA1_GRU64_OH0,0317_0012,A,0.5033844709396362,0.10948173701763153,0.5,0.0,-26.38338314849599,5.408632183313102,1.9116404566505234,6.891831747854722
1773702867.4067338,1773702867406741832,Sr02_gA_IMG1_LID1_STA1_GRU64_OH0,0317_0012,A,0.5202302932739258,0.08280591666698456,0.5,0.0,-26.40024029098632,5.455692903933758,1.9191286211277403,6.86239021218257
1773702867.507043,1773702867507048508,Sr02_gA_IMG1_LID1_STA1_GRU64_OH0,0317_0012,A,0.518093466758728,0.23031741380691528,0.5,0.5,-26.41755375368037,5.502599435827391,1.9290097656718062,6.832790757796193
1773702867.6056936,1773702867605700791,Sr02_gA_IMG1_LID1_STA1_GRU64_OH0,0317_0012,A,0.5182098150253296,0.23615160584449768,0.5,0.5,-26.435261701014575,5.549248240592872,1.9401589926003358,6.803118921772673
1773702867.7064493,1773702867706457483,Sr02_gA_IMG1_LID1_STA1_GRU64_OH0,0317_0012,A,0.5021862983703613,0.48182347416877747,0.5,0.5,-26.453821118922367,5.595614231840422,1.9632229811396862,6.772937092030771
1773702867.805846,1773702867805853157,Sr02_gA_IMG1_LID1_STA1_GRU64_OH0,0317_0012,A,0.5055040121078491,0.45932239294052124,0.5,0.5,-26.473460007021174,5.6414692070866215,1.9896299020882184,6.742077785214883
1773702867.9051044,1773702867905112107,Sr02_gA_IMG1_LID1_STA1_GRU64_OH0,0317_0012,A,0.5046296119689941,0.5720528364181519,0.5,0.5,-26.494601604775305,5.686365245279776,2.0335648415002585,6.710233411497002
1773702868.0065057,1773702868006513297,Sr02_gA_IMG1_LID1_STA1_GRU64_OH0,0317_0012,A,0.5114803910255432,0.4240623712539673,0.5,0.5,-26.51795435710185,5.730566325728028,2.0811081958435422,6.676633218999575
1773702868.1062176,1773702868106224631,Sr02_gA_IMG1_LID1_STA1_GRU64_OH0,0317_0012,A,0.5071280002593994,0.4075028598308563,0.5,0.5,-26.54343130963623,5.773583266784212,2.12807068103939,6.641462059572787
1773702868.2055862,1773702868205593469,Sr02_gA_IMG1_LID1_STA1_GRU64_OH0,0317_0012,A,0.5243683457374573,0.3321215808391571,0.5,0.5,-26.570761256924126,5.815448636549673,2.169814503537863,6.604952185100401
1773702868.3057108,1773702868305719594,Sr02_gA_IMG1_LID1_STA1_GRU64_OH0,0317_0012,A,0.5176853537559509,0.3222470283508301,0.5,0.5,-26.59975119788661,5.856157445111834,2.207642603256137,6.5672713251214345
1773702868.4046617,1773702868404669222,Sr02_gA_IMG1_LID1_STA1_GRU64_OH0,0317_0012,A,0.5371958613395691,0.0872356966137886,0.5,0.0,-26.63014324876678,5.8958575441552075,2.240459736227948,6.528617482927259
1773702868.5057752,1773702868505781359,Sr02_gA_IMG1_LID1_STA1_GRU64_OH0,0317_0012,A,0.5367475748062134,0.2556564211845398,0.5,0.5,-26.661703769970547,5.934479160938478,2.2688216351929436,6.4892177464610326
1773702868.6064975,1773702868606503892,Sr02_gA_IMG1_LID1_STA1_GRU64_OH0,0317_0012,A,0.5527663826942444,0.2689950168132782,0.5,0.5,-26.693894737709524,5.9724027090638305,2.281506460769238,6.449498924293385
1773702868.705892,1773702868705898878,Sr02_gA_IMG1_LID1_STA1_GRU64_OH0,0317_0012,A,0.5423110127449036,0.3141326606273651,0.5,0.5,-26.72690767215358,6.009808800239337,2.3070247023268164,6.409226679499558
1773702868.8061967,1773702868806211019,Sr02_gA_IMG1_LID1_STA1_GRU64_OH0,0317_0012,A,0.5391281843185425,0.31136807799339294,0.5,0.5,-26.760979525525677,6.046382037905945,2.3356354726421547,6.368228007571654
1773702868.9050379,1773702868905044301,Sr02_gA_IMG1_LID1_STA1_GRU64_OH0,0317_0012,A,0.5280107855796814,0.49580156803131104,0.5,0.5,-26.796160664590634,6.081907842539012,2.3669381057356706,6.326485862930238
1773702869.0045075,1773702869004520889,Sr02_gA_IMG1_LID1_STA1_GRU64_OH0,0317_0012,A,0.5248059034347534,0.397846519947052,0.5,0.5,-26.832360483938537,6.116219282407735,2.401157947937483,6.284108409889449
1773702869.1049469,1773702869104954469,Sr02_gA_IMG1_LID1_STA1_GRU64_OH0,0317_0012,A,0.5205003023147583,0.29965493083000183,0.5,0.5,-26.86992760604374,6.148969087843895,2.4462217775703974,6.240806523938571
1773702869.204841,1773702869204848316,Sr02_gA_IMG1_LID1_STA1_GRU64_OH0,0317_0012,A,0.5158969759941101,0.3216286301612854,0.5,0.5,-26.90888554358351,6.180223799200722,2.48253379038497,6.196525070132167
1773702869.3057122,1773702869305719239,Sr02_gA_IMG1_LID1_STA1_GRU64_OH0,0317_0012,A,0.5230468511581421,0.31303906440734863,0.5,0.5,-26.94887198529419,6.210238582602409,2.5133781687192536,6.151554169871444
1773702869.4075093,1773702869407523095,Sr02_gA_IMG1_LID1_STA1_GRU64_OH0,0317_0012,A,0.49455806612968445,0.10691847652196884,0.5,0.0,-26.98978948648177,6.238970903452073,2.545197403380787,6.105984152098859
1773702869.5072918,1773702869507297850,Sr02_gA_IMG1_LID1_STA1_GRU64_OH0,0317_0012,A,0.5216262340545654,0.18613380193710327,0.5,0.0,-27.031472371522078,6.26636289554105,2.5726678900327458,6.059975567094092
1773702869.6046567,1773702869604663840,Sr02_gA_IMG1_LID1_STA1_GRU64_OH0,0317_0012,A,0.5369340181350708,0.2516086995601654,0.5,0.5,-27.07365918983912,6.292971973799102,2.586327189705435,6.01367320068965
1773702869.7064757,1773702869706482383,Sr02_gA_IMG1_LID1_STA1_GRU64_OH0,0317_0012,A,0.5375099182128906,0.2809663414955139,0.5,0.5,-27.116371317704623,6.318899987736166,2.607120706789275,5.967031426727571
1773702869.8059373,1773702869805945259,Sr02_gA_IMG1_LID1_STA1_GRU64_OH0,0317_0012,A,0.5489627718925476,0.2124127745628357,0.5,0.5,-27.159719815330643,6.343815131103993,2.6334558162716206,5.919992836784002
1773702869.9055827,1773702869905589663,Sr02_gA_IMG1_LID1_STA1_GRU64_OH0,0317_0012,A,0.5640938878059387,-0.03112616389989853,0.5,0.0,-27.203714550849064,6.367540295180958,2.659005060852244,5.872569636292318
1773702870.0051231,1773702870005130384,Sr02_gA_IMG1_LID1_STA1_GRU64_OH0,0317_0012,A,0.5438406467437744,-0.052736565470695496,0.5,0.0,-27.248137599373017,6.390248050764308,2.6766752567360506,5.824938283928266
1773702870.1048555,1773702870104863756,Sr02_gA_IMG1_LID1_STA1_GRU64_OH0,0317_0012,A,0.5262298583984375,-0.02004913054406643,0.5,0.0,-27.292638214618975,6.412584465829844,2.6743650231459375,5.777330168893627
1773702870.2064807,1773702870206487161,Sr02_gA_IMG1_LID1_STA1_GRU64_OH0,0317_0012,A,0.5597891807556152,0.15506334602832794,0.5,0.0,-27.337225580631905,6.435211061022864,2.6703988457259027,5.729626183048783
1773702870.3087964,1773702870308804585,Sr02_gA_IMG1_LID1_STA1_GRU64_OH0,0317_0012,A,0.566301167011261,0.19825200736522675,0.5,0.0,-27.38167471068402,6.457885189824096,2.6715037396871084,5.682090476686191
1773702870.4057865,1773702870405793848,Sr02_gA_IMG1_LID1_STA1_GRU64_OH0,0317_0012,A,0.5579302310943604,0.2586902678012848,0.5,0.5,-27.426336098656822,6.4801484723925045,2.6881760074645187,5.63445098557748
1773702870.5061965,1773702870506202786,Sr02_gA_IMG1_LID1_STA1_GRU64_OH0,0317_0012,A,0.5291950702667236,0.07440989464521408,0.5,0.0,-27.471478270197537,6.501573933746559,2.710066431860887,5.586506418849814
1773702870.605442,1773702870605449865,Sr02_gA_IMG1_LID1_STA1_GRU64_OH0,0317_0012,A,0.5124873518943787,0.10372703522443771,0.5,0.0,-27.516990776209543,6.521879388062083,2.730584765782863,5.5384032915264365
1773702870.7064004,1773702870706407302,Sr02_gA_IMG1_LID1_STA1_GRU64_OH0,0317_0012,A,0.5052822828292847,0.0367317870259285,0.5,0.0,-27.56290781009007,6.541668498258207,2.739491597816357,5.490009184457254
1773702870.8054814,1773702870805488643,Sr02_gA_IMG1_LID1_STA1_GRU64_OH0,0317_0012,A,0.5038284659385681,0.018024232238531113,0.5,0.0,-27.60899315319189,6.561024441840302,2.7467896722795984,5.441542143910505
1773702870.9068196,1773702870906827729,Sr02_gA_IMG1_LID1_STA1_GRU64_OH0,0317_0012,A,0.52491295337677,0.11985435336828232,0.5,0.0,-27.655177517123597,6.580181753847257,2.7495274832435945,5.393033992235195
1773702871.0068731,1773702871006880064,Sr02_gA_IMG1_LID1_STA1_GRU64_OH0,0317_0012,A,0.5196829438209534,0.21390517055988312,0.5,0.5,-27.701358817884532,6.599183814860534,2.7552528642701453,5.344578788998392
1773702871.1054676,1773702871105475336,Sr02_gA_IMG1_LID1_STA1_GRU64_OH0,0317_0012,A,0.5123376846313477,0.2362387478351593,0.5,0.5,-27.74774007673682,6.61768763874359,2.7708564898788044,5.296024060289054
1773702871.2054124,1773702871205420125,Sr02_gA_IMG1_LID1_STA1_GRU64_OH0,0317_0012,A,0.4660681486129761,0.10528744012117386,0.5,0.0,-27.794538121249246,6.635289828764289,2.7933636306406653,5.247208939928967
1773702871.3069146,1773702871306922047,Sr02_gA_IMG1_LID1_STA1_GRU64_OH0,0317_0012,A,0.4743489921092987,0.1258656084537506,0.5,0.0,-27.841649347127113,6.651817893146064,2.812117823630142,5.198254662292559
1773702871.4052796,1773702871405287000,Sr02_gA_IMG1_LID1_STA1_GRU64_OH0,0317_0012,A,0.5356273055076599,-0.2664809823036194,0.5,-0.5,-27.889048301971258,6.667733635989586,2.8236754439280993,5.149117622205179
1773702871.5057752,1773702871505781922,Sr02_gA_IMG1_LID1_STA1_GRU64_OH0,0317_0012,A,0.4824928939342499,-0.14257465302944183,0.5,0.0,-27.936476243485316,6.683060897111558,2.831365710233202,5.1000479870301705
1773702871.606843,1773702871606850339,Sr02_gA_IMG1_LID1_STA1_GRU64_OH0,0317_0012,A,0.4787655174732208,-0.1081010028719902,0.5,0.0,-27.9836219397903,6.698460651211945,2.8189919399918018,5.051263575549687
1773702871.706685,1773702871706692146,Sr02_gA_IMG1_LID1_STA1_GRU64_OH0,0317_0012,A,0.3123604655265808,-0.0021737096831202507,0.5,0.0,-28.030935096480636,6.714629510105264,2.8064581513582247,5.0022281453807595
1773702871.8074324,1773702871807439487,Sr02_gA_IMG1_LID1_STA1_GRU64_OH0,0317_0012,A,0.26688095927238464,0.04180562496185303,0.5,0.0,-28.078023299910004,6.73126824214371,2.7998326697382425,4.95337434434835
1773702871.9053433,1773702871905350507,Sr02_gA_IMG1_LID1_STA1_GRU64_OH0,0317_0012,A,0.4647305905818939,0.11760614067316055,0.5,0.0,-28.125128039264833,6.748002366273423,2.8017509948280805,4.9045139301576794
1773702872.007139,1773702872007145905,Sr02_gA_IMG1_LID1_STA1_GRU64_OH0,0317_0012,A,0.29445868730545044,-0.23251457512378693,0.5,-0.5,-28.17228489273185,6.764526071320535,2.8091884088567993,4.855651063733055
1773702872.1054692,1773702872105477149,Sr02_gA_IMG1_LID1_STA1_GRU64_OH0,0317_0012,A,0.2784058749675751,-0.23555812239646912,0.5,-0.5,-28.219479592135265,6.780558079309118,2.8160816520657623,4.806833742482218
1773702872.2080355,1773702872208041971,Sr02_gA_IMG1_LID1_STA1_GRU64_OH0,0317_0012,A,0.47442540526390076,-0.08384905755519867,0.5,0.0,-28.266122618567557,6.796640470678376,2.7997481399965314,4.758579252272799
1773702872.3063166,1773702872306323613,Sr02_gA_IMG1_LID1_STA1_GRU64_OH0,0317_0012,A,0.4454783499240875,-0.08113749325275421,0.5,0.0,-28.312944906913128,6.813870051414444,2.781335967520875,4.710033350025442
1773702872.4051335,1773702872405140419,Sr02_gA_IMG1_LID1_STA1_GRU64_OH0,0317_0012,A,0.5256564021110535,0.04610363021492958,0.5,0.0,-28.35966138776738,6.831690149628948,2.7730866453623175,4.661552594671345
1773702872.507258,1773702872507264241,Sr02_gA_IMG1_LID1_STA1_GRU64_OH0,0317_0012,A,0.3852832317352295,-0.30616483092308044,0.5,-0.5,-28.406168419745434,6.849817509755925,2.76946949233313,4.613277645498704
1773702872.6048715,1773702872604877912,Sr02_gA_IMG1_LID1_STA1_GRU64_OH0,0317_0012,A,0.39875373244285583,-0.2812826633453369,0.5,-0.5,-28.4526273259628,6.867875072145723,2.7694608908139897,4.565093498120121
1773702872.7063456,1773702872706352448,Sr02_gA_IMG1_LID1_STA1_GRU64_OH0,0317_0012,A,0.4830765724182129,-0.21758009493350983,0.5,-0.5,-28.498455539427987,6.886263811694371,2.7475799449186185,4.517536881077314
1773702872.80814,1773702872808148030,Sr02_gA_IMG1_LID1_STA1_GRU64_OH0,0317_0012,A,0.49263283610343933,-0.2151559293270111,0.5,-0.5,-28.544350730052653,6.906066629788579,2.722490867356267,4.469805851146062
1773702872.9064927,1773702872906500764,Sr02_gA_IMG1_LID1_STA1_GRU64_OH0,0317_0012,A,0.4469374716281891,-0.11826727539300919,0.5,0.0,-28.58979916021834,6.926907511005016,2.700854099532603,4.422464738980607
1773702873.0049229,1773702873004930432,Sr02_gA_IMG1_LID1_STA1_GRU64_OH0,0317_0012,A,0.48647502064704895,0.24757245182991028,0.5,0.5,-28.63477782000636,6.948667946201517,2.683431186369097,4.375561454573453
1773702873.1064203,1773702873106428695,Sr02_gA_IMG1_LID1_STA1_GRU64_OH0,0317_0012,A,0.48750829696655273,0.24865031242370605,0.5,0.5,-28.67937445676278,6.970937396243759,2.676473393485538,4.329060009787979
1773702873.2065468,1773702873206555109,Sr02_gA_IMG1_LID1_STA1_GRU64_OH0,0317_0012,A,0.49724194407463074,0.26770636439323425,0.5,0.5,-28.72355822378909,6.992750798837372,2.693021850314958,4.283085367986826
1773702873.30779,1773702873307797286,Sr02_gA_IMG1_LID1_STA1_GRU64_OH0,0317_0012,A,0.5150012373924255,0.31698763370513916,0.5,0.5,-28.768881479034928,7.013861536934835,2.7188396234909606,4.236108671153671
1773702873.406008,1773702873406015524,Sr02_gA_IMG1_LID1_STA1_GRU64_OH0,0317_0012,A,0.5017420053482056,0.15558452904224396,0.5,0.0,-28.814747206668454,7.033731549514529,2.7479374689280816,4.1887609527218395
1773702873.5060709,1773702873506077068,Sr02_gA_IMG1_LID1_STA1_GRU64_OH0,0317_0012,A,0.49694862961769104,0.22455552220344543,0.5,0.5,-28.861086773608807,7.052181683547888,2.7741770280388915,4.141111873759448
1773702873.6054614,1773702873605468707,Sr02_gA_IMG1_LID1_STA1_GRU64_OH0,0317_0012,A,0.4923677444458008,0.24209702014923096,0.5,0.5,-28.907868120949946,7.0697359011942265,2.7926993603845576,4.093141163169177
1773702873.7044876,1773702873704494395,Sr02_gA_IMG1_LID1_STA1_GRU64_OH0,0317_0012,A,0.49447888135910034,0.09166588634252548,0.5,0.0,-28.955047208408768,7.086289448021953,2.8160319355819494,4.044892347186707
1773702873.8055403,1773702873805546930,Sr02_gA_IMG1_LID1_STA1_GRU64_OH0,0317_0012,A,0.4478510618209839,0.12289160490036011,0.5,0.0,-29.002490337755052,7.10172156782833,2.835099477855324,3.996498536754846
1773702873.904531,1773702873904538415,Sr02_gA_IMG1_LID1_STA1_GRU64_OH0,0317_0012,A,0.4135335683822632,0.09106909483671188,0.5,0.0,-29.05023442044104,7.116570073692339,2.8458273167643333,3.9478792233486337
1773702874.004363,1773702874004370592,Sr02_gA_IMG1_LID1_STA1_GRU64_OH0,0317_0012,A,0.31597021222114563,0.3467246890068054,0.5,0.5,-29.098146116352464,7.130868503581747,2.8565253585236667,3.8991613794195574
1773702874.1061575,1773702874106164168,Sr02_gA_IMG1_LID1_STA1_GRU64_OH0,0317_0012,A,0.35522744059562683,0.31930530071258545,0.5,0.5,-29.146054270574712,7.14463054240643,2.8697815605311656,3.850511447437046
1773702874.2067153,1773702874206722749,Sr02_gA_IMG1_LID1_STA1_GRU64_OH0,0317_0012,A,0.48005619645118713,0.2872772514820099,0.5,0.5,-29.194068987756406,7.157255694022267,2.9002272236388773,3.8018498735101725
1773702874.3058453,1773702874305852355,Sr02_gA_IMG1_LID1_STA1_GRU64_OH0,0317_0012,A,0.47097158432006836,0.27749472856521606,0.5,0.5,-29.24279787494883,7.16844959568122,2.930556326815143,3.7525779834579773
1773702874.4052653,1773702874405272660,Sr02_gA_IMG1_LID1_STA1_GRU64_OH0,0317_0012,A,0.5085331797599792,0.3533647060394287,0.5,0.5,-29.29183115843251,7.178225618695395,2.9587948871599377,3.7030951491874915
1773702874.5058074,1773702874505813087,Sr02_gA_IMG1_LID1_STA1_GRU64_OH0,0317_0012,A,0.5361039042472839,0.21368186175823212,0.5,0.5,-29.34108645647377,7.186589637000373,2.989798557307645,3.6534756533299464
1773702874.604699,1773702874604706353,Sr02_gA_IMG1_LID1_STA1_GRU64_OH0,0317_0012,A,0.5114656090736389,0.19206853210926056,0.5,0.0,-29.39054202780593,7.193320556233636,3.0197555429050356,3.603745737787679
1773702874.7056782,1773702874705686357,Sr02_gA_IMG1_LID1_STA1_GRU64_OH0,0317_0012,A,0.47638264298439026,-0.0010704753221943974,0.5,0.0,-29.440231114484163,7.198880099281274,3.0400430491598605,3.553844241241138
1773702874.8065686,1773702874806575833,Sr02_gA_IMG1_LID1_STA1_GRU64_OH0,0317_0012,A,0.4690529406070709,-0.003052243497222662,0.5,0.0,-29.489855802036406,7.203505984422845,3.054121479819829,3.50405438624401
1773702874.9051268,1773702874905134237,Sr02_gA_IMG1_LID1_STA1_GRU64_OH0,0317_0012,A,0.45772281289100647,0.10211677104234695,0.5,0.0,-29.539635436236438,7.207870332773179,3.0540203160510173,3.4541235479098797
1773702875.0064282,1773702875006435408,Sr02_gA_IMG1_LID1_STA1_GRU64_OH0,0317_0012,A,0.4765075147151947,0.047319263219833374,0.5,0.0,-29.58938496329315,7.212204280117648,3.0577356915172382,3.404225369253087
1773702875.1047235,1773702875104732039,Sr02_gA_IMG1_LID1_STA1_GRU64_OH0,0317_0012,A,0.48262524604797363,0.042283348739147186,0.5,0.0,-29.639215924065557,7.216167808486073,3.0653495821286434,3.3542641161196527
1773702875.2055962,1773702875205603214,Sr02_gA_IMG1_LID1_STA1_GRU64_OH0,0317_0012,A,0.4761279225349426,-0.0018560771131888032,0.5,0.0,-29.689079263110234,7.219861440376983,3.0698297093635127,3.3042836801640285
1773702875.305796,1773702875305803173,Sr02_gA_IMG1_LID1_STA1_GRU64_OH0,0317_0012,A,0.47155892848968506,-0.003482283093035221,0.5,0.0,-29.738944801567143,7.223366596668909,3.071904223795543,3.254310197365548
1773702875.4044533,1773702875404460915,Sr02_gA_IMG1_LID1_STA1_GRU64_OH0,0317_0012,A,0.4479602873325348,-0.12310872972011566,0.5,0.0,-29.788823041254776,7.226853841057197,3.0716373075382415,3.204325303426497
1773702875.5053644,1773702875505370131,Sr02_gA_IMG1_LID1_STA1_GRU64_OH0,0317_0012,A,0.44277238845825195,-0.09535551071166992,0.5,0.0,-29.838611044771312,7.230393303029741,3.067069765909784,3.1544287048400044
1773702875.6049492,1773702875604956288,Sr02_gA_IMG1_LID1_STA1_GRU64_OH0,0317_0012,A,0.439968079328537,-0.04959607869386673,0.5,0.0,-29.88844955105075,7.2344055345041784,3.056146554182267,3.1044613484765238
1773702875.705082,1773702875705089843,Sr02_gA_IMG1_LID1_STA1_GRU64_OH0,0317_0012,A,0.48033803701400757,0.11862844973802567,0.5,0.0,-29.938237376711655,7.2388818070518015,3.0488452049218786,3.0545255633111967
1773702875.8071816,1773702875807188700,Sr02_gA_IMG1_LID1_STA1_GRU64_OH0,0317_0012,A,0.43230706453323364,0.03432368114590645,0.5,0.0,-29.987864533271214,7.243577300803138,3.0485154415424804,3.0047427481080584
1773702875.9052725,1773702875905279158,Sr02_gA_IMG1_LID1_STA1_GRU64_OH0,0317_0012,A,0.46098244190216064,0.06343956291675568,0.5,0.0,-30.037622134613073,7.247967732119182,3.0566817757332263,2.954844522110606
1773702876.007211,1773702876007219030,Sr02_gA_IMG1_LID1_STA1_GRU64_OH0,0317_0012,A,0.43428489565849304,0.12310447543859482,0.5,0.0,-30.087450655425098,7.252104531349852,3.061569908122882,2.9048876259474374
1773702876.106213,1773702876106220915,Sr02_gA_IMG1_LID1_STA1_GRU64_OH0,0317_0012,A,0.45637255907058716,0.1542869508266449,0.5,0.0,-30.137289487977316,7.255910541742835,3.0706413514609414,2.8549352610165943
1773702876.2060077,1773702876206016425,Sr02_gA_IMG1_LID1_STA1_GRU64_OH0,0317_0012,A,0.4757479429244995,0.35692116618156433,0.5,0.5,-30.187185415053055,7.259128605699393,3.0845108760928763,2.804950380633487
1773702876.305581,1773702876305588390,Sr02_gA_IMG1_LID1_STA1_GRU64_OH0,0317_0012,A,0.4898838400840759,0.411977618932724,0.5,0.5,-30.236965506062475,7.261551149413386,3.103911891936591,2.7551132968674623
1773702876.4061484,1773702876406156135,Sr02_gA_IMG1_LID1_STA1_GRU64_OH0,0317_0012,A,0.5017527341842651,0.1536588966846466,0.5,0.0,-30.286761774614856,7.262546693238458,3.141272290749583,2.705317002857004
1773702876.5077078,1773702876507713570,Sr02_gA_IMG1_LID1_STA1_GRU64_OH0,0317_0012,A,0.5106588006019592,0.028297511860728264,0.5,0.0,-30.336487418241962,7.261640966978098,-3.1091148784043106,2.6556693335093398
1773702876.6060688,1773702876606075636,Sr02_gA_IMG1_LID1_STA1_GRU64_OH0,0317_0012,A,0.5042381882667542,-0.02580883540213108,0.5,0.0,-30.386316687857136,7.259701097289842,-3.099387309199195,2.605965421642012
1773702876.7056372,1773702876705643784,Sr02_gA_IMG1_LID1_STA1_GRU64_OH0,0317_0012,A,0.5135353803634644,0.12527845799922943,0.5,0.0,-30.436259663996754,7.257565607581588,-3.0996469325184073,2.5561629494076823
1773702876.8066084,1773702876806616852,Sr02_gA_IMG1_LID1_STA1_GRU64_OH0,0317_0012,A,0.4958922564983368,0.11223907023668289,0.5,0.0,-30.486081198913386,7.255469015069332,-3.09619856755689,2.5064874053844437
1773702876.9052284,1773702876905235906,Sr02_gA_IMG1_LID1_STA1_GRU64_OH0,0317_0012,A,0.47183969616889954,0.10514038056135178,0.5,0.0,-30.536014817059552,7.252898998315216,-3.084453098639074,2.4567303408909074
1773702877.0066607,1773702877006667577,Sr02_gA_IMG1_LID1_STA1_GRU64_OH0,0317_0012,A,0.4603676199913025,0.0693284273147583,0.5,0.0,-30.585916561646805,7.249769873533793,-3.0736551252228,2.4070432840862566
1773702877.104914,1773702877104920755,Sr02_gA_IMG1_LID1_STA1_GRU64_OH0,0317_0012,A,0.45370179414749146,0.07184676080942154,0.5,0.0,-30.63578488784803,7.246145568426149,-3.0652897906504575,2.3574290172202907
1773702877.205102,1773702877205110171,Sr02_gA_IMG1_LID1_STA1_GRU64_OH0,0317_0012,A,0.4596123695373535,0.05149891600012779,0.5,0.0,-30.685625605330703,7.242159082390064,-3.058205861408976,2.3078791662828975
1773702877.3065116,1773702877306525214,Sr02_gA_IMG1_LID1_STA1_GRU64_OH0,0317_0012,A,0.4639565944671631,0.025301173329353333,0.5,0.0,-30.73543810273144,7.237833857880577,-3.052242050208801,2.2583972880941796
1773702877.4063556,1773702877406364039,Sr02_gA_IMG1_LID1_STA1_GRU64_OH0,0317_0012,A,0.467337965965271,0.1457725167274475,0.5,0.0,-30.785229123909122,7.233267532226819,-3.0486640089766905,2.208975206075378
1773702877.5063567,1773702877506362850,Sr02_gA_IMG1_LID1_STA1_GRU64_OH0,0317_0012,A,0.404278963804245,0.050851453095674515,0.5,0.0,-30.83491167015232,7.228508207264053,-3.0407427876777264,2.159700701749051
1773702877.6071744,1773702877607182307,Sr02_gA_IMG1_LID1_STA1_GRU64_OH0,0317_0012,A,0.40283337235450745,0.041555289179086685,0.5,0.0,-30.88459215943201,7.223180605499349,-3.0310892637066553,2.110497867998564
1773702877.7064118,1773702877706419233,Sr02_gA_IMG1_LID1_STA1_GRU64_OH0,0317_0012,A,0.48168814182281494,-0.028573565185070038,0.5,0.0,-30.93427391301963,7.217548656813463,-3.026561888358649,2.0613531052366088
1773702877.8062823,1773702877806289937,Sr02_gA_IMG1_LID1_STA1_GRU64_OH0,0317_0012,A,0.481960654258728,-0.020059403032064438,0.5,0.0,-30.983911635822547,7.21176260522142,-3.0262480585753035,2.0123065677451217
1773702877.905416,1773702877905422849,Sr02_gA_IMG1_LID1_STA1_GRU64_OH0,0317_0012,A,0.44343847036361694,-0.12454230338335037,0.5,0.0,-31.03358667976297,7.206071508971079,-3.028594567967301,1.9632616254050588
1773702878.0060608,1773702878006068453,Sr02_gA_IMG1_LID1_STA1_GRU64_OH0,0317_0012,A,0.4205573499202728,-0.24852736294269562,0.5,-0.5,-31.083217185072538,7.200553428519897,-3.035618650919236,1.9142950372874403
1773702878.1059113,1773702878105918712,Sr02_gA_IMG1_LID1_STA1_GRU64_OH0,0317_0012,A,0.41795676946640015,-0.2656354606151581,0.5,-0.5,-31.132855099185488,7.195647216840036,-3.053278292206382,1.8653148374362316
1773702878.2048635,1773702878204870762,Sr02_gA_IMG1_LID1_STA1_GRU64_OH0,0317_0012,A,0.4717896580696106,-0.19435808062553406,0.5,-0.5,-31.18271095449115,7.19187191596036,-3.079157456537737,1.816054776793835
1773702878.3045783,1773702878304584458,Sr02_gA_IMG1_LID1_STA1_GRU64_OH0,0317_0012,A,0.47463157773017883,-0.005612561013549566,0.5,0.0,-31.232633268019704,7.189358424662724,-3.1016820431785965,1.7666398522423237
1773702878.404542,1773702878404549460,Sr02_gA_IMG1_LID1_STA1_GRU64_OH0,0317_0012,A,0.4787851870059967,-0.009184266440570354,0.5,0.0,-31.282431836027516,7.1877743694283165,-3.114166610170149,1.717281519671153
1773702878.5059755,1773702878505981950,Sr02_gA_IMG1_LID1_STA1_GRU64_OH0,0317_0012,A,0.5138738751411438,0.10174422711133957,0.5,0.0,-31.32818793650757,7.186531240492675,-3.114716159188196,1.6719308026776505
1773702878.605545,1773702878605552239,Sr02_gA_IMG1_LID1_STA1_GRU64_OH0,0317_0012,A,0.5127641558647156,0.10081695765256882,0.5,0.0,-31.3557539668329,7.185796297043819,-3.115205253627196,1.6446187157043535
1773702878.7053914,1773702878705397609,Sr02_gA_IMG1_LID1_STA1_GRU64_OH0,0317_0012,A,0.5392317771911621,0.08930692076683044,0.5,0.0,-31.364127160940974,7.185576461031573,-3.1156301488003404,1.636324022843095
1773702878.8048184,1773702878804825654,Sr02_gA_IMG1_LID1_STA1_GRU64_OH0,0317_0012,A,0.5369753241539001,0.13923558592796326,0.5,0.0,-31.35451586736781,7.185823877030552,-3.115973167722752,1.6458458320899105
1773702878.9062107,1773702878906218110,Sr02_gA_IMG1_LID1_STA1_GRU64_OH0,0317_0012,A,0.5114668607711792,0.11615986377000809,0.5,0.0,-31.32997493795498,7.186448793252775,-3.116271518041611,1.670163848177288
1773702879.005739,1773702879005746280,Sr02_gA_IMG1_LID1_STA1_GRU64_OH0,0317_0012,A,0.5115331411361694,0.1600791960954666,0.5,0.0,-31.31739898413851,7.18676622993991,-3.1164769567957826,1.6826284755828536
1773702879.1063108,1773702879106319026,Sr02_gA_IMG1_LID1_STA1_GRU64_OH0,0317_0012,A,0.5128625631332397,0.15808606147766113,0.5,0.0,-31.323321771391555,7.186618011476131,-3.116598276983136,1.6767577631134971
1773702879.205487,1773702879205494656,Sr02_gA_IMG1_LID1_STA1_GRU64_OH0,0317_0012,A,0.516243577003479,0.20346760749816895,0.5,0.5,-31.34041666798575,7.186161083139996,-3.1123007471317594,1.6598185640491496
1773702879.3049164,1773702879304923956,Sr02_gA_IMG1_LID1_STA1_GRU64_OH0,0317_0012,A,0.4989323616027832,0.028638243675231934,0.5,0.0,-31.35368443410295,7.185742666057918,-3.107061166754876,1.646681122540099
1773702879.4061024,1773702879406110002,Sr02_gA_IMG1_LID1_STA1_GRU64_OH0,0317_0012,A,0.503061056137085,0.04067911207675934,0.5,0.0,-31.349403256270072,7.185905398165526,-3.1030289207031654,1.6509168987980953
1773702879.5057683,1773702879505774850,Sr02_gA_IMG1_LID1_STA1_GRU64_OH0,0317_0012,A,0.4697956144809723,-0.05225786939263344,0.5,0.0,-31.32779730639247,7.186778334068417,-3.0999390925146626,1.6722917929085221
1773702879.605401,1773702879605410514,Sr02_gA_IMG1_LID1_STA1_GRU64_OH0,0317_0012,A,0.48158562183380127,-0.021379243582487106,0.5,0.0,-31.29127541936232,7.188346726400517,-3.097586609488242,1.7084274128442953
1773702879.7046964,1773702879704704213,Sr02_gA_IMG1_LID1_STA1_GRU64_OH0,0317_0012,A,0.46813860535621643,0.06291035562753677,0.5,0.0,-31.2667163770768,7.189448704935962,-3.0957515244789033,1.7327316558859196
1773702879.8060591,1773702879806065594,Sr02_gA_IMG1_LID1_STA1_GRU64_OH0,0317_0012,A,0.4819595515727997,0.20862844586372375,0.5,0.5,-31.26129256624926,7.189699353246028,-3.0942839923642538,1.738099495040797
1773702879.9060688,1773702879906075504,Sr02_gA_IMG1_LID1_STA1_GRU64_OH0,0317_0012,A,0.49658483266830444,0.2544932961463928,0.5,0.5,-31.27311505714252,7.189129224200437,-3.0921902945775552,1.7264020109080198
1773702880.0042796,1773702880004286210,Sr02_gA_IMG1_LID1_STA1_GRU64_OH0,0317_0012,A,0.4729706048965454,0.014020493254065514,0.5,0.0,-31.29059011035081,7.188196179925423,-3.0839251796260583,1.7091248955115637
1773702880.1050541,1773702880105062658,Sr02_gA_IMG1_LID1_STA1_GRU64_OH0,0317_0012,A,0.4632722735404968,-0.000494722684379667,0.5,0.0,-31.308025217091352,7.187132809353425,-3.07947597722392,1.6919062363554316
1773702880.2048879,1773702880204895292,Sr02_gA_IMG1_LID1_STA1_GRU64_OH0,0317_0012,A,0.488851398229599,-0.12490794062614441,0.5,0.0,-31.325491295660278,7.186043778336709,-3.0792900758358748,1.6746647844443738
1773702880.3056138,1773702880305620925,Sr02_gA_IMG1_LID1_STA1_GRU64_OH0,0317_0012,A,0.488957017660141,-0.12447652220726013,0.5,0.0,-31.342946922101753,7.184968157268471,-3.081860538604923,1.6574376319117232
1773702880.4045599,1773702880404567573,Sr02_gA_IMG1_LID1_STA1_GRU64_OH0,0317_0012,A,0.43265172839164734,-0.13291826844215393,0.5,0.0,-31.360417934146188,7.1839616074711685,-3.0862232490174617,1.640192848691116
1773702880.5067096,1773702880506716071,Sr02_gA_IMG1_LID1_STA1_GRU64_OH0,0317_0012,A,0.4399281442165375,-0.004878372885286808,0.5,0.0,-31.373673709123615,7.183250308433478,-3.0903653930603037,1.6271063056671098
1773702880.6068304,1773702880606837461,Sr02_gA_IMG1_LID1_STA1_GRU64_OH0,0317_0012,A,0.43783390522003174,-0.005743485409766436,0.5,0.0,-31.36939677929177,7.1834577210777235,-3.0935972685517257,1.6313308411125227
1773702880.7064123,1773702880706418738,Sr02_gA_IMG1_LID1_STA1_GRU64_OH0,0317_0012,A,0.4682242274284363,0.09467127919197083,0.5,0.0,-31.347800158481256,7.18446287018319,-3.096136650437722,1.6526721718907644
1773702880.8052301,1773702880805235925,Sr02_gA_IMG1_LID1_STA1_GRU64_OH0,0317_0012,A,0.4649882912635803,-0.05425569415092468,0.5,0.0,-31.31693752572279,7.185836318757874,-3.0981164560507124,1.683189256122765
1773702880.9062476,1773702880906255925,Sr02_gA_IMG1_LID1_STA1_GRU64_OH0,0317_0012,A,0.49468329548835754,0.004974791314452887,0.5,0.0,-31.303325281766764,7.186420203142087,-3.099611315811843,1.6966558011426465
1773702881.0064037,1773702881006410137,Sr02_gA_IMG1_LID1_STA1_GRU64_OH0,0317_0012,A,0.4581538438796997,-0.08185815811157227,0.5,0.0,-31.308201249920142,7.186219890840409,-3.1007418767811217,1.6918307659996656
1773702881.1055396,1773702881105546781,Sr02_gA_IMG1_LID1_STA1_GRU64_OH0,0317_0012,A,0.462207555770874,-0.08048021048307419,0.5,0.0,-31.325235024597486,7.1855356207500165,-3.1026458162477497,1.6749757070412334
1773702881.20586,1773702881205866474,Sr02_gA_IMG1_LID1_STA1_GRU64_OH0,0317_0012,A,0.489760160446167,0.085919588804245,0.5,0.0,-31.342722695234393,7.1848790677944985,-3.1054770873492803,1.657670446417614
1773702881.3050041,1773702881305011203,Sr02_gA_IMG1_LID1_STA1_GRU64_OH0,0317_0012,A,0.5127248764038086,0.09099145978689194,0.5,0.0,-31.35598965643833,7.184414848155558,-3.108158451105336,1.6445407738079945
1773702881.4047291,1773702881404735810,Sr02_gA_IMG1_LID1_STA1_GRU64_OH0,0317_0012,A,0.5128514766693115,0.09166254103183746,0.5,0.0,-31.351710847323687,7.184550370286861,-3.110225411358523,1.6487766568860804
1773702881.506423,1773702881506429135,Sr02_gA_IMG1_LID1_STA1_GRU64_OH0,0317_0012,A,0.5242149233818054,0.06456052511930466,0.5,0.0,-31.33010231200918,7.185207764892346,-3.1118561791532087,1.6701749274052051
1773702881.6063573,1773702881606366468,Sr02_gA_IMG1_LID1_STA1_GRU64_OH0,0317_0012,A,0.5008013248443604,0.046936169266700745,0.5,0.0,-31.30183918822081,7.186031101326794,-3.1131294085915893,1.69817543308126
1773702881.7057767,1773702881705784294,Sr02_gA_IMG1_LID1_STA1_GRU64_OH0,0317_0012,A,0.4479433298110962,0.13646522164344788,0.5,0.0,-31.291871334426872,7.1863114358268945,-3.1140776401322454,1.708053910904808
1773702881.8073273,1773702881807334915,Sr02_gA_IMG1_LID1_STA1_GRU64_OH0,0317_0012,A,0.44930365681648254,0.13403409719467163,0.5,0.0,-31.30003273228413,7.186090843881089,-3.114782711594877,1.6999646379690747
1773702881.90583,1773702881905837170,Sr02_gA_IMG1_LID1_STA1_GRU64_OH0,0317_0012,A,0.4521014392375946,0.13024699687957764,0.5,0.0,-31.317387999124428,7.1855919102889825,-3.1105568125671343,1.6827684464658341
1773702882.00486,1773702882004867406,Sr02_gA_IMG1_LID1_STA1_GRU64_OH0,0317_0012,A,0.49834099411964417,0.05988708883523941,0.5,0.0,-31.329279317444577,7.185201844881969,-3.106193195570977,1.670993469588413
1773702882.1062582,1773702882106267080,Sr02_gA_IMG1_LID1_STA1_GRU64_OH0,0317_0012,A,0.5082482695579529,0.0878443494439125,0.5,0.0,-31.323243829268336,7.185430693679409,-3.1028977592815528,1.6769662735867708
1773702882.2044685,1773702882204475863,Sr02_gA_IMG1_LID1_STA1_GRU64_OH0,0317_0012,A,0.48528140783309937,0.021989606320858,0.5,0.0,-31.299910049661147,7.18636845782877,-3.1003738584753253,1.7000564034523313
1773702882.3054845,1773702882305491372,Sr02_gA_IMG1_LID1_STA1_GRU64_OH0,0317_0012,A,0.4801439344882965,0.2246372103691101,0.5,0.5,-31.269927269132904,7.187632940574702,-3.098440026379129,1.7297301398832647
1773702882.4052663,1773702882405273029,Sr02_gA_IMG1_LID1_STA1_GRU64_OH0,0317_0012,A,0.46057966351509094,0.18286415934562683,0.5,0.0,-31.258232343720767,7.1881448119008216,-3.0969036370156897,1.7413056804180056
1773702882.5051267,1773702882505132560,Sr02_gA_IMG1_LID1_STA1_GRU64_OH0,0317_0012,A,0.47486618161201477,0.209665447473526,0.5,0.5,-31.26484896954901,7.187842890586137,-3.09566041013386,1.7347576850415565
1773702882.604777,1773702882604784215,Sr02_gA_IMG1_LID1_STA1_GRU64_OH0,0317_0012,A,0.4768340289592743,0.20682162046432495,0.5,0.5,-31.28205405927319,7.187007235794694,-3.089583369313049,1.717739183662581
1773702882.7065458,1773702882706553556,Sr02_gA_IMG1_LID1_STA1_GRU64_OH0,0317_0012,A,0.4579886794090271,0.0585877001285553,0.5,0.0,-31.29952692273474,7.186033795148836,-3.082314764681379,1.7004736518162338
1773702882.80612,1773702882806126855,Sr02_gA_IMG1_LID1_STA1_GRU64_OH0,0317_0012,A,0.5069498419761658,-0.07927463203668594,0.5,0.0,-31.316982294921623,7.184955358014022,-3.0785879149605684,1.6832419539997179
1773702882.905584,1773702882905590410,Sr02_gA_IMG1_LID1_STA1_GRU64_OH0,0317_0012,A,0.4975581467151642,-0.08657657355070114,0.5,0.0,-31.334436427368637,7.183855823712057,-3.07981488459418,1.6660192141338417
1773702883.0067236,1773702883006729780,Sr02_gA_IMG1_LID1_STA1_GRU64_OH0,0317_0012,A,0.43064945936203003,-0.12754684686660767,0.5,0.0,-31.351904582261113,7.1828007271377325,-3.0827683870350477,1.6487830678091173
1773702883.107172,1773702883107178811,Sr02_gA_IMG1_LID1_STA1_GRU64_OH0,0317_0012,A,0.4260615110397339,-0.1265966296195984,0.5,0.0,-31.363783114080803,7.182114718605293,-3.085607082347343,1.6370618690982264
1773702883.2057264,1773702883205733060,Sr02_gA_IMG1_LID1_STA1_GRU64_OH0,0317_0012,A,0.42358413338661194,-0.09691480547189713,0.5,0.0,-31.357754570157113,7.182442682732605,-3.08777187400607,1.643012564624979
1773702883.3058708,1773702883305878817,Sr02_gA_IMG1_LID1_STA1_GRU64_OH0,0317_0012,A,0.44424405694007874,-0.13694927096366882,0.5,0.0,-31.334438008354958,7.183675525322226,-3.0894884962130185,1.666037916582214
1773702883.406256,1773702883406262636,Sr02_gA_IMG1_LID1_STA1_GRU64_OH0,0317_0012,A,0.4471132755279541,-0.13351312279701233,0.5,0.0,-31.30447251977087,7.185218795287848,-3.0908265778318693,1.695646665250976
1773702883.505117,1773702883505123174,Sr02_gA_IMG1_LID1_STA1_GRU64_OH0,0317_0012,A,0.447943776845932,-0.0372806116938591,0.5,0.0,-31.292785999517495,7.1858080373881,-3.0918239777333016,1.7071991805417135
1773702883.6058688,1773702883605875398,Sr02_gA_IMG1_LID1_STA1_GRU64_OH0,0317_0012,A,0.4548282027244568,-0.035351257771253586,0.5,0.0,-31.299406624550336,7.185481907570693,-3.092566425896518,1.7006533828726795
1773702883.7044258,1773702883704431480,Sr02_gA_IMG1_LID1_STA1_GRU64_OH0,0317_0012,A,0.4467655420303345,-0.05144607648253441,0.5,0.0,-31.31675017567796,7.184640918638969,-3.0937543856499428,1.6835074468652844
1773702883.8060396,1773702883806045877,Sr02_gA_IMG1_LID1_STA1_GRU64_OH0,0317_0012,A,0.46196821331977844,-0.13608145713806152,0.5,0.0,-31.334230778129122,7.183817295040138,-3.0953859955125256,1.6662278907243142
1773702883.9049652,1773702883904971375,Sr02_gA_IMG1_LID1_STA1_GRU64_OH0,0317_0012,A,0.4639047682285309,-0.1361275315284729,0.5,0.0,-31.35171337521837,7.183037393284319,-3.0992601454910655,1.6489460153862288
1773702884.0051405,1773702884005146768,Sr02_gA_IMG1_LID1_STA1_GRU64_OH0,0317_0012,A,0.45623210072517395,-0.10842599719762802,0.5,0.0,-31.363601544252287,7.182555095209754,-3.103715031948008,1.6371914513244183
1773702884.1058,1773702884105810591,Sr02_gA_IMG1_LID1_STA1_GRU64_OH0,0317_0012,A,0.4569813013076782,-0.10963806509971619,0.5,0.0,-31.35756652828357,7.182768052339398,-3.1071590486108427,1.6431620386910855
1773702884.206556,1773702884206562699,Sr02_gA_IMG1_LID1_STA1_GRU64_OH0,0317_0012,A,0.5075728297233582,-0.025825701653957367,0.5,0.0,-31.34805948119533,7.183088072531635,-3.1085969429104434,1.6525703537396368
1773702884.3051176,1773702884305124575,Sr02_gA_IMG1_LID1_STA1_GRU64_OH0,0317_0012,A,0.5102185606956482,0.15281644463539124,0.5,0.0,-31.317287868589112,7.184063005519808,-3.1109991386677556,1.6830371889673301
1773702884.4050379,1773702884405044887,Sr02_gA_IMG1_LID1_STA1_GRU64_OH0,0317_0012,A,0.4891281723976135,0.11744309961795807,0.5,0.0,-31.295984464722892,7.18469741966756,-3.1128313167490997,1.7041407695984856
1773702884.5063176,1773702884506324234,Sr02_gA_IMG1_LID1_STA1_GRU64_OH0,0317_0012,A,0.4638095796108246,0.169136181473732,0.5,0.0,-31.29368672383824,7.184763957638675,-3.114218075489904,1.7064174749780001
1773702884.6074514,1773702884607457861,Sr02_gA_IMG1_LID1_STA1_GRU64_OH0,0317_0012,A,0.4641341269016266,0.1686708778142929,0.5,0.0,-31.307632850379196,7.184385486318443,-3.113341857215048,1.692597138220622
1773702884.7050786,1773702884705084419,Sr02_gA_IMG1_LID1_STA1_GRU64_OH0,0317_0012,A,0.4884348511695862,0.06211080774664879,0.5,0.0,-31.32512429905622,7.183839394831783,-3.107425361501634,1.675274505476883
1773702884.8060162,1773702884806022702,Sr02_gA_IMG1_LID1_STA1_GRU64_OH0,0317_0012,A,0.48295965790748596,-0.1284824013710022,0.5,0.0,-31.341972979512196,7.18321533105793,-3.1015735413306196,1.6586030609152023
1773702884.905786,1773702884905792294,Sr02_gA_IMG1_LID1_STA1_GRU64_OH0,0317_0012,A,0.46496444940567017,-0.1268671452999115,0.5,0.0,-31.344903369684747,7.183097953240575,-3.096746840862746,1.6557048901704268
1773702885.005413,1773702885005419631,Sr02_gA_IMG1_LID1_STA1_GRU64_OH0,0317_0012,A,0.468140572309494,-0.18356183171272278,0.5,-0.5,-31.330218350440365,7.183790423638344,-3.0930702930764142,1.6702179663989276
1773702885.1069891,1773702885106995463,Sr02_gA_IMG1_LID1_STA1_GRU64_OH0,0317_0012,A,0.4720785319805145,-0.16766305267810822,0.5,-0.5,-31.298251594267526,7.185393863293791,-3.0902580871470775,1.701811122841651
1773702885.20586,1773702885205867009,Sr02_gA_IMG1_LID1_STA1_GRU64_OH0,0317_0012,A,0.46251100301742554,-0.027127671986818314,0.5,0.0,-31.26596272927049,7.187085738554863,-3.0880971951490443,1.7337303601845075
1773702885.305595,1773702885305602570,Sr02_gA_IMG1_LID1_STA1_GRU64_OH0,0317_0012,A,0.5286818146705627,0.12043308466672897,0.5,0.0,-31.25292827207222,7.187792579105973,-3.086384497509448,1.7466174149410134
1773702885.405581,1773702885405588147,Sr02_gA_IMG1_LID1_STA1_GRU64_OH0,0317_0012,A,0.5101049542427063,0.10692386329174042,0.5,0.0,-31.258370307354372,7.187485949531425,-3.085003843229147,1.741237834427834
1773702885.5064943,1773702885506500426,Sr02_gA_IMG1_LID1_STA1_GRU64_OH0,0317_0012,A,0.5151827335357666,0.052699778228998184,0.5,0.0,-31.2754814764339,7.186490437518982,-3.081567595860504,1.724329308602622
1773702885.606441,1773702885606447811,Sr02_gA_IMG1_LID1_STA1_GRU64_OH0,0317_0012,A,0.5142797827720642,0.032225098460912704,0.5,0.0,-31.29294799338534,7.185408608841843,-3.0782048216363833,1.7070815462372522
1773702885.706023,1773702885706029337,Sr02_gA_IMG1_LID1_STA1_GRU64_OH0,0317_0012,A,0.5067133903503418,-0.058324456214904785,0.5,0.0,-31.31041182842477,7.1842842087136445,-3.076503649045839,1.6898463416343674
1773702885.8050535,1773702885805059717,Sr02_gA_IMG1_LID1_STA1_GRU64_OH0,0317_0012,A,0.49848881363868713,-0.09760342538356781,0.5,0.0,-31.327874195781277,7.183137214439154,-3.0760095956478652,1.6726206332114528
1773702885.9063406,1773702885906347404,Sr02_gA_IMG1_LID1_STA1_GRU64_OH0,0317_0012,A,0.4959595799446106,-0.09683248400688171,0.5,0.0,-31.345337760218047,7.18200863805575,-3.0783258887114027,1.6553973854270037
1773702886.0048783,1773702886004884538,Sr02_gA_IMG1_LID1_STA1_GRU64_OH0,0317_0012,A,0.44734734296798706,-0.08713966608047485,0.5,0.0,-31.362804600588415,7.180932032200171,-3.081736605279668,1.6381707160010697
1773702886.1069179,1773702886106925819,Sr02_gA_IMG1_LID1_STA1_GRU64_OH0,0317_0012,A,0.4461059868335724,-0.08722802996635437,0.5,0.0,-31.37963640374454,7.179951029983313,-3.0850982252791663,1.6215692332318095
1773702886.2071152,1773702886207120959,Sr02_gA_IMG1_LID1_STA1_GRU64_OH0,0317_0012,A,0.4441716969013214,0.03714066743850708,0.5,0.0,-31.382566901371618,7.179785328162569,-3.0878926203026364,1.6186787802422615
1773702886.3068807,1773702886306887402,Sr02_gA_IMG1_LID1_STA1_GRU64_OH0,0317_0012,A,0.45954349637031555,-0.08144703507423401,0.5,0.0,-31.367890395741657,7.180554634670177,-3.0900521242576793,1.6331634004455822
1773702886.4072452,1773702886407251425,Sr02_gA_IMG1_LID1_STA1_GRU64_OH0,0317_0012,A,0.45918387174606323,-0.08155195415019989,0.5,0.0,-31.3359304539364,7.182172419524913,-3.0917622067854675,1.664724869151056
1773702886.5082574,1773702886508263754,Sr02_gA_IMG1_LID1_STA1_GRU64_OH0,0317_0012,A,0.4731828272342682,-0.02775772474706173,0.5,0.0,-31.303643432744224,7.183762437664017,-3.093076441105675,1.6966309477535821
1773702886.6067343,1773702886606741020,Sr02_gA_IMG1_LID1_STA1_GRU64_OH0,0317_0012,A,0.4821590185165405,-0.023123010993003845,0.5,0.0,-31.290612581890834,7.184390002553902,-3.0940523279036443,1.7095140691115807
1773702886.7060063,1773702886706012293,Sr02_gA_IMG1_LID1_STA1_GRU64_OH0,0317_0012,A,0.47180238366127014,0.010163521394133568,0.5,0.0,-31.29606534221815,7.184133696958655,-3.094776941065825,1.7041221336441537
1773702886.8064501,1773702886806457106,Sr02_gA_IMG1_LID1_STA1_GRU64_OH0,0317_0012,A,0.476673424243927,-0.09182501584291458,0.5,0.0,-31.313218101221928,7.1833361109582965,-3.0953121510832746,1.6871625492874427
1773702886.9077663,1773702886907772067,Sr02_gA_IMG1_LID1_STA1_GRU64_OH0,0317_0012,A,0.47937124967575073,-0.09587141871452332,0.5,0.0,-31.330699273481994,7.182524630146878,-3.0956703225241298,1.6698825470652474
1773702887.0079474,1773702887007953872,Sr02_gA_IMG1_LID1_STA1_GRU64_OH0,0317_0012,A,0.4596386253833771,-0.2138063758611679,0.5,-0.5,-31.348182086699676,7.181749476384487,-3.0989266763165215,1.6526013819565302
1773702887.1085992,1773702887108605354,Sr02_gA_IMG1_LID1_STA1_GRU64_OH0,0317_0012,A,0.46060091257095337,-0.21517528593540192,0.5,-0.5,-31.365028255357796,7.181057670646573,-3.1022549455602086,1.6359475155036827
1773702887.2067845,1773702887206790511,Sr02_gA_IMG1_LID1_STA1_GRU64_OH0,0317_0012,A,0.46811768412590027,0.030938293784856796,0.5,0.0,-31.367961179098987,7.180942267957165,-3.105021321815744,1.6330479177909745
1773702887.306346,1773702887306352317,Sr02_gA_IMG1_LID1_STA1_GRU64_OH0,0317_0012,A,0.5023103952407837,-0.03348414972424507,0.5,0.0,-31.353273683443938,7.181460282614149,-3.1071588748009087,1.6475766818130335
1773702887.4052439,1773702887405249688,Sr02_gA_IMG1_LID1_STA1_GRU64_OH0,0317_0012,A,0.5203883647918701,-0.028724325820803642,0.5,0.0,-31.321290787783695,7.182531433493939,-3.1088519477491836,1.679230421165381
1773702887.5070937,1773702887507099857,Sr02_gA_IMG1_LID1_STA1_GRU64_OH0,0317_0012,A,0.4705977141857147,0.14463286101818085,0.5,0.0,-31.28898135292563,7.183569667534162,-3.110153111137436,1.711225253892673
1773702887.608791,1773702887608798104,Sr02_gA_IMG1_LID1_STA1_GRU64_OH0,0317_0012,A,0.47001609206199646,0.14343567192554474,0.5,0.0,-31.275941726133006,7.183974679648175,-3.111118885403073,1.724142932031418
1773702887.7054574,1773702887705463767,Sr02_gA_IMG1_LID1_STA1_GRU64_OH0,0317_0012,A,0.4467806816101074,0.2430279403924942,0.5,0.5,-31.281398104931718,7.183811431725781,-3.111835580028057,1.7187366678051976
1773702887.8060286,1773702887806035139,Sr02_gA_IMG1_LID1_STA1_GRU64_OH0,0317_0012,A,0.4566214382648468,0.007709167432039976,0.5,0.0,-31.2984045041013,7.183279470688425,-3.107168619969438,1.7018911727476784
1773702887.9058857,1773702887905891312,Sr02_gA_IMG1_LID1_STA1_GRU64_OH0,0317_0012,A,0.47164908051490784,0.018248798325657845,0.5,0.0,-31.31585911513926,7.182608395747514,-3.1005742367532356,1.6846192356313032
1773702888.00648,1773702888006485848,Sr02_gA_IMG1_LID1_STA1_GRU64_OH0,0317_0012,A,0.4870397746562958,0.013432296924293041,0.5,0.0,-31.333344282987067,7.181888125601934,-3.100193747938356,1.6673265957758419
1773702888.1088126,1773702888108818408,Sr02_gA_IMG1_LID1_STA1_GRU64_OH0,0317_0012,A,0.4709784984588623,-0.006092814728617668,0.5,0.0,-31.350829058716492,7.181158400597731,-3.0996056131180536,1.6500398061087775
1773702888.2074797,1773702888207485274,Sr02_gA_IMG1_LID1_STA1_GRU64_OH0,0317_0012,A,0.4847964942455292,-0.037992145866155624,0.5,0.0,-31.368313481836942,7.1804202710695835,-3.0993404917469345,1.6327588906244428
1773702888.3065014,1773702888306507270,Sr02_gA_IMG1_LID1_STA1_GRU64_OH0,0317_0012,A,0.49923545122146606,0.10858418792486191,0.5,0.0,-31.38579797568221,7.179683821033505,-3.099888673815578,1.6154824226807805
1773702888.407582,1773702888407587372,Sr02_gA_IMG1_LID1_STA1_GRU64_OH0,0317_0012,A,0.4889219403266907,0.0960158258676529,0.5,0.0,-31.403272090795213,7.17896283280253,-3.0998122479215984,1.598219263207092
1773702888.5083318,1773702888508337030,Sr02_gA_IMG1_LID1_STA1_GRU64_OH0,0317_0012,A,0.5118281841278076,0.03834587335586548,0.5,0.0,-31.419508886673004,7.17825505158364,-3.096075556530008,1.582187543544098
1773702888.6074529,1773702888607458511,Sr02_gA_IMG1_LID1_STA1_GRU64_OH0,0317_0012,A,0.5080128312110901,0.040195152163505554,0.5,0.0,-31.420609456210045,7.178207673125773,-3.0930916941793636,1.5811009647064045
1773702888.706514,1773702888706527184,Sr02_gA_IMG1_LID1_STA1_GRU64_OH0,0317_0012,A,0.5015628933906555,0.02851315587759018,0.5,0.0,-31.404200960567223,7.179026596479226,-3.090848514266438,1.5972894653124337
1773702888.80577,1773702888805776052,Sr02_gA_IMG1_LID1_STA1_GRU64_OH0,0317_0012,A,0.4682982265949249,-0.017948713153600693,0.5,0.0,-31.372880842062987,7.180646169550966,-3.089143598495904,1.6281964312293626
1773702888.9055,1773702888905505302,Sr02_gA_IMG1_LID1_STA1_GRU64_OH0,0317_0012,A,0.4681139588356018,-0.017295198515057564,0.5,0.0,-31.353516669192597,7.181674101988174,-3.0878022886841254,1.6473107102735391
1773702889.005293,1773702889005298542,Sr02_gA_IMG1_LID1_STA1_GRU64_OH0,0317_0012,A,0.47579386830329895,-0.05969751253724098,0.5,0.0,-31.353040998573842,7.181698359097295,-3.0867157701671215,1.6477804380822316
1773702889.106583,1773702889106588538,Sr02_gA_IMG1_LID1_STA1_GRU64_OH0,0317_0012,A,0.47598281502723694,-0.05962900444865227,0.5,0.0,-31.36809264945952,7.180867834674338,-3.08694004083975,1.6329260114872375
1773702889.2055962,1773702889205602593,Sr02_gA_IMG1_LID1_STA1_GRU64_OH0,0317_0012,A,0.47082746028900146,0.020969243720173836,0.5,0.0,-31.385567503248836,7.179930144004132,-3.089028730438881,1.615682107957286
1773702889.3063083,1773702889306313602,Sr02_gA_IMG1_LID1_STA1_GRU64_OH0,0317_0012,A,0.4803047478199005,0.06873837858438492,0.5,0.0,-31.401798215259145,7.179092150654102,-3.0910849172376658,1.5996669318666064
1773702889.406838,1773702889406843154,Sr02_gA_IMG1_LID1_STA1_GRU64_OH0,0317_0012,A,0.4797150492668152,0.06798601150512695,0.5,0.0,-31.40289966546111,7.179034946642848,-3.0927445233443587,1.598580322207061
1773702889.505333,1773702889505338305,Sr02_gA_IMG1_LID1_STA1_GRU64_OH0,0317_0012,A,0.48057082295417786,0.04119126871228218,0.5,0.0,-31.386492143536135,7.179824314036839,-3.0940260031738442,1.614776499151112
1773702889.6095495,1773702889609555502,Sr02_gA_IMG1_LID1_STA1_GRU64_OH0,0317_0012,A,0.48083439469337463,0.04138961806893349,0.5,0.0,-31.35279939309156,7.181408706465298,-3.0950545845268356,1.648053756399606
1773702889.7056034,1773702889705610917,Sr02_gA_IMG1_LID1_STA1_GRU64_OH0,0317_0012,A,0.4756052792072296,-0.1563391238451004,0.5,-0.5,-31.322488865991396,7.182809044065956,-3.0958373112531166,1.6780087526298577
1773702889.8057923,1773702889805797832,Sr02_gA_IMG1_LID1_STA1_GRU64_OH0,0317_0012,A,0.4469461143016815,-0.10880235582590103,0.5,0.0,-31.311377290103536,7.183315389471394,-3.096402734667091,1.6889942414317298
1773702889.9064622,1773702889906468466,Sr02_gA_IMG1_LID1_STA1_GRU64_OH0,0317_0012,A,0.45144206285476685,-0.11083198338747025,0.5,0.0,-31.318576784086577,7.182991938924342,-3.0968068378633244,1.6818757191578766
1773702890.0052142,1773702890005220915,Sr02_gA_IMG1_LID1_STA1_GRU64_OH0,0317_0012,A,0.4841219484806061,-0.0684581845998764,0.5,0.0,-31.335935206767786,7.1822401838808325,-3.100189152402646,1.6647124578726025
1773702890.10663,1773702890106636217,Sr02_gA_IMG1_LID1_STA1_GRU64_OH0,0317_0012,A,0.4855824112892151,-0.06905639916658401,0.5,0.0,-31.35217473271299,7.1815970404824405,-3.10400865545795,1.6486526082762925
1773702890.2065322,1773702890206538297,Sr02_gA_IMG1_LID1_STA1_GRU64_OH0,0317_0012,A,0.5013554096221924,0.03206459805369377,0.5,0.0,-31.353276035423185,7.181552748281234,-3.107125766639461,1.6475637050084782
1773702890.3061907,1773702890306195861,Sr02_gA_IMG1_LID1_STA1_GRU64_OH0,0317_0012,A,0.5390017628669739,0.007044647354632616,0.5,0.0,-31.33685722113281,7.182094747269906,-3.1095478404561367,1.6638129144601939
1773702890.4054842,1773702890405490271,Sr02_gA_IMG1_LID1_STA1_GRU64_OH0,0317_0012,A,0.5167120695114136,-0.011192518286406994,0.5,0.0,-31.30314187464488,7.183139261544288,-3.1114592923934596,1.6971983421663872
1773702890.506265,1773702890506270943,Sr02_gA_IMG1_LID1_STA1_GRU64_OH0,0317_0012,A,0.44967350363731384,0.14313223958015442,0.5,0.0,-31.27281048105373,7.184032590864661,-3.112920386473248,1.7272494410581614
1773702890.6071544,1773702890607159967,Sr02_gA_IMG1_LID1_STA1_GRU64_OH0,0317_0012,A,0.45140498876571655,0.15302012860774994,0.5,0.0,-31.26169005501817,7.1843468917081035,-3.11401127773012,1.738271077073647
1773702890.7062428,1773702890706248384,Sr02_gA_IMG1_LID1_STA1_GRU64_OH0,0317_0012,A,0.4418369233608246,0.17616286873817444,0.5,0.0,-31.268892397200915,7.184152434692749,-3.11482732708358,1.731131583983886
1773702890.806028,1773702890806033356,Sr02_gA_IMG1_LID1_STA1_GRU64_OH0,0317_0012,A,0.43032732605934143,0.19526425004005432,0.5,0.0,-31.286127311171278,7.183657895422949,-3.110149154546853,1.7140524839592644
1773702890.906737,1773702890906742936,Sr02_gA_IMG1_LID1_STA1_GRU64_OH0,0317_0012,A,0.4325624108314514,0.1915159821510315,0.5,0.0,-31.303616831250128,7.183053279411726,-3.1037829061663476,1.6967358351650115
1773702891.007687,1773702891007692963,Sr02_gA_IMG1_LID1_STA1_GRU64_OH0,0317_0012,A,0.4874798059463501,-0.009435251355171204,0.5,0.0,-31.321101928738013,7.182332118363401,-3.0969880255331708,1.6794404769997928
1773702891.1090314,1773702891109037688,Sr02_gA_IMG1_LID1_STA1_GRU64_OH0,0317_0012,A,0.4754341244697571,-0.001695130718871951,0.5,0.0,-31.338558385251606,7.181498457432096,-3.0920450066261562,1.6621906850731534
1773702891.2073774,1773702891207382646,Sr02_gA_IMG1_LID1_STA1_GRU64_OH0,0317_0012,A,0.4619767963886261,-0.1667148321866989,0.5,-0.5,-31.35479091810613,7.180696040350161,-3.0923726141343897,1.6461577620453485
1773702891.306044,1773702891306049904,Sr02_gA_IMG1_LID1_STA1_GRU64_OH0,0317_0012,A,0.4413028955459595,-0.1366039365530014,0.5,0.0,-31.35589271848722,7.180641570992234,-3.0926033938256947,1.6450696669797578
1773702891.40611,1773702891406115721,Sr02_gA_IMG1_LID1_STA1_GRU64_OH0,0317_0012,A,0.4386228919029236,-0.13694782555103302,0.5,0.0,-31.339486172568726,7.1814443835010024,-3.0927667145815283,1.661275129123998
1773702891.5062554,1773702891506260485,Sr02_gA_IMG1_LID1_STA1_GRU64_OH0,0317_0012,A,0.452060341835022,-0.1923721730709076,0.5,-0.5,-31.308164898527817,7.182972260673067,-3.0929246825615664,1.6922248662124995
1773702891.6067593,1773702891606765028,Sr02_gA_IMG1_LID1_STA1_GRU64_OH0,0317_0012,A,0.45636993646621704,-0.1877574324607849,0.5,-0.5,-31.288800283961418,7.183914547462297,-3.093020876587292,1.7113674758941413
1773702891.7069755,1773702891706981735,Sr02_gA_IMG1_LID1_STA1_GRU64_OH0,0317_0012,A,0.4548611044883728,-0.0014116661623120308,0.5,0.0,-31.288328783861743,7.183937508384618,-3.093055573333575,1.7118336373193217
1773702891.806804,1773702891806809851,Sr02_gA_IMG1_LID1_STA1_GRU64_OH0,0317_0012,A,0.46656954288482666,-0.018304266035556793,0.5,0.0,-31.30317389461609,7.18322197184108,-3.0939009227426473,1.6971573610153097
1773702891.906644,1773702891906649788,Sr02_gA_IMG1_LID1_STA1_GRU64_OH0,0317_0012,A,0.46752944588661194,-0.022455310449004173,0.5,0.0,-31.320654036100738,7.182388579953997,-3.09412769947912,1.6798791885280773
1773702892.006206,1773702892006212851,Sr02_gA_IMG1_LID1_STA1_GRU64_OH0,0317_0012,A,0.4773518145084381,-0.1345457285642624,0.5,0.0,-31.338134593738744,7.181563968959319,-3.094811932350081,1.6626042416594704
1773702892.1080256,1773702892108032332,Sr02_gA_IMG1_LID1_STA1_GRU64_OH0,0317_0012,A,0.4686184227466583,-0.15305671095848083,0.5,-0.5,-31.35560865801898,7.180755781087725,-3.0967489128337573,1.6453386010628461
1773702892.2071497,1773702892207155590,Sr02_gA_IMG1_LID1_STA1_GRU64_OH0,0317_0012,A,0.45269930362701416,0.01586548238992691,0.5,0.0,-31.371846094760844,7.180063100089016,-3.1013850595839982,1.6292923425178423
1773702892.3059838,1773702892305989611,Sr02_gA_IMG1_LID1_STA1_GRU64_OH0,0317_0012,A,0.46712982654571533,0.07970232516527176,0.5,0.0,-31.37294672722252,7.180015311292215,-3.1051771713134237,1.6282049148078237
1773702892.405703,1773702892405708888,Sr02_gA_IMG1_LID1_STA1_GRU64_OH0,0317_0012,A,0.47513172030448914,0.0777670219540596,0.5,0.0,-31.356527916556445,7.180584065684754,-3.108127469594126,1.6444454032289266
1773702892.5060325,1773702892506038409,Sr02_gA_IMG1_LID1_STA1_GRU64_OH0,0317_0012,A,0.513260543346405,0.04237484931945801,0.5,0.0,-31.326702690961675,7.181546316067824,-3.1104398132634534,1.6739641238343734
1773702892.606672,1773702892606678688,Sr02_gA_IMG1_LID1_STA1_GRU64_OH0,0317_0012,A,0.4903261959552765,0.02864689938724041,0.5,0.0,-31.31097058192217,7.182024886797275,-3.112197204767568,1.6895423609130904
1773702892.7070856,1773702892707091283,Sr02_gA_IMG1_LID1_STA1_GRU64_OH0,0317_0012,A,0.49506494402885437,0.16124273836612701,0.5,0.0,-31.313897122960924,7.181942784079467,-3.11352214828589,1.686643440736086
1773702892.8057241,1773702892805730342,Sr02_gA_IMG1_LID1_STA1_GRU64_OH0,0317_0012,A,0.5066571235656738,0.040478017181158066,0.5,0.0,-31.33036491134142,7.181476336013739,-3.1115117126702234,1.670333453066367
1773702892.9069638,1773702892906969594,Sr02_gA_IMG1_LID1_STA1_GRU64_OH0,0317_0012,A,0.5275479555130005,0.06982564181089401,0.5,0.0,-31.34580836848016,7.180972289934243,-3.106017973576497,1.6550485911200352
1773702893.0058112,1773702893005816649,Sr02_gA_IMG1_LID1_STA1_GRU64_OH0,0317_0012,A,0.48968639969825745,-0.007599792908877134,0.5,0.0,-31.345095223858912,7.1810057411948325,-3.1016599775331173,1.655753175701987
1773702893.1067219,1773702893106728496,Sr02_gA_IMG1_LID1_STA1_GRU64_OH0,0317_0012,A,0.4654339849948883,-0.011695527471601963,0.5,0.0,-31.326948732720744,7.181767073380733,-3.0983326355561176,1.6736946777856154
1773702893.2074566,1773702893207461982,Sr02_gA_IMG1_LID1_STA1_GRU64_OH0,0317_0012,A,0.4763382375240326,-0.02973819337785244,0.5,0.0,-31.295405270978524,7.183174716580807,-3.09578760117689,1.7048836613768534
1773702893.3046875,1773702893304693648,Sr02_gA_IMG1_LID1_STA1_GRU64_OH0,0317_0012,A,0.45872291922569275,0.1643373668193817,0.5,0.0,-31.277950707205907,7.183989732945713,-3.093792242314894,1.7221441963829038
1773702893.4049995,1773702893405005980,Sr02_gA_IMG1_LID1_STA1_GRU64_OH0,0317_0012,A,0.4578264057636261,0.1733175367116928,0.5,0.0,-31.27927249201394,7.183923058414057,-3.0921939710579927,1.7208374933560857
1773702893.504971,1773702893504977229,Sr02_gA_IMG1_LID1_STA1_GRU64_OH0,0317_0012,A,0.48467764258384705,0.04543844237923622,0.5,0.0,-31.295077490820542,7.183118747442636,-3.0883908236928708,1.7052156136202787
1773702893.605214,1773702893605221395,Sr02_gA_IMG1_LID1_STA1_GRU64_OH0,0317_0012,A,0.4833199977874756,0.018333464860916138,0.5,0.0,-31.312538848950517,7.182141736629059,-3.0840626844430483,1.687970869519437
1773702893.7059855,1773702893705992821,Sr02_gA_IMG1_LID1_STA1_GRU64_OH0,0317_0012,A,0.47323358058929443,-0.06405381113290787,0.5,0.0,-31.330009164491834,7.181122951367734,-3.0828518033593566,1.6707270467706625
1773702893.80444,1773702893804446579,Sr02_gA_IMG1_LID1_STA1_GRU64_OH0,0317_0012,A,0.375969260931015,-0.1201968714594841,0.5,0.0,-31.347478885136837,7.180094002720867,-3.08336353113887,1.6534903717726772
1773702893.905199,1773702893905205031,Sr02_gA_IMG1_LID1_STA1_GRU64_OH0,0317_0012,A,0.3713332712650299,-0.11999589949846268,0.5,0.0,-31.364950503367215,7.179097899654525,-3.0863913969241956,1.6362535479393807
1773702894.0062716,1773702894006278589,Sr02_gA_IMG1_LID1_STA1_GRU64_OH0,0317_0012,A,0.4397929608821869,0.013079489581286907,0.5,0.0,-31.38242582307159,7.178169115476568,-3.0905954662491673,1.6190106718902941
1773702894.1057725,1773702894105779336,Sr02_gA_IMG1_LID1_STA1_GRU64_OH0,0317_0012,A,0.4681207239627838,0.061211343854665756,0.5,0.0,-31.38907510384888,7.177836698549054,-3.094253865522763,1.6124487749460303
1773702894.204311,1773702894204316783,Sr02_gA_IMG1_LID1_STA1_GRU64_OH0,0317_0012,A,0.46709999442100525,0.0612761564552784,0.5,0.0,-31.37785089738607,7.178347960969953,-3.0970708478585487,1.6235318468661488
1773702894.3046827,1773702894304688630,Sr02_gA_IMG1_LID1_STA1_GRU64_OH0,0317_0012,A,0.4721488654613495,-0.11379092186689377,0.5,0.0,-31.34933624270452,7.179582119039374,-3.0992951702043774,1.6517047376813765
1773702894.4072173,1773702894407223518,Sr02_gA_IMG1_LID1_STA1_GRU64_OH0,0317_0012,A,0.48615193367004395,-0.10179490596055984,0.5,0.0,-31.314170506374126,7.181040673187562,-3.1010193138378512,1.686473208656462
1773702894.5059688,1773702894505974602,Sr02_gA_IMG1_LID1_STA1_GRU64_OH0,0317_0012,A,0.46024617552757263,-0.10916723310947418,0.5,0.0,-31.297293407383897,7.181716416453818,-3.102311399667352,1.7031685821093234
1773702894.605681,1773702894605687574,Sr02_gA_IMG1_LID1_STA1_GRU64_OH0,0317_0012,A,0.438681423664093,-0.042099013924598694,0.5,0.0,-31.29919883181772,7.181643921940658,-3.103280666921969,1.701283058637378
1773702894.7045743,1773702894704581483,Sr02_gA_IMG1_LID1_STA1_GRU64_OH0,0317_0012,A,0.45980721712112427,-0.03689703717827797,0.5,0.0,-31.31530553733472,7.181038784177874,-3.1048656632488782,1.6853456263179374
1773702894.8059258,1773702894805931639,Sr02_gA_IMG1_LID1_STA1_GRU64_OH0,0317_0012,A,0.4952535033226013,0.07659585028886795,0.5,0.0,-31.332794190935992,7.180408836050442,-3.106266300019601,1.6680416009326964
1773702894.9061358,1773702894906141304,Sr02_gA_IMG1_LID1_STA1_GRU64_OH0,0317_0012,A,0.4954550564289093,0.07898342609405518,0.5,0.0,-31.35027660950908,7.179796876973522,-3.105993341599407,1.6507458155405446
1773702895.0045805,1773702895004586409,Sr02_gA_IMG1_LID1_STA1_GRU64_OH0,0317_0012,A,0.477108359336853,-0.07629052549600601,0.5,0.0,-31.36754110279763,7.179159007588905,-3.1032884084218835,1.6336736932139904
1773702895.1057968,1773702895105802780,Sr02_gA_IMG1_LID1_STA1_GRU64_OH0,0317_0012,A,0.5072163939476013,0.0875803753733635,0.5,0.0,-31.372324349517886,7.17897347478817,-3.101005706242055,1.628945544431306
1773702895.2056706,1773702895205676294,Sr02_gA_IMG1_LID1_STA1_GRU64_OH0,0317_0012,A,0.5028514862060547,0.06294495612382889,0.5,0.0,-31.35936922661868,7.179513299535362,-3.099333478920775,1.6417478694179606
1773702895.3061802,1773702895306186522,Sr02_gA_IMG1_LID1_STA1_GRU64_OH0,0317_0012,A,0.5051566362380981,-0.12239491194486618,0.5,0.0,-31.329550622876052,7.180795463935403,-3.0980720858591626,1.6712198749903133
1773702895.406296,1773702895406301865,Sr02_gA_IMG1_LID1_STA1_GRU64_OH0,0317_0012,A,0.5084945559501648,-0.11941472440958023,0.5,0.0,-31.30633932121691,7.181816579922437,-3.0970851122709835,1.694167870153614
1773702895.506404,1773702895506409334,Sr02_gA_IMG1_LID1_STA1_GRU64_OH0,0317_0012,A,0.45777419209480286,-0.07894206792116165,0.5,0.0,-31.30220356254083,7.182001257032941,-3.096276481000177,1.6982572242166663
1773702895.6067188,1773702895606724379,Sr02_gA_IMG1_LID1_STA1_GRU64_OH0,0317_0012,A,0.4468601644039154,-0.07925786077976227,0.5,0.0,-31.31505464398093,7.181415119313471,-3.0964377293618024,1.6855525267815616
1773702895.7063732,1773702895706379317,Sr02_gA_IMG1_LID1_STA1_GRU64_OH0,0317_0012,A,0.4680083990097046,-0.0864746943116188,0.5,0.0,-31.33253787257738,7.180649344536991,-3.0992051164544496,1.668268765391572
1773702895.8063512,1773702895806357145,Sr02_gA_IMG1_LID1_STA1_GRU64_OH0,0317_0012,A,0.458313524723053,-0.1667187511920929,0.5,-0.5,-31.350023170888026,7.1799323900141365,-3.1020801701849114,1.6509818502230866
1773702895.9060163,1773702895906021350,Sr02_gA_IMG1_LID1_STA1_GRU64_OH0,0317_0012,A,0.46005478501319885,-0.17051157355308533,0.5,-0.5,-31.367287067197083,7.179279451667965,-3.1062064055942633,1.633911825179585
1773702896.0056734,1773702896005679894,Sr02_gA_IMG1_LID1_STA1_GRU64_OH0,0317_0012,A,0.5184407830238342,0.023792119696736336,0.5,0.0,-31.372069907408576,7.179114783380246,-3.111113069531711,1.6291815527727116
1773702896.1054153,1773702896105421066,Sr02_gA_IMG1_LID1_STA1_GRU64_OH0,0317_0012,A,0.5153197050094604,0.03272447735071182,0.5,0.0,-31.359106468024972,7.179478936311954,-3.1149189037783,1.6420128428183867
1773702896.2047427,1773702896204748899,Sr02_gA_IMG1_LID1_STA1_GRU64_OH0,0317_0012,A,0.5356759428977966,0.04160391539335251,0.5,0.0,-31.328841866305826,7.180235040654851,-3.1179079068421895,1.6719879055236595
1773702896.3058133,1773702896305818891,Sr02_gA_IMG1_LID1_STA1_GRU64_OH0,0317_0012,A,0.47432073950767517,0.20850981771945953,0.5,0.5,-31.29490358660206,7.181001435959896,-3.1202126698857917,1.7056231428665545
1773702896.4063203,1773702896406326347,Sr02_gA_IMG1_LID1_STA1_GRU64_OH0,0317_0012,A,0.47417572140693665,0.22003969550132751,0.5,0.5,-31.279935056055898,7.181310636352384,-3.1219535268557252,1.7204650859786488
1773702896.5060344,1773702896506040378,Sr02_gA_IMG1_LID1_STA1_GRU64_OH0,0317_0012,A,0.4461701214313507,0.3512589931488037,0.5,0.5,-31.283623193979388,7.1812426561396485,-3.123275261239436,1.7168070217067513
1773702896.6063774,1773702896606383279,Sr02_gA_IMG1_LID1_STA1_GRU64_OH0,0317_0012,A,0.46962761878967285,0.1940874457359314,0.5,0.0,-31.29989521811498,7.180919796581064,-3.117560710643028,1.700671829768077
1773702896.704938,1773702896704944256,Sr02_gA_IMG1_LID1_STA1_GRU64_OH0,0317_0012,A,0.4722365736961365,0.17991520464420319,0.5,0.0,-31.317375905121104,7.180398984342267,-3.1073321602155324,1.683360842280513
1773702896.805025,1773702896805031190,Sr02_gA_IMG1_LID1_STA1_GRU64_OH0,0317_0012,A,0.501491904258728,0.0035091708414256573,0.5,0.0,-31.33463990787061,7.1797499212683595,-3.1007567893527184,1.666283536864839
1773702896.9053612,1773702896905367007,Sr02_gA_IMG1_LID1_STA1_GRU64_OH0,0317_0012,A,0.48564183712005615,-0.009195173159241676,0.5,0.0,-31.339420197343106,7.1795495477379445,-3.095450126110896,1.661558050367225
1773702897.0056634,1773702897005668882,Sr02_gA_IMG1_LID1_STA1_GRU64_OH0,0317_0012,A,0.4745558500289917,-0.15180523693561554,0.5,-0.5,-31.326464410775557,7.180180937200313,-3.09140614739411,1.6743560099449506
1773702897.1048968,1773702897104902573,Sr02_gA_IMG1_LID1_STA1_GRU64_OH0,0317_0012,A,0.45925503969192505,-0.14505088329315186,0.5,0.0,-31.29665220776441,7.181730641389548,-3.0883048951579424,1.7038042258109438
1773702897.2064571,1773702897206463171,Sr02_gA_IMG1_LID1_STA1_GRU64_OH0,0317_0012,A,0.4650569260120392,-0.12860573828220367,0.5,0.0,-31.273445569132658,7.182993716516091,-3.085899432952704,1.7267309538924283
1773702897.3056698,1773702897305675443,Sr02_gA_IMG1_LID1_STA1_GRU64_OH0,0317_0012,A,0.477117121219635,0.07324259728193283,0.5,0.0,-31.269304349253677,7.183225765235786,-3.0839871192322232,1.730822382988907
1773702897.406695,1773702897406701907,Sr02_gA_IMG1_LID1_STA1_GRU64_OH0,0317_0012,A,0.48083075881004333,0.07351084053516388,0.5,0.0,-31.282183850266534,7.182470136667049,-3.0821353027473,1.7181023466026393
1773702897.507208,1773702897507213274,Sr02_gA_IMG1_LID1_STA1_GRU64_OH0,0317_0012,A,0.48685163259506226,-0.07314597070217133,0.5,0.0,-31.299651570614447,7.181407843339882,-3.079568061408739,1.700859449613251
1773702897.6061785,1773702897606184919,Sr02_gA_IMG1_LID1_STA1_GRU64_OH0,0317_0012,A,0.49462878704071045,-0.0533456914126873,0.5,0.0,-31.31710566439828,7.180307737650338,-3.078919158391926,1.6836396813432788
1773702897.7061577,1773702897706163786,Sr02_gA_IMG1_LID1_STA1_GRU64_OH0,0317_0012,A,0.4900588095188141,-0.05240784212946892,0.5,0.0,-31.334572594854468,7.179232514540991,-3.08113276340184,1.6664098986150437
1773702897.8048906,1773702897804896827,Sr02_gA_IMG1_LID1_STA1_GRU64_OH0,0317_0012,A,0.44823944568634033,-0.07571030408143997,0.5,0.0,-31.352041591012842,7.17819137310417,-3.0829867296470064,1.6491797677090192
1773702897.9067216,1773702897906729109,Sr02_gA_IMG1_LID1_STA1_GRU64_OH0,0317_0012,A,0.4450977146625519,-0.07495594024658203,0.5,0.0,-31.369512575067063,7.177184160657564,-3.0852287869818937,1.6319493741010083
1773702898.0050566,1773702898005063319,Sr02_gA_IMG1_LID1_STA1_GRU64_OH0,0317_0012,A,0.4256908893585205,0.024942658841609955,0.5,0.0,-31.386762675879314,7.176233445252858,-3.087857645262101,1.6149372291664619
1773702898.105603,1773702898105609695,Sr02_gA_IMG1_LID1_STA1_GRU64_OH0,0317_0012,A,0.4444822072982788,0.055527158081531525,0.5,0.0,-31.39154313483945,7.175978449932422,-3.090076207025441,1.6102226826456756
1773702898.2050653,1773702898205071404,Sr02_gA_IMG1_LID1_STA1_GRU64_OH0,0317_0012,A,0.44353899359703064,0.055763568729162216,0.5,0.0,-31.37859420514277,7.176632272244035,-3.0917736971057725,1.6229984786434792
1773702898.3057685,1773702898305774601,Sr02_gA_IMG1_LID1_STA1_GRU64_OH0,0317_0012,A,0.43211618065834045,-0.0630156621336937,0.5,0.0,-31.348360575804243,7.178116510865221,-3.093127164787639,1.6528443085383349
1773702898.4058933,1773702898405901046,Sr02_gA_IMG1_LID1_STA1_GRU64_OH0,0317_0012,A,0.47509443759918213,-0.05632951110601425,0.5,0.0,-31.314457169572755,7.17974378912034,-3.0941747183584956,1.6863350430659605
1773702898.5075006,1773702898507506040,Sr02_gA_IMG1_LID1_STA1_GRU64_OH0,0317_0012,A,0.48571598529815674,-0.013173986226320267,0.5,0.0,-31.29950679713888,7.18044839596428,-3.094944094992257,1.7011105826490143
1773702898.6050193,1773702898605025548,Sr02_gA_IMG1_LID1_STA1_GRU64_OH0,0317_0012,A,0.47284168004989624,-0.0179149117320776,0.5,0.0,-31.30319651960701,7.180278057764977,-3.0955060408883583,1.6974632969251997
1773702898.7051978,1773702898705205262,Sr02_gA_IMG1_LID1_STA1_GRU64_OH0,0317_0012,A,0.45781832933425903,-0.014817733317613602,0.5,0.0,-31.319926511207957,7.179510827629878,-3.096048343343824,1.6809276796571984
1773702898.8052304,1773702898805236800,Sr02_gA_IMG1_LID1_STA1_GRU64_OH0,0317_0012,A,0.45472070574760437,-0.15477439761161804,0.5,-0.5,-31.337408599191672,7.178719321770562,-3.096621164428848,1.6636520534960078
1773702898.9060466,1773702898906056324,Sr02_gA_IMG1_LID1_STA1_GRU64_OH0,0317_0012,A,0.4565223753452301,-0.1551007479429245,0.5,-0.5,-31.354880290991268,7.177947416555678,-3.0994735101663746,1.6463891913330244
1773702899.00578,1773702899005785881,Sr02_gA_IMG1_LID1_STA1_GRU64_OH0,0317_0012,A,0.4655665159225464,0.009969864971935749,0.5,0.0,-31.37214309113308,7.177266192154411,-3.1048796569530395,1.629327763603926
1773702899.1059737,1773702899105980446,Sr02_gA_IMG1_LID1_STA1_GRU64_OH0,0317_0012,A,0.5076010227203369,0.04400840774178505,0.5,0.0,-31.376925947424173,7.1770948929464495,-3.1094907756713317,1.6245994201173848
1773702899.2043872,1773702899204393199,Sr02_gA_IMG1_LID1_STA1_GRU64_OH0,0317_0012,A,0.52891606092453,0.049593791365623474,0.5,0.0,-31.363963658048025,7.177481955941415,-3.113064789109595,1.637423871532731
1773702899.305553,1773702899305558699,Sr02_gA_IMG1_LID1_STA1_GRU64_OH0,0317_0012,A,0.5431553721427917,0.07181315124034882,0.5,0.0,-31.333701216250002,7.17829725033853,-3.115873941773273,1.667383372704667
1773702899.405097,1773702899405103105,Sr02_gA_IMG1_LID1_STA1_GRU64_OH0,0317_0012,A,0.5156017541885376,0.0577143058180809,0.5,0.0,-31.29976532173429,7.179134901730651,-3.118040453890563,1.701001419643701
1773702899.5055964,1773702899505601846,Sr02_gA_IMG1_LID1_STA1_GRU64_OH0,0317_0012,A,0.45122864842414856,0.17780031263828278,0.5,0.0,-31.284798257169964,7.179477262813427,-3.1196745000234514,1.7158354311555921
1773702899.6046426,1773702899604649849,Sr02_gA_IMG1_LID1_STA1_GRU64_OH0,0317_0012,A,0.4567069709300995,0.2598256468772888,0.5,0.5,-31.288486991685392,7.179400580137229,-3.1209127175636175,1.7121784055517935
1773702899.704866,1773702899704872416,Sr02_gA_IMG1_LID1_STA1_GRU64_OH0,0317_0012,A,0.45789751410484314,0.2580627501010895,0.5,0.5,-31.30490192003531,7.179039262336552,-3.1161556362402663,1.6959085637016276
1773702899.805135,1773702899805141751,Sr02_gA_IMG1_LID1_STA1_GRU64_OH0,0317_0012,A,0.47864553332328796,0.041921041905879974,0.5,0.0,-31.32239399505493,7.17851475849215,-3.107092605275695,1.6785902870487777
1773702899.905435,1773702899905446260,Sr02_gA_IMG1_LID1_STA1_GRU64_OH0,0317_0012,A,0.49876007437705994,0.07025068253278732,0.5,0.0,-31.339205616071606,7.177872418504171,-3.1013380019308627,1.6619653568541866
1773702900.004831,1773702900004837341,Sr02_gA_IMG1_LID1_STA1_GRU64_OH0,0317_0012,A,0.4587908983230591,-0.14809256792068481,0.5,0.0,-31.342112459401406,7.1777553079035075,-3.0997885490636885,1.6590919049027533
1773702900.1053004,1773702900105306471,Sr02_gA_IMG1_LID1_STA1_GRU64_OH0,0317_0012,A,0.45634350180625916,-0.13876593112945557,0.5,0.0,-31.327403153290746,7.1783807176232575,-3.098679436991634,1.6736297341759963
1773702900.2065263,1773702900206532136,Sr02_gA_IMG1_LID1_STA1_GRU64_OH0,0317_0012,A,0.47010892629623413,-0.14062702655792236,0.5,0.0,-31.295406490832335,7.179769679475359,-3.0978566248117176,1.7052611366484038
1773702900.3048942,1773702900304900560,Sr02_gA_IMG1_LID1_STA1_GRU64_OH0,0317_0012,A,0.4824194610118866,0.1569795310497284,0.5,0.0,-31.25974232042665,7.181341093621154,-3.0972319903756538,1.7405326882126433
1773702900.4071794,1773702900407186858,Sr02_gA_IMG1_LID1_STA1_GRU64_OH0,0317_0012,A,0.4621436595916748,0.131694957613945,0.5,0.0,-31.243036054552928,7.182086342226078,-3.096709772180169,1.7570599895074686
1773702900.5069027,1773702900506908487,Sr02_gA_IMG1_LID1_STA1_GRU64_OH0,0317_0012,A,0.49907827377319336,0.1397472769021988,0.5,0.0,-31.245108354546552,7.18199213423718,-3.096261735054,1.7550098777321779
1773702900.6052606,1773702900605266932,Sr02_gA_IMG1_LID1_STA1_GRU64_OH0,0317_0012,A,0.5177809596061707,0.10572144389152527,0.5,0.0,-31.26122592871007,7.181244419029157,-3.0932825379091424,1.7390684823709155
1773702900.7074056,1773702900707412358,Sr02_gA_IMG1_LID1_STA1_GRU64_OH0,0317_0012,A,0.5396179556846619,0.13486239314079285,0.5,0.0,-31.278703507648434,7.180359178324319,-3.0889868339581326,1.72179426659802
1773702900.8059282,1773702900805934497,Sr02_gA_IMG1_LID1_STA1_GRU64_OH0,0317_0012,A,0.5328206419944763,-0.054922450333833694,0.5,0.0,-31.296177428709925,7.1794044434294,-3.084776632102189,1.704536105486291
1773702900.9068894,1773702900906897534,Sr02_gA_IMG1_LID1_STA1_GRU64_OH0,0317_0012,A,0.5289748907089233,-0.08216957002878189,0.5,0.0,-31.313629298975567,7.178382750321565,-3.0830795417411148,1.687312478895525
1773702901.005479,1773702901005486768,Sr02_gA_IMG1_LID1_STA1_GRU64_OH0,0317_0012,A,0.5233520865440369,-0.0272217970341444,0.5,0.0,-31.331100437465693,7.177378229757927,-3.0854786403370094,1.6700730861042357
1773702901.106219,1773702901106225051,Sr02_gA_IMG1_LID1_STA1_GRU64_OH0,0317_0012,A,0.44525328278541565,-0.08895055949687958,0.5,0.0,-31.348574049745235,7.176417675393446,-3.0873930004572054,1.6528315348195397
1773702901.2056272,1773702901205632991,Sr02_gA_IMG1_LID1_STA1_GRU64_OH0,0317_0012,A,0.44261395931243896,-0.08846048265695572,0.5,0.0,-31.36604904843252,7.175482689841469,-3.089425996632905,1.635591038414025
1773702901.3058245,1773702901305830198,Sr02_gA_IMG1_LID1_STA1_GRU64_OH0,0317_0012,A,0.4487331211566925,0.03401266410946846,0.5,0.0,-31.38288778935631,7.174628861952916,-3.092505736651564,1.6189778112264017
1773702901.4068904,1773702901406897874,Sr02_gA_IMG1_LID1_STA1_GRU64_OH0,0317_0012,A,0.4471985101699829,0.033670783042907715,0.5,0.0,-31.385819555171217,7.174484866739539,-3.095056285357282,1.616085265111074
1773702901.5061886,1773702901506193585,Sr02_gA_IMG1_LID1_STA1_GRU64_OH0,0317_0012,A,0.46531784534454346,0.04409637674689293,0.5,0.0,-31.371138213048372,7.175150739944558,-3.0970246566665796,1.6305783745073705
1773702901.606571,1773702901606576848,Sr02_gA_IMG1_LID1_STA1_GRU64_OH0,0317_0012,A,0.45616504549980164,-0.1830238401889801,0.5,-0.5,-31.340382544652954,7.1764959181794,-3.0985839973818754,1.6609571289337448
1773702901.706478,1773702901706484126,Sr02_gA_IMG1_LID1_STA1_GRU64_OH0,0317_0012,A,0.46798524260520935,-0.1604263335466385,0.5,-0.5,-31.31909112322182,7.177400851741819,-3.0997661785905963,1.6819993052188524
1773702901.8060975,1773702901806102948,Sr02_gA_IMG1_LID1_STA1_GRU64_OH0,0317_0012,A,0.462052583694458,-0.06593377888202667,0.5,0.0,-31.316796761548442,7.177497146205806,-3.10064667212441,1.6842673515550737
1773702901.9064198,1773702901906426309,Sr02_gA_IMG1_LID1_STA1_GRU64_OH0,0317_0012,A,0.4645964205265045,-0.0596655011177063,0.5,0.0,-31.330857060144734,7.176928571255546,-3.1019186075647265,1.6703670315305745
1773702902.00514,1773702902005146811,Sr02_gA_IMG1_LID1_STA1_GRU64_OH0,0317_0012,A,0.48495081067085266,-0.14569340646266937,0.5,0.0,-31.348344053293825,7.176254155036548,-3.10411659254036,1.653079196368378
1773702902.104954,1773702902104960799,Sr02_gA_IMG1_LID1_STA1_GRU64_OH0,0317_0012,A,0.4572346806526184,-0.039647310972213745,0.5,0.0,-31.36583266653137,7.175623319997599,-3.1077103440678373,1.6357890561024848
1773702902.2049327,1773702902204939583,Sr02_gA_IMG1_LID1_STA1_GRU64_OH0,0317_0012,A,0.47338297963142395,-0.02705521509051323,0.5,0.0,-31.38268452329967,7.175086650469116,-3.1109586081713645,1.6191240909020477
1773702902.305307,1773702902305312401,Sr02_gA_IMG1_LID1_STA1_GRU64_OH0,0317_0012,A,0.5573086738586426,0.08744727820158005,0.5,0.0,-31.385618909988764,7.174996763914883,-3.1121520794081334,1.6162222294507305
1773702902.4070096,1773702902407014790,Sr02_gA_IMG1_LID1_STA1_GRU64_OH0,0317_0012,A,0.5566484928131104,0.08887791633605957,0.5,0.0,-31.37092941279392,7.175421186411099,-3.1130572639244067,1.6307531880471533
1773702902.5059001,1773702902505905712,Sr02_gA_IMG1_LID1_STA1_GRU64_OH0,0317_0012,A,0.5591992139816284,0.17672458291053772,0.5,0.0,-31.33894246570066,7.176320930066925,-3.113795294301488,1.6624077917718447
1773702902.6049058,1773702902604911377,Sr02_gA_IMG1_LID1_STA1_GRU64_OH0,0317_0012,A,0.5042304396629333,0.0878303050994873,0.5,0.0,-31.3066299442399,7.177210586907727,-3.1143625583655425,1.6943999483970327
1773702902.7047303,1773702902704736456,Sr02_gA_IMG1_LID1_STA1_GRU64_OH0,0317_0012,A,0.5060141682624817,0.07937321066856384,0.5,0.0,-31.29359020326409,7.177563624201523,-3.1147606415191507,1.7073146327667421
1773702902.8061857,1773702902806192447,Sr02_gA_IMG1_LID1_STA1_GRU64_OH0,0317_0012,A,0.4607669711112976,0.16484789550304413,0.5,0.0,-31.299048501131786,7.177418313577438,-3.115032908599137,1.7019081605305175
1773702902.90843,1773702902908435591,Sr02_gA_IMG1_LID1_STA1_GRU64_OH0,0317_0012,A,0.46294838190078735,0.16079570353031158,0.5,0.0,-31.316184972660025,7.17693978050992,-3.1111379443202334,1.684939222516968
1773702903.0046763,1773702903004682467,Sr02_gA_IMG1_LID1_STA1_GRU64_OH0,0317_0012,A,0.48587483167648315,0.016661394387483597,0.5,0.0,-31.333035918009386,7.1763797611109315,-3.1055025098424993,1.6682669323653245
1773702903.105068,1773702903105074083,Sr02_gA_IMG1_LID1_STA1_GRU64_OH0,0317_0012,A,0.4720454514026642,-0.17338499426841736,0.5,-0.5,-31.335967003481006,7.176273886983738,-3.1009046170566172,1.6653682989919438
1773702903.2049365,1773702903204942936,Sr02_gA_IMG1_LID1_STA1_GRU64_OH0,0317_0012,A,0.4559432566165924,-0.1674182265996933,0.5,-0.5,-31.321279645057245,7.176903648547616,-3.0974072301236726,1.679882767292616
1773702903.3048346,1773702903304840533,Sr02_gA_IMG1_LID1_STA1_GRU64_OH0,0317_0012,A,0.460805743932724,-0.052756890654563904,0.5,0.0,-31.289306741767376,7.1783658962417105,-3.0947337605659047,1.7114800217057042
1773702903.406752,1773702903406757265,Sr02_gA_IMG1_LID1_STA1_GRU64_OH0,0317_0012,A,0.47715291380882263,-0.04977353662252426,0.5,0.0,-31.257011256637917,7.179911582630006,-3.092679478262894,1.7434036846948153
1773702903.5054407,1773702903505446024,Sr02_gA_IMG1_LID1_STA1_GRU64_OH0,0317_0012,A,0.4825943112373352,0.15189871191978455,0.5,0.0,-31.243974436980643,7.180558220670506,-3.091049364665831,1.756292185621317
1773702903.6047525,1773702903604758854,Sr02_gA_IMG1_LID1_STA1_GRU64_OH0,0317_0012,A,0.5359672904014587,0.13018734753131866,0.5,0.0,-31.24941865255361,7.18027721576715,-3.0897334718168254,1.7509108074916804
1773702903.7050164,1773702903705021961,Sr02_gA_IMG1_LID1_STA1_GRU64_OH0,0317_0012,A,0.5355736613273621,0.13202457129955292,0.5,0.0,-31.266489869301125,7.179361697231747,-3.085831666842359,1.7340432680137938
1773702903.8074296,1773702903807436408,Sr02_gA_IMG1_LID1_STA1_GRU64_OH0,0317_0012,A,0.5151678323745728,0.05669553950428963,0.5,0.0,-31.283960372428655,7.178346379165973,-3.081236536702652,1.7167946794136104
1773702903.9078326,1773702903907838202,Sr02_gA_IMG1_LID1_STA1_GRU64_OH0,0317_0012,A,0.5135158896446228,0.025845695286989212,0.5,0.0,-31.30142653012074,7.177258721560169,-3.0781975717276575,1.69956379689416
1773702904.005291,1773702904005297746,Sr02_gA_IMG1_LID1_STA1_GRU64_OH0,0317_0012,A,0.48373737931251526,-0.09388775378465652,0.5,0.0,-31.318890481742677,7.176136117408873,-3.076861068730413,1.6823447107003877
1773702904.1051934,1773702904105200376,Sr02_gA_IMG1_LID1_STA1_GRU64_OH0,0317_0012,A,0.4748649001121521,-0.11457709223031998,0.5,0.0,-31.33634290711137,7.175009724504212,-3.0784306293002546,1.6651433738829546
1773702904.2072363,1773702904207241863,Sr02_gA_IMG1_LID1_STA1_GRU64_OH0,0317_0012,A,0.47254183888435364,-0.11512333154678345,0.5,0.0,-31.353809929086022,7.173936098558164,-3.082151164586906,1.6479272812157295
1773702904.3061635,1773702904306168839,Sr02_gA_IMG1_LID1_STA1_GRU64_OH0,0317_0012,A,0.4440990090370178,-0.08113712072372437,0.5,0.0,-31.37064241311143,7.172967184935842,-3.08613983692246,1.63133434497697
1773702904.4077396,1773702904407745321,Sr02_gA_IMG1_LID1_STA1_GRU64_OH0,0317_0012,A,0.4428456425666809,-0.08219265937805176,0.5,0.0,-31.373572770446884,7.1728045516600565,-3.0894673052687187,1.6284455157686994
1773702904.506647,1773702904506653021,Sr02_gA_IMG1_LID1_STA1_GRU64_OH0,0317_0012,A,0.4532853662967682,-0.0010630397591739893,0.5,0.0,-31.358894312055565,7.173546989747322,-3.0920443449291724,1.6429262752683063
1773702904.6068926,1773702904606899040,Sr02_gA_IMG1_LID1_STA1_GRU64_OH0,0317_0012,A,0.46014419198036194,-0.07000088691711426,0.5,0.0,-31.329298617007634,7.174982159983989,-3.0940729411464996,1.6721420873743655
1773702904.7064166,1773702904706422154,Sr02_gA_IMG1_LID1_STA1_GRU64_OH0,0317_0012,A,0.47279292345046997,-0.05399990454316139,0.5,0.0,-31.311657798937325,7.175809259193863,-3.0956143588745757,1.6895666186547058
1773702904.8066547,1773702904806660939,Sr02_gA_IMG1_LID1_STA1_GRU64_OH0,0317_0012,A,0.4814871847629547,-0.03227720782160759,0.5,0.0,-31.31279412587051,7.175759377723516,-3.0967778809033195,1.6884436833223067
1773702904.9063544,1773702904906359830,Sr02_gA_IMG1_LID1_STA1_GRU64_OH0,0317_0012,A,0.48530593514442444,-0.03463606536388397,0.5,0.0,-31.328620783128027,7.17505833686235,-3.097837957597888,1.6728063157749395
1773702905.0053575,1773702905005363168,Sr02_gA_IMG1_LID1_STA1_GRU64_OH0,0317_0012,A,0.46345993876457214,-0.165376216173172,0.5,-0.5,-31.346104470811742,7.174303009513243,-3.0990171931371875,1.655533991570075
1773702905.1058109,1773702905105818168,Sr02_gA_IMG1_LID1_STA1_GRU64_OH0,0317_0012,A,0.46668410301208496,-0.02070843055844307,0.5,0.0,-31.36357836359641,7.173582813364755,-3.1028895542072297,1.638271987201987
1773702905.2058108,1773702905205816470,Sr02_gA_IMG1_LID1_STA1_GRU64_OH0,0317_0012,A,0.46793708205223083,-0.021906128153204918,0.5,0.0,-31.379808161989047,7.172986742324765,-3.105791362433791,1.6222344435056788
1773702905.305747,1773702905305753477,Sr02_gA_IMG1_LID1_STA1_GRU64_OH0,0317_0012,A,0.49127793312072754,0.19609014689922333,0.5,0.0,-31.380908723305776,7.172946700636064,-3.106482182818612,1.621147019405371
1773702905.4051456,1773702905405152123,Sr02_gA_IMG1_LID1_STA1_GRU64_OH0,0317_0012,A,0.49135494232177734,0.1960713267326355,0.5,0.0,-31.36449064216071,7.17351821458628,-3.107005462292124,1.637374160807114
1773702905.5048711,1773702905504876886,Sr02_gA_IMG1_LID1_STA1_GRU64_OH0,0317_0012,A,0.5105806589126587,-0.0564902238547802,0.5,0.0,-31.333148791481968,7.174595333863304,-3.1074420322984015,1.668364064207645
1773702905.6048017,1773702905604809896,Sr02_gA_IMG1_LID1_STA1_GRU64_OH0,0317_0012,A,0.49389564990997314,-0.07353400439023972,0.5,0.0,-31.31377065480951,7.175254640200743,-3.1077532470244997,1.68753221799277
1773702905.7058532,1773702905705860153,Sr02_gA_IMG1_LID1_STA1_GRU64_OH0,0317_0012,A,0.5040114521980286,-0.15146096050739288,0.5,-0.5,-31.313297067645255,7.175270922277463,-3.107955710700969,1.6880007169613953
1773702905.8045099,1773702905804524013,Sr02_gA_IMG1_LID1_STA1_GRU64_OH0,0317_0012,A,0.4784849286079407,-0.14895445108413696,0.5,0.0,-31.32687941033624,7.174819909311435,-3.1096470935793583,1.674563631411571
1773702905.9069417,1773702905906947584,Sr02_gA_IMG1_LID1_STA1_GRU64_OH0,0317_0012,A,0.4691928029060364,-0.15582621097564697,0.5,-0.5,-31.327552952225986,7.174795232737742,-3.112392752408989,1.6738976279608218
1773702906.0063992,1773702906006405912,Sr02_gA_IMG1_LID1_STA1_GRU64_OH0,0317_0012,A,0.449937641620636,-0.16821987926959991,0.5,-0.5,-31.31070385746544,7.175265672272014,-3.114523505147818,1.6905770520800318
1773702906.1047108,1773702906104716679,Sr02_gA_IMG1_LID1_STA1_GRU64_OH0,0317_0012,A,0.36337289214134216,-0.013875041157007217,0.5,0.0,-31.276556311987804,7.176157914708778,-3.1162089522918666,1.7243981587408748
1773702906.2047765,1773702906204782078,Sr02_gA_IMG1_LID1_STA1_GRU64_OH0,0317_0012,A,0.3835374414920807,0.023106670007109642,0.5,0.0,-31.24208306174106,7.177011835059989,-3.1175024803961753,1.7585602820019088
1773702906.3058848,1773702906305890588,Sr02_gA_IMG1_LID1_STA1_GRU64_OH0,0317_0012,A,0.38256779313087463,0.07343941181898117,0.5,0.0,-31.226884357185096,7.177371914139181,-3.1184611024940283,1.773627561823886
1773702906.4070523,1773702906407058598,Sr02_gA_IMG1_LID1_STA1_GRU64_OH0,0317_0012,A,0.43186256289482117,0.023073600605130196,0.5,0.0,-31.230341195083838,7.177294253685249,-3.119170980808616,1.7701999478201904
1773702906.5071192,1773702906507124698,Sr02_gA_IMG1_LID1_STA1_GRU64_OH0,0317_0012,A,0.4478389322757721,-0.13776561617851257,0.5,0.0,-31.246979120066,7.176919625946384,-3.1187276228848626,1.753704425317306
1773702906.6048787,1773702906604884401,Sr02_gA_IMG1_LID1_STA1_GRU64_OH0,0317_0012,A,0.41180935502052307,0.04415855184197426,0.5,0.0,-31.264463483555915,7.176528671200054,-3.1211132398025927,1.7363724180801978
1773702906.705357,1773702906705363079,Sr02_gA_IMG1_LID1_STA1_GRU64_OH0,0317_0012,A,0.38130149245262146,0.0761827826499939,0.5,0.0,-31.28194771721594,7.1761950746759,-3.1223656605835877,1.7190372102380083
1773702906.8063426,1773702906806348208,Sr02_gA_IMG1_LID1_STA1_GRU64_OH0,0317_0012,A,0.41985055804252625,0.09121983498334885,0.5,0.0,-31.299444139501887,7.175841572364075,-3.12014761498472,1.7016952928933151
1773702906.9064167,1773702906906423356,Sr02_gA_IMG1_LID1_STA1_GRU64_OH0,0317_0012,A,0.41084834933280945,0.07220372557640076,0.5,0.0,-31.316939552197802,7.175441330581545,-3.1171654488510874,1.6843630769015114
1773702907.005184,1773702907005190441,Sr02_gA_IMG1_LID1_STA1_GRU64_OH0,0317_0012,A,0.44050121307373047,-0.022486267611384392,0.5,0.0,-31.334433672521836,7.174988065871165,-3.1143720928589116,1.66704188673284
1773702907.106716,1773702907106722321,Sr02_gA_IMG1_LID1_STA1_GRU64_OH0,0317_0012,A,0.4189818203449249,-0.03796030208468437,0.5,0.0,-31.351926864242674,7.1745000963929,-3.1138334280268296,1.649729528001788
1773702907.20554,1773702907205545384,Sr02_gA_IMG1_LID1_STA1_GRU64_OH0,0317_0012,A,0.4287627935409546,-0.06420841068029404,0.5,0.0,-31.369420354433142,7.174022961570967,-3.114945395985749,1.632419566402107
1773702907.3057215,1773702907305726974,Sr02_gA_IMG1_LID1_STA1_GRU64_OH0,0317_0012,A,0.47518622875213623,0.03367798775434494,0.5,0.0,-31.38691451658947,7.1735712040123865,-3.1168252064679702,1.6151099297785276
1773702907.4074578,1773702907407463724,Sr02_gA_IMG1_LID1_STA1_GRU64_OH0,0317_0012,A,0.4871881604194641,0.041785500943660736,0.5,0.0,-31.40316208414175,7.173177243082609,-3.1170594029338075,1.5990342808482734
1773702907.5069284,1773702907506934762,Sr02_gA_IMG1_LID1_STA1_GRU64_OH0,0317_0012,A,0.5650310516357422,0.11833656579256058,0.5,0.0,-31.40426467588565,7.1731508956190835,-3.116267452225643,1.5979434373607926
1773702907.604863,1773702907604868071,Sr02_gA_IMG1_LID1_STA1_GRU64_OH0,0317_0012,A,0.5696231126785278,0.07310229539871216,0.5,0.0,-31.38784346139206,7.173572181203254,-3.115739526732847,1.614187842877976
1773702907.7045057,1773702907704511870,Sr02_gA_IMG1_LID1_STA1_GRU64_OH0,0317_0012,A,0.5823087096214294,0.09402226656675339,0.5,0.0,-31.354124767141414,7.174451302395054,-3.1153674900054322,1.6475531319818728
1773702907.8063278,1773702907806333959,Sr02_gA_IMG1_LID1_STA1_GRU64_OH0,0317_0012,A,0.5457705855369568,0.023421522229909897,0.5,0.0,-31.323792220391994,7.175251025409205,-3.1150740399566934,1.67757919458921
1773702907.9061882,1773702907906194161,Sr02_gA_IMG1_LID1_STA1_GRU64_OH0,0317_0012,A,0.5413998365402222,0.017627155408263206,0.5,0.0,-31.31267275974877,7.175547052913407,-3.114805910836764,1.6885888103842805
1773702908.0057828,1773702908005788869,Sr02_gA_IMG1_LID1_STA1_GRU64_OH0,0317_0012,A,0.4835148751735687,-0.031363435089588165,0.5,0.0,-31.319876542361857,7.1753527761171085,-3.1145566003653946,1.6814563106781903
1773702908.1061225,1773702908106128976,Sr02_gA_IMG1_LID1_STA1_GRU64_OH0,0317_0012,A,0.4704730212688446,-0.05876040831208229,0.5,0.0,-31.337292496156326,7.174884383934038,-3.115177569492958,1.6642151693061082
1773702908.2060332,1773702908206038974,Sr02_gA_IMG1_LID1_STA1_GRU64_OH0,0317_0012,A,0.4404822885990143,-0.015615363605320454,0.5,0.0,-31.354786742382586,7.174435885426369,-3.1169465050838285,1.6468977318574631
1773702908.3057044,1773702908305710318,Sr02_gA_IMG1_LID1_STA1_GRU64_OH0,0317_0012,A,0.48938873410224915,0.09740374982357025,0.5,0.0,-31.372281703993,7.1740161391993205,-3.1179460754994377,1.6295800071689293
1773702908.406208,1773702908406213949,Sr02_gA_IMG1_LID1_STA1_GRU64_OH0,0317_0012,A,0.49906736612319946,0.10978105664253235,0.5,0.0,-31.389769520775623,7.173590638428218,-3.1157486542409645,1.612274014692082
1773702908.5065086,1773702908506514753,Sr02_gA_IMG1_LID1_STA1_GRU64_OH0,0317_0012,A,0.5461129546165466,0.1399584859609604,0.5,0.0,-31.406015572138948,7.173143144716987,-3.1121014310079325,1.5962070032969622
1773702908.6063104,1773702908606315598,Sr02_gA_IMG1_LID1_STA1_GRU64_OH0,0317_0012,A,0.5446190237998962,0.041095439344644547,0.5,0.0,-31.407116734148875,7.17311343980932,-3.109085527210729,1.5951180347154519
1773702908.7066178,1773702908706623315,Sr02_gA_IMG1_LID1_STA1_GRU64_OH0,0317_0012,A,0.5463730692863464,0.03777584061026573,0.5,0.0,-31.39069720156499,7.173670087056564,-3.106817215708073,1.6113435887628733
1773702908.805293,1773702908805299108,Sr02_gA_IMG1_LID1_STA1_GRU64_OH0,0317_0012,A,0.548130214214325,0.14650261402130127,0.5,0.0,-31.359355167112554,7.174789664743253,-3.105092797129524,1.6423197617347731
1773702908.90498,1773702908904986511,Sr02_gA_IMG1_LID1_STA1_GRU64_OH0,0317_0012,A,0.5690688490867615,0.161335289478302,0.5,0.0,-31.33997700026253,7.175508766901811,-3.103736477376135,1.6614758004640215
1773702909.0054197,1773702909005425793,Sr02_gA_IMG1_LID1_STA1_GRU64_OH0,0317_0012,A,0.5162656903266907,-0.11871423572301865,0.5,0.0,-31.33950093019264,7.175525430167465,-3.1026383134357216,1.6619466002210121
1773702909.1045678,1773702909104573356,Sr02_gA_IMG1_LID1_STA1_GRU64_OH0,0317_0012,A,0.46487483382225037,-0.16093489527702332,0.5,-0.5,-31.354462180934917,7.174942712515896,-3.1038455038425856,1.6471595373434456
1773702909.204362,1773702909204368724,Sr02_gA_IMG1_LID1_STA1_GRU64_OH0,0317_0012,A,0.4673367738723755,-0.16807547211647034,0.5,-0.5,-31.370704092026255,7.174366278262967,-3.108944605820783,1.6311037813908165
1773702909.3042643,1773702909304270680,Sr02_gA_IMG1_LID1_STA1_GRU64_OH0,0317_0012,A,0.4958418309688568,0.005079300608485937,0.5,0.0,-31.371804318176686,7.17432614057436,-3.113480689106872,1.6300164377356792
1773702909.40579,1773702909405795675,Sr02_gA_IMG1_LID1_STA1_GRU64_OH0,0317_0012,A,0.4936408996582031,0.01121862418949604,0.5,0.0,-31.35537997063402,7.17475276689949,-3.117013143049133,1.6462709261676192
1773702909.5045152,1773702909504529238,Sr02_gA_IMG1_LID1_STA1_GRU64_OH0,0317_0012,A,0.5021691918373108,0.11942233145236969,0.5,0.0,-31.324025272610957,7.1754768837948575,-3.1197791413023483,1.677321379744301
1773702909.605726,1773702909605731512,Sr02_gA_IMG1_LID1_STA1_GRU64_OH0,0317_0012,A,0.48718494176864624,0.15681785345077515,0.5,0.0,-31.304636993023855,7.1758818343712845,-3.12188786264709,1.6965322086166572
1773702909.7041013,1773702909704107501,Sr02_gA_IMG1_LID1_STA1_GRU64_OH0,0317_0012,A,0.4868399202823639,0.16859842836856842,0.5,0.0,-31.304159870191715,7.175893228627286,-3.1234923204561778,1.6970048523312506
1773702909.8041387,1773702909804144448,Sr02_gA_IMG1_LID1_STA1_GRU64_OH0,0317_0012,A,0.4893426299095154,0.13572843372821808,0.5,0.0,-31.31898647322225,7.175624562428203,-3.1218976551158346,1.6823087292951735
1773702909.9039786,1773702909903984949,Sr02_gA_IMG1_LID1_STA1_GRU64_OH0,0317_0012,A,0.526863157749176,0.03477657213807106,0.5,0.0,-31.334434487334363,7.175282709594688,-3.116919555089037,1.6670064411534151
1773702910.0060241,1773702910006030061,Sr02_gA_IMG1_LID1_STA1_GRU64_OH0,0317_0012,A,0.5283389687538147,0.030712652951478958,0.5,0.0,-31.333721870439238,7.175307085357484,-3.1132509746237758,1.6677112646557235
1773702910.1041715,1773702910104177358,Sr02_gA_IMG1_LID1_STA1_GRU64_OH0,0317_0012,A,0.4769308269023895,0.0033868011087179184,0.5,0.0,-31.315569067840144,7.175852128344703,-3.1104624949044695,1.6856766599123365
1773702910.204856,1773702910204861091,Sr02_gA_IMG1_LID1_STA1_GRU64_OH0,0317_0012,A,0.4757596552371979,0.004373504314571619,0.5,0.0,-31.28012268110332,7.176998311902541,-3.1083430309102247,1.7207597001138166
1773702910.3046937,1773702910304699052,Sr02_gA_IMG1_LID1_STA1_GRU64_OH0,0317_0012,A,0.4781018793582916,0.22634382545948029,0.5,0.5,-31.248063334071382,7.17808931540322,-3.1067086969009656,1.7524976733627455
1773702910.404547,1773702910404553553,Sr02_gA_IMG1_LID1_STA1_GRU64_OH0,0317_0012,A,0.4892398715019226,0.06332828104496002,0.5,0.0,-31.239237645350293,7.178400142708259,-3.106020991238325,1.7612359055469848
1773702910.5051062,1773702910505111673,Sr02_gA_IMG1_LID1_STA1_GRU64_OH0,0317_0012,A,0.49053072929382324,0.06279531121253967,0.5,0.0,-31.23586598999651,7.178520371574729,-3.1048460363816885,1.76457423236693
1773702910.6046703,1773702910604675714,Sr02_gA_IMG1_LID1_STA1_GRU64_OH0,0317_0012,A,0.5079675316810608,0.14538578689098358,0.5,0.0,-31.249308526680807,7.178017413087548,-3.103491721072121,1.751267987019771
1773702910.704645,1773702910704650950,Sr02_gA_IMG1_LID1_STA1_GRU64_OH0,0317_0012,A,0.5094342827796936,0.14407534897327423,0.5,0.0,-31.266795035440065,7.177330580814494,-3.1007157773586353,1.7339657743746206
1773702910.804541,1773702910804547810,Sr02_gA_IMG1_LID1_STA1_GRU64_OH0,0317_0012,A,0.5120490789413452,0.053736329078674316,0.5,0.0,-31.284278519562307,7.176570966934736,-3.095636458362527,1.7166788223880936
1773702910.9054353,1773702910905441834,Sr02_gA_IMG1_LID1_STA1_GRU64_OH0,0317_0012,A,0.5089589953422546,-0.12027908116579056,0.5,0.0,-31.301757994625966,7.175724049008851,-3.0912261799166894,1.699410248449137
1773702911.0044715,1773702911004477393,Sr02_gA_IMG1_LID1_STA1_GRU64_OH0,0317_0012,A,0.49935972690582275,-0.13557244837284088,0.5,0.0,-31.319223793296644,7.174828689313792,-3.090336358009613,1.682165691911232
1773702911.1049497,1773702911104956579,Sr02_gA_IMG1_LID1_STA1_GRU64_OH0,0317_0012,A,0.46553048491477966,-0.09979023784399033,0.5,0.0,-31.336702651519094,7.17396907364048,-3.0946531608602537,1.6649090290918773
1773702911.2051704,1773702911205176614,Sr02_gA_IMG1_LID1_STA1_GRU64_OH0,0317_0012,A,0.46918874979019165,-0.0829414650797844,0.5,0.0,-31.351147496763655,7.17332004888484,-3.099226745928818,1.6506443214473847
1773702911.3056931,1773702911305698710,Sr02_gA_IMG1_LID1_STA1_GRU64_OH0,0317_0012,A,0.4684264659881592,-0.13614627718925476,0.5,0.0,-31.348642603304878,7.173416217440671,-3.1028489242632773,1.6531196932144414
1773702911.4063096,1773702911406315031,Sr02_gA_IMG1_LID1_STA1_GRU64_OH0,0317_0012,A,0.47195130586624146,-0.04408595338463783,0.5,0.0,-31.32876631483001,7.1741533117280705,-3.105684078620115,1.6727681004932247
1773702911.5063858,1773702911506391689,Sr02_gA_IMG1_LID1_STA1_GRU64_OH0,0317_0012,A,0.45545393228530884,-0.048820361495018005,0.5,0.0,-31.292810659209717,7.1754012131340215,-3.10790786313746,1.7083355190959437
1773702911.6058226,1773702911605829058,Sr02_gA_IMG1_LID1_STA1_GRU64_OH0,0317_0012,A,0.4655930697917938,0.20335619151592255,0.5,0.5,-31.266323545179294,7.176272989986988,-3.109596880302184,1.7345527837004329
1773702911.7054334,1773702911705438547,Sr02_gA_IMG1_LID1_STA1_GRU64_OH0,0317_0012,A,0.4665992259979248,0.20234645903110504,0.5,0.5,-31.259022056502033,7.1765038269034775,-3.1108675710939693,1.7417824565288165
1773702911.8047898,1773702911804795326,Sr02_gA_IMG1_LID1_STA1_GRU64_OH0,0317_0012,A,0.43723347783088684,0.18830876052379608,0.5,0.0,-31.269365427816897,7.176191667743366,-3.111299927877006,1.731539335984127
1773702911.9054887,1773702911905494131,Sr02_gA_IMG1_LID1_STA1_GRU64_OH0,0317_0012,A,0.4396611452102661,0.18545904755592346,0.5,0.0,-31.286760550226454,7.175608268258703,-3.1046552934876885,1.7143223158304113
1773702912.0063844,1773702912006389592,Sr02_gA_IMG1_LID1_STA1_GRU64_OH0,0317_0012,A,0.45358341932296753,-0.005746309645473957,0.5,0.0,-31.304246355435776,7.174904421202434,-3.098084445642998,1.6970329739201766
1773702912.1046755,1773702912104681615,Sr02_gA_IMG1_LID1_STA1_GRU64_OH0,0317_0012,A,0.49016305804252625,-0.05178535357117653,0.5,0.0,-31.321709860392065,7.174088987938325,-3.092637360197204,1.6797832243354205
1773702912.2057388,1773702912205744370,Sr02_gA_IMG1_LID1_STA1_GRU64_OH0,0317_0012,A,0.48397013545036316,-0.0650973841547966,0.5,0.0,-31.339189004216152,7.173234933468932,-3.0931607327521187,1.6625274061365252
1773702912.3049483,1773702912304954760,Sr02_gA_IMG1_LID1_STA1_GRU64_OH0,0317_0012,A,0.46023038029670715,-0.1104329377412796,0.5,0.0,-31.356669246481466,7.172403710281582,-3.095066396700161,1.6452728982714624
1773702912.4048927,1773702912404898815,Sr02_gA_IMG1_LID1_STA1_GRU64_OH0,0317_0012,A,0.45681577920913696,0.004553746897727251,0.5,0.0,-31.374151242378925,7.171610264594244,-3.097662137931534,1.628017261052935
1773702912.50642,1773702912506428118,Sr02_gA_IMG1_LID1_STA1_GRU64_OH0,0317_0012,A,0.4546016454696655,0.005304650403559208,0.5,0.0,-31.387414262220798,7.171048001774702,-3.1013375759021264,1.6149245622566042
1773702912.6065369,1773702912606543300,Sr02_gA_IMG1_LID1_STA1_GRU64_OH0,0317_0012,A,0.49900731444358826,0.04860313609242439,0.5,0.0,-31.383135738629772,7.17120982638652,-3.104196939103772,1.6191502317956286
1773702912.7050393,1773702912705044923,Sr02_gA_IMG1_LID1_STA1_GRU64_OH0,0317_0012,A,0.508416473865509,0.04445391148328781,0.5,0.0,-31.361530358381668,7.171989671924873,-3.106445668869158,1.640497672199018
1773702912.8053596,1773702912805365167,Sr02_gA_IMG1_LID1_STA1_GRU64_OH0,0317_0012,A,0.5244220495223999,-0.05047309398651123,0.5,0.0,-31.33065597308674,7.173048303382166,-3.1082010165473073,1.671022206728724
1773702912.905532,1773702912905539751,Sr02_gA_IMG1_LID1_STA1_GRU64_OH0,0317_0012,A,0.477402001619339,-0.05675668641924858,0.5,0.0,-31.31703926749568,7.173495819802879,-3.1095223386324906,1.6844911523621195
1773702913.004704,1773702913004709916,Sr02_gA_IMG1_LID1_STA1_GRU64_OH0,0317_0012,A,0.4802982211112976,-0.06539487838745117,0.5,0.0,-31.321917695797012,7.173343280814958,-3.110517168269253,1.6796644567047123
1773702913.1068552,1773702913106861259,Sr02_gA_IMG1_LID1_STA1_GRU64_OH0,0317_0012,A,0.4995073080062866,0.02463839016854763,0.5,0.0,-31.33895583590588,7.172827029658077,-3.1122995453304667,1.6628075065156014
1773702913.2049985,1773702913205004318,Sr02_gA_IMG1_LID1_STA1_GRU64_OH0,0317_0012,A,0.4993552267551422,0.03249103203415871,0.5,0.0,-31.3564488661767,7.172333390209043,-3.113958152214728,1.6455001585403797
1773702913.30498,1773702913304985706,Sr02_gA_IMG1_LID1_STA1_GRU64_OH0,0317_0012,A,0.5042065978050232,0.02344169095158577,0.5,0.0,-31.373941964581025,7.171842089207346,-3.113013361417384,1.6281965751249454
1773702913.405372,1773702913405378338,Sr02_gA_IMG1_LID1_STA1_GRU64_OH0,0317_0012,A,0.5329021215438843,0.08916383236646652,0.5,0.0,-31.387211528261545,7.171456665804023,-3.1119438114760247,1.6150751680130018
1773702913.5052323,1773702913505237719,Sr02_gA_IMG1_LID1_STA1_GRU64_OH0,0317_0012,A,0.5316517949104309,0.09152962267398834,0.5,0.0,-31.382932731676565,7.171586193048018,-3.111236869704435,1.6193052709811548
1773702913.6063967,1773702913606403529,Sr02_gA_IMG1_LID1_STA1_GRU64_OH0,0317_0012,A,0.5236817598342896,-0.007959774695336819,0.5,0.0,-31.36132461277477,7.172248699646153,-3.110740584182271,1.6406704823114913
1773702913.7072043,1773702913707210051,Sr02_gA_IMG1_LID1_STA1_GRU64_OH0,0317_0012,A,0.5231118202209473,-0.006725977640599012,0.5,0.0,-31.3304483054375,7.173207120863691,-3.110376557564202,1.6712095973273988
1773702913.8054917,1773702913805497228,Sr02_gA_IMG1_LID1_STA1_GRU64_OH0,0317_0012,A,0.48836198449134827,-0.033822495490312576,0.5,0.0,-31.31683234275599,7.173633997875098,-3.11005836882804,1.6846804467646517
1773702913.9057093,1773702913905716448,Sr02_gA_IMG1_LID1_STA1_GRU64_OH0,0317_0012,A,0.4672752916812897,-0.0050943512469530106,0.5,0.0,-31.321712086871077,7.173478938230853,-3.1097698583017066,1.6798526713864497
1773702914.0063217,1773702914006327296,Sr02_gA_IMG1_LID1_STA1_GRU64_OH0,0317_0012,A,0.48452866077423096,0.011374153196811676,0.5,0.0,-31.338744810822146,7.172941022486578,-3.1103078361784213,1.6630034392983428
1773702914.105129,1773702914105136898,Sr02_gA_IMG1_LID1_STA1_GRU64_OH0,0317_0012,A,0.4827241897583008,-0.036536358296871185,0.5,0.0,-31.3562362789694,7.172394733291957,-3.110313223629806,1.6457037814956408
1773702914.206495,1773702914206501081,Sr02_gA_IMG1_LID1_STA1_GRU64_OH0,0317_0012,A,0.48308196663856506,-0.03408222645521164,0.5,0.0,-31.37372764765314,7.171845270844457,-3.110418176033972,1.628408892011225
1773702914.3050547,1773702914305060738,Sr02_gA_IMG1_LID1_STA1_GRU64_OH0,0317_0012,A,0.5187295079231262,0.05191516876220703,0.5,0.0,-31.391219483498556,7.1713109222814095,-3.111671178311567,1.6111160943324239
1773702914.4063718,1773702914406377913,Sr02_gA_IMG1_LID1_STA1_GRU64_OH0,0317_0012,A,0.5299091339111328,0.0781598836183548,0.5,0.0,-31.408711886158066,7.170795438594,-3.1119611055386964,1.5938248864524163
1773702914.5078447,1773702914507850237,Sr02_gA_IMG1_LID1_STA1_GRU64_OH0,0317_0012,A,0.5274460315704346,0.06499829888343811,0.5,0.0,-31.426203697486333,7.170260347777725,-3.1098685162209385,1.5765413703419504
1773702914.6068382,1773702914606844091,Sr02_gA_IMG1_LID1_STA1_GRU64_OH0,0317_0012,A,0.5022510886192322,0.044326286762952805,0.5,0.0,-31.439471522987915,7.169824633924963,-3.1072826998460354,1.5634385933955475
1773702914.7056983,1773702914705706732,Sr02_gA_IMG1_LID1_STA1_GRU64_OH0,0317_0012,A,0.49779948592185974,0.042304299771785736,0.5,0.0,-31.435192730239027,7.169978563012502,-3.1053666231783166,1.5676621214609767
1773702914.8059707,1773702914805977110,Sr02_gA_IMG1_LID1_STA1_GRU64_OH0,0317_0012,A,0.47935372591018677,0.022726846858859062,0.5,0.0,-31.41358809954869,7.170779905583292,-3.1039272336453534,1.5889894108305238
1773702914.9042625,1773702914904268599,Sr02_gA_IMG1_LID1_STA1_GRU64_OH0,0317_0012,A,0.48653146624565125,0.01429309044033289,0.5,0.0,-31.38271798544254,7.171959873899926,-3.102835055419642,1.6194723886933442
1773702915.0056663,1773702915005672265,Sr02_gA_IMG1_LID1_STA1_GRU64_OH0,0317_0012,A,0.4935974180698395,0.033817898482084274,0.5,0.0,-31.3691040974847,7.172492588403022,-3.10195358221108,1.6329189390633048
1773702915.1059048,1773702915105911048,Sr02_gA_IMG1_LID1_STA1_GRU64_OH0,0317_0012,A,0.49337291717529297,0.018104255199432373,0.5,0.0,-31.37398058087317,7.172296306973466,-3.1012241569766283,1.628102723255562
1773702915.205851,1773702915205857117,Sr02_gA_IMG1_LID1_STA1_GRU64_OH0,0317_0012,A,0.4879884719848633,0.01423509232699871,0.5,0.0,-31.391021974894944,7.171599754544536,-3.1003112174335694,1.6112762913605572
1773702915.304608,1773702915304614285,Sr02_gA_IMG1_LID1_STA1_GRU64_OH0,0317_0012,A,0.5004457831382751,0.0464189238846302,0.5,0.0,-31.408506836977438,7.1708721016113355,-3.099718194674161,1.5940186784814165
1773702915.4074209,1773702915407427285,Sr02_gA_IMG1_LID1_STA1_GRU64_OH0,0317_0012,A,0.5166310667991638,0.09182313084602356,0.5,0.0,-31.421770286565042,7.170313718483257,-3.099254755476861,1.5809319811436922
1773702915.5062146,1773702915506220230,Sr02_gA_IMG1_LID1_STA1_GRU64_OH0,0317_0012,A,0.5142593383789062,0.09238806366920471,0.5,0.0,-31.41749357245347,7.170495749820309,-3.0990311462486426,1.5851511090680892
1773702915.605747,1773702915605753410,Sr02_gA_IMG1_LID1_STA1_GRU64_OH0,0317_0012,A,0.4916904866695404,0.04337365925312042,0.5,0.0,-31.395895202062864,7.171417153297591,-3.0989118521437415,1.6064633625183564
1773702915.7058702,1773702915705876128,Sr02_gA_IMG1_LID1_STA1_GRU64_OH0,0317_0012,A,0.49572476744651794,0.04888904467225075,0.5,0.0,-31.359379736648645,7.172977849443142,-3.0988512458003847,1.6425129271152306
1773702915.8057384,1773702915805745213,Sr02_gA_IMG1_LID1_STA1_GRU64_OH0,0317_0012,A,0.48083963990211487,-0.17041228711605072,0.5,-0.5,-31.334825959332946,7.1740286699929925,-3.0987789861691604,1.6667654871638948
1773702915.9050174,1773702915905022879,Sr02_gA_IMG1_LID1_STA1_GRU64_OH0,0317_0012,A,0.45444005727767944,-0.1522814780473709,0.5,-0.5,-31.32940933289759,7.174260819325954,-3.0986820703889943,1.6721168974035967
1773702916.0048213,1773702916004827505,Sr02_gA_IMG1_LID1_STA1_GRU64_OH0,0317_0012,A,0.4584454894065857,-0.1566743105649948,0.5,-0.5,-31.341284822892252,7.173751621493302,-3.099404622351875,1.660385010980655
1773702916.1052525,1773702916105258289,Sr02_gA_IMG1_LID1_STA1_GRU64_OH0,0317_0012,A,0.46651414036750793,-0.09654779732227325,0.5,0.0,-31.358771136150708,7.1730602689153935,-3.1047805767598313,1.6431071497532785
1773702916.2062593,1773702916206265274,Sr02_gA_IMG1_LID1_STA1_GRU64_OH0,0317_0012,A,0.485333651304245,-0.09893177449703217,0.5,0.0,-31.37203779343782,7.172601117852605,-3.1099917269934263,1.6299938422080036
1773702916.3061063,1773702916306111921,Sr02_gA_IMG1_LID1_STA1_GRU64_OH0,0317_0012,A,0.4892992079257965,0.014496708288788795,0.5,0.0,-31.367756476506862,7.1727214613677,-3.1140759860767373,1.634228764708483
1773702916.4052713,1773702916405276590,Sr02_gA_IMG1_LID1_STA1_GRU64_OH0,0317_0012,A,0.5016807913780212,0.015627991408109665,0.5,0.0,-31.346142029640735,7.173275767182956,-3.117280112288181,1.6556191265533444
1773702916.5066075,1773702916506612928,Sr02_gA_IMG1_LID1_STA1_GRU64_OH0,0317_0012,A,0.5003687143325806,0.013465126045048237,0.5,0.0,-31.31525523207487,7.17398859937555,-3.119773100455693,1.6862052078543543
1773702916.6060624,1773702916606068017,Sr02_gA_IMG1_LID1_STA1_GRU64_OH0,0317_0012,A,0.48510363698005676,0.19761036336421967,0.5,0.0,-31.301631484575804,7.174275428647496,-3.121665045477912,1.6997030599668612
1773702916.7060401,1773702916706046279,Sr02_gA_IMG1_LID1_STA1_GRU64_OH0,0317_0012,A,0.4859543740749359,0.19623515009880066,0.5,0.0,-31.306508614578394,7.174183963533722,-3.1231065323780567,1.6948694586690907
1773702916.8053045,1773702916805310433,Sr02_gA_IMG1_LID1_STA1_GRU64_OH0,0317_0012,A,0.4961162507534027,0.17413751780986786,0.5,0.0,-31.323222390250976,7.173850356901436,-3.118711400187162,1.678309171917149
1773702916.9054863,1773702916905492705,Sr02_gA_IMG1_LID1_STA1_GRU64_OH0,0317_0012,A,0.4767346978187561,0.019605200737714767,0.5,0.0,-31.335115404848388,7.173547599800017,-3.11231709774455,1.666535030287649
1773702917.0049198,1773702917004925322,Sr02_gA_IMG1_LID1_STA1_GRU64_OH0,0317_0012,A,0.49945929646492004,0.03142696991562843,0.5,0.0,-31.3290758270822,7.173746924651462,-3.107414281896882,1.672508645627166
1773702917.1058805,1773702917105886345,Sr02_gA_IMG1_LID1_STA1_GRU64_OH0,0317_0012,A,0.4755779206752777,-0.017911197617650032,0.5,0.0,-31.30573423513628,7.174596466795496,-3.103637936878178,1.6955907413349613
1773702917.2065485,1773702917206555766,Sr02_gA_IMG1_LID1_STA1_GRU64_OH0,0317_0012,A,0.4580947458744049,-0.019393187016248703,0.5,0.0,-31.2731284906178,7.1758815216989955,-3.1007446248333475,1.7278352553691545
1773702917.3054626,1773702917305468730,Sr02_gA_IMG1_LID1_STA1_GRU64_OH0,0317_0012,A,0.47915899753570557,0.0298176109790802,0.5,0.0,-31.257778864646742,7.176523407226708,-3.0984723008703434,1.743015684953156
1773702917.4051552,1773702917405161395,Sr02_gA_IMG1_LID1_STA1_GRU64_OH0,0317_0012,A,0.5342549085617065,0.11234530806541443,0.5,0.0,-31.261072502124662,7.176375559718017,-3.0966557575769094,1.7397592146768552
1773702917.5062084,1773702917506214439,Sr02_gA_IMG1_LID1_STA1_GRU64_OH0,0317_0012,A,0.5565263628959656,0.1419578641653061,0.5,0.0,-31.27768357290003,7.175614938701222,-3.0945849192702095,1.7233396364100624
1773702917.606464,1773702917606470612,Sr02_gA_IMG1_LID1_STA1_GRU64_OH0,0317_0012,A,0.5393354892730713,-0.08560030907392502,0.5,0.0,-31.29516253510755,7.174757425807851,-3.0903419174558713,1.7060731172345696
1773702917.7051742,1773702917705182201,Sr02_gA_IMG1_LID1_STA1_GRU64_OH0,0317_0012,A,0.5321423411369324,-0.10783746838569641,0.5,0.0,-31.31260525255549,7.173823435384548,-3.087227169917234,1.6888563327741695
1773702917.8049054,1773702917804910672,Sr02_gA_IMG1_LID1_STA1_GRU64_OH0,0317_0012,A,0.5050850510597229,-0.052432116121053696,0.5,0.0,-31.33008082409578,7.17289929789291,-3.090456654288302,1.671610964014983
1773702917.9060416,1773702917906047683,Sr02_gA_IMG1_LID1_STA1_GRU64_OH0,0317_0012,A,0.45603877305984497,-0.05848725885152817,0.5,0.0,-31.34755951902816,7.172036266791939,-3.093649218103375,1.654360488320953
1773702918.0048158,1773702918004821649,Sr02_gA_IMG1_LID1_STA1_GRU64_OH0,0317_0012,A,0.4545407295227051,-0.05790490657091141,0.5,0.0,-31.359444711323945,7.171474220350039,-3.0953737265111956,1.6426304819625646
1773702918.1067603,1773702918106765203,Sr02_gA_IMG1_LID1_STA1_GRU64_OH0,0317_0012,A,0.4775310754776001,-0.07566910982131958,0.5,0.0,-31.353413945040653,7.171747293050595,-3.0966567446539783,1.6485836678326207
1773702918.2068436,1773702918206848958,Sr02_gA_IMG1_LID1_STA1_GRU64_OH0,0317_0012,A,0.48643824458122253,-0.061850085854530334,0.5,0.0,-31.3300884734048,7.172782223350718,-3.0976862550195388,1.6716172541444405
1773702918.3052642,1773702918305269920,Sr02_gA_IMG1_LID1_STA1_GRU64_OH0,0317_0012,A,0.5038314461708069,-0.08480732142925262,0.5,0.0,-31.300112490560487,7.1740874238268475,-3.0984941368925973,1.7012336060130515
1773702918.4060996,1773702918406105303,Sr02_gA_IMG1_LID1_STA1_GRU64_OH0,0317_0012,A,0.45898720622062683,0.037962134927511215,0.5,0.0,-31.288422743066473,7.174588854062818,-3.099081047546329,1.7127876360890686
1773702918.506484,1773702918506489267,Sr02_gA_IMG1_LID1_STA1_GRU64_OH0,0317_0012,A,0.4602016806602478,0.04050769284367561,0.5,0.0,-31.295046382609925,7.174309176583065,-3.099501905938978,1.7062401391836182
1773702918.60541,1773702918605415740,Sr02_gA_IMG1_LID1_STA1_GRU64_OH0,0317_0012,A,0.5047976970672607,-0.006895050872117281,0.5,0.0,-31.31237655102005,7.173571324682879,-3.0983719319663448,1.6891129327105736
1773702918.7051141,1773702918705119338,Sr02_gA_IMG1_LID1_STA1_GRU64_OH0,0317_0012,A,0.48841947317123413,-0.009588845074176788,0.5,0.0,-31.3298597659883,7.172805124426413,-3.0976177899102075,1.6718416301242058
1773702918.8049014,1773702918804906611,Sr02_gA_IMG1_LID1_STA1_GRU64_OH0,0317_0012,A,0.47580888867378235,-0.11958689242601395,0.5,0.0,-31.347342943360722,7.172038053889207,-3.097896828519651,1.6545752756235963
1773702918.90555,1773702918905555938,Sr02_gA_IMG1_LID1_STA1_GRU64_OH0,0317_0012,A,0.44652146100997925,0.002396365161985159,0.5,0.0,-31.364820982658657,7.171282059339105,-3.0997523507485334,1.6373176301539853
1773702919.0070715,1773702919007076846,Sr02_gA_IMG1_LID1_STA1_GRU64_OH0,0317_0012,A,0.4299422800540924,0.0049981726333498955,0.5,0.0,-31.382296201648053,7.170581344717386,-3.1022684371868308,1.6200610184779927
1773702919.107153,1773702919107159142,Sr02_gA_IMG1_LID1_STA1_GRU64_OH0,0317_0012,A,0.4773730933666229,0.0724969133734703,0.5,0.0,-31.394185516556686,7.1701132126514375,-3.1022028114125093,1.6083222318178207
1773702919.2064989,1773702919206504738,Sr02_gA_IMG1_LID1_STA1_GRU64_OH0,0317_0012,A,0.47505974769592285,0.07357712090015411,0.5,0.0,-31.388152513960012,7.170350976787389,-3.1022072625003823,1.6142785321487225
1773702919.3062909,1773702919306297225,Sr02_gA_IMG1_LID1_STA1_GRU64_OH0,0317_0012,A,0.4983261525630951,0.07226158678531647,0.5,0.0,-31.364821389651276,7.171269876677323,-3.102248485103139,1.6373187130183582
1773702919.4054587,1773702919405464208,Sr02_gA_IMG1_LID1_STA1_GRU64_OH0,0317_0012,A,0.5062816739082336,-0.07663436979055405,0.5,0.0,-31.328091126431296,7.172714600196259,-3.1023083540626364,1.6736085262470939
1773702919.5081608,1773702919508166236,Sr02_gA_IMG1_LID1_STA1_GRU64_OH0,0317_0012,A,0.5072855949401855,-0.07155122607946396,0.5,0.0,-31.305453660706235,7.173604104301335,-3.1023243889968652,1.695984698863165
1773702919.6054873,1773702919605492727,Sr02_gA_IMG1_LID1_STA1_GRU64_OH0,0317_0012,A,0.44609659910202026,-0.04016610607504845,0.5,0.0,-31.30189536263488,7.173743899789783,-3.1022962467462003,1.6995025996026984
1773702919.707176,1773702919707181691,Sr02_gA_IMG1_LID1_STA1_GRU64_OH0,0317_0012,A,0.44634807109832764,-0.037891779094934464,0.5,0.0,-31.315206163295638,7.173221290045263,-3.1026788486258794,1.6863438055595075
1773702919.805626,1773702919805632332,Sr02_gA_IMG1_LID1_STA1_GRU64_OH0,0317_0012,A,0.48015788197517395,-0.03482028469443321,0.5,0.0,-31.332693380426058,7.172552650829513,-3.1040528196610184,1.6690580666418757
1773702919.9044588,1773702919904465023,Sr02_gA_IMG1_LID1_STA1_GRU64_OH0,0317_0012,A,0.4671434760093689,-0.15808147192001343,0.5,-0.5,-31.350181472814374,7.171907304092867,-3.1053360295269177,1.6517731619379663
1773702920.0055237,1773702920005532371,Sr02_gA_IMG1_LID1_STA1_GRU64_OH0,0317_0012,A,0.4671860933303833,-0.15730418264865875,0.5,-0.5,-31.367659298610146,7.171289679457931,-3.1082211118356446,1.6344996351914445
1773702920.1053398,1773702920105345480,Sr02_gA_IMG1_LID1_STA1_GRU64_OH0,0317_0012,A,0.48918938636779785,0.046715494245290756,0.5,0.0,-31.379551191752743,7.170917363106544,-3.113393737588901,1.6227434708964243
1773702920.2060905,1773702920206101793,Sr02_gA_IMG1_LID1_STA1_GRU64_OH0,0317_0012,A,0.4885691702365875,0.04660182446241379,0.5,0.0,-31.37351352987506,7.171069326450166,-3.1174055775151923,1.6287165165134676
1773702920.304217,1773702920304223085,Sr02_gA_IMG1_LID1_STA1_GRU64_OH0,0317_0012,A,0.5152755379676819,0.1461881697177887,0.5,0.0,-31.350167224187242,7.171591286575071,-3.120561196333655,1.6518254456228354
1773702920.4043748,1773702920404380894,Sr02_gA_IMG1_LID1_STA1_GRU64_OH0,0317_0012,A,0.5210731029510498,0.15476694703102112,0.5,0.0,-31.313412182731565,7.17231696003958,-3.1230217366643136,1.6882316483306976
1773702920.5052567,1773702920505263192,Sr02_gA_IMG1_LID1_STA1_GRU64_OH0,0317_0012,A,0.5232258439064026,0.1591251790523529,0.5,0.0,-31.290756958835967,7.172718590954156,-3.1248854710112233,1.7106847336055724
1773702920.6055868,1773702920605592260,Sr02_gA_IMG1_LID1_STA1_GRU64_OH0,0317_0012,A,0.45482686161994934,0.2987518608570099,0.5,0.5,-31.287192419639872,7.172777689568582,-3.1262955309906437,1.7142184350399141
1773702920.7064812,1773702920706487521,Sr02_gA_IMG1_LID1_STA1_GRU64_OH0,0317_0012,A,0.4568213224411011,0.29544010758399963,0.5,0.5,-31.299917522248276,7.17258548051858,-3.125181535187886,1.7016018304976028
1773702920.8059943,1773702920806001002,Sr02_gA_IMG1_LID1_STA1_GRU64_OH0,0317_0012,A,0.46432971954345703,0.13722173869609833,0.5,0.0,-31.317367012611896,7.1722105209480596,-3.114937188772594,1.6843169591199045
1773702920.9051545,1773702920905160295,Sr02_gA_IMG1_LID1_STA1_GRU64_OH0,0317_0012,A,0.5125551223754883,-0.11245329678058624,0.5,0.0,-31.329256373716497,7.17184748597271,-3.105304085471162,1.6725545784404807
1773702921.0058498,1773702921005856566,Sr02_gA_IMG1_LID1_STA1_GRU64_OH0,0317_0012,A,0.498831570148468,-0.10889563709497452,0.5,0.0,-31.32323080190288,7.172099385031968,-3.09807781535601,1.6785075098561058
1773702921.1052217,1773702921105227756,Sr02_gA_IMG1_LID1_STA1_GRU64_OH0,0317_0012,A,0.49694958329200745,-0.12326297163963318,0.5,0.0,-31.299889442260827,7.173191669418315,-3.0925052293777475,1.7015591064031523
1773702921.207358,1773702921207364039,Sr02_gA_IMG1_LID1_STA1_GRU64_OH0,0317_0012,A,0.49685776233673096,-0.12369667738676071,0.5,0.0,-31.269902394119818,7.174726901158152,-3.088219093978479,1.7311713254852348
1773702921.3063455,1773702921306351826,Sr02_gA_IMG1_LID1_STA1_GRU64_OH0,0317_0012,A,0.4708634614944458,0.08677941560745239,0.5,0.0,-31.258195278007236,7.175367500151543,-3.084861222419205,1.7427313205623405
1773702921.4062662,1773702921406271516,Sr02_gA_IMG1_LID1_STA1_GRU64_OH0,0317_0012,A,0.4815884232521057,0.1259283721446991,0.5,0.0,-31.26487489759055,7.174975624577466,-3.082310889750792,1.7361383512202055
1773702921.5059712,1773702921505976757,Sr02_gA_IMG1_LID1_STA1_GRU64_OH0,0317_0012,A,0.4804225564002991,0.1006215363740921,0.5,0.0,-31.282213318061697,7.173919397285044,-3.0788075594762003,1.719032865816265
1773702921.6047611,1773702921604767578,Sr02_gA_IMG1_LID1_STA1_GRU64_OH0,0317_0012,A,0.47495782375335693,-0.1087050661444664,0.5,0.0,-31.299676440123225,7.172784131432121,-3.0747543627636356,1.701818106052567
1773702921.7054238,1773702921705429418,Sr02_gA_IMG1_LID1_STA1_GRU64_OH0,0317_0012,A,0.46994900703430176,-0.10684091597795486,0.5,0.0,-31.317103648005197,7.171594599550067,-3.0737428091168955,1.6846513111192485
1773702921.8055847,1773702921805591068,Sr02_gA_IMG1_LID1_STA1_GRU64_OH0,0317_0012,A,0.4643402695655823,-0.0846647396683693,0.5,0.0,-31.334565587822674,7.170441264224203,-3.077521380994521,1.66745193165548
1773702921.9058802,1773702921905886487,Sr02_gA_IMG1_LID1_STA1_GRU64_OH0,0317_0012,A,0.468025803565979,-0.0915779396891594,0.5,0.0,-31.35203166520722,7.169352354962371,-3.080950346327006,1.6502468889215018
1773702922.0043237,1773702922004329852,Sr02_gA_IMG1_LID1_STA1_GRU64_OH0,0317_0012,A,0.46660834550857544,-0.09147363901138306,0.5,0.0,-31.363908923044356,7.168644453808032,-3.0837266579052756,1.6385466824363775
1773702922.1054652,1773702922105471208,Sr02_gA_IMG1_LID1_STA1_GRU64_OH0,0317_0012,A,0.4594336152076721,-0.02604571357369423,0.5,0.0,-31.35788105549077,7.168983977069843,-3.0858419992929047,1.6444867655174749
1773702922.205419,1773702922205424944,Sr02_gA_IMG1_LID1_STA1_GRU64_OH0,0317_0012,A,0.4595171809196472,-0.026163514703512192,0.5,0.0,-31.334566995950684,7.170262336537306,-3.087519999905512,1.6674720751365169
1773702922.3061519,1773702922306157981,Sr02_gA_IMG1_LID1_STA1_GRU64_OH0,0317_0012,A,0.4908711910247803,-0.02656317688524723,0.5,0.0,-31.297860722713725,7.172223568169014,-3.088841549126793,1.7036868113057866
1773702922.4050944,1773702922405100396,Sr02_gA_IMG1_LID1_STA1_GRU64_OH0,0317_0012,A,0.4787909686565399,0.0020473869517445564,0.5,0.0,-31.275236772197253,7.173407923371956,-3.0898286505099044,1.7260220571998603
1773702922.505219,1773702922505224801,Sr02_gA_IMG1_LID1_STA1_GRU64_OH0,0317_0012,A,0.5016639232635498,0.007501169573515654,0.5,0.0,-31.27168049976757,7.173591932034699,-3.090556363744497,1.7295339510661145
1773702922.6046042,1773702922604610321,Sr02_gA_IMG1_LID1_STA1_GRU64_OH0,0317_0012,A,0.4876178503036499,0.029037153348326683,0.5,0.0,-31.284984425679532,7.172916122543737,-3.090869460672277,1.716395631794746
1773702922.7068353,1773702922706840452,Sr02_gA_IMG1_LID1_STA1_GRU64_OH0,0317_0012,A,0.4899885952472687,0.02647467516362667,0.5,0.0,-31.30246174447269,7.172025499294515,-3.0903054228139113,1.6991405248089937
1773702922.805805,1773702922805811050,Sr02_gA_IMG1_LID1_STA1_GRU64_OH0,0317_0012,A,0.5176678895950317,-0.024808917194604874,0.5,0.0,-31.319938278217727,7.171119610962393,-3.089324998252516,1.6818930727658175
1773702922.9055781,1773702922905583850,Sr02_gA_IMG1_LID1_STA1_GRU64_OH0,0317_0012,A,0.47196295857429504,-0.07959409058094025,0.5,0.0,-31.337414082937414,7.170199756234004,-3.089116341680976,1.6646533014521094
1773702923.0064352,1773702923006440727,Sr02_gA_IMG1_LID1_STA1_GRU64_OH0,0317_0012,A,0.4654422700405121,-0.08463188260793686,0.5,0.0,-31.354890524320922,7.16929211056646,-3.090751628666134,1.6474168901034094
1773702923.107454,1773702923107459729,Sr02_gA_IMG1_LID1_STA1_GRU64_OH0,0317_0012,A,0.4090944528579712,-0.05361234396696091,0.5,0.0,-31.37236913705503,7.168427367866126,-3.0936079443835416,1.6301786062869195
1773702923.2054121,1773702923205418027,Sr02_gA_IMG1_LID1_STA1_GRU64_OH0,0317_0012,A,0.40581825375556946,-0.052822601050138474,0.5,0.0,-31.382687202381177,7.16794231387194,-3.09633356175583,1.6200018587219662
1773702923.3048344,1773702923304839888,Sr02_gA_IMG1_LID1_STA1_GRU64_OH0,0317_0012,A,0.44162717461586,0.03728477284312248,0.5,0.0,-31.374919930530773,7.168282888803059,-3.09838679851327,1.627665630704629
1773702923.40732,1773702923407326660,Sr02_gA_IMG1_LID1_STA1_GRU64_OH0,0317_0012,A,0.4583415985107422,-0.12396557629108429,0.5,0.0,-31.349862858468324,7.1693424801007835,-3.1000258092892583,1.6524006543327407
1773702923.5074244,1773702923507429287,Sr02_gA_IMG1_LID1_STA1_GRU64_OH0,0317_0012,A,0.47929587960243225,-0.12242896109819412,0.5,0.0,-31.321133485598914,7.170520043998377,-3.1012970184929345,1.6807777956458014
1773702923.6054242,1773702923605430125,Sr02_gA_IMG1_LID1_STA1_GRU64_OH0,0317_0012,A,0.4786700904369354,-0.09286640584468842,0.5,0.0,-31.311361656026722,7.170910664039909,-3.1022424357902985,1.6904338917629078
1773702923.7047884,1773702923704793958,Sr02_gA_IMG1_LID1_STA1_GRU64_OH0,0317_0012,A,0.4801098704338074,-0.0906609296798706,0.5,0.0,-31.31971182779021,7.170585999894532,-3.1029454948440707,1.6821814393304209
1773702923.8057144,1773702923805720708,Sr02_gA_IMG1_LID1_STA1_GRU64_OH0,0317_0012,A,0.4716211259365082,-0.11620716750621796,0.5,0.0,-31.33716246815923,7.169937381745369,-3.1060318442000505,1.6649347579224145
1773702923.9066854,1773702923906691871,Sr02_gA_IMG1_LID1_STA1_GRU64_OH0,0317_0012,A,0.47297346591949463,-0.11462486535310745,0.5,0.0,-31.354652423045536,7.169344901947764,-3.109652022611894,1.6476467332306122
1773702924.0062463,1773702924006253101,Sr02_gA_IMG1_LID1_STA1_GRU64_OH0,0317_0012,A,0.4725487232208252,-0.1136896088719368,0.5,0.0,-31.36497679408084,7.169029333725657,-3.1133887390307904,1.6374394582100302
1773702924.1055708,1773702924105576662,Sr02_gA_IMG1_LID1_STA1_GRU64_OH0,0317_0012,A,0.48830342292785645,0.05455548316240311,0.5,0.0,-31.357203945962343,7.169233060036461,-3.1162381527014724,1.6451281610623452
1773702924.2055018,1773702924205507824,Sr02_gA_IMG1_LID1_STA1_GRU64_OH0,0317_0012,A,0.47166708111763,0.039093438535928726,0.5,0.0,-31.332130662032387,7.169836249905627,-3.1184968120839796,1.6699419974980036
1773702924.305602,1773702924305607639,Sr02_gA_IMG1_LID1_STA1_GRU64_OH0,0317_0012,A,0.5085581541061401,0.03319696709513664,0.5,0.0,-31.30338306117011,7.170476545799553,-3.120245898463611,1.6984078295084075
1773702924.405992,1773702924405997705,Sr02_gA_IMG1_LID1_STA1_GRU64_OH0,0317_0012,A,0.4314156174659729,0.05948711931705475,0.5,0.0,-31.293604237109857,7.170680670007139,-3.121561806516723,1.7080946177053056
1773702924.5066302,1773702924506635390,Sr02_gA_IMG1_LID1_STA1_GRU64_OH0,0317_0012,A,0.4329618811607361,0.05696508660912514,0.5,0.0,-31.301957792569493,7.170519079329699,-3.1225555469963724,1.6998181083169799
1773702924.6063423,1773702924606348186,Sr02_gA_IMG1_LID1_STA1_GRU64_OH0,0317_0012,A,0.4729357063770294,0.13471390306949615,0.5,0.0,-31.319411772335148,7.170171263607954,-3.1206694645813755,1.6825288335939328
1773702924.7071755,1773702924707181195,Sr02_gA_IMG1_LID1_STA1_GRU64_OH0,0317_0012,A,0.47400179505348206,0.13049279153347015,0.5,0.0,-31.329738841950203,7.169948176597483,-3.118860831457721,1.672302941083163
1773702924.8049572,1773702924804963580,Sr02_gA_IMG1_LID1_STA1_GRU64_OH0,0317_0012,A,0.4878924489021301,0.04644831642508507,0.5,0.0,-31.32196614821682,7.170131771868271,-3.117606530883589,1.6799974888798725
1773702924.9056506,1773702924905656378,Sr02_gA_IMG1_LID1_STA1_GRU64_OH0,0317_0012,A,0.4369480013847351,-0.06309839338064194,0.5,0.0,-31.296894032085813,7.170747041435651,-3.116662684048177,1.7048197897134278
1773702925.0050159,1773702925005022589,Sr02_gA_IMG1_LID1_STA1_GRU64_OH0,0317_0012,A,0.4364281892776489,-0.05473553016781807,0.5,0.0,-31.260302948304837,7.17167259545203,-3.1159597532197583,1.7410563606377987
1773702925.105861,1773702925105866992,Sr02_gA_IMG1_LID1_STA1_GRU64_OH0,0317_0012,A,0.41281723976135254,0.06789638847112656,0.5,0.0,-31.23957657307449,7.172209213761156,-3.115384611713129,1.7615872512296857
1773702925.2058804,1773702925205887444,Sr02_gA_IMG1_LID1_STA1_GRU64_OH0,0317_0012,A,0.4138869345188141,0.06741457432508469,0.5,0.0,-31.23785784096225,7.172253958991662,-3.1148959259103877,1.763289957741026
1773702925.3058648,1773702925305870956,Sr02_gA_IMG1_LID1_STA1_GRU64_OH0,0317_0012,A,0.4348548948764801,0.13582482933998108,0.5,0.0,-31.252284583568688,7.171862588374004,-3.1137092275117295,1.7490005379104903
1773702925.4062314,1773702925406237461,Sr02_gA_IMG1_LID1_STA1_GRU64_OH0,0317_0012,A,0.49251824617385864,0.24963535368442535,0.5,0.5,-31.26977702764012,7.171348819427927,-3.1101525626540214,1.731682295971209
1773702925.5054622,1773702925505468503,Sr02_gA_IMG1_LID1_STA1_GRU64_OH0,0317_0012,A,0.4942985773086548,0.24606628715991974,0.5,0.5,-31.287256044534754,7.170749091571191,-3.103445092581382,1.7143911238660166
1773702925.6053712,1773702925605377367,Sr02_gA_IMG1_LID1_STA1_GRU64_OH0,0317_0012,A,0.49940595030784607,-0.06082352250814438,0.5,0.0,-31.30474018382578,7.170005558167573,-3.094770328521641,1.697115959675186
1773702925.704063,1773702925704069788,Sr02_gA_IMG1_LID1_STA1_GRU64_OH0,0317_0012,A,0.4895169734954834,-0.018379176035523415,0.5,0.0,-31.32215490594575,7.169129784639734,-3.0903561340814756,1.6799302564793224
1773702925.8050368,1773702925805042941,Sr02_gA_IMG1_LID1_STA1_GRU64_OH0,0317_0012,A,0.4840819537639618,-0.02058868296444416,0.5,0.0,-31.339632716787975,7.168248895793873,-3.0917421888320917,1.6626877868432304
1773702925.90557,1773702925905575865,Sr02_gA_IMG1_LID1_STA1_GRU64_OH0,0317_0012,A,0.4248296618461609,-0.08482992649078369,0.5,0.0,-31.357111261408235,7.167382664728862,-3.0924241245728608,1.6454482117532765
1773702926.0046568,1773702926004662359,Sr02_gA_IMG1_LID1_STA1_GRU64_OH0,0317_0012,A,0.41979989409446716,-0.08428160101175308,0.5,0.0,-31.374590654341585,7.166533772631275,-3.094268929817322,1.6282111728984314
1773702926.1053283,1773702926105334215,Sr02_gA_IMG1_LID1_STA1_GRU64_OH0,0317_0012,A,0.4467504322528839,0.028334584087133408,0.5,0.0,-31.392072260335514,7.165731825984282,-3.097228376363674,1.6109716237537728
1773702926.2054143,1773702926205419701,Sr02_gA_IMG1_LID1_STA1_GRU64_OH0,0317_0012,A,0.4747868478298187,0.006178915034979582,0.5,0.0,-31.40239201460397,7.16528408795641,-3.0999428183843665,1.6007941133532748
1773702926.3058295,1773702926305835671,Sr02_gA_IMG1_LID1_STA1_GRU64_OH0,0317_0012,A,0.47704800963401794,0.011376936919987202,0.5,0.0,-31.39462357266805,7.165596674631317,-3.1019872233828343,1.6084584223219995
1773702926.4058273,1773702926405832541,Sr02_gA_IMG1_LID1_STA1_GRU64_OH0,0317_0012,A,0.4987710416316986,-0.013869859278202057,0.5,0.0,-31.369562860865994,7.166566142888277,-3.1036193176561966,1.6331951944461416
1773702926.507052,1773702926507057216,Sr02_gA_IMG1_LID1_STA1_GRU64_OH0,0317_0012,A,0.525421142578125,-0.004025260917842388,0.5,0.0,-31.33298585762972,7.16793170703221,-3.104900224280526,1.669323764419019
1773702926.6042411,1773702926604247005,Sr02_gA_IMG1_LID1_STA1_GRU64_OH0,0317_0012,A,0.49598944187164307,-0.11022913455963135,0.5,0.0,-31.312266573642276,7.1686834180048855,-3.1058532868341007,1.689800694135062
1773702926.70619,1773702926706196017,Sr02_gA_IMG1_LID1_STA1_GRU64_OH0,0317_0012,A,0.43495166301727295,-0.0785221979022026,0.5,0.0,-31.310548879470357,7.168745262974697,-3.106555602982457,1.6914986330531703
1773702926.8057609,1773702926805766504,Sr02_gA_IMG1_LID1_STA1_GRU64_OH0,0317_0012,A,0.45262888073921204,-0.062230389565229416,0.5,0.0,-31.324966896325677,7.168247232560942,-3.1079455877251054,1.67724520716808
1773702926.905326,1773702926905331892,Sr02_gA_IMG1_LID1_STA1_GRU64_OH0,0317_0012,A,0.4950070083141327,-0.13007527589797974,0.5,0.0,-31.342457735756067,7.167681307908798,-3.1104087577856987,1.659953366305592
1773702927.0061693,1773702927006175908,Sr02_gA_IMG1_LID1_STA1_GRU64_OH0,0317_0012,A,0.4947461783885956,-0.12818977236747742,0.5,0.0,-31.35994995534181,7.167159919502449,-3.1137740828339897,1.6426590347709333
1773702927.1051948,1773702927105200564,Sr02_gA_IMG1_LID1_STA1_GRU64_OH0,0317_0012,A,0.4868834912776947,0.007174104917794466,0.5,0.0,-31.370275436336716,7.166888618567607,-3.1179547386806568,1.6324478599722585
1773702927.2060223,1773702927206027963,Sr02_gA_IMG1_LID1_STA1_GRU64_OH0,0317_0012,A,0.5017457604408264,0.074635811150074,0.5,0.0,-31.36250126220936,7.167054949808032,-3.121153654110594,1.6401405532058546
1773702927.3049915,1773702927304997476,Sr02_gA_IMG1_LID1_STA1_GRU64_OH0,0317_0012,A,0.5017808079719543,0.06810685247182846,0.5,0.0,-31.337424640089637,7.167530954704971,-3.1236842805003042,1.6649670180857066
1773702927.406126,1773702927406133158,Sr02_gA_IMG1_LID1_STA1_GRU64_OH0,0317_0012,A,0.50166255235672,0.21100060641765594,0.5,0.5,-31.30867336121318,7.168019289665675,-3.125643100906385,1.693447603522564
1773702927.5052657,1773702927505271154,Sr02_gA_IMG1_LID1_STA1_GRU64_OH0,0317_0012,A,0.5023311972618103,0.21005696058273315,0.5,0.5,-31.298892822644987,7.16817007385736,-3.127121659133975,1.7031399909550655
1773702927.6048214,1773702927604827138,Sr02_gA_IMG1_LID1_STA1_GRU64_OH0,0317_0012,A,0.45940226316452026,0.1674477607011795,0.5,0.0,-31.307180835489024,7.168056465424083,-3.1281271844651424,1.6949249138370681
1773702927.7076762,1773702927707682659,Sr02_gA_IMG1_LID1_STA1_GRU64_OH0,0317_0012,A,0.4888278841972351,0.06664911657571793,0.5,0.0,-31.324388585742376,7.167779782974261,-3.1225556603497577,1.6778758540708008
