t_unix,t_ros_ns,run_folder,run_id,goal_id,v_pred_lin,w_pred_ang,v_cmd_lin,w_cmd_ang,x,y,yaw,dist_to_goal
1773700244.5052714,1773700244505279082,Sr02_gA_IMG1_LID1_STA1_GRU64_OH0,0316_2330,A,-0.03839524835348129,0.00796769093722105,0.0,0.0,-1.8859359740356767e-14,-2.4037073686107295e-24,-7.060469503462839e-12,33.80335215951221
1773700244.5271404,1773700244527146956,Sr02_gA_IMG1_LID1_STA1_GRU64_OH0,0316_2330,A,-0.03839524835348129,0.00796769093722105,0.0,0.0,-1.8859359740356767e-14,-2.4037073686107295e-24,-7.060469503462839e-12,33.80335215951221
1773700244.5483212,1773700244548328866,Sr02_gA_IMG1_LID1_STA1_GRU64_OH0,0316_2330,A,-0.0695808082818985,0.007381588686257601,0.0,0.0,-1.8897446469011426e-14,-2.403438458422269e-24,-7.060469621608076e-12,33.80335215951221
1773700244.6319716,1773700244631978198,Sr02_gA_IMG1_LID1_STA1_GRU64_OH0,0316_2330,A,-0.08681118488311768,0.011760345660150051,0.0,0.0,8.836946953135753e-13,4.706986664134415e-17,0.00038665056171966204,33.80335215951309
1773700244.7288377,1773700244728844191,Sr02_gA_IMG1_LID1_STA1_GRU64_OH0,0316_2330,A,-0.060603782534599304,0.010206337086856365,0.0,0.0,1.1603662406363967e-12,4.0867233812214715e-16,0.001212368837024571,33.80335215951336
1773700244.8289292,1773700244828941917,Sr02_gA_IMG1_LID1_STA1_GRU64_OH0,0316_2330,A,-0.06052415817975998,0.01026903372257948,0.0,0.0,5.430410245283907e-13,-8.112061102113762e-16,0.0023573107857557322,33.803352159512755
1773700244.928425,1773700244928432639,Sr02_gA_IMG1_LID1_STA1_GRU64_OH0,0316_2330,A,-0.10596193373203278,-0.0016038015019148588,0.0,0.0,1.3108197656055106e-13,-1.9789121324568312e-15,0.0033791854244598634,33.80335215951235
1773700245.0285394,1773700245028549641,Sr02_gA_IMG1_LID1_STA1_GRU64_OH0,0316_2330,A,-0.10591412335634232,-0.0015876628458499908,0.0,0.0,-1.6059545410407951e-12,-9.127868218688992e-15,0.004168632266533774,33.80335215951066
1773700245.1281188,1773700245128125395,Sr02_gA_IMG1_LID1_STA1_GRU64_OH0,0316_2330,A,-0.1509472280740738,-0.013900607824325562,0.0,0.0,-1.8004019225386845e-12,-9.935208560153494e-15,0.004008587007208369,33.803352159510474
1773700245.229363,1773700245229370160,Sr02_gA_IMG1_LID1_STA1_GRU64_OH0,0316_2330,A,-0.22162124514579773,0.01201261393725872,-0.5,0.0,-3.2686172014235696e-12,-1.5469757398030137e-14,0.0036035823625936957,33.80335215950904
1773700245.329673,1773700245329680420,Sr02_gA_IMG1_LID1_STA1_GRU64_OH0,0316_2330,A,-0.2217738777399063,0.011768292635679245,-0.5,0.0,-0.0005761053160602024,-1.3466134103311663e-06,0.0022248315891794644,33.80279021161435
1773700245.4293647,1773700245429373987,Sr02_gA_IMG1_LID1_STA1_GRU64_OH0,0316_2330,A,-0.40247681736946106,-0.009422985836863518,-0.5,0.0,-0.013841629459220236,-2.1122564628939715e-05,0.001051190581150609,33.789848361021555
1773700245.530088,1773700245530094557,Sr02_gA_IMG1_LID1_STA1_GRU64_OH0,0316_2330,A,-0.4323956370353699,0.015602068044245243,-0.5,0.0,-0.044411606033152494,-3.6973424707778284e-05,0.00010807114096384619,33.76001874700299
1773700245.6291542,1773700245629160792,Sr02_gA_IMG1_LID1_STA1_GRU64_OH0,0316_2330,A,-0.5604852437973022,-0.005858701188117266,-0.5,0.0,-0.09105751334314939,-2.4589767093875048e-05,-0.00024201130846302358,33.71449709961171
1773700245.7291727,1773700245729179327,Sr02_gA_IMG1_LID1_STA1_GRU64_OH0,0316_2330,A,-0.3079754114151001,-0.010809823870658875,-0.5,0.0,-0.1410575001628209,-4.934824304950717e-05,0.0008889912741262757,33.66571395787134
1773700245.8290904,1773700245829096490,Sr02_gA_IMG1_LID1_STA1_GRU64_OH0,0316_2330,A,-0.3055341839790344,0.0007265433669090271,-0.5,0.0,-0.19105748754975993,-7.865604838584474e-05,0.00020410485331755405,33.61693538881699
1773700245.928794,1773700245928800817,Sr02_gA_IMG1_LID1_STA1_GRU64_OH0,0316_2330,A,-0.5289159417152405,-0.01828095316886902,-0.5,0.0,-0.2410574799553459,-6.29903859947311e-05,-0.0006461561651883479,33.56815053340772
1773700246.0296504,1773700246029656794,Sr02_gA_IMG1_LID1_STA1_GRU64_OH0,0316_2330,A,-0.4776010513305664,-0.08422394841909409,-0.5,0.0,-0.2910574661390838,-3.059824591752999e-05,-0.0009536384946116175,33.51936558693539
1773700246.1287873,1773700246128794686,Sr02_gA_IMG1_LID1_STA1_GRU64_OH0,0316_2330,A,-0.4917382001876831,0.062140535563230515,-0.5,0.0,-0.3410331518081588,6.701238091146398e-05,-0.00376365440724583,33.470593567720435
1773700246.2295716,1773700246229580219,Sr02_gA_IMG1_LID1_STA1_GRU64_OH0,0316_2330,A,-0.44607990980148315,-0.12840211391448975,-0.5,0.0,-0.3909991731511174,0.0004606137848345058,-0.011087631264375366,33.42176925419052
1773700246.3295624,1773700246329570270,Sr02_gA_IMG1_LID1_STA1_GRU64_OH0,0316_2330,A,-0.4484124779701233,-0.13724194467067719,-0.5,0.0,-0.4408837297737121,0.0008978993226082181,-0.006711723106565569,33.373018130883594
1773700246.4294562,1773700246429462675,Sr02_gA_IMG1_LID1_STA1_GRU64_OH0,0316_2330,A,-0.30405423045158386,-0.4569651186466217,-0.5,-0.5,-0.49069380932172185,0.0014547853541093155,-0.017397247031439095,33.32431655134092
1773700246.5293431,1773700246529350191,Sr02_gA_IMG1_LID1_STA1_GRU64_OH0,0316_2330,A,-0.31030845642089844,-0.45679035782814026,-0.5,-0.5,-0.540647496870001,0.0026704905640170203,-0.03199744548197808,33.27533232662621
1773700246.6294694,1773700246629476151,Sr02_gA_IMG1_LID1_STA1_GRU64_OH0,0316_2330,A,-0.2904112637042999,-0.36049118638038635,-0.5,-0.5,-0.5898937164113887,0.004928785417127792,-0.06346835974830992,33.226809740616545
1773700246.7308688,1773700246730875079,Sr02_gA_IMG1_LID1_STA1_GRU64_OH0,0316_2330,A,-0.4885576069355011,-0.49958595633506775,-0.5,-0.5,-0.6395833684816045,0.009191786419009211,-0.10601231480452462,33.17741217612801
1773700246.8295245,1773700246829531606,Sr02_gA_IMG1_LID1_STA1_GRU64_OH0,0316_2330,A,-0.49570637941360474,-0.5068195462226868,-0.5,-0.5,-0.6891665353387095,0.015377508030762698,-0.143028759562235,33.12769288275222
1773700246.9294624,1773700246929475900,Sr02_gA_IMG1_LID1_STA1_GRU64_OH0,0316_2330,A,-0.5573441982269287,-0.4515247941017151,-0.5,-0.5,-0.738366067231353,0.023677784313104227,-0.19214690606479967,33.077878623516604
1773700247.0296042,1773700247029610936,Sr02_gA_IMG1_LID1_STA1_GRU64_OH0,0316_2330,A,-0.6920797824859619,-0.5188056230545044,-0.5,-0.5,-0.7871858930525809,0.03445340314293656,-0.241169967195817,33.02788487234635
1773700247.1300023,1773700247130008953,Sr02_gA_IMG1_LID1_STA1_GRU64_OH0,0316_2330,A,-0.7038975358009338,-0.5166910290718079,-0.5,-0.5,-0.8354241724276664,0.047490237736784346,-0.2879568119478953,32.97795590535973
1773700247.2300317,1773700247230038359,Sr02_gA_IMG1_LID1_STA1_GRU64_OH0,0316_2330,A,-0.4601491093635559,-0.4043091833591461,-0.5,-0.5,-0.8829758687234617,0.0629264365014672,-0.33977386050739694,32.92816390274086
1773700247.3290868,1773700247329093453,Sr02_gA_IMG1_LID1_STA1_GRU64_OH0,0316_2330,A,-0.46655207872390747,-0.4041553735733032,-0.5,-0.5,-0.9296654715903698,0.08077576341634744,-0.3882836350942901,32.87867797663325
1773700247.4289532,1773700247428959358,Sr02_gA_IMG1_LID1_STA1_GRU64_OH0,0316_2330,A,-0.40327203273773193,-0.38543614745140076,-0.5,-0.5,-0.9755482618844549,0.10063599552890999,-0.42870988817796407,32.829534935056444
1773700247.5279953,1773700247528002820,Sr02_gA_IMG1_LID1_STA1_GRU64_OH0,0316_2330,A,-0.3773280382156372,-0.5360130071640015,-0.5,-0.5,-1.020592950589843,0.12233028558467357,-0.4685637889117247,32.78080620717085
1773700247.6294978,1773700247629504825,Sr02_gA_IMG1_LID1_STA1_GRU64_OH0,0316_2330,A,-0.3787030577659607,-0.5345238447189331,-0.5,-0.5,-1.0647041420324153,0.14574779810813085,-0.5088884824051039,32.73261133809788
1773700247.729593,1773700247729599986,Sr02_gA_IMG1_LID1_STA1_GRU64_OH0,0316_2330,A,-0.6670352220535278,-0.485565185546875,-0.5,-0.5,-1.1076295512226968,0.1711883128686247,-0.5616570097649707,32.685132664125284
1773700247.8300014,1773700247830008432,Sr02_gA_IMG1_LID1_STA1_GRU64_OH0,0316_2330,A,-0.6597273945808411,-0.48964646458625793,-0.5,-0.5,-1.1492228586456525,0.1989268147144779,-0.6136405759090453,32.638455677615845
1773700247.9293988,1773700247929412088,Sr02_gA_IMG1_LID1_STA1_GRU64_OH0,0316_2330,A,-0.5420321822166443,-0.45365944504737854,-0.5,-0.5,-1.1893851947917258,0.228700857137221,-0.6623194778330689,32.59273856846395
1773700248.0299597,1773700248029966121,Sr02_gA_IMG1_LID1_STA1_GRU64_OH0,0316_2330,A,-0.5117251873016357,-0.4649781882762909,-0.5,-0.5,-1.228050477100853,0.26039489248809516,-0.7102044532744642,32.54807539995698
1773700248.130697,1773700248130703814,Sr02_gA_IMG1_LID1_STA1_GRU64_OH0,0316_2330,A,-0.39592456817626953,-0.470866322517395,-0.5,-0.5,-1.26520783968181,0.29384480734011204,-0.755909895316499,32.50451712806984
1773700248.230259,1773700248230265100,Sr02_gA_IMG1_LID1_STA1_GRU64_OH0,0316_2330,A,-0.44885584712028503,-0.3788911700248718,-0.5,-0.5,-1.3007789302664774,0.3289766221356633,-0.8025842836333633,32.4621609853887
1773700248.3284168,1773700248328423610,Sr02_gA_IMG1_LID1_STA1_GRU64_OH0,0316_2330,A,-0.44898340106010437,-0.4300791323184967,-0.5,-0.5,-1.3346699220168252,0.365718190841301,-0.8470028907426936,32.421119129082236
1773700248.4284146,1773700248428421466,Sr02_gA_IMG1_LID1_STA1_GRU64_OH0,0316_2330,A,-0.35493239760398865,-0.4716586768627167,-0.5,-0.5,-1.367049558759006,0.4037993966795025,-0.8862866554936696,32.38129008742743
1773700248.529608,1773700248529616147,Sr02_gA_IMG1_LID1_STA1_GRU64_OH0,0316_2330,A,-0.30649858713150024,-0.4939767122268677,-0.5,-0.5,-1.3978084837381062,0.443200865056191,-0.930493405432873,32.342789502388655
1773700248.629481,1773700248629488033,Sr02_gA_IMG1_LID1_STA1_GRU64_OH0,0316_2330,A,-0.4181322157382965,-0.4991244673728943,-0.5,-0.5,-1.4267197778237375,0.48398890066191086,-0.9783287280814355,32.30582989233065
1773700248.729548,1773700248729554830,Sr02_gA_IMG1_LID1_STA1_GRU64_OH0,0316_2330,A,-0.4512232840061188,-0.5422840118408203,-0.5,-0.5,-1.4536036671693986,0.5261403615013862,-1.0278807568552353,32.270597435510545
1773700248.8292851,1773700248829301198,Sr02_gA_IMG1_LID1_STA1_GRU64_OH0,0316_2330,A,-0.44492802023887634,-0.5138058662414551,-0.5,-0.5,-1.4783442315463546,0.5695735349322417,-1.0790201022597765,32.237228621632184
1773700248.9298606,1773700248929867735,Sr02_gA_IMG1_LID1_STA1_GRU64_OH0,0316_2330,A,-0.3932458758354187,-0.5517557859420776,-0.5,-0.5,-1.5007533093492678,0.6142639606403975,-1.1323940953907439,32.20591859531581
1773700249.029241,1773700249029248007,Sr02_gA_IMG1_LID1_STA1_GRU64_OH0,0316_2330,A,-0.3830534815788269,-0.5428615808486938,-0.5,-0.5,-1.5207957785215898,0.6600581088161521,-1.1848906770863075,32.1767401047324
1773700249.1291108,1773700249129117980,Sr02_gA_IMG1_LID1_STA1_GRU64_OH0,0316_2330,A,-0.5651509165763855,-0.4717336595058441,-0.5,-0.5,-1.5383304156766484,0.7068759100733532,-1.2397993610147118,32.149853997153585
1773700249.2296069,1773700249229613312,Sr02_gA_IMG1_LID1_STA1_GRU64_OH0,0316_2330,A,-0.41334107518196106,-0.4115002155303955,-0.5,-0.5,-1.5533039354010114,0.7545751076769929,-1.2919516375716156,32.12534783904278
1773700249.3295426,1773700249329549410,Sr02_gA_IMG1_LID1_STA1_GRU64_OH0,0316_2330,A,-0.3723750114440918,-0.30807119607925415,-0.5,-0.5,-1.5659406918223988,0.8029473467690769,-1.3373179794652454,32.10305044506123
1773700249.4295998,1773700249429606439,Sr02_gA_IMG1_LID1_STA1_GRU64_OH0,0316_2330,A,-0.24378307163715363,-0.09833861142396927,-0.5,0.0,-1.5765197282241672,0.8517921901151921,-1.3757097879375577,32.08273421046311
1773700249.529938,1773700249529944602,Sr02_gA_IMG1_LID1_STA1_GRU64_OH0,0316_2330,A,0.19611194729804993,-0.4997820258140564,0.0,-0.5,-1.5854604812606476,0.9009211541220022,-1.4039872751745945,32.064030248610436
1773700249.6292841,1773700249629291530,Sr02_gA_IMG1_LID1_STA1_GRU64_OH0,0316_2330,A,0.29359155893325806,-0.5258686542510986,0.5,-0.5,-1.5932626484723422,0.9489383107706102,-1.4146576850758428,32.04673146743591
1773700249.7302768,1773700249730283586,Sr02_gA_IMG1_LID1_STA1_GRU64_OH0,0316_2330,A,0.2720222473144531,-0.271926611661911,0.5,-0.5,-1.5983274364016953,0.9819008055092318,-1.4224063434986998,32.03517901249405
1773700249.8287897,1773700249828796380,Sr02_gA_IMG1_LID1_STA1_GRU64_OH0,0316_2330,A,0.30885908007621765,-0.28702813386917114,0.5,-0.5,-1.6003829660714577,0.995884130513959,-1.4283602399604904,32.03037865848352
1773700249.9282954,1773700249928302962,Sr02_gA_IMG1_LID1_STA1_GRU64_OH0,0316_2330,A,0.521852970123291,-0.3021107017993927,0.5,-0.5,-1.599768585634758,0.9914804263989544,-1.4328746166732564,32.03185751896061
1773700250.0273573,1773700250027366272,Sr02_gA_IMG1_LID1_STA1_GRU64_OH0,0316_2330,A,0.5210371017456055,-0.22102215886116028,0.5,-0.5,-1.5968183255870623,0.9698990090898499,-1.4363952039680543,32.03905353068955
1773700250.1274042,1773700250127411348,Sr02_gA_IMG1_LID1_STA1_GRU64_OH0,0316_2330,A,0.5233939290046692,-0.22212110459804535,0.5,-0.5,-1.5916687044068036,0.9313593881578497,-1.4395223721911188,32.051820348294996
1773700250.2281182,1773700250228129202,Sr02_gA_IMG1_LID1_STA1_GRU64_OH0,0316_2330,A,0.3418269157409668,-0.3670084476470947,0.5,-0.5,-1.5856912571069712,0.8839025562603372,-1.453922318699313,32.06724274772094
1773700250.328025,1773700250328031627,Sr02_gA_IMG1_LID1_STA1_GRU64_OH0,0316_2330,A,0.29309895634651184,-0.33535805344581604,0.5,-0.5,-1.5804299413218754,0.8342540475804854,-1.4778211633884142,32.08247441162637
1773700250.4299533,1773700250429960874,Sr02_gA_IMG1_LID1_STA1_GRU64_OH0,0316_2330,A,0.5192567110061646,-0.32630017399787903,0.5,-0.5,-1.5766774974224889,0.7844978173876661,-1.512986401606373,32.096321850150304
1773700250.5288208,1773700250528828121,Sr02_gA_IMG1_LID1_STA1_GRU64_OH0,0316_2330,A,0.5441823601722717,-0.5854147672653198,0.5,-0.5,-1.5746240302402774,0.7345423238194908,-1.5462504258660377,32.108619746813055
1773700250.6278508,1773700250627858458,Sr02_gA_IMG1_LID1_STA1_GRU64_OH0,0316_2330,A,0.5379646420478821,-0.5490058660507202,0.5,-0.5,-1.574224447895102,0.6846238776639659,-1.580859498224682,32.1193653942554
1773700250.729359,1773700250729365032,Sr02_gA_IMG1_LID1_STA1_GRU64_OH0,0316_2330,A,0.48761069774627686,-0.45718011260032654,0.5,-0.5,-1.5759765026107309,0.63512508836486,-1.6333330834865853,32.127993207015024
1773700250.8276448,1773700250827651515,Sr02_gA_IMG1_LID1_STA1_GRU64_OH0,0316_2330,A,0.5137816071510315,-0.480457603931427,0.5,-0.5,-1.580447335087151,0.5853543435275141,-1.685560939728899,32.134094989959436
1773700250.9288957,1773700250928902573,Sr02_gA_IMG1_LID1_STA1_GRU64_OH0,0316_2330,A,0.5655048489570618,-0.4147941768169403,0.5,-0.5,-1.5873113895872728,0.535832234695316,-1.731977234367889,32.137881959740845
1773700251.028641,1773700251028647458,Sr02_gA_IMG1_LID1_STA1_GRU64_OH0,0316_2330,A,0.45381608605384827,-0.3968833088874817,0.5,-0.5,-1.5964921131560734,0.48668675989220245,-1.7773964420010293,32.139402676626176
1773700251.1281934,1773700251128201531,Sr02_gA_IMG1_LID1_STA1_GRU64_OH0,0316_2330,A,0.42700818181037903,-0.45357176661491394,0.5,-0.5,-1.6077536784026591,0.4379750659170074,-1.818159391175582,32.13887566642226
1773700251.2297685,1773700251229775042,Sr02_gA_IMG1_LID1_STA1_GRU64_OH0,0316_2330,A,0.4323943555355072,-0.4951954483985901,0.5,-0.5,-1.6209696635204247,0.3897739572777692,-1.8599690629791064,32.13640776082013
1773700251.330015,1773700251330021381,Sr02_gA_IMG1_LID1_STA1_GRU64_OH0,0316_2330,A,0.43329083919525146,-0.5520011782646179,0.5,-0.5,-1.636322843997317,0.3422008418758344,-1.9069689164056634,32.131794594334316
1773700251.428389,1773700251428403105,Sr02_gA_IMG1_LID1_STA1_GRU64_OH0,0316_2330,A,0.312055379152298,-0.3683381974697113,0.5,-0.5,-1.6539910674434612,0.29545013888666477,-1.958610807894656,32.12481921484617
1773700251.528612,1773700251528618004,Sr02_gA_IMG1_LID1_STA1_GRU64_OH0,0316_2330,A,0.4918442666530609,-0.33321812748908997,0.5,-0.5,-1.6740755838118868,0.24979515939564154,-2.0084515042724367,32.11532097766327
1773700251.628176,1773700251628183067,Sr02_gA_IMG1_LID1_STA1_GRU64_OH0,0316_2330,A,0.5241638422012329,-0.2330157458782196,0.5,-0.5,-1.6960830607742965,0.20490188200738793,-2.0438805315520567,32.103852947770775
1773700251.7280655,1773700251728079961,Sr02_gA_IMG1_LID1_STA1_GRU64_OH0,0316_2330,A,0.5137929916381836,-0.42406776547431946,0.5,-0.5,-1.7195573073320398,0.16080071124322876,-2.0738136450605853,32.0908514681418
1773700251.8289666,1773700251828972919,Sr02_gA_IMG1_LID1_STA1_GRU64_OH0,0316_2330,A,0.4807984530925751,-0.4589936435222626,0.5,-0.5,-1.74412798955442,0.11739312143507044,-2.0998955458188253,32.07669764811965
1773700251.928994,1773700251929001153,Sr02_gA_IMG1_LID1_STA1_GRU64_OH0,0316_2330,A,0.4942743182182312,-0.42489874362945557,0.5,-0.5,-1.7701514769577398,0.0749129634032903,-2.142567972811129,32.060989428197644
1773700252.0281503,1773700252028166246,Sr02_gA_IMG1_LID1_STA1_GRU64_OH0,0316_2330,A,0.5072085857391357,-0.27823856472969055,0.5,-0.5,-1.7981517427545541,0.03349354313442878,-2.1871035011387128,32.04318379716987
1773700252.1299803,1773700252129993630,Sr02_gA_IMG1_LID1_STA1_GRU64_OH0,0316_2330,A,0.5115174055099487,-0.43389344215393066,0.5,-0.5,-1.827801657167107,-0.006596537104057448,-2.2253415480498697,32.02353477244487
1773700252.2287514,1773700252228757019,Sr02_gA_IMG1_LID1_STA1_GRU64_OH0,0316_2330,A,0.5171775817871094,-0.4945109784603119,0.5,-0.5,-1.8587305166605725,-0.04572413202696147,-2.256121370142847,32.00248417866684
1773700252.3285413,1773700252328547511,Sr02_gA_IMG1_LID1_STA1_GRU64_OH0,0316_2330,A,0.518585741519928,-0.46406617760658264,0.5,-0.5,-1.891155665435474,-0.0836613369638987,-2.301476755886555,31.979764942502328
1773700252.4288154,1773700252428824498,Sr02_gA_IMG1_LID1_STA1_GRU64_OH0,0316_2330,A,0.4864257872104645,-0.5589902400970459,0.5,-0.5,-1.9254226670461436,-0.12006579467745554,-2.349710015497542,31.95495762683702
1773700252.528037,1773700252528050738,Sr02_gA_IMG1_LID1_STA1_GRU64_OH0,0316_2330,A,0.4848107099533081,-0.4576438367366791,0.5,-0.5,-1.961304457902019,-0.15473015315670297,-2.3992643603523347,31.928229841462635
1773700252.6281025,1773700252628115000,Sr02_gA_IMG1_LID1_STA1_GRU64_OH0,0316_2330,A,0.48630771040916443,-0.3815584182739258,0.5,-0.5,-1.9990366462630462,-0.18750255429084944,-2.4511825930634887,31.899311653760307
1773700252.7284324,1773700252728446280,Sr02_gA_IMG1_LID1_STA1_GRU64_OH0,0316_2330,A,0.48627448081970215,-0.5764920115470886,0.5,-0.5,-2.038260967214634,-0.2184563404203614,-2.4940523429763477,31.86856326005704
1773700252.828561,1773700252828569224,Sr02_gA_IMG1_LID1_STA1_GRU64_OH0,0316_2330,A,0.476809024810791,-0.5629594326019287,0.5,-0.5,-2.078599885373465,-0.24774347969979735,-2.5354547747834086,31.83638250091669
1773700252.9287114,1773700252928726042,Sr02_gA_IMG1_LID1_STA1_GRU64_OH0,0316_2330,A,0.49712806940078735,-0.5389695763587952,0.5,-0.5,-2.1203211493922085,-0.2749674053024138,-2.5916708411706297,31.802409424135146
1773700253.029601,1773700253029607187,Sr02_gA_IMG1_LID1_STA1_GRU64_OH0,0316_2330,A,0.5101755261421204,-0.4467102885246277,0.5,-0.5,-2.163657630170296,-0.29989346424905833,-2.647007149190688,31.766355777332027
1773700253.128261,1773700253128267882,Sr02_gA_IMG1_LID1_STA1_GRU64_OH0,0316_2330,A,0.49300068616867065,-0.42847901582717896,0.5,-0.5,-2.208240756702324,-0.3224472104799284,-2.697325639506906,31.728555190086684
1773700253.229084,1773700253229095676,Sr02_gA_IMG1_LID1_STA1_GRU64_OH0,0316_2330,A,0.49800905585289,-0.12068894505500793,0.5,0.0,-2.2538490639962347,-0.34292837352343036,-2.7412673863145223,31.689289371775796
1773700253.330216,1773700253330224351,Sr02_gA_IMG1_LID1_STA1_GRU64_OH0,0316_2330,A,0.5012341141700745,-0.10551367700099945,0.5,0.0,-2.3001093378907504,-0.3613879730783222,-2.779768007386371,31.64892764593911
1773700253.4284163,1773700253428425903,Sr02_gA_IMG1_LID1_STA1_GRU64_OH0,0316_2330,A,0.49675026535987854,-0.19963420927524567,0.5,-0.5,-2.346641233033289,-0.3785289056286732,-2.794776285876283,31.60800620150277
1773700253.5289493,1773700253528962574,Sr02_gA_IMG1_LID1_STA1_GRU64_OH0,0316_2330,A,0.48255568742752075,-0.21556086838245392,0.5,-0.5,-2.393699298527708,-0.39523367982151164,-2.808027428829597,31.566492301031857
1773700253.6283836,1773700253628390527,Sr02_gA_IMG1_LID1_STA1_GRU64_OH0,0316_2330,A,0.49010083079338074,-0.16658775508403778,0.5,-0.5,-2.4411055913540283,-0.4111256673716617,-2.8286278658709714,31.52446472439489
1773700253.7279017,1773700253727908090,Sr02_gA_IMG1_LID1_STA1_GRU64_OH0,0316_2330,A,0.5006224513053894,-0.17229168117046356,0.5,-0.5,-2.488822408602678,-0.4260202452792737,-2.848275541659311,31.48191255873416
1773700253.8277323,1773700253827741253,Sr02_gA_IMG1_LID1_STA1_GRU64_OH0,0316_2330,A,0.5045195817947388,-0.1747921258211136,0.5,-0.5,-2.5368057335152323,-0.44007517258831846,-2.865162442539616,31.438915502610254
1773700253.927234,1773700253927243127,Sr02_gA_IMG1_LID1_STA1_GRU64_OH0,0316_2330,A,0.48748883605003357,0.011367053724825382,0.5,0.0,-2.585022954194995,-0.4533053209407423,-2.882491598171346,31.39550711163758
1773700254.027201,1773700254027210956,Sr02_gA_IMG1_LID1_STA1_GRU64_OH0,0316_2330,A,0.4808543026447296,-0.0056023988872766495,0.5,0.0,-2.6333556130636624,-0.4656941039475378,-2.8964907170838408,31.351796263431268
1773700254.126797,1773700254126804584,Sr02_gA_IMG1_LID1_STA1_GRU64_OH0,0316_2330,A,0.47900450229644775,-0.0026012430898845196,0.5,0.0,-2.681791909413151,-0.47781526872786967,-2.8963784195109668,31.307936484641807
1773700254.2276533,1773700254227662004,Sr02_gA_IMG1_LID1_STA1_GRU64_OH0,0316_2330,A,0.47640734910964966,-0.08742977678775787,0.5,0.0,-2.730299279991123,-0.4899410527664629,-2.8968186146529393,31.264027286446023
1773700254.327424,1773700254327432578,Sr02_gA_IMG1_LID1_STA1_GRU64_OH0,0316_2330,A,0.47611838579177856,-0.08818624913692474,0.5,0.0,-2.7787830607839212,-0.5020210837869398,-2.899783834686401,31.220147698480847
1773700254.4283938,1773700254428400398,Sr02_gA_IMG1_LID1_STA1_GRU64_OH0,0316_2330,A,0.47793659567832947,0.0650583803653717,0.5,0.0,-2.8273801698967387,-0.5137813831878862,-2.908557054405428,31.176095921848766
1773700254.528796,1773700254528802653,Sr02_gA_IMG1_LID1_STA1_GRU64_OH0,0316_2330,A,0.5036272406578064,-0.009245208464562893,0.5,0.0,-2.8759736082018965,-0.5251154888368392,-2.9141040332453363,31.13195756416196
1773700254.6272602,1773700254627267225,Sr02_gA_IMG1_LID1_STA1_GRU64_OH0,0316_2330,A,0.49129390716552734,-0.016817918047308922,0.5,0.0,-2.900297361828936,-0.5307860895469926,-2.9109367310969163,31.109869666959508
1773700254.7289433,1773700254728958019,Sr02_gA_IMG1_LID1_STA1_GRU64_OH0,0316_2330,A,0.5040311813354492,-0.0850040391087532,0.5,0.0,-2.9732739863401565,-0.5479511414653473,-2.911462861315533,31.043666153098997
1773700254.8275995,1773700254827607793,Sr02_gA_IMG1_LID1_STA1_GRU64_OH0,0316_2330,A,0.5065443515777588,-0.08520936220884323,0.5,0.0,-3.021942998212814,-0.5592885236176579,-2.91550247692746,30.99950820571985
1773700254.9283428,1773700254928349383,Sr02_gA_IMG1_LID1_STA1_GRU64_OH0,0316_2330,A,0.5064984560012817,-0.04225131496787071,0.5,0.0,-3.046318590353107,-0.5648409543022442,-2.919752670996779,30.977366357815548
1773700255.0295877,1773700255029598357,Sr02_gA_IMG1_LID1_STA1_GRU64_OH0,0316_2330,A,0.5196201801300049,-0.06732050329446793,0.5,0.0,-3.09513955900878,-0.5756343585622214,-2.9282715398946872,30.932948271863886
1773700255.127875,1773700255127881535,Sr02_gA_IMG1_LID1_STA1_GRU64_OH0,0316_2330,A,0.5196810960769653,-0.06674650311470032,0.5,0.0,-3.144024092391387,-0.586093215003016,-2.9329587656753535,30.888399643770185
1773700255.2295587,1773700255229565946,Sr02_gA_IMG1_LID1_STA1_GRU64_OH0,0316_2330,A,0.5121952891349792,0.006219145376235247,0.5,0.0,-3.192971891014002,-0.5962963244062163,-2.9394400943383836,30.84374051444217
1773700255.3300102,1773700255330016794,Sr02_gA_IMG1_LID1_STA1_GRU64_OH0,0316_2330,A,0.5226587653160095,-0.013336479663848877,0.5,0.0,-3.2419869139887347,-0.6061714405163804,-2.9461204741643905,30.798947913988204
1773700255.4286382,1773700255428644205,Sr02_gA_IMG1_LID1_STA1_GRU64_OH0,0316_2330,A,0.5136889219284058,-0.02471408061683178,0.5,0.0,-3.2910134003719786,-0.6158423676973146,-2.9466253033155545,30.75410726459936
1773700255.528743,1773700255528750478,Sr02_gA_IMG1_LID1_STA1_GRU64_OH0,0316_2330,A,0.5101171135902405,-0.005238378886133432,0.5,0.0,-3.3400707476202065,-0.6255054945487014,-2.947763378207941,30.70925062795774
1773700255.6281395,1773700255628148975,Sr02_gA_IMG1_LID1_STA1_GRU64_OH0,0316_2330,A,0.5226621031761169,-0.016690542921423912,0.5,0.0,-3.3891452532272983,-0.6350810541352394,-2.950120997697788,30.664370475360826
1773700255.729812,1773700255729819290,Sr02_gA_IMG1_LID1_STA1_GRU64_OH0,0316_2330,A,0.525512158870697,0.06224965676665306,0.5,0.0,-3.4382357591438386,-0.6445743064817073,-2.950839606330985,30.61946919840198
1773700255.8311057,1773700255831112839,Sr02_gA_IMG1_LID1_STA1_GRU64_OH0,0316_2330,A,0.5220446586608887,0.06557206809520721,0.5,0.0,-3.48733673124361,-0.6540132492841126,-2.9525086491302246,30.574559393240797
1773700255.9287474,1773700255928754127,Sr02_gA_IMG1_LID1_STA1_GRU64_OH0,0316_2330,A,0.5182194709777832,0.024535048753023148,0.5,0.0,-3.536389659615656,-0.6635330503927273,-2.9468341910327553,30.52973304216056
1773700256.0291238,1773700256029130923,Sr02_gA_IMG1_LID1_STA1_GRU64_OH0,0316_2330,A,0.524258017539978,0.09386160224676132,0.5,0.0,-3.585412301953383,-0.6733702889275577,-2.940276997491029,30.485035657089412
1773700256.1296868,1773700256129693633,Sr02_gA_IMG1_LID1_STA1_GRU64_OH0,0316_2330,A,0.5216627717018127,0.10248871147632599,0.5,0.0,-3.6343834366762287,-0.6834280805315779,-2.937799655878623,30.440462797067458
1773700256.2301667,1773700256230173035,Sr02_gA_IMG1_LID1_STA1_GRU64_OH0,0316_2330,A,0.48635756969451904,0.0004258815897628665,0.5,0.0,-3.683274629868522,-0.693752909247625,-2.9288064116040116,30.396054728089858
1773700256.3312328,1773700256331239873,Sr02_gA_IMG1_LID1_STA1_GRU64_OH0,0316_2330,A,0.48908179998397827,-0.01822495646774769,0.5,0.0,-3.732091976787082,-0.7045623697324787,-2.9185575638211163,30.351864078390562
1773700256.4296563,1773700256429663026,Sr02_gA_IMG1_LID1_STA1_GRU64_OH0,0316_2330,A,0.4985073506832123,-0.04959560185670853,0.5,0.0,-3.780791371392751,-0.7156559409405047,-2.917498373136119,30.307880963969005
1773700256.5307477,1773700256530754832,Sr02_gA_IMG1_LID1_STA1_GRU64_OH0,0316_2330,A,0.5013943314552307,-0.021727921441197395,0.5,0.0,-3.8295512551263435,-0.7267226807005686,-2.919320851528722,30.263850896584906
1773700256.6300623,1773700256630073397,Sr02_gA_IMG1_LID1_STA1_GRU64_OH0,0316_2330,A,0.5079841613769531,-0.005738029256463051,0.5,0.0,-3.8783483424855842,-0.7376240027561419,-2.9242803795978136,30.219759179401212
1773700256.7302296,1773700256730236027,Sr02_gA_IMG1_LID1_STA1_GRU64_OH0,0316_2330,A,0.48670926690101624,-0.043881844729185104,0.5,0.0,-3.927184036087992,-0.7483512451780546,-2.9264531895124217,30.175601861799695
1773700256.8300138,1773700256830021479,Sr02_gA_IMG1_LID1_STA1_GRU64_OH0,0316_2330,A,0.4918733239173889,-0.05998118221759796,0.5,0.0,-3.9760344243854706,-0.7590114129914446,-2.927027003735081,30.13143055394953
1773700256.930732,1773700256930739234,Sr02_gA_IMG1_LID1_STA1_GRU64_OH0,0316_2330,A,0.5026281476020813,-0.04683538153767586,0.5,0.0,-4.024905906333411,-0.7695501039051598,-2.931396955516641,30.08722431465474
1773700257.0295672,1773700257029574180,Sr02_gA_IMG1_LID1_STA1_GRU64_OH0,0316_2330,A,0.4725388288497925,-0.04423217475414276,0.5,0.0,-4.0738364026623115,-0.779835954147827,-2.9373950516087266,30.04291082591528
1773700257.1286309,1773700257128637120,Sr02_gA_IMG1_LID1_STA1_GRU64_OH0,0316_2330,A,0.4709599018096924,-0.043967247009277344,0.5,0.0,-4.122821164494119,-0.78986033545901,-2.9420785921613226,29.998491863629525
1773700257.2297738,1773700257229780544,Sr02_gA_IMG1_LID1_STA1_GRU64_OH0,0316_2330,A,0.47415417432785034,-0.0007296833791770041,0.5,0.0,-4.17185106795449,-0.7996615686949206,-2.946501804394226,29.953986193196908
1773700257.3287618,1773700257328770544,Sr02_gA_IMG1_LID1_STA1_GRU64_OH0,0316_2330,A,0.45707714557647705,-0.0019477666355669498,0.5,0.0,-4.220923718079703,-0.8092464872981902,-2.9508985221066992,29.909397602792744
1773700257.4295113,1773700257429525951,Sr02_gA_IMG1_LID1_STA1_GRU64_OH0,0316_2330,A,0.46680399775505066,0.011744173243641853,0.5,0.0,-4.270007162531102,-0.8187175718337115,-2.9510151735531616,29.86478455397952
1773700257.5286987,1773700257528705642,Sr02_gA_IMG1_LID1_STA1_GRU64_OH0,0316_2330,A,0.5067814588546753,-0.0491289421916008,0.5,0.0,-4.319102831949126,-0.8281840875320937,-2.9512099489661856,29.820175549442546
1773700257.6299577,1773700257629964014,Sr02_gA_IMG1_LID1_STA1_GRU64_OH0,0316_2330,A,0.49994394183158875,-0.053970348089933395,0.5,0.0,-4.368193855941778,-0.8376746491168483,-2.950035544039731,29.775594768817022
1773700257.7292104,1773700257729217236,Sr02_gA_IMG1_LID1_STA1_GRU64_OH0,0316_2330,A,0.49006763100624084,-0.024985918775200844,0.5,0.0,-4.417289084545845,-0.8470819506598549,-2.9547184152729282,29.731004172413705
1773700257.8308792,1773700257830886228,Sr02_gA_IMG1_LID1_STA1_GRU64_OH0,0316_2330,A,0.49554917216300964,-0.02715247869491577,0.5,0.0,-4.466443398688498,-0.8562387522135285,-2.960115437549757,29.686304576868018
1773700257.930556,1773700257930565850,Sr02_gA_IMG1_LID1_STA1_GRU64_OH0,0316_2330,A,0.479717880487442,-0.03531442955136299,0.5,0.0,-4.51563352607792,-0.8652014387466281,-2.962614047519486,29.641533573987406
1773700258.028678,1773700258028684885,Sr02_gA_IMG1_LID1_STA1_GRU64_OH0,0316_2330,A,0.5004178285598755,-0.029736308380961418,0.5,0.0,-4.564846848943872,-0.8740358600199599,-2.965329289290191,29.596721304741727
1773700258.128283,1773700258128297009,Sr02_gA_IMG1_LID1_STA1_GRU64_OH0,0316_2330,A,0.505317747592926,-0.02733728475868702,0.5,0.0,-4.61408751411106,-0.8827165269403935,-2.9688607202238586,29.551856481357056
1773700258.230689,1773700258230695328,Sr02_gA_IMG1_LID1_STA1_GRU64_OH0,0316_2330,A,0.502480685710907,-0.06923837959766388,0.5,0.0,-4.663356160394833,-0.891236992533039,-2.9718343504667124,29.506936446795915
1773700258.3312645,1773700258331271553,Sr02_gA_IMG1_LID1_STA1_GRU64_OH0,0316_2330,A,0.5158120393753052,-0.027318740263581276,0.5,0.0,-4.712648923506185,-0.8996168272968141,-2.974568076307105,29.46197015273081
1773700258.4308395,1773700258430845725,Sr02_gA_IMG1_LID1_STA1_GRU64_OH0,0316_2330,A,0.5064217448234558,-0.004370039328932762,0.5,0.0,-4.761969867816437,-0.9077590232380707,-2.9814410064528767,29.416926186705624
1773700258.5306363,1773700258530642789,Sr02_gA_IMG1_LID1_STA1_GRU64_OH0,0316_2330,A,0.5007956624031067,0.04086027666926384,0.5,0.0,-4.811333134613572,-0.9156623600636636,-2.984201573258441,29.371790224622362
1773700258.6297903,1773700258629799227,Sr02_gA_IMG1_LID1_STA1_GRU64_OH0,0316_2330,A,0.498711496591568,0.05266354978084564,0.5,0.0,-4.860716821036324,-0.9234886720196794,-2.9846385940370115,29.326628642816928
1773700258.7291262,1773700258729132400,Sr02_gA_IMG1_LID1_STA1_GRU64_OH0,0316_2330,A,0.5056403279304504,-0.028574418276548386,0.5,0.0,-4.910075698596796,-0.9313998039613536,-2.9806276932705495,29.281530625847623
1773700258.8292139,1773700258829220838,Sr02_gA_IMG1_LID1_STA1_GRU64_OH0,0316_2330,A,0.5019628405570984,-0.02997966855764389,0.5,0.0,-4.959408020811848,-0.9395432607870967,-2.9753613559379852,29.2365400142253
1773700258.9301043,1773700258930112935,Sr02_gA_IMG1_LID1_STA1_GRU64_OH0,0316_2330,A,0.5073752403259277,-0.030145689845085144,0.5,0.0,-5.008694022854518,-0.9477666218729935,-2.9776507505389214,29.19163287327303
1773700259.028773,1773700259028781134,Sr02_gA_IMG1_LID1_STA1_GRU64_OH0,0316_2330,A,0.49491986632347107,-0.02976413629949093,0.5,0.0,-5.058035758035696,-0.9558530907870053,-2.980648711415286,29.146649684100765
1773700259.1289675,1773700259128975354,Sr02_gA_IMG1_LID1_STA1_GRU64_OH0,0316_2330,A,0.4942052960395813,-0.03849884867668152,0.5,0.0,-5.107401580059993,-0.9637911891277051,-2.9836632753421974,29.10161729651044
1773700259.2287529,1773700259228759364,Sr02_gA_IMG1_LID1_STA1_GRU64_OH0,0316_2330,A,0.4871944785118103,-0.025418497622013092,0.5,0.0,-5.156790959508864,-0.9715813774882871,-2.986639684395958,29.05653612229371
1773700259.3298998,1773700259329906966,Sr02_gA_IMG1_LID1_STA1_GRU64_OH0,0316_2330,A,0.4927021861076355,-0.0025428105145692825,0.5,0.0,-5.2062066279301,-0.9792029461582091,-2.9904895562830482,29.01139735838002
1773700259.4283073,1773700259428314419,Sr02_gA_IMG1_LID1_STA1_GRU64_OH0,0316_2330,A,0.49960216879844666,-0.047009315341711044,0.5,0.0,-5.255646418730267,-0.9866665526932984,-2.9930314118969177,28.96620588650664
1773700259.5281026,1773700259528110362,Sr02_gA_IMG1_LID1_STA1_GRU64_OH0,0316_2330,A,0.487155944108963,0.026111235842108727,0.5,0.0,-5.305096609110771,-0.9940610331471645,-2.993285710036962,28.92100029222149
1773700259.6295247,1773700259629533538,Sr02_gA_IMG1_LID1_STA1_GRU64_OH0,0316_2330,A,0.4886561930179596,0.027238328009843826,0.5,0.0,-5.354553186150267,-1.0013345490526042,-2.9979172151084867,28.875769319620286
1773700259.7288356,1773700259728847244,Sr02_gA_IMG1_LID1_STA1_GRU64_OH0,0316_2330,A,0.5014177560806274,0.05849725380539894,0.5,0.0,-5.404000826878616,-1.0085347909014104,-2.9957181180520975,28.830541313310516
1773700259.8299239,1773700259829931225,Sr02_gA_IMG1_LID1_STA1_GRU64_OH0,0316_2330,A,0.4961182773113251,0.04806695133447647,0.5,0.0,-5.453459822530614,-1.0158700404649086,-2.9929942905690847,28.785357460122082
1773700259.9296556,1773700259929662515,Sr02_gA_IMG1_LID1_STA1_GRU64_OH0,0316_2330,A,0.5035396218299866,0.011163102462887764,0.5,0.0,-5.502886864265217,-1.0234172319134391,-2.987144598675515,28.740282021597285
1773700260.0288172,1773700260028830093,Sr02_gA_IMG1_LID1_STA1_GRU64_OH0,0316_2330,A,0.49327680468559265,0.008878223598003387,0.5,0.0,-5.55227301445091,-1.0312276760957657,-2.982337903422592,28.695339081018304
1773700260.1298575,1773700260129864790,Sr02_gA_IMG1_LID1_STA1_GRU64_OH0,0316_2330,A,0.48836666345596313,-0.0016632014885544777,0.5,0.0,-5.601635862237738,-1.039184351343628,-2.9812215667632875,28.650478099855327
1773700260.2284958,1773700260228502161,Sr02_gA_IMG1_LID1_STA1_GRU64_OH0,0316_2330,A,0.4859452247619629,-0.024818213656544685,0.5,0.0,-5.650990713055169,-1.047190487709903,-2.9803337441071207,28.605656359106067
1773700260.330077,1773700260330084219,Sr02_gA_IMG1_LID1_STA1_GRU64_OH0,0316_2330,A,0.4852616488933563,-0.02502519264817238,0.5,0.0,-5.7003426739460545,-1.0552144289672865,-2.9805000559176547,28.560859824378657
1773700260.4286432,1773700260428650254,Sr02_gA_IMG1_LID1_STA1_GRU64_OH0,0316_2330,A,0.4861070513725281,-0.0461440235376358,0.5,0.0,-5.749705203071823,-1.063173016627238,-2.9829818555058827,28.516051162347132
1773700260.528651,1773700260528667648,Sr02_gA_IMG1_LID1_STA1_GRU64_OH0,0316_2330,A,0.48332712054252625,0.03332248702645302,0.5,0.0,-5.79908749487161,-1.0710080386023337,-2.9856955468217676,28.47120427422206
1773700260.6291828,1773700260629193247,Sr02_gA_IMG1_LID1_STA1_GRU64_OH0,0316_2330,A,0.48565542697906494,0.036154039204120636,0.5,0.0,-5.848487700153804,-1.0786566481109543,-2.989920592755887,28.426302064154203
1773700260.7295544,1773700260729563622,Sr02_gA_IMG1_LID1_STA1_GRU64_OH0,0316_2330,A,0.49694496393203735,-0.02955367974936962,0.5,0.0,-5.897881525800152,-1.0862842628023484,-2.986692652290572,28.38141669429281
1773700260.8293598,1773700260829366388,Sr02_gA_IMG1_LID1_STA1_GRU64_OH0,0316_2330,A,0.4914434850215912,-0.03706185892224312,0.5,0.0,-5.947257709761109,-1.0940848631986235,-2.9834637032976823,28.336616890623056
1773700260.929275,1773700260929281808,Sr02_gA_IMG1_LID1_STA1_GRU64_OH0,0316_2330,A,0.4820661246776581,-0.01399720273911953,0.5,0.0,-5.996638380782808,-1.1018853142786367,-2.986469131834036,28.291830145458693
1773700261.0289085,1773700261028922716,Sr02_gA_IMG1_LID1_STA1_GRU64_OH0,0316_2330,A,0.4978293478488922,0.029987698420882225,0.5,0.0,-6.046052115457777,-1.1095194312639547,-2.9899446766155777,28.2469793918444
1773700261.1293092,1773700261129315373,Sr02_gA_IMG1_LID1_STA1_GRU64_OH0,0316_2330,A,0.510503351688385,0.05051688104867935,0.5,0.0,-6.095472422308445,-1.1170374791244775,-2.9909644340196704,28.20210475472023
1773700261.2295897,1773700261229596478,Sr02_gA_IMG1_LID1_STA1_GRU64_OH0,0316_2330,A,0.4960438013076782,0.027534184977412224,0.5,0.0,-6.1448948666899765,-1.1246150575469334,-2.9877604016018124,28.157263271604915
1773700261.331363,1773700261331370881,Sr02_gA_IMG1_LID1_STA1_GRU64_OH0,0316_2330,A,0.4877057373523712,0.04398638382554054,0.5,0.0,-6.194284949690369,-1.1324005696040869,-2.9829385400277477,28.112532932157446
1773700261.4298494,1773700261429857816,Sr02_gA_IMG1_LID1_STA1_GRU64_OH0,0316_2330,A,0.5088050365447998,0.01655185967683792,0.5,0.0,-6.243645983480272,-1.1403684044119118,-2.980020608501945,28.06790334733786
1773700261.529943,1773700261529950092,Sr02_gA_IMG1_LID1_STA1_GRU64_OH0,0316_2330,A,0.4649657905101776,0.04632864147424698,0.5,0.0,-6.292977024626946,-1.1485197334847301,-2.9758963104633147,28.02337625547971
1773700261.6297576,1773700261629764981,Sr02_gA_IMG1_LID1_STA1_GRU64_OH0,0316_2330,A,0.464966356754303,0.03877248242497444,0.5,0.0,-6.342285236813163,-1.1568082350930533,-2.9739433704686076,27.97893120605898
1773700261.7307112,1773700261730718595,Sr02_gA_IMG1_LID1_STA1_GRU64_OH0,0316_2330,A,0.5146401524543762,0.05686509236693382,0.5,0.0,-6.391564750376699,-1.165265468337175,-2.9693860775370293,27.934583824721155
1773700261.829141,1773700261829148060,Sr02_gA_IMG1_LID1_STA1_GRU64_OH0,0316_2330,A,0.497903436422348,0.033997274935245514,0.5,0.0,-6.4408083875571425,-1.173929224078737,-2.9653279182127625,27.890352989631438
1773700261.9297214,1773700261929727843,Sr02_gA_IMG1_LID1_STA1_GRU64_OH0,0316_2330,A,0.49964016675949097,0.03398250415921211,0.5,0.0,-6.490008571376596,-1.1828362440497542,-2.959870087304954,27.846257755685883
1773700262.0293224,1773700262029329096,Sr02_gA_IMG1_LID1_STA1_GRU64_OH0,0316_2330,A,0.5105497241020203,0.03205309063196182,0.5,0.0,-6.539169805426313,-1.1919560215253617,-2.9564705081994815,27.802285090508548
1773700262.130144,1773700262130150468,Sr02_gA_IMG1_LID1_STA1_GRU64_OH0,0316_2330,A,0.5063518285751343,0.04983744025230408,0.5,0.0,-6.5882997679357445,-1.2012427899693674,-2.953091556376872,27.758414142786958
1773700262.2300656,1773700262230072049,Sr02_gA_IMG1_LID1_STA1_GRU64_OH0,0316_2330,A,0.500133216381073,0.03803156688809395,0.5,0.0,-6.637398890905271,-1.210691260588633,-2.949708418759592,27.71464334869122
1773700262.3303552,1773700262330364065,Sr02_gA_IMG1_LID1_STA1_GRU64_OH0,0316_2330,A,0.4964295029640198,0.007110849488526583,0.5,0.0,-6.686457313166782,-1.220348681587393,-2.944842738696337,27.670997228648435
1773700262.4292083,1773700262429215162,Sr02_gA_IMG1_LID1_STA1_GRU64_OH0,0316_2330,A,0.5032366514205933,0.04583858326077461,0.5,0.0,-6.735474114007488,-1.2302152936644042,-2.9413487753078944,27.62747732573676
1773700262.5302355,1773700262530242626,Sr02_gA_IMG1_LID1_STA1_GRU64_OH0,0316_2330,A,0.5035609602928162,-0.010643089190125465,0.5,0.0,-6.784465231259524,-1.2401777902308009,-2.9402725045642017,27.58403372603859
1773700262.6285238,1773700262628530513,Sr02_gA_IMG1_LID1_STA1_GRU64_OH0,0316_2330,A,0.5098221302032471,0.005454730708152056,0.5,0.0,-6.833421337961563,-1.2502849034822863,-2.936077962634287,27.54069087099422
1773700262.7310824,1773700262731096140,Sr02_gA_IMG1_LID1_STA1_GRU64_OH0,0316_2330,A,0.48272237181663513,-0.00705708796158433,0.5,0.0,-6.882374477247787,-1.2604628004382519,-2.936981279034013,27.497395609385766
1773700262.8291242,1773700262829131406,Sr02_gA_IMG1_LID1_STA1_GRU64_OH0,0316_2330,A,0.49487459659576416,0.007428788114339113,0.5,0.0,-6.93132876573018,-1.2706351780814709,-2.936560921358398,27.45412030387434
1773700262.929731,1773700262929738150,Sr02_gA_IMG1_LID1_STA1_GRU64_OH0,0316_2330,A,0.48447301983833313,0.03532196208834648,0.5,0.0,-6.980285003275178,-1.2807981695231014,-2.9371217758094184,27.410863069477582
1773700263.030217,1773700263030234655,Sr02_gA_IMG1_LID1_STA1_GRU64_OH0,0316_2330,A,0.5085522532463074,0.014300680719316006,0.5,0.0,-7.029239510515734,-1.2909694899409234,-2.9360999854170253,27.367633089086
1773700263.1309748,1773700263130982868,Sr02_gA_IMG1_LID1_STA1_GRU64_OH0,0316_2330,A,0.5016244649887085,0.01703045144677162,0.5,0.0,-7.078169524840446,-1.3012578748810855,-2.932778001790642,27.3244865885404
1773700263.2310815,1773700263231087217,Sr02_gA_IMG1_LID1_STA1_GRU64_OH0,0316_2330,A,0.5003403425216675,-0.006911915261298418,0.5,0.0,-7.127075945710863,-1.3116579349665702,-2.931320635423905,27.281421396627074
1773700263.328038,1773700263328045126,Sr02_gA_IMG1_LID1_STA1_GRU64_OH0,0316_2330,A,0.5075483918190002,-0.00985489971935749,0.5,0.0,-7.17596586677833,-1.3221352790764969,-2.929857003701766,27.238420201099895
1773700263.428193,1773700263428199851,Sr02_gA_IMG1_LID1_STA1_GRU64_OH0,0316_2330,A,0.5249009132385254,0.007398511748760939,0.5,0.0,-7.224852888030519,-1.332626167215036,-2.9305776171680966,27.19545002157292
1773700263.5283964,1773700263528410412,Sr02_gA_IMG1_LID1_STA1_GRU64_OH0,0316_2330,A,0.4953537881374359,0.04359086602926254,0.5,0.0,-7.273748888202651,-1.3430751224498914,-2.931390580595302,27.152481950450138
1773700263.6283338,1773700263628345419,Sr02_gA_IMG1_LID1_STA1_GRU64_OH0,0316_2330,A,0.4990096688270569,0.03440080210566521,0.5,0.0,-7.322642854251928,-1.3535266542787878,-2.9302940086164897,27.10954074938392
1773700263.7292492,1773700263729258285,Sr02_gA_IMG1_LID1_STA1_GRU64_OH0,0316_2330,A,0.4593866467475891,0.010560112074017525,0.5,0.0,-7.371507858528149,-1.364119440639635,-2.9260268325540144,27.066696780182752
1773700263.8290186,1773700263829026174,Sr02_gA_IMG1_LID1_STA1_GRU64_OH0,0316_2330,A,0.46634575724601746,0.028967387974262238,0.5,0.0,-7.420332268712019,-1.3748978578838325,-2.9228251493586703,27.023975882446166
1773700263.9274855,1773700263927492160,Sr02_gA_IMG1_LID1_STA1_GRU64_OH0,0316_2330,A,0.5035281181335449,-0.0036655496805906296,0.5,0.0,-7.469134710345538,-1.3857754088938252,-2.921585072505127,26.98133295255298
1773700264.0284038,1773700264028416397,Sr02_gA_IMG1_LID1_STA1_GRU64_OH0,0316_2330,A,0.4832797944545746,0.008721789345145226,0.5,0.0,-7.517913804611932,-1.396757120917476,-2.9190146531913643,26.938771301432133
1773700264.1291006,1773700264129107842,Sr02_gA_IMG1_LID1_STA1_GRU64_OH0,0316_2330,A,0.4707827866077423,-0.00015422841534018517,0.5,0.0,-7.566682335516017,-1.407785722482799,-2.919257334259785,26.896260538300538
1773700264.2297375,1773700264229743441,Sr02_gA_IMG1_LID1_STA1_GRU64_OH0,0316_2330,A,0.4635516405105591,0.002367327455431223,0.5,0.0,-7.615446824957684,-1.4188321745095678,-2.918473914522275,26.85378523718572
1773700264.3283188,1773700264328326198,Sr02_gA_IMG1_LID1_STA1_GRU64_OH0,0316_2330,A,0.4812150001525879,-0.03993222117424011,0.5,0.0,-7.6642074983701285,-1.4298954656688005,-2.9184641213224465,26.81134502172232
1773700264.42815,1773700264428156557,Sr02_gA_IMG1_LID1_STA1_GRU64_OH0,0316_2330,A,0.4596693813800812,0.035780925303697586,0.5,0.0,-7.712955790524847,-1.440961882877134,-2.918604060344098,26.768943632436738
1773700264.529077,1773700264529086575,Sr02_gA_IMG1_LID1_STA1_GRU64_OH0,0316_2330,A,0.4803256094455719,0.009643790312111378,0.5,0.0,-7.7617287014208225,-1.4519202774518463,-2.9222097469297843,26.726509571711393
1773700264.629624,1773700264629631191,Sr02_gA_IMG1_LID1_STA1_GRU64_OH0,0316_2330,A,0.48010456562042236,0.008042903617024422,0.5,0.0,-7.810491722398797,-1.4628792423012915,-2.9189912081163993,26.684111198680423
1773700264.7297964,1773700264729803520,Sr02_gA_IMG1_LID1_STA1_GRU64_OH0,0316_2330,A,0.4991673529148102,-0.034914400428533554,0.5,0.0,-7.859252719743998,-1.4739410969696443,-2.918042833051146,26.64177517981338
1773700264.831408,1773700264831432767,Sr02_gA_IMG1_LID1_STA1_GRU64_OH0,0316_2330,A,0.49540579319000244,-0.017495546489953995,0.5,0.0,-7.907993854631532,-1.4850389844031413,-2.9180464107168924,26.59949649140257
1773700264.9302552,1773700264930262714,Sr02_gA_IMG1_LID1_STA1_GRU64_OH0,0316_2330,A,0.5014464855194092,-0.017574729397892952,0.5,0.0,-7.956768878540277,-1.4960387230277534,-2.9213636630762125,26.55717987433179
1773700265.028699,1773700265028707880,Sr02_gA_IMG1_LID1_STA1_GRU64_OH0,0316_2330,A,0.4793258607387543,-0.002256150357425213,0.5,0.0,-8.00557077974206,-1.5069186809214412,-2.923114802174317,26.514824575792026
1773700265.1278307,1773700265127837316,Sr02_gA_IMG1_LID1_STA1_GRU64_OH0,0316_2330,A,0.5070887207984924,0.02383377216756344,0.5,0.0,-8.054391369665076,-1.5177144737388537,-2.9245659119684064,26.472450083096895
1773700265.2291517,1773700265229157977,Sr02_gA_IMG1_LID1_STA1_GRU64_OH0,0316_2330,A,0.4875982105731964,0.06839582324028015,0.5,0.0,-8.1032191184163,-1.528477865936472,-2.924269748363216,26.430084591117943
1773700265.3278105,1773700265327817561,Sr02_gA_IMG1_LID1_STA1_GRU64_OH0,0316_2330,A,0.5037079453468323,0.029134517535567284,0.5,0.0,-8.15201842493286,-1.539318217227382,-2.9210716844294606,26.387798580839537
1773700265.4285095,1773700265428524084,Sr02_gA_IMG1_LID1_STA1_GRU64_OH0,0316_2330,A,0.49469494819641113,0.024105140939354897,0.5,0.0,-8.200767557930062,-1.5504174181255832,-2.9150058685707054,26.345674412935463
1773700265.5289598,1773700265528966757,Sr02_gA_IMG1_LID1_STA1_GRU64_OH0,0316_2330,A,0.514610767364502,0.08867697417736053,0.5,0.0,-8.249473180233899,-1.5617205296848826,-2.912193002893587,26.303687989325024
1773700265.6293602,1773700265629367680,Sr02_gA_IMG1_LID1_STA1_GRU64_OH0,0316_2330,A,0.5116909742355347,0.0770401656627655,0.5,0.0,-8.298127798205392,-1.573148111748393,-2.9088043381055466,26.261819981673614
1773700265.7285311,1773700265728547241,Sr02_gA_IMG1_LID1_STA1_GRU64_OH0,0316_2330,A,0.4964234232902527,0.016921918839216232,0.5,0.0,-8.346727639707156,-1.584897116389798,-2.900169392867264,26.22014165346716
1773700265.8288586,1773700265828871478,Sr02_gA_IMG1_LID1_STA1_GRU64_OH0,0316_2330,A,0.46979811787605286,0.03164155036211014,0.5,0.0,-8.39522102671153,-1.5970310867812394,-2.8934650320535034,26.17872435755436
1773700265.9302762,1773700265930289484,Sr02_gA_IMG1_LID1_STA1_GRU64_OH0,0316_2330,A,0.4632297158241272,-0.0030779303051531315,0.5,0.0,-8.443678944767868,-1.6093529835169922,-2.891478454491351,26.13743491395972
1773700266.028962,1773700266028967943,Sr02_gA_IMG1_LID1_STA1_GRU64_OH0,0316_2330,A,0.48087647557258606,0.007905086502432823,0.5,0.0,-8.49210435812132,-1.621801973261648,-2.8890086694730264,26.09625025194124
1773700266.1290684,1773700266129075649,Sr02_gA_IMG1_LID1_STA1_GRU64_OH0,0316_2330,A,0.4667215645313263,0.047757044434547424,0.5,0.0,-8.540519498009361,-1.634290924410168,-2.889096807716641,26.055119892884182
1773700266.2306957,1773700266230702312,Sr02_gA_IMG1_LID1_STA1_GRU64_OH0,0316_2330,A,0.44680169224739075,0.01661180518567562,0.5,0.0,-8.588920134704475,-1.6468026824887252,-2.8875390389847815,26.014042115315238
1773700266.3301573,1773700266330170913,Sr02_gA_IMG1_LID1_STA1_GRU64_OH0,0316_2330,A,0.4671057462692261,0.03350988030433655,0.5,0.0,-8.637285815609385,-1.6594816582825436,-2.883386226954244,25.973086507011292
1773700266.430908,1773700266430924697,Sr02_gA_IMG1_LID1_STA1_GRU64_OH0,0316_2330,A,0.49602046608924866,0.037853892892599106,0.5,0.0,-8.68561722751311,-1.6722907797875135,-2.8813870982838203,25.93224012461995
1773700266.5304565,1773700266530463341,Sr02_gA_IMG1_LID1_STA1_GRU64_OH0,0316_2330,A,0.5194636583328247,0.005725444294512272,0.5,0.0,-8.733912323192921,-1.6852360882969464,-2.877949239693193,25.891507517361873
1773700266.6297166,1773700266629723475,Sr02_gA_IMG1_LID1_STA1_GRU64_OH0,0316_2330,A,0.5225462317466736,0.018011685460805893,0.5,0.0,-8.78216073639938,-1.6983543118190292,-2.87480640209485,25.85091181696777
1773700266.7290764,1773700266729083650,Sr02_gA_IMG1_LID1_STA1_GRU64_OH0,0316_2330,A,0.5083257555961609,-0.030330004170536995,0.5,0.0,-8.830387788816358,-1.7115509398329554,-2.873988140947424,25.810396710960873
1773700266.829875,1773700266829881668,Sr02_gA_IMG1_LID1_STA1_GRU64_OH0,0316_2330,A,0.4959556758403778,-0.019506053999066353,0.5,0.0,-8.87858630906797,-1.7248085097617663,-2.8730515523156552,25.769963126098624
1773700266.930443,1773700266930455029,Sr02_gA_IMG1_LID1_STA1_GRU64_OH0,0316_2330,A,0.4964018166065216,-0.05078962817788124,0.5,0.0,-8.926814016173967,-1.7380026813773986,-2.8758680723236494,25.729513379092147
1773700267.0305526,1773700267030560089,Sr02_gA_IMG1_LID1_STA1_GRU64_OH0,0316_2330,A,0.4908254146575928,-0.054114263504743576,0.5,0.0,-8.975072727653622,-1.7510830229694028,-2.8784443235527815,25.689027852863223
1773700267.129791,1773700267129805506,Sr02_gA_IMG1_LID1_STA1_GRU64_OH0,0316_2330,A,0.47804397344589233,-0.04180976748466492,0.5,0.0,-9.023384421319701,-1.7639661316437898,-2.883589766458931,25.648456137019842
1773700267.2303307,1773700267230337138,Sr02_gA_IMG1_LID1_STA1_GRU64_OH0,0316_2330,A,0.5057502388954163,-0.11461325734853745,0.5,0.0,-9.071763465745628,-1.776593954961218,-2.8887551029290854,25.607763665827356
1773700267.3305933,1773700267330599989,Sr02_gA_IMG1_LID1_STA1_GRU64_OH0,0316_2330,A,0.5182836055755615,-0.08462486416101456,0.5,0.0,-9.12016920144437,-1.7889881558363592,-2.893919089719817,25.566995588418454
1773700267.4304874,1773700267430494459,Sr02_gA_IMG1_LID1_STA1_GRU64_OH0,0316_2330,A,0.4997117817401886,-0.07625477761030197,0.5,0.0,-9.168711942598954,-1.8009704747566024,-2.904780635058809,25.525984354378345
1773700267.5298839,1773700267529890822,Sr02_gA_IMG1_LID1_STA1_GRU64_OH0,0316_2330,A,0.5126248002052307,-0.08495956659317017,0.5,0.0,-9.217365343999663,-1.8124957338020968,-2.913075713863675,25.484737286710356
1773700267.6308374,1773700267630844306,Sr02_gA_IMG1_LID1_STA1_GRU64_OH0,0316_2330,A,0.5101767778396606,-0.08557147532701492,0.5,0.0,-9.266108416775792,-1.823635757632538,-2.9208752689994326,25.443298778596812
1773700267.7297096,1773700267729718367,Sr02_gA_IMG1_LID1_STA1_GRU64_OH0,0316_2330,A,0.491118460893631,-0.07834034413099289,0.5,0.0,-9.314941371904515,-1.8343748038359704,-2.9293834489693595,25.401662000863084
1773700267.8287911,1773700267828797307,Sr02_gA_IMG1_LID1_STA1_GRU64_OH0,0316_2330,A,0.521096408367157,0.013674602843821049,0.5,0.0,-9.363864082799713,-1.8446972574711917,-2.9377959651868646,25.359820430193338
1773700267.930044,1773700267930050771,Sr02_gA_IMG1_LID1_STA1_GRU64_OH0,0316_2330,A,0.5215170383453369,0.025515159592032433,0.5,0.0,-9.41283623903422,-1.854623140498888,-2.9445529364093415,25.317817896765558
1773700268.0304174,1773700268030425494,Sr02_gA_IMG1_LID1_STA1_GRU64_OH0,0316_2330,A,0.5087070465087891,0.027413103729486465,0.5,0.0,-9.461857830361275,-1.864444658318405,-2.9429637088687524,25.275760195730843
1773700268.1290345,1773700268129042416,Sr02_gA_IMG1_LID1_STA1_GRU64_OH0,0316_2330,A,0.4926304221153259,0.016903240233659744,0.5,0.0,-9.510862051393968,-1.8743736374351407,-2.940374240304217,25.233786988333524
1773700268.228781,1773700268228790799,Sr02_gA_IMG1_LID1_STA1_GRU64_OH0,0316_2330,A,0.5228140950202942,-0.0871770903468132,0.5,0.0,-9.559839691832735,-1.884432910402936,-2.9378431240348193,25.191915677453093
1773700268.3283353,1773700268328346826,Sr02_gA_IMG1_LID1_STA1_GRU64_OH0,0316_2330,A,0.5128360986709595,-0.05907315015792847,0.5,0.0,-9.608765873051409,-1.8945804191391844,-2.9371814390997093,25.150154406921228
1773700268.4289298,1773700268428941778,Sr02_gA_IMG1_LID1_STA1_GRU64_OH0,0316_2330,A,0.5128799080848694,-0.06265346705913544,0.5,0.0,-9.657736381135946,-1.9045190240605523,-2.9452054285415787,25.10830474996186
1773700268.5278962,1773700268527909858,Sr02_gA_IMG1_LID1_STA1_GRU64_OH0,0316_2330,A,0.48662513494491577,-0.03561750799417496,0.5,0.0,-9.706803873948731,-1.9141301357689966,-2.9511843392559003,25.06627343442053
1773700268.6281908,1773700268628197646,Sr02_gA_IMG1_LID1_STA1_GRU64_OH0,0316_2330,A,0.49428728222846985,-0.03136761486530304,0.5,0.0,-9.755929049300565,-1.9234419209444797,-2.956908976289407,25.02410669051224
1773700268.72808,1773700268728086906,Sr02_gA_IMG1_LID1_STA1_GRU64_OH0,0316_2330,A,0.49028196930885315,-0.028896667063236237,0.5,0.0,-9.805094936569597,-1.9325365695530339,-2.960385728143317,24.981850196644615
1773700268.8297,1773700268829708590,Sr02_gA_IMG1_LID1_STA1_GRU64_OH0,0316_2330,A,0.5039339065551758,-0.033647146075963974,0.5,0.0,-9.854290286422303,-1.9414705059158872,-2.9634730676205137,24.93953500461957
1773700268.9291353,1773700268929143206,Sr02_gA_IMG1_LID1_STA1_GRU64_OH0,0316_2330,A,0.5104001760482788,-0.01003227662295103,0.5,0.0,-9.90351202754173,-1.9502578879724073,-2.96645773581869,24.89716896537699
1773700269.0301747,1773700269030182022,Sr02_gA_IMG1_LID1_STA1_GRU64_OH0,0316_2330,A,0.5197526216506958,-0.04831359535455704,0.5,0.0,-9.952761335730731,-1.9588894162224137,-2.969350164694104,24.854747239583673
1773700269.1290703,1773700269129079297,Sr02_gA_IMG1_LID1_STA1_GRU64_OH0,0316_2330,A,0.5223557353019714,-0.05338737368583679,0.5,0.0,-10.002020887128959,-1.9674297320167833,-2.971099048676826,24.812309921966843
1773700269.2297401,1773700269229753229,Sr02_gA_IMG1_LID1_STA1_GRU64_OH0,0316_2330,A,0.5134809613227844,-0.04230485111474991,0.5,0.0,-10.05131632614929,-1.9757936067738848,-2.9760318695518277,24.76980098948316
1773700269.3284392,1773700269328446847,Sr02_gA_IMG1_LID1_STA1_GRU64_OH0,0316_2330,A,0.5025072693824768,-0.016355551779270172,0.5,0.0,-10.100654212219878,-1.9839032918272108,-2.981148955621646,24.727184621859156
1773700269.4286213,1773700269428630026,Sr02_gA_IMG1_LID1_STA1_GRU64_OH0,0316_2330,A,0.501832127571106,-0.0086085619404912,0.5,0.0,-10.15002837795995,-1.9917892381373663,-2.9848604676505848,24.68447752327156
1773700269.5301995,1773700269530208187,Sr02_gA_IMG1_LID1_STA1_GRU64_OH0,0316_2330,A,0.5014311671257019,-0.018789129331707954,0.5,0.0,-10.19942174709881,-1.999554176152242,-2.986341087617742,24.641734084374043
1773700269.6296315,1773700269629645308,Sr02_gA_IMG1_LID1_STA1_GRU64_OH0,0316_2330,A,0.4988817274570465,-0.012801457196474075,0.5,0.0,-10.248824051022774,-2.0072620810870276,-2.9875073517634494,24.598988000345084
1773700269.729007,1773700269729013218,Sr02_gA_IMG1_LID1_STA1_GRU64_OH0,0316_2330,A,0.5077879428863525,0.012080549262464046,0.5,0.0,-10.298238639862728,-2.014890806554878,-2.989206636068024,24.556227696938297
1773700269.8286262,1773700269828638707,Sr02_gA_IMG1_LID1_STA1_GRU64_OH0,0316_2330,A,0.515591561794281,0.02497408166527748,0.5,0.0,-10.347663221569295,-2.022454551908209,-2.9897403394487427,24.513460658385128
1773700269.928406,1773700269928412739,Sr02_gA_IMG1_LID1_STA1_GRU64_OH0,0316_2330,A,0.524309515953064,-0.0005855848430655897,0.5,0.0,-10.39708282434654,-2.0300507398514935,-2.988145491223054,24.470738100145493
1773700270.0282767,1773700270028283875,Sr02_gA_IMG1_LID1_STA1_GRU64_OH0,0316_2330,A,0.46167758107185364,-0.045879065990448,0.5,0.0,-10.44648662053972,-2.0377490361108768,-2.986414856959066,24.428097080647795
1773700270.1293356,1773700270129343761,Sr02_gA_IMG1_LID1_STA1_GRU64_OH0,0316_2330,A,0.5110864639282227,-0.07648980617523193,0.5,0.0,-10.495876222862766,-2.045464503961455,-2.9877550908399484,24.385503741847984
1773700270.228513,1773700270228531909,Sr02_gA_IMG1_LID1_STA1_GRU64_OH0,0316_2330,A,0.5122578740119934,-0.026511451229453087,0.5,0.0,-10.545304162752695,-2.053005898171439,-2.9932612866426407,24.34283578955683
1773700270.328325,1773700270328331760,Sr02_gA_IMG1_LID1_STA1_GRU64_OH0,0316_2330,A,0.5080487728118896,-0.04119301959872246,0.5,0.0,-10.59477040427568,-2.0602143871894296,-2.999512429311409,24.300031289677257
1773700270.4296403,1773700270429647051,Sr02_gA_IMG1_LID1_STA1_GRU64_OH0,0316_2330,A,0.5105161070823669,-0.04494734853506088,0.5,0.0,-10.644276366473067,-2.067225630774459,-3.0026040066979363,24.25714093383166
1773700270.5301092,1773700270530115683,Sr02_gA_IMG1_LID1_STA1_GRU64_OH0,0316_2330,A,0.510047197341919,-0.004226356744766235,0.5,0.0,-10.693808435353063,-2.0740498639160703,-3.0068359285509865,24.214180865991604
1773700270.628241,1773700270628248004,Sr02_gA_IMG1_LID1_STA1_GRU64_OH0,0316_2330,A,0.5120534896850586,-0.03793009743094444,0.5,0.0,-10.743361850487055,-2.08066378834703,-3.0101344608695397,24.171145987487705
1773700270.7295244,1773700270729532206,Sr02_gA_IMG1_LID1_STA1_GRU64_OH0,0316_2330,A,0.49778372049331665,0.017310384660959244,0.5,0.0,-10.792932809831159,-2.0871997892849343,-3.0115681819671924,24.1280912495253
1773700270.8294551,1773700270829463797,Sr02_gA_IMG1_LID1_STA1_GRU64_OH0,0316_2330,A,0.4694395363330841,0.0165744349360466,0.5,0.0,-10.842510563911826,-2.0935975321047557,-3.013869468696978,24.08500276537206
1773700270.929404,1773700270929411820,Sr02_gA_IMG1_LID1_STA1_GRU64_OH0,0316_2330,A,0.47245925664901733,0.014266708865761757,0.5,0.0,-10.892097768850013,-2.1000090978914185,-3.012160512587307,24.041937754498466
1773700271.0293128,1773700271029320017,Sr02_gA_IMG1_LID1_STA1_GRU64_OH0,0316_2330,A,0.4524272680282593,0.03816577047109604,0.5,0.0,-10.941674229974733,-2.1065032218812383,-3.0105723017335393,23.998942110797714
1773700271.130886,1773700271130893689,Sr02_gA_IMG1_LID1_STA1_GRU64_OH0,0316_2330,A,0.35221293568611145,0.03466121107339859,0.5,0.0,-10.99124029495674,-2.113076201034148,-3.0084286803597036,23.95601442290759
1773700271.2303464,1773700271230352722,Sr02_gA_IMG1_LID1_STA1_GRU64_OH0,0316_2330,A,0.4589708149433136,0.012335233390331268,0.5,0.0,-11.040784949253329,-2.119808510939014,-3.00471724393572,23.913197106909998
1773700271.330281,1773700271330289273,Sr02_gA_IMG1_LID1_STA1_GRU64_OH0,0316_2330,A,0.4773966372013092,0.05202268436551094,0.5,0.0,-11.090306081939666,-2.1267117859829763,-3.0019208899594543,23.87049732405888
1773700271.4296076,1773700271429616375,Sr02_gA_IMG1_LID1_STA1_GRU64_OH0,0316_2330,A,0.47158387303352356,0.06346364319324493,0.5,0.0,-11.139805469835975,-2.1337105409357373,-2.999526277838997,23.827883968077963
1773700271.5298479,1773700271529854489,Sr02_gA_IMG1_LID1_STA1_GRU64_OH0,0316_2330,A,0.49273374676704407,0.04034299775958061,0.5,0.0,-11.189282728916826,-2.1409212495542533,-2.9939807990549334,23.78540438277688
1773700271.6305444,1773700271630553769,Sr02_gA_IMG1_LID1_STA1_GRU64_OH0,0316_2330,A,0.5043096542358398,0.035401150584220886,0.5,0.0,-11.238716109062777,-2.148426810495791,-2.988328046222913,23.74311250348435
1773700271.729157,1773700271729164510,Sr02_gA_IMG1_LID1_STA1_GRU64_OH0,0316_2330,A,0.43842896819114685,0.017642948776483536,0.5,0.0,-11.288114645818494,-2.156158630018475,-2.98444200413642,23.70097349397759
1773700271.8298757,1773700271829882536,Sr02_gA_IMG1_LID1_STA1_GRU64_OH0,0316_2330,A,0.4903660714626312,0.08677645027637482,0.5,0.0,-11.337485187067097,-2.164067311260804,-2.9814346266740603,23.658961999315455
1773700271.9308798,1773700271930888288,Sr02_gA_IMG1_LID1_STA1_GRU64_OH0,0316_2330,A,0.4789223074913025,0.10012608766555786,0.5,0.0,-11.386807508917398,-2.172090745677842,-2.9779817559449793,23.617072104447253
1773700272.030442,1773700272030448985,Sr02_gA_IMG1_LID1_STA1_GRU64_OH0,0316_2330,A,0.4888826608657837,0.006616255734115839,0.5,0.0,-11.436103316670547,-2.1804517413782243,-2.9689036501487744,23.575374697648584
1773700272.1301029,1773700272130113629,Sr02_gA_IMG1_LID1_STA1_GRU64_OH0,0316_2330,A,0.49741730093955994,0.041081346571445465,0.5,0.0,-11.485281278309223,-2.1892707533568103,-2.9609047578195447,23.5340033846121
1773700272.2306268,1773700272230633247,Sr02_gA_IMG1_LID1_STA1_GRU64_OH0,0316_2330,A,0.4578482508659363,0.0681435763835907,0.5,0.0,-11.53446291350878,-2.198279966253537,-2.9592091996013288,23.49273959143372
1773700272.327704,1773700272327711536,Sr02_gA_IMG1_LID1_STA1_GRU64_OH0,0316_2330,A,0.4046041667461395,0.052544623613357544,0.5,0.0,-11.58361372582287,-2.207455623575005,-2.9542892269271315,23.451605912728972
1773700272.4309247,1773700272430930846,Sr02_gA_IMG1_LID1_STA1_GRU64_OH0,0316_2330,A,0.30492693185806274,0.04508683457970619,0.5,0.0,-11.632707791040445,-2.21692999330112,-2.9479428370200558,23.41068085731136
1773700272.530052,1773700272530058810,Sr02_gA_IMG1_LID1_STA1_GRU64_OH0,0316_2330,A,0.2802009582519531,0.0034186262637376785,0.5,0.0,-11.681748033136975,-2.226679297276468,-2.9429121107167115,23.369953095420566
1773700272.6281862,1773700272628195299,Sr02_gA_IMG1_LID1_STA1_GRU64_OH0,0316_2330,A,0.3941226899623871,-0.017447296530008316,0.5,0.0,-11.730735032238401,-2.236647973472387,-2.9396214661117237,23.32940025479148
1773700272.729885,1773700272729896043,Sr02_gA_IMG1_LID1_STA1_GRU64_OH0,0316_2330,A,0.5318925380706787,0.03904625028371811,0.5,0.0,-11.779717908901127,-2.246681788295834,-2.939905564257019,23.28891476357038
1773700272.8303344,1773700272830341501,Sr02_gA_IMG1_LID1_STA1_GRU64_OH0,0316_2330,A,0.530624270439148,0.03120085597038269,0.5,0.0,-11.828700149236946,-2.2566631613008155,-2.940139482877784,23.24844516551667
1773700272.9300013,1773700272930009361,Sr02_gA_IMG1_LID1_STA1_GRU64_OH0,0316_2330,A,0.5312516093254089,0.04561629146337509,0.5,0.0,-11.877669690744927,-2.2667617144135495,-2.9364702215265197,23.20807288546783
1773700273.0279953,1773700273028005814,Sr02_gA_IMG1_LID1_STA1_GRU64_OH0,0316_2330,A,0.5230034589767456,-0.02219349332153797,0.5,0.0,-11.926604852932488,-2.277025588698722,-2.932917689338253,23.167838264019817
1773700273.129183,1773700273129190447,Sr02_gA_IMG1_LID1_STA1_GRU64_OH0,0316_2330,A,0.5126844048500061,-0.04024096950888634,0.5,0.0,-11.975477754123132,-2.287479667252694,-2.930065509328775,23.127777747044174
1773700273.2296386,1773700273229645143,Sr02_gA_IMG1_LID1_STA1_GRU64_OH0,0316_2330,A,0.4840489625930786,-0.034949891269207,0.5,0.0,-12.024375774954231,-2.297919101774945,-2.9328262620090504,23.08772696523999
1773700273.3291638,1773700273329170782,Sr02_gA_IMG1_LID1_STA1_GRU64_OH0,0316_2330,A,0.4722364842891693,-0.03721610829234123,0.5,0.0,-12.073310613797286,-2.3081844825771203,-2.9366916239539633,23.047608545045758
1773700273.4280071,1773700273428014556,Sr02_gA_IMG1_LID1_STA1_GRU64_OH0,0316_2330,A,0.4867004156112671,-0.03246873989701271,0.5,0.0,-12.12228244764356,-2.3182719280056494,-2.9402545921547496,23.007420339330494
1773700273.5280375,1773700273528046147,Sr02_gA_IMG1_LID1_STA1_GRU64_OH0,0316_2330,A,0.507330596446991,-0.02937174402177334,0.5,0.0,-12.171290720929356,-2.3281808180389874,-2.9438337795949603,22.96716222570358
1773700273.6295984,1773700273629605913,Sr02_gA_IMG1_LID1_STA1_GRU64_OH0,0316_2330,A,0.5078020691871643,-0.0575723834335804,0.5,0.0,-12.220331912699885,-2.337925513258773,-2.946987740946933,22.92684310911786
1773700273.727144,1773700273727150297,Sr02_gA_IMG1_LID1_STA1_GRU64_OH0,0316_2330,A,0.48972073197364807,-0.06558951735496521,0.5,0.0,-12.269403454841257,-2.3475161729114284,-2.9507709072814543,22.886469308181002
1773700273.8292868,1773700273829294244,Sr02_gA_IMG1_LID1_STA1_GRU64_OH0,0316_2330,A,0.5195080041885376,0.0182918980717659,0.5,0.0,-12.318523247434651,-2.356856318797316,-2.9567686433646356,22.845983257170783
1773700273.9283702,1773700273928377072,Sr02_gA_IMG1_LID1_STA1_GRU64_OH0,0316_2330,A,0.5200818777084351,-0.01100249495357275,0.5,0.0,-12.367667934400258,-2.3658899209280286,-2.961421890282308,22.805381559792067
1773700274.0283406,1773700274028351234,Sr02_gA_IMG1_LID1_STA1_GRU64_OH0,0316_2330,A,0.5015533566474915,-0.03269509971141815,0.5,0.0,-12.416851554365813,-2.374888300582947,-2.9604715177439656,22.76476686244581
1773700274.1288853,1773700274128898055,Sr02_gA_IMG1_LID1_STA1_GRU64_OH0,0316_2330,A,0.5092946290969849,0.0031479522585868835,0.5,0.0,-12.466039487344121,-2.383863064247196,-2.962222525793384,22.72417555661332
1773700274.2288506,1773700274228856818,Sr02_gA_IMG1_LID1_STA1_GRU64_OH0,0316_2330,A,0.5155258178710938,-8.975144010037184e-05,0.5,0.0,-12.515250374267625,-2.39271105243996,-2.964416767093613,22.683546538499037
1773700274.329128,1773700274329138735,Sr02_gA_IMG1_LID1_STA1_GRU64_OH0,0316_2330,A,0.515390932559967,-0.03110591322183609,0.5,0.0,-12.564466480244658,-2.4015300425079147,-2.9642314784480535,22.64293780448273
1773700274.428194,1773700274428203048,Sr02_gA_IMG1_LID1_STA1_GRU64_OH0,0316_2330,A,0.5119818449020386,-0.04434492066502571,0.5,0.0,-12.613684335122436,-2.4103392468096145,-2.965481074413595,22.60236090678647
1773700274.527866,1773700274527888591,Sr02_gA_IMG1_LID1_STA1_GRU64_OH0,0316_2330,A,0.5027785301208496,-0.0409613773226738,0.5,0.0,-12.662925409745272,-2.419017585770932,-2.969121209867519,22.56174413329082
1773700274.628751,1773700274628758296,Sr02_gA_IMG1_LID1_STA1_GRU64_OH0,0316_2330,A,0.5025967955589294,-0.015663007274270058,0.5,0.0,-12.712202225475522,-2.4274905564891305,-2.973420355681389,22.521043579920377
1773700274.7284262,1773700274728444631,Sr02_gA_IMG1_LID1_STA1_GRU64_OH0,0316_2330,A,0.49400681257247925,-0.006399267353117466,0.5,0.0,-12.76151217991526,-2.4357685913675295,-2.976504572824856,22.480265687222285
1773700274.8292437,1773700274829252308,Sr02_gA_IMG1_LID1_STA1_GRU64_OH0,0316_2330,A,0.49508345127105713,-0.006243404466658831,0.5,0.0,-12.810838181501373,-2.4439505789179683,-2.9777003291620403,22.43946865996401
1773700274.9277232,1773700274927729996,Sr02_gA_IMG1_LID1_STA1_GRU64_OH0,0316_2330,A,0.5028012990951538,-0.03116726130247116,0.5,0.0,-12.86017075954277,-2.452092835541497,-2.9783340205065865,22.39868560381061
1773700275.029625,1773700275029631321,Sr02_gA_IMG1_LID1_STA1_GRU64_OH0,0316_2330,A,0.5067843198776245,-0.040451452136039734,0.5,0.0,-12.909510046029721,-2.460194313810364,-2.9799552936184783,22.35791601621829
1773700275.1297963,1773700275129806495,Sr02_gA_IMG1_LID1_STA1_GRU64_OH0,0316_2330,A,0.5068343877792358,-0.040664203464984894,0.5,0.0,-12.958871344910465,-2.468160453083465,-2.9834433745008435,22.3171045443765
1773700275.228367,1773700275228373302,Sr02_gA_IMG1_LID1_STA1_GRU64_OH0,0316_2330,A,0.5116363167762756,-0.041288942098617554,0.5,0.0,-13.008263169310084,-2.4759350233748445,-2.987497022933036,22.2762184669022
1773700275.3305442,1773700275330554499,Sr02_gA_IMG1_LID1_STA1_GRU64_OH0,0316_2330,A,0.5106066465377808,0.0037104268558323383,0.5,0.0,-13.057686208124103,-2.4835086245257223,-2.991588425656908,22.235252591046148
1773700275.428524,1773700275428534021,Sr02_gA_IMG1_LID1_STA1_GRU64_OH0,0316_2330,A,0.5106768012046814,0.0036681191995739937,0.5,0.0,-13.107126520886265,-2.4908937497098944,-2.9939794317743345,22.194224517677238
1773700275.5277512,1773700275527759991,Sr02_gA_IMG1_LID1_STA1_GRU64_OH0,0316_2330,A,0.5158409476280212,-0.03534241020679474,0.5,0.0,-13.156581401655876,-2.4982567940892406,-2.993610082247826,22.153210380269
1773700275.6295455,1773700275629556166,Sr02_gA_IMG1_LID1_STA1_GRU64_OH0,0316_2330,A,0.5085658431053162,-0.021169323474168777,0.5,0.0,-13.206029664585321,-2.5056220496443475,-2.994781477763652,22.112240137408776
1773700275.7282534,1773700275728259734,Sr02_gA_IMG1_LID1_STA1_GRU64_OH0,0316_2330,A,0.49815624952316284,-0.024023573845624924,0.5,0.0,-13.255503799464464,-2.5128544571367093,-2.9977488010360243,22.071224458793942
1773700275.8282776,1773700275828286928,Sr02_gA_IMG1_LID1_STA1_GRU64_OH0,0316_2330,A,0.48371562361717224,-0.013089939020574093,0.5,0.0,-13.304995122310391,-2.519968360457295,-2.999979897643372,22.03017733371494
1773700275.9284668,1773700275928472942,Sr02_gA_IMG1_LID1_STA1_GRU64_OH0,0316_2330,A,0.4825010299682617,-0.012545627541840076,0.5,0.0,-13.354502422366012,-2.5269702218131007,-3.0019449147240396,21.989102577133472
1773700276.0290937,1773700276029100646,Sr02_gA_IMG1_LID1_STA1_GRU64_OH0,0316_2330,A,0.49160781502723694,-0.012055925093591213,0.5,0.0,-13.404020184647946,-2.5338977433690157,-3.003232134525878,21.94802197095584
1773700276.1311135,1773700276131119886,Sr02_gA_IMG1_LID1_STA1_GRU64_OH0,0316_2330,A,0.491348534822464,-0.012068026699125767,0.5,0.0,-13.453546639599573,-2.5407628452543816,-3.0044671075372102,21.90694245406153
1773700276.2296965,1773700276229701943,Sr02_gA_IMG1_LID1_STA1_GRU64_OH0,0316_2330,A,0.4795365035533905,0.006369107868522406,0.5,0.0,-13.503081395862713,-2.5475677921229773,-3.0056731821312086,21.865865408921017
1773700276.3278558,1773700276327862177,Sr02_gA_IMG1_LID1_STA1_GRU64_OH0,0316_2330,A,0.49205678701400757,0.013326087035238743,0.5,0.0,-13.552623333372841,-2.5543202736679103,-3.006142512674109,21.824795344377147
1773700276.4282799,1773700276428286084,Sr02_gA_IMG1_LID1_STA1_GRU64_OH0,0316_2330,A,0.4922495186328888,0.013375064358115196,0.5,0.0,-13.602162831501644,-2.5610906237824413,-3.005227329593724,21.78377293082914
1773700276.5272207,1773700276527227053,Sr02_gA_IMG1_LID1_STA1_GRU64_OH0,0316_2330,A,0.47565025091171265,0.026099057868123055,0.5,0.0,-13.651694114463929,-2.567920800948631,-3.003892764049311,21.7428227549477
1773700276.6291914,1773700276629198001,Sr02_gA_IMG1_LID1_STA1_GRU64_OH0,0316_2330,A,0.47585615515708923,0.026266060769557953,0.5,0.0,-13.701215518497744,-2.574822216954432,-3.002046310571273,21.701951934622233
1773700276.7276683,1773700276727675539,Sr02_gA_IMG1_LID1_STA1_GRU64_OH0,0316_2330,A,0.5068514347076416,-0.02544206939637661,0.5,0.0,-13.750720334127447,-2.581841582077471,-2.999429729133554,21.661188341177652
1773700276.8285942,1773700276828600769,Sr02_gA_IMG1_LID1_STA1_GRU64_OH0,0316_2330,A,0.49164605140686035,-0.0285078976303339,0.5,0.0,-13.800197915704462,-2.5889710152277696,-2.9987378966592058,21.620538400150835
1773700276.9279938,1773700276928000790,Sr02_gA_IMG1_LID1_STA1_GRU64_OH0,0316_2330,A,0.5090460181236267,-0.02162029594182968,0.5,0.0,-13.849697766442949,-2.5960253042077435,-3.001404729637602,21.579873224169795
1773700277.030446,1773700277030459765,Sr02_gA_IMG1_LID1_STA1_GRU64_OH0,0316_2330,A,0.5023712515830994,0.04088839143514633,0.5,0.0,-13.899216763987072,-2.6029439126084135,-3.003980016345651,21.53916754167686
1773700277.1294303,1773700277129436492,Sr02_gA_IMG1_LID1_STA1_GRU64_OH0,0316_2330,A,0.4922972619533539,0.023566678166389465,0.5,0.0,-13.9487354770884,-2.6097679584552105,-3.003892392007873,21.498457423561934
1773700277.2303748,1773700277230381259,Sr02_gA_IMG1_LID1_STA1_GRU64_OH0,0316_2330,A,0.4943164587020874,0.02233961969614029,0.5,0.0,-13.998248992841035,-2.616725607736936,-3.0004964143844144,21.457853302422585
1773700277.3281205,1773700277328129460,Sr02_gA_IMG1_LID1_STA1_GRU64_OH0,0316_2330,A,0.5125358700752258,-0.008094624616205692,0.5,0.0,-14.047743849963247,-2.6238148732854634,-2.998188831667871,21.41736685348127
1773700277.4281204,1773700277428128690,Sr02_gA_IMG1_LID1_STA1_GRU64_OH0,0316_2330,A,0.5087945461273193,-0.011860108003020287,0.5,0.0,-14.09722434633354,-2.631003737798454,-2.997172217979421,21.37697996762693
1773700277.5286722,1773700277528678737,Sr02_gA_IMG1_LID1_STA1_GRU64_OH0,0316_2330,A,0.494935542345047,-0.0137481689453125,0.5,0.0,-14.146706939970207,-2.6381781662350745,-2.9981322952022578,21.33662518081585
1773700277.6284318,1773700277628439715,Sr02_gA_IMG1_LID1_STA1_GRU64_OH0,0316_2330,A,0.5069682598114014,0.020540721714496613,0.5,0.0,-14.196197631445038,-2.6452965096546888,-2.9993938249235343,21.296277791117653
1773700277.7280862,1773700277728093358,Sr02_gA_IMG1_LID1_STA1_GRU64_OH0,0316_2330,A,0.48893219232559204,0.028892559930682182,0.5,0.0,-14.245695888516247,-2.6523620661842298,-2.999397112257909,21.25593986548698
1773700277.8280697,1773700277828084072,Sr02_gA_IMG1_LID1_STA1_GRU64_OH0,0316_2330,A,0.5107913017272949,0.004484266508370638,0.5,0.0,-14.295183455353625,-2.659502042011624,-2.9970089769738886,21.215687686471128
1773700277.9287853,1773700277928793792,Sr02_gA_IMG1_LID1_STA1_GRU64_OH0,0316_2330,A,0.5090348720550537,-0.024814335629343987,0.5,0.0,-14.344652702751139,-2.6667678741772343,-2.9950960373198163,21.17555284366869
1773700278.02879,1773700278028797150,Sr02_gA_IMG1_LID1_STA1_GRU64_OH0,0316_2330,A,0.42048755288124084,0.013701231218874454,0.5,0.0,-14.39411719954716,-2.6740660293915943,-2.9958195311742752,21.135479614138415
1773700278.1291919,1773700278129199967,Sr02_gA_IMG1_LID1_STA1_GRU64_OH0,0316_2330,A,0.3368808925151825,0.028689447790384293,0.5,0.0,-14.418854291913952,-2.67768211868128,-2.997060245791974,21.115438919438777
1773700278.2285247,1773700278228533282,Sr02_gA_IMG1_LID1_STA1_GRU64_OH0,0316_2330,A,0.4661158621311188,0.0121850511059165,0.5,0.0,-14.468326714708935,-2.68489819836961,-2.9960898300405208,21.075383192910643
1773700278.3292437,1773700278329251989,Sr02_gA_IMG1_LID1_STA1_GRU64_OH0,0316_2330,A,0.5236274003982544,-0.032956868410110474,0.5,0.0,-14.517788943246055,-2.692211608301157,-2.9933707833436434,21.03542553453151
1773700278.4289892,1773700278428996986,Sr02_gA_IMG1_LID1_STA1_GRU64_OH0,0316_2330,A,0.5138465762138367,-0.04502160847187042,0.5,0.0,-14.567235027511797,-2.699633474543082,-2.9919872239001637,20.995577091469197
1773700278.5306754,1773700278530681690,Sr02_gA_IMG1_LID1_STA1_GRU64_OH0,0316_2330,A,0.5119569897651672,0.045721232891082764,0.5,0.0,-14.616673839708708,-2.7070269224697734,-2.994759549517232,20.95576488230917
1773700278.6303496,1773700278630355942,Sr02_gA_IMG1_LID1_STA1_GRU64_OH0,0316_2330,A,0.5130342245101929,0.0644502267241478,0.5,0.0,-14.666152105381052,-2.714230857877749,-2.9992616937683803,20.91587041981312
1773700278.728837,1773700278728852556,Sr02_gA_IMG1_LID1_STA1_GRU64_OH0,0316_2330,A,0.5129144191741943,-0.04897143691778183,0.5,0.0,-14.715603381277162,-2.7213568765983647,-2.9963830756744767,20.87600543004007
1773700278.8285606,1773700278828570091,Sr02_gA_IMG1_LID1_STA1_GRU64_OH0,0316_2330,A,0.506896436214447,0.012101334519684315,0.5,0.0,-14.765054817304046,-2.7287424463911805,-2.990125367510745,20.836309639069025
1773700278.9297721,1773700278929780603,Sr02_gA_IMG1_LID1_STA1_GRU64_OH0,0316_2330,A,0.5184295177459717,0.09467248618602753,0.5,0.0,-14.814428363868203,-2.736217511784582,-2.993627950546067,20.79676985687582
1773700279.0308187,1773700279030826233,Sr02_gA_IMG1_LID1_STA1_GRU64_OH0,0316_2330,A,0.5017692446708679,0.10564855486154556,0.5,0.0,-14.863868074549732,-2.743606698740879,-2.9926383575847377,20.757175264568055
1773700279.1321704,1773700279132177964,Sr02_gA_IMG1_LID1_STA1_GRU64_OH0,0316_2330,A,0.509516716003418,0.05429655686020851,0.5,0.0,-14.91325166163639,-2.7512267623504716,-2.9838166236111614,20.71778738747602
1773700279.2313426,1773700279231349831,Sr02_gA_IMG1_LID1_STA1_GRU64_OH0,0316_2330,A,0.5191415548324585,-0.10236366838216782,0.5,0.0,-14.962588199093016,-2.7593435657603576,-2.9732517938043217,20.6787295936229
1773700279.3304565,1773700279330463107,Sr02_gA_IMG1_LID1_STA1_GRU64_OH0,0316_2330,A,0.4793311655521393,-0.02254554070532322,0.5,0.0,-15.011846172682654,-2.767857743919842,-2.9677155100279244,20.639982644152393
1773700279.4300182,1773700279430025006,Sr02_gA_IMG1_LID1_STA1_GRU64_OH0,0316_2330,A,0.48814332485198975,-0.032164182513952255,0.5,0.0,-15.060973194650062,-2.7763626763938705,-2.974742330824693,20.601393524720656
1773700279.5306346,1773700279530641630,Sr02_gA_IMG1_LID1_STA1_GRU64_OH0,0316_2330,A,0.4386705160140991,-0.03612608090043068,0.5,0.0,-15.110260312969212,-2.784582769105031,-2.9774963410177353,20.562572986976686
1773700279.6317225,1773700279631731984,Sr02_gA_IMG1_LID1_STA1_GRU64_OH0,0316_2330,A,0.4819875657558441,-0.0626182034611702,0.5,0.0,-15.159601679882211,-2.792671467292647,-2.980712746648862,20.52368847511936
1773700279.7290413,1773700279729057692,Sr02_gA_IMG1_LID1_STA1_GRU64_OH0,0316_2330,A,0.3603302836418152,-0.10724067687988281,0.5,0.0,-15.208970372438229,-2.80059164145923,-2.984325345798561,20.48474479385173
1773700279.8300924,1773700279830098823,Sr02_gA_IMG1_LID1_STA1_GRU64_OH0,0316_2330,A,0.49601447582244873,-0.036110103130340576,0.5,0.0,-15.258377512655056,-2.808267969230256,-2.9905871356312326,20.4456944605022
1773700279.9292803,1773700279929287612,Sr02_gA_IMG1_LID1_STA1_GRU64_OH0,0316_2330,A,0.48718729615211487,-0.05110040307044983,0.5,0.0,-15.307836000427095,-2.815526825264445,-3.001222922685161,20.406439017187427
1773700280.0304775,1773700280030484479,Sr02_gA_IMG1_LID1_STA1_GRU64_OH0,0316_2330,A,0.4959834814071655,-0.007967607118189335,0.5,0.0,-15.357337459180178,-2.8224139908695474,-3.0051751655531986,20.367007370695763
1773700280.1338358,1773700280133844377,Sr02_gA_IMG1_LID1_STA1_GRU64_OH0,0316_2330,A,0.488890141248703,0.017405236139893532,0.5,0.0,-15.406890091558742,-2.829087136013671,-3.010285186032215,20.32747045379828
1773700280.22961,1773700280229617895,Sr02_gA_IMG1_LID1_STA1_GRU64_OH0,0316_2330,A,0.47858214378356934,0.056912343949079514,0.5,0.0,-15.456451468953883,-2.835610542983575,-3.011122481338571,20.28789682296061
1773700280.329041,1773700280329047653,Sr02_gA_IMG1_LID1_STA1_GRU64_OH0,0316_2330,A,0.46004658937454224,0.022835033014416695,0.5,0.0,-15.506020821529987,-2.84215869824928,-3.0093819799867414,20.248374857373168
1773700280.429782,1773700280429789575,Sr02_gA_IMG1_LID1_STA1_GRU64_OH0,0316_2330,A,0.4627840518951416,-0.013925221748650074,0.5,0.0,-15.555557494418236,-2.848888530023628,-3.0037200599691087,20.20901937640096
1773700280.5293968,1773700280529403983,Sr02_gA_IMG1_LID1_STA1_GRU64_OH0,0316_2330,A,0.5036157369613647,-0.013546647503972054,0.5,0.0,-15.605075133185435,-2.8558168809591513,-3.001436534326675,20.169828074127484
1773700280.631196,1773700280631205589,Sr02_gA_IMG1_LID1_STA1_GRU64_OH0,0316_2330,A,0.4914225935935974,-0.028267694637179375,0.5,0.0,-15.654588702506775,-2.8627673205465163,-3.00282556053416,20.130699394594966
1773700280.7305112,1773700280730526500,Sr02_gA_IMG1_LID1_STA1_GRU64_OH0,0316_2330,A,0.49237364530563354,-0.0012798691168427467,0.5,0.0,-15.704112733080713,-2.8696498852089265,-3.0041802233585035,20.091575340141837
1773700280.8316495,1773700280831662702,Sr02_gA_IMG1_LID1_STA1_GRU64_OH0,0316_2330,A,0.501774787902832,-0.05650182068347931,0.5,0.0,-15.75365103210028,-2.876428893104121,-3.0070069769342918,20.052434438202955
1773700280.930747,1773700280930754387,Sr02_gA_IMG1_LID1_STA1_GRU64_OH0,0316_2330,A,0.504128098487854,-0.0958481952548027,0.5,0.0,-15.803199308787322,-2.883134708291303,-3.007134984287676,20.013295833071982
1773700281.029884,1773700281029891809,Sr02_gA_IMG1_LID1_STA1_GRU64_OH0,0316_2330,A,0.5072788000106812,-0.03285732492804527,0.5,0.0,-15.852754305851361,-2.8897041309770533,-3.0126085393155853,19.974129867324706
1773700281.1308446,1773700281130851154,Sr02_gA_IMG1_LID1_STA1_GRU64_OH0,0316_2330,A,0.5142489671707153,-0.03729621693491936,0.5,0.0,-15.902358788432286,-2.8958981480696813,-3.0221572683071507,19.934776538238175
1773700281.2302678,1773700281230273979,Sr02_gA_IMG1_LID1_STA1_GRU64_OH0,0316_2330,A,0.4853820502758026,-0.014081304892897606,0.5,0.0,-15.952002391761372,-2.9017621663985675,-3.025668957539718,19.89526707532841
1773700281.3297815,1773700281329788408,Sr02_gA_IMG1_LID1_STA1_GRU64_OH0,0316_2330,A,0.4854593575000763,0.02371804416179657,0.5,0.0,-16.001677476489313,-2.9074527500035114,-3.0293985697367574,19.855688130682363
1773700281.4307733,1773700281430780235,Sr02_gA_IMG1_LID1_STA1_GRU64_OH0,0316_2330,A,0.4808256924152374,0.019022194668650627,0.5,0.0,-16.05136704046661,-2.913015708019638,-3.0308067156869547,19.816077682456115
1773700281.5298555,1773700281529862021,Sr02_gA_IMG1_LID1_STA1_GRU64_OH0,0316_2330,A,0.49079516530036926,0.055906251072883606,0.5,0.0,-16.101050689295523,-2.9186016831080024,-3.028446735216239,19.776531338104736
1773700281.6286561,1773700281628664867,Sr02_gA_IMG1_LID1_STA1_GRU64_OH0,0316_2330,A,0.4896892011165619,0.04245876148343086,0.5,0.0,-16.150725578262126,-2.9242941636823456,-3.026544515267419,19.737095434518615
1773700281.7299848,1773700281729991380,Sr02_gA_IMG1_LID1_STA1_GRU64_OH0,0316_2330,A,0.3167129456996918,0.04341573640704155,0.5,0.0,-16.200375449323865,-2.9301717420559035,-3.0209659727512532,19.697825619632134
1773700281.8288045,1773700281828810908,Sr02_gA_IMG1_LID1_STA1_GRU64_OH0,0316_2330,A,0.49817386269569397,0.016390914097428322,0.5,0.0,-16.249999194872387,-2.9362938171968334,-3.0167200932574447,19.65875495214027
1773700281.9280798,1773700281928086664,Sr02_gA_IMG1_LID1_STA1_GRU64_OH0,0316_2330,A,0.49795427918434143,0.040839966386556625,0.5,0.0,-16.299596194910002,-2.942628905408503,-3.01237852744997,19.619868629541344
1773700282.0289614,1773700282028968592,Sr02_gA_IMG1_LID1_STA1_GRU64_OH0,0316_2330,A,0.3416779041290283,0.07989352941513062,0.5,0.0,-16.349174062503746,-2.9491122816520603,-3.010739418041718,19.581127170447125
1773700282.1296098,1773700282129617567,Sr02_gA_IMG1_LID1_STA1_GRU64_OH0,0316_2330,A,0.3176792562007904,0.04729475453495979,0.5,0.0,-16.398733145916818,-2.955737495560243,-3.0066554467910813,19.54252773414272
1773700282.2306335,1773700282230639711,Sr02_gA_IMG1_LID1_STA1_GRU64_OH0,0316_2330,A,0.43574702739715576,0.018199844285845757,0.5,0.0,-16.448242892012406,-2.96265913222258,-2.998696912204387,19.504178979927097
1773700282.330745,1773700282330753229,Sr02_gA_IMG1_LID1_STA1_GRU64_OH0,0316_2330,A,0.4910876154899597,0.037541139870882034,0.5,0.0,-16.49771625436623,-2.969896634470737,-2.9939674195418617,19.466081683119533
1773700282.429418,1773700282429425647,Sr02_gA_IMG1_LID1_STA1_GRU64_OH0,0316_2330,A,0.4874158203601837,0.044170282781124115,0.5,0.0,-16.547165689769088,-2.9772961162476124,-2.9921474158265293,19.428144887652383
1773700282.5283062,1773700282528313495,Sr02_gA_IMG1_LID1_STA1_GRU64_OH0,0316_2330,A,0.46490776538848877,-0.04035495966672897,0.5,0.0,-16.596594288349053,-2.9848333829380347,-2.988393322779456,19.390354003666307
1773700282.6295478,1773700282629554706,Sr02_gA_IMG1_LID1_STA1_GRU64_OH0,0316_2330,A,0.458703875541687,-0.054964907467365265,0.5,0.0,-16.645991669391883,-2.9925725278459665,-2.983976306798386,19.352752976869997
1773700282.728131,1773700282728138446,Sr02_gA_IMG1_LID1_STA1_GRU64_OH0,0316_2330,A,0.4643309414386749,-0.05192200466990471,0.5,0.0,-16.695350778493584,-3.0003451248118727,-2.9873712406892468,19.31525843236583
1773700282.8282797,1773700282828286650,Sr02_gA_IMG1_LID1_STA1_GRU64_OH0,0316_2330,A,0.4497893750667572,-0.045300811529159546,0.5,0.0,-16.744778205900918,-3.0078898453217446,-2.9928677112657307,19.277640216437405
1773700282.9283528,1773700282928360381,Sr02_gA_IMG1_LID1_STA1_GRU64_OH0,0316_2330,A,0.44263559579849243,-0.043082013726234436,0.5,0.0,-16.794245255489283,-3.015170303452039,-2.9980599055688884,19.23990237552577
1773700283.0300639,1773700283030071475,Sr02_gA_IMG1_LID1_STA1_GRU64_OH0,0316_2330,A,0.28851059079170227,-0.026889976114034653,0.5,0.0,-16.84374712505952,-3.0222102122583707,-3.0025899843790502,19.202061082841677
1773700283.1301134,1773700283130121202,Sr02_gA_IMG1_LID1_STA1_GRU64_OH0,0316_2330,A,0.30488744378089905,-0.02305380441248417,0.5,0.0,-16.893279571102145,-3.0290316991994857,-3.0067362692323916,19.164131302845576
1773700283.228958,1773700283228964525,Sr02_gA_IMG1_LID1_STA1_GRU64_OH0,0316_2330,A,0.47373080253601074,0.004517791792750359,0.5,0.0,-16.942834566375097,-3.035687571183376,-3.0093869063592362,19.126147980782118
1773700283.331433,1773700283331441836,Sr02_gA_IMG1_LID1_STA1_GRU64_OH0,0316_2330,A,0.4870503544807434,0.06625328212976456,0.5,0.0,-16.992405704441225,-3.042222164894981,-3.0114165835599054,19.08814035589451
1773700283.4292936,1773700283429301038,Sr02_gA_IMG1_LID1_STA1_GRU64_OH0,0316_2330,A,0.49068483710289,0.06576776504516602,0.5,0.0,-17.041970043026453,-3.048723277995033,-3.0105901720025217,19.050175512503326
1773700283.529505,1773700283529512322,Sr02_gA_IMG1_LID1_STA1_GRU64_OH0,0316_2330,A,0.4703150689601898,0.05187969654798508,0.5,0.0,-17.09151659153096,-3.0554179017938323,-3.003980871599731,19.01238729247621
1773700283.6296444,1773700283629651628,Sr02_gA_IMG1_LID1_STA1_GRU64_OH0,0316_2330,A,0.3719688951969147,0.11223309487104416,0.5,0.0,-17.14102104811161,-3.06243926588529,-2.9975429785380947,18.974870372268185
1773700283.7320263,1773700283732035040,Sr02_gA_IMG1_LID1_STA1_GRU64_OH0,0316_2330,A,0.4102270007133484,0.114773228764534,0.5,0.0,-17.190473175318164,-3.0697444238253166,-2.9919939993323603,18.93761126095369
1773700283.8292024,1773700283829209772,Sr02_gA_IMG1_LID1_STA1_GRU64_OH0,0316_2330,A,0.48646456003189087,0.05962666869163513,0.5,0.0,-17.23986712949072,-3.077472281522211,-2.980762852277416,18.900693059893783
1773700283.9300795,1773700283930086851,Sr02_gA_IMG1_LID1_STA1_GRU64_OH0,0316_2330,A,0.49276164174079895,0.038200199604034424,0.5,0.0,-17.28916360411063,-3.085759215267676,-2.9696951326943677,18.8642261442428
1773700284.0304132,1773700284030419825,Sr02_gA_IMG1_LID1_STA1_GRU64_OH0,0316_2330,A,0.42314693331718445,-0.03735341131687164,0.5,0.0,-17.338401003421726,-3.094458117250082,-2.9639467084720845,18.82809941405212
1773700284.1305847,1773700284130593467,Sr02_gA_IMG1_LID1_STA1_GRU64_OH0,0316_2330,A,0.4846028685569763,-0.09857415407896042,0.5,0.0,-17.38758608018619,-3.103384739680287,-2.9605137400803763,18.79220663504451
1773700284.230072,1773700284230079623,Sr02_gA_IMG1_LID1_STA1_GRU64_OH0,0316_2330,A,0.4892320930957794,-0.0857430174946785,0.5,0.0,-17.436752537540336,-3.1122952324322113,-2.96451696661074,18.756384821931913
1773700284.328796,1773700284328803980,Sr02_gA_IMG1_LID1_STA1_GRU64_OH0,0316_2330,A,0.48962318897247314,-0.05270583555102348,0.5,0.0,-17.486007825100177,-3.120860367949201,-2.9742269554649536,18.720360705219775
1773700284.4309077,1773700284430915826,Sr02_gA_IMG1_LID1_STA1_GRU64_OH0,0316_2330,A,0.49465855956077576,-0.0646161139011383,0.5,0.0,-17.53534414673081,-3.128978991861228,-2.9824708928866217,18.68408294396978
1773700284.5290987,1773700284529105807,Sr02_gA_IMG1_LID1_STA1_GRU64_OH0,0316_2330,A,0.3998482823371887,-0.01635909266769886,0.5,0.0,-17.584733180011195,-3.136771116856732,-2.9878605708719865,18.647641141982433
1773700284.6282423,1773700284628250854,Sr02_gA_IMG1_LID1_STA1_GRU64_OH0,0316_2330,A,0.39104968309402466,-0.019060099497437477,0.5,0.0,-17.634156702324567,-3.1442671236077326,-2.9939273892201395,18.61106654569679
1773700284.7294557,1773700284729462128,Sr02_gA_IMG1_LID1_STA1_GRU64_OH0,0316_2330,A,0.45747706294059753,0.03321138396859169,0.5,0.0,-17.683618568052154,-3.1515830601645822,-2.995590319483667,18.574420853923442
1773700284.8294482,1773700284829455768,Sr02_gA_IMG1_LID1_STA1_GRU64_OH0,0316_2330,A,0.47464123368263245,-0.024064170196652412,0.5,0.0,-17.733082356446964,-3.1588094646855662,-2.997114903097139,18.53778514124883
1773700284.9298286,1773700284929835221,Sr02_gA_IMG1_LID1_STA1_GRU64_OH0,0316_2330,A,0.47906526923179626,-0.0295823086053133,0.5,0.0,-17.782538234674224,-3.1660877670520087,-2.994179373882815,18.501248009245288
1773700285.0299704,1773700285029977744,Sr02_gA_IMG1_LID1_STA1_GRU64_OH0,0316_2330,A,0.4997943341732025,-0.05685994401574135,0.5,0.0,-17.8320047558214,-3.1733721142124933,-2.9966409426742686,18.464768625707094
1773700285.130154,1773700285130161054,Sr02_gA_IMG1_LID1_STA1_GRU64_OH0,0316_2330,A,0.5001224279403687,-0.05519271269440651,0.5,0.0,-17.88149110361116,-3.180520480583889,-2.9998719283671322,18.428258576077088
1773700285.2299664,1773700285229972678,Sr02_gA_IMG1_LID1_STA1_GRU64_OH0,0316_2330,A,0.488770455121994,-0.016973374411463737,0.5,0.0,-17.931009626918872,-3.1874420993707253,-3.00554123629213,18.391655459274443
1773700285.3297186,1773700285329725600,Sr02_gA_IMG1_LID1_STA1_GRU64_OH0,0316_2330,A,0.5082142949104309,-0.0211920365691185,0.5,0.0,-17.980564057882003,-3.194087646876542,-3.0106850582239506,18.35492727953635
1773700285.429631,1773700285429639429,Sr02_gA_IMG1_LID1_STA1_GRU64_OH0,0316_2330,A,0.5069295167922974,-0.003267184365540743,0.5,0.0,-18.030141775024113,-3.2005721693739195,-3.0124245856259715,18.318149977725607
1773700285.5294356,1773700285529444230,Sr02_gA_IMG1_LID1_STA1_GRU64_OH0,0316_2330,A,0.4796309769153595,0.10318109393119812,0.5,0.0,-18.07973197210333,-3.2069605293233505,-3.0143645465865148,18.281369619974885
1773700285.6305802,1773700285630586673,Sr02_gA_IMG1_LID1_STA1_GRU64_OH0,0316_2330,A,0.4637114107608795,0.08466967940330505,0.5,0.0,-18.129317730422162,-3.2132962095398163,-3.0143143894818856,18.244625195147528
1773700285.7291217,1773700285729130647,Sr02_gA_IMG1_LID1_STA1_GRU64_OH0,0316_2330,A,0.49144017696380615,-0.016196234151721,0.5,0.0,-18.178832845510854,-3.219864868559576,-3.0047697135838902,18.208136837739612
1773700285.8290935,1773700285829102235,Sr02_gA_IMG1_LID1_STA1_GRU64_OH0,0316_2330,A,0.4850574731826782,0.03690120950341225,0.5,0.0,-18.2283248728374,-3.226891655773801,-2.996703480226954,18.17199844185324
1773700285.9301803,1773700285930187049,Sr02_gA_IMG1_LID1_STA1_GRU64_OH0,0316_2330,A,0.4627148509025574,0.08396143466234207,0.5,0.0,-18.277751900641,-3.234082482728253,-2.99754326162085,18.136074470222017
1773700286.0289323,1773700286028939620,Sr02_gA_IMG1_LID1_STA1_GRU64_OH0,0316_2330,A,0.417420357465744,-0.022256579250097275,0.5,0.0,-18.327209531603664,-3.241350612786261,-2.9934878450610216,18.100237561447315
1773700286.1299524,1773700286129959441,Sr02_gA_IMG1_LID1_STA1_GRU64_OH0,0316_2330,A,0.4867589473724365,-0.025491809472441673,0.5,0.0,-18.37661940819307,-3.248933554407049,-2.985492249937262,18.064691593038965
1773700286.230128,1773700286230134425,Sr02_gA_IMG1_LID1_STA1_GRU64_OH0,0316_2330,A,0.49061793088912964,-0.034161195158958435,0.5,0.0,-18.425965620197548,-3.2566662563119455,-2.9872612180991664,18.029353849153736
1773700286.328891,1773700286328899319,Sr02_gA_IMG1_LID1_STA1_GRU64_OH0,0316_2330,A,0.4596424400806427,0.010202154517173767,0.5,0.0,-18.475381118928702,-3.2642890371449287,-2.9898970831153977,17.9939644970306
1773700286.4279785,1773700286427996886,Sr02_gA_IMG1_LID1_STA1_GRU64_OH0,0316_2330,A,0.4902328550815582,0.02574353851377964,0.5,0.0,-18.524808590424943,-3.271759628266957,-2.9929273772257523,17.95854477830419
1773700286.5286915,1773700286528701497,Sr02_gA_IMG1_LID1_STA1_GRU64_OH0,0316_2330,A,0.4743928909301758,-0.008086234331130981,0.5,0.0,-18.57425322552771,-3.2791911472535915,-2.991751771082058,17.923157463115185
1773700286.6276839,1773700286627692081,Sr02_gA_IMG1_LID1_STA1_GRU64_OH0,0316_2330,A,0.46528807282447815,0.012991382740437984,0.5,0.0,-18.623683430698872,-3.286717980010863,-2.9895157032480317,17.887908279368638
1773700286.7275949,1773700286727613984,Sr02_gA_IMG1_LID1_STA1_GRU64_OH0,0316_2330,A,0.4727380871772766,-0.012330487370491028,0.5,0.0,-18.67310933365742,-3.294273089536994,-2.9901135539635804,17.852749875660443
1773700286.8285084,1773700286828514748,Sr02_gA_IMG1_LID1_STA1_GRU64_OH0,0316_2330,A,0.46994054317474365,0.039350323379039764,0.5,0.0,-18.72253196002627,-3.3018495905400678,-2.9890676266100926,17.817677843935588
1773700286.928239,1773700286928245639,Sr02_gA_IMG1_LID1_STA1_GRU64_OH0,0316_2330,A,0.4897278845310211,0.014783727005124092,0.5,0.0,-18.77194502515112,-3.3094150961015307,-2.9899211805663284,17.782678268047327
1773700287.0288951,1773700287028904483,Sr02_gA_IMG1_LID1_STA1_GRU64_OH0,0316_2330,A,0.4884098768234253,0.023747643455863,0.5,0.0,-18.821356121460237,-3.317066246023027,-2.9862318252517315,17.747803620187273
1773700287.1284804,1773700287128487502,Sr02_gA_IMG1_LID1_STA1_GRU64_OH0,0316_2330,A,0.4652460813522339,0.0576099157333374,0.5,0.0,-18.87074813443788,-3.3248398079766286,-2.9846638156671137,17.713090576708105
1773700287.2286198,1773700287228626909,Sr02_gA_IMG1_LID1_STA1_GRU64_OH0,0316_2330,A,0.47475314140319824,0.030691176652908325,0.5,0.0,-18.920124268024704,-3.3327135515373896,-2.981950453643694,17.678524081329765
1773700287.3288562,1773700287328863651,Sr02_gA_IMG1_LID1_STA1_GRU64_OH0,0316_2330,A,0.5024702548980713,0.04645330086350441,0.5,0.0,-18.969465418908353,-3.3408032840541817,-2.976458650794173,17.64419048326109
1773700287.42869,1773700287428698099,Sr02_gA_IMG1_LID1_STA1_GRU64_OH0,0316_2330,A,0.5030454993247986,0.02044161595404148,0.5,0.0,-19.018772476317668,-3.349098568948915,-2.9732319201326916,17.610084089540525
1773700287.5296717,1773700287529681951,Sr02_gA_IMG1_LID1_STA1_GRU64_OH0,0316_2330,A,0.5084459185600281,-0.012088446877896786,0.5,0.0,-19.06804598661268,-3.3575907126927604,-2.968846703063231,17.57620048755386
1773700287.6274436,1773700287627450922,Sr02_gA_IMG1_LID1_STA1_GRU64_OH0,0316_2330,A,0.48107829689979553,-0.028193902224302292,0.5,0.0,-19.117293130523468,-3.3662346526415505,-2.9671278214041634,17.54250771121006
1773700287.7287755,1773700287728782706,Sr02_gA_IMG1_LID1_STA1_GRU64_OH0,0316_2330,A,0.4759967029094696,-0.03198626637458801,0.5,0.0,-19.166539409305393,-3.374883547344359,-2.9684977025817596,17.50889660772958
1773700287.8295918,1773700287829599390,Sr02_gA_IMG1_LID1_STA1_GRU64_OH0,0316_2330,A,0.4015909433364868,-0.01947072148323059,0.5,0.0,-19.215804366731287,-3.38342532404528,-2.9713929292436645,17.47528327266724
1773700287.9302948,1773700287930302007,Sr02_gA_IMG1_LID1_STA1_GRU64_OH0,0316_2330,A,0.4087633192539215,-0.02545151673257351,0.5,0.0,-19.26509531987798,-3.3918157670977935,-2.974466402090919,17.441634651521102
1773700288.0299623,1773700288029970940,Sr02_gA_IMG1_LID1_STA1_GRU64_OH0,0316_2330,A,0.48896536231040955,-0.0031318110413849354,0.5,0.0,-19.31440675175052,-3.400085081813793,-2.9764732782733403,17.407973565283385
1773700288.1277297,1773700288127736285,Sr02_gA_IMG1_LID1_STA1_GRU64_OH0,0316_2330,A,0.5058294534683228,-0.054462235420942307,0.5,0.0,-19.363737000646346,-3.4082413640377056,-2.9787952401417734,17.37430626895384
1773700288.2284722,1773700288228478668,Sr02_gA_IMG1_LID1_STA1_GRU64_OH0,0316_2330,A,0.4236341118812561,-0.06955071538686752,0.5,0.0,-19.413066582308822,-3.4163317180270574,-2.9799968064351297,17.340677285585823
1773700288.3289397,1773700288328947030,Sr02_gA_IMG1_LID1_STA1_GRU64_OH0,0316_2330,A,0.4275679588317871,-0.020192351192235947,0.5,0.0,-19.462437065554095,-3.424240479795515,-2.9857447743548002,17.306982103114322
1773700288.4290683,1773700288429075055,Sr02_gA_IMG1_LID1_STA1_GRU64_OH0,0316_2330,A,0.4754619300365448,-0.06813056766986847,0.5,0.0,-19.511845988982092,-3.4318320231992256,-2.9918100301402593,17.273137532648178
1773700288.5316463,1773700288531659590,Sr02_gA_IMG1_LID1_STA1_GRU64_OH0,0316_2330,A,0.48638832569122314,-0.09885939955711365,0.5,0.0,-19.561282985391404,-3.4392376523959234,-2.994678818921059,17.239233019013476
1773700288.6297178,1773700288629724484,Sr02_gA_IMG1_LID1_STA1_GRU64_OH0,0316_2330,A,0.5060907602310181,-0.10650252550840378,0.5,0.0,-19.61076934056958,-3.4463853580594606,-3.0021064139637366,17.20520638277675
1773700288.7289367,1773700288728943622,Sr02_gA_IMG1_LID1_STA1_GRU64_OH0,0316_2330,A,0.5085653066635132,-0.08321696519851685,0.5,0.0,-19.660317369757625,-3.4530914591071364,-3.0121451928013663,17.17093165322916
1773700288.8284252,1773700288828432231,Sr02_gA_IMG1_LID1_STA1_GRU64_OH0,0316_2330,A,0.4791397154331207,0.03716112673282623,0.5,0.0,-19.709932189453284,-3.4592839350938767,-3.0223297334720174,17.136357875309923
1773700288.9293199,1773700288929328497,Sr02_gA_IMG1_LID1_STA1_GRU64_OH0,0316_2330,A,0.44603970646858215,-0.010724836960434914,0.5,0.0,-19.759568904085626,-3.465027417596458,-3.0295704838692195,17.10155894408181
1773700289.029275,1773700289029282071,Sr02_gA_IMG1_LID1_STA1_GRU64_OH0,0316_2330,A,0.48389536142349243,-0.1485990434885025,0.5,0.0,-19.809196066716442,-3.4706861183361064,-3.0270027520349956,17.066788872328097
1773700289.129175,1773700289129182794,Sr02_gA_IMG1_LID1_STA1_GRU64_OH0,0316_2330,A,0.49004849791526794,-0.032527752220630646,0.5,0.0,-19.858839336600838,-3.4763684148381007,-3.0290823953527637,17.03209691015111
1773700289.2288404,1773700289228847078,Sr02_gA_IMG1_LID1_STA1_GRU64_OH0,0316_2330,A,0.4823697507381439,0.026702288538217545,0.5,0.0,-19.908439685817754,-3.4816398796692805,-3.0420271629987443,16.997251743952287
1773700289.3297067,1773700289329714479,Sr02_gA_IMG1_LID1_STA1_GRU64_OH0,0316_2330,A,0.48955339193344116,0.0185307078063488,0.5,0.0,-19.958158732333146,-3.4865217064833516,-3.044461638905929,16.962141067344938
1773700289.43108,1773700289431087721,Sr02_gA_IMG1_LID1_STA1_GRU64_OH0,0316_2330,A,0.48695987462997437,0.025652963668107986,0.5,0.0,-20.007916601930916,-3.4914362458160677,-3.041954846693858,16.927096225856612
1773700289.5281496,1773700289528162163,Sr02_gA_IMG1_LID1_STA1_GRU64_OH0,0316_2330,A,0.4867914021015167,0.0016068528639152646,0.5,0.0,-20.057663902891836,-3.4964566994412274,-3.0399593386026242,16.89220290805546
1773700289.6305346,1773700289630541097,Sr02_gA_IMG1_LID1_STA1_GRU64_OH0,0316_2330,A,0.4974989593029022,0.07060664892196655,0.5,0.0,-20.107399576655776,-3.5015910252236746,-3.0378749513096754,16.857467997520967
1773700289.7295935,1773700289729600571,Sr02_gA_IMG1_LID1_STA1_GRU64_OH0,0316_2330,A,0.5061371326446533,0.07049153000116348,0.5,0.0,-20.15710257593984,-3.5067731101929973,-3.036707566818006,16.82286578227458
1773700289.8288627,1773700289828872259,Sr02_gA_IMG1_LID1_STA1_GRU64_OH0,0316_2330,A,0.5015055537223816,0.06104813143610954,0.5,0.0,-20.206808910520802,-3.5121832442759735,-3.02964922793699,16.788486292011576
1773700289.9304059,1773700289930413841,Sr02_gA_IMG1_LID1_STA1_GRU64_OH0,0316_2330,A,0.49498167634010315,0.028940647840499878,0.5,0.0,-20.256475964843705,-3.517942873353221,-3.0227889474559295,16.75444246630787
1773700290.0297117,1773700290029718812,Sr02_gA_IMG1_LID1_STA1_GRU64_OH0,0316_2330,A,0.4923781454563141,0.03483841195702553,0.5,0.0,-20.30610551897164,-3.5240174157106208,-3.017326269694478,16.720712482998035
1773700290.1290445,1773700290129051696,Sr02_gA_IMG1_LID1_STA1_GRU64_OH0,0316_2330,A,0.4779205620288849,0.1460745483636856,0.5,0.0,-20.35571084730287,-3.5302871256708963,-3.014314256813189,16.687209976801782
1773700290.230665,1773700290230670565,Sr02_gA_IMG1_LID1_STA1_GRU64_OH0,0316_2330,A,0.46037358045578003,0.18097929656505585,0.5,0.0,-20.405263101299507,-3.536720359058804,-3.009842139998568,16.653937398033886
1773700290.3287506,1773700290328757842,Sr02_gA_IMG1_LID1_STA1_GRU64_OH0,0316_2330,A,0.477387011051178,0.02117915451526642,0.5,0.0,-20.454732909529447,-3.5436343229203646,-2.9948418040526943,16.621126295349296
1773700290.4282227,1773700290428234639,Sr02_gA_IMG1_LID1_STA1_GRU64_OH0,0316_2330,A,0.4943522810935974,-0.00398172065615654,0.5,0.0,-20.504094115711247,-3.5513822831900703,-2.9779028413302084,16.58903155120095
1773700290.5300148,1773700290530021608,Sr02_gA_IMG1_LID1_STA1_GRU64_OH0,0316_2330,A,0.4656479060649872,0.06174337491393089,0.5,0.0,-20.553320154394104,-3.5596062395670045,-2.9753643355921673,16.557441141427613
1773700290.629362,1773700290629368799,Sr02_gA_IMG1_LID1_STA1_GRU64_OH0,0316_2330,A,0.47903701663017273,-0.044071365147829056,0.5,0.0,-20.60261122129432,-3.567870472306854,-2.97476321576306,16.52591898446343
1773700290.7285883,1773700290728599008,Sr02_gA_IMG1_LID1_STA1_GRU64_OH0,0316_2330,A,0.46660315990448,-0.0035570845939219,0.5,0.0,-20.651859669071968,-3.576315311202287,-2.9696528722142697,16.49463977186386
1773700290.8292797,1773700290829286738,Sr02_gA_IMG1_LID1_STA1_GRU64_OH0,0316_2330,A,0.4721829295158386,0.0049449363723397255,0.5,0.0,-20.70110222677123,-3.5847643215840885,-2.9731558448394506,16.463459956651626
1773700290.928112,1773700290928119251,Sr02_gA_IMG1_LID1_STA1_GRU64_OH0,0316_2330,A,0.4799387753009796,-0.01471923477947712,0.5,0.0,-20.75039597244633,-3.593138466345265,-2.9733415213516543,16.4322848072746
1773700291.0272799,1773700291027286620,Sr02_gA_IMG1_LID1_STA1_GRU64_OH0,0316_2330,A,0.4880836308002472,-0.016224028542637825,0.5,0.0,-20.79968818391141,-3.601521636443202,-2.9732402979266195,16.401210007119822
1773700291.1285076,1773700291128522381,Sr02_gA_IMG1_LID1_STA1_GRU64_OH0,0316_2330,A,0.48670151829719543,-0.05322759225964546,0.5,0.0,-20.848987462861068,-3.6098631181352303,-2.974742312594584,16.370195729932597
1773700291.228096,1773700291228103708,Sr02_gA_IMG1_LID1_STA1_GRU64_OH0,0316_2330,A,0.49219825863838196,-0.08743211627006531,0.5,0.0,-20.898296922961915,-3.618122842799302,-2.97709216406114,16.339213067382982
1773700291.3277602,1773700291327773502,Sr02_gA_IMG1_LID1_STA1_GRU64_OH0,0316_2330,A,0.49522000551223755,-0.054002244025468826,0.5,0.0,-20.947643746518573,-3.6261760953395217,-2.9830979407469473,16.308157995053843
1773700291.429971,1773700291429977684,Sr02_gA_IMG1_LID1_STA1_GRU64_OH0,0316_2330,A,0.49565738439559937,-0.04751891270279884,0.5,0.0,-20.99705041082072,-3.6338550588450533,-2.991172563275321,16.27690010769486
1773700291.5277796,1773700291527786692,Sr02_gA_IMG1_LID1_STA1_GRU64_OH0,0316_2330,A,0.503135621547699,-0.014207756146788597,0.5,0.0,-21.046505715106527,-3.641214857338663,-2.996443118990376,16.245483851261184
1773700291.6281154,1773700291628123113,Sr02_gA_IMG1_LID1_STA1_GRU64_OH0,0316_2330,A,0.49199342727661133,-0.07039422541856766,0.5,0.0,-21.095996455110487,-3.648332599628,-3.0005288043455747,16.21397040680905
1773700291.7273617,1773700291727378320,Sr02_gA_IMG1_LID1_STA1_GRU64_OH0,0316_2330,A,0.4836793839931488,-0.03314559534192085,0.5,0.0,-21.145494089410164,-3.655321516170092,-3.0028833304265126,16.182457255530576
1773700291.828109,1773700291828116846,Sr02_gA_IMG1_LID1_STA1_GRU64_OH0,0316_2330,A,0.4777044355869293,0.03941357508301735,0.5,0.0,-21.19503728184967,-3.662064104246823,-3.0091777901117864,16.15083578924797
1773700291.9291863,1773700291929194426,Sr02_gA_IMG1_LID1_STA1_GRU64_OH0,0316_2330,A,0.4787270724773407,0.034650422632694244,0.5,0.0,-21.244579023806317,-3.6685838289082695,-3.011452448308871,16.11915580531667
1773700292.0279388,1773700292027945695,Sr02_gA_IMG1_LID1_STA1_GRU64_OH0,0316_2330,A,0.5031623840332031,-0.08409980684518814,0.5,0.0,-21.294143353721417,-3.67516969756515,-3.007606370237906,16.08759763794196
1773700292.1279438,1773700292127950827,Sr02_gA_IMG1_LID1_STA1_GRU64_OH0,0316_2330,A,0.488302081823349,-0.114034004509449,0.5,0.0,-21.343651866290713,-3.6819258868941485,-3.005183807417703,16.056290880781876
1773700292.2283456,1773700292228357061,Sr02_gA_IMG1_LID1_STA1_GRU64_OH0,0316_2330,A,0.5024293661117554,-0.028233949095010757,0.5,0.0,-21.393168462572795,-3.688522405664581,-3.0138734863568026,16.02496271780489
1773700292.3285067,1773700292328513942,Sr02_gA_IMG1_LID1_STA1_GRU64_OH0,0316_2330,A,0.48552900552749634,-0.13798022270202637,0.5,0.0,-21.44276392492555,-3.694609112438066,-3.0241713856724206,15.99331953339833
1773700292.428879,1773700292428891351,Sr02_gA_IMG1_LID1_STA1_GRU64_OH0,0316_2330,A,0.4795275330543518,-0.13297991454601288,0.5,0.0,-21.492395928468305,-3.7003885711958477,-3.027988379931193,15.961530598818152
1773700292.5277507,1773700292527761135,Sr02_gA_IMG1_LID1_STA1_GRU64_OH0,0316_2330,A,0.505216121673584,0.02536790631711483,0.5,0.0,-21.542070609410963,-3.7057219733579445,-3.0413872496339174,15.929494115806047
1773700292.6286483,1773700292628655407,Sr02_gA_IMG1_LID1_STA1_GRU64_OH0,0316_2330,A,0.47099173069000244,-0.03300560265779495,0.5,0.0,-21.591787751593344,-3.7104002123467694,-3.0525744384182323,15.897062929469685
1773700292.7283156,1773700292728324220,Sr02_gA_IMG1_LID1_STA1_GRU64_OH0,0316_2330,A,0.5014769434928894,-0.028744768351316452,0.5,0.0,-21.641510989308667,-3.7148724527737693,-3.0519909696627194,15.864574320215423
1773700292.8287184,1773700292828725044,Sr02_gA_IMG1_LID1_STA1_GRU64_OH0,0316_2330,A,0.5231013894081116,-0.04599006846547127,0.5,0.0,-21.69131761892116,-3.71926530862249,-3.0551637010798265,15.832061347175305
1773700292.9304724,1773700292930479641,Sr02_gA_IMG1_LID1_STA1_GRU64_OH0,0316_2330,A,0.5234513878822327,-0.0393623523414135,0.5,0.0,-21.741137261541173,-3.7235080599239083,-3.058383066548816,15.799525029236426
1773700293.0286663,1773700293028672869,Sr02_gA_IMG1_LID1_STA1_GRU64_OH0,0316_2330,A,0.5181882977485657,-0.03595459461212158,0.5,0.0,-21.790973524774493,-3.727550634534812,-3.0627832386540135,15.766927414844236
1773700293.128019,1773700293128028016,Sr02_gA_IMG1_LID1_STA1_GRU64_OH0,0316_2330,A,0.5195356607437134,-0.12522436678409576,0.5,0.0,-21.84082588972802,-3.7313896815279097,-3.0666172375462626,15.734266129844462
1773700293.229138,1773700293229145532,Sr02_gA_IMG1_LID1_STA1_GRU64_OH0,0316_2330,A,0.5196772813796997,-0.12396077066659927,0.5,0.0,-21.89064631361504,-3.7350306707877,-3.072042884637371,15.701578610806664
1773700293.329586,1773700293329603535,Sr02_gA_IMG1_LID1_STA1_GRU64_OH0,0316_2330,A,0.5163698792457581,-0.19352954626083374,0.5,-0.5,-21.94054586464896,-3.7381932501652253,-3.084527383298742,15.66858715157706
1773700293.4298503,1773700293429863622,Sr02_gA_IMG1_LID1_STA1_GRU64_OH0,0316_2330,A,0.5164453983306885,-0.1946863830089569,0.5,-0.5,-21.990448168580752,-3.7407236319016444,-3.0985382975778815,15.635234728592984
1773700293.5288126,1773700293528818848,Sr02_gA_IMG1_LID1_STA1_GRU64_OH0,0316_2330,A,0.5022755861282349,-0.2872938811779022,0.5,-0.5,-22.04041954248294,-3.7423919306208293,-3.117925920262509,15.601308444535102
1773700293.6284199,1773700293628433498,Sr02_gA_IMG1_LID1_STA1_GRU64_OH0,0316_2330,A,0.494153767824173,-0.4716811180114746,0.5,-0.5,-22.09034470879192,-3.743078055605387,-3.139050051887057,15.566799908709637
1773700293.7285776,1773700293728584407,Sr02_gA_IMG1_LID1_STA1_GRU64_OH0,0316_2330,A,0.4935789704322815,-0.47609153389930725,0.5,-0.5,-22.140263252915688,-3.7424772638152093,3.113537480993828,15.53145895086719
1773700293.8290138,1773700293829031930,Sr02_gA_IMG1_LID1_STA1_GRU64_OH0,0316_2330,A,0.5101891160011292,-0.3079683184623718,0.5,-0.5,-22.189997719526648,-3.739968727481599,3.0677554283205124,15.494958455400681
1773700293.9293115,1773700293929318257,Sr02_gA_IMG1_LID1_STA1_GRU64_OH0,0316_2330,A,0.5091977119445801,-0.3146530091762543,0.5,-0.5,-22.239676423272336,-3.735125430150605,3.0233858412320593,15.456893292474891
1773700294.029305,1773700294029312478,Sr02_gA_IMG1_LID1_STA1_GRU64_OH0,0316_2330,A,0.5133168697357178,-0.086356021463871,0.5,0.0,-22.289205249565402,-3.728462683782658,2.9923062682549624,15.417689837105915
1773700294.1296341,1773700294129641656,Sr02_gA_IMG1_LID1_STA1_GRU64_OH0,0316_2330,A,0.5131277441978455,-0.11808975785970688,0.5,0.0,-22.338455348234778,-3.7202772935699318,2.963277772948632,15.377643624363799
1773700294.2308269,1773700294230841559,Sr02_gA_IMG1_LID1_STA1_GRU64_OH0,0316_2330,A,0.5096341967582703,-0.15171368420124054,0.5,-0.5,-22.38743161953432,-3.7111442592846093,2.9518935641701955,15.337159892927414
1773700294.3288732,1773700294328884812,Sr02_gA_IMG1_LID1_STA1_GRU64_OH0,0316_2330,A,0.4941382110118866,-0.1381836086511612,0.5,0.0,-22.43647367938235,-3.701419634694154,2.939085728656228,15.296257652294987
1773700294.4305377,1773700294430544840,Sr02_gA_IMG1_LID1_STA1_GRU64_OH0,0316_2330,A,0.4939786493778229,-0.1435319483280182,0.5,0.0,-22.485374440131988,-3.690995185727155,2.924320277120238,15.254999414487314
1773700294.529511,1773700294529525745,Sr02_gA_IMG1_LID1_STA1_GRU64_OH0,0316_2330,A,0.4910663068294525,-0.2165604531764984,0.5,-0.5,-22.534122594208824,-3.679878680018221,2.9103414927090716,15.213395772991332
1773700294.6297498,1773700294629756486,Sr02_gA_IMG1_LID1_STA1_GRU64_OH0,0316_2330,A,0.4872382879257202,-0.1941368728876114,0.5,-0.5,-22.582672757037557,-3.6680681111481093,2.8943540715814993,15.171473609140575
1773700294.7290263,1773700294729033283,Sr02_gA_IMG1_LID1_STA1_GRU64_OH0,0316_2330,A,0.4882034659385681,-0.19897250831127167,0.5,-0.5,-22.631017398502394,-3.6553126465369905,2.8733707565805133,15.129052336591366
1773700294.8298688,1773700294829875977,Sr02_gA_IMG1_LID1_STA1_GRU64_OH0,0316_2330,A,0.49369707703590393,-0.20740355551242828,0.5,-0.5,-22.679097622834504,-3.641593596653433,2.853812035469093,15.086154775645554
1773700294.930416,1773700294930422468,Sr02_gA_IMG1_LID1_STA1_GRU64_OH0,0316_2330,A,0.4943373501300812,-0.21512766182422638,0.5,-0.5,-22.726896514364803,-3.626924525932974,2.833661892571307,15.042798410508047
1773700295.0295894,1773700295029596030,Sr02_gA_IMG1_LID1_STA1_GRU64_OH0,0316_2330,A,0.36851903796195984,-0.3426401913166046,0.5,-0.5,-22.774383528419587,-3.611275497384407,2.8126898540544536,14.99897824342312
1773700295.130537,1773700295130544675,Sr02_gA_IMG1_LID1_STA1_GRU64_OH0,0316_2330,A,0.46939221024513245,-0.46625447273254395,0.5,-0.5,-22.821455362428555,-3.5946324642920153,2.789503883378403,14.954750242842014
1773700295.2304714,1773700295230477941,Sr02_gA_IMG1_LID1_STA1_GRU64_OH0,0316_2330,A,0.469265341758728,-0.47200581431388855,0.5,-0.5,-22.86795124174785,-3.5766414130940714,2.7535509934940983,14.90995937998012
1773700295.327805,1773700295327812567,Sr02_gA_IMG1_LID1_STA1_GRU64_OH0,0316_2330,A,0.48570430278778076,-0.382382869720459,0.5,-0.5,-22.913748252055303,-3.5566665674360727,2.7068667837186586,14.864215963177557
1773700295.4302332,1773700295430240815,Sr02_gA_IMG1_LID1_STA1_GRU64_OH0,0316_2330,A,0.4901388883590698,-0.35601213574409485,0.5,-0.5,-22.958578708793734,-3.53456994642237,2.6622482189363366,14.817592376216464
1773700295.5294075,1773700295529416441,Sr02_gA_IMG1_LID1_STA1_GRU64_OH0,0316_2330,A,0.5054304599761963,-0.09106691181659698,0.5,0.0,-23.00249485127103,-3.5106727414658447,2.624801077566674,14.770282312866161
1773700295.628654,1773700295628661428,Sr02_gA_IMG1_LID1_STA1_GRU64_OH0,0316_2330,A,0.5004062056541443,-0.19732415676116943,0.5,-0.5,-23.045461846353586,-3.485252466285047,2.5918236594592954,14.722507906736267
1773700295.7293265,1773700295729333768,Sr02_gA_IMG1_LID1_STA1_GRU64_OH0,0316_2330,A,0.4978843927383423,-0.2101571410894394,0.5,-0.5,-23.087617823616526,-3.4589894916385595,2.57780110234602,14.674673103603425
1773700295.8282568,1773700295828264658,Sr02_gA_IMG1_LID1_STA1_GRU64_OH0,0316_2330,A,0.48925361037254333,-0.46060237288475037,0.5,-0.5,-23.12960429583927,-3.4318587287956572,2.557718525895927,14.626323826223485
1773700295.9286013,1773700295928610508,Sr02_gA_IMG1_LID1_STA1_GRU64_OH0,0316_2330,A,0.48941412568092346,-0.4578111469745636,0.5,-0.5,-23.170963951110473,-3.4038914749479368,2.5350368472164893,14.577789490090154
1773700296.0297816,1773700296029790303,Sr02_gA_IMG1_LID1_STA1_GRU64_OH0,0316_2330,A,0.4986500144004822,-0.4479907751083374,0.5,-0.5,-23.21112745731349,-3.374876668281729,2.494258174215086,14.529294786632104
1773700296.1292834,1773700296129290856,Sr02_gA_IMG1_LID1_STA1_GRU64_OH0,0316_2330,A,0.5019577145576477,-0.4178958833217621,0.5,-0.5,-23.250309532205492,-3.3438229721448023,2.4487717182168978,14.479958452266015
1773700296.2282407,1773700296228247375,Sr02_gA_IMG1_LID1_STA1_GRU64_OH0,0316_2330,A,0.510927140712738,-0.36271753907203674,0.5,-0.5,-23.288058337104115,-3.3110415564791835,2.404875527647072,14.430311149956605
1773700296.327657,1773700296327663297,Sr02_gA_IMG1_LID1_STA1_GRU64_OH0,0316_2330,A,0.4982296824455261,-0.22917146980762482,0.5,-0.5,-23.324388324897726,-3.2766935141511464,2.3647412955877107,14.3804597513966
1773700296.42951,1773700296429527052,Sr02_gA_IMG1_LID1_STA1_GRU64_OH0,0316_2330,A,0.49999290704727173,-0.2340325266122818,0.5,-0.5,-23.359361954765927,-3.2410683063275054,2.3311251246645113,14.330574978085245
1773700296.527308,1773700296527314850,Sr02_gA_IMG1_LID1_STA1_GRU64_OH0,0316_2330,A,0.4971618950366974,-0.45293721556663513,0.5,-0.5,-23.393400982736022,-3.2044454485707967,2.308062160012139,14.2805796424072
1773700296.6290011,1773700296629007930,Sr02_gA_IMG1_LID1_STA1_GRU64_OH0,0316_2330,A,0.4704769551753998,-0.5224457383155823,0.5,-0.5,-23.42648291470727,-3.167116449041133,2.281874649380126,14.230704560003694
1773700296.729459,1773700296729465973,Sr02_gA_IMG1_LID1_STA1_GRU64_OH0,0316_2330,A,0.4375125765800476,-0.5205576419830322,0.5,-0.5,-23.45810966200134,-3.1287830177714873,2.236940493488533,14.181063797700462
1773700296.82923,1773700296829238103,Sr02_gA_IMG1_LID1_STA1_GRU64_OH0,0316_2330,A,0.47814857959747314,-0.5724235773086548,0.5,-0.5,-23.48801218459902,-3.088716598613408,2.1869405444101138,14.131299845842
1773700296.9309232,1773700296930929851,Sr02_gA_IMG1_LID1_STA1_GRU64_OH0,0316_2330,A,0.4867132008075714,-0.5786864161491394,0.5,-0.5,-23.515874852562078,-3.0472057501926155,2.1369405942176214,14.081841044365706
1773700297.0278273,1773700297027845691,Sr02_gA_IMG1_LID1_STA1_GRU64_OH0,0316_2330,A,0.4848195016384125,-0.49702849984169006,0.5,-0.5,-23.54162802386001,-3.004354227807373,2.0869406440250144,14.032814891119962
1773700297.1288767,1773700297128883566,Sr02_gA_IMG1_LID1_STA1_GRU64_OH0,0316_2330,A,0.5046617984771729,-0.2927020490169525,0.5,-0.5,-23.565208387250323,-2.9602696790324274,2.0370595519893535,13.984348802867608
1773700297.2296515,1773700297229658351,Sr02_gA_IMG1_LID1_STA1_GRU64_OH0,0316_2330,A,0.5046704411506653,-0.278424471616745,0.5,-0.5,-23.586551241826008,-2.9152058413658746,1.992386186447739,13.936680226293852
1773700297.3301241,1773700297330131152,Sr02_gA_IMG1_LID1_STA1_GRU64_OH0,0316_2330,A,0.5208444595336914,-0.14333783090114594,0.5,0.0,-23.60632688393976,-2.869322668416456,1.9635626544137486,13.889481662476324
1773700297.429668,1773700297429675008,Sr02_gA_IMG1_LID1_STA1_GRU64_OH0,0316_2330,A,0.500380277633667,-0.15030533075332642,0.5,-0.5,-23.624818522433014,-2.8229515331741664,1.939390588246016,13.84281177154695
1773700297.5302207,1773700297530227701,Sr02_gA_IMG1_LID1_STA1_GRU64_OH0,0316_2330,A,0.5004252791404724,0.01569117233157158,0.5,0.0,-23.642496245079343,-2.776181313198296,1.9247781242907274,13.796422543786056
1773700297.6297429,1773700297629749033,Sr02_gA_IMG1_LID1_STA1_GRU64_OH0,0316_2330,A,0.49558866024017334,-0.06249842047691345,0.5,0.0,-23.65946561572282,-2.729259156563571,1.913168737254071,13.750427662108528
1773700297.7294064,1773700297729413598,Sr02_gA_IMG1_LID1_STA1_GRU64_OH0,0316_2330,A,0.50010746717453,-0.051337819546461105,0.5,0.0,-23.676238999305497,-2.6822286516710507,1.912019883724938,13.704513789783562
1773700297.8297534,1773700297829760300,Sr02_gA_IMG1_LID1_STA1_GRU64_OH0,0316_2330,A,0.49739834666252136,0.017003724351525307,0.5,0.0,-23.69282788461907,-2.6350608511765294,1.9062164681302083,13.658653114352505
1773700297.9304543,1773700297930461535,Sr02_gA_IMG1_LID1_STA1_GRU64_OH0,0316_2330,A,0.49071621894836426,0.003909684717655182,0.5,0.0,-23.709178474640925,-2.587832608093138,1.9034867807781675,13.612939826643034
1773700298.0280874,1773700298028104828,Sr02_gA_IMG1_LID1_STA1_GRU64_OH0,0316_2330,A,0.5087190270423889,0.009475230239331722,0.5,0.0,-23.72554305277851,-2.5405864450256197,1.9046633988418338,13.567233978598427
1773700298.1302679,1773700298130275536,Sr02_gA_IMG1_LID1_STA1_GRU64_OH0,0316_2330,A,0.5020459890365601,0.01949930191040039,0.5,0.0,-23.741939339247516,-2.4933512738307995,1.9052769839579267,13.521544856879615
1773700298.2304876,1773700298230493954,Sr02_gA_IMG1_LID1_STA1_GRU64_OH0,0316_2330,A,0.5041112899780273,0.01303195022046566,0.5,0.0,-23.758379429697104,-2.4461313337069237,1.906625459993212,13.475867434026002
1773700298.3283145,1773700298328321978,Sr02_gA_IMG1_LID1_STA1_GRU64_OH0,0316_2330,A,0.4914553165435791,0.0529128834605217,0.5,0.0,-23.774900607120863,-2.3989397056728663,1.9083166982234954,13.430185764209934
1773700298.4306538,1773700298430660886,Sr02_gA_IMG1_LID1_STA1_GRU64_OH0,0316_2330,A,0.4922606647014618,0.0755319595336914,0.5,0.0,-23.791500419318115,-2.3517848722012493,1.9111841940050645,13.38450765190743
1773700298.5299673,1773700298529974614,Sr02_gA_IMG1_LID1_STA1_GRU64_OH0,0316_2330,A,0.49659469723701477,0.07388589531183243,0.5,0.0,-23.808326182325114,-2.304701057549925,1.9173802178356267,13.338756459081829
1773700298.629331,1773700298629338418,Sr02_gA_IMG1_LID1_STA1_GRU64_OH0,0316_2330,A,0.5049702525138855,-0.10683619976043701,0.5,0.0,-23.8254873432924,-2.257738492342445,1.924867560121958,13.292892463795754
1773700298.7319007,1773700298731913715,Sr02_gA_IMG1_LID1_STA1_GRU64_OH0,0316_2330,A,0.49438905715942383,-0.10699940472841263,0.5,0.0,-23.842935622680322,-2.2109938451374203,1.9290184753709323,13.247017769180186
1773700298.8304973,1773700298830505822,Sr02_gA_IMG1_LID1_STA1_GRU64_OH0,0316_2330,A,0.5051718950271606,-0.09563007205724716,0.5,0.0,-23.860205451675856,-2.164161740148064,1.9187804561042363,13.20123248029634
1773700298.9296606,1773700298929668423,Sr02_gA_IMG1_LID1_STA1_GRU64_OH0,0316_2330,A,0.5015384554862976,-0.0882021114230156,0.5,0.0,-23.87700812475824,-2.117069832769582,1.908535297048831,13.155613444660268
1773700299.030036,1773700299030044470,Sr02_gA_IMG1_LID1_STA1_GRU64_OH0,0316_2330,A,0.4898674786090851,-0.010180927813053131,0.5,0.0,-23.893352847810867,-2.069816984420835,1.8992694177215879,13.110228205440437
1773700299.1298838,1773700299129900078,Sr02_gA_IMG1_LID1_STA1_GRU64_OH0,0316_2330,A,0.49901193380355835,-0.00811794400215149,0.5,0.0,-23.909285880921708,-2.0224573225887643,1.8930945290766215,13.065085991005379
1773700299.2303987,1773700299230404840,Sr02_gA_IMG1_LID1_STA1_GRU64_OH0,0316_2330,A,0.5000353455543518,-0.007612466346472502,0.5,0.0,-23.925099881440314,-1.9750240338278107,1.8921589543812152,13.02000904934914
1773700299.3298876,1773700299329894522,Sr02_gA_IMG1_LID1_STA1_GRU64_OH0,0316_2330,A,0.5203303098678589,-0.0037267152220010757,0.5,0.0,-23.94087380086061,-1.9275774004621022,1.8913673799879505,12.97498657226957
1773700299.4284258,1773700299428432466,Sr02_gA_IMG1_LID1_STA1_GRU64_OH0,0316_2330,A,0.5211365222930908,-0.003107205033302307,0.5,0.0,-23.956612640765748,-1.8801191185872168,1.8907615614313102,12.930016848195324
1773700299.527856,1773700299527863126,Sr02_gA_IMG1_LID1_STA1_GRU64_OH0,0316_2330,A,0.5114652514457703,-0.0389908105134964,0.5,0.0,-23.9723307087318,-1.8326539524466399,1.8904136703965888,12.885093819604124
1773700299.630627,1773700299630633745,Sr02_gA_IMG1_LID1_STA1_GRU64_OH0,0316_2330,A,0.4986996352672577,-0.04583395645022392,0.5,0.0,-23.988019682406275,-1.7851799393801357,1.8886702481094606,12.840222411647565
1773700299.730497,1773700299730503740,Sr02_gA_IMG1_LID1_STA1_GRU64_OH0,0316_2330,A,0.5012964606285095,-0.04679557681083679,0.5,0.0,-24.00355183057099,-1.737653646872104,1.8844974534186179,12.795461946393571
1773700299.8288863,1773700299828893653,Sr02_gA_IMG1_LID1_STA1_GRU64_OH0,0316_2330,A,0.5028198957443237,-0.03440897911787033,0.5,0.0,-24.01887147900022,-1.690058441098472,1.879875601281476,12.750840953414858
1773700299.930448,1773700299930455103,Sr02_gA_IMG1_LID1_STA1_GRU64_OH0,0316_2330,A,0.5029705166816711,-0.03378164768218994,0.5,0.0,-24.033973786619324,-1.642393818811259,1.875691504934678,12.706363963041035
1773700300.0299473,1773700300029953983,Sr02_gA_IMG1_LID1_STA1_GRU64_OH0,0316_2330,A,0.5086073279380798,0.031120572239160538,0.5,0.0,-24.048901600360868,-1.5946742460516246,1.8722757053330616,12.66201248670653
1773700300.128216,1773700300128224679,Sr02_gA_IMG1_LID1_STA1_GRU64_OH0,0316_2330,A,0.5073511600494385,-0.02681146003305912,0.5,0.0,-24.06368284774275,-1.5469264580320066,1.8712105723534953,12.617786991204534
1773700300.2277849,1773700300227791067,Sr02_gA_IMG1_LID1_STA1_GRU64_OH0,0316_2330,A,0.5034219622612,-0.01266956701874733,0.5,0.0,-24.078530660698185,-1.499193880743519,1.8721997157102108,12.573568190144131
1773700300.3281465,1773700300328153128,Sr02_gA_IMG1_LID1_STA1_GRU64_OH0,0316_2330,A,0.5024793148040771,0.03151959180831909,0.5,0.0,-24.093315071439157,-1.4514296696037072,1.8700842386291516,12.529415515583064
1773700300.428639,1773700300428649193,Sr02_gA_IMG1_LID1_STA1_GRU64_OH0,0316_2330,A,0.5012583136558533,0.03385501727461815,0.5,0.0,-24.108039380614958,-1.4036584924869397,1.8705225228210225,12.485344795545476
1773700300.527773,1773700300527780004,Sr02_gA_IMG1_LID1_STA1_GRU64_OH0,0316_2330,A,0.5024822354316711,-0.05540136247873306,0.5,0.0,-24.12287846370636,-1.3559112505159745,1.873767891658773,12.441253807061715
1773700300.628898,1773700300628905586,Sr02_gA_IMG1_LID1_STA1_GRU64_OH0,0316_2330,A,0.502483069896698,-0.0022919047623872757,0.5,0.0,-24.137843146084478,-1.308242711378932,1.8743442862158324,12.397173082865276
1773700300.7291365,1773700300729150504,Sr02_gA_IMG1_LID1_STA1_GRU64_OH0,0316_2330,A,0.5018689036369324,-0.001327836187556386,0.5,0.0,-24.15267097443202,-1.2605036360122328,1.8707895043320208,12.35318575022495
1773700300.828137,1773700300828144244,Sr02_gA_IMG1_LID1_STA1_GRU64_OH0,0316_2330,A,0.5153180360794067,-0.04438980296254158,0.5,0.0,-24.167441552354695,-1.2127351348556903,1.870598875767325,12.309264749887012
1773700300.928557,1773700300928564916,Sr02_gA_IMG1_LID1_STA1_GRU64_OH0,0316_2330,A,0.512218713760376,-0.04418975114822388,0.5,0.0,-24.1748240482208,-1.1888500207612749,1.8705324840621176,12.287323076796138
1773700301.029452,1773700301029459108,Sr02_gA_IMG1_LID1_STA1_GRU64_OH0,0316_2330,A,0.505719006061554,0.0007930120918899775,0.5,0.0,-24.189499803424184,-1.1410642772692479,1.8665791481109733,12.243528262029304
1773700301.1284273,1773700301128434333,Sr02_gA_IMG1_LID1_STA1_GRU64_OH0,0316_2330,A,0.48848631978034973,-0.0047678775154054165,0.5,0.0,-24.20396842580699,-1.0932034939557629,1.8621581795562314,12.19987816595696
1773700301.228309,1773700301228315510,Sr02_gA_IMG1_LID1_STA1_GRU64_OH0,0316_2330,A,0.48854291439056396,-0.004469031002372503,0.5,0.0,-24.218307030612007,-1.0453151543531929,1.8617265815283839,12.156351725375625
1773700301.3277636,1773700301327770376,Sr02_gA_IMG1_LID1_STA1_GRU64_OH0,0316_2330,A,0.5054826736450195,-0.06620695441961288,0.5,0.0,-24.232640316741346,-0.9974136246578538,1.861305407616488,12.11286990956774
1773700301.428597,1773700301428605547,Sr02_gA_IMG1_LID1_STA1_GRU64_OH0,0316_2330,A,0.5056173801422119,-0.06582778692245483,0.5,0.0,-24.246951475506947,-0.9495054794629725,1.8608555165583136,12.069450047404997
1773700301.5294,1773700301529406792,Sr02_gA_IMG1_LID1_STA1_GRU64_OH0,0316_2330,A,0.5009990334510803,-0.03868754208087921,0.5,0.0,-24.261127456069936,-0.9015725852235515,1.8551066818796837,12.026162389805679
1773700301.6298368,1773700301629843014,Sr02_gA_IMG1_LID1_STA1_GRU64_OH0,0316_2330,A,0.499900221824646,0.02874588407576084,0.5,0.0,-24.274993996723893,-0.8535339580466019,1.8485201219962504,11.983079336706039
1773700301.7298596,1773700301729866020,Sr02_gA_IMG1_LID1_STA1_GRU64_OH0,0316_2330,A,0.499132364988327,0.027569567784667015,0.5,0.0,-24.28860931701737,-0.805423464202613,1.8446513533481341,11.940184065181583
1773700301.8299246,1773700301829931638,Sr02_gA_IMG1_LID1_STA1_GRU64_OH0,0316_2330,A,0.49461933970451355,-0.04101764038205147,0.5,0.0,-24.30218050155969,-0.7573222286874234,1.8472036786102715,11.897382821923474
1773700301.9293244,1773700301929331750,Sr02_gA_IMG1_LID1_STA1_GRU64_OH0,0316_2330,A,0.4813021719455719,-0.014662517234683037,0.5,0.0,-24.315891847925986,-0.7092389979306559,1.8499606317792454,11.854547471064656
1773700302.0306969,1773700302030704963,Sr02_gA_IMG1_LID1_STA1_GRU64_OH0,0316_2330,A,0.4814564883708954,-0.013844533823430538,0.5,0.0,-24.329579796102507,-0.6611747163966633,1.8462079362639545,11.811798472446954
1773700302.1301816,1773700302130196018,Sr02_gA_IMG1_LID1_STA1_GRU64_OH0,0316_2330,A,0.49017781019210815,-0.008681001141667366,0.5,0.0,-24.343141667574347,-0.6130491007888157,1.8447416667721348,11.769157426213624
1773700302.2304206,1773700302230427300,Sr02_gA_IMG1_LID1_STA1_GRU64_OH0,0316_2330,A,0.4920518398284912,-0.011963533237576485,0.5,0.0,-24.356634929452767,-0.5649042031618514,1.8433572150282098,11.726611978356472
1773700302.3305573,1773700302330564684,Sr02_gA_IMG1_LID1_STA1_GRU64_OH0,0316_2330,A,0.4991651475429535,0.016879020258784294,0.5,0.0,-24.370073958870076,-0.5167441365672544,1.8424891123827831,11.684155343974162
1773700302.4301696,1773700302430176279,Sr02_gA_IMG1_LID1_STA1_GRU64_OH0,0316_2330,A,0.4986674189567566,0.017769543454051018,0.5,0.0,-24.3834632688253,-0.4685702249175423,1.8412927635275322,11.641786050395005
1773700302.5292068,1773700302529214213,Sr02_gA_IMG1_LID1_STA1_GRU64_OH0,0316_2330,A,0.49734243750572205,0.012331467121839523,0.5,0.0,-24.396864416520202,-0.42039960803967236,1.842980640722413,11.599470965567022
1773700302.6282532,1773700302628269329,Sr02_gA_IMG1_LID1_STA1_GRU64_OH0,0316_2330,A,0.4973409175872803,0.008669313974678516,0.5,0.0,-24.410348995761897,-0.3722522805151991,1.8447575914799998,11.557170932995797
1773700302.7303665,1773700302730373221,Sr02_gA_IMG1_LID1_STA1_GRU64_OH0,0316_2330,A,0.4988570809364319,0.007957384921610355,0.5,0.0,-24.423906024850123,-0.32412529922272626,1.8459907403364755,11.514892322036776
1773700302.8301091,1773700302830116025,Sr02_gA_IMG1_LID1_STA1_GRU64_OH0,0316_2330,A,0.5045568943023682,-0.040376707911491394,0.5,0.0,-24.43751358215937,-0.2760125783435911,1.8468576731182957,11.472647655442298
1773700302.9286284,1773700302928636075,Sr02_gA_IMG1_LID1_STA1_GRU64_OH0,0316_2330,A,0.5054453611373901,-0.035328637808561325,0.5,0.0,-24.451161132585863,-0.22791118628054072,1.847653410853737,11.43044323091216
1773700303.0302742,1773700303030280753,Sr02_gA_IMG1_LID1_STA1_GRU64_OH0,0316_2330,A,0.5022993683815002,-0.025348829105496407,0.5,0.0,-24.464732371795247,-0.1798000980120009,1.843720818730017,11.388352619195977
1773700303.1300626,1773700303130073853,Sr02_gA_IMG1_LID1_STA1_GRU64_OH0,0316_2330,A,0.4922998249530792,-0.06424205750226974,0.5,0.0,-24.478124732057505,-0.13162705815594422,1.840187956864836,11.34641932598751
1773700303.2304776,1773700303230483755,Sr02_gA_IMG1_LID1_STA1_GRU64_OH0,0316_2330,A,0.4920693039894104,-0.0637800469994545,0.5,0.0,-24.491370883238368,-0.08341359713997613,1.8376530704637413,11.304634895404186
1773700303.330208,1773700303330214836,Sr02_gA_IMG1_LID1_STA1_GRU64_OH0,0316_2330,A,0.4921847879886627,-0.05248526483774185,0.5,0.0,-24.504400155346335,-0.035148991233868374,1.8312559183197827,11.263047177996283
1773700303.429664,1773700303429670715,Sr02_gA_IMG1_LID1_STA1_GRU64_OH0,0316_2330,A,0.5020039081573486,-0.02921287529170513,0.5,0.0,-24.517122229324883,0.013205326467642397,1.8248779236981447,11.22170117130385
1773700303.5294354,1773700303529442023,Sr02_gA_IMG1_LID1_STA1_GRU64_OH0,0316_2330,A,0.5213046073913574,-0.010800481773912907,0.5,0.0,-24.52956300031687,0.061632809989468,1.819629397155991,11.180590894494253
1773700303.6297739,1773700303629780599,Sr02_gA_IMG1_LID1_STA1_GRU64_OH0,0316_2330,A,0.5108660459518433,-0.039960213005542755,0.5,0.0,-24.541805855497334,0.11011074726145036,1.8167080965967781,11.139670533851751
1773700303.7301967,1773700303730204487,Sr02_gA_IMG1_LID1_STA1_GRU64_OH0,0316_2330,A,0.509941816329956,-0.029997335746884346,0.5,0.0,-24.553951701178217,0.15861309641017535,1.8156280360967145,11.098882422786938
1773700303.8284533,1773700303828462249,Sr02_gA_IMG1_LID1_STA1_GRU64_OH0,0316_2330,A,0.5038765072822571,0.0479598194360733,0.5,0.0,-24.565974400934618,0.20714608566297452,1.8116320436449436,11.058243901512293
1773700303.9288924,1773700303928899472,Sr02_gA_IMG1_LID1_STA1_GRU64_OH0,0316_2330,A,0.5055669546127319,0.0483330599963665,0.5,0.0,-24.577827268520053,0.25572084596239486,1.8086323073530484,11.017785083464888
1773700304.0282042,1773700304028213431,Sr02_gA_IMG1_LID1_STA1_GRU64_OH0,0316_2330,A,0.4948836863040924,0.08607114106416702,0.5,0.0,-24.589692872852897,0.30425983984693533,1.812907796799872,10.977418167680648
1773700304.1292655,1773700304129272617,Sr02_gA_IMG1_LID1_STA1_GRU64_OH0,0316_2330,A,0.5026292204856873,-0.013672764413058758,0.5,0.0,-24.60179778571212,0.35277237327857797,1.8177410946080121,10.936963995247602
1773700304.2285903,1773700304228598158,Sr02_gA_IMG1_LID1_STA1_GRU64_OH0,0316_2330,A,0.561971127986908,0.05602056905627251,0.5,0.0,-24.614225726518036,0.40119627986612766,1.82632476244066,10.896397450690003
1773700304.3283963,1773700304328404653,Sr02_gA_IMG1_LID1_STA1_GRU64_OH0,0316_2330,A,0.5257595777511597,0.02204010635614395,0.5,0.0,-24.626860304239983,0.4495210704327704,1.8259330524712996,10.855813549941193
1773700304.4277942,1773700304427801640,Sr02_gA_IMG1_LID1_STA1_GRU64_OH0,0316_2330,A,0.5451040863990784,-0.014607330784201622,0.5,0.0,-24.63959074865864,0.49784484024191383,1.831159709288274,10.815234675409416
1773700304.5287783,1773700304528787196,Sr02_gA_IMG1_LID1_STA1_GRU64_OH0,0316_2330,A,0.5403063893318176,0.0006493435939773917,0.5,0.0,-24.652515566851093,0.5461454380092821,1.8333637423204325,10.774599016174644
1773700304.6280415,1773700304628050488,Sr02_gA_IMG1_LID1_STA1_GRU64_OH0,0316_2330,A,0.5417308807373047,-0.0182306170463562,0.5,0.0,-24.665458259633642,0.594440415385445,1.8319059336081447,10.734032113539719
1773700304.7279873,1773700304727996268,Sr02_gA_IMG1_LID1_STA1_GRU64_OH0,0316_2330,A,0.5570327639579773,-0.01641322672367096,0.5,0.0,-24.67836746193964,0.6427451996017313,1.83197085618704,10.693564955209208
1773700304.8288407,1773700304828848130,Sr02_gA_IMG1_LID1_STA1_GRU64_OH0,0316_2330,A,0.5433911681175232,0.05679085850715637,0.5,0.0,-24.691234195156696,0.6910613062997452,1.8301478119110792,10.65320473330951
1773700304.928194,1773700304928201133,Sr02_gA_IMG1_LID1_STA1_GRU64_OH0,0316_2330,A,0.545780599117279,0.08277343213558197,0.5,0.0,-24.704017216803656,0.7393996293909378,1.828506490532596,10.612978060017175
1773700305.0277658,1773700305027772922,Sr02_gA_IMG1_LID1_STA1_GRU64_OH0,0316_2330,A,0.5342093110084534,0.13156481087207794,0.5,0.0,-24.71687009708121,0.7876865747783031,1.8337495654327498,10.572812118919817
1773700305.1278157,1773700305127824362,Sr02_gA_IMG1_LID1_STA1_GRU64_OH0,0316_2330,A,0.5183359980583191,0.035459328442811966,0.5,0.0,-24.730066436391613,0.8359135593010578,1.842026875225684,10.532497914227513
1773700305.2286446,1773700305228651327,Sr02_gA_IMG1_LID1_STA1_GRU64_OH0,0316_2330,A,0.5184838175773621,0.05867792293429375,0.5,0.0,-24.74376958346131,0.8839871322609099,1.8550475253502543,10.49196360103058
1773700305.3284085,1773700305328415171,Sr02_gA_IMG1_LID1_STA1_GRU64_OH0,0316_2330,A,0.5415918827056885,0.12981809675693512,0.5,0.0,-24.757901753228868,0.9319081819877791,1.859414770392002,10.451267215223162
1773700305.428547,1773700305428553757,Sr02_gA_IMG1_LID1_STA1_GRU64_OH0,0316_2330,A,0.5318854451179504,0.06839167326688766,0.5,0.0,-24.772273700693145,0.9797980518484312,1.8652825353225015,10.410481381161281
1773700305.5279229,1773700305527930445,Sr02_gA_IMG1_LID1_STA1_GRU64_OH0,0316_2330,A,0.5447419881820679,0.020937735214829445,0.5,0.0,-24.787066910555755,1.0275258102705127,1.8778112493995214,10.369542140031234
1773700305.6279278,1773700305627939756,Sr02_gA_IMG1_LID1_STA1_GRU64_OH0,0316_2330,A,0.5065627098083496,0.03786880150437355,0.5,0.0,-24.802346031017898,1.07512174903713,1.8848506734619188,10.328377516899353
1773700305.7284498,1773700305728461209,Sr02_gA_IMG1_LID1_STA1_GRU64_OH0,0316_2330,A,0.47567740082740784,0.12902629375457764,0.5,0.0,-24.81784166599912,1.122647913285037,1.8870230634615208,10.287161459522535
1773700305.829535,1773700305829544231,Sr02_gA_IMG1_LID1_STA1_GRU64_OH0,0316_2330,A,0.4834396243095398,0.008639545179903507,0.5,0.0,-24.833480735507326,1.1701391356338207,1.8908099244627166,10.245930453579517
1773700305.9295013,1773700305929508926,Sr02_gA_IMG1_LID1_STA1_GRU64_OH0,0316_2330,A,0.4801212549209595,0.1253517121076584,0.5,0.0,-24.84946134929698,1.2174641296852884,1.9028126116509851,10.20460561953687
1773700306.02911,1773700306029116153,Sr02_gA_IMG1_LID1_STA1_GRU64_OH0,0316_2330,A,0.4827340841293335,0.12305948883295059,0.5,0.0,-24.86582078098042,1.2646410601984424,1.9051914807413088,10.163144392381135
1773700306.1282904,1773700306128297510,Sr02_gA_IMG1_LID1_STA1_GRU64_OH0,0316_2330,A,0.4816063642501831,-0.004966158885508776,0.5,0.0,-24.882431474740663,1.3117164877084846,1.9160619753187274,10.12161916084087
1773700306.2301624,1773700306230168529,Sr02_gA_IMG1_LID1_STA1_GRU64_OH0,0316_2330,A,0.4734383225440979,0.01256931759417057,0.5,0.0,-24.89963784352128,1.3586499215966419,1.927955882446168,10.079776669442841
1773700306.3291352,1773700306329142101,Sr02_gA_IMG1_LID1_STA1_GRU64_OH0,0316_2330,A,0.5059961080551147,0.016086235642433167,0.5,0.0,-24.91712243704634,1.4054177847028224,1.9285738621959738,10.037883336383276
1773700306.4278255,1773700306427832294,Sr02_gA_IMG1_LID1_STA1_GRU64_OH0,0316_2330,A,0.48403200507164,-0.18414370715618134,0.5,-0.5,-24.93466161528735,1.4522406057985169,1.9298659553464177,9.995987293052908
1773700306.5287354,1773700306528750382,Sr02_gA_IMG1_LID1_STA1_GRU64_OH0,0316_2330,A,0.4961370825767517,-0.1515958607196808,0.5,-0.5,-24.95226450955742,1.4990273150352447,1.931093953067019,9.954135919040452
1773700306.6293035,1773700306629310018,Sr02_gA_IMG1_LID1_STA1_GRU64_OH0,0316_2330,A,0.48675668239593506,-0.043785516172647476,0.5,0.0,-24.96953800504328,1.5456840987365161,1.917374444276809,9.912702807652389
1773700306.7291484,1773700306729155618,Sr02_gA_IMG1_LID1_STA1_GRU64_OH0,0316_2330,A,0.5400829315185547,-0.030015531927347183,0.5,0.0,-24.986162249883336,1.5928269419837335,1.902635248946192,9.871588398309525
1773700306.8294532,1773700306829462524,Sr02_gA_IMG1_LID1_STA1_GRU64_OH0,0316_2330,A,0.5633216500282288,0.17357595264911652,0.5,0.0,-25.0023136343129,1.6400985434137056,1.8979449452887007,9.830865355842517
1773700306.9301522,1773700306930163669,Sr02_gA_IMG1_LID1_STA1_GRU64_OH0,0316_2330,A,0.5481245517730713,0.0700489729642868,0.5,0.0,-25.018307132482363,1.68745988016264,1.895327990372586,9.79030427807445
1773700307.0303195,1773700307030332032,Sr02_gA_IMG1_LID1_STA1_GRU64_OH0,0316_2330,A,0.5269110202789307,0.06501610577106476,0.5,0.0,-25.03440835207617,1.7345246764868676,1.9077637235115736,9.749914293870637
1773700307.1302094,1773700307130220283,Sr02_gA_IMG1_LID1_STA1_GRU64_OH0,0316_2330,A,0.5382465124130249,-0.0371108278632164,0.5,0.0,-25.051108579180173,1.7816161612361803,1.9150677567670205,9.709105973625192
1773700307.230117,1773700307230129603,Sr02_gA_IMG1_LID1_STA1_GRU64_OH0,0316_2330,A,0.5307899117469788,-0.016477957367897034,0.5,0.0,-25.068132145077044,1.8286166122727545,1.9211744150621288,9.668170874085911
1773700307.3289797,1773700307328986063,Sr02_gA_IMG1_LID1_STA1_GRU64_OH0,0316_2330,A,0.5219724178314209,-0.09036605060100555,0.5,0.0,-25.08521135231162,1.8755597298487359,1.9181089727051612,9.62730831944982
1773700307.4298625,1773700307429868954,Sr02_gA_IMG1_LID1_STA1_GRU64_OH0,0316_2330,A,0.49980005621910095,-0.09451963007450104,0.5,0.0,-25.102186477737742,1.922577847497604,1.9160899203747292,9.586574896989445
1773700307.5296986,1773700307529705937,Sr02_gA_IMG1_LID1_STA1_GRU64_OH0,0316_2330,A,0.5031550526618958,-0.08419203013181686,0.5,0.0,-25.11889484309315,1.969680808185408,1.9071192324020603,9.54610137520848
1773700307.6292312,1773700307629238090,Sr02_gA_IMG1_LID1_STA1_GRU64_OH0,0316_2330,A,0.5087421536445618,-0.10468368977308273,0.5,0.0,-25.1351726949567,2.016956729319955,1.8977705558671627,9.505976604198075
1773700307.728869,1773700307728877618,Sr02_gA_IMG1_LID1_STA1_GRU64_OH0,0316_2330,A,0.5100281834602356,-0.10940912365913391,0.5,0.0,-25.151031642754095,2.0643748533139052,1.88914645947742,9.466213018134635
1773700307.8295398,1773700307829546843,Sr02_gA_IMG1_LID1_STA1_GRU64_OH0,0316_2330,A,0.49333456158638,0.03670034185051918,0.5,0.0,-25.166432688113964,2.1119435887625317,1.878630860335216,9.426842893461705
1773700307.9287567,1773700307928763497,Sr02_gA_IMG1_LID1_STA1_GRU64_OH0,0316_2330,A,0.49591049551963806,0.038192830979824066,0.5,0.0,-25.181319183662076,2.1596640560459393,1.8680979265962043,9.387917711783427
1773700308.0304067,1773700308030413526,Sr02_gA_IMG1_LID1_STA1_GRU64_OH0,0316_2330,A,0.5144222974777222,0.0192028246819973,0.5,0.0,-25.195962480450962,2.2073698485031215,1.8702916447036932,9.34930859134044
1773700308.1303174,1773700308130324550,Sr02_gA_IMG1_LID1_STA1_GRU64_OH0,0316_2330,A,0.5226773023605347,-0.06417923420667648,0.5,0.0,-25.2108051234227,2.2551159758302717,1.8739210319662887,9.310618112367788
1773700308.2315361,1773700308231543710,Sr02_gA_IMG1_LID1_STA1_GRU64_OH0,0316_2330,A,0.5290423631668091,-0.11821996420621872,0.5,0.0,-25.225771791864613,2.3028114310039114,1.8754597968408584,9.271959655379224
1773700308.327696,1773700308327705137,Sr02_gA_IMG1_LID1_STA1_GRU64_OH0,0316_2330,A,0.5213392376899719,0.002321024425327778,0.5,0.0,-25.24061503486793,2.3505230725741497,1.8688692836576566,9.233504760112638
1773700308.4287586,1773700308428765045,Sr02_gA_IMG1_LID1_STA1_GRU64_OH0,0316_2330,A,0.5100182294845581,0.06773123145103455,0.5,0.0,-25.255013906166926,2.3983928588175014,1.8574578832390938,9.195448830619398
1773700308.530687,1773700308530693794,Sr02_gA_IMG1_LID1_STA1_GRU64_OH0,0316_2330,A,0.4998268187046051,0.025019571185112,0.5,0.0,-25.269106380790053,2.446296582760474,1.8573180208292828,9.157747693013121
1773700308.6302114,1773700308630218152,Sr02_gA_IMG1_LID1_STA1_GRU64_OH0,0316_2330,A,0.47573122382164,0.033394016325473785,0.5,0.0,-25.28339146847439,2.4941920803109756,1.8636636085782803,9.120005734844826
1773700308.7299364,1773700308729944215,Sr02_gA_IMG1_LID1_STA1_GRU64_OH0,0316_2330,A,0.46159785985946655,0.02443140186369419,0.5,0.0,-25.29788646870476,2.542044909844321,1.8662493123165274,9.082226887134427
1773700308.8306682,1773700308830675077,Sr02_gA_IMG1_LID1_STA1_GRU64_OH0,0316_2330,A,0.5020461082458496,0.02539980039000511,0.5,0.0,-25.31252475585186,2.5898540924664206,1.8694990856538862,9.044468092030911
1773700308.9298172,1773700308929823982,Sr02_gA_IMG1_LID1_STA1_GRU64_OH0,0316_2330,A,0.49186232686042786,0.10541452467441559,0.5,0.0,-25.32729717007296,2.637622012815734,1.8719519071884474,9.006736144928631
1773700309.0292404,1773700309029247479,Sr02_gA_IMG1_LID1_STA1_GRU64_OH0,0316_2330,A,0.5102840065956116,0.1125883162021637,0.5,0.0,-25.342186552517752,2.6853419720030614,1.8748605104983875,8.969049518858649
1773700309.1290255,1773700309129032935,Sr02_gA_IMG1_LID1_STA1_GRU64_OH0,0316_2330,A,0.5520944595336914,0.024011749774217606,0.5,0.0,-25.35739388517323,2.7329513169477293,1.8853004871752266,8.93126938340612
1773700309.229781,1773700309229789255,Sr02_gA_IMG1_LID1_STA1_GRU64_OH0,0316_2330,A,0.5251270532608032,0.03504583612084389,0.5,0.0,-25.373123798419595,2.780400075482154,1.8961503564642757,8.893244936575725
1773700309.3294141,1773700309329420858,Sr02_gA_IMG1_LID1_STA1_GRU64_OH0,0316_2330,A,0.5154358148574829,0.00568751897662878,0.5,0.0,-25.389164817937328,2.827734357425222,1.898852126900088,8.855131092760525
1773700309.42791,1773700309427920499,Sr02_gA_IMG1_LID1_STA1_GRU64_OH0,0316_2330,A,0.5141034722328186,-0.025343982502818108,0.5,0.0,-25.405357187852015,2.87503979467553,1.9020631359488072,8.817020303889969
1773700309.5294216,1773700309529429811,Sr02_gA_IMG1_LID1_STA1_GRU64_OH0,0316_2330,A,0.5034588575363159,-0.005768927745521069,0.5,0.0,-25.421631959629185,2.9223169713231907,1.9023215957978226,8.778972124750203
1773700309.6292477,1773700309629254250,Sr02_gA_IMG1_LID1_STA1_GRU64_OH0,0316_2330,A,0.5086489915847778,0.07728080451488495,0.5,0.0,-25.43784677585625,2.969614731674801,1.8999829477227295,8.741085771663823
1773700309.7294667,1773700309729473670,Sr02_gA_IMG1_LID1_STA1_GRU64_OH0,0316_2330,A,0.5085898041725159,0.08569822460412979,0.5,0.0,-25.453994109698883,3.0169238685599034,1.8997836454721162,8.703374481836208
1773700309.828142,1773700309828155518,Sr02_gA_IMG1_LID1_STA1_GRU64_OH0,0316_2330,A,0.4979441165924072,0.02975570037961006,0.5,0.0,-25.47031611258038,3.064162833171416,1.9074075913133783,8.66567075297407
1773700309.9279015,1773700309927938909,Sr02_gA_IMG1_LID1_STA1_GRU64_OH0,0316_2330,A,0.5235587954521179,0.008301022462546825,0.5,0.0,-25.487027818225556,3.111274957176167,1.91557636864108,8.627815504026142
1773700310.0293834,1773700310029399719,Sr02_gA_IMG1_LID1_STA1_GRU64_OH0,0316_2330,A,0.5246842503547668,-0.013392659835517406,0.5,0.0,-25.503996783577932,3.158307415015355,1.9183374199162835,8.589899203700812
1773700310.1279826,1773700310127989150,Sr02_gA_IMG1_LID1_STA1_GRU64_OH0,0316_2330,A,0.49413612484931946,-0.005807720124721527,0.5,0.0,-25.521045129930112,3.2053111748971546,1.9189506008858284,8.552051777527918
1773700310.2316606,1773700310231667765,Sr02_gA_IMG1_LID1_STA1_GRU64_OH0,0316_2330,A,0.5066090822219849,-0.007720694877207279,0.5,0.0,-25.53807199942946,3.252322716412697,1.9176871867994187,8.514344769968028
1773700310.3294146,1773700310329421269,Sr02_gA_IMG1_LID1_STA1_GRU64_OH0,0316_2330,A,0.5098068714141846,-0.0013435002183541656,0.5,0.0,-25.555057073597137,3.2993493776480523,1.9170872854609764,8.47679435110385
1773700310.4295526,1773700310429559354,Sr02_gA_IMG1_LID1_STA1_GRU64_OH0,0316_2330,A,0.5329654216766357,0.04175220802426338,0.5,0.0,-25.572010079147837,3.346387608702351,1.9164427568265912,8.439395755061195
1773700310.5297163,1773700310529723940,Sr02_gA_IMG1_LID1_STA1_GRU64_OH0,0316_2330,A,0.5307577252388,0.04905686154961586,0.5,0.0,-25.588947076135327,3.393419819998403,1.917115675244005,8.402145190107023
1773700310.6293166,1773700310629322570,Sr02_gA_IMG1_LID1_STA1_GRU64_OH0,0316_2330,A,0.5188664793968201,0.05464014410972595,0.5,0.0,-25.60601727952331,3.440415608817411,1.921363928204838,8.364927005828601
1773700310.7305667,1773700310730579682,Sr02_gA_IMG1_LID1_STA1_GRU64_OH0,0316_2330,A,0.5161583423614502,0.054928869009017944,0.5,0.0,-25.62330446239682,3.487332001010275,1.9263812663073652,8.32768777540391
1773700310.8279023,1773700310827908669,Sr02_gA_IMG1_LID1_STA1_GRU64_OH0,0316_2330,A,0.510591447353363,0.024028006941080093,0.5,0.0,-25.640839394801226,3.5341563493852752,1.9318510457350775,8.290405801700976
1773700310.9282932,1773700310928309393,Sr02_gA_IMG1_LID1_STA1_GRU64_OH0,0316_2330,A,0.5188612937927246,0.017847463488578796,0.5,0.0,-25.65862794455722,3.580884944212937,1.9367259292167494,8.253077009214872
1773700311.028258,1773700311028266555,Sr02_gA_IMG1_LID1_STA1_GRU64_OH0,0316_2330,A,0.509609043598175,0.015332008711993694,0.5,0.0,-25.67657431760868,3.6275532014793144,1.9390051215096409,8.21576990728434
1773700311.128852,1773700311128858824,Sr02_gA_IMG1_LID1_STA1_GRU64_OH0,0316_2330,A,0.5158767700195312,-0.005498669110238552,0.5,0.0,-25.694612943505472,3.6741858833029717,1.9407395580684155,8.178532094629839
1773700311.230256,1773700311230262535,Sr02_gA_IMG1_LID1_STA1_GRU64_OH0,0316_2330,A,0.5131304860115051,-0.04872650280594826,0.5,0.0,-25.712724856267354,3.7207901526647245,1.9418561584102259,8.141378265018346
1773700311.3297145,1773700311329720768,Sr02_gA_IMG1_LID1_STA1_GRU64_OH0,0316_2330,A,0.42242980003356934,-0.08481598645448685,0.5,0.0,-25.730834455308667,3.7673830835021955,1.9404996125729277,8.104369697661706
1773700311.4295511,1773700311429557872,Sr02_gA_IMG1_LID1_STA1_GRU64_OH0,0316_2330,A,0.4774744212627411,-0.028086867183446884,0.5,0.0,-25.74878317403647,3.814046547915819,1.9349180032760658,8.067614402550245
1773700311.528689,1773700311528696568,Sr02_gA_IMG1_LID1_STA1_GRU64_OH0,0316_2330,A,0.4782198369503021,-0.030682966113090515,0.5,0.0,-25.766391494365344,3.8608313232604234,1.927404419461171,8.031255276348475
1773700311.6285973,1773700311628605948,Sr02_gA_IMG1_LID1_STA1_GRU64_OH0,0316_2330,A,0.47447115182876587,0.03347203880548477,0.5,0.0,-25.783780314023698,3.9077101772760034,1.924543811345081,7.995200434808582
1773700311.729194,1773700311729209178,Sr02_gA_IMG1_LID1_STA1_GRU64_OH0,0316_2330,A,0.4770694673061371,0.028028156608343124,0.5,0.0,-25.801027953003455,3.9546246379423855,1.9224861121663006,7.959408596600314
1773700311.8292017,1773700311829210183,Sr02_gA_IMG1_LID1_STA1_GRU64_OH0,0316_2330,A,0.5098620653152466,-0.07627756148576736,0.5,0.0,-25.818330199625247,4.001535507375857,1.9257244283292878,7.923722500920924
1773700311.9283528,1773700311928360311,Sr02_gA_IMG1_LID1_STA1_GRU64_OH0,0316_2330,A,0.49391475319862366,0.041422341018915176,0.5,0.0,-25.83575638269772,4.048365636569727,1.9274899425083298,7.888113497339355
1773700312.029796,1773700312029802405,Sr02_gA_IMG1_LID1_STA1_GRU64_OH0,0316_2330,A,0.49176618456840515,0.04475274309515953,0.5,0.0,-25.853024664997918,4.095221873089445,1.9210639048363236,7.852793582524125
1773700312.1289768,1773700312128983411,Sr02_gA_IMG1_LID1_STA1_GRU64_OH0,0316_2330,A,0.49771830439567566,0.007127605844289064,0.5,0.0,-25.870256450480117,4.142120510327444,1.9250259166497687,7.817648803633104
1773700312.2292702,1773700312229277874,Sr02_gA_IMG1_LID1_STA1_GRU64_OH0,0316_2330,A,0.47441011667251587,-0.009031007997691631,0.5,0.0,-25.887700733896747,4.18897721258603,1.9287537961861596,7.7824893093159355
1773700312.3283732,1773700312328380281,Sr02_gA_IMG1_LID1_STA1_GRU64_OH0,0316_2330,A,0.49891597032546997,-0.02611781284213066,0.5,0.0,-25.905234002955797,4.235802249558025,1.9291433975727243,7.7474243638515645
1773700312.428245,1773700312428251960,Sr02_gA_IMG1_LID1_STA1_GRU64_OH0,0316_2330,A,0.4960789680480957,0.08346081525087357,0.5,0.0,-25.92274759462813,4.282634647916984,1.9278985757318676,7.712539228540147
1773700312.5282235,1773700312528230012,Sr02_gA_IMG1_LID1_STA1_GRU64_OH0,0316_2330,A,0.4995158910751343,0.14086270332336426,0.5,0.0,-25.940157637828367,4.329471818180201,1.9263224355289712,7.677914389301152
1773700312.6292152,1773700312629222030,Sr02_gA_IMG1_LID1_STA1_GRU64_OH0,0316_2330,A,0.4998684525489807,0.0349377803504467,0.5,0.0,-25.957737697409463,4.376232537584474,1.9354056839616949,7.643332896545239
1773700312.729846,1773700312729852482,Sr02_gA_IMG1_LID1_STA1_GRU64_OH0,0316_2330,A,0.5232175588607788,0.0032085548155009747,0.5,0.0,-25.975878488565478,4.422789365100263,1.9483649330533093,7.60848430127375
1773700312.8288007,1773700312828808520,Sr02_gA_IMG1_LID1_STA1_GRU64_OH0,0316_2330,A,0.5255267024040222,0.007813801988959312,0.5,0.0,-25.994385038901346,4.469214233545367,1.9513040067252212,7.573517714543691
1773700312.9288213,1773700312928828141,Sr02_gA_IMG1_LID1_STA1_GRU64_OH0,0316_2330,A,0.527635395526886,0.055991191416978836,0.5,0.0,-26.012962506948497,4.515634889883923,1.9517169651061572,7.538656231520176
1773700313.0291493,1773700313029157781,Sr02_gA_IMG1_LID1_STA1_GRU64_OH0,0316_2330,A,0.5384876132011414,-0.004828276112675667,0.5,0.0,-26.03156898786695,4.562031970913071,1.953353791902083,7.503947872050475
1773700313.1290498,1773700313129058475,Sr02_gA_IMG1_LID1_STA1_GRU64_OH0,0316_2330,A,0.5116085410118103,0.09502042829990387,0.5,0.0,-26.05035500513445,4.608356199962867,1.9579524324944657,7.469272925821302
1773700313.2292838,1773700313229290550,Sr02_gA_IMG1_LID1_STA1_GRU64_OH0,0316_2330,A,0.513076901435852,0.16709761321544647,0.5,0.0,-26.06921379154012,4.654629059701433,1.958488709802282,7.434723395355968
1773700313.3284712,1773700313328487787,Sr02_gA_IMG1_LID1_STA1_GRU64_OH0,0316_2330,A,0.5329142212867737,0.0614200234413147,0.5,0.0,-26.088312290816255,4.700772160383482,1.9688311611105125,7.400173219498793
1773700313.4288177,1773700313428824952,Sr02_gA_IMG1_LID1_STA1_GRU64_OH0,0316_2330,A,0.5502195954322815,0.05003330856561661,0.5,0.0,-26.108058765884035,4.74667049290928,1.9843929827828275,7.365281325873926
1773700313.5284817,1773700313528489347,Sr02_gA_IMG1_LID1_STA1_GRU64_OH0,0316_2330,A,0.5499154925346375,0.042635589838027954,0.5,0.0,-26.12828888348054,4.792374767809584,1.990373437199279,7.330179461478343
1773700313.6285837,1773700313628591154,Sr02_gA_IMG1_LID1_STA1_GRU64_OH0,0316_2330,A,0.5371953845024109,0.15918304026126862,0.5,0.0,-26.14877107037472,4.837986988145282,1.9952288116374066,7.295046714215309
1773700313.7293756,1773700313729382581,Sr02_gA_IMG1_LID1_STA1_GRU64_OH0,0316_2330,A,0.5443550944328308,0.12323939800262451,0.5,0.0,-26.169448982166852,4.883475875865337,2.0004745742509336,7.259946685041011
1773700313.8280585,1773700313828065141,Sr02_gA_IMG1_LID1_STA1_GRU64_OH0,0316_2330,A,0.5312668681144714,0.10887880623340607,0.5,0.0,-26.190597228280133,4.928723595411493,2.0152939212007945,7.2246605929419365
1773700313.9277525,1773700313927759564,Sr02_gA_IMG1_LID1_STA1_GRU64_OH0,0316_2330,A,0.5074952244758606,0.11118269711732864,0.5,0.0,-26.212373766476446,4.9737319410252185,2.027330641747167,7.189035780707484
1773700314.0275955,1773700314027603621,Sr02_gA_IMG1_LID1_STA1_GRU64_OH0,0316_2330,A,0.45557886362075806,0.15989254415035248,0.5,0.0,-26.234659853224116,5.0184902386914,2.038264581530344,7.153184055343268
1773700314.1281352,1773700314128146495,Sr02_gA_IMG1_LID1_STA1_GRU64_OH0,0316_2330,A,0.5086046457290649,0.3055718243122101,0.5,0.5,-26.257437094983104,5.062987901423305,2.050213866894461,7.117122889695291
1773700314.2297792,1773700314229786295,Sr02_gA_IMG1_LID1_STA1_GRU64_OH0,0316_2330,A,0.4964889883995056,0.4117355942726135,0.5,0.5,-26.280841715425098,5.10713406461904,2.067094178997,7.080748888527858
1773700314.3282316,1773700314328240059,Sr02_gA_IMG1_LID1_STA1_GRU64_OH0,0316_2330,A,0.4948917031288147,0.5485410690307617,0.5,0.5,-26.305183486026568,5.150600200861908,2.0973325571967756,7.0438664262009825
1773700314.4294486,1773700314429455403,Sr02_gA_IMG1_LID1_STA1_GRU64_OH0,0316_2330,A,0.5184938907623291,0.37513473629951477,0.5,0.5,-26.331146812916113,5.193230183605795,2.139395554804278,7.005862612388336
1773700314.529832,1773700314529838995,Sr02_gA_IMG1_LID1_STA1_GRU64_OH0,0316_2330,A,0.5086029171943665,0.37785398960113525,0.5,0.5,-26.359070828607376,5.2346327191690305,2.187405249331434,6.966519069252065
1773700314.627565,1773700314627574534,Sr02_gA_IMG1_LID1_STA1_GRU64_OH0,0316_2330,A,0.5131815075874329,0.2737790048122406,0.5,0.5,-26.38874316601946,5.2748727222695235,2.225000288528505,6.925997426126385
1773700314.7299984,1773700314730006370,Sr02_gA_IMG1_LID1_STA1_GRU64_OH0,0316_2330,A,0.500862717628479,0.3358708322048187,0.5,0.5,-26.419879159988042,5.313936390851637,2.2612472401171115,6.884554884158868
1773700314.8286808,1773700314828687646,Sr02_gA_IMG1_LID1_STA1_GRU64_OH0,0316_2330,A,0.5097457766532898,0.39831840991973877,0.5,0.5,-26.45223406627964,5.35202231419283,2.2895676402768173,6.842349783681928
1773700314.9294708,1773700314929481398,Sr02_gA_IMG1_LID1_STA1_GRU64_OH0,0316_2330,A,0.5209903717041016,0.2765337824821472,0.5,0.5,-26.485778665318453,5.389072075111232,2.3247998180655,6.7994138740996295
1773700315.0280612,1773700315028069798,Sr02_gA_IMG1_LID1_STA1_GRU64_OH0,0316_2330,A,0.5211832523345947,0.2655690610408783,0.5,0.5,-26.520672487526106,5.424803491306809,2.3618417032462333,6.755662418142314
1773700315.128054,1773700315128061015,Sr02_gA_IMG1_LID1_STA1_GRU64_OH0,0316_2330,A,0.5352083444595337,0.42373141646385193,0.5,0.5,-26.55670674395029,5.459464353517418,2.389166121934464,6.71120900543161
1773700315.2297714,1773700315229778733,Sr02_gA_IMG1_LID1_STA1_GRU64_OH0,0316_2330,A,0.5372253060340881,0.43043386936187744,0.5,0.5,-26.593632763291748,5.49311842567971,2.41667884879595,6.666262022818629
1773700315.328268,1773700315328274978,Sr02_gA_IMG1_LID1_STA1_GRU64_OH0,0316_2330,A,0.5336671471595764,0.3168896436691284,0.5,0.5,-26.631589659715956,5.5254141016678355,2.4577256532198337,6.620775394065651
1773700315.4279609,1773700315427970012,Sr02_gA_IMG1_LID1_STA1_GRU64_OH0,0316_2330,A,0.4942432940006256,0.5332584977149963,0.5,0.5,-26.670967115931106,5.556148599128038,2.4979142916237222,6.574417189446858
1773700315.5296443,1773700315529651310,Sr02_gA_IMG1_LID1_STA1_GRU64_OH0,0316_2330,A,0.5119911432266235,0.48718634247779846,0.5,0.5,-26.711376912493016,5.585464310732013,2.5315559290906573,6.527506949452124
1773700315.6289728,1773700315628979637,Sr02_gA_IMG1_LID1_STA1_GRU64_OH0,0316_2330,A,0.5434777140617371,0.05237060412764549,0.5,0.0,-26.752873825641753,5.613023366497799,2.579797702882498,6.48007167775915
1773700315.7296877,1773700315729695230,Sr02_gA_IMG1_LID1_STA1_GRU64_OH0,0316_2330,A,0.5634350776672363,0.07973280549049377,0.5,0.0,-26.795733764330084,5.638592880737268,2.6252212163482493,6.431895231843352
1773700315.8283246,1773700315828331592,Sr02_gA_IMG1_LID1_STA1_GRU64_OH0,0316_2330,A,0.5474450588226318,0.12633004784584045,0.5,0.0,-26.838842646805215,5.662391693074161,2.6445721039265906,6.383979216793315
1773700315.9293234,1773700315929332387,Sr02_gA_IMG1_LID1_STA1_GRU64_OH0,0316_2330,A,0.5492592453956604,0.017871083691716194,0.5,0.0,-26.882881953066615,5.6860433685222675,2.6538303265006093,6.335225747900158
1773700316.0292578,1773700316029270984,Sr02_gA_IMG1_LID1_STA1_GRU64_OH0,0316_2330,A,0.5513891577720642,0.05302175134420395,0.5,0.0,-26.92713692343213,5.709179171726117,2.6643666204971326,6.286420043398726
1773700316.1310406,1773700316131047794,Sr02_gA_IMG1_LID1_STA1_GRU64_OH0,0316_2330,A,0.5610345005989075,0.16683052480220795,0.5,0.0,-26.971574605562356,5.73209825934359,2.667208021041412,6.237512906536367
1773700316.2301016,1773700316230108031,Sr02_gA_IMG1_LID1_STA1_GRU64_OH0,0316_2330,A,0.5746033787727356,0.1637684851884842,0.5,0.0,-27.016063091110198,5.754781565853376,2.6743453289466106,6.188635770068897
1773700316.3296132,1773700316329620227,Sr02_gA_IMG1_LID1_STA1_GRU64_OH0,0316_2330,A,0.49874767661094666,0.061206743121147156,0.5,0.0,-27.060869968415204,5.7769243982296725,2.690865766418504,6.139608535135947
1773700316.429177,1773700316429184012,Sr02_gA_IMG1_LID1_STA1_GRU64_OH0,0316_2330,A,0.49162325263023376,-0.08418598771095276,0.5,0.0,-27.10600499499516,5.798328036715921,2.7051186309988173,6.090470595808943
1773700316.5286732,1773700316528680077,Sr02_gA_IMG1_LID1_STA1_GRU64_OH0,0316_2330,A,0.5018212199211121,-0.12630197405815125,0.5,0.0,-27.15131876942464,5.819311041799326,2.709236126178386,6.04128130091791
1773700316.629079,1773700316629085792,Sr02_gA_IMG1_LID1_STA1_GRU64_OH0,0316_2330,A,0.4917227029800415,0.1009000837802887,0.5,0.0,-27.19657025811806,5.840419106721949,2.6999273098448273,5.992132633313479
1773700316.7319343,1773700316731941002,Sr02_gA_IMG1_LID1_STA1_GRU64_OH0,0316_2330,A,0.49469658732414246,0.1182640865445137,0.5,0.0,-27.24158525952355,5.862037251721056,2.689397889710462,5.943096224513114
1773700316.8283598,1773700316828367242,Sr02_gA_IMG1_LID1_STA1_GRU64_OH0,0316_2330,A,0.5275348424911499,0.039245862513780594,0.5,0.0,-27.286418486080052,5.88364899138901,2.697500370914912,5.8942524447672255
1773700316.9292345,1773700316929241056,Sr02_gA_IMG1_LID1_STA1_GRU64_OH0,0316_2330,A,0.538238525390625,-0.04433141648769379,0.5,0.0,-27.331659329325067,5.904860696939349,2.707427607831293,5.845130039709954
1773700317.0293398,1773700317029346280,Sr02_gA_IMG1_LID1_STA1_GRU64_OH0,0316_2330,A,0.5315369963645935,-0.07013613730669022,0.5,0.0,-27.377026974141835,5.925801427211229,2.7094703750209894,5.795966836422672
1773700317.1309755,1773700317130982603,Sr02_gA_IMG1_LID1_STA1_GRU64_OH0,0316_2330,A,0.5148893594741821,-0.008117918856441975,0.5,0.0,-27.42238190335831,5.946847206558095,2.704263125606995,5.746803787851101
1773700317.231118,1773700317231124356,Sr02_gA_IMG1_LID1_STA1_GRU64_OH0,0316_2330,A,0.5125513076782227,0.0005806484259665012,0.5,0.0,-27.467596246744314,5.9681670968336995,2.698886267173469,5.697724060886807
1773700317.3287053,1773700317328712525,Sr02_gA_IMG1_LID1_STA1_GRU64_OH0,0316_2330,A,0.5138664245605469,0.12589654326438904,0.5,0.0,-27.512768164128065,5.989602989059477,2.6983354247117974,5.6486730422958145
1773700317.4288037,1773700317428810825,Sr02_gA_IMG1_LID1_STA1_GRU64_OH0,0316_2330,A,0.5184915065765381,0.17193542420864105,0.5,0.0,-27.557885749377554,6.0110087507233505,2.7003054048965462,5.5996988334484765
1773700317.5293863,1773700317529393235,Sr02_gA_IMG1_LID1_STA1_GRU64_OH0,0316_2330,A,0.5210043787956238,0.1646593064069748,0.5,0.0,-27.603190662704307,6.032057095735442,2.7140390177286493,5.550646213187241
1773700317.6292481,1773700317629254936,Sr02_gA_IMG1_LID1_STA1_GRU64_OH0,0316_2330,A,0.5094727873802185,-0.08725772053003311,0.5,0.0,-27.64886513064866,6.052398732331865,2.7310142530214963,5.501420408310605
1773700317.7281039,1773700317728110474,Sr02_gA_IMG1_LID1_STA1_GRU64_OH0,0316_2330,A,0.5116934776306152,-0.056956131011247635,0.5,0.0,-27.69480655152198,6.071964357713614,2.745321524253327,5.452134265145502
1773700317.8298144,1773700317829821179,Sr02_gA_IMG1_LID1_STA1_GRU64_OH0,0316_2330,A,0.5184358358383179,0.11464733630418777,0.5,0.0,-27.740640870403844,6.091216562944293,2.7409615447263134,5.4030383139580005
1773700317.9296396,1773700317929646771,Sr02_gA_IMG1_LID1_STA1_GRU64_OH0,0316_2330,A,0.5042406916618347,-0.106288380920887,0.5,0.0,-27.7865736044634,6.110811848222355,2.7372625292587736,5.353777339785342
1773700318.028251,1773700318028257754,Sr02_gA_IMG1_LID1_STA1_GRU64_OH0,0316_2330,A,0.48872363567352295,-0.12334027141332626,0.5,0.0,-27.832473788466135,6.130197251667209,2.7457946663258266,5.304609764934308
1773700318.128739,1773700318128746065,Sr02_gA_IMG1_LID1_STA1_GRU64_OH0,0316_2330,A,0.4818550944328308,-0.06632392108440399,0.5,0.0,-27.87834140357917,6.149548906871583,2.7369516513308776,5.255494111667036
1773700318.2285316,1773700318228542091,Sr02_gA_IMG1_LID1_STA1_GRU64_OH0,0316_2330,A,0.48248013854026794,-0.0606982558965683,0.5,0.0,-27.924175048223322,6.169501811692442,2.7261700112050997,5.206285383380056
1773700318.3286934,1773700318328700886,Sr02_gA_IMG1_LID1_STA1_GRU64_OH0,0316_2330,A,0.4888692796230316,0.2457898110151291,0.5,0.5,-27.969855602610778,6.189831046741873,2.719706393791448,5.157154456838621
1773700318.4290452,1773700318429052217,Sr02_gA_IMG1_LID1_STA1_GRU64_OH0,0316_2330,A,0.5168001651763916,0.2551461458206177,0.5,0.5,-28.01535763090459,6.210406600721727,2.7156387895455967,5.108158273688622
1773700318.5295367,1773700318529543725,Sr02_gA_IMG1_LID1_STA1_GRU64_OH0,0316_2330,A,0.525924801826477,0.26658204197883606,0.5,0.5,-28.060465469527465,6.230521157861139,2.732261000095231,5.059668456070002
1773700318.6299841,1773700318629990768,Sr02_gA_IMG1_LID1_STA1_GRU64_OH0,0316_2330,A,0.5397096276283264,0.12216520309448242,0.5,0.0,-28.106584663902815,6.2498312916988334,2.758118635611977,5.010390422709324
1773700318.7287483,1773700318728754862,Sr02_gA_IMG1_LID1_STA1_GRU64_OH0,0316_2330,A,0.5385134220123291,0.12137677520513535,0.5,0.0,-28.15312562665963,6.267906698357854,2.7824560549360586,4.96099000194419
1773700318.8294132,1773700318829421042,Sr02_gA_IMG1_LID1_STA1_GRU64_OH0,0316_2330,A,0.49611696600914,-0.04878897964954376,0.5,0.0,-28.200018930644557,6.285180537194214,2.7947417755260906,4.911433776227675
1773700318.930545,1773700318930553427,Sr02_gA_IMG1_LID1_STA1_GRU64_OH0,0316_2330,A,0.462087482213974,-0.03579713776707649,0.5,0.0,-28.247078288736358,6.301882462349224,2.8047858166502198,4.861849846267752
1773700319.0289023,1773700319028917792,Sr02_gA_IMG1_LID1_STA1_GRU64_OH0,0316_2330,A,0.47135958075523376,-0.04019327461719513,0.5,0.0,-28.29415085686452,6.318460286672675,2.8009269829123546,4.812287437521935
1773700319.1294992,1773700319129505613,Sr02_gA_IMG1_LID1_STA1_GRU64_OH0,0316_2330,A,0.47631320357322693,-0.08702879399061203,0.5,0.0,-28.341247142128708,6.3352512599053465,2.79721539417836,4.762662701194637
1773700319.229819,1773700319229825504,Sr02_gA_IMG1_LID1_STA1_GRU64_OH0,0316_2330,A,0.4657459259033203,-0.08359742164611816,0.5,0.0,-28.38826351360549,6.352231126790431,2.791894952947658,4.713083081562697
1773700319.3286285,1773700319328636537,Sr02_gA_IMG1_LID1_STA1_GRU64_OH0,0316_2330,A,0.5099806785583496,-0.015889838337898254,0.5,0.0,-28.43516246162071,6.369565279269708,2.7832950274341917,4.663550776002094
1773700319.427419,1773700319427425509,Sr02_gA_IMG1_LID1_STA1_GRU64_OH0,0316_2330,A,0.4569782316684723,0.0823744609951973,0.5,0.0,-28.481901231726376,6.387277757570575,2.776667542400542,4.61410436590411
1773700319.5270154,1773700319527022005,Sr02_gA_IMG1_LID1_STA1_GRU64_OH0,0316_2330,A,0.47851449251174927,0.07952722907066345,0.5,0.0,-28.52854675931668,6.405127848370544,2.777003475042098,4.56473163897717
1773700319.6272142,1773700319627224323,Sr02_gA_IMG1_LID1_STA1_GRU64_OH0,0316_2330,A,0.49010613560676575,-0.16860896348953247,0.5,-0.5,-28.575332948541156,6.4227641227978856,2.7851554789137105,4.5152788604708265
1773700319.7284794,1773700319728485464,Sr02_gA_IMG1_LID1_STA1_GRU64_OH0,0316_2330,A,0.4760178029537201,-0.15687212347984314,0.5,-0.5,-28.62219486944789,6.4400142767272905,2.7910774344854556,4.465844682871706
1773700319.8286698,1773700319828677232,Sr02_gA_IMG1_LID1_STA1_GRU64_OH0,0316_2330,A,0.4278431832790375,-0.03183543682098389,0.5,0.0,-28.668758626913075,6.457318106676183,2.778424148841231,4.416702402785364
1773700319.9284034,1773700319928415197,Sr02_gA_IMG1_LID1_STA1_GRU64_OH0,0316_2330,A,0.46506816148757935,5.58161991648376e-05,0.5,0.0,-28.715301448318574,6.475395364786786,2.7661123718162863,4.367433980219893
1773700320.0274937,1773700320027501324,Sr02_gA_IMG1_LID1_STA1_GRU64_OH0,0316_2330,A,0.4555950462818146,0.0028430959209799767,0.5,0.0,-28.761791408084235,6.49379867749659,2.7638855366045654,4.31816626306794
1773700320.130088,1773700320130101660,Sr02_gA_IMG1_LID1_STA1_GRU64_OH0,0316_2330,A,0.5249975323677063,0.0016754037933424115,0.5,0.0,-28.80826750124914,6.512237019180594,2.764002606575187,4.268922109201729
1773700320.2300012,1773700320230008135,Sr02_gA_IMG1_LID1_STA1_GRU64_OH0,0316_2330,A,0.47492173314094543,0.07021018117666245,0.5,0.0,-28.854747738006814,6.530664912751258,2.7642402089689146,4.2196937526017395
1773700320.3279293,1773700320327937172,Sr02_gA_IMG1_LID1_STA1_GRU64_OH0,0316_2330,A,0.46966543793678284,0.06608693301677704,0.5,0.0,-28.901214426625884,6.5490544062560705,2.766783536661983,4.170504606892482
1773700320.4292881,1773700320429294616,Sr02_gA_IMG1_LID1_STA1_GRU64_OH0,0316_2330,A,0.49632081389427185,0.2455487847328186,0.5,0.5,-28.947806581459883,6.5671971992232026,2.7736396158533654,4.1212593848606645
1773700320.5290556,1773700320529064281,Sr02_gA_IMG1_LID1_STA1_GRU64_OH0,0316_2330,A,0.5415747761726379,0.28187885880470276,0.5,0.5,-28.99443081363924,6.584970425458566,2.7831561894610197,4.072072411822632
1773700320.6289897,1773700320628996276,Sr02_gA_IMG1_LID1_STA1_GRU64_OH0,0316_2330,A,0.5518864989280701,0.42999961972236633,0.5,0.5,-29.04131880475071,6.601904007638265,2.808329155440935,4.022804485696721
1773700320.728564,1773700320728578745,Sr02_gA_IMG1_LID1_STA1_GRU64_OH0,0316_2330,A,0.5406969785690308,0.3890100419521332,0.5,0.5,-29.088685949055968,6.61753403348897,2.839485947396102,3.973327665467176
1773700320.8293703,1773700320829377116,Sr02_gA_IMG1_LID1_STA1_GRU64_OH0,0316_2330,A,0.594613790512085,0.3225429952144623,0.5,0.5,-29.136678308409113,6.631389868585719,2.880689521167146,3.923581078946051
1773700320.9296284,1773700320929640971,Sr02_gA_IMG1_LID1_STA1_GRU64_OH0,0316_2330,A,0.5250895023345947,0.3497013449668884,0.5,0.5,-29.1793849918283,6.6419808492130255,2.9180584743322218,3.8796442315689306
1773700321.0287466,1773700321028753658,Sr02_gA_IMG1_LID1_STA1_GRU64_OH0,0316_2330,A,0.5078540444374084,0.2442149817943573,0.5,0.5,-29.20391084345589,6.647177606855179,2.950894572411856,3.8545787739733757
1773700321.1299522,1773700321129990543,Sr02_gA_IMG1_LID1_STA1_GRU64_OH0,0316_2330,A,0.4271490275859833,0.2276168167591095,0.5,0.5,-29.209910402152428,6.648289694641694,2.9783462133269314,3.8484771140501812
1773700321.2303076,1773700321230314191,Sr02_gA_IMG1_LID1_STA1_GRU64_OH0,0316_2330,A,0.4249042570590973,0.17624257504940033,0.5,0.0,-29.20850681093828,6.648050864976891,2.9994612261786013,3.849900583383941
1773700321.3291967,1773700321329203534,Sr02_gA_IMG1_LID1_STA1_GRU64_OH0,0316_2330,A,0.3686029613018036,-0.03853617236018181,0.5,0.0,-29.213195188528637,6.648700037672467,3.015657037537753,3.8451737202058576
1773700321.4293025,1773700321429309398,Sr02_gA_IMG1_LID1_STA1_GRU64_OH0,0316_2330,A,0.3953086733818054,0.23121128976345062,0.5,0.5,-29.201047535485113,6.647258926519137,3.027977859163757,3.857375908246233
1773700321.5291476,1773700321529155499,Sr02_gA_IMG1_LID1_STA1_GRU64_OH0,0316_2330,A,0.33321231603622437,-0.01606019027531147,0.5,0.0,-29.17166724771717,6.644067919054927,3.0375009369362638,3.8868338010942303
1773700321.628832,1773700321628838921,Sr02_gA_IMG1_LID1_STA1_GRU64_OH0,0316_2330,A,0.31093236804008484,0.00893104262650013,0.5,0.0,-29.1356334725058,6.640433547152386,3.044805691262275,3.9229126845086824
1773700321.7298262,1773700321729832964,Sr02_gA_IMG1_LID1_STA1_GRU64_OH0,0316_2330,A,0.40665289759635925,0.021755950525403023,0.5,0.0,-29.117796479433572,6.63874586479229,3.0504814732846532,3.9407522446023866
1773700321.8286772,1773700321828684635,Sr02_gA_IMG1_LID1_STA1_GRU64_OH0,0316_2330,A,0.3996201455593109,0.054295554757118225,0.5,0.0,-29.11593017816359,6.6385768139055985,3.0527063834394013,3.9426174552782953
1773700321.9289076,1773700321928916199,Sr02_gA_IMG1_LID1_STA1_GRU64_OH0,0316_2330,A,0.4150012135505676,0.03832075372338295,0.5,0.0,-29.115930178163428,6.638576813905584,3.052706383467265,3.9426174552784587
1773700322.0286853,1773700322028692677,Sr02_gA_IMG1_LID1_STA1_GRU64_OH0,0316_2330,A,0.38080060482025146,0.11816081404685974,0.5,0.0,-29.115930178163428,6.638576813905584,3.052706383467265,3.9426174552784587
1773700322.1290004,1773700322129006667,Sr02_gA_IMG1_LID1_STA1_GRU64_OH0,0316_2330,A,0.3971317410469055,0.04057230427861214,0.5,0.0,-29.115930178163428,6.638576813905584,3.052706383467265,3.9426174552784587
1773700322.2300313,1773700322230038382,Sr02_gA_IMG1_LID1_STA1_GRU64_OH0,0316_2330,A,0.3804207742214203,0.06863453984260559,0.5,0.0,-29.115930178163428,6.638576813905584,3.052706383467265,3.9426174552784587
1773700322.3298085,1773700322329814881,Sr02_gA_IMG1_LID1_STA1_GRU64_OH0,0316_2330,A,0.3854173421859741,0.07933740317821503,0.5,0.0,-29.115930178163428,6.638576813905584,3.052706383467265,3.9426174552784587
1773700322.4284608,1773700322428469106,Sr02_gA_IMG1_LID1_STA1_GRU64_OH0,0316_2330,A,0.4187142252922058,0.1465415507555008,0.5,0.0,-29.115930178163428,6.638576813905584,3.052706383467265,3.9426174552784587
1773700322.5285282,1773700322528535336,Sr02_gA_IMG1_LID1_STA1_GRU64_OH0,0316_2330,A,0.44810566306114197,0.12784050405025482,0.5,0.0,-29.115930178163428,6.638576813905584,3.052706383467265,3.9426174552784587
1773700322.6287868,1773700322628793079,Sr02_gA_IMG1_LID1_STA1_GRU64_OH0,0316_2330,A,0.4693472981452942,0.14917190372943878,0.5,0.0,-29.115930178163428,6.638576813905584,3.052706383467265,3.9426174552784587
1773700322.7291617,1773700322729168847,Sr02_gA_IMG1_LID1_STA1_GRU64_OH0,0316_2330,A,0.478010356426239,0.12878671288490295,0.5,0.0,-29.115930178163428,6.638576813905584,3.052706383467265,3.9426174552784587
1773700322.828204,1773700322828212583,Sr02_gA_IMG1_LID1_STA1_GRU64_OH0,0316_2330,A,0.49283888936042786,0.049803223460912704,0.5,0.0,-29.115930178163428,6.638576813905584,3.052706383467265,3.9426174552784587
1773700322.9273353,1773700322927342753,Sr02_gA_IMG1_LID1_STA1_GRU64_OH0,0316_2330,A,0.49559077620506287,0.04470368102192879,0.5,0.0,-29.115930178163428,6.638576813905584,3.052706383467265,3.9426174552784587
1773700323.0290487,1773700323029067404,Sr02_gA_IMG1_LID1_STA1_GRU64_OH0,0316_2330,A,0.49526649713516235,0.045186106115579605,0.5,0.0,-29.115930178163428,6.638576813905584,3.052706383467265,3.9426174552784587
1773700323.1273994,1773700323127406792,Sr02_gA_IMG1_LID1_STA1_GRU64_OH0,0316_2330,A,0.49842554330825806,-0.0013795995619148016,0.5,0.0,-29.120955729375407,6.6390246670198225,3.0527180516995527,3.9375962289646833
1773700323.2290173,1773700323229024370,Sr02_gA_IMG1_LID1_STA1_GRU64_OH0,0316_2330,A,0.5078743100166321,-0.054689642041921616,0.5,0.0,-29.142787628960896,6.640969561281088,3.0527656699744607,3.9157839640289116
1773700323.327136,1773700323327148488,Sr02_gA_IMG1_LID1_STA1_GRU64_OH0,0316_2330,A,0.5094240307807922,-0.041348353028297424,0.5,0.0,-29.1818532806147,6.644447247350871,3.052843400783255,3.876756897195605
1773700323.4276683,1773700323427675022,Sr02_gA_IMG1_LID1_STA1_GRU64_OH0,0316_2330,A,0.49495768547058105,-0.07199341058731079,0.5,0.0,-29.231374719704775,6.648941904556087,3.0488892234106983,3.8272737813531803
1773700323.527618,1773700323527625101,Sr02_gA_IMG1_LID1_STA1_GRU64_OH0,0316_2330,A,0.4881594777107239,-0.06241481378674507,0.5,0.0,-29.28114912784655,6.65368555345532,3.043528617822682,3.7775013593392623
1773700323.6272602,1773700323627267284,Sr02_gA_IMG1_LID1_STA1_GRU64_OH0,0316_2330,A,0.5309794545173645,-0.16974981129169464,0.5,-0.5,-29.330891250434018,6.658756164948456,3.036712424639779,3.7277042222709067
1773700323.7282481,1773700323728255195,Sr02_gA_IMG1_LID1_STA1_GRU64_OH0,0316_2330,A,0.48652559518814087,0.07620871067047119,0.5,0.0,-29.380524237027934,6.664160312240606,3.027610036545257,3.6779555625998963
1773700323.8286047,1773700323828611166,Sr02_gA_IMG1_LID1_STA1_GRU64_OH0,0316_2330,A,0.48264580965042114,0.0633479654788971,0.5,0.0,-29.430049257932488,6.670228136070126,3.01410321881765,3.6281894486709403
1773700323.9290087,1773700323929019235,Sr02_gA_IMG1_LID1_STA1_GRU64_OH0,0316_2330,A,0.46467626094818115,-0.14992156624794006,0.5,0.0,-29.454630580293315,6.673367014864197,3.0159511874331053,3.603465164041377
1773700324.0280678,1773700324028075154,Sr02_gA_IMG1_LID1_STA1_GRU64_OH0,0316_2330,A,0.45030030608177185,-0.14601576328277588,0.5,0.0,-29.50425670999606,6.679469346795255,3.0224145858549885,3.553598472759958
1773700324.1281877,1773700324128194424,Sr02_gA_IMG1_LID1_STA1_GRU64_OH0,0316_2330,A,0.4024292528629303,0.25615596771240234,0.5,0.5,-29.55361642134116,6.685435753506695,3.016186334251449,3.5040234433975495
1773700324.2288806,1773700324228887686,Sr02_gA_IMG1_LID1_STA1_GRU64_OH0,0316_2330,A,0.4495224952697754,0.05612057447433472,0.5,0.0,-29.603176098032012,6.692053429000967,3.001545723127714,3.454128404351351
1773700324.3297267,1773700324329735871,Sr02_gA_IMG1_LID1_STA1_GRU64_OH0,0316_2330,A,0.4541513919830322,0.06690668314695358,0.5,0.0,-29.652224085819167,6.69910350248156,3.0007662754762805,3.404652669624304
1773700324.4282324,1773700324428239581,Sr02_gA_IMG1_LID1_STA1_GRU64_OH0,0316_2330,A,0.45866313576698303,-0.0031189792789518833,0.5,0.0,-29.70152370384675,6.705891292765996,3.0076928992188923,3.354984543821699
1773700324.5296965,1773700324529703607,Sr02_gA_IMG1_LID1_STA1_GRU64_OH0,0316_2330,A,0.4675236642360687,0.015366152860224247,0.5,0.0,-29.751097435204485,6.712405553902723,3.0142756874290724,3.3051052066530944
1773700324.6291797,1773700324629186979,Sr02_gA_IMG1_LID1_STA1_GRU64_OH0,0316_2330,A,0.44628506898880005,-0.06587660312652588,0.5,0.0,-29.800674276456252,6.718711488365969,3.0150126261839594,3.2552682663376915
1773700324.7282639,1773700324728270310,Sr02_gA_IMG1_LID1_STA1_GRU64_OH0,0316_2330,A,0.4471108913421631,-0.05263986438512802,0.5,0.0,-29.850277973094297,6.724994202881119,3.016364373794442,3.2054140407913128
1773700324.8288357,1773700324828842992,Sr02_gA_IMG1_LID1_STA1_GRU64_OH0,0316_2330,A,0.45487022399902344,0.12679070234298706,0.5,0.0,-29.899841258756222,6.731335909836598,3.0111865797437707,3.1555920388097825
1773700324.9293637,1773700324929370769,Sr02_gA_IMG1_LID1_STA1_GRU64_OH0,0316_2330,A,0.4525001049041748,0.11511144787073135,0.5,0.0,-29.949399372410184,6.737968200564814,3.005922591788855,3.1057205189504886
1773700325.0282748,1773700325028281712,Sr02_gA_IMG1_LID1_STA1_GRU64_OH0,0316_2330,A,0.44552507996559143,0.11743701249361038,0.5,0.0,-29.99877269634968,6.74456863383975,3.014141487731383,3.0560405919138347
1773700325.1283915,1773700325128398829,Sr02_gA_IMG1_LID1_STA1_GRU64_OH0,0316_2330,A,0.4411200284957886,0.0887458324432373,0.5,0.0,-30.048402630404443,6.750638371715377,3.0256526225289226,3.0062234460384314
1773700325.229649,1773700325229655501,Sr02_gA_IMG1_LID1_STA1_GRU64_OH0,0316_2330,A,0.4450587332248688,0.131185382604599,0.5,0.0,-30.098099772103584,6.756130643805365,3.0373963027910706,2.956466787758692
1773700325.3284862,1773700325328493015,Sr02_gA_IMG1_LID1_STA1_GRU64_OH0,0316_2330,A,0.4336020052433014,0.14529265463352203,0.5,0.0,-30.147852367634467,6.761096749474653,3.046557804805875,2.9067746232355223
1773700325.4288783,1773700325428889853,Sr02_gA_IMG1_LID1_STA1_GRU64_OH0,0316_2330,A,0.45270371437072754,0.2041056752204895,0.5,0.5,-30.19764494357666,6.765517169767992,3.059602325585365,2.8571697297139207
1773700325.5288553,1773700325528862274,Sr02_gA_IMG1_LID1_STA1_GRU64_OH0,0316_2330,A,0.4560357630252838,0.20404009521007538,0.5,0.5,-30.24750496840548,6.769249946318241,3.0741315564899705,2.807659879050709
1773700325.6295335,1773700325629540316,Sr02_gA_IMG1_LID1_STA1_GRU64_OH0,0316_2330,A,0.45206817984580994,0.24431653320789337,0.5,0.5,-30.29739924530235,6.772123344741175,3.094249648591058,2.7583207477725376
1773700325.728901,1773700325728913899,Sr02_gA_IMG1_LID1_STA1_GRU64_OH0,0316_2330,A,0.5101473331451416,0.3300720453262329,0.5,0.5,-30.347363892823953,6.773979936331582,3.1146536247895322,2.709160284694227
1773700325.8288686,1773700325828875129,Sr02_gA_IMG1_LID1_STA1_GRU64_OH0,0316_2330,A,0.5186123847961426,0.31416571140289307,0.5,0.5,-30.397345463901438,6.774719813282844,3.1389997015317337,2.660264714225638
1773700325.9314787,1773700325931485565,Sr02_gA_IMG1_LID1_STA1_GRU64_OH0,0316_2330,A,0.5160921216011047,0.05135900527238846,0.5,0.0,-30.447283949423827,6.774063428728503,-3.1120418588523533,2.6117712472732357
1773700326.02894,1773700326028947845,Sr02_gA_IMG1_LID1_STA1_GRU64_OH0,0316_2330,A,0.49779173731803894,-0.0018359364476054907,0.5,0.0,-30.49723069090061,6.771801341126788,-3.0806253268739114,2.563700288070594
1773700326.1305678,1773700326130574300,Sr02_gA_IMG1_LID1_STA1_GRU64_OH0,0316_2330,A,0.49972352385520935,-0.006842372473329306,0.5,0.0,-30.546759898172187,6.768331335437909,-3.0668363141582415,2.5163989389874524
1773700326.2302055,1773700326230212596,Sr02_gA_IMG1_LID1_STA1_GRU64_OH0,0316_2330,A,0.5075961351394653,-0.12421994656324387,0.5,0.0,-30.596607845340763,6.764594993402512,-3.066861648772927,2.46894626522759
1773700326.330161,1773700326330168236,Sr02_gA_IMG1_LID1_STA1_GRU64_OH0,0316_2330,A,0.4996505677700043,-0.1322498619556427,0.5,0.0,-30.646469562315097,6.760878978635446,-3.067545881069978,2.4215771536713935
1773700326.4301274,1773700326430133904,Sr02_gA_IMG1_LID1_STA1_GRU64_OH0,0316_2330,A,0.4222938120365143,0.011383933015167713,0.5,0.0,-30.696266830359292,6.757422389250002,-3.0782814492586823,2.374311126792759
1773700326.5300395,1773700326530047834,Sr02_gA_IMG1_LID1_STA1_GRU64_OH0,0316_2330,A,0.40416115522384644,-0.004098646808415651,0.5,0.0,-30.746186116224102,6.754588992388361,-3.0915064076737107,2.326872969191708
1773700326.6292982,1773700326629311087,Sr02_gA_IMG1_LID1_STA1_GRU64_OH0,0316_2330,A,0.4553893804550171,0.05385527014732361,0.5,0.0,-30.796024032927775,6.752164000501577,-3.092735697507665,2.279511686825096
1773700326.7294698,1773700326729476335,Sr02_gA_IMG1_LID1_STA1_GRU64_OH0,0316_2330,A,0.47721612453460693,0.13638952374458313,0.5,0.0,-30.845964865568632,6.749732358485731,-3.0931455496807954,2.2321638843441236
1773700326.8291283,1773700326829135331,Sr02_gA_IMG1_LID1_STA1_GRU64_OH0,0316_2330,A,0.46403443813323975,0.1111195757985115,0.5,0.0,-30.895888817134676,6.747186626686383,-3.087962473093094,2.1849830048228305
1773700326.9289966,1773700326929003494,Sr02_gA_IMG1_LID1_STA1_GRU64_OH0,0316_2330,A,0.42602187395095825,-0.17216730117797852,0.5,-0.5,-30.945763600438916,6.744199472286902,-3.0750132857045385,2.138106146022107
1773700327.0292802,1773700327029287667,Sr02_gA_IMG1_LID1_STA1_GRU64_OH0,0316_2330,A,0.420365571975708,-0.16184240579605103,0.5,-0.5,-30.995633309313792,6.74059585046011,-3.063901326963553,2.091562840597321
1773700327.12997,1773700327129977232,Sr02_gA_IMG1_LID1_STA1_GRU64_OH0,0316_2330,A,0.40783536434173584,-0.14070646464824677,0.5,0.0,-31.044988883909408,6.736773250348304,-3.0689450058029064,2.045739395626049
1773700327.2294521,1773700327229458860,Sr02_gA_IMG1_LID1_STA1_GRU64_OH0,0316_2330,A,0.479946106672287,-0.22002896666526794,0.5,-0.5,-31.094884185193866,6.733547749872552,-3.0851292107476356,1.9993893592814589
1773700327.3288963,1773700327328902957,Sr02_gA_IMG1_LID1_STA1_GRU64_OH0,0316_2330,A,0.481934130191803,-0.22439603507518768,0.5,-0.5,-31.14482270395861,6.731077370801423,-3.099199850371996,1.9529309240865793
1773700327.4290726,1773700327429079747,Sr02_gA_IMG1_LID1_STA1_GRU64_OH0,0316_2330,A,0.46177953481674194,-0.19005753099918365,0.5,-0.5,-31.19475359226451,6.729477371239347,-3.120489793407296,1.9063657107027903
1773700327.5287719,1773700327528779260,Sr02_gA_IMG1_LID1_STA1_GRU64_OH0,0316_2330,A,0.4296189844608307,-0.1352219581604004,0.5,0.0,-31.243491619146024,6.72898302509254,3.1405937123719307,1.8607139603338578
1773700327.62943,1773700327629437164,Sr02_gA_IMG1_LID1_STA1_GRU64_OH0,0316_2330,A,0.4879855811595917,0.06608936935663223,0.5,0.0,-31.27678887263966,6.729308508640534,3.1219242399202534,1.8293840638496934
1773700327.729088,1773700327729095128,Sr02_gA_IMG1_LID1_STA1_GRU64_OH0,0316_2330,A,0.4791302978992462,0.10828613489866257,0.5,0.0,-31.295769122584623,6.729790135589476,3.1125960528673704,1.8114518409282745
1773700327.830941,1773700327830947783,Sr02_gA_IMG1_LID1_STA1_GRU64_OH0,0316_2330,A,0.4749719500541687,0.10871761292219162,0.5,0.0,-31.313236468346833,6.730282556661483,3.1145408394555867,1.7949505826240952
1773700327.9300733,1773700327930080067,Sr02_gA_IMG1_LID1_STA1_GRU64_OH0,0316_2330,A,0.5026159286499023,0.02041364461183548,0.5,0.0,-31.33073091745507,6.730722754242171,3.118330836125547,1.7784614309445568
1773700328.030343,1773700328030349863,Sr02_gA_IMG1_LID1_STA1_GRU64_OH0,0316_2330,A,0.46100491285324097,0.09921769797801971,0.5,0.0,-31.34822691200107,6.731096512626965,3.1221359456448,1.76201446977872
1773700328.1282,1773700328128207295,Sr02_gA_IMG1_LID1_STA1_GRU64_OH0,0316_2330,A,0.4251396656036377,0.2986840009689331,0.5,0.5,-31.365723716680282,6.7314307325846885,3.1228504454901356,1.7456017217492337
1773700328.229276,1773700328229282642,Sr02_gA_IMG1_LID1_STA1_GRU64_OH0,0316_2330,A,0.456184446811676,0.04856092855334282,0.5,0.0,-31.383221174301177,6.7317283216491,3.126323037668332,1.7292232337168594
1773700328.329332,1773700328329340586,Sr02_gA_IMG1_LID1_STA1_GRU64_OH0,0316_2330,A,0.486335813999176,-0.06298839300870895,0.5,0.0,-31.400688602865696,6.731910307402867,3.136365957563085,1.712937922956924
1773700328.428106,1773700328428113708,Sr02_gA_IMG1_LID1_STA1_GRU64_OH0,0316_2330,A,0.44944584369659424,-0.08784956485033035,0.5,0.0,-31.41815587362862,6.731976327952486,3.1387116019876533,1.696719973052249
1773700328.5310595,1773700328531067747,Sr02_gA_IMG1_LID1_STA1_GRU64_OH0,0316_2330,A,0.46044445037841797,-0.09277065843343735,0.5,0.0,-31.43565029595735,6.732045697311551,3.136526429856193,1.680500682624463
1773700328.629867,1773700328629873971,Sr02_gA_IMG1_LID1_STA1_GRU64_OH0,0316_2330,A,0.4489981532096863,-0.17327065765857697,0.5,-0.5,-31.453149904359446,6.732161259095926,3.1334517072299457,1.6642847025311902
1773700328.7292433,1773700328729251051,Sr02_gA_IMG1_LID1_STA1_GRU64_OH0,0316_2330,A,0.5031746625900269,0.025442088022828102,0.5,0.0,-31.47064905927682,6.73233213377843,3.130204741315811,1.6480739691547592
1773700328.829357,1773700328829364901,Sr02_gA_IMG1_LID1_STA1_GRU64_OH0,0316_2330,A,0.500031054019928,0.029792267829179764,0.5,0.0,-31.488147209865613,6.732584476766626,3.1241403006454105,1.631858914271207
1773700328.9310734,1773700328931081698,Sr02_gA_IMG1_LID1_STA1_GRU64_OH0,0316_2330,A,0.6112883687019348,0.2761876881122589,0.5,0.5,-31.505622222027966,6.732887285672872,3.1246900923062846,1.6156719936021648
1773700329.0308669,1773700329030874148,Sr02_gA_IMG1_LID1_STA1_GRU64_OH0,0316_2330,A,0.6096361875534058,0.2787124216556549,0.5,0.5,-31.52311987014345,6.733173943762915,3.125732818650787,1.5994979220268448
1773700329.129164,1773700329129171165,Sr02_gA_IMG1_LID1_STA1_GRU64_OH0,0316_2330,A,0.6123729944229126,0.3058266043663025,0.5,0.5,-31.540582009270604,6.733378133078711,3.134671090313173,1.5834177647738652
1773700329.229613,1773700329229619521,Sr02_gA_IMG1_LID1_STA1_GRU64_OH0,0316_2330,A,0.5443460941314697,0.323884516954422,0.5,0.5,-31.558081899940223,6.7334138217074475,-3.138664405530851,1.567401267590449
1773700329.327826,1773700329327832798,Sr02_gA_IMG1_LID1_STA1_GRU64_OH0,0316_2330,A,0.529268205165863,0.3561471700668335,0.5,0.5,-31.57558121257335,6.733268865248276,-3.1278972964663665,1.55149160130716
1773700329.4294126,1773700329429420560,Sr02_gA_IMG1_LID1_STA1_GRU64_OH0,0316_2330,A,0.4521991014480591,0.3717559576034546,0.5,0.5,-31.59307783265934,6.732929931346412,-3.11644844715685,1.5356995812005618
1773700329.5321233,1773700329532132138,Sr02_gA_IMG1_LID1_STA1_GRU64_OH0,0316_2330,A,0.4624858498573303,0.26566803455352783,0.5,0.5,-31.610345328140635,6.7323892423145315,-3.1040230788181993,1.5202376539976048
1773700329.6306813,1773700329630688197,Sr02_gA_IMG1_LID1_STA1_GRU64_OH0,0316_2330,A,0.45681482553482056,0.27671173214912415,0.5,0.5,-31.61608775378047,6.7321547597507845,-3.0951070989389655,1.5151274229911742
1773700329.7308204,1773700329730827906,Sr02_gA_IMG1_LID1_STA1_GRU64_OH0,0316_2330,A,0.5110198259353638,0.27235621213912964,0.5,0.5,-31.616096890933356,6.732154334549483,-3.0950744480195147,1.5151193173737763
1773700329.829187,1773700329829193884,Sr02_gA_IMG1_LID1_STA1_GRU64_OH0,0316_2330,A,0.5152238011360168,0.27189528942108154,0.5,0.5,-31.616096890933356,6.732154334549483,-3.095074448019464,1.5151193173737763
1773700329.9302607,1773700329930267920,Sr02_gA_IMG1_LID1_STA1_GRU64_OH0,0316_2330,A,0.5066136717796326,0.2939800024032593,0.5,0.5,-31.616096890933356,6.732154334549483,-3.095074448019464,1.5151193173737763
1773700330.0296865,1773700330029694644,Sr02_gA_IMG1_LID1_STA1_GRU64_OH0,0316_2330,A,0.5059349536895752,0.29510781168937683,0.5,0.5,-31.616096890933356,6.732154334549483,-3.095074448019464,1.5151193173737763
1773700330.1293771,1773700330129384588,Sr02_gA_IMG1_LID1_STA1_GRU64_OH0,0316_2330,A,0.4995865821838379,0.30144330859184265,0.5,0.5,-31.616096890933356,6.732154334549483,-3.095074448019464,1.5151193173737763
1773700330.2306528,1773700330230659966,Sr02_gA_IMG1_LID1_STA1_GRU64_OH0,0316_2330,A,0.48438698053359985,0.44256189465522766,0.5,0.5,-31.616096890933356,6.732154334549483,-3.095074448019464,1.5151193173737763
1773700330.3295543,1773700330329563586,Sr02_gA_IMG1_LID1_STA1_GRU64_OH0,0316_2330,A,0.4841839373111725,0.44234761595726013,0.5,0.5,-31.616096890933356,6.732154334549483,-3.095074448019464,1.5151193173737763
1773700330.428744,1773700330428751226,Sr02_gA_IMG1_LID1_STA1_GRU64_OH0,0316_2330,A,0.492923766374588,0.32019779086112976,0.5,0.5,-31.616096890933356,6.732154334549483,-3.095074448019464,1.5151193173737763
1773700330.5286572,1773700330528665106,Sr02_gA_IMG1_LID1_STA1_GRU64_OH0,0316_2330,A,0.4928034245967865,0.3201664388179779,0.5,0.5,-31.616096890933356,6.732154334549483,-3.095074448019464,1.5151193173737763
1773700330.628547,1773700330628554530,Sr02_gA_IMG1_LID1_STA1_GRU64_OH0,0316_2330,A,0.4905160367488861,0.3105296194553375,0.5,0.5,-31.616096890933356,6.732154334549483,-3.095074448019464,1.5151193173737763
1773700330.7307029,1773700330730711443,Sr02_gA_IMG1_LID1_STA1_GRU64_OH0,0316_2330,A,0.5220584273338318,0.3705396354198456,0.5,0.5,-31.616096890933356,6.732154334549483,-3.095074448019464,1.5151193173737763
1773700330.8289695,1773700330828976249,Sr02_gA_IMG1_LID1_STA1_GRU64_OH0,0316_2330,A,0.5219999551773071,0.3705417215824127,0.5,0.5,-31.616096890933356,6.732154334549483,-3.095074448019464,1.5151193173737763
1773700330.9312737,1773700330931280362,Sr02_gA_IMG1_LID1_STA1_GRU64_OH0,0316_2330,A,0.49498793482780457,0.39483362436294556,0.5,0.5,-31.616096890933356,6.732154334549483,-3.095074448019464,1.5151193173737763
1773700331.0297399,1773700331029746821,Sr02_gA_IMG1_LID1_STA1_GRU64_OH0,0316_2330,A,0.49495983123779297,0.3948532044887543,0.5,0.5,-31.616096890933356,6.732154334549483,-3.095074448019464,1.5151193173737763
1773700331.1287603,1773700331128769738,Sr02_gA_IMG1_LID1_STA1_GRU64_OH0,0316_2330,A,0.4946225583553314,0.3191305696964264,0.5,0.5,-31.616096890933356,6.732154334549483,-3.095074448019464,1.5151193173737763
1773700331.2291033,1773700331229112433,Sr02_gA_IMG1_LID1_STA1_GRU64_OH0,0316_2330,A,0.49111437797546387,0.3116549849510193,0.5,0.5,-31.616096890933356,6.732154334549483,-3.095074448019464,1.5151193173737763
1773700331.3288026,1773700331328810162,Sr02_gA_IMG1_LID1_STA1_GRU64_OH0,0316_2330,A,0.4910989999771118,0.3116724193096161,0.5,0.5,-31.616096890933356,6.732154334549483,-3.095074448019464,1.5151193173737763
1773700331.4310648,1773700331431074029,Sr02_gA_IMG1_LID1_STA1_GRU64_OH0,0316_2330,A,0.5125301480293274,0.3789351284503937,0.5,0.5,-31.616096890933356,6.732154334549483,-3.095074448019464,1.5151193173737763
1773700331.5299366,1773700331529943725,Sr02_gA_IMG1_LID1_STA1_GRU64_OH0,0316_2330,A,0.5125201344490051,0.3789442479610443,0.5,0.5,-31.616096890933356,6.732154334549483,-3.095074448019464,1.5151193173737763
1773700331.628244,1773700331628254227,Sr02_gA_IMG1_LID1_STA1_GRU64_OH0,0316_2330,A,0.5114402770996094,0.3043064773082733,0.5,0.5,-31.616096890933356,6.732154334549483,-3.095074448019464,1.5151193173737763
1773700331.7277584,1773700331727766795,Sr02_gA_IMG1_LID1_STA1_GRU64_OH0,0316_2330,A,0.5027233362197876,0.31403058767318726,0.5,0.5,-31.616096890933356,6.732154334549483,-3.095074448019464,1.5151193173737763
1773700331.8299587,1773700331829966640,Sr02_gA_IMG1_LID1_STA1_GRU64_OH0,0316_2330,A,0.5027183294296265,0.3140355944633484,0.5,0.5,-31.616096890933356,6.732154334549483,-3.095074448019464,1.5151193173737763
1773700331.9294581,1773700331929467575,Sr02_gA_IMG1_LID1_STA1_GRU64_OH0,0316_2330,A,0.49709832668304443,0.3123108744621277,0.5,0.5,-31.616096890933356,6.732154334549483,-3.095074448019464,1.5151193173737763
1773700332.0303283,1773700332030335058,Sr02_gA_IMG1_LID1_STA1_GRU64_OH0,0316_2330,A,0.4970947206020355,0.31231480836868286,0.5,0.5,-31.616096890933356,6.732154334549483,-3.095074448019464,1.5151193173737763
1773700332.1292164,1773700332129223399,Sr02_gA_IMG1_LID1_STA1_GRU64_OH0,0316_2330,A,0.5187895894050598,0.43609029054641724,0.5,0.5,-31.616096890933356,6.732154334549483,-3.095074448019464,1.5151193173737763
1773700332.2284167,1773700332228423162,Sr02_gA_IMG1_LID1_STA1_GRU64_OH0,0316_2330,A,0.5314608216285706,0.3145148754119873,0.5,0.5,-31.616096890933356,6.732154334549483,-3.095074448019464,1.5151193173737763
1773700332.3284943,1773700332328632774,Sr02_gA_IMG1_LID1_STA1_GRU64_OH0,0316_2330,A,0.5314579010009766,0.31451815366744995,0.5,0.5,-31.616096890933356,6.732154334549483,-3.095074448019464,1.5151193173737763
1773700332.4287682,1773700332428778225,Sr02_gA_IMG1_LID1_STA1_GRU64_OH0,0316_2330,A,0.5113332271575928,0.31708282232284546,0.5,0.5,-31.616096890933356,6.732154334549483,-3.095074448019464,1.5151193173737763
1773700332.5290787,1773700332529086033,Sr02_gA_IMG1_LID1_STA1_GRU64_OH0,0316_2330,A,0.5113323330879211,0.31708356738090515,0.5,0.5,-31.616096890933356,6.732154334549483,-3.095074448019464,1.5151193173737763
1773700332.6295671,1773700332629578193,Sr02_gA_IMG1_LID1_STA1_GRU64_OH0,0316_2330,A,0.5008522868156433,0.3127799928188324,0.5,0.5,-31.616096890933356,6.732154334549483,-3.095074448019464,1.5151193173737763
1773700332.7283456,1773700332728352778,Sr02_gA_IMG1_LID1_STA1_GRU64_OH0,0316_2330,A,0.4869857132434845,0.38024502992630005,0.5,0.5,-31.616096890933356,6.732154334549483,-3.095074448019464,1.5151193173737763
1773700332.8284478,1773700332828459374,Sr02_gA_IMG1_LID1_STA1_GRU64_OH0,0316_2330,A,0.486985445022583,0.38024550676345825,0.5,0.5,-31.616096890933356,6.732154334549483,-3.095074448019464,1.5151193173737763
1773700332.9280913,1773700332928109784,Sr02_gA_IMG1_LID1_STA1_GRU64_OH0,0316_2330,A,0.4951692521572113,0.31304824352264404,0.5,0.5,-31.616096890933356,6.732154334549483,-3.095074448019464,1.5151193173737763
1773700333.0302172,1773700333030225148,Sr02_gA_IMG1_LID1_STA1_GRU64_OH0,0316_2330,A,0.4951692521572113,0.31304824352264404,0.5,0.5,-31.616096890933356,6.732154334549483,-3.095074448019464,1.5151193173737763
1773700333.1314397,1773700333131447275,Sr02_gA_IMG1_LID1_STA1_GRU64_OH0,0316_2330,A,0.4936786890029907,0.31349605321884155,0.5,0.5,-31.616096890933356,6.732154334549483,-3.095074448019464,1.5151193173737763
1773700333.2297134,1773700333229721409,Sr02_gA_IMG1_LID1_STA1_GRU64_OH0,0316_2330,A,0.4936786890029907,0.31349605321884155,0.5,0.5,-31.616096890933356,6.732154334549483,-3.095074448019464,1.5151193173737763
1773700333.3606262,1773700333360634550,Sr02_gA_IMG1_LID1_STA1_GRU64_OH0,0316_2330,A,0.4936786890029907,0.31349605321884155,0.5,0.5,-31.616096890933356,6.732154334549483,-3.095074448019464,1.5151193173737763
1773700333.4279213,1773700333427928308,Sr02_gA_IMG1_LID1_STA1_GRU64_OH0,0316_2330,A,0.4936786890029907,0.31349605321884155,0.5,0.5,-31.616096890933356,6.732154334549483,-3.095074448019464,1.5151193173737763
1773700333.5284452,1773700333528453130,Sr02_gA_IMG1_LID1_STA1_GRU64_OH0,0316_2330,A,0.4936786890029907,0.31349605321884155,0.5,0.5,-31.616096890933356,6.732154334549483,-3.095074448019464,1.5151193173737763
1773700333.627806,1773700333627813568,Sr02_gA_IMG1_LID1_STA1_GRU64_OH0,0316_2330,A,0.4936786890029907,0.31349605321884155,0.5,0.5,-31.616096890933356,6.732154334549483,-3.095074448019464,1.5151193173737763
1773700333.7273269,1773700333727333910,Sr02_gA_IMG1_LID1_STA1_GRU64_OH0,0316_2330,A,0.4936786890029907,0.31349605321884155,0.5,0.5,-31.616096890933356,6.732154334549483,-3.095074448019464,1.5151193173737763
