t_unix,t_ros_ns,run_folder,run_id,goal_id,v_pred_lin,w_pred_ang,v_cmd_lin,w_cmd_ang,x,y,yaw,dist_to_goal
1769387241.2652586,1769387241265266567,Sr02_gA_IMG1_LID1_STA1_CFC64_OH0,0126_0127,A,-0.0531112439930439,0.0008413672912865877,0.0,0.0,1.4006021637112351e-15,-2.5467519425938657e-24,-7.060442446451728e-12,33.80335215951223
1769387241.3895614,1769387241389570276,Sr02_gA_IMG1_LID1_STA1_CFC64_OH0,0126_0127,A,-0.0531112439930439,0.0008413672912865877,0.0,0.0,1.4006021637112351e-15,-2.5467519425938657e-24,-7.060442446451728e-12,33.80335215951223
1769387241.5123098,1769387241512317574,Sr02_gA_IMG1_LID1_STA1_CFC64_OH0,0126_0127,A,0.004743906669318676,0.013537616468966007,0.0,0.0,1.28414277379868e-15,-2.545929687770032e-24,-7.060442485965097e-12,33.80335215951223
1769387241.6350768,1769387241635086062,Sr02_gA_IMG1_LID1_STA1_CFC64_OH0,0126_0127,A,-0.06675156950950623,0.0032692565582692623,0.0,0.0,1.2070997789846448e-15,-2.545385730134839e-24,-7.060442523356007e-12,33.80335215951223
1769387241.759226,1769387241759233979,Sr02_gA_IMG1_LID1_STA1_CFC64_OH0,0126_0127,A,-0.11205367743968964,0.016072340309619904,0.0,0.0,1.0913216964040157e-15,-2.544568285638078e-24,-7.0604425060469435e-12,33.80335215951223
1769387241.8774328,1769387241877440202,Sr02_gA_IMG1_LID1_STA1_CFC64_OH0,0126_0127,A,-0.06260567903518677,0.0034462152980268,0.0,0.0,1.0142594157191044e-15,-2.544024191824966e-24,-7.060442729796567e-12,33.80335215951223
1769387242.0009673,1769387242000974197,Sr02_gA_IMG1_LID1_STA1_CFC64_OH0,0126_0127,A,-0.03190716728568077,0.007145123556256294,0.0,0.0,1.0974207819360953e-13,8.893465804826157e-19,7.571224732341104e-05,33.80335215951233
1769387242.123243,1769387242123250310,Sr02_gA_IMG1_LID1_STA1_CFC64_OH0,0126_0127,A,-0.07659512758255005,0.004075127653777599,0.0,0.0,1.1421095234708868e-12,2.709661076653814e-16,0.00032885567865771766,33.803352159513345
1769387242.2489464,1769387242248953857,Sr02_gA_IMG1_LID1_STA1_CFC64_OH0,0126_0127,A,-0.24864570796489716,0.012293313629925251,-0.5,0.0,1.140605098059843e-12,-1.0811772790131331e-16,0.0016826009719213561,33.803352159513345
1769387242.3704224,1769387242370436070,Sr02_gA_IMG1_LID1_STA1_CFC64_OH0,0126_0127,A,-0.3482969403266907,0.003389409277588129,-0.5,0.0,-5.53410709462502e-13,-3.6625741278657336e-15,0.0024810298696006264,33.80335215951169
1769387242.4950671,1769387242495075379,Sr02_gA_IMG1_LID1_STA1_CFC64_OH0,0126_0127,A,-0.34839969873428345,0.01917789876461029,-0.5,0.0,4.125666609621735e-13,-1.5545236086571426e-15,0.003960209413076462,33.80335215951263
1769387242.615667,1769387242615674895,Sr02_gA_IMG1_LID1_STA1_CFC64_OH0,0126_0127,A,-0.348440945148468,0.019222889095544815,-0.5,0.0,-1.230875060815113e-12,-8.252136016094145e-15,0.004640381639474317,33.80335215951103
1769387242.7372217,1769387242737229964,Sr02_gA_IMG1_LID1_STA1_CFC64_OH0,0126_0127,A,-0.4149443209171295,0.007797145284712315,-0.5,0.0,-1.2294054920763437e-12,-8.300957080752786e-15,0.005354880740723849,33.80335215951103
1769387242.8609304,1769387242860938226,Sr02_gA_IMG1_LID1_STA1_CFC64_OH0,0126_0127,A,-0.4482930898666382,0.00759266410022974,-0.5,0.0,-1.772138173314484e-12,-1.1321667589193619e-14,0.006027534181781459,33.8033521595105
1769387242.979026,1769387242979032930,Sr02_gA_IMG1_LID1_STA1_CFC64_OH0,0126_0127,A,-0.4481712579727173,0.007591994479298592,-0.5,0.0,-0.008044606400765526,-5.0469553403975986e-05,0.0063749551437529495,33.79551219391546
1769387243.1047308,1769387243104738611,Sr02_gA_IMG1_LID1_STA1_CFC64_OH0,0126_0127,A,-0.41322025656700134,0.20216965675354004,-0.5,0.5,-0.0334232644100551,-0.00021581193532862886,0.006612093562275851,33.77078109287331
1769387243.226639,1769387243226646793,Sr02_gA_IMG1_LID1_STA1_CFC64_OH0,0126_0127,A,-0.47372132539749146,0.158354252576828,-0.5,0.0,-0.10103681996207006,-0.0006854391011389073,0.007835352709846304,33.70490382474631
1769387243.3544981,1769387243354506077,Sr02_gA_IMG1_LID1_STA1_CFC64_OH0,0126_0127,A,-0.2890988290309906,0.04364392161369324,-0.5,0.0,-0.15103487500974522,-0.001125217598634301,0.00975673770239681,33.656214394318006
1769387243.4806454,1769387243480653256,Sr02_gA_IMG1_LID1_STA1_CFC64_OH0,0126_0127,A,-0.3156120777130127,0.06186753883957863,-0.5,0.0,-0.2260306876844351,-0.0019168135066898395,0.0111548300599332,33.583217672622524
1769387243.6022341,1769387243602240807,Sr02_gA_IMG1_LID1_STA1_CFC64_OH0,0126_0127,A,-0.46680745482444763,-0.05500325933098793,-0.5,0.0,-0.27602735613299006,-0.002493620919365048,0.011916139826093769,33.534569420906735
1769387243.722944,1769387243722952022,Sr02_gA_IMG1_LID1_STA1_CFC64_OH0,0126_0127,A,-0.3968307673931122,-0.11279499530792236,-0.5,0.0,-0.3510101343032574,-0.0034307952161072757,0.01342810361118929,33.461632299017815
1769387243.846226,1769387243846234334,Sr02_gA_IMG1_LID1_STA1_CFC64_OH0,0126_0127,A,-0.2052782028913498,0.12677687406539917,0.0,0.0,-0.40074804773152267,-0.004433382124198654,0.029368200362288696,33.41334041425479
1769387243.969294,1769387243969302103,Sr02_gA_IMG1_LID1_STA1_CFC64_OH0,0126_0127,A,-0.2261020690202713,0.11958948522806168,-0.5,0.0,-0.4756788654904365,-0.007587267431842698,0.05400126819121039,33.34095982083223
1769387244.0922465,1769387244092254485,Sr02_gA_IMG1_LID1_STA1_CFC64_OH0,0126_0127,A,-0.3942188620567322,-0.013389959931373596,-0.5,0.0,-0.5255335042163893,-0.010495118004921691,0.06074802605017348,33.2929878271493
1769387244.219381,1769387244219387535,Sr02_gA_IMG1_LID1_STA1_CFC64_OH0,0126_0127,A,-0.31006067991256714,-0.17890681326389313,-0.5,-0.5,-0.6003619656912028,-0.015393946453053104,0.06962916072528601,33.22111477504817
1769387244.346283,1769387244346291214,Sr02_gA_IMG1_LID1_STA1_CFC64_OH0,0126_0127,A,-0.5599943399429321,-0.21725915372371674,-0.5,-0.5,-0.6501918512500308,-0.01876492556635643,0.06486140721410545,33.17328483530748
1769387244.469305,1769387244469314069,Sr02_gA_IMG1_LID1_STA1_CFC64_OH0,0126_0127,A,-0.5160201787948608,-0.2689563035964966,-0.5,-0.5,-0.7238072108284419,-0.02302502190635823,0.049542723543607226,33.10247466155681
1769387244.593615,1769387244593622326,Sr02_gA_IMG1_LID1_STA1_CFC64_OH0,0126_0127,A,-0.48370274901390076,-0.3975357413291931,-0.5,-0.5,-0.7571246367261887,-0.024536224361159632,0.04065939917217553,33.07033780871242
1769387244.7138703,1769387244713878607,Sr02_gA_IMG1_LID1_STA1_CFC64_OH0,0126_0127,A,-0.5038824081420898,-0.44817090034484863,-0.5,-0.5,-0.8149633396368353,-0.026573582910296274,0.032319585352478454,33.01442296236102
1769387244.840339,1769387244840347180,Sr02_gA_IMG1_LID1_STA1_CFC64_OH0,0126_0127,A,-0.5408065319061279,-0.48927024006843567,-0.5,-0.5,-0.8649382854240915,-0.028155822743798187,0.03098059233499373,32.966075773336684
1769387244.9671483,1769387244967157384,Sr02_gA_IMG1_LID1_STA1_CFC64_OH0,0126_0127,A,-0.5444508194923401,-0.48305273056030273,-0.5,-0.5,-0.9397239929728368,-0.029913261988539934,0.010394790480914849,32.89359784799391
1769387245.096707,1769387245096715937,Sr02_gA_IMG1_LID1_STA1_CFC64_OH0,0126_0127,A,-0.4975194036960602,-0.45229122042655945,-0.5,-0.5,-0.9897230011354037,-0.029889855282222447,-0.011331078002456103,32.844877512279645
1769387245.2228708,1769387245222878064,Sr02_gA_IMG1_LID1_STA1_CFC64_OH0,0126_0127,A,-0.4699615240097046,-0.39165329933166504,-0.5,-0.5,-1.064651593437718,-0.02754557298224036,-0.0517575878717102,32.771350935463694
1769387245.3505788,1769387245350585933,Sr02_gA_IMG1_LID1_STA1_CFC64_OH0,0126_0127,A,-0.49326249957084656,-0.45122501254081726,-0.5,-0.5,-1.1144032827881443,-0.024042408796973103,-0.09029003914599809,32.72209379326713
1769387245.4735236,1769387245473533566,Sr02_gA_IMG1_LID1_STA1_CFC64_OH0,0126_0127,A,-0.49666866660118103,-0.46035608649253845,-0.5,-0.5,-1.1888031731103603,-0.014768062338101818,-0.15870397108416578,32.64752374112739
1769387245.600384,1769387245600391329,Sr02_gA_IMG1_LID1_STA1_CFC64_OH0,0126_0127,A,-0.520478367805481,-0.31754443049430847,-0.5,-0.5,-1.237961851781451,-0.005661724036744274,-0.20763092223166058,32.597579506790225
1769387245.7246802,1769387245724687744,Sr02_gA_IMG1_LID1_STA1_CFC64_OH0,0126_0127,A,-0.4807901680469513,-0.4368934631347656,-0.5,-0.5,-1.3107277619978883,0.012440108063579817,-0.2794735059730733,32.52260489398408
1769387245.8460958,1769387245846104083,Sr02_gA_IMG1_LID1_STA1_CFC64_OH0,0126_0127,A,-0.5182154178619385,-0.46974489092826843,-0.5,-0.5,-1.3584595585235129,0.02731455665347306,-0.324702570661079,32.47274563446372
1769387245.9653325,1769387245965342253,Sr02_gA_IMG1_LID1_STA1_CFC64_OH0,0126_0127,A,-0.5168085694313049,-0.48797643184661865,-0.5,-0.5,-1.4287673394291,0.05339468467781406,-0.3846632628072888,32.39836270400172
1769387246.0875936,1769387246087599269,Sr02_gA_IMG1_LID1_STA1_CFC64_OH0,0126_0127,A,-0.515400230884552,-0.40075746178627014,-0.5,-0.5,-1.4746626802197018,0.07317839333965163,-0.42953275157833737,32.34918612730516
1769387246.2093642,1769387246209371997,Sr02_gA_IMG1_LID1_STA1_CFC64_OH0,0126_0127,A,-0.5914938449859619,-0.5878247022628784,-0.5,-0.5,-1.519625446862094,0.09503949781383074,-0.4755682839437419,32.30045258013195
1769387246.3331537,1769387246333161911,Sr02_gA_IMG1_LID1_STA1_CFC64_OH0,0126_0127,A,-0.3977610170841217,-0.493656188249588,-0.5,-0.5,-1.5852594926408867,0.1312339797425203,-0.5284543059230321,32.22835871383679
1769387246.4575703,1769387246457577479,Sr02_gA_IMG1_LID1_STA1_CFC64_OH0,0126_0127,A,-0.38652583956718445,-0.48770105838775635,-0.5,-0.5,-1.6278812350408052,0.1571829484942475,-0.5678129744165834,32.18100092041355
1769387246.5810113,1769387246581018929,Sr02_gA_IMG1_LID1_STA1_CFC64_OH0,0126_0127,A,-0.5340754389762878,-0.4683978855609894,-0.5,-0.5,-1.6896655951098047,0.19967272533618544,-0.637617552225154,32.11127594719437
1769387246.700716,1769387246700723244,Sr02_gA_IMG1_LID1_STA1_CFC64_OH0,0126_0127,A,-0.5026395320892334,-0.48914796113967896,-0.5,-0.5,-1.729099399575014,0.23040509891047792,-0.6864151127495769,32.06598162929021
1769387246.8296895,1769387246829697530,Sr02_gA_IMG1_LID1_STA1_CFC64_OH0,0126_0127,A,-0.3435632884502411,-0.45549726486206055,-0.5,-0.5,-1.7855049273013137,0.27976594030738,-0.7501305100791646,32.000020165606436
1769387246.9536166,1769387246953624761,Sr02_gA_IMG1_LID1_STA1_CFC64_OH0,0126_0127,A,-0.33533671498298645,-0.4526818096637726,-0.5,-0.5,-1.8210015484208848,0.31467360888768514,-0.8058036960208332,31.95768114394468
1769387247.0782893,1769387247078297052,Sr02_gA_IMG1_LID1_STA1_CFC64_OH0,0126_0127,A,-0.49222859740257263,-0.3931672275066376,-0.5,-0.5,-1.8708406922029137,0.37069571962201564,-0.880793767190228,31.89673200017404
1769387247.2020485,1769387247202057640,Sr02_gA_IMG1_LID1_STA1_CFC64_OH0,0126_0127,A,-0.5132425427436829,-0.3715212047100067,-0.5,-0.5,-1.901714879094745,0.41001859928001316,-0.9295638059062391,31.857995988120855
1769387247.3253174,1769387247325325905,Sr02_gA_IMG1_LID1_STA1_CFC64_OH0,0126_0127,A,-0.4606400728225708,-0.4230729639530182,-0.5,-0.5,-1.9444295013727677,0.4716476261040432,-1.0002383853215637,31.80288794340527
1769387247.4513397,1769387247451347288,Sr02_gA_IMG1_LID1_STA1_CFC64_OH0,0126_0127,A,-0.5019888281822205,-0.4067798852920532,-0.5,-0.5,-1.970394857038379,0.5143711751345198,-1.049153108384438,31.768292832507754
1769387247.577371,1769387247577378399,Sr02_gA_IMG1_LID1_STA1_CFC64_OH0,0126_0127,A,-0.4852661192417145,-0.48555228114128113,-0.5,-0.5,-2.005496589349086,0.5806333500049183,-1.1178141208506014,31.719768158652286
1769387247.699245,1769387247699252286,Sr02_gA_IMG1_LID1_STA1_CFC64_OH0,0126_0127,A,-0.23358745872974396,-0.2337685227394104,-0.5,-0.5,-2.0263541689619675,0.6260704960366316,-1.1630822333346127,31.68969222697073
1769387247.8282626,1769387247828270213,Sr02_gA_IMG1_LID1_STA1_CFC64_OH0,0126_0127,A,-0.23798103630542755,-0.4155237078666687,-0.5,-0.5,-2.054047658474733,0.6957587201218469,-1.2216243436358336,31.647861559661493
1769387247.9513297,1769387247951336950,Sr02_gA_IMG1_LID1_STA1_CFC64_OH0,0126_0127,A,-0.289549320936203,-0.39743733406066895,-0.5,-0.5,-2.0702770625566593,0.7430484509141903,-1.2587764012443725,31.62205164012941
1769387248.0795243,1769387248079532123,Sr02_gA_IMG1_LID1_STA1_CFC64_OH0,0126_0127,A,-0.18874798715114594,-0.29926884174346924,0.0,-0.5,-2.0910632155016,0.8150862646040415,-1.3215766277269694,31.58669705324968
1769387248.203761,1769387248203767803,Sr02_gA_IMG1_LID1_STA1_CFC64_OH0,0126_0127,A,-0.47249120473861694,-0.36270347237586975,-0.5,-0.5,-2.10240681210415,0.8637789524515737,-1.3622545573007194,31.565526490907438
1769387248.3274167,1769387248327424767,Sr02_gA_IMG1_LID1_STA1_CFC64_OH0,0126_0127,A,-0.25544190406799316,0.04494217410683632,-0.5,0.0,-2.1152923509984936,0.9375849962631081,-1.432438082832071,31.53777913523858
1769387248.4499528,1769387248449959505,Sr02_gA_IMG1_LID1_STA1_CFC64_OH0,0126_0127,A,-0.2162138670682907,0.020811572670936584,0.0,0.0,-2.1214869298617374,0.9870511872628324,-1.4582151079562673,31.521659295032254
1769387248.5698674,1769387248569874334,Sr02_gA_IMG1_LID1_STA1_CFC64_OH0,0126_0127,A,0.2668614685535431,-0.06064550206065178,0.5,0.0,-2.1280304731182214,1.0614893237679646,-1.512652288377893,31.500256785935814
1769387248.6955676,1769387248695575085,Sr02_gA_IMG1_LID1_STA1_CFC64_OH0,0126_0127,A,0.248661607503891,-0.2910229563713074,0.5,-0.5,-2.1299385010075915,1.1111827909650767,-1.5522068335469716,31.488470702516903
1769387248.8249307,1769387248824938290,Sr02_gA_IMG1_LID1_STA1_CFC64_OH0,0126_0127,A,0.36262601613998413,-0.38109084963798523,0.5,-0.5,-2.1297280191090513,1.1607698023173278,-1.6015501654011686,31.478856647826586
1769387248.950225,1769387248950231586,Sr02_gA_IMG1_LID1_STA1_CFC64_OH0,0126_0127,A,0.4038906693458557,-0.43090763688087463,0.5,-0.5,-2.1280800902526673,1.1974174784596892,-1.6269595502131813,31.47326300240331
1769387249.0712838,1769387249071291305,Sr02_gA_IMG1_LID1_STA1_CFC64_OH0,0126_0127,A,0.42139899730682373,-0.4459059536457062,0.5,-0.5,-2.1235400382295793,1.268663963575658,-1.6347086576096626,31.463818949203137
1769387249.190351,1769387249190358483,Sr02_gA_IMG1_LID1_STA1_CFC64_OH0,0126_0127,A,0.5322093963623047,-0.5316652059555054,0.5,-0.5,-2.121230285476063,1.3057739673990119,-1.6310464957080417,31.458908910293033
1769387249.318786,1769387249318792965,Sr02_gA_IMG1_LID1_STA1_CFC64_OH0,0126_0127,A,0.37759262323379517,-0.5361179113388062,0.5,-0.5,-2.1201708870213216,1.3237043159209263,-1.6281852987069654,31.456496468432423
1769387249.446033,1769387249446039887,Sr02_gA_IMG1_LID1_STA1_CFC64_OH0,0126_0127,A,0.4046242833137512,-0.5297346711158752,0.5,-0.5,-2.1206009796440846,1.3158157621684177,-1.625097372780998,31.457591916881977
1769387249.5747046,1769387249574715412,Sr02_gA_IMG1_LID1_STA1_CFC64_OH0,0126_0127,A,0.5258107781410217,-0.6325563788414001,0.5,-0.5,-2.122042134372536,1.288863058374953,-1.6235481093244015,31.461377201684094
1769387249.6972423,1769387249697250720,Sr02_gA_IMG1_LID1_STA1_CFC64_OH0,0126_0127,A,0.33662647008895874,-0.3921572268009186,0.5,-0.5,-2.1255317232494617,1.2277316785908605,-1.6382155209984934,31.46983005126304
1769387249.8255732,1769387249825581478,Sr02_gA_IMG1_LID1_STA1_CFC64_OH0,0126_0127,A,0.4221107065677643,-0.37570643424987793,0.5,-0.5,-2.12926271689873,1.1819890454955173,-1.6681629010628003,31.475133485440654
1769387249.9514062,1769387249951414436,Sr02_gA_IMG1_LID1_STA1_CFC64_OH0,0126_0127,A,0.4427017271518707,-0.3914465606212616,0.5,-0.5,-2.139029885366404,1.108715687037565,-1.7418240943187717,31.480051526533913
1769387250.076884,1769387250076892578,Sr02_gA_IMG1_LID1_STA1_CFC64_OH0,0126_0127,A,0.507685661315918,-0.4243548512458801,0.5,-0.5,-2.154745200756254,1.035401224308142,-1.8219418512826697,31.479324174283473
1769387250.2023256,1769387250202332850,Sr02_gA_IMG1_LID1_STA1_CFC64_OH0,0126_0127,A,0.43846395611763,-0.14429721236228943,0.5,0.0,-2.168443495668934,0.9873381025544112,-1.875335337503999,31.47561908861603
1769387250.327436,1769387250327443392,Sr02_gA_IMG1_LID1_STA1_CFC64_OH0,0126_0127,A,0.5141192674636841,-0.3020485043525696,0.5,-0.5,-2.1941786394657723,0.9170881084921958,-1.9657071660282905,31.464753671551097
1769387250.4522996,1769387250452307041,Sr02_gA_IMG1_LID1_STA1_CFC64_OH0,0126_0127,A,0.5351167917251587,-0.35028204321861267,0.5,-0.5,-2.214294254148049,0.8714643919797739,-2.005697500870619,31.454461878422908
1769387250.5794995,1769387250579507506,Sr02_gA_IMG1_LID1_STA1_CFC64_OH0,0126_0127,A,0.47779276967048645,-0.39087358117103577,0.5,-0.5,-2.247803708836594,0.8043777037953926,-2.0623753066018398,31.43562192943912
1769387250.7027383,1769387250702745694,Sr02_gA_IMG1_LID1_STA1_CFC64_OH0,0126_0127,A,0.4258766770362854,-0.2966032922267914,0.5,-0.5,-2.272261940175566,0.7607718117470839,-2.10184897666748,31.420848599787778
1769387250.830441,1769387250830448843,Sr02_gA_IMG1_LID1_STA1_CFC64_OH0,0126_0127,A,0.4866441488265991,-0.6448699831962585,0.5,-0.5,-2.312217276377907,0.6974077700917455,-2.16252766174783,31.39519685032663
1769387250.9553916,1769387250955398583,Sr02_gA_IMG1_LID1_STA1_CFC64_OH0,0126_0127,A,0.5089238882064819,-0.597134530544281,0.5,-0.5,-2.340356127877753,0.6564332957402165,-2.180322553457538,31.37644480368101
1769387251.0770605,1769387251077065962,Sr02_gA_IMG1_LID1_STA1_CFC64_OH0,0126_0127,A,0.5123328566551208,-0.34668511152267456,0.5,-0.5,-2.384260174984759,0.5958968518665657,-2.2204134543930265,31.346587801498202
1769387251.2003944,1769387251200401993,Sr02_gA_IMG1_LID1_STA1_CFC64_OH0,0126_0127,A,0.49600037932395935,-0.5753005146980286,0.5,-0.5,-2.415192986267337,0.556623286055798,-2.255829978959191,31.324907052702983
1769387251.3296683,1769387251329675389,Sr02_gA_IMG1_LID1_STA1_CFC64_OH0,0126_0127,A,0.451237291097641,-0.4026641249656677,0.5,-0.5,-2.4475765139214523,0.5185314434676194,-2.2949172740247814,31.30161688715523
1769387251.4573493,1769387251457357078,Sr02_gA_IMG1_LID1_STA1_CFC64_OH0,0126_0127,A,0.4539889395236969,-0.3998855948448181,0.5,-0.5,-2.4985904997747586,0.46359606860510333,-2.3416233616594107,31.26393394313585
1769387251.5778663,1769387251577873566,Sr02_gA_IMG1_LID1_STA1_CFC64_OH0,0126_0127,A,0.5088366866111755,-0.44382500648498535,0.5,-0.5,-2.551876865415696,0.4122864750346522,-2.4168297938056362,31.223362054985845
1769387251.7034156,1769387251703422301,Sr02_gA_IMG1_LID1_STA1_CFC64_OH0,0126_0127,A,0.5045585036277771,-0.41011250019073486,0.5,-0.5,-2.5902233944633233,0.38031503708945735,-2.475682075058664,31.193130848295272
1769387251.832295,1769387251832302559,Sr02_gA_IMG1_LID1_STA1_CFC64_OH0,0126_0127,A,0.535733163356781,-0.4643392264842987,0.5,-0.5,-2.6500713548001404,0.33612775835154685,-2.5339032415419513,31.144759377154514
1769387251.956213,1769387251956222727,Sr02_gA_IMG1_LID1_STA1_CFC64_OH0,0126_0127,A,0.48961684107780457,-0.4577539265155792,0.5,-0.5,-2.6915544642979223,0.3088437149193116,-2.5859981776153473,31.11053207576109
1769387252.0823476,1769387252082354906,Sr02_gA_IMG1_LID1_STA1_CFC64_OH0,0126_0127,A,0.4789664149284363,-0.2714776396751404,0.5,-0.5,-2.756412058024361,0.27129645056433555,-2.647008548700732,31.0559334681501
1769387252.204631,1769387252204637480,Sr02_gA_IMG1_LID1_STA1_CFC64_OH0,0126_0127,A,0.5110743641853333,-0.059364933520555496,0.5,0.0,-2.800874192655038,0.24845478607057603,-2.687399258180377,31.017887646325175
1769387252.3328795,1769387252332886483,Sr02_gA_IMG1_LID1_STA1_CFC64_OH0,0126_0127,A,0.4987143576145172,-0.10492534190416336,0.5,0.0,-2.8693125635790455,0.21780933376838718,-2.752961556479669,30.958348710334604
1769387252.460222,1769387252460230297,Sr02_gA_IMG1_LID1_STA1_CFC64_OH0,0126_0127,A,0.5125440359115601,-0.09138929098844528,0.5,0.0,-2.9159594687332087,0.19981723899615222,-2.7939727662038614,30.91713433545293
1769387252.5835907,1769387252583597927,Sr02_gA_IMG1_LID1_STA1_CFC64_OH0,0126_0127,A,0.48918628692626953,-0.19031089544296265,0.5,-0.5,-2.9872878728683316,0.17673921070335738,-2.8633677331248313,30.853128878894555
1769387252.7119982,1769387252712005739,Sr02_gA_IMG1_LID1_STA1_CFC64_OH0,0126_0127,A,0.5118405818939209,-0.04760989546775818,0.5,0.0,-3.0356625537686313,0.1641117274370016,-2.9091430768445967,30.80904122081812
1769387252.837168,1769387252837174780,Sr02_gA_IMG1_LID1_STA1_CFC64_OH0,0126_0127,A,0.4718194007873535,-0.01712685264647007,0.5,0.0,-3.108853403333885,0.14876287268718746,-2.953995128242757,30.74148824134402
1769387252.9628162,1769387252962823943,Sr02_gA_IMG1_LID1_STA1_CFC64_OH0,0126_0127,A,0.47457876801490784,-0.004254264757037163,0.5,0.0,-3.157875408604786,0.13966879891695888,-2.9612739016147778,30.69598163339309
1769387253.0814312,1769387253081437990,Sr02_gA_IMG1_LID1_STA1_CFC64_OH0,0126_0127,A,0.5070496797561646,0.0011724366340786219,0.5,0.0,-3.2317495210859595,0.12679304672646327,-2.9766452993339083,30.6272346639219
1769387253.204509,1769387253204516337,Sr02_gA_IMG1_LID1_STA1_CFC64_OH0,0126_0127,A,0.4944751262664795,-0.0021753853652626276,0.5,0.0,-3.281107696513584,0.11880851177830437,-2.985784214288196,30.581171853966396
1769387253.3226259,1769387253322633060,Sr02_gA_IMG1_LID1_STA1_CFC64_OH0,0126_0127,A,0.4737303555011749,0.03459081053733826,0.5,0.0,-3.3304902020353535,0.11140107278994779,-3.0016484655465407,30.534960587453458
1769387253.4462059,1769387253446214151,Sr02_gA_IMG1_LID1_STA1_CFC64_OH0,0126_0127,A,0.47819021344184875,0.03599594160914421,0.5,0.0,-3.4047407364437587,0.10154308377533518,-3.013847468402736,30.465195000331402
1769387253.57147,1769387253571476327,Sr02_gA_IMG1_LID1_STA1_CFC64_OH0,0126_0127,A,0.489231139421463,-0.00889024417847395,0.5,0.0,-3.454338747690363,0.09521565518214832,-3.0155601741919242,30.41854486145088
1769387253.694819,1769387253694826524,Sr02_gA_IMG1_LID1_STA1_CFC64_OH0,0126_0127,A,0.490885853767395,0.0009598636534065008,0.5,0.0,-3.5287500721150837,0.08583728911500639,-3.0164759696973245,30.348548694129093
1769387253.8152945,1769387253815302296,Sr02_gA_IMG1_LID1_STA1_CFC64_OH0,0126_0127,A,0.48171260952949524,-0.010004144161939621,0.5,0.0,-3.5783588587335298,0.07959485606370939,-3.016358726547562,30.301894323102303
1769387253.9386551,1769387253938663484,Sr02_gA_IMG1_LID1_STA1_CFC64_OH0,0126_0127,A,0.483902245759964,-0.008205413818359375,0.5,0.0,-3.6527724319720614,0.0702343346538948,-3.01661807492642,30.2319316849945
1769387254.066081,1769387254066089973,Sr02_gA_IMG1_LID1_STA1_CFC64_OH0,0126_0127,A,0.46174144744873047,-0.0966138169169426,0.5,0.0,-3.702369646100078,0.06391665828419582,-3.0131661824724794,30.18533356814296
1769387254.1930044,1769387254193014219,Sr02_gA_IMG1_LID1_STA1_CFC64_OH0,0126_0127,A,0.4795375466346741,-0.02549830451607704,0.5,0.0,-3.776714914031839,0.054115866561655276,-3.0086020553654134,30.115584664356444
1769387254.3239686,1769387254323978499,Sr02_gA_IMG1_LID1_STA1_CFC64_OH0,0126_0127,A,0.43689438700675964,0.02409457042813301,0.5,0.0,-3.826276340207894,0.04750795092553635,-3.0094910747054135,30.069119466177465
1769387254.450752,1769387254450758985,Sr02_gA_IMG1_LID1_STA1_CFC64_OH0,0126_0127,A,0.445821613073349,0.02529532089829445,0.5,0.0,-3.900623110039534,0.03763085143897242,-3.0094456038474124,29.999429990146222
1769387254.579889,1769387254579898409,Sr02_gA_IMG1_LID1_STA1_CFC64_OH0,0126_0127,A,0.4719981253147125,0.016092319041490555,0.5,0.0,-3.9501904578816673,0.03106750608981454,-3.0104460082377047,29.952976601704474
1769387254.702372,1769387254702380647,Sr02_gA_IMG1_LID1_STA1_CFC64_OH0,0126_0127,A,0.445404589176178,-0.03993454575538635,0.5,0.0,-4.024520641494225,0.02131400620520849,-3.0126859551341822,29.883315671737876
1769387254.825755,1769387254825762303,Sr02_gA_IMG1_LID1_STA1_CFC64_OH0,0126_0127,A,0.49230074882507324,-0.026538535952568054,0.5,0.0,-4.074127128348158,0.01512578031760151,-3.0223158003702686,29.83676050588583
1769387254.947084,1769387254947092198,Sr02_gA_IMG1_LID1_STA1_CFC64_OH0,0126_0127,A,0.5106770396232605,-0.020737648010253906,0.5,0.0,-4.148597403382364,0.006420608027902881,-3.027199275699528,29.766747185680224
1769387255.0769382,1769387255076945662,Sr02_gA_IMG1_LID1_STA1_CFC64_OH0,0126_0127,A,0.4770398736000061,0.02344323694705963,0.5,0.0,-4.198253269639118,0.0006601533673497293,-3.024902495282804,29.720065696070236
1769387255.2051034,1769387255205111028,Sr02_gA_IMG1_LID1_STA1_CFC64_OH0,0126_0127,A,0.5062534809112549,0.0014444286935031414,0.5,0.0,-4.272726875834746,-0.00820972907505666,-3.0213282799679186,29.6501305953431
1769387255.3271627,1769387255327170592,Sr02_gA_IMG1_LID1_STA1_CFC64_OH0,0126_0127,A,0.5038408637046814,-0.028118152171373367,0.5,0.0,-4.322360872211968,-0.014248400038233954,-3.0197190501499227,29.603566856600324
1769387255.4484754,1769387255448482312,Sr02_gA_IMG1_LID1_STA1_CFC64_OH0,0126_0127,A,0.5043768286705017,-0.029019568115472794,0.5,0.0,-4.396813841546196,-0.02319427612396155,-3.024969286874193,29.533712328569226
1769387255.5695255,1769387255569532251,Sr02_gA_IMG1_LID1_STA1_CFC64_OH0,0126_0127,A,0.49871569871902466,0.024570994079113007,0.5,0.0,-4.44648184361441,-0.02894647604723994,-3.0275651407979356,29.487071877315007
1769387255.6956675,1769387255695675050,Sr02_gA_IMG1_LID1_STA1_CFC64_OH0,0126_0127,A,0.4969103932380676,-0.0027053472585976124,0.5,0.0,-4.520996457057108,-0.037366822471095226,-3.02985208265987,29.41706731809004
1769387255.8213809,1769387255821387982,Sr02_gA_IMG1_LID1_STA1_CFC64_OH0,0126_0127,A,0.47571176290512085,0.01743398979306221,0.5,0.0,-4.570678048874451,-0.043000468541749215,-3.027507766340021,29.370411336325663
1769387255.9480605,1769387255948067198,Sr02_gA_IMG1_LID1_STA1_CFC64_OH0,0126_0127,A,0.47850608825683594,0.031599316745996475,0.5,0.0,-4.645187836872709,-0.05156146986650477,-3.0273667068360677,29.300488236662147
1769387256.0688667,1769387256068873430,Sr02_gA_IMG1_LID1_STA1_CFC64_OH0,0126_0127,A,0.5047741532325745,0.010798429138958454,0.5,0.0,-4.6948699456555145,-0.05719051083987576,-3.030178511156152,29.253858304327846
1769387256.1952877,1769387256195296645,Sr02_gA_IMG1_LID1_STA1_CFC64_OH0,0126_0127,A,0.5182849168777466,-0.04729016497731209,0.5,0.0,-4.769411146990404,-0.0653718632630306,-3.033584201550426,29.183850069446656
1769387256.3192668,1769387256319275582,Sr02_gA_IMG1_LID1_STA1_CFC64_OH0,0126_0127,A,0.46825018525123596,0.024731837213039398,0.5,0.0,-4.819113109794608,-0.07082285530132976,-3.0311271116698624,29.137183285239228
1769387256.4393692,1769387256439376158,Sr02_gA_IMG1_LID1_STA1_CFC64_OH0,0126_0127,A,0.4626343250274658,0.024749815464019775,0.5,0.0,-4.893655412701664,-0.07909596273029225,-3.0310587473347668,29.067238943394226
1769387256.5697553,1769387256569763325,Sr02_gA_IMG1_LID1_STA1_CFC64_OH0,0126_0127,A,0.48467689752578735,0.01694733276963234,0.5,0.0,-4.943345404173667,-0.08465507840934886,-3.029173710281118,29.020639353499675
1769387256.6975157,1769387256697524371,Sr02_gA_IMG1_LID1_STA1_CFC64_OH0,0126_0127,A,0.45151615142822266,0.008794615976512432,0.5,0.0,-5.01785199612334,-0.09324327642876942,-3.024849825928184,28.9508530112594
1769387256.8199177,1769387256819924414,Sr02_gA_IMG1_LID1_STA1_CFC64_OH0,0126_0127,A,0.454153448343277,0.016691554337739944,0.5,0.0,-5.06750850347919,-0.09909397871162398,-3.0237699835466603,28.904389717905428
1769387256.94597,1769387256945978747,Sr02_gA_IMG1_LID1_STA1_CFC64_OH0,0126_0127,A,0.4594762325286865,0.017374038696289062,0.5,0.0,-5.141990309329377,-0.10769976837784256,-3.0296911216185314,28.834675654760453
1769387257.074259,1769387257074269658,Sr02_gA_IMG1_LID1_STA1_CFC64_OH0,0126_0127,A,0.4800660312175751,-0.009748286567628384,0.5,0.0,-5.191653436537377,-0.11333966880094692,-3.0272807404573623,28.788180719854157
1769387257.1971085,1769387257197116520,Sr02_gA_IMG1_LID1_STA1_CFC64_OH0,0126_0127,A,0.453824907541275,0.04927239939570427,0.5,0.0,-5.266147985656421,-0.12203191647097376,-3.023724318104743,28.718521056462073
1769387257.3267093,1769387257326715877,Sr02_gA_IMG1_LID1_STA1_CFC64_OH0,0126_0127,A,0.46413254737854004,0.029879651963710785,0.5,0.0,-5.315796054730029,-0.12795376768327402,-3.0220295871368483,28.67214391328649
1769387257.453617,1769387257453623832,Sr02_gA_IMG1_LID1_STA1_CFC64_OH0,0126_0127,A,0.4757242500782013,0.03359345346689224,0.5,0.0,-5.390253958179496,-0.13695482568682285,-3.020549898730856,28.60264583739234
1769387257.5838711,1769387257583878288,Sr02_gA_IMG1_LID1_STA1_CFC64_OH0,0126_0127,A,0.48494505882263184,0.033159006386995316,0.5,0.0,-5.43988305454372,-0.1430336327464409,-3.0188739232539215,28.556358975641473
1769387257.710476,1769387257710483395,Sr02_gA_IMG1_LID1_STA1_CFC64_OH0,0126_0127,A,0.3542526066303253,0.013733508996665478,0.5,0.0,-5.514307725208432,-0.15230538130502033,-3.01708146997833,28.487011064378716
1769387257.8327217,1769387257832728787,Sr02_gA_IMG1_LID1_STA1_CFC64_OH0,0126_0127,A,0.5232937335968018,0.014548179693520069,0.5,0.0,-5.5639236653762545,-0.15849068374220812,-3.018056296592785,28.440796644469
1769387257.9590662,1769387257959074838,Sr02_gA_IMG1_LID1_STA1_CFC64_OH0,0126_0127,A,0.5138605833053589,0.01485918927937746,0.5,0.0,-5.638313537614452,-0.16794886610995427,-3.011661060106342,28.371579790609935
1769387258.0849316,1769387258084937961,Sr02_gA_IMG1_LID1_STA1_CFC64_OH0,0126_0127,A,0.4798833429813385,0.008414613083004951,0.5,0.0,-5.6878823201629825,-0.17450124118866855,-3.0086730956655257,28.32554090359372
1769387258.2099853,1769387258209992757,Sr02_gA_IMG1_LID1_STA1_CFC64_OH0,0126_0127,A,0.4886581301689148,0.004318859428167343,0.5,0.0,-5.7621961002008275,-0.18462298050303222,-3.003708364637578,28.2566241687368
1769387258.335832,1769387258335839330,Sr02_gA_IMG1_LID1_STA1_CFC64_OH0,0126_0127,A,0.4998779892921448,-0.009844164364039898,0.5,0.0,-5.811710034161537,-0.19157767201037826,-3.000388124626165,28.210779914598724
1769387258.4611814,1769387258461188147,Sr02_gA_IMG1_LID1_STA1_CFC64_OH0,0126_0127,A,0.4999624788761139,-0.00889069214463234,0.5,0.0,-5.885950643272318,-0.20222328971713543,-2.99812568588158,28.142126721032135
1769387258.588581,1769387258588588056,Sr02_gA_IMG1_LID1_STA1_CFC64_OH0,0126_0127,A,0.49837130308151245,-0.012459673918783665,0.5,0.0,-5.9354317353416155,-0.20940804925554948,-2.9966708704652554,28.096411788131164
1769387258.714695,1769387258714701910,Sr02_gA_IMG1_LID1_STA1_CFC64_OH0,0126_0127,A,0.4842929244041443,-0.001426004571840167,0.5,0.0,-6.009633452316923,-0.2203214428856672,-2.9944482161383825,28.027922907478015
1769387258.8362937,1769387258836302051,Sr02_gA_IMG1_LID1_STA1_CFC64_OH0,0126_0127,A,0.4629235565662384,0.007315543480217457,0.5,0.0,-6.059089597623322,-0.22767598026895872,-2.993542305618453,27.98231486719911
1769387258.9615831,1769387258961591648,Sr02_gA_IMG1_LID1_STA1_CFC64_OH0,0126_0127,A,0.4790780544281006,-0.014380727894604206,0.5,0.0,-6.133265597902055,-0.23876291340512024,-2.993036096815735,27.9139539472424
1769387259.0863495,1769387259086357451,Sr02_gA_IMG1_LID1_STA1_CFC64_OH0,0126_0127,A,0.4830930531024933,0.005372715648263693,0.5,0.0,-6.1827185170201915,-0.24613910969277766,-2.994020508624711,27.86839268267276
1769387259.2133567,1769387259213366475,Sr02_gA_IMG1_LID1_STA1_CFC64_OH0,0126_0127,A,0.48117271065711975,0.00943948607891798,0.5,0.0,-6.256910862307031,-0.25711610131663176,-2.9953731804079813,27.800042969830038
1769387259.3386972,1769387259338704663,Sr02_gA_IMG1_LID1_STA1_CFC64_OH0,0126_0127,A,0.4862264096736908,0.009473410435020924,0.5,0.0,-6.306381833025447,-0.2643702322528351,-2.9966191430310016,27.75446896330175
1769387259.4650126,1769387259465021097,Sr02_gA_IMG1_LID1_STA1_CFC64_OH0,0126_0127,A,0.4828532636165619,0.007228178903460503,0.5,0.0,-6.380596185092558,-0.2751974763818907,-2.996745641299062,27.68611411179568
1769387259.5873094,1769387259587316874,Sr02_gA_IMG1_LID1_STA1_CFC64_OH0,0126_0127,A,0.4696162939071655,0.016805410385131836,0.5,0.0,-6.430069937719948,-0.2824326247918288,-2.9960140900098833,27.64057044592148
1769387259.713482,1769387259713491983,Sr02_gA_IMG1_LID1_STA1_CFC64_OH0,0126_0127,A,0.47457075119018555,0.00424305722117424,0.5,0.0,-6.504283892343282,-0.2932625057482288,-2.9977372543461693,27.57227435707262
1769387259.8403044,1769387259840315118,Sr02_gA_IMG1_LID1_STA1_CFC64_OH0,0126_0127,A,0.4892081618309021,0.02177875116467476,0.5,0.0,-6.553765493543175,-0.3004437845971877,-2.997199998775408,27.526746841616955
1769387259.9670024,1769387259967010153,Sr02_gA_IMG1_LID1_STA1_CFC64_OH0,0126_0127,A,0.5143664479255676,-0.0064637730829417706,0.5,0.0,-6.627977334753388,-0.31128818274259235,-2.9957837420670894,27.45851516012448
1769387260.0936606,1769387260093668549,Sr02_gA_IMG1_LID1_STA1_CFC64_OH0,0126_0127,A,0.5058612823486328,0.004198051057755947,0.5,0.0,-6.677443318205438,-0.3185762536205129,-2.9948364025802627,27.413071654172768
1769387260.220136,1769387260220144122,Sr02_gA_IMG1_LID1_STA1_CFC64_OH0,0126_0127,A,0.4972575902938843,0.011366765946149826,0.5,0.0,-6.751630688079639,-0.32958683351772783,-2.9937072712428403,27.344969449475986
1769387260.3432436,1769387260343251592,Sr02_gA_IMG1_LID1_STA1_CFC64_OH0,0126_0127,A,0.48390594124794006,-0.003785293083637953,0.5,0.0,-6.825799214144923,-0.34072357535440895,-2.991814578170783,27.276957176154642
1769387260.4668305,1769387260466838292,Sr02_gA_IMG1_LID1_STA1_CFC64_OH0,0126_0127,A,0.49813154339790344,-0.029107902199029922,0.5,0.0,-6.875237771936163,-0.34819543176099077,-2.9912149261564065,27.23165630747917
1769387260.5929945,1769387260593002661,Sr02_gA_IMG1_LID1_STA1_CFC64_OH0,0126_0127,A,0.510892391204834,-0.018987830728292465,0.5,0.0,-6.924665301015861,-0.3557398378927636,-2.989037058337886,27.186403105110713
1769387260.7177126,1769387260717720023,Sr02_gA_IMG1_LID1_STA1_CFC64_OH0,0126_0127,A,0.4845127463340759,-0.01415940746665001,0.5,0.0,-6.9987937564896665,-0.36714032251612816,-2.9894417515422265,27.11859080133878
1769387260.8437867,1769387260843794923,Sr02_gA_IMG1_LID1_STA1_CFC64_OH0,0126_0127,A,0.5039793252944946,-0.00625397264957428,0.5,0.0,-7.048214529485698,-0.374728922053919,-2.9890219552814923,27.07339858127937
1769387260.9715347,1769387260971543005,Sr02_gA_IMG1_LID1_STA1_CFC64_OH0,0126_0127,A,0.5067198872566223,0.007139993831515312,0.5,0.0,-7.122335995863606,-0.38617472743467296,-2.9878350397479965,27.00566938079835
1769387261.1008337,1769387261100839903,Sr02_gA_IMG1_LID1_STA1_CFC64_OH0,0126_0127,A,0.48189517855644226,0.007823912426829338,0.5,0.0,-7.171747569255265,-0.39382299966248147,-2.9882135675385113,26.960545694177956
1769387261.2266796,1769387261226690943,Sr02_gA_IMG1_LID1_STA1_CFC64_OH0,0126_0127,A,0.4564903676509857,-0.008282890543341637,0.5,0.0,-7.245886535299396,-0.40515458213297,-2.992073274996269,26.892831100440688
1769387261.3537335,1769387261353740644,Sr02_gA_IMG1_LID1_STA1_CFC64_OH0,0126_0127,A,0.4918889105319977,0.012772827409207821,0.5,0.0,-7.320065478962485,-0.41622164557148467,-2.9948248877920194,26.825040218963988
1769387261.4796412,1769387261479649643,Sr02_gA_IMG1_LID1_STA1_CFC64_OH0,0126_0127,A,0.4787813723087311,0.012939860112965107,0.5,0.0,-7.3695329679653225,-0.42349947781037284,-2.996082723651798,26.77982426894641
1769387261.6021624,1769387261602173287,Sr02_gA_IMG1_LID1_STA1_CFC64_OH0,0126_0127,A,0.4576331079006195,0.010961131192743778,0.5,0.0,-7.443745025639796,-0.43434242494669617,-2.9966190101744767,26.712000401003035
1769387261.7240288,1769387261724035940,Sr02_gA_IMG1_LID1_STA1_CFC64_OH0,0126_0127,A,0.504593551158905,-0.016073234379291534,0.5,0.0,-7.493217925275871,-0.4415834040506044,-2.9959050121803146,26.666811185282096
1769387261.8465378,1769387261846545508,Sr02_gA_IMG1_LID1_STA1_CFC64_OH0,0126_0127,A,0.4821769893169403,-0.0294589102268219,0.5,0.0,-7.567417223471055,-0.4525133122798478,-2.995053551922073,26.59908937883012
1769387261.9711952,1769387261971202847,Sr02_gA_IMG1_LID1_STA1_CFC64_OH0,0126_0127,A,0.4972178041934967,-0.02530514821410179,0.5,0.0,-7.616884355508545,-0.45979358617568794,-2.995881838666305,26.55396048151039
1769387262.0992167,1769387262099223871,Sr02_gA_IMG1_LID1_STA1_CFC64_OH0,0126_0127,A,0.47083571553230286,-0.00019463174976408482,0.5,0.0,-7.66635261084286,-0.4670662163086721,-2.9950256877960455,26.508845731290712
1769387262.2226915,1769387262222698630,Sr02_gA_IMG1_LID1_STA1_CFC64_OH0,0126_0127,A,0.48368367552757263,-0.007758413441479206,0.5,0.0,-7.740537818140034,-0.47809130313447734,-2.993086382406426,26.441257434243592
1769387262.3438025,1769387262343809192,Sr02_gA_IMG1_LID1_STA1_CFC64_OH0,0126_0127,A,0.4999586343765259,-0.014285213313996792,0.5,0.0,-7.789983410289687,-0.48551645293655926,-2.9919902695658083,26.396253867109827
1769387262.4691966,1769387262469205047,Sr02_gA_IMG1_LID1_STA1_CFC64_OH0,0126_0127,A,0.48777085542678833,-0.007582392077893019,0.5,0.0,-7.864151178802217,-0.49665823007934945,-2.9938579040822813,26.328784122949983
1769387262.5958612,1769387262595869624,Sr02_gA_IMG1_LID1_STA1_CFC64_OH0,0126_0127,A,0.47860872745513916,-0.005119462963193655,0.5,0.0,-7.913617297606833,-0.5039452709797868,-2.996803789492757,26.283764802446466
1769387262.7195377,1769387262719544239,Sr02_gA_IMG1_LID1_STA1_CFC64_OH0,0126_0127,A,0.5068339705467224,0.005317165981978178,0.5,0.0,-7.987853310133197,-0.5146226746123118,-3.0006410962472345,26.2161583910224
1769387262.841439,1769387262841448079,Sr02_gA_IMG1_LID1_STA1_CFC64_OH0,0126_0127,A,0.5025744438171387,-0.010914789512753487,0.5,0.0,-8.037357513708653,-0.5216464564785115,-3.000660578604927,26.171068437425873
1769387262.9633539,1769387262963361999,Sr02_gA_IMG1_LID1_STA1_CFC64_OH0,0126_0127,A,0.4818895161151886,0.003257140051573515,0.5,0.0,-8.111617982503713,-0.5321527157880223,-3.001727951027113,26.10345417050567
1769387263.0876787,1769387263087684930,Sr02_gA_IMG1_LID1_STA1_CFC64_OH0,0126_0127,A,0.4682181179523468,-0.007325354032218456,0.5,0.0,-8.16113468458457,-0.5390878057520888,-3.0031564696349187,26.058370214006963
1769387263.2065523,1769387263206560356,Sr02_gA_IMG1_LID1_STA1_CFC64_OH0,0126_0127,A,0.48964744806289673,0.01865624263882637,0.5,0.0,-8.235423692474418,-0.5493903284068441,-3.004360859818102,25.990734200907667
1769387263.3351312,1769387263335138094,Sr02_gA_IMG1_LID1_STA1_CFC64_OH0,0126_0127,A,0.48928871750831604,-0.01239782851189375,0.5,0.0,-8.284955362346905,-0.5562177223505383,-3.0048728071617203,25.94564810947295
1769387263.459819,1769387263459827333,Sr02_gA_IMG1_LID1_STA1_CFC64_OH0,0126_0127,A,0.5132962465286255,-0.003151542041450739,0.5,0.0,-8.359254510958987,-0.5664468792851677,-3.00471296703231,25.87804760154185
1769387263.5870554,1769387263587062160,Sr02_gA_IMG1_LID1_STA1_CFC64_OH0,0126_0127,A,0.4975796043872833,-0.00230283010751009,0.5,0.0,-8.40879055101143,-0.5732424786450144,-3.005804443235595,25.832992841735525
1769387263.719281,1769387263719287706,Sr02_gA_IMG1_LID1_STA1_CFC64_OH0,0126_0127,A,0.5012034177780151,0.011312966234982014,0.5,0.0,-8.48309907634397,-0.5834032979115414,-3.005457602935182,25.765430604361992
1769387263.8414938,1769387263841502339,Sr02_gA_IMG1_LID1_STA1_CFC64_OH0,0126_0127,A,0.5052493214607239,0.0019479934126138687,0.5,0.0,-8.532638950422145,-0.5901709006867113,-3.0061901290425688,25.720409258044846
1769387263.965302,1769387263965309813,Sr02_gA_IMG1_LID1_STA1_CFC64_OH0,0126_0127,A,0.4987471401691437,0.012200716882944107,0.5,0.0,-8.606938640385358,-0.6003959774100656,-3.0040127755914625,25.652944329692946
1769387264.0941963,1769387264094203023,Sr02_gA_IMG1_LID1_STA1_CFC64_OH0,0126_0127,A,0.4934524893760681,0.005836097523570061,0.5,0.0,-8.65647041569704,-0.6072225869008001,-3.0052525545729316,25.607995365410428
1769387264.2199066,1769387264219913850,Sr02_gA_IMG1_LID1_STA1_CFC64_OH0,0126_0127,A,0.494022011756897,-0.010304724797606468,0.5,0.0,-8.730777729879174,-0.6173922591245847,-3.0058092682578623,25.54057598980034
1769387264.348435,1769387264348442596,Sr02_gA_IMG1_LID1_STA1_CFC64_OH0,0126_0127,A,0.49891817569732666,0.0056532761082053185,0.5,0.0,-8.780318285169784,-0.6241548809122873,-3.006039551072778,25.495645656029055
1769387264.4697568,1769387264469763582,Sr02_gA_IMG1_LID1_STA1_CFC64_OH0,0126_0127,A,0.48290392756462097,0.012329311110079288,0.5,0.0,-8.854625524288119,-0.6343250594413241,-3.004938385093522,25.428297316184594
1769387264.5935917,1769387264593599639,Sr02_gA_IMG1_LID1_STA1_CFC64_OH0,0126_0127,A,0.47515806555747986,-0.004720793105661869,0.5,0.0,-8.90415872374431,-0.6411413507132171,-3.004743585515392,25.38343838586108
1769387264.7197149,1769387264719721577,Sr02_gA_IMG1_LID1_STA1_CFC64_OH0,0126_0127,A,0.5099220275878906,-0.008769646286964417,0.5,0.0,-8.978449165532082,-0.6514334850164685,-3.003079658463867,25.316216437182717
1769387264.8438954,1769387264843901981,Sr02_gA_IMG1_LID1_STA1_CFC64_OH0,0126_0127,A,0.3775923550128937,-0.017101794481277466,0.5,0.0,-9.027968265225972,-0.6583514599721991,-3.002496048310112,25.271451545370724
1769387264.969546,1769387264969553235,Sr02_gA_IMG1_LID1_STA1_CFC64_OH0,0126_0127,A,0.5127393007278442,0.02464500069618225,0.5,0.0,-9.102247379696227,-0.66872506156438,-3.003557518273004,25.204339601125525
1769387265.097433,1769387265097439866,Sr02_gA_IMG1_LID1_STA1_CFC64_OH0,0126_0127,A,0.5167011022567749,0.03790311887860298,0.5,0.0,-9.151770887330853,-0.6756114116004761,-3.0031517835458317,25.159609777058655
1769387265.2289684,1769387265228976508,Sr02_gA_IMG1_LID1_STA1_CFC64_OH0,0126_0127,A,0.5063356757164001,-0.03510693460702896,0.5,0.0,-9.226044428542092,-0.6860248084398586,-3.0015396466025597,25.092590376441567
1769387265.3538656,1769387265353873025,Sr02_gA_IMG1_LID1_STA1_CFC64_OH0,0126_0127,A,0.48657363653182983,-0.020658958703279495,0.5,0.0,-9.275556500945045,-0.6929929016378561,-3.00201172150859,25.047947658788654
1769387265.4789922,1769387265479000286,Sr02_gA_IMG1_LID1_STA1_CFC64_OH0,0126_0127,A,0.4778064787387848,-0.002846416784450412,0.5,0.0,-9.349833390524598,-0.7033824158645973,-3.0034961440695596,24.980993086435543
1769387265.6027572,1769387265602764919,Sr02_gA_IMG1_LID1_STA1_CFC64_OH0,0126_0127,A,0.4849041998386383,-0.021776441484689713,0.5,0.0,-9.399363239784284,-0.7102229645185897,-3.005206320582958,24.936343065733283
1769387265.7260735,1769387265726081651,Sr02_gA_IMG1_LID1_STA1_CFC64_OH0,0126_0127,A,0.38506484031677246,0.00299044419080019,0.5,0.0,-9.47364178347,-0.7205239763073311,-3.001832095384365,24.869434635320246
1769387265.8519828,1769387265851989718,Sr02_gA_IMG1_LID1_STA1_CFC64_OH0,0126_0127,A,0.47189605236053467,-0.07202094793319702,0.5,0.0,-9.523140930513467,-0.7275830932157062,-2.9980417925204104,24.824936033546315
1769387265.975204,1769387265975213656,Sr02_gA_IMG1_LID1_STA1_CFC64_OH0,0126_0127,A,0.45901522040367126,-0.044789593666791916,0.5,0.0,-9.597347737904036,-0.738238976946773,-3.0014311973059637,24.75828911653467
1769387266.096637,1769387266096643907,Sr02_gA_IMG1_LID1_STA1_CFC64_OH0,0126_0127,A,0.46827036142349243,-0.037781972438097,0.5,0.0,-9.646865538454014,-0.7451661831748334,-3.0036415803755716,24.71378228092719
1769387266.2255368,1769387266225544470,Sr02_gA_IMG1_LID1_STA1_CFC64_OH0,0126_0127,A,0.48103317618370056,-0.048204679042100906,0.5,0.0,-9.721157057373611,-0.7554506073909992,-3.004435970438077,24.647012453936732
1769387266.3462472,1769387266346253888,Sr02_gA_IMG1_LID1_STA1_CFC64_OH0,0126_0127,A,0.5164908170700073,-0.03221916779875755,0.5,0.0,-9.770694896529976,-0.7622330248423221,-3.0066136069919205,24.60249157565142
1769387266.4684393,1769387266468447281,Sr02_gA_IMG1_LID1_STA1_CFC64_OH0,0126_0127,A,0.49903830885887146,-0.0193648561835289,0.5,0.0,-9.845015103102172,-0.7723080488519043,-3.006660396951943,24.535704423161672
1769387266.597335,1769387266597342515,Sr02_gA_IMG1_LID1_STA1_CFC64_OH0,0126_0127,A,0.49862903356552124,-0.012726057320833206,0.5,0.0,-9.894544806273458,-0.7789064688280484,-3.01262996079808,24.491182841307
1769387266.7256663,1769387266725674451,Sr02_gA_IMG1_LID1_STA1_CFC64_OH0,0126_0127,A,0.5036382675170898,0.007043506018817425,0.5,0.0,-9.968956277458664,-0.7882825464041008,-3.019550650563833,24.424155531255916
1769387266.8517008,1769387266851707231,Sr02_gA_IMG1_LID1_STA1_CFC64_OH0,0126_0127,A,0.5042444467544556,0.031751301139593124,0.5,0.0,-10.018595760757673,-0.7942757430797958,-3.0233288431210257,24.37938021110275
1769387266.9727511,1769387266972759102,Sr02_gA_IMG1_LID1_STA1_CFC64_OH0,0126_0127,A,0.4942654073238373,0.010601261630654335,0.5,0.0,-10.093101154300594,-0.8028736047595775,-3.0298715187995717,24.312080163402882
1769387267.097916,1769387267097923181,Sr02_gA_IMG1_LID1_STA1_CFC64_OH0,0126_0127,A,0.49635764956474304,0.0035634683445096016,0.5,0.0,-10.142798329484547,-0.8083679926870837,-3.033093430573735,24.267133151368792
1769387267.227131,1769387267227139037,Sr02_gA_IMG1_LID1_STA1_CFC64_OH0,0126_0127,A,0.49092569947242737,-0.0008519322145730257,0.5,0.0,-10.217368977650935,-0.8163813439119647,-3.0359317798721093,24.199649169373448
1769387267.350244,1769387267350251154,Sr02_gA_IMG1_LID1_STA1_CFC64_OH0,0126_0127,A,0.5001973509788513,0.000588009599596262,0.5,0.0,-10.267093470506449,-0.8216229234298994,-3.0372043849370973,24.15464024730835
1769387267.4754002,1769387267475410254,Sr02_gA_IMG1_LID1_STA1_CFC64_OH0,0126_0127,A,0.5033366084098816,-0.0033204173669219017,0.5,0.0,-10.341683954587387,-0.8294497079630031,-3.036543266510104,24.087148140708923
1769387267.600002,1769387267600009203,Sr02_gA_IMG1_LID1_STA1_CFC64_OH0,0126_0127,A,0.5033212900161743,-0.002701123710721731,0.5,0.0,-10.391399913962516,-0.8347714526248126,-3.0333681604957063,24.04222394945274
1769387267.727077,1769387267727084660,Sr02_gA_IMG1_LID1_STA1_CFC64_OH0,0126_0127,A,0.49331703782081604,-0.02034672722220421,0.5,0.0,-10.465954664149884,-0.8429315595191442,-3.0318483315997864,23.97495418041796
1769387267.8495615,1769387267849569070,Sr02_gA_IMG1_LID1_STA1_CFC64_OH0,0126_0127,A,0.5104192495346069,0.009215964004397392,0.5,0.0,-10.515652890894332,-0.8484166224129948,-3.0314919838488157,23.93015329301649
1769387267.9710684,1769387267971077187,Sr02_gA_IMG1_LID1_STA1_CFC64_OH0,0126_0127,A,0.5085153579711914,-0.00040326756425201893,0.5,0.0,-10.590198611543695,-0.8566588802338906,-3.0315314622265683,23.862997265290858
1769387268.0986316,1769387268098639197,Sr02_gA_IMG1_LID1_STA1_CFC64_OH0,0126_0127,A,0.49969422817230225,0.0021293750032782555,0.5,0.0,-10.639895915834195,-0.8621522970676416,-3.0314726624646227,23.81825194991013
1769387268.227068,1769387268227076501,Sr02_gA_IMG1_LID1_STA1_CFC64_OH0,0126_0127,A,0.47979894280433655,0.002362324856221676,0.5,0.0,-10.714443677778135,-0.8703760650637725,-3.0319645286798256,23.751165910208137
1769387268.345508,1769387268345515316,Sr02_gA_IMG1_LID1_STA1_CFC64_OH0,0126_0127,A,0.4925321340560913,0.006302015855908394,0.5,0.0,-10.764144255490306,-0.8758397856718078,-3.03223464074104,23.70645975769267
1769387268.4678943,1769387268467901721,Sr02_gA_IMG1_LID1_STA1_CFC64_OH0,0126_0127,A,0.4998725652694702,-0.0014367124531418085,0.5,0.0,-10.838705943242868,-0.8839360798388773,-3.034933719837118,23.63939548337804
1769387268.5932698,1769387268593276696,Sr02_gA_IMG1_LID1_STA1_CFC64_OH0,0126_0127,A,0.498028963804245,0.01747918874025345,0.5,0.0,-10.888419346728528,-0.8892818277213373,-3.0340121475653663,23.594689127146435
1769387268.7172272,1769387268717234231,Sr02_gA_IMG1_LID1_STA1_CFC64_OH0,0126_0127,A,0.4849794805049896,-0.0006273889448493719,0.5,0.0,-10.962985968005416,-0.8973328075798688,-3.034021979259738,23.527684179841053
1769387268.8392336,1769387268839242516,Sr02_gA_IMG1_LID1_STA1_CFC64_OH0,0126_0127,A,0.500651478767395,-0.0003204299136996269,0.5,0.0,-11.012696385535984,-0.9027062666610866,-3.033809042257907,23.483043858278904
1769387268.9676075,1769387268967615279,Sr02_gA_IMG1_LID1_STA1_CFC64_OH0,0126_0127,A,0.5002241730690002,0.002486810553818941,0.5,0.0,-11.087259661839164,-0.9107881618995349,-3.03334116568965,23.41613386767854
1769387269.0969307,1769387269096939257,Sr02_gA_IMG1_LID1_STA1_CFC64_OH0,0126_0127,A,0.4900410771369934,0.001959180925041437,0.5,0.0,-11.136965279580082,-0.9162058334696521,-3.032710965199863,23.371568066186626
1769387269.2174754,1769387269217482862,Sr02_gA_IMG1_LID1_STA1_CFC64_OH0,0126_0127,A,0.47768762707710266,0.001988010946661234,0.5,0.0,-11.211521815234452,-0.9243496809684257,-3.032548161741056,23.30476864867255
1769387269.3415136,1769387269341521790,Sr02_gA_IMG1_LID1_STA1_CFC64_OH0,0126_0127,A,0.5056102871894836,-0.014905261807143688,0.5,0.0,-11.261220058116288,-0.9298345420320449,-3.030800246847877,23.260289041366626
1769387269.464014,1769387269464021417,Sr02_gA_IMG1_LID1_STA1_CFC64_OH0,0126_0127,A,0.5120846033096313,3.319559618830681e-05,0.5,0.0,-11.335757789541857,-0.938148738220589,-3.0305230016930413,23.19365192168679
1769387269.5883923,1769387269588400062,Sr02_gA_IMG1_LID1_STA1_CFC64_OH0,0126_0127,A,0.5070725679397583,0.0044243112206459045,0.5,0.0,-11.385449780414447,-0.9436900129735811,-3.0305550446370666,23.149254896224964
1769387269.715891,1769387269715898743,Sr02_gA_IMG1_LID1_STA1_CFC64_OH0,0126_0127,A,0.5007888674736023,-0.003138805739581585,0.5,0.0,-11.4351411706566,-0.9492366701623749,-3.0303063661365166,23.104883260817527
1769387269.836586,1769387269836592702,Sr02_gA_IMG1_LID1_STA1_CFC64_OH0,0126_0127,A,0.49322599172592163,-0.00578217301517725,0.5,0.0,-11.509675877327322,-0.9575779377776333,-3.029996660211704,23.03837894799617
1769387269.9611623,1769387269961170079,Sr02_gA_IMG1_LID1_STA1_CFC64_OH0,0126_0127,A,0.49823659658432007,-0.011983579955995083,0.5,0.0,-11.559364304592918,-0.9631510760904416,-3.02979843606374,22.994077524254624
1769387270.0866046,1769387270086611830,Sr02_gA_IMG1_LID1_STA1_CFC64_OH0,0126_0127,A,0.5011195540428162,-0.007916408590972424,0.5,0.0,-11.633904052786662,-0.9714470357396956,-3.0318652763000187,22.927639519604316
1769387270.2126722,1769387270212680747,Sr02_gA_IMG1_LID1_STA1_CFC64_OH0,0126_0127,A,0.49846795201301575,-0.011003369465470314,0.5,0.0,-11.683603340061241,-0.9769224834525885,-3.031861968176723,22.88335108207597
1769387270.33252,1769387270332528056,Sr02_gA_IMG1_LID1_STA1_CFC64_OH0,0126_0127,A,0.4969014525413513,0.004154867492616177,0.5,0.0,-11.758150502958241,-0.9851516767004361,-3.0313300591924586,22.816970193027203
1769387270.4555292,1769387270455536799,Sr02_gA_IMG1_LID1_STA1_CFC64_OH0,0126_0127,A,0.5002724528312683,-0.012174899689853191,0.5,0.0,-11.807847329410796,-0.9906494130726794,-3.031568302419891,22.772751449630245
1769387270.576554,1769387270576561267,Sr02_gA_IMG1_LID1_STA1_CFC64_OH0,0126_0127,A,0.4972512722015381,-0.00980384461581707,0.5,0.0,-11.882397183844155,-0.9988541764481027,-3.032409191301296,22.706448600559884
1769387270.6987264,1769387270698735764,Sr02_gA_IMG1_LID1_STA1_CFC64_OH0,0126_0127,A,0.5017659664154053,-0.004637108184397221,0.5,0.0,-11.932102703528868,-1.0042727275958254,-3.0336075425915667,22.66225265293419
1769387270.8199158,1769387270819923169,Sr02_gA_IMG1_LID1_STA1_CFC64_OH0,0126_0127,A,0.5052744746208191,-0.0072606937028467655,0.5,0.0,-12.00667154055345,-1.0123031116898862,-3.034978756929073,22.595958141101683
1769387270.9521146,1769387270952122193,Sr02_gA_IMG1_LID1_STA1_CFC64_OH0,0126_0127,A,0.493561714887619,0.004039323888719082,0.5,0.0,-12.056390560576265,-1.0175963600954991,-3.0360790918928315,22.551763657690323
1769387271.074838,1769387271074845680,Sr02_gA_IMG1_LID1_STA1_CFC64_OH0,0126_0127,A,0.4943542182445526,0.005741266533732414,0.5,0.0,-12.130972145319022,-1.0255075127624644,-3.0356074565090325,22.485503974119972
1769387271.196182,1769387271196190089,Sr02_gA_IMG1_LID1_STA1_CFC64_OH0,0126_0127,A,0.5050244927406311,0.036184921860694885,0.5,0.0,-12.18069479089741,-1.0307665897298413,-3.0368249319911924,22.4413543180032
1769387271.3141487,1769387271314156006,Sr02_gA_IMG1_LID1_STA1_CFC64_OH0,0126_0127,A,0.5068094730377197,-0.003465919755399227,0.5,0.0,-12.255289239012587,-1.038555468535703,-3.0381921771801306,22.37512879312938
1769387271.4413106,1769387271441317765,Sr02_gA_IMG1_LID1_STA1_CFC64_OH0,0126_0127,A,0.5027174353599548,0.00838310457766056,0.5,0.0,-12.305023377240936,-1.0437047532327492,-3.038655887546602,22.33098878092488
1769387271.569249,1769387271569258616,Sr02_gA_IMG1_LID1_STA1_CFC64_OH0,0126_0127,A,0.5029152035713196,0.008338081650435925,0.5,0.0,-12.354760441669258,-1.0488256903871027,-3.0393557179095163,22.28686010238829
1769387271.6906357,1769387271690644573,Sr02_gA_IMG1_LID1_STA1_CFC64_OH0,0126_0127,A,0.4949420094490051,0.0150981480255723,0.5,0.0,-12.429370092798258,-1.0564676254878287,-3.039297810460551,22.220694996941653
1769387271.816004,1769387271816012434,Sr02_gA_IMG1_LID1_STA1_CFC64_OH0,0126_0127,A,0.49031418561935425,0.003967372700572014,0.5,0.0,-12.479107243393651,-1.0615877294888054,-3.038723685108817,22.176628279509185
1769387271.9457626,1769387271945776958,Sr02_gA_IMG1_LID1_STA1_CFC64_OH0,0126_0127,A,0.5007429718971252,0.016347400844097137,0.5,0.0,-12.553690745447598,-1.0694260246016207,-3.0349820253420905,22.110656441359456
1769387272.067968,1769387272067975761,Sr02_gA_IMG1_LID1_STA1_CFC64_OH0,0126_0127,A,0.5006152391433716,0.016446348279714584,0.5,0.0,-12.628266494070974,-1.0773920108049586,-3.035027958605872,22.044798395231624
1769387272.1938713,1769387272193879628,Sr02_gA_IMG1_LID1_STA1_CFC64_OH0,0126_0127,A,0.49003899097442627,-0.00949021801352501,0.5,0.0,-12.677980623796154,-1.08273100343325,-3.0341900997773865,22.000939238587396
1769387272.316183,1769387272316189288,Sr02_gA_IMG1_LID1_STA1_CFC64_OH0,0126_0127,A,0.5047733187675476,0.008591295219957829,0.5,0.0,-12.727690274756087,-1.0881115368251628,-3.0333562929665128,21.957126468974145
1769387272.4423022,1769387272442309802,Sr02_gA_IMG1_LID1_STA1_CFC64_OH0,0126_0127,A,0.495951384305954,-0.003064562799409032,0.5,0.0,-12.802243638518277,-1.0962842380394069,-3.031294381299172,21.891506691040515
1769387272.5673885,1769387272567396936,Sr02_gA_IMG1_LID1_STA1_CFC64_OH0,0126_0127,A,0.49587008357048035,-0.0030264523811638355,0.5,0.0,-12.85193812439395,-1.1018030891365187,-3.0307863285896146,21.847828158910026
1769387272.693237,1769387272693245430,Sr02_gA_IMG1_LID1_STA1_CFC64_OH0,0126_0127,A,0.49397891759872437,0.001913666259497404,0.5,0.0,-12.926468924119927,-1.1101790316355122,-3.0284570426076014,21.78240942937788
1769387272.820812,1769387272820821947,Sr02_gA_IMG1_LID1_STA1_CFC64_OH0,0126_0127,A,0.5005139708518982,-0.004256967455148697,0.5,0.0,-12.976144606338163,-1.1158646024555188,-3.0268124104906415,21.738881597742353
1769387272.9434357,1769387272943442461,Sr02_gA_IMG1_LID1_STA1_CFC64_OH0,0126_0127,A,0.4973701238632202,0.0034848228096961975,0.5,0.0,-13.050651194338595,-1.1244533758019828,-3.027457825301518,21.67367227986919
1769387273.0653975,1769387273065404258,Sr02_gA_IMG1_LID1_STA1_CFC64_OH0,0126_0127,A,0.4972819983959198,0.0035232887603342533,0.5,0.0,-13.100324404689609,-1.1301605395953225,-3.0267795258571524,21.630225336867095
1769387273.1893623,1769387273189369176,Sr02_gA_IMG1_LID1_STA1_CFC64_OH0,0126_0127,A,0.4946606755256653,-0.009052511304616928,0.5,0.0,-13.174831621142026,-1.1387438892858386,-3.027122261134211,21.565119472862484
1769387273.317534,1769387273317541020,Sr02_gA_IMG1_LID1_STA1_CFC64_OH0,0126_0127,A,0.4993099570274353,0.004701383877545595,0.5,0.0,-13.224505252226132,-1.1444474003829497,-3.027424905885441,21.52174196164185
1769387273.4447799,1769387273444788529,Sr02_gA_IMG1_LID1_STA1_CFC64_OH0,0126_0127,A,0.49922865629196167,0.004836066160351038,0.5,0.0,-13.2990165542232,-1.152995214751563,-3.0272366624074025,21.45672598756197
1769387273.5686297,1769387273568636317,Sr02_gA_IMG1_LID1_STA1_CFC64_OH0,0126_0127,A,0.5064693093299866,0.004112014081329107,0.5,0.0,-13.34869085384075,-1.1586928989668304,-3.027600647498714,21.413417840747297
1769387273.6911004,1769387273691109454,Sr02_gA_IMG1_LID1_STA1_CFC64_OH0,0126_0127,A,0.4976268410682678,-0.0024088246282190084,0.5,0.0,-13.423202501502608,-1.1672376943482232,-3.0271549639945787,21.34850958686418
1769387273.8144572,1769387273814465548,Sr02_gA_IMG1_LID1_STA1_CFC64_OH0,0126_0127,A,0.4979974031448364,0.022010918706655502,0.5,0.0,-13.472874449059292,-1.17295584816439,-3.026802635703004,21.305285182147284
1769387273.9420273,1769387273942035773,Sr02_gA_IMG1_LID1_STA1_CFC64_OH0,0126_0127,A,0.4917513430118561,-0.005264241248369217,0.5,0.0,-13.547384661902747,-1.181513108623597,-3.027908984964841,21.240494195238185
1769387274.0683787,1769387274068386760,Sr02_gA_IMG1_LID1_STA1_CFC64_OH0,0126_0127,A,0.49176594614982605,-0.005119803361594677,0.5,0.0,-13.597061314359971,-1.1871902420486604,-3.0275763965972957,21.19732351393453
1769387274.1978464,1769387274197853334,Sr02_gA_IMG1_LID1_STA1_CFC64_OH0,0126_0127,A,0.5043126344680786,-0.015607541427016258,0.5,0.0,-13.671571260335064,-1.195749856055956,-3.026859574892663,21.13264634990067
1769387274.322326,1769387274322334070,Sr02_gA_IMG1_LID1_STA1_CFC64_OH0,0126_0127,A,0.5076739192008972,0.0028189257718622684,0.5,0.0,-13.721241347776186,-1.2014841442730197,-3.0264483740028263,21.08958048815957
1769387274.4498172,1769387274449824475,Sr02_gA_IMG1_LID1_STA1_CFC64_OH0,0126_0127,A,0.4998742938041687,0.0028552780859172344,0.5,0.0,-13.795744585374834,-1.2101019616517288,-3.025946702736365,21.025047661954062
1769387274.568613,1769387274568620720,Sr02_gA_IMG1_LID1_STA1_CFC64_OH0,0126_0127,A,0.4998410940170288,0.0030496185645461082,0.5,0.0,-13.845404215444884,-1.215926033664433,-3.02374561486903,20.982105112397072
1769387274.6945322,1769387274694541007,Sr02_gA_IMG1_LID1_STA1_CFC64_OH0,0126_0127,A,0.5011200904846191,0.002209100406616926,0.5,0.0,-13.91988748920008,-1.2247147152845548,-3.0245337845970406,20.91777731456112
1769387274.8199103,1769387274819916522,Sr02_gA_IMG1_LID1_STA1_CFC64_OH0,0126_0127,A,0.5016050934791565,0.0034464835189282894,0.5,0.0,-13.969546800287066,-1.2305415884388882,-3.02504576412659,20.874914942528303
1769387274.9476616,1769387274947669290,Sr02_gA_IMG1_LID1_STA1_CFC64_OH0,0126_0127,A,0.5008561611175537,0.000497845932841301,0.5,0.0,-14.044046452704388,-1.2391902105690245,-3.02717712906807,20.81063343932122
1769387275.0714943,1769387275071502510,Sr02_gA_IMG1_LID1_STA1_CFC64_OH0,0126_0127,A,0.5007496476173401,0.0006558706518262625,0.5,0.0,-14.093718728474157,-1.2449055134152343,-3.026895251051862,20.767792796866154
1769387275.2040136,1769387275204020873,Sr02_gA_IMG1_LID1_STA1_CFC64_OH0,0126_0127,A,0.5012668371200562,0.02075975015759468,0.5,0.0,-14.168224103212467,-1.2535048352542368,-3.026466470863221,20.703605775999588
1769387275.3301907,1769387275330201198,Sr02_gA_IMG1_LID1_STA1_CFC64_OH0,0126_0127,A,0.4999367296695709,-0.0023031390737742186,0.5,0.0,-14.242725669470865,-1.2621370898319686,-3.0260342437423295,20.63950890957682
1769387275.4576092,1769387275457618155,Sr02_gA_IMG1_LID1_STA1_CFC64_OH0,0126_0127,A,0.49973854422569275,-0.0021795795764774084,0.5,0.0,-14.29239155682603,-1.2679076449234237,-3.025813334049108,20.59682682044997
1769387275.5827823,1769387275582790549,Sr02_gA_IMG1_LID1_STA1_CFC64_OH0,0126_0127,A,0.49975019693374634,-0.001964772818610072,0.5,0.0,-14.36688740226746,-1.2765891320512932,-3.025443792699304,20.532879134205775
1769387275.7053807,1769387275705388560,Sr02_gA_IMG1_LID1_STA1_CFC64_OH0,0126_0127,A,0.502336323261261,0.002423615660518408,0.5,0.0,-14.416550369443776,-1.2823847660740533,-3.025392428026323,20.490293192035068
1769387275.828987,1769387275828995445,Sr02_gA_IMG1_LID1_STA1_CFC64_OH0,0126_0127,A,0.4970519542694092,0.013704261742532253,0.5,0.0,-14.491043637164257,-1.2910883401837747,-3.0246909472759143,20.426482653008183
1769387275.9556286,1769387275955637988,Sr02_gA_IMG1_LID1_STA1_CFC64_OH0,0126_0127,A,0.4879129230976105,0.004897457547485828,0.5,0.0,-14.540696283726124,-1.2969716618992635,-3.022614975987578,20.38402767120362
1769387276.0791028,1769387276079110341,Sr02_gA_IMG1_LID1_STA1_CFC64_OH0,0126_0127,A,0.4878808259963989,0.0048335944302380085,0.5,0.0,-14.61516760235555,-1.3058610899923537,-3.0229591931111126,20.320444002095176
1769387276.206156,1769387276206164196,Sr02_gA_IMG1_LID1_STA1_CFC64_OH0,0126_0127,A,0.49977216124534607,0.0005893057677894831,0.5,0.0,-14.664816808739472,-1.3117734481132088,-3.023177150738595,20.278090770153103
1769387276.333588,1769387276333596050,Sr02_gA_IMG1_LID1_STA1_CFC64_OH0,0126_0127,A,0.5019493699073792,0.007401354610919952,0.5,0.0,-14.73929280814511,-1.3206235764560614,-3.023344514318347,20.21461653361022
1769387276.4540906,1769387276454098217,Sr02_gA_IMG1_LID1_STA1_CFC64_OH0,0126_0127,A,0.49471667408943176,0.010120444931089878,0.5,0.0,-14.788942931280742,-1.3265282308396296,-3.023102153221162,20.172346791071682
1769387276.5776656,1769387276577673964,Sr02_gA_IMG1_LID1_STA1_CFC64_OH0,0126_0127,A,0.4947708547115326,0.010224009864032269,0.5,0.0,-14.83858827308939,-1.3324729199471521,-3.021731737920292,20.13013410239286
1769387276.702254,1769387276702262190,Sr02_gA_IMG1_LID1_STA1_CFC64_OH0,0126_0127,A,0.49371254444122314,0.0035339160822331905,0.5,0.0,-14.913044722237192,-1.3414860269179814,-3.0207341872721982,20.066934295243694
1769387276.8260138,1769387276826022203,Sr02_gA_IMG1_LID1_STA1_CFC64_OH0,0126_0127,A,0.4888579845428467,-0.0016859257593750954,0.5,0.0,-14.962678535317526,-1.3475262449123628,-3.0202508286159606,20.02486347856542
1769387276.9532156,1769387276953223264,Sr02_gA_IMG1_LID1_STA1_CFC64_OH0,0126_0127,A,0.5033121109008789,0.01957528665661812,0.5,0.0,-15.037125942665496,-1.3566137538159246,-3.020077544013225,19.961840689732256
1769387277.0771863,1769387277077193992,Sr02_gA_IMG1_LID1_STA1_CFC64_OH0,0126_0127,A,0.5022679567337036,0.017377153038978577,0.5,0.0,-15.08675499807399,-1.3626929337144962,-3.0193374149752565,19.91988303100672
1769387277.202764,1769387277202777096,Sr02_gA_IMG1_LID1_STA1_CFC64_OH0,0126_0127,A,0.5058116316795349,-0.01699923723936081,0.5,0.0,-15.16118890684417,-1.3718902968632234,-3.0178988541532017,19.857059665878584
1769387277.3244514,1769387277324458727,Sr02_gA_IMG1_LID1_STA1_CFC64_OH0,0126_0127,A,0.5017003417015076,-0.0043043638579547405,0.5,0.0,-15.210803725047192,-1.3780845910016346,-3.0168764548451565,19.81525915453697
1769387277.4511564,1769387277451163506,Sr02_gA_IMG1_LID1_STA1_CFC64_OH0,0126_0127,A,0.4886205792427063,0.010125345550477505,0.5,0.0,-15.28521755153484,-1.3874430927003791,-3.01621256152376,19.75266710365159
1769387277.5732732,1769387277573281967,Sr02_gA_IMG1_LID1_STA1_CFC64_OH0,0126_0127,A,0.4935694932937622,0.012566040270030499,0.5,0.0,-15.33482558558449,-1.3936915032745236,-3.0163811498297304,19.71099243250888
1769387277.7039852,1769387277703992586,Sr02_gA_IMG1_LID1_STA1_CFC64_OH0,0126_0127,A,0.49318644404411316,-0.019740406423807144,0.5,0.0,-15.4092300289266,-1.4031241530337903,-3.014126674280927,19.648586873347494
1769387277.8264408,1769387277826448651,Sr02_gA_IMG1_LID1_STA1_CFC64_OH0,0126_0127,A,0.48012441396713257,0.02918064221739769,0.5,0.0,-15.458818838596276,-1.4095232943304046,-3.0123889616888255,19.607094433512128
1769387277.9533129,1769387277953321375,Sr02_gA_IMG1_LID1_STA1_CFC64_OH0,0126_0127,A,0.505018949508667,-0.001245568972080946,0.5,0.0,-15.533199781766497,-1.4191395318284878,-3.0142512901182714,19.544940356424572
1769387278.0788686,1769387278078877429,Sr02_gA_IMG1_LID1_STA1_CFC64_OH0,0126_0127,A,0.49436748027801514,7.311790250241756e-05,0.5,0.0,-15.582796295706261,-1.4254787312755524,-3.0146817355141544,19.503513958965605
1769387278.2003415,1769387278200348304,Sr02_gA_IMG1_LID1_STA1_CFC64_OH0,0126_0127,A,0.5043048858642578,-0.02081838995218277,0.5,0.0,-15.65718955994709,-1.4349992710691,-3.0135470256898857,19.44145662162799
1769387278.3252723,1769387278325281568,Sr02_gA_IMG1_LID1_STA1_CFC64_OH0,0126_0127,A,0.5141562223434448,0.006933205761015415,0.5,0.0,-15.706776199838329,-1.4414152276056569,-3.0122904238629267,19.40017507468673
1769387278.4524732,1769387278452480415,Sr02_gA_IMG1_LID1_STA1_CFC64_OH0,0126_0127,A,0.4731766879558563,0.011692286469042301,0.5,0.0,-15.781161323659619,-1.4509989997651456,-3.014928391323974,19.338306999120437
1769387278.5828025,1769387278582809538,Sr02_gA_IMG1_LID1_STA1_CFC64_OH0,0126_0127,A,0.4623841345310211,0.007680109702050686,0.5,0.0,-15.83074111241972,-1.457381175996576,-3.0121179422668543,19.297119308439566
1769387278.7065735,1769387278706581201,Sr02_gA_IMG1_LID1_STA1_CFC64_OH0,0126_0127,A,0.3102102279663086,0.055895570665597916,0.5,0.0,-15.905106257856517,-1.4671189494002816,-3.011365596418809,19.235495611216347
1769387278.8318555,1769387278831863410,Sr02_gA_IMG1_LID1_STA1_CFC64_OH0,0126_0127,A,0.23665857315063477,0.075517937541008,0.5,0.0,-15.954682852665565,-1.4736120942573947,-3.011358284718727,19.1944667882997
1769387278.9531963,1769387278953203650,Sr02_gA_IMG1_LID1_STA1_CFC64_OH0,0126_0127,A,0.36179378628730774,-0.011655735783278942,0.5,0.0,-16.029060851722445,-1.4832509781586827,-3.0142721073809877,19.132945300140385
1769387279.0841084,1769387279084115216,Sr02_gA_IMG1_LID1_STA1_CFC64_OH0,0126_0127,A,0.35250362753868103,-0.01032169722020626,0.5,0.0,-16.078653927972667,-1.4896170107824318,-3.0135788091743576,19.091949865161208
1769387279.2070415,1769387279207048366,Sr02_gA_IMG1_LID1_STA1_CFC64_OH0,0126_0127,A,0.1489384025335312,-0.010265463963150978,0.0,0.0,-16.15303303348578,-1.4992475156282261,-3.0119677449019866,19.030584707152578
1769387279.3294194,1769387279329427515,Sr02_gA_IMG1_LID1_STA1_CFC64_OH0,0126_0127,A,0.408206969499588,-0.0049020592123270035,0.5,0.0,-16.20261081887174,-1.505731553916393,-3.011159610415789,18.98976609880784
1769387279.4578316,1769387279457839028,Sr02_gA_IMG1_LID1_STA1_CFC64_OH0,0126_0127,A,0.4277421832084656,0.0183442123234272,0.5,0.0,-16.276926636024644,-1.5157546012006196,-3.003365884932832,18.928805122559382
1769387279.5873494,1769387279587356007,Sr02_gA_IMG1_LID1_STA1_CFC64_OH0,0126_0127,A,0.4384671747684479,0.016031891107559204,0.5,0.0,-16.32642324302022,-1.5228308781984483,-2.995814118545305,18.888447900676677
1769387279.72503,1769387279725038633,Sr02_gA_IMG1_LID1_STA1_CFC64_OH0,0126_0127,A,0.32190626859664917,0.024892255663871765,0.5,0.0,-16.40057355755556,-1.5338675673709126,-2.9942787139101092,18.82828189692076
1769387279.8592749,1769387279859282133,Sr02_gA_IMG1_LID1_STA1_CFC64_OH0,0126_0127,A,0.4290778636932373,0.01974252611398697,0.5,0.0,-16.472742685006708,-1.5445200319558803,-2.9958214314988476,18.76978333179287
1769387279.9808075,1769387279980814854,Sr02_gA_IMG1_LID1_STA1_CFC64_OH0,0126_0127,A,0.5161973834037781,0.013593309558928013,0.5,0.0,-16.50425236438665,-1.5491327105607255,-2.996703991698473,18.744255908842085
1769387280.104941,1769387280104947305,Sr02_gA_IMG1_LID1_STA1_CFC64_OH0,0126_0127,A,0.46041029691696167,-0.014211505651473999,0.5,0.0,-16.56448774665352,-1.5578889570597483,-2.9972150906613537,18.695481044564744
1769387280.2290053,1769387280229012529,Sr02_gA_IMG1_LID1_STA1_CFC64_OH0,0126_0127,A,0.48274561762809753,-0.006343689281493425,0.5,0.0,-16.613960900054845,-1.565128160609661,-2.995380674030983,18.655496646929173
1769387280.3541088,1769387280354117174,Sr02_gA_IMG1_LID1_STA1_CFC64_OH0,0126_0127,A,0.5147656798362732,0.07490178942680359,0.5,0.0,-16.68814716064824,-1.576146112590619,-2.992864170746001,18.595708070266674
1769387280.4778557,1769387280477863129,Sr02_gA_IMG1_LID1_STA1_CFC64_OH0,0126_0127,A,0.5150508284568787,0.015706360340118408,0.5,0.0,-16.737585899682205,-1.5836166865099932,-2.9903749511385826,18.555987296585677
1769387280.6057606,1769387280605768232,Sr02_gA_IMG1_LID1_STA1_CFC64_OH0,0126_0127,A,0.5470364689826965,0.09713934361934662,0.5,0.0,-16.81171169158154,-1.5950343063305008,-2.98738206127996,18.496630540230953
1769387280.7306173,1769387280730624982,Sr02_gA_IMG1_LID1_STA1_CFC64_OH0,0126_0127,A,0.5444921255111694,0.09224572777748108,0.5,0.0,-16.861113107993184,-1.6027478887984983,-2.9860227321826187,18.457185932288382
1769387280.856289,1769387280856298105,Sr02_gA_IMG1_LID1_STA1_CFC64_OH0,0126_0127,A,0.5104928016662598,0.03540841117501259,0.5,0.0,-16.93521655262794,-1.6143097560879192,-2.9877977118793786,18.39810993227626
1769387280.985437,1769387280985443946,Sr02_gA_IMG1_LID1_STA1_CFC64_OH0,0126_0127,A,0.5427751541137695,0.0627279281616211,0.5,0.0,-16.984628818172258,-1.6219535518059582,-2.988432081446147,18.358750441941723
1769387281.108597,1769387281108604953,Sr02_gA_IMG1_LID1_STA1_CFC64_OH0,0126_0127,A,0.4660432040691376,0.03907302767038345,0.5,0.0,-17.05867529147455,-1.6335984918454332,-2.981820615884689,18.299959443741265
1769387281.2328312,1769387281232838894,Sr02_gA_IMG1_LID1_STA1_CFC64_OH0,0126_0127,A,0.472439169883728,0.038113705813884735,0.5,0.0,-17.10803219991753,-1.6415919114645237,-2.980249980609978,18.26095124330259
1769387281.356102,1769387281356108645,Sr02_gA_IMG1_LID1_STA1_CFC64_OH0,0126_0127,A,0.5005436539649963,0.0033637182787060738,0.5,0.0,-17.18195324079367,-1.654074878192685,-2.9671679025949342,18.202883351927028
1769387281.4809144,1769387281480921402,Sr02_gA_IMG1_LID1_STA1_CFC64_OH0,0126_0127,A,0.5092743635177612,0.026873551309108734,0.5,0.0,-17.23115384502751,-1.6629789500216146,-2.9579433438621567,18.164599165742246
1769387281.6029916,1769387281602998234,Sr02_gA_IMG1_LID1_STA1_CFC64_OH0,0126_0127,A,0.5106039047241211,0.04022641479969025,0.5,0.0,-17.304827855998322,-1.6769573253655872,-2.951329908193578,18.10770083488346
1769387281.7322598,1769387281732267146,Sr02_gA_IMG1_LID1_STA1_CFC64_OH0,0126_0127,A,0.517386794090271,0.05962171405553818,0.5,0.0,-17.353898097225393,-1.686554361623469,-2.945330341264808,18.07002097503508
1769387281.8552253,1769387281855232957,Sr02_gA_IMG1_LID1_STA1_CFC64_OH0,0126_0127,A,0.544507622718811,0.059720657765865326,0.5,0.0,-17.42741159181754,-1.7014119876253426,-2.9392424226549125,18.013925702645135
1769387281.9765873,1769387281976594997,Sr02_gA_IMG1_LID1_STA1_CFC64_OH0,0126_0127,A,0.5014092326164246,0.02426896244287491,0.5,0.0,-17.4763721683278,-1.7115539107103808,-2.9354310581029344,17.97676689079019
1769387282.096217,1769387282096225366,Sr02_gA_IMG1_LID1_STA1_CFC64_OH0,0126_0127,A,0.4942830801010132,0.022655867040157318,0.5,0.0,-17.549768998809775,-1.7269780426037362,-2.933526199745808,17.92129095247392
1769387282.2204762,1769387282220483021,Sr02_gA_IMG1_LID1_STA1_CFC64_OH0,0126_0127,A,0.48377615213394165,0.02051478624343872,0.5,0.0,-17.598676666441882,-1.7373721863865146,-2.930838849398522,17.884463125116184
1769387282.3467128,1769387282346719371,Sr02_gA_IMG1_LID1_STA1_CFC64_OH0,0126_0127,A,0.5139399170875549,0.012358064763247967,0.5,0.0,-17.671971343632034,-1.7532741499043434,-2.9247444937156373,17.82955809741289
1769387282.4663525,1769387282466359288,Sr02_gA_IMG1_LID1_STA1_CFC64_OH0,0126_0127,A,0.486081063747406,0.01122810784727335,0.5,0.0,-17.72076800328497,-1.764177281694417,-2.9187823361937224,17.793248240457636
1769387282.5926769,1769387282592685536,Sr02_gA_IMG1_LID1_STA1_CFC64_OH0,0126_0127,A,0.4882325232028961,-0.04536013677716255,0.5,0.0,-17.769498754140752,-1.7753713057664142,-2.912812259131614,17.757211251549666
1769387282.718265,1769387282718271956,Sr02_gA_IMG1_LID1_STA1_CFC64_OH0,0126_0127,A,0.49471333622932434,-0.046394627541303635,0.5,0.0,-17.842502040130174,-1.792561777326593,-2.908462860844787,17.703569191660332
1769387282.84994,1769387282849946794,Sr02_gA_IMG1_LID1_STA1_CFC64_OH0,0126_0127,A,0.49658435583114624,-0.014415129087865353,0.5,0.0,-17.915443574013945,-1.8100124655744148,-2.9050858947034777,17.65027089436528
1769387282.9700797,1769387282970087521,Sr02_gA_IMG1_LID1_STA1_CFC64_OH0,0126_0127,A,0.4932738244533539,-0.02363191917538643,0.5,0.0,-17.96403968803262,-1.8217775209182343,-2.9031159815559424,17.61492194786455
1769387283.0941026,1769387283094109945,Sr02_gA_IMG1_LID1_STA1_CFC64_OH0,0126_0127,A,0.5000175833702087,-0.013850816525518894,0.5,0.0,-18.036900702352916,-1.8395615108602816,-2.9012961709416474,17.56213180291838
1769387283.214626,1769387283214633791,Sr02_gA_IMG1_LID1_STA1_CFC64_OH0,0126_0127,A,0.49238622188568115,0.003930577076971531,0.5,0.0,-18.085457381493963,-1.8514883013380263,-2.9001733619746926,17.52708032572214
1769387283.344298,1769387283344305319,Sr02_gA_IMG1_LID1_STA1_CFC64_OH0,0126_0127,A,0.5403473973274231,0.004339822567999363,0.5,0.0,-18.134021135447362,-1.8633380891227256,-2.9045226869648237,17.492054872430007
1769387283.467936,1769387283467944032,Sr02_gA_IMG1_LID1_STA1_CFC64_OH0,0126_0127,A,0.5048270225524902,0.021665498614311218,0.5,0.0,-18.20698348180264,-1.880701060483926,-2.911440489359005,17.439336101089506
1769387283.5957155,1769387283595723388,Sr02_gA_IMG1_LID1_STA1_CFC64_OH0,0126_0127,A,0.49252715706825256,0.020198877900838852,0.5,0.0,-18.255679802901557,-1.8920442215965154,-2.913521613302931,17.404111171981192
1769387283.7162004,1769387283716207339,Sr02_gA_IMG1_LID1_STA1_CFC64_OH0,0126_0127,A,0.5043652057647705,0.08457892388105392,0.5,0.0,-18.32876463115934,-1.908884693389007,-2.916882052829397,17.35128255239378
1769387283.8423119,1769387283842323142,Sr02_gA_IMG1_LID1_STA1_CFC64_OH0,0126_0127,A,0.5174140930175781,0.028613872826099396,0.5,0.0,-18.37751525994355,-1.919992144786544,-2.9182671397010256,17.31606713530381
1769387283.962641,1769387283962649247,Sr02_gA_IMG1_LID1_STA1_CFC64_OH0,0126_0127,A,0.5312207937240601,0.015059695579111576,0.5,0.0,-18.450647827007742,-1.9366242450282816,-2.917673475487924,17.263359591091977
1769387284.0878513,1769387284087858719,Sr02_gA_IMG1_LID1_STA1_CFC64_OH0,0126_0127,A,0.4929274916648865,-0.0026011711452156305,0.5,0.0,-18.499397147013713,-1.9477374553078841,-2.917239494028118,17.228331447091815
1769387284.2121904,1769387284212197877,Sr02_gA_IMG1_LID1_STA1_CFC64_OH0,0126_0127,A,0.489716500043869,-0.00022956565953791142,0.5,0.0,-18.57249570071775,-1.9645182818798481,-2.9143362007631284,17.176009881050124
1769387284.3377085,1769387284337717120,Sr02_gA_IMG1_LID1_STA1_CFC64_OH0,0126_0127,A,0.48216113448143005,-0.011740191839635372,0.5,0.0,-18.621198697069484,-1.975832740735378,-2.9123163151544715,17.141316425311913
1769387284.4643164,1769387284464324335,Sr02_gA_IMG1_LID1_STA1_CFC64_OH0,0126_0127,A,0.4877817928791046,-0.02866591513156891,0.5,0.0,-18.694130203140116,-1.9931855265642733,-2.902828884928881,17.089730176566054
1769387284.5903716,1769387284590379734,Sr02_gA_IMG1_LID1_STA1_CFC64_OH0,0126_0127,A,0.4795888662338257,-0.026240605860948563,0.5,0.0,-18.74269477002335,-2.0050800974094733,-2.8999674965571516,17.05566211215887
1769387284.717237,1769387284717244062,Sr02_gA_IMG1_LID1_STA1_CFC64_OH0,0126_0127,A,0.4914725720882416,-0.030459389090538025,0.5,0.0,-18.815491147656907,-2.023126816550729,-2.89743745244172,17.004862945468954
1769387284.8435962,1769387284843603873,Sr02_gA_IMG1_LID1_STA1_CFC64_OH0,0126_0127,A,0.4630351662635803,-0.00301364972256124,0.5,0.0,-18.864009810378615,-2.0352073395640655,-2.897697555616724,16.971134063920964
1769387284.9689806,1769387284968988143,Sr02_gA_IMG1_LID1_STA1_CFC64_OH0,0126_0127,A,0.49601098895072937,-0.01834724470973015,0.5,0.0,-18.936790750465352,-2.0533162884934364,-2.8979621962459317,16.92068266820747
1769387285.0901415,1769387285090152802,Sr02_gA_IMG1_LID1_STA1_CFC64_OH0,0126_0127,A,0.4904230833053589,-0.018041513860225677,0.5,0.0,-18.98532124667684,-2.065349173984672,-2.899136212826941,16.88711932424315
1769387285.2150369,1769387285215044787,Sr02_gA_IMG1_LID1_STA1_CFC64_OH0,0126_0127,A,0.5075305700302124,-0.003156812861561775,0.5,0.0,-19.058160426011,-2.0832221995971185,-2.903097566200101,16.836792325477145
1769387285.3422549,1769387285342263991,Sr02_gA_IMG1_LID1_STA1_CFC64_OH0,0126_0127,A,0.4335212707519531,0.026906706392765045,0.5,0.0,-19.106760594720193,-2.094970469669535,-2.905721624350169,16.80321546261853
1769387285.4699748,1769387285469991379,Sr02_gA_IMG1_LID1_STA1_CFC64_OH0,0126_0127,A,0.4616062045097351,-0.02785510942339897,0.5,0.0,-19.179721105580988,-2.1123415495749613,-2.909615064206864,16.75281184518172
1769387285.59391,1769387285593918273,Sr02_gA_IMG1_LID1_STA1_CFC64_OH0,0126_0127,A,0.4072108566761017,-0.013713358901441097,0.5,0.0,-19.22838351616042,-2.123829345740638,-2.9099164303141336,16.719240988023206
1769387285.715939,1769387285715946843,Sr02_gA_IMG1_LID1_STA1_CFC64_OH0,0126_0127,A,0.3826887905597687,-0.016026996076107025,0.5,0.0,-19.301398430524948,-2.1409704741574487,-2.9123618293878826,16.668969971862655
1769387285.8397446,1769387285839754884,Sr02_gA_IMG1_LID1_STA1_CFC64_OH0,0126_0127,A,0.43792831897735596,-0.03318273276090622,0.5,0.0,-19.35010072295864,-2.152287970191135,-2.9141659780570204,16.635475428996887
1769387285.9656258,1769387285965633682,Sr02_gA_IMG1_LID1_STA1_CFC64_OH0,0126_0127,A,0.4802723526954651,-0.009813101962208748,0.5,0.0,-19.42317956307695,-2.1691545697015004,-2.9144848027209567,16.58530556451511
1769387286.0892193,1769387286089225045,Sr02_gA_IMG1_LID1_STA1_CFC64_OH0,0126_0127,A,0.5022487640380859,-0.008183561265468597,0.5,0.0,-19.471880438781568,-2.1804781239197726,-2.9117941382656936,16.552023970343534
1769387286.2149978,1769387286215006310,Sr02_gA_IMG1_LID1_STA1_CFC64_OH0,0126_0127,A,0.49113112688064575,-0.006157104857265949,0.5,0.0,-19.54492175312311,-2.1974559591182046,-2.9152608756343934,16.502263578120708
1769387286.3367803,1769387286336788698,Sr02_gA_IMG1_LID1_STA1_CFC64_OH0,0126_0127,A,0.4735253155231476,-0.02248624712228775,0.5,0.0,-19.593654233932057,-2.2086427640942405,-2.91663222010286,16.469088379479576
1769387286.4608834,1769387286460890620,Sr02_gA_IMG1_LID1_STA1_CFC64_OH0,0126_0127,A,0.5099686980247498,0.005523707717657089,0.5,0.0,-19.6667838283412,-2.225287846605372,-2.919309956872686,16.419381359417642
1769387286.588722,1769387286588728716,Sr02_gA_IMG1_LID1_STA1_CFC64_OH0,0126_0127,A,0.49984702467918396,0.0015682852827012539,0.5,0.0,-19.715571861836978,-2.236229746633565,-2.922628223703907,16.386231182922348
1769387286.7093294,1769387286709337301,Sr02_gA_IMG1_LID1_STA1_CFC64_OH0,0126_0127,A,0.4947602450847626,0.002031885087490082,0.5,0.0,-19.788796705893905,-2.2524507335405186,-2.924333900398957,16.336519118303233
1769387286.8336074,1769387286833614542,Sr02_gA_IMG1_LID1_STA1_CFC64_OH0,0126_0127,A,0.4954826533794403,0.0006676323246210814,0.5,0.0,-19.837625707503303,-2.2632084352148145,-2.9251522564339423,16.303441909300034
1769387287.0701652,1769387287070172155,Sr02_gA_IMG1_LID1_STA1_CFC64_OH0,0126_0127,A,0.5133680105209351,0.030028264969587326,0.5,0.0,-19.910884463971335,-2.279275585871204,-2.9264631865800634,16.25393479561359
1769387287.1988237,1769387287198831091,Sr02_gA_IMG1_LID1_STA1_CFC64_OH0,0126_0127,A,0.5027880072593689,-0.011600038036704063,0.5,0.0,-20.008615064255768,-2.300458673153335,-2.928439557300922,16.188045149159535
1769387287.3213036,1769387287321311339,Sr02_gA_IMG1_LID1_STA1_CFC64_OH0,0126_0127,A,0.49581241607666016,0.008536651730537415,0.5,0.0,-20.08191322972696,-2.3163450870572007,-2.928001905334053,16.138857294625677
1769387287.4474292,1769387287447436379,Sr02_gA_IMG1_LID1_STA1_CFC64_OH0,0126_0127,A,0.5010663866996765,0.009948592633008957,0.5,0.0,-20.13077595375743,-2.326948571142054,-2.927798717256402,16.106185685160977
1769387287.5696707,1769387287569678159,Sr02_gA_IMG1_LID1_STA1_CFC64_OH0,0126_0127,A,0.502223551273346,0.019242316484451294,0.5,0.0,-20.20406704041261,-2.342867613082466,-2.9276576440116413,16.057356297301443
1769387287.6952906,1769387287695298792,Sr02_gA_IMG1_LID1_STA1_CFC64_OH0,0126_0127,A,0.5179840326309204,-0.045961905270814896,0.5,0.0,-20.252926835576073,-2.3534845852799084,-2.9275908808883786,16.024919055880403
1769387287.8135111,1769387287813518783,Sr02_gA_IMG1_LID1_STA1_CFC64_OH0,0126_0127,A,0.31882643699645996,-0.00708977784961462,0.5,0.0,-20.32617517071347,-2.3695536692402865,-2.9237618935724226,15.976553459866505
1769387287.941178,1769387287941186538,Sr02_gA_IMG1_LID1_STA1_CFC64_OH0,0126_0127,A,0.5019559264183044,-0.017429756000638008,0.5,0.0,-20.374999850819712,-2.3803309595986586,-2.9249218846959106,15.944469622210958
1769387288.0665033,1769387288066512909,Sr02_gA_IMG1_LID1_STA1_CFC64_OH0,0126_0127,A,0.49948856234550476,-0.017918633297085762,0.5,0.0,-20.44824464866595,-2.39646162470181,-2.924217266369032,15.896489519513214
1769387288.19244,1769387288192449104,Sr02_gA_IMG1_LID1_STA1_CFC64_OH0,0126_0127,A,0.5059661865234375,-0.0006227288395166397,0.5,0.0,-20.49706261633872,-2.4072692844426027,-2.923222408816656,15.864661728430749
1769387288.3153203,1769387288315328451,Sr02_gA_IMG1_LID1_STA1_CFC64_OH0,0126_0127,A,0.5101826190948486,-0.04141201078891754,0.5,0.0,-20.570248499525018,-2.423612837457652,-2.920810538392919,15.817210340686128
1769387288.440224,1769387288440232688,Sr02_gA_IMG1_LID1_STA1_CFC64_OH0,0126_0127,A,0.49513760209083557,0.014202716760337353,0.5,0.0,-20.61904838785746,-2.4344500636861466,-2.9250036711627954,15.785651131996584
1769387288.5657184,1769387288565726323,Sr02_gA_IMG1_LID1_STA1_CFC64_OH0,0126_0127,A,0.5117837190628052,-0.008116145618259907,0.5,0.0,-20.69230487239795,-2.450527567519212,-2.9262739370165796,15.738335807749019
1769387288.6918042,1769387288691810846,Sr02_gA_IMG1_LID1_STA1_CFC64_OH0,0126_0127,A,0.515998899936676,-0.02883313223719597,0.5,0.0,-20.74115957195703,-2.461167933159074,-2.928016909152554,15.70684993189285
1769387288.8143315,1769387288814339244,Sr02_gA_IMG1_LID1_STA1_CFC64_OH0,0126_0127,A,0.4989834427833557,0.016819167882204056,0.5,0.0,-20.814476622145577,-2.4769668614177522,-2.9305268614003306,15.659672900062711
1769387288.9406748,1769387288940684096,Sr02_gA_IMG1_LID1_STA1_CFC64_OH0,0126_0127,A,0.5026372075080872,0.010814850218594074,0.5,0.0,-20.863367354425467,-2.4874404462602846,-2.930589137867209,15.628295292025129
1769387289.0683613,1769387289068369304,Sr02_gA_IMG1_LID1_STA1_CFC64_OH0,0126_0127,A,0.5051262378692627,0.01453814934939146,0.5,0.0,-20.936717422571054,-2.502984531532565,-2.9344499765885175,15.581295054670115
1769387289.1958811,1769387289195889212,Sr02_gA_IMG1_LID1_STA1_CFC64_OH0,0126_0127,A,0.49591243267059326,-0.0008189949439838529,0.5,0.0,-20.98564122849044,-2.513302500154707,-2.933029708873888,15.55003670215697
1769387289.316367,1769387289316375106,Sr02_gA_IMG1_LID1_STA1_CFC64_OH0,0126_0127,A,0.4952521324157715,-0.0010569276055321097,0.5,0.0,-21.059022133196386,-2.5288022230110907,-2.9342310814765846,15.503351595631322
1769387289.437925,1769387289437932381,Sr02_gA_IMG1_LID1_STA1_CFC64_OH0,0126_0127,A,0.4983172118663788,-0.007609446533024311,0.5,0.0,-21.10795470575978,-2.5390242865343198,-2.936730135774699,15.472271563990681
1769387289.5613136,1769387289561322497,Sr02_gA_IMG1_LID1_STA1_CFC64_OH0,0126_0127,A,0.5031521320343018,-0.016973348334431648,0.5,0.0,-21.181367326847447,-2.554373017189497,-2.9343874031734543,15.425837368125858
1769387289.6877885,1769387289687799526,Sr02_gA_IMG1_LID1_STA1_CFC64_OH0,0126_0127,A,0.5140201449394226,0.031042031943798065,0.5,0.0,-21.230292236366523,-2.5646857601725737,-2.933305919821285,15.395071075722802
1769387289.8079846,1769387289807992110,Sr02_gA_IMG1_LID1_STA1_CFC64_OH0,0126_0127,A,0.5196074843406677,-0.012073115445673466,0.5,0.0,-21.303654901689153,-2.5802715378412424,-2.9313159994772913,15.349205842060723
1769387289.9338105,1769387289933818699,Sr02_gA_IMG1_LID1_STA1_CFC64_OH0,0126_0127,A,0.5247853994369507,-0.021206289529800415,0.5,0.0,-21.35255398617558,-2.590706058336264,-2.931397895566004,15.318792452062931
1769387290.058768,1769387290058782208,Sr02_gA_IMG1_LID1_STA1_CFC64_OH0,0126_0127,A,0.5287703275680542,-0.025948844850063324,0.5,0.0,-21.425904731783024,-2.6063479049805798,-2.9317482459605246,15.273357628889134
1769387290.187032,1769387290187038928,Sr02_gA_IMG1_LID1_STA1_CFC64_OH0,0126_0127,A,0.5169230103492737,0.009649906307458878,0.5,0.0,-21.474811853603942,-2.616744683209439,-2.9325091892610295,15.243172125092139
1769387290.3100297,1769387290310038010,Sr02_gA_IMG1_LID1_STA1_CFC64_OH0,0126_0127,A,0.502951979637146,-0.03063163533806801,0.5,0.0,-21.548185741410983,-2.6322238197282557,-2.9345807216345254,15.198003573415223
1769387290.4322608,1769387290432268789,Sr02_gA_IMG1_LID1_STA1_CFC64_OH0,0126_0127,A,0.5010502934455872,0.01483429130166769,0.5,0.0,-21.597091218811993,-2.642573259544874,-2.931861485928748,15.168050107829897
1769387290.5574982,1769387290557506572,Sr02_gA_IMG1_LID1_STA1_CFC64_OH0,0126_0127,A,0.5062111020088196,0.008133984170854092,0.5,0.0,-21.646001833362373,-2.6529535837734137,-2.933068783760458,15.138219045363464
1769387290.6848342,1769387290684844158,Sr02_gA_IMG1_LID1_STA1_CFC64_OH0,0126_0127,A,0.49954327940940857,-0.02091136947274208,0.5,0.0,-21.71939908910826,-2.6683755675372427,-2.936067051815589,15.09355029320765
1769387290.8026628,1769387290802670950,Sr02_gA_IMG1_LID1_STA1_CFC64_OH0,0126_0127,A,0.500609278678894,0.019570935517549515,0.5,0.0,-21.792850047799732,-2.6835396397319156,-2.9396034012746655,15.048910456140549
1769387290.927144,1769387290927152474,Sr02_gA_IMG1_LID1_STA1_CFC64_OH0,0126_0127,A,0.5021615624427795,0.02194087952375412,0.5,0.0,-21.841820746879947,-2.693591617281399,-2.9390116692744885,15.019243935192616
1769387291.0518973,1769387291051904856,Sr02_gA_IMG1_LID1_STA1_CFC64_OH0,0126_0127,A,0.5021392107009888,0.022913094609975815,0.5,0.0,-21.8908136019737,-2.7035764985543422,-2.942074817584001,14.989623925281634
1769387291.1806667,1769387291180674059,Sr02_gA_IMG1_LID1_STA1_CFC64_OH0,0126_0127,A,0.5047353506088257,-0.01779615879058838,0.5,0.0,-21.964311804859506,-2.718454172020557,-2.9408288881363247,14.945323631121504
1769387291.304866,1769387291304873834,Sr02_gA_IMG1_LID1_STA1_CFC64_OH0,0126_0127,A,0.5037642121315002,-0.02487337961792946,0.5,0.0,-22.013303468917513,-2.7284449876948424,-2.9400154859225416,14.91598070408527
1769387291.4322684,1769387291432276721,Sr02_gA_IMG1_LID1_STA1_CFC64_OH0,0126_0127,A,0.5055314302444458,-0.11328659951686859,0.5,0.0,-22.08678527730625,-2.743419178279104,-2.9416139558041396,14.872168936103334
1769387291.5566087,1769387291556620326,Sr02_gA_IMG1_LID1_STA1_CFC64_OH0,0126_0127,A,0.5054664611816406,-0.11325622349977493,0.5,0.0,-22.135779063957084,-2.753399545627384,-2.9396568756451735,14.84309375917481
1769387291.6791253,1769387291679133375,Sr02_gA_IMG1_LID1_STA1_CFC64_OH0,0126_0127,A,0.5025678277015686,-0.011630036868155003,0.5,0.0,-22.209230856618323,-2.7685596385295295,-2.9364131497156154,14.79984880883202
1769387291.8052237,1769387291805231604,Sr02_gA_IMG1_LID1_STA1_CFC64_OH0,0126_0127,A,0.5220227241516113,-0.06251239031553268,0.5,0.0,-22.258170361143623,-2.7788028551079527,-2.934121844746176,14.771274454482151
1769387291.9327164,1769387291932723939,Sr02_gA_IMG1_LID1_STA1_CFC64_OH0,0126_0127,A,0.4708217680454254,-0.01432088203728199,0.5,0.0,-22.331574026540594,-2.7941535051515642,-2.936902909741255,14.728621503063875
1769387292.0538473,1769387292053854483,Sr02_gA_IMG1_LID1_STA1_CFC64_OH0,0126_0127,A,0.47451987862586975,-0.03368859365582466,0.5,0.0,-22.380542817308566,-2.80425577838831,-2.9393902432150285,14.700215136068815
1769387292.1770732,1769387292177081602,Sr02_gA_IMG1_LID1_STA1_CFC64_OH0,0126_0127,A,0.48428845405578613,-0.25117579102516174,0.5,-0.5,-22.454063157749793,-2.8188537355398315,-2.953803606542063,14.657387731071282
1769387292.2985933,1769387292298602127,Sr02_gA_IMG1_LID1_STA1_CFC64_OH0,0126_0127,A,0.515841007232666,-0.41179344058036804,0.5,-0.5,-22.503235932194933,-2.827909739556451,-2.965129210391301,14.628394407403748
1769387292.4237123,1769387292423719194,Sr02_gA_IMG1_LID1_STA1_CFC64_OH0,0126_0127,A,0.5243343710899353,-0.5064986348152161,0.5,-0.5,-22.57703528670153,-2.8409283223448516,-2.9687457334277867,14.584693140201127
1769387292.5516515,1769387292551658659,Sr02_gA_IMG1_LID1_STA1_CFC64_OH0,0126_0127,A,0.5361674427986145,-0.4972213804721832,0.5,-0.5,-22.626316797173782,-2.8493736915624432,-2.974996957123032,14.555477981908451
1769387292.674438,1769387292674448026,Sr02_gA_IMG1_LID1_STA1_CFC64_OH0,0126_0127,A,0.47264474630355835,-0.3286888897418976,0.5,-0.5,-22.70029269913982,-2.8616574052952193,-2.9781966839712237,14.511558928024902
1769387292.7963226,1769387292796329459,Sr02_gA_IMG1_LID1_STA1_CFC64_OH0,0126_0127,A,0.4246496260166168,-0.45956963300704956,0.5,-0.5,-22.74964033044057,-2.869707784347284,-2.9815655230066116,14.48230168778269
1769387292.9176054,1769387292917612038,Sr02_gA_IMG1_LID1_STA1_CFC64_OH0,0126_0127,A,0.43507662415504456,-0.38866299390792847,0.5,-0.5,-22.823441364616105,-2.8806645230123373,-3.012506524855863,14.437990061648682
1769387293.0427072,1769387293042716631,Sr02_gA_IMG1_LID1_STA1_CFC64_OH0,0126_0127,A,0.42709842324256897,-0.38490399718284607,0.5,-0.5,-22.872966853291995,-2.886129654603721,-3.0520128575776435,14.407050235292479
1769387293.1740303,1769387293174038535,Sr02_gA_IMG1_LID1_STA1_CFC64_OH0,0126_0127,A,0.5009615421295166,-0.12069601565599442,0.5,0.0,-22.947787595182632,-2.89019565130429,-3.1245331306733664,14.357514060395804
1769387293.2978928,1769387293297900275,Sr02_gA_IMG1_LID1_STA1_CFC64_OH0,0126_0127,A,0.5001506805419922,-0.142533540725708,0.5,0.0,-22.99778091923923,-2.889805619336203,3.108930086520699,14.322312238358327
1769387293.4202375,1769387293420244156,Sr02_gA_IMG1_LID1_STA1_CFC64_OH0,0126_0127,A,0.4322977364063263,-0.4582398533821106,0.5,-0.5,-23.072501922703086,-2.8853910173152677,3.0567863706864196,14.267108768487093
1769387293.5402067,1769387293540215904,Sr02_gA_IMG1_LID1_STA1_CFC64_OH0,0126_0127,A,0.4539583921432495,-0.5053561925888062,0.5,-0.5,-23.122123893907077,-2.8800466017356605,3.011403972002907,14.22880922390398
1769387293.663274,1769387293663280087,Sr02_gA_IMG1_LID1_STA1_CFC64_OH0,0126_0127,A,0.5055529475212097,-0.34259653091430664,0.5,-0.5,-23.196155390357738,-2.8680991500793658,2.9525458393495194,14.168931953887096
1769387293.7878962,1769387293787901834,Sr02_gA_IMG1_LID1_STA1_CFC64_OH0,0126_0127,A,0.48432162404060364,-0.3782625198364258,0.5,-0.5,-23.245071643992063,-2.8577603336758304,2.914055491548605,14.127677212263281
1769387293.9107609,1769387293910768787,Sr02_gA_IMG1_LID1_STA1_CFC64_OH0,0126_0127,A,0.43728747963905334,-0.3428298532962799,0.5,-0.5,-23.293318182021444,-2.845974815358929,2.8939502393981353,14.085890697268454
1769387294.0319526,1769387294031961677,Sr02_gA_IMG1_LID1_STA1_CFC64_OH0,0126_0127,A,0.4431077837944031,-0.3605443239212036,0.5,-0.5,-23.365839424274526,-2.826857778014565,2.873225383545205,14.022156924218224
1769387294.1537545,1769387294153761056,Sr02_gA_IMG1_LID1_STA1_CFC64_OH0,0126_0127,A,0.4591849446296692,-0.2133985161781311,0.5,-0.5,-23.41343195355677,-2.8132138480347453,2.847445291807966,13.979591868141947
1769387294.278421,1769387294278430121,Sr02_gA_IMG1_LID1_STA1_CFC64_OH0,0126_0127,A,0.48771530389785767,-0.26586291193962097,0.5,-0.5,-23.483854342499114,-2.789166815682933,2.7756368751432934,13.913875298002322
1769387294.4001336,1769387294400141234,Sr02_gA_IMG1_LID1_STA1_CFC64_OH0,0126_0127,A,0.3636467754840851,-0.26207080483436584,0.5,-0.5,-23.530128084044662,-2.7704524729040307,2.7400172121637976,13.86861100696689
1769387294.522634,1769387294522643522,Sr02_gA_IMG1_LID1_STA1_CFC64_OH0,0126_0127,A,0.3432956039905548,-0.27128639817237854,0.5,-0.5,-23.59832488481985,-2.7392638624622547,2.6850565490278258,13.799316670598357
1769387294.6418242,1769387294641835046,Sr02_gA_IMG1_LID1_STA1_CFC64_OH0,0126_0127,A,0.4532114565372467,-0.47350120544433594,0.5,-0.5,-23.642817539576473,-2.7164568797741553,2.650773610311157,13.752336322408494
1769387294.7659194,1769387294765927639,Sr02_gA_IMG1_LID1_STA1_CFC64_OH0,0126_0127,A,0.510718822479248,-0.5281251072883606,0.5,-0.5,-23.70798200467522,-2.6793459311995433,2.596869196893945,13.680842996244765
1769387294.8925326,1769387294892540673,Sr02_gA_IMG1_LID1_STA1_CFC64_OH0,0126_0127,A,0.49583181738853455,-0.5469170212745667,0.5,-0.5,-23.75034487076599,-2.652962875966689,2.5736973547358493,13.632725902309048
1769387295.0179596,1769387295017966910,Sr02_gA_IMG1_LID1_STA1_CFC64_OH0,0126_0127,A,0.5523750185966492,-0.3615957796573639,0.5,-0.5,-23.812746897811785,-2.6113962595393785,2.5341190478146296,13.559880922512573
1769387295.1444104,1769387295144419463,Sr02_gA_IMG1_LID1_STA1_CFC64_OH0,0126_0127,A,0.5135076642036438,-0.04968944936990738,0.5,0.0,-23.853422880534414,-2.582321854918293,2.507912009970266,13.510951882694396
1769387295.2678013,1769387295267808846,Sr02_gA_IMG1_LID1_STA1_CFC64_OH0,0126_0127,A,0.4660435616970062,-0.46998780965805054,0.5,-0.5,-23.912835276756017,-2.5367596714764007,2.4643826897500656,13.437216499693262
1769387295.3887568,1769387295388764421,Sr02_gA_IMG1_LID1_STA1_CFC64_OH0,0126_0127,A,0.47543978691101074,-0.4530864655971527,0.5,-0.5,-23.95092230495807,-2.504695207348724,2.4183980499959246,13.38784705428612
1769387295.5152206,1769387295515228155,Sr02_gA_IMG1_LID1_STA1_CFC64_OH0,0126_0127,A,0.49725839495658875,-0.4086029529571533,0.5,-0.5,-23.98756440138091,-2.47068292171773,2.368398117035728,13.338018492578996
1769387295.6446943,1769387295644701217,Sr02_gA_IMG1_LID1_STA1_CFC64_OH0,0126_0127,A,0.5081372857093811,-0.450095534324646,0.5,-0.5,-24.0392269305292,-2.416338226079451,2.293398191748979,13.263050004650932
1769387295.7692614,1769387295769268571,Sr02_gA_IMG1_LID1_STA1_CFC64_OH0,0126_0127,A,0.5132954120635986,0.0049563138745725155,0.5,0.0,-24.08707285806998,-2.358822194636129,2.2410085225634027,13.188317445101122
1769387295.892956,1769387295892963027,Sr02_gA_IMG1_LID1_STA1_CFC64_OH0,0126_0127,A,0.5050210952758789,-0.013535972684621811,0.5,0.0,-24.117677836654888,-2.3197495857689723,2.2317346731196195,13.138831447649782
1769387296.0157456,1769387296015752955,Sr02_gA_IMG1_LID1_STA1_CFC64_OH0,0126_0127,A,0.31708428263664246,-0.33244797587394714,0.5,-0.5,-24.14760326154999,-2.2805457805678144,2.209816175661902,13.089708854071437
1769387296.1423047,1769387296142314302,Sr02_gA_IMG1_LID1_STA1_CFC64_OH0,0126_0127,A,0.5172563195228577,-0.18411771953105927,0.5,-0.5,-24.19005518313645,-2.219475439595756,2.1448347384365833,13.016005764575306
1769387296.26893,1769387296268937716,Sr02_gA_IMG1_LID1_STA1_CFC64_OH0,0126_0127,A,0.5244688391685486,-0.14235086739063263,0.5,0.0,-24.21632336459521,-2.176935665795309,2.1035296315760355,12.96690526118781
1769387296.3931203,1769387296393128373,Sr02_gA_IMG1_LID1_STA1_CFC64_OH0,0126_0127,A,0.5088467001914978,-0.013281203806400299,0.5,0.0,-24.252226638317023,-2.1111238675813184,2.0371914203628534,12.894165550759501
1769387296.5191567,1769387296519163532,Sr02_gA_IMG1_LID1_STA1_CFC64_OH0,0126_0127,A,0.481536865234375,0.0048029059544205666,0.5,0.0,-24.27379684403164,-2.066832624689664,2.0155710215284373,12.846985111443974
1769387296.6433218,1769387296643330454,Sr02_gA_IMG1_LID1_STA1_CFC64_OH0,0126_0127,A,0.46416032314300537,-0.08612678200006485,0.5,0.0,-24.305837734056194,-1.9993346210196627,2.012951330683754,12.775679333232851
1769387296.7681773,1769387296768184817,Sr02_gA_IMG1_LID1_STA1_CFC64_OH0,0126_0127,A,0.4764780104160309,-0.07066178321838379,0.5,0.0,-24.326821874673307,-1.9544618585193791,1.9993011619505705,12.728512347583484
1769387296.8920262,1769387296892033352,Sr02_gA_IMG1_LID1_STA1_CFC64_OH0,0126_0127,A,0.48605427145957947,-0.024549659341573715,0.5,0.0,-24.356860997765395,-1.8859964572390753,1.9707991146634778,12.657930211244336
1769387297.0187817,1769387297018789094,Sr02_gA_IMG1_LID1_STA1_CFC64_OH0,0126_0127,A,0.4884602129459381,-0.021542903035879135,0.5,0.0,-24.376003605914196,-1.8398064365809397,1.9565640419585293,12.611106552221838
1769387297.1404738,1769387297140483325,Sr02_gA_IMG1_LID1_STA1_CFC64_OH0,0126_0127,A,0.5088960528373718,-0.13013072311878204,0.5,0.0,-24.403859382616364,-1.7702560600327946,1.950186494895248,12.54131109970803
1769387297.2673876,1769387297267395991,Sr02_gA_IMG1_LID1_STA1_CFC64_OH0,0126_0127,A,0.5011769533157349,-0.242973193526268,0.5,-0.5,-24.422380258591712,-1.7238127957625142,1.950485930065351,12.494792246449936
1769387297.3947883,1769387297394794719,Sr02_gA_IMG1_LID1_STA1_CFC64_OH0,0126_0127,A,0.49240899085998535,-0.23307396471500397,0.5,-0.5,-24.44982341760443,-1.6540624981116934,1.9394727245772114,12.425235054134907
1769387297.5194848,1769387297519491847,Sr02_gA_IMG1_LID1_STA1_CFC64_OH0,0126_0127,A,0.4919358789920807,-0.14898931980133057,0.5,0.0,-24.467677537390923,-1.6073589684207397,1.932406554518034,12.379054937668444
1769387297.644411,1769387297644421120,Sr02_gA_IMG1_LID1_STA1_CFC64_OH0,0126_0127,A,0.5038704872131348,-0.1776105910539627,0.5,-0.5,-24.494013741600774,-1.5371469422609143,1.927737292715575,12.310034398812935
1769387297.7730675,1769387297773076588,Sr02_gA_IMG1_LID1_STA1_CFC64_OH0,0126_0127,A,0.5227182507514954,-0.012819226831197739,0.5,0.0,-24.51143240806333,-1.4902791626351222,1.9255529361208927,12.264112416783544
1769387297.898464,1769387297898471104,Sr02_gA_IMG1_LID1_STA1_CFC64_OH0,0126_0127,A,0.4697081446647644,-0.04532257467508316,0.5,0.0,-24.53692627045066,-1.4198321236441254,1.908175090617001,12.19562431673629
1769387298.0232098,1769387298023216813,Sr02_gA_IMG1_LID1_STA1_CFC64_OH0,0126_0127,A,0.4743800759315491,-0.0429631769657135,0.5,0.0,-24.552916048788333,-1.3725489226430747,1.884862618543168,12.150477137768732
1769387298.14749,1769387298147498491,Sr02_gA_IMG1_LID1_STA1_CFC64_OH0,0126_0127,A,0.5023159980773926,-0.02934407815337181,0.5,0.0,-24.574820928986142,-1.3008230544295325,1.8497035891928175,12.083699981105202
1769387298.2708483,1769387298270855743,Sr02_gA_IMG1_LID1_STA1_CFC64_OH0,0126_0127,A,0.49695101380348206,-0.01456677820533514,0.5,0.0,-24.58816070473071,-1.252670817727557,1.8334826326856126,12.039877337513097
1769387298.3956835,1769387298395691380,Sr02_gA_IMG1_LID1_STA1_CFC64_OH0,0126_0127,A,0.49801105260849,0.0012815427035093307,0.5,0.0,-24.606687795871373,-1.1800093010138641,1.8075553489708611,11.974962093356995
1769387298.5149696,1769387298514977050,Sr02_gA_IMG1_LID1_STA1_CFC64_OH0,0126_0127,A,0.4966602325439453,0.003883417695760727,0.5,0.0,-24.61827257886582,-1.1314930447797413,1.8042905582805837,11.932235086664297
1769387298.6329324,1769387298632938624,Sr02_gA_IMG1_LID1_STA1_CFC64_OH0,0126_0127,A,0.49265190958976746,-0.003188819158822298,0.5,0.0,-24.635422105324405,-1.0584802186678084,1.798142273956857,11.868240120404488
1769387298.7619035,1769387298761911848,Sr02_gA_IMG1_LID1_STA1_CFC64_OH0,0126_0127,A,0.499375581741333,0.011028836481273174,0.5,0.0,-24.646587054151635,-1.0097427612603553,1.7938459614818998,11.825793685894025
1769387298.8855119,1769387298885519280,Sr02_gA_IMG1_LID1_STA1_CFC64_OH0,0126_0127,A,0.48919472098350525,-0.0018947450444102287,0.5,0.0,-24.66301674356639,-0.9365645156897637,1.7895921111351671,11.762409382074967
1769387299.0087469,1769387299008755134,Sr02_gA_IMG1_LID1_STA1_CFC64_OH0,0126_0127,A,0.46708357334136963,-0.017427414655685425,0.5,0.0,-24.673833903925438,-0.8877486547145916,1.7881354325489538,11.720304450642987
1769387299.137157,1769387299137166723,Sr02_gA_IMG1_LID1_STA1_CFC64_OH0,0126_0127,A,0.4876515865325928,-0.005607233848422766,0.5,0.0,-24.689991682297023,-0.8145098298587906,1.788010685613147,11.657301847724279
1769387299.2608492,1769387299260855608,Sr02_gA_IMG1_LID1_STA1_CFC64_OH0,0126_0127,A,0.45996397733688354,0.003790987189859152,0.5,0.0,-24.700776675635257,-0.765686847869397,1.7883990247566068,11.615371956772972
1769387299.387695,1769387299387701418,Sr02_gA_IMG1_LID1_STA1_CFC64_OH0,0126_0127,A,0.49679896235466003,-0.004307959228754044,0.5,0.0,-24.71695121815141,-0.6924517240300142,1.7880628765502773,11.552599186035906
1769387299.5152423,1769387299515250198,Sr02_gA_IMG1_LID1_STA1_CFC64_OH0,0126_0127,A,0.4950162470340729,-0.0008693048730492592,0.5,0.0,-24.727756201180444,-0.6436331643274905,1.78916575536557,11.510819599304966
1769387299.6389787,1769387299638987554,Sr02_gA_IMG1_LID1_STA1_CFC64_OH0,0126_0127,A,0.4900054633617401,0.0006740379612892866,0.5,0.0,-24.7440079019965,-0.5704151245168237,1.788674057473584,11.448248729165785
1769387299.7599926,1769387299760000355,Sr02_gA_IMG1_LID1_STA1_CFC64_OH0,0126_0127,A,0.5041323900222778,0.014999578706920147,0.5,0.0,-24.754773258226294,-0.5215878149925355,1.7869313191149359,11.406657415650216
1769387299.8849528,1769387299884959314,Sr02_gA_IMG1_LID1_STA1_CFC64_OH0,0126_0127,A,0.5096548199653625,0.014614283107221127,0.5,0.0,-24.77082757730217,-0.4483262436137186,1.786278183847783,11.344451430936045
1769387300.0125136,1769387300012522240,Sr02_gA_IMG1_LID1_STA1_CFC64_OH0,0126_0127,A,0.5091699957847595,0.01399985607713461,0.5,0.0,-24.78152774293885,-0.3994846004345236,1.7866572813892705,11.303068616221054
1769387300.1309686,1769387300130977180,Sr02_gA_IMG1_LID1_STA1_CFC64_OH0,0126_0127,A,0.5057316422462463,0.007752906531095505,0.5,0.0,-24.797579283429968,-0.32622241941022245,1.7861730734226235,11.241124994923673
1769387300.254037,1769387300254044077,Sr02_gA_IMG1_LID1_STA1_CFC64_OH0,0126_0127,A,0.48744985461235046,-0.023714754730463028,0.5,0.0,-24.80826293386033,-0.2773771607353951,1.786086140446255,11.199928033711712
1769387300.3791535,1769387300379161934,Sr02_gA_IMG1_LID1_STA1_CFC64_OH0,0126_0127,A,0.4901293218135834,-0.02885105088353157,0.5,0.0,-24.818946107335062,-0.22853179773552468,1.786153542951164,11.158803295031648
1769387300.5048962,1769387300504905465,Sr02_gA_IMG1_LID1_STA1_CFC64_OH0,0126_0127,A,0.4962756037712097,-0.008113318122923374,0.5,0.0,-24.835027413462846,-0.15527615686076288,1.787973699595842,11.09721969491536
1769387300.626882,1769387300626889640,Sr02_gA_IMG1_LID1_STA1_CFC64_OH0,0126_0127,A,0.49033716320991516,0.0010205002035945654,0.5,0.0,-24.851268627521538,-0.0820558044054083,1.7901551123499373,11.035708045333234
1769387300.753443,1769387300753450966,Sr02_gA_IMG1_LID1_STA1_CFC64_OH0,0126_0127,A,0.49953508377075195,-0.02129478007555008,0.5,0.0,-24.862182975100392,-0.03326158044877744,1.7915550956779998,10.99474212752936
1769387300.8784945,1769387300878503049,Sr02_gA_IMG1_LID1_STA1_CFC64_OH0,0126_0127,A,0.494842529296875,-0.023832019418478012,0.5,0.0,-24.873150387418242,0.015520746521591348,1.7923303898432057,10.953819901182786
1769387301.0021791,1769387301002187114,Sr02_gA_IMG1_LID1_STA1_CFC64_OH0,0126_0127,A,0.49869194626808167,-0.0014199058059602976,0.5,0.0,-24.88956138595833,0.08870321514437234,1.7896145126952656,10.89260247113655
1769387301.1264505,1769387301126458201,Sr02_gA_IMG1_LID1_STA1_CFC64_OH0,0126_0127,A,0.4951293170452118,-0.006134688854217529,0.5,0.0,-24.9003447697528,0.13752653521261257,1.7867294126304227,10.851980874185875
1769387301.2488966,1769387301248906096,Sr02_gA_IMG1_LID1_STA1_CFC64_OH0,0126_0127,A,0.5070701241493225,-0.011470476165413857,0.5,0.0,-24.916341242873685,0.21080075461863085,1.7850976470571205,10.791303734404847
1769387301.3721218,1769387301372130208,Sr02_gA_IMG1_LID1_STA1_CFC64_OH0,0126_0127,A,0.50752854347229,-0.012097347527742386,0.5,0.0,-24.926976973890756,0.25965646980851814,1.7851996899213889,10.750970040329612
1769387301.5028837,1769387301502892921,Sr02_gA_IMG1_LID1_STA1_CFC64_OH0,0126_0127,A,0.49752458930015564,-0.012976991944015026,0.5,0.0,-24.942861162563215,0.33295509121069167,1.7826242096106975,10.690664984383938
1769387301.6257823,1769387301625790219,Sr02_gA_IMG1_LID1_STA1_CFC64_OH0,0126_0127,A,0.500503420829773,-0.0024310005828738213,0.5,0.0,-24.95331526757402,0.3818499803908726,1.7802410117172924,10.65064833698252
1769387301.7470057,1769387301747014637,Sr02_gA_IMG1_LID1_STA1_CFC64_OH0,0126_0127,A,0.4936578869819641,-0.006918299477547407,0.5,0.0,-24.968885314977673,0.45521600028813214,1.7798038882754323,10.590851149686433
1769387301.8761086,1769387301876116001,Sr02_gA_IMG1_LID1_STA1_CFC64_OH0,0126_0127,A,0.49445614218711853,-0.005652166903018951,0.5,0.0,-24.97924476899147,0.5041310421158343,1.7791904240011338,10.551107046117437
1769387302.0009465,1769387302000954323,Sr02_gA_IMG1_LID1_STA1_CFC64_OH0,0126_0127,A,0.5033113360404968,-0.014449294656515121,0.5,0.0,-24.994708822675406,0.577519468051393,1.7776173958667099,10.49170235977175
1769387302.1225915,1769387302122599601,Sr02_gA_IMG1_LID1_STA1_CFC64_OH0,0126_0127,A,0.49216851592063904,0.003700096160173416,0.5,0.0,-25.00494670868639,0.6264600960416843,1.7764076631297414,10.452255569901018
1769387302.2469044,1769387302246912787,Sr02_gA_IMG1_LID1_STA1_CFC64_OH0,0126_0127,A,0.5200729966163635,0.0013361070305109024,0.5,0.0,-25.020188288947555,0.6998950451100507,1.7744699146247709,10.393328644252268
1769387302.366974,1769387302366981085,Sr02_gA_IMG1_LID1_STA1_CFC64_OH0,0126_0127,A,0.5214210748672485,0.001044013537466526,0.5,0.0,-25.030295753117137,0.7488627777406072,1.774226806894307,10.354193623593943
1769387302.487792,1769387302487801565,Sr02_gA_IMG1_LID1_STA1_CFC64_OH0,0126_0127,A,0.5046542882919312,-0.009207348339259624,0.5,0.0,-25.045410029851272,0.8223240425637135,1.7732143888199876,10.295697520153226
1769387302.6142714,1769387302614278612,Sr02_gA_IMG1_LID1_STA1_CFC64_OH0,0126_0127,A,0.49858972430229187,-0.0382661409676075,0.5,0.0,-25.05544811725064,0.8713060435211886,1.772649172979043,10.256843966656765
1769387302.740411,1769387302740419028,Sr02_gA_IMG1_LID1_STA1_CFC64_OH0,0126_0127,A,0.4960298538208008,-0.02059328183531761,0.5,0.0,-25.070411095417853,0.9447982635305654,1.7705697601907757,10.198806720295751
1769387302.8629594,1769387302862967732,Sr02_gA_IMG1_LID1_STA1_CFC64_OH0,0126_0127,A,0.4993029832839966,-0.018742121756076813,0.5,0.0,-25.080342523962077,0.9938020019794458,1.770939755313719,10.160267182623906
1769387302.9865746,1769387302986581745,Sr02_gA_IMG1_LID1_STA1_CFC64_OH0,0126_0127,A,0.4918644428253174,-0.019812919199466705,0.5,0.0,-25.09526060235031,1.0673033639082146,1.7711343311952532,10.102632490995836
1769387303.1103442,1769387303110351201,Sr02_gA_IMG1_LID1_STA1_CFC64_OH0,0126_0127,A,0.5193098187446594,-0.08900298923254013,0.5,0.0,-25.105213188842104,1.1163028098525078,1.7712387323955678,10.0643317711572
1769387303.2341235,1769387303234131536,Sr02_gA_IMG1_LID1_STA1_CFC64_OH0,0126_0127,A,0.5006633400917053,-0.017409715801477432,0.5,0.0,-25.1200910371204,1.18981230938381,1.7687978259972745,10.007108005132316
1769387303.3605077,1769387303360515349,Sr02_gA_IMG1_LID1_STA1_CFC64_OH0,0126_0127,A,0.49907422065734863,-0.00785776786506176,0.5,0.0,-25.12983316361599,1.2388540026653059,1.7651479368369674,9.969207172300667
1769387303.4857178,1769387303485725769,Sr02_gA_IMG1_LID1_STA1_CFC64_OH0,0126_0127,A,0.5136836767196655,-0.024612732231616974,0.5,0.0,-25.139439161819304,1.2879225628438429,1.7630886082565704,9.9315045740177
1769387303.6137252,1769387303613732527,Sr02_gA_IMG1_LID1_STA1_CFC64_OH0,0126_0127,A,0.4949187934398651,-0.003048345446586609,0.5,0.0,-25.15366518726731,1.3615609747264548,1.7602217584632878,9.875279000441932
1769387303.7408981,1769387303740906874,Sr02_gA_IMG1_LID1_STA1_CFC64_OH0,0126_0127,A,0.5103316903114319,-0.07386575639247894,0.5,0.0,-25.167652133086115,1.435214445124412,1.7548812699046261,9.819485679607638
1769387303.8676777,1769387303867685337,Sr02_gA_IMG1_LID1_STA1_CFC64_OH0,0126_0127,A,0.5165632367134094,-0.0537385456264019,0.5,0.0,-25.176584654876322,1.484398574501173,1.7463829397129935,9.782696476703908
1769387303.9935372,1769387303993545717,Sr02_gA_IMG1_LID1_STA1_CFC64_OH0,0126_0127,A,0.5077571272850037,-0.032163869589567184,0.5,0.0,-25.18958503174216,1.5582500883112378,1.743916325681861,9.728007899865592
1769387304.114336,1769387304114343243,Sr02_gA_IMG1_LID1_STA1_CFC64_OH0,0126_0127,A,0.5099750757217407,-0.010357344523072243,0.5,0.0,-25.19817850674149,1.6075060700982566,1.7431305496139864,9.691745911718222
1769387304.238619,1769387304238626673,Sr02_gA_IMG1_LID1_STA1_CFC64_OH0,0126_0127,A,0.5088000893592834,0.0038907183334231377,0.5,0.0,-25.21092373977742,1.6814151608703014,1.7404687656668778,9.637685677885992
1769387304.3601382,1769387304360146495,Sr02_gA_IMG1_LID1_STA1_CFC64_OH0,0126_0127,A,0.5117598176002502,0.0069267041981220245,0.5,0.0,-25.219356350636783,1.7306873241047915,1.7397888057849669,9.601854183492808
1769387304.4865952,1769387304486602383,Sr02_gA_IMG1_LID1_STA1_CFC64_OH0,0126_0127,A,0.5141518115997314,0.019102923572063446,0.5,0.0,-25.22758369203599,1.779985189516647,1.732474357149534,9.566301233438676
1769387304.6074078,1769387304607418504,Sr02_gA_IMG1_LID1_STA1_CFC64_OH0,0126_0127,A,0.5164428949356079,0.01609312742948532,0.5,0.0,-25.239318061705138,1.854061305142622,1.7238097577530929,9.513634234233315
1769387304.7336645,1769387304733672002,Sr02_gA_IMG1_LID1_STA1_CFC64_OH0,0126_0127,A,0.500251054763794,-0.03186379373073578,0.5,0.0,-25.246849298576457,1.9034908298655897,1.7203776131385018,9.478902056786614
1769387304.857632,1769387304857638036,Sr02_gA_IMG1_LID1_STA1_CFC64_OH0,0126_0127,A,0.5049628019332886,-0.03774598240852356,0.5,0.0,-25.257953207942744,1.9776642841756638,1.718748404948879,9.4272026612317
1769387304.9863715,1769387304986379103,Sr02_gA_IMG1_LID1_STA1_CFC64_OH0,0126_0127,A,0.5246514081954956,-0.029433462768793106,0.5,0.0,-25.265333472398762,2.0271165980562706,1.719137473110409,9.392927479736416
1769387305.1093385,1769387305109346392,Sr02_gA_IMG1_LID1_STA1_CFC64_OH0,0126_0127,A,0.47845524549484253,0.008324883878231049,0.5,0.0,-25.276452628517227,2.10128777283964,1.720115755099609,9.341744551322483
1769387305.2292764,1769387305229284375,Sr02_gA_IMG1_LID1_STA1_CFC64_OH0,0126_0127,A,0.484524130821228,0.08263635635375977,0.5,0.0,-25.28393238883846,2.150725128497837,1.721904273020598,9.307752178871219
1769387305.349872,1769387305349879872,Sr02_gA_IMG1_LID1_STA1_CFC64_OH0,0126_0127,A,0.4888211786746979,0.06068049743771553,0.5,0.0,-25.295311352927467,2.2248452869093542,1.723967706045663,9.256923464070836
1769387305.4732347,1769387305473248554,Sr02_gA_IMG1_LID1_STA1_CFC64_OH0,0126_0127,A,0.5009284615516663,0.06265424191951752,0.5,0.0,-25.302861270735562,2.2742719626594092,1.7207813475650122,9.22324348954491
1769387305.5964673,1769387305596474098,Sr02_gA_IMG1_LID1_STA1_CFC64_OH0,0126_0127,A,0.53333580493927,0.06045466288924217,0.5,0.0,-25.31386616914594,2.3484600795930466,1.715237107546521,9.173244090423061
1769387305.7250283,1769387305725036900,Sr02_gA_IMG1_LID1_STA1_CFC64_OH0,0126_0127,A,0.5191382169723511,0.0025338949635624886,0.5,0.0,-25.320986385423346,2.397950486431635,1.712210634662649,9.140265428976578
1769387305.8468275,1769387305846835315,Sr02_gA_IMG1_LID1_STA1_CFC64_OH0,0126_0127,A,0.5302726030349731,-0.0008645867928862572,0.5,0.0,-25.331574851593384,2.4721857082371135,1.7134467887415872,9.09116633423654
1769387305.9751656,1769387305975175429,Sr02_gA_IMG1_LID1_STA1_CFC64_OH0,0126_0127,A,0.5275681018829346,0.04018930345773697,0.5,0.0,-25.338879626027587,2.521628327877803,1.7216025971881639,9.058448446707448
1769387306.099486,1769387306099494135,Sr02_gA_IMG1_LID1_STA1_CFC64_OH0,0126_0127,A,0.5344434976577759,0.08580190688371658,0.5,0.0,-25.350515373042146,2.5957199479439366,1.7312030009370256,9.009131596340179
1769387306.2257564,1769387306225764294,Sr02_gA_IMG1_LID1_STA1_CFC64_OH0,0126_0127,A,0.5130418539047241,0.056420426815748215,0.5,0.0,-25.358655927957816,2.6450527247657645,1.7374684148487305,8.97615780469728
1769387306.3525581,1769387306352566281,Sr02_gA_IMG1_LID1_STA1_CFC64_OH0,0126_0127,A,0.5210298895835876,0.07521262019872665,0.5,0.0,-25.37143230637268,2.718944537744506,1.7461649943765762,8.926567114173109
1769387306.4762278,1769387306476236208,Sr02_gA_IMG1_LID1_STA1_CFC64_OH0,0126_0127,A,0.5236534476280212,0.06835193932056427,0.5,0.0,-25.38016201872304,2.7681765574009205,1.7463844231735648,8.893537899065661
1769387306.5959718,1769387306595980157,Sr02_gA_IMG1_LID1_STA1_CFC64_OH0,0126_0127,A,0.5193450450897217,0.08874253928661346,0.5,0.0,-25.39326565747632,2.842012722144333,1.7474502943299897,8.844291091118848
1769387306.7210763,1769387306721083826,Sr02_gA_IMG1_LID1_STA1_CFC64_OH0,0126_0127,A,0.5128293633460999,0.031308408826589584,0.5,0.0,-25.40215137276228,2.891216790886414,1.751469217270523,8.811542588982121
1769387306.8467438,1769387306846753057,Sr02_gA_IMG1_LID1_STA1_CFC64_OH0,0126_0127,A,0.5001392364501953,0.01548564713448286,0.5,0.0,-25.416093385921105,2.9648977330663526,1.763953909707661,8.762257987790385
1769387306.9692726,1769387306969281492,Sr02_gA_IMG1_LID1_STA1_CFC64_OH0,0126_0127,A,0.48096978664398193,-0.03646533191204071,0.5,0.0,-25.425829697412908,3.0139405438359357,1.7695959494206943,8.72926102650848
1769387307.0922568,1769387307092265091,Sr02_gA_IMG1_LID1_STA1_CFC64_OH0,0126_0127,A,0.48420026898384094,0.004220318049192429,0.5,0.0,-25.441028799924258,3.087383919526848,1.7802961514120492,8.679612886150927
1769387307.2124321,1769387307212439918,Sr02_gA_IMG1_LID1_STA1_CFC64_OH0,0126_0127,A,0.4928884506225586,0.004490886349231005,0.5,0.0,-25.451594395272906,3.1362547507337686,1.787131334277824,8.64638454358194
1769387307.3324838,1769387307332490301,Sr02_gA_IMG1_LID1_STA1_CFC64_OH0,0126_0127,A,0.5089665055274963,-0.007883409038186073,0.5,0.0,-25.462543511697433,3.1850410205598414,1.7960055580889815,8.613024177450235
1769387307.4584353,1769387307458447222,Sr02_gA_IMG1_LID1_STA1_CFC64_OH0,0126_0127,A,0.5076620578765869,-0.009298348799347878,0.5,0.0,-25.479614619535308,3.258060345506771,1.8030133898068998,8.562796371247856
1769387307.5786235,1769387307578631306,Sr02_gA_IMG1_LID1_STA1_CFC64_OH0,0126_0127,A,0.5170069932937622,0.006514141336083412,0.5,0.0,-25.491159071320443,3.306709341551299,1.8045619553585164,8.529383737406766
1769387307.707122,1769387307707130519,Sr02_gA_IMG1_LID1_STA1_CFC64_OH0,0126_0127,A,0.5156334638595581,0.01296897605061531,0.5,0.0,-25.50840922062376,3.3796867478863666,1.8002702525159677,8.479627587992294
1769387307.8377445,1769387307837752215,Sr02_gA_IMG1_LID1_STA1_CFC64_OH0,0126_0127,A,0.5101523995399475,0.013289030641317368,0.5,0.0,-25.519789815793896,3.428366648225233,1.800665524234866,8.44675632698001
1769387307.962239,1769387307962247723,Sr02_gA_IMG1_LID1_STA1_CFC64_OH0,0126_0127,A,0.5088948607444763,-0.013408167287707329,0.5,0.0,-25.536901967729047,3.5013883804217074,1.8010916791102114,8.397728721966072
1769387308.0834947,1769387308083502326,Sr02_gA_IMG1_LID1_STA1_CFC64_OH0,0126_0127,A,0.5047144889831543,0.009246321395039558,0.5,0.0,-25.548296032101618,3.5500728219872077,1.8003033402297695,8.365268573701226
1769387308.2094421,1769387308209449669,Sr02_gA_IMG1_LID1_STA1_CFC64_OH0,0126_0127,A,0.5130559802055359,0.05478692054748535,0.5,0.0,-25.565312800336915,3.623116837739833,1.7994112521123518,8.316962959517532
1769387308.331506,1769387308331515405,Sr02_gA_IMG1_LID1_STA1_CFC64_OH0,0126_0127,A,0.5107546448707581,0.022280573844909668,0.5,0.0,-25.576660095637166,3.671812201831108,1.8000626649193934,8.284977736440739
1769387308.4563093,1769387308456326785,Sr02_gA_IMG1_LID1_STA1_CFC64_OH0,0126_0127,A,0.4781428575515747,-0.002298548584803939,0.5,0.0,-25.593775890124736,3.7448330693126337,1.8020144040613435,8.237260691593713
1769387308.5798788,1769387308579887467,Sr02_gA_IMG1_LID1_STA1_CFC64_OH0,0126_0127,A,0.47426798939704895,0.0009853956289589405,0.5,0.0,-25.605266392172602,3.7934948374443733,1.8033433049329475,8.205612239254213
1769387308.7040942,1769387308704101316,Sr02_gA_IMG1_LID1_STA1_CFC64_OH0,0126_0127,A,0.4898490011692047,0.0663440003991127,0.5,0.0,-25.622513618514752,3.8664847742565347,1.8018660466433176,8.158474733343677
1769387308.8300016,1769387308830008713,Sr02_gA_IMG1_LID1_STA1_CFC64_OH0,0126_0127,A,0.5056172609329224,0.029831215739250183,0.5,0.0,-25.63398706393883,3.9151505687688006,1.8027906599353094,8.127302233468331
1769387308.9512222,1769387308951229283,Sr02_gA_IMG1_LID1_STA1_CFC64_OH0,0126_0127,A,0.5367915034294128,0.01568959280848503,0.5,0.0,-25.651519211269196,3.988061031475582,1.8102764289671296,8.080642626856362
1769387309.0730166,1769387309073026124,Sr02_gA_IMG1_LID1_STA1_CFC64_OH0,0126_0127,A,0.49563780426979065,0.05129212886095047,0.5,0.0,-25.663433192361197,4.036620847198365,1.8125044846355132,8.04958800833321
1769387309.1995537,1769387309199561991,Sr02_gA_IMG1_LID1_STA1_CFC64_OH0,0126_0127,A,0.5078088641166687,0.02369523048400879,0.5,0.0,-25.67541716423282,4.085163447867531,1.8127662306048304,8.018668105076609
1769387309.3239174,1769387309323925971,Sr02_gA_IMG1_LID1_STA1_CFC64_OH0,0126_0127,A,0.5071277022361755,-0.012382332235574722,0.5,0.0,-25.693391403249876,4.157977773444551,1.812881197806798,7.972652767130467
1769387309.4500885,1769387309450096903,Sr02_gA_IMG1_LID1_STA1_CFC64_OH0,0126_0127,A,0.5104307532310486,0.019103247672319412,0.5,0.0,-25.71170269414132,4.230686532148932,1.8217905206330471,7.926812270520156
1769387309.5744593,1769387309574467395,Sr02_gA_IMG1_LID1_STA1_CFC64_OH0,0126_0127,A,0.48851656913757324,0.001224281033501029,0.5,0.0,-25.724193272242147,4.279101233297342,1.824773639493528,7.89626181348342
1769387309.7024212,1769387309702428588,Sr02_gA_IMG1_LID1_STA1_CFC64_OH0,0126_0127,A,0.5122298002243042,0.029871080070734024,0.5,0.0,-25.743146303180232,4.351666103511009,1.8286898144265955,7.850631834294463
1769387309.8325944,1769387309832600550,Sr02_gA_IMG1_LID1_STA1_CFC64_OH0,0126_0127,A,0.4857303500175476,0.001979251392185688,0.5,0.0,-25.756022449157733,4.399979653016025,1.8338190187564174,7.820264735726142
1769387309.9608202,1769387309960828382,Sr02_gA_IMG1_LID1_STA1_CFC64_OH0,0126_0127,A,0.47793418169021606,0.00887263659387827,0.5,0.0,-25.775647664598118,4.4723664269480015,1.8366517940252802,7.774837174268686
1769387310.0830154,1769387310083022770,Sr02_gA_IMG1_LID1_STA1_CFC64_OH0,0126_0127,A,0.488264799118042,0.001384996809065342,0.5,0.0,-25.788754531124475,4.520617949341486,1.8354135649668986,7.744788182063655
1769387310.2116663,1769387310211675490,Sr02_gA_IMG1_LID1_STA1_CFC64_OH0,0126_0127,A,0.5268254280090332,0.0413534976541996,0.5,0.0,-25.808444782312037,4.592987077041864,1.8372490241570507,7.700078600661466
1769387310.3393707,1769387310339378498,Sr02_gA_IMG1_LID1_STA1_CFC64_OH0,0126_0127,A,0.5255670547485352,0.051781363785266876,0.5,0.0,-25.821613283067965,4.641221818336048,1.8373714521423612,7.670499940868856
1769387310.4672654,1769387310467272153,Sr02_gA_IMG1_LID1_STA1_CFC64_OH0,0126_0127,A,0.481058269739151,-0.006830770522356033,0.5,0.0,-25.84152979746269,4.713528962615541,1.8412942689311411,7.626393667472718
1769387310.5990012,1769387310599009794,Sr02_gA_IMG1_LID1_STA1_CFC64_OH0,0126_0127,A,0.4985743761062622,0.0037558628246188164,0.5,0.0,-25.854895130084156,4.761709535035011,1.8414921954010262,7.597184550369499
1769387310.733648,1769387310733655192,Sr02_gA_IMG1_LID1_STA1_CFC64_OH0,0126_0127,A,0.511010468006134,-0.0018249541753903031,0.5,0.0,-25.874993551049837,4.833966382096358,1.8427541496992277,7.553736874713695
1769387310.8642159,1769387310864223929,Sr02_gA_IMG1_LID1_STA1_CFC64_OH0,0126_0127,A,0.4940592646598816,0.00381520576775074,0.5,0.0,-25.89516861299613,4.906193361975487,1.8449310959243106,7.5107242119462185
1769387310.9956765,1769387310995683017,Sr02_gA_IMG1_LID1_STA1_CFC64_OH0,0126_0127,A,0.4820975363254547,-0.021467585116624832,0.5,0.0,-25.908804805073167,4.954297937562792,1.84927498848578,7.4821682264312
1769387311.1205225,1769387311120529132,Sr02_gA_IMG1_LID1_STA1_CFC64_OH0,0126_0127,A,0.4958294630050659,0.02438369020819664,0.5,0.0,-25.929679190656532,5.026322347144239,1.8548927911481834,7.439401865608436
1769387311.2489662,1769387311248975074,Sr02_gA_IMG1_LID1_STA1_CFC64_OH0,0126_0127,A,0.49421510100364685,-0.012603907845914364,0.5,0.0,-25.943677562821357,5.074322817664058,1.854315576030182,7.41110221623604
1769387311.3768923,1769387311376900168,Sr02_gA_IMG1_LID1_STA1_CFC64_OH0,0126_0127,A,0.48681116104125977,-0.014432411640882492,0.5,0.0,-25.96467751706904,5.146322825151965,1.8547673400589988,7.369083010280415
1769387311.5020058,1769387311502013945,Sr02_gA_IMG1_LID1_STA1_CFC64_OH0,0126_0127,A,0.48062410950660706,-0.016122473403811455,0.5,0.0,-25.978681627636604,5.194321622670646,1.8545848452709823,7.341358673227635
1769387311.6294148,1769387311629421438,Sr02_gA_IMG1_LID1_STA1_CFC64_OH0,0126_0127,A,0.4955297112464905,0.0030700271017849445,0.5,0.0,-25.999697292539135,5.266317046032963,1.8548479058418255,7.300208570630252
1769387311.7528143,1769387311752821488,Sr02_gA_IMG1_LID1_STA1_CFC64_OH0,0126_0127,A,0.5044172406196594,0.011165976524353027,0.5,0.0,-26.020600662040273,5.33833361710634,1.8524683838276916,7.2597019518371715
1769387311.8735754,1769387311873584899,Sr02_gA_IMG1_LID1_STA1_CFC64_OH0,0126_0127,A,0.4970003366470337,-0.0020441000815480947,0.5,0.0,-26.034557314071257,5.3863462227844146,1.854906744967255,7.2329827481388325
1769387312.0011408,1769387312001149376,Sr02_gA_IMG1_LID1_STA1_CFC64_OH0,0126_0127,A,0.4938333034515381,-0.0037778413388878107,0.5,0.0,-26.04855893323739,5.434344353842248,1.854021022588425,7.2064719688658325
1769387312.127113,1769387312127121575,Sr02_gA_IMG1_LID1_STA1_CFC64_OH0,0126_0127,A,0.5120932459831238,0.001728359144181013,0.5,0.0,-26.069441199333152,5.506378568301845,1.8518575511338269,7.167282332206652
1769387312.2504222,1769387312250431516,Sr02_gA_IMG1_LID1_STA1_CFC64_OH0,0126_0127,A,0.5002490878105164,0.009902533143758774,0.5,0.0,-26.083271237309994,5.554427805454181,1.8502453067904923,7.141555763841152
1769387312.3788416,1769387312378848192,Sr02_gA_IMG1_LID1_STA1_CFC64_OH0,0126_0127,A,0.49867191910743713,0.10292616486549377,0.5,0.0,-26.103937429540462,5.62652432208478,1.8501300213429819,7.103522000933274
1769387312.5124002,1769387312512407903,Sr02_gA_IMG1_LID1_STA1_CFC64_OH0,0126_0127,A,0.5058039426803589,0.12849430739879608,0.5,0.0,-26.117746324058928,5.674579642972641,1.851165651612352,7.078465756614113
1769387312.6422958,1769387312642306702,Sr02_gA_IMG1_LID1_STA1_CFC64_OH0,0126_0127,A,0.5017291903495789,0.03860994055867195,0.5,0.0,-26.138497728744728,5.746651679505355,1.8509738113329945,7.041345427439259
1769387312.7681592,1769387312768166749,Sr02_gA_IMG1_LID1_STA1_CFC64_OH0,0126_0127,A,0.5336220860481262,0.03472387045621872,0.5,0.0,-26.159217961606394,5.818732683407312,1.850572318050242,7.004859841228673
1769387312.8979,1769387312897907391,Sr02_gA_IMG1_LID1_STA1_CFC64_OH0,0126_0127,A,0.527153730392456,0.04953918978571892,0.5,0.0,-26.173029131381455,5.866787352963993,1.8507451535910735,6.980879957387365
1769387313.016608,1769387313016615294,Sr02_gA_IMG1_LID1_STA1_CFC64_OH0,0126_0127,A,0.5277643799781799,0.04143253713846207,0.5,0.0,-26.193808695415374,5.938800263320235,1.8549548136244165,6.945382606879456
1769387313.1432047,1769387313143214108,Sr02_gA_IMG1_LID1_STA1_CFC64_OH0,0126_0127,A,0.5137537717819214,0.058687176555395126,0.5,0.0,-26.208073541682698,5.9867219854308615,1.8655030768568337,6.921681341838482
1769387313.2715611,1769387313271568638,Sr02_gA_IMG1_LID1_STA1_CFC64_OH0,0126_0127,A,0.5143328309059143,0.025271594524383545,0.5,0.0,-26.23052594466353,6.058246304445102,1.88276122173993,6.885689685564398
1769387313.3991222,1769387313399129859,Sr02_gA_IMG1_LID1_STA1_CFC64_OH0,0126_0127,A,0.5013216733932495,-0.0074235121719539165,0.5,0.0,-26.245964235455663,6.105803172976671,1.8866222160773156,6.8616066381552
1769387313.5302045,1769387313530211137,Sr02_gA_IMG1_LID1_STA1_CFC64_OH0,0126_0127,A,0.4963799715042114,-0.010496731847524643,0.5,0.0,-26.26944793774796,6.177031693376263,1.8920177965083318,6.825706926166035
1769387313.6608827,1769387313660890862,Sr02_gA_IMG1_LID1_STA1_CFC64_OH0,0126_0127,A,0.5165979266166687,0.15866875648498535,0.5,0.0,-26.285351674207643,6.2244349183308,1.896971704228036,6.801897460444733
1769387313.7885983,1769387313788607244,Sr02_gA_IMG1_LID1_STA1_CFC64_OH0,0126_0127,A,0.49815747141838074,0.029742788523435593,0.5,0.0,-26.309618376412008,6.29540044752606,1.9038663390423518,6.766335204351026
1769387313.9184995,1769387313918505772,Sr02_gA_IMG1_LID1_STA1_CFC64_OH0,0126_0127,A,0.49164488911628723,-0.002228769473731518,0.5,0.0,-26.33443128190549,6.366176800178343,1.9109986500005267,6.730908890712631
1769387314.0449755,1769387314044984070,Sr02_gA_IMG1_LID1_STA1_CFC64_OH0,0126_0127,A,0.5143151879310608,0.14255334436893463,0.5,0.0,-26.351173942449662,6.413290298857534,1.9131988728829754,6.707464729001596
1769387314.1706133,1769387314170621079,Sr02_gA_IMG1_LID1_STA1_CFC64_OH0,0126_0127,A,0.5157202482223511,0.15473787486553192,0.5,0.0,-26.376315286772282,6.483950835636142,1.9119931607053549,6.672820722818112
1769387314.2995112,1769387314299518477,Sr02_gA_IMG1_LID1_STA1_CFC64_OH0,0126_0127,A,0.4938885569572449,0.31953883171081543,0.5,0.5,-26.39302131225876,6.531077347981766,1.910943489288171,6.650146350019548
1769387314.4265559,1769387314426563309,Sr02_gA_IMG1_LID1_STA1_CFC64_OH0,0126_0127,A,0.5092534422874451,0.42833516001701355,0.5,0.5,-26.41856879387751,6.6013896985462575,1.9302634135066503,6.616256325802627
1769387314.549776,1769387314549784062,Sr02_gA_IMG1_LID1_STA1_CFC64_OH0,0126_0127,A,0.501581072807312,0.3291012942790985,0.5,0.5,-26.43624164557403,6.648090392278997,1.9341370557896342,6.593419501244721
1769387314.6741421,1769387314674152119,Sr02_gA_IMG1_LID1_STA1_CFC64_OH0,0126_0127,A,0.5028261542320251,0.3329596519470215,0.5,0.5,-26.46291569090877,6.718120788990777,1.9363581573860114,6.559565993351492
1769387314.8021653,1769387314802172641,Sr02_gA_IMG1_LID1_STA1_CFC64_OH0,0126_0127,A,0.5293845534324646,0.4021468758583069,0.5,0.5,-26.48108170212663,6.764633919291437,1.9502273313452234,6.537011300417124
1769387314.9274526,1769387314927458872,Sr02_gA_IMG1_LID1_STA1_CFC64_OH0,0126_0127,A,0.5125526189804077,0.27275532484054565,0.5,0.5,-26.50966336234025,6.833960132657333,1.9737693767474307,6.502460005040911
1769387315.0517774,1769387315051784749,Sr02_gA_IMG1_LID1_STA1_CFC64_OH0,0126_0127,A,0.5061800479888916,0.43279728293418884,0.5,0.5,-26.52980332832517,6.879499962381839,2.0025715645878903,6.478774544956043
1769387315.1825085,1769387315182515930,Sr02_gA_IMG1_LID1_STA1_CFC64_OH0,0126_0127,A,0.5198776721954346,0.4899011254310608,0.5,0.5,-26.563114536605593,6.946593060788636,2.063317740063389,6.4407901327349775
1769387315.3072734,1769387315307281633,Sr02_gA_IMG1_LID1_STA1_CFC64_OH0,0126_0127,A,0.5012717247009277,0.5124552249908447,0.5,0.5,-26.58747832475697,6.9902240503760975,2.0965366255429516,6.413740702322138
1769387315.4312665,1769387315431273313,Sr02_gA_IMG1_LID1_STA1_CFC64_OH0,0126_0127,A,0.49180325865745544,0.45722922682762146,0.5,0.5,-26.626714353135185,7.054116158881753,2.1468903187888873,6.3710760733173215
1769387315.5518231,1769387315551830787,Sr02_gA_IMG1_LID1_STA1_CFC64_OH0,0126_0127,A,0.49402666091918945,0.5300037264823914,0.5,0.5,-26.654777101739615,7.095475726765916,2.187050266805192,6.341115901484443
1769387315.6742752,1769387315674283649,Sr02_gA_IMG1_LID1_STA1_CFC64_OH0,0126_0127,A,0.5272704362869263,0.6432558298110962,0.5,0.5,-26.69952156694799,7.155575218348647,2.2316006766480063,6.29406957083505
1769387315.7994466,1769387315799453671,Sr02_gA_IMG1_LID1_STA1_CFC64_OH0,0126_0127,A,0.4777129888534546,0.5682179927825928,0.5,0.5,-26.73081109855448,7.194315887640462,2.2710799518855818,6.2615849829401204
1769387315.9242756,1769387315924282924,Sr02_gA_IMG1_LID1_STA1_CFC64_OH0,0126_0127,A,0.4782119691371918,0.3546665608882904,0.5,0.5,-26.781104965847433,7.249910306432469,2.3428975077929945,6.2099776745125705
1769387316.0485613,1769387316048569778,Sr02_gA_IMG1_LID1_STA1_CFC64_OH0,0126_0127,A,0.5443330407142639,0.00780157744884491,0.5,0.0,-26.816867909106943,7.28484582835888,2.3928974569696275,6.173634665034933
1769387316.1717362,1769387316171744013,Sr02_gA_IMG1_LID1_STA1_CFC64_OH0,0126_0127,A,0.5459085702896118,-0.00013113068416714668,0.5,0.0,-26.873557241399666,7.333928351034172,2.4623372047699346,6.116455711616783
1769387316.296377,1769387316296384351,Sr02_gA_IMG1_LID1_STA1_CFC64_OH0,0126_0127,A,0.49366632103919983,0.355058878660202,0.5,0.5,-26.913226322568995,7.364352583651978,2.512329677436035,6.076677423527615
1769387316.4159374,1769387316415947178,Sr02_gA_IMG1_LID1_STA1_CFC64_OH0,0126_0127,A,0.5007222890853882,0.06200152263045311,0.5,0.0,-26.975458618141857,7.406179659210232,2.587329602717655,6.014543683297842
1769387316.5380354,1769387316538043580,Sr02_gA_IMG1_LID1_STA1_CFC64_OH0,0126_0127,A,0.464498370885849,0.1545322984457016,0.5,0.0,-27.018613087837632,7.431421896589531,2.637329552906777,5.971591590067905
1769387316.6615784,1769387316661587229,Sr02_gA_IMG1_LID1_STA1_CFC64_OH0,0126_0127,A,0.4744243919849396,0.22200894355773926,0.5,0.5,-27.062823664016133,7.454617581138506,2.6767344344065647,5.927664723897528
1769387316.7852507,1769387316785259009,Sr02_gA_IMG1_LID1_STA1_CFC64_OH0,0126_0127,A,0.49399247765541077,0.2539868652820587,0.5,0.5,-27.130040087008073,7.486512225016222,2.7109412370575643,5.860996347172803
1769387316.9080842,1769387316908092725,Sr02_gA_IMG1_LID1_STA1_CFC64_OH0,0126_0127,A,0.46876344084739685,0.3838686943054199,0.5,0.5,-27.175436287001396,7.507359504307143,2.711091495528786,5.816060085856363
1769387317.034199,1769387317034207701,Sr02_gA_IMG1_LID1_STA1_CFC64_OH0,0126_0127,A,0.4787299931049347,0.2458517700433731,0.5,0.5,-27.243070387155953,7.5379303168735845,2.73192815346012,5.749250642795928
1769387317.1593869,1769387317159394634,Sr02_gA_IMG1_LID1_STA1_CFC64_OH0,0126_0127,A,0.4803291857242584,0.2461458295583725,0.5,0.5,-27.28818591182481,7.556952888412914,2.7485864235796984,5.704742311395567
1769387317.2823117,1769387317282319742,Sr02_gA_IMG1_LID1_STA1_CFC64_OH0,0126_0127,A,0.49344104528427124,0.4242723286151886,0.5,0.5,-27.357697126571985,7.584967339393694,2.7699164714882927,5.6362619213721885
1769387317.3994133,1769387317399420347,Sr02_gA_IMG1_LID1_STA1_CFC64_OH0,0126_0127,A,0.4765556752681732,0.39322128891944885,0.5,0.5,-27.404442926902977,7.6026154842204114,2.7916630315557813,5.5902531369199515
1769387317.5245261,1769387317524534283,Sr02_gA_IMG1_LID1_STA1_CFC64_OH0,0126_0127,A,0.5094789266586304,0.27616459131240845,0.5,0.5,-27.475310266820355,7.627024978328169,2.8297167638451,5.520525112688341
1769387317.6469476,1769387317646954113,Sr02_gA_IMG1_LID1_STA1_CFC64_OH0,0126_0127,A,0.5033674240112305,0.1105358824133873,0.5,0.0,-27.523081868911508,7.641453141738304,2.867379081797075,5.47349899969349
1769387317.77212,1769387317772127932,Sr02_gA_IMG1_LID1_STA1_CFC64_OH0,0126_0127,A,0.48386526107788086,0.174403116106987,0.5,0.0,-27.595606176002597,7.660222569147031,2.9070099368362077,5.402036441899174
1769387317.8982837,1769387317898291107,Sr02_gA_IMG1_LID1_STA1_CFC64_OH0,0126_0127,A,0.5224864482879639,0.25402817130088806,0.5,0.5,-27.644374859188094,7.671244773026709,2.931624479307743,5.353944892864269
1769387318.0230813,1769387318023092617,Sr02_gA_IMG1_LID1_STA1_CFC64_OH0,0126_0127,A,0.5061621069908142,0.24449141323566437,0.5,0.5,-27.717819707109346,7.685086613218048,2.9842613647973533,5.281421987302864
1769387318.146576,1769387318146583096,Sr02_gA_IMG1_LID1_STA1_CFC64_OH0,0126_0127,A,0.5000295042991638,0.22209849953651428,0.5,0.5,-27.767343433127877,7.691947959435918,3.0235834524022764,5.232402938158845
1769387318.2696555,1769387318269663776,Sr02_gA_IMG1_LID1_STA1_CFC64_OH0,0126_0127,A,0.5154268741607666,-0.0009682315867394209,0.5,0.0,-27.841831072374436,7.699113860281131,3.0632131837459875,5.158508192890687
1769387318.3954175,1769387318395426260,Sr02_gA_IMG1_LID1_STA1_CFC64_OH0,0126_0127,A,0.5143108367919922,0.06898980587720871,0.5,0.0,-27.891686341977287,7.702750285009487,3.074309699257924,5.108989568828282
1769387318.522211,1769387318522217935,Sr02_gA_IMG1_LID1_STA1_CFC64_OH0,0126_0127,A,0.47673138976097107,0.003699859604239464,0.5,0.0,-27.966511708744243,7.7068317071769465,3.1009948867492336,5.034594889753233
1769387318.6453118,1769387318645317610,Sr02_gA_IMG1_LID1_STA1_CFC64_OH0,0126_0127,A,0.4736931025981903,0.004273199941962957,0.5,0.0,-28.0164768924118,7.708228124774577,3.1263478219128387,4.984836284132739
1769387318.7656598,1769387318765669768,Sr02_gA_IMG1_LID1_STA1_CFC64_OH0,0126_0127,A,0.46805182099342346,0.005475556943565607,0.5,0.0,-28.091472460919015,7.707998279791563,-3.1209641565931174,4.909999267469752
1769387318.8906238,1769387318890635106,Sr02_gA_IMG1_LID1_STA1_CFC64_OH0,0126_0127,A,0.5081606507301331,-0.022796038538217545,0.5,0.0,-28.141434202762127,7.706413513105946,-3.0991955121785955,4.8600468865080835
1769387319.0146859,1769387319014693541,Sr02_gA_IMG1_LID1_STA1_CFC64_OH0,0126_0127,A,0.5200622081756592,-0.02583911269903183,0.5,0.0,-28.191139224733178,7.704124503520947,-3.094748194145788,4.810302516285727
1769387319.1354163,1769387319135425542,Sr02_gA_IMG1_LID1_STA1_CFC64_OH0,0126_0127,A,0.5294063091278076,0.052824825048446655,0.5,0.0,-28.26601679760226,7.700389668116045,-3.0868860865283474,4.73534625929546
1769387319.258798,1769387319258806184,Sr02_gA_IMG1_LID1_STA1_CFC64_OH0,0126_0127,A,0.5310835838317871,0.011038594879209995,0.5,0.0,-28.315924422607758,7.69760498960925,-3.085594773482672,4.685365856184432
1769387319.3766062,1769387319376614046,Sr02_gA_IMG1_LID1_STA1_CFC64_OH0,0126_0127,A,0.5288763642311096,0.008589598350226879,0.5,0.0,-28.390805528761142,7.693383729761625,-3.0849475054848963,4.610372735240491
1769387319.4999201,1769387319499928645,Sr02_gA_IMG1_LID1_STA1_CFC64_OH0,0126_0127,A,0.5182013511657715,0.012198609299957752,0.5,0.0,-28.440724552735773,7.690539320164118,-3.084399950942244,4.560377038059308
1769387319.6260736,1769387319626081221,Sr02_gA_IMG1_LID1_STA1_CFC64_OH0,0126_0127,A,0.5158641934394836,0.0047755311243236065,0.5,0.0,-28.51560593036307,7.686323373542585,-3.0870320422551636,4.485384397887851
1769387319.7489066,1769387319748913073,Sr02_gA_IMG1_LID1_STA1_CFC64_OH0,0126_0127,A,0.5191220641136169,-0.012811320833861828,0.5,0.0,-28.565534991329844,7.683661200978506,-3.0896159491183286,4.435391779121883
1769387319.8731406,1769387319873147298,Sr02_gA_IMG1_LID1_STA1_CFC64_OH0,0126_0127,A,0.5045018792152405,-0.030682627111673355,0.5,0.0,-28.640382292326965,7.67956364867165,-3.0834032936633786,4.360441962910768
1769387319.9995263,1769387319999533933,Sr02_gA_IMG1_LID1_STA1_CFC64_OH0,0126_0127,A,0.49372923374176025,-0.012473477981984615,0.5,0.0,-28.690296051299985,7.676628333997659,-3.082323913916232,4.3104456473260555
1769387320.1192355,1769387320119242743,Sr02_gA_IMG1_LID1_STA1_CFC64_OH0,0126_0127,A,0.4533020555973053,-0.0008303623180836439,0.5,0.0,-28.765161451207508,7.672137190229657,-3.0809632981959054,4.23545029430811
1769387320.2412024,1769387320241210383,Sr02_gA_IMG1_LID1_STA1_CFC64_OH0,0126_0127,A,0.47849544882774353,-0.03488178178668022,0.5,0.0,-28.815067717996147,7.669077139876494,-3.079743439475162,4.185452778224891
1769387320.3664062,1769387320366413476,Sr02_gA_IMG1_LID1_STA1_CFC64_OH0,0126_0127,A,0.4837862551212311,0.02431974932551384,0.5,0.0,-28.864971153385344,7.6659712153572706,-3.0791916508033585,4.135454875014353
1769387320.4873354,1769387320487342377,Sr02_gA_IMG1_LID1_STA1_CFC64_OH0,0126_0127,A,0.4940032958984375,0.022325925529003143,0.5,0.0,-28.93982683311965,7.661320909674132,-3.080588562302779,4.060458204870025
1769387320.6101787,1769387320610187183,Sr02_gA_IMG1_LID1_STA1_CFC64_OH0,0126_0127,A,0.49053484201431274,0.00027000647969543934,0.5,0.0,-28.989738419506565,7.658349165140161,-3.0836568161881903,4.010461912664106
1769387320.735398,1769387320735406246,Sr02_gA_IMG1_LID1_STA1_CFC64_OH0,0126_0127,A,0.49318087100982666,0.0024313069880008698,0.5,0.0,-29.064618685626506,7.654113271090647,-3.086074122339328,3.9354707353229195
1769387320.8619587,1769387320861966938,Sr02_gA_IMG1_LID1_STA1_CFC64_OH0,0126_0127,A,0.4922666847705841,0.007782480679452419,0.5,0.0,-29.114542066055787,7.651346365575465,-3.0862735983107625,3.8854777237300704
1769387320.9858549,1769387320985862056,Sr02_gA_IMG1_LID1_STA1_CFC64_OH0,0126_0127,A,0.4927704334259033,0.013768003322184086,0.5,0.0,-29.18942540804348,7.6473704254311,-3.0907792889743657,3.810502915899022
1769387321.113719,1769387321113725162,Sr02_gA_IMG1_LID1_STA1_CFC64_OH0,0126_0127,A,0.5035083889961243,0.003258989192545414,0.5,0.0,-29.23935773125635,7.644770133399062,-3.0883473420061285,3.7605136153918397
1769387321.239323,1769387321239331723,Sr02_gA_IMG1_LID1_STA1_CFC64_OH0,0126_0127,A,0.48437002301216125,-0.005070789717137814,0.5,0.0,-29.31424473831449,7.64065539172523,-3.085620240694088,3.68552597494096
1769387321.3690698,1769387321369077673,Sr02_gA_IMG1_LID1_STA1_CFC64_OH0,0126_0127,A,0.5038900375366211,0.008794237859547138,0.5,0.0,-29.364166395050372,7.637857558359764,-3.085593239726039,3.6355334916629607
1769387321.4911122,1769387321491121065,Sr02_gA_IMG1_LID1_STA1_CFC64_OH0,0126_0127,A,0.5151379108428955,0.0026557259261608124,0.5,0.0,-29.43904813683341,7.633647573842828,-3.085196650203187,3.5605449277722068
1769387321.6159768,1769387321615984440,Sr02_gA_IMG1_LID1_STA1_CFC64_OH0,0126_0127,A,0.5178008675575256,0.015461842529475689,0.5,0.0,-29.48896754030591,7.630809843448647,-3.0844184045481553,3.510552277081744
1769387321.7409766,1769387321740986857,Sr02_gA_IMG1_LID1_STA1_CFC64_OH0,0126_0127,A,0.522771418094635,0.020977217704057693,0.5,0.0,-29.563841133428944,7.626457521738845,-3.0827881843051057,3.435562082268161
1769387321.8694086,1769387321869417548,Sr02_gA_IMG1_LID1_STA1_CFC64_OH0,0126_0127,A,0.5008831024169922,0.019240684807300568,0.5,0.0,-29.61375422631786,7.623510859367717,-3.0824622857453146,3.3855681247138603
1769387321.995549,1769387321995557400,Sr02_gA_IMG1_LID1_STA1_CFC64_OH0,0126_0127,A,0.5001057386398315,0.02829670161008835,0.5,0.0,-29.688624448076506,7.619100764541783,-3.0830009565387173,3.310577691119945
1769387322.1250021,1769387322125011422,Sr02_gA_IMG1_LID1_STA1_CFC64_OH0,0126_0127,A,0.4760262668132782,0.01940762624144554,0.5,0.0,-29.738537350928873,7.61615090847471,-3.0821215371449955,3.2605841537244658
1769387322.2490115,1769387322249019191,Sr02_gA_IMG1_LID1_STA1_CFC64_OH0,0126_0127,A,0.48470062017440796,0.13911449909210205,0.5,0.0,-29.81340335175314,7.611669713028225,-3.0816004041725615,3.1855933110097405
1769387322.3714142,1769387322371421346,Sr02_gA_IMG1_LID1_STA1_CFC64_OH0,0126_0127,A,0.44204574823379517,0.204991415143013,0.5,0.5,-29.86331143063025,7.608639388000614,-3.0801822932042495,3.1355989926910732
1769387322.4939566,1769387322493964497,Sr02_gA_IMG1_LID1_STA1_CFC64_OH0,0126_0127,A,0.44703471660614014,0.19731956720352173,0.5,0.0,-29.938162686738327,7.603918782714929,-3.0770530842573143,3.06060536736418
1769387322.619921,1769387322619928448,Sr02_gA_IMG1_LID1_STA1_CFC64_OH0,0126_0127,A,0.4897976517677307,0.2839738130569458,0.5,0.5,-29.988055452724463,7.600646044741493,-3.075129018553616,3.0106082562605727
1769387322.7421029,1769387322742112283,Sr02_gA_IMG1_LID1_STA1_CFC64_OH0,0126_0127,A,0.4829673767089844,0.0004632510244846344,0.5,0.0,-30.062879929603533,7.5955187884947355,-3.071065647223852,2.9356107175736326
1769387322.8698533,1769387322869861435,Sr02_gA_IMG1_LID1_STA1_CFC64_OH0,0126_0127,A,0.4488527476787567,0.09607075154781342,0.5,0.0,-30.112752176114533,7.591946964604802,-3.06912488097208,2.8856113706221813
1769387322.9964976,1769387322996505563,Sr02_gA_IMG1_LID1_STA1_CFC64_OH0,0126_0127,A,0.4380140006542206,0.10287105292081833,0.5,0.0,-30.187427504831707,7.586140193347955,-3.054507010929246,2.8107106522959486
1769387323.1202126,1769387323120220332,Sr02_gA_IMG1_LID1_STA1_CFC64_OH0,0126_0127,A,0.5094237923622131,0.010188674554228783,0.5,0.0,-30.23716925298356,7.581287202564582,-3.034095441662663,2.7607436001359504
1769387323.248413,1769387323248420821,Sr02_gA_IMG1_LID1_STA1_CFC64_OH0,0126_0127,A,0.48383936285972595,-0.0567629300057888,0.5,0.0,-30.311605045157084,7.572127513205056,-3.0043441124138717,2.6858287224248723
1769387323.3772593,1769387323377267243,Sr02_gA_IMG1_LID1_STA1_CFC64_OH0,0126_0127,A,0.5011119842529297,-0.014494665898382664,0.5,0.0,-30.36097815432789,7.564635413365402,-2.9769080231650857,2.6360360443056488
1769387323.5088775,1769387323508887761,Sr02_gA_IMG1_LID1_STA1_CFC64_OH0,0126_0127,A,0.48693060874938965,-0.015437895432114601,0.5,0.0,-30.43441117714577,7.551780791556267,-2.9652950737385715,2.5618681996094756
1769387323.6318715,1769387323631879112,Sr02_gA_IMG1_LID1_STA1_CFC64_OH0,0126_0127,A,0.5293886065483093,-0.004845883697271347,0.5,0.0,-30.508131511063027,7.5381027665331,-2.9507548541043707,2.4873811040349665
1769387323.7526164,1769387323752622704,Sr02_gA_IMG1_LID1_STA1_CFC64_OH0,0126_0127,A,0.530763566493988,0.021335717290639877,0.5,0.0,-30.557174143949066,7.528366350770973,-2.9404677657499945,2.4378038878842494
1769387323.8784072,1769387323878414272,Sr02_gA_IMG1_LID1_STA1_CFC64_OH0,0126_0127,A,0.520524799823761,-0.011527683585882187,0.5,0.0,-30.606119235513773,7.518325541951674,-2.938682722148815,2.388322862038861
1769387324.0058818,1769387324005891593,Sr02_gA_IMG1_LID1_STA1_CFC64_OH0,0126_0127,A,0.5175789594650269,3.980239853262901e-06,0.5,0.0,-30.67958081886377,7.5033756075049345,-2.944044193080158,2.314102753783154
1769387324.1269765,1769387324126984471,Sr02_gA_IMG1_LID1_STA1_CFC64_OH0,0126_0127,A,0.5035561323165894,-0.029035545885562897,0.5,0.0,-30.753138100367508,7.488735820183219,-2.9462466885643837,2.2398531161301016
1769387324.2461948,1769387324246202449,Sr02_gA_IMG1_LID1_STA1_CFC64_OH0,0126_0127,A,0.5016751885414124,0.013482430018484592,0.5,0.0,-30.80219459794707,7.47906838869299,-2.947790475567065,2.190368028238296
1769387324.3662777,1769387324366285731,Sr02_gA_IMG1_LID1_STA1_CFC64_OH0,0126_0127,A,0.5145990252494812,-0.013064580038189888,0.5,0.0,-30.851260879348203,7.469450714143668,-2.9482750712492054,2.1408993790822715
1769387324.4905944,1769387324490602811,Sr02_gA_IMG1_LID1_STA1_CFC64_OH0,0126_0127,A,0.5021253824234009,-0.0158718042075634,0.5,0.0,-30.92485150869519,7.454979523132554,-2.946517429413912,2.0667513265608917
1769387324.6164305,1769387324616440484,Sr02_gA_IMG1_LID1_STA1_CFC64_OH0,0126_0127,A,0.4413500726222992,0.02089453861117363,0.5,0.0,-30.9739087355603,7.445315781707338,-2.947670193937801,2.0173568748616604
1769387324.7392113,1769387324739219006,Sr02_gA_IMG1_LID1_STA1_CFC64_OH0,0126_0127,A,0.5109919309616089,-0.021611187607049942,0.5,0.0,-31.04750602790562,7.4308784054018755,-2.947900238626118,1.9433136135428504
1769387324.8612177,1769387324861223665,Sr02_gA_IMG1_LID1_STA1_CFC64_OH0,0126_0127,A,0.47490599751472473,-0.12679138779640198,0.5,0.0,-31.096584937632837,7.421325471517413,-2.9508037662446425,1.8939811306809566
1769387324.9850464,1769387324985053310,Sr02_gA_IMG1_LID1_STA1_CFC64_OH0,0126_0127,A,0.44992366433143616,-0.1353681981563568,0.5,0.0,-31.170199799061873,7.407036125080504,-2.9493532069760064,1.8200550064160306
1769387325.1036658,1769387325103674487,Sr02_gA_IMG1_LID1_STA1_CFC64_OH0,0126_0127,A,0.4083218276500702,-0.02042471244931221,0.5,0.0,-31.21928496386072,7.397515309781401,-2.9506596612683884,1.770812066480616
1769387325.2270906,1769387325227097759,Sr02_gA_IMG1_LID1_STA1_CFC64_OH0,0126_0127,A,0.4209442436695099,0.10080303251743317,0.5,0.0,-31.268383598496996,7.388064212488897,-2.952218764749336,1.7215999840698233
1769387325.3495016,1769387325349509882,Sr02_gA_IMG1_LID1_STA1_CFC64_OH0,0126_0127,A,0.5002822279930115,-0.031512632966041565,0.5,0.0,-31.324467724514275,7.377371591328138,-2.954353336491457,1.665444084047058
1769387325.4802845,1769387325480292318,Sr02_gA_IMG1_LID1_STA1_CFC64_OH0,0126_0127,A,0.5041314959526062,-0.035798653960227966,0.5,0.0,-31.342650426578555,7.37393567799126,-2.955246547708807,1.6472520141759728
1769387325.6020074,1769387325602014917,Sr02_gA_IMG1_LID1_STA1_CFC64_OH0,0126_0127,A,0.4932471215724945,0.014617049135267735,0.5,0.0,-31.368454514260215,7.369132899588189,-2.960788980753841,1.6214466789598585
1769387325.7268574,1769387325726864145,Sr02_gA_IMG1_LID1_STA1_CFC64_OH0,0126_0127,A,0.49020934104919434,0.027732636779546738,0.5,0.0,-31.38567655405891,7.366026347770459,-2.9654968381289657,1.6042314691010287
1769387325.84775,1769387325847757568,Sr02_gA_IMG1_LID1_STA1_CFC64_OH0,0126_0127,A,0.5076518058776855,-0.013601798564195633,0.5,0.0,-31.411519230661607,7.361453086523584,-2.9669920972873967,1.5784102495729282
1769387325.968007,1769387325968014556,Sr02_gA_IMG1_LID1_STA1_CFC64_OH0,0126_0127,A,0.513373613357544,-0.019686337560415268,0.5,0.0,-31.42873708751825,7.358385345950366,-2.9635101176455563,1.5612146879068545
1769387326.0964563,1769387326096462620,Sr02_gA_IMG1_LID1_STA1_CFC64_OH0,0126_0127,A,0.5605542659759521,-0.022571880370378494,0.5,0.0,-31.45455857492609,7.35372497989812,-2.963729214997824,1.535439735994716
1769387326.2195094,1769387326219516478,Sr02_gA_IMG1_LID1_STA1_CFC64_OH0,0126_0127,A,0.5104312300682068,-0.04436718299984932,0.5,0.0,-31.471784426243946,7.350639546950204,-2.9649821655531308,1.51825344571309
1769387326.3433068,1769387326343314803,Sr02_gA_IMG1_LID1_STA1_CFC64_OH0,0126_0127,A,0.3450267016887665,-0.025712285190820694,0.5,0.0,-31.49762511522664,7.34602207852114,-2.964391239946751,1.4924855891669577
1769387326.4649649,1769387326464973021,Sr02_gA_IMG1_LID1_STA1_CFC64_OH0,0126_0127,A,0.34399065375328064,-0.027022629976272583,0.5,0.0,-31.51484957752685,7.342928898178498,-2.9634206028985557,1.4753194094215847
1769387326.587092,1769387326587099238,Sr02_gA_IMG1_LID1_STA1_CFC64_OH0,0126_0127,A,0.32679736614227295,-0.0014123395085334778,0.5,0.0,-31.540685689176772,7.338285886552747,-2.9641772752118394,1.4495857631531044
1769387326.71125,1769387326711257890,Sr02_gA_IMG1_LID1_STA1_CFC64_OH0,0126_0127,A,0.3127448260784149,0.08032791316509247,0.5,0.0,-31.55791205351892,7.335203314636979,-2.9648662956665746,1.4324378000063915
1769387326.834556,1769387326834563200,Sr02_gA_IMG1_LID1_STA1_CFC64_OH0,0126_0127,A,0.5374153852462769,-0.027094513177871704,0.5,0.0,-31.58375588709055,7.330603484561291,-2.9661174963333865,1.4067271355997142
1769387326.960757,1769387326960764115,Sr02_gA_IMG1_LID1_STA1_CFC64_OH0,0126_0127,A,0.5351096987724304,-0.02697652578353882,0.5,0.0,-31.600989513840503,7.327561784766525,-2.9676703433400395,1.3895927154204297
1769387327.0858824,1769387327085889381,Sr02_gA_IMG1_LID1_STA1_CFC64_OH0,0126_0127,A,0.5204150676727295,-0.03499029204249382,0.5,0.0,-31.618226859100957,7.324541222249251,-2.9685702766873296,1.3724630870261993
1769387327.2095268,1769387327209534328,Sr02_gA_IMG1_LID1_STA1_CFC64_OH0,0126_0127,A,0.4835875332355499,0.0063706813380122185,0.5,0.0,-31.63992547565644,7.32076233051338,-2.969938768571658,1.3509126904970434
1769387327.3298466,1769387327329853563,Sr02_gA_IMG1_LID1_STA1_CFC64_OH0,0126_0127,A,0.48244598507881165,0.006220182403922081,0.5,0.0,-31.64048315794449,7.320665691650906,-2.97014543414353,1.350359001555405
1769387327.4552057,1769387327455212438,Sr02_gA_IMG1_LID1_STA1_CFC64_OH0,0126_0127,A,0.48621031641960144,0.0066568804904818535,0.5,0.0,-31.640483157944487,7.320665691650907,-2.9701454341437965,1.3503590015554086
1769387327.5788605,1769387327578867995,Sr02_gA_IMG1_LID1_STA1_CFC64_OH0,0126_0127,A,0.48379918932914734,0.0020348052494227886,0.5,0.0,-31.640483157944487,7.320665691650907,-2.9701454341437965,1.3503590015554086
1769387327.7123713,1769387327712379763,Sr02_gA_IMG1_LID1_STA1_CFC64_OH0,0126_0127,A,0.47204315662384033,0.0005160977598279715,0.5,0.0,-31.640483157944487,7.320665691650907,-2.9701454341437965,1.3503590015554086
1769387327.8378205,1769387327837827745,Sr02_gA_IMG1_LID1_STA1_CFC64_OH0,0126_0127,A,0.46848949790000916,-0.00995439849793911,0.5,0.0,-31.640483157944487,7.320665691650907,-2.9701454341437965,1.3503590015554086
1769387327.961732,1769387327961739342,Sr02_gA_IMG1_LID1_STA1_CFC64_OH0,0126_0127,A,0.46721941232681274,-0.008496461436152458,0.5,0.0,-31.640483157944487,7.320665691650907,-2.9701454341437965,1.3503590015554086
1769387328.091607,1769387328091617740,Sr02_gA_IMG1_LID1_STA1_CFC64_OH0,0126_0127,A,0.4901717007160187,0.008709755726158619,0.5,0.0,-31.640483157944487,7.320665691650907,-2.9701454341437965,1.3503590015554086
1769387328.2144954,1769387328214504093,Sr02_gA_IMG1_LID1_STA1_CFC64_OH0,0126_0127,A,0.4850403070449829,-0.00040697853546589613,0.5,0.0,-31.640483157944487,7.320665691650907,-2.9701454341437965,1.3503590015554086
1769387328.3383012,1769387328338308830,Sr02_gA_IMG1_LID1_STA1_CFC64_OH0,0126_0127,A,0.471490740776062,-0.00016069994308054447,0.5,0.0,-31.640483157944487,7.320665691650907,-2.9701454341437965,1.3503590015554086
1769387328.4630473,1769387328463055626,Sr02_gA_IMG1_LID1_STA1_CFC64_OH0,0126_0127,A,0.4733402729034424,-0.00029547372832894325,0.5,0.0,-31.640483157944487,7.320665691650907,-2.9701454341437965,1.3503590015554086
1769387328.5887938,1769387328588800044,Sr02_gA_IMG1_LID1_STA1_CFC64_OH0,0126_0127,A,0.48314788937568665,-0.017464227974414825,0.5,0.0,-31.640483157944487,7.320665691650907,-2.9701454341437965,1.3503590015554086
1769387328.714293,1769387328714300274,Sr02_gA_IMG1_LID1_STA1_CFC64_OH0,0126_0127,A,0.4808827042579651,0.0025521423667669296,0.5,0.0,-31.640483157944487,7.320665691650907,-2.9701454341437965,1.3503590015554086
1769387328.8368526,1769387328836859192,Sr02_gA_IMG1_LID1_STA1_CFC64_OH0,0126_0127,A,0.4811019003391266,-0.0041345516219735146,0.5,0.0,-31.640483157944487,7.320665691650907,-2.9701454341437965,1.3503590015554086
1769387328.9567156,1769387328956723773,Sr02_gA_IMG1_LID1_STA1_CFC64_OH0,0126_0127,A,0.48110082745552063,-0.004133237525820732,0.5,0.0,-31.640483157944487,7.320665691650907,-2.9701454341437965,1.3503590015554086
1769387329.0746028,1769387329074613117,Sr02_gA_IMG1_LID1_STA1_CFC64_OH0,0126_0127,A,0.47890985012054443,-0.004237771034240723,0.5,0.0,-31.640483157944487,7.320665691650907,-2.9701454341437965,1.3503590015554086
