t_unix,t_ros_ns,run_folder,run_id,goal_id,v_pred_lin,w_pred_ang,v_cmd_lin,w_cmd_ang,x,y,yaw,dist_to_goal
1769385938.2479575,1769385938247965850,Sr02_gA_IMG1_LID1_STA1_CFC64_OH0,0126_0105,A,-0.05311128869652748,0.0008413821924477816,0.0,0.0,1.4006021637112351e-15,-2.5467519425938657e-24,-7.060442446451728e-12,33.80335215951223
1769385938.3671744,1769385938367186010,Sr02_gA_IMG1_LID1_STA1_CFC64_OH0,0126_0105,A,-0.05311128869652748,0.0008413821924477816,0.0,0.0,1.4006021637112351e-15,-2.5467519425938657e-24,-7.060442446451728e-12,33.80335215951223
1769385938.4945083,1769385938494515883,Sr02_gA_IMG1_LID1_STA1_CFC64_OH0,0126_0105,A,0.004743792116641998,0.013537495397031307,0.0,0.0,1.28414277379868e-15,-2.545929687770032e-24,-7.060442485965097e-12,33.80335215951223
1769385938.6163902,1769385938616398337,Sr02_gA_IMG1_LID1_STA1_CFC64_OH0,0126_0105,A,-0.06675146520137787,0.0032692118547856808,0.0,0.0,1.2070997789846448e-15,-2.545385730134839e-24,-7.060442523356007e-12,33.80335215951223
1769385938.737387,1769385938737399368,Sr02_gA_IMG1_LID1_STA1_CFC64_OH0,0126_0105,A,-0.1120537668466568,0.01607237011194229,0.0,0.0,1.0913216964040157e-15,-2.544568285638078e-24,-7.0604425060469435e-12,33.80335215951223
1769385938.8605127,1769385938860521097,Sr02_gA_IMG1_LID1_STA1_CFC64_OH0,0126_0105,A,-0.06260499358177185,0.003446370828896761,0.0,0.0,1.0142594157191044e-15,-2.544024191824966e-24,-7.060442729796567e-12,33.80335215951223
1769385938.981263,1769385938981270606,Sr02_gA_IMG1_LID1_STA1_CFC64_OH0,0126_0105,A,-0.035866331309080124,0.007492865435779095,0.0,0.0,1.0837130614678735e-13,7.592777546416527e-19,0.00011777705264818103,33.80335215951233
1769385939.104458,1769385939104465612,Sr02_gA_IMG1_LID1_STA1_CFC64_OH0,0126_0105,A,-0.06389889121055603,0.00468270992860198,0.0,0.0,1.058321013037943e-13,3.5408123500237047e-19,0.00020190398112934646,33.80335215951233
1769385939.2248526,1769385939224860566,Sr02_gA_IMG1_LID1_STA1_CFC64_OH0,0126_0105,A,-0.23346512019634247,0.011258460581302643,-0.5,0.0,-1.923387179274503e-13,-2.215687643381769e-15,0.0016705360515793717,33.80335215951204
1769385939.3466125,1769385939346619088,Sr02_gA_IMG1_LID1_STA1_CFC64_OH0,0126_0105,A,-0.3428163528442383,0.004642798099666834,-0.5,0.0,-2.8156294285471703e-13,-2.3727574328856492e-15,0.001997445657938864,33.80335215951195
1769385939.4715893,1769385939471598792,Sr02_gA_IMG1_LID1_STA1_CFC64_OH0,0126_0105,A,-0.34851089119911194,0.020076006650924683,-0.5,0.0,6.841237394761063e-13,-7.32832477671927e-16,0.0034766274365262873,33.80335215951289
1769385939.5935576,1769385939593566075,Sr02_gA_IMG1_LID1_STA1_CFC64_OH0,0126_0105,A,-0.3485899865627289,0.020123030990362167,-0.5,0.0,-1.2094852843863733e-12,-8.355390433699294e-15,0.00453907666899682,33.80335215951105
1769385939.7109902,1769385939710997459,Sr02_gA_IMG1_LID1_STA1_CFC64_OH0,0126_0105,A,-0.415091335773468,0.0070734405890107155,-0.5,0.0,-1.2084624730995807e-12,-8.415048634494089e-15,0.005288349819570169,33.80335215951105
1769385939.833782,1769385939833790752,Sr02_gA_IMG1_LID1_STA1_CFC64_OH0,0126_0105,A,-0.4508684575557709,0.006806316785514355,-0.5,0.0,-1.7466936174942465e-12,-1.1390635123589226e-14,0.006046943435014328,33.803352159510524
1769385939.952099,1769385939952108429,Sr02_gA_IMG1_LID1_STA1_CFC64_OH0,0126_0105,A,-0.4507598280906677,0.006796056404709816,-0.5,0.0,-0.008044608429629842,-5.093027392435452e-05,0.006448481076092375,33.795512292423346
1769385940.072889,1769385940072899005,Sr02_gA_IMG1_LID1_STA1_CFC64_OH0,0126_0105,A,-0.40752047300338745,0.20015989243984222,-0.5,0.5,-0.03342326357924388,-0.0002187550766486438,0.006727685150311593,33.77078173609825
1769385940.191322,1769385940191328802,Sr02_gA_IMG1_LID1_STA1_CFC64_OH0,0126_0105,A,-0.47990113496780396,0.1615421324968338,-0.5,0.0,-0.10103561953669861,-0.0006983820039801127,0.00803025815198307,33.70490782692373
1769385940.3114495,1769385940311456985,Sr02_gA_IMG1_LID1_STA1_CFC64_OH0,0126_0105,A,-0.2733069658279419,0.045703206211328506,-0.5,0.0,-0.151033566916351,-0.0011501538068949986,0.010041616461412226,33.65622113280416
1769385940.4352968,1769385940435304716,Sr02_gA_IMG1_LID1_STA1_CFC64_OH0,0126_0105,A,-0.3018466830253601,0.06702601909637451,-0.5,0.0,-0.22602917121110194,-0.0019613171344421234,0.011363631436127026,33.58322892266002
1769385940.5554678,1769385940555475358,Sr02_gA_IMG1_LID1_STA1_CFC64_OH0,0126_0105,A,-0.47262826561927795,-0.05988648533821106,-0.5,0.0,-0.2760257410690938,-0.002546627936641129,0.012046933109423128,33.534582651686954
1769385940.6819508,1769385940681960116,Sr02_gA_IMG1_LID1_STA1_CFC64_OH0,0126_0105,A,-0.4631406366825104,-0.03767438605427742,-0.5,0.0,-0.3510084526931718,-0.0034891609247353506,0.013440206301679873,33.46164680241075
1769385940.806944,1769385940806952765,Sr02_gA_IMG1_LID1_STA1_CFC64_OH0,0126_0105,A,-0.16616535186767578,-0.05388671159744263,0.0,0.0,-0.40075163972584765,-0.004490251317703986,0.02926323101913409,33.41334946399855
1769385940.931793,1769385940931801603,Sr02_gA_IMG1_LID1_STA1_CFC64_OH0,0126_0105,A,-0.18128354847431183,-0.05454787239432335,0.0,0.0,-0.47562360605061454,-0.0076300495862413244,0.05205477764449262,33.341023178162985
1769385941.0506792,1769385941050688848,Sr02_gA_IMG1_LID1_STA1_CFC64_OH0,0126_0105,A,-0.3927076756954193,-0.05172211676836014,-0.5,0.0,-0.525549755939059,-0.010345707536817584,0.056625106559784734,33.29293885349224
1769385941.170595,1769385941170607078,Sr02_gA_IMG1_LID1_STA1_CFC64_OH0,0126_0105,A,-0.28929832577705383,-0.11220210790634155,-0.5,0.0,-0.5754597571456879,-0.013342723471046038,0.06332767815580036,33.244938420664845
1769385941.2941604,1769385941294167159,Sr02_gA_IMG1_LID1_STA1_CFC64_OH0,0126_0105,A,-0.3870413899421692,-0.2020600140094757,-0.5,-0.5,-0.6502192388717934,-0.01816715029444988,0.06150039389080599,33.173124977157435
1769385941.4158297,1769385941415837545,Sr02_gA_IMG1_LID1_STA1_CFC64_OH0,0126_0105,A,-0.37082305550575256,-0.2054888755083084,-0.5,-0.5,-0.7001303788115916,-0.02114621665388007,0.057732958606235285,33.12513435923023
1769385941.5333474,1769385941533355341,Sr02_gA_IMG1_LID1_STA1_CFC64_OH0,0126_0105,A,-0.5279712677001953,-0.3377842307090759,-0.5,-0.5,-0.7571377697387075,-0.024312452449622168,0.05297618164933539,33.0702749661143
1769385941.6577764,1769385941657814769,Sr02_gA_IMG1_LID1_STA1_CFC64_OH0,0126_0105,A,-0.5657183527946472,-0.20261162519454956,-0.5,-0.5,-0.7712420414830945,-0.025047342074288444,0.050734746494897315,33.05669245634804
1769385941.776844,1769385941776852236,Sr02_gA_IMG1_LID1_STA1_CFC64_OH0,0126_0105,A,-0.5676145553588867,-0.17979559302330017,-0.5,-0.5,-0.7866572085798857,-0.025791698869355763,0.047197474152768204,33.04183489287412
1769385941.899171,1769385941899178973,Sr02_gA_IMG1_LID1_STA1_CFC64_OH0,0126_0105,A,-0.40766775608062744,-0.41114136576652527,-0.5,-0.5,-0.8180329385026999,-0.027241182516109675,0.04537027597666483,33.011581035684564
1769385942.0171988,1769385942017206836,Sr02_gA_IMG1_LID1_STA1_CFC64_OH0,0126_0105,A,-0.5230101943016052,-0.4617796242237091,-0.5,-0.5,-0.8634506651206472,-0.02921090439832535,0.03909336452230867,32.9677622587328
1769385942.1403675,1769385942140376044,Sr02_gA_IMG1_LID1_STA1_CFC64_OH0,0126_0105,A,-0.5461370348930359,-0.49115562438964844,-0.5,-0.5,-0.9380672890199333,-0.03106488414702835,0.009614436153656699,32.89547119444789
1769385942.2589707,1769385942258977012,Sr02_gA_IMG1_LID1_STA1_CFC64_OH0,0126_0105,A,-0.5410520434379578,-0.49365636706352234,-0.5,-0.5,-0.9879220283324497,-0.030821204401221616,-0.021249393127628555,32.84684203413259
1769385942.3864424,1769385942386453460,Sr02_gA_IMG1_LID1_STA1_CFC64_OH0,0126_0105,A,-0.5499117970466614,-0.4691617786884308,-0.5,-0.5,-1.0627933597576538,-0.027743747855400534,-0.05662741129272942,32.77320593446094
1769385942.5072033,1769385942507211625,Sr02_gA_IMG1_LID1_STA1_CFC64_OH0,0126_0105,A,-0.48463645577430725,-0.3743150234222412,-0.5,-0.5,-1.112685082980593,-0.02446528740255208,-0.07460693388370103,32.723863109145256
1769385942.6303668,1769385942630375272,Sr02_gA_IMG1_LID1_STA1_CFC64_OH0,0126_0105,A,-0.5466734170913696,-0.5136998891830444,-0.5,-0.5,-1.162157130469074,-0.020195874339521015,-0.10126789815727093,32.67470689801219
1769385942.748603,1769385942748611776,Sr02_gA_IMG1_LID1_STA1_CFC64_OH0,0126_0105,A,-0.5187466144561768,-0.5226368308067322,-0.5,-0.5,-1.2363678382587746,-0.010236929930003812,-0.1674985482764,32.600167785149246
1769385942.8660297,1769385942866037229,Sr02_gA_IMG1_LID1_STA1_CFC64_OH0,0126_0105,A,-0.4758203327655792,-0.46704456210136414,-0.5,-0.5,-1.2854435934674555,-0.0006940012758487157,-0.216614020861219,32.550205880008946
1769385942.985783,1769385942985790949,Sr02_gA_IMG1_LID1_STA1_CFC64_OH0,0126_0105,A,-0.48480328917503357,-0.470443457365036,-0.5,-0.5,-1.3580287353877518,0.01811635739522525,-0.29058734537579173,32.47524669882302
1769385943.1106503,1769385943110657111,Sr02_gA_IMG1_LID1_STA1_CFC64_OH0,0126_0105,A,-0.4988005459308624,-0.4447617530822754,-0.5,-0.5,-1.405572094871763,0.0335813237913032,-0.33799335981696993,32.42543676717977
1769385943.2268836,1769385943226891589,Sr02_gA_IMG1_LID1_STA1_CFC64_OH0,0126_0105,A,-0.557522177696228,-0.42024317383766174,-0.5,-0.5,-1.475533189983684,0.06055120430604422,-0.39616069786210706,32.351189145539614
1769385943.3449543,1769385943344963114,Sr02_gA_IMG1_LID1_STA1_CFC64_OH0,0126_0105,A,-0.49042412638664246,-0.5020596385002136,-0.5,-0.5,-1.5210747920750949,0.08086043678037419,-0.44463559485945364,32.302237582806285
1769385943.4704943,1769385943470506014,Sr02_gA_IMG1_LID1_STA1_CFC64_OH0,0126_0105,A,-0.49668464064598083,-0.49548646807670593,-0.5,-0.5,-1.5656307428254073,0.10353637163472328,-0.49689920034674256,32.253715746247686
1769385943.5918417,1769385943591850830,Sr02_gA_IMG1_LID1_STA1_CFC64_OH0,0126_0105,A,-0.4768058657646179,-0.4949125051498413,-0.5,-0.5,-1.63019735900789,0.14166501586972968,-0.5686235832449573,32.18222614924601
1769385943.7133386,1769385943713378117,Sr02_gA_IMG1_LID1_STA1_CFC64_OH0,0126_0105,A,-0.4632725119590759,-0.49108970165252686,-0.5,-0.5,-1.6716816825569383,0.1695682379803995,-0.6156338672762866,32.13553886740353
1769385943.8358147,1769385943835823787,Sr02_gA_IMG1_LID1_STA1_CFC64_OH0,0126_0105,A,-0.4595257043838501,-0.5466874837875366,-0.5,-0.5,-1.7314113837521805,0.21490335871364524,-0.6826048583836902,32.06718355173794
1769385943.9589179,1769385943958926420,Sr02_gA_IMG1_LID1_STA1_CFC64_OH0,0126_0105,A,-0.4236887991428375,-0.5088081955909729,-0.5,-0.5,-1.7695339293271102,0.24724997156773051,-0.724629121737947,32.02281213157922
1769385944.0814342,1769385944081442743,Sr02_gA_IMG1_LID1_STA1_CFC64_OH0,0126_0105,A,-0.41778403520584106,-0.505615770816803,-0.5,-0.5,-1.8061172176494784,0.28126917153730346,-0.7741205419791458,31.979587392476482
1769385944.2015367,1769385944201543444,Sr02_gA_IMG1_LID1_STA1_CFC64_OH0,0126_0105,A,-0.30327796936035156,-0.3695574402809143,-0.5,-0.5,-1.8577383466839208,0.33565356742582264,-0.8486406047155698,31.91722098983282
1769385944.328695,1769385944328702447,Sr02_gA_IMG1_LID1_STA1_CFC64_OH0,0126_0105,A,-0.5285331010818481,-0.3612222373485565,-0.5,-0.5,-1.8898465933203479,0.3739752321519294,-0.8981375240803335,31.87746973828317
1769385944.4498947,1769385944449902630,Sr02_gA_IMG1_LID1_STA1_CFC64_OH0,0126_0105,A,-0.45443522930145264,-0.39785581827163696,-0.5,-0.5,-1.9343725311099926,0.4343067887507958,-0.9718391031987575,31.820824728888073
1769385944.5761945,1769385944576201379,Sr02_gA_IMG1_LID1_STA1_CFC64_OH0,0126_0105,A,-0.568639874458313,-0.3988972008228302,-0.5,-0.5,-1.961420905712096,0.47633893356206186,-1.0263115025352567,31.78528346684877
1769385944.6985111,1769385944698519029,Sr02_gA_IMG1_LID1_STA1_CFC64_OH0,0126_0105,A,-0.34164491295814514,-0.3710539937019348,-0.5,-0.5,-1.9977175845332933,0.5419497535728003,-1.1037051803819369,31.735668638959545
1769385944.8231497,1769385944823157783,Sr02_gA_IMG1_LID1_STA1_CFC64_OH0,0126_0105,A,-0.422853946685791,-0.2071741670370102,-0.5,-0.5,-2.0190941424906166,0.5871438902444662,-1.1542666864289166,31.705092271788565
1769385944.9453104,1769385944945319571,Sr02_gA_IMG1_LID1_STA1_CFC64_OH0,0126_0105,A,-0.3922739326953888,-0.17514224350452423,-0.5,-0.5,-2.0473815862775226,0.6565648282812905,-1.211609138954595,31.66266615993988
1769385945.0649996,1769385945065006486,Sr02_gA_IMG1_LID1_STA1_CFC64_OH0,0126_0105,A,-0.16531285643577576,-0.3288668692111969,0.0,-0.5,-2.0641061798363785,0.7036782551525136,-1.24808550532873,31.636359400710685
1769385945.1882398,1769385945188247338,Sr02_gA_IMG1_LID1_STA1_CFC64_OH0,0126_0105,A,-0.41862717270851135,-0.42178311944007874,-0.5,-0.5,-2.0857555772139413,0.7754740302056807,-1.307784591784772,31.600133297786005
1769385945.3071263,1769385945307133981,Sr02_gA_IMG1_LID1_STA1_CFC64_OH0,0126_0105,A,-0.45430850982666016,-0.23214703798294067,-0.5,-0.5,-2.097788804237769,0.8240010299864341,-1.3476742425787298,31.57826846194216
1769385945.4299326,1769385945429939797,Sr02_gA_IMG1_LID1_STA1_CFC64_OH0,0126_0105,A,-0.437896192073822,-0.1802051067352295,-0.5,-0.5,-2.107932547273525,0.8729583193218684,-1.385058023962708,31.558228072143464
1769385945.552989,1769385945552996413,Sr02_gA_IMG1_LID1_STA1_CFC64_OH0,0126_0105,A,-0.2687830924987793,-0.00890105776488781,-0.5,0.0,-2.120097850165096,0.94687048208363,-1.4245362835353135,31.531181545714706
1769385945.6747022,1769385945674710030,Sr02_gA_IMG1_LID1_STA1_CFC64_OH0,0126_0105,A,0.22754691541194916,-0.5021219849586487,0.5,-0.5,-2.126951264994538,0.9963979138215745,-1.442050477545463,31.51441624569782
1769385945.7977366,1769385945797744475,Sr02_gA_IMG1_LID1_STA1_CFC64_OH0,0126_0105,A,0.28874337673187256,-0.4435540735721588,0.5,-0.5,-2.13396839256808,1.05562920263175,-1.4648151039452182,31.495613770093883
1769385945.9170995,1769385945917109656,Sr02_gA_IMG1_LID1_STA1_CFC64_OH0,0126_0105,A,0.35094550251960754,-0.43857958912849426,0.5,-0.5,-2.1372620022955218,1.0885190295528788,-1.475737260233367,31.4858078357158
1769385946.038347,1769385946038358441,Sr02_gA_IMG1_LID1_STA1_CFC64_OH0,0126_0105,A,0.015151278115808964,-0.07628124952316284,0.0,0.0,-2.1432558233499353,1.1596841472690427,-1.5008606153885193,31.46580912445152
1769385946.1563582,1769385946156366687,Sr02_gA_IMG1_LID1_STA1_CFC64_OH0,0126_0105,A,0.33631232380867004,-0.18922394514083862,0.5,-0.5,-2.146300170854374,1.2095906995394357,-1.5188811015266934,31.45301014656839
1769385946.275987,1769385946275994221,Sr02_gA_IMG1_LID1_STA1_CFC64_OH0,0126_0105,A,0.4350597858428955,-0.1853625327348709,0.5,-0.5,-2.1485582091088857,1.259405647155799,-1.5282852284006547,31.441074589224115
1769385946.3952522,1769385946395259374,Sr02_gA_IMG1_LID1_STA1_CFC64_OH0,0126_0105,A,0.458597332239151,-0.12874288856983185,0.5,0.0,-2.150954365811574,1.3164495775758875,-1.5293967940946434,31.427684603963264
1769385946.5106926,1769385946510700735,Sr02_gA_IMG1_LID1_STA1_CFC64_OH0,0126_0105,A,0.40885546803474426,-0.15291623771190643,0.5,-0.5,-2.151535962689555,1.3305595035460847,-1.5298873206442258,31.424398577967754
1769385946.6328323,1769385946632840110,Sr02_gA_IMG1_LID1_STA1_CFC64_OH0,0126_0105,A,0.49322232604026794,-0.28072407841682434,0.5,-0.5,-2.1513572069798292,1.3261624477571057,-1.5302109473700058,31.425419513627062
1769385946.752922,1769385946752930362,Sr02_gA_IMG1_LID1_STA1_CFC64_OH0,0126_0105,A,0.48450252413749695,-0.25861430168151855,0.5,-0.5,-2.1507549840896174,1.3112862871259126,-1.531459851464841,31.428875378337786
1769385946.8761857,1769385946876194637,Sr02_gA_IMG1_LID1_STA1_CFC64_OH0,0126_0105,A,0.5035122036933899,-0.3500947654247284,0.5,-0.5,-2.1505301412836197,1.304777981801877,-1.5380468898468507,31.43035151109799
1769385946.9959168,1769385946995925655,Sr02_gA_IMG1_LID1_STA1_CFC64_OH0,0126_0105,A,0.41219404339790344,-0.44369086623191833,0.5,-0.5,-2.149341675511721,1.2627793502633282,-1.5454112481977875,31.43965042627164
1769385947.1187203,1769385947118728615,Sr02_gA_IMG1_LID1_STA1_CFC64_OH0,0126_0105,A,0.2806341350078583,-0.21203480660915375,0.5,-0.5,-2.1482752048045173,1.2155851711987011,-1.5526705744825913,31.449899567649013
1769385947.2413619,1769385947241369412,Sr02_gA_IMG1_LID1_STA1_CFC64_OH0,0126_0105,A,0.2954983413219452,-0.20799151062965393,0.5,-0.5,-2.147759197784149,1.1406002645755402,-1.5756982133613946,31.46516766548102
1769385947.3610315,1769385947361041318,Sr02_gA_IMG1_LID1_STA1_CFC64_OH0,0126_0105,A,0.3835950195789337,-0.19094909727573395,0.5,-0.5,-2.1486380319096448,1.0907302344910843,-1.6022322246433882,31.474219357688526
1769385947.4798617,1769385947479870624,Sr02_gA_IMG1_LID1_STA1_CFC64_OH0,0126_0105,A,0.4605521559715271,-0.2539910078048706,0.5,-0.5,-2.150875449877327,1.0407817432378752,-1.628535824236283,31.482032406357835
1769385947.5985994,1769385947598608819,Sr02_gA_IMG1_LID1_STA1_CFC64_OH0,0126_0105,A,0.49436986446380615,-0.24973781406879425,0.5,-0.5,-2.1569765949430364,0.966103505040442,-1.6782410075704703,31.49115980402363
1769385947.7197511,1769385947719767936,Sr02_gA_IMG1_LID1_STA1_CFC64_OH0,0126_0105,A,0.4434971511363983,-0.2887239158153534,0.5,-0.5,-2.163353865584647,0.9165759391640238,-1.7208079691985378,31.495028614515476
1769385947.8422017,1769385947842208656,Sr02_gA_IMG1_LID1_STA1_CFC64_OH0,0126_0105,A,0.4339039921760559,-0.4614720642566681,0.5,-0.5,-2.1765197878450118,0.8429902768043837,-1.7670565780494503,31.497311260755346
1769385947.965301,1769385947965315707,Sr02_gA_IMG1_LID1_STA1_CFC64_OH0,0126_0105,A,0.5038810968399048,-0.3214007019996643,0.5,-0.5,-2.186779198958602,0.7940550744910091,-1.7878556960127003,31.497456580424277
1769385948.0848663,1769385948084873700,Sr02_gA_IMG1_LID1_STA1_CFC64_OH0,0126_0105,A,0.5047937631607056,-0.35736140608787537,0.5,-0.5,-2.1980275891295586,0.7453375622428771,-1.8072914352589915,31.496668624616753
1769385948.2082863,1769385948208294409,Sr02_gA_IMG1_LID1_STA1_CFC64_OH0,0126_0105,A,0.5466863512992859,-0.5499289035797119,0.5,-0.5,-2.216867413424316,0.6727821001555879,-1.8437358905849743,31.493602481485425
1769385948.329753,1769385948329760632,Sr02_gA_IMG1_LID1_STA1_CFC64_OH0,0126_0105,A,0.49545955657958984,-0.5157961249351501,0.5,-0.5,-2.230945379662415,0.6248062667272838,-1.8687096343996692,31.49009000418356
1769385948.4515357,1769385948451543118,Sr02_gA_IMG1_LID1_STA1_CFC64_OH0,0126_0105,A,0.4787578880786896,-0.3795667290687561,0.5,-0.5,-2.254398437755457,0.5536032938046703,-1.9107838006580224,31.48252400335337
1769385948.572514,1769385948572523709,Sr02_gA_IMG1_LID1_STA1_CFC64_OH0,0126_0105,A,0.48567619919776917,-0.38684287667274475,0.5,-0.5,-2.2719597527538338,0.5070254698931969,-1.9538396320091063,31.475504319839686
1769385948.691513,1769385948691521311,Sr02_gA_IMG1_LID1_STA1_CFC64_OH0,0126_0105,A,0.4688858687877655,-0.4637572467327118,0.5,-0.5,-2.3018685595519406,0.4383285887169992,-2.0059129556980144,31.461382568651228
1769385948.8120394,1769385948812049253,Sr02_gA_IMG1_LID1_STA1_CFC64_OH0,0126_0105,A,0.4781878590583801,-0.5407119989395142,0.5,-0.5,-2.323749949278301,0.39337374053895724,-2.0416490200345456,31.449982872576427
1769385948.9330363,1769385948933043140,Sr02_gA_IMG1_LID1_STA1_CFC64_OH0,0126_0105,A,0.45849013328552246,-0.5429062247276306,0.5,-0.5,-2.3473123700291625,0.34961603729248847,-2.089711203496276,31.436752594678104
1769385949.0507116,1769385949050718771,Sr02_gA_IMG1_LID1_STA1_CFC64_OH0,0126_0105,A,0.5012434124946594,-0.48140594363212585,0.5,-0.5,-2.386913976798041,0.28594441535545767,-2.1647111388612887,31.412452677161554
1769385949.1730711,1769385949173078750,Sr02_gA_IMG1_LID1_STA1_CFC64_OH0,0126_0105,A,0.5408096313476562,-0.3885769546031952,0.5,-0.5,-2.4157484245236467,0.24516144679976276,-2.205563905717977,31.393594009354658
1769385949.2927203,1769385949292727964,Sr02_gA_IMG1_LID1_STA1_CFC64_OH0,0126_0105,A,0.5403087735176086,-0.2805933952331543,0.5,-0.5,-2.4619413696762122,0.18608830818052763,-2.263444736093361,31.362089393826157
1769385949.4119225,1769385949411929679,Sr02_gA_IMG1_LID1_STA1_CFC64_OH0,0126_0105,A,0.5219963788986206,-0.3644024133682251,0.5,-0.5,-2.4947076697947317,0.14838270763871533,-2.3093592794793856,31.33886405633722
1769385949.5369737,1769385949536983662,Sr02_gA_IMG1_LID1_STA1_CFC64_OH0,0126_0105,A,0.4621032178401947,-0.3192100524902344,0.5,-0.5,-2.5292790450555644,0.11226763021385223,-2.3593592061543633,31.313576549692552
1769385949.6539602,1769385949653968047,Sr02_gA_IMG1_LID1_STA1_CFC64_OH0,0126_0105,A,0.49689874053001404,-0.41486626863479614,0.5,-0.5,-2.5844112592975987,0.061446356963559996,-2.434359131442091,31.271788914965136
1769385949.772507,1769385949772515173,Sr02_gA_IMG1_LID1_STA1_CFC64_OH0,0126_0105,A,0.504966139793396,-0.39290568232536316,0.5,-0.5,-2.6231970326285667,0.02989993492274693,-2.482871566015343,31.24147671772343
1769385949.8923542,1769385949892362448,Sr02_gA_IMG1_LID1_STA1_CFC64_OH0,0126_0105,A,0.49941346049308777,-0.35240235924720764,0.5,-0.5,-2.663355697528705,0.00015523964456317253,-2.5237297093790407,31.20945555420609
1769385950.0120316,1769385950012040547,Sr02_gA_IMG1_LID1_STA1_CFC64_OH0,0126_0105,A,0.4793439507484436,-0.14811065793037415,0.5,0.0,-2.725555219674512,-0.0416670971282583,-2.5718071093223394,31.158942232025172
1769385950.1360314,1769385950136041113,Sr02_gA_IMG1_LID1_STA1_CFC64_OH0,0126_0105,A,0.49033376574516296,-0.19193990528583527,0.5,-0.5,-2.7680797417955008,-0.06786875633616582,-2.6075220997621473,31.123892363857152
1769385950.2602837,1769385950260291258,Sr02_gA_IMG1_LID1_STA1_CFC64_OH0,0126_0105,A,0.4715673327445984,-0.0971636027097702,0.5,0.0,-2.8335690152286808,-0.10440705731670273,-2.6567593344997884,31.069076333664484
1769385950.3780286,1769385950378035458,Sr02_gA_IMG1_LID1_STA1_CFC64_OH0,0126_0105,A,0.4535360336303711,-0.2099318504333496,0.5,-0.5,-2.8781673683290787,-0.12686339460521273,-2.6953921091451964,31.031208438410435
1769385950.496897,1769385950496904739,Sr02_gA_IMG1_LID1_STA1_CFC64_OH0,0126_0105,A,0.5303881764411926,-0.020931482315063477,0.5,0.0,-2.946751048331174,-0.1571889798720904,-2.754767109982285,30.972018563481186
1769385950.618588,1769385950618595112,Sr02_gA_IMG1_LID1_STA1_CFC64_OH0,0126_0105,A,0.407657653093338,-0.019763782620429993,0.5,0.0,-2.993379351112538,-0.17523177068887505,-2.7900073230432723,30.931187727477266
1769385950.7432106,1769385950743218657,Sr02_gA_IMG1_LID1_STA1_CFC64_OH0,0126_0105,A,0.3829093277454376,-0.022219721227884293,0.5,0.0,-3.0403242219717104,-0.191865823156091,-2.8093158434979064,30.889731972389885
1769385950.8624828,1769385950862491084,Sr02_gA_IMG1_LID1_STA1_CFC64_OH0,0126_0105,A,0.5026172399520874,-0.018497038632631302,0.5,0.0,-3.1115236429070263,-0.21539293216607014,-2.836687004460825,30.826486156321774
1769385950.9868405,1769385950986848230,Sr02_gA_IMG1_LID1_STA1_CFC64_OH0,0126_0105,A,0.4044125974178314,0.009718767367303371,0.5,0.0,-3.1592800512548567,-0.23008975953949606,-2.848079131711085,30.783826472467645
1769385951.1029036,1769385951102912278,Sr02_gA_IMG1_LID1_STA1_CFC64_OH0,0126_0105,A,0.508239209651947,0.046042025089263916,0.5,0.0,-3.231264030434006,-0.2508115030781426,-2.876737661403095,30.719211411263505
1769385951.2224433,1769385951222454551,Sr02_gA_IMG1_LID1_STA1_CFC64_OH0,0126_0105,A,0.4990394711494446,0.02624570205807686,0.5,0.0,-3.279412112300014,-0.2636347595216157,-2.8831510459662524,30.675760224865087
1769385951.347988,1769385951347996289,Sr02_gA_IMG1_LID1_STA1_CFC64_OH0,0126_0105,A,0.490485280752182,-0.025721866637468338,0.5,0.0,-3.3277645562286615,-0.2763642533918567,-2.8851624528924145,30.632107152325354
1769385951.470675,1769385951470682179,Sr02_gA_IMG1_LID1_STA1_CFC64_OH0,0126_0105,A,0.506263017654419,-0.011886930093169212,0.5,0.0,-3.400342480369266,-0.2952703139171794,-2.8884217257084015,30.566569123760786
1769385951.5952952,1769385951595302168,Sr02_gA_IMG1_LID1_STA1_CFC64_OH0,0126_0105,A,0.5078838467597961,-0.008797449059784412,0.5,0.0,-3.448760626125787,-0.30774757817991527,-2.8903086561599705,30.52283760785653
1769385951.7238119,1769385951723819618,Sr02_gA_IMG1_LID1_STA1_CFC64_OH0,0126_0105,A,0.5037885308265686,-0.007199458312243223,0.5,0.0,-3.52141348978471,-0.3263637072059644,-2.890261653022518,30.457226477906577
1769385951.841954,1769385951841961805,Sr02_gA_IMG1_LID1_STA1_CFC64_OH0,0126_0105,A,0.49846717715263367,0.010159246623516083,0.5,0.0,-3.56981211548722,-0.3389090648525743,-2.8856639909322666,30.41357938343602
1769385951.9608922,1769385951960900085,Sr02_gA_IMG1_LID1_STA1_CFC64_OH0,0126_0105,A,0.48094722628593445,-0.01905902847647667,0.5,0.0,-3.6423115214919917,-0.3580694281432233,-2.882036438339538,30.348327953164073
1769385952.0812347,1769385952081242699,Sr02_gA_IMG1_LID1_STA1_CFC64_OH0,0126_0105,A,0.47515735030174255,-0.02561768889427185,0.5,0.0,-3.690653167464919,-0.3708398456918034,-2.8846086156207567,30.304842806523965
1769385952.2054107,1769385952205419326,Sr02_gA_IMG1_LID1_STA1_CFC64_OH0,0126_0105,A,0.48904314637184143,-0.003187416587024927,0.5,0.0,-3.7632097283220656,-0.3898278215377436,-2.886530011944093,30.239567207347925
1769385952.3222098,1769385952322217582,Sr02_gA_IMG1_LID1_STA1_CFC64_OH0,0126_0105,A,0.4999030530452728,0.0027382695116102695,0.5,0.0,-3.811597642790879,-0.4024218381782145,-2.88740975777525,30.196042293938934
1769385952.44423,1769385952444237863,Sr02_gA_IMG1_LID1_STA1_CFC64_OH0,0126_0105,A,0.4923408329486847,-0.018250618129968643,0.5,0.0,-3.859996127025102,-0.4149751759037949,-2.888177643295598,30.152516748914728
1769385952.5648887,1769385952564896691,Sr02_gA_IMG1_LID1_STA1_CFC64_OH0,0126_0105,A,0.5003271102905273,-0.015688456594944,0.5,0.0,-3.932595241650575,-0.4337998154646047,-2.887174532373892,30.087263434035265
1769385952.6915536,1769385952691565713,Sr02_gA_IMG1_LID1_STA1_CFC64_OH0,0126_0105,A,0.48990339040756226,0.022720977663993835,0.5,0.0,-3.9809942149760578,-0.4463512442726746,-2.8887882274735435,30.04378735780454
1769385952.8151755,1769385952815182911,Sr02_gA_IMG1_LID1_STA1_CFC64_OH0,0126_0105,A,0.4944317042827606,-0.0014518951065838337,0.5,0.0,-4.053644864030514,-0.46497584493316746,-2.8923409930357433,29.978508067304908
1769385952.93859,1769385952938598019,Sr02_gA_IMG1_LID1_STA1_CFC64_OH0,0126_0105,A,0.502422034740448,-0.006558829452842474,0.5,0.0,-4.102101690486553,-0.4773020621859578,-2.8926597389517377,29.934967948886346
1769385953.0590298,1769385953059037796,Sr02_gA_IMG1_LID1_STA1_CFC64_OH0,0126_0105,A,0.5037240982055664,-0.04630236327648163,0.5,0.0,-4.174789554628502,-0.49578106792333576,-2.8928465362738303,29.869690452293074
1769385953.1789398,1769385953178948079,Sr02_gA_IMG1_LID1_STA1_CFC64_OH0,0126_0105,A,0.4992455840110779,-0.029972437769174576,0.5,0.0,-4.223261851137868,-0.508046281334536,-2.8946715938568524,29.82616999398746
1769385953.2978218,1769385953297830464,Sr02_gA_IMG1_LID1_STA1_CFC64_OH0,0126_0105,A,0.49303096532821655,0.0012266305275261402,0.5,0.0,-4.271755189565983,-0.5202280420254278,-2.896266060484372,29.782627480125306
1769385953.4182577,1769385953418264871,Sr02_gA_IMG1_LID1_STA1_CFC64_OH0,0126_0105,A,0.49569714069366455,-0.010700955055654049,0.5,0.0,-4.344498842165341,-0.5384681878041971,-2.894651605526008,29.717339659040803
1769385953.5407205,1769385953540728674,Sr02_gA_IMG1_LID1_STA1_CFC64_OH0,0126_0105,A,0.48153290152549744,0.011081808246672153,0.5,0.0,-4.3929829603205395,-0.5506866150833923,-2.8947967896493543,29.673866740774177
1769385953.661012,1769385953661021826,Sr02_gA_IMG1_LID1_STA1_CFC64_OH0,0126_0105,A,0.4847566783428192,-0.0016849153907969594,0.5,0.0,-4.465716947352667,-0.568983227593076,-2.895627400770511,29.60868015434052
1769385953.783211,1769385953783219059,Sr02_gA_IMG1_LID1_STA1_CFC64_OH0,0126_0105,A,0.5027196407318115,-0.002417474752292037,0.5,0.0,-4.514227344885705,-0.5810630832710603,-2.899831120980923,29.56519627643563
1769385953.9041228,1769385953904131352,Sr02_gA_IMG1_LID1_STA1_CFC64_OH0,0126_0105,A,0.5084643363952637,-0.0040374272502958775,0.5,0.0,-4.587088913400725,-0.5988445835194729,-2.9041783178303855,29.499825326354355
1769385954.0248542,1769385954024862195,Sr02_gA_IMG1_LID1_STA1_CFC64_OH0,0126_0105,A,0.5042583346366882,0.018824029713869095,0.5,0.0,-4.635685656359699,-0.6106070770402182,-2.9040556616250077,29.4562237720447
1769385954.1454868,1769385954145495014,Sr02_gA_IMG1_LID1_STA1_CFC64_OH0,0126_0105,A,0.5031410455703735,-0.0220336876809597,0.5,0.0,-4.684285442498568,-0.622356982517893,-2.904887194932203,29.412636230185164
1769385954.2686093,1769385954268617242,Sr02_gA_IMG1_LID1_STA1_CFC64_OH0,0126_0105,A,0.4997342824935913,0.010526261292397976,0.5,0.0,-4.757186644870963,-0.6399755207475494,-2.903660597635342,29.347290068965517
1769385954.3921943,1769385954392202389,Sr02_gA_IMG1_LID1_STA1_CFC64_OH0,0126_0105,A,0.4737437963485718,0.006668402813374996,0.5,0.0,-4.8057775778012655,-0.6517619924465307,-2.9037014121022633,29.303772304249986
1769385954.5142918,1769385954514302661,Sr02_gA_IMG1_LID1_STA1_CFC64_OH0,0126_0105,A,0.49385911226272583,-0.03222566843032837,0.5,0.0,-4.878668440941759,-0.6694232861455955,-2.9040729051837424,29.238525176247204
1769385954.631194,1769385954631202297,Sr02_gA_IMG1_LID1_STA1_CFC64_OH0,0126_0105,A,0.48831090331077576,0.01028547715395689,0.5,0.0,-4.927267038921039,-0.6811781116858072,-2.904476646903301,29.19504326929778
1769385954.7509983,1769385954751004617,Sr02_gA_IMG1_LID1_STA1_CFC64_OH0,0126_0105,A,0.4817347526550293,0.0069902511313557625,0.5,0.0,-4.975861775611604,-0.6929488664583784,-2.903051492895164,29.151590381283192
1769385954.8726692,1769385954872677617,Sr02_gA_IMG1_LID1_STA1_CFC64_OH0,0126_0105,A,0.4907893240451813,-0.003683114657178521,0.5,0.0,-5.048744687054265,-0.7106052301797111,-2.905507738885736,29.086459386623005
1769385954.9908562,1769385954990863927,Sr02_gA_IMG1_LID1_STA1_CFC64_OH0,0126_0105,A,0.49722445011138916,0.012179643847048283,0.5,0.0,-5.0973552011338645,-0.7223106735862946,-2.9047807383499955,29.043025870044513
1769385955.116835,1769385955116842373,Sr02_gA_IMG1_LID1_STA1_CFC64_OH0,0126_0105,A,0.48749616742134094,-0.008259626105427742,0.5,0.0,-5.170245384416836,-0.739949966488499,-2.9039942592160988,28.97796256621936
1769385955.238477,1769385955238484876,Sr02_gA_IMG1_LID1_STA1_CFC64_OH0,0126_0105,A,0.49460235238075256,-0.007228969596326351,0.5,0.0,-5.21885956128738,-0.7516401037688404,-2.907216811351721,28.93457436773498
1769385955.361336,1769385955361344462,Sr02_gA_IMG1_LID1_STA1_CFC64_OH0,0126_0105,A,0.48889046907424927,0.0016095498576760292,0.5,0.0,-5.29179914824741,-0.7690511799892608,-2.9065640874722574,28.869479593974983
1769385955.4829094,1769385955482916242,Sr02_gA_IMG1_LID1_STA1_CFC64_OH0,0126_0105,A,0.5009829998016357,0.012327415868639946,0.5,0.0,-5.3404204560970925,-0.7807117118860903,-2.9058650609809282,28.826129695724823
1769385955.6027558,1769385955602764018,Sr02_gA_IMG1_LID1_STA1_CFC64_OH0,0126_0105,A,0.5057136416435242,0.0002028138842433691,0.5,0.0,-5.3890386524010605,-0.792385213778435,-2.9061266301937336,28.78280802779604
1769385955.7246861,1769385955724694000,Sr02_gA_IMG1_LID1_STA1_CFC64_OH0,0126_0105,A,0.5071641802787781,-0.0009981379844248295,0.5,0.0,-5.46196270460855,-0.8099089372970242,-2.904934208045278,28.717873162390305
1769385955.8405676,1769385955840575295,Sr02_gA_IMG1_LID1_STA1_CFC64_OH0,0126_0105,A,0.49747660756111145,0.003914274740964174,0.5,0.0,-5.510569571173699,-0.821629522296478,-2.9053513689348636,28.674630212822752
1769385955.962735,1769385955962744736,Sr02_gA_IMG1_LID1_STA1_CFC64_OH0,0126_0105,A,0.49081698060035706,-0.00045989162754267454,0.5,0.0,-5.583496248891292,-0.8391423291795036,-2.9064563264853467,28.60977185635419
1769385956.082344,1769385956082352011,Sr02_gA_IMG1_LID1_STA1_CFC64_OH0,0126_0105,A,0.5156669616699219,-0.0020481336396187544,0.5,0.0,-5.632119437683127,-0.8507950194032731,-2.906295378526061,28.56654888161976
1769385956.2091837,1769385956209192204,Sr02_gA_IMG1_LID1_STA1_CFC64_OH0,0126_0105,A,0.5183706879615784,-0.002060315338894725,0.5,0.0,-5.680734491594595,-0.8624815886055164,-2.90506264715676,28.523365624373696
1769385956.3288136,1769385956328820909,Sr02_gA_IMG1_LID1_STA1_CFC64_OH0,0126_0105,A,0.511298656463623,-0.00021860678680241108,0.5,0.0,-5.753638596318139,-0.8800881412888257,-2.904547232560003,28.45867250931841
1769385956.449928,1769385956449935231,Sr02_gA_IMG1_LID1_STA1_CFC64_OH0,0126_0105,A,0.519172191619873,-0.004424170590937138,0.5,0.0,-5.802240727627667,-0.8918283505531402,-2.9046230262781596,28.415573223797335
1769385956.5711954,1769385956571204443,Sr02_gA_IMG1_LID1_STA1_CFC64_OH0,0126_0105,A,0.4928183853626251,0.0008685111533850431,0.5,0.0,-5.875141204412003,-0.909449917664797,-2.9041341378800967,28.350972672588416
1769385956.6929293,1769385956692937035,Sr02_gA_IMG1_LID1_STA1_CFC64_OH0,0126_0105,A,0.4868069589138031,0.002716840710490942,0.5,0.0,-5.92373841946586,-0.9212104606587959,-2.904180123620525,28.307940855518503
1769385956.8108792,1769385956810886279,Sr02_gA_IMG1_LID1_STA1_CFC64_OH0,0126_0105,A,0.5045493841171265,0.0033034230582416058,0.5,0.0,-5.996637356120219,-0.9388384008990989,-2.9044874637587195,28.243429402043464
1769385956.9357119,1769385956935722934,Sr02_gA_IMG1_LID1_STA1_CFC64_OH0,0126_0105,A,0.4984723627567291,0.005155749153345823,0.5,0.0,-6.045239662960639,-0.9505778831674944,-2.9046934949530328,28.20044402965352
1769385957.0556881,1769385957055696155,Sr02_gA_IMG1_LID1_STA1_CFC64_OH0,0126_0105,A,0.49854207038879395,0.002917928621172905,0.5,0.0,-6.093843696207314,-0.9623102160450716,-2.9047521911159815,28.15747805691537
1769385957.1776035,1769385957177612181,Sr02_gA_IMG1_LID1_STA1_CFC64_OH0,0126_0105,A,0.49190446734428406,-0.011252306401729584,0.5,0.0,-6.166754457232379,-0.9798891814424744,-2.9053317012626496,28.09306243749627
1769385957.2962966,1769385957296304269,Sr02_gA_IMG1_LID1_STA1_CFC64_OH0,0126_0105,A,0.5029903650283813,-0.01897455006837845,0.5,0.0,-6.2153649441232535,-0.9915947461776184,-2.905244854339318,28.05014065697567
1769385957.4193504,1769385957419358159,Sr02_gA_IMG1_LID1_STA1_CFC64_OH0,0126_0105,A,0.48913609981536865,-0.00457965862005949,0.5,0.0,-6.288277443971312,-1.0091665016298281,-2.9048995321612936,27.985809149691548
1769385957.539555,1769385957539562604,Sr02_gA_IMG1_LID1_STA1_CFC64_OH0,0126_0105,A,0.49485668540000916,-0.01694832369685173,0.5,0.0,-6.336881439273411,-1.020898990749241,-2.904569190430565,27.94296057076222
1769385957.6597514,1769385957659759434,Sr02_gA_IMG1_LID1_STA1_CFC64_OH0,0126_0105,A,0.49696439504623413,-0.006967528723180294,0.5,0.0,-6.409778317689623,-1.0385354340726844,-2.903832877201162,27.878752425107496
1769385957.780992,1769385957781000294,Sr02_gA_IMG1_LID1_STA1_CFC64_OH0,0126_0105,A,0.5141708254814148,0.0045071193017065525,0.5,0.0,-6.4583699979864795,-1.0503188237022967,-2.9035410831039163,27.83599071798866
1769385957.8991137,1769385957899121731,Sr02_gA_IMG1_LID1_STA1_CFC64_OH0,0126_0105,A,0.5093055963516235,0.008664349094033241,0.5,0.0,-6.506966581905505,-1.0620819631797125,-2.9046663010606313,27.793242352257604
1769385958.0180302,1769385958018038120,Sr02_gA_IMG1_LID1_STA1_CFC64_OH0,0126_0105,A,0.4920647144317627,-0.0014588411431759596,0.5,0.0,-6.579892681994615,-1.0795970914766315,-2.9072808060755535,27.72909605214331
1769385958.132848,1769385958132855839,Sr02_gA_IMG1_LID1_STA1_CFC64_OH0,0126_0105,A,0.5178274512290955,-0.015976889058947563,0.5,0.0,-6.628532055604379,-1.0911820357587925,-2.9080266795611998,27.686313173706154
1769385958.2598433,1769385958259851113,Sr02_gA_IMG1_LID1_STA1_CFC64_OH0,0126_0105,A,0.49490413069725037,-0.012990573421120644,0.5,0.0,-6.677181630329017,-1.10272404795773,-2.9094741267981457,27.643531648423064
1769385958.3782144,1769385958378223832,Sr02_gA_IMG1_LID1_STA1_CFC64_OH0,0126_0105,A,0.4916040003299713,-0.005142464302480221,0.5,0.0,-6.750186370341626,-1.1199085239021662,-2.9110183009666573,27.579336415502432
1769385958.4999762,1769385958499985137,Sr02_gA_IMG1_LID1_STA1_CFC64_OH0,0126_0105,A,0.5007510185241699,0.015196281485259533,0.5,0.0,-6.79886055534589,-1.1313463276696742,-2.9105675985540738,27.536560074677645
1769385958.6189234,1769385958618930851,Sr02_gA_IMG1_LID1_STA1_CFC64_OH0,0126_0105,A,0.5041970014572144,-0.003863075515255332,0.5,0.0,-6.871858718154236,-1.1485587300502422,-2.9093926681865763,27.472471044242102
1769385958.7391865,1769385958739192944,Sr02_gA_IMG1_LID1_STA1_CFC64_OH0,0126_0105,A,0.49984923005104065,-0.01206253282725811,0.5,0.0,-6.920516572283002,-1.1600658109545787,-2.9094373125792874,27.42979297033293
1769385958.8616426,1769385958861650706,Sr02_gA_IMG1_LID1_STA1_CFC64_OH0,0126_0105,A,0.474135160446167,0.009409982711076736,0.5,0.0,-6.969182794859317,-1.171537426207359,-2.9108898075211402,27.387120660367767
1769385958.980295,1769385958980303449,Sr02_gA_IMG1_LID1_STA1_CFC64_OH0,0126_0105,A,0.49938857555389404,0.011225584894418716,0.5,0.0,-7.04221451995054,-1.1886068261503293,-2.912987708169936,27.323084795118103
1769385959.101053,1769385959101060561,Sr02_gA_IMG1_LID1_STA1_CFC64_OH0,0126_0105,A,0.4905627369880676,0.007324717007577419,0.5,0.0,-7.090916602651009,-1.1999252522179336,-2.9135019597644676,27.28039249883176
1769385959.2202826,1769385959220291910,Sr02_gA_IMG1_LID1_STA1_CFC64_OH0,0126_0105,A,0.49057289958000183,0.00033611804246902466,0.5,0.0,-7.163964050254768,-1.216927246498179,-2.91183269820879,27.216413791440967
1769385959.336404,1769385959336412263,Sr02_gA_IMG1_LID1_STA1_CFC64_OH0,0126_0105,A,0.4919256567955017,-0.006068818736821413,0.5,0.0,-7.21265023903647,-1.2283138473649866,-2.9120283972861087,27.17382055871693
1769385959.459375,1769385959459382236,Sr02_gA_IMG1_LID1_STA1_CFC64_OH0,0126_0105,A,0.48130202293395996,-0.015707213431596756,0.5,0.0,-7.261344484345626,-1.2396659337148985,-2.9131526478825864,27.131234009667416
1769385959.580999,1769385959581006294,Sr02_gA_IMG1_LID1_STA1_CFC64_OH0,0126_0105,A,0.49404504895210266,-0.007197562139481306,0.5,0.0,-7.334399249228876,-1.2566365037056821,-2.9128147932361426,27.067370687789257
1769385959.6974137,1769385959697421751,Sr02_gA_IMG1_LID1_STA1_CFC64_OH0,0126_0105,A,0.49225088953971863,0.0031319144181907177,0.5,0.0,-7.383090085794799,-1.2680032030935497,-2.911692237972075,27.024855561796052
1769385959.8157418,1769385959815749826,Sr02_gA_IMG1_LID1_STA1_CFC64_OH0,0126_0105,A,0.4781143069267273,0.0011745134834200144,0.5,0.0,-7.456105554261172,-1.2851420483970435,-2.91047650338781,26.961179224909284
1769385959.9359639,1769385959935972635,Sr02_gA_IMG1_LID1_STA1_CFC64_OH0,0126_0105,A,0.49804869294166565,0.008647180162370205,0.5,0.0,-7.504775164639709,-1.296599304069429,-2.9103730004155612,26.9187778158605
1769385960.0579572,1769385960057964302,Sr02_gA_IMG1_LID1_STA1_CFC64_OH0,0126_0105,A,0.5039934515953064,0.006613255478441715,0.5,0.0,-7.553447319934951,-1.3080457406008592,-2.9109158271325346,26.876396628487576
1769385960.177403,1769385960177412538,Sr02_gA_IMG1_LID1_STA1_CFC64_OH0,0126_0105,A,0.5003304481506348,-0.006985852494835854,0.5,0.0,-7.626473985489013,-1.3251367768905398,-2.9127899789718583,26.812831131257216
1769385960.299001,1769385960299008303,Sr02_gA_IMG1_LID1_STA1_CFC64_OH0,0126_0105,A,0.49814969301223755,-0.012579378671944141,0.5,0.0,-7.675174992498903,-1.3364598282196856,-2.913509740520147,26.770448266090476
1769385960.4192176,1769385960419225973,Sr02_gA_IMG1_LID1_STA1_CFC64_OH0,0126_0105,A,0.5059180855751038,-0.01563180983066559,0.5,0.0,-7.74823340233884,-1.3534147089490782,-2.913388992392795,26.70690715028889
1769385960.5427127,1769385960542720760,Sr02_gA_IMG1_LID1_STA1_CFC64_OH0,0126_0105,A,0.49797311425209045,-0.005180518142879009,0.5,0.0,-7.796936452305322,-1.3647289744611626,-2.913271541120453,26.664585505619772
1769385960.663916,1769385960663924058,Sr02_gA_IMG1_LID1_STA1_CFC64_OH0,0126_0105,A,0.49273398518562317,0.0036559225991368294,0.5,0.0,-7.8456347435567935,-1.376063698261175,-2.9124815567811346,26.622301704596374
1769385960.784492,1769385960784499769,Sr02_gA_IMG1_LID1_STA1_CFC64_OH0,0126_0105,A,0.506861686706543,0.0022149551659822464,0.5,0.0,-7.918665301450164,-1.3931381355603047,-2.9115441950197054,26.558966083162552
1769385960.906141,1769385960906150357,Sr02_gA_IMG1_LID1_STA1_CFC64_OH0,0126_0105,A,0.5098254084587097,-0.0018795485375449061,0.5,0.0,-7.967352044053433,-1.4045223648239322,-2.9122427762294025,26.51677684217378
1769385961.029613,1769385961029620297,Sr02_gA_IMG1_LID1_STA1_CFC64_OH0,0126_0105,A,0.5061463117599487,0.01323606725782156,0.5,0.0,-8.040401598275322,-1.4215153160375449,-2.91396187015298,26.453497965174286
1769385961.1530812,1769385961153091831,Sr02_gA_IMG1_LID1_STA1_CFC64_OH0,0126_0105,A,0.5055352449417114,0.019299231469631195,0.5,0.0,-8.089120257823593,-1.43276215519876,-2.9154945219819814,26.41130100195982
1769385961.2722049,1769385961272212282,Sr02_gA_IMG1_LID1_STA1_CFC64_OH0,0126_0105,A,0.49141454696655273,0.0035591265186667442,0.5,0.0,-8.162219563424353,-1.4495398344287302,-2.9162877597919086,26.34800567309473
1769385961.3903935,1769385961390402508,Sr02_gA_IMG1_LID1_STA1_CFC64_OH0,0126_0105,A,0.4938827157020569,0.002773142885416746,0.5,0.0,-8.210953819307452,-1.4607189202020738,-2.9159221700124927,26.30583964189125
1769385961.5094697,1769385961509477283,Sr02_gA_IMG1_LID1_STA1_CFC64_OH0,0126_0105,A,0.5010973215103149,0.0004136539064347744,0.5,0.0,-8.259684380348222,-1.4719141017629314,-2.9156574448033936,26.263710000653884
1769385961.6300902,1769385961630098780,Sr02_gA_IMG1_LID1_STA1_CFC64_OH0,0126_0105,A,0.492925226688385,0.0005985477473586798,0.5,0.0,-8.332778763715108,-1.4887132202425277,-2.9158165385794415,26.200570947184254
1769385961.7566123,1769385961756620265,Sr02_gA_IMG1_LID1_STA1_CFC64_OH0,0126_0105,A,0.5031470060348511,-0.009716128930449486,0.5,0.0,-8.381503983376136,-1.4999316117840906,-2.9146441014956146,26.158523589229226
1769385961.8727381,1769385961872747201,Sr02_gA_IMG1_LID1_STA1_CFC64_OH0,0126_0105,A,0.49894243478775024,-0.017607711255550385,0.5,0.0,-8.454559924600964,-1.5168970264890902,-2.9121491444224765,26.095582073568714
1769385961.9865177,1769385961986528185,Sr02_gA_IMG1_LID1_STA1_CFC64_OH0,0126_0105,A,0.5042552947998047,0.012027614749968052,0.5,0.0,-8.50324755235499,-1.528277472886,-2.9117932289994126,26.0536958510049
1769385962.1071422,1769385962107150063,Sr02_gA_IMG1_LID1_STA1_CFC64_OH0,0126_0105,A,0.47749239206314087,-0.0196722112596035,0.5,0.0,-8.551931413326201,-1.5396740226676735,-2.9115001949160617,26.011847345513626
1769385962.2292287,1769385962229238051,Sr02_gA_IMG1_LID1_STA1_CFC64_OH0,0126_0105,A,0.4918035864830017,-0.015215691179037094,0.5,0.0,-8.624953522831865,-1.556784569320509,-2.9113909554236788,25.949137552496403
1769385962.3488598,1769385962348867707,Sr02_gA_IMG1_LID1_STA1_CFC64_OH0,0126_0105,A,0.4611068665981293,0.0014713953714817762,0.5,0.0,-8.673634217955184,-1.568194635252174,-2.911332949823706,25.907369031974124
1769385962.4709916,1769385962471001591,Sr02_gA_IMG1_LID1_STA1_CFC64_OH0,0126_0105,A,0.48876750469207764,0.010028072632849216,0.5,0.0,-8.722316348328116,-1.579598572106389,-2.9118919668461793,25.86562624835517
1769385962.594764,1769385962594778738,Sr02_gA_IMG1_LID1_STA1_CFC64_OH0,0126_0105,A,0.48510313034057617,-0.040221091359853745,0.5,0.0,-8.795364258627734,-1.596598551273052,-2.914217450395662,25.803007131864394
1769385962.7130053,1769385962713013417,Sr02_gA_IMG1_LID1_STA1_CFC64_OH0,0126_0105,A,0.49399667978286743,-0.026463232934474945,0.5,0.0,-8.844076559634056,-1.6078729123363187,-2.9136074191147263,25.76126441333567
1769385962.831167,1769385962831174288,Sr02_gA_IMG1_LID1_STA1_CFC64_OH0,0126_0105,A,0.4983683228492737,0.01083214022219181,0.5,0.0,-8.917150763137094,-1.6247594908934802,-2.9159242262381864,25.698691480322143
1769385962.9503694,1769385962950377404,Sr02_gA_IMG1_LID1_STA1_CFC64_OH0,0126_0105,A,0.4923655688762665,-0.008833237923681736,0.5,0.0,-8.965891962749712,-1.635908242074584,-2.9174903614054646,25.6569514877872
1769385963.0707426,1769385963070752238,Sr02_gA_IMG1_LID1_STA1_CFC64_OH0,0126_0105,A,0.4917945861816406,-0.008352911099791527,0.5,0.0,-9.01464260350196,-1.6470156587719016,-2.917510105470436,25.61521768916518
1769385963.192791,1769385963192799440,Sr02_gA_IMG1_LID1_STA1_CFC64_OH0,0126_0105,A,0.4877414107322693,-0.0033131521195173264,0.5,0.0,-9.087759874313344,-1.6637148565378317,-2.9163481701141176,25.55269422350365
1769385963.3127847,1769385963312792908,Sr02_gA_IMG1_LID1_STA1_CFC64_OH0,0126_0105,A,0.49928680062294006,0.014476043172180653,0.5,0.0,-9.136497027847138,-1.6748301243191661,-2.9192416564852626,25.511050256035634
1769385963.4305813,1769385963430589295,Sr02_gA_IMG1_LID1_STA1_CFC64_OH0,0126_0105,A,0.4853023290634155,-0.007723312359303236,0.5,0.0,-9.20968748970436,-1.6912053434988776,-2.923486302176758,25.448455457524915
1769385963.5521603,1769385963552167387,Sr02_gA_IMG1_LID1_STA1_CFC64_OH0,0126_0105,A,0.4903637766838074,-0.0071872868575155735,0.5,0.0,-9.258495472171235,-1.702050191982026,-2.922409168468734,25.406723820077925
1769385963.6775715,1769385963677578759,Sr02_gA_IMG1_LID1_STA1_CFC64_OH0,0126_0105,A,0.5068576335906982,0.0004841168411076069,0.5,0.0,-9.30729719336471,-1.7129309841894265,-2.9225058619362128,25.365040796706065
1769385963.7925987,1769385963792606562,Sr02_gA_IMG1_LID1_STA1_CFC64_OH0,0126_0105,A,0.5066017508506775,0.010257959365844727,0.5,0.0,-9.380514876635976,-1.7291842728484528,-2.9237780099539763,25.302534255484673
1769385963.918716,1769385963918723308,Sr02_gA_IMG1_LID1_STA1_CFC64_OH0,0126_0105,A,0.514309287071228,0.011098632588982582,0.5,0.0,-9.42933624312693,-1.7399765768419198,-2.924210123495075,25.26087648777766
1769385964.0457475,1769385964045754639,Sr02_gA_IMG1_LID1_STA1_CFC64_OH0,0126_0105,A,0.5133898258209229,0.011408465914428234,0.5,0.0,-9.502558913130375,-1.7562073473088584,-2.922394517507126,25.19847080168144
1769385964.160588,1769385964160595772,Sr02_gA_IMG1_LID1_STA1_CFC64_OH0,0126_0105,A,0.5062448978424072,0.012909675016999245,0.5,0.0,-9.55136670983496,-1.767060850854397,-2.9231668304929284,25.156924027596514
1769385964.279149,1769385964279156854,Sr02_gA_IMG1_LID1_STA1_CFC64_OH0,0126_0105,A,0.5085917711257935,0.004239566624164581,0.5,0.0,-9.624593694277191,-1.7832721892104528,-2.924189653477684,25.09462231114148
1769385964.3990285,1769385964399036068,Sr02_gA_IMG1_LID1_STA1_CFC64_OH0,0126_0105,A,0.5040386915206909,0.002923746593296528,0.5,0.0,-9.673416475130177,-1.7940580944731748,-2.924141243507096,25.05311411505989
1769385964.5214226,1769385964521431032,Sr02_gA_IMG1_LID1_STA1_CFC64_OH0,0126_0105,A,0.5009229779243469,0.0035599805414676666,0.5,0.0,-9.722235355505484,-1.8048616318966728,-2.9233109332577465,25.011647084482462
1769385964.642104,1769385964642111489,Sr02_gA_IMG1_LID1_STA1_CFC64_OH0,0126_0105,A,0.4906259775161743,-0.00010564806871116161,0.5,0.0,-9.795442693167981,-1.8211614401805833,-2.9216881753282573,24.949559518017228
1769385964.7643442,1769385964764350831,Sr02_gA_IMG1_LID1_STA1_CFC64_OH0,0126_0105,A,0.5000590682029724,-0.012563413940370083,0.5,0.0,-9.844232372525923,-1.8320960915218318,-2.9205473308398435,24.908246590647526
1769385964.8906443,1769385964890652152,Sr02_gA_IMG1_LID1_STA1_CFC64_OH0,0126_0105,A,0.4999091923236847,-0.01756695657968521,0.5,0.0,-9.917392468357,-1.8486066337899536,-2.9187576283239802,24.846400025172123
1769385965.0128887,1769385965012896293,Sr02_gA_IMG1_LID1_STA1_CFC64_OH0,0126_0105,A,0.490058958530426,-0.0043946243822574615,0.5,0.0,-9.966153863569408,-1.8596667414945685,-2.9183336705078644,24.80524018812728
1769385965.133757,1769385965133764723,Sr02_gA_IMG1_LID1_STA1_CFC64_OH0,0126_0105,A,0.49229997396469116,-0.000789733836427331,0.5,0.0,-10.03928838657264,-1.8762902410529334,-2.9178687918717263,24.743580979735082
1769385965.2508514,1769385965250858772,Sr02_gA_IMG1_LID1_STA1_CFC64_OH0,0126_0105,A,0.5024002194404602,-0.0034011586103588343,0.5,0.0,-10.088040309288392,-1.88739202866211,-2.9175127948866852,24.702527237872665
1769385965.3738525,1769385965373860244,Sr02_gA_IMG1_LID1_STA1_CFC64_OH0,0126_0105,A,0.5058982968330383,-0.0020233707036823034,0.5,0.0,-10.13679031404766,-1.898502236541138,-2.917523356871343,24.661511469126484
1769385965.4936054,1769385965493612720,Sr02_gA_IMG1_LID1_STA1_CFC64_OH0,0126_0105,A,0.5020188689231873,0.00035752332769334316,0.5,0.0,-10.209925483993718,-1.9151228513872305,-2.9190341239825464,24.600023857620993
1769385965.6165714,1769385965616578535,Sr02_gA_IMG1_LID1_STA1_CFC64_OH0,0126_0105,A,0.5031715631484985,0.010697516612708569,0.5,0.0,-10.258700954961409,-1.9261206924694836,-2.920690742249613,24.559025278492754
1769385965.7357442,1769385965735752496,Sr02_gA_IMG1_LID1_STA1_CFC64_OH0,0126_0105,A,0.5023319125175476,0.012259082868695259,0.5,0.0,-10.331887910660333,-1.942511803593191,-2.921613391121199,24.497527970566598
1769385965.8520715,1769385965852080218,Sr02_gA_IMG1_LID1_STA1_CFC64_OH0,0126_0105,A,0.4999379813671112,-0.016717959195375443,0.5,0.0,-10.380683437094447,-1.9534203452802303,-2.921692367134133,24.456560536140557
1769385965.973285,1769385965973291671,Sr02_gA_IMG1_LID1_STA1_CFC64_OH0,0126_0105,A,0.5088179111480713,0.008409994654357433,0.5,0.0,-10.429480522272183,-1.9643219113988892,-2.921954137825805,24.415622647699713
1769385966.0946302,1769385966094637857,Sr02_gA_IMG1_LID1_STA1_CFC64_OH0,0126_0105,A,0.50577312707901,0.005771786905825138,0.5,0.0,-10.502681824055998,-1.9806488417329189,-2.9222989775585706,24.354264260933018
1769385966.214981,1769385966214988125,Sr02_gA_IMG1_LID1_STA1_CFC64_OH0,0126_0105,A,0.5055734515190125,0.0018825181759893894,0.5,0.0,-10.551484660000817,-1.991524635341061,-2.9223108449088184,24.313395958454795
1769385966.3374152,1769385966337425728,Sr02_gA_IMG1_LID1_STA1_CFC64_OH0,0126_0105,A,0.5099779367446899,0.004170985892415047,0.5,0.0,-10.624678738810285,-2.0078838838255897,-2.9209130274811117,24.252184659428778
1769385966.4560783,1769385966456085595,Sr02_gA_IMG1_LID1_STA1_CFC64_OH0,0126_0105,A,0.5042261481285095,-0.0006448591593652964,0.5,0.0,-10.673459460428756,-2.01885842565029,-2.919687122394215,24.21146087272843
1769385966.5770974,1769385966577106120,Sr02_gA_IMG1_LID1_STA1_CFC64_OH0,0126_0105,A,0.5142258405685425,0.004002029541879892,0.5,0.0,-10.72223451306702,-2.029858136097756,-2.9204895835689095,24.170786915502124
1769385966.6976767,1769385966697685077,Sr02_gA_IMG1_LID1_STA1_CFC64_OH0,0126_0105,A,0.5205919146537781,0.011477628722786903,0.5,0.0,-10.795409500200792,-2.04630259053465,-2.9199819430416305,24.109808794303742
1769385966.8183167,1769385966818324778,Sr02_gA_IMG1_LID1_STA1_CFC64_OH0,0126_0105,A,0.5145765542984009,0.00845792144536972,0.5,0.0,-10.844183034030568,-2.0573090433829444,-2.9193519992077106,24.06922676419356
1769385966.935609,1769385966935617069,Sr02_gA_IMG1_LID1_STA1_CFC64_OH0,0126_0105,A,0.51065993309021,0.0005626892670989037,0.5,0.0,-10.917335524110062,-2.0738533004622353,-2.9190307263433257,24.008441127866483
1769385967.053236,1769385967053243507,Sr02_gA_IMG1_LID1_STA1_CFC64_OH0,0126_0105,A,0.5055043697357178,-0.0076001896522939205,0.5,0.0,-10.966099975925884,-2.0848999237422796,-2.91861363018741,23.967972422760774
1769385967.177047,1769385967177055589,Sr02_gA_IMG1_LID1_STA1_CFC64_OH0,0126_0105,A,0.502880334854126,-0.011356922797858715,0.5,0.0,-11.014861121714622,-2.0959611326356953,-2.91853363719801,23.927548562090834
1769385967.2981153,1769385967298122431,Sr02_gA_IMG1_LID1_STA1_CFC64_OH0,0126_0105,A,0.484498530626297,-0.009715115651488304,0.5,0.0,-11.088000115638462,-2.1125649490752667,-2.91807274373692,23.86698806743144
1769385967.416779,1769385967416786716,Sr02_gA_IMG1_LID1_STA1_CFC64_OH0,0126_0105,A,0.4790104329586029,-0.006031204015016556,0.5,0.0,-11.136750693382837,-2.1236726305527545,-2.9169997443317133,23.826683401665367
1769385967.5352397,1769385967535248140,Sr02_gA_IMG1_LID1_STA1_CFC64_OH0,0126_0105,A,0.4870820939540863,-0.009677324444055557,0.5,0.0,-11.20985432835032,-2.1404314173912233,-2.915580070762399,23.766354776514767
1769385967.657537,1769385967657544759,Sr02_gA_IMG1_LID1_STA1_CFC64_OH0,0126_0105,A,0.4965708255767822,-0.010557267814874649,0.5,0.0,-11.258582394619898,-2.1516374532553266,-2.915523795886296,23.726202676988468
1769385967.7763395,1769385967776347384,Sr02_gA_IMG1_LID1_STA1_CFC64_OH0,0126_0105,A,0.47857576608657837,-0.045326486229896545,0.5,0.0,-11.307312070148996,-2.162836485782425,-2.916038921395946,23.686083767703217
1769385967.8953676,1769385967895374689,Sr02_gA_IMG1_LID1_STA1_CFC64_OH0,0126_0105,A,0.4902021288871765,-0.026626747101545334,0.5,0.0,-11.380424903605535,-2.1795550861950943,-2.9176297523438617,23.62592699804934
1769385968.0145652,1769385968014572465,Sr02_gA_IMG1_LID1_STA1_CFC64_OH0,0126_0105,A,0.49930697679519653,-0.012990099377930164,0.5,0.0,-11.429181708166155,-2.1906354062949367,-2.9186176816209417,23.58582958557559
1769385968.1324897,1769385968132497263,Sr02_gA_IMG1_LID1_STA1_CFC64_OH0,0126_0105,A,0.49185654520988464,-0.0023083193227648735,0.5,0.0,-11.502335027317768,-2.2071759825490305,-2.919706558843017,23.52570549958313
1769385968.2510812,1769385968251089733,Sr02_gA_IMG1_LID1_STA1_CFC64_OH0,0126_0105,A,0.49816223978996277,0.005087463650852442,0.5,0.0,-11.55111454639441,-2.2181558735532474,-2.92067428691462,23.485641356671657
1769385968.371504,1769385968371511795,Sr02_gA_IMG1_LID1_STA1_CFC64_OH0,0126_0105,A,0.4937799274921417,-0.0015243266243487597,0.5,0.0,-11.599904903600804,-2.229087502098411,-2.9217036130381873,23.445585731634605
1769385968.4900227,1769385968490030527,Sr02_gA_IMG1_LID1_STA1_CFC64_OH0,0126_0105,A,0.5009828805923462,-0.0162443108856678,0.5,0.0,-11.673138935583939,-2.245266416971081,-2.9274594734004786,23.38544002884816
1769385968.603902,1769385968603912411,Sr02_gA_IMG1_LID1_STA1_CFC64_OH0,0126_0105,A,0.5060304403305054,-0.0011051850160583854,0.5,0.0,-11.722012942963943,-2.2558176987732494,-2.9303091551499723,23.345247144757227
1769385968.725968,1769385968725975872,Sr02_gA_IMG1_LID1_STA1_CFC64_OH0,0126_0105,A,0.5115993022918701,-0.0007626310689374804,0.5,0.0,-11.770909217969578,-2.266265358799455,-2.931744539652156,23.305029089595227
1769385968.8446972,1769385968844705980,Sr02_gA_IMG1_LID1_STA1_CFC64_OH0,0126_0105,A,0.4834436774253845,-0.007494550663977861,0.5,0.0,-11.844272383672019,-2.2818488431535346,-2.9325180656614367,23.24471958654162
1769385968.9604373,1769385968960445018,Sr02_gA_IMG1_LID1_STA1_CFC64_OH0,0126_0105,A,0.48300492763519287,0.010008719749748707,0.5,0.0,-11.893182867919894,-2.292229796104041,-2.932231198913295,23.204555942729748
1769385969.0835454,1769385969083552588,Sr02_gA_IMG1_LID1_STA1_CFC64_OH0,0126_0105,A,0.4992401599884033,-0.014970029704272747,0.5,0.0,-11.942090095830174,-2.3026260809033,-2.9321852728846207,23.16443994683269
1769385969.201529,1769385969201537789,Sr02_gA_IMG1_LID1_STA1_CFC64_OH0,0126_0105,A,0.5151870846748352,-0.022901199758052826,0.5,0.0,-12.0154596221672,-2.318179552356776,-2.933738706656714,23.10431317756453
1769385969.3223534,1769385969322360963,Sr02_gA_IMG1_LID1_STA1_CFC64_OH0,0126_0105,A,0.5011787414550781,-0.000728192157112062,0.5,0.0,-12.064385473662787,-2.328487837004558,-2.934000627572888,23.064239905093693
1769385969.439301,1769385969439309399,Sr02_gA_IMG1_LID1_STA1_CFC64_OH0,0126_0105,A,0.5092359781265259,-0.0028375701513141394,0.5,0.0,-12.137776324518027,-2.3439404189340522,-2.934196039812611,23.004196837079924
1769385969.5596218,1769385969559629100,Sr02_gA_IMG1_LID1_STA1_CFC64_OH0,0126_0105,A,0.5080448389053345,0.00012807082384824753,0.5,0.0,-12.186708689947658,-2.3542177327557394,-2.9349454922190277,22.96420200411263
1769385969.6774693,1769385969677477374,Sr02_gA_IMG1_LID1_STA1_CFC64_OH0,0126_0105,A,0.5161525011062622,-0.003381905145943165,0.5,0.0,-12.235644348228613,-2.364479356770176,-2.9344697325264106,22.92423680454933
1769385969.7951763,1769385969795183852,Sr02_gA_IMG1_LID1_STA1_CFC64_OH0,0126_0105,A,0.494439959526062,0.008716564625501633,0.5,0.0,-12.309040159131593,-2.3799083379937054,-2.93521649168156,22.864385567193064
1769385969.9140215,1769385969914029156,Sr02_gA_IMG1_LID1_STA1_CFC64_OH0,0126_0105,A,0.5083619952201843,-0.004947985522449017,0.5,0.0,-12.357990073252754,-2.3901016945711784,-2.9374272902718075,22.824477337882477
1769385970.0327003,1769385970032708078,Sr02_gA_IMG1_LID1_STA1_CFC64_OH0,0126_0105,A,0.5052057504653931,-0.006165897473692894,0.5,0.0,-12.406959143991228,-2.4002026641238228,-2.9383870451806775,22.78455200428282
1769385970.156863,1769385970156872070,Sr02_gA_IMG1_LID1_STA1_CFC64_OH0,0126_0105,A,0.503835916519165,0.0060240114107728004,0.5,0.0,-12.480418104070376,-2.415328152716551,-2.938728303419257,22.724722740393293
1769385970.276315,1769385970276321858,Sr02_gA_IMG1_LID1_STA1_CFC64_OH0,0126_0105,A,0.48956021666526794,-0.001045432174578309,0.5,0.0,-12.529393249151243,-2.4253996395507778,-2.938774811349538,22.684879142046274
1769385970.393568,1769385970393575136,Sr02_gA_IMG1_LID1_STA1_CFC64_OH0,0126_0105,A,0.49652335047721863,-0.003970511723309755,0.5,0.0,-12.602858799627592,-2.440493084165531,-2.939211894201397,22.625180833640357
1769385970.511553,1769385970511561299,Sr02_gA_IMG1_LID1_STA1_CFC64_OH0,0126_0105,A,0.5077964067459106,0.0021501537412405014,0.5,0.0,-12.651835108481768,-2.4505589029140213,-2.938461232922011,22.585434844979112
1769385970.6302629,1769385970630270798,Sr02_gA_IMG1_LID1_STA1_CFC64_OH0,0126_0105,A,0.5118607878684998,-0.00223170081153512,0.5,0.0,-12.70080827340955,-2.4606400117409235,-2.9388193749310534,22.54573917059426
1769385970.7512908,1769385970751297905,Sr02_gA_IMG1_LID1_STA1_CFC64_OH0,0126_0105,A,0.5238145589828491,0.004432551562786102,0.5,0.0,-12.774277995140562,-2.4757131302412057,-2.9396955407089607,22.486242502144453
1769385970.8762608,1769385970876269452,Sr02_gA_IMG1_LID1_STA1_CFC64_OH0,0126_0105,A,0.5178759694099426,0.0029661934822797775,0.5,0.0,-12.823261567260955,-2.4857435486429553,-2.939336947659494,22.446618240154834
1769385970.9981768,1769385970998184275,Sr02_gA_IMG1_LID1_STA1_CFC64_OH0,0126_0105,A,0.5141651630401611,-0.011489451862871647,0.5,0.0,-12.896731951403977,-2.500813450168755,-2.9393523681795277,22.387274898851416
1769385971.1174567,1769385971117464465,Sr02_gA_IMG1_LID1_STA1_CFC64_OH0,0126_0105,A,0.5219703316688538,-0.009755678474903107,0.5,0.0,-12.945714614146643,-2.510848309511665,-2.9397201657165533,22.34775760953026
1769385971.2353795,1769385971235388060,Sr02_gA_IMG1_LID1_STA1_CFC64_OH0,0126_0105,A,0.5038617849349976,-0.021939218044281006,0.5,0.0,-12.994698758780617,-2.5208759338166167,-2.93956636193211,22.30827784819053
1769385971.3564212,1769385971356428993,Sr02_gA_IMG1_LID1_STA1_CFC64_OH0,0126_0105,A,0.5000304579734802,-0.0281563401222229,0.5,0.0,-13.068173637058308,-2.5359239077707834,-2.939725839257936,22.24914164611902
1769385971.4727886,1769385971472800276,Sr02_gA_IMG1_LID1_STA1_CFC64_OH0,0126_0105,A,0.5151682496070862,-0.00624896539375186,0.5,0.0,-13.117157313770464,-2.5459538164553135,-2.9394158747554298,22.209769433102192
1769385971.5940251,1769385971594033870,Sr02_gA_IMG1_LID1_STA1_CFC64_OH0,0126_0105,A,0.5093762874603271,-0.006194873712956905,0.5,0.0,-13.190625928372587,-2.5610323395162773,-2.9389416182252805,22.150812774548083
1769385971.7144103,1769385971714418182,Sr02_gA_IMG1_LID1_STA1_CFC64_OH0,0126_0105,A,0.5033774375915527,-0.004959557205438614,0.5,0.0,-13.239608518245918,-2.5710675424053666,-2.940090550470937,22.11155148458621
1769385971.8349757,1769385971834988963,Sr02_gA_IMG1_LID1_STA1_CFC64_OH0,0126_0105,A,0.5017465353012085,-0.007095379754900932,0.5,0.0,-13.288602294718292,-2.5810479895773444,-2.9411354688709386,22.072298948650243
1769385971.9494941,1769385971949501489,Sr02_gA_IMG1_LID1_STA1_CFC64_OH0,0126_0105,A,0.5074698328971863,0.005656045861542225,0.5,0.0,-13.362118646349481,-2.595891882144512,-2.9439389960871667,22.01342154335499
1769385972.0704713,1769385972070480626,Sr02_gA_IMG1_LID1_STA1_CFC64_OH0,0126_0105,A,0.5092087984085083,-0.003414223901927471,0.5,0.0,-13.411157811661868,-2.6056467973240856,-2.9466302784988354,21.97413530347276
1769385972.1908205,1769385972190829090,Sr02_gA_IMG1_LID1_STA1_CFC64_OH0,0126_0105,A,0.5090700387954712,-0.0034511687699705362,0.5,0.0,-13.460217388944303,-2.6152986050423768,-2.9476933375568675,21.934827557730276
1769385972.3113513,1769385972311360417,Sr02_gA_IMG1_LID1_STA1_CFC64_OH0,0126_0105,A,0.49824175238609314,-0.0092454943805933,0.5,0.0,-13.53381864686764,-2.629715737636651,-2.948625271715591,21.875909513386308
1769385972.4324524,1769385972432461513,Sr02_gA_IMG1_LID1_STA1_CFC64_OH0,0126_0105,A,0.5068464279174805,-0.006245560012757778,0.5,0.0,-13.582892994311734,-2.6392921698901923,-2.9491212275702248,21.836663488587998
1769385972.5528553,1769385972552862956,Sr02_gA_IMG1_LID1_STA1_CFC64_OH0,0126_0105,A,0.5067569017410278,-0.0061333514750003815,0.5,0.0,-13.656514576761403,-2.6536051510080023,-2.949972591389321,21.77784436734134
1769385972.6735187,1769385972673526592,Sr02_gA_IMG1_LID1_STA1_CFC64_OH0,0126_0105,A,0.49233195185661316,-0.009931886568665504,0.5,0.0,-13.705596727253173,-2.66314150877825,-2.949406990444856,21.738683386345237
1769385972.7924602,1769385972792471432,Sr02_gA_IMG1_LID1_STA1_CFC64_OH0,0126_0105,A,0.4989839494228363,-0.007879246026277542,0.5,0.0,-13.77921714747311,-2.6774604792223498,-2.9497377111533685,21.68003467167338
1769385972.9133086,1769385972913318181,Sr02_gA_IMG1_LID1_STA1_CFC64_OH0,0126_0105,A,0.49716734886169434,-0.0009478968568146229,0.5,0.0,-13.828301399731828,-2.6869860153429492,-2.9500828274376296,21.640978610262444
1769385973.0346763,1769385973034684154,Sr02_gA_IMG1_LID1_STA1_CFC64_OH0,0126_0105,A,0.4971378743648529,-0.0009624856757000089,0.5,0.0,-13.87739168767138,-2.696480389193562,-2.9510073709297053,21.601947802957614
1769385973.158329,1769385973158336395,Sr02_gA_IMG1_LID1_STA1_CFC64_OH0,0126_0105,A,0.5033887624740601,0.006293829530477524,0.5,0.0,-13.951041489579419,-2.7106474464250203,-2.952034203578738,21.543439023361884
1769385973.2751951,1769385973275203649,Sr02_gA_IMG1_LID1_STA1_CFC64_OH0,0126_0105,A,0.4987836480140686,0.001793768722563982,0.5,0.0,-14.00014876807564,-2.7200535509861252,-2.952649781976032,21.50446539302832
1769385973.3970208,1769385973397028813,Sr02_gA_IMG1_LID1_STA1_CFC64_OH0,0126_0105,A,0.502090334892273,0.004981900565326214,0.5,0.0,-14.073823484271552,-2.7340904479741224,-2.9540635890404157,21.446044500996468
1769385973.5197208,1769385973519728868,Sr02_gA_IMG1_LID1_STA1_CFC64_OH0,0126_0105,A,0.5020421147346497,0.005033036228269339,0.5,0.0,-14.122950543185292,-2.7433926862079314,-2.954851513925009,21.407119005259784
1769385973.639238,1769385973639247085,Sr02_gA_IMG1_LID1_STA1_CFC64_OH0,0126_0105,A,0.495131254196167,0.008827265352010727,0.5,0.0,-14.172081704216016,-2.7526732409858456,-2.954946308759521,21.368225711276157
1769385973.757629,1769385973757636784,Sr02_gA_IMG1_LID1_STA1_CFC64_OH0,0126_0105,A,0.4962075352668762,0.0025853225961327553,0.5,0.0,-14.245780104392582,-2.7665852893064025,-2.9550902436997424,21.309967003398324
1769385973.87831,1769385973878317661,Sr02_gA_IMG1_LID1_STA1_CFC64_OH0,0126_0105,A,0.4962283968925476,0.002648328896611929,0.5,0.0,-14.294911332140464,-2.775865487439318,-2.954605993395202,21.271189668062316
1769385973.996665,1769385973996672806,Sr02_gA_IMG1_LID1_STA1_CFC64_OH0,0126_0105,A,0.4822682738304138,-0.00013987766578793526,0.5,0.0,-14.368600943887236,-2.7898240103998777,-2.9542469240146887,21.21313638485141
1769385974.1196105,1769385974119620065,Sr02_gA_IMG1_LID1_STA1_CFC64_OH0,0126_0105,A,0.49170392751693726,-0.00016884692013263702,0.5,0.0,-14.417723721943128,-2.7991488325114307,-2.953748737212533,21.174505732564775
1769385974.2400143,1769385974240022600,Sr02_gA_IMG1_LID1_STA1_CFC64_OH0,0126_0105,A,0.4971398711204529,-0.007205348461866379,0.5,0.0,-14.46684183665773,-2.8084981874271375,-2.953246968519414,21.13593865859831
1769385974.3651292,1769385974365136594,Sr02_gA_IMG1_LID1_STA1_CFC64_OH0,0126_0105,A,0.4971833825111389,-0.007272754330188036,0.5,0.0,-14.540507606591817,-2.8225819679687154,-2.9520367104731555,21.07821699646434
1769385974.4871423,1769385974487149360,Sr02_gA_IMG1_LID1_STA1_CFC64_OH0,0126_0105,A,0.5024847984313965,-0.008294629864394665,0.5,0.0,-14.589610226038742,-2.8320123672302597,-2.951715754534629,21.03982332967818
1769385974.6046784,1769385974604687261,Sr02_gA_IMG1_LID1_STA1_CFC64_OH0,0126_0105,A,0.49949565529823303,-0.002300392836332321,0.5,0.0,-14.663259485231292,-2.8461822590211003,-2.9513197660219856,20.98234041564642
1769385974.7284238,1769385974728432146,Sr02_gA_IMG1_LID1_STA1_CFC64_OH0,0126_0105,A,0.49876561760902405,-0.003634619526565075,0.5,0.0,-14.712357181301398,-2.855638258368518,-2.9513337516321503,20.944086203378248
1769385974.8471057,1769385974847114294,Sr02_gA_IMG1_LID1_STA1_CFC64_OH0,0126_0105,A,0.49876999855041504,-0.003655119799077511,0.5,0.0,-14.786004126127802,-2.869820176378847,-2.9514989343640505,20.886796572134863
1769385974.9677455,1769385974967753213,Sr02_gA_IMG1_LID1_STA1_CFC64_OH0,0126_0105,A,0.4953342080116272,-0.031233999878168106,0.5,0.0,-14.83510684895451,-2.8792500324651513,-2.9522194676143814,20.8486496000414
1769385975.0931304,1769385975093138075,Sr02_gA_IMG1_LID1_STA1_CFC64_OH0,0126_0105,A,0.4880944788455963,-0.01187489926815033,0.5,0.0,-14.884216379189231,-2.8886443718761887,-2.952946067748727,20.810529401078202
1769385975.214501,1769385975214508716,Sr02_gA_IMG1_LID1_STA1_CFC64_OH0,0126_0105,A,0.4880353808403015,-0.011911371722817421,0.5,0.0,-14.95789392894332,-2.9026663998469915,-2.9541391657183373,20.753397769648465
1769385975.3375206,1769385975337528791,Sr02_gA_IMG1_LID1_STA1_CFC64_OH0,0126_0105,A,0.48824742436408997,-0.011818902567029,0.5,0.0,-15.007019096275418,-2.9119786287239697,-2.9543692092125142,20.715349663523952
1769385975.4541128,1769385975454120107,Sr02_gA_IMG1_LID1_STA1_CFC64_OH0,0126_0105,A,0.5003061294555664,-0.007677661255002022,0.5,0.0,-15.080711753558763,-2.925921061078142,-2.954874783483913,20.65835584887519
1769385975.5765505,1769385975576557570,Sr02_gA_IMG1_LID1_STA1_CFC64_OH0,0126_0105,A,0.5025050640106201,0.008542572148144245,0.5,0.0,-15.129844385849562,-2.935193822228737,-2.9552402948647827,20.62040928038667
1769385975.7013798,1769385975701386569,Sr02_gA_IMG1_LID1_STA1_CFC64_OH0,0126_0105,A,0.5024948716163635,0.008583436720073223,0.5,0.0,-15.178990691652618,-2.9443937336661508,-2.9580878802911372,20.582465871694797
1769385975.8276768,1769385975827685956,Sr02_gA_IMG1_LID1_STA1_CFC64_OH0,0126_0105,A,0.4990561008453369,-0.01913580670952797,0.5,0.0,-15.25275455256556,-2.9579542987842413,-2.9608370805287016,20.525488820748638
1769385975.945687,1769385975945697957,Sr02_gA_IMG1_LID1_STA1_CFC64_OH0,0126_0105,A,0.49320754408836365,-0.02367757260799408,0.5,0.0,-15.301945298262499,-2.966913647261996,-2.96202821572492,20.48751492254961
1769385976.068072,1769385976068080005,Sr02_gA_IMG1_LID1_STA1_CFC64_OH0,0126_0105,A,0.49630194902420044,0.004750661551952362,0.5,0.0,-15.3757512801502,-2.980243120191611,-2.9638038223512577,20.430578540925477
1769385976.191638,1769385976191645353,Sr02_gA_IMG1_LID1_STA1_CFC64_OH0,0126_0105,A,0.4963248372077942,0.004727539606392384,0.5,0.0,-15.424966871433186,-2.9890649754986747,-2.9646130027352555,20.392643137430063
1769385976.3131967,1769385976313206342,Sr02_gA_IMG1_LID1_STA1_CFC64_OH0,0126_0105,A,0.500102698802948,-0.01033409871160984,0.5,0.0,-15.498788958954286,-3.0023049885452395,-2.9634934248668627,20.33584265543394
1769385976.4318662,1769385976431873481,Sr02_gA_IMG1_LID1_STA1_CFC64_OH0,0126_0105,A,0.4938827455043793,-0.015029541216790676,0.5,0.0,-15.547994258690482,-3.0111840654880813,-2.9626350826074557,20.29807622178057
1769385976.548806,1769385976548814262,Sr02_gA_IMG1_LID1_STA1_CFC64_OH0,0126_0105,A,0.493863970041275,-0.015077474527060986,0.5,0.0,-15.621805699511158,-3.024483219059382,-2.96476468372903,20.241513038680235
1769385976.6753595,1769385976675368608,Sr02_gA_IMG1_LID1_STA1_CFC64_OH0,0126_0105,A,0.49100881814956665,-0.019903145730495453,0.5,0.0,-15.671036394525181,-3.0332203343296955,-2.9671324368477787,20.20378474950638
1769385976.7929683,1769385976792974777,Sr02_gA_IMG1_LID1_STA1_CFC64_OH0,0126_0105,A,0.4966947138309479,-0.004016462247818708,0.5,0.0,-15.720277692336564,-3.0418975594480386,-2.9669416750993203,20.16606984076018
1769385976.9164245,1769385976916431381,Sr02_gA_IMG1_LID1_STA1_CFC64_OH0,0126_0105,A,0.4956860840320587,0.004350061994045973,0.5,0.0,-15.794132159330374,-3.0549557665188387,-2.96638222824486,20.109626313702808
1769385977.0363195,1769385977036328558,Sr02_gA_IMG1_LID1_STA1_CFC64_OH0,0126_0105,A,0.4963902533054352,0.004299335181713104,0.5,0.0,-15.843371144907971,-3.0636460921561204,-2.9674156332170125,20.072054647849857
1769385977.1553693,1769385977155376162,Sr02_gA_IMG1_LID1_STA1_CFC64_OH0,0126_0105,A,0.505518913269043,-0.014050228521227837,0.5,0.0,-15.91724930434194,-3.0765695054246303,-2.969530152705313,20.01572381580375
1769385977.2745593,1769385977274566793,Sr02_gA_IMG1_LID1_STA1_CFC64_OH0,0126_0105,A,0.5029293894767761,-0.009239858016371727,0.5,0.0,-15.966517422862626,-3.0850931024790453,-2.971037897689142,19.978176307258742
1769385977.3952448,1769385977395252840,Sr02_gA_IMG1_LID1_STA1_CFC64_OH0,0126_0105,A,0.49570006132125854,0.012787443585693836,0.5,0.0,-16.01579998378992,-3.093532774095296,-2.972979948681202,19.94062713299089
1769385977.5166938,1769385977516701708,Sr02_gA_IMG1_LID1_STA1_CFC64_OH0,0126_0105,A,0.4928279221057892,0.014532393775880337,0.5,0.0,-16.089747026121646,-3.1060560987578425,-2.9741342350034747,19.884314684148105
1769385977.633321,1769385977633328500,Sr02_gA_IMG1_LID1_STA1_CFC64_OH0,0126_0105,A,0.5052139163017273,-0.025344401597976685,0.5,0.0,-16.1390457875167,-3.114400663967453,-2.973699231297989,19.846838838072628
1769385977.7520607,1769385977752068106,Sr02_gA_IMG1_LID1_STA1_CFC64_OH0,0126_0105,A,0.49590083956718445,-0.0011729520047083497,0.5,0.0,-16.212987142429665,-3.1269575395716847,-2.9730528102348286,19.790755850514316
1769385977.8746843,1769385977874692499,Sr02_gA_IMG1_LID1_STA1_CFC64_OH0,0126_0105,A,0.4959671199321747,0.0021342593245208263,0.5,0.0,-16.262283095998477,-3.135318655563424,-2.974274321411047,19.753430088291214
1769385977.9935167,1769385977993525790,Sr02_gA_IMG1_LID1_STA1_CFC64_OH0,0126_0105,A,0.491902232170105,0.0048192646354436874,0.5,0.0,-16.31158905791375,-3.1436205601290577,-2.975246413008526,19.71612041803647
1769385978.1124797,1769385978112488524,Sr02_gA_IMG1_LID1_STA1_CFC64_OH0,0126_0105,A,0.5071070194244385,-0.05014573782682419,0.5,0.0,-16.38555133640769,-3.156053566563041,-2.9741919585763585,19.660248135670635
1769385978.2359636,1769385978235971909,Sr02_gA_IMG1_LID1_STA1_CFC64_OH0,0126_0105,A,0.5018346309661865,-0.002698741387575865,0.5,0.0,-16.434846322148,-3.1644203833902544,-2.97273872194741,19.6231239109728
1769385978.3553767,1769385978355384507,Sr02_gA_IMG1_LID1_STA1_CFC64_OH0,0126_0105,A,0.5010659098625183,-0.001974554732441902,0.5,0.0,-16.50878673601873,-3.1769391949860566,-2.9757169274818978,19.567529871681334
1769385978.4790027,1769385978479017521,Sr02_gA_IMG1_LID1_STA1_CFC64_OH0,0126_0105,A,0.4895297586917877,-0.0015873576048761606,0.5,0.0,-16.558102817667727,-3.1851807824205296,-2.9760759550869413,19.530463962707177
1769385978.605251,1769385978605259661,Sr02_gA_IMG1_LID1_STA1_CFC64_OH0,0126_0105,A,0.49569469690322876,-0.0026829286944121122,0.5,0.0,-16.607418861787224,-3.1934225945212553,-2.97589560409361,19.4934559761487
1769385978.7302563,1769385978730263828,Sr02_gA_IMG1_LID1_STA1_CFC64_OH0,0126_0105,A,0.4905146658420563,-0.017240438610315323,0.5,0.0,-16.681377239237,-3.2058101233854766,-2.9756574930775246,19.43807969930412
1769385978.851899,1769385978851907662,Sr02_gA_IMG1_LID1_STA1_CFC64_OH0,0126_0105,A,0.4893486201763153,-0.016912847757339478,0.5,0.0,-16.730710951982978,-3.213945183164329,-2.9806720374359648,19.401144554607775
1769385978.9743733,1769385978974381292,Sr02_gA_IMG1_LID1_STA1_CFC64_OH0,0126_0105,A,0.49468302726745605,0.0004684890154749155,0.5,0.0,-16.804744817275584,-3.2258746921791692,-2.982109748595479,19.34567447559161
1769385979.0924017,1769385979092410445,Sr02_gA_IMG1_LID1_STA1_CFC64_OH0,0126_0105,A,0.4887905716896057,-0.0038264039903879166,0.5,0.0,-16.85411112905694,-3.2338098629919223,-2.982314446154618,19.30874920055241
1769385979.2172363,1769385979217242669,Sr02_gA_IMG1_LID1_STA1_CFC64_OH0,0126_0105,A,0.48933789134025574,0.016566075384616852,0.5,0.0,-16.928163240227992,-3.2456961614342092,-2.982567376755197,19.25346068824136
1769385979.336847,1769385979336856294,Sr02_gA_IMG1_LID1_STA1_CFC64_OH0,0126_0105,A,0.4885062575340271,0.021500982344150543,0.5,0.0,-16.977533403922006,-3.2536073310586144,-2.982835668952424,19.216666981499287
1769385979.4580972,1769385979458105738,Sr02_gA_IMG1_LID1_STA1_CFC64_OH0,0126_0105,A,0.5056416988372803,-0.020896445959806442,0.5,0.0,-17.051602292358087,-3.2653885090730506,-2.985130569652727,19.16152973071478
1769385979.5752196,1769385979575227488,Sr02_gA_IMG1_LID1_STA1_CFC64_OH0,0126_0105,A,0.4524003565311432,0.014055510051548481,0.5,0.0,-17.10099809216675,-3.2731379637789484,-2.9868218519129157,19.12477465661491
1769385979.6972644,1769385979697272565,Sr02_gA_IMG1_LID1_STA1_CFC64_OH0,0126_0105,A,0.44753745198249817,0.011929587461054325,0.5,0.0,-17.150400252988806,-3.2808468021424857,-2.9867750163881754,19.08805183645626
1769385979.819781,1769385979819789125,Sr02_gA_IMG1_LID1_STA1_CFC64_OH0,0126_0105,A,0.49905329942703247,-0.01111669559031725,0.5,0.0,-17.22450481894346,-3.2924015624556127,-2.9871771773223155,19.03307517947045
1769385979.9395313,1769385979939539998,Sr02_gA_IMG1_LID1_STA1_CFC64_OH0,0126_0105,A,0.42653921246528625,0.024106308817863464,0.5,0.0,-17.27390633926777,-3.300114475264688,-2.9859284370175687,18.99650691893839
1769385980.058248,1769385980058255738,Sr02_gA_IMG1_LID1_STA1_CFC64_OH0,0126_0105,A,0.46183642745018005,0.018940642476081848,0.5,0.0,-17.347981695985943,-3.3118548349031802,-2.98280199669546,18.941888296419425
1769385980.1756861,1769385980175695425,Sr02_gA_IMG1_LID1_STA1_CFC64_OH0,0126_0105,A,0.5187140703201294,0.011241121217608452,0.5,0.0,-17.397349323718938,-3.3197096162960955,-2.9848498272497346,18.905582425418213
1769385980.299085,1769385980299091676,Sr02_gA_IMG1_LID1_STA1_CFC64_OH0,0126_0105,A,0.5194311141967773,0.016577601432800293,0.5,0.0,-17.446730867941337,-3.3275494097955653,-2.9834443052885624,18.869319167937675
1769385980.4208405,1769385980420849333,Sr02_gA_IMG1_LID1_STA1_CFC64_OH0,0126_0105,A,0.5056796669960022,-0.017335793003439903,0.5,0.0,-17.52078342374988,-3.3394328717103576,-2.981569831704939,18.81512907331768
1769385980.5406349,1769385980540642595,Sr02_gA_IMG1_LID1_STA1_CFC64_OH0,0126_0105,A,0.5052635073661804,-0.01659362018108368,0.5,0.0,-17.5701457240056,-3.347392948313702,-2.9822205569042017,18.77910841906767
1769385980.6608644,1769385980660872075,Sr02_gA_IMG1_LID1_STA1_CFC64_OH0,0126_0105,A,0.5002877116203308,-0.02226165309548378,0.5,0.0,-17.644181476237485,-3.3593804963728733,-2.9793091023836964,18.725231338853643
1769385980.7786913,1769385980778700791,Sr02_gA_IMG1_LID1_STA1_CFC64_OH0,0126_0105,A,0.5144203305244446,-0.009687844663858414,0.5,0.0,-17.69351683780867,-3.3675058292289246,-2.9774150372811996,18.689488837314943
1769385980.9043999,1769385980904408578,Sr02_gA_IMG1_LID1_STA1_CFC64_OH0,0126_0105,A,0.4933064877986908,0.008920056745409966,0.5,0.0,-17.742839886113487,-3.3757056051702774,-2.976290921106322,18.65386482292043
1769385981.022705,1769385981022712576,Sr02_gA_IMG1_LID1_STA1_CFC64_OH0,0126_0105,A,0.49932968616485596,0.005399421323090792,0.5,0.0,-17.81680390928967,-3.388128159244938,-2.973964383186567,18.600640729840954
1769385981.1389675,1769385981138974814,Sr02_gA_IMG1_LID1_STA1_CFC64_OH0,0126_0105,A,0.5133800506591797,0.0030537438578903675,0.5,0.0,-17.86610520105743,-3.396457737620046,-2.975019666922502,18.56527588681363
1769385981.2625067,1769385981262514915,Sr02_gA_IMG1_LID1_STA1_CFC64_OH0,0126_0105,A,0.4922899603843689,-0.01285242848098278,0.5,0.0,-17.915420102068268,-3.4047063521818677,-2.976693870225737,18.529920311023222
1769385981.3838902,1769385981383898340,Sr02_gA_IMG1_LID1_STA1_CFC64_OH0,0126_0105,A,0.5135514736175537,-0.009066211059689522,0.5,0.0,-17.989420262261596,-3.4169117199861714,-2.979749707209105,18.47689338695386
1769385981.5037377,1769385981503745623,Sr02_gA_IMG1_LID1_STA1_CFC64_OH0,0126_0105,A,0.505744457244873,-0.006613156758248806,0.5,0.0,-18.038770753767523,-3.424944681814184,-2.980718499712434,18.441552171909944
1769385981.6229932,1769385981622999934,Sr02_gA_IMG1_LID1_STA1_CFC64_OH0,0126_0105,A,0.49105599522590637,-0.025586843490600586,0.5,0.0,-18.11280031586357,-3.436970597522035,-2.979938743757097,18.38865098512538
1769385981.7426896,1769385981742697125,Sr02_gA_IMG1_LID1_STA1_CFC64_OH0,0126_0105,A,0.4934171140193939,0.005071754567325115,0.5,0.0,-18.162145748472756,-3.4450345849890196,-2.979328387220733,18.35350275844586
1769385981.864036,1769385981864051385,Sr02_gA_IMG1_LID1_STA1_CFC64_OH0,0126_0105,A,0.4959527254104614,0.007029245607554913,0.5,0.0,-18.23615723579329,-3.4571712618446337,-2.978823411123666,18.30093943141915
1769385981.9841874,1769385981984194654,Sr02_gA_IMG1_LID1_STA1_CFC64_OH0,0126_0105,A,0.49658477306365967,-0.013432459905743599,0.5,0.0,-18.285501541258004,-3.465242126530549,-2.9801086396982694,18.265969580525272
1769385982.1017754,1769385982101783580,Sr02_gA_IMG1_LID1_STA1_CFC64_OH0,0126_0105,A,0.48966601490974426,-0.02127900719642639,0.5,0.0,-18.334855437355262,-3.4732541436549194,-2.981128848555057,18.231027067230983
1769385982.2215145,1769385982221522731,Sr02_gA_IMG1_LID1_STA1_CFC64_OH0,0126_0105,A,0.4885326027870178,-0.007507052272558212,0.5,0.0,-18.408898651217804,-3.4851957209840085,-2.982194413832491,18.178689642398428
1769385982.342271,1769385982342278658,Sr02_gA_IMG1_LID1_STA1_CFC64_OH0,0126_0105,A,0.5099748969078064,0.0015372051857411861,0.5,0.0,-18.45827220618532,-3.4930856245623847,-2.984373606364463,18.14383464493973
1769385982.4592388,1769385982459246770,Sr02_gA_IMG1_LID1_STA1_CFC64_OH0,0126_0105,A,0.49587732553482056,0.011072298511862755,0.5,0.0,-18.507655823733643,-3.500912370921305,-2.9841730406756337,18.109004648916148
1769385982.57742,1769385982577429541,Sr02_gA_IMG1_LID1_STA1_CFC64_OH0,0126_0105,A,0.42670249938964844,-0.06902046501636505,0.5,0.0,-18.581723201524255,-3.512703146282779,-2.983216531449081,18.056930236980197
1769385982.7040484,1769385982704057364,Sr02_gA_IMG1_LID1_STA1_CFC64_OH0,0126_0105,A,0.4539739191532135,-0.04936874657869339,0.5,0.0,-18.631098612189277,-3.520581490193542,-2.9839459094259912,18.022316803852377
1769385982.8275282,1769385982827535919,Sr02_gA_IMG1_LID1_STA1_CFC64_OH0,0126_0105,A,0.5152309536933899,0.0080091692507267,0.5,0.0,-18.7051847641013,-3.5322535488893294,-2.98690235324501,17.970425926582653
1769385983.05875,1769385983058759053,Sr02_gA_IMG1_LID1_STA1_CFC64_OH0,0126_0105,A,0.5110549926757812,0.021867893636226654,0.5,0.0,-18.754591617658573,-3.539932244989027,-2.987790787106642,17.935847607279406
1769385983.1783886,1769385983178397655,Sr02_gA_IMG1_LID1_STA1_CFC64_OH0,0126_0105,A,0.5247470140457153,-0.03380034118890762,0.5,0.0,-18.878110434967198,-3.55911811092946,-2.986543435309382,17.849713518156502
1769385983.3002112,1769385983300222668,Sr02_gA_IMG1_LID1_STA1_CFC64_OH0,0126_0105,A,0.48922112584114075,0.00646466389298439,0.5,0.0,-18.927500688451694,-3.566690348229732,-2.992867702742652,17.815339797468408
1769385983.4154294,1769385983415437781,Sr02_gA_IMG1_LID1_STA1_CFC64_OH0,0126_0105,A,0.4908362329006195,-0.008103389292955399,0.5,0.0,-19.001718941204448,-3.577489528666418,-3.0008625682431633,17.7634687491174
1769385983.5307102,1769385983530718378,Sr02_gA_IMG1_LID1_STA1_CFC64_OH0,0126_0105,A,0.47179943323135376,0.0038761901669204235,0.5,0.0,-19.051215696136722,-3.584486389035588,-3.0008189384411144,17.72884071930216
1769385983.6516533,1769385983651661005,Sr02_gA_IMG1_LID1_STA1_CFC64_OH0,0126_0105,A,0.48206827044487,0.0015708953142166138,0.5,0.0,-19.100718264970144,-3.59152167355285,-3.0000180228268136,17.69430538976135
1769385983.7735646,1769385983773572891,Sr02_gA_IMG1_LID1_STA1_CFC64_OH0,0126_0105,A,0.5072649717330933,0.014922871254384518,0.5,0.0,-19.174945445207047,-3.602180648032173,-2.9978130710498356,17.64272817711229
1769385983.8967242,1769385983896732658,Sr02_gA_IMG1_LID1_STA1_CFC64_OH0,0126_0105,A,0.4898577332496643,-0.053957030177116394,0.5,0.0,-19.22444153053179,-3.6092612417548624,-3.001193078150788,17.608412190600447
1769385984.0157917,1769385984015799768,Sr02_gA_IMG1_LID1_STA1_CFC64_OH0,0126_0105,A,0.49036791920661926,-0.06126708909869194,0.5,0.0,-19.29870344282241,-3.619708124660379,-3.0017472129453737,17.556956638334903
1769385984.1339169,1769385984133924059,Sr02_gA_IMG1_LID1_STA1_CFC64_OH0,0126_0105,A,0.4956558644771576,-0.009690451435744762,0.5,0.0,-19.348218135687684,-3.6266575661205187,-3.0025575496852004,17.5227325372006
1769385984.2549293,1769385984254937800,Sr02_gA_IMG1_LID1_STA1_CFC64_OH0,0126_0105,A,0.5145055055618286,-0.013308733701705933,0.5,0.0,-19.397735086794274,-3.633590906535276,-3.002289736067843,17.48857252539958
1769385984.376959,1769385984376967146,Sr02_gA_IMG1_LID1_STA1_CFC64_OH0,0126_0105,A,0.49882861971855164,-0.008445498533546925,0.5,0.0,-19.47200645183115,-3.64401988401283,-3.0018283765802654,17.43749729860337
1769385984.4981043,1769385984498112684,Sr02_gA_IMG1_LID1_STA1_CFC64_OH0,0126_0105,A,0.4909694790840149,-0.020389653742313385,0.5,0.0,-19.521513676202897,-3.6510223088833813,-3.00033609474012,17.403580389075966
1769385984.6205814,1769385984620589219,Sr02_gA_IMG1_LID1_STA1_CFC64_OH0,0126_0105,A,0.46581244468688965,-0.016099780797958374,0.5,0.0,-19.5957606820975,-3.6614348209602703,-3.0061477887109516,17.352803596049906
1769385984.7445676,1769385984744575447,Sr02_gA_IMG1_LID1_STA1_CFC64_OH0,0126_0105,A,0.48512768745422363,-0.0017733738059177995,0.5,0.0,-19.645323119242402,-3.6680345698735737,-3.0122744871664824,17.31878241038405
1769385984.8639653,1769385984863972565,Sr02_gA_IMG1_LID1_STA1_CFC64_OH0,0126_0105,A,0.48899927735328674,-0.0029445020481944084,0.5,0.0,-19.694901464562626,-3.674427575718729,-3.013881285230517,17.284694544111698
1769385984.9841359,1769385984984143575,Sr02_gA_IMG1_LID1_STA1_CFC64_OH0,0126_0105,A,0.48777857422828674,-0.016493763774633408,0.5,0.0,-19.76929894011927,-3.683915106266457,-3.015684228611808,17.233619799226712
1769385985.1057074,1769385985105718579,Sr02_gA_IMG1_LID1_STA1_CFC64_OH0,0126_0105,A,0.5020225644111633,-0.019189652055501938,0.5,0.0,-19.818905782469294,-3.6901729594501558,-3.0165287781199135,17.199617674869707
1769385985.222937,1769385985222944525,Sr02_gA_IMG1_LID1_STA1_CFC64_OH0,0126_0105,A,0.5101178288459778,0.01672472059726715,0.5,0.0,-19.89333121476331,-3.6994385097683344,-3.019228887969069,17.148671576617815
1769385985.3445985,1769385985344605751,Sr02_gA_IMG1_LID1_STA1_CFC64_OH0,0126_0105,A,0.47761332988739014,0.016650941222906113,0.5,0.0,-19.94296249449011,-3.7054994674014887,-3.0208817653574833,17.114719805884043
1769385985.4624708,1769385985462480794,Sr02_gA_IMG1_LID1_STA1_CFC64_OH0,0126_0105,A,0.48160430788993835,0.009178321808576584,0.5,0.0,-19.99260000749676,-3.711509207381308,-3.021202377246147,17.08080893689341
1769385985.5841227,1769385985584132121,Sr02_gA_IMG1_LID1_STA1_CFC64_OH0,0126_0105,A,0.5239264369010925,-0.05349871143698692,0.5,0.0,-20.067058762481178,-3.720503261713722,-3.0215972058818594,17.030075999988238
1769385985.7078304,1769385985707838964,Sr02_gA_IMG1_LID1_STA1_CFC64_OH0,0126_0105,A,0.5247183442115784,-0.04744477942585945,0.5,0.0,-20.116702681500286,-3.7264598133037987,-3.022975584402801,16.996324397083143
1769385985.831447,1769385985831454506,Sr02_gA_IMG1_LID1_STA1_CFC64_OH0,0126_0105,A,0.5128591656684875,-0.06568428874015808,0.5,0.0,-20.1911878996432,-3.735231799007037,-3.025800107762491,16.945726229862633
1769385985.9577851,1769385985957793336,Sr02_gA_IMG1_LID1_STA1_CFC64_OH0,0126_0105,A,0.5086556673049927,-0.0403883159160614,0.5,0.0,-20.240850202121702,-3.741033081055344,-3.024486809058768,16.912059967959703
1769385986.0837429,1769385986083750941,Sr02_gA_IMG1_LID1_STA1_CFC64_OH0,0126_0105,A,0.5022445917129517,-0.0031396416015923023,0.5,0.0,-20.3153255134091,-3.7498888364351335,-3.0220631560575413,16.86182763274064
1769385986.2054303,1769385986205439488,Sr02_gA_IMG1_LID1_STA1_CFC64_OH0,0126_0105,A,0.5009732246398926,-0.004380018450319767,0.5,0.0,-20.364966009655426,-3.755873871091548,-3.021145323785884,16.828502779169387
1769385986.332413,1769385986332420984,Sr02_gA_IMG1_LID1_STA1_CFC64_OH0,0126_0105,A,0.49581512808799744,0.011568618007004261,0.5,0.0,-20.43943064619978,-3.7646896061127184,-3.0274732821865142,16.778560461263847
1769385986.460441,1769385986460449143,Sr02_gA_IMG1_LID1_STA1_CFC64_OH0,0126_0105,A,0.49219387769699097,-0.008438566699624062,0.5,0.0,-20.489118735607192,-3.770265335983984,-3.03221775246911,16.745135226986367
1769385986.5837138,1769385986583721091,Sr02_gA_IMG1_LID1_STA1_CFC64_OH0,0126_0105,A,0.5009456872940063,0.009874406270682812,0.5,0.0,-20.563708253461378,-3.7780984938761133,-3.0416350255665177,16.694755714822364
1769385986.7124476,1769385986712456507,Sr02_gA_IMG1_LID1_STA1_CFC64_OH0,0126_0105,A,0.5027532577514648,0.0028445469215512276,0.5,0.0,-20.613468610767693,-3.782987576086822,-3.045673855941448,16.66102408579344
1769385986.831192,1769385986831200710,Sr02_gA_IMG1_LID1_STA1_CFC64_OH0,0126_0105,A,0.5031120777130127,0.005423888098448515,0.5,0.0,-20.6881296936015,-3.790100415991767,-3.0469300846119287,16.61041683394257
1769385986.9495316,1769385986949539543,Sr02_gA_IMG1_LID1_STA1_CFC64_OH0,0126_0105,A,0.5001224279403687,0.0019866167567670345,0.5,0.0,-20.73790686605599,-3.794815577226149,-3.047368085720081,16.576761035617082
1769385987.0689433,1769385987068952832,Sr02_gA_IMG1_LID1_STA1_CFC64_OH0,0126_0105,A,0.5046393275260925,-0.0063682799227535725,0.5,0.0,-20.787682338204664,-3.799548628754851,-3.0462112380153856,16.543201221436334
1769385987.190515,1769385987190522616,Sr02_gA_IMG1_LID1_STA1_CFC64_OH0,0126_0105,A,0.5013695955276489,-0.011026374995708466,0.5,0.0,-20.86234099525072,-3.806695924171013,-3.046676719561242,16.493053360008552
1769385987.3086069,1769385987308616509,Sr02_gA_IMG1_LID1_STA1_CFC64_OH0,0126_0105,A,0.49223417043685913,-0.0025023063644766808,0.5,0.0,-20.91211515566593,-3.811442764641058,-3.04605555342216,16.459712920614738
1769385987.428462,1769385987428469834,Sr02_gA_IMG1_LID1_STA1_CFC64_OH0,0126_0105,A,0.5072502493858337,-0.023981835693120956,0.5,0.0,-20.986770665691342,-3.8186228759994183,-3.0454882697460297,16.409905906427547
1769385987.5494606,1769385987549468697,Sr02_gA_IMG1_LID1_STA1_CFC64_OH0,0126_0105,A,0.4983651340007782,-0.02161107212305069,0.5,0.0,-21.036538635312013,-3.823434198227658,-3.044945883797007,16.376826427305872
1769385987.6672494,1769385987667257518,Sr02_gA_IMG1_LID1_STA1_CFC64_OH0,0126_0105,A,0.5012385845184326,-0.021412283182144165,0.5,0.0,-21.086304819319473,-3.828263960545828,-3.044747219816057,16.34384689558408
1769385987.786173,1769385987786182901,Sr02_gA_IMG1_LID1_STA1_CFC64_OH0,0126_0105,A,0.490793377161026,-0.0014944246504455805,0.5,0.0,-21.160954735562154,-3.8355019862419444,-3.045368258528332,16.29453510067435
1769385987.907041,1769385987907048173,Sr02_gA_IMG1_LID1_STA1_CFC64_OH0,0126_0105,A,0.48000529408454895,0.060028839856386185,0.5,0.0,-21.210725670483257,-3.840282518399457,-3.0463777289111067,16.26173563488901
1769385988.0297835,1769385988029792190,Sr02_gA_IMG1_LID1_STA1_CFC64_OH0,0126_0105,A,0.4849896728992462,0.056353747844696045,0.5,0.0,-21.285388419585114,-3.8473869599000734,-3.0469235618681716,16.21265064711857
1769385988.1482043,1769385988148212396,Sr02_gA_IMG1_LID1_STA1_CFC64_OH0,0126_0105,A,0.4926723539829254,0.003131815232336521,0.5,0.0,-21.33517014736536,-3.8520536571825206,-3.0493217250789613,16.179984732706718
1769385988.268392,1769385988268400318,Sr02_gA_IMG1_LID1_STA1_CFC64_OH0,0126_0105,A,0.45597025752067566,-0.16954723000526428,0.5,-0.5,-21.384962386428995,-3.856606858132291,-3.051482830570671,16.147321087630168
1769385988.3916526,1769385988391660392,Sr02_gA_IMG1_LID1_STA1_CFC64_OH0,0126_0105,A,0.5072386264801025,-0.08846484869718552,0.5,0.0,-21.45966884149021,-3.8632355845274864,-3.054700631605373,16.09833924957635
1769385988.513001,1769385988513010143,Sr02_gA_IMG1_LID1_STA1_CFC64_OH0,0126_0105,A,0.5104418992996216,-0.09650938212871552,0.5,0.0,-21.509482076348977,-3.867553138943779,-3.055248445585706,16.065718785014834
1769385988.634801,1769385988634810650,Sr02_gA_IMG1_LID1_STA1_CFC64_OH0,0126_0105,A,0.5158277750015259,0.003237791359424591,0.5,0.0,-21.584168473276886,-3.874254982514539,-3.047721237686127,16.01713833187596
1769385988.759662,1769385988759669765,Sr02_gA_IMG1_LID1_STA1_CFC64_OH0,0126_0105,A,0.4934840202331543,-0.10458642989397049,0.5,0.0,-21.633934866725077,-3.8790819016916545,-3.0420858693065638,15.985134873666414
1769385988.883239,1769385988883247034,Sr02_gA_IMG1_LID1_STA1_CFC64_OH0,0126_0105,A,0.4854978024959564,-0.11195997893810272,0.5,0.0,-21.708517774172357,-3.8865514380015163,-3.042494186588247,15.937512378811112
1769385989.004776,1769385989004785710,Sr02_gA_IMG1_LID1_STA1_CFC64_OH0,0126_0105,A,0.4909703731536865,-0.1112314835190773,0.5,0.0,-21.758147273218498,-3.891140634369315,-3.0575949695116473,15.905669851408428
1769385989.1261165,1769385989126125713,Sr02_gA_IMG1_LID1_STA1_CFC64_OH0,0126_0105,A,0.4864977300167084,-0.12364399433135986,0.5,0.0,-21.807963269763714,-3.8950225896230775,-3.068535038726548,15.87328659236715
1769385989.2477946,1769385989247803850,Sr02_gA_IMG1_LID1_STA1_CFC64_OH0,0126_0105,A,0.49855881929397583,-0.03684789687395096,0.5,0.0,-21.88279947641542,-3.8999666779665625,-3.0828505258146675,15.824178528447566
1769385989.3725178,1769385989372524955,Sr02_gA_IMG1_LID1_STA1_CFC64_OH0,0126_0105,A,0.4750377833843231,-0.3075762391090393,0.5,-0.5,-21.93266701557409,-3.9028638975796452,-3.083488376512577,15.791284407413018
1769385989.49412,1769385989494128502,Sr02_gA_IMG1_LID1_STA1_CFC64_OH0,0126_0105,A,0.4717930853366852,-0.3507004678249359,0.5,-0.5,-22.007493248640433,-3.9069171337035606,-3.0947721184392196,15.741884528874529
1769385989.6165776,1769385989616584970,Sr02_gA_IMG1_LID1_STA1_CFC64_OH0,0126_0105,A,0.5130516290664673,-0.3226473033428192,0.5,-0.5,-22.057450508059706,-3.908977666401404,-3.1059680975835344,15.708551940069883
1769385989.7434373,1769385989743445709,Sr02_gA_IMG1_LID1_STA1_CFC64_OH0,0126_0105,A,0.4933004379272461,-0.48182767629623413,0.5,-0.5,-22.132421750660818,-3.911022534793389,-3.1226673632642408,15.657941206460261
1769385989.864648,1769385989864655097,Sr02_gA_IMG1_LID1_STA1_CFC64_OH0,0126_0105,A,0.49093642830848694,-0.5296984910964966,0.5,-0.5,-22.182417369346894,-3.911659668918455,-3.135031732976383,15.623775041853408
1769385989.9877675,1769385989987783755,Sr02_gA_IMG1_LID1_STA1_CFC64_OH0,0126_0105,A,0.47328153252601624,-0.4516688883304596,0.5,-0.5,-22.257351988043332,-3.9118956643018734,3.141016722502926,15.572205302705518
1769385990.1081502,1769385990108158176,Sr02_gA_IMG1_LID1_STA1_CFC64_OH0,0126_0105,A,0.49601709842681885,-0.32928940653800964,0.5,-0.5,-22.306816801667956,-3.9113948523611692,3.118465954639944,15.53779124316068
1769385990.2292109,1769385990229218043,Sr02_gA_IMG1_LID1_STA1_CFC64_OH0,0126_0105,A,0.4988316595554352,-0.3344559669494629,0.5,-0.5,-22.35675784290408,-3.909385814834962,3.083885372285018,15.502034458473611
1769385990.3446956,1769385990344703564,Sr02_gA_IMG1_LID1_STA1_CFC64_OH0,0126_0105,A,0.49270251393318176,-0.3752751052379608,0.5,-0.5,-22.431497429456805,-3.903230077668892,3.035207803170113,15.446371209506866
1769385990.4660652,1769385990466072891,Sr02_gA_IMG1_LID1_STA1_CFC64_OH0,0126_0105,A,0.49976709485054016,-0.24924452602863312,0.5,-0.5,-22.48089120536195,-3.8968900279786256,2.990515484186569,15.408013016492609
1769385990.5916188,1769385990591626228,Sr02_gA_IMG1_LID1_STA1_CFC64_OH0,0126_0105,A,0.49431276321411133,-0.2157576084136963,0.5,-0.5,-22.55455134944205,-3.8828698328760325,2.9160607407735966,15.347584124479832
1769385990.7140408,1769385990714048431,Sr02_gA_IMG1_LID1_STA1_CFC64_OH0,0126_0105,A,0.4905953109264374,-0.2839227318763733,0.5,-0.5,-22.60301040744597,-3.870569759654096,2.8704105676433973,15.305639953723874
1769385990.8398774,1769385990839884898,Sr02_gA_IMG1_LID1_STA1_CFC64_OH0,0126_0105,A,0.49298781156539917,-0.2975859045982361,0.5,-0.5,-22.67460395532143,-3.8485870898241683,2.818842523259063,15.240955051535597
1769385990.9701722,1769385990970181232,Sr02_gA_IMG1_LID1_STA1_CFC64_OH0,0126_0105,A,0.5068420171737671,-0.39334720373153687,0.5,-0.5,-22.72174827032352,-3.831938361068778,2.78539698306675,15.196809154004557
1769385991.0925336,1769385991092542070,Sr02_gA_IMG1_LID1_STA1_CFC64_OH0,0126_0105,A,0.5098862648010254,-0.3626210391521454,0.5,-0.5,-22.791229533182364,-3.8038461452448393,2.7306543778898424,15.129187044909608
1769385991.219078,1769385991219085694,Sr02_gA_IMG1_LID1_STA1_CFC64_OH0,0126_0105,A,0.5310056805610657,-0.5272268652915955,0.5,-0.5,-22.83678905505502,-3.7833095544318938,2.70564252889464,15.083319076660912
1769385991.3400643,1769385991340071503,Sr02_gA_IMG1_LID1_STA1_CFC64_OH0,0126_0105,A,0.5460097193717957,-0.5349606871604919,0.5,-0.5,-22.90419784826069,-3.750521980587726,2.670709279206445,15.01372250218749
1769385991.4582124,1769385991458218445,Sr02_gA_IMG1_LID1_STA1_CFC64_OH0,0126_0105,A,0.47734910249710083,-0.5362833142280579,0.5,-0.5,-22.948428253956532,-3.7272088314081713,2.6423170539411864,14.966750273319251
1769385991.5776265,1769385991577633908,Sr02_gA_IMG1_LID1_STA1_CFC64_OH0,0126_0105,A,0.49862441420555115,-0.4975093901157379,0.5,-0.5,-22.991962078104155,-3.7026197827143927,2.6125585225455796,14.919317427957724
1769385991.6978786,1769385991697885719,Sr02_gA_IMG1_LID1_STA1_CFC64_OH0,0126_0105,A,0.5071232318878174,-0.31131064891815186,0.5,-0.5,-23.055630109833135,-3.663124907757804,2.5574255665295134,14.847351196952898
1769385991.8203738,1769385991820381991,Sr02_gA_IMG1_LID1_STA1_CFC64_OH0,0126_0105,A,0.5207206606864929,-0.3206966519355774,0.5,-0.5,-23.096821359518906,-3.6347875589200624,2.520856231451806,14.798735281987263
1769385991.9408796,1769385991940888079,Sr02_gA_IMG1_LID1_STA1_CFC64_OH0,0126_0105,A,0.5071519613265991,-0.3814254403114319,0.5,-0.5,-23.156310478418114,-3.589378396231842,2.453749205951108,14.725201851018205
1769385992.0587552,1769385992058762190,Sr02_gA_IMG1_LID1_STA1_CFC64_OH0,0126_0105,A,0.5286700129508972,-0.5005125999450684,0.5,-0.5,-23.19413180401907,-3.5566824311534404,2.4037492558012787,14.675609132571543
1769385992.1802938,1769385992180302328,Sr02_gA_IMG1_LID1_STA1_CFC64_OH0,0126_0105,A,0.5300020575523376,-0.4932940900325775,0.5,-0.5,-23.230271747359236,-3.522137050883395,2.3537493056082144,14.625763469866541
1769385992.2987077,1769385992298714458,Sr02_gA_IMG1_LID1_STA1_CFC64_OH0,0126_0105,A,0.5369923710823059,-0.21605637669563293,0.5,-0.5,-23.281139369096472,-3.4670473840118587,2.2790482519493374,14.550789384282398
1769385992.4191704,1769385992419181082,Sr02_gA_IMG1_LID1_STA1_CFC64_OH0,0126_0105,A,0.4900883138179779,-0.09276708215475082,0.5,0.0,-23.312843393470597,-3.4285610717621284,2.2436350720713656,14.500969065235216
1769385992.5411775,1769385992541186203,Sr02_gA_IMG1_LID1_STA1_CFC64_OH0,0126_0105,A,0.5200290679931641,-0.07594849914312363,0.5,0.0,-23.358165592601505,-3.368831483388793,2.1955014209920916,14.426241227795611
1769385992.6670082,1769385992667016939,Sr02_gA_IMG1_LID1_STA1_CFC64_OH0,0126_0105,A,0.5244207382202148,-0.07573199272155762,0.5,0.0,-23.386627190122116,-3.3277286289381918,2.157365711356166,14.376640173988054
1769385992.7855535,1769385992785561528,Sr02_gA_IMG1_LID1_STA1_CFC64_OH0,0126_0105,A,0.49651455879211426,-0.22485755383968353,0.5,-0.5,-23.425985703823056,-3.264025720560382,2.087701697233584,14.302949197866246
1769385992.9086185,1769385992908626507,Sr02_gA_IMG1_LID1_STA1_CFC64_OH0,0126_0105,A,0.4831816256046295,-0.06157221272587776,0.5,0.0,-23.449613392967198,-3.219966385903481,2.0383723362773645,14.254394260540995
1769385993.0317237,1769385993031731520,Sr02_gA_IMG1_LID1_STA1_CFC64_OH0,0126_0105,A,0.4858810305595398,-0.09487796574831009,0.5,0.0,-23.471165255954173,-3.175251343388307,2.0062407585774364,14.206753245752301
1769385993.157636,1769385993157644722,Sr02_gA_IMG1_LID1_STA1_CFC64_OH0,0126_0105,A,0.5107097029685974,-0.07630814611911774,0.5,0.0,-23.5019425791885,-3.1069295665591743,1.9860979621637214,14.135432063323009
1769385993.2802753,1769385993280286977,Sr02_gA_IMG1_LID1_STA1_CFC64_OH0,0126_0105,A,0.5105741024017334,0.01750122755765915,0.5,0.0,-23.521941950940146,-3.0611036700224314,1.9785031210874353,14.088048233576812
1769385993.4015944,1769385993401603085,Sr02_gA_IMG1_LID1_STA1_CFC64_OH0,0126_0105,A,0.48794397711753845,-0.0013089460553601384,0.5,0.0,-23.55128784553945,-2.992083692872913,1.9671390104720203,14.017238517431224
1769385993.5243185,1769385993524325631,Sr02_gA_IMG1_LID1_STA1_CFC64_OH0,0126_0105,A,0.47604188323020935,-0.009046949446201324,0.5,0.0,-23.57018231234009,-2.945971107300637,1.949438504334066,13.970434408002872
1769385993.6443052,1769385993644314469,Sr02_gA_IMG1_LID1_STA1_CFC64_OH0,0126_0105,A,0.46117568016052246,-0.01155149843543768,0.5,0.0,-23.59725604856433,-2.876158973862412,1.935254051311632,13.900650232123848
1769385993.761025,1769385993761033843,Sr02_gA_IMG1_LID1_STA1_CFC64_OH0,0126_0105,A,0.4736787676811218,-0.08309371769428253,0.5,0.0,-23.614856301573884,-2.8293592727978343,1.9257662773502982,13.85427059514165
1769385993.8836203,1769385993883627047,Sr02_gA_IMG1_LID1_STA1_CFC64_OH0,0126_0105,A,0.4632669985294342,-0.03287961706519127,0.5,0.0,-23.6320396687841,-2.7824048394896828,1.9177640652249421,13.808084968745106
1769385994.0119708,1769385994011978642,Sr02_gA_IMG1_LID1_STA1_CFC64_OH0,0126_0105,A,0.4631888270378113,-0.03355430066585541,0.5,0.0,-23.657451662069374,-2.711883381153457,1.9176844069066812,13.739037296869126
1769385994.1341133,1769385994134120549,Sr02_gA_IMG1_LID1_STA1_CFC64_OH0,0126_0105,A,0.43751227855682373,-0.07341291755437851,0.5,0.0,-23.674455631555194,-2.6648635480935567,1.9177416283370965,13.692993395173046
1769385994.2520442,1769385994252052097,Sr02_gA_IMG1_LID1_STA1_CFC64_OH0,0126_0105,A,0.4766167104244232,-0.022086340934038162,0.5,0.0,-23.699928634287666,-2.5943218953626515,1.9166690696243454,13.623993596898394
1769385994.371443,1769385994371450608,Sr02_gA_IMG1_LID1_STA1_CFC64_OH0,0126_0105,A,0.44957083463668823,0.02363930270075798,0.5,0.0,-23.716852354230063,-2.547273121645833,1.9155139222037305,13.578053543159486
1769385994.4921615,1769385994492168824,Sr02_gA_IMG1_LID1_STA1_CFC64_OH0,0126_0105,A,0.4827579855918884,0.0186726376414299,0.5,0.0,-23.741864707087093,-2.476601875286814,1.9049050457120953,13.509381518170628
1769385994.607446,1769385994607454229,Sr02_gA_IMG1_LID1_STA1_CFC64_OH0,0126_0105,A,0.4819626808166504,-0.0011219768784940243,0.5,0.0,-23.758153086664002,-2.429341243868428,1.9010130089116795,13.463795885499975
1769385994.7284882,1769385994728494679,Sr02_gA_IMG1_LID1_STA1_CFC64_OH0,0126_0105,A,0.4587441384792328,-0.010186364874243736,0.5,0.0,-23.774286405764105,-2.3820156339471983,1.8976643316738069,13.418300879299535
1769385994.8461854,1769385994846192820,Sr02_gA_IMG1_LID1_STA1_CFC64_OH0,0126_0105,A,0.4540472626686096,-0.008250728249549866,0.5,0.0,-23.798072656442464,-2.31089816787117,1.8882818259082632,13.35031005019856
1769385994.9613948,1769385994961403694,Sr02_gA_IMG1_LID1_STA1_CFC64_OH0,0126_0105,A,0.48850518465042114,-0.0021774079650640488,0.5,0.0,-23.813577611318596,-2.2633747236939743,1.8849307507959507,13.305186799985698
1769385995.081385,1769385995081393103,Sr02_gA_IMG1_LID1_STA1_CFC64_OH0,0126_0105,A,0.4983581602573395,0.02907700091600418,0.5,0.0,-23.829038241874517,-2.215836762783779,1.8863051839740888,13.2601185758311
1769385995.202234,1769385995202242215,Sr02_gA_IMG1_LID1_STA1_CFC64_OH0,0126_0105,A,0.4983266592025757,0.0025796983391046524,0.5,0.0,-23.852425323975822,-2.1445763988807403,1.8893544116847063,13.19248046362772
1769385995.3205156,1769385995320526264,Sr02_gA_IMG1_LID1_STA1_CFC64_OH0,0126_0105,A,0.494660884141922,0.0028244946151971817,0.5,0.0,-23.868082535648295,-2.097091123240647,1.8892422293271969,13.147402671218552
1769385995.4429386,1769385995442946563,Sr02_gA_IMG1_LID1_STA1_CFC64_OH0,0126_0105,A,0.4961925446987152,0.005971075035631657,0.5,0.0,-23.891532364729976,-2.0258513590486387,1.8880962142238948,13.079869589214377
1769385995.5615644,1769385995561573406,Sr02_gA_IMG1_LID1_STA1_CFC64_OH0,0126_0105,A,0.5026914477348328,-1.9544502720236778e-05,0.5,0.0,-23.90711288355826,-1.9783408657423152,1.8872711423360375,13.034917195924661
1769385995.6847816,1769385995684789217,Sr02_gA_IMG1_LID1_STA1_CFC64_OH0,0126_0105,A,0.4904121458530426,-0.012763181701302528,0.5,0.0,-23.92266343343526,-1.93082055362281,1.8869319310414894,12.99001558659416
1769385995.8056107,1769385995805618732,Sr02_gA_IMG1_LID1_STA1_CFC64_OH0,0126_0105,A,0.5056991577148438,0.04846225678920746,0.5,0.0,-23.946094448791424,-1.8595746503505937,1.8906683629739176,12.9226844482366
1769385995.9265025,1769385995926511025,Sr02_gA_IMG1_LID1_STA1_CFC64_OH0,0126_0105,A,0.49990105628967285,0.012683377601206303,0.5,0.0,-23.961822825109905,-1.812112898939509,1.8909263526616162,12.877793934638824
1769385996.0467236,1769385996046731267,Sr02_gA_IMG1_LID1_STA1_CFC64_OH0,0126_0105,A,0.5114100575447083,-0.01167001761496067,0.5,0.0,-23.98543912276914,-1.7409281415291988,1.8913716981539914,12.810518043451685
1769385996.1648383,1769385996164845828,Sr02_gA_IMG1_LID1_STA1_CFC64_OH0,0126_0105,A,0.5088387727737427,-0.015294726938009262,0.5,0.0,-24.001208921535664,-1.6934801378240723,1.8919688040105822,12.765703285722218
1769385996.2914045,1769385996291411664,Sr02_gA_IMG1_LID1_STA1_CFC64_OH0,0126_0105,A,0.5032183527946472,-0.025433916598558426,0.5,0.0,-24.016997955139082,-1.64603853057081,1.8920866663421798,12.720918142420928
1769385996.412312,1769385996412319766,Sr02_gA_IMG1_LID1_STA1_CFC64_OH0,0126_0105,A,0.46655288338661194,-0.015454881824553013,0.5,0.0,-24.04065195176267,-1.5748662978448762,1.8908093827876196,12.653827627680725
1769385996.5311267,1769385996531133589,Sr02_gA_IMG1_LID1_STA1_CFC64_OH0,0126_0105,A,0.5122396945953369,-0.007722803391516209,0.5,0.0,-24.056481606934046,-1.527450576010723,1.8954209128472457,12.609130284813059
1769385996.6524386,1769385996652447502,Sr02_gA_IMG1_LID1_STA1_CFC64_OH0,0126_0105,A,0.5120500326156616,-0.005131584592163563,0.5,0.0,-24.080537011109737,-1.4564130221578147,1.8979097584566174,12.541998844848193
1769385996.7704105,1769385996770418996,Sr02_gA_IMG1_LID1_STA1_CFC64_OH0,0126_0105,A,0.5167917609214783,-0.010638945735991001,0.5,0.0,-24.0965749218704,-1.4090549730256132,1.8967427600483524,12.497293798884431
1769385996.8956327,1769385996895640489,Sr02_gA_IMG1_LID1_STA1_CFC64_OH0,0126_0105,A,0.5169153213500977,-0.004421854391694069,0.5,0.0,-24.11255205905063,-1.3616763881341938,1.895285786697555,12.45265794558865
1769385997.0163093,1769385997016317528,Sr02_gA_IMG1_LID1_STA1_CFC64_OH0,0126_0105,A,0.5224108099937439,-0.0029123893473297358,0.5,0.0,-24.136358321553658,-1.2905549735042103,1.8919776718600902,12.385857545281905
1769385997.1425421,1769385997142549998,Sr02_gA_IMG1_LID1_STA1_CFC64_OH0,0126_0105,A,0.5096445083618164,-0.002145481761544943,0.5,0.0,-24.152106038361072,-1.2430996408132073,1.8904321785694758,12.341435798162541
1769385997.2634969,1769385997263504798,Sr02_gA_IMG1_LID1_STA1_CFC64_OH0,0126_0105,A,0.4939282536506653,-0.04787927865982056,0.5,0.0,-24.17561648862154,-1.171879859584769,1.889041792065232,12.27493782877246
1769385997.3839812,1769385997383988684,Sr02_gA_IMG1_LID1_STA1_CFC64_OH0,0126_0105,A,0.4771243929862976,-0.04955751821398735,0.5,0.0,-24.191247117457568,-1.1243858277047336,1.8884768081713548,12.230681583468854
1769385997.502939,1769385997502946307,Sr02_gA_IMG1_LID1_STA1_CFC64_OH0,0126_0105,A,0.47677117586135864,-0.04933830350637436,0.5,0.0,-24.214624879196137,-1.0531223840172526,1.8869911201779916,12.164414339423685
1769385997.6274378,1769385997627445926,Sr02_gA_IMG1_LID1_STA1_CFC64_OH0,0126_0105,A,0.5012492537498474,-0.015486391261219978,0.5,0.0,-24.230161983659904,-1.0055976743679471,1.8865489307047307,12.12031658178429
1769385997.741177,1769385997741184880,Sr02_gA_IMG1_LID1_STA1_CFC64_OH0,0126_0105,A,0.5050198435783386,-0.014903709292411804,0.5,0.0,-24.253436378731625,-0.9343003971855474,1.8861274094473723,12.054271954926003
1769385997.8626363,1769385997862643234,Sr02_gA_IMG1_LID1_STA1_CFC64_OH0,0126_0105,A,0.5040467381477356,-0.004321266897022724,0.5,0.0,-24.268937840717484,-0.886764049516316,1.8859128615766356,12.01030805782814
1769385997.9876895,1769385997987697724,Sr02_gA_IMG1_LID1_STA1_CFC64_OH0,0126_0105,A,0.504542887210846,-0.0035352525301277637,0.5,0.0,-24.284358895560917,-0.8392135804629582,1.8821215914775753,11.966440365063159
1769385998.1125884,1769385998112596192,Sr02_gA_IMG1_LID1_STA1_CFC64_OH0,0126_0105,A,0.4948755204677582,-0.019413109868764877,0.5,0.0,-24.30707235750825,-0.7677358043356464,1.874771889030254,11.90093038880384
1769385998.2326875,1769385998232695447,Sr02_gA_IMG1_LID1_STA1_CFC64_OH0,0126_0105,A,0.48887643218040466,-0.04260912165045738,0.5,0.0,-24.32192039845923,-0.7199913775340759,1.8698380665815615,11.85747148646511
1769385998.356762,1769385998356773816,Sr02_gA_IMG1_LID1_STA1_CFC64_OH0,0126_0105,A,0.49529093503952026,-0.009594753384590149,0.5,0.0,-24.34386698941085,-0.648274277520751,1.8665111832909127,11.79255064111063
1769385998.4748523,1769385998474861196,Sr02_gA_IMG1_LID1_STA1_CFC64_OH0,0126_0105,A,0.503563642501831,-0.0070790741592645645,0.5,0.0,-24.35840252875899,-0.6004337370134784,1.8650208147647283,11.749387163438952
1769385998.5966825,1769385998596690156,Sr02_gA_IMG1_LID1_STA1_CFC64_OH0,0126_0105,A,0.5063604116439819,-0.006066456437110901,0.5,0.0,-24.372887264676894,-0.5525777858323468,1.8644828564333136,11.706305059001904
1769385998.7176237,1769385998717630979,Sr02_gA_IMG1_LID1_STA1_CFC64_OH0,0126_0105,A,0.5068646669387817,-0.024117659777402878,0.5,0.0,-24.39457709172197,-0.48078258723384437,1.8639132681655186,11.64180553270304
1769385998.8438234,1769385998843832631,Sr02_gA_IMG1_LID1_STA1_CFC64_OH0,0126_0105,A,0.5064647197723389,-0.0231010764837265,0.5,0.0,-24.408977500662658,-0.4329012012910798,1.8619719725035468,11.598907952449077
1769385998.9665935,1769385998966601494,Sr02_gA_IMG1_LID1_STA1_CFC64_OH0,0126_0105,A,0.5020376443862915,-0.0001234153751283884,0.5,0.0,-24.43032369798661,-0.36100320402725466,1.8562765116744997,11.534806735603235
1769385999.0876696,1769385999087677891,Sr02_gA_IMG1_LID1_STA1_CFC64_OH0,0126_0105,A,0.5021765828132629,0.004246202297508717,0.5,0.0,-24.44436653959796,-0.31301572601749567,1.8549868695002758,11.492248544722665
1769385999.210012,1769385999210020564,Sr02_gA_IMG1_LID1_STA1_CFC64_OH0,0126_0105,A,0.5006760954856873,-0.00659625418484211,0.5,0.0,-24.4653551022502,-0.2410123997667152,1.853899851436765,11.428566003678428
1769385999.3279135,1769385999327921946,Sr02_gA_IMG1_LID1_STA1_CFC64_OH0,0126_0105,A,0.501177966594696,-0.0070003303699195385,0.5,0.0,-24.479307386679864,-0.1929985125513376,1.8532932060104126,11.386209770484673
1769385999.4471307,1769385999447139406,Sr02_gA_IMG1_LID1_STA1_CFC64_OH0,0126_0105,A,0.5087649822235107,0.002887287177145481,0.5,0.0,-24.493209299930744,-0.14497002502845052,1.8514229930027997,11.343943823634465
1769385999.564593,1769385999564600692,Sr02_gA_IMG1_LID1_STA1_CFC64_OH0,0126_0105,A,0.5094053745269775,0.005125795491039753,0.5,0.0,-24.513854256912637,-0.07286746365035002,1.8479273389727604,11.28078024955696
1769385999.6916628,1769385999691671795,Sr02_gA_IMG1_LID1_STA1_CFC64_OH0,0126_0105,A,0.5157674551010132,-0.02354925498366356,0.5,0.0,-24.527523323244417,-0.024772180051917718,1.8476852036378155,11.238805288951436
1769385999.8166578,1769385999816665642,Sr02_gA_IMG1_LID1_STA1_CFC64_OH0,0126_0105,A,0.5153906941413879,-0.023725122213363647,0.5,0.0,-24.54803743395408,0.04736775635616771,1.8480389267751234,11.175960699671224
1769385999.933402,1769385999933409682,Sr02_gA_IMG1_LID1_STA1_CFC64_OH0,0126_0105,A,0.5221244692802429,-0.02124931663274765,0.5,0.0,-24.56170680065353,0.09546295368706209,1.8473793047454206,11.134151742956952
1769386000.0539665,1769386000053977165,Sr02_gA_IMG1_LID1_STA1_CFC64_OH0,0126_0105,A,0.4913189113140106,-0.009189791046082973,0.5,0.0,-24.582150911085947,0.16762275681091976,1.8465391245302638,11.071600116301077
1769386000.1758568,1769386000175864574,Sr02_gA_IMG1_LID1_STA1_CFC64_OH0,0126_0105,A,0.49511152505874634,-0.008620312437415123,0.5,0.0,-24.59577094299497,0.21573194924296635,1.8468278521892485,11.029990687550494
1769386000.2931092,1769386000293117810,Sr02_gA_IMG1_LID1_STA1_CFC64_OH0,0126_0105,A,0.5031721591949463,-0.000600615399889648,0.5,0.0,-24.609409225790742,0.2638359706132284,1.847318044140571,10.988440635505183
1769386000.4122736,1769386000412282321,Sr02_gA_IMG1_LID1_STA1_CFC64_OH0,0126_0105,A,0.5056318044662476,-0.008126145228743553,0.5,0.0,-24.62982933587313,0.3360025453711248,1.8449309251833281,10.926270072871178
1769386000.5367875,1769386000536796497,Sr02_gA_IMG1_LID1_STA1_CFC64_OH0,0126_0105,A,0.4902418255805969,0.011631084606051445,0.5,0.0,-24.643307921938973,0.38415154564925214,1.8425584168798983,10.884991870520867
1769386000.659181,1769386000659188433,Sr02_gA_IMG1_LID1_STA1_CFC64_OH0,0126_0105,A,0.4887010455131531,0.012479673139750957,0.5,0.0,-24.663320109661615,0.45643229515789446,1.8392967486577947,10.823334150739964
1769386000.780754,1769386000780761893,Sr02_gA_IMG1_LID1_STA1_CFC64_OH0,0126_0105,A,0.502264142036438,0.006466921418905258,0.5,0.0,-24.67655672587127,0.5046483867092082,1.8382571667697587,10.782385364619701
1769386000.902358,1769386000902366962,Sr02_gA_IMG1_LID1_STA1_CFC64_OH0,0126_0105,A,0.5025209784507751,-0.0268162339925766,0.5,0.0,-24.689749848501926,0.5528763976867588,1.8373894417233114,10.741539257878959
1769386001.0253525,1769386001025359734,Sr02_gA_IMG1_LID1_STA1_CFC64_OH0,0126_0105,A,0.5174392461776733,0.0037203230895102024,0.5,0.0,-24.709484773488864,0.6252333735540395,1.8369033050472328,10.68044909473543
1769386001.1448708,1769386001144879091,Sr02_gA_IMG1_LID1_STA1_CFC64_OH0,0126_0105,A,0.5123605728149414,0.003567905630916357,0.5,0.0,-24.722614043203716,0.6734788067277048,1.836090693456709,10.639837721507375
1769386001.2716458,1769386001271653798,Sr02_gA_IMG1_LID1_STA1_CFC64_OH0,0126_0105,A,0.5020679831504822,0.012642329558730125,0.5,0.0,-24.74231498100298,0.7458450358035794,1.8374401942254386,10.579067160491674
1769386001.3878505,1769386001387858466,Sr02_gA_IMG1_LID1_STA1_CFC64_OH0,0126_0105,A,0.5020565986633301,0.003911948297172785,0.5,0.0,-24.755519454410656,0.794069938517408,1.8386796729774846,10.538612214102288
1769386001.5136933,1769386001513701987,Sr02_gA_IMG1_LID1_STA1_CFC64_OH0,0126_0105,A,0.5021559596061707,-0.02180388942360878,0.5,0.0,-24.775409745611093,0.8663843575146815,1.8393770289913784,10.478033008587229
1769386001.6326084,1769386001632616889,Sr02_gA_IMG1_LID1_STA1_CFC64_OH0,0126_0105,A,0.5032259225845337,-0.02006065845489502,0.5,0.0,-24.7886132567765,0.9146095115039675,1.8366954170688905,10.43778586064177
1769386001.749966,1769386001749973930,Sr02_gA_IMG1_LID1_STA1_CFC64_OH0,0126_0105,A,0.4893816113471985,0.007325402460992336,0.5,0.0,-24.80173455447813,0.9628571145288587,1.8364566952608465,10.397674270837197
1769386001.8703306,1769386001870339734,Sr02_gA_IMG1_LID1_STA1_CFC64_OH0,0126_0105,A,0.500643253326416,0.015962444245815277,0.5,0.0,-24.821445113138044,1.0352207312794681,1.836994928690107,10.337650668623969
1769386001.993644,1769386001993652427,Sr02_gA_IMG1_LID1_STA1_CFC64_OH0,0126_0105,A,0.5027265548706055,0.023372914642095566,0.5,0.0,-24.83462473532268,1.083452431663923,1.8381684085436805,10.297719484733515
1769386002.1143208,1769386002114329345,Sr02_gA_IMG1_LID1_STA1_CFC64_OH0,0126_0105,A,0.5027289390563965,-0.00981992483139038,0.5,0.0,-24.85448206119716,1.1557759104398506,1.8388472774307902,10.237933315726456
1769386002.2388544,1769386002238862006,Sr02_gA_IMG1_LID1_STA1_CFC64_OH0,0126_0105,A,0.5357767343521118,-0.015931472182273865,0.5,0.0,-24.867672111801273,1.2040047530269324,1.8366668975332276,10.198217964579445
1769386002.361944,1769386002361951640,Sr02_gA_IMG1_LID1_STA1_CFC64_OH0,0126_0105,A,0.5035257935523987,-0.03343099355697632,0.5,0.0,-24.887272999301718,1.276398131233026,1.8344444977704724,10.138932645086289
1769386002.4828756,1769386002482882745,Sr02_gA_IMG1_LID1_STA1_CFC64_OH0,0126_0105,A,0.5093975067138672,-0.023041371256113052,0.5,0.0,-24.900320897413874,1.3246656350638388,1.835177036366184,10.099537543198654
1769386002.610103,1769386002610110862,Sr02_gA_IMG1_LID1_STA1_CFC64_OH0,0126_0105,A,0.4825996160507202,-0.015265479683876038,0.5,0.0,-24.91342102834136,1.372918984558483,1.8366869012943623,10.060203182523065
1769386002.7325106,1769386002732518036,Sr02_gA_IMG1_LID1_STA1_CFC64_OH0,0126_0105,A,0.4868668019771576,0.00415074871852994,0.5,0.0,-24.93323610671648,1.4452540174924475,1.8395644992306706,10.001274103719949
1769386002.8581219,1769386002858132005,Sr02_gA_IMG1_LID1_STA1_CFC64_OH0,0126_0105,A,0.4822920858860016,0.007181321270763874,0.5,0.0,-24.946489637403477,1.4934654622557608,1.8385825154251472,9.962080004718343
1769386002.977951,1769386002977958728,Sr02_gA_IMG1_LID1_STA1_CFC64_OH0,0126_0105,A,0.4916735291481018,0.010709003545343876,0.5,0.0,-24.966256239414566,1.565813773575842,1.8363150339300776,9.903545191874048
1769386003.1010482,1769386003101055666,Sr02_gA_IMG1_LID1_STA1_CFC64_OH0,0126_0105,A,0.5044968128204346,0.0231250561773777,0.5,0.0,-24.979296057967694,1.6140834378177686,1.832971953432881,9.864735942403325
1769386003.2193332,1769386003219340817,Sr02_gA_IMG1_LID1_STA1_CFC64_OH0,0126_0105,A,0.5121757984161377,-0.010059667751193047,0.5,0.0,-24.998609710352905,1.6865539598681891,1.8295934999422765,9.806874332619246
1769386003.33835,1769386003338359214,Sr02_gA_IMG1_LID1_STA1_CFC64_OH0,0126_0105,A,0.5019542574882507,-0.03255682811141014,0.5,0.0,-25.01136871009701,1.7348986299260696,1.8280669528140951,9.76850691907337
1769386003.4613876,1769386003461396129,Sr02_gA_IMG1_LID1_STA1_CFC64_OH0,0126_0105,A,0.46835148334503174,-0.046779707074165344,0.5,0.0,-25.030448146070615,1.8074312038301024,1.8283012253132969,9.71119376227735
1769386003.5806034,1769386003580611435,Sr02_gA_IMG1_LID1_STA1_CFC64_OH0,0126_0105,A,0.489766925573349,0.013972311280667782,0.5,0.0,-25.043198931045612,1.8557780450725316,1.8290193539468256,9.673098477004446
1769386003.7009387,1769386003700946883,Sr02_gA_IMG1_LID1_STA1_CFC64_OH0,0126_0105,A,0.46963682770729065,0.027451012283563614,0.5,0.0,-25.05599295741218,1.9041134599713856,1.830090249850421,9.635082915537293
1769386003.8219883,1769386003821996149,Sr02_gA_IMG1_LID1_STA1_CFC64_OH0,0126_0105,A,0.47680896520614624,0.0020724344067275524,0.5,0.0,-25.075317319305427,1.9765811330939693,1.8330623518098401,9.578175860515175
1769386003.942985,1769386003942992626,Sr02_gA_IMG1_LID1_STA1_CFC64_OH0,0126_0105,A,0.502442479133606,0.0032544583082199097,0.5,0.0,-25.0882853624288,2.0248701526667734,1.8327201054651712,9.54031904399408
1769386004.0641625,1769386004064170374,Sr02_gA_IMG1_LID1_STA1_CFC64_OH0,0126_0105,A,0.4976852238178253,0.002637782134115696,0.5,0.0,-25.107559280201944,2.0973512185066,1.8282865489228854,9.483866375760977
1769386004.1854146,1769386004185424004,Sr02_gA_IMG1_LID1_STA1_CFC64_OH0,0126_0105,A,0.5152245163917542,0.03040851652622223,0.5,0.0,-25.120178856158883,2.145732427933601,1.8236085967499973,9.446532546126278
1769386004.3048084,1769386004304815690,Sr02_gA_IMG1_LID1_STA1_CFC64_OH0,0126_0105,A,0.5121906995773315,0.030210372060537338,0.5,0.0,-25.132706256068342,2.1941261393570133,1.8247878119944405,9.409386371249695
1769386004.4219873,1769386004421995689,Sr02_gA_IMG1_LID1_STA1_CFC64_OH0,0126_0105,A,0.5094737410545349,0.007131400518119335,0.5,0.0,-25.151674457479864,2.266687833340803,1.8285010864193416,9.353758775088949
1769386004.5409439,1769386004540952910,Sr02_gA_IMG1_LID1_STA1_CFC64_OH0,0126_0105,A,0.4800313413143158,0.00991449598222971,0.5,0.0,-25.1644446405401,2.3150295548531212,1.8292159196674203,9.316737622643851
1769386004.6613069,1769386004661314958,Sr02_gA_IMG1_LID1_STA1_CFC64_OH0,0126_0105,A,0.4756113886833191,0.009055962786078453,0.5,0.0,-25.183627207810808,2.3875349221839777,1.8296804462720648,9.261415431288063
1769386004.782633,1769386004782640873,Sr02_gA_IMG1_LID1_STA1_CFC64_OH0,0126_0105,A,0.49964624643325806,0.014631903730332851,0.5,0.0,-25.196433682379393,2.435867042742126,1.829944224525922,9.224675690033292
1769386004.9047906,1769386004904798188,Sr02_gA_IMG1_LID1_STA1_CFC64_OH0,0126_0105,A,0.4795211851596832,0.003819443751126528,0.5,0.0,-25.209285780539044,2.4841870381412625,1.8321519292884016,9.188028946888496
1769386005.0280504,1769386005028059173,Sr02_gA_IMG1_LID1_STA1_CFC64_OH0,0126_0105,A,0.5135257244110107,-0.029951874166727066,0.5,0.0,-25.228829538991114,2.5565958162875484,1.836689422158868,9.13310819139516
1769386005.1495137,1769386005149521044,Sr02_gA_IMG1_LID1_STA1_CFC64_OH0,0126_0105,A,0.5064120888710022,-0.04704904556274414,0.5,0.0,-25.242005331512477,2.6048285641505826,1.837864157379634,9.096549631270719
1769386005.2737882,1769386005273796141,Sr02_gA_IMG1_LID1_STA1_CFC64_OH0,0126_0105,A,0.5024447441101074,0.024611417204141617,0.5,0.0,-25.261848183882098,2.677156010444952,1.8392956653973525,9.041896651128189
1769386005.3898456,1769386005389853203,Sr02_gA_IMG1_LID1_STA1_CFC64_OH0,0126_0105,A,0.5007292032241821,0.02703990414738655,0.5,0.0,-25.275134252095015,2.7253584990066626,1.8402012608517195,9.005582970529991
1769386005.5087302,1769386005508738289,Sr02_gA_IMG1_LID1_STA1_CFC64_OH0,0126_0105,A,0.503383994102478,-0.004040466155856848,0.5,0.0,-25.288477400669514,2.7735452152584203,1.841664444564896,8.969360069267958
1769386005.6247206,1769386005624729006,Sr02_gA_IMG1_LID1_STA1_CFC64_OH0,0126_0105,A,0.49316665530204773,0.0032705944031476974,0.5,0.0,-25.30858679405439,2.8457990131246214,1.8425617417330395,8.915207321742423
1769386005.740633,1769386005740640986,Sr02_gA_IMG1_LID1_STA1_CFC64_OH0,0126_0105,A,0.5036303997039795,-0.02914123609662056,0.5,0.0,-25.321951725253253,2.893979678712076,1.8399042976836468,8.879303864351128
1769386005.8615994,1769386005861606715,Sr02_gA_IMG1_LID1_STA1_CFC64_OH0,0126_0105,A,0.48795756697654724,-0.011306694708764553,0.5,0.0,-25.335139702002003,2.9422090518283026,1.8353703853398342,8.843666109176871
1769386005.9822018,1769386005982209624,Sr02_gA_IMG1_LID1_STA1_CFC64_OH0,0126_0105,A,0.4961032271385193,-0.003022019984200597,0.5,0.0,-25.354644749925857,3.014599203415384,1.8350914386353605,8.790689502219216
1769386006.1021926,1769386006102203611,Sr02_gA_IMG1_LID1_STA1_CFC64_OH0,0126_0105,A,0.48455530405044556,-0.040558669716119766,0.5,0.0,-25.367768443926405,3.0628461398301035,1.837722568279872,8.755452060388526
1769386006.2192633,1769386006219272570,Sr02_gA_IMG1_LID1_STA1_CFC64_OH0,0126_0105,A,0.49798935651779175,0.006321825087070465,0.5,0.0,-25.387589810536394,3.1351794830240496,1.8380489327143288,8.702766390232473
1769386006.3425875,1769386006342595462,Sr02_gA_IMG1_LID1_STA1_CFC64_OH0,0126_0105,A,0.4865608811378479,-0.031211894005537033,0.5,0.0,-25.400798474857023,3.1834032411742403,1.8383028755393123,8.66782937665522
1769386006.4607677,1769386006460783731,Sr02_gA_IMG1_LID1_STA1_CFC64_OH0,0126_0105,A,0.4836021363735199,-0.025748923420906067,0.5,0.0,-25.41395942281278,3.2316400265565157,1.8357128992720866,8.633076189911248
1769386006.5774226,1769386006577430228,Sr02_gA_IMG1_LID1_STA1_CFC64_OH0,0126_0105,A,0.49023717641830444,-0.00964074395596981,0.5,0.0,-25.433481377762575,3.3040547331977423,1.8331251585820783,8.581393802682356
1769386006.6966226,1769386006696630014,Sr02_gA_IMG1_LID1_STA1_CFC64_OH0,0126_0105,A,0.5123135447502136,-0.018238753080368042,0.5,0.0,-25.446440600516603,3.352346121764679,1.8328229507384581,8.547172774987402
1769386006.8228576,1769386006822866371,Sr02_gA_IMG1_LID1_STA1_CFC64_OH0,0126_0105,A,0.5089089274406433,-0.026626992970705032,0.5,0.0,-25.465721257260167,3.4248214144162215,1.8278789217337084,8.496256848032258
1769386006.9471562,1769386006947165884,Sr02_gA_IMG1_LID1_STA1_CFC64_OH0,0126_0105,A,0.49022477865219116,-0.012932042591273785,0.5,0.0,-25.47842185412119,3.473169970942391,1.8279611799380775,8.462633304559757
1769386007.0658836,1769386007065891461,Sr02_gA_IMG1_LID1_STA1_CFC64_OH0,0126_0105,A,0.4918721914291382,-0.000620504841208458,0.5,0.0,-25.497353729345924,3.545737708923969,1.8236665880311478,8.412588559764393
1769386007.1858778,1769386007185887892,Sr02_gA_IMG1_LID1_STA1_CFC64_OH0,0126_0105,A,0.48629018664360046,-0.02809165045619011,0.5,0.0,-25.509800587929426,3.5941636731680666,1.821091695720239,8.379566530042066
1769386007.3120975,1769386007312104842,Sr02_gA_IMG1_LID1_STA1_CFC64_OH0,0126_0105,A,0.48576241731643677,-0.0251283198595047,0.5,0.0,-25.522161740648382,3.6426115977165487,1.8201276105754733,8.34678024606771
1769386007.4322605,1769386007432268788,Sr02_gA_IMG1_LID1_STA1_CFC64_OH0,0126_0105,A,0.5219070315361023,0.0015756054781377316,0.5,0.0,-25.5405858730847,3.715313368291011,1.8176497485190874,8.298015236069524
1769386007.5493011,1769386007549310386,Sr02_gA_IMG1_LID1_STA1_CFC64_OH0,0126_0105,A,0.5019662976264954,-0.02749684453010559,0.5,0.0,-25.552742872686554,3.7638129104717852,1.8150709422574256,8.265822783161159
1769386007.670083,1769386007670091800,Sr02_gA_IMG1_LID1_STA1_CFC64_OH0,0126_0105,A,0.4828440546989441,-0.019981034100055695,0.5,0.0,-25.570801878946245,3.8366062467574116,1.8131172876605668,8.218008458351344
1769386007.7846987,1769386007784706826,Sr02_gA_IMG1_LID1_STA1_CFC64_OH0,0126_0105,A,0.47554367780685425,-0.006337013095617294,0.5,0.0,-25.582798193204514,3.88514579894441,1.81305523465504,8.18639321484682
1769386007.9024446,1769386007902453607,Sr02_gA_IMG1_LID1_STA1_CFC64_OH0,0126_0105,A,0.46264782547950745,-0.009197269566357136,0.5,0.0,-25.59475882119893,3.933694145766962,1.8110702282427567,8.154990622993678
1769386008.0252097,1769386008025217630,Sr02_gA_IMG1_LID1_STA1_CFC64_OH0,0126_0105,A,0.5092366933822632,0.03219514712691307,0.5,0.0,-25.61246331055655,4.006574482740244,1.8072120843914274,8.108427964965735
1769386008.145512,1769386008145520175,Sr02_gA_IMG1_LID1_STA1_CFC64_OH0,0126_0105,A,0.5038241147994995,0.05194520950317383,0.5,0.0,-25.624165786556645,4.05518571326511,1.8071025854312277,8.077705618556703
1769386008.2723787,1769386008272387105,Sr02_gA_IMG1_LID1_STA1_CFC64_OH0,0126_0105,A,0.5198966860771179,0.014122025109827518,0.5,0.0,-25.635818027264243,4.10380899452393,1.804643651745969,8.047217666757987
1769386008.3916826,1769386008391689524,Sr02_gA_IMG1_LID1_STA1_CFC64_OH0,0126_0105,A,0.5400457978248596,0.03315431624650955,0.5,0.0,-25.653068786317778,4.176798074501838,1.8013458638566753,8.002040805276051
1769386008.5132222,1769386008513230783,Sr02_gA_IMG1_LID1_STA1_CFC64_OH0,0126_0105,A,0.49948376417160034,-0.021545004099607468,0.5,0.0,-25.66446205091973,4.225482702578298,1.800302833183853,7.972261243064224
1769386008.630227,1769386008630234861,Sr02_gA_IMG1_LID1_STA1_CFC64_OH0,0126_0105,A,0.508092999458313,-0.01585240289568901,0.5,0.0,-25.681479582441224,4.298526539215847,1.7990090547464157,7.928033594259366
1769386008.7516446,1769386008751652237,Sr02_gA_IMG1_LID1_STA1_CFC64_OH0,0126_0105,A,0.5255240201950073,-0.012190468609333038,0.5,0.0,-25.692846814250274,4.347206660975285,1.8017778706838459,7.898792067237765
1769386008.868508,1769386008868514930,Sr02_gA_IMG1_LID1_STA1_CFC64_OH0,0126_0105,A,0.5368601679801941,-0.016716931015253067,0.5,0.0,-25.710285886936813,4.420149370383643,1.808998944509268,7.85499148653529
1769386008.9865127,1769386008986521288,Sr02_gA_IMG1_LID1_STA1_CFC64_OH0,0126_0105,A,0.49729111790657043,-0.019454143941402435,0.5,0.0,-25.72211800962578,4.46872920298772,1.810411153046455,7.825880864347318
1769386009.1074843,1769386009107492066,Sr02_gA_IMG1_LID1_STA1_CFC64_OH0,0126_0105,A,0.49957579374313354,-0.008638259023427963,0.5,0.0,-25.73404829488927,4.517285005313554,1.8133459194853159,7.7968996396295545
1769386009.2273347,1769386009227342574,Sr02_gA_IMG1_LID1_STA1_CFC64_OH0,0126_0105,A,0.49313777685165405,-0.00376790389418602,0.5,0.0,-25.75202540311676,4.590086835722163,1.811369604684787,7.753764434137416
1769386009.3481648,1769386009348172568,Sr02_gA_IMG1_LID1_STA1_CFC64_OH0,0126_0105,A,0.4968355894088745,0.0018554255366325378,0.5,0.0,-25.76389725261127,4.638656974060991,1.8097274367131617,7.725371227020239
1769386009.4730785,1769386009473086113,Sr02_gA_IMG1_LID1_STA1_CFC64_OH0,0126_0105,A,0.4956284463405609,-0.011993739753961563,0.5,0.0,-25.77569515666245,4.687245128614408,1.808361911913335,7.697261103294801
1769386009.5964453,1769386009596452626,Sr02_gA_IMG1_LID1_STA1_CFC64_OH0,0126_0105,A,0.5375229120254517,0.026762407273054123,0.5,0.0,-25.793265483970135,4.760157954675594,1.806035438024788,7.655623209207412
1769386009.7202392,1769386009720247373,Sr02_gA_IMG1_LID1_STA1_CFC64_OH0,0126_0105,A,0.5232204794883728,0.023413240909576416,0.5,0.0,-25.80482258653931,4.808573861259363,1.80414980571691,7.62836008911168
1769386009.8451838,1769386009845191715,Sr02_gA_IMG1_LID1_STA1_CFC64_OH0,0126_0105,A,0.5350295901298523,0.021678641438484192,0.5,0.0,-25.816002278246845,4.855842269969791,1.8016870672507566,7.60206090285074
1769386009.9669607,1769386009966969849,Sr02_gA_IMG1_LID1_STA1_CFC64_OH0,0126_0105,A,0.5326439142227173,0.03144039213657379,0.5,0.0,-25.81791375684445,4.8639888401770985,1.8004106533330506,7.597564941461242
1769386010.0944228,1769386010094430853,Sr02_gA_IMG1_LID1_STA1_CFC64_OH0,0126_0105,A,0.49747633934020996,0.002183665055781603,0.5,0.0,-25.81621916743929,4.8567208160161,1.7991108318935256,7.601565586660452
1769386010.215648,1769386010215656289,Sr02_gA_IMG1_LID1_STA1_CFC64_OH0,0126_0105,A,0.531683623790741,0.0422838032245636,0.5,0.0,-25.81910365411643,4.86915444309845,1.7985530902107805,7.594738428928054
1769386010.3392763,1769386010339284623,Sr02_gA_IMG1_LID1_STA1_CFC64_OH0,0126_0105,A,0.4955914318561554,0.050596121698617935,0.5,0.0,-25.830735639639407,4.919416268484078,1.798005304745516,7.567323665473621
1769386010.459133,1769386010459141763,Sr02_gA_IMG1_LID1_STA1_CFC64_OH0,0126_0105,A,0.4961472451686859,0.06273121386766434,0.5,0.0,-25.841985119767287,4.967901677354375,1.7999076692477722,7.541090724359373
1769386010.5784214,1769386010578430125,Sr02_gA_IMG1_LID1_STA1_CFC64_OH0,0126_0105,A,0.5111255645751953,0.048499945551157,0.5,0.0,-25.859138719311918,5.040913650922566,1.8032744193953842,7.501834766481273
1769386010.6974552,1769386010697462999,Sr02_gA_IMG1_LID1_STA1_CFC64_OH0,0126_0105,A,0.4997510612010956,0.06658374518156052,0.5,0.0,-25.870734668637976,5.089550381719022,1.8064184513870285,7.47582662158139
1769386010.8223119,1769386010822317783,Sr02_gA_IMG1_LID1_STA1_CFC64_OH0,0126_0105,A,0.5397454500198364,0.04422358050942421,0.5,0.0,-25.882437976161214,5.138161411220535,1.8072219735065158,7.449968534267171
1769386010.9423237,1769386010942332679,Sr02_gA_IMG1_LID1_STA1_CFC64_OH0,0126_0105,A,0.5297273993492126,0.028167597949504852,0.5,0.0,-25.900177907230766,5.2110243232382905,1.8127322159040216,7.411483406311971
1769386011.061499,1769386011061507699,Sr02_gA_IMG1_LID1_STA1_CFC64_OH0,0126_0105,A,0.5043107271194458,0.06354983150959015,0.5,0.0,-25.912279790128927,5.259537607803377,1.817791813437895,7.385892198733647
1769386011.183873,1769386011183882361,Sr02_gA_IMG1_LID1_STA1_CFC64_OH0,0126_0105,A,0.48347172141075134,0.014087378047406673,0.5,0.0,-25.930927650963003,5.33218207092912,1.826573763356633,7.347535433460363
1769386011.3087246,1769386011308732347,Sr02_gA_IMG1_LID1_STA1_CFC64_OH0,0126_0105,A,0.5116105675697327,0.025267839431762695,0.5,0.0,-25.943694786957696,5.380524547282364,1.8314237530110635,7.321980506479551
1769386011.4325354,1769386011432543694,Sr02_gA_IMG1_LID1_STA1_CFC64_OH0,0126_0105,A,0.5262082815170288,0.022644493728876114,0.5,0.0,-25.96335842965304,5.452900612984267,1.8410496092140411,7.283664965397668
1769386011.555289,1769386011555299291,Sr02_gA_IMG1_LID1_STA1_CFC64_OH0,0126_0105,A,0.4986337125301361,0.03084639087319374,0.5,0.0,-25.976813708433472,5.501056101562536,1.8454719771418389,7.258129477698888
1769386011.6747057,1769386011674713680,Sr02_gA_IMG1_LID1_STA1_CFC64_OH0,0126_0105,A,0.4958195090293884,0.04141637682914734,0.5,0.0,-25.99730930914072,5.5732001472705885,1.8500471740602402,7.220025515906177
1769386011.7943947,1769386011794402925,Sr02_gA_IMG1_LID1_STA1_CFC64_OH0,0126_0105,A,0.5074954032897949,0.1225614994764328,0.5,0.0,-26.01124371419467,5.621219139564725,1.8564021390721952,7.1947012850519325
1769386011.9162033,1769386011916214451,Sr02_gA_IMG1_LID1_STA1_CFC64_OH0,0126_0105,A,0.500029981136322,-0.002695997478440404,0.5,0.0,-26.025407492474674,5.669159103354999,1.8589002507964714,7.169432244121509
1769386012.038527,1769386012038533909,Sr02_gA_IMG1_LID1_STA1_CFC64_OH0,0126_0105,A,0.4955645501613617,0.007681111805140972,0.5,0.0,-26.046838824473,5.741031843945267,1.862466803096938,7.13184553117172
1769386012.1633024,1769386012163310186,Sr02_gA_IMG1_LID1_STA1_CFC64_OH0,0126_0105,A,0.5195803046226501,0.05508963763713837,0.5,0.0,-26.061270658950317,5.78890376440073,1.8647312507735105,7.1069859626707474
1769386012.2868292,1769386012286837912,Sr02_gA_IMG1_LID1_STA1_CFC64_OH0,0126_0105,A,0.5362805724143982,0.1225951686501503,0.5,0.0,-26.083150820309005,5.8606411185861225,1.8693235309608993,7.069983752711479
1769386012.4091089,1769386012409117375,Sr02_gA_IMG1_LID1_STA1_CFC64_OH0,0126_0105,A,0.5307158827781677,0.1075056940317154,0.5,0.0,-26.097955381947674,5.908399060998836,1.8734651612429014,7.045452054712691
1769386012.5347364,1769386012534744479,Sr02_gA_IMG1_LID1_STA1_CFC64_OH0,0126_0105,A,0.519900918006897,0.07605205476284027,0.5,0.0,-26.120780219055405,5.979739453671034,1.8874912628278901,7.008615464900692
1769386012.660885,1769386012660895986,Sr02_gA_IMG1_LID1_STA1_CFC64_OH0,0126_0105,A,0.5240203738212585,0.029108725488185883,0.5,0.0,-26.136343309814407,6.027242485664813,1.8872663628663529,6.98406703321373
1769386012.7845001,1769386012784508871,Sr02_gA_IMG1_LID1_STA1_CFC64_OH0,0126_0105,A,0.5167957544326782,0.039807550609111786,0.5,0.0,-26.159725722188767,6.098492721366532,1.889266319595894,6.9477197662905965
1769386012.906313,1769386012906320667,Sr02_gA_IMG1_LID1_STA1_CFC64_OH0,0126_0105,A,0.5348429083824158,0.24608919024467468,0.5,0.5,-26.175512132768816,6.145935134838063,1.8947752699953597,6.92364867334376
1769386013.0302117,1769386013030219668,Sr02_gA_IMG1_LID1_STA1_CFC64_OH0,0126_0105,A,0.5169515609741211,0.2032415121793747,0.5,0.5,-26.191639100409926,6.193231230603655,1.9053032841933366,6.899545354355929
1769386013.1543891,1769386013154396651,Sr02_gA_IMG1_LID1_STA1_CFC64_OH0,0126_0105,A,0.5120657086372375,0.22371326386928558,0.5,0.5,-26.2168518752287,6.263865441042789,1.9217309124623738,6.862954849699741
1769386013.2783997,1769386013278409096,Sr02_gA_IMG1_LID1_STA1_CFC64_OH0,0126_0105,A,0.4966442584991455,0.0056604789569973946,0.5,0.0,-26.23421902944266,6.310752215132856,1.929336129568053,6.838388903888343
1769386013.4010031,1769386013401010263,Sr02_gA_IMG1_LID1_STA1_CFC64_OH0,0126_0105,A,0.5188121199607849,0.4163149893283844,0.5,0.5,-26.260778999206742,6.380879468383642,1.9351819852640362,6.801588501559868
1769386013.5217626,1769386013521776558,Sr02_gA_IMG1_LID1_STA1_CFC64_OH0,0126_0105,A,0.5166682004928589,0.23367276787757874,0.5,0.5,-26.278685958415387,6.427562840606017,1.9390557375511916,6.777215968457824
1769386013.6423473,1769386013642355932,Sr02_gA_IMG1_LID1_STA1_CFC64_OH0,0126_0105,A,0.5133713483810425,0.2771504521369934,0.5,0.5,-26.30635758532453,6.496934809937977,1.9670923420755309,6.740467638694081
1769386013.7665877,1769386013766596314,Sr02_gA_IMG1_LID1_STA1_CFC64_OH0,0126_0105,A,0.5065903067588806,0.42698559165000916,0.5,0.5,-26.32612516817539,6.5428603614118295,1.9874164929084643,6.715048466555379
1769386013.8859522,1769386013885961140,Sr02_gA_IMG1_LID1_STA1_CFC64_OH0,0126_0105,A,0.5286635756492615,0.3921484053134918,0.5,0.5,-26.357563331176596,6.61091156522348,2.019166286972663,6.675760342087445
1769386014.0092525,1769386014009261729,Sr02_gA_IMG1_LID1_STA1_CFC64_OH0,0126_0105,A,0.5220300555229187,0.46123674511909485,0.5,0.5,-26.37926695069593,6.655722420846838,2.0225542628548565,6.649228105074021
1769386014.1285515,1769386014128559359,Sr02_gA_IMG1_LID1_STA1_CFC64_OH0,0126_0105,A,0.5164438486099243,0.48261791467666626,0.5,0.5,-26.40109315261961,6.700208659415925,2.0354892826062256,6.6228748186084125
1769386014.2562027,1769386014256209898,Sr02_gA_IMG1_LID1_STA1_CFC64_OH0,0126_0105,A,0.49740564823150635,0.45625627040863037,0.5,0.5,-26.435700006882726,6.765714466111298,2.0754870290408314,6.582099148024144
1769386014.3818939,1769386014381902454,Sr02_gA_IMG1_LID1_STA1_CFC64_OH0,0126_0105,A,0.5172929763793945,0.34437131881713867,0.5,0.5,-26.460469287004937,6.8091311372059025,2.1030920962322894,6.5535695951560085
1769386014.5052075,1769386014505214805,Sr02_gA_IMG1_LID1_STA1_CFC64_OH0,0126_0105,A,0.48541557788848877,0.5040974020957947,0.5,0.5,-26.5000912333419,6.87259857590169,2.1594180548999327,6.508926293761539
1769386014.6242652,1769386014624272845,Sr02_gA_IMG1_LID1_STA1_CFC64_OH0,0126_0105,A,0.48364973068237305,0.4715748131275177,0.5,0.5,-26.528673723023687,6.913619533410714,2.1989812385832246,6.4774017460398365
1769386014.7447503,1769386014744757963,Sr02_gA_IMG1_LID1_STA1_CFC64_OH0,0126_0105,A,0.505035936832428,0.5207141041755676,0.5,0.5,-26.57473880434369,6.972749198414412,2.2671573815211645,6.427517135518067
1769386014.864506,1769386014864513592,Sr02_gA_IMG1_LID1_STA1_CFC64_OH0,0126_0105,A,0.48950961232185364,0.44755247235298157,0.5,0.5,-26.607723321104004,7.010319612865205,2.315419108960721,6.39236588818139
1769386014.9853532,1769386014985359856,Sr02_gA_IMG1_LID1_STA1_CFC64_OH0,0126_0105,A,0.5252460837364197,0.33216047286987305,0.5,0.5,-26.66037495912876,7.063604408315944,2.3829707760891963,6.336989883369011
1769386015.1015701,1769386015101578490,Sr02_gA_IMG1_LID1_STA1_CFC64_OH0,0126_0105,A,0.5124412178993225,0.2291402816772461,0.5,0.5,-26.69724921340158,7.097368913727651,2.417407893711338,6.298601640814375
1769386015.218903,1769386015218911244,Sr02_gA_IMG1_LID1_STA1_CFC64_OH0,0126_0105,A,0.46031975746154785,0.3357929587364197,0.5,0.5,-26.73525282500897,7.129575099110946,2.4625773716365993,6.259308712739188
1769386015.3408434,1769386015340851792,Sr02_gA_IMG1_LID1_STA1_CFC64_OH0,0126_0105,A,0.49589890241622925,0.4097687602043152,0.5,0.5,-26.795287004768092,7.17450252351077,2.5350190338643808,6.197731901950741
1769386015.4615438,1769386015461551461,Sr02_gA_IMG1_LID1_STA1_CFC64_OH0,0126_0105,A,0.4862337112426758,0.3279760777950287,0.5,0.5,-26.837062610137323,7.201966637912687,2.585018979507239,6.1551615771044625
1769386015.5855522,1769386015585561010,Sr02_gA_IMG1_LID1_STA1_CFC64_OH0,0126_0105,A,0.49076056480407715,0.10591401159763336,0.5,0.0,-26.880126747171737,7.2273642923776125,2.6313476267547316,6.111463748941112
1769386015.7067423,1769386015706749758,Sr02_gA_IMG1_LID1_STA1_CFC64_OH0,0126_0105,A,0.5007518529891968,-0.03189411014318466,0.5,0.0,-26.946588115318786,7.261917207721589,2.6887489004865768,6.0442980913964615
1769386015.825906,1769386015825914518,Sr02_gA_IMG1_LID1_STA1_CFC64_OH0,0126_0105,A,0.4767586886882782,0.10721222311258316,0.5,0.0,-26.991790340826995,7.28318893093836,2.7133731696807297,5.9987538572213515
1769386015.9488907,1769386015948898723,Sr02_gA_IMG1_LID1_STA1_CFC64_OH0,0126_0105,A,0.4822239577770233,0.11649936437606812,0.5,0.0,-27.060541733154917,7.312885069448504,2.7583240188113134,5.92964403946335
1769386016.0652096,1769386016065217114,Sr02_gA_IMG1_LID1_STA1_CFC64_OH0,0126_0105,A,0.48150303959846497,0.2828328013420105,0.5,0.5,-27.107260740868004,7.330622512078778,2.7992162876195503,5.882778517002781
1769386016.1895418,1769386016189549589,Sr02_gA_IMG1_LID1_STA1_CFC64_OH0,0126_0105,A,0.44479620456695557,0.33396852016448975,0.5,0.5,-27.178536741975286,7.353884234976813,2.851002571650469,5.811388758230251
1769386016.3082514,1769386016308259306,Sr02_gA_IMG1_LID1_STA1_CFC64_OH0,0126_0105,A,0.44549205899238586,0.32624053955078125,0.5,0.5,-27.226363577218148,7.367597659889798,2.869547468991901,5.763537486918885
1769386016.4253826,1769386016425391163,Sr02_gA_IMG1_LID1_STA1_CFC64_OH0,0126_0105,A,0.47074171900749207,0.39294418692588806,0.5,0.5,-27.274443773409146,7.380937644574661,2.8699472058838187,5.71546469303476
1769386016.545012,1769386016545019292,Sr02_gA_IMG1_LID1_STA1_CFC64_OH0,0126_0105,A,0.504307746887207,0.14686459302902222,0.5,0.0,-27.346620250080726,7.400911399286071,2.8780997536325086,5.6433584907727
1769386016.6710713,1769386016671117098,Sr02_gA_IMG1_LID1_STA1_CFC64_OH0,0126_0105,A,0.5077409148216248,0.35440272092819214,0.5,0.5,-27.394969317360584,7.413652635334245,2.8897496690332702,5.595092498816605
1769386016.79188,1769386016791887210,Sr02_gA_IMG1_LID1_STA1_CFC64_OH0,0126_0105,A,0.5071417689323425,0.3480950593948364,0.5,0.5,-27.46765958028101,7.431207079477319,2.9243770913814586,5.522567529164443
1769386016.9172194,1769386016917226564,Sr02_gA_IMG1_LID1_STA1_CFC64_OH0,0126_0105,A,0.5193736553192139,0.3190164566040039,0.5,0.5,-27.51663624476009,7.441192265029625,2.9571210376990713,5.473712548174214
1769386017.0372763,1769386017037285401,Sr02_gA_IMG1_LID1_STA1_CFC64_OH0,0126_0105,A,0.4346233308315277,0.23386849462985992,0.5,0.5,-27.590657864174496,7.453131729905482,3.0065431289359075,5.399865261836153
1769386017.159021,1769386017159029981,Sr02_gA_IMG1_LID1_STA1_CFC64_OH0,0126_0105,A,0.5216029286384583,0.1167304664850235,0.5,0.0,-27.640294809662812,7.458889141452429,3.0451449014326926,5.350325469150406
1769386017.2842972,1769386017284305615,Sr02_gA_IMG1_LID1_STA1_CFC64_OH0,0126_0105,A,0.5064459443092346,0.07779967039823532,0.5,0.0,-27.689833743546444,7.463119281259781,3.0647060311472663,5.3008650115732205
1769386017.4048712,1769386017404879729,Sr02_gA_IMG1_LID1_STA1_CFC64_OH0,0126_0105,A,0.5248697400093079,0.11375325173139572,0.5,0.0,-27.764352883880406,7.467541652351773,3.106272734027349,5.226436994271923
1769386017.5202258,1769386017520233941,Sr02_gA_IMG1_LID1_STA1_CFC64_OH0,0126_0105,A,0.513292133808136,0.03242431953549385,0.5,0.0,-27.814342383691514,7.468434323088565,3.141145267631936,5.176472796236823
1769386017.6407382,1769386017640746390,Sr02_gA_IMG1_LID1_STA1_CFC64_OH0,0126_0105,A,0.5194808840751648,-0.025601789355278015,0.5,0.0,-27.88929792788538,7.466600177193572,-3.0935540697959008,5.101496033704618
1769386017.7602162,1769386017760224077,Sr02_gA_IMG1_LID1_STA1_CFC64_OH0,0126_0105,A,0.5103493332862854,-0.025571927428245544,0.5,0.0,-27.939192359215426,7.463613605930758,-3.07011326545938,5.051554853702172
1769386017.8759732,1769386017875981385,Sr02_gA_IMG1_LID1_STA1_CFC64_OH0,0126_0105,A,0.5157579779624939,0.01616666465997696,0.5,0.0,-27.98896435338242,7.459608222000123,-3.0548444864077577,5.001718809266669
1769386017.9968648,1769386017996873175,Sr02_gA_IMG1_LID1_STA1_CFC64_OH0,0126_0105,A,0.48644164204597473,-0.010847816243767738,0.5,0.0,-28.063629462226075,7.452534919546982,-3.04083868117035,4.926943581720924
1769386018.1218932,1769386018121900403,Sr02_gA_IMG1_LID1_STA1_CFC64_OH0,0126_0105,A,0.49671226739883423,-0.019017454236745834,0.5,0.0,-28.113341494922757,7.447224214984079,-3.0294806366510594,4.877152627255797
1769386018.2484941,1769386018248502716,Sr02_gA_IMG1_LID1_STA1_CFC64_OH0,0126_0105,A,0.5120593905448914,-0.031129643321037292,0.5,0.0,-28.187778236227086,7.438421788599882,-3.0212279813818865,4.802593638579237
1769386018.3647904,1769386018364798925,Sr02_gA_IMG1_LID1_STA1_CFC64_OH0,0126_0105,A,0.5315887331962585,0.03504457324743271,0.5,0.0,-28.237424109381408,7.432481623332931,-3.023788133003127,4.752872267860136
1769386018.4830768,1769386018483084947,Sr02_gA_IMG1_LID1_STA1_CFC64_OH0,0126_0105,A,0.540949285030365,0.032881394028663635,0.5,0.0,-28.287085022463714,7.426668531907845,-3.0263459188238393,4.703143265378804
1769386018.5988636,1769386018598872622,Sr02_gA_IMG1_LID1_STA1_CFC64_OH0,0126_0105,A,0.5432769060134888,0.034512557089328766,0.5,0.0,-28.36157399651828,7.418015249407409,-3.024791661520213,4.628563776716489
1769386018.7167072,1769386018716715933,Sr02_gA_IMG1_LID1_STA1_CFC64_OH0,0126_0105,A,0.5132616758346558,0.022783994674682617,0.5,0.0,-28.41123646967672,7.412215404825086,-3.025876420698884,4.578848130308142
1769386018.8394005,1769386018839409183,Sr02_gA_IMG1_LID1_STA1_CFC64_OH0,0126_0105,A,0.5574283599853516,0.01110986340790987,0.5,0.0,-28.460906046534834,7.40647674060578,-3.0274513717783083,4.529132118220875
1769386018.959511,1769386018959518505,Sr02_gA_IMG1_LID1_STA1_CFC64_OH0,0126_0105,A,0.5616783499717712,0.014329302124679089,0.5,0.0,-28.53543417405822,7.39807742072464,-3.031636314597089,4.454547516382794
1769386019.0787246,1769386019078732387,Sr02_gA_IMG1_LID1_STA1_CFC64_OH0,0126_0105,A,0.5144779682159424,-0.01823393628001213,0.5,0.0,-28.585111173698934,7.392576162126181,-3.029761349619758,4.404841181001465
1769386019.1972625,1769386019197270993,Sr02_gA_IMG1_LID1_STA1_CFC64_OH0,0126_0105,A,0.503140389919281,-0.001890441752038896,0.5,0.0,-28.659621384467737,7.384019509713886,-3.024785883418138,4.330297888352168
1769386019.3198576,1769386019319865757,Sr02_gA_IMG1_LID1_STA1_CFC64_OH0,0126_0105,A,0.5167092084884644,-0.06056719273328781,0.5,0.0,-28.70927051952243,7.378106761671502,-3.021334634602154,4.280635214993539
1769386019.4394586,1769386019439467587,Sr02_gA_IMG1_LID1_STA1_CFC64_OH0,0126_0105,A,0.5308980941772461,-0.06305687874555588,0.5,0.0,-28.758902525732214,7.372051800012151,-3.019056229886486,4.230997581325666
1769386019.5558531,1769386019555860678,Sr02_gA_IMG1_LID1_STA1_CFC64_OH0,0126_0105,A,0.4952825605869293,-0.011898363940417767,0.5,0.0,-28.833328738169374,7.362792409125041,-3.016922779680955,4.156579563865267
1769386019.6810327,1769386019681039781,Sr02_gA_IMG1_LID1_STA1_CFC64_OH0,0126_0105,A,0.477563738822937,-0.032454121857881546,0.5,0.0,-28.882936564585428,7.356542382493475,-3.0155542429445954,4.106989235931806
1769386019.8004527,1769386019800460000,Sr02_gA_IMG1_LID1_STA1_CFC64_OH0,0126_0105,A,0.4666977524757385,-0.033625274896621704,0.5,0.0,-28.957348755882546,7.347171039005743,-3.0176380402929004,4.0326222401320315
1769386019.923097,1769386019923105520,Sr02_gA_IMG1_LID1_STA1_CFC64_OH0,0126_0105,A,0.46924859285354614,0.01309926901012659,0.5,0.0,-29.006965709754656,7.340993858074841,-3.017827096664938,3.983048071539407
1769386020.0441034,1769386020044111735,Sr02_gA_IMG1_LID1_STA1_CFC64_OH0,0126_0105,A,0.477340430021286,-0.02996060624718666,0.5,0.0,-29.081406153810466,7.331944943922433,-3.024990306969557,3.9086899677664233
1769386020.1621945,1769386020162201929,Sr02_gA_IMG1_LID1_STA1_CFC64_OH0,0126_0105,A,0.4910919666290283,-0.018462225794792175,0.5,0.0,-29.131084643541286,7.326284638641041,-3.0312959843829996,3.8590755851441054
1769386020.2872324,1769386020287240468,Sr02_gA_IMG1_LID1_STA1_CFC64_OH0,0126_0105,A,0.49840590357780457,-0.02241560071706772,0.5,0.0,-29.180778464009766,7.320861901744341,-3.03362626809862,3.8094528140483557
1769386020.4151514,1769386020415159750,Sr02_gA_IMG1_LID1_STA1_CFC64_OH0,0126_0105,A,0.47806763648986816,0.018106523901224136,0.5,0.0,-29.255358100179677,7.312933049904854,-3.038083248202135,3.7349948588447814
1769386020.542603,1769386020542610224,Sr02_gA_IMG1_LID1_STA1_CFC64_OH0,0126_0105,A,0.4815848171710968,-0.00047896814066916704,0.5,0.0,-29.305099073222802,7.307850439576776,-3.0414457692959704,3.6853437257427992
1769386020.6693516,1769386020669361946,Sr02_gA_IMG1_LID1_STA1_CFC64_OH0,0126_0105,A,0.5085832476615906,0.012341246008872986,0.5,0.0,-29.379703821739334,7.300383617008679,-3.0417745632294704,3.6108887067246047
1769386020.7959511,1769386020795959269,Sr02_gA_IMG1_LID1_STA1_CFC64_OH0,0126_0105,A,0.5131816864013672,0.024150986224412918,0.5,0.0,-29.42946232366286,7.29547553242183,-3.0447706156180137,3.561240725811368
1769386020.91765,1769386020917657372,Sr02_gA_IMG1_LID1_STA1_CFC64_OH0,0126_0105,A,0.5023858547210693,0.0009010881185531616,0.5,0.0,-29.504122524086416,7.288344618392978,-3.047769920989287,3.4867596798132494
1769386021.0431614,1769386021043169218,Sr02_gA_IMG1_LID1_STA1_CFC64_OH0,0126_0105,A,0.4729219079017639,0.006313011050224304,0.5,0.0,-29.55390782299511,7.283716157682931,-3.0500114743696276,3.4371031663796305
1769386021.1623843,1769386021162392288,Sr02_gA_IMG1_LID1_STA1_CFC64_OH0,0126_0105,A,0.476128488779068,0.019486457109451294,0.5,0.0,-29.628576553521533,7.276760384827903,-3.0476956335308047,3.362647063674195
1769386021.2805092,1769386021280516616,Sr02_gA_IMG1_LID1_STA1_CFC64_OH0,0126_0105,A,0.4774578809738159,0.013882161118090153,0.5,0.0,-29.678356408247826,7.272073621986951,-3.047743529164149,3.313023873082907
1769386021.4021177,1769386021402126062,Sr02_gA_IMG1_LID1_STA1_CFC64_OH0,0126_0105,A,0.4829657971858978,0.0071356166154146194,0.5,0.0,-29.753021508042323,7.264994024489975,-3.046148758964217,3.2386171199660403
1769386021.5225024,1769386021522511502,Sr02_gA_IMG1_LID1_STA1_CFC64_OH0,0126_0105,A,0.5028998851776123,-0.00545091088861227,0.5,0.0,-29.802788137043873,7.2601689746799085,-3.0437336733286555,3.189041818379658
1769386021.6425881,1769386021642596188,Sr02_gA_IMG1_LID1_STA1_CFC64_OH0,0126_0105,A,0.49214819073677063,-0.0027979284059256315,0.5,0.0,-29.85254578770006,7.2552520885801925,-3.0429460510732773,3.139492346226776
1769386021.7639387,1769386021763945325,Sr02_gA_IMG1_LID1_STA1_CFC64_OH0,0126_0105,A,0.49260762333869934,-0.0033367956057190895,0.5,0.0,-29.927178736269116,7.247841156053453,-3.0421614625258746,3.0652005288268387
1769386021.891238,1769386021891254434,Sr02_gA_IMG1_LID1_STA1_CFC64_OH0,0126_0105,A,0.4795004427433014,0.00501934764906764,0.5,0.0,-29.97692753239043,7.242835538698214,-3.0403445643274623,3.0157013881693144
1769386022.0119002,1769386022011908237,Sr02_gA_IMG1_LID1_STA1_CFC64_OH0,0126_0105,A,0.47245895862579346,-0.015051236376166344,0.5,0.0,-30.051535075108507,7.235173175995069,-3.038206196408954,2.9415071873644383
1769386022.1317983,1769386022131804900,Sr02_gA_IMG1_LID1_STA1_CFC64_OH0,0126_0105,A,0.47480517625808716,0.010843261145055294,0.5,0.0,-30.101266245628082,7.22999531393143,-3.037492630752057,2.892078058996213
1769386022.2534697,1769386022253477094,Sr02_gA_IMG1_LID1_STA1_CFC64_OH0,0126_0105,A,0.49107053875923157,0.017218269407749176,0.5,0.0,-30.1758607357262,7.222206787891691,-3.037879603519098,2.8179755445153445
1769386022.3841927,1769386022384200617,Sr02_gA_IMG1_LID1_STA1_CFC64_OH0,0126_0105,A,0.513298511505127,0.003572565969079733,0.5,0.0,-30.225592787114916,7.217037384505055,-3.038159396059426,2.7685970556766897
1769386022.5047657,1769386022504781253,Sr02_gA_IMG1_LID1_STA1_CFC64_OH0,0126_0105,A,0.5091443657875061,0.009152225218713284,0.5,0.0,-30.300193843050643,7.2093119962902685,-3.038654525506147,2.694567603322591
1769386022.626345,1769386022626353409,Sr02_gA_IMG1_LID1_STA1_CFC64_OH0,0126_0105,A,0.5216627717018127,0.007264837622642517,0.5,0.0,-30.34992787579713,7.204161693637417,-3.038152597956329,2.645245019785393
1769386022.7526596,1769386022752669614,Sr02_gA_IMG1_LID1_STA1_CFC64_OH0,0126_0105,A,0.4826478660106659,-0.00892619602382183,0.5,0.0,-30.399664481399537,7.199036337667218,-3.0396577037742083,2.5959441337815368
1769386022.8759663,1769386022875976013,Sr02_gA_IMG1_LID1_STA1_CFC64_OH0,0126_0105,A,0.5042039752006531,-0.031464070081710815,0.5,0.0,-30.474274284896094,7.191395938920582,-3.038808070732219,2.522036139324825
1769386023.0061214,1769386023006130449,Sr02_gA_IMG1_LID1_STA1_CFC64_OH0,0126_0105,A,0.49972185492515564,0.006020481698215008,0.5,0.0,-30.524006269556097,7.186225950560903,-3.0371500014641013,2.472814247774902
1769386023.1292236,1769386023129230661,Sr02_gA_IMG1_LID1_STA1_CFC64_OH0,0126_0105,A,0.495009183883667,0.013298679143190384,0.5,0.0,-30.59859174460334,7.17835157712644,-3.0360124863383753,2.3990638021629307
1769386023.254816,1769386023254824091,Sr02_gA_IMG1_LID1_STA1_CFC64_OH0,0126_0105,A,0.4890272617340088,-0.013448053039610386,0.5,0.0,-30.648310902756357,7.173059618976812,-3.0350972665021216,2.349948827707978
1769386023.378824,1769386023378832497,Sr02_gA_IMG1_LID1_STA1_CFC64_OH0,0126_0105,A,0.48186755180358887,0.007023767568171024,0.5,0.0,-30.722881235229373,7.165043122623217,-3.033950919661577,2.276364100168601
1769386023.5031915,1769386023503199476,Sr02_gA_IMG1_LID1_STA1_CFC64_OH0,0126_0105,A,0.5034440755844116,-0.03518197312951088,0.5,0.0,-30.77259341059719,7.159685963695076,-3.0346816153430813,2.2273626570803104
1769386023.6228187,1769386023622826753,Sr02_gA_IMG1_LID1_STA1_CFC64_OH0,0126_0105,A,0.509600818157196,-0.029436085373163223,0.5,0.0,-30.84718022582719,7.151841921186954,-3.038807357183475,2.153908571819137
1769386023.7428415,1769386023742849032,Sr02_gA_IMG1_LID1_STA1_CFC64_OH0,0126_0105,A,0.46208807826042175,-0.02182289958000183,0.5,0.0,-30.896914787364587,7.146696730096144,-3.0382053183350846,2.1049807428701204
1769386023.867737,1769386023867745334,Sr02_gA_IMG1_LID1_STA1_CFC64_OH0,0126_0105,A,0.4663415551185608,-0.047500066459178925,0.5,0.0,-30.97150807023663,7.138896744899616,-3.0364288708617693,2.0317047851036594
1769386023.997778,1769386023997785465,Sr02_gA_IMG1_LID1_STA1_CFC64_OH0,0126_0105,A,0.5192223787307739,-0.017205338925123215,0.5,0.0,-31.021234023938515,7.133669042664768,-3.037506186615433,1.9829319667611491
1769386024.1194944,1769386024119502913,Sr02_gA_IMG1_LID1_STA1_CFC64_OH0,0126_0105,A,0.5313622355461121,-0.007849248126149178,0.5,0.0,-31.09581432510778,7.125854244087462,-3.037035365911214,1.9098968623004275
1769386024.2460258,1769386024246032699,Sr02_gA_IMG1_LID1_STA1_CFC64_OH0,0126_0105,A,0.5024422407150269,-0.10332855582237244,0.5,0.0,-31.14555034178492,7.12072338483683,-3.0405535460457647,1.8612668027928314
1769386024.377478,1769386024377486842,Sr02_gA_IMG1_LID1_STA1_CFC64_OH0,0126_0105,A,0.49508804082870483,-0.11724822223186493,0.5,0.0,-31.220185358898405,7.113333918419082,-3.044989074284726,1.7883884543753135
1769386024.5028093,1769386024502821647,Sr02_gA_IMG1_LID1_STA1_CFC64_OH0,0126_0105,A,0.4568241834640503,0.04974986985325813,0.5,0.0,-31.269957453557513,7.108565555606278,-3.0471713611250104,1.7398639882347648
1769386024.635145,1769386024635152324,Sr02_gA_IMG1_LID1_STA1_CFC64_OH0,0126_0105,A,0.4533495306968689,0.07775738835334778,0.5,0.0,-31.344646173420678,7.101741238156912,-3.0537366384909754,1.667157549980067
1769386024.7622583,1769386024762265945,Sr02_gA_IMG1_LID1_STA1_CFC64_OH0,0126_0105,A,0.5211495161056519,-0.01749834418296814,0.5,0.0,-31.415153756744076,7.095617888088784,-3.0562461684251705,1.5986607284323047
1769386024.8838718,1769386024883878858,Sr02_gA_IMG1_LID1_STA1_CFC64_OH0,0126_0105,A,0.5104230642318726,0.048602111637592316,0.5,0.0,-31.442630608078026,7.093284640411123,-3.057627900372253,1.572012705165606
1769386025.0116014,1769386025011609116,Sr02_gA_IMG1_LID1_STA1_CFC64_OH0,0126_0105,A,0.48173853754997253,0.06476270407438278,0.5,0.0,-31.468821775929094,7.091149912800824,-3.063147394976314,1.5466256867986918
1769386025.131135,1769386025131142687,Sr02_gA_IMG1_LID1_STA1_CFC64_OH0,0126_0105,A,0.47573938965797424,0.09897051751613617,0.5,0.0,-31.486259701348928,7.089814812998178,-3.0668621597217745,1.529723996070576
1769386025.2566254,1769386025256633574,Sr02_gA_IMG1_LID1_STA1_CFC64_OH0,0126_0105,A,0.46492236852645874,0.08694013953208923,0.5,0.0,-31.503709708678393,7.088493054212767,-3.0651209405468682,1.5128212940812893
1769386025.3894415,1769386025389455794,Sr02_gA_IMG1_LID1_STA1_CFC64_OH0,0126_0105,A,0.5220493674278259,0.016303986310958862,0.5,0.0,-31.529879198293884,7.08643899929809,-3.0612347447248935,1.4875122274237544
1769386025.5215573,1769386025521566729,Sr02_gA_IMG1_LID1_STA1_CFC64_OH0,0126_0105,A,0.4250492751598358,0.0013267823960632086,0.5,0.0,-31.556044757420928,7.084335257700071,-3.061588647819997,1.4622499355779883
1769386025.6505764,1769386025650584072,Sr02_gA_IMG1_LID1_STA1_CFC64_OH0,0126_0105,A,0.5476997494697571,0.004921808838844299,0.5,0.0,-31.573487576570013,7.082921795603467,-3.059831023003654,1.445431019016824
1769386025.773095,1769386025773103354,Sr02_gA_IMG1_LID1_STA1_CFC64_OH0,0126_0105,A,0.5480790734291077,0.005724930204451084,0.5,0.0,-31.59964610550791,7.080732532053492,-3.056071815865094,1.4202532019298817
1769386025.8983107,1769386025898318384,Sr02_gA_IMG1_LID1_STA1_CFC64_OH0,0126_0105,A,0.5426561832427979,-0.030361808836460114,0.5,0.0,-31.61707952168719,7.079207545454938,-3.052607854154435,1.403508913650122
1769386026.0209868,1769386026020994500,Sr02_gA_IMG1_LID1_STA1_CFC64_OH0,0126_0105,A,0.5590364336967468,0.006516222842037678,0.5,0.0,-31.64322016606103,7.076814265789709,-3.0482486080304896,1.3784595273338915
1769386026.1432333,1769386026143241542,Sr02_gA_IMG1_LID1_STA1_CFC64_OH0,0126_0105,A,0.5663763880729675,0.03130240738391876,0.5,0.0,-31.66064351220494,7.075178145082796,-3.0476779642947975,1.3617975453652786
1769386026.264025,1769386026264032102,Sr02_gA_IMG1_LID1_STA1_CFC64_OH0,0126_0105,A,0.5713921189308167,0.03066185861825943,0.5,0.0,-31.686777503624732,7.072713039719907,-3.047503464107546,1.33684816588291
1769386026.3829756,1769386026382982640,Sr02_gA_IMG1_LID1_STA1_CFC64_OH0,0126_0105,A,0.5369325280189514,0.0861692726612091,0.5,0.0,-31.70419995414783,7.07106740695184,-3.047331202066172,1.3202439792687848
1769386026.5049844,1769386026504991495,Sr02_gA_IMG1_LID1_STA1_CFC64_OH0,0126_0105,A,0.5374987721443176,0.04438783973455429,0.5,0.0,-31.721622097750853,7.069418528108822,-3.0471308300823527,1.3036642772646345
1769386026.6267247,1769386026626731636,Sr02_gA_IMG1_LID1_STA1_CFC64_OH0,0126_0105,A,0.5302171111106873,0.06016279757022858,0.5,0.0,-31.747533220207686,7.06697284477901,-3.048216727334547,1.2790498591041453
1769386026.7478573,1769386026747864047,Sr02_gA_IMG1_LID1_STA1_CFC64_OH0,0126_0105,A,0.5304577946662903,0.060792434960603714,0.5,0.0,-31.75282665580674,7.066478443080828,-3.0489359698682446,1.2740269823882675
1769386026.870188,1769386026870197210,Sr02_gA_IMG1_LID1_STA1_CFC64_OH0,0126_0105,A,0.5108365416526794,0.07403378188610077,0.5,0.0,-31.752826655820158,7.066478443079582,-3.048935970042362,1.274026982375536
1769386026.9883232,1769386026988334162,Sr02_gA_IMG1_LID1_STA1_CFC64_OH0,0126_0105,A,0.5109114050865173,0.08095312863588333,0.5,0.0,-31.752826655820158,7.066478443079582,-3.048935970042362,1.274026982375536
1769386027.1136827,1769386027113690396,Sr02_gA_IMG1_LID1_STA1_CFC64_OH0,0126_0105,A,0.5109343528747559,0.08069861680269241,0.5,0.0,-31.752826655820158,7.066478443079582,-3.048935970042362,1.274026982375536
1769386027.2348232,1769386027234831833,Sr02_gA_IMG1_LID1_STA1_CFC64_OH0,0126_0105,A,0.5121440291404724,0.10682636499404907,0.5,0.0,-31.752826655820158,7.066478443079582,-3.048935970042362,1.274026982375536
1769386027.35445,1769386027354457618,Sr02_gA_IMG1_LID1_STA1_CFC64_OH0,0126_0105,A,0.5455427765846252,0.05462024733424187,0.5,0.0,-31.752826655820158,7.066478443079582,-3.048935970042362,1.274026982375536
1769386027.4747455,1769386027474753590,Sr02_gA_IMG1_LID1_STA1_CFC64_OH0,0126_0105,A,0.5286018252372742,0.06650050729513168,0.5,0.0,-31.752826655820158,7.066478443079582,-3.048935970042362,1.274026982375536
1769386027.597971,1769386027597980299,Sr02_gA_IMG1_LID1_STA1_CFC64_OH0,0126_0105,A,0.5286449193954468,0.06645074486732483,0.5,0.0,-31.752826655820158,7.066478443079582,-3.048935970042362,1.274026982375536
1769386027.722258,1769386027722265274,Sr02_gA_IMG1_LID1_STA1_CFC64_OH0,0126_0105,A,0.5381933450698853,0.05748852342367172,0.5,0.0,-31.752826655820158,7.066478443079582,-3.048935970042362,1.274026982375536
1769386027.8501968,1769386027850205255,Sr02_gA_IMG1_LID1_STA1_CFC64_OH0,0126_0105,A,0.5382431745529175,0.07068905979394913,0.5,0.0,-31.752826655820158,7.066478443079582,-3.048935970042362,1.274026982375536
1769386027.97578,1769386027975787704,Sr02_gA_IMG1_LID1_STA1_CFC64_OH0,0126_0105,A,0.5449257493019104,0.05882228538393974,0.5,0.0,-31.752826655820158,7.066478443079582,-3.048935970042362,1.274026982375536
1769386028.0986848,1769386028098692309,Sr02_gA_IMG1_LID1_STA1_CFC64_OH0,0126_0105,A,0.5450435280799866,0.05882508307695389,0.5,0.0,-31.752826655820158,7.066478443079582,-3.048935970042362,1.274026982375536
1769386028.21779,1769386028217798719,Sr02_gA_IMG1_LID1_STA1_CFC64_OH0,0126_0105,A,0.5359383225440979,0.07756630331277847,0.5,0.0,-31.752826655820158,7.066478443079582,-3.048935970042362,1.274026982375536
1769386028.3388622,1769386028338869404,Sr02_gA_IMG1_LID1_STA1_CFC64_OH0,0126_0105,A,0.5422765016555786,0.04344278573989868,0.5,0.0,-31.752826655820158,7.066478443079582,-3.048935970042362,1.274026982375536
1769386028.4619036,1769386028461911206,Sr02_gA_IMG1_LID1_STA1_CFC64_OH0,0126_0105,A,0.5308216214179993,0.07671692222356796,0.5,0.0,-31.752826655820158,7.066478443079582,-3.048935970042362,1.274026982375536
1769386028.5816875,1769386028581695879,Sr02_gA_IMG1_LID1_STA1_CFC64_OH0,0126_0105,A,0.5308268666267395,0.07668434083461761,0.5,0.0,-31.752826655820158,7.066478443079582,-3.048935970042362,1.274026982375536
1769386028.6991408,1769386028699149008,Sr02_gA_IMG1_LID1_STA1_CFC64_OH0,0126_0105,A,0.5554113984107971,0.09753280133008957,0.5,0.0,-31.752826655820158,7.066478443079582,-3.048935970042362,1.274026982375536
1769386028.8249247,1769386028824932313,Sr02_gA_IMG1_LID1_STA1_CFC64_OH0,0126_0105,A,0.5233482122421265,0.082036592066288,0.5,0.0,-31.752826655820158,7.066478443079582,-3.048935970042362,1.274026982375536
1769386028.9435701,1769386028943578720,Sr02_gA_IMG1_LID1_STA1_CFC64_OH0,0126_0105,A,0.5233460664749146,0.08204144984483719,0.5,0.0,-31.752826655820158,7.066478443079582,-3.048935970042362,1.274026982375536
1769386029.061258,1769386029061266750,Sr02_gA_IMG1_LID1_STA1_CFC64_OH0,0126_0105,A,0.5418136119842529,0.05801280587911606,0.5,0.0,-31.752826655820158,7.066478443079582,-3.048935970042362,1.274026982375536
1769386029.1807477,1769386029180755447,Sr02_gA_IMG1_LID1_STA1_CFC64_OH0,0126_0105,A,0.5470869541168213,0.05655389651656151,0.5,0.0,-31.752826655820158,7.066478443079582,-3.048935970042362,1.274026982375536
1769386029.3070576,1769386029307065891,Sr02_gA_IMG1_LID1_STA1_CFC64_OH0,0126_0105,A,0.554448127746582,0.08657442778348923,0.5,0.0,-31.752826655820158,7.066478443079582,-3.048935970042362,1.274026982375536
1769386029.4260116,1769386029426020557,Sr02_gA_IMG1_LID1_STA1_CFC64_OH0,0126_0105,A,0.5544471144676208,0.08657355606555939,0.5,0.0,-31.752826655820158,7.066478443079582,-3.048935970042362,1.274026982375536
1769386029.5510163,1769386029551024680,Sr02_gA_IMG1_LID1_STA1_CFC64_OH0,0126_0105,A,0.5277582406997681,0.07821141183376312,0.5,0.0,-31.752826655820158,7.066478443079582,-3.048935970042362,1.274026982375536
1769386029.6750228,1769386029675031293,Sr02_gA_IMG1_LID1_STA1_CFC64_OH0,0126_0105,A,0.5469045639038086,0.05735301971435547,0.5,0.0,-31.752826655820158,7.066478443079582,-3.048935970042362,1.274026982375536
1769386029.7962701,1769386029796278829,Sr02_gA_IMG1_LID1_STA1_CFC64_OH0,0126_0105,A,0.5436797738075256,0.05824071168899536,0.5,0.0,-31.752826655820158,7.066478443079582,-3.048935970042362,1.274026982375536
1769386029.9168289,1769386029916835470,Sr02_gA_IMG1_LID1_STA1_CFC64_OH0,0126_0105,A,0.5436798930168152,0.0582406222820282,0.5,0.0,-31.752826655820158,7.066478443079582,-3.048935970042362,1.274026982375536
1769386030.0422792,1769386030042286943,Sr02_gA_IMG1_LID1_STA1_CFC64_OH0,0126_0105,A,0.5450378060340881,0.07257281988859177,0.5,0.0,-31.752826655820158,7.066478443079582,-3.048935970042362,1.274026982375536
1769386030.166183,1769386030166192876,Sr02_gA_IMG1_LID1_STA1_CFC64_OH0,0126_0105,A,0.532076358795166,0.07071499526500702,0.5,0.0,-31.752826655820158,7.066478443079582,-3.048935970042362,1.274026982375536
1769386030.2906837,1769386030290691682,Sr02_gA_IMG1_LID1_STA1_CFC64_OH0,0126_0105,A,0.5320764183998108,0.07071498036384583,0.5,0.0,-31.752826655820158,7.066478443079582,-3.048935970042362,1.274026982375536
1769386030.4164543,1769386030416461051,Sr02_gA_IMG1_LID1_STA1_CFC64_OH0,0126_0105,A,0.538227915763855,0.06907273828983307,0.5,0.0,-31.752826655820158,7.066478443079582,-3.048935970042362,1.274026982375536
1769386030.5457542,1769386030545763317,Sr02_gA_IMG1_LID1_STA1_CFC64_OH0,0126_0105,A,0.5436596870422363,0.05676879733800888,0.5,0.0,-31.752826655820158,7.066478443079582,-3.048935970042362,1.274026982375536
1769386030.6726544,1769386030672662275,Sr02_gA_IMG1_LID1_STA1_CFC64_OH0,0126_0105,A,0.546729326248169,0.07289804518222809,0.5,0.0,-31.752826655820158,7.066478443079582,-3.048935970042362,1.274026982375536
1769386030.8002577,1769386030800265474,Sr02_gA_IMG1_LID1_STA1_CFC64_OH0,0126_0105,A,0.5367821455001831,0.05685435235500336,0.5,0.0,-31.752826655820158,7.066478443079582,-3.048935970042362,1.274026982375536
1769386030.925384,1769386030925393360,Sr02_gA_IMG1_LID1_STA1_CFC64_OH0,0126_0105,A,0.5367822051048279,0.05685441941022873,0.5,0.0,-31.752826655820158,7.066478443079582,-3.048935970042362,1.274026982375536
1769386031.0544224,1769386031054430018,Sr02_gA_IMG1_LID1_STA1_CFC64_OH0,0126_0105,A,0.5339400768280029,0.06940151005983353,0.5,0.0,-31.752826655820158,7.066478443079582,-3.048935970042362,1.274026982375536
1769386031.1707885,1769386031170798221,Sr02_gA_IMG1_LID1_STA1_CFC64_OH0,0126_0105,A,0.5491092801094055,0.06196710839867592,0.5,0.0,-31.752826655820158,7.066478443079582,-3.048935970042362,1.274026982375536
1769386031.2979658,1769386031297975211,Sr02_gA_IMG1_LID1_STA1_CFC64_OH0,0126_0105,A,0.5331361293792725,0.07336261123418808,0.5,0.0,-31.752826655820158,7.066478443079582,-3.048935970042362,1.274026982375536
1769386031.4220958,1769386031422105745,Sr02_gA_IMG1_LID1_STA1_CFC64_OH0,0126_0105,A,0.5331361293792725,0.07336261123418808,0.5,0.0,-31.752826655820158,7.066478443079582,-3.048935970042362,1.274026982375536
1769386031.5489461,1769386031548955040,Sr02_gA_IMG1_LID1_STA1_CFC64_OH0,0126_0105,A,0.5445871353149414,0.05412629246711731,0.5,0.0,-31.752826655820158,7.066478443079582,-3.048935970042362,1.274026982375536
1769386031.6747906,1769386031674797747,Sr02_gA_IMG1_LID1_STA1_CFC64_OH0,0126_0105,A,0.5457095503807068,0.05743410065770149,0.5,0.0,-31.752826655820158,7.066478443079582,-3.048935970042362,1.274026982375536
1769386031.796982,1769386031796989735,Sr02_gA_IMG1_LID1_STA1_CFC64_OH0,0126_0105,A,0.5596774816513062,0.08768171817064285,0.5,0.0,-31.752826655820158,7.066478443079582,-3.048935970042362,1.274026982375536
1769386031.9165924,1769386031916607404,Sr02_gA_IMG1_LID1_STA1_CFC64_OH0,0126_0105,A,0.5596774816513062,0.08768171817064285,0.5,0.0,-31.752826655820158,7.066478443079582,-3.048935970042362,1.274026982375536
1769386032.047443,1769386032047452414,Sr02_gA_IMG1_LID1_STA1_CFC64_OH0,0126_0105,A,0.533025324344635,0.07807055860757828,0.5,0.0,-31.752826655820158,7.066478443079582,-3.048935970042362,1.274026982375536
1769386032.1708457,1769386032170854833,Sr02_gA_IMG1_LID1_STA1_CFC64_OH0,0126_0105,A,0.5456281900405884,0.0537538006901741,0.5,0.0,-31.752826655820158,7.066478443079582,-3.048935970042362,1.274026982375536
1769386032.3042946,1769386032304302986,Sr02_gA_IMG1_LID1_STA1_CFC64_OH0,0126_0105,A,0.545849621295929,0.05662760138511658,0.5,0.0,-31.752826655820158,7.066478443079582,-3.048935970042362,1.274026982375536
1769386032.4304123,1769386032430420588,Sr02_gA_IMG1_LID1_STA1_CFC64_OH0,0126_0105,A,0.545849621295929,0.05662760138511658,0.5,0.0,-31.752826655820158,7.066478443079582,-3.048935970042362,1.274026982375536
1769386032.5525558,1769386032552564356,Sr02_gA_IMG1_LID1_STA1_CFC64_OH0,0126_0105,A,0.5225845575332642,0.049959003925323486,0.5,0.0,-31.752826655820158,7.066478443079582,-3.048935970042362,1.274026982375536
1769386032.676024,1769386032676032348,Sr02_gA_IMG1_LID1_STA1_CFC64_OH0,0126_0105,A,0.525671660900116,0.09341894835233688,0.5,0.0,-31.752826655820158,7.066478443079582,-3.048935970042362,1.274026982375536
1769386032.8061848,1769386032806192333,Sr02_gA_IMG1_LID1_STA1_CFC64_OH0,0126_0105,A,0.5483462810516357,0.06178608909249306,0.5,0.0,-31.752826655820158,7.066478443079582,-3.048935970042362,1.274026982375536
1769386032.9336839,1769386032933690956,Sr02_gA_IMG1_LID1_STA1_CFC64_OH0,0126_0105,A,0.5483462810516357,0.06178608909249306,0.5,0.0,-31.752826655820158,7.066478443079582,-3.048935970042362,1.274026982375536
1769386033.0547743,1769386033054784383,Sr02_gA_IMG1_LID1_STA1_CFC64_OH0,0126_0105,A,0.5449106097221375,0.05683448538184166,0.5,0.0,-31.752826655820158,7.066478443079582,-3.048935970042362,1.274026982375536
1769386033.1748357,1769386033174844472,Sr02_gA_IMG1_LID1_STA1_CFC64_OH0,0126_0105,A,0.5442330837249756,0.05913225933909416,0.5,0.0,-31.752826655820158,7.066478443079582,-3.048935970042362,1.274026982375536
1769386033.2986042,1769386033298613118,Sr02_gA_IMG1_LID1_STA1_CFC64_OH0,0126_0105,A,0.5390093326568604,0.055055923759937286,0.5,0.0,-31.752826655820158,7.066478443079582,-3.048935970042362,1.274026982375536
1769386033.4221,1769386033422108240,Sr02_gA_IMG1_LID1_STA1_CFC64_OH0,0126_0105,A,0.5390093326568604,0.055055923759937286,0.5,0.0,-31.752826655820158,7.066478443079582,-3.048935970042362,1.274026982375536
1769386033.5422251,1769386033542233401,Sr02_gA_IMG1_LID1_STA1_CFC64_OH0,0126_0105,A,0.5373587012290955,0.07066582143306732,0.5,0.0,-31.752826655820158,7.066478443079582,-3.048935970042362,1.274026982375536
