t_unix,t_ros_ns,run_folder,run_id,goal_id,v_pred_lin,w_pred_ang,v_cmd_lin,w_cmd_ang,x,y,yaw,dist_to_goal
1769384883.9100654,1769384883910072818,Sr02_gA_IMG1_LID0_STA1_CFC64_OH0,0126_0047,A,-0.031644970178604126,-0.00951581634581089,0.0,0.0,-2.382027730537029e-15,-2.52004489523966e-24,-7.060447206312833e-12,33.80335215951223
1769384884.0316591,1769384884031666173,Sr02_gA_IMG1_LID0_STA1_CFC64_OH0,0126_0047,A,-0.031644970178604126,-0.00951581634581089,0.0,0.0,-2.382027730537029e-15,-2.52004489523966e-24,-7.060447206312833e-12,33.80335215951223
1769384884.1573224,1769384884157330253,Sr02_gA_IMG1_LID0_STA1_CFC64_OH0,0126_0047,A,-0.07057160139083862,0.005125124007463455,0.0,0.0,-2.4961831247965343e-15,-2.519238907104115e-24,-7.060447194419495e-12,33.80335215951223
1769384884.2823222,1769384884282329865,Sr02_gA_IMG1_LID0_STA1_CFC64_OH0,0126_0047,A,-0.03201138228178024,0.0015603480860590935,0.0,0.0,-2.610294863961257e-15,-2.5184332271868794e-24,-7.060447367626485e-12,33.80335215951223
1769384884.4088283,1769384884408836457,Sr02_gA_IMG1_LID0_STA1_CFC64_OH0,0126_0047,A,-0.04816529527306557,-0.0017918418161571026,0.0,0.0,-2.6862364357535948e-15,-2.5178970457095113e-24,-7.0604476253611396e-12,33.80335215951223
1769384884.5329623,1769384884532973619,Sr02_gA_IMG1_LID0_STA1_CFC64_OH0,0126_0047,A,-0.07124662399291992,-0.01852426677942276,0.0,0.0,-1.1195350421932797e-12,8.550895527748047e-17,-0.00019030706718876867,33.80335215951113
1769384884.6570942,1769384884657102004,Sr02_gA_IMG1_LID0_STA1_CFC64_OH0,0126_0047,A,-0.11811685562133789,-0.038026079535484314,0.0,0.0,-6.860277467485368e-09,5.225221591134926e-12,-0.0011418708000368683,33.8033521528159
1769384884.7781675,1769384884778174791,Sr02_gA_IMG1_LID0_STA1_CFC64_OH0,0126_0047,A,-0.0657457485795021,-0.03993929922580719,0.0,0.0,-1.966156646260157e-08,2.896368510955873e-11,-0.002569216417306213,33.803352140317486
1769384884.9053233,1769384884905333137,Sr02_gA_IMG1_LID0_STA1_CFC64_OH0,0126_0047,A,-0.11348369717597961,-0.022532295435667038,0.0,0.0,-1.9799142278506362e-08,2.931248299048069e-11,-0.002056727061646736,33.803352140183144
1769384885.0249631,1769384885024970337,Sr02_gA_IMG1_LID0_STA1_CFC64_OH0,0126_0047,A,-0.4109398126602173,-0.0370384156703949,-0.5,0.0,-1.9800051396107144e-08,2.9314151569088815e-11,-0.0017827830624489733,33.803352140182255
1769384885.1523664,1769384885152373472,Sr02_gA_IMG1_LID0_STA1_CFC64_OH0,0126_0047,A,-0.43401142954826355,-0.016158893704414368,-0.5,0.0,-1.98001154950642e-08,2.9314267770614094e-11,-0.0019619555785438873,33.80335214018219
1769384885.2728775,1769384885272884994,Sr02_gA_IMG1_LID0_STA1_CFC64_OH0,0126_0047,A,-0.4342912435531616,-0.01684574782848358,-0.5,0.0,-3.6224139299638456e-08,8.920772403166847e-11,-0.004573226777715662,33.803352124140346
1769384885.3967683,1769384885396783587,Sr02_gA_IMG1_LID0_STA1_CFC64_OH0,0126_0047,A,-0.25293052196502686,-0.006761659402400255,-0.5,0.0,-2.815050346380472e-06,1.3368297588423318e-08,-0.008365981688113503,33.803349409288884
1769384885.5196483,1769384885519655162,Sr02_gA_IMG1_LID0_STA1_CFC64_OH0,0126_0047,A,-0.310880184173584,0.008792296051979065,-0.5,0.0,-2.8630608997539558e-06,1.3906030190062282e-08,-0.014008693514261686,33.80334936231641
1769384885.6439044,1769384885643911828,Sr02_gA_IMG1_LID0_STA1_CFC64_OH0,0126_0047,A,-0.4614187777042389,0.010489685460925102,-0.5,0.0,-2.8816084610616476e-06,1.4186681593151956e-08,-0.016261898802019937,33.803349344153986
1769384885.7645025,1769384885764512627,Sr02_gA_IMG1_LID0_STA1_CFC64_OH0,0126_0047,A,-0.4613680839538574,0.009790558367967606,-0.5,0.0,-0.018699869138235247,0.00034107541297240306,-0.019076789196544965,33.785028121842934
1769384885.891136,1769384885891145155,Sr02_gA_IMG1_LID0_STA1_CFC64_OH0,0126_0047,A,-0.5737939476966858,0.18054550886154175,-0.5,0.0,-0.05281537729705625,0.0010187356957664308,-0.020474364685769894,33.751587240980875
1769384886.0157847,1769384886015793987,Sr02_gA_IMG1_LID0_STA1_CFC64_OH0,0126_0047,A,-0.6238069534301758,-0.05828515440225601,-0.5,0.0,-0.12629092432736216,0.0026038204963950064,-0.02259851349808498,33.67954182327889
1769384886.1361485,1769384886136156960,Sr02_gA_IMG1_LID0_STA1_CFC64_OH0,0126_0047,A,-0.42586749792099,-0.040258727967739105,-0.5,0.0,-0.17627776859636937,0.003750549663305915,-0.023274678592082598,33.630516526937896
1769384886.2579715,1769384886257978321,Sr02_gA_IMG1_LID0_STA1_CFC64_OH0,0126_0047,A,-0.4254692792892456,-0.0398363433778286,-0.5,0.0,-0.22626455926812117,0.004899590221379507,-0.022551001842123695,33.58149365007763
1769384886.3838155,1769384886383824391,Sr02_gA_IMG1_LID0_STA1_CFC64_OH0,0126_0047,A,-0.46157869696617126,-0.06567588448524475,-0.5,0.0,-0.3012467575786916,0.0065330122653138156,-0.02099452749413082,33.507982596988626
1769384886.5037305,1769384886503738701,Sr02_gA_IMG1_LID0_STA1_CFC64_OH0,0126_0047,A,-0.49761709570884705,-0.11383042484521866,-0.5,0.0,-0.3512362414058309,0.007558190322080057,-0.020015473199341494,33.45899161554997
1769384886.6308305,1769384886630837213,Sr02_gA_IMG1_LID0_STA1_CFC64_OH0,0126_0047,A,-0.4490887522697449,-0.25610998272895813,-0.5,-0.5,-0.42603414933230305,0.008600570107981107,-0.0023496032491405767,33.385801727612325
1769384886.752389,1769384886752395100,Sr02_gA_IMG1_LID0_STA1_CFC64_OH0,0126_0047,A,-0.4480832517147064,-0.2545749247074127,-0.5,-0.5,-0.4757502919911445,0.008506236061485848,0.0016923499901254416,33.337332199316705
1769384886.8763785,1769384886876388741,Sr02_gA_IMG1_LID0_STA1_CFC64_OH0,0126_0047,A,-0.5111777186393738,-0.4376308023929596,-0.5,-0.5,-0.5507500873319944,0.008618834288822447,-0.004526721202404022,33.264163539340664
1769384887.0001693,1769384887000176636,Sr02_gA_IMG1_LID0_STA1_CFC64_OH0,0126_0047,A,-0.5682361721992493,-0.5433162450790405,-0.5,-0.5,-0.6007489888290745,0.008944758466984769,-0.00851034743302525,33.21533430548105
1769384887.1191075,1769384887119113489,Sr02_gA_IMG1_LID0_STA1_CFC64_OH0,0126_0047,A,-0.43048304319381714,-0.3954663574695587,-0.5,-0.5,-0.6757314625560993,0.009903758538225841,-0.01841954490581972,33.142008061848635
1769384887.2422416,1769384887242251112,Sr02_gA_IMG1_LID0_STA1_CFC64_OH0,0126_0047,A,-0.43185126781463623,-0.39768052101135254,-0.5,-0.5,-0.725716656661726,0.011109187639528362,-0.029802558553740314,33.09300517587633
1769384887.363565,1769384887363572263,Sr02_gA_IMG1_LID0_STA1_CFC64_OH0,0126_0047,A,-0.47752097249031067,-0.45314082503318787,-0.5,-0.5,-0.7755135431528,0.013049705430210242,-0.050747051488205686,33.04402516232729
1769384887.4898133,1769384887489820027,Sr02_gA_IMG1_LID0_STA1_CFC64_OH0,0126_0047,A,-0.46644139289855957,-0.4643097221851349,-0.5,-0.5,-0.850314161923853,0.01828689169284029,-0.08931446094588594,32.96993840529215
1769384887.6118917,1769384887611900134,Sr02_gA_IMG1_LID0_STA1_CFC64_OH0,0126_0047,A,-0.4712637662887573,-0.46890124678611755,-0.5,-0.5,-0.8997722703508803,0.0236390161714124,-0.12871121469561536,32.92053281181941
1769384887.7422986,1769384887742305847,Sr02_gA_IMG1_LID0_STA1_CFC64_OH0,0126_0047,A,-0.43032705783843994,-0.31164586544036865,-0.5,-0.5,-0.9736603849422611,0.035985865399150156,-0.2055751519282539,32.84575312664354
1769384887.865269,1769384887865277268,Sr02_gA_IMG1_LID0_STA1_CFC64_OH0,0126_0047,A,-0.5108908414840698,-0.496060848236084,-0.5,-0.5,-1.0223451706727684,0.04724948868383473,-0.24732984633991487,32.79578247394242
1769384887.9912229,1769384887991229497,Sr02_gA_IMG1_LID0_STA1_CFC64_OH0,0126_0047,A,-0.37917017936706543,-0.5138123035430908,-0.5,-0.5,-1.094462455883322,0.0677642181241323,-0.3073287538037996,32.720905392019276
1769384888.1123211,1769384888112328500,Sr02_gA_IMG1_LID0_STA1_CFC64_OH0,0126_0047,A,-0.38857245445251465,-0.5225718021392822,-0.5,-0.5,-1.1417603565332215,0.08396410185363862,-0.3526411621988545,32.67118529144319
1769384888.2384915,1769384888238499580,Sr02_gA_IMG1_LID0_STA1_CFC64_OH0,0126_0047,A,-0.49988654255867004,-0.47707903385162354,-0.5,-0.5,-1.211195002518038,0.11227602842074728,-0.4220442687411656,32.597187252389716
1769384888.3599043,1769384888359911401,Sr02_gA_IMG1_LID0_STA1_CFC64_OH0,0126_0047,A,-0.4948401153087616,-0.42166557908058167,-0.5,-0.5,-1.25631086376338,0.13381902726905615,-0.46893432235732296,32.54840879898322
1769384888.4853857,1769384888485393226,Sr02_gA_IMG1_LID0_STA1_CFC64_OH0,0126_0047,A,-0.5095004439353943,-0.44499891996383667,-0.5,-0.5,-1.3222442951298734,0.16941125119737202,-0.5189477651095639,32.47621804762407
1769384888.6121688,1769384888612175102,Sr02_gA_IMG1_LID0_STA1_CFC64_OH0,0126_0047,A,-0.5182605385780334,-0.45119014382362366,-0.5,-0.5,-1.3649152185599698,0.19501691133313,-0.5643601471891867,32.42893508769235
1769384888.7396898,1769384888739695947,Sr02_gA_IMG1_LID0_STA1_CFC64_OH0,0126_0047,A,-0.4870773255825043,-0.4293462932109833,-0.5,-0.5,-1.4266965083485175,0.2375057087506558,-0.6411621096577316,32.35929514324355
1769384888.864301,1769384888864309291,Sr02_gA_IMG1_LID0_STA1_CFC64_OH0,0126_0047,A,-0.5121999979019165,-0.6006948351860046,-0.5,-0.5,-1.4659671002384567,0.2684451903799077,-0.693419217828235,32.31417724178178
1769384888.9875727,1769384888987581887,Sr02_gA_IMG1_LID0_STA1_CFC64_OH0,0126_0047,A,-0.489692360162735,-0.5451743602752686,-0.5,-0.5,-1.5218621861253725,0.3184285872339483,-0.7648818035284488,32.24868335160198
1769384889.1099694,1769384889109976122,Sr02_gA_IMG1_LID0_STA1_CFC64_OH0,0126_0047,A,-0.48558351397514343,-0.5452742576599121,-0.5,-0.5,-1.5571948570369303,0.35380134113812683,-0.8070483151830702,32.20648122772995
1769384889.2361593,1769384889236166567,Sr02_gA_IMG1_LID0_STA1_CFC64_OH0,0126_0047,A,-0.5414365530014038,-0.5123813152313232,-0.5,-0.5,-1.6072449490278928,0.4096395364731488,-0.873517099336128,32.145496882666976
1769384889.3567395,1769384889356747707,Sr02_gA_IMG1_LID0_STA1_CFC64_OH0,0126_0047,A,-0.5937759280204773,-0.5226168036460876,-0.5,-0.5,-1.6384762234189756,0.44868032507512,-0.9186360432293216,32.10656734960243
1769384889.4776745,1769384889477682371,Sr02_gA_IMG1_LID0_STA1_CFC64_OH0,0126_0047,A,-0.6692880988121033,-0.4419977068901062,-0.5,-0.5,-1.682024553503074,0.5097137040586126,-0.9836237674978752,32.05092333889146
1769384889.6005313,1769384889600545117,Sr02_gA_IMG1_LID0_STA1_CFC64_OH0,0126_0047,A,-0.6620686054229736,-0.429256796836853,-0.5,-0.5,-1.7084805001001164,0.5519199576219582,-1.0402084557291613,32.01606506707349
1769384889.722233,1769384889722240710,Sr02_gA_IMG1_LID0_STA1_CFC64_OH0,0126_0047,A,-0.5197367668151855,-0.23815502226352692,-0.5,-0.5,-1.7436790325852267,0.6181234126400558,-1.1230979422874474,31.96762452128625
1769384889.8412583,1769384889841266299,Sr02_gA_IMG1_LID0_STA1_CFC64_OH0,0126_0047,A,-0.5086195468902588,-0.11314292252063751,-0.5,0.0,-1.7640843706406522,0.6637633359753963,-1.1776252960276135,31.93806391820442
1769384889.9677954,1769384889967801962,Sr02_gA_IMG1_LID0_STA1_CFC64_OH0,0126_0047,A,-0.42900702357292175,-0.25619879364967346,-0.5,-0.5,-1.782034417576924,0.7104243124016218,-1.2291923061753318,31.910742310794824
1769384890.090118,1769384890090125755,Sr02_gA_IMG1_LID0_STA1_CFC64_OH0,0126_0047,A,-0.35164639353752136,-0.2327033281326294,-0.5,-0.5,-1.8043925511793362,0.7819943078174622,-1.3063691251846734,31.8740049046743
1769384890.2084603,1769384890208468090,Sr02_gA_IMG1_LID0_STA1_CFC64_OH0,0126_0047,A,0.001641780138015747,-0.09710406512022018,0.0,0.0,-1.8163897040913388,0.8305294610888954,-1.350568859234975,31.852265337705497
1769384890.3295214,1769384890329528569,Sr02_gA_IMG1_LID0_STA1_CFC64_OH0,0126_0047,A,0.15335474908351898,-0.38377153873443604,0.0,-0.5,-1.8303892924952743,0.9041980584250412,-1.415212100484831,31.823512192293414
1769384890.453961,1769384890453968506,Sr02_gA_IMG1_LID0_STA1_CFC64_OH0,0126_0047,A,0.13377195596694946,-0.026487840339541435,0.0,0.0,-1.837414608988376,0.9536014675707896,-1.4418540607875003,31.80662876588658
1769384890.57796,1769384890577967084,Sr02_gA_IMG1_LID0_STA1_CFC64_OH0,0126_0047,A,0.16735942661762238,-0.0280004795640707,0.0,0.0,-1.8463207497025211,1.0279973903790718,-1.4605515686160238,31.78297467569295
1769384890.6979032,1769384890697910115,Sr02_gA_IMG1_LID0_STA1_CFC64_OH0,0126_0047,A,0.37841731309890747,-0.07177149504423141,0.5,0.0,-1.8512601802434865,1.077596208864942,-1.4839841687610984,31.768271589646755
1769384890.8209198,1769384890820926939,Sr02_gA_IMG1_LID0_STA1_CFC64_OH0,0126_0047,A,0.35493817925453186,-0.21281129121780396,0.5,-0.5,-1.8549943180269952,1.127455417710335,-1.5077243784290815,31.754770499805378
1769384890.9436536,1769384890943661543,Sr02_gA_IMG1_LID0_STA1_CFC64_OH0,0126_0047,A,0.3882692754268646,-0.22625061869621277,0.5,-0.5,-1.8577993601524452,1.1845118339848748,-1.5373408235588446,31.740850073453842
1769384891.0718827,1769384891071890346,Sr02_gA_IMG1_LID0_STA1_CFC64_OH0,0126_0047,A,0.4557613730430603,-0.41015011072158813,0.5,-0.5,-1.8581935904142113,1.1988095916899855,-1.5517613596184585,31.737679701849043
1769384891.192491,1769384891192498676,Sr02_gA_IMG1_LID0_STA1_CFC64_OH0,0126_0047,A,0.5039477944374084,-0.4577386677265167,0.5,-0.5,-1.858240347034269,1.202550262815432,-1.567787276246977,31.73690656961094
1769384891.3144257,1769384891314432195,Sr02_gA_IMG1_LID0_STA1_CFC64_OH0,0126_0047,A,0.4383222758769989,-0.4713691473007202,0.5,-0.5,-1.8582403470342754,1.2025502628190439,-1.5705873075974326,31.736906569610234
1769384891.4374595,1769384891437466431,Sr02_gA_IMG1_LID0_STA1_CFC64_OH0,0126_0047,A,0.43956804275512695,-0.4727250337600708,0.5,-0.5,-1.858279133500486,1.1864308258977065,-1.5741833374051901,31.7400055225036
1769384891.5575004,1769384891557507255,Sr02_gA_IMG1_LID0_STA1_CFC64_OH0,0126_0047,A,0.41652876138687134,-0.33479225635528564,0.5,-0.5,-1.8584205146940063,1.1541318239308285,-1.5759385178074852,31.746176277565848
1769384891.67837,1769384891678378198,Sr02_gA_IMG1_LID0_STA1_CFC64_OH0,0126_0047,A,0.4739212989807129,-0.32826146483421326,0.5,-0.5,-1.8591904773080927,1.0842620236980198,-1.593510761856339,31.759178313150567
1769384891.8026307,1769384891802637766,Sr02_gA_IMG1_LID0_STA1_CFC64_OH0,0126_0047,A,0.42184439301490784,-0.4329879879951477,0.5,-0.5,-1.8611221291535684,1.035186475947243,-1.6292188652043822,31.767036561769075
1769384891.9216185,1769384891921625202,Sr02_gA_IMG1_LID0_STA1_CFC64_OH0,0126_0047,A,0.4409753084182739,-0.4531117081642151,0.5,-0.5,-1.8651365634350177,0.9853677980763308,-1.6739752269441088,31.77307782914361
1769384892.043034,1769384892043041639,Sr02_gA_IMG1_LID0_STA1_CFC64_OH0,0126_0047,A,0.4416636824607849,-0.46919897198677063,0.5,-0.5,-1.8754489214962404,0.9110956883494218,-1.7439989904823634,31.77799115147381
1769384892.1632087,1769384892163215052,Sr02_gA_IMG1_LID0_STA1_CFC64_OH0,0126_0047,A,0.48441383242607117,-0.2468230426311493,0.5,-0.5,-1.8852265224709102,0.8620657730391433,-1.7912714426202943,31.778424106796887
1769384892.2850378,1769384892285045456,Sr02_gA_IMG1_LID0_STA1_CFC64_OH0,0126_0047,A,0.4449077248573303,-0.48718729615211487,0.5,-0.5,-1.903765593050664,0.7894643832316688,-1.8464528015877975,31.77523689540068
1769384892.4077036,1769384892407709677,Sr02_gA_IMG1_LID0_STA1_CFC64_OH0,0126_0047,A,0.4548068940639496,-0.4928995966911316,0.5,-0.5,-1.9181616815391265,0.7415840344934763,-1.879278895295106,31.77110958194277
1769384892.5397394,1769384892539748324,Sr02_gA_IMG1_LID0_STA1_CFC64_OH0,0126_0047,A,0.48230358958244324,-0.5031698346138,0.5,-0.5,-1.9430085101780281,0.6709149032590668,-1.9409702587801905,31.761642770980362
1769384892.659847,1769384892659854581,Sr02_gA_IMG1_LID0_STA1_CFC64_OH0,0126_0047,A,0.4597669541835785,-0.4104803502559662,0.5,-0.5,-1.962147066450613,0.6247273771013202,-1.9862813657878722,31.75271635108372
1769384892.7809043,1769384892780910711,Sr02_gA_IMG1_LID0_STA1_CFC64_OH0,0126_0047,A,0.5329777002334595,-0.4414520263671875,0.5,-0.5,-1.994780960190752,0.557263745144815,-2.0548086626692097,31.735244899006602
1769384892.9039536,1769384892903960957,Sr02_gA_IMG1_LID0_STA1_CFC64_OH0,0126_0047,A,0.5367470383644104,-0.43833765387535095,0.5,-0.5,-2.0185796429333944,0.5134924677201368,-2.0813478702022437,31.721435429797776
1769384893.0185373,1769384893018544190,Sr02_gA_IMG1_LID0_STA1_CFC64_OH0,0126_0047,A,0.5057629942893982,-0.4854489266872406,0.5,-0.5,-2.0434779634752864,0.47067795723800876,-2.11790454520663,31.706416720136286
1769384893.1399992,1769384893140007404,Sr02_gA_IMG1_LID0_STA1_CFC64_OH0,0126_0047,A,0.5171778798103333,-0.3119502067565918,0.5,-0.5,-2.0848147028392034,0.40813050079728264,-2.19174588699466,31.679760754646043
1769384893.259042,1769384893259049381,Sr02_gA_IMG1_LID0_STA1_CFC64_OH0,0126_0047,A,0.517723023891449,-0.30814749002456665,0.5,-0.5,-2.1149156991822555,0.3682130585233753,-2.242062814051627,31.659202154995093
1769384893.38175,1769384893381758125,Sr02_gA_IMG1_LID0_STA1_CFC64_OH0,0126_0047,A,0.5587630867958069,-0.44141367077827454,0.5,-0.5,-2.163478269460609,0.3110954961121867,-2.3064989020730087,31.62454648376775
1769384893.5039709,1769384893503977850,Sr02_gA_IMG1_LID0_STA1_CFC64_OH0,0126_0047,A,0.49625763297080994,-0.42598220705986023,0.5,-0.5,-2.1978301544819057,0.27476997900620054,-2.350334319408493,31.59920038763833
1769384893.6246507,1769384893624657643,Sr02_gA_IMG1_LID0_STA1_CFC64_OH0,0126_0047,A,0.4812270998954773,-0.5062053799629211,0.5,-0.5,-2.2337467508758233,0.23999071376629216,-2.3941991794905593,31.57203956566348
1769384893.7481058,1769384893748113230,Sr02_gA_IMG1_LID0_STA1_CFC64_OH0,0126_0047,A,0.4751811623573303,-0.4928155839443207,0.5,-0.5,-2.2904541220655212,0.1909543866209783,-2.464604822704376,31.52793155666185
1769384893.8703635,1769384893870370065,Sr02_gA_IMG1_LID0_STA1_CFC64_OH0,0126_0047,A,0.5565125346183777,-0.517300546169281,0.5,-0.5,-2.3298748132905835,0.16038418990358655,-2.4978253062525613,31.496532617791917
1769384893.9885912,1769384893988599636,Sr02_gA_IMG1_LID0_STA1_CFC64_OH0,0126_0047,A,0.5025113821029663,-0.3076944649219513,0.5,-0.5,-2.3908861117263056,0.11677665970896473,-2.544161438409844,31.447175677002498
1769384894.1122525,1769384894112260196,Sr02_gA_IMG1_LID0_STA1_CFC64_OH0,0126_0047,A,0.4772583246231079,-0.3447537124156952,0.5,-0.5,-2.432636578255175,0.08952223346441066,-2.584666119116214,31.412859191675146
1769384894.2348845,1769384894234894129,Sr02_gA_IMG1_LID0_STA1_CFC64_OH0,0126_0047,A,0.47228652238845825,-0.32097509503364563,0.5,-0.5,-2.4975179479845355,0.05195713384433058,-2.6491324966264242,31.35849510900152
1769384894.3532293,1769384894353236902,Sr02_gA_IMG1_LID0_STA1_CFC64_OH0,0126_0047,A,0.5015265941619873,-0.25635331869125366,0.5,-0.5,-2.542128599824485,0.029449723099048735,-2.6996185468068443,31.320386524206015
1769384894.4719121,1769384894471920015,Sr02_gA_IMG1_LID0_STA1_CFC64_OH0,0126_0047,A,0.4484812319278717,-0.029760809615254402,0.5,0.0,-2.5878394851441824,0.009201200398262225,-2.749301756457394,31.28071030978249
1769384894.594538,1769384894594545792,Sr02_gA_IMG1_LID0_STA1_CFC64_OH0,0126_0047,A,0.4546961784362793,-0.01366153359413147,0.5,0.0,-2.658162520109697,-0.016816897021266757,-2.8251241751032516,31.218513972101142
1769384894.7109818,1769384894710990380,Sr02_gA_IMG1_LID0_STA1_CFC64_OH0,0126_0047,A,0.4973253905773163,-0.16866137087345123,0.5,-0.5,-2.7057676273703692,-0.03139114181141864,-2.8607167179661888,31.17572049957387
1769384894.8337383,1769384894833745660,Sr02_gA_IMG1_LID0_STA1_CFC64_OH0,0126_0047,A,0.48356011509895325,-0.031026555225253105,0.5,0.0,-2.7783253622054658,-0.050335366513318464,-2.9118155207180973,31.109756427756945
1769384894.9629803,1769384894962988485,Sr02_gA_IMG1_LID0_STA1_CFC64_OH0,0126_0047,A,0.49698692560195923,-0.0015882980078458786,0.5,0.0,-2.827185606085883,-0.06094015704401642,-2.943912985097236,31.064844446813968
1769384895.083108,1769384895083115860,Sr02_gA_IMG1_LID0_STA1_CFC64_OH0,0126_0047,A,0.49307018518447876,-0.0008339467458426952,0.5,0.0,-2.9009645728030717,-0.07411418224359635,-2.98319073182257,30.996374777730175
1769384895.2102127,1769384895210222141,Sr02_gA_IMG1_LID0_STA1_CFC64_OH0,0126_0047,A,0.49262574315071106,-0.001118447631597519,0.5,0.0,-2.9501585809457684,-0.08176678880024278,-2.9892445380139296,30.95046506751141
1769384895.3314095,1769384895331456134,Sr02_gA_IMG1_LID0_STA1_CFC64_OH0,0126_0047,A,0.5140952467918396,-0.06805980950593948,0.5,0.0,-3.0242034554560715,-0.09302208924931997,-2.994486048232385,30.881322639467882
1769384895.4528952,1769384895452903508,Sr02_gA_IMG1_LID0_STA1_CFC64_OH0,0126_0047,A,0.5028678178787231,-0.016886798664927483,0.5,0.0,-3.073656130335228,-0.09993413069299747,-3.0107321268467584,30.835012538528904
1769384895.5748181,1769384895574826354,Sr02_gA_IMG1_LID0_STA1_CFC64_OH0,0126_0047,A,0.5033863186836243,-0.016940291970968246,0.5,0.0,-3.12316599992479,-0.10632165078615803,-3.0149470057630263,30.788530890169053
1769384895.6963947,1769384895696405355,Sr02_gA_IMG1_LID0_STA1_CFC64_OH0,0126_0047,A,0.5096702575683594,-0.04541608691215515,0.5,0.0,-3.197573956209721,-0.11572670001087101,-3.0160684188748323,30.718646863680377
1769384895.8238118,1769384895823819174,Sr02_gA_IMG1_LID0_STA1_CFC64_OH0,0126_0047,A,0.515048623085022,-0.026821976527571678,0.5,0.0,-3.2471808674702074,-0.12198401865886706,-3.0161593574905297,30.672066273846546
1769384895.9468348,1769384895946841615,Sr02_gA_IMG1_LID0_STA1_CFC64_OH0,0126_0047,A,0.523636519908905,-0.02612520195543766,0.5,0.0,-3.3215812161788123,-0.13135847701689957,-3.0166999468062587,30.60222251173597
1769384896.0718586,1769384896071866558,Sr02_gA_IMG1_LID0_STA1_CFC64_OH0,0126_0047,A,0.5223441123962402,-0.025060804560780525,0.5,0.0,-3.371199691353001,-0.13741858008263755,-3.0234604882892917,30.555609292581483
1769384896.190788,1769384896190795761,Sr02_gA_IMG1_LID0_STA1_CFC64_OH0,0126_0047,A,0.49943703413009644,-0.061132434755563736,0.5,0.0,-3.445686139655142,-0.14608389459504073,-3.0271345206687057,30.485547827305847
1769384896.3149977,1769384896315007946,Sr02_gA_IMG1_LID0_STA1_CFC64_OH0,0126_0047,A,0.5118157863616943,0.0003386919852346182,0.5,0.0,-3.4953637903421333,-0.1517522371441348,-3.02882854709421,30.43880700692331
1769384896.4377794,1769384896437787812,Sr02_gA_IMG1_LID0_STA1_CFC64_OH0,0126_0047,A,0.5108816027641296,0.0010327922645956278,0.5,0.0,-3.569913316712214,-0.15995871074256507,-3.035170239182578,30.368609809299503
1769384896.560559,1769384896560566575,Sr02_gA_IMG1_LID0_STA1_CFC64_OH0,0126_0047,A,0.4971912205219269,0.009494196623563766,0.5,0.0,-3.619637500510326,-0.1652031105785031,-3.0378524364097457,30.321744406670348
1769384896.681063,1769384896681070546,Sr02_gA_IMG1_LID0_STA1_CFC64_OH0,0126_0047,A,0.4977127015590668,0.007340345997363329,0.5,0.0,-3.6693754586413156,-0.17031523086904898,-3.040478888334129,30.274842742197695
1769384896.8094738,1769384896809481427,Sr02_gA_IMG1_LID0_STA1_CFC64_OH0,0126_0047,A,0.5074635148048401,0.011936834082007408,0.5,0.0,-3.7440065817901997,-0.17774409972253022,-3.044259291597488,30.204425653721724
1769384896.9360995,1769384896936106935,Sr02_gA_IMG1_LID0_STA1_CFC64_OH0,0126_0047,A,0.5070095658302307,0.012390583753585815,0.5,0.0,-3.793780567181185,-0.1824681314252074,-3.050003715168822,30.15741669061697
1769384897.0567815,1769384897056789261,Sr02_gA_IMG1_LID0_STA1_CFC64_OH0,0126_0047,A,0.5077077150344849,-0.00840715877711773,0.5,0.0,-3.8684703854779805,-0.1891578968643466,-3.052625792882396,30.086793818229616
1769384897.1795533,1769384897179560530,Sr02_gA_IMG1_LID0_STA1_CFC64_OH0,0126_0047,A,0.5031231045722961,0.010768106207251549,0.5,0.0,-3.918272405751533,-0.19360294550837837,-3.0525225139728027,30.039711410605328
1769384897.3074636,1769384897307470530,Sr02_gA_IMG1_LID0_STA1_CFC64_OH0,0126_0047,A,0.5092187523841858,-0.010779701173305511,0.5,0.0,-3.9929713777872475,-0.20031576823294758,-3.051267621093612,29.969120878950513
1769384897.4333117,1769384897433319308,Sr02_gA_IMG1_LID0_STA1_CFC64_OH0,0126_0047,A,0.5088383555412292,-0.010728752240538597,0.5,0.0,-4.042765795525961,-0.20484517557621798,-3.050512047575298,29.92209090212727
1769384897.5550451,1769384897555053078,Sr02_gA_IMG1_LID0_STA1_CFC64_OH0,0126_0047,A,0.5024390816688538,-0.0006719827651977539,0.5,0.0,-4.1174487698562,-0.2117336534701957,-3.048716991670008,29.85159637696504
1769384897.6744127,1769384897674419262,Sr02_gA_IMG1_LID0_STA1_CFC64_OH0,0126_0047,A,0.5076981782913208,0.010355486534535885,0.5,0.0,-4.167230388894807,-0.21640160473338124,-3.0474779354178914,29.80463829864
1769384897.7960799,1769384897796087188,Sr02_gA_IMG1_LID0_STA1_CFC64_OH0,0126_0047,A,0.5043825507164001,0.019032156094908714,0.5,0.0,-4.241900171566726,-0.22343169980875455,-3.048323037087126,29.734229532224298
1769384897.9190435,1769384897919050608,Sr02_gA_IMG1_LID0_STA1_CFC64_OH0,0126_0047,A,0.5043343305587769,0.018994508311152458,0.5,0.0,-4.2916803287351835,-0.2281152234811872,-3.047246242900502,29.68730173513516
1769384898.0390377,1769384898039044500,Sr02_gA_IMG1_LID0_STA1_CFC64_OH0,0126_0047,A,0.5031240582466125,-0.007718831766396761,0.5,0.0,-4.366352454343804,-0.23512034431041123,-3.048862669483112,29.616921886391946
1769384898.1593635,1769384898159371037,Sr02_gA_IMG1_LID0_STA1_CFC64_OH0,0126_0047,A,0.5082021355628967,0.016831887885928154,0.5,0.0,-4.416140108010416,-0.23972349383297886,-3.0499355429632495,29.569991353048323
1769384898.2812495,1769384898281258214,Sr02_gA_IMG1_LID0_STA1_CFC64_OH0,0126_0047,A,0.4740467965602875,0.02575335092842579,0.5,0.0,-4.4659312071828765,-0.2442892486141162,-3.050203883885569,29.523057922605386
1769384898.408599,1769384898408606509,Sr02_gA_IMG1_LID0_STA1_CFC64_OH0,0126_0047,A,0.4737491011619568,0.02560281567275524,0.5,0.0,-4.540614297916998,-0.2511764991853095,-3.048871120909748,29.45269013161237
1769384898.529273,1769384898529280668,Sr02_gA_IMG1_LID0_STA1_CFC64_OH0,0126_0047,A,0.4968547523021698,0.009091455489397049,0.5,0.0,-4.590395081210786,-0.25585330825215236,-3.0469679150524924,29.405820791105135
1769384898.652367,1769384898652374211,Sr02_gA_IMG1_LID0_STA1_CFC64_OH0,0126_0047,A,0.49265387654304504,0.013015855103731155,0.5,0.0,-4.665049417364788,-0.2630453663377119,-3.0443843557420776,29.335598442898448
1769384898.7752028,1769384898775211053,Sr02_gA_IMG1_LID0_STA1_CFC64_OH0,0126_0047,A,0.5006178021430969,0.026339948177337646,0.5,0.0,-4.714815231758908,-0.26787892365967064,-3.0451562319651453,29.288810451217305
1769384898.8975947,1769384898897601866,Sr02_gA_IMG1_LID0_STA1_CFC64_OH0,0126_0047,A,0.5004764199256897,0.026361431926488876,0.5,0.0,-4.7894608995458805,-0.27516047219620327,-3.043122485287912,29.218659528922466
1769384899.025002,1769384899025010444,Sr02_gA_IMG1_LID0_STA1_CFC64_OH0,0126_0047,A,0.3345429301261902,0.023379571735858917,0.5,0.0,-4.8392122982924715,-0.28014009305908555,-3.0405471612339223,29.171950449716284
1769384899.146014,1769384899146022036,Sr02_gA_IMG1_LID0_STA1_CFC64_OH0,0126_0047,A,0.4848322868347168,0.01755985990166664,0.5,0.0,-4.913815198653959,-0.2878472351214458,-3.0370369600575486,29.101993239686326
1769384899.2741919,1769384899274199878,Sr02_gA_IMG1_LID0_STA1_CFC64_OH0,0126_0047,A,0.5181415677070618,0.00930583756417036,0.5,0.0,-4.963539768123231,-0.29308810354548426,-3.036127815016222,29.055406504357357
1769384899.4051032,1769384899405109289,Sr02_gA_IMG1_LID0_STA1_CFC64_OH0,0126_0047,A,0.5178965926170349,0.009177728556096554,0.5,0.0,-5.038115551764383,-0.3010536303011939,-3.033854218647941,28.985585989722033
1769384899.527621,1769384899527629415,Sr02_gA_IMG1_LID0_STA1_CFC64_OH0,0126_0047,A,0.5042740106582642,-0.0021193604916334152,0.5,0.0,-5.087818501633642,-0.30649559792717046,-3.0312202283583405,28.939102026614247
1769384899.655324,1769384899655332706,Sr02_gA_IMG1_LID0_STA1_CFC64_OH0,0126_0047,A,0.5086142420768738,0.009654026478528976,0.5,0.0,-5.162345639361719,-0.31490379503859256,-3.0273256550546455,28.86948970854224
1769384899.7800848,1769384899780092107,Sr02_gA_IMG1_LID0_STA1_CFC64_OH0,0126_0047,A,0.513593852519989,-0.0006276736967265606,0.5,0.0,-5.212012858057732,-0.3206627820183388,-3.0249877015281017,28.82315438610639
1769384899.9054375,1769384899905444933,Sr02_gA_IMG1_LID0_STA1_CFC64_OH0,0126_0047,A,0.5132508873939514,-0.0006736116483807564,0.5,0.0,-5.286491237308556,-0.3294926886411661,-3.0224849424368028,28.753747318030094
1769384900.0275326,1769384900027540481,Sr02_gA_IMG1_LID0_STA1_CFC64_OH0,0126_0047,A,0.4391726553440094,0.02476458065211773,0.5,0.0,-5.33613421547812,-0.33545710152167635,-3.021554360066117,28.707521391165194
1769384900.148978,1769384900148984896,Sr02_gA_IMG1_LID0_STA1_CFC64_OH0,0126_0047,A,0.49818581342697144,0.004853422753512859,0.5,0.0,-5.410588445661055,-0.34448849680348614,-3.020403636373251,28.638238976293565
1769384900.2740376,1769384900274044711,Sr02_gA_IMG1_LID0_STA1_CFC64_OH0,0126_0047,A,0.500891923904419,0.007007560692727566,0.5,0.0,-5.460222362385903,-0.3505278663211023,-3.020615571405695,28.592073862119484
1769384900.3975582,1769384900397566438,Sr02_gA_IMG1_LID0_STA1_CFC64_OH0,0126_0047,A,0.50144362449646,0.006833081133663654,0.5,0.0,-5.534668653662987,-0.359624461728367,-3.0192852124885485,28.522865020612002
1769384900.5151753,1769384900515184366,Sr02_gA_IMG1_LID0_STA1_CFC64_OH0,0126_0047,A,0.4998190402984619,0.003414832754060626,0.5,0.0,-5.584295330094732,-0.36572304093466945,-3.0193479718880125,28.476755399621478
1769384900.6346207,1769384900634628524,Sr02_gA_IMG1_LID0_STA1_CFC64_OH0,0126_0047,A,0.504307746887207,0.0061998190358281136,0.5,0.0,-5.633922403216377,-0.3718183912462843,-3.019415332907502,28.43065766895355
1769384900.7561233,1769384900756130838,Sr02_gA_IMG1_LID0_STA1_CFC64_OH0,0126_0047,A,0.5050878524780273,0.005947932600975037,0.5,0.0,-5.708352536004548,-0.3810460317012695,-3.0164638158715023,28.36156907025876
1769384900.8760138,1769384900876020392,Sr02_gA_IMG1_LID0_STA1_CFC64_OH0,0126_0047,A,0.4984934628009796,-0.003950131591409445,0.5,0.0,-5.7579589126809765,-0.3873075820088087,-3.015779347900755,28.31556998528876
1769384900.9970999,1769384900997106164,Sr02_gA_IMG1_LID0_STA1_CFC64_OH0,0126_0047,A,0.505948007106781,-0.017343854531645775,0.5,0.0,-5.832361340434244,-0.39675626007887793,-3.01474975850841,28.24661921227132
1769384901.1187894,1769384901118796801,Sr02_gA_IMG1_LID0_STA1_CFC64_OH0,0126_0047,A,0.49375197291374207,0.0037784907035529613,0.5,0.0,-5.8819574834203605,-0.40309835646822595,-3.0140664513791355,28.20068629604427
1769384901.2393754,1769384901239383524,Sr02_gA_IMG1_LID0_STA1_CFC64_OH0,0126_0047,A,0.49387893080711365,0.003868004772812128,0.5,0.0,-5.93154981561354,-0.40947018773858346,-3.0136224187632785,28.15477911735791
1769384901.3650763,1769384901365086146,Sr02_gA_IMG1_LID0_STA1_CFC64_OH0,0126_0047,A,0.508320689201355,-0.004238166380673647,0.5,0.0,-6.005932795230974,-0.41907077419326827,-3.012775999011483,28.08596173890339
1769384901.49513,1769384901495137695,Sr02_gA_IMG1_LID0_STA1_CFC64_OH0,0126_0047,A,0.5105630159378052,-0.00519742863252759,0.5,0.0,-6.055516593639986,-0.42550867326343633,-3.012178687671245,28.040116195993345
1769384901.6191993,1769384901619207901,Sr02_gA_IMG1_LID0_STA1_CFC64_OH0,0126_0047,A,0.5012085437774658,-0.00035722763277590275,0.5,0.0,-6.129891354739184,-0.4351727325929586,-3.0126722183868,27.971377484834566
1769384901.7447426,1769384901744750392,Sr02_gA_IMG1_LID0_STA1_CFC64_OH0,0126_0047,A,0.5009048581123352,-0.0003382009454071522,0.5,0.0,-6.179481964350695,-0.44155791030173835,-3.014406590754381,27.925546348633354
1769384901.8702698,1769384901870277834,Sr02_gA_IMG1_LID0_STA1_CFC64_OH0,0126_0047,A,0.5162447690963745,-0.0067049008794128895,0.5,0.0,-6.253878890614851,-0.4510498303329098,-3.0144717133440353,27.856791859969544
1769384901.9936552,1769384901993662433,Sr02_gA_IMG1_LID0_STA1_CFC64_OH0,0126_0047,A,0.5035795569419861,-0.008321776986122131,0.5,0.0,-6.303474210689099,-0.45739836390869143,-3.0140849135047065,27.810981788533084
1769384902.1145453,1769384902114552956,Sr02_gA_IMG1_LID0_STA1_CFC64_OH0,0126_0047,A,0.5113349556922913,-0.009005330502986908,0.5,0.0,-6.377867628960454,-0.4669177348685681,-3.014639569640227,27.742292423831362
1769384902.2370882,1769384902237097065,Sr02_gA_IMG1_LID0_STA1_CFC64_OH0,0126_0047,A,0.5112855434417725,-0.008929584175348282,0.5,0.0,-6.427466882461002,-0.47323546221983426,-3.0151593109193717,27.69650613286037
1769384902.3631747,1769384902363181684,Sr02_gA_IMG1_LID0_STA1_CFC64_OH0,0126_0047,A,0.5151973962783813,-0.0009885295294225216,0.5,0.0,-6.501869711816091,-0.4826810039645123,-3.0153577239531746,27.627841475692268
1769384902.4837203,1769384902483727780,Sr02_gA_IMG1_LID0_STA1_CFC64_OH0,0126_0047,A,0.5049055814743042,-0.0010393192060291767,0.5,0.0,-6.551471962418541,-0.48897516140634406,-3.0153915439935273,27.582082202787564
1769384902.6043868,1769384902604393451,Sr02_gA_IMG1_LID0_STA1_CFC64_OH0,0126_0047,A,0.5149629712104797,-0.003456871025264263,0.5,0.0,-6.625879658737716,-0.4983822623913122,-3.0163497735553166,27.513457064363667
1769384902.7264104,1769384902726418225,Sr02_gA_IMG1_LID0_STA1_CFC64_OH0,0126_0047,A,0.5147135853767395,-0.003311408217996359,0.5,0.0,-6.675490616509801,-0.5046074055730034,-3.0171819495483727,27.46770664507895
1769384902.8524628,1769384902852476664,Sr02_gA_IMG1_LID0_STA1_CFC64_OH0,0126_0047,A,0.5085635185241699,-0.004911419469863176,0.5,0.0,-6.74991702562478,-0.5138652709687425,-3.018510724948855,27.39907633150951
1769384902.9704669,1769384902970474335,Sr02_gA_IMG1_LID0_STA1_CFC64_OH0,0126_0047,A,0.5047110319137573,-0.002677468117326498,0.5,0.0,-6.799541505471612,-0.5199816846877341,-3.0194036819103798,27.353318779013442
1769384903.093683,1769384903093689734,Sr02_gA_IMG1_LID0_STA1_CFC64_OH0,0126_0047,A,0.5195216536521912,-0.007054381538182497,0.5,0.0,-6.849169473446099,-0.5260697446765266,-3.019581951194664,27.30756456438657
1769384903.2149656,1769384903214973816,Sr02_gA_IMG1_LID0_STA1_CFC64_OH0,0126_0047,A,0.5192134976387024,-0.006882591638714075,0.5,0.0,-6.923612615495584,-0.5351921279472431,-3.0197599913418225,27.238957271232216
1769384903.3408513,1769384903340858629,Sr02_gA_IMG1_LID0_STA1_CFC64_OH0,0126_0047,A,0.5135114789009094,-0.001661844551563263,0.5,0.0,-6.973243040486799,-0.5412601237678656,-3.02010567736391,27.193232284470678
1769384903.4671638,1769384903467173018,Sr02_gA_IMG1_LID0_STA1_CFC64_OH0,0126_0047,A,0.5052335858345032,-0.012566795572638512,0.5,0.0,-7.047692540339057,-0.5503304678519195,-3.0206067517725885,27.124660155236977
1769384903.591269,1769384903591276355,Sr02_gA_IMG1_LID0_STA1_CFC64_OH0,0126_0047,A,0.5049610137939453,-0.012450329959392548,0.5,0.0,-7.097328432004771,-0.55635358101369,-3.0210818916056055,27.07895460838327
1769384903.7132716,1769384903713279808,Sr02_gA_IMG1_LID0_STA1_CFC64_OH0,0126_0047,A,0.5149849057197571,-0.002239296678453684,0.5,0.0,-7.171786495494238,-0.5653533580913532,-3.021549618998598,27.010410526993148
1769384903.8330216,1769384903833029518,Sr02_gA_IMG1_LID0_STA1_CFC64_OH0,0126_0047,A,0.4999866485595703,-0.005571509245783091,0.5,0.0,-7.22142877437167,-0.5713235948659062,-3.0222550550661484,26.964721431276047
1769384903.9548466,1769384903954854867,Sr02_gA_IMG1_LID0_STA1_CFC64_OH0,0126_0047,A,0.5040866732597351,-0.0037567797116935253,0.5,0.0,-7.295899833955166,-0.5802151718692896,-3.0231342597994844,26.89619038999967
1769384904.073979,1769384904073987999,Sr02_gA_IMG1_LID0_STA1_CFC64_OH0,0126_0047,A,0.5041189789772034,-0.003614290151745081,0.5,0.0,-7.3455499218334355,-0.5861201232589687,-3.0233004440690494,26.85051290053058
1769384904.194503,1769384904194510811,Sr02_gA_IMG1_LID0_STA1_CFC64_OH0,0126_0047,A,0.5099571943283081,-0.001042273361235857,0.5,0.0,-7.395203586667459,-0.5919948945228165,-3.0244480638946625,26.804838458566262
1769384904.320203,1769384904320210084,Sr02_gA_IMG1_LID0_STA1_CFC64_OH0,0126_0047,A,0.5205761790275574,-0.006981851998716593,0.5,0.0,-7.469697740115853,-0.6006907986381225,-3.0263202690399997,26.736308120655835
1769384904.4447246,1769384904444731596,Sr02_gA_IMG1_LID0_STA1_CFC64_OH0,0126_0047,A,0.49372780323028564,-0.010533638298511505,0.5,0.0,-7.519367610071135,-0.6064269711874871,-3.0267484264864044,26.690615519362588
1769384904.5643766,1769384904564384875,Sr02_gA_IMG1_LID0_STA1_CFC64_OH0,0126_0047,A,0.4931817352771759,-0.01062883622944355,0.5,0.0,-7.593876603763196,-0.6149948668621713,-3.0275175048145027,26.622090743679944
1769384904.687349,1769384904687356185,Sr02_gA_IMG1_LID0_STA1_CFC64_OH0,0126_0047,A,0.5047137141227722,0.0023119961842894554,0.5,0.0,-7.6435527906118,-0.6206760738620007,-3.0279113308254972,26.57641438707664
1769384904.8053753,1769384904805383329,Sr02_gA_IMG1_LID0_STA1_CFC64_OH0,0126_0047,A,0.5018520951271057,-0.006473572459071875,0.5,0.0,-7.718070985454089,-0.629163581667536,-3.0284291797581804,26.507915027715782
1769384904.9276814,1769384904927689370,Sr02_gA_IMG1_LID0_STA1_CFC64_OH0,0126_0047,A,0.4966045618057251,0.0016947252443060279,0.5,0.0,-7.767751468666901,-0.634807097281493,-3.028533407471782,26.462262280215775
1769384905.0515237,1769384905051531706,Sr02_gA_IMG1_LID0_STA1_CFC64_OH0,0126_0047,A,0.496419221162796,0.001720632310025394,0.5,0.0,-7.817433609730548,-0.6404359920786981,-3.029112795606454,26.416619259882925
1769384905.1745782,1769384905174589458,Sr02_gA_IMG1_LID0_STA1_CFC64_OH0,0126_0047,A,0.5161031484603882,0.002314864657819271,0.5,0.0,-7.891965730957513,-0.6488002648483546,-3.030621800439138,26.348151829517224
1769384905.3025548,1769384905302563834,Sr02_gA_IMG1_LID0_STA1_CFC64_OH0,0126_0047,A,0.5032548904418945,-0.008049927651882172,0.5,0.0,-7.9416611136705635,-0.6543110165762801,-3.0316846822508094,26.30249975366619
1769384905.4296043,1769384905429611379,Sr02_gA_IMG1_LID0_STA1_CFC64_OH0,0126_0047,A,0.5032404065132141,-0.00790039449930191,0.5,0.0,-8.016210858671043,-0.662516792388949,-3.031943376434357,26.234026532247874
1769384905.5522683,1769384905552275632,Sr02_gA_IMG1_LID0_STA1_CFC64_OH0,0126_0047,A,0.5046586990356445,0.006386039312928915,0.5,0.0,-8.065912349967512,-0.6679721895824685,-3.0325907307497646,26.188391360453778
1769384905.6754582,1769384905675466974,Sr02_gA_IMG1_LID0_STA1_CFC64_OH0,0126_0047,A,0.48737871646881104,0.00017854361794888973,0.5,0.0,-8.140467439865688,-0.6761292622873173,-3.03249989431615,26.11995783611598
1769384905.7964575,1769384905796465208,Sr02_gA_IMG1_LID0_STA1_CFC64_OH0,0126_0047,A,0.4898764193058014,0.002711181528866291,0.5,0.0,-8.190169732340655,-0.6815773628327295,-3.032327831386392,26.07435970562916
1769384905.919833,1769384905919839355,Sr02_gA_IMG1_LID0_STA1_CFC64_OH0,0126_0047,A,0.4895879328250885,0.0027622850611805916,0.5,0.0,-8.264721074727076,-0.6897686132659067,-3.0320842447409215,26.00600076303728
1769384906.043957,1769384906043964751,Sr02_gA_IMG1_LID0_STA1_CFC64_OH0,0126_0047,A,0.511187732219696,0.001550988177768886,0.5,0.0,-8.314423762822205,-0.6952130915724473,-3.032889233981334,25.96044172241295
1769384906.164194,1769384906164202797,Sr02_gA_IMG1_LID0_STA1_CFC64_OH0,0126_0047,A,0.4823734164237976,-0.002006872557103634,0.5,0.0,-8.388985904369807,-0.7033054135528946,-3.034077281990556,25.89210298764835
1769384906.286889,1769384906286896595,Sr02_gA_IMG1_LID0_STA1_CFC64_OH0,0126_0047,A,0.43703851103782654,0.017010590061545372,0.5,0.0,-8.43869547410607,-0.7086867028867421,-3.033438690035715,25.846558703943934
1769384906.4064074,1769384906406414789,Sr02_gA_IMG1_LID0_STA1_CFC64_OH0,0126_0047,A,0.43589282035827637,0.016928035765886307,0.5,0.0,-8.513257133508947,-0.7167835067591737,-3.033386578847601,25.778283605249097
1769384906.5244596,1769384906524467120,Sr02_gA_IMG1_LID0_STA1_CFC64_OH0,0126_0047,A,0.4948221743106842,-0.009042760357260704,0.5,0.0,-8.562963969395009,-0.7221899967373281,-3.0331154616777116,25.73279127523007
1769384906.6451263,1769384906645132789,Sr02_gA_IMG1_LID0_STA1_CFC64_OH0,0126_0047,A,0.504512369632721,0.002693316200748086,0.5,0.0,-8.612669328790982,-0.7276100441994964,-3.032840255731466,25.68732137801354
1769384906.7736375,1769384906773644773,Sr02_gA_IMG1_LID0_STA1_CFC64_OH0,0126_0047,A,0.5040334463119507,-0.004951501730829477,0.5,0.0,-8.687225113478323,-0.7357607637356356,-3.0325833810603844,25.61915685737077
1769384906.898469,1769384906898478871,Sr02_gA_IMG1_LID0_STA1_CFC64_OH0,0126_0047,A,0.5038586258888245,-0.004852872807532549,0.5,0.0,-8.73692887434097,-0.7411954514603237,-3.0327840652653815,25.573735470475064
1769384907.0219662,1769384907021973062,Sr02_gA_IMG1_LID0_STA1_CFC64_OH0,0126_0047,A,0.5019955039024353,-0.0015605087392032146,0.5,0.0,-8.811479087751673,-0.7493968246955801,-3.030804669452007,25.505656362652935
1769384907.1422462,1769384907142256973,Sr02_gA_IMG1_LID0_STA1_CFC64_OH0,0126_0047,A,0.5155017375946045,-0.005534416530281305,0.5,0.0,-8.86116784619475,-0.7549669566762167,-3.0291118686392364,25.46033541677054
1769384907.2628713,1769384907262878338,Sr02_gA_IMG1_LID0_STA1_CFC64_OH0,0126_0047,A,0.514145016670227,-0.001675089355558157,0.5,0.0,-8.935695221688123,-0.7633734473578963,-3.0295967725942656,25.392408821983246
1769384907.3829408,1769384907382947777,Sr02_gA_IMG1_LID0_STA1_CFC64_OH0,0126_0047,A,0.5141071677207947,-0.001655197236686945,0.5,0.0,-8.985381216111584,-0.7689682329700623,-3.0293274416085136,25.3471424993718
1769384907.506918,1769384907506927839,Sr02_gA_IMG1_LID0_STA1_CFC64_OH0,0126_0047,A,0.5078649520874023,-0.018123632296919823,0.5,0.0,-9.035067841532179,-0.7745574087697905,-3.029822585121934,25.301891596507367
1769384907.6282754,1769384907628282742,Sr02_gA_IMG1_LID0_STA1_CFC64_OH0,0126_0047,A,0.49323245882987976,0.0008953048381954432,0.5,0.0,-9.109602914040181,-0.7828953943497792,-3.030553473790786,25.234029202740857
1769384907.7524743,1769384907752482077,Sr02_gA_IMG1_LID0_STA1_CFC64_OH0,0126_0047,A,0.493143767118454,0.0009615225717425346,0.5,0.0,-9.159295745098953,-0.7884291287589129,-3.030775374102372,25.188799390935113
1769384907.8748045,1769384907874812021,Sr02_gA_IMG1_LID0_STA1_CFC64_OH0,0126_0047,A,0.49191176891326904,-0.004449088126420975,0.5,0.0,-9.233838515038512,-0.7966980122654016,-3.031526054157543,25.120974934234482
1769384907.991256,1769384907991263084,Sr02_gA_IMG1_LID0_STA1_CFC64_OH0,0126_0047,A,0.5011236667633057,0.006909552495926619,0.5,0.0,-9.28353641089729,-0.8021860742576179,-3.031693565772272,25.075770773206315
1769384908.1153042,1769384908115311504,Sr02_gA_IMG1_LID0_STA1_CFC64_OH0,0126_0047,A,0.5151620507240295,0.005113106220960617,0.5,0.0,-9.358085148828645,-0.810400992267016,-3.0322717982671663,25.00799135569487
1769384908.2384558,1769384908238463431,Sr02_gA_IMG1_LID0_STA1_CFC64_OH0,0126_0047,A,0.5148007869720459,0.005118662025779486,0.5,0.0,-9.40779158302388,-0.8158111122419044,-3.0340841575557853,24.96279934121504
1769384908.3648238,1769384908364832200,Sr02_gA_IMG1_LID0_STA1_CFC64_OH0,0126_0047,A,0.5132045149803162,0.0034823170863091946,0.5,0.0,-9.482359506437234,-0.8238500224140147,-3.0341400656633017,24.89501287258869
1769384908.4887233,1769384908488730529,Sr02_gA_IMG1_LID0_STA1_CFC64_OH0,0126_0047,A,0.5235103368759155,-0.033677343279123306,0.5,0.0,-9.532070871570124,-0.8292147085828753,-3.0340439136140613,24.849847257848765
1769384908.6093967,1769384908609404602,Sr02_gA_IMG1_LID0_STA1_CFC64_OH0,0126_0047,A,0.5175058245658875,-0.04274739697575569,0.5,0.0,-9.606640091829588,-0.8372415702465741,-3.034484107178319,24.782124914278185
1769384908.730502,1769384908730508944,Sr02_gA_IMG1_LID0_STA1_CFC64_OH0,0126_0047,A,0.5175127387046814,-0.042448628693819046,0.5,0.0,-9.656351706153515,-0.842603937713608,-3.0337931537325704,24.737004838049376
1769384908.8534827,1769384908853489940,Sr02_gA_IMG1_LID0_STA1_CFC64_OH0,0126_0047,A,0.4930459260940552,-0.0008602752350270748,0.5,0.0,-9.706059996403086,-0.8479970358825123,-3.033263878138766,24.69191692433685
1769384908.9825754,1769384908982583977,Sr02_gA_IMG1_LID0_STA1_CFC64_OH0,0126_0047,A,0.5064153075218201,0.014157447963953018,0.5,0.0,-9.780617234886709,-0.8561344310502035,-3.032496135652884,24.624341470472725
1769384909.103862,1769384909103869979,Sr02_gA_IMG1_LID0_STA1_CFC64_OH0,0126_0047,A,0.496219277381897,-0.012315332889556885,0.5,0.0,-9.819493832222498,-0.8604008160287312,-3.032069328771901,24.5891302746572
1769384909.2239864,1769384909223993768,Sr02_gA_IMG1_LID0_STA1_CFC64_OH0,0126_0047,A,0.4961613416671753,-0.012347755953669548,0.5,0.0,-9.84931421377252,-0.8636764010785253,-3.032962399003059,24.562130463490195
1769384909.3454359,1769384909345444700,Sr02_gA_IMG1_LID0_STA1_CFC64_OH0,0126_0047,A,0.503035843372345,0.008883649483323097,0.5,0.0,-9.866712470326108,-0.8655606786386953,-3.034458555029423,24.546372046954293
1769384909.466813,1769384909466823316,Sr02_gA_IMG1_LID0_STA1_CFC64_OH0,0126_0047,A,0.49414652585983276,-0.0009090136736631393,0.5,0.0,-9.892815073520005,-0.8683384608701604,-3.036688149809655,24.522717595150333
1769384909.5913298,1769384909591337591,Sr02_gA_IMG1_LID0_STA1_CFC64_OH0,0126_0047,A,0.503221869468689,-1.2019183486700058e-05,0.5,0.0,-9.910218892926057,-0.8701706618213395,-3.0367182704868556,24.50694232509684
1769384909.7156966,1769384909715705131,Sr02_gA_IMG1_LID0_STA1_CFC64_OH0,0126_0047,A,0.5031389594078064,9.836861863732338e-05,0.5,0.0,-9.937369864630526,-0.8730284323712254,-3.036721761787916,24.48233647451871
1769384909.8383682,1769384909838382045,Sr02_gA_IMG1_LID0_STA1_CFC64_OH0,0126_0047,A,0.5092622637748718,0.02789919823408127,0.5,0.0,-10.003245199839288,-0.8799514617075315,-3.0374593410292685,24.422656471512216
1769384909.9682233,1769384909968231179,Sr02_gA_IMG1_LID0_STA1_CFC64_OH0,0126_0047,A,0.5080450773239136,0.028392132371664047,0.5,0.0,-10.032555194722567,-0.8830020087119914,-3.0383895729052566,24.39610379709477
1769384910.0920281,1769384910092035971,Sr02_gA_IMG1_LID0_STA1_CFC64_OH0,0126_0047,A,0.5080390572547913,0.028775274753570557,0.5,0.0,-10.04094894201035,-0.8838702579673355,-3.0394750352048665,24.388499105560584
1769384910.2178502,1769384910217858693,Sr02_gA_IMG1_LID0_STA1_CFC64_OH0,0126_0047,A,0.5095586180686951,0.005945602431893349,0.5,0.0,-10.035003655680331,-0.8832620353867356,-3.0399864070250513,24.39388773421929
1769384910.3420894,1769384910342097660,Sr02_gA_IMG1_LID0_STA1_CFC64_OH0,0126_0047,A,0.5091386437416077,-0.012255750596523285,0.5,0.0,-10.057987321980903,-0.885597448381045,-3.0404855865824003,24.373052164765802
1769384910.4642146,1769384910464222928,Sr02_gA_IMG1_LID0_STA1_CFC64_OH0,0126_0047,A,0.5076146125793457,-0.00644708750769496,0.5,0.0,-10.094829176690011,-0.8893308717264256,-3.0406862107118178,24.339658711472335
1769384910.5882921,1769384910588302436,Sr02_gA_IMG1_LID0_STA1_CFC64_OH0,0126_0047,A,0.5012713074684143,-0.003672956954687834,0.5,0.0,-10.16886700458816,-0.8969312864348742,-3.0372805899556576,24.272616017461775
1769384910.712048,1769384910712056643,Sr02_gA_IMG1_LID0_STA1_CFC64_OH0,0126_0047,A,0.5012325048446655,-0.003371302504092455,0.5,0.0,-10.218587765358953,-0.9022080232741975,-3.034441381467262,24.22767604487657
1769384910.831917,1769384910831927166,Sr02_gA_IMG1_LID0_STA1_CFC64_OH0,0126_0047,A,0.49572232365608215,0.0008992129005491734,0.5,0.0,-10.29314016297395,-0.910389134879705,-3.030136591859688,24.160421548283658
1769384910.9589453,1769384910958953709,Sr02_gA_IMG1_LID0_STA1_CFC64_OH0,0126_0047,A,0.5060811042785645,-0.0023262170143425465,0.5,0.0,-10.342827052871819,-0.9159759552031737,-3.029313718770012,24.115670029253835
1769384911.0773606,1769384911077367877,Sr02_gA_IMG1_LID0_STA1_CFC64_OH0,0126_0047,A,0.5054910182952881,-0.0026385560631752014,0.5,0.0,-10.417360997325511,-0.9243239430406384,-3.0309119678636636,24.04856701389987
1769384911.1992688,1769384911199279863,Sr02_gA_IMG1_LID0_STA1_CFC64_OH0,0126_0047,A,0.49153581261634827,0.00829676166176796,0.5,0.0,-10.467056828174567,-0.9298306655369601,-3.0315566767974533,24.003831245380297
1769384911.319526,1769384911319532774,Sr02_gA_IMG1_LID0_STA1_CFC64_OH0,0126_0047,A,0.502441942691803,0.0044119758531451225,0.5,0.0,-10.54160611126289,-0.9380406297358627,-3.032184812476582,23.936744066807396
1769384911.438684,1769384911438691129,Sr02_gA_IMG1_LID0_STA1_CFC64_OH0,0126_0047,A,0.5099766254425049,-0.006305560003966093,0.5,0.0,-10.591308073941763,-0.9434917365210966,-3.032521942193478,23.892035409631934
1769384911.5677507,1769384911567758734,Sr02_gA_IMG1_LID0_STA1_CFC64_OH0,0126_0047,A,0.5097968578338623,-0.006394706200808287,0.5,0.0,-10.641010931118288,-0.9489346833499864,-3.0324747294024688,23.847344081581227
1769384911.6904945,1769384911690501491,Sr02_gA_IMG1_LID0_STA1_CFC64_OH0,0126_0047,A,0.5116164088249207,0.0012534691486507654,0.5,0.0,-10.715565379356468,-0.9570976177743499,-3.032697765143188,23.78034605200482
1769384911.8113952,1769384911811402229,Sr02_gA_IMG1_LID0_STA1_CFC64_OH0,0126_0047,A,0.5098411440849304,0.00037747714668512344,0.5,0.0,-10.765269932934098,-0.9625250501454344,-3.0329616202514,23.73570070788603
1769384911.9370615,1769384911937069137,Sr02_gA_IMG1_LID0_STA1_CFC64_OH0,0126_0047,A,0.4945701062679291,-0.005476444493979216,0.5,0.0,-10.839824426233184,-0.970687535804381,-3.0319358224021453,23.668782546131993
1769384912.0582888,1769384912058295416,Sr02_gA_IMG1_LID0_STA1_CFC64_OH0,0126_0047,A,0.4943303167819977,-0.005303067620843649,0.5,0.0,-10.889522697567527,-0.9761721931901236,-3.031455774771282,23.624217023577256
1769384912.1829526,1769384912182959360,Sr02_gA_IMG1_LID0_STA1_CFC64_OH0,0126_0047,A,0.5169277191162109,-0.0004976941272616386,0.5,0.0,-10.964071309410864,-0.9843882357910202,-3.032295315251812,23.557404635604954
1769384912.303361,1769384912303368323,Sr02_gA_IMG1_LID0_STA1_CFC64_OH0,0126_0047,A,0.5040894150733948,0.0009015379473567009,0.5,0.0,-11.013774696182276,-0.9898263366771175,-3.0329347848069976,23.512872486713288
1769384912.4237075,1769384912423715470,Sr02_gA_IMG1_LID0_STA1_CFC64_OH0,0126_0047,A,0.49796441197395325,-0.010003861039876938,0.5,0.0,-11.088332799716769,-0.9979558184668755,-3.032926012912654,23.44610289837389
1769384912.5454626,1769384912545469540,Sr02_gA_IMG1_LID0_STA1_CFC64_OH0,0126_0047,A,0.4978480041027069,-0.010030759498476982,0.5,0.0,-11.138037773620894,-1.0033794013980788,-3.032888265245262,23.40161934578662
1769384912.6704512,1769384912670459016,Sr02_gA_IMG1_LID0_STA1_CFC64_OH0,0126_0047,A,0.5024300217628479,0.007372306194156408,0.5,0.0,-11.187743827047981,-1.0087930763587978,-3.033377365198891,23.357153545776846
1769384912.7948499,1769384912794857872,Sr02_gA_IMG1_LID0_STA1_CFC64_OH0,0126_0047,A,0.5034183859825134,0.001070237485691905,0.5,0.0,-11.262308367486913,-1.0168632867546814,-3.0341797592371895,23.2904737231598
1769384912.9202015,1769384912920210450,Sr02_gA_IMG1_LID0_STA1_CFC64_OH0,0126_0047,A,0.4985262453556061,0.0020835413597524166,0.5,0.0,-11.312020800021038,-1.0222180726269579,-3.034325639558141,23.246036971431643
1769384913.0412211,1769384913041228567,Sr02_gA_IMG1_LID0_STA1_CFC64_OH0,0126_0047,A,0.4983347952365875,0.00213881628587842,0.5,0.0,-11.386589392596226,-1.0302507733370574,-3.034218394753766,23.17942458338031
1769384913.1588962,1769384913158903184,Sr02_gA_IMG1_LID0_STA1_CFC64_OH0,0126_0047,A,0.5106170773506165,0.001233064802363515,0.5,0.0,-11.436303554666447,-1.0355894600465025,-3.035109717065299,23.13503722508248
1769384913.2812846,1769384913281292246,Sr02_gA_IMG1_LID0_STA1_CFC64_OH0,0126_0047,A,0.4964574873447418,0.0009143475908786058,0.5,0.0,-11.510884676425025,-1.0435049225282973,-3.0364403077454347,23.06845628282495
1769384913.40211,1769384913402117180,Sr02_gA_IMG1_LID0_STA1_CFC64_OH0,0126_0047,A,0.49638479948043823,0.001009188825264573,0.5,0.0,-11.560606563535195,-1.0487711842060659,-3.0357030820394244,23.024092771371844
1769384913.5233212,1769384913523328689,Sr02_gA_IMG1_LID0_STA1_CFC64_OH0,0126_0047,A,0.49799299240112305,-0.0018754936754703522,0.5,0.0,-11.635184908570388,-1.0567128286080947,-3.0354165006887825,22.957610627201227
1769384913.645313,1769384913645320605,Sr02_gA_IMG1_LID0_STA1_CFC64_OH0,0126_0047,A,0.4950798451900482,-0.006020186934620142,0.5,0.0,-11.684902783328969,-1.062016846279183,-3.0352081476689645,22.913322896196398
1769384913.7709515,1769384913770960752,Sr02_gA_IMG1_LID0_STA1_CFC64_OH0,0126_0047,A,0.49860405921936035,-0.0014929557219147682,0.5,0.0,-11.734619537204184,-1.067331360141373,-3.0349942664324936,22.8690636312886
1769384913.896809,1769384913896817616,Sr02_gA_IMG1_LID0_STA1_CFC64_OH0,0126_0047,A,0.49845096468925476,-0.0013315421529114246,0.5,0.0,-11.809192825989735,-1.0753203441651824,-3.034773076321485,22.802727315422107
1769384914.0210085,1769384914021017538,Sr02_gA_IMG1_LID0_STA1_CFC64_OH0,0126_0047,A,0.5035223364830017,-0.01419753022491932,0.5,0.0,-11.858907559048843,-1.080653729392463,-3.034675267134265,22.75853647846966
1769384914.142691,1769384914142698610,Sr02_gA_IMG1_LID0_STA1_CFC64_OH0,0126_0047,A,0.5069012641906738,-0.005395982880145311,0.5,0.0,-11.933478695858806,-1.0886627762124994,-3.034525785952216,22.692299671194228
1769384914.2648883,1769384914264898245,Sr02_gA_IMG1_LID0_STA1_CFC64_OH0,0126_0047,A,0.5132730603218079,-0.01880556158721447,0.5,0.0,-11.983192884260449,-1.0940012354643773,-3.034713332805661,22.648171731358875
1769384914.388145,1769384914388153562,Sr02_gA_IMG1_LID0_STA1_CFC64_OH0,0126_0047,A,0.5130258202552795,-0.018787626177072525,0.5,0.0,-12.057768507846504,-1.1019683728593268,-3.0355710864590124,22.582006475420936
1769384914.5169122,1769384914516918567,Sr02_gA_IMG1_LID0_STA1_CFC64_OH0,0126_0047,A,0.49808406829833984,0.0017985869199037552,0.5,0.0,-12.107488148300792,-1.1072558137789128,-3.035720382751519,22.53791565449268
1769384914.6384351,1769384914638441582,Sr02_gA_IMG1_LID0_STA1_CFC64_OH0,0126_0047,A,0.489698588848114,-0.0043940553441643715,0.5,0.0,-12.182069015741039,-1.1151737352044566,-3.035923342137401,22.471819511964494
1769384914.76371,1769384914763718476,Sr02_gA_IMG1_LID0_STA1_CFC64_OH0,0126_0047,A,0.5026723742485046,0.005193136632442474,0.5,0.0,-12.23179384902848,-1.120412076290694,-3.037343082992735,22.42776735024671
1769384914.8847175,1769384914884725331,Sr02_gA_IMG1_LID0_STA1_CFC64_OH0,0126_0047,A,0.5024582147598267,0.005255772266536951,0.5,0.0,-12.306389953060888,-1.1281851163899939,-3.0384206675057053,22.36169571726437
1769384915.010039,1769384915010046819,Sr02_gA_IMG1_LID0_STA1_CFC64_OH0,0126_0047,A,0.4923285245895386,-0.011490939185023308,0.5,0.0,-12.356128886995613,-1.13328780167462,-3.0403012197932497,22.31764150229872
1769384915.1357863,1769384915135793445,Sr02_gA_IMG1_LID0_STA1_CFC64_OH0,0126_0047,A,0.49569427967071533,0.00960230827331543,0.5,0.0,-12.430755052747926,-1.140766501323797,-3.0431197178318485,22.251523819695553
1769384915.2548616,1769384915254868732,Sr02_gA_IMG1_LID0_STA1_CFC64_OH0,0126_0047,A,0.503524124622345,0.005460496060550213,0.5,0.0,-12.480512380190795,-1.1456866682256366,-3.0429398751865873,22.20744550126486
1769384915.3782055,1769384915378212695,Sr02_gA_IMG1_LID0_STA1_CFC64_OH0,0126_0047,A,0.5031071305274963,0.005560548976063728,0.5,0.0,-12.55515004254005,-1.1530499879321245,-3.043407240913167,22.14136714028004
1769384915.504759,1769384915504766207,Sr02_gA_IMG1_LID0_STA1_CFC64_OH0,0126_0047,A,0.4994582235813141,-0.0021641929633915424,0.5,0.0,-12.604907948649748,-1.1579642942316823,-3.042887928667961,22.097349132164037
1769384915.6230578,1769384915623066167,Sr02_gA_IMG1_LID0_STA1_CFC64_OH0,0126_0047,A,0.4991079866886139,-0.003284679725766182,0.5,0.0,-12.67954035312607,-1.165380715876283,-3.042603204859765,22.031391512972856
1769384915.7432997,1769384915743308606,Sr02_gA_IMG1_LID0_STA1_CFC64_OH0,0126_0047,A,0.4993168115615845,0.012039871886372566,0.5,0.0,-12.729298405277019,-1.170293520981233,-3.043752296622281,21.987436873368196
1769384915.8712144,1769384915871221841,Sr02_gA_IMG1_LID0_STA1_CFC64_OH0,0126_0047,A,0.4994153082370758,0.01223411038517952,0.5,0.0,-12.77905692203085,-1.1752016266932652,-3.0427920835060154,21.943505859746146
1769384915.9940379,1769384915994047040,Sr02_gA_IMG1_LID0_STA1_CFC64_OH0,0126_0047,A,0.4969015121459961,0.02437703125178814,0.5,0.0,-12.853687286090485,-1.1826385398541075,-3.041846752119752,21.877694244778098
1769384916.121042,1769384916121049304,Sr02_gA_IMG1_LID0_STA1_CFC64_OH0,0126_0047,A,0.5098079442977905,0.01973171904683113,0.5,0.0,-12.903437371101951,-1.1876314007499416,-3.041290698137546,21.833869655475663
1769384916.242574,1769384916242580613,Sr02_gA_IMG1_LID0_STA1_CFC64_OH0,0126_0047,A,0.5090075135231018,-0.006643822882324457,0.5,0.0,-12.978060550248793,-1.195140087916038,-3.041460826054008,21.76819210238734
1769384916.3701088,1769384916370116508,Sr02_gA_IMG1_LID0_STA1_CFC64_OH0,0126_0047,A,0.5088170766830444,-0.006476754788309336,0.5,0.0,-13.027810916865672,-1.200130146231514,-3.0417892926319565,21.72443294501973
1769384916.4924831,1769384916492492113,Sr02_gA_IMG1_LID0_STA1_CFC64_OH0,0126_0047,A,0.5105757713317871,0.010769061744213104,0.5,0.0,-13.102430905091211,-1.2076703791846548,-3.0399794419026693,21.658871813179193
1769384916.619715,1769384916619722745,Sr02_gA_IMG1_LID0_STA1_CFC64_OH0,0126_0047,A,0.5075389742851257,-0.0009703594259917736,0.5,0.0,-13.152169877921121,-1.2127727269730095,-3.038756032876657,21.615235538603475
1769384916.7376907,1769384916737698426,Sr02_gA_IMG1_LID0_STA1_CFC64_OH0,0126_0047,A,0.4997232258319855,0.005563850048929453,0.5,0.0,-13.226760323572543,-1.2205995088527128,-3.0352209224712996,21.549918568764966
1769384916.8576105,1769384916857618078,Sr02_gA_IMG1_LID0_STA1_CFC64_OH0,0126_0047,A,0.49958160519599915,0.0055501097813248634,0.5,0.0,-13.276472443791663,-1.2259571179240751,-3.0332477502393003,21.50647849143888
1769384916.9748857,1769384916974892322,Sr02_gA_IMG1_LID0_STA1_CFC64_OH0,0126_0047,A,0.4967974126338959,-0.0011413651518523693,0.5,0.0,-13.35103669812557,-1.2340299611222574,-3.03424096062057,21.44139019367714
1769384917.0999808,1769384917099988676,Sr02_gA_IMG1_LID0_STA1_CFC64_OH0,0126_0047,A,0.46939730644226074,-0.0007731812074780464,0.5,0.0,-13.400750593319628,-1.2393711426610103,-3.034888635049985,21.398013640893023
1769384917.2227662,1769384917222778718,Sr02_gA_IMG1_LID0_STA1_CFC64_OH0,0126_0047,A,0.46912431716918945,-0.0005757154431194067,0.5,0.0,-13.450464215943466,-1.2447148479886139,-3.0339842017165735,21.354667317804086
1769384917.3462324,1769384917346238598,Sr02_gA_IMG1_LID0_STA1_CFC64_OH0,0126_0047,A,0.49573373794555664,-0.006078700069338083,0.5,0.0,-13.525027034785884,-1.2528009609970057,-3.033542776311065,21.289738075819727
1769384917.465834,1769384917465843368,Sr02_gA_IMG1_LID0_STA1_CFC64_OH0,0126_0047,A,0.4903925657272339,-0.02001304365694523,0.5,0.0,-13.574733943536502,-1.2582067764825506,-3.0329863972161224,21.24649638040823
1769384917.587627,1769384917587634965,Sr02_gA_IMG1_LID0_STA1_CFC64_OH0,0126_0047,A,0.509373664855957,0.023396817967295647,0.5,0.0,-13.649288726392756,-1.2663666385423609,-3.032287294449062,21.18171556717529
1769384917.7095513,1769384917709557899,Sr02_gA_IMG1_LID0_STA1_CFC64_OH0,0126_0047,A,0.5091894865036011,0.023232417181134224,0.5,0.0,-13.698990640135623,-1.2718181934179014,-3.0324014303806672,21.13857182566072
1769384917.8313034,1769384917831313719,Sr02_gA_IMG1_LID0_STA1_CFC64_OH0,0126_0047,A,0.5171390175819397,-0.006102995481342077,0.5,0.0,-13.773544479648592,-1.2799866874190244,-3.0325191149418766,21.073908521149527
1769384917.950208,1769384917950215659,Sr02_gA_IMG1_LID0_STA1_CFC64_OH0,0126_0047,A,0.5028867721557617,-0.0016414253041148186,0.5,0.0,-13.823247501983875,-1.2854281259333042,-3.0325766864340875,21.030835627116247
1769384918.0730062,1769384918073012584,Sr02_gA_IMG1_LID0_STA1_CFC64_OH0,0126_0047,A,0.5038853287696838,-0.010864108800888062,0.5,0.0,-13.872951569774633,-1.2908600018379495,-3.033019461967688,20.987788553283465
1769384918.1953764,1769384918195383518,Sr02_gA_IMG1_LID0_STA1_CFC64_OH0,0126_0047,A,0.503218948841095,-0.010791104286909103,0.5,0.0,-13.947519013248053,-1.2989031350501796,-3.0356033733192715,20.923222218539664
1769384918.3203216,1769384918320328787,Sr02_gA_IMG1_LID0_STA1_CFC64_OH0,0126_0047,A,0.5058784484863281,-0.02232625149190426,0.5,0.0,-13.997223577542696,-1.3042269492787948,-3.033750206254049,20.880207263460015
1769384918.443609,1769384918443616483,Sr02_gA_IMG1_LID0_STA1_CFC64_OH0,0126_0047,A,0.5002732276916504,-0.011653970927000046,0.5,0.0,-14.07177372218599,-1.3124287599825053,-3.0305570426951616,20.815839487965896
1769384918.5676465,1769384918567655981,Sr02_gA_IMG1_LID0_STA1_CFC64_OH0,0126_0047,A,0.4998667538166046,-0.01175394281744957,0.5,0.0,-14.121467500428558,-1.317953975742639,-3.0311673349954007,20.772996990907515
1769384918.689995,1769384918690003201,Sr02_gA_IMG1_LID0_STA1_CFC64_OH0,0126_0047,A,0.5058919191360474,0.005644002929329872,0.5,0.0,-14.196012806328104,-1.3261999796110508,-3.0317318455467706,20.70877163869955
1769384918.8085895,1769384918808597233,Sr02_gA_IMG1_LID0_STA1_CFC64_OH0,0126_0047,A,0.4983196556568146,0.006691367365419865,0.5,0.0,-14.245714339672222,-1.3316549791795984,-3.0328182541029127,20.665973006284332
1769384918.9309282,1769384918930935195,Sr02_gA_IMG1_LID0_STA1_CFC64_OH0,0126_0047,A,0.5001932382583618,-0.019844798371195793,0.5,0.0,-14.295421754108148,-1.3370561263137541,-3.033898092866438,20.623178707618752
1769384919.053728,1769384919053735215,Sr02_gA_IMG1_LID0_STA1_CFC64_OH0,0126_0047,A,0.4994949996471405,-0.02044510468840599,0.5,0.0,-14.369997397507438,-1.3450228300675655,-3.0366788944142313,20.55897784704128
1769384919.1745334,1769384919174541180,Sr02_gA_IMG1_LID0_STA1_CFC64_OH0,0126_0047,A,0.4971177279949188,-0.001192217692732811,0.5,0.0,-14.419725514040355,-1.3502299238971098,-3.0378442918744892,20.516163775921893
1769384919.2935913,1769384919293598401,Sr02_gA_IMG1_LID0_STA1_CFC64_OH0,0126_0047,A,0.5083886981010437,-0.004563169088214636,0.5,0.0,-14.494329025735054,-1.3579314739716328,-3.0396053809023997,20.451947001145374
1769384919.4155257,1769384919415534799,Sr02_gA_IMG1_LID0_STA1_CFC64_OH0,0126_0047,A,0.4914846122264862,-0.016716372221708298,0.5,0.0,-14.54406861676925,-1.363027816755704,-3.0392149740182948,20.409156869846587
1769384919.5377872,1769384919537796117,Sr02_gA_IMG1_LID0_STA1_CFC64_OH0,0126_0047,A,0.49134767055511475,-0.016775429248809814,0.5,0.0,-14.61867219781133,-1.3707287615690853,-3.0384870915551354,20.345062817708538
1769384919.6582983,1769384919658305575,Sr02_gA_IMG1_LID0_STA1_CFC64_OH0,0126_0047,A,0.5057938098907471,-0.015369538217782974,0.5,0.0,-14.66841173462665,-1.375825558569091,-3.0404715624931375,20.302355503373555
1769384919.7789843,1769384919778992065,Sr02_gA_IMG1_LID0_STA1_CFC64_OH0,0126_0047,A,0.5071655511856079,0.003555848728865385,0.5,0.0,-14.718161383520163,-1.380822682969257,-3.0425040630519677,20.259629382533934
1769384919.9000456,1769384919900054271,Sr02_gA_IMG1_LID0_STA1_CFC64_OH0,0126_0047,A,0.49379000067710876,0.0027163485065102577,0.5,0.0,-14.79279680635744,-1.3882086746529607,-3.0430679672558374,20.19554537758084
1769384920.021246,1769384920021253275,Sr02_gA_IMG1_LID0_STA1_CFC64_OH0,0126_0047,A,0.493637353181839,0.0025917240418493748,0.5,0.0,-14.842555284859786,-1.3931171834290557,-3.0434905713800653,20.152856448862046
1769384920.139822,1769384920139830313,Sr02_gA_IMG1_LID0_STA1_CFC64_OH0,0126_0047,A,0.4974570572376251,-0.0026623206213116646,0.5,0.0,-14.917200742628628,-1.4004009071010983,-3.0455124770189785,20.088844830170476
1769384920.2614415,1769384920261449434,Sr02_gA_IMG1_LID0_STA1_CFC64_OH0,0126_0047,A,0.49752384424209595,-0.004892799537628889,0.5,0.0,-14.966974131866325,-1.4051557804336097,-3.0471900171875173,20.046159791137963
1769384920.3801193,1769384920380126561,Sr02_gA_IMG1_LID0_STA1_CFC64_OH0,0126_0047,A,0.49726325273513794,-0.004910850431770086,0.5,0.0,-15.01675521819563,-1.4098293898736394,-3.04875508734587,20.00346605710241
1769384920.5045774,1769384920504587880,Sr02_gA_IMG1_LID0_STA1_CFC64_OH0,0126_0047,A,0.48230257630348206,-0.006244823802262545,0.5,0.0,-15.091432841191065,-1.4167757424635823,-3.0486002325105415,19.939455526667267
1769384920.6261644,1769384920626171925,Sr02_gA_IMG1_LID0_STA1_CFC64_OH0,0126_0047,A,0.5108321309089661,-0.012380100786685944,0.5,0.0,-15.141216135733629,-1.4214258233046904,-3.048320202473298,19.89683457336876
1769384920.7480395,1769384920748047027,Sr02_gA_IMG1_LID0_STA1_CFC64_OH0,0126_0047,A,0.5020331740379333,0.0018901050789281726,0.5,0.0,-15.215888749172933,-1.4284258247419803,-3.047978996896704,19.83298088248028
1769384920.8721743,1769384920872183246,Sr02_gA_IMG1_LID0_STA1_CFC64_OH0,0126_0047,A,0.5020121932029724,0.0019321877043694258,0.5,0.0,-15.26567043962072,-1.433093047083032,-3.048245227404056,19.79045549549903
1769384920.9939885,1769384920993995670,Sr02_gA_IMG1_LID0_STA1_CFC64_OH0,0126_0047,A,0.49386999011039734,-0.011950144544243813,0.5,0.0,-15.340346175510446,-1.4400596469909752,-3.0489345349221924,19.72671499587085
1769384921.1184819,1769384921118489119,Sr02_gA_IMG1_LID0_STA1_CFC64_OH0,0126_0047,A,0.47965312004089355,-0.003332373220473528,0.5,0.0,-15.390132821646548,-1.4446737015278652,-3.0494256191483458,19.68424930468007
1769384921.2416675,1769384921241674682,Sr02_gA_IMG1_LID0_STA1_CFC64_OH0,0126_0047,A,0.4799467921257019,-0.045434508472681046,0.5,0.0,-15.464817724787135,-1.4515413144638796,-3.0504236894477015,19.620588893217885
1769384921.367407,1769384921367415553,Sr02_gA_IMG1_LID0_STA1_CFC64_OH0,0126_0047,A,0.47980478405952454,-0.0465158186852932,0.5,0.0,-15.51461287608294,-1.4560626274406325,-3.051661696194428,19.578162838086367
1769384921.48864,1769384921488647307,Sr02_gA_IMG1_LID0_STA1_CFC64_OH0,0126_0047,A,0.5022516250610352,0.009529301896691322,0.5,0.0,-15.589310629397799,-1.4627890609900294,-3.051662333021194,19.514561393641248
1769384921.6079054,1769384921607912787,Sr02_gA_IMG1_LID0_STA1_CFC64_OH0,0126_0047,A,0.5092334747314453,-0.004822794813662767,0.5,0.0,-15.639108141775049,-1.4672843291964455,-3.0514691145674777,19.472211370515435
1769384921.7343366,1769384921734344256,Sr02_gA_IMG1_LID0_STA1_CFC64_OH0,0126_0047,A,0.49412858486175537,-0.002947081346064806,0.5,0.0,-15.68890789664016,-1.4717546536371775,-3.0526641164446238,19.429884358530604
1769384921.860812,1769384921860818054,Sr02_gA_IMG1_LID0_STA1_CFC64_OH0,0126_0047,A,0.4937675893306732,-0.0031113838776946068,0.5,0.0,-15.763603914476503,-1.478372583331572,-3.0538837195127466,19.366425633793636
1769384921.9818623,1769384921981872775,Sr02_gA_IMG1_LID0_STA1_CFC64_OH0,0126_0047,A,0.4974878430366516,-0.007168707903474569,0.5,0.0,-15.8134214911424,-1.4826392453131547,-3.0584271514194694,19.324081157696614
1769384922.1032553,1769384922103263416,Sr02_gA_IMG1_LID0_STA1_CFC64_OH0,0126_0047,A,0.5009690523147583,-0.026624538004398346,0.5,0.0,-15.888183275641802,-1.4886101827944012,-3.065382885813895,19.260404446514194
1769384922.226078,1769384922226085355,Sr02_gA_IMG1_LID0_STA1_CFC64_OH0,0126_0047,A,0.5121142864227295,0.002367413602769375,0.5,0.0,-15.938025834297132,-1.4924317896434929,-3.0646009754931383,19.21792414255467
1769384922.345671,1769384922345677699,Sr02_gA_IMG1_LID0_STA1_CFC64_OH0,0126_0047,A,0.5117731094360352,0.002570766257122159,0.5,0.0,-16.012805715594194,-1.4981736014900744,-3.0652868696659863,19.15426178581918
1769384922.4653203,1769384922465328233,Sr02_gA_IMG1_LID0_STA1_CFC64_OH0,0126_0047,A,0.3037082552909851,0.03014022670686245,0.5,0.0,-16.062660779663815,-1.5019778427439545,-3.065581577429836,19.111853338331194
1769384922.5864015,1769384922586408020,Sr02_gA_IMG1_LID0_STA1_CFC64_OH0,0126_0047,A,0.47109338641166687,0.02796897292137146,0.5,0.0,-16.112516982612213,-1.5057671290389643,-3.065889429137742,19.06947370910435
1769384922.707104,1769384922707111962,Sr02_gA_IMG1_LID0_STA1_CFC64_OH0,0126_0047,A,0.4715174436569214,0.028155045583844185,0.5,0.0,-16.187304251842942,-1.5114118828331289,-3.0667618645903536,19.005952783921604
1769384922.8279338,1769384922827940838,Sr02_gA_IMG1_LID0_STA1_CFC64_OH0,0126_0047,A,0.419081449508667,0.036850739270448685,0.5,0.0,-16.23716924003781,-1.5150835524802766,-3.069424299148557,18.96360319254108
1769384922.9498198,1769384922949827571,Sr02_gA_IMG1_LID0_STA1_CFC64_OH0,0126_0047,A,0.46225395798683167,0.01941010169684887,0.5,0.0,-16.311977266830404,-1.5204462257648597,-3.069934900096357,18.900071454322294
1769384923.0711858,1769384923071194286,Sr02_gA_IMG1_LID0_STA1_CFC64_OH0,0126_0047,A,0.4957808256149292,-0.009608879685401917,0.5,0.0,-16.36184848705578,-1.5240324581155795,-3.069677823903168,18.85776971342443
1769384923.2001297,1769384923200137531,Sr02_gA_IMG1_LID0_STA1_CFC64_OH0,0126_0047,A,0.4956260621547699,-0.00931934267282486,0.5,0.0,-16.436645044621688,-1.529552011123783,-3.0657082066949672,18.794463435833396
1769384923.3250158,1769384923325022694,Sr02_gA_IMG1_LID0_STA1_CFC64_OH0,0126_0047,A,0.47725415229797363,-0.025349611416459084,0.5,0.0,-16.486495783366596,-1.533412308979482,-3.0629113123159306,18.75240491772616
1769384923.4467282,1769384923446736562,Sr02_gA_IMG1_LID0_STA1_CFC64_OH0,0126_0047,A,0.47567299008369446,0.0025859372690320015,0.5,0.0,-16.561251002921104,-1.5394660530531448,-3.058514155077089,18.689534377695033
1769384923.5738032,1769384923573810756,Sr02_gA_IMG1_LID0_STA1_CFC64_OH0,0126_0047,A,0.2094883918762207,-0.00010444503277540207,0.5,0.0,-16.611070790348215,-1.543707000365747,-3.05482908769303,18.64778351796032
1769384923.6957583,1769384923695765566,Sr02_gA_IMG1_LID0_STA1_CFC64_OH0,0126_0047,A,0.20879286527633667,-0.00018894323147833347,0.5,0.0,-16.685777977412695,-1.5503276290171712,-3.0527294869588038,18.58537774346293
1769384923.8191378,1769384923819145352,Sr02_gA_IMG1_LID0_STA1_CFC64_OH0,0126_0047,A,0.47435030341148376,-0.03704570233821869,0.5,0.0,-16.7355828117842,-1.5547410136406161,-3.0536903732223233,18.543825523767108
1769384923.9367049,1769384923936712422,Sr02_gA_IMG1_LID0_STA1_CFC64_OH0,0126_0047,A,0.45680174231529236,-0.022655723616480827,0.5,0.0,-16.785391800834354,-1.55910726052322,-3.0546223061869076,18.502288714986808
1769384924.0559535,1769384924055960208,Sr02_gA_IMG1_LID0_STA1_CFC64_OH0,0126_0047,A,0.46274667978286743,-0.006283185910433531,0.5,0.0,-16.860117776565843,-1.5655120928626671,-3.0579438221380757,18.439981298084653
1769384924.1807535,1769384924180760742,Sr02_gA_IMG1_LID0_STA1_CFC64_OH0,0126_0047,A,0.4627215266227722,-0.006609244737774134,0.5,0.0,-16.909943515235184,-1.5696828767131983,-3.0579646052401714,18.39844012410992
1769384924.305694,1769384924305705868,Sr02_gA_IMG1_LID0_STA1_CFC64_OH0,0126_0047,A,0.4792836606502533,0.025662265717983246,0.5,0.0,-16.98468128753801,-1.5759490300728805,-3.05795336613199,18.33621314176598
1769384924.4244046,1769384924424412137,Sr02_gA_IMG1_LID0_STA1_CFC64_OH0,0126_0047,A,0.503165066242218,0.04342608153820038,0.5,0.0,-17.034506537507006,-1.58012564933964,-3.0579722603595845,18.294781255001656
1769384924.5451443,1769384924545152004,Sr02_gA_IMG1_LID0_STA1_CFC64_OH0,0126_0047,A,0.5027482509613037,0.04383175075054169,0.5,0.0,-17.10925290993855,-1.586258301641004,-3.06212706398461,18.232641600795375
1769384924.6661558,1769384924666162681,Sr02_gA_IMG1_LID0_STA1_CFC64_OH0,0126_0047,A,0.5081037282943726,0.013049183413386345,0.5,0.0,-17.159099573832705,-1.590170936573828,-3.06439263349426,18.19116870714527
1769384924.7879045,1769384924787912516,Sr02_gA_IMG1_LID0_STA1_CFC64_OH0,0126_0047,A,0.4937148094177246,-0.002115795388817787,0.5,0.0,-17.20895245339385,-1.594003688372866,-3.065184688695083,18.1496939261248
1769384924.9096773,1769384924909684081,Sr02_gA_IMG1_LID0_STA1_CFC64_OH0,0126_0047,A,0.49048906564712524,-0.0030661486089229584,0.5,0.0,-17.2837363718996,-1.599692657575091,-3.0661597706201897,18.087528764811047
1769384925.0301979,1769384925030204507,Sr02_gA_IMG1_LID0_STA1_CFC64_OH0,0126_0047,A,0.490631639957428,-0.0029102591797709465,0.5,0.0,-17.333589293701802,-1.6035246934737521,-3.0635935729397863,18.046161733755362
1769384925.1571662,1769384925157174133,Sr02_gA_IMG1_LID0_STA1_CFC64_OH0,0126_0047,A,0.5031730532646179,0.08283191919326782,0.5,0.0,-17.40834461605927,-1.6095763676009411,-3.057604485474375,17.984365882688174
1769384925.28847,1769384925288477128,Sr02_gA_IMG1_LID0_STA1_CFC64_OH0,0126_0047,A,0.5018324255943298,0.04257530719041824,0.5,0.0,-17.45815901416266,-1.6138800196926697,-3.0532213175924037,17.943378834695988
1769384925.4094565,1769384925409464250,Sr02_gA_IMG1_LID0_STA1_CFC64_OH0,0126_0047,A,0.43403100967407227,0.007653942797333002,0.5,0.0,-17.532857856752965,-1.6205942089178087,-3.051107735723596,17.882134004776972
1769384925.5323184,1769384925532325511,Sr02_gA_IMG1_LID0_STA1_CFC64_OH0,0126_0047,A,0.43412861227989197,0.007402975112199783,0.5,0.0,-17.582653784927267,-1.62510699193738,-3.051328814677541,17.841383807699895
1769384925.6573734,1769384925657380472,Sr02_gA_IMG1_LID0_STA1_CFC64_OH0,0126_0047,A,0.43211936950683594,0.19973665475845337,0.5,0.0,-17.65735000469761,-1.631850428753135,-3.051785618340733,17.780331992992526
1769384925.7773817,1769384925777390900,Sr02_gA_IMG1_LID0_STA1_CFC64_OH0,0126_0047,A,0.4813371002674103,0.13968035578727722,0.5,0.0,-17.70714915625583,-1.636327500277719,-3.052076643791956,17.739679352364924
1769384925.9011652,1769384925901173491,Sr02_gA_IMG1_LID0_STA1_CFC64_OH0,0126_0047,A,0.4838864207267761,0.07215965539216995,0.5,0.0,-17.781777689520542,-1.6433835951551765,-3.041601444774958,17.679024257515593
1769384926.0216682,1769384926021676424,Sr02_gA_IMG1_LID0_STA1_CFC64_OH0,0126_0047,A,0.48384958505630493,0.07031424343585968,0.5,0.0,-17.8315172535213,-1.6484798516477492,-3.0376931053788536,17.638860172613
1769384926.1467304,1769384926146738317,Sr02_gA_IMG1_LID0_STA1_CFC64_OH0,0126_0047,A,0.5133439898490906,0.022614089772105217,0.5,0.0,-17.881245625740515,-1.653684518508176,-3.0369277049111862,17.598811681654393
1769384926.2739968,1769384926274003989,Sr02_gA_IMG1_LID0_STA1_CFC64_OH0,0126_0047,A,0.46862658858299255,0.17458060383796692,0.5,0.0,-17.95583077351093,-1.6615619823556178,-3.0358097312502763,17.538877386946925
1769384926.4033265,1769384926403333688,Sr02_gA_IMG1_LID0_STA1_CFC64_OH0,0126_0047,A,0.49763399362564087,0.0194111168384552,0.5,0.0,-18.0052842123739,-1.6670334133988485,-3.0233540881854823,17.499330441510327
1769384926.523344,1769384926523352290,Sr02_gA_IMG1_LID0_STA1_CFC64_OH0,0126_0047,A,0.5003082156181335,0.01628284528851509,0.5,0.0,-18.079632030041292,-1.6767101072682415,-3.002056491191861,17.44072701102686
1769384926.645917,1769384926645924117,Sr02_gA_IMG1_LID0_STA1_CFC64_OH0,0126_0047,A,0.49585428833961487,0.010281875729560852,0.5,0.0,-18.12911962413569,-1.6838429078965653,-2.9948372979311233,17.402148845615017
1769384926.7687287,1769384926768736045,Sr02_gA_IMG1_LID0_STA1_CFC64_OH0,0126_0047,A,0.49127715826034546,0.0014886894496157765,0.5,0.0,-18.203253646290445,-1.6952048448568293,-2.984234814986048,17.344820377552097
1769384926.8952777,1769384926895285963,Sr02_gA_IMG1_LID0_STA1_CFC64_OH0,0126_0047,A,0.5028011202812195,0.01455812156200409,0.5,0.0,-18.252611544685422,-1.703120082651942,-2.9814158942180864,17.306910213078247
1769384927.0165565,1769384927016563349,Sr02_gA_IMG1_LID0_STA1_CFC64_OH0,0126_0047,A,0.5064355134963989,0.015636252239346504,0.5,0.0,-18.326381713275246,-1.7157189489435396,-2.960409197430687,17.250769465620674
1769384927.1368606,1769384927136868369,Sr02_gA_IMG1_LID0_STA1_CFC64_OH0,0126_0047,A,0.4967009723186493,0.002024346962571144,0.5,0.0,-18.375437074784536,-1.724828121940367,-2.956827854794809,17.213902375463935
1769384927.2596152,1769384927259621857,Sr02_gA_IMG1_LID0_STA1_CFC64_OH0,0126_0047,A,0.4986625909805298,0.005719427950680256,0.5,0.0,-18.44914282141396,-1.7387010938943472,-2.9543228642692947,17.158732333623018
1769384927.383796,1769384927383803026,Sr02_gA_IMG1_LID0_STA1_CFC64_OH0,0126_0047,A,0.5135553479194641,0.011560583487153053,0.5,0.0,-18.49826330166331,-1.7480380031905167,-2.9532346641886664,17.12209718807285
1769384927.5066438,1769384927506651502,Sr02_gA_IMG1_LID0_STA1_CFC64_OH0,0126_0047,A,0.5137559175491333,0.011573534458875656,0.5,0.0,-18.571933948794786,-1.7620962748740454,-2.952792735797901,17.067308494577556
1769384927.6292598,1769384927629267672,Sr02_gA_IMG1_LID0_STA1_CFC64_OH0,0126_0047,A,0.49952974915504456,-0.004743685480207205,0.5,0.0,-18.62103860639579,-1.7715160330110016,-2.9513369288071516,17.03090149333497
1769384927.7546163,1769384927754623296,Sr02_gA_IMG1_LID0_STA1_CFC64_OH0,0126_0047,A,0.5049299001693726,0.027036314830183983,0.5,0.0,-18.670129170524287,-1.7810089616613975,-2.9497948695438856,16.994614883980937
1769384927.875734,1769384927875741854,Sr02_gA_IMG1_LID0_STA1_CFC64_OH0,0126_0047,A,0.5050578117370605,0.027233067899942398,0.5,0.0,-18.743748089880988,-1.7953356469383355,-2.9492189699200484,16.940377407709942
1769384927.9998846,1769384927999892185,Sr02_gA_IMG1_LID0_STA1_CFC64_OH0,0126_0047,A,0.5020803809165955,0.0018375642830505967,0.5,0.0,-18.79282334532932,-1.804907424200069,-2.9486839816373305,16.9043218671312
1769384928.1181571,1769384928118163314,Sr02_gA_IMG1_LID0_STA1_CFC64_OH0,0126_0047,A,0.5137404203414917,0.043360911309719086,0.5,0.0,-18.866422567880406,-1.8193349168830704,-2.9471834177571314,16.850421618970103
1769384928.2444022,1769384928244410002,Sr02_gA_IMG1_LID0_STA1_CFC64_OH0,0126_0047,A,0.5142936706542969,0.00722516281530261,0.5,0.0,-18.91547506262258,-1.8290226495110093,-2.946026066206933,16.81462738462904
1769384928.3723366,1769384928372344729,Sr02_gA_IMG1_LID0_STA1_CFC64_OH0,0126_0047,A,0.5141757726669312,0.007314371410757303,0.5,0.0,-18.989046132029454,-1.8435930596192118,-2.946411261514187,16.76110011948083
1769384928.4970577,1769384928497064629,Sr02_gA_IMG1_LID0_STA1_CFC64_OH0,0126_0047,A,0.49613699316978455,0.033634401857852936,0.5,0.0,-19.038086532184327,-1.8533417726419315,-2.94402545825434,16.72553213077492
1769384928.618207,1769384928618214665,Sr02_gA_IMG1_LID0_STA1_CFC64_OH0,0126_0047,A,0.4998655617237091,-0.00792432576417923,0.5,0.0,-19.11159740715493,-1.8682126469623235,-2.9401944454998907,16.672497744695846
1769384928.7424462,1769384928742455215,Sr02_gA_IMG1_LID0_STA1_CFC64_OH0,0126_0047,A,0.51658695936203,-0.008083146065473557,0.5,0.0,-19.160585876703383,-1.8782191212217603,-2.9400106839617957,16.63730246545424
1769384928.862994,1769384928863000786,Sr02_gA_IMG1_LID0_STA1_CFC64_OH0,0126_0047,A,0.5174799561500549,-0.008005740121006966,0.5,0.0,-19.234020940999482,-1.8934048996646629,-2.9354608994986577,16.584790011385717
1769384928.9864225,1769384928986430012,Sr02_gA_IMG1_LID0_STA1_CFC64_OH0,0126_0047,A,0.5244395732879639,-0.02988179586827755,0.5,0.0,-19.28295873509084,-1.9036563329145193,-2.9347383838021033,16.54996507170355
1769384929.109793,1769384929109800788,Sr02_gA_IMG1_LID0_STA1_CFC64_OH0,0126_0047,A,0.5029838681221008,0.015193497762084007,0.5,0.0,-19.356351267222283,-1.9191009076967873,-2.9333780446120588,16.4979236255474
1769384929.2360375,1769384929236044309,Sr02_gA_IMG1_LID0_STA1_CFC64_OH0,0126_0047,A,0.5111110806465149,0.008363531902432442,0.5,0.0,-19.405253867185532,-1.929518827008344,-2.9300146155347466,16.463417662171274
1769384929.3596406,1769384929359647972,Sr02_gA_IMG1_LID0_STA1_CFC64_OH0,0126_0047,A,0.5110890865325928,0.008210483938455582,0.5,0.0,-19.478568953635705,-1.9452823915283213,-2.930343351015544,16.41191784983177
1769384929.4811082,1769384929481116736,Sr02_gA_IMG1_LID0_STA1_CFC64_OH0,0126_0047,A,0.5197521448135376,-0.007680994924157858,0.5,0.0,-19.527461668525582,-1.9557467107874906,-2.931151664297401,16.37764682105702
1769384929.5999134,1769384929599923030,Sr02_gA_IMG1_LID0_STA1_CFC64_OH0,0126_0047,A,0.5049194097518921,-0.008850038051605225,0.5,0.0,-19.576362785568868,-1.9661716952658712,-2.931952237059349,16.343427526505632
1769384929.7229328,1769384929722939230,Sr02_gA_IMG1_LID0_STA1_CFC64_OH0,0126_0047,A,0.5261512994766235,-0.02025279775261879,0.5,0.0,-19.649732642346176,-1.9816696714468545,-2.935174882397952,16.29215656864826
1769384929.8480327,1769384929848040405,Sr02_gA_IMG1_LID0_STA1_CFC64_OH0,0126_0047,A,0.5265771150588989,-0.020264260470867157,0.5,0.0,-19.69866340473827,-1.991954595496762,-2.9336555483633404,16.258036830733214
1769384929.967144,1769384929967157433,Sr02_gA_IMG1_LID0_STA1_CFC64_OH0,0126_0047,A,0.5135387778282166,-0.0020949137397110462,0.5,0.0,-19.77203610271595,-2.007493117868046,-2.9322644163098217,16.20709520172097
1769384930.0889835,1769384930088992164,Sr02_gA_IMG1_LID0_STA1_CFC64_OH0,0126_0047,A,0.508109986782074,0.0018194796284660697,0.5,0.0,-19.82094036520274,-2.0179033365571675,-2.9314433691417445,16.17327677116796
1769384930.2164445,1769384930216454513,Sr02_gA_IMG1_LID0_STA1_CFC64_OH0,0126_0047,A,0.5080909729003906,0.0017701431643217802,0.5,0.0,-19.894292664895957,-2.0335378810221894,-2.932142140748719,16.122721393995132
1769384930.3397138,1769384930339720782,Sr02_gA_IMG1_LID0_STA1_CFC64_OH0,0126_0047,A,0.5171034932136536,0.012547323480248451,0.5,0.0,-19.943204521361245,-2.0439123601377807,-2.9330271430370507,16.08908700498198
1769384930.4643545,1769384930464362694,Sr02_gA_IMG1_LID0_STA1_CFC64_OH0,0126_0047,A,0.5075951218605042,0.014202157035470009,0.5,0.0,-20.01659938074348,-2.05934575903247,-2.935836994184758,16.038698082190308
1769384930.5907912,1769384930590801291,Sr02_gA_IMG1_LID0_STA1_CFC64_OH0,0126_0047,A,0.5235392451286316,0.019567672163248062,0.5,0.0,-20.065555038320213,-2.069511506352642,-2.9378634169086912,16.005119128028245
1769384930.7126725,1769384930712680445,Sr02_gA_IMG1_LID0_STA1_CFC64_OH0,0126_0047,A,0.5133627653121948,0.007972883060574532,0.5,0.0,-20.13900625368565,-2.084674560443997,-2.93809938238269,15.954846994471652
1769384930.832296,1769384930832303963,Sr02_gA_IMG1_LID0_STA1_CFC64_OH0,0126_0047,A,0.5134804844856262,0.008031690493226051,0.5,0.0,-20.18797366073801,-2.094783602074388,-2.9379174349496098,15.921440586954143
1769384930.9521787,1769384930952186848,Sr02_gA_IMG1_LID0_STA1_CFC64_OH0,0126_0047,A,0.48726579546928406,-0.009197328239679337,0.5,0.0,-20.236939243640062,-2.1049014757386106,-2.9377394341572787,15.888128021307512
1769384931.0740693,1769384931074076973,Sr02_gA_IMG1_LID0_STA1_CFC64_OH0,0126_0047,A,0.49492427706718445,-0.017654892057180405,0.5,0.0,-20.310375009305197,-2.120139128963296,-2.9360728902140574,15.838370313666049
1769384931.19382,1769384931193827429,Sr02_gA_IMG1_LID0_STA1_CFC64_OH0,0126_0047,A,0.4952048361301422,-0.01785980723798275,0.5,0.0,-20.35931549624932,-2.1303776835692885,-2.9346526780996496,15.805370703585284
1769384931.3163433,1769384931316351243,Sr02_gA_IMG1_LID0_STA1_CFC64_OH0,0126_0047,A,0.5133486390113831,0.0062013850547373295,0.5,0.0,-20.43269483676233,-2.145884709597232,-2.9318785013721116,15.756154336460096
1769384931.4365175,1769384931436525224,Sr02_gA_IMG1_LID0_STA1_CFC64_OH0,0126_0047,A,0.4971817135810852,0.010474191047251225,0.5,0.0,-20.481593024032048,-2.156323425245223,-2.9308493100952764,15.723534606727583
1769384931.5673966,1769384931567404870,Sr02_gA_IMG1_LID0_STA1_CFC64_OH0,0126_0047,A,0.4946534335613251,0.00510811060667038,0.5,0.0,-20.529856944915743,-2.1666680207237765,-2.9300544339475643,15.691452824760827
1769384931.6917741,1769384931691782125,Sr02_gA_IMG1_LID0_STA1_CFC64_OH0,0126_0047,A,0.494806706905365,0.005009626038372517,0.5,0.0,-20.574523629847196,-2.1762795900182197,-2.929152789806899,15.661865388530355
1769384931.8119946,1769384931812002183,Sr02_gA_IMG1_LID0_STA1_CFC64_OH0,0126_0047,A,0.49190810322761536,0.008409302681684494,0.5,0.0,-20.57863498385482,-2.177166073837124,-2.9286203508156237,15.659146985636804
1769384931.932664,1769384931932673068,Sr02_gA_IMG1_LID0_STA1_CFC64_OH0,0126_0047,A,0.49926769733428955,0.004939967766404152,0.5,0.0,-20.585589332377758,-2.1786713148150545,-2.928357524861263,15.65455382002794
1769384932.0546677,1769384932054676254,Sr02_gA_IMG1_LID0_STA1_CFC64_OH0,0126_0047,A,0.5085194110870361,0.0056229447945952415,0.5,0.0,-20.60945409266919,-2.1838421626008953,-2.9281094534907104,15.638809436622484
1769384932.1764174,1769384932176426124,Sr02_gA_IMG1_LID0_STA1_CFC64_OH0,0126_0047,A,0.508795976638794,0.005468577146530151,0.5,0.0,-20.674655214969917,-2.197995165652285,-2.927347045055807,15.595923711166343
1769384932.3035865,1769384932303593719,Sr02_gA_IMG1_LID0_STA1_CFC64_OH0,0126_0047,A,0.5057892799377441,0.002240091562271118,0.5,0.0,-20.723509347802135,-2.208638160237553,-2.926836230734816,15.563923761411797
1769384932.423159,1769384932423167001,Sr02_gA_IMG1_LID0_STA1_CFC64_OH0,0126_0047,A,0.500709593296051,0.00619290117174387,0.5,0.0,-20.79678034063618,-2.2246494253851177,-2.9260138424286426,15.516139148072348
1769384932.544789,1769384932544796656,Sr02_gA_IMG1_LID0_STA1_CFC64_OH0,0126_0047,A,0.5012838244438171,0.010421265847980976,0.5,0.0,-20.845618471781687,-2.235365603895901,-2.9251729137375344,15.484435903043401
1769384932.6628435,1769384932662851908,Sr02_gA_IMG1_LID0_STA1_CFC64_OH0,0126_0047,A,0.5014671683311462,0.010456783697009087,0.5,0.0,-20.91886239080937,-2.2515002668917963,-2.924397223837395,15.43711063829241
1769384932.779474,1769384932779481161,Sr02_gA_IMG1_LID0_STA1_CFC64_OH0,0126_0047,A,0.5200195908546448,-0.007245839107781649,0.5,0.0,-20.967684638446368,-2.2622885824605783,-2.9238349308002136,15.405707961020745
1769384932.906426,1769384932906432971,Sr02_gA_IMG1_LID0_STA1_CFC64_OH0,0126_0047,A,0.5037922859191895,-0.006671511102467775,0.5,0.0,-21.016500895677733,-2.2731039719868944,-2.9232880738618716,15.374425399496172
1769384933.0279555,1769384933027962046,Sr02_gA_IMG1_LID0_STA1_CFC64_OH0,0126_0047,A,0.5038753151893616,-0.006945835892111063,0.5,0.0,-21.089716696123016,-2.289365760942711,-2.922855203797556,15.327718727332483
1769384933.1501765,1769384933150185916,Sr02_gA_IMG1_LID0_STA1_CFC64_OH0,0126_0047,A,0.5060487389564514,-0.012053200975060463,0.5,0.0,-21.138522348189472,-2.300228906539584,-2.922275445749381,15.296723670914048
1769384933.2708786,1769384933270884642,Sr02_gA_IMG1_LID0_STA1_CFC64_OH0,0126_0047,A,0.5157809853553772,-0.00885135680437088,0.5,0.0,-21.211713696491653,-2.3166003660529717,-2.920754190083782,15.250482319670237
1769384933.3923023,1769384933392309882,Sr02_gA_IMG1_LID0_STA1_CFC64_OH0,0126_0047,A,0.5222122073173523,-0.008099760860204697,0.5,0.0,-21.260493664616135,-2.3275782604291186,-2.9197085134319414,15.219833539821108
1769384933.519186,1769384933519192590,Sr02_gA_IMG1_LID0_STA1_CFC64_OH0,0126_0047,A,0.522177517414093,-0.008319318294525146,0.5,0.0,-21.309266907195173,-2.3385860050867344,-2.9199020047977746,15.189311760777853
1769384933.6377459,1769384933637752630,Sr02_gA_IMG1_LID0_STA1_CFC64_OH0,0126_0047,A,0.4953286647796631,-0.0011158650740981102,0.5,0.0,-21.382439929774534,-2.355039198557844,-2.920919960076073,15.143675676387222
1769384933.758425,1769384933758432029,Sr02_gA_IMG1_LID0_STA1_CFC64_OH0,0126_0047,A,0.5012345910072327,-0.010748039931058884,0.5,0.0,-21.431231216485003,-2.3659666833474033,-2.9216117990759187,15.113348128160021
1769384933.8813658,1769384933881374579,Sr02_gA_IMG1_LID0_STA1_CFC64_OH0,0126_0047,A,0.5063870549201965,0.01745137944817543,0.5,0.0,-21.504435685427467,-2.3822793686629984,-2.9231834614663317,15.067989236470144
1769384934.0054595,1769384934005467078,Sr02_gA_IMG1_LID0_STA1_CFC64_OH0,0126_0047,A,0.5063642859458923,0.017534373328089714,0.5,0.0,-21.553252639455682,-2.393091607985761,-2.9240685963811877,15.037830315803701
1769384934.1283119,1769384934128319507,Sr02_gA_IMG1_LID0_STA1_CFC64_OH0,0126_0047,A,0.5094481110572815,-0.011607436463236809,0.5,0.0,-21.62649538553453,-2.4092315809748652,-2.9253061069396287,14.99272657877377
1769384934.2516568,1769384934251664782,Sr02_gA_IMG1_LID0_STA1_CFC64_OH0,0126_0047,A,0.4959944784641266,-0.007597711402922869,0.5,0.0,-21.67533487307597,-2.4199415761049363,-2.9261358416696384,14.96274971909979
1769384934.3761253,1769384934376133588,Sr02_gA_IMG1_LID0_STA1_CFC64_OH0,0126_0047,A,0.48702430725097656,-0.008223330602049828,0.5,0.0,-21.748603289869163,-2.435964633474178,-2.9264715773560006,14.91795121490677
1769384934.5135398,1769384934513548124,Sr02_gA_IMG1_LID0_STA1_CFC64_OH0,0126_0047,A,0.48686274886131287,-0.008507395163178444,0.5,0.0,-21.79745654096854,-2.4466116658898125,-2.9275463775391257,14.888191728284703
1769384934.6388702,1769384934638878547,Sr02_gA_IMG1_LID0_STA1_CFC64_OH0,0126_0047,A,0.5035269856452942,0.006045850925147533,0.5,0.0,-21.870736243468503,-2.4625829565958233,-2.925773017862985,14.843757042454136
1769384934.7622063,1769384934762213823,Sr02_gA_IMG1_LID0_STA1_CFC64_OH0,0126_0047,A,0.49650537967681885,-0.01414417289197445,0.5,0.0,-21.91956688792403,-2.473333175403513,-2.9240195834029636,14.814355867107786
1769384934.889031,1769384934889039465,Sr02_gA_IMG1_LID0_STA1_CFC64_OH0,0126_0047,A,0.5140017867088318,0.015797974541783333,0.5,0.0,-21.992808188500348,-2.4894796873458223,-2.9254291611330676,14.770479344999258
1769384935.0105295,1769384935010538813,Sr02_gA_IMG1_LID0_STA1_CFC64_OH0,0126_0047,A,0.5140066742897034,0.016087504103779793,0.5,0.0,-22.041648633261953,-2.5001853175313786,-2.9261951877212735,14.741318862618503
1769384935.134564,1769384935134572220,Sr02_gA_IMG1_LID0_STA1_CFC64_OH0,0126_0047,A,0.49082696437835693,-0.04327497258782387,0.5,0.0,-22.114925360530652,-2.516170304684051,-2.9274286851608062,14.697727289856363
1769384935.2551088,1769384935255116425,Sr02_gA_IMG1_LID0_STA1_CFC64_OH0,0126_0047,A,0.5231106877326965,-0.06514351814985275,0.5,0.0,-22.163787564012342,-2.5267761805736426,-2.9282765824273462,14.668764888790525
1769384935.377394,1769384935377401799,Sr02_gA_IMG1_LID0_STA1_CFC64_OH0,0126_0047,A,0.5250976085662842,-0.12109841406345367,0.5,0.0,-22.23708276520718,-2.5426762570452186,-2.9277171383907423,14.625526936135019
1769384935.5009303,1769384935500940426,Sr02_gA_IMG1_LID0_STA1_CFC64_OH0,0126_0047,A,0.5250001549720764,-0.12265666574239731,0.5,0.0,-22.285951035087287,-2.5532541332476915,-2.929131549065212,14.596825970243204
1769384935.6251848,1769384935625192534,Sr02_gA_IMG1_LID0_STA1_CFC64_OH0,0126_0047,A,0.5083070397377014,-0.15095597505569458,0.5,-0.5,-22.359254707375424,-2.5691150499502853,-2.927352035984844,14.553985522078108
1769384935.748757,1769384935748764444,Sr02_gA_IMG1_LID0_STA1_CFC64_OH0,0126_0047,A,0.5165891647338867,-0.10190626978874207,0.5,0.0,-22.408103038729845,-2.579784617308498,-2.9257432882104784,14.52565081490441
1769384935.8709316,1769384935870939081,Sr02_gA_IMG1_LID0_STA1_CFC64_OH0,0126_0047,A,0.5287718772888184,-0.2530340850353241,0.5,-0.5,-22.481391132951455,-2.5956631667773804,-2.9316465416295467,14.483270577858722
1769384935.9918597,1769384935991867537,Sr02_gA_IMG1_LID0_STA1_CFC64_OH0,0126_0047,A,0.5283572673797607,-0.25900986790657043,0.5,-0.5,-22.53031581815737,-2.605920984815581,-2.9385181264349027,14.45489014100429
1769384936.1137204,1769384936113914863,Sr02_gA_IMG1_LID0_STA1_CFC64_OH0,0126_0047,A,0.5315712094306946,-0.2675704061985016,0.5,-0.5,-22.579348231614713,-2.615708299265246,-2.9506279249428697,14.426223626732783
1769384936.349411,1769384936349419114,Sr02_gA_IMG1_LID0_STA1_CFC64_OH0,0126_0047,A,0.5028798580169678,-0.360869437456131,0.5,-0.5,-22.653111249656828,-2.629267722811906,-2.9689952285369934,14.382508691486311
1769384936.4719718,1769384936471979304,Sr02_gA_IMG1_LID0_STA1_CFC64_OH0,0126_0047,A,0.49786460399627686,-0.3890468180179596,0.5,-0.5,-22.776586741556685,-2.648546022804848,-3.0017556793259588,14.307518098447508
1769384936.593546,1769384936593553592,Sr02_gA_IMG1_LID0_STA1_CFC64_OH0,0126_0047,A,0.4902183413505554,-0.4733719527721405,0.5,-0.5,-22.826003494361043,-2.654963700803324,-3.0247071244399497,14.276790448483364
1769384936.7199705,1769384936719977287,Sr02_gA_IMG1_LID0_STA1_CFC64_OH0,0126_0047,A,0.5178205966949463,-0.33034613728523254,0.5,-0.5,-22.87573172989003,-2.6601563069017384,-3.0504885488150433,14.245086973790478
1769384936.8453941,1769384936845401916,Sr02_gA_IMG1_LID0_STA1_CFC64_OH0,0126_0047,A,0.5038886070251465,-0.3527039885520935,0.5,-0.5,-22.950535731326088,-2.665505884966336,-3.0901960113345335,14.195854768532515
1769384936.9671683,1769384936967175278,Sr02_gA_IMG1_LID0_STA1_CFC64_OH0,0126_0047,A,0.5005989670753479,-0.2783675789833069,0.5,-0.5,-23.00049810730801,-2.667406277446555,-3.116953008190954,14.161912245740409
1769384937.0892482,1769384937089255526,Sr02_gA_IMG1_LID0_STA1_CFC64_OH0,0126_0047,A,0.5109884142875671,-0.46340811252593994,0.5,-0.5,-23.07542318010761,-2.667515792016173,3.116557259936247,14.109240150762904
1769384937.2105312,1769384937210538497,Sr02_gA_IMG1_LID0_STA1_CFC64_OH0,0126_0047,A,0.47487038373947144,-0.315854549407959,0.5,-0.5,-23.125370555553236,-2.66529228096857,3.077652637375605,14.072601436047377
1769384937.330617,1769384937330623818,Sr02_gA_IMG1_LID0_STA1_CFC64_OH0,0126_0047,A,0.46588900685310364,-0.33819934725761414,0.5,-0.5,-23.199955690280788,-2.658006182187354,3.0089508243747862,14.015205328534867
1769384937.4543455,1769384937454354516,Sr02_gA_IMG1_LID0_STA1_CFC64_OH0,0126_0047,A,0.5035262107849121,-0.33548232913017273,0.5,-0.5,-23.249322536717674,-2.650537357273439,2.9748285893130983,13.975409283412851
1769384937.5780756,1769384937578082839,Sr02_gA_IMG1_LID0_STA1_CFC64_OH0,0126_0047,A,0.49981799721717834,-0.2951612174510956,0.5,-0.5,-23.322904917443214,-2.6361422312414033,2.9225059902891033,13.913866860111838
1769384937.7069154,1769384937706923202,Sr02_gA_IMG1_LID0_STA1_CFC64_OH0,0126_0047,A,0.5004094243049622,-0.3778866231441498,0.5,-0.5,-23.371552188822648,-2.624597484663132,2.8946692459058654,13.871790901743042
1769384937.8274398,1769384937827448920,Sr02_gA_IMG1_LID0_STA1_CFC64_OH0,0126_0047,A,0.5019880533218384,-0.4019419848918915,0.5,-0.5,-23.443396132090697,-2.604392245079635,2.837338560205305,13.807468328106033
1769384937.95221,1769384937952216154,Sr02_gA_IMG1_LID0_STA1_CFC64_OH0,0126_0047,A,0.4991956353187561,-0.478263258934021,0.5,-0.5,-23.49085518918639,-2.588662350020675,2.8057531232842177,13.763310589634106
1769384938.072517,1769384938072524143,Sr02_gA_IMG1_LID0_STA1_CFC64_OH0,0126_0047,A,0.4925576150417328,-0.35703352093696594,0.5,-0.5,-23.56100815215492,-2.5621603560401796,2.7550776547563327,13.695753457887553
1769384938.191917,1769384938191924398,Sr02_gA_IMG1_LID0_STA1_CFC64_OH0,0126_0047,A,0.5082787871360779,-0.40446487069129944,0.5,-0.5,-23.606996386454245,-2.5425426790386525,2.722335868210327,13.649878804910562
1769384938.3162785,1769384938316287322,Sr02_gA_IMG1_LID0_STA1_CFC64_OH0,0126_0047,A,0.5066837668418884,-0.41595420241355896,0.5,-0.5,-23.652358974800716,-2.521517605156367,2.692819790935297,13.603439104841444
1769384938.4327548,1769384938432763405,Sr02_gA_IMG1_LID0_STA1_CFC64_OH0,0126_0047,A,0.5055127739906311,-0.4087914526462555,0.5,-0.5,-23.71900588957569,-2.4872392479745384,2.6384528516075534,13.532787234522505
1769384938.5546331,1769384938554640371,Sr02_gA_IMG1_LID0_STA1_CFC64_OH0,0126_0047,A,0.5191261172294617,-0.5818254947662354,0.5,-0.5,-23.762313286126886,-2.4622566046285903,2.5982587205107226,13.484927091973478
1769384938.677448,1769384938677455097,Sr02_gA_IMG1_LID0_STA1_CFC64_OH0,0126_0047,A,0.5153723359107971,-0.588756799697876,0.5,-0.5,-23.825099745184332,-2.4214179868256394,2.5311400519701293,13.41219490735849
1769384938.803583,1769384938803590350,Sr02_gA_IMG1_LID0_STA1_CFC64_OH0,0126_0047,A,0.46985307335853577,-0.5229806303977966,0.5,-0.5,-23.865548861490744,-2.3920308640395933,2.4954367130188824,13.363102482850966
1769384938.9295876,1769384938929594726,Sr02_gA_IMG1_LID0_STA1_CFC64_OH0,0126_0047,A,0.49103182554244995,-0.47735896706581116,0.5,-0.5,-23.924055270667598,-2.3451473998291763,2.435778760972605,13.2889053044655
1769384939.0541956,1769384939054202720,Sr02_gA_IMG1_LID0_STA1_CFC64_OH0,0126_0047,A,0.49820563197135925,-0.5683253407478333,0.5,-0.5,-23.961424061793636,-2.3119327549209836,2.3941833996889597,13.239127656293821
1769384939.1801302,1769384939180137445,Sr02_gA_IMG1_LID0_STA1_CFC64_OH0,0126_0047,A,0.4961668848991394,-0.5608450770378113,0.5,-0.5,-23.997391881044493,-2.2772057125517553,2.3533043014203683,13.18920033179948
1769384939.3034089,1769384939303417525,Sr02_gA_IMG1_LID0_STA1_CFC64_OH0,0126_0047,A,0.49644097685813904,-0.27390778064727783,0.5,-0.5,-24.048357454234168,-2.2222830158847664,2.2818347034443116,13.11427393290253
1769384939.4227095,1769384939422716198,Sr02_gA_IMG1_LID0_STA1_CFC64_OH0,0126_0047,A,0.49986833333969116,-0.6033463478088379,0.5,-0.5,-24.08002799380833,-2.183598965867818,2.2318347532540623,13.064382553150896
1769384939.5447252,1769384939544732455,Sr02_gA_IMG1_LID0_STA1_CFC64_OH0,0126_0047,A,0.48922619223594666,-0.2033502608537674,0.5,-0.5,-24.123811081643474,-2.1227269354956553,2.156834827964554,12.990007028071508
1769384939.6687968,1769384939668804232,Sr02_gA_IMG1_LID0_STA1_CFC64_OH0,0126_0047,A,0.4879918098449707,-0.1807137429714203,0.5,-0.5,-24.150459748021717,-2.08042594822189,2.1090989700532785,12.940905946579072
1769384939.7947466,1769384939794754205,Sr02_gA_IMG1_LID0_STA1_CFC64_OH0,0126_0047,A,0.48888856172561646,-0.10988005995750427,0.5,0.0,-24.186501323496426,-2.014673440177299,2.034778287148377,12.868277714123304
1769384939.921847,1769384939921855101,Sr02_gA_IMG1_LID0_STA1_CFC64_OH0,0126_0047,A,0.4918611943721771,0.00876724161207676,0.5,0.0,-24.207750017896384,-1.9694189178736707,1.9847783369555672,12.820743034758886
1769384940.0475476,1769384940047556628,Sr02_gA_IMG1_LID0_STA1_CFC64_OH0,0126_0047,A,0.4909939467906952,-0.016133176162838936,0.5,0.0,-24.236018892876928,-1.9001959298348619,1.9370591982139456,12.750974968849194
1769384940.1685097,1769384940168518744,Sr02_gA_IMG1_LID0_STA1_CFC64_OH0,0126_0047,A,0.4926726818084717,-0.01075754500925541,0.5,0.0,-24.252892495354747,-1.8535752151944318,1.895411131387354,12.705507977332111
1769384940.2886088,1769384940288615706,Sr02_gA_IMG1_LID0_STA1_CFC64_OH0,0126_0047,A,0.4962718188762665,-0.01928791217505932,0.5,0.0,-24.27507914735546,-1.782409396039385,1.8566770895480549,12.638624796910042
1769384940.411005,1769384940411011485,Sr02_gA_IMG1_LID0_STA1_CFC64_OH0,0126_0047,A,0.4987007975578308,-0.017661692574620247,0.5,0.0,-24.288745072198438,-1.7343139270933892,1.838605743461105,12.594390015451786
1769384940.5315883,1769384940531629064,Sr02_gA_IMG1_LID0_STA1_CFC64_OH0,0126_0047,A,0.49942508339881897,-0.011775337159633636,0.5,0.0,-24.30792221237482,-1.6618232120689553,1.8211247896977256,12.528784460591185
1769384940.6542861,1769384940654293267,Sr02_gA_IMG1_LID0_STA1_CFC64_OH0,0126_0047,A,0.49968618154525757,-0.010952746495604515,0.5,0.0,-24.320249635983284,-1.613433098763699,1.8205113777600133,12.485378345772128
1769384940.7741582,1769384940774166829,Sr02_gA_IMG1_LID0_STA1_CFC64_OH0,0126_0047,A,0.4931924045085907,-0.021985670551657677,0.5,0.0,-24.332597709180988,-1.5649818399360795,1.8196450931418746,12.441962932136372
1769384940.8964367,1769384940896444326,Sr02_gA_IMG1_LID0_STA1_CFC64_OH0,0126_0047,A,0.4896843433380127,-0.01668664440512657,0.5,0.0,-24.351000126073405,-1.4922745570573386,1.8178701912479043,12.37699477136596
1769384941.021957,1769384941021965804,Sr02_gA_IMG1_LID0_STA1_CFC64_OH0,0126_0047,A,0.4898572266101837,-0.016093280166387558,0.5,0.0,-24.363185679194974,-1.443782173929249,1.8160267132446068,12.333788862836842
1769384941.145439,1769384941145448253,Sr02_gA_IMG1_LID0_STA1_CFC64_OH0,0126_0047,A,0.49257901310920715,-0.03665918484330177,0.5,0.0,-24.381296767760773,-1.371001788608467,1.8134200604854194,12.269164327390477
1769384941.2666008,1769384941266611417,Sr02_gA_IMG1_LID0_STA1_CFC64_OH0,0126_0047,A,0.502315878868103,-0.019460001960396767,0.5,0.0,-24.393280704972412,-1.3224591821372254,1.812242527441358,12.22619460653899
1769384941.3887515,1769384941388760111,Sr02_gA_IMG1_LID0_STA1_CFC64_OH0,0126_0047,A,0.5035305023193359,0.014297805726528168,0.5,0.0,-24.411151218792693,-1.2496193400055102,1.81035428951289,12.16189675133821
1769384941.5096781,1769384941509687301,Sr02_gA_IMG1_LID0_STA1_CFC64_OH0,0126_0047,A,0.5036852955818176,0.014888403937220573,0.5,0.0,-24.42296147584288,-1.2010341930551705,1.8081557267080701,12.119155098456039
1769384941.6343102,1769384941634318688,Sr02_gA_IMG1_LID0_STA1_CFC64_OH0,0126_0047,A,0.49243053793907166,-0.02495465986430645,0.5,0.0,-24.440501771150487,-1.1281141384130153,1.805605673216577,12.05524164196035
1769384941.752595,1769384941752601793,Sr02_gA_IMG1_LID0_STA1_CFC64_OH0,0126_0047,A,0.5023325085639954,-0.005302388686686754,0.5,0.0,-24.452095014503616,-1.0794767473462483,1.8037907003509313,12.012758273317415
1769384941.876048,1769384941876055978,Sr02_gA_IMG1_LID0_STA1_CFC64_OH0,0126_0047,A,0.4977504312992096,-0.013335306197404861,0.5,0.0,-24.463550417682228,-1.030806729669948,1.800124792243936,11.970408259285211
1769384942.001709,1769384942001716578,Sr02_gA_IMG1_LID0_STA1_CFC64_OH0,0126_0047,A,0.4980895519256592,-0.012457234784960747,0.5,0.0,-24.480459135825516,-0.9577376546500307,1.7966898089207493,11.907145774634607
1769384942.1241353,1769384942124145137,Sr02_gA_IMG1_LID0_STA1_CFC64_OH0,0126_0047,A,0.4930189847946167,-0.029202638193964958,0.5,0.0,-24.49167720286906,-0.9090123606334237,1.797781983798891,11.865076966222782
1769384942.2457066,1769384942245714062,Sr02_gA_IMG1_LID0_STA1_CFC64_OH0,0126_0047,A,0.5026903748512268,-0.0015815692022442818,0.5,0.0,-24.508633947175266,-0.8359617678537534,1.799636542060075,11.80202256904146
1769384942.3687305,1769384942368737979,Sr02_gA_IMG1_LID0_STA1_CFC64_OH0,0126_0047,A,0.492855042219162,-0.015487007796764374,0.5,0.0,-24.5199155813247,-0.7872511622753672,1.7971410900590483,11.760073543120477
1769384942.486558,1769384942486565658,Sr02_gA_IMG1_LID0_STA1_CFC64_OH0,0126_0047,A,0.4931190609931946,-0.014740567654371262,0.5,0.0,-24.53667821944233,-0.7141484088542139,1.7955954984308404,11.697358689215877
1769384942.6093473,1769384942609355746,Sr02_gA_IMG1_LID0_STA1_CFC64_OH0,0126_0047,A,0.49639275670051575,-0.026903145015239716,0.5,0.0,-24.547791245641935,-0.6653990502827833,1.7942619704686715,11.655664597336573
1769384942.7315567,1769384942731565154,Sr02_gA_IMG1_LID0_STA1_CFC64_OH0,0126_0047,A,0.4880049228668213,-0.03078618459403515,0.5,0.0,-24.55884098753573,-0.6166353079893772,1.7930074676559935,11.614072129195474
1769384942.8543558,1769384942854362696,Sr02_gA_IMG1_LID0_STA1_CFC64_OH0,0126_0047,A,0.4950842559337616,-0.015405945479869843,0.5,0.0,-24.57525289092749,-0.5434530591346302,1.7895731019327683,11.551901838921575
1769384942.973864,1769384942973871733,Sr02_gA_IMG1_LID0_STA1_CFC64_OH0,0126_0047,A,0.4951639473438263,-0.014843614771962166,0.5,0.0,-24.586100816167924,-0.4946440210786773,1.7894149393867465,11.510593804287927
1769384943.0945106,1769384943094517884,Sr02_gA_IMG1_LID0_STA1_CFC64_OH0,0126_0047,A,0.4937766194343567,-0.020641278475522995,0.5,0.0,-24.602300868459665,-0.42141455115258425,1.7873700109742114,11.44880352793867
1769384943.2202132,1769384943220219920,Sr02_gA_IMG1_LID0_STA1_CFC64_OH0,0126_0047,A,0.4914175868034363,-0.04835383966565132,0.5,0.0,-24.613008757837434,-0.37257460506294,1.7858884916593296,11.407751893870964
1769384943.3407967,1769384943340805508,Sr02_gA_IMG1_LID0_STA1_CFC64_OH0,0126_0047,A,0.49131038784980774,-0.04647117853164673,0.5,0.0,-24.62887720518109,-0.29927259902536996,1.7819358332006365,11.346423136097146
1769384943.4639556,1769384943463964959,Sr02_gA_IMG1_LID0_STA1_CFC64_OH0,0126_0047,A,0.48368746042251587,-0.025336364284157753,0.5,0.0,-24.639280643756017,-0.2503669125065133,1.778857220603812,11.305733126662252
1769384943.5850856,1769384943585093026,Sr02_gA_IMG1_LID0_STA1_CFC64_OH0,0126_0047,A,0.4938269257545471,-0.018307993188500404,0.5,0.0,-24.654667114031447,-0.17696219146477948,1.7762555859859905,11.244969991491828
1769384943.7057683,1769384943705783981,Sr02_gA_IMG1_LID0_STA1_CFC64_OH0,0126_0047,A,0.4937897324562073,-0.013970224186778069,0.5,0.0,-24.664831620228338,-0.12800627213248217,1.774771226927298,11.204613264571458
1769384943.830555,1769384943830562373,Sr02_gA_IMG1_LID0_STA1_CFC64_OH0,0126_0047,A,0.49395298957824707,-0.013469725847244263,0.5,0.0,-24.67491194752912,-0.07903295480215736,1.772765083434337,11.164385668587526
1769384943.9542322,1769384943954239065,Sr02_gA_IMG1_LID0_STA1_CFC64_OH0,0126_0047,A,0.4992774724960327,-0.03692267835140228,0.5,0.0,-24.68976092487576,-0.005517738778900777,1.7666393667287912,11.104359411081388
1769384944.0770924,1769384944077099174,Sr02_gA_IMG1_LID0_STA1_CFC64_OH0,0126_0047,A,0.49882784485816956,-0.002122884150594473,0.5,0.0,-24.699376608951887,0.04354888738224546,1.7619922560752876,11.064618538636639
1769384944.199849,1769384944199857171,Sr02_gA_IMG1_LID0_STA1_CFC64_OH0,0126_0047,A,0.5056161880493164,-0.010805623605847359,0.5,0.0,-24.713460078703775,0.11721467188744333,1.7577690958826226,11.005376419015956
1769384944.3244638,1769384944324471654,Sr02_gA_IMG1_LID0_STA1_CFC64_OH0,0126_0047,A,0.5056815147399902,-0.010234998539090157,0.5,0.0,-24.722706083645786,0.1663523393320654,1.755868010584112,10.966078793465975
1769384944.4472835,1769384944447290575,Sr02_gA_IMG1_LID0_STA1_CFC64_OH0,0126_0047,A,0.5040979385375977,-0.01652415655553341,0.5,0.0,-24.736430118863293,0.24008596861704404,1.753777481763041,10.907388605647611
1769384944.5710444,1769384944571052978,Sr02_gA_IMG1_LID0_STA1_CFC64_OH0,0126_0047,A,0.4986754059791565,-0.028379084542393684,0.5,0.0,-24.745495091651875,0.28925735840106553,1.7524305112747665,10.868427093796214
1769384944.691177,1769384944691185164,Sr02_gA_IMG1_LID0_STA1_CFC64_OH0,0126_0047,A,0.4972228705883026,-0.0028466721996665,0.5,0.0,-24.758878550496803,0.3630535047094616,1.7484051608739952,10.81029277042651
1769384944.815271,1769384944815281754,Sr02_gA_IMG1_LID0_STA1_CFC64_OH0,0126_0047,A,0.49734076857566833,-0.002212939318269491,0.5,0.0,-24.767707152648125,0.41226788733971426,1.7481928722314601,10.771712936726281
1769384944.9338615,1769384944933869470,Sr02_gA_IMG1_LID0_STA1_CFC64_OH0,0126_0047,A,0.5000560283660889,-0.008476056158542633,0.5,0.0,-24.776503939466473,0.46148796435331935,1.7471123182822468,10.733248032647952
1769384945.0544236,1769384945054430621,Sr02_gA_IMG1_LID0_STA1_CFC64_OH0,0126_0047,A,0.4950915277004242,-0.03843015804886818,0.5,0.0,-24.789601084261715,0.5353355300427067,1.7455542456104338,10.67579403118049
1769384945.1736164,1769384945173622480,Sr02_gA_IMG1_LID0_STA1_CFC64_OH0,0126_0047,A,0.4947948753833771,-0.0366826169192791,0.5,0.0,-24.79825946110759,0.58458014058183,1.7440276204244232,10.637660763565584
1769384945.2961671,1769384945296175922,Sr02_gA_IMG1_LID0_STA1_CFC64_OH0,0126_0047,A,0.4981960952281952,-0.012677578255534172,0.5,0.0,-24.811045996791105,0.6584820730947863,1.740007871949029,10.580779377645836
1769384945.420743,1769384945420751802,Sr02_gA_IMG1_LID0_STA1_CFC64_OH0,0126_0047,A,0.5042417049407959,0.04734756797552109,0.5,0.0,-24.819459240613376,0.7077691606022036,1.739723185657279,10.54305838350125
1769384945.5450015,1769384945545009795,Sr02_gA_IMG1_LID0_STA1_CFC64_OH0,0126_0047,A,0.48847123980522156,-0.024742962792515755,0.5,0.0,-24.83205453384818,0.7817039819899434,1.7393032679359375,10.486685965155083
1769384945.6651568,1769384945665164403,Sr02_gA_IMG1_LID0_STA1_CFC64_OH0,0126_0047,A,0.4886280298233032,-0.02410626783967018,0.5,0.0,-24.840419173648804,0.8309993401311108,1.7384556650407244,10.44925616397087
1769384945.7927613,1769384945792774641,Sr02_gA_IMG1_LID0_STA1_CFC64_OH0,0126_0047,A,0.5048648715019226,-0.053260158747434616,0.5,0.0,-24.848694762542966,0.8803097009261606,1.735211759499432,10.411992192897038
1769384945.9154403,1769384945915448129,Sr02_gA_IMG1_LID0_STA1_CFC64_OH0,0126_0047,A,0.5027101635932922,-0.0697539821267128,0.5,0.0,-24.86076440443683,0.9543320541190227,1.7296744238593418,10.356532064467224
1769384946.0402186,1769384946040225747,Sr02_gA_IMG1_LID0_STA1_CFC64_OH0,0126_0047,A,0.5010188817977905,0.11479129642248154,0.5,0.0,-24.868643632944213,1.003707322286574,1.728406649738677,10.319810777899113
1769384946.1604142,1769384946160421982,Sr02_gA_IMG1_LID0_STA1_CFC64_OH0,0126_0047,A,0.5015870928764343,0.118040531873703,0.5,0.0,-24.88053496529155,1.0777175178316392,1.7324407537112656,10.264914238950833
1769384946.2805655,1769384946280573924,Sr02_gA_IMG1_LID0_STA1_CFC64_OH0,0126_0047,A,0.4820798933506012,0.0713268369436264,0.5,0.0,-24.888520976844593,1.127075617180289,1.7299664743876841,10.228400782628217
1769384946.4009805,1769384946400988619,Sr02_gA_IMG1_LID0_STA1_CFC64_OH0,0126_0047,A,0.4968509376049042,0.020950714126229286,0.5,0.0,-24.900273603887655,1.2011490192838148,1.7263378057604988,10.174003653091452
1769384946.5259635,1769384946525971543,Sr02_gA_IMG1_LID0_STA1_CFC64_OH0,0126_0047,A,0.4897114634513855,-0.01399887353181839,0.5,0.0,-24.907887778540886,1.250565798986939,1.7210118209054246,10.138040266914759
1769384946.6517367,1769384946651744420,Sr02_gA_IMG1_LID0_STA1_CFC64_OH0,0126_0047,A,0.4897599518299103,-0.013278473168611526,0.5,0.0,-24.918756645732852,1.3247415827055915,1.7121137780385096,10.084731288215748
1769384946.7781107,1769384946778117184,Sr02_gA_IMG1_LID0_STA1_CFC64_OH0,0126_0047,A,0.5065262913703918,-0.13442128896713257,0.5,0.0,-24.925972608582324,1.3740554560496618,1.7215370160966326,10.049451141041523
1769384946.9029052,1769384946902912646,Sr02_gA_IMG1_LID0_STA1_CFC64_OH0,0126_0047,A,0.5117405652999878,0.012878574430942535,0.5,0.0,-24.937886743622858,1.4481021041827782,1.7391780798204215,9.995840212544838
1769384947.0212505,1769384947021259448,Sr02_gA_IMG1_LID0_STA1_CFC64_OH0,0126_0047,A,0.49439823627471924,-0.11520656943321228,0.5,0.0,-24.946442526351184,1.4973527627091523,1.7463673547348855,9.959825035510354
1769384947.1427183,1769384947142726779,Sr02_gA_IMG1_LID0_STA1_CFC64_OH0,0126_0047,A,0.49455955624580383,-0.11418678611516953,0.5,0.0,-24.955230607033112,1.5465627269518198,1.74856940171975,9.923766759623405
1769384947.2643697,1769384947264379148,Sr02_gA_IMG1_LID0_STA1_CFC64_OH0,0126_0047,A,0.49102023243904114,-0.09813917428255081,0.5,0.0,-24.96848562476442,1.620382117674031,1.7475180867829068,9.869845223778318
1769384947.3851779,1769384947385186019,Sr02_gA_IMG1_LID0_STA1_CFC64_OH0,0126_0047,A,0.5092688202857971,-0.0008089072071015835,0.5,0.0,-24.977242772669655,1.6696092613558065,1.746183037094766,9.834107610024141
1769384947.5106652,1769384947510672769,Sr02_gA_IMG1_LID0_STA1_CFC64_OH0,0126_0047,A,0.5089955925941467,0.0041099609807133675,0.5,0.0,-24.989841437392116,1.7434502361903228,1.7302805891176614,9.781174718266863
1769384947.6343553,1769384947634362413,Sr02_gA_IMG1_LID0_STA1_CFC64_OH0,0126_0047,A,0.4858366549015045,0.27291759848594666,0.5,0.5,-24.99769046029379,1.7927225138440046,1.7290466091726675,9.746471602822378
1769384947.756184,1769384947756191674,Sr02_gA_IMG1_LID0_STA1_CFC64_OH0,0126_0047,A,0.4989612102508545,0.04797633737325668,0.5,0.0,-25.009217299923336,1.8667300752728624,1.7176673393149475,9.69481225334166
1769384947.880122,1769384947880128904,Sr02_gA_IMG1_LID0_STA1_CFC64_OH0,0126_0047,A,0.49475833773612976,0.1489262729883194,0.5,0.0,-25.016251928093787,1.9162324643149287,1.706248679319761,9.660985633282174
1769384948.002195,1769384948002203015,Sr02_gA_IMG1_LID0_STA1_CFC64_OH0,0126_0047,A,0.495172381401062,0.14927542209625244,0.5,0.0,-25.02582094572193,1.9906188284855348,1.6913673391190305,9.61125032552021
1769384948.1243691,1769384948124379147,Sr02_gA_IMG1_LID0_STA1_CFC64_OH0,0126_0047,A,0.49311983585357666,0.10725867003202438,0.5,0.0,-25.031787298044314,2.040217704920304,1.6903913868006477,9.578614921846611
1769384948.2425752,1769384948242582468,Sr02_gA_IMG1_LID0_STA1_CFC64_OH0,0126_0047,A,0.49223124980926514,0.09436473250389099,0.5,0.0,-25.04075906681149,2.1146472040375355,1.6920200237174623,9.529907532178616
1769384948.364926,1769384948364934521,Sr02_gA_IMG1_LID0_STA1_CFC64_OH0,0126_0047,A,0.49497151374816895,-0.03623344376683235,0.5,0.0,-25.04714309275757,2.163742181929342,1.7115967900766127,9.497576676867048
1769384948.489199,1769384948489207620,Sr02_gA_IMG1_LID0_STA1_CFC64_OH0,0126_0047,A,0.494854599237442,-0.03560960292816162,0.5,0.0,-25.05455275684019,2.2129312889461836,1.7247731889416988,9.464483098469696
1769384948.6176486,1769384948617657934,Sr02_gA_IMG1_LID0_STA1_CFC64_OH0,0126_0047,A,0.5079688429832458,0.024408625438809395,0.5,0.0,-25.066509041335756,2.286908185447253,1.7408786681068036,9.414304578194155
1769384948.7417417,1769384948741748892,Sr02_gA_IMG1_LID0_STA1_CFC64_OH0,0126_0047,A,0.4966331720352173,0.04844318702816963,0.5,0.0,-25.075339697908422,2.3361217278533015,1.7558061856316622,9.38036624958926
1769384948.8702998,1769384948870309012,Sr02_gA_IMG1_LID0_STA1_CFC64_OH0,0126_0047,A,0.49674174189567566,0.06519917398691177,0.5,0.0,-25.089811106296718,2.4097073763207226,1.772911882717596,9.328816714606042
1769384948.9915946,1769384948991600954,Sr02_gA_IMG1_LID0_STA1_CFC64_OH0,0126_0047,A,0.49685367941856384,0.06729058921337128,0.5,0.0,-25.100079177765444,2.458641493626313,1.782348341298719,9.29416597569729
1769384949.1126122,1769384949112619371,Sr02_gA_IMG1_LID0_STA1_CFC64_OH0,0126_0047,A,0.4985979199409485,-0.008039232343435287,0.5,0.0,-25.115823151385918,2.5318769109399035,1.7801874371021564,9.24224898623558
1769384949.23826,1769384949238267252,Sr02_gA_IMG1_LID0_STA1_CFC64_OH0,0126_0047,A,0.4948732256889343,0.011028967797756195,0.5,0.0,-25.126129266894953,2.5808031924651003,1.7766264825006923,9.207922330641072
1769384949.3599637,1769384949359972439,Sr02_gA_IMG1_LID0_STA1_CFC64_OH0,0126_0047,A,0.4928090274333954,-0.1472632735967636,0.5,0.0,-25.141461228583935,2.654207955598263,1.778753937207805,9.156804120827708
1769384949.4801853,1769384949480194221,Sr02_gA_IMG1_LID0_STA1_CFC64_OH0,0126_0047,A,0.4928969442844391,-0.14556479454040527,0.5,0.0,-25.15190278302185,2.7031054886040953,1.7835982465617524,9.12273934362807
1769384949.6063766,1769384949606385512,Sr02_gA_IMG1_LID0_STA1_CFC64_OH0,0126_0047,A,0.4994555711746216,-0.020771894603967667,0.5,0.0,-25.168089145946738,2.7763376970852707,1.7932314472100617,9.071524990698734
1769384949.7312376,1769384949731246766,Sr02_gA_IMG1_LID0_STA1_CFC64_OH0,0126_0047,A,0.49612492322921753,-0.039481520652770996,0.5,0.0,-25.179283413060467,2.825068371528806,1.7999604946799297,9.037263691806022
1769384949.857847,1769384949857854279,Sr02_gA_IMG1_LID0_STA1_CFC64_OH0,0126_0047,A,0.5050525665283203,-0.05379694700241089,0.5,0.0,-25.1964436581443,2.898045143974306,1.8018340758192315,8.985887908127157
1769384949.9782689,1769384949978275655,Sr02_gA_IMG1_LID0_STA1_CFC64_OH0,0126_0047,A,0.5049574375152588,-0.05232001841068268,0.5,0.0,-25.207919885896857,2.9467102816619644,1.8029369696641508,8.951784116925076
1769384950.098196,1769384950098207772,Sr02_gA_IMG1_LID0_STA1_CFC64_OH0,0126_0047,A,0.49552175402641296,-0.007851945236325264,0.5,0.0,-25.224647570346793,3.019655018986017,1.785890216397431,8.90136049820626
1769384950.223619,1769384950223626652,Sr02_gA_IMG1_LID0_STA1_CFC64_OH0,0126_0047,A,0.49159374833106995,-0.014779765158891678,0.5,0.0,-25.234962379633483,3.068567422639626,1.7717523596084608,8.86853111146503
1769384950.3469412,1769384950346949085,Sr02_gA_IMG1_LID0_STA1_CFC64_OH0,0126_0047,A,0.49961426854133606,0.005559475161135197,0.5,0.0,-25.24484374920628,3.1175209594266486,1.7688638207162488,8.836222664824817
1769384950.471597,1769384950471605985,Sr02_gA_IMG1_LID0_STA1_CFC64_OH0,0126_0047,A,0.49975427985191345,0.007448920514434576,0.5,0.0,-25.259421213656367,3.1910905312294497,1.7635029044834556,8.788218330533235
1769384950.5983033,1769384950598314357,Sr02_gA_IMG1_LID0_STA1_CFC64_OH0,0126_0047,A,0.4878905713558197,0.004788391757756472,0.5,0.0,-25.268871646029066,3.2401892386324227,1.7582663835655652,8.75663762874801
1769384950.7183683,1769384950718377179,Sr02_gA_IMG1_LID0_STA1_CFC64_OH0,0126_0047,A,0.4876602292060852,-0.05537319928407669,0.5,0.0,-25.28255831669573,3.3139183138486348,1.7507947837634208,8.70998502051763
1769384950.841576,1769384950841584166,Sr02_gA_IMG1_LID0_STA1_CFC64_OH0,0126_0047,A,0.5045505166053772,-0.10898173600435257,0.5,0.0,-25.291490404672818,3.3631140182126216,1.7500095780883982,8.679254687335183
1769384950.9609406,1769384950960947875,Sr02_gA_IMG1_LID0_STA1_CFC64_OH0,0126_0047,A,0.504124104976654,-0.10629865527153015,0.5,0.0,-25.304787295210218,3.4369258721739664,1.7479311784135458,8.6335788264993
1769384951.0820544,1769384951082062903,Sr02_gA_IMG1_LID0_STA1_CFC64_OH0,0126_0047,A,0.49542683362960815,-0.03528646379709244,0.5,0.0,-25.313601964352493,3.4861427517669794,1.7482837173863814,8.60339725647282
1769384951.209372,1769384951209381179,Sr02_gA_IMG1_LID0_STA1_CFC64_OH0,0126_0047,A,0.49306878447532654,0.006070919334888458,0.5,0.0,-25.326883563592034,3.559957369778244,1.7493555539924446,8.558424449193451
1769384951.329894,1769384951329901490,Sr02_gA_IMG1_LID0_STA1_CFC64_OH0,0126_0047,A,0.4931214153766632,0.007120879366993904,0.5,0.0,-25.335775937986156,3.6091602692135067,1.749834392951858,8.52864618182565
1769384951.4549446,1769384951454952038,Sr02_gA_IMG1_LID0_STA1_CFC64_OH0,0126_0047,A,0.4983004331588745,0.01023908518254757,0.5,0.0,-25.344603379638976,3.6583632294096144,1.7457245813076627,8.499116115279142
1769384951.574682,1769384951574689650,Sr02_gA_IMG1_LID0_STA1_CFC64_OH0,0126_0047,A,0.4895622730255127,-0.0042645372450351715,0.5,0.0,-25.35713484434911,3.732296503559502,1.730625561791768,8.455766955576884
1769384951.6998577,1769384951699865393,Sr02_gA_IMG1_LID0_STA1_CFC64_OH0,0126_0047,A,0.4958292245864868,-0.06901920586824417,0.5,0.0,-25.36482855895228,3.781700783340012,1.7199688808340918,8.427662856192153
1769384951.8218236,1769384951821830467,Sr02_gA_IMG1_LID0_STA1_CFC64_OH0,0126_0047,A,0.4946107864379883,-0.06641162931919098,0.5,0.0,-25.375575151824997,3.855895988188125,1.711877671897182,8.386572728963458
1769384951.9451628,1769384951945170573,Sr02_gA_IMG1_LID0_STA1_CFC64_OH0,0126_0047,A,0.5084238052368164,-0.009138775989413261,0.5,0.0,-25.382620866818982,3.905397073851757,1.7124847522884958,8.359533036147642
1769384952.0649772,1769384952064986310,Sr02_gA_IMG1_LID0_STA1_CFC64_OH0,0126_0047,A,0.49067044258117676,-0.002670781686902046,0.5,0.0,-25.393250174040084,3.979640030336017,1.713531882476784,8.319320242909875
1769384952.186814,1769384952186821019,Sr02_gA_IMG1_LID0_STA1_CFC64_OH0,0126_0047,A,0.49518680572509766,-0.024588970467448235,0.5,0.0,-25.400388078599235,4.029127905448079,1.7145557869342902,8.292735898715698
1769384952.3097165,1769384952309726468,Sr02_gA_IMG1_LID0_STA1_CFC64_OH0,0126_0047,A,0.4952825605869293,-0.02338080294430256,0.5,0.0,-25.411106645785534,4.103346511739637,1.713541352044666,8.253261268487938
1769384952.4353008,1769384952435307512,Sr02_gA_IMG1_LID0_STA1_CFC64_OH0,0126_0047,A,0.4981764853000641,0.00478710699826479,0.5,0.0,-25.41804906705166,4.152853075924272,1.7066713261585262,8.227395688497882
1769384952.5562918,1769384952556298847,Sr02_gA_IMG1_LID0_STA1_CFC64_OH0,0126_0047,A,0.4929724335670471,0.0304245762526989,0.5,0.0,-25.427843619425666,4.227199244931875,1.6981981866368927,8.18955485119325
1769384952.6813555,1769384952681381054,Sr02_gA_IMG1_LID0_STA1_CFC64_OH0,0126_0047,A,0.4887404441833496,0.04600438103079796,0.5,0.0,-25.434173830887513,4.276796905474091,1.6972843088266258,8.164784723641148
1769384952.8018382,1769384952801846802,Sr02_gA_IMG1_LID0_STA1_CFC64_OH0,0126_0047,A,0.48867538571357727,0.046743884682655334,0.5,0.0,-25.44047475494392,4.326398296828316,1.6970172261454535,8.140272107981808
1769384952.9256294,1769384952925637734,Sr02_gA_IMG1_LID0_STA1_CFC64_OH0,0126_0047,A,0.5026894807815552,0.0928369089961052,0.5,0.0,-25.44983554818636,4.400811804695099,1.6942177104853544,8.104022698676957
1769384953.047523,1769384953047530671,Sr02_gA_IMG1_LID0_STA1_CFC64_OH0,0126_0047,A,0.4971790313720703,0.058746587485075,0.5,0.0,-25.455932948887245,4.450438614471831,1.6918796337576452,8.080279850114595
1769384953.1683023,1769384953168308826,Sr02_gA_IMG1_LID0_STA1_CFC64_OH0,0126_0047,A,0.49157315492630005,0.026324791833758354,0.5,0.0,-25.46497960475158,4.5248909961006705,1.6920343198013765,8.04520556907673
1769384953.289844,1769384953289851936,Sr02_gA_IMG1_LID0_STA1_CFC64_OH0,0126_0047,A,0.49183395504951477,0.02753182128071785,0.5,0.0,-25.47110215735953,4.574514701164975,1.6950767528326856,8.02204527113598
1769384953.4116867,1769384953411694679,Sr02_gA_IMG1_LID0_STA1_CFC64_OH0,0126_0047,A,0.4857223927974701,0.00601656548678875,0.5,0.0,-25.48061581197243,4.6489087184176645,1.701368985134015,7.987469836568006
1769384953.537398,1769384953537406859,Sr02_gA_IMG1_LID0_STA1_CFC64_OH0,0126_0047,A,0.5012197494506836,0.05685228481888771,0.5,0.0,-25.487241749760205,4.698467694179346,1.7060433659130871,7.9644738848217385
1769384953.661574,1769384953661581010,Sr02_gA_IMG1_LID0_STA1_CFC64_OH0,0126_0047,A,0.5036752820014954,0.06135958060622215,0.5,0.0,-25.497799998920478,4.772708970687573,1.7189485646289095,7.929892708441083
1769384953.7871532,1769384953787159989,Sr02_gA_IMG1_LID0_STA1_CFC64_OH0,0126_0047,A,0.4921862483024597,-0.004194462671875954,0.5,0.0,-25.505325757360794,4.822139279716853,1.724823239854847,7.906709324815514
1769384953.9098196,1769384953909826910,Sr02_gA_IMG1_LID0_STA1_CFC64_OH0,0126_0047,A,0.5025671124458313,0.24940969049930573,0.5,0.5,-25.516978566522244,4.896228442096257,1.7287961166781745,7.872073677186471
1769384954.0375786,1769384954037586805,Sr02_gA_IMG1_LID0_STA1_CFC64_OH0,0126_0047,A,0.4968394935131073,0.09599553793668747,0.5,0.0,-25.524911565695422,4.945595089316746,1.7311190050068588,7.849148131870724
1769384954.162192,1769384954162201482,Sr02_gA_IMG1_LID0_STA1_CFC64_OH0,0126_0047,A,0.49698591232299805,0.09799252450466156,0.5,0.0,-25.536925580867592,5.019615333072277,1.7334123908269714,7.8151332574075925
1769384954.2873118,1769384954287319566,Sr02_gA_IMG1_LID0_STA1_CFC64_OH0,0126_0047,A,0.5072240829467773,0.07308771461248398,0.5,0.0,-25.5449520269788,5.067701420948171,1.7390107644184276,7.793131292039831
1769384954.4100409,1769384954410048983,Sr02_gA_IMG1_LID0_STA1_CFC64_OH0,0126_0047,A,0.5071409344673157,0.06095677614212036,0.5,0.0,-25.552241925366943,5.109875904368091,1.7456218241355788,7.773795215068419
1769384954.533627,1769384954533634118,Sr02_gA_IMG1_LID0_STA1_CFC64_OH0,0126_0047,A,0.49883580207824707,0.03622321039438248,0.5,0.0,-25.553044830352864,5.114405718784346,1.748813159400615,7.77171048696352
1769384954.6615531,1769384954661560475,Sr02_gA_IMG1_LID0_STA1_CFC64_OH0,0126_0047,A,0.4989248216152191,0.03652285039424896,0.5,0.0,-25.553078857279242,5.114574935242982,1.7512286660988141,7.771628791745982
1769384954.7846644,1769384954784671850,Sr02_gA_IMG1_LID0_STA1_CFC64_OH0,0126_0047,A,0.5030324459075928,0.04740779101848602,0.5,0.0,-25.558985438958743,5.146638232949584,1.7540205617299665,7.756721044782004
1769384954.9031887,1769384954903196311,Sr02_gA_IMG1_LID0_STA1_CFC64_OH0,0126_0047,A,0.5033436417579651,0.164136603474617,0.5,0.0,-25.566855961775726,5.188910173961902,1.7560908554367167,7.737152915012156
1769384955.0248039,1769384955024811176,Sr02_gA_IMG1_LID0_STA1_CFC64_OH0,0126_0047,A,0.5045982599258423,0.059046223759651184,0.5,0.0,-25.581079174475665,5.2624393651529005,1.7671752706915578,7.703056256946125
1769384955.1476216,1769384955147632886,Sr02_gA_IMG1_LID0_STA1_CFC64_OH0,0126_0047,A,0.5048009753227234,0.06033859774470329,0.5,0.0,-25.59098453365057,5.311448301073576,1.773270939055351,7.680241871131097
1769384955.2729533,1769384955272961905,Sr02_gA_IMG1_LID0_STA1_CFC64_OH0,0126_0047,A,0.5065506100654602,0.19121229648590088,0.5,0.0,-25.60628365729189,5.384871199501651,1.7789517659067393,7.646103265339501
1769384955.394575,1769384955394582440,Sr02_gA_IMG1_LID0_STA1_CFC64_OH0,0126_0047,A,0.48176005482673645,-0.01134975254535675,0.5,0.0,-25.616705744985072,5.433772906952657,1.7826040447432638,7.623465733355164
1769384955.5195773,1769384955519585486,Sr02_gA_IMG1_LID0_STA1_CFC64_OH0,0126_0047,A,0.502936065196991,0.015894180163741112,0.5,0.0,-25.63270909997589,5.50701285725946,1.7903671505365835,7.589669216449959
1769384955.6409597,1769384955640967654,Sr02_gA_IMG1_LID0_STA1_CFC64_OH0,0126_0047,A,0.5034270882606506,0.01744421012699604,0.5,0.0,-25.643970060277358,5.555671569578904,1.8063915128175103,7.566932473948389
1769384955.7657626,1769384955765776015,Sr02_gA_IMG1_LID0_STA1_CFC64_OH0,0126_0047,A,0.5141649842262268,0.08569471538066864,0.5,0.0,-25.661925861875797,5.628437173661457,1.8173192271870964,7.53233554054248
1769384955.889117,1769384955889124615,Sr02_gA_IMG1_LID0_STA1_CFC64_OH0,0126_0047,A,0.49828919768333435,0.16675665974617004,0.5,0.0,-25.67427374552124,5.6768884054956805,1.8233530761038117,7.509243665121793
1769384956.013601,1769384956013609949,Sr02_gA_IMG1_LID0_STA1_CFC64_OH0,0126_0047,A,0.50100177526474,0.04395923390984535,0.5,0.0,-25.68710439078139,5.725094886449834,1.8401176593464001,7.485997364670649
1769384956.1387537,1769384956138760372,Sr02_gA_IMG1_LID0_STA1_CFC64_OH0,0126_0047,A,0.5012485980987549,0.047213248908519745,0.5,0.0,-25.7075848032751,5.7970287162957055,1.8496632414021987,7.450490925478191
1769384956.2586217,1769384956258629407,Sr02_gA_IMG1_LID0_STA1_CFC64_OH0,0126_0047,A,0.49969595670700073,0.03135288506746292,0.5,0.0,-25.721373883370482,5.845089724109176,1.8509801971004303,7.426989919896872
1769384956.383967,1769384956383974946,Sr02_gA_IMG1_LID0_STA1_CFC64_OH0,0126_0047,A,0.5049684643745422,0.050294674932956696,0.5,0.0,-25.74220700238975,5.917138160846598,1.853581322879185,7.392094345807753
1769384956.5076363,1769384956507644769,Sr02_gA_IMG1_LID0_STA1_CFC64_OH0,0126_0047,A,0.5017752647399902,0.1313057392835617,0.5,0.0,-25.75633979052227,5.965070278878678,1.8617802399660823,7.368942453352177
1769384956.6314466,1769384956631455777,Sr02_gA_IMG1_LID0_STA1_CFC64_OH0,0126_0047,A,0.501410961151123,0.1384907215833664,0.5,0.0,-25.77854910396027,6.0366660008654005,1.883671818032534,7.333777733464477
1769384956.7544918,1769384956754498592,Sr02_gA_IMG1_LID0_STA1_CFC64_OH0,0126_0047,A,0.5039718747138977,-0.0161429475992918,0.5,0.0,-25.794135384246125,6.084105009852403,1.8908200829318151,7.309951060711727
1769384956.8708644,1769384956870872394,Sr02_gA_IMG1_LID0_STA1_CFC64_OH0,0126_0047,A,0.5186086893081665,0.08489901572465897,0.5,0.0,-25.817978845797953,6.155213837401714,1.897710921488724,7.274258189155015
1769384956.9962761,1769384956996283226,Sr02_gA_IMG1_LID0_STA1_CFC64_OH0,0126_0047,A,0.49335628747940063,0.259929895401001,0.5,0.5,-25.834109177665848,6.202540468682686,1.9008462082464157,7.250577471569709
1769384957.121082,1769384957121089341,Sr02_gA_IMG1_LID0_STA1_CFC64_OH0,0126_0047,A,0.4931250810623169,0.2638840675354004,0.5,0.5,-25.85864057495451,6.273381152158861,1.9087983929837038,7.215251045958539
1769384957.241305,1769384957241311960,Sr02_gA_IMG1_LID0_STA1_CFC64_OH0,0126_0047,A,0.4808560609817505,0.3243269622325897,0.5,0.5,-25.8755298392082,6.320441739784475,1.9219282969962435,7.191532907838486
1769384957.3650715,1769384957365081219,Sr02_gA_IMG1_LID0_STA1_CFC64_OH0,0126_0047,A,0.5051704049110413,0.33498647809028625,0.5,0.5,-25.893049234248362,6.3672715447356465,1.9357054912998521,7.167493450220098
1769384957.4895115,1769384957489518572,Sr02_gA_IMG1_LID0_STA1_CFC64_OH0,0126_0047,A,0.505103588104248,0.33870381116867065,0.5,0.5,-25.920182243389952,6.43704732078337,1.942702823459441,7.1311544342889635
1769384957.6132522,1769384957613259878,Sr02_gA_IMG1_LID0_STA1_CFC64_OH0,0126_0047,A,0.48278191685676575,0.41118335723876953,0.5,0.5,-25.938511166128162,6.483513129203183,1.9507261646730047,7.107031373201001
1769384957.7355433,1769384957735550791,Sr02_gA_IMG1_LID0_STA1_CFC64_OH0,0126_0047,A,0.48261693120002747,0.43315592408180237,0.5,0.5,-25.967039451899794,6.5526165042671085,1.9795857436347861,7.070395003877042
1769384957.8614392,1769384957861446162,Sr02_gA_IMG1_LID0_STA1_CFC64_OH0,0126_0047,A,0.48596450686454773,0.3699950873851776,0.5,0.5,-25.987515685856287,6.598229863628818,2.0059345625271905,7.0449069781410385
1769384957.9842966,1769384957984304370,Sr02_gA_IMG1_LID0_STA1_CFC64_OH0,0126_0047,A,0.4851990342140198,0.3786579668521881,0.5,0.5,-26.02070621607965,6.665451844842543,2.0537982422872036,7.0048270011979
1769384958.109982,1769384958109990177,Sr02_gA_IMG1_LID0_STA1_CFC64_OH0,0126_0047,A,0.5087935328483582,0.40393584966659546,0.5,0.5,-26.044665453587328,6.7093348803444295,2.087296834198416,6.976690904596302
1769384958.2317843,1769384958231792402,Sr02_gA_IMG1_LID0_STA1_CFC64_OH0,0126_0047,A,0.4890744388103485,0.3415917158126831,0.5,0.5,-26.083337413518738,6.773586507783972,2.1379908038457986,6.932361007215573
1769384958.3574398,1769384958357446950,Sr02_gA_IMG1_LID0_STA1_CFC64_OH0,0126_0047,A,0.49167802929878235,0.5597198605537415,0.5,0.5,-26.11099875382846,6.81519134232308,2.1779948095253108,6.901327176004662
1769384958.4766397,1769384958476648741,Sr02_gA_IMG1_LID0_STA1_CFC64_OH0,0126_0047,A,0.4942830801010132,0.5555168390274048,0.5,0.5,-26.155747583170463,6.875362537187007,2.242116795158815,6.852108791349802
1769384958.5996325,1769384958599642724,Sr02_gA_IMG1_LID0_STA1_CFC64_OH0,0126_0047,A,0.5013083219528198,0.34799429774284363,0.5,0.5,-26.187565691537188,6.913928356528481,2.2791162763325583,6.817679807360029
1769384958.7216516,1769384958721657908,Sr02_gA_IMG1_LID0_STA1_CFC64_OH0,0126_0047,A,0.4980321526527405,0.29185789823532104,0.5,0.5,-26.237943680973704,6.969475880968847,2.3364999510269784,6.763890601349689
1769384958.8434901,1769384958843497483,Sr02_gA_IMG1_LID0_STA1_CFC64_OH0,0126_0047,A,0.49700063467025757,0.2945111393928528,0.5,0.5,-26.273314364502227,7.00481105413509,2.3768934832491753,6.726566002860437
1769384958.966781,1769384958966790146,Sr02_gA_IMG1_LID0_STA1_CFC64_OH0,0126_0047,A,0.4966898262500763,0.28757578134536743,0.5,0.5,-26.30999815668019,7.038782415969918,2.411676090473457,6.688162947554654
1769384959.0906005,1769384959090608115,Sr02_gA_IMG1_LID0_STA1_CFC64_OH0,0126_0047,A,0.4982796013355255,0.25695616006851196,0.5,0.5,-26.36720530127756,7.086966987248774,2.47691752096846,6.628786966061088
1769384959.2289624,1769384959228969354,Sr02_gA_IMG1_LID0_STA1_CFC64_OH0,0126_0047,A,0.49430564045906067,0.30425187945365906,0.5,0.5,-26.40731560504411,7.116810618635459,2.5269174710615223,6.5874942433516805
1769384959.3537223,1769384959353729793,Sr02_gA_IMG1_LID0_STA1_CFC64_OH0,0126_0047,A,0.5000304579734802,0.5313997864723206,0.5,0.5,-26.46977735318997,7.15815986516355,2.5833654220800972,6.523598917044885
1769384959.4781036,1769384959478111631,Sr02_gA_IMG1_LID0_STA1_CFC64_OH0,0126_0047,A,0.49778828024864197,0.5249196290969849,0.5,0.5,-26.534260700070885,7.196442697580675,2.6278479693236054,6.458001544137138
1769384959.5987148,1769384959598728569,Sr02_gA_IMG1_LID0_STA1_CFC64_OH0,0126_0047,A,0.4896727204322815,-0.043662179261446,0.5,0.0,-26.578161648661936,7.220370211120254,2.657229685452092,6.413509815637227
1769384959.7209628,1769384959720970539,Sr02_gA_IMG1_LID0_STA1_CFC64_OH0,0126_0047,A,0.49133649468421936,-0.004353601951152086,0.5,0.0,-26.645264097545414,7.25385763332592,2.6994474195451144,6.345719069361567
1769384959.8440304,1769384959844039551,Sr02_gA_IMG1_LID0_STA1_CFC64_OH0,0126_0047,A,0.49699994921684265,0.1843152791261673,0.5,0.0,-26.690725763680593,7.274668664486056,2.725142994094844,6.299912305895946
1769384959.9676678,1769384959967675889,Sr02_gA_IMG1_LID0_STA1_CFC64_OH0,0126_0047,A,0.4978519678115845,0.18016961216926575,0.5,0.0,-26.736738373373413,7.294195959457328,2.755441322656754,6.253634508041467
1769384960.0911207,1769384960091127320,Sr02_gA_IMG1_LID0_STA1_CFC64_OH0,0126_0047,A,0.49168720841407776,0.04130658507347107,0.5,0.0,-26.806678298836996,7.3204255998211805,2.8168000980297045,6.183429347907727
1769384960.2142284,1769384960214235425,Sr02_gA_IMG1_LID0_STA1_CFC64_OH0,0126_0047,A,0.5059857964515686,0.11944371461868286,0.5,0.0,-26.854443207320593,7.3351901627899725,2.86680004777971,6.135561879016812
1769384960.339057,1769384960339064232,Sr02_gA_IMG1_LID0_STA1_CFC64_OH0,0126_0047,A,0.5071753263473511,0.13293930888175964,0.5,0.0,-26.926073947981138,7.353351937466459,2.9084739430329574,6.063852025145925
1769384960.46303,1769384960463036861,Sr02_gA_IMG1_LID0_STA1_CFC64_OH0,0126_0047,A,0.5070315599441528,0.13289082050323486,0.5,0.0,-26.974489223134068,7.364818626341064,2.908914134057723,6.015414056412894
1769384960.5838747,1769384960583883380,Sr02_gA_IMG1_LID0_STA1_CFC64_OH0,0126_0047,A,0.4921933114528656,0.22463326156139374,0.5,0.5,-27.047396094621845,7.381377955217415,2.931236212193225,5.942512793574622
1769384960.7044935,1769384960704501430,Sr02_gA_IMG1_LID0_STA1_CFC64_OH0,0126_0047,A,0.47961103916168213,0.278737336397171,0.5,0.5,-27.09638532310049,7.391377332054687,2.9492531448247634,5.893549560072028
1769384960.8257864,1769384960825796040,Sr02_gA_IMG1_LID0_STA1_CFC64_OH0,0126_0047,A,0.4989401400089264,0.1223202645778656,0.5,0.0,-27.17001263320541,7.405157702927441,2.9603114870740668,5.81998701796696
1769384960.9468017,1769384960946808189,Sr02_gA_IMG1_LID0_STA1_CFC64_OH0,0126_0047,A,0.4978789985179901,0.12125089019536972,0.5,0.0,-27.219209908373607,7.4138988511749035,2.9716763485196567,5.770848800242206
1769384961.0711386,1769384961071145523,Sr02_gA_IMG1_LID0_STA1_CFC64_OH0,0126_0047,A,0.4798641800880432,0.10396583378314972,0.5,0.0,-27.268544598879057,7.4220260383387355,2.984970247337081,5.721582044095554
1769384961.1992905,1769384961199298492,Sr02_gA_IMG1_LID0_STA1_CFC64_OH0,0126_0047,A,0.49529415369033813,0.020709320902824402,0.5,0.0,-27.342738283455507,7.432985516523922,3.0049057773785828,5.647500798579949
1769384961.3235826,1769384961323589809,Sr02_gA_IMG1_LID0_STA1_CFC64_OH0,0126_0047,A,0.4944908320903778,0.02074364386498928,0.5,0.0,-27.392266232702752,7.43935097543869,3.0245001647036283,5.598049837973461
1769384961.4493241,1769384961449334905,Sr02_gA_IMG1_LID0_STA1_CFC64_OH0,0126_0047,A,0.4977695643901825,0.06863357871770859,0.5,0.0,-27.466887183625477,7.446641771312144,3.0649855011599807,5.523529408725023
1769384961.5664363,1769384961566444767,Sr02_gA_IMG1_LID0_STA1_CFC64_OH0,0126_0047,A,0.49085548520088196,0.0831075981259346,0.5,0.0,-27.516654464167964,7.450046936017752,3.079739531363307,5.47381487759788
1769384961.6926363,1769384961692643445,Sr02_gA_IMG1_LID0_STA1_CFC64_OH0,0126_0047,A,0.5036959648132324,0.06079444661736488,0.5,0.0,-27.591549103582185,7.4540015589257145,3.0976135287922415,5.398987411480723
1769384961.8159888,1769384961815997352,Sr02_gA_IMG1_LID0_STA1_CFC64_OH0,0126_0047,A,0.5040753483772278,0.06069912016391754,0.5,0.0,-27.64151128122921,7.455940106102666,3.1080100961913892,5.349061574769742
1769384961.9395957,1769384961939604414,Sr02_gA_IMG1_LID0_STA1_CFC64_OH0,0126_0047,A,0.49046844244003296,-0.033483318984508514,0.5,0.0,-27.716444566363045,7.458189629091968,3.113349173182137,5.27417451494075
1769384962.0599935,1769384962060000226,Sr02_gA_IMG1_LID0_STA1_CFC64_OH0,0126_0047,A,0.5011806488037109,-0.017347173765301704,0.5,0.0,-27.76642605080385,7.4595497759511575,3.1154235341496066,5.2242227614063905
1769384962.1800842,1769384962180092246,Sr02_gA_IMG1_LID0_STA1_CFC64_OH0,0126_0047,A,0.5008279085159302,0.024937918409705162,0.5,0.0,-27.841395839405493,7.461227762186335,3.124462388862758,5.149292971387009
1769384962.3012915,1769384962301299491,Sr02_gA_IMG1_LID0_STA1_CFC64_OH0,0126_0047,A,0.500970721244812,0.025407079607248306,0.5,0.0,-27.891391483692214,7.461876486695606,3.132773134223926,5.099316568070647
1769384962.4228458,1769384962422854449,Sr02_gA_IMG1_LID0_STA1_CFC64_OH0,0126_0047,A,0.5000355243682861,0.0440356470644474,0.5,0.0,-27.94139067423022,7.46214539261926,3.1392988483159954,5.049330220524462
1769384962.5447965,1769384962544804018,Sr02_gA_IMG1_LID0_STA1_CFC64_OH0,0126_0047,A,0.5018625855445862,0.10539710521697998,0.5,0.0,-28.016390218211676,7.461975698866293,-3.134776839342259,4.974339950404332
1769384962.6695318,1769384962669539499,Sr02_gA_IMG1_LID0_STA1_CFC64_OH0,0126_0047,A,0.4727441370487213,-0.03419128805398941,0.5,0.0,-28.066345936349002,7.461679866249054,-3.1372662468573687,4.924387203486738
1769384962.7877612,1769384962787777158,Sr02_gA_IMG1_LID0_STA1_CFC64_OH0,0126_0047,A,0.4727477729320526,-0.033730171620845795,0.5,0.0,-28.141345654349855,7.461485640061585,-3.1403524145771446,4.849396746673985
1769384962.9091623,1769384962909169440,Sr02_gA_IMG1_LID0_STA1_CFC64_OH0,0126_0047,A,0.4943649470806122,0.08877741545438766,0.5,0.0,-28.191334432495065,7.46140092333171,-3.1387462554289205,4.79941514795277
1769384963.0316844,1769384963031692827,Sr02_gA_IMG1_LID0_STA1_CFC64_OH0,0126_0047,A,0.47092771530151367,-0.01611946150660515,0.5,0.0,-28.26633353877038,7.461045187298438,-3.1349445832901925,4.724422742555059
1769384963.1479654,1769384963147972829,Sr02_gA_IMG1_LID0_STA1_CFC64_OH0,0126_0047,A,0.501340925693512,-0.004654912743717432,0.5,0.0,-28.316331537222364,7.4606027016570025,-3.1305410400406695,4.674425409595665
1769384963.2768497,1769384963276857149,Sr02_gA_IMG1_LID0_STA1_CFC64_OH0,0126_0047,A,0.5017005801200867,-0.003935107961297035,0.5,0.0,-28.36630760729332,7.459799684642221,-3.1202734164786605,4.624443128415649
1769384963.4007463,1769384963400756329,Sr02_gA_IMG1_LID0_STA1_CFC64_OH0,0126_0047,A,0.5052565336227417,0.00371789769269526,0.5,0.0,-28.44118070626438,7.45799276654618,-3.118944389816156,4.549549160749966
1769384963.527452,1769384963527458892,Sr02_gA_IMG1_LID0_STA1_CFC64_OH0,0126_0047,A,0.4986063838005066,-0.024111270904541016,0.5,0.0,-28.49116969948582,7.456944974960828,-3.122322012970324,4.499549274815248
1769384963.6475036,1769384963647510767,Sr02_gA_IMG1_LID0_STA1_CFC64_OH0,0126_0047,A,0.4811020791530609,0.00850844755768776,0.5,0.0,-28.566065252938223,7.455204731531199,-3.112020917748569,4.424634162863304
1769384963.7718878,1769384963771894056,Sr02_gA_IMG1_LID0_STA1_CFC64_OH0,0126_0047,A,0.4811933934688568,0.008835205808281898,0.5,0.0,-28.615983199369065,7.453718570519396,-3.1125235129938598,4.374697018884418
1769384963.895457,1769384963895464017,Sr02_gA_IMG1_LID0_STA1_CFC64_OH0,0126_0047,A,0.4970356822013855,-0.020304135978221893,0.5,0.0,-28.69095292376553,7.451587999869854,-3.1135512978704054,4.299700487520956
1769384964.0199692,1769384964019977610,Sr02_gA_IMG1_LID0_STA1_CFC64_OH0,0126_0047,A,0.4764438271522522,-0.01987500675022602,0.5,0.0,-28.740933538481965,7.450195949834284,-3.113944808065612,4.249702596698417
1769384964.141,1769384964141006750,Sr02_gA_IMG1_LID0_STA1_CFC64_OH0,0126_0047,A,0.47685933113098145,-0.019480090588331223,0.5,0.0,-28.815904443194743,7.448107267323594,-3.1134636601113175,4.174705861189584
1769384964.2647672,1769384964264781926,Sr02_gA_IMG1_LID0_STA1_CFC64_OH0,0126_0047,A,0.4766499996185303,-0.028346465900540352,0.5,0.0,-28.865886307202192,7.446761257797404,-3.1158747619633402,4.124707694408816
1769384964.3866973,1769384964386703732,Sr02_gA_IMG1_LID0_STA1_CFC64_OH0,0126_0047,A,0.5082582831382751,-0.014533760026097298,0.5,0.0,-28.940861962744375,7.444850786389158,-3.1155705769073436,4.049709644608598
1769384964.5101385,1769384964510146664,Sr02_gA_IMG1_LID0_STA1_CFC64_OH0,0126_0047,A,0.50145423412323,-0.0006035661790519953,0.5,0.0,-28.990844450605618,7.443527749145208,-3.1146870577909445,3.9997113728353244
1769384964.632494,1769384964632503386,Sr02_gA_IMG1_LID0_STA1_CFC64_OH0,0126_0047,A,0.5015599727630615,-0.00019729789346456528,0.5,0.0,-29.065819719245674,7.441603124725288,-3.117441257967597,3.924713587053324
1769384964.7581565,1769384964758165195,Sr02_gA_IMG1_LID0_STA1_CFC64_OH0,0126_0047,A,0.5126668214797974,-0.049558207392692566,0.5,0.0,-29.11580630153205,7.440445346146836,-3.119428755720285,3.874714281278207
1769384964.8817682,1769384964881786222,Sr02_gA_IMG1_LID0_STA1_CFC64_OH0,0126_0047,A,0.49903011322021484,-0.03971010819077492,0.5,0.0,-29.165795065586607,7.439385930934452,-3.121376761895203,3.824714566836123
1769384965.0092142,1769384965009221771,Sr02_gA_IMG1_LID0_STA1_CFC64_OH0,0126_0047,A,0.4992920160293579,-0.012859271839261055,0.5,0.0,-29.240782409585957,7.438011310939463,-3.1253627272169835,3.7497146331799205
1769384965.137973,1769384965137981737,Sr02_gA_IMG1_LID0_STA1_CFC64_OH0,0126_0047,A,0.49952277541160583,-0.012578319758176804,0.5,0.0,-29.29077649441649,7.437242740804612,-3.126954238244718,3.69971479599733
1769384965.2640939,1769384965264102898,Sr02_gA_IMG1_LID0_STA1_CFC64_OH0,0126_0047,A,0.5215870141983032,-0.01381741277873516,0.5,0.0,-29.365768650311036,7.436158382476367,-3.127180022941758,3.6247152485303977
1769384965.3858857,1769384965385894429,Sr02_gA_IMG1_LID0_STA1_CFC64_OH0,0126_0047,A,0.5135959982872009,-0.012349927797913551,0.5,0.0,-29.440749568215125,7.4350827967278255,-3.1280791427845744,3.5497271142604565
1769384965.5091684,1769384965509177420,Sr02_gA_IMG1_LID0_STA1_CFC64_OH0,0126_0047,A,0.5008625984191895,0.032586898654699326,0.5,0.0,-29.490746469240634,7.434531028087532,-3.1330349506810617,3.4997284076267934
1769384965.6346614,1769384965634669891,Sr02_gA_IMG1_LID0_STA1_CFC64_OH0,0126_0047,A,0.5007906556129456,0.03318540379405022,0.5,0.0,-29.54074538343513,7.434207098698136,-3.1371044433718756,3.449731884491437
1769384965.7591743,1769384965759183783,Sr02_gA_IMG1_LID0_STA1_CFC64_OH0,0126_0047,A,0.4998701512813568,0.046914275735616684,0.5,0.0,-29.615744966802588,7.433962277856613,-3.1392990501025477,3.374740560995577
1769384965.8833625,1769384965883370652,Sr02_gA_IMG1_LID0_STA1_CFC64_OH0,0126_0047,A,0.4998156428337097,0.007255949545651674,0.5,0.0,-29.66574489105624,7.433879043482149,-3.1405568800809442,3.324747869631235
1769384966.0094013,1769384966009411492,Sr02_gA_IMG1_LID0_STA1_CFC64_OH0,0126_0047,A,0.4896624982357025,-0.002817448228597641,0.5,0.0,-29.740744873082814,7.433876574077322,3.140592992249722,3.2497615200234478
1769384966.135403,1769384966135410994,Sr02_gA_IMG1_LID0_STA1_CFC64_OH0,0126_0047,A,0.49009254574775696,-0.002527708187699318,0.5,0.0,-29.790744800201562,7.43395812896656,3.139343325541131,3.199772669546159
1769384966.261607,1769384966261614018,Sr02_gA_IMG1_LID0_STA1_CFC64_OH0,0126_0047,A,0.5083156228065491,0.11424005776643753,0.5,0.0,-29.865733583973142,7.433980783877132,-3.139467222725763,3.1247991596278784
1769384966.3871694,1769384966387177541,Sr02_gA_IMG1_LID0_STA1_CFC64_OH0,0126_0047,A,0.5007645487785339,0.05472047999501228,0.5,0.0,-29.9407326819904,7.433631621782631,-3.1340775652197577,3.049808442663344
1769384966.5096593,1769384966509668154,Sr02_gA_IMG1_LID0_STA1_CFC64_OH0,0126_0047,A,0.500114917755127,0.02476147748529911,0.5,0.0,-29.990730202097655,7.433138590350543,-3.129386145546087,2.9998113712935797
1769384966.6350582,1769384966635066337,Sr02_gA_IMG1_LID0_STA1_CFC64_OH0,0126_0047,A,0.5004943013191223,0.025033093988895416,0.5,0.0,-30.04072089330867,7.432490595260602,-3.1282457250475724,2.949817995831457
1769384966.7626357,1769384966762643130,Sr02_gA_IMG1_LID0_STA1_CFC64_OH0,0126_0047,A,0.5267038941383362,0.06566651165485382,0.5,0.0,-30.11571432132512,7.431498141826206,-3.128564702833444,2.8748202119499267
1769384966.886916,1769384966886924025,Sr02_gA_IMG1_LID0_STA1_CFC64_OH0,0126_0047,A,0.49454671144485474,0.015979649499058723,0.5,0.0,-30.165710156820136,7.430853081489382,-3.128817473300498,2.824821888379473
1769384967.0104585,1769384967010468517,Sr02_gA_IMG1_LID0_STA1_CFC64_OH0,0126_0047,A,0.49014878273010254,0.013596639037132263,0.5,0.0,-30.24061927676657,7.4295135626228,-3.115660861507495,2.7499012053965166
1769384967.1302216,1769384967130229253,Sr02_gA_IMG1_LID0_STA1_CFC64_OH0,0126_0047,A,0.4901086986064911,0.013765139505267143,0.5,0.0,-30.29058606227253,7.428044534962964,-3.1094078363168016,2.6999145198453807
1769384967.2517347,1769384967251743372,Sr02_gA_IMG1_LID0_STA1_CFC64_OH0,0126_0047,A,0.4940895438194275,0.020136617124080658,0.5,0.0,-30.36554181755123,7.425470169528227,-3.105391292297701,2.6249213293202405
1769384967.3725765,1769384967372583675,Sr02_gA_IMG1_LID0_STA1_CFC64_OH0,0126_0047,A,0.5521262884140015,0.03308055177330971,0.5,0.0,-30.415506737227787,7.423597957213911,-3.1028879870510213,2.5749284857872436
1769384967.5036478,1769384967503654790,Sr02_gA_IMG1_LID0_STA1_CFC64_OH0,0126_0047,A,0.5082963705062866,-0.010569915175437927,0.5,0.0,-30.4904269136369,7.420386435155516,-3.093889025725872,2.499958972092106
1769384967.6279423,1769384967627950742,Sr02_gA_IMG1_LID0_STA1_CFC64_OH0,0126_0047,A,0.5083127021789551,-0.010217316448688507,0.5,0.0,-30.540355327095625,7.417934917492048,-3.0916924436448903,2.4499923702025446
1769384967.7516055,1769384967751612554,Sr02_gA_IMG1_LID0_STA1_CFC64_OH0,0126_0047,A,0.5015337467193604,-0.008226940408349037,0.5,0.0,-30.615258010559653,7.4141158420468045,-3.089627434326472,2.3750315662492145
1769384967.8785791,1769384967878586235,Sr02_gA_IMG1_LID0_STA1_CFC64_OH0,0126_0047,A,0.5047755837440491,-0.013140957802534103,0.5,0.0,-30.665188709751718,7.411484384964519,-3.088250922663229,2.325062038216785
1769384968.0036252,1769384968003632466,Sr02_gA_IMG1_LID0_STA1_CFC64_OH0,0126_0047,A,0.47481971979141235,-0.04016934707760811,0.5,0.0,-30.740076203004328,7.407378550542686,-3.08496956154087,2.250116274941696
1769384968.1281364,1769384968128144123,Sr02_gA_IMG1_LID0_STA1_CFC64_OH0,0126_0047,A,0.4752693474292755,-0.04018339142203331,0.5,0.0,-30.789991295544727,7.404466345288879,-3.0816615119878756,2.2001617260865185
1769384968.2490516,1769384968249058545,Sr02_gA_IMG1_LID0_STA1_CFC64_OH0,0126_0047,A,0.48995184898376465,0.054014019668102264,0.5,0.0,-30.86484859206494,7.4000305344718935,-3.0831924977534837,2.1252483295350686
1769384968.3743062,1769384968374313788,Sr02_gA_IMG1_LID0_STA1_CFC64_OH0,0126_0047,A,0.5350468754768372,0.07104923576116562,0.5,0.0,-30.91476483087293,7.397137686611694,-3.084214227802375,2.0752985161831825
1769384968.5011516,1769384968501158236,Sr02_gA_IMG1_LID0_STA1_CFC64_OH0,0126_0047,A,0.5145546793937683,0.05317438393831253,0.5,0.0,-30.989644254117472,7.392886753283288,-3.0856354924256406,2.0003743928461715
1769384968.6279836,1769384968627991762,Sr02_gA_IMG1_LID0_STA1_CFC64_OH0,0126_0047,A,0.5150058269500732,0.05346348136663437,0.5,0.0,-31.03956781427452,7.390123156999337,-3.086949585975453,1.9504249575871782
1769384968.7583187,1769384968758326264,Sr02_gA_IMG1_LID0_STA1_CFC64_OH0,0126_0047,A,0.4643305242061615,-0.041338350623846054,0.5,0.0,-31.11446775478457,7.386252604286334,-3.092975097935368,1.875493457149462
1769384968.8916752,1769384968891683761,Sr02_gA_IMG1_LID0_STA1_CFC64_OH0,0126_0047,A,0.5238350629806519,-0.016916440799832344,0.5,0.0,-31.164413419290458,7.383923030186052,-3.0969934305022946,1.8255316174894816
1769384969.0172215,1769384969017229069,Sr02_gA_IMG1_LID0_STA1_CFC64_OH0,0126_0047,A,0.5015441179275513,-0.014484506100416183,0.5,0.0,-31.221455872286615,7.381518021931027,-3.1023057821902524,1.7684748140770639
1769384969.1378362,1769384969137844980,Sr02_gA_IMG1_LID0_STA1_CFC64_OH0,0126_0047,A,0.5175593495368958,-0.040373269468545914,0.5,0.0,-31.24005864085718,7.380793766571859,-3.1018192697201648,1.7498682096881304
1769384969.2579265,1769384969257934773,Sr02_gA_IMG1_LID0_STA1_CFC64_OH0,0126_0047,A,0.518197774887085,-0.0402618907392025,0.5,0.0,-31.266286385122765,7.379713379632129,-3.099026603032737,1.7236351364772222
1769384969.3852403,1769384969385248261,Sr02_gA_IMG1_LID0_STA1_CFC64_OH0,0126_0047,A,0.5601284503936768,0.0058295223861932755,0.5,0.0,-31.283769823596238,7.378952340917407,-3.09715538455912,1.706148246224053
1769384969.5075293,1769384969507537193,Sr02_gA_IMG1_LID0_STA1_CFC64_OH0,0126_0047,A,0.5284678339958191,-0.029939277097582817,0.5,0.0,-31.309994441618482,7.377798460554333,-3.0986620071452586,1.6799189130594707
1769384969.629586,1769384969629593209,Sr02_gA_IMG1_LID0_STA1_CFC64_OH0,0126_0047,A,0.5286222100257874,-0.029788708314299583,0.5,0.0,-31.32747853568119,7.37705258115411,-3.0992540880294355,1.6624321213963247
1769384969.7522442,1769384969752251314,Sr02_gA_IMG1_LID0_STA1_CFC64_OH0,0126_0047,A,0.553154468536377,0.031257279217243195,0.5,0.0,-31.353705465575253,7.375952417489932,-3.1002212737984975,1.6362017297500049
1769384969.8707035,1769384969870711718,Sr02_gA_IMG1_LID0_STA1_CFC64_OH0,0126_0047,A,0.5314977169036865,0.06045902147889137,0.5,0.0,-31.37119099371625,7.3752409789273825,-3.101634335164691,1.6187143029980908
1769384969.991585,1769384969991591564,Sr02_gA_IMG1_LID0_STA1_CFC64_OH0,0126_0047,A,0.45423007011413574,0.07217095047235489,0.5,0.0,-31.397421125018152,7.374220092977528,-3.103748860320593,1.5924819315281529
1769384970.1110778,1769384970111085128,Sr02_gA_IMG1_LID0_STA1_CFC64_OH0,0126_0047,A,0.4543565809726715,0.07259771972894669,0.5,0.0,-31.41490852438471,7.373556200971581,-3.1035448397022587,1.5749933908382079
1769384970.2328234,1769384970232830429,Sr02_gA_IMG1_LID0_STA1_CFC64_OH0,0126_0047,A,0.47765058279037476,-0.015887729823589325,0.5,0.0,-31.43239620152507,7.372899687203133,-3.1045927029781946,1.55750483823899
1769384970.3540123,1769384970354020127,Sr02_gA_IMG1_LID0_STA1_CFC64_OH0,0126_0047,A,0.49021974205970764,-0.020934151485562325,0.5,0.0,-31.458628980747267,7.3719492101757265,-3.106158188372069,1.5312712547296188
1769384970.481596,1769384970481603791,Sr02_gA_IMG1_LID0_STA1_CFC64_OH0,0126_0047,A,0.5016813278198242,-0.003958845045417547,0.5,0.0,-31.476117890729093,7.371326396705098,-3.1054915229964197,1.5137821262005116
1769384970.607373,1769384970607382456,Sr02_gA_IMG1_LID0_STA1_CFC64_OH0,0126_0047,A,0.5019357800483704,-0.004189338069409132,0.5,0.0,-31.502349423212483,7.370342321531858,-3.102521849678689,1.4875507697478876
1769384970.7367918,1769384970736800034,Sr02_gA_IMG1_LID0_STA1_CFC64_OH0,0126_0047,A,0.5105652809143066,0.14593207836151123,0.5,0.0,-31.519835182728542,7.369636671876744,-3.0999958740634592,1.4700655455824265
1769384970.8596244,1769384970859632116,Sr02_gA_IMG1_LID0_STA1_CFC64_OH0,0126_0047,A,0.5237276554107666,0.0787581354379654,0.5,0.0,-31.54606037625959,7.368496175979197,-3.096803875968022,1.443841971609905
1769384970.9814885,1769384970981496331,Sr02_gA_IMG1_LID0_STA1_CFC64_OH0,0126_0047,A,0.5169621109962463,0.07239121943712234,0.5,0.0,-31.556379810078866,7.368035614260552,-3.0973139242162713,1.433523465232251
1769384971.1057787,1769384971105786410,Sr02_gA_IMG1_LID0_STA1_CFC64_OH0,0126_0047,A,0.5167633295059204,0.07230871170759201,0.5,0.0,-31.556384905221215,7.368035388552971,-3.0973321036168007,1.433518370584049
1769384971.2286932,1769384971228700786,Sr02_gA_IMG1_LID0_STA1_CFC64_OH0,0126_0047,A,0.5005678534507751,0.06411565840244293,0.5,0.0,-31.556384905221215,7.368035388552971,-3.0973321036168007,1.433518370584049
1769384971.3529277,1769384971352935742,Sr02_gA_IMG1_LID0_STA1_CFC64_OH0,0126_0047,A,0.5035951137542725,0.07654983550310135,0.5,0.0,-31.556384905221215,7.368035388552971,-3.0973321036168007,1.433518370584049
1769384971.4827504,1769384971482761155,Sr02_gA_IMG1_LID0_STA1_CFC64_OH0,0126_0047,A,0.5059213638305664,0.06535609066486359,0.5,0.0,-31.556384905221215,7.368035388552971,-3.0973321036168007,1.433518370584049
1769384971.6129782,1769384971612988003,Sr02_gA_IMG1_LID0_STA1_CFC64_OH0,0126_0047,A,0.5059083700180054,0.06535869836807251,0.5,0.0,-31.556384905221215,7.368035388552971,-3.0973321036168007,1.433518370584049
1769384971.7380137,1769384971738021648,Sr02_gA_IMG1_LID0_STA1_CFC64_OH0,0126_0047,A,0.5022866725921631,0.06739336997270584,0.5,0.0,-31.556384905221215,7.368035388552971,-3.0973321036168007,1.433518370584049
1769384971.8612177,1769384971861226840,Sr02_gA_IMG1_LID0_STA1_CFC64_OH0,0126_0047,A,0.492381751537323,0.10507407784461975,0.5,0.0,-31.556384905221215,7.368035388552971,-3.0973321036168007,1.433518370584049
1769384971.9936595,1769384971993675189,Sr02_gA_IMG1_LID0_STA1_CFC64_OH0,0126_0047,A,0.5012651681900024,0.06973706185817719,0.5,0.0,-31.556384905221215,7.368035388552971,-3.0973321036168007,1.433518370584049
1769384972.118422,1769384972118430031,Sr02_gA_IMG1_LID0_STA1_CFC64_OH0,0126_0047,A,0.5012669563293457,0.06973762065172195,0.5,0.0,-31.556384905221215,7.368035388552971,-3.0973321036168007,1.433518370584049
1769384972.2379766,1769384972237983866,Sr02_gA_IMG1_LID0_STA1_CFC64_OH0,0126_0047,A,0.503051221370697,0.06890694051980972,0.5,0.0,-31.556384905221215,7.368035388552971,-3.0973321036168007,1.433518370584049
1769384972.3589232,1769384972358929294,Sr02_gA_IMG1_LID0_STA1_CFC64_OH0,0126_0047,A,0.5038703083992004,0.06708886474370956,0.5,0.0,-31.556384905221215,7.368035388552971,-3.0973321036168007,1.433518370584049
1769384972.4789622,1769384972478969142,Sr02_gA_IMG1_LID0_STA1_CFC64_OH0,0126_0047,A,0.49123260378837585,0.0974382758140564,0.5,0.0,-31.556384905221215,7.368035388552971,-3.0973321036168007,1.433518370584049
