t_unix,t_ros_ns,run_folder,run_id,goal_id,v_pred_lin,w_pred_ang,v_cmd_lin,w_cmd_ang,x,y,yaw,dist_to_goal
1769385024.8024325,1769385024802441461,Sr02_gA_IMG1_LID0_STA1_CFC64_OH0,0126_0050,A,-0.031644970178604126,-0.00951581634581089,0.0,0.0,-2.382027730537029e-15,-2.52004489523966e-24,-7.060447206312833e-12,33.80335215951223
1769385024.9242914,1769385024924300600,Sr02_gA_IMG1_LID0_STA1_CFC64_OH0,0126_0050,A,-0.031644970178604126,-0.00951581634581089,0.0,0.0,-2.382027730537029e-15,-2.52004489523966e-24,-7.060447206312833e-12,33.80335215951223
1769385025.0496836,1769385025049690818,Sr02_gA_IMG1_LID0_STA1_CFC64_OH0,0126_0050,A,-0.07057160139083862,0.005125124007463455,0.0,0.0,-2.4961831247965343e-15,-2.519238907104115e-24,-7.060447194419495e-12,33.80335215951223
1769385025.1724558,1769385025172463411,Sr02_gA_IMG1_LID0_STA1_CFC64_OH0,0126_0050,A,-0.03201138228178024,0.0015603480860590935,0.0,0.0,-2.610294863961257e-15,-2.5184332271868794e-24,-7.060447367626485e-12,33.80335215951223
1769385025.295822,1769385025295829859,Sr02_gA_IMG1_LID0_STA1_CFC64_OH0,0126_0050,A,-0.04816529527306557,-0.0017918418161571026,0.0,0.0,-2.6862364357535948e-15,-2.5178970457095113e-24,-7.0604476253611396e-12,33.80335215951223
1769385025.412604,1769385025412612947,Sr02_gA_IMG1_LID0_STA1_CFC64_OH0,0126_0050,A,-0.06648262590169907,-0.01731124147772789,0.0,0.0,-7.788758147715457e-13,3.692278486057136e-17,-9.515164741798353e-05,33.80335215951146
1769385025.5349405,1769385025534948800,Sr02_gA_IMG1_LID0_STA1_CFC64_OH0,0126_0050,A,-0.1084563136100769,-0.035016272217035294,0.0,0.0,-6.002367513545916e-09,4.28641735559152e-12,-0.0010467144306769336,33.80335215365337
1769385025.6583002,1769385025658309236,Sr02_gA_IMG1_LID0_STA1_CFC64_OH0,0126_0050,A,-0.06823253631591797,-0.03967179358005524,0.0,0.0,-1.4556159792512352e-08,1.7305135485104803e-11,-0.0019982781532804196,33.803352145302576
1769385025.7789567,1769385025778966398,Sr02_gA_IMG1_LID0_STA1_CFC64_OH0,0126_0050,A,-0.14221861958503723,-0.02897532470524311,0.0,0.0,-1.8949725151591444e-08,2.7157458420810342e-11,-0.001961570682492081,33.80335214101259
1769385025.9013424,1769385025901350902,Sr02_gA_IMG1_LID0_STA1_CFC64_OH0,0126_0050,A,-0.41071614623069763,-0.037364762276411057,-0.5,0.0,-1.8950215432579296e-08,2.7158411586236507e-11,-0.001805544586928518,33.80335214101211
1769385026.0230153,1769385026023023119,Sr02_gA_IMG1_LID0_STA1_CFC64_OH0,0126_0050,A,-0.4108414351940155,-0.03742843121290207,-0.5,0.0,-1.8952520358132303e-08,2.7163067858964323e-11,-0.0022841187876330602,33.80335214100986
1769385026.1401355,1769385026140143249,Sr02_gA_IMG1_LID0_STA1_CFC64_OH0,0126_0050,A,-0.4208676815032959,-0.014306435361504555,-0.5,0.0,-3.2672622978951714e-08,7.157401620205013e-11,-0.0040152190130537495,33.80335212761024
1769385026.2604432,1769385026260451365,Sr02_gA_IMG1_LID0_STA1_CFC64_OH0,0126_0050,A,-0.2063843309879303,0.001895308610983193,0.0,0.0,-9.75190735313481e-07,4.425718532628064e-09,-0.008910273088991812,33.803351206823656
1769385026.3808703,1769385026380881699,Sr02_gA_IMG1_LID0_STA1_CFC64_OH0,0126_0050,A,-0.42450714111328125,-0.06807288527488708,-0.5,0.0,-1.0086615739073764e-06,4.790310266575628e-09,-0.012877411971663331,33.80335117407876
1769385026.5038311,1769385026503839249,Sr02_gA_IMG1_LID0_STA1_CFC64_OH0,0126_0050,A,-0.4246584475040436,-0.06829472631216049,-0.5,0.0,-1.033020001605373e-06,5.138777156257209e-09,-0.01577492283742042,33.803351150230526
1769385026.625205,1769385026625212254,Sr02_gA_IMG1_LID0_STA1_CFC64_OH0,0126_0050,A,-0.40671318769454956,-0.07089108973741531,-0.5,0.0,-0.013982568106554552,0.0002600175753880195,-0.019553772801441827,33.789649487995035
1769385026.7476964,1769385026747705462,Sr02_gA_IMG1_LID0_STA1_CFC64_OH0,0126_0050,A,-0.5312886834144592,0.08064611256122589,-0.5,0.0,-0.04466490769263695,0.0008925243077801784,-0.021422221305142403,33.75956862168339
1769385026.8752592,1769385026875268439,Sr02_gA_IMG1_LID0_STA1_CFC64_OH0,0126_0050,A,-0.5595519542694092,-0.014380836859345436,-0.5,0.0,-0.11636390037027804,0.0025122866956625153,-0.023632168045321398,33.689248441933486
1769385027.0026484,1769385027002657179,Sr02_gA_IMG1_LID0_STA1_CFC64_OH0,0126_0050,A,-0.5595664381980896,-0.014661857858300209,-0.5,0.0,-0.15546250787980945,0.003459247068026442,-0.024835669025281632,33.650890265908444
1769385027.1254075,1769385027125416296,Sr02_gA_IMG1_LID0_STA1_CFC64_OH0,0126_0050,A,-0.48707661032676697,-0.010185236111283302,-0.5,0.0,-0.22083296936483882,0.005156647604197603,-0.028537629432655913,33.586736601357444
1769385027.2484648,1769385027248473172,Sr02_gA_IMG1_LID0_STA1_CFC64_OH0,0126_0050,A,-0.4736226201057434,-0.47538793087005615,-0.5,-0.5,-0.27080734742366613,0.006753990462587334,-0.03536708701285673,33.53762985298849
1769385027.3726678,1769385027372676210,Sr02_gA_IMG1_LID0_STA1_CFC64_OH0,0126_0050,A,-0.4729395806789398,-0.4762897491455078,-0.5,-0.5,-0.34564245948376027,0.009772297737089158,-0.04271388011984438,33.46396115094049
1769385027.497118,1769385027497128967,Sr02_gA_IMG1_LID0_STA1_CFC64_OH0,0126_0050,A,-0.4026886522769928,-0.3153513967990875,-0.5,-0.5,-0.395581258545326,0.011708879000388367,-0.03473326450705724,33.41482084182692
1769385027.6248736,1769385027624881819,Sr02_gA_IMG1_LID0_STA1_CFC64_OH0,0126_0050,A,-0.521316647529602,-0.23220574855804443,-0.5,-0.5,-0.47049620411900656,0.014334135771453715,-0.03606354898483133,33.34117015373992
1769385027.7506077,1769385027750615121,Sr02_gA_IMG1_LID0_STA1_CFC64_OH0,0126_0050,A,-0.5049360990524292,-0.2908649444580078,-0.5,-0.5,-0.52046235047723,0.01617355234729076,-0.0375297316528835,33.292030943254694
1769385027.8691223,1769385027869130870,Sr02_gA_IMG1_LID0_STA1_CFC64_OH0,0126_0050,A,-0.5554722547531128,-0.46240606904029846,-0.5,-0.5,-0.5954072306835231,0.01904811510071339,-0.03910228334808253,33.21830562656002
1769385027.989595,1769385027989602162,Sr02_gA_IMG1_LID0_STA1_CFC64_OH0,0126_0050,A,-0.5568217635154724,-0.4673048257827759,-0.5,-0.5,-0.6448204107169383,0.021271222804191945,-0.05471490534397103,33.16962702068191
1769385028.1105561,1769385028110564555,Sr02_gA_IMG1_LID0_STA1_CFC64_OH0,0126_0050,A,-0.48261332511901855,-0.3849529027938843,-0.5,-0.5,-0.6935097951263074,0.02478102631127082,-0.09249028306504957,33.121371087692616
1769385028.2292035,1769385028229210629,Sr02_gA_IMG1_LID0_STA1_CFC64_OH0,0126_0050,A,-0.45265012979507446,-0.45688751339912415,-0.5,-0.5,-0.7678794109971495,0.033857331885439636,-0.14592871879732475,33.046841616241096
1769385028.3502858,1769385028350292937,Sr02_gA_IMG1_LID0_STA1_CFC64_OH0,0126_0050,A,-0.4536794126033783,-0.46308696269989014,-0.5,-0.5,-0.8172357504030671,0.04175054587744999,-0.17027504949692554,32.99696483523809
1769385028.476823,1769385028476830247,Sr02_gA_IMG1_LID0_STA1_CFC64_OH0,0126_0050,A,-0.5072822570800781,-0.443307489156723,-0.5,-0.5,-0.8908600772477262,0.05586655275861242,-0.21062378176904198,32.92204435253199
1769385028.5938258,1769385028593834178,Sr02_gA_IMG1_LID0_STA1_CFC64_OH0,0126_0050,A,-0.41250306367874146,-0.49096840620040894,-0.5,-0.5,-0.9393277113505435,0.06721371324326432,-0.2519739836203779,32.87226701826051
1769385028.7158232,1769385028715831274,Sr02_gA_IMG1_LID0_STA1_CFC64_OH0,0126_0050,A,-0.5113598704338074,-0.5320942997932434,-0.5,-0.5,-1.0112466331658718,0.08842325607677343,-0.32028906334302926,32.797433614729854
1769385028.8398128,1769385028839821902,Sr02_gA_IMG1_LID0_STA1_CFC64_OH0,0126_0050,A,-0.5191095471382141,-0.5399656295776367,-0.5,-0.5,-1.0583891733803454,0.10507474035486043,-0.35878430258235006,32.74777101948054
1769385028.964029,1769385028964038415,Sr02_gA_IMG1_LID0_STA1_CFC64_OH0,0126_0050,A,-0.5123903155326843,-0.4925903379917145,-0.5,-0.5,-1.104781109421972,0.12363449089181881,-0.4032786960115216,32.69841835581667
1769385029.084967,1769385029084974979,Sr02_gA_IMG1_LID0_STA1_CFC64_OH0,0126_0050,A,-0.3800031542778015,-0.4913080632686615,-0.5,-0.5,-1.1726943806100405,0.1554234620097958,-0.47229586135745444,32.62515228052495
1769385029.2079816,1769385029207989294,Sr02_gA_IMG1_LID0_STA1_CFC64_OH0,0126_0050,A,-0.5819159746170044,-0.4259786903858185,-0.5,-0.5,-1.2167020010396377,0.17914939112804884,-0.5166265494955716,32.57698980325825
1769385029.3309355,1769385029330962893,Sr02_gA_IMG1_LID0_STA1_CFC64_OH0,0126_0050,A,-0.5941534042358398,-0.4365949034690857,-0.5,-0.5,-1.28053705517098,0.21846996865206864,-0.5887319531909501,32.50605812355961
1769385029.4528122,1769385029452820025,Sr02_gA_IMG1_LID0_STA1_CFC64_OH0,0126_0050,A,-0.5084398984909058,-0.3121095299720764,-0.5,-0.5,-1.3213658906359635,0.24730540348270658,-0.6414829978654852,32.45989066662613
1769385029.5758178,1769385029575824592,Sr02_gA_IMG1_LID0_STA1_CFC64_OH0,0126_0050,A,-0.504917562007904,-0.5388596653938293,-0.5,-0.5,-1.379578804431928,0.2945620407400982,-0.7219252681364863,32.39274294615734
1769385029.6959288,1769385029695936247,Sr02_gA_IMG1_LID0_STA1_CFC64_OH0,0126_0050,A,-0.585602343082428,-0.588594377040863,-0.5,-0.5,-1.416276738641551,0.3285143002977928,-0.7711842558764558,32.34952394066789
1769385029.821185,1769385029821192742,Sr02_gA_IMG1_LID0_STA1_CFC64_OH0,0126_0050,A,-0.5775793790817261,-0.58331698179245,-0.5,-0.5,-1.4512595183638681,0.3642312638060647,-0.8203534603559308,32.307616020315535
1769385029.9427192,1769385029942727520,Sr02_gA_IMG1_LID0_STA1_CFC64_OH0,0126_0050,A,-0.6040017008781433,-0.5522763133049011,-0.5,-0.5,-1.500520099265349,0.4207681439195123,-0.8862100852308995,32.247296932338976
1769385030.065714,1769385030065723790,Sr02_gA_IMG1_LID0_STA1_CFC64_OH0,0126_0050,A,-0.5846787095069885,-0.4177420735359192,-0.5,-0.5,-1.5312862405247096,0.46017687077973746,-0.9297633367501686,32.208775794274445
1769385030.1889896,1769385030188997562,Sr02_gA_IMG1_LID0_STA1_CFC64_OH0,0126_0050,A,-0.5859726667404175,-0.4648892283439636,-0.5,-0.5,-1.5743983312659027,0.5214876080944512,-0.9825786554016138,32.15355244786462
1769385030.3069227,1769385030306930486,Sr02_gA_IMG1_LID0_STA1_CFC64_OH0,0126_0050,A,-0.5749837160110474,-0.45413604378700256,-0.5,-0.5,-1.6010366169731813,0.5633701133346339,-1.0292638575061208,32.11862280185934
1769385030.4260144,1769385030426023489,Sr02_gA_IMG1_LID0_STA1_CFC64_OH0,0126_0050,A,-0.5592605471611023,-0.30376800894737244,-0.5,-0.5,-1.636874469943247,0.6292159852536168,-1.1164147022750028,32.069693013134426
1769385030.5543468,1769385030554355397,Sr02_gA_IMG1_LID0_STA1_CFC64_OH0,0126_0050,A,-0.36276519298553467,-0.0668782964348793,-0.5,0.0,-1.6574951294154967,0.6747580433182996,-1.1747991048199482,32.03998424742189
1769385030.6757972,1769385030675807679,Sr02_gA_IMG1_LID0_STA1_CFC64_OH0,0126_0050,A,-0.24178659915924072,-0.04269171506166458,-0.5,0.0,-1.6835055236049912,0.7450707132673082,-1.2569746298906672,31.99991561270584
1769385030.8025844,1769385030802592303,Sr02_gA_IMG1_LID0_STA1_CFC64_OH0,0126_0050,A,-0.1265801042318344,-0.24874907732009888,0.0,-0.5,-1.6979348481582959,0.7929226450812606,-1.2988103134835332,31.975920633765046
1769385030.9241524,1769385030924159951,Sr02_gA_IMG1_LID0_STA1_CFC64_OH0,0126_0050,A,0.19671732187271118,-0.20537912845611572,0.0,-0.5,-1.7156191975189323,0.865782000879164,-1.3671751600652868,31.94369737494583
1769385031.057493,1769385031057500824,Sr02_gA_IMG1_LID0_STA1_CFC64_OH0,0126_0050,A,0.0486835315823555,-0.03656761720776558,0.0,0.0,-1.724614880225521,0.9149617509123508,-1.4125886946728259,31.9249083743732
1769385031.1788301,1769385031178837859,Sr02_gA_IMG1_LID0_STA1_CFC64_OH0,0126_0050,A,0.13704006373882294,-0.03376350551843643,0.0,0.0,-1.7345461495111478,0.9892262045861167,-1.4603229907736697,31.900242279015043
1769385031.3022242,1769385031302233339,Sr02_gA_IMG1_LID0_STA1_CFC64_OH0,0126_0050,A,0.4499802589416504,-0.4408701956272125,0.5,-0.5,-1.7396843996996698,1.0387487932771273,-1.471379549665188,31.885335922184336
1769385031.423262,1769385031423269078,Sr02_gA_IMG1_LID0_STA1_CFC64_OH0,0126_0050,A,0.3078726828098297,-0.23638981580734253,0.5,-0.5,-1.7467732669549163,1.1121590056224453,-1.4777005075634864,31.86388724603789
1769385031.5420368,1769385031542045636,Sr02_gA_IMG1_LID0_STA1_CFC64_OH0,0126_0050,A,0.1980934739112854,-0.2969842851161957,0.0,-0.5,-1.7498202115929729,1.1453632700315537,-1.4810429912218672,31.85439346490395
1769385031.6679096,1769385031667917876,Sr02_gA_IMG1_LID0_STA1_CFC64_OH0,0126_0050,A,0.20646801590919495,-0.29844096302986145,0.5,-0.5,-1.7510714848187001,1.1594315967966369,-1.4835901732856354,31.85041964169796
1769385031.791142,1769385031791149448,Sr02_gA_IMG1_LID0_STA1_CFC64_OH0,0126_0050,A,0.34447842836380005,-0.4736654460430145,0.5,-0.5,-1.7512172983446828,1.1611247503848912,-1.491057987424783,31.84994646048139
1769385031.9165041,1769385031916511590,Sr02_gA_IMG1_LID0_STA1_CFC64_OH0,0126_0050,A,0.18271085619926453,-0.3789735734462738,0.0,-0.5,-1.7512172983450096,1.1611247503890727,-1.4944343211029063,31.849946460480258
1769385032.0368009,1769385032036809504,Sr02_gA_IMG1_LID0_STA1_CFC64_OH0,0126_0050,A,0.2726121246814728,-0.3384435176849365,0.5,-0.5,-1.750038336924418,1.1450487121668351,-1.498776454238174,31.854241026381846
1769385032.1561642,1769385032156172242,Sr02_gA_IMG1_LID0_STA1_CFC64_OH0,0126_0050,A,0.27650612592697144,-0.33917149901390076,0.5,-0.5,-1.7477528325497602,1.1128307982725116,-1.5009038127144163,31.86279480889757
1769385032.2758133,1769385032275822159,Sr02_gA_IMG1_LID0_STA1_CFC64_OH0,0126_0050,A,0.3896823525428772,-0.16186881065368652,0.5,-0.5,-1.7452365109127832,1.076332066759926,-1.503353726970011,31.872450484386157
1769385032.3999522,1769385032399960493,Sr02_gA_IMG1_LID0_STA1_CFC64_OH0,0126_0050,A,0.3035718500614166,-0.23999404907226562,0.5,-0.5,-1.7436079511104592,1.051964360636709,-1.5045771836437667,31.878868267759586
1769385032.5218365,1769385032521845436,Sr02_gA_IMG1_LID0_STA1_CFC64_OH0,0126_0050,A,0.3110619783401489,-0.2443467676639557,0.5,-0.5,-1.7411651130144483,1.0139657807496003,-1.5109806992512615,31.888816025664422
1769385032.6372726,1769385032637281532,Sr02_gA_IMG1_LID0_STA1_CFC64_OH0,0126_0050,A,0.3546326160430908,-0.05204906314611435,0.5,0.0,-1.7386704649690383,0.9613296017547379,-1.5386015590154922,31.90179468320572
1769385032.75721,1769385032757218408,Sr02_gA_IMG1_LID0_STA1_CFC64_OH0,0126_0050,A,0.4193947911262512,-0.3829677402973175,0.5,-0.5,-1.737876698465609,0.9281486979879776,-1.5533465134030153,31.909255427222785
1769385032.8806906,1769385032880701101,Sr02_gA_IMG1_LID0_STA1_CFC64_OH0,0126_0050,A,0.48844778537750244,-0.45054104924201965,0.5,-0.5,-1.7376762766577456,0.8580813051548404,-1.5866253795222405,31.923673036999343
1769385033.0049896,1769385033004998153,Sr02_gA_IMG1_LID0_STA1_CFC64_OH0,0126_0050,A,0.4936409592628479,-0.4557996392250061,0.5,-0.5,-1.738921696099936,0.8083559884118972,-1.6040332139758615,31.932636187957737
1769385033.1326063,1769385033132615088,Sr02_gA_IMG1_LID0_STA1_CFC64_OH0,0126_0050,A,0.4473084807395935,-0.5105969309806824,0.5,-0.5,-1.7426089059877639,0.7334938024643428,-1.6377623557225716,31.94449900604954
1769385033.258249,1769385033258256463,Sr02_gA_IMG1_LID0_STA1_CFC64_OH0,0126_0050,A,0.4786956012248993,-0.4698915481567383,0.5,-0.5,-1.74656383851007,0.6836517139700384,-1.6621969891932995,31.95102532123483
1769385033.3850572,1769385033385065531,Sr02_gA_IMG1_LID0_STA1_CFC64_OH0,0126_0050,A,0.43042775988578796,-0.3686899244785309,0.5,-0.5,-1.7539690622879591,0.609206710839805,-1.6747257653795173,31.959452160503407
1769385033.5107958,1769385033510804240,Sr02_gA_IMG1_LID0_STA1_CFC64_OH0,0126_0050,A,0.43932464718818665,-0.3778458833694458,0.5,-0.5,-1.7595299990817137,0.5601972160065603,-1.6968303761100076,31.964424085649757
1769385033.6346622,1769385033634670222,Sr02_gA_IMG1_LID0_STA1_CFC64_OH0,0126_0050,A,0.49769875407218933,-0.4182530641555786,0.5,-0.5,-1.7712080811888293,0.4867041879958712,-1.7617894080075829,31.968760232733235
1769385033.755701,1769385033755708645,Sr02_gA_IMG1_LID0_STA1_CFC64_OH0,0126_0050,A,0.5073478817939758,-0.46010440587997437,0.5,-0.5,-1.7818150784723767,0.43784665606490303,-1.8073693210210575,31.96896254807883
1769385033.8778448,1769385033877853346,Sr02_gA_IMG1_LID0_STA1_CFC64_OH0,0126_0050,A,0.47279566526412964,-0.49404749274253845,0.5,-0.5,-1.8021497103122377,0.3656914673668398,-1.8830129452684485,31.96484814356246
1769385034.000135,1769385034000142928,Sr02_gA_IMG1_LID0_STA1_CFC64_OH0,0126_0050,A,0.4759425222873688,-0.49070122838020325,0.5,-0.5,-1.8186202303888457,0.3184870005392825,-1.9300020629668682,31.959161950769797
1769385034.1225212,1769385034122529232,Sr02_gA_IMG1_LID0_STA1_CFC64_OH0,0126_0050,A,0.5057507157325745,-0.4920452833175659,0.5,-0.5,-1.8371307552073741,0.2721085083572055,-1.9692717748717918,31.951380436809202
1769385034.2438445,1769385034243852921,Sr02_gA_IMG1_LID0_STA1_CFC64_OH0,0126_0050,A,0.362233966588974,0.02655324898660183,0.5,0.0,-1.8681628838480835,0.2038406236098284,-2.0257654565462477,31.936376251780988
1769385034.38259,1769385034382598169,Sr02_gA_IMG1_LID0_STA1_CFC64_OH0,0126_0050,A,0.38349366188049316,-0.42552098631858826,0.5,-0.5,-1.8910647013588813,0.15940305278180972,-2.0675748260667213,31.924068189855173
1769385034.5092459,1769385034509253498,Sr02_gA_IMG1_LID0_STA1_CFC64_OH0,0126_0050,A,0.39760079979896545,-0.42454877495765686,0.5,-0.5,-1.9289808060864002,0.09471803391732728,-2.1359896168614325,31.901824958568803
1769385034.6332717,1769385034633281854,Sr02_gA_IMG1_LID0_STA1_CFC64_OH0,0126_0050,A,0.49606412649154663,-0.5729040503501892,0.5,-0.5,-1.9714576311665628,0.032926867846137665,-2.20999627653525,31.87463806706056
1769385034.7541327,1769385034754141141,Sr02_gA_IMG1_LID0_STA1_CFC64_OH0,0126_0050,A,0.4911825656890869,-0.43165984749794006,0.5,-0.5,-2.0022576972795596,-0.006454014852771316,-2.2590663495446766,31.85376396477219
1769385034.8805633,1769385034880591946,Sr02_gA_IMG1_LID0_STA1_CFC64_OH0,0126_0050,A,0.536379337310791,-0.464216947555542,0.5,-0.5,-2.034954860587448,-0.04427452192042761,-2.3082708270371586,31.83074626653273
1769385035.0043454,1769385035004354423,Sr02_gA_IMG1_LID0_STA1_CFC64_OH0,0126_0050,A,0.5358688235282898,-0.45791658759117126,0.5,-0.5,-2.085631872141817,-0.09776183548768415,-2.339520012647248,31.793988199597663
1769385035.1265764,1769385035126585605,Sr02_gA_IMG1_LID0_STA1_CFC64_OH0,0126_0050,A,0.4925396144390106,-0.49659693241119385,0.5,-0.5,-2.119747909035128,-0.13274011518559056,-2.352206530441987,31.76907154125804
1769385035.2509065,1769385035250914636,Sr02_gA_IMG1_LID0_STA1_CFC64_OH0,0126_0050,A,0.5086694955825806,-0.47992390394210815,0.5,-0.5,-2.1729901278560546,-0.18365263318324937,-2.4087531437311487,31.729422015164918
1769385035.372284,1769385035372292536,Sr02_gA_IMG1_LID0_STA1_CFC64_OH0,0126_0050,A,0.48851335048675537,-0.46871817111968994,0.5,-0.5,-2.2108856970723325,-0.21599857464714284,-2.4631625572896474,31.700343629702797
1769385035.494259,1769385035494266425,Sr02_gA_IMG1_LID0_STA1_CFC64_OH0,0126_0050,A,0.48019346594810486,-0.4551011323928833,0.5,-0.5,-2.27091651830734,-0.2608556898765576,-2.533415438519197,31.65284653551313
1769385035.616884,1769385035616892929,Sr02_gA_IMG1_LID0_STA1_CFC64_OH0,0126_0050,A,0.5412758588790894,-0.469831645488739,0.5,-0.5,-2.3125993041559756,-0.2884617769957645,-2.579837080997139,31.619071216575083
1769385035.737983,1769385035737992116,Sr02_gA_IMG1_LID0_STA1_CFC64_OH0,0126_0050,A,0.4981318414211273,-0.2524259090423584,0.5,-0.5,-2.377397296225212,-0.3261977990890757,-2.6485875008565984,31.565387930397435
1769385035.8651712,1769385035865179664,Sr02_gA_IMG1_LID0_STA1_CFC64_OH0,0126_0050,A,0.49206745624542236,-0.15199367702007294,0.5,-0.5,-2.4220112712801316,-0.34875805043471947,-2.6982430433141893,31.52763913854415
1769385035.9879,1769385035987908941,Sr02_gA_IMG1_LID0_STA1_CFC64_OH0,0126_0050,A,0.4848719537258148,-0.10989704728126526,0.5,0.0,-2.4908721313475373,-0.3784353170399139,-2.770507642615404,31.468174376072223
1769385036.107342,1769385036107350485,Sr02_gA_IMG1_LID0_STA1_CFC64_OH0,0126_0050,A,0.5136255025863647,-0.0641857460141182,0.5,0.0,-2.537876635616974,-0.39546818195038863,-2.8173794147428883,31.42682466158192
1769385036.229794,1769385036229802551,Sr02_gA_IMG1_LID0_STA1_CFC64_OH0,0126_0050,A,0.4913332462310791,-0.1438242346048355,0.5,0.0,-2.5856196518541865,-0.4103063697748112,-2.8630256564244223,31.38424044931178
1769385036.3466568,1769385036346665964,Sr02_gA_IMG1_LID0_STA1_CFC64_OH0,0126_0050,A,0.5031718015670776,-0.16269537806510925,0.5,-0.5,-2.6583688732931194,-0.4284162145815124,-2.9319780014635186,31.318273159162338
1769385036.4764385,1769385036476447552,Sr02_gA_IMG1_LID0_STA1_CFC64_OH0,0126_0050,A,0.5062013864517212,-0.12952996790409088,0.5,0.0,-2.707234244700247,-0.43804832156860773,-2.9599964560386742,31.273353557868752
1769385036.6011984,1769385036601206660,Sr02_gA_IMG1_LID0_STA1_CFC64_OH0,0126_0050,A,0.500681459903717,-0.009353524073958397,0.5,0.0,-2.781155367597024,-0.4505013670901873,-2.9865936278866783,31.20489865728461
1769385036.7183,1769385036718307389,Sr02_gA_IMG1_LID0_STA1_CFC64_OH0,0126_0050,A,0.49715185165405273,-0.11734940111637115,0.5,0.0,-2.8305965721181923,-0.4579277685147408,-2.9980182211370705,31.15890336733978
1769385036.840664,1769385036840672772,Sr02_gA_IMG1_LID0_STA1_CFC64_OH0,0126_0050,A,0.5098583698272705,-0.011819079518318176,0.5,0.0,-2.9048580510132966,-0.4682612947323375,-3.0085097303003545,31.089633876609692
1769385036.9643364,1769385036964344448,Sr02_gA_IMG1_LID0_STA1_CFC64_OH0,0126_0050,A,0.5080621242523193,-0.011522812768816948,0.5,0.0,-2.9544397007652585,-0.4745447983154896,-3.0228925355883525,31.0432443164087
1769385037.0821316,1769385037082142065,Sr02_gA_IMG1_LID0_STA1_CFC64_OH0,0126_0050,A,0.4852956533432007,0.005638499744236469,0.5,0.0,-3.029012612261935,-0.4825201603765447,-3.0466335146549515,30.973119356696937
1769385037.2025733,1769385037202583496,Sr02_gA_IMG1_LID0_STA1_CFC64_OH0,0126_0050,A,0.5057326555252075,0.005900603719055653,0.5,0.0,-3.078816659053041,-0.4869384910415343,-3.059586492226895,30.926067896772214
1769385037.32409,1769385037324098082,Sr02_gA_IMG1_LID0_STA1_CFC64_OH0,0126_0050,A,0.5060853958129883,0.006859738379716873,0.5,0.0,-3.128595795697302,-0.49088983534105873,-3.0632286339043135,30.87893089070462
1769385037.4449563,1769385037444964561,Sr02_gA_IMG1_LID0_STA1_CFC64_OH0,0126_0050,A,0.4933343231678009,-0.006047519389539957,0.5,0.0,-3.203312117512734,-0.49644444389044046,-3.0747533787439925,30.808100773298708
1769385037.5665882,1769385037566597078,Sr02_gA_IMG1_LID0_STA1_CFC64_OH0,0126_0050,A,0.49263936281204224,0.013959335163235664,0.5,0.0,-3.253158655199213,-0.4997308052890447,-3.0763796923952063,30.760750370773977
1769385037.6865435,1769385037686551905,Sr02_gA_IMG1_LID0_STA1_CFC64_OH0,0126_0050,A,0.49104154109954834,0.006657024845480919,0.5,0.0,-3.3280034546686825,-0.504553032072104,-3.078116999698746,30.689640228382025
1769385037.8062344,1769385037806242656,Sr02_gA_IMG1_LID0_STA1_CFC64_OH0,0126_0050,A,0.4908645749092102,0.007171684876084328,0.5,0.0,-3.377902378383834,-0.5077306157695506,-3.077724776622715,30.642231886965888
1769385037.9370966,1769385037937107537,Sr02_gA_IMG1_LID0_STA1_CFC64_OH0,0126_0050,A,0.5073941946029663,-0.001294966321438551,0.5,0.0,-3.42779949582144,-0.5109364357978854,-3.0771373384520535,30.59484081662135
1769385038.0601442,1769385038060152356,Sr02_gA_IMG1_LID0_STA1_CFC64_OH0,0126_0050,A,0.49675196409225464,-0.01050022803246975,0.5,0.0,-3.5026414362659057,-0.5158029320815829,-3.076275810675398,30.523788353751026
1769385038.1873713,1769385038187379747,Sr02_gA_IMG1_LID0_STA1_CFC64_OH0,0126_0050,A,0.4949926435947418,0.017606157809495926,0.5,0.0,-3.552535797525465,-0.5190513657369057,-3.07688055887543,30.476431873881975
1769385038.3093448,1769385038309354055,Sr02_gA_IMG1_LID0_STA1_CFC64_OH0,0126_0050,A,0.49467232823371887,0.017831800505518913,0.5,0.0,-3.6273755151576332,-0.5239517888799351,-3.075186813771547,30.405421997927665
1769385038.4311256,1769385038431139499,Sr02_gA_IMG1_LID0_STA1_CFC64_OH0,0126_0050,A,0.5004854798316956,0.0083051398396492,0.5,0.0,-3.677263969562569,-0.5272897076209495,-3.0744480838043855,30.358115735769097
1769385038.5590847,1769385038559092923,Sr02_gA_IMG1_LID0_STA1_CFC64_OH0,0126_0050,A,0.5002496242523193,0.002805362455546856,0.5,0.0,-3.752092282182433,-0.5323614322832031,-3.073462141516674,30.287193708821235
1769385038.6810942,1769385038681104191,Sr02_gA_IMG1_LID0_STA1_CFC64_OH0,0126_0050,A,0.4996829926967621,0.004594140220433474,0.5,0.0,-3.801976499983742,-0.5357620930727132,-3.0735916361332536,30.23992966925802
1769385038.8038676,1769385038803875496,Sr02_gA_IMG1_LID0_STA1_CFC64_OH0,0126_0050,A,0.4991799592971802,0.004812156315892935,0.5,0.0,-3.876806273140165,-0.5408121687567486,-3.0749825557850485,30.169033470017673
1769385038.9299762,1769385038929986781,Sr02_gA_IMG1_LID0_STA1_CFC64_OH0,0126_0050,A,0.5122353434562683,-0.0030109877698123455,0.5,0.0,-3.926693332032528,-0.5441708060351578,-3.073503027789267,30.1217777323627
1769385039.0571015,1769385039057110888,Sr02_gA_IMG1_LID0_STA1_CFC64_OH0,0126_0050,A,0.512336015701294,0.0028310753405094147,0.5,0.0,-4.001512651640908,-0.5493732469728285,-3.0709257798750094,30.05096500138586
1769385039.1797407,1769385039179749924,Sr02_gA_IMG1_LID0_STA1_CFC64_OH0,0126_0050,A,0.4935458302497864,0.010147972963750362,0.5,0.0,-4.051386383485256,-0.5529243610411448,-3.0700952652198232,30.00379530005467
1769385039.3014836,1769385039301491565,Sr02_gA_IMG1_LID0_STA1_CFC64_OH0,0126_0050,A,0.4927864968776703,0.010534520260989666,0.5,0.0,-4.1261930543835215,-0.5583059186080094,-3.069510800057591,29.933076301384137
1769385039.4205174,1769385039420533257,Sr02_gA_IMG1_LID0_STA1_CFC64_OH0,0126_0050,A,0.5040844082832336,-0.005497936625033617,0.5,0.0,-4.176062383692653,-0.5619183462247824,-3.069051386816495,29.885950181656717
1769385039.5408142,1769385039540822972,Sr02_gA_IMG1_LID0_STA1_CFC64_OH0,0126_0050,A,0.49548831582069397,0.02088441140949726,0.5,0.0,-4.250863189118495,-0.5673808145036409,-3.068409971867223,29.815293298229427
1769385039.6625383,1769385039662548583,Sr02_gA_IMG1_LID0_STA1_CFC64_OH0,0126_0050,A,0.5102079510688782,-0.002175368834286928,0.5,0.0,-4.300729902709506,-0.5710291757377777,-3.0687110684850674,29.768202779398226
1769385039.7887084,1769385039788715673,Sr02_gA_IMG1_LID0_STA1_CFC64_OH0,0126_0050,A,0.5099465250968933,-0.0021471953950822353,0.5,0.0,-4.350597032532046,-0.5746718443888815,-3.0685448069553503,29.721119842050058
1769385039.9117806,1769385039911788443,Sr02_gA_IMG1_LID0_STA1_CFC64_OH0,0126_0050,A,0.4975185692310333,-0.010649502277374268,0.5,0.0,-4.425393577479595,-0.5801922733542703,-3.0671689568126372,29.65053247377714
1769385040.043243,1769385040043251486,Sr02_gA_IMG1_LID0_STA1_CFC64_OH0,0126_0050,A,0.50307697057724,0.022409634664654732,0.5,0.0,-4.475253198601553,-0.5839362863544285,-3.066115506805327,29.60350797668611
1769385040.1659114,1769385040165921129,Sr02_gA_IMG1_LID0_STA1_CFC64_OH0,0126_0050,A,0.5026426315307617,0.02255643531680107,0.5,0.0,-4.55003880247943,-0.589603084782881,-3.066035077974012,29.53300693357024
1769385040.29055,1769385040290559027,Sr02_gA_IMG1_LID0_STA1_CFC64_OH0,0126_0050,A,0.5143977403640747,0.0036219225730746984,0.5,0.0,-4.599892166124015,-0.5934294286899202,-3.063946645869447,29.486035234124095
1769385040.4138172,1769385040413828025,Sr02_gA_IMG1_LID0_STA1_CFC64_OH0,0126_0050,A,0.5049659609794617,0.0033605259377509356,0.5,0.0,-4.674664633013316,-0.5992670168017915,-3.0638117381649814,29.4156302715134
1769385040.535711,1769385040535719327,Sr02_gA_IMG1_LID0_STA1_CFC64_OH0,0126_0050,A,0.48184382915496826,0.025422994047403336,0.5,0.0,-4.724513876042079,-0.6031467903614209,-3.064026457374857,29.368702126754297
1769385040.6561573,1769385040656166207,Sr02_gA_IMG1_LID0_STA1_CFC64_OH0,0126_0050,A,0.48131123185157776,0.025625385344028473,0.5,0.0,-4.799292912232798,-0.608899521789998,-3.0652933010229075,29.29830575894516
1769385040.7833822,1769385040783392234,Sr02_gA_IMG1_LID0_STA1_CFC64_OH0,0126_0050,A,0.49796372652053833,0.016470076516270638,0.5,0.0,-4.849143127736184,-0.6127666461865617,-3.063052348264741,29.2513986668664
1769385040.905703,1769385040905711299,Sr02_gA_IMG1_LID0_STA1_CFC64_OH0,0126_0050,A,0.4014534652233124,0.021305855363607407,0.5,0.0,-4.923901839062241,-0.618777386941667,-3.059671824621735,29.1811307770642
1769385041.0269582,1769385041026966616,Sr02_gA_IMG1_LID0_STA1_CFC64_OH0,0126_0050,A,0.49350887537002563,0.014496641233563423,0.5,0.0,-4.9737334120612875,-0.6228778732229854,-3.059309618468151,29.13433150976202
1769385041.1476092,1769385041147620955,Sr02_gA_IMG1_LID0_STA1_CFC64_OH0,0126_0050,A,0.4932778477668762,0.014423171058297157,0.5,0.0,-5.048478054427388,-0.6290615274720027,-3.0585849280635946,29.064164271593462
1769385041.2702088,1769385041270217500,Sr02_gA_IMG1_LID0_STA1_CFC64_OH0,0126_0050,A,0.5033830404281616,0.006874984595924616,0.5,0.0,-5.098300569739749,-0.6332704827302974,-3.056042637517243,29.017430375601798
1769385041.3971152,1769385041397126552,Sr02_gA_IMG1_LID0_STA1_CFC64_OH0,0126_0050,A,0.4965873658657074,0.023953279480338097,0.5,0.0,-5.173013801584666,-0.6398222270099762,-3.0522028839766846,28.94743568440548
1769385041.5249932,1769385041525001528,Sr02_gA_IMG1_LID0_STA1_CFC64_OH0,0126_0050,A,0.5009071826934814,-0.009790826588869095,0.5,0.0,-5.222810469856334,-0.6443267743367128,-3.050555872013234,28.900836101223227
1769385041.653362,1769385041653369519,Sr02_gA_IMG1_LID0_STA1_CFC64_OH0,0126_0050,A,0.5008270144462585,-0.00960315391421318,0.5,0.0,-5.297488932689481,-0.6512637644720609,-3.04749618188946,28.831024107554978
1769385041.7802567,1769385041780265146,Sr02_gA_IMG1_LID0_STA1_CFC64_OH0,0126_0050,A,0.439442902803421,0.027992941439151764,0.5,0.0,-5.347264317252326,-0.6559977202355703,-3.0460479890824965,28.784537607877706
1769385041.9040356,1769385041904043650,Sr02_gA_IMG1_LID0_STA1_CFC64_OH0,0126_0050,A,0.5047193765640259,-0.003263058140873909,0.5,0.0,-5.421914610792083,-0.6632317363583657,-3.0441109565302003,28.714879502958677
1769385042.024479,1769385042024488155,Sr02_gA_IMG1_LID0_STA1_CFC64_OH0,0126_0050,A,0.5000160932540894,-0.0038411207497119904,0.5,0.0,-5.471675551944491,-0.668115210545839,-3.0434234590704135,28.668478473316846
1769385042.1464489,1769385042146460107,Sr02_gA_IMG1_LID0_STA1_CFC64_OH0,0126_0050,A,0.5000860095024109,-0.00371891213580966,0.5,0.0,-5.546301417913787,-0.6755967938655258,-3.0405053432913776,28.598958589904807
1769385042.270457,1769385042270466328,Sr02_gA_IMG1_LID0_STA1_CFC64_OH0,0126_0050,A,0.5018903017044067,-0.0006970376707613468,0.5,0.0,-5.596048628268197,-0.6806182025465249,-3.041484422347381,28.552640140445007
1769385042.3892047,1769385042389212324,Sr02_gA_IMG1_LID0_STA1_CFC64_OH0,0126_0050,A,0.5078972578048706,-0.0223842840641737,0.5,0.0,-5.645800701347635,-0.6855912010747428,-3.0424484897590838,28.506315783770372
1769385042.5111637,1769385042511171452,Sr02_gA_IMG1_LID0_STA1_CFC64_OH0,0126_0050,A,0.49264824390411377,-0.0058356462977826595,0.5,0.0,-5.720418819948637,-0.6931181204923991,-3.039012777563091,28.436881293912194
1769385042.639252,1769385042639260519,Sr02_gA_IMG1_LID0_STA1_CFC64_OH0,0126_0050,A,0.4921024441719055,-0.005884081590920687,0.5,0.0,-5.770156815960846,-0.6982300098592759,-3.0393390589264184,28.390641165938142
1769385042.7612104,1769385042761219717,Sr02_gA_IMG1_LID0_STA1_CFC64_OH0,0126_0050,A,0.5003601908683777,-0.0033969911746680737,0.5,0.0,-5.844767141307321,-0.7058653545176933,-3.0398954397221893,28.32129247146316
1769385042.8815181,1769385042881526302,Sr02_gA_IMG1_LID0_STA1_CFC64_OH0,0126_0050,A,0.5098457336425781,-0.0048559424467384815,0.5,0.0,-5.8945097455654505,-0.7109322051961801,-3.0402673303347596,28.27506706633841
1769385043.0088391,1769385043008847468,Sr02_gA_IMG1_LID0_STA1_CFC64_OH0,0126_0050,A,0.5063157677650452,-0.0076283724047243595,0.5,0.0,-5.96912588838394,-0.7185104971929257,-3.040432325517158,28.205744655783768
1769385043.1325645,1769385043132574364,Sr02_gA_IMG1_LID0_STA1_CFC64_OH0,0126_0050,A,0.5057209134101868,-0.0075659542344510555,0.5,0.0,-6.018875877748227,-0.7235042129284569,-3.0426707336673857,28.15952342577988
1769385043.2580597,1769385043258067927,Sr02_gA_IMG1_LID0_STA1_CFC64_OH0,0126_0050,A,0.5028266310691833,0.008096655830740929,0.5,0.0,-6.093512447072433,-0.7308785906781831,-3.043547060513437,28.090171243356355
1769385043.3843715,1769385043384380639,Sr02_gA_IMG1_LID0_STA1_CFC64_OH0,0126_0050,A,0.5025771856307983,-0.002242675516754389,0.5,0.0,-6.143273750002911,-0.7357583797638053,-3.0441354677072727,28.043938628455514
1769385043.507795,1769385043507803685,Sr02_gA_IMG1_LID0_STA1_CFC64_OH0,0126_0050,A,0.5044560432434082,-0.000523522263392806,0.5,0.0,-6.217919886730785,-0.7430352908089576,-3.044669888316673,27.974597596799025
1769385043.6282885,1769385043628296129,Sr02_gA_IMG1_LID0_STA1_CFC64_OH0,0126_0050,A,0.5043440461158752,-0.0003089676611125469,0.5,0.0,-6.267686389630753,-0.7478617618751524,-3.0451554806507306,27.928376972695606
1769385043.7516885,1769385043751695571,Sr02_gA_IMG1_LID0_STA1_CFC64_OH0,0126_0050,A,0.4987105131149292,-0.010641537606716156,0.5,0.0,-6.342342015052313,-0.7550406382701754,-3.046298484201146,27.859047152300366
1769385043.8721685,1769385043872177334,Sr02_gA_IMG1_LID0_STA1_CFC64_OH0,0126_0050,A,0.5087869763374329,-0.017448581755161285,0.5,0.0,-6.392116954176633,-0.7597793088533067,-3.0470550783908226,27.812825481921603
1769385043.9899774,1769385043989985138,Sr02_gA_IMG1_LID0_STA1_CFC64_OH0,0126_0050,A,0.5052729249000549,-0.008225791156291962,0.5,0.0,-6.441892472281473,-0.7645118934530865,-3.0464020519614254,27.766614568086883
1769385044.108,1769385044108009578,Sr02_gA_IMG1_LID0_STA1_CFC64_OH0,0126_0050,A,0.5051425099372864,-0.007988564670085907,0.5,0.0,-6.516551052221293,-0.7716600174257208,-3.046221479105367,27.69734184379871
1769385044.2295966,1769385044229603980,Sr02_gA_IMG1_LID0_STA1_CFC64_OH0,0126_0050,A,0.4920932352542877,0.0013394372072070837,0.5,0.0,-6.566323954463494,-0.7764200473518894,-3.0462738325615533,27.651174549307154
1769385044.352695,1769385044352701034,Sr02_gA_IMG1_LID0_STA1_CFC64_OH0,0126_0050,A,0.4922548532485962,-0.0151014793664217,0.5,0.0,-6.64098370142746,-0.783555975378235,-3.0463266144266434,27.581947070247843
1769385044.470849,1769385044470856650,Sr02_gA_IMG1_LID0_STA1_CFC64_OH0,0126_0050,A,0.49188172817230225,-0.015034481883049011,0.5,0.0,-6.690759036165831,-0.788290477519383,-3.0472874330099313,27.535803391226022
1769385044.5933979,1769385044593405634,Sr02_gA_IMG1_LID0_STA1_CFC64_OH0,0126_0050,A,0.5070018172264099,0.00762150390073657,0.5,0.0,-6.740540641591844,-0.7929585417025602,-3.048964212792659,27.489647480446095
1769385044.7102509,1769385044710259296,Sr02_gA_IMG1_LID0_STA1_CFC64_OH0,0126_0050,A,0.5045990347862244,-0.008960232138633728,0.5,0.0,-6.815225573338495,-0.799825797970973,-3.0505646253958236,27.420386753976963
1769385044.8313105,1769385044831319996,Sr02_gA_IMG1_LID0_STA1_CFC64_OH0,0126_0050,A,0.5121604800224304,-0.015472706407308578,0.5,0.0,-6.865020370784218,-0.8043510269563804,-3.0513634806067853,27.37420930611834
1769385044.9484143,1769385044948424078,Sr02_gA_IMG1_LID0_STA1_CFC64_OH0,0126_0050,A,0.5119264125823975,-0.015332592651247978,0.5,0.0,-6.939716296453863,-0.8110977268078797,-3.051442412090732,27.30495249270873
1769385045.0690703,1769385045069077774,Sr02_gA_IMG1_LID0_STA1_CFC64_OH0,0126_0050,A,0.502250075340271,-0.005239149089902639,0.5,0.0,-6.989515936589998,-0.815569312289766,-3.0527881360800926,27.258788048510368
1769385045.1870694,1769385045187077267,Sr02_gA_IMG1_LID0_STA1_CFC64_OH0,0126_0050,A,0.4921761453151703,0.0015885441098362207,0.5,0.0,-7.0393222243763365,-0.8199662326710104,-3.0542922518342674,27.212608344601882
1769385045.308531,1769385045308540612,Sr02_gA_IMG1_LID0_STA1_CFC64_OH0,0126_0050,A,0.4920618534088135,0.0018242285586893559,0.5,0.0,-7.114038030720814,-0.826489061063347,-3.0542210913379546,27.143336181598134
1769385045.4253721,1769385045425380969,Sr02_gA_IMG1_LID0_STA1_CFC64_OH0,0126_0050,A,0.48468515276908875,-0.00018011895008385181,0.5,0.0,-7.16384925219127,-0.8308297673676377,-3.0551171095536884,27.097168655363667
1769385045.5453174,1769385045545324441,Sr02_gA_IMG1_LID0_STA1_CFC64_OH0,0126_0050,A,0.4953136146068573,0.012061988934874535,0.5,0.0,-7.213665025372518,-0.8351178916329208,-3.056468998772509,27.050994465123924
1769385045.676354,1769385045676365168,Sr02_gA_IMG1_LID0_STA1_CFC64_OH0,0126_0050,A,0.5043059587478638,0.0014825037214905024,0.5,0.0,-7.288400767301917,-0.8414080163845727,-3.058777290826721,26.981703999702486
1769385045.8019423,1769385045801951084,Sr02_gA_IMG1_LID0_STA1_CFC64_OH0,0126_0050,A,0.5042456388473511,0.001644540810957551,0.5,0.0,-7.338230878763272,-0.8455262211835095,-3.059402146872774,26.93549842056111
1769385045.9256065,1769385045925615272,Sr02_gA_IMG1_LID0_STA1_CFC64_OH0,0126_0050,A,0.4935723841190338,0.005673106759786606,0.5,0.0,-7.412978416346031,-0.8516747897852032,-3.059434621441464,26.86620447588217
1769385046.046823,1769385046046831714,Sr02_gA_IMG1_LID0_STA1_CFC64_OH0,0126_0050,A,0.4943707585334778,-1.9998755306005478e-05,0.5,0.0,-7.462809384987718,-0.8557826164976505,-3.059252198934176,26.820028949512327
1769385046.1689532,1769385046168962824,Sr02_gA_IMG1_LID0_STA1_CFC64_OH0,0126_0050,A,0.4910998046398163,0.004660135600715876,0.5,0.0,-7.53755479818455,-0.8619569546605855,-3.058851831401498,26.750796307606674
1769385046.2893994,1769385046289407997,Sr02_gA_IMG1_LID0_STA1_CFC64_OH0,0126_0050,A,0.4911333918571472,0.004498231690376997,0.5,0.0,-7.587381237274807,-0.8661193274736816,-3.057645634683009,26.70467640207444
1769385046.4100173,1769385046410025174,Sr02_gA_IMG1_LID0_STA1_CFC64_OH0,0126_0050,A,0.49344655871391296,9.692506864666939e-05,0.5,0.0,-7.662115776741899,-0.8724239185206529,-3.057315836435191,26.635546554466345
1769385046.5361412,1769385046536149190,Sr02_gA_IMG1_LID0_STA1_CFC64_OH0,0126_0050,A,0.5135451555252075,-0.008657453581690788,0.5,0.0,-7.711937967802279,-0.8766368694236243,-3.057151382657591,26.58948152876395
1769385046.6632388,1769385046663247475,Sr02_gA_IMG1_LID0_STA1_CFC64_OH0,0126_0050,A,0.5051387548446655,-0.01525193452835083,0.5,0.0,-7.786668621052693,-0.8829873414147098,-3.056551780929056,26.520422880875348
1769385046.7879422,1769385046787948519,Sr02_gA_IMG1_LID0_STA1_CFC64_OH0,0126_0050,A,0.5050321221351624,-0.015303218737244606,0.5,0.0,-7.836487932324196,-0.8872342117250273,-3.0565537807072984,26.474406935734116
1769385046.9124932,1769385046912501745,Sr02_gA_IMG1_LID0_STA1_CFC64_OH0,0126_0050,A,0.5109830498695374,0.005270990543067455,0.5,0.0,-7.911214962765294,-0.893627175441467,-3.0559031853058114,26.40541911201753
1769385047.0392873,1769385047039296300,Sr02_gA_IMG1_LID0_STA1_CFC64_OH0,0126_0050,A,0.5060190558433533,-0.0025432477705180645,0.5,0.0,-7.961030550112822,-0.897917501789936,-3.055497373402018,26.359456678475066
1769385047.1572435,1769385047157252821,Sr02_gA_IMG1_LID0_STA1_CFC64_OH0,0126_0050,A,0.5026475191116333,0.00044436147436499596,0.5,0.0,-8.03575287446657,-0.9043652540671387,-3.0557454581034964,26.29054552370568
1769385047.277161,1769385047277168741,Sr02_gA_IMG1_LID0_STA1_CFC64_OH0,0126_0050,A,0.5025284290313721,0.000637297285720706,0.5,0.0,-8.085570590445231,-0.9086307788288377,-3.056611201901098,26.2446102106604
1769385047.4007387,1769385047400747638,Sr02_gA_IMG1_LID0_STA1_CFC64_OH0,0126_0050,A,0.5016741156578064,-0.00540585583075881,0.5,0.0,-8.135393103351086,-0.9128398662990799,-3.058070443111695,26.198667385652037
1769385047.5231342,1769385047523142812,Sr02_gA_IMG1_LID0_STA1_CFC64_OH0,0126_0050,A,0.4931042492389679,-0.008970778435468674,0.5,0.0,-8.21013871505622,-0.9190116108049435,-3.0601581403674505,26.129724833193357
1769385047.6471176,1769385047647126509,Sr02_gA_IMG1_LID0_STA1_CFC64_OH0,0126_0050,A,0.4935350716114044,-0.008879747241735458,0.5,0.0,-8.259971939794633,-0.9230919707679791,-3.0596310465584557,26.08376817698863
1769385047.7708845,1769385047770893298,Sr02_gA_IMG1_LID0_STA1_CFC64_OH0,0126_0050,A,0.5057387948036194,-0.001961363945156336,0.5,0.0,-8.334720437208553,-0.9292288565888511,-3.0598562426099742,26.014867641427866
1769385047.8930962,1769385047893105940,Sr02_gA_IMG1_LID0_STA1_CFC64_OH0,0126_0050,A,0.49873584508895874,-0.006202921736985445,0.5,0.0,-8.384553415286385,-0.9333122349204755,-3.059811808821332,25.968949596034392
1769385048.0151315,1769385048015140528,Sr02_gA_IMG1_LID0_STA1_CFC64_OH0,0126_0050,A,0.5054103136062622,-0.008873507380485535,0.5,0.0,-8.459302465701327,-0.939442385414024,-3.0597766426280137,25.900102898048555
1769385048.1342883,1769385048134296711,Sr02_gA_IMG1_LID0_STA1_CFC64_OH0,0126_0050,A,0.5052235126495361,-0.008695656433701515,0.5,0.0,-8.509136311425772,-0.9435151538065454,-3.0603172260394667,25.854218532605543
1769385048.2598317,1769385048259839364,Sr02_gA_IMG1_LID0_STA1_CFC64_OH0,0126_0050,A,0.48942553997039795,-0.002582780085504055,0.5,0.0,-8.583892400127441,-0.9495588011562253,-3.0615888086773673,25.785394506392485
1769385048.3844962,1769385048384504780,Sr02_gA_IMG1_LID0_STA1_CFC64_OH0,0126_0050,A,0.4367789030075073,0.015342466533184052,0.5,0.0,-8.633734234506646,-0.9535325983847189,-3.062476781950689,25.73950890546049
1769385048.5037298,1769385048503738258,Sr02_gA_IMG1_LID0_STA1_CFC64_OH0,0126_0050,A,0.4891735911369324,-0.015946459025144577,0.5,0.0,-8.708500506880256,-0.9594489958687029,-3.062813404521764,25.670691613531663
1769385048.6240926,1769385048624101437,Sr02_gA_IMG1_LID0_STA1_CFC64_OH0,0126_0050,A,0.4890107214450836,-0.015705661848187447,0.5,0.0,-8.758346646882629,-0.9633684256316207,-3.063433694777288,25.624822767051953
1769385048.7464297,1769385048746438753,Sr02_gA_IMG1_LID0_STA1_CFC64_OH0,0126_0050,A,0.5242709517478943,0.002273266203701496,0.5,0.0,-8.808195539863501,-0.9672526755389755,-3.0642676303950322,25.578955333223703
1769385048.8667607,1769385048866777656,Sr02_gA_IMG1_LID0_STA1_CFC64_OH0,0126_0050,A,0.5146080255508423,-0.015067914500832558,0.5,0.0,-8.882975204637525,-0.9729972576737076,-3.0655755338758626,25.51015057060189
1769385048.996295,1769385048996303668,Sr02_gA_IMG1_LID0_STA1_CFC64_OH0,0126_0050,A,0.5050343871116638,-0.0038665281608700752,0.5,0.0,-8.932831295796438,-0.9767880153233649,-3.0658338161395493,25.464284575757272
1769385049.1195858,1769385049119593582,Sr02_gA_IMG1_LID0_STA1_CFC64_OH0,0126_0050,A,0.5052888989448547,-0.003589204978197813,0.5,0.0,-9.007613200785444,-0.9825032938193757,-3.064562343799504,25.39552653737053
1769385049.2412443,1769385049241252914,Sr02_gA_IMG1_LID0_STA1_CFC64_OH0,0126_0050,A,0.5058968663215637,-0.011989858001470566,0.5,0.0,-9.05746797595134,-0.9863112520768464,-3.066156980427968,25.3497066141218
1769385049.3604088,1769385049360417492,Sr02_gA_IMG1_LID0_STA1_CFC64_OH0,0126_0050,A,0.5176530480384827,0.003638774622231722,0.5,0.0,-9.132260994204769,-0.9918791627290673,-3.0679782884731326,25.280948546426863
1769385049.487043,1769385049487051724,Sr02_gA_IMG1_LID0_STA1_CFC64_OH0,0126_0050,A,0.49613866209983826,-0.0027162483893334866,0.5,0.0,-9.182125156931015,-0.9955622250234079,-3.0677509625214805,25.235117985971495
1769385049.6095953,1769385049609604213,Sr02_gA_IMG1_LID0_STA1_CFC64_OH0,0126_0050,A,0.49582695960998535,-0.0028255144134163857,0.5,0.0,-9.231991660965894,-0.9992133871611326,-3.06925773823763,25.189290479194426
1769385049.7343996,1769385049734407919,Sr02_gA_IMG1_LID0_STA1_CFC64_OH0,0126_0050,A,0.4981473982334137,-0.018901780247688293,0.5,0.0,-9.306798725182043,-1.0045894583720534,-3.070173766125009,25.120538606812726
1769385049.8557427,1769385049855750446,Sr02_gA_IMG1_LID0_STA1_CFC64_OH0,0126_0050,A,0.4795185327529907,-0.015831386670470238,0.5,0.0,-9.356671916762378,-1.0081481684345732,-3.070538232702569,25.074713747170584
1769385049.9778726,1769385049977881153,Sr02_gA_IMG1_LID0_STA1_CFC64_OH0,0126_0050,A,0.48900777101516724,-0.01862807385623455,0.5,0.0,-9.431486587292738,-1.0134172234337115,-3.072168689247385,25.005978716980504
1769385050.0999355,1769385050099947589,Sr02_gA_IMG1_LID0_STA1_CFC64_OH0,0126_0050,A,0.48908430337905884,-0.01838546060025692,0.5,0.0,-9.481365508249272,-1.0168947081423962,-3.0718048243393277,24.9601612409387
1769385050.2200212,1769385050220028858,Sr02_gA_IMG1_LID0_STA1_CFC64_OH0,0126_0050,A,0.4585666358470917,-0.002637761179357767,0.5,0.0,-9.556183108236656,-1.0221221326454617,-3.072023790929755,24.891469726218343
1769385050.342064,1769385050342072551,Sr02_gA_IMG1_LID0_STA1_CFC64_OH0,0126_0050,A,0.4459061622619629,-0.012124154716730118,0.5,0.0,-9.60606264855871,-1.0255907236602795,-3.072306341902482,24.845689050365724
1769385050.4667087,1769385050466715073,Sr02_gA_IMG1_LID0_STA1_CFC64_OH0,0126_0050,A,0.4452042579650879,-0.012190915644168854,0.5,0.0,-9.680888426289593,-1.0306994214542493,-3.074820067209949,24.777010595746102
1769385050.587201,1769385050587208957,Sr02_gA_IMG1_LID0_STA1_CFC64_OH0,0126_0050,A,0.4872260093688965,0.010006556287407875,0.5,0.0,-9.730779620032974,-1.033996078498669,-3.0764032056371104,24.73120136464444
1769385050.7123206,1769385050712329036,Sr02_gA_IMG1_LID0_STA1_CFC64_OH0,0126_0050,A,0.4940507113933563,0.017023174092173576,0.5,0.0,-9.780676417750755,-1.0372067696097995,-3.0782660078359494,24.685373848145392
1769385050.834418,1769385050834426129,Sr02_gA_IMG1_LID0_STA1_CFC64_OH0,0126_0050,A,0.4932955801486969,-0.004896908532828093,0.5,0.0,-9.855532558558368,-1.0418493868630563,-3.0810311009867783,24.61659347475914
1769385050.9512503,1769385050951258038,Sr02_gA_IMG1_LID0_STA1_CFC64_OH0,0126_0050,A,0.49340441823005676,-0.004845154006034136,0.5,0.0,-9.905442143064349,-1.0448548836857272,-3.0816098421962987,24.57072427001027
1769385051.0731776,1769385051073187136,Sr02_gA_IMG1_LID0_STA1_CFC64_OH0,0126_0050,A,0.4873093068599701,0.0072734239511191845,0.5,0.0,-9.962434480743108,-1.048267674244803,-3.0820035545826814,24.518358841380135
1769385051.1948123,1769385051194820177,Sr02_gA_IMG1_LID0_STA1_CFC64_OH0,0126_0050,A,0.5010657906532288,-0.002388100139796734,0.5,0.0,-9.976531588188331,-1.0491072710332243,-3.0822641170747063,24.505407895910075
1769385051.3189554,1769385051318963252,Sr02_gA_IMG1_LID0_STA1_CFC64_OH0,0126_0050,A,0.5001528859138489,-0.005051909480243921,0.5,0.0,-9.97678299744298,-1.049121894423739,-3.0826029244492044,24.505176818882816
1769385051.438129,1769385051438137697,Sr02_gA_IMG1_LID0_STA1_CFC64_OH0,0126_0050,A,0.5001599788665771,-0.004993644077330828,0.5,0.0,-9.994264123303608,-1.0501529478056177,-3.082724154334923,24.48911534916137
1769385051.5580592,1769385051558067291,Sr02_gA_IMG1_LID0_STA1_CFC64_OH0,0126_0050,A,0.4911206364631653,-0.019335255026817322,0.5,0.0,-10.02901853610647,-1.0522001212809484,-3.0827746952265436,24.45718836113712
1769385051.6791337,1769385051679141353,Sr02_gA_IMG1_LID0_STA1_CFC64_OH0,0126_0050,A,0.4901324510574341,0.012091673910617828,0.5,0.0,-10.102661399003521,-1.0565216772878965,-3.0833119958311976,24.389557148797024
1769385051.7995486,1769385051799557891,Sr02_gA_IMG1_LID0_STA1_CFC64_OH0,0126_0050,A,0.4903186559677124,0.012123104184865952,0.5,0.0,-10.152575440472809,-1.0594522125972692,-3.0825846638988272,24.343738489527702
1769385051.9244165,1769385051924423993,Sr02_gA_IMG1_LID0_STA1_CFC64_OH0,0126_0050,A,0.4984254240989685,-0.010560935363173485,0.5,0.0,-10.22744453863601,-1.0638813649320025,-3.082653025692268,24.275054876505006
1769385052.0437815,1769385052043790259,Sr02_gA_IMG1_LID0_STA1_CFC64_OH0,0126_0050,A,0.5086151361465454,0.006131361238658428,0.5,0.0,-10.277358381234663,-1.0668152954582517,-3.0831315757258397,24.22927900944384
1769385052.1718733,1769385052171882507,Sr02_gA_IMG1_LID0_STA1_CFC64_OH0,0126_0050,A,0.5042632818222046,0.0033143269829452038,0.5,0.0,-10.352231885964896,-1.07116929512219,-3.0838812038099546,24.16062765104757
1769385052.2904658,1769385052290473688,Sr02_gA_IMG1_LID0_STA1_CFC64_OH0,0126_0050,A,0.5035744309425354,0.0033403735142201185,0.5,0.0,-10.402151397597711,-1.074005007045297,-3.0858147151760145,24.114854042795862
1769385052.410722,1769385052410731056,Sr02_gA_IMG1_LID0_STA1_CFC64_OH0,0126_0050,A,0.5103974938392639,-0.00948493741452694,0.5,0.0,-10.452071937793248,-1.0768226382329464,-3.0846055738104683,24.06908994256249
1769385052.5343866,1769385052534394730,Sr02_gA_IMG1_LID0_STA1_CFC64_OH0,0126_0050,A,0.4955865442752838,0.0021273395977914333,0.5,0.0,-10.526946262168808,-1.0811623717157082,-3.082788054087786,24.00052144909076
1769385052.6552424,1769385052655250021,Sr02_gA_IMG1_LID0_STA1_CFC64_OH0,0126_0050,A,0.48702096939086914,0.0045809815637767315,0.5,0.0,-10.576860748259378,-1.0840853073107293,-3.083617288514641,23.954842664501662
1769385052.7765648,1769385052776575665,Sr02_gA_IMG1_LID0_STA1_CFC64_OH0,0126_0050,A,0.4872024357318878,0.004453831352293491,0.5,0.0,-10.651733437156041,-1.088453301898086,-3.08289269003992,23.88635023307275
1769385052.8994544,1769385052899470576,Sr02_gA_IMG1_LID0_STA1_CFC64_OH0,0126_0050,A,0.48916831612586975,-0.004044896457344294,0.5,0.0,-10.701646829567846,-1.091394886172279,-3.082561257283561,23.840722495087494
1769385053.0197284,1769385053019736100,Sr02_gA_IMG1_LID0_STA1_CFC64_OH0,0126_0050,A,0.4962897002696991,0.011876644566655159,0.5,0.0,-10.77651515392415,-1.0958370935197799,-3.0823174802363607,23.772326139136936
1769385053.145469,1769385053145477013,Sr02_gA_IMG1_LID0_STA1_CFC64_OH0,0126_0050,A,0.5011796951293945,-0.0008624945767223835,0.5,0.0,-10.826428735062466,-1.098775445687958,-3.08326597166575,23.7267412127578
1769385053.2672927,1769385053267301283,Sr02_gA_IMG1_LID0_STA1_CFC64_OH0,0126_0050,A,0.5008087158203125,-0.000673382543027401,0.5,0.0,-10.901300980701421,-1.1031510686089734,-3.0830384676891924,23.658384091251424
1769385053.387483,1769385053387491655,Sr02_gA_IMG1_LID0_STA1_CFC64_OH0,0126_0050,A,0.48669660091400146,-0.006276241037994623,0.5,0.0,-10.951214615445314,-1.1060885345259848,-3.0825816422346333,23.612843516384956
1769385053.511485,1769385053511493203,Sr02_gA_IMG1_LID0_STA1_CFC64_OH0,0126_0050,A,0.5066918134689331,0.005252971779555082,0.5,0.0,-11.001126921724103,-1.1090484878365312,-3.0821362598007735,23.56733035079848
1769385053.6327543,1769385053632762732,Sr02_gA_IMG1_LID0_STA1_CFC64_OH0,0126_0050,A,0.5063459873199463,0.005301389843225479,0.5,0.0,-11.07599471950895,-1.1134995577628328,-3.082488025356492,23.49909943589164
1769385053.7533107,1769385053753319291,Sr02_gA_IMG1_LID0_STA1_CFC64_OH0,0126_0050,A,0.5061787366867065,-0.011635329574346542,0.5,0.0,-11.125906093094029,-1.1164751579295946,-3.0814595901752306,23.45363855828611
1769385053.8750427,1769385053875050437,Sr02_gA_IMG1_LID0_STA1_CFC64_OH0,0126_0050,A,0.48989319801330566,0.004882253706455231,0.5,0.0,-11.200770265771126,-1.120986801646216,-3.081459672206363,23.38550219306292
1769385053.9942913,1769385053994299592,Sr02_gA_IMG1_LID0_STA1_CFC64_OH0,0126_0050,A,0.4971214234828949,-0.002481830772012472,0.5,0.0,-11.250679991590573,-1.1239899584427888,-3.0815270103908166,23.340099399446956
1769385054.1159854,1769385054115993036,Sr02_gA_IMG1_LID0_STA1_CFC64_OH0,0126_0050,A,0.49702751636505127,-0.0024871407076716423,0.5,0.0,-11.300590330277231,-1.126982903347409,-3.081986543701394,23.294711137537103
1769385054.2378948,1769385054237901914,Sr02_gA_IMG1_LID0_STA1_CFC64_OH0,0126_0050,A,0.4773523807525635,-0.006360814440995455,0.5,0.0,-11.3754567607128,-1.1314569043070064,-3.081544483863638,23.226657754729732
1769385054.3573587,1769385054357366603,Sr02_gA_IMG1_LID0_STA1_CFC64_OH0,0126_0050,A,0.48985540866851807,0.004187308717519045,0.5,0.0,-11.425365843746286,-1.1344707150552622,-3.081014829963299,23.181325815514494
1769385054.4808698,1769385054480878171,Sr02_gA_IMG1_LID0_STA1_CFC64_OH0,0126_0050,A,0.47047895193099976,0.0034690930042415857,0.5,0.0,-11.500229531163644,-1.1389903116431903,-3.081917479473885,23.11336353652364
1769385054.6042237,1769385054604232072,Sr02_gA_IMG1_LID0_STA1_CFC64_OH0,0126_0050,A,0.47035661339759827,0.0034501117188483477,0.5,0.0,-11.550139796344016,-1.1419844831599724,-3.081429258420724,23.068071549388126
1769385054.723483,1769385054723491677,Sr02_gA_IMG1_LID0_STA1_CFC64_OH0,0126_0050,A,0.48528361320495605,0.0030725111719220877,0.5,0.0,-11.62500431530407,-1.1464903722319622,-3.0816542453439655,23.000176376868882
1769385054.8467033,1769385054846712588,Sr02_gA_IMG1_LID0_STA1_CFC64_OH0,0126_0050,A,0.5007706880569458,-0.0024711010046303272,0.5,0.0,-11.674914895505314,-1.14947929412585,-3.081902905904606,22.954931093608547
1769385054.9745638,1769385054974572008,Sr02_gA_IMG1_LID0_STA1_CFC64_OH0,0126_0050,A,0.4859088957309723,-0.00017490144819021225,0.5,0.0,-11.724826683198492,-1.1524479723950098,-3.082500246670257,22.909696925246795
1769385055.0914495,1769385055091456383,Sr02_gA_IMG1_LID0_STA1_CFC64_OH0,0126_0050,A,0.48553934693336487,-0.0002493837382644415,0.5,0.0,-11.799695998847163,-1.1568734406473147,-3.082301265446397,22.84187112770886
1769385055.2134154,1769385055213425805,Sr02_gA_IMG1_LID0_STA1_CFC64_OH0,0126_0050,A,0.4863465130329132,-0.0007214462384581566,0.5,0.0,-11.849607619791158,-1.1598449306221206,-3.0819543565603684,22.796687990364372
1769385055.3377063,1769385055337714701,Sr02_gA_IMG1_LID0_STA1_CFC64_OH0,0126_0050,A,0.48789355158805847,0.004974696319550276,0.5,0.0,-11.924473115691114,-1.1643345502937628,-3.081436461009375,22.728965061799713
1769385055.4571788,1769385055457186734,Sr02_gA_IMG1_LID0_STA1_CFC64_OH0,0126_0050,A,0.4877050518989563,0.005169760435819626,0.5,0.0,-11.974382197222827,-1.1673483923352719,-3.081125434106486,22.683850851815638
1769385055.5796041,1769385055579613544,Sr02_gA_IMG1_LID0_STA1_CFC64_OH0,0126_0050,A,0.4844256639480591,-0.006792514119297266,0.5,0.0,-12.049245716149475,-1.1718708652091703,-3.0814176976876997,22.61621880508676
1769385055.7008817,1769385055700888602,Sr02_gA_IMG1_LID0_STA1_CFC64_OH0,0126_0050,A,0.4948955774307251,-0.0007952423766255379,0.5,0.0,-12.099155240959247,-1.1748773608665808,-3.0814351882931055,22.57115295326831
1769385055.8165307,1769385055816538459,Sr02_gA_IMG1_LID0_STA1_CFC64_OH0,0126_0050,A,0.4921192526817322,0.0049169957637786865,0.5,0.0,-12.174019652045363,-1.1793850474838032,-3.081485267590722,22.5035923622787
1769385055.934982,1769385055934991018,Sr02_gA_IMG1_LID0_STA1_CFC64_OH0,0126_0050,A,0.4919586479663849,0.004985259845852852,0.5,0.0,-12.22392946192658,-1.182386806880486,-3.081557412088773,22.458576734593215
1769385056.0548294,1769385056054838415,Sr02_gA_IMG1_LID0_STA1_CFC64_OH0,0126_0050,A,0.47691431641578674,0.004402916878461838,0.5,0.0,-12.2738387947937,-1.1853964791794782,-3.0811169089615267,22.413585698322887
1769385056.1743217,1769385056174329814,Sr02_gA_IMG1_LID0_STA1_CFC64_OH0,0126_0050,A,0.4808276295661926,-0.0014550434425473213,0.5,0.0,-12.348699966603478,-1.1899576170317758,-3.0804688648105194,22.346159543438922
1769385056.29858,1769385056298588513,Sr02_gA_IMG1_LID0_STA1_CFC64_OH0,0126_0050,A,0.4907672107219696,0.00677801389247179,0.5,0.0,-12.398607623044153,-1.1929949539227154,-3.0811481125630014,22.301234139237327
1769385056.4191604,1769385056419168065,Sr02_gA_IMG1_LID0_STA1_CFC64_OH0,0126_0050,A,0.49054795503616333,0.006739410571753979,0.5,0.0,-12.448516754684073,-1.1960079684635634,-3.081347586498211,22.256319654746555
1769385056.5431576,1769385056543165464,Sr02_gA_IMG1_LID0_STA1_CFC64_OH0,0126_0050,A,0.4956341087818146,-0.005413901526480913,0.5,0.0,-12.5233800940015,-1.200533404740133,-3.0808956541510084,22.188991331015696
1769385056.6609042,1769385056660911846,Sr02_gA_IMG1_LID0_STA1_CFC64_OH0,0126_0050,A,0.4862823486328125,0.020220614969730377,0.5,0.0,-12.5732872578897,-1.2035788314508808,-3.0803971290340457,22.1441457935011
1769385056.7827392,1769385056782746855,Sr02_gA_IMG1_LID0_STA1_CFC64_OH0,0126_0050,A,0.48612773418426514,0.02008792944252491,0.5,0.0,-12.64814525929065,-1.2081917161579647,-3.0797719747291556,22.076938924635993
1769385056.9053817,1769385056905389420,Sr02_gA_IMG1_LID0_STA1_CFC64_OH0,0126_0050,A,0.4789903461933136,-0.0028595845215022564,0.5,0.0,-12.698049966199521,-1.2112771507899431,-3.079917477587429,22.03216683289798
1769385057.0276952,1769385057027702556,Sr02_gA_IMG1_LID0_STA1_CFC64_OH0,0126_0050,A,0.49928003549575806,0.011387830600142479,0.5,0.0,-12.772905716051573,-1.2159264053097878,-3.0790654443437795,21.965060445231895
1769385057.1486235,1769385057148633808,Sr02_gA_IMG1_LID0_STA1_CFC64_OH0,0126_0050,A,0.5046486258506775,0.008412113413214684,0.5,0.0,-12.822806946849736,-1.2190675441455214,-3.0783915043593497,21.920369993476676
1769385057.2725666,1769385057272576002,Sr02_gA_IMG1_LID0_STA1_CFC64_OH0,0126_0050,A,0.5043732523918152,0.008383676409721375,0.5,0.0,-12.87270796966441,-1.2222119906396458,-3.0789328843268122,21.875704015045294
1769385057.4001727,1769385057400180763,Sr02_gA_IMG1_LID0_STA1_CFC64_OH0,0126_0050,A,0.5066296458244324,-0.002327841240912676,0.5,0.0,-12.947557796628399,-1.2269553940323565,-3.0769251956404933,21.808760568998398
1769385057.52358,1769385057523587713,Sr02_gA_IMG1_LID0_STA1_CFC64_OH0,0126_0050,A,0.48902079463005066,-0.004274279810488224,0.5,0.0,-12.997449996165063,-1.2302367453404024,-3.074913752174058,21.764214917211753
1769385057.647105,1769385057647115559,Sr02_gA_IMG1_LID0_STA1_CFC64_OH0,0126_0050,A,0.4882011413574219,0.00927511416375637,0.5,0.0,-13.072282254284445,-1.2352499643092556,-3.074883722062622,21.697482719721407
1769385057.7702744,1769385057770282158,Sr02_gA_IMG1_LID0_STA1_CFC64_OH0,0126_0050,A,0.4883561134338379,0.009416492655873299,0.5,0.0,-13.122169131822945,-1.2386113423765703,-3.073744951767289,21.653033488390562
1769385057.893195,1769385057893203756,Sr02_gA_IMG1_LID0_STA1_CFC64_OH0,0126_0050,A,0.4958602488040924,0.0037372687365859747,0.5,0.0,-13.19699281106585,-1.2437509402964424,-3.0723646747683833,21.586450187867563
1769385058.017125,1769385058017132034,Sr02_gA_IMG1_LID0_STA1_CFC64_OH0,0126_0050,A,0.4975855350494385,-0.0037422827444970608,0.5,0.0,-13.246871587275365,-1.2472304834263823,-3.0715263084969417,21.54211668400319
1769385058.1391838,1769385058139191363,Sr02_gA_IMG1_LID0_STA1_CFC64_OH0,0126_0050,A,0.4761151075363159,-0.011487860232591629,0.5,0.0,-13.32168742586117,-1.2524830581497755,-3.0716612459128805,21.475678583512106
1769385058.2592254,1769385058259233796,Sr02_gA_IMG1_LID0_STA1_CFC64_OH0,0126_0050,A,0.4759237468242645,-0.011367740109562874,0.5,0.0,-13.371565957603273,-1.2559661194679785,-3.0720886717054237,21.431409203053693
1769385058.3806973,1769385058380705762,Sr02_gA_IMG1_LID0_STA1_CFC64_OH0,0126_0050,A,0.49001139402389526,0.01823403872549534,0.5,0.0,-13.44638122228792,-1.2612267799368961,-3.070694589758975,21.36506943237958
1769385058.505936,1769385058505943859,Sr02_gA_IMG1_LID0_STA1_CFC64_OH0,0126_0050,A,0.4773447811603546,-0.006793017033487558,0.5,0.0,-13.49625393337053,-1.2647921954121024,-3.0697529420419114,21.32090220843851
1769385058.6251636,1769385058625171572,Sr02_gA_IMG1_LID0_STA1_CFC64_OH0,0126_0050,A,0.47719806432724,-0.00708134425804019,0.5,0.0,-13.571058390075482,-1.2702044381697866,-3.0690787640099555,21.25473010566045
1769385058.7451603,1769385058745168699,Sr02_gA_IMG1_LID0_STA1_CFC64_OH0,0126_0050,A,0.48335742950439453,0.0031642743851989508,0.5,0.0,-13.620927664540876,-1.2738176248490272,-3.0694529859489807,21.210650392484578
1769385058.8656023,1769385058865610512,Sr02_gA_IMG1_LID0_STA1_CFC64_OH0,0126_0050,A,0.4898880124092102,0.02096734009683132,0.5,0.0,-13.670799673536715,-1.2773928348563433,-3.070601764166386,21.16657898051821
1769385058.9892387,1769385058989245649,Sr02_gA_IMG1_LID0_STA1_CFC64_OH0,0126_0050,A,0.5043038129806519,0.002462787088006735,0.5,0.0,-13.745615069807215,-1.2826516054860582,-3.07171851237071,21.100472016613693
1769385059.1105945,1769385059110603481,Sr02_gA_IMG1_LID0_STA1_CFC64_OH0,0126_0050,A,0.5044748783111572,0.0026032079476863146,0.5,0.0,-13.795489846152877,-1.2861879418320292,-3.069895113236288,21.05644831546621
1769385059.2300582,1769385059230067978,Sr02_gA_IMG1_LID0_STA1_CFC64_OH0,0126_0050,A,0.4835371971130371,-0.005320689175277948,0.5,0.0,-13.870297378508445,-1.2915574874434415,-3.0704135046774907,20.990494018686327
1769385059.3555727,1769385059355580600,Sr02_gA_IMG1_LID0_STA1_CFC64_OH0,0126_0050,A,0.4859199821949005,0.0009989545214921236,0.5,0.0,-13.920172021908833,-1.2950957814096504,-3.071121637724453,20.94653848443975
1769385059.4838626,1769385059483870115,Sr02_gA_IMG1_LID0_STA1_CFC64_OH0,0126_0050,A,0.39775046706199646,0.039539337158203125,0.5,0.0,-13.97004735820006,-1.2986243069046377,-3.070805218643416,20.90260543744528
1769385059.6053278,1769385059605335459,Sr02_gA_IMG1_LID0_STA1_CFC64_OH0,0126_0050,A,0.3970443308353424,0.03982212767004967,0.5,0.0,-14.044853662156248,-1.3040106105259852,-3.0681942274936964,20.836802174227874
1769385059.7249713,1769385059724980134,Sr02_gA_IMG1_LID0_STA1_CFC64_OH0,0126_0050,A,0.4809700846672058,-0.0020833583548665047,0.5,0.0,-14.094717937673478,-1.3076921440623124,-3.067762889800708,20.793011764732487
1769385059.8436785,1769385059843686257,Sr02_gA_IMG1_LID0_STA1_CFC64_OH0,0126_0050,A,0.4973532557487488,0.006592137739062309,0.5,0.0,-14.169512545008292,-1.313238848399943,-3.067373813560833,20.727390699020408
1769385059.9641354,1769385059964146604,Sr02_gA_IMG1_LID0_STA1_CFC64_OH0,0126_0050,A,0.4631156325340271,-0.00014026113785803318,0.5,0.0,-14.21937587810046,-1.3169331192094562,-3.0679058755447564,20.683677025405636
1769385060.082845,1769385060082852847,Sr02_gA_IMG1_LID0_STA1_CFC64_OH0,0126_0050,A,0.46249470114707947,-2.2872816771268845e-05,0.5,0.0,-14.294172878256257,-1.3224474683532768,-3.067945626448203,20.618146866176318
1769385060.2024527,1769385060202459200,Sr02_gA_IMG1_LID0_STA1_CFC64_OH0,0126_0050,A,0.4826190769672394,0.016474490985274315,0.5,0.0,-14.344025894893637,-1.3262055688774574,-3.0643967593042767,20.574541192986608
1769385060.3219833,1769385060321991213,Sr02_gA_IMG1_LID0_STA1_CFC64_OH0,0126_0050,A,0.49585363268852234,-0.009042676538228989,0.5,0.0,-14.393869186818915,-1.3301606453648804,-3.0604173811677096,20.531056933907617
1769385060.4513052,1769385060451313146,Sr02_gA_IMG1_LID0_STA1_CFC64_OH0,0126_0050,A,0.4958362281322479,-0.00921114906668663,0.5,0.0,-14.46860263987305,-1.336361774473515,-3.0585999773723667,20.466029083731975
1769385060.5740824,1769385060574091404,Sr02_gA_IMG1_LID0_STA1_CFC64_OH0,0126_0050,A,0.48270586133003235,-0.008429225534200668,0.5,0.0,-14.51842917116208,-1.3405230690217875,-3.0579407713150313,20.42272291045743
1769385060.6930435,1769385060693053418,Sr02_gA_IMG1_LID0_STA1_CFC64_OH0,0126_0050,A,0.49590733647346497,0.0022735123056918383,0.5,0.0,-14.593165833627893,-1.3468024446762843,-3.0577598336637157,20.357840038251982
1769385060.8164535,1769385060816461929,Sr02_gA_IMG1_LID0_STA1_CFC64_OH0,0126_0050,A,0.5002127885818481,-0.009970404207706451,0.5,0.0,-14.642990244259762,-1.3509890648158847,-3.057763294912768,20.314623679503814
1769385060.937047,1769385060937056657,Sr02_gA_IMG1_LID0_STA1_CFC64_OH0,0126_0050,A,0.500610888004303,-0.009751172736287117,0.5,0.0,-14.717720048205134,-1.3573493239790673,-3.0554571112987694,20.249898463746547
1769385061.0532146,1769385061053222351,Sr02_gA_IMG1_LID0_STA1_CFC64_OH0,0126_0050,A,0.49063512682914734,-0.008808040991425514,0.5,0.0,-14.767536614366865,-1.3616282546880045,-3.056361357947876,20.206807519454657
1769385061.1733806,1769385061173389085,Sr02_gA_IMG1_LID0_STA1_CFC64_OH0,0126_0050,A,0.4895375370979309,-0.013392265886068344,0.5,0.0,-14.817357046875085,-1.3658619306668638,-3.0572774170514463,20.163725379033806
1769385061.292718,1769385061292725721,Sr02_gA_IMG1_LID0_STA1_CFC64_OH0,0126_0050,A,0.48715218901634216,-0.011127550154924393,0.5,0.0,-14.892094715654698,-1.3721292576964765,-3.0585652570794943,20.09911973104087
1769385061.413834,1769385061413842499,Sr02_gA_IMG1_LID0_STA1_CFC64_OH0,0126_0050,A,0.48699063062667847,-0.010961487889289856,0.5,0.0,-14.941922422941214,-1.3762764568651304,-3.058444941613796,20.056073631200476
1769385061.5386455,1769385061538653593,Sr02_gA_IMG1_LID0_STA1_CFC64_OH0,0126_0050,A,0.4970877468585968,-0.010446291416883469,0.5,0.0,-15.016665314659658,-1.382481191490305,-3.0594485423802773,19.991556936125157
1769385061.6572378,1769385061657245972,Sr02_gA_IMG1_LID0_STA1_CFC64_OH0,0126_0050,A,0.48125559091567993,-0.005875141825526953,0.5,0.0,-15.066498707311338,-1.3865594830075316,-3.060423658105722,19.94855667759112
1769385061.7795184,1769385061779526124,Sr02_gA_IMG1_LID0_STA1_CFC64_OH0,0126_0050,A,0.48119571805000305,-0.00609093951061368,0.5,0.0,-15.116335960239464,-1.390590330847106,-3.0613327553918945,19.905564773125143
1769385061.905113,1769385061905120729,Sr02_gA_IMG1_LID0_STA1_CFC64_OH0,0126_0050,A,0.49522918462753296,-0.007872279733419418,0.5,0.0,-15.191099777841217,-1.3965375235607236,-3.063204061959535,19.84108759853828
1769385062.0246892,1769385062024696975,Sr02_gA_IMG1_LID0_STA1_CFC64_OH0,0126_0050,A,0.49256548285484314,-0.004989095497876406,0.5,0.0,-15.24094848581117,-1.4004241333657392,-3.064339464008251,19.798103835348563
1769385062.1456072,1769385062145615701,Sr02_gA_IMG1_LID0_STA1_CFC64_OH0,0126_0050,A,0.49725937843322754,0.013335367664694786,0.5,0.0,-15.3157295233636,-1.4061507766254955,-3.0659801935775937,19.733637100975038
1769385062.269516,1769385062269527777,Sr02_gA_IMG1_LID0_STA1_CFC64_OH0,0126_0050,A,0.497393935918808,0.013015707954764366,0.5,0.0,-15.36558862090675,-1.4099017562044283,-3.0670248211204694,19.690666403900632
1769385062.3920472,1769385062392055904,Sr02_gA_IMG1_LID0_STA1_CFC64_OH0,0126_0050,A,0.43340542912483215,0.004431136418133974,0.5,0.0,-15.44038333766308,-1.4154469524923716,-3.068047544508525,19.626230978718105
1769385062.5172827,1769385062517291375,Sr02_gA_IMG1_LID0_STA1_CFC64_OH0,0126_0050,A,0.5039491653442383,0.013630913570523262,0.5,0.0,-15.490249289166355,-1.4191057072495963,-3.068656637450568,19.58329623370243
1769385062.6371942,1769385062637202469,Sr02_gA_IMG1_LID0_STA1_CFC64_OH0,0126_0050,A,0.49875789880752563,-0.014475535601377487,0.5,0.0,-15.565052996454837,-1.4245282545029172,-3.0697908325398204,19.518923369088952
1769385062.7575998,1769385062757607881,Sr02_gA_IMG1_LID0_STA1_CFC64_OH0,0126_0050,A,0.49865958094596863,-0.014357410371303558,0.5,0.0,-15.614925021178294,-1.4281032774993128,-3.0701065076739105,19.47602972459826
1769385062.8789012,1769385062878909025,Sr02_gA_IMG1_LID0_STA1_CFC64_OH0,0126_0050,A,0.5054334998130798,-0.009479235857725143,0.5,0.0,-15.6647949197173,-1.43170779304178,-3.0687729769924452,19.433185304629667
1769385062.9995804,1769385062999589544,Sr02_gA_IMG1_LID0_STA1_CFC64_OH0,0126_0050,A,0.49408450722694397,-0.04735315218567848,0.5,0.0,-15.739590729418927,-1.4372381042257025,-3.0668110339722605,19.36904721686252
1769385063.1216905,1769385063121699135,Sr02_gA_IMG1_LID0_STA1_CFC64_OH0,0126_0050,A,0.5092179775238037,-0.009023232385516167,0.5,0.0,-15.78944984906758,-1.440988814128415,-3.0662820689113683,19.32636527293216
1769385063.242539,1769385063242548290,Sr02_gA_IMG1_LID0_STA1_CFC64_OH0,0126_0050,A,0.5093249678611755,-0.00919312797486782,0.5,0.0,-15.864233312631551,-1.4466836716704825,-3.064886481256606,19.262444506531875
1769385063.3641539,1769385063364161489,Sr02_gA_IMG1_LID0_STA1_CFC64_OH0,0126_0050,A,0.5007258653640747,-0.022747235372662544,0.5,0.0,-15.914089041406035,-1.4504791366702978,-3.0663340264612815,19.219874566660792
1769385063.489067,1769385063489075315,Sr02_gA_IMG1_LID0_STA1_CFC64_OH0,0126_0050,A,0.488961786031723,-0.04946024715900421,0.5,0.0,-15.988882688339487,-1.4560386003259682,-3.0683436557418515,19.156016430895676
1769385063.6075852,1769385063607593364,Sr02_gA_IMG1_LID0_STA1_CFC64_OH0,0126_0050,A,0.4887891113758087,-0.049897391349077225,0.5,0.0,-16.038750336587903,-1.4596741407177505,-3.0692915778577774,19.113451986382923
1769385063.7264783,1769385063726487799,Sr02_gA_IMG1_LID0_STA1_CFC64_OH0,0126_0050,A,0.5037569403648376,-0.023041745647788048,0.5,0.0,-16.088621971596503,-1.4631862870384345,-3.0736309864653246,19.07086293786283
1769385063.8470414,1769385063847049193,Sr02_gA_IMG1_LID0_STA1_CFC64_OH0,0126_0050,A,0.5085936188697815,-0.04194238409399986,0.5,0.0,-16.163456401643806,-1.468128771571155,-3.0765283386165354,19.00687163751135
1769385063.974109,1769385063974117775,Sr02_gA_IMG1_LID0_STA1_CFC64_OH0,0126_0050,A,0.5145059823989868,-0.08839616179466248,0.5,0.0,-16.21335208896006,-1.4713567576523845,-3.0774476498742454,18.96421897475271
1769385064.0938015,1769385064093810428,Sr02_gA_IMG1_LID0_STA1_CFC64_OH0,0126_0050,A,0.5146548748016357,-0.09013834595680237,0.5,0.0,-16.28820471248583,-1.4760555744758304,-3.0805886375232197,18.900232465129942
1769385064.2137794,1769385064213792375,Sr02_gA_IMG1_LID0_STA1_CFC64_OH0,0126_0050,A,0.5061455965042114,-0.12728658318519592,0.5,0.0,-16.338118293481266,-1.4789931187203582,-3.0852675040279216,18.85751792287557
1769385064.3346813,1769385064334691002,Sr02_gA_IMG1_LID0_STA1_CFC64_OH0,0126_0050,A,0.48110324144363403,-0.05006079748272896,0.5,0.0,-16.388045802368193,-1.4816835376410635,-3.0902528632322674,18.81471071166797
1769385064.4539716,1769385064453980528,Sr02_gA_IMG1_LID0_STA1_CFC64_OH0,0126_0050,A,0.4971664249897003,0.025296829640865326,0.5,0.0,-16.46295691394423,-1.4853326699094525,-3.094972359686681,18.75036659391933
1769385064.5786557,1769385064578663921,Sr02_gA_IMG1_LID0_STA1_CFC64_OH0,0126_0050,A,0.496338427066803,0.024962561205029488,0.5,0.0,-16.512907324499967,-1.4875580918086821,-3.0991665872094227,18.7074079128042
1769385064.699845,1769385064699853996,Sr02_gA_IMG1_LID0_STA1_CFC64_OH0,0126_0050,A,0.5190933346748352,0.06570103019475937,0.5,0.0,-16.587844761453507,-1.4903130337339654,-3.11139629057626,18.642748107582225
1769385064.820613,1769385064820620335,Sr02_gA_IMG1_LID0_STA1_CFC64_OH0,0126_0050,A,0.5153586864471436,-0.008885178714990616,0.5,0.0,-16.6378280912462,-1.4915973607426811,-3.1204101090959813,18.59939945850861
1769385064.9390872,1769385064939096033,Sr02_gA_IMG1_LID0_STA1_CFC64_OH0,0126_0050,A,0.5152883529663086,-0.0071810404770076275,0.5,0.0,-16.712802712624992,-1.4924728968674084,-3.139061904994483,18.533936996783854
1769385065.0618114,1769385065061818715,Sr02_gA_IMG1_LID0_STA1_CFC64_OH0,0126_0050,A,0.507297933101654,-0.0334027037024498,0.5,0.0,-16.762782708000277,-1.4924708550032502,3.1390461132996577,18.49005743392863
1769385065.1873238,1769385065187332286,Sr02_gA_IMG1_LID0_STA1_CFC64_OH0,0126_0050,A,0.49013710021972656,-0.009386152029037476,0.5,0.0,-16.81275070722901,-1.4923225362908223,3.1396160025938555,18.446149145483698
1769385065.3103673,1769385065310375870,Sr02_gA_IMG1_LID0_STA1_CFC64_OH0,0126_0050,A,0.47858288884162903,-0.05433819815516472,0.5,0.0,-16.887750658237863,-1.4923151696381092,-3.139818240922633,18.380406467044786
1769385065.4291172,1769385065429125693,Sr02_gA_IMG1_LID0_STA1_CFC64_OH0,0126_0050,A,0.47881120443344116,-0.05157460272312164,0.5,0.0,-16.937739018861674,-1.4925662667453112,-3.1332871306058525,18.33675139856072
1769385065.5552168,1769385065555225735,Sr02_gA_IMG1_LID0_STA1_CFC64_OH0,0126_0050,A,0.4797954261302948,0.009520668536424637,0.5,0.0,-17.012702483113973,-1.4933547496068706,-3.131194089819062,18.271546144248898
1769385065.6750593,1769385065675068469,Sr02_gA_IMG1_LID0_STA1_CFC64_OH0,0126_0050,A,0.4892922639846802,0.036807116121053696,0.5,0.0,-17.06269995909597,-1.4938567167319687,-3.1319121930551637,18.228087083742622
1769385065.7935343,1769385065793541953,Sr02_gA_IMG1_LID0_STA1_CFC64_OH0,0126_0050,A,0.4945509731769562,0.005349927581846714,0.5,0.0,-17.137697678403466,-1.4944315666344432,-3.136398137944,18.162873352083427
1769385065.9138188,1769385065913828291,Sr02_gA_IMG1_LID0_STA1_CFC64_OH0,0126_0050,A,0.49411138892173767,0.005236923228949308,0.5,0.0,-17.187697115216622,-1.494667825334747,-3.1373367699891643,18.119366852751696
1769385066.0311515,1769385066031161383,Sr02_gA_IMG1_LID0_STA1_CFC64_OH0,0126_0050,A,0.5072886347770691,-0.04294431582093239,0.5,0.0,-17.23768558615076,-1.4947483495476162,3.1404909661280214,18.0758271151573
1769385066.1536283,1769385066153636169,Sr02_gA_IMG1_LID0_STA1_CFC64_OH0,0126_0050,A,0.4464888274669647,0.003460270818322897,0.5,0.0,-17.312684428555443,-1.4943684334901284,3.132644242621644,18.0103197811353
1769385066.2802901,1769385066280298376,Sr02_gA_IMG1_LID0_STA1_CFC64_OH0,0126_0050,A,0.44720643758773804,0.0028663550037890673,0.5,0.0,-17.362670923908606,-1.4938816972653954,3.1321543687845135,17.966585348626676
1769385066.4039245,1769385066403932598,Sr02_gA_IMG1_LID0_STA1_CFC64_OH0,0126_0050,A,0.4621160328388214,-0.000596717931330204,0.5,0.0,-17.43766889327336,-1.4933426686745106,3.1371296782305276,17.901123881568243
1769385066.5232973,1769385066523305020,Sr02_gA_IMG1_LID0_STA1_CFC64_OH0,0126_0050,A,0.48972511291503906,-0.000814841128885746,0.5,0.0,-17.487668449454617,-1.4931328964317938,3.137664694184704,17.857598043659408
1769385066.6489806,1769385066648989040,Sr02_gA_IMG1_LID0_STA1_CFC64_OH0,0126_0050,A,0.49839186668395996,-0.04051920399069786,0.5,0.0,-17.562656559377487,-1.4928637608535222,3.1375909316961943,17.792405507124517
1769385066.768481,1769385066768489281,Sr02_gA_IMG1_LID0_STA1_CFC64_OH0,0126_0050,A,0.4981203079223633,-0.04372923821210861,0.5,0.0,-17.612655572503172,-1.4925563165415863,3.1332965115998164,17.748916853733633
1769385066.8917649,1769385066891780560,Sr02_gA_IMG1_LID0_STA1_CFC64_OH0,0126_0050,A,0.4759770333766937,0.004073388874530792,0.5,0.0,-17.662642417670583,-1.4921056671503046,3.1326387903005806,17.70540142705835
1769385067.0144787,1769385067014488062,Sr02_gA_IMG1_LID0_STA1_CFC64_OH0,0126_0050,A,0.4004538655281067,0.020221872255206108,0.5,0.0,-17.737639555800712,-1.491451090489376,3.133080621597422,17.640188788366768
1769385067.1354618,1769385067135470215,Sr02_gA_IMG1_LID0_STA1_CFC64_OH0,0126_0050,A,0.5026965141296387,-0.04728851467370987,0.5,0.0,-17.78763772854734,-1.4910240024389776,3.13302095255182,17.5967616340234
1769385067.2581148,1769385067258122524,Sr02_gA_IMG1_LID0_STA1_CFC64_OH0,0126_0050,A,0.5026851892471313,-0.04799777641892433,0.5,0.0,-17.8626349328716,-1.4903769911623113,3.1329052704345264,17.531683401090216
1769385067.377797,1769385067377806058,Sr02_gA_IMG1_LID0_STA1_CFC64_OH0,0126_0050,A,0.5020779371261597,-0.014713698998093605,0.5,0.0,-17.912624650324403,-1.4898781754851245,3.1296751734466643,17.48831513314988
1769385067.5022852,1769385067502293462,Sr02_gA_IMG1_LID0_STA1_CFC64_OH0,0126_0050,A,0.4506426751613617,-0.004209756851196289,0.5,0.0,-17.98761591962978,-1.4887429275505855,3.1231800014802733,17.423126709319366
1769385067.6258588,1769385067625867461,Sr02_gA_IMG1_LID0_STA1_CFC64_OH0,0126_0050,A,0.48077040910720825,-0.018195200711488724,0.5,0.0,-18.0375964313395,-1.4878284877167243,3.123497931627255,17.379643148231104
1769385067.746793,1769385067746805792,Sr02_gA_IMG1_LID0_STA1_CFC64_OH0,0126_0050,A,0.48052966594696045,-0.018238242715597153,0.5,0.0,-18.11256277370841,-1.4865811082584977,3.1255165655583115,17.314551035484605
1769385067.8617306,1769385067861739269,Sr02_gA_IMG1_LID0_STA1_CFC64_OH0,0126_0050,A,0.49957847595214844,0.01827416568994522,0.5,0.0,-18.162554222509236,-1.4856591364371035,3.1207877326743985,17.271142556476548
1769385067.9854953,1769385067985503785,Sr02_gA_IMG1_LID0_STA1_CFC64_OH0,0126_0050,A,0.4933816194534302,-0.0015058936551213264,0.5,0.0,-18.2125407253321,-1.484499639633629,3.1160021486373672,17.2276519616021
1769385068.1073759,1769385068107383673,Sr02_gA_IMG1_LID0_STA1_CFC64_OH0,0126_0050,A,0.49340394139289856,-0.0016109338030219078,0.5,0.0,-18.2875127232752,-1.482451243569289,3.1131293914688323,17.162329715318563
1769385068.2302835,1769385068230294607,Sr02_gA_IMG1_LID0_STA1_CFC64_OH0,0126_0050,A,0.5032368898391724,-0.03402811661362648,0.5,0.0,-18.337492166539,-1.4810177522746732,3.1127084084346404,17.11879213081944
1769385068.3519855,1769385068351993755,Sr02_gA_IMG1_LID0_STA1_CFC64_OH0,0126_0050,A,0.39933210611343384,-0.08657072484493256,0.5,0.0,-18.41245868323927,-1.4787777367190558,3.1103978453148073,17.053507888363566
1769385068.473894,1769385068473902317,Sr02_gA_IMG1_LID0_STA1_CFC64_OH0,0126_0050,A,0.4425615668296814,0.007349665742367506,0.5,0.0,-18.46243290432213,-1.4771726768910451,3.1085740240288184,17.009974414461055
1769385068.5997968,1769385068599805678,Sr02_gA_IMG1_LID0_STA1_CFC64_OH0,0126_0050,A,0.4427410662174225,0.006974694784730673,0.5,0.0,-18.512405903058013,-1.4755502927711515,3.1100339195790005,16.966468599257123
1769385068.719197,1769385068719204248,Sr02_gA_IMG1_LID0_STA1_CFC64_OH0,0126_0050,A,0.48004329204559326,-0.04608071595430374,0.5,0.0,-18.58737021519418,-1.4732370974705022,3.1107970523852404,16.90133612753476
1769385068.838379,1769385068838386792,Sr02_gA_IMG1_LID0_STA1_CFC64_OH0,0126_0050,A,0.49739426374435425,-0.013733664527535439,0.5,0.0,-18.63734638045276,-1.4716935354685092,3.110635959348846,16.857959334181054
1769385068.9601603,1769385068960168626,Sr02_gA_IMG1_LID0_STA1_CFC64_OH0,0126_0050,A,0.471994549036026,-0.012452244758605957,0.5,0.0,-18.712306376484708,-1.4692464583702924,3.1065042889045227,16.79289746238762
1769385069.0816984,1769385069081709647,Sr02_gA_IMG1_LID0_STA1_CFC64_OH0,0126_0050,A,0.4717329144477844,-0.015044467523694038,0.5,0.0,-18.762257224719033,-1.4673082391294616,3.0985318969390327,16.749426233233073
1769385069.2042763,1769385069204284199,Sr02_gA_IMG1_LID0_STA1_CFC64_OH0,0126_0050,A,0.445766806602478,-0.04913253337144852,0.5,0.0,-18.83714558175687,-1.464000979828611,3.0978763873488164,16.684108215510616
1769385069.3222198,1769385069322227295,Sr02_gA_IMG1_LID0_STA1_CFC64_OH0,0126_0050,A,0.5165455341339111,-0.054000094532966614,0.5,0.0,-18.88709856637541,-1.4618332830486631,3.0985738559734464,16.64060451603344
1769385069.4446247,1769385069444632439,Sr02_gA_IMG1_LID0_STA1_CFC64_OH0,0126_0050,A,0.48677897453308105,-0.015376029536128044,0.5,0.0,-18.937039039364294,-1.4596409400804276,3.095710024902803,16.597134895209223
1769385069.569184,1769385069569191586,Sr02_gA_IMG1_LID0_STA1_CFC64_OH0,0126_0050,A,0.4866555631160736,-0.015262586995959282,0.5,0.0,-19.01195339771663,-1.4560583522487305,3.092679543894603,16.531839455788326
1769385069.6892827,1769385069689291512,Sr02_gA_IMG1_LID0_STA1_CFC64_OH0,0126_0050,A,0.4928625226020813,-0.042072031646966934,0.5,0.0,-19.061892029012323,-1.4535819713481766,3.0914215062981327,16.48831155501781
1769385069.8105507,1769385069810558719,Sr02_gA_IMG1_LID0_STA1_CFC64_OH0,0126_0050,A,0.4646846354007721,0.044804275035858154,0.5,0.0,-19.136793715342947,-1.4497434377495912,3.0889535914914057,16.423027512833762
1769385069.9307878,1769385069930795542,Sr02_gA_IMG1_LID0_STA1_CFC64_OH0,0126_0050,A,0.46469569206237793,0.0444192960858345,0.5,0.0,-19.18671779280262,-1.4469900502827762,3.0840403534525107,16.379455155162713
1769385070.0536077,1769385070053615334,Sr02_gA_IMG1_LID0_STA1_CFC64_OH0,0126_0050,A,0.49142277240753174,0.15469278395175934,0.5,0.0,-19.261573480185287,-1.442386606481143,3.0768491909527724,16.31393561337271
1769385070.1695623,1769385070169569756,Sr02_gA_IMG1_LID0_STA1_CFC64_OH0,0126_0050,A,0.5002204179763794,0.007388748228549957,0.5,0.0,-19.311466214044078,-1.4391133363323028,3.075311588074971,16.270200056190703
1769385070.286341,1769385070286347665,Sr02_gA_IMG1_LID0_STA1_CFC64_OH0,0126_0050,A,0.48475390672683716,0.27012407779693604,0.5,0.5,-19.35713654536541,-1.4360491258862926,3.0738443774570996,16.23016066265581
1769385070.4050872,1769385070405095401,Sr02_gA_IMG1_LID0_STA1_CFC64_OH0,0126_0050,A,0.48485779762268066,0.26943501830101013,0.5,0.5,-19.39121271340147,-1.4337115257617985,3.07206154786812,16.200277834743584
1769385070.5308568,1769385070530865682,Sr02_gA_IMG1_LID0_STA1_CFC64_OH0,0126_0050,A,0.49782997369766235,-0.012601489201188087,0.5,0.0,-19.390324242026487,-1.433775078761123,3.071198757698138,16.20105817375672
1769385070.6562195,1769385070656227677,Sr02_gA_IMG1_LID0_STA1_CFC64_OH0,0126_0050,A,0.47974735498428345,-0.01354885846376419,0.5,0.0,-19.385187370155098,-1.4341372289300185,3.070380337324855,16.205567203846847
1769385070.778832,1769385070778840329,Sr02_gA_IMG1_LID0_STA1_CFC64_OH0,0126_0050,A,0.489176869392395,-0.05140263959765434,0.5,0.0,-19.40061445275619,-1.4330461070196798,3.0728165472044213,16.192024899878312
1769385070.9008334,1769385070900842486,Sr02_gA_IMG1_LID0_STA1_CFC64_OH0,0126_0050,A,0.48913314938545227,-0.050858430564403534,0.5,0.0,-19.426781579130804,-1.4312649999851053,3.074216902623105,16.16910049729063
1769385071.0177186,1769385071017726764,Sr02_gA_IMG1_LID0_STA1_CFC64_OH0,0126_0050,A,0.469113826751709,-0.024484898895025253,0.5,0.0,-19.444211798654162,-1.4301662501271506,3.083334223797919,16.15388363378005
1769385071.1435163,1769385071143524216,Sr02_gA_IMG1_LID0_STA1_CFC64_OH0,0126_0050,A,0.48578208684921265,0.08537555485963821,0.5,0.0,-19.461686651461594,-1.429229693225168,3.0927644325924497,16.138722350701535
1769385071.2686265,1769385071268635258,Sr02_gA_IMG1_LID0_STA1_CFC64_OH0,0126_0050,A,0.4860020875930786,0.08595774322748184,0.5,0.0,-19.487862502784342,-1.4280297582495423,3.0959926414859087,16.1161317033192
1769385071.3867853,1769385071386793017,Sr02_gA_IMG1_LID0_STA1_CFC64_OH0,0126_0050,A,0.4798375368118286,-0.06612545996904373,0.5,0.0,-19.50534412112029,-1.4272279447911795,3.0955217483287383,16.101050334519257
1769385071.5096765,1769385071509686096,Sr02_gA_IMG1_LID0_STA1_CFC64_OH0,0126_0050,A,0.4858644902706146,-0.1210821345448494,0.5,0.0,-19.53156475948018,-1.4259869910287073,3.0929575173064667,16.07841804948311
1769385071.6299217,1769385071629929791,Sr02_gA_IMG1_LID0_STA1_CFC64_OH0,0126_0050,A,0.4926791787147522,-0.1989336460828781,0.5,-0.5,-19.549043296938514,-1.4251206552974438,3.0911774753857735,16.063316180942035
1769385071.7526817,1769385071752689689,Sr02_gA_IMG1_LID0_STA1_CFC64_OH0,0126_0050,A,0.4927135407924652,-0.19983111321926117,0.5,-0.5,-19.566520530554804,-1.424228370693864,3.090135884031442,16.048206053296273
1769385071.8736072,1769385071873615495,Sr02_gA_IMG1_LID0_STA1_CFC64_OH0,0126_0050,A,0.47823774814605713,-0.07003503292798996,0.5,0.0,-19.592733040897993,-1.4229180382106823,3.0938321459574785,16.02556818919159
1769385071.9894543,1769385071989462185,Sr02_gA_IMG1_LID0_STA1_CFC64_OH0,0126_0050,A,0.4746257960796356,0.014209533110260963,0.5,0.0,-19.610214311085922,-1.4221088090838603,3.0968386237689027,16.01051249318029
1769385072.108194,1769385072108202547,Sr02_gA_IMG1_LID0_STA1_CFC64_OH0,0126_0050,A,0.47006118297576904,-0.04444976523518562,0.5,0.0,-19.636426967129516,-1.4209402991996072,3.0954507023303743,15.987970936374294
1769385072.2274585,1769385072227467073,Sr02_gA_IMG1_LID0_STA1_CFC64_OH0,0126_0050,A,0.47012650966644287,-0.04803168401122093,0.5,0.0,-19.653906575127216,-1.4200960623736156,3.091212839289318,15.972909842459622
1769385072.3459938,1769385072346001588,Sr02_gA_IMG1_LID0_STA1_CFC64_OH0,0126_0050,A,0.48054197430610657,-0.025286540389060974,0.5,0.0,-19.671381621571303,-1.4191625209222682,3.0847951545303305,15.95780833896916
1769385072.4746108,1769385072474619535,Sr02_gA_IMG1_LID0_STA1_CFC64_OH0,0126_0050,A,0.473308801651001,-0.09750642627477646,0.5,0.0,-19.697581015218464,-1.4175353381068057,3.074322886900225,15.935051148314628
1769385072.5956218,1769385072595630008,Sr02_gA_IMG1_LID0_STA1_CFC64_OH0,0126_0050,A,0.47405314445495605,-0.09996985644102097,0.5,0.0,-19.71502837938441,-1.4163299907315055,3.071361258210767,15.919834873070531
1769385072.715936,1769385072715943484,Sr02_gA_IMG1_LID0_STA1_CFC64_OH0,0126_0050,A,0.4829661548137665,-0.08510715514421463,0.5,0.0,-19.74121244822008,-1.4144707543727348,3.0707225171975994,15.896980069333223
1769385072.8402927,1769385072840300170,Sr02_gA_IMG1_LID0_STA1_CFC64_OH0,0126_0050,A,0.46478864550590515,-0.07249464094638824,0.5,0.0,-19.758667544973367,-1.4132179871661235,3.0691667825510796,15.881742813010176
1769385072.9612775,1769385072961286208,Sr02_gA_IMG1_LID0_STA1_CFC64_OH0,0126_0050,A,0.4726916551589966,-0.10884331166744232,0.5,0.0,-19.78484639241787,-1.4112866998841749,3.0669090156417793,15.858869976307274
1769385073.0857863,1769385073085794539,Sr02_gA_IMG1_LID0_STA1_CFC64_OH0,0126_0050,A,0.4729759395122528,-0.10992268472909927,0.5,0.0,-19.80229702747858,-1.4099732288465492,3.066023988183724,15.84361446170732
1769385073.2030642,1769385073203072585,Sr02_gA_IMG1_LID0_STA1_CFC64_OH0,0126_0050,A,0.48180481791496277,-0.08293266594409943,0.5,0.0,-19.82846691916117,-1.4079244448211639,3.0608963077331257,15.820701341728382
1769385073.3252697,1769385073325277290,Sr02_gA_IMG1_LID0_STA1_CFC64_OH0,0126_0050,A,0.46710237860679626,-0.01634564995765686,0.5,0.0,-19.845907464331823,-1.4064832780254506,3.0573973692095913,15.805394901120717
1769385073.4486187,1769385073448628288,Sr02_gA_IMG1_LID0_STA1_CFC64_OH0,0126_0050,A,0.45724448561668396,-0.013448601588606834,0.5,0.0,-19.86334311222058,-1.404983998889309,3.0543145814280876,15.790064790356949
1769385073.5709193,1769385073570926850,Sr02_gA_IMG1_LID0_STA1_CFC64_OH0,0126_0050,A,0.45781880617141724,-0.014164835214614868,0.5,0.0,-19.889488581362393,-1.4026439454595747,3.0504203287907745,15.767034031740375
1769385073.6936438,1769385073693652423,Sr02_gA_IMG1_LID0_STA1_CFC64_OH0,0126_0050,A,0.4697413444519043,-0.054086968302726746,0.5,0.0,-19.90691281817155,-1.4010174488617815,3.046610829407852,15.751653822266183
1769385073.8105738,1769385073810582055,Sr02_gA_IMG1_LID0_STA1_CFC64_OH0,0126_0050,A,0.4771694839000702,-0.02309093065559864,0.5,0.0,-19.93303720821519,-1.3984529599399516,3.040949469978837,15.728532197274042
1769385073.9383326,1769385073938340608,Sr02_gA_IMG1_LID0_STA1_CFC64_OH0,0126_0050,A,0.48055994510650635,-0.07359114289283752,0.5,0.0,-19.950446074403988,-1.3966694092415632,3.038046829870487,15.713088146235716
1769385074.060784,1769385074060792036,Sr02_gA_IMG1_LID0_STA1_CFC64_OH0,0126_0050,A,0.48029202222824097,-0.07526813447475433,0.5,0.0,-19.97655311707457,-1.3939336257962247,3.0367225587396307,15.689901578935526
1769385074.1818855,1769385074181893560,Sr02_gA_IMG1_LID0_STA1_CFC64_OH0,0126_0050,A,0.45546814799308777,-0.10528038442134857,0.5,0.0,-19.99395654014458,-1.3920976655618242,3.0362518577543276,15.674443522417855
1769385074.3036578,1769385074303666004,Sr02_gA_IMG1_LID0_STA1_CFC64_OH0,0126_0050,A,0.47023722529411316,-0.03718295693397522,0.5,0.0,-20.011359073966123,-1.3902532956152525,3.0357560896012497,15.658985795361222
1769385074.428179,1769385074428186747,Sr02_gA_IMG1_LID0_STA1_CFC64_OH0,0126_0050,A,0.47025787830352783,-0.03812556713819504,0.5,0.0,-20.037459586554437,-1.3874559498701526,3.033583928332454,15.635792752235613
1769385074.5471983,1769385074547206853,Sr02_gA_IMG1_LID0_STA1_CFC64_OH0,0126_0050,A,0.44913050532341003,-0.14802104234695435,0.5,0.0,-20.05485684193368,-1.385562440217629,3.032775744909413,15.620322614880797
1769385074.665713,1769385074665721271,Sr02_gA_IMG1_LID0_STA1_CFC64_OH0,0126_0050,A,0.4606208801269531,-0.12245447188615799,0.5,0.0,-20.080946960684933,-1.3826698371095139,3.0292657311584366,15.597100850232712
1769385074.7865388,1769385074786546426,Sr02_gA_IMG1_LID0_STA1_CFC64_OH0,0126_0050,A,0.4711613655090332,-0.18607710301876068,0.5,-0.5,-20.09833406799584,-1.3806853441420843,3.0266313516195225,15.58159872699687
1769385074.910628,1769385074910636701,Sr02_gA_IMG1_LID0_STA1_CFC64_OH0,0126_0050,A,0.47122517228126526,-0.18713010847568512,0.5,-0.5,-20.111519922905547,-1.3791485253605122,3.024120819556731,15.569827316501526
1769385075.0355828,1769385075035591499,Sr02_gA_IMG1_LID0_STA1_CFC64_OH0,0126_0050,A,0.4667486846446991,-0.12977027893066406,0.5,0.0,-20.098685407718715,-1.3806911277389406,3.0213684851391664,15.58131129295015
1769385075.1566296,1769385075156638059,Sr02_gA_IMG1_LID0_STA1_CFC64_OH0,0126_0050,A,0.4447902739048004,-0.17650890350341797,0.5,-0.5,-20.069843364141647,-1.3841976506480473,3.0199925592341965,15.607149016563872
1769385075.280129,1769385075280138316,Sr02_gA_IMG1_LID0_STA1_CFC64_OH0,0126_0050,A,0.4547167122364044,-0.06285713613033295,0.5,0.0,-20.04784437790609,-1.3868981746696984,3.0185467014724567,15.626878631156329
1769385075.4000838,1769385075400091744,Sr02_gA_IMG1_LID0_STA1_CFC64_OH0,0126_0050,A,0.4546622335910797,-0.06323925405740738,0.5,0.0,-20.05594692872747,-1.3858923909615934,3.0178987635713383,15.619604917706445
1769385075.5235467,1769385075523555172,Sr02_gA_IMG1_LID0_STA1_CFC64_OH0,0126_0050,A,0.4524308741092682,-0.04859815537929535,0.5,0.0,-20.081908181888615,-1.3825581708750598,3.009059518669861,15.596242629202655
1769385075.64232,1769385075642328345,Sr02_gA_IMG1_LID0_STA1_CFC64_OH0,0126_0050,A,0.4854523837566376,-0.18024662137031555,0.5,-0.5,-20.099247012524756,-1.3801888361508834,3.0025099766301353,15.580564519209293
1769385075.7693138,1769385075769324464,Sr02_gA_IMG1_LID0_STA1_CFC64_OH0,0126_0050,A,0.47907599806785583,-0.16396895051002502,0.5,-0.5,-20.125229528183123,-1.3764514108113477,2.995295515799435,15.55697277857182
1769385075.893715,1769385075893722427,Sr02_gA_IMG1_LID0_STA1_CFC64_OH0,0126_0050,A,0.4800485372543335,-0.1678088754415512,0.5,-0.5,-20.13699594076086,-1.37468984657783,2.989540054109255,15.546253014682021
1769385076.0204818,1769385076020489867,Sr02_gA_IMG1_LID0_STA1_CFC64_OH0,0126_0050,A,0.4769616425037384,-0.10655241459608078,0.5,0.0,-20.121633079511767,-1.3771175375401474,2.9831974558308487,15.560321449798415
1769385076.1398625,1769385076139870841,Sr02_gA_IMG1_LID0_STA1_CFC64_OH0,0126_0050,A,0.47604063153266907,-0.07155144214630127,0.5,0.0,-20.09003798113339,-1.3822214797202137,2.980074572597118,15.589325740170054
1769385076.2598948,1769385076259903998,Sr02_gA_IMG1_LID0_STA1_CFC64_OH0,0126_0050,A,0.49452799558639526,-0.1746787130832672,0.5,-0.5,-20.044224021878115,-1.3897595121121549,2.9766996287947367,15.631480605543674
1769385076.3819692,1769385076381977235,Sr02_gA_IMG1_LID0_STA1_CFC64_OH0,0126_0050,A,0.49477729201316833,-0.17542396485805511,0.5,-0.5,-20.03720255013558,-1.3909313372396206,2.975136809218642,15.637952691528819
1769385076.5064697,1769385076506478121,Sr02_gA_IMG1_LID0_STA1_CFC64_OH0,0126_0050,A,0.4232662320137024,-0.19893775880336761,0.5,-0.5,-20.047676556520017,-1.389163004849875,2.973609050289616,15.628287032656656
1769385076.625044,1769385076625051958,Sr02_gA_IMG1_LID0_STA1_CFC64_OH0,0126_0050,A,0.44834572076797485,-0.15723218023777008,0.5,-0.5,-20.073534035770987,-1.3846620683337896,2.9648523571795167,15.60435449222961
1769385076.7443218,1769385076744329848,Sr02_gA_IMG1_LID0_STA1_CFC64_OH0,0126_0050,A,0.4483059048652649,-0.15853361785411835,0.5,-0.5,-20.09075500728918,-1.3815495672114668,2.9609086157756463,15.588355140597217
1769385076.9821408,1769385076982148142,Sr02_gA_IMG1_LID0_STA1_CFC64_OH0,0126_0050,A,0.4832855761051178,-0.1882854849100113,0.5,-0.5,-20.11656819348376,-1.3767808304076015,2.957029659269288,15.564321084572736
1769385077.103699,1769385077103707395,Sr02_gA_IMG1_LID0_STA1_CFC64_OH0,0126_0050,A,0.4865366816520691,-0.21605443954467773,0.5,-0.5,-20.150931315925487,-1.370148172532193,2.9447925009264972,15.532177454704907
1769385077.2257295,1769385077225737751,Sr02_gA_IMG1_LID0_STA1_CFC64_OH0,0126_0050,A,0.4806128144264221,-0.1766534447669983,0.5,-0.5,-20.176648515839183,-1.3648868259305702,2.934595187971645,15.50796180738081
1769385077.3508542,1769385077350862337,Sr02_gA_IMG1_LID0_STA1_CFC64_OH0,0126_0050,A,0.48332878947257996,-0.33367353677749634,0.5,-0.5,-20.193764441398102,-1.3612407050446702,2.9289460911310297,15.491767472535079
1769385077.468923,1769385077468930755,Sr02_gA_IMG1_LID0_STA1_CFC64_OH0,0126_0050,A,0.48120206594467163,-0.2666001617908478,0.5,-0.5,-20.213932235516168,-1.3568148513370355,2.9209854828586472,15.47261613209995
1769385077.5901315,1769385077590139710,Sr02_gA_IMG1_LID0_STA1_CFC64_OH0,0126_0050,A,0.48337504267692566,-0.23463016748428345,0.5,-0.5,-20.20804321946404,-1.358154396349867,2.916949768194301,15.478234559352256
1769385077.7118876,1769385077711896433,Sr02_gA_IMG1_LID0_STA1_CFC64_OH0,0126_0050,A,0.48359251022338867,-0.23603704571723938,0.5,-0.5,-20.18528768349233,-1.3633983106784984,2.913766586481963,15.499985719841984
1769385077.831906,1769385077831915643,Sr02_gA_IMG1_LID0_STA1_CFC64_OH0,0126_0050,A,0.49225330352783203,-0.2554417550563812,0.5,-0.5,-20.136118908675165,-1.374889352848336,2.910271642593516,15.547090342049097
1769385077.9550667,1769385077955074509,Sr02_gA_IMG1_LID0_STA1_CFC64_OH0,0126_0050,A,0.46388721466064453,-0.2616840600967407,0.5,-0.5,-20.123419346236943,-1.3778893476667087,2.9086442371912167,15.559278229379554
1769385078.0890918,1769385078089099794,Sr02_gA_IMG1_LID0_STA1_CFC64_OH0,0126_0050,A,0.46393558382987976,-0.26343756914138794,0.5,-0.5,-20.13636422076475,-1.3747947722895797,2.9047767241199884,15.546834320724038
1769385078.2113812,1769385078211389677,Sr02_gA_IMG1_LID0_STA1_CFC64_OH0,0126_0050,A,0.4801478087902069,-0.21635925769805908,0.5,-0.5,-20.153356386739542,-1.3706098158078468,2.8954457442846815,15.530432783375003
1769385078.330893,1769385078330903018,Sr02_gA_IMG1_LID0_STA1_CFC64_OH0,0126_0050,A,0.43074992299079895,-0.09606287628412247,0.5,0.0,-20.178773139320782,-1.3640491779003883,2.8827821419092534,15.505734506968393
1769385078.4500427,1769385078450051464,Sr02_gA_IMG1_LID0_STA1_CFC64_OH0,0126_0050,A,0.49079516530036926,-0.19276440143585205,0.5,-0.5,-20.195671607721806,-1.359500561273634,2.874520860140407,15.489211287676623
1769385078.5725114,1769385078572518940,Sr02_gA_IMG1_LID0_STA1_CFC64_OH0,0126_0050,A,0.491026908159256,-0.20021003484725952,0.5,-0.5,-20.220944234082275,-1.3524050490429085,2.8611562667423396,15.464338708546208
1769385078.693026,1769385078693033701,Sr02_gA_IMG1_LID0_STA1_CFC64_OH0,0126_0050,A,0.4891670346260071,-0.29346412420272827,0.5,-0.5,-20.237738173278487,-1.3474845455615196,2.8519973415124027,15.447697166017901
1769385078.8147914,1769385078814803729,Sr02_gA_IMG1_LID0_STA1_CFC64_OH0,0126_0050,A,0.4912302494049072,-0.33092978596687317,0.5,-0.5,-20.2544862652833,-1.3424101845309024,2.8427954553928934,15.43100848066433
1769385078.933764,1769385078933779901,Sr02_gA_IMG1_LID0_STA1_CFC64_OH0,0126_0050,A,0.4705392122268677,-0.2296547293663025,0.5,-0.5,-20.27952522096784,-1.3345294995514891,2.830942280768746,15.405895365311226
1769385079.0579853,1769385079057994467,Sr02_gA_IMG1_LID0_STA1_CFC64_OH0,0126_0050,A,0.47043612599372864,-0.23137444257736206,0.5,-0.5,-20.295560733194815,-1.329345117016401,2.8271586962787345,15.38973666619954
1769385079.1768165,1769385079176825316,Sr02_gA_IMG1_LID0_STA1_CFC64_OH0,0126_0050,A,0.480683296918869,-0.2566305696964264,0.5,-0.5,-20.29342690330557,-1.3300577917792493,2.823239305730372,15.39189968822972
1769385079.2931798,1769385079293188793,Sr02_gA_IMG1_LID0_STA1_CFC64_OH0,0126_0050,A,0.48504287004470825,-0.27334561944007874,0.5,-0.5,-20.271259050865613,-1.3373909502118904,2.821313476618712,15.414332363839844
1769385079.4137318,1769385079413740884,Sr02_gA_IMG1_LID0_STA1_CFC64_OH0,0126_0050,A,0.48500120639801025,-0.2739619016647339,0.5,-0.5,-20.242786424679846,-1.346858317728665,2.819810705008323,15.443176542789562
1769385079.5345287,1769385079534539237,Sr02_gA_IMG1_LID0_STA1_CFC64_OH0,0126_0050,A,0.48541319370269775,-0.26039600372314453,0.5,-0.5,-20.232779647677287,-1.350197826716687,2.8182513442082984,15.45332182625922
1769385079.6551683,1769385079655176647,Sr02_gA_IMG1_LID0_STA1_CFC64_OH0,0126_0050,A,0.4761906564235687,-0.29862305521965027,0.5,-0.5,-20.24586905256181,-1.3457984654309407,2.815339960886542,15.44003379678602
1769385079.7791486,1769385079779156593,Sr02_gA_IMG1_LID0_STA1_CFC64_OH0,0126_0050,A,0.4747813642024994,-0.2694154381752014,0.5,-0.5,-20.270682805681226,-1.3372350885475381,2.803128513019844,15.414719785019855
1769385079.9025064,1769385079902516034,Sr02_gA_IMG1_LID0_STA1_CFC64_OH0,0126_0050,A,0.4744662940502167,-0.2724147439002991,0.5,-0.5,-20.28716363550961,-1.3313503559005775,2.7941464610467674,15.39779702888243
1769385080.0204475,1769385080020454588,Sr02_gA_IMG1_LID0_STA1_CFC64_OH0,0126_0050,A,0.500718355178833,-0.4009709060192108,0.5,-0.5,-20.311781082418076,-1.3222381774079879,2.779906380547269,15.372339703347954
1769385080.138153,1769385080138161166,Sr02_gA_IMG1_LID0_STA1_CFC64_OH0,0126_0050,A,0.4480740427970886,-0.2963792681694031,0.5,-0.5,-20.328118916052475,-1.315967393193492,2.7703177311731046,15.355319603046265
1769385080.257499,1769385080257507953,Sr02_gA_IMG1_LID0_STA1_CFC64_OH0,0126_0050,A,0.4913409352302551,-0.3162560760974884,0.5,-0.5,-20.3438028402697,-1.3097805944472296,2.761232341083121,15.338887223928248
1769385080.3815787,1769385080381590281,Sr02_gA_IMG1_LID0_STA1_CFC64_OH0,0126_0050,A,0.4912112057209015,-0.32027560472488403,0.5,-0.5,-20.341741359930612,-1.3106559828992286,2.750769142413729,15.341082228153542
1769385080.5073671,1769385080507376537,Sr02_gA_IMG1_LID0_STA1_CFC64_OH0,0126_0050,A,0.5028010606765747,-0.261304646730423,0.5,-0.5,-20.320169801881793,-1.319617759740669,2.745736147822026,15.36393954923607
1769385080.624477,1769385080624485984,Sr02_gA_IMG1_LID0_STA1_CFC64_OH0,0126_0050,A,0.4869738519191742,-0.35402384400367737,0.5,-0.5,-20.27362333631727,-1.3392218846504922,2.740231481973788,15.413416218396986
1769385080.753878,1769385080753885774,Sr02_gA_IMG1_LID0_STA1_CFC64_OH0,0126_0050,A,0.4577023684978485,-0.42843499779701233,0.5,-0.5,-20.261608129913785,-1.344335885924806,2.7376373454383347,15.426219128865268
1769385080.8778434,1769385080877852204,Sr02_gA_IMG1_LID0_STA1_CFC64_OH0,0126_0050,A,0.4580862522125244,-0.4287712574005127,0.5,-0.5,-20.273956602506875,-1.3390224883465354,2.73300176355809,15.413028587861927
1769385081.0061736,1769385081006182096,Sr02_gA_IMG1_LID0_STA1_CFC64_OH0,0126_0050,A,0.48923584818840027,-0.4873940944671631,0.5,-0.5,-20.28996813904238,-1.3319853054447979,2.721969090772795,15.395842396790623
1769385081.1344411,1769385081134449971,Sr02_gA_IMG1_LID0_STA1_CFC64_OH0,0126_0050,A,0.4334057867527008,-0.44884175062179565,0.5,-0.5,-20.313850678416365,-1.3210916855484496,2.7058019679254057,15.369984473041555
1769385081.2574546,1769385081257462820,Sr02_gA_IMG1_LID0_STA1_CFC64_OH0,0126_0050,A,0.46759897470474243,-0.3764375150203705,0.5,-0.5,-20.329681063863653,-1.3136320172557039,2.696656321339157,15.352710305429841
1769385081.389037,1769385081389045178,Sr02_gA_IMG1_LID0_STA1_CFC64_OH0,0126_0050,A,0.4677600562572479,-0.37856820225715637,0.5,-0.5,-20.353272466728082,-1.302121667700311,2.6781342199504556,15.326745561655025
1769385081.51952,1769385081519528412,Sr02_gA_IMG1_LID0_STA1_CFC64_OH0,0126_0050,A,0.3489028513431549,-0.30454474687576294,0.5,-0.5,-20.368867178182047,-1.2941813199034384,2.663137850570847,15.309394822868521
1769385081.6404786,1769385081640487145,Sr02_gA_IMG1_LID0_STA1_CFC64_OH0,0126_0050,A,0.43388664722442627,-0.46850714087486267,0.5,-0.5,-20.376496460723974,-1.2901993546779555,2.6438410786249746,15.300851458528893
1769385081.7674654,1769385081767474015,Sr02_gA_IMG1_LID0_STA1_CFC64_OH0,0126_0050,A,0.4524998068809509,-0.3441678583621979,0.5,-0.5,-20.362082422544468,-1.2981374318921017,2.63454368025565,15.317227373777998
1769385081.8928928,1769385081892900666,Sr02_gA_IMG1_LID0_STA1_CFC64_OH0,0126_0050,A,0.452949583530426,-0.3449830412864685,0.5,-0.5,-20.31732691963327,-1.3233311939612173,2.62433583691643,15.36838450403169
1769385082.0103703,1769385082010380548,Sr02_gA_IMG1_LID0_STA1_CFC64_OH0,0126_0050,A,0.333633154630661,-0.3837849199771881,0.5,-0.5,-20.299293600542686,-1.333642522672664,2.6194812636032494,15.389088120222477
1769385082.1312668,1769385082131274970,Sr02_gA_IMG1_LID0_STA1_CFC64_OH0,0126_0050,A,0.47280511260032654,-0.2345465123653412,0.5,-0.5,-20.302632380635778,-1.3316896493799517,2.6143084501382297,15.385230168142519
1769385082.2677166,1769385082267724404,Sr02_gA_IMG1_LID0_STA1_CFC64_OH0,0126_0050,A,0.4663178324699402,-0.08102025091648102,0.5,0.0,-20.317359298106656,-1.3230328765417814,2.6051378703902466,15.368189038273446
1769385082.392069,1769385082392076858,Sr02_gA_IMG1_LID0_STA1_CFC64_OH0,0126_0050,A,0.46617454290390015,-0.07806775718927383,0.5,0.0,-20.33973919718193,-1.3093577206187892,2.581209848661372,15.341998389277878
1769385082.5119169,1769385082511925206,Sr02_gA_IMG1_LID0_STA1_CFC64_OH0,0126_0050,A,0.46746826171875,-0.1965457946062088,0.5,-0.5,-20.348470609050786,-1.303828635776719,2.570114799524571,15.331670616151833
1769385082.6302617,1769385082630270422,Sr02_gA_IMG1_LID0_STA1_CFC64_OH0,0126_0050,A,0.5221737027168274,-0.2585190534591675,0.5,-0.5,-20.3332723708058,-1.31378470980383,2.5581611923757346,15.349835353080055
1769385082.7475498,1769385082747561008,Sr02_gA_IMG1_LID0_STA1_CFC64_OH0,0126_0050,A,0.4516998827457428,-0.28308385610580444,0.5,-0.5,-20.307135904163886,-1.3311550208188496,2.552332476516963,15.381214111961269
1769385082.8666918,1769385082866700115,Sr02_gA_IMG1_LID0_STA1_CFC64_OH0,0126_0050,A,0.4513629376888275,-0.2823195457458496,0.5,-0.5,-20.291017593223394,-1.341975798008853,2.547866727926228,15.400626748382287
1769385082.985897,1769385082985904684,Sr02_gA_IMG1_LID0_STA1_CFC64_OH0,0126_0050,A,0.49511370062828064,-0.13049516081809998,0.5,0.0,-20.29591197699847,-1.3386354020291793,2.5431512993976852,15.394701124135754
1769385083.10588,1769385083105889228,Sr02_gA_IMG1_LID0_STA1_CFC64_OH0,0126_0050,A,0.5013444423675537,-0.19882072508335114,0.5,-0.5,-20.31035705664571,-1.3287566778350315,2.5403982664361253,15.377201158443507
