t_unix,t_ros_ns,run_folder,run_id,goal_id,v_pred_lin,w_pred_ang,v_cmd_lin,w_cmd_ang,x,y,yaw,dist_to_goal
1767867990.3669624,1767867990366975115,Sr02_gA_IMG1_LID0_STA1_CFC64_OH0,0108_1126,A,-0.04816529527306557,-0.0017918418161571026,0.0,0.0,-2.762422228417829e-15,-2.517359139906822e-24,-7.060447766966541e-12,33.80335215951223
1767867990.4874895,1767867990487497176,Sr02_gA_IMG1_LID0_STA1_CFC64_OH0,0108_1126,A,-0.04816529527306557,-0.0017918418161571026,0.0,0.0,-2.762422228417829e-15,-2.517359139906822e-24,-7.060447766966541e-12,33.80335215951223
1767867990.6036026,1767867990603610377,Sr02_gA_IMG1_LID0_STA1_CFC64_OH0,0108_1126,A,-0.0023210225626826286,-0.0029114549979567528,0.0,0.0,-2.8384864057376425e-15,-2.5168220927537694e-24,-7.060447826305706e-12,33.80335215951223
1767867990.717,1767867990717010685,Sr02_gA_IMG1_LID0_STA1_CFC64_OH0,0108_1126,A,0.0012473789975047112,-0.0008697649464011192,0.0,0.0,-2.9525424172525513e-15,-2.5160168062246303e-24,-7.06044801647779e-12,33.80335215951223
1767867990.8344398,1767867990834447387,Sr02_gA_IMG1_LID0_STA1_CFC64_OH0,0108_1126,A,-0.020281266421079636,-0.008063599467277527,0.0,0.0,-3.028680542691898e-15,-2.5154792369454572e-24,-7.060448011829597e-12,33.80335215951223
1767867990.953311,1767867990953318706,Sr02_gA_IMG1_LID0_STA1_CFC64_OH0,0108_1126,A,-0.06243099644780159,-0.0006445581093430519,0.0,0.0,-3.1047120806653233e-15,-2.5149424202150437e-24,-7.060448230228245e-12,33.80335215951223
1767867991.0714002,1767867991071409140,Sr02_gA_IMG1_LID0_STA1_CFC64_OH0,0108_1126,A,-0.014633978717029095,-0.004656175617128611,0.0,0.0,-2.507673869740603e-13,5.9412495642264905e-18,-0.00021500589872854543,33.80335215951198
1767867991.1887903,1767867991188799118,Sr02_gA_IMG1_LID0_STA1_CFC64_OH0,0108_1126,A,-0.058859724551439285,-0.002017415128648281,0.0,0.0,-9.700615495548548e-10,3.302770279689382e-13,-0.00039417796490147806,33.80335215856544
1767867991.305682,1767867991305689664,Sr02_gA_IMG1_LID0_STA1_CFC64_OH0,0108_1126,A,-0.10170162469148636,-0.021526021882891655,0.0,0.0,-3.355280029068021e-09,1.5935399426986141e-12,-0.0006629173245701998,33.80335215623734
1767867991.4262223,1767867991426228630,Sr02_gA_IMG1_LID0_STA1_CFC64_OH0,0108_1126,A,-0.10173144191503525,-0.0215489249676466,0.0,0.0,-5.157507112636989e-09,2.9612534955430286e-12,-0.0008546161820632777,33.80335215447818
1767867991.544416,1767867991544425664,Sr02_gA_IMG1_LID0_STA1_CFC64_OH0,0108_1126,A,-0.17323614656925201,-0.03355510160326958,0.0,0.0,-1.2128950261946037e-08,1.1808417635604632e-11,-0.001660954017340864,33.80335214767258
1767867991.6562958,1767867991656302060,Sr02_gA_IMG1_LID0_STA1_CFC64_OH0,0108_1126,A,-0.4002839922904968,-0.02109353058040142,-0.5,0.0,-1.516211013310394e-08,1.732804511377649e-11,-0.0019862346145613726,33.803352144711205
1767867991.77125,1767867991771258035,Sr02_gA_IMG1_LID0_STA1_CFC64_OH0,0108_1126,A,-0.40033480525016785,-0.02115776389837265,-0.5,0.0,-1.9294568488486382e-08,2.64996015358017e-11,-0.0024518375428509063,33.80335214067619
1767867991.887128,1767867991887138344,Sr02_gA_IMG1_LID0_STA1_CFC64_OH0,0108_1126,A,-0.4480246603488922,-0.021592440083622932,-0.5,0.0,-2.1177227479087825e-08,3.129807194201795e-11,-0.002653568430956414,33.80335213883779
1767867992.0071235,1767867992007130911,Sr02_gA_IMG1_LID0_STA1_CFC64_OH0,0108_1126,A,-0.3229202628135681,-7.07611907273531e-05,-0.5,0.0,-3.6069022289779875e-08,8.433842507775356e-11,-0.004415960836966498,33.803352124292786
1767867992.1256886,1767867992125695775,Sr02_gA_IMG1_LID0_STA1_CFC64_OH0,0108_1126,A,-0.3232887387275696,-0.0007706009782850742,-0.5,0.0,-6.412299959972758e-08,2.533971836437879e-10,-0.00764734476200927,33.80335209687704
1767867992.2418613,1767867992241869175,Sr02_gA_IMG1_LID0_STA1_CFC64_OH0,0108_1126,A,-0.5022539496421814,-0.04083540290594101,-0.5,0.0,-8.982876474091799e-08,4.91439076178577e-10,-0.011002812833944178,33.80335207173796
1767867992.359801,1767867992359809944,Sr02_gA_IMG1_LID0_STA1_CFC64_OH0,0108_1126,A,-0.2688809931278229,0.003678264794871211,-0.5,0.0,-0.006571815712386216,8.678407941705384e-05,-0.01401663433374164,33.796919592496856
1767867992.480737,1767867992480745404,Sr02_gA_IMG1_LID0_STA1_CFC64_OH0,0108_1126,A,-0.5169486403465271,-0.03707221895456314,-0.5,0.0,-0.048741864428905435,0.0007637271332529014,-0.01737195275288006,33.755618141101145
1767867992.5963967,1767867992596404484,Sr02_gA_IMG1_LID0_STA1_CFC64_OH0,0108_1126,A,-0.5169620513916016,-0.03754441812634468,-0.5,0.0,-0.09644264019412593,0.0016381635447908207,-0.019323474225065588,33.708878724163114
1767867992.7157123,1767867992715720661,Sr02_gA_IMG1_LID0_STA1_CFC64_OH0,0108_1126,A,-0.49913695454597473,0.011837586760520935,-0.5,0.0,-0.17142803675638518,0.0031178747972664535,-0.019771535328538318,33.63538705886278
1767867992.834386,1767867992834394338,Sr02_gA_IMG1_LID0_STA1_CFC64_OH0,0108_1126,A,-0.5064502954483032,-0.09948413819074631,-0.5,0.0,-0.22141822292851884,0.004108313208292502,-0.019848595116842574,33.586395526872536
1767867992.9546545,1767867992954662251,Sr02_gA_IMG1_LID0_STA1_CFC64_OH0,0108_1126,A,-0.5067129731178284,-0.10034820437431335,-0.5,0.0,-0.27139786862170007,0.0052011556257386465,-0.02390223003412393,33.53739476325733
1767867993.0765057,1767867993076513923,Sr02_gA_IMG1_LID0_STA1_CFC64_OH0,0108_1126,A,-0.46401724219322205,-0.41184312105178833,-0.5,-0.5,-0.34635464886024775,0.007039066440322209,-0.024668872158629788,33.463867775932556
1767867993.1946084,1767867993194616548,Sr02_gA_IMG1_LID0_STA1_CFC64_OH0,0108_1126,A,-0.46649983525276184,-0.17467740178108215,-0.5,0.0,-0.3963370318088013,0.008365033608196657,-0.028376075856589654,33.41482026207493
1767867993.313835,1767867993313844122,Sr02_gA_IMG1_LID0_STA1_CFC64_OH0,0108_1126,A,-0.5474645495414734,-0.3979777693748474,-0.5,-0.5,-0.44631412629997175,0.009877242321744148,-0.03212578738818563,33.36573964423759
1767867993.4306273,1767867993430636421,Sr02_gA_IMG1_LID0_STA1_CFC64_OH0,0108_1126,A,-0.5465779304504395,-0.39725998044013977,-0.5,-0.5,-0.5212526259265515,0.012295522455065995,-0.03182202065976524,33.29211716969442
1767867993.5488,1767867993548809647,Sr02_gA_IMG1_LID0_STA1_CFC64_OH0,0108_1126,A,-0.5080254077911377,-0.5028144717216492,-0.5,-0.5,-0.5711633104944023,0.014101186882885447,-0.04107241692774562,33.243043183194025
1767867993.6642473,1767867993664255693,Sr02_gA_IMG1_LID0_STA1_CFC64_OH0,0108_1126,A,-0.5088854432106018,-0.440803200006485,-0.5,-0.5,-0.646042472267901,0.017746199305474428,-0.05702901970313498,33.16921663067159
1767867993.7793748,1767867993779382052,Sr02_gA_IMG1_LID0_STA1_CFC64_OH0,0108_1126,A,-0.5110124945640564,-0.4453931748867035,-0.5,-0.5,-0.6952310250944645,0.021154366179376608,-0.08506417376277958,33.120497354641955
1767867993.9015605,1767867993901570804,Sr02_gA_IMG1_LID0_STA1_CFC64_OH0,0108_1126,A,-0.45897579193115234,-0.4720132052898407,-0.5,-0.5,-0.7444848948489654,0.02593483542980174,-0.10603799919066595,33.071411318513725
1767867994.014487,1767867994014494802,Sr02_gA_IMG1_LID0_STA1_CFC64_OH0,0108_1126,A,-0.48303231596946716,-0.46283599734306335,-0.5,-0.5,-0.8184777803655017,0.03527114231987413,-0.15183290129182497,32.997193708907496
1767867994.1285753,1767867994128583477,Sr02_gA_IMG1_LID0_STA1_CFC64_OH0,0108_1126,A,-0.49886032938957214,-0.4094077944755554,-0.5,-0.5,-0.8677393603412238,0.043813256351420665,-0.19155882975884,32.9472659743368
1767867994.2452497,1767867994245257879,Sr02_gA_IMG1_LID0_STA1_CFC64_OH0,0108_1126,A,-0.5045257210731506,-0.41988739371299744,-0.5,-0.5,-0.9165193305842337,0.05444478058289165,-0.23934007420685002,32.897343223504784
1767867994.35748,1767867994357488826,Sr02_gA_IMG1_LID0_STA1_CFC64_OH0,0108_1126,A,-0.5108062624931335,-0.5039535164833069,-0.5,-0.5,-0.9648025615147872,0.06741831224833131,-0.28466059008551253,32.84738394667787
1767867994.4770656,1767867994477074021,Sr02_gA_IMG1_LID0_STA1_CFC64_OH0,0108_1126,A,-0.44967368245124817,-0.46484842896461487,-0.5,-0.5,-1.0360312625387713,0.09085732313254476,-0.3512858606297894,32.77272739222331
1767867994.5948093,1767867994594820885,Sr02_gA_IMG1_LID0_STA1_CFC64_OH0,0108_1126,A,-0.4568542540073395,-0.4759819805622101,-0.5,-0.5,-1.082559042808107,0.10915220653399536,-0.39822089321350457,32.72329892772917
1767867994.7108104,1767867994710821669,Sr02_gA_IMG1_LID0_STA1_CFC64_OH0,0108_1126,A,-0.5175784230232239,-0.416851669549942,-0.5,-0.5,-1.128178195515064,0.1296081241920686,-0.44468797243698344,32.67427919532094
1767867994.8277695,1767867994827780361,Sr02_gA_IMG1_LID0_STA1_CFC64_OH0,0108_1126,A,-0.47181203961372375,-0.4534342288970947,-0.5,-0.5,-1.1948012948523767,0.16402535376295027,-0.507701919943747,32.601690548597524
1767867994.9457293,1767867994945738530,Sr02_gA_IMG1_LID0_STA1_CFC64_OH0,0108_1126,A,-0.47797518968582153,-0.4590592384338379,-0.5,-0.5,-1.2379713925295714,0.1892439011272765,-0.5496905830096807,32.55401706884749
1767867995.0648618,1767867995064869579,Sr02_gA_IMG1_LID0_STA1_CFC64_OH0,0108_1126,A,-0.45889145135879517,-0.41326871514320374,-0.5,-0.5,-1.2799325307046443,0.2163459975556755,-0.5984715560242311,32.50711524788477
1767867995.1780856,1767867995178094795,Sr02_gA_IMG1_LID0_STA1_CFC64_OH0,0108_1126,A,-0.5702967047691345,-0.43302294611930847,-0.5,-0.5,-1.3403275335325737,0.26078836656730164,-0.6693718918412769,32.43843351388444
1767867995.297072,1767867995297079834,Sr02_gA_IMG1_LID0_STA1_CFC64_OH0,0108_1126,A,-0.5222018361091614,-0.5332074165344238,-0.5,-0.5,-1.3787850867873004,0.2927343271626317,-0.7169700120388057,32.39391681558037
1767867995.4107392,1767867995410751182,Sr02_gA_IMG1_LID0_STA1_CFC64_OH0,0108_1126,A,-0.5191404819488525,-0.5344651341438293,-0.5,-0.5,-1.4157605738731216,0.32638619506960365,-0.7592464529558891,32.35049107964014
1767867995.5277102,1767867995527718664,Sr02_gA_IMG1_LID0_STA1_CFC64_OH0,0108_1126,A,-0.5539330840110779,-0.5266541838645935,-0.5,-0.5,-1.4684161037725643,0.3797690747467351,-0.8261513340103301,32.287499982602064
1767867995.6428003,1767867995642808231,Sr02_gA_IMG1_LID0_STA1_CFC64_OH0,0108_1126,A,-0.5982360243797302,-0.5640897750854492,-0.5,-0.5,-1.5014459934958775,0.41730022369368613,-0.8720571838431667,32.24714044762238
1767867995.7579885,1767867995757995720,Sr02_gA_IMG1_LID0_STA1_CFC64_OH0,0108_1126,A,-0.5912366509437561,-0.5541125535964966,-0.5,-0.5,-1.5327763842633308,0.4562622853900981,-0.9142998267292414,32.208160562117314
1767867995.8744435,1767867995874451918,Sr02_gA_IMG1_LID0_STA1_CFC64_OH0,0108_1126,A,-0.5788955092430115,-0.5157158374786377,-0.5,-0.5,-1.5766238627047415,0.5170935221604567,-0.9786605247162073,32.152314418657795
1767867995.9938197,1767867995993828827,Sr02_gA_IMG1_LID0_STA1_CFC64_OH0,0108_1126,A,-0.5189435482025146,-0.25916117429733276,-0.5,-0.5,-1.6034260832187193,0.5592262951690902,-1.0307203705895054,32.11716625574801
1767867996.114551,1767867996114558385,Sr02_gA_IMG1_LID0_STA1_CFC64_OH0,0108_1126,A,-0.5052291750907898,-0.23114842176437378,-0.5,-0.5,-1.6279787093860256,0.6027759605579154,-1.084154234041149,32.08395732046712
1767867996.2324064,1767867996232414680,Sr02_gA_IMG1_LID0_STA1_CFC64_OH0,0108_1126,A,-0.508143961429596,-0.31259194016456604,-0.5,-0.5,-1.6603853345736341,0.6703916125583136,-1.1633865873860176,32.03807082308011
1767867996.3507786,1767867996350785836,Sr02_gA_IMG1_LID0_STA1_CFC64_OH0,0108_1126,A,-0.4083248972892761,-0.23488402366638184,-0.5,-0.5,-1.6788906990301047,0.7168280097977747,-1.2197758481280176,32.01028958264847
1767867996.4675977,1767867996467606106,Sr02_gA_IMG1_LID0_STA1_CFC64_OH0,0108_1126,A,-0.18080651760101318,-0.3154113292694092,0.0,-0.5,-1.6947697424253352,0.7642328146496858,-1.2752868097013093,31.984931949957684
1767867996.580974,1767867996580981896,Sr02_gA_IMG1_LID0_STA1_CFC64_OH0,0108_1126,A,0.0006449967622756958,-0.3088369369506836,0.0,-0.5,-1.7137409692606134,0.8367741387653079,-1.3537960035355212,31.95145596333446
1767867996.6958008,1767867996695809657,Sr02_gA_IMG1_LID0_STA1_CFC64_OH0,0108_1126,A,0.0326160229742527,0.009550444781780243,0.0,0.0,-1.7236282941206407,0.8856144075010145,-1.3850817074758288,31.93182221164937
1767867996.8158677,1767867996815875707,Sr02_gA_IMG1_LID0_STA1_CFC64_OH0,0108_1126,A,-0.002077757380902767,-0.19522348046302795,0.0,0.0,-1.7322671729099837,0.9348612887983488,-1.408756776012378,31.913394972969357
1767867996.933609,1767867996933616245,Sr02_gA_IMG1_LID0_STA1_CFC64_OH0,0108_1126,A,0.08864982426166534,-0.21473325788974762,0.0,-0.5,-1.7428305510624833,1.0090533067672984,-1.4523287862072518,31.88816374885198
1767867997.0490627,1767867997049070126,Sr02_gA_IMG1_LID0_STA1_CFC64_OH0,0108_1126,A,-0.0012627346441149712,-0.06346117705106735,0.0,0.0,-1.7481441748910842,1.0587569896557978,-1.4760479643231923,31.873076119445518
1767867997.1669142,1767867997166924610,Sr02_gA_IMG1_LID0_STA1_CFC64_OH0,0108_1126,A,0.03595917299389839,-0.06577341258525848,0.0,0.0,-1.7517569512201456,1.1014359373293032,-1.4972503471507101,31.861109029579897
1767867997.2866518,1767867997286659204,Sr02_gA_IMG1_LID0_STA1_CFC64_OH0,0108_1126,A,0.32575613260269165,-0.011830344796180725,0.5,0.0,-1.7535837485214765,1.12986529622444,-1.5203173441476925,31.853735473096304
1767867997.410608,1767867997410617443,Sr02_gA_IMG1_LID0_STA1_CFC64_OH0,0108_1126,A,0.33574214577674866,-0.010177871212363243,0.5,0.0,-1.7536463192252423,1.1311575760627184,-1.5239789136323487,31.85342093816246
1767867997.5276477,1767867997527656575,Sr02_gA_IMG1_LID0_STA1_CFC64_OH0,0108_1126,A,0.4521145224571228,-0.11241386830806732,0.5,0.0,-1.7536465515522497,1.131163104712344,-1.5427607487780723,31.85341962729961
1767867997.64305,1767867997643059022,Sr02_gA_IMG1_LID0_STA1_CFC64_OH0,0108_1126,A,0.5233635902404785,-0.4360036253929138,0.5,-0.5,-1.7536465515552493,1.1311631048858466,-1.5642340219948663,31.85341962726268
1767867997.7600129,1767867997760020209,Sr02_gA_IMG1_LID0_STA1_CFC64_OH0,0108_1126,A,0.525568425655365,-0.43779945373535156,0.5,-0.5,-1.7536465617966372,1.1311660417708722,-1.5728322866155087,31.853419041897723
1767867997.8723872,1767867997872395324,Sr02_gA_IMG1_LID0_STA1_CFC64_OH0,0108_1126,A,0.4018661081790924,-0.39434191584587097,0.5,-0.5,-1.7536488815918365,1.1309646059030074,-1.5826299423782082,31.853456227996944
1767867997.9881306,1767867997988138296,Sr02_gA_IMG1_LID0_STA1_CFC64_OH0,0108_1126,A,0.42589470744132996,-0.39064836502075195,0.5,-0.5,-1.7538267088676986,1.1194337030433466,-1.5882034630658348,31.855542785165227
1767867998.1061952,1767867998106202835,Sr02_gA_IMG1_LID0_STA1_CFC64_OH0,0108_1126,A,0.4266335666179657,-0.392859548330307,0.5,-0.5,-1.7544006893160837,1.0906047386885471,-1.5926002658157699,31.860650305903846
1767867998.2251573,1767867998225165482,Sr02_gA_IMG1_LID0_STA1_CFC64_OH0,0108_1126,A,0.4239646792411804,-0.3254413306713104,0.5,-0.5,-1.7554816122349148,1.04546819356066,-1.597667150689306,31.868519102283283
1767867998.3404245,1767867998340432358,Sr02_gA_IMG1_LID0_STA1_CFC64_OH0,0108_1126,A,0.4115149676799774,-0.2866196930408478,0.5,-0.5,-1.7584258242767592,0.9712345995483697,-1.631378626962179,31.880452574152166
1767867998.4572165,1767867998457223320,Sr02_gA_IMG1_LID0_STA1_CFC64_OH0,0108_1126,A,0.3048456907272339,-0.22523397207260132,0.5,-0.5,-1.7625089794348867,0.9215599386979721,-1.6745914300746252,31.886462910671202
1767867998.5720673,1767867998572076214,Sr02_gA_IMG1_LID0_STA1_CFC64_OH0,0108_1126,A,0.3405900299549103,-0.23530897498130798,0.5,-0.5,-1.7687073000429943,0.8719489622480104,-1.714894748776599,31.89046625277469
1767867998.6880634,1767867998688071852,Sr02_gA_IMG1_LID0_STA1_CFC64_OH0,0108_1126,A,0.4362596869468689,-0.412595272064209,0.5,-0.5,-1.7816546056153202,0.7980859016968872,-1.7736396730951653,31.892931739377993
1767867998.8078926,1767867998807900835,Sr02_gA_IMG1_LID0_STA1_CFC64_OH0,0108_1126,A,0.4673976004123688,-0.43600958585739136,0.5,-0.5,-1.7926866611330783,0.7493214489200509,-1.8129255745223585,31.892225875443668
1767867998.9265833,1767867998926591894,Sr02_gA_IMG1_LID0_STA1_CFC64_OH0,0108_1126,A,0.472965806722641,-0.44721320271492004,0.5,-0.5,-1.805520412027659,0.7010082240114456,-1.846850042588556,31.889742153031847
1767867999.0472376,1767867999047245489,Sr02_gA_IMG1_LID0_STA1_CFC64_OH0,0108_1126,A,0.509516716003418,-0.4990198314189911,0.5,-0.5,-1.8276035278437834,0.6293393556295291,-1.891395819939755,31.88322533879755
1767867999.1605453,1767867999160555866,Sr02_gA_IMG1_LID0_STA1_CFC64_OH0,0108_1126,A,0.533163845539093,-0.5383455157279968,0.5,-0.5,-1.8438943149205278,0.582083191708532,-1.9140365675735795,31.877333943701544
1767867999.2820585,1767867999282066663,Sr02_gA_IMG1_LID0_STA1_CFC64_OH0,0108_1126,A,0.48265352845191956,-0.4746297299861908,0.5,-0.5,-1.8703521492434245,0.5119502013471203,-1.9500308774391046,31.866505839139126
1767867999.4001057,1767867999400114725,Sr02_gA_IMG1_LID0_STA1_CFC64_OH0,0108_1126,A,0.48707515001296997,-0.47625797986984253,0.5,-0.5,-1.889637890562865,0.4660639355443192,-1.9888788203768868,31.857586636892705
1767867999.5131783,1767867999513186997,Sr02_gA_IMG1_LID0_STA1_CFC64_OH0,0108_1126,A,0.49689412117004395,-0.4409154951572418,0.5,-0.5,-1.9109278797580544,0.42082744641383063,-2.032479712555809,31.846644982162708
1767867999.6298165,1767867999629822953,Sr02_gA_IMG1_LID0_STA1_CFC64_OH0,0108_1126,A,0.5151256918907166,-0.5305715799331665,0.5,-0.5,-1.9465424821842867,0.3548569803388263,-2.099753344046788,31.826368188812705
1767867999.746381,1767867999746389379,Sr02_gA_IMG1_LID0_STA1_CFC64_OH0,0108_1126,A,0.5198437571525574,-0.5249967575073242,0.5,-0.5,-1.9728404944202202,0.31233762759703304,-2.1496552601256234,31.810125850155462
1767867999.866226,1767867999866237953,Sr02_gA_IMG1_LID0_STA1_CFC64_OH0,0108_1126,A,0.4890702962875366,-0.40045255422592163,0.5,-0.5,-2.0012903083989633,0.2712304836976691,-2.203089011385225,31.791540978173874
1767867999.9847343,1767867999984742437,Sr02_gA_IMG1_LID0_STA1_CFC64_OH0,0108_1126,A,0.5219906568527222,-0.4508455693721771,0.5,-0.5,-2.047831230161591,0.2124384877976941,-2.276194904409775,31.759377424686647
1767868000.097662,1767868000097669601,Sr02_gA_IMG1_LID0_STA1_CFC64_OH0,0108_1126,A,0.5224902629852295,-0.44332507252693176,0.5,-0.5,-2.0811421699259554,0.17515701356996838,-2.3238206599509246,31.735357348895807
1767868000.216373,1767868000216381997,Sr02_gA_IMG1_LID0_STA1_CFC64_OH0,0108_1126,A,0.5113260746002197,-0.46878015995025635,0.5,-0.5,-2.116139617810099,0.1394530716708469,-2.368265601799396,31.70939604333219
1767868000.3310933,1767868000331100506,Sr02_gA_IMG1_LID0_STA1_CFC64_OH0,0108_1126,A,0.4956109821796417,-0.4984821379184723,0.5,-0.5,-2.1716677566632017,0.08919150657093147,-2.4454206518025967,31.66685380505803
1767868000.4435096,1767868000443517549,Sr02_gA_IMG1_LID0_STA1_CFC64_OH0,0108_1126,A,0.5191358327865601,-0.5404379367828369,0.5,-0.5,-2.210856751627635,0.05814882485926044,-2.497920280663456,31.635877705149397
1767868000.5624583,1767868000562468580,Sr02_gA_IMG1_LID0_STA1_CFC64_OH0,0108_1126,A,0.513693630695343,-0.5330197215080261,0.5,-0.5,-2.2514538161521447,0.0290384998915839,-2.5396640834223536,31.60313182057571
1767868000.675617,1767868000675625283,Sr02_gA_IMG1_LID0_STA1_CFC64_OH0,0108_1126,A,0.506721556186676,-0.21423056721687317,0.5,-0.5,-2.3145884486239368,-0.01138644047266275,-2.6056383158165364,31.55116233703203
1767868000.7946174,1767868000794624985,Sr02_gA_IMG1_LID0_STA1_CFC64_OH0,0108_1126,A,0.506698727607727,-0.10536006093025208,0.5,0.0,-2.3581293285162,-0.03595841547937482,-2.6499707756309707,31.514598027591894
1767868000.9088433,1767868000908851576,Sr02_gA_IMG1_LID0_STA1_CFC64_OH0,0108_1126,A,0.5043245553970337,-0.07975097745656967,0.5,0.0,-2.4027392823386915,-0.058530416348775934,-2.696594173754689,31.47655967369334
1767868001.0256832,1767868001025690805,Sr02_gA_IMG1_LID0_STA1_CFC64_OH0,0108_1126,A,0.5149024724960327,-0.1011328473687172,0.5,0.0,-2.448376632491049,-0.07894415191926615,-2.745848278769497,31.43704514539561
1767868001.1387823,1767868001138790495,Sr02_gA_IMG1_LID0_STA1_CFC64_OH0,0108_1126,A,0.4859311282634735,-0.007522111292928457,0.5,0.0,-2.518631277764471,-0.10512233576931887,-2.8252120340191498,31.37502379212716
1767868001.2510493,1767868001251058232,Sr02_gA_IMG1_LID0_STA1_CFC64_OH0,0108_1126,A,0.488665372133255,-0.009041773155331612,0.5,0.0,-2.5665426610165176,-0.1194019237545162,-2.8785881440118053,31.331905317826592
1767868001.361755,1767868001361763983,Sr02_gA_IMG1_LID0_STA1_CFC64_OH0,0108_1126,A,0.5113149285316467,-0.14184825122356415,0.5,0.0,-2.6146529543114836,-0.13123988259209385,-2.9168113741327146,31.28802864995717
1767868001.478986,1767868001478994475,Sr02_gA_IMG1_LID0_STA1_CFC64_OH0,0108_1126,A,0.518347442150116,-0.10664193332195282,0.5,0.0,-2.6634082236786853,-0.1419048567593254,-2.9329136915783076,31.243260800322577
1767868001.5950158,1767868001595024255,Sr02_gA_IMG1_LID0_STA1_CFC64_OH0,0108_1126,A,0.5173711180686951,-0.09008421748876572,0.5,0.0,-2.7368883023510824,-0.15692478686439315,-2.9461567906255985,31.17556533520646
1767868001.7133727,1767868001713381320,Sr02_gA_IMG1_LID0_STA1_CFC64_OH0,0108_1126,A,0.49554750323295593,-0.05667899549007416,0.5,0.0,-2.785981080873202,-0.16640520771750403,-2.9558424057618176,31.130221695798348
1767868001.8320904,1767868001832097997,Sr02_gA_IMG1_LID0_STA1_CFC64_OH0,0108_1126,A,0.5009192228317261,-0.02073642984032631,0.5,0.0,-2.835114938936767,-0.17547303921788113,-2.9601951606387225,31.08475231870398
1767868001.9521205,1767868001952128396,Sr02_gA_IMG1_LID0_STA1_CFC64_OH0,0108_1126,A,0.507296085357666,-0.053980544209480286,0.5,0.0,-2.9088928175028888,-0.18895721913563363,-2.961490636906708,31.016470757809433
1767868002.0692518,1767868002069259314,Sr02_gA_IMG1_LID0_STA1_CFC64_OH0,0108_1126,A,0.5074939727783203,-0.0500519834458828,0.5,0.0,-2.958020783794775,-0.19764132785103863,-2.973385224178629,30.97094791162614
1767868002.1838627,1767868002183871041,Sr02_gA_IMG1_LID0_STA1_CFC64_OH0,0108_1126,A,0.4923305809497833,-0.08307034522294998,0.5,0.0,-3.0320672916819684,-0.20955730523023605,-2.9899200724030197,30.902072839194947
1767868002.3010511,1767868002301059898,Sr02_gA_IMG1_LID0_STA1_CFC64_OH0,0108_1126,A,0.4905659258365631,-0.08006893843412399,0.5,0.0,-3.0815266345862993,-0.21688916535334704,-2.9989284829454435,30.855929364362165
1767868002.4157588,1767868002415767162,Sr02_gA_IMG1_LID0_STA1_CFC64_OH0,0108_1126,A,0.49071118235588074,-0.07579611241817474,0.5,0.0,-3.131038548965797,-0.22385790438931283,-3.0045963987858237,30.809657458684963
1767868002.538539,1767868002538546437,Sr02_gA_IMG1_LID0_STA1_CFC64_OH0,0108_1126,A,0.4922640025615692,-0.036658886820077896,0.5,0.0,-3.1805814945255015,-0.23060289781069204,-3.007388916017891,30.763311861816955
1767868002.653315,1767868002653323211,Sr02_gA_IMG1_LID0_STA1_CFC64_OH0,0108_1126,A,0.4960685968399048,-0.0047763497568666935,0.5,0.0,-3.2549356903197024,-0.24042267644103718,-3.014156196568653,30.6937026106649
1767868002.7701585,1767868002770166473,Sr02_gA_IMG1_LID0_STA1_CFC64_OH0,0108_1126,A,0.49762454628944397,0.014589546248316765,0.5,0.0,-3.3045461632005586,-0.24665127342435555,-3.0192006752763274,30.64719182698052
1767868002.8881016,1767868002888109108,Sr02_gA_IMG1_LID0_STA1_CFC64_OH0,0108_1126,A,0.49660736322402954,0.014756778255105019,0.5,0.0,-3.379034875146194,-0.25538975576024886,-3.0309708028969107,30.577224848520824
1767868003.002911,1767868003002920267,Sr02_gA_IMG1_LID0_STA1_CFC64_OH0,0108_1126,A,0.5074517130851746,0.007585826795548201,0.5,0.0,-3.4287508211387476,-0.2607105675727246,-3.03897768428386,30.53041226898523
1767868003.1247995,1767868003124806657,Sr02_gA_IMG1_LID0_STA1_CFC64_OH0,0108_1126,A,0.5165683627128601,-0.04594956338405609,0.5,0.0,-3.478506737167471,-0.2656437746585723,-3.0465572863982002,30.483474011230143
1767868003.2445967,1767868003244608977,Sr02_gA_IMG1_LID0_STA1_CFC64_OH0,0108_1126,A,0.5156950950622559,-0.04494967684149742,0.5,0.0,-3.5531922241869562,-0.272476523790606,-3.0529203295208514,30.41289244306853
1767868003.3641915,1767868003364202257,Sr02_gA_IMG1_LID0_STA1_CFC64_OH0,0108_1126,A,0.4922597408294678,0.01039186306297779,0.5,0.0,-3.602996835839418,-0.2768924374878191,-3.053397970507696,30.36580092643074
1767868003.482737,1767868003482744765,Sr02_gA_IMG1_LID0_STA1_CFC64_OH0,0108_1126,A,0.4974260926246643,-0.009150151163339615,0.5,0.0,-3.652800087275511,-0.28132362426732355,-3.052132691731083,30.318723894887523
1767868003.6023107,1767868003602318618,Sr02_gA_IMG1_LID0_STA1_CFC64_OH0,0108_1126,A,0.4969961643218994,-0.00877116248011589,0.5,0.0,-3.727492737143838,-0.2881063286418463,-3.049995901131121,30.24817218282725
1767868003.7238722,1767868003723879742,Sr02_gA_IMG1_LID0_STA1_CFC64_OH0,0108_1126,A,0.5031751990318298,0.0052301459945738316,0.5,0.0,-3.777281392024564,-0.2926986492120777,-3.049237318164564,30.201173746573122
1767868003.8407023,1767868003840710504,Sr02_gA_IMG1_LID0_STA1_CFC64_OH0,0108_1126,A,0.499132364988327,-0.002811773680150509,0.5,0.0,-3.8519692670745314,-0.299406317275312,-3.0554171893472466,30.130643447495824
1767868003.9600117,1767868003960037607,Sr02_gA_IMG1_LID0_STA1_CFC64_OH0,0108_1126,A,0.5019810199737549,2.180878072977066e-05,0.5,0.0,-3.9017932276442053,-0.30359778790893316,-3.0599121497388397,30.083532733635277
1767868004.080332,1767868004080339381,Sr02_gA_IMG1_LID0_STA1_CFC64_OH0,0108_1126,A,0.5021361112594604,0.0002306448295712471,0.5,0.0,-3.9516139295941137,-0.30769447190678123,-3.059037407865309,30.036410279001625
1767868004.2020884,1767868004202096053,Sr02_gA_IMG1_LID0_STA1_CFC64_OH0,0108_1126,A,0.4907776415348053,0.006377814803272486,0.5,0.0,-4.026360472271709,-0.3138550652846084,-3.060015284024932,29.965733035080632
1767868004.321234,1767868004321242071,Sr02_gA_IMG1_LID0_STA1_CFC64_OH0,0108_1126,A,0.49917304515838623,-0.001374530140310526,0.5,0.0,-4.076195970120937,-0.3179075554843807,-3.0608923989190924,29.918608221569077
1767868004.4403052,1767868004440313740,Sr02_gA_IMG1_LID0_STA1_CFC64_OH0,0108_1126,A,0.5084817409515381,-0.009076673537492752,0.5,0.0,-4.150950385743899,-0.3239719101370142,-3.0604087343263653,29.847933706636745
1767868004.5557928,1767868004555801327,Sr02_gA_IMG1_LID0_STA1_CFC64_OH0,0108_1126,A,0.5080419778823853,-0.008948996663093567,0.5,0.0,-4.20078627173445,-0.3280196420995246,-3.0606899107574903,29.80083073544042
1767868004.6771126,1767868004677121545,Sr02_gA_IMG1_LID0_STA1_CFC64_OH0,0108_1126,A,0.5136097073554993,-0.027585109695792198,0.5,0.0,-4.250622722063389,-0.33206042193239454,-3.0606877320512367,29.753734873863298
1767868004.7948124,1767868004794819839,Sr02_gA_IMG1_LID0_STA1_CFC64_OH0,0108_1126,A,0.5151270031929016,-0.002405477687716484,0.5,0.0,-4.3253772972900855,-0.338122828056857,-3.060595844052349,29.68310931130371
1767868004.9096138,1767868004909621596,Sr02_gA_IMG1_LID0_STA1_CFC64_OH0,0108_1126,A,0.5148926973342896,-0.002370125148445368,0.5,0.0,-4.375212078282298,-0.342184133480263,-3.059958064924775,29.63604421951579
1767868005.0309107,1767868005030926967,Sr02_gA_IMG1_LID0_STA1_CFC64_OH0,0108_1126,A,0.5083903074264526,-0.004808259662240744,0.5,0.0,-4.425045542358954,-0.34626157604024066,-3.06001798845931,29.588994235721458
1767868005.147394,1767868005147402642,Sr02_gA_IMG1_LID0_STA1_CFC64_OH0,0108_1126,A,0.4936649799346924,-0.0008463929407298565,0.5,0.0,-4.499799010867529,-0.35233755334572586,-3.061147140749199,29.518423772474673
1767868005.265631,1767868005265639956,Sr02_gA_IMG1_LID0_STA1_CFC64_OH0,0108_1126,A,0.5055696964263916,-0.002620541490614414,0.5,0.0,-4.549639099096215,-0.35633319115286577,-3.0620420389790306,29.471370240204433
1767868005.3856275,1767868005385636305,Sr02_gA_IMG1_LID0_STA1_CFC64_OH0,0108_1126,A,0.5050880312919617,-0.0023864279501140118,0.5,0.0,-4.599485697327548,-0.36024660389432084,-3.064614170351098,29.424298540270026
1767868005.502716,1767868005502723772,Sr02_gA_IMG1_LID0_STA1_CFC64_OH0,0108_1126,A,0.4976885914802551,-0.0015428070910274982,0.5,0.0,-4.674268520592666,-0.36594995868701025,-3.065730044900894,29.353652722290324
1767868005.619124,1767868005619132583,Sr02_gA_IMG1_LID0_STA1_CFC64_OH0,0108_1126,A,0.5009968876838684,0.011810285970568657,0.5,0.0,-4.724125156647979,-0.3697335433018175,-3.0659670570356234,29.306561235330538
1767868005.7341464,1767868005734153723,Sr02_gA_IMG1_LID0_STA1_CFC64_OH0,0108_1126,A,0.5006275773048401,0.0118671003729105,0.5,0.0,-4.773983059899408,-0.3735003880673127,-3.066423499044516,29.25947374683126
1767868005.846665,1767868005846673562,Sr02_gA_IMG1_LID0_STA1_CFC64_OH0,0108_1126,A,0.4947671592235565,0.006572925020009279,0.5,0.0,-4.848772223677989,-0.3791200187232709,-3.0666693166168275,29.18885031757676
1767868005.9650097,1767868005965017686,Sr02_gA_IMG1_LID0_STA1_CFC64_OH0,0108_1126,A,0.5034021735191345,0.009175306186079979,0.5,0.0,-4.89863243830666,-0.38285614851864475,-3.0669313689797026,29.14177669902428
1767868006.078136,1767868006078145894,Sr02_gA_IMG1_LID0_STA1_CFC64_OH0,0108_1126,A,0.5031287670135498,0.009321948513388634,0.5,0.0,-4.948493602419103,-0.38657958567346995,-3.06717469382668,29.09470854482419
1767868006.193439,1767868006193447951,Sr02_gA_IMG1_LID0_STA1_CFC64_OH0,0108_1126,A,0.49048277735710144,0.01669779047369957,0.5,0.0,-5.023286788610296,-0.3921454241545638,-3.0674314237417524,29.024118143901184
1767868006.310735,1767868006310745243,Sr02_gA_IMG1_LID0_STA1_CFC64_OH0,0108_1126,A,0.5046477913856506,0.017379965633153915,0.5,0.0,-5.073147152047567,-0.39587953053870245,-3.0662504072941337,28.97707819296948
1767868006.4265716,1767868006426579975,Sr02_gA_IMG1_LID0_STA1_CFC64_OH0,0108_1126,A,0.5022953152656555,0.00892659928649664,0.5,0.0,-5.123003063713808,-0.3996726113159104,-3.065064835527487,28.93006829985671
1767868006.5416555,1767868006541663124,Sr02_gA_IMG1_LID0_STA1_CFC64_OH0,0108_1126,A,0.501914918422699,0.009019361808896065,0.5,0.0,-5.197779882092405,-0.40545414914773786,-3.0639200693351407,28.85960386219518
1767868006.658181,1767868006658187683,Sr02_gA_IMG1_LID0_STA1_CFC64_OH0,0108_1126,A,0.5065717697143555,0.004432133864611387,0.5,0.0,-5.247627342118746,-0.4093567427148012,-3.0630025422085634,28.812656929715487
1767868006.776352,1767868006776361733,Sr02_gA_IMG1_LID0_STA1_CFC64_OH0,0108_1126,A,0.5072853565216064,-0.005589429754763842,0.5,0.0,-5.297471176915938,-0.4133053671338905,-3.0620718154149906,28.765736233259176
1767868006.894744,1767868006894756154,Sr02_gA_IMG1_LID0_STA1_CFC64_OH0,0108_1126,A,0.5071014761924744,-0.005595555994659662,0.5,0.0,-5.372227456089409,-0.4193464919097422,-3.059707851818678,28.695415893239492
1767868007.0087302,1767868007008738016,Sr02_gA_IMG1_LID0_STA1_CFC64_OH0,0108_1126,A,0.5044541954994202,0.007183702662587166,0.5,0.0,-5.422056339559897,-0.42347946005394005,-3.0579698582433186,28.648585882126227
1767868007.1251378,1767868007125145851,Sr02_gA_IMG1_LID0_STA1_CFC64_OH0,0108_1126,A,0.4815707802772522,0.004846705589443445,0.5,0.0,-5.471879410898177,-0.42768196762414745,-3.0569926597810144,28.6017911558135
1767868007.242075,1767868007242083275,Sr02_gA_IMG1_LID0_STA1_CFC64_OH0,0108_1126,A,0.4811999797821045,0.005019060336053371,0.5,0.0,-5.521698680482722,-0.4319293070176792,-3.0560925803936367,28.555023202506902
1767868007.3629074,1767868007362923826,Sr02_gA_IMG1_LID0_STA1_CFC64_OH0,0108_1126,A,0.48978132009506226,0.002267286414280534,0.5,0.0,-5.596421549375881,-0.43837072418548795,-3.055244269073499,28.484916966997076
1767868007.474793,1767868007474801182,Sr02_gA_IMG1_LID0_STA1_CFC64_OH0,0108_1126,A,0.4956255257129669,0.003958888817578554,0.5,0.0,-5.646236054020676,-0.4426736011891406,-3.055702987994061,28.438196424550025
1767868007.5895603,1767868007589567762,Sr02_gA_IMG1_LID0_STA1_CFC64_OH0,0108_1126,A,0.5022915601730347,0.009429766796529293,0.5,0.0,-5.6960529352958185,-0.4469488740226,-3.0562624201489696,28.39147716812331
1767868007.707617,1767868007707624656,Sr02_gA_IMG1_LID0_STA1_CFC64_OH0,0108_1126,A,0.5019981861114502,0.009549280628561974,0.5,0.0,-5.770779434896061,-0.45334803298217563,-3.0556960458009326,28.321414360135737
1767868007.822429,1767868007822435309,Sr02_gA_IMG1_LID0_STA1_CFC64_OH0,0108_1126,A,0.5040023326873779,0.005978695582598448,0.5,0.0,-5.820594047976577,-0.45764965565905136,-3.055211374246445,28.274732661612152
1767868007.9410834,1767868007941091622,Sr02_gA_IMG1_LID0_STA1_CFC64_OH0,0108_1126,A,0.5002641081809998,0.0040885345079004765,0.5,0.0,-5.870406546449596,-0.4619756962002123,-3.054712916254917,28.22807113565441
1767868008.058134,1767868008058143361,Sr02_gA_IMG1_LID0_STA1_CFC64_OH0,0108_1126,A,0.49986204504966736,0.004091226030141115,0.5,0.0,-5.945121935762032,-0.4685033147878934,-3.054262750966527,28.158114295476544
1767868008.1745667,1767868008174574212,Sr02_gA_IMG1_LID0_STA1_CFC64_OH0,0108_1126,A,0.4904865026473999,-0.002747032791376114,0.5,0.0,-5.994930526430867,-0.4728741208866233,-3.0538668640266873,28.11149777027308
1767868008.291139,1767868008291146276,Sr02_gA_IMG1_LID0_STA1_CFC64_OH0,0108_1126,A,0.49514079093933105,0.0007266653701663017,0.5,0.0,-6.044736612142951,-0.4772733645171196,-3.0530333104561374,28.064903250629133
1767868008.407975,1767868008407983185,Sr02_gA_IMG1_LID0_STA1_CFC64_OH0,0108_1126,A,0.4947676360607147,0.0008872190956026316,0.5,0.0,-6.1194379476451575,-0.48395982870454735,-3.051605701341706,27.995065561980194
1767868008.528141,1767868008528152096,Sr02_gA_IMG1_LID0_STA1_CFC64_OH0,0108_1126,A,0.49675464630126953,0.013034975156188011,0.5,0.0,-6.169234293596739,-0.4884679922255384,-3.0510078300290995,27.948540533613773
1767868008.6464608,1767868008646469108,Sr02_gA_IMG1_LID0_STA1_CFC64_OH0,0108_1126,A,0.5083455443382263,-0.0070396787486970425,0.5,0.0,-6.243924463426967,-0.49527810476954454,-3.050356719336267,27.87879322872783
1767868008.7612193,1767868008761228098,Sr02_gA_IMG1_LID0_STA1_CFC64_OH0,0108_1126,A,0.4975331127643585,-0.010555176064372063,0.5,0.0,-6.293715571429053,-0.49984376047837953,-3.0499475974029764,27.832319679194676
1767868008.87612,1767868008876127419,Sr02_gA_IMG1_LID0_STA1_CFC64_OH0,0108_1126,A,0.4973400831222534,-0.010470116510987282,0.5,0.0,-6.343506372630999,-0.5044127628698338,-3.050222295000187,27.78585961640951
1767868008.9904442,1767868008990451967,Sr02_gA_IMG1_LID0_STA1_CFC64_OH0,0108_1126,A,0.5001957416534424,-0.008394351229071617,0.5,0.0,-6.3932979205607925,-0.5089736221228156,-3.050219105089591,27.739408834041612
1767868009.1087506,1767868009108759285,Sr02_gA_IMG1_LID0_STA1_CFC64_OH0,0108_1126,A,0.504397451877594,0.0019014922436326742,0.5,0.0,-6.467984615496017,-0.5158217516819988,-3.0500908391697545,27.66975840841303
1767868009.2249136,1767868009224928841,Sr02_gA_IMG1_LID0_STA1_CFC64_OH0,0108_1126,A,0.5047246813774109,0.0018538977019488811,0.5,0.0,-6.517772452084798,-0.5204229099023883,-3.048787353081557,27.623353720187655
1767868009.348736,1767868009348744133,Sr02_gA_IMG1_LID0_STA1_CFC64_OH0,0108_1126,A,0.5020633339881897,-0.002232118509709835,0.5,0.0,-6.5675572387607115,-0.5250569829981334,-3.049089812023033,27.57697394734535
1767868009.464679,1767868009464686806,Sr02_gA_IMG1_LID0_STA1_CFC64_OH0,0108_1126,A,0.4977274239063263,-0.008449077606201172,0.5,0.0,-6.642241199997988,-0.531934786052802,-3.0505324634898723,27.507400514604864
1767868009.5857177,1767868009585725323,Sr02_gA_IMG1_LID0_STA1_CFC64_OH0,0108_1126,A,0.49732479453086853,-0.008423939347267151,0.5,0.0,-6.692036412221469,-0.5364554380192702,-3.05157947349359,27.46100985555258
1767868009.7025096,1767868009702517712,Sr02_gA_IMG1_LID0_STA1_CFC64_OH0,0108_1126,A,0.49675607681274414,-0.006176041904836893,0.5,0.0,-6.766737166289976,-0.5431484154266479,-3.0526742316796627,27.391414658325953
1767868009.8163679,1767868009816376033,Sr02_gA_IMG1_LID0_STA1_CFC64_OH0,0108_1126,A,0.5020438432693481,0.003552123438566923,0.5,0.0,-6.816539208754502,-0.5475932148421128,-3.052484083376997,27.345027287232565
1767868009.935663,1767868009935671345,Sr02_gA_IMG1_LID0_STA1_CFC64_OH0,0108_1126,A,0.49829596281051636,0.011008943431079388,0.5,0.0,-6.866340415748438,-0.5520473654676075,-3.0522986938736025,27.298656185366667
1767868010.0546296,1767868010054636793,Sr02_gA_IMG1_LID0_STA1_CFC64_OH0,0108_1126,A,0.49825382232666016,0.01135542057454586,0.5,0.0,-6.941042229437726,-0.5587285531856291,-3.0526139538417807,27.229123600180387
1767868010.167631,1767868010167637976,Sr02_gA_IMG1_LID0_STA1_CFC64_OH0,0108_1126,A,0.5047649145126343,0.0016478276811540127,0.5,0.0,-6.990846297664707,-0.5631505801257786,-3.0534588588960094,27.1827725901009
1767868010.2838607,1767868010283869361,Sr02_gA_IMG1_LID0_STA1_CFC64_OH0,0108_1126,A,0.513865053653717,0.000341727863997221,0.5,0.0,-7.040654079862474,-0.5675305764326789,-3.0543015028543437,27.136418688781426
1767868010.399842,1767868010399849467,Sr02_gA_IMG1_LID0_STA1_CFC64_OH0,0108_1126,A,0.5135881304740906,0.00053576217032969,0.5,0.0,-7.115371907483728,-0.574030199770955,-3.0551980700350843,27.066885633587884
1767868010.51599,1767868010516000511,Sr02_gA_IMG1_LID0_STA1_CFC64_OH0,0108_1126,A,0.5009607672691345,-0.005882876459509134,0.5,0.0,-7.165184652467029,-0.5783534039077702,-3.0548428603447224,27.020542781409958
1767868010.6330702,1767868010633078356,Sr02_gA_IMG1_LID0_STA1_CFC64_OH0,0108_1126,A,0.503199577331543,0.0011547973845154047,0.5,0.0,-7.2149945432878875,-0.58270934423731,-3.0538165415860927,26.97422537139713
1767868010.753019,1767868010753027002,Sr02_gA_IMG1_LID0_STA1_CFC64_OH0,0108_1126,A,0.5032190680503845,0.0011686354409903288,0.5,0.0,-7.264799587293906,-0.5871203542581528,-3.052691395948353,26.92794203890709
1767868010.8721776,1767868010872186043,Sr02_gA_IMG1_LID0_STA1_CFC64_OH0,0108_1126,A,0.48365262150764465,0.01562553085386753,0.5,0.0,-7.3395003261918355,-0.5938135408288949,-3.052055911691592,26.858571278811116
1767868010.989759,1767868010989766958,Sr02_gA_IMG1_LID0_STA1_CFC64_OH0,0108_1126,A,0.4995541572570801,0.01153552532196045,0.5,0.0,-7.389299904296158,-0.5982858672107464,-3.05200867698485,26.81234485009936
1767868011.1082044,1767868011108213131,Sr02_gA_IMG1_LID0_STA1_CFC64_OH0,0108_1126,A,0.5067974328994751,0.003061991650611162,0.5,0.0,-7.463998921423228,-0.6049982531062182,-3.0519963763562052,26.743032161976153
1767868011.224161,1767868011224168884,Sr02_gA_IMG1_LID0_STA1_CFC64_OH0,0108_1126,A,0.5064576268196106,0.0029973438940942287,0.5,0.0,-7.513799678225584,-0.6094574271067491,-3.0525846616725163,26.69683472721931
1767868011.3440244,1767868011344031532,Sr02_gA_IMG1_LID0_STA1_CFC64_OH0,0108_1126,A,0.500097930431366,-0.013163093477487564,0.5,0.0,-7.563601488514338,-0.6139048277296256,-3.0524691875081618,26.650646485480298
1767868011.46331,1767868011463318164,Sr02_gA_IMG1_LID0_STA1_CFC64_OH0,0108_1126,A,0.5101468563079834,0.0027571204118430614,0.5,0.0,-7.6383032026938995,-0.6205871300417721,-3.0521496085148097,26.581394308005294
1767868011.5792303,1767868011579237309,Sr02_gA_IMG1_LID0_STA1_CFC64_OH0,0108_1126,A,0.5104584097862244,0.002896940568462014,0.5,0.0,-7.688099821801967,-0.6250922271275768,-3.0505870610650407,26.535262998331813
1767868011.7014868,1767868011701495069,Sr02_gA_IMG1_LID0_STA1_CFC64_OH0,0108_1126,A,0.5173201560974121,-0.02912156842648983,0.5,0.0,-7.737890101368543,-0.6296668812895235,-3.0493926073015047,26.489172780766868
1767868011.8152013,1767868011815210008,Sr02_gA_IMG1_LID0_STA1_CFC64_OH0,0108_1126,A,0.5136293172836304,-0.00823853351175785,0.5,0.0,-7.812568365939275,-0.6366063272903162,-3.048679097226775,26.42009441382828
1767868011.9325964,1767868011932604989,Sr02_gA_IMG1_LID0_STA1_CFC64_OH0,0108_1126,A,0.5059472918510437,0.003151786280795932,0.5,0.0,-7.862351998802004,-0.6412527843561445,-3.0483793632781317,26.374068053553835
1767868012.0529568,1767868012052965077,Sr02_gA_IMG1_LID0_STA1_CFC64_OH0,0108_1126,A,0.5054364204406738,0.0030052894726395607,0.5,0.0,-7.9121372736916875,-0.645881579955572,-3.049534053997689,26.32804924430151
1767868012.1703115,1767868012170319074,Sr02_gA_IMG1_LID0_STA1_CFC64_OH0,0108_1126,A,0.5118600130081177,0.010218119248747826,0.5,0.0,-7.986821224631258,-0.652759566765622,-3.049598104429897,26.25902265116642
1767868012.2864392,1767868012286446611,Sr02_gA_IMG1_LID0_STA1_CFC64_OH0,0108_1126,A,0.5097715258598328,-0.003362345974892378,0.5,0.0,-8.036609129706594,-0.6573600204095037,-3.0493084109538606,26.213029118298824
1767868012.4021475,1767868012402155115,Sr02_gA_IMG1_LID0_STA1_CFC64_OH0,0108_1126,A,0.5085703134536743,-0.0033995844423770905,0.5,0.0,-8.111300757875119,-0.6641535497835619,-3.0528274269632614,26.144024171109656
1767868012.5180619,1767868012518068853,Sr02_gA_IMG1_LID0_STA1_CFC64_OH0,0108_1126,A,0.509687066078186,-0.0030686971731483936,0.5,0.0,-8.161105722606436,-0.6685654688440897,-3.053651283415952,26.097993143536062
1767868012.6377957,1767868012637804798,Sr02_gA_IMG1_LID0_STA1_CFC64_OH0,0108_1126,A,0.5021722316741943,-0.006530765909701586,0.5,0.0,-8.210911809080832,-0.6729647202104494,-3.0533361140192485,26.051971767769246
1767868012.7567139,1767868012756722615,Sr02_gA_IMG1_LID0_STA1_CFC64_OH0,0108_1126,A,0.4959605634212494,-0.009483490139245987,0.5,0.0,-8.285618371615373,-0.6795925930951678,-3.05281026709504,25.98297869766012
1767868012.8730066,1767868012873014478,Sr02_gA_IMG1_LID0_STA1_CFC64_OH0,0108_1126,A,0.4961808919906616,-0.00940239243209362,0.5,0.0,-8.33541916640895,-0.6840513264823402,-3.0517884583780606,25.93701771727888
1767868012.9873881,1767868012987396045,Sr02_gA_IMG1_LID0_STA1_CFC64_OH0,0108_1126,A,0.484599769115448,-0.010766128078103065,0.5,0.0,-8.385217853950401,-0.6885335560927845,-3.0519888776038124,25.89108102352292
1767868013.1042066,1767868013104214655,Sr02_gA_IMG1_LID0_STA1_CFC64_OH0,0108_1126,A,0.4941066801548004,0.0071283853612840176,0.5,0.0,-8.459918671773075,-0.695225863760496,-3.0524947609548256,25.82219194614456
1767868013.2190566,1767868013219066363,Sr02_gA_IMG1_LID0_STA1_CFC64_OH0,0108_1126,A,0.4940252900123596,0.007149877957999706,0.5,0.0,-8.509721020857894,-0.6996672249288426,-3.0528016302407255,25.776276815122397
1767868013.3347123,1767868013334720379,Sr02_gA_IMG1_LID0_STA1_CFC64_OH0,0108_1126,A,0.5067586898803711,-0.0063667804934084415,0.5,0.0,-8.559525349946858,-0.704086319929608,-3.053420082483647,25.730368043297347
1767868013.4505105,1767868013450518594,Sr02_gA_IMG1_LID0_STA1_CFC64_OH0,0108_1126,A,0.49816060066223145,0.013706004247069359,0.5,0.0,-8.609332960183604,-0.7084682680932424,-3.0543093732990987,25.68445974868385
1767868013.5709124,1767868013570926356,Sr02_gA_IMG1_LID0_STA1_CFC64_OH0,0108_1126,A,0.4979909062385559,0.013884030282497406,0.5,0.0,-8.684052051715476,-0.7149533056497134,-3.055722973822118,25.61559100522445
1767868013.6833367,1767868013683344249,Sr02_gA_IMG1_LID0_STA1_CFC64_OH0,0108_1126,A,0.5136698484420776,-0.0030983928591012955,0.5,0.0,-8.733870120490915,-0.7192146980215881,-3.056799583825519,25.569673001989322
1767868013.7998304,1767868013799838734,Sr02_gA_IMG1_LID0_STA1_CFC64_OH0,0108_1126,A,0.5053312182426453,0.014910047873854637,0.5,0.0,-8.783690332393366,-0.7234509818326283,-3.056444649831135,25.523760343445094
1767868013.9170144,1767868013917022116,Sr02_gA_IMG1_LID0_STA1_CFC64_OH0,0108_1126,A,0.5058743953704834,-0.009351745247840881,0.5,0.0,-8.858415180151704,-0.7298693831614613,-3.0553730296109594,25.45494577793259
1767868014.030093,1767868014030101505,Sr02_gA_IMG1_LID0_STA1_CFC64_OH0,0108_1126,A,0.5056338310241699,-0.009244892746210098,0.5,0.0,-8.908230813748037,-0.734159167273446,-3.0560096962760293,25.40909319445988
1767868014.1448352,1767868014144844012,Sr02_gA_IMG1_LID0_STA1_CFC64_OH0,0108_1126,A,0.5003035068511963,-0.001985953189432621,0.5,0.0,-8.958046421052167,-0.7384492322171322,-3.055040568490377,25.36325639955842
1767868014.2641943,1767868014264202728,Sr02_gA_IMG1_LID0_STA1_CFC64_OH0,0108_1126,A,0.48837003111839294,-0.0030619516037404537,0.5,0.0,-9.03275890473708,-0.7450098758047153,-3.052965088520811,25.29458141528478
1767868014.3782563,1767868014378266758,Sr02_gA_IMG1_LID0_STA1_CFC64_OH0,0108_1126,A,0.4880686402320862,-0.0028626658022403717,0.5,0.0,-9.082563343708443,-0.7494277397088235,-3.053274914305019,25.248835948784695
1767868014.493189,1767868014493199039,Sr02_gA_IMG1_LID0_STA1_CFC64_OH0,0108_1126,A,0.5036338567733765,-0.0001282733865082264,0.5,0.0,-9.132366600464326,-0.7538588721351905,-3.052144093961408,25.203112041647724
1767868014.6117775,1767868014611786065,Sr02_gA_IMG1_LID0_STA1_CFC64_OH0,0108_1126,A,0.5055904984474182,-0.012942157685756683,0.5,0.0,-9.207067062708349,-0.7605551123596286,-3.052818982286418,25.13457692879451
1767868014.7264788,1767868014726486904,Sr02_gA_IMG1_LID0_STA1_CFC64_OH0,0108_1126,A,0.5055080056190491,-0.012728981673717499,0.5,0.0,-9.256872211753421,-0.7649649460887227,-3.053743470130726,25.088885204501572
1767868014.8439748,1767868014843984525,Sr02_gA_IMG1_LID0_STA1_CFC64_OH0,0108_1126,A,0.510606050491333,-0.011271944269537926,0.5,0.0,-9.306680132996425,-0.7693433766597471,-3.054014659956188,25.043197112937403
1767868014.962358,1767868014962365626,Sr02_gA_IMG1_LID0_STA1_CFC64_OH0,0108_1126,A,0.5067822933197021,-0.006715949159115553,0.5,0.0,-9.38139400394875,-0.7758883504756647,-3.054439678477893,24.974686675679717
1767868015.0821657,1767868015082174505,Sr02_gA_IMG1_LID0_STA1_CFC64_OH0,0108_1126,A,0.4872756004333496,-0.005370171274989843,0.5,0.0,-9.431204852183086,-0.7802333549762139,-3.0547259446323642,24.92902630532769
1767868015.1988504,1767868015198858881,Sr02_gA_IMG1_LID0_STA1_CFC64_OH0,0108_1126,A,0.48725876212120056,-0.0052488804794847965,0.5,0.0,-9.481016462479687,-0.7845696163706323,-3.0547661179218055,24.8833790324402
1767868015.3133132,1767868015313321188,Sr02_gA_IMG1_LID0_STA1_CFC64_OH0,0108_1126,A,0.4851475656032562,0.01142789050936699,0.5,0.0,-9.555737966657352,-0.7910267558718247,-3.0563208810551474,24.814920176858852
1767868015.431943,1767868015431950946,Sr02_gA_IMG1_LID0_STA1_CFC64_OH0,0108_1126,A,0.4998829662799835,0.014094755053520203,0.5,0.0,-9.6055589885525,-0.7952534712291152,-3.0575937771860113,24.769269943959213
1767868015.5515654,1767868015551575492,Sr02_gA_IMG1_LID0_STA1_CFC64_OH0,0108_1126,A,0.4996372163295746,0.014142274856567383,0.5,0.0,-9.655385105202383,-0.7994197064517119,-3.0587355412344763,24.723611743615606
1767868015.6660113,1767868015666022801,Sr02_gA_IMG1_LID0_STA1_CFC64_OH0,0108_1126,A,0.5105407238006592,-0.0018986565992236137,0.5,0.0,-9.730131670700533,-0.8055800379563115,-3.0598796150766976,24.65511953278255
1767868015.7845197,1767868015784529269,Sr02_gA_IMG1_LID0_STA1_CFC64_OH0,0108_1126,A,0.506702184677124,0.0048188501968979836,0.5,0.0,-9.779965928303248,-0.8096477636251141,-3.0604166323556568,24.609463090131953
1767868015.9038355,1767868015903843766,Sr02_gA_IMG1_LID0_STA1_CFC64_OH0,0108_1126,A,0.506567656993866,0.004934081807732582,0.5,0.0,-9.829802343330524,-0.8136889717063027,-3.0609427325438925,24.563812692207048
1767868016.0178118,1767868016017818062,Sr02_gA_IMG1_LID0_STA1_CFC64_OH0,0108_1126,A,0.4846813678741455,0.0006028637290000916,0.5,0.0,-9.90455607885345,-0.8197616371538705,-3.059702199714342,24.495373406352
1767868016.1309555,1767868016130963122,Sr02_gA_IMG1_LID0_STA1_CFC64_OH0,0108_1126,A,0.5118555426597595,-0.0077287242747843266,0.5,0.0,-9.954385619368592,-0.8238867021373606,-3.058292727082455,24.44980020017514
1767868016.2503524,1767868016250359676,Sr02_gA_IMG1_LID0_STA1_CFC64_OH0,0108_1126,A,0.5047650933265686,-0.010319765657186508,0.5,0.0,-10.004209288120009,-0.8280820922838839,-3.056878977143491,24.40427348815438
1767868016.3700757,1767868016370083691,Sr02_gA_IMG1_LID0_STA1_CFC64_OH0,0108_1126,A,0.5044309496879578,-0.01042972318828106,0.5,0.0,-10.07893848070853,-0.8344497461983604,-3.056682535736433,24.336047427135544
1767868016.484449,1767868016484457405,Sr02_gA_IMG1_LID0_STA1_CFC64_OH0,0108_1126,A,0.5048047304153442,-0.005122994538396597,0.5,0.0,-10.128757319013515,-0.8387021554756383,-3.056200656645129,24.290588632482216
1767868016.6011515,1767868016601159707,Sr02_gA_IMG1_LID0_STA1_CFC64_OH0,0108_1126,A,0.508663535118103,-0.007454646285623312,0.5,0.0,-10.178574086576383,-0.8429787548378135,-3.0557095539879966,24.245157861294896
1767868016.716619,1767868016716626783,Sr02_gA_IMG1_LID0_STA1_CFC64_OH0,0108_1126,A,0.5085217952728271,-0.007390063721686602,0.5,0.0,-10.253296628901182,-0.8494239810612866,-3.0555724960758783,24.177058286273493
1767868016.8297012,1767868016829709286,Sr02_gA_IMG1_LID0_STA1_CFC64_OH0,0108_1126,A,0.5115442276000977,-0.009030129760503769,0.5,0.0,-10.303113408140627,-0.853700435749376,-3.0563453654642787,24.131672716006932
1767868016.946546,1767868016946556659,Sr02_gA_IMG1_LID0_STA1_CFC64_OH0,0108_1126,A,0.5179494023323059,-0.0015922044403851032,0.5,0.0,-10.352933921145583,-0.8579331592278692,-3.0573514279880216,24.08628696978588
1767868017.063187,1767868017063193972,Sr02_gA_IMG1_LID0_STA1_CFC64_OH0,0108_1126,A,0.5176068544387817,-0.001464752946048975,0.5,0.0,-10.42767283915811,-0.8641855408711625,-3.058912585102778,24.01820189766738
1767868017.1864326,1767868017186439556,Sr02_gA_IMG1_LID0_STA1_CFC64_OH0,0108_1126,A,0.5089771747589111,-0.01571914181113243,0.5,0.0,-10.477503089041749,-0.8683020715614018,-3.059424887779422,23.972812959128785
1767868017.3038313,1767868017303838993,Sr02_gA_IMG1_LID0_STA1_CFC64_OH0,0108_1126,A,0.49757036566734314,0.015345793217420578,0.5,0.0,-10.527335826782839,-0.8723883679763004,-3.060147032925232,23.92742965111087
1767868017.4254408,1767868017425448813,Sr02_gA_IMG1_LID0_STA1_CFC64_OH0,0108_1126,A,0.4965222477912903,-0.0006904373876750469,0.5,0.0,-10.602090587842884,-0.8784484344128449,-3.0612738779215833,23.859360000779443
1767868017.5412169,1767868017541224568,Sr02_gA_IMG1_LID0_STA1_CFC64_OH0,0108_1126,A,0.4963330626487732,-0.0006007438059896231,0.5,0.0,-10.651931198218252,-0.8824375534249429,-3.0621768890712806,23.813981866440784
1767868017.6551962,1767868017655203868,Sr02_gA_IMG1_LID0_STA1_CFC64_OH0,0108_1126,A,0.5083079934120178,-0.0015921941958367825,0.5,0.0,-10.701774201767478,-0.8863966787329568,-3.0624104940779007,23.768609614302722
1767868017.7723868,1767868017772394326,Sr02_gA_IMG1_LID0_STA1_CFC64_OH0,0108_1126,A,0.5045135617256165,-0.007198563311249018,0.5,0.0,-10.776539867017284,-0.8923207452137736,-3.0626327557837483,23.70057996779858
1767868017.8891435,1767868017889150642,Sr02_gA_IMG1_LID0_STA1_CFC64_OH0,0108_1126,A,0.5041124224662781,-0.006848168093711138,0.5,0.0,-10.826387157342035,-0.8962254622602308,-3.064204656486423,23.655231383894787
1767868018.0058486,1767868018005856895,Sr02_gA_IMG1_LID0_STA1_CFC64_OH0,0108_1126,A,0.4964436888694763,-0.0011339508928358555,0.5,0.0,-10.876235671249301,-0.900114536986002,-3.0629807522874617,23.60989495871402
1767868018.121714,1767868018121722711,Sr02_gA_IMG1_LID0_STA1_CFC64_OH0,0108_1126,A,0.5047110319137573,-0.008645299822092056,0.5,0.0,-10.951001791145417,-0.9060328600194674,-3.0626032193242265,23.541961741593834
1767868018.2375603,1767868018237568049,Sr02_gA_IMG1_LID0_STA1_CFC64_OH0,0108_1126,A,0.4957175850868225,-0.01257716678082943,0.5,0.0,-11.000846004280616,-0.9099767285740206,-3.0626632936751994,23.496696095646993
1767868018.3565829,1767868018356589979,Sr02_gA_IMG1_LID0_STA1_CFC64_OH0,0108_1126,A,0.4955693185329437,-0.012456923723220825,0.5,0.0,-11.050690612405836,-0.9139156013520678,-3.062812597588037,23.451447547376407
1767868018.47687,1767868018476879276,Sr02_gA_IMG1_LID0_STA1_CFC64_OH0,0108_1126,A,0.4914444386959076,0.009462669491767883,0.5,0.0,-11.125460276293463,-0.9197889463719683,-3.0637241852302757,23.383596044079045
1767868018.595032,1767868018595040810,Sr02_gA_IMG1_LID0_STA1_CFC64_OH0,0108_1126,A,0.5061728358268738,0.0010752675589174032,0.5,0.0,-11.175310090150623,-0.9236613672801278,-3.0644090011876983,23.338367532349494
1767868018.7145696,1767868018714577401,Sr02_gA_IMG1_LID0_STA1_CFC64_OH0,0108_1126,A,0.5061544179916382,0.001247356180101633,0.5,0.0,-11.225161655554238,-0.9275111862648694,-3.0645795425425497,23.293148838724832
1767868018.8255882,1767868018825595284,Sr02_gA_IMG1_LID0_STA1_CFC64_OH0,0108_1126,A,0.5014432072639465,0.009087743237614632,0.5,0.0,-11.299941914284174,-0.9332480425269525,-3.0656903059821636,23.225341292896655
1767868018.9429505,1767868018942961473,Sr02_gA_IMG1_LID0_STA1_CFC64_OH0,0108_1126,A,0.5003125667572021,-0.007405294571071863,0.5,0.0,-11.349800322246848,-0.9370081633753964,-3.0669480197654915,23.1801332031858
1767868019.0591104,1767868019059119296,Sr02_gA_IMG1_LID0_STA1_CFC64_OH0,0108_1126,A,0.5001580119132996,-0.0072609675116837025,0.5,0.0,-11.39966340198778,-0.9407058164472925,-3.068194912621001,23.134918030727345
1767868019.1792,1767868019179209584,Sr02_gA_IMG1_LID0_STA1_CFC64_OH0,0108_1126,A,0.4847809076309204,-0.017634958028793335,0.5,0.0,-11.474460813963935,-0.9462145206205627,-3.0674331180125898,23.067116079019105
1767868019.29772,1767868019297727666,Sr02_gA_IMG1_LID0_STA1_CFC64_OH0,0108_1126,A,0.47634607553482056,0.012594999745488167,0.5,0.0,-11.524323183596525,-0.9499217804050192,-3.0673255850145376,23.02195455496542
1767868019.413496,1767868019413503868,Sr02_gA_IMG1_LID0_STA1_CFC64_OH0,0108_1126,A,0.48650839924812317,-0.011405274271965027,0.5,0.0,-11.574185133858382,-0.953634676302518,-3.0672042914989963,22.976815502995898
1767868019.5312653,1767868019531272000,Sr02_gA_IMG1_LID0_STA1_CFC64_OH0,0108_1126,A,0.48639416694641113,-0.011192528530955315,0.5,0.0,-11.648975081468194,-0.9592438019953726,-3.0660763494694017,22.909162015181927
1767868019.6501129,1767868019650121722,Sr02_gA_IMG1_LID0_STA1_CFC64_OH0,0108_1126,A,0.48681119084358215,-0.006640382576733828,0.5,0.0,-11.6988339703592,-0.9629975690411907,-3.0668168650948586,22.8640913873441
1767868019.7673326,1767868019767340728,Sr02_gA_IMG1_LID0_STA1_CFC64_OH0,0108_1126,A,0.47940096259117126,0.0034747812896966934,0.5,0.0,-11.773627505633486,-0.96855865926159,-3.068114923967,22.796493702063263
1767868019.8845282,1767868019884536341,Sr02_gA_IMG1_LID0_STA1_CFC64_OH0,0108_1126,A,0.47918838262557983,0.0031826535705477,0.5,0.0,-11.82349579944119,-0.9721852703072738,-3.069878416270219,22.751419205912406
1767868020.0017643,1767868020001774103,Sr02_gA_IMG1_LID0_STA1_CFC64_OH0,0108_1126,A,0.4768024981021881,-0.006861767265945673,0.5,0.0,-11.87336500880974,-0.9757993137336289,-3.068618941487616,22.706359862112848
1767868020.1175017,1767868020117508610,Sr02_gA_IMG1_LID0_STA1_CFC64_OH0,0108_1126,A,0.4890609383583069,0.004369870759546757,0.5,0.0,-11.948167612471249,-0.9812370181200106,-3.0698475794335804,22.638817008241272
1767868020.2351606,1767868020235198980,Sr02_gA_IMG1_LID0_STA1_CFC64_OH0,0108_1126,A,0.49985262751579285,-0.0009358501993119717,0.5,0.0,-11.998040975990543,-0.9847932848766846,-3.0709668305013733,22.59378449645244
1767868020.3520231,1767868020352031227,Sr02_gA_IMG1_LID0_STA1_CFC64_OH0,0108_1126,A,0.499570369720459,-0.0009167748503386974,0.5,0.0,-12.047917492307448,-0.9883050808957089,-3.071630871156256,22.548753505659814
1767868020.4687266,1767868020468734533,Sr02_gA_IMG1_LID0_STA1_CFC64_OH0,0108_1126,A,0.47238272428512573,-0.0041450210846960545,0.5,0.0,-12.122733636297108,-0.9935532982333521,-3.0713148866129996,22.481237885181045
1767868020.58448,1767868020584489869,Sr02_gA_IMG1_LID0_STA1_CFC64_OH0,0108_1126,A,0.48155224323272705,0.007590931840240955,0.5,0.0,-12.172609650277325,-0.9970722315020891,-3.070996621714265,22.43626270127758
1767868020.7001293,1767868020700136072,Sr02_gA_IMG1_LID0_STA1_CFC64_OH0,0108_1126,A,0.48143431544303894,0.0074335127137601376,0.5,0.0,-12.222485974886558,-1.0005867493190486,-3.0715823455885634,22.391306891720333
1767868020.8184097,1767868020818417605,Sr02_gA_IMG1_LID0_STA1_CFC64_OH0,0108_1126,A,0.49734875559806824,-0.007647376973181963,0.5,0.0,-12.27236342835041,-1.0040852194804006,-3.071370000214511,22.346365455219807
1767868020.9342153,1767868020934224297,Sr02_gA_IMG1_LID0_STA1_CFC64_OH0,0108_1126,A,0.4943333566188812,0.010990788228809834,0.5,0.0,-12.34717797968131,-1.0093561005186353,-3.071298144963939,22.27900394678519
1767868021.0532088,1767868021053217481,Sr02_gA_IMG1_LID0_STA1_CFC64_OH0,0108_1126,A,0.49410420656204224,0.011115167289972305,0.5,0.0,-12.397054655337916,-1.0128656456011054,-3.0713898223136193,22.234121510322602
1767868021.1688647,1767868021168872633,Sr02_gA_IMG1_LID0_STA1_CFC64_OH0,0108_1126,A,0.4900577962398529,-0.014899114146828651,0.5,0.0,-12.47187120462912,-1.01810807650809,-3.071829654312858,22.166829222931664
1767868021.285086,1767868021285094023,Sr02_gA_IMG1_LID0_STA1_CFC64_OH0,0108_1126,A,0.4955642819404602,-0.033792831003665924,0.5,0.0,-12.521748251282835,-1.0216123282272318,-3.0710705648706558,22.1219993724096
1767868021.4064488,1767868021406457184,Sr02_gA_IMG1_LID0_STA1_CFC64_OH0,0108_1126,A,0.4923945367336273,-0.009807297959923744,0.5,0.0,-12.571622651444525,-1.0251540476367502,-3.070327214694634,22.07720842667818
1767868021.5251663,1767868021525174605,Sr02_gA_IMG1_LID0_STA1_CFC64_OH0,0108_1126,A,0.49183034896850586,-0.009870752692222595,0.5,0.0,-12.646433793794026,-1.0304730494895482,-3.0709863194681244,22.01006694648959
1767868021.6415248,1767868021641532810,Sr02_gA_IMG1_LID0_STA1_CFC64_OH0,0108_1126,A,0.4743026793003082,-0.004304376896470785,0.5,0.0,-12.696307262578575,-1.0340278410178114,-3.0698872464136002,21.96533815392279
1767868021.757609,1767868021757616933,Sr02_gA_IMG1_LID0_STA1_CFC64_OH0,0108_1126,A,0.46680331230163574,-0.01680249162018299,0.5,0.0,-12.746176776012815,-1.0376376963561442,-3.06877697538634,21.920656915692987
1767868021.874976,1767868021874983151,Sr02_gA_IMG1_LID0_STA1_CFC64_OH0,0108_1126,A,0.4667187035083771,-0.01848428323864937,0.5,0.0,-12.820981482186749,-1.0430463133422014,-3.070680460596377,21.85367548858819
1767868021.9956234,1767868021995634092,Sr02_gA_IMG1_LID0_STA1_CFC64_OH0,0108_1126,A,0.4828493893146515,-0.007773675490170717,0.5,0.0,-12.870861709050216,-1.0465046758825085,-3.07405973414449,21.808983704706247
1767868022.1128054,1767868022112813494,Sr02_gA_IMG1_LID0_STA1_CFC64_OH0,0108_1126,A,0.4745043218135834,0.004681908525526524,0.5,0.0,-12.920750140054173,-1.0498429243658505,-3.075280335628122,21.764260976113817
1767868022.2273102,1767868022227320254,Sr02_gA_IMG1_LID0_STA1_CFC64_OH0,0108_1126,A,0.4629804491996765,0.014222826808691025,0.5,0.0,-12.995588930472783,-1.054757568157758,-3.076703381829676,21.697178408813894
1767868022.346703,1767868022346711596,Sr02_gA_IMG1_LID0_STA1_CFC64_OH0,0108_1126,A,0.4628651440143585,0.014207588508725166,0.5,0.0,-13.045484395042202,-1.0579890167228987,-3.0771338200011904,21.65246534404622
1767868022.4634662,1767868022463475472,Sr02_gA_IMG1_LID0_STA1_CFC64_OH0,0108_1126,A,0.47731927037239075,-0.0054778591729700565,0.5,0.0,-13.095382859053098,-1.0611737313428318,-3.0786890759087466,21.607754454170486
1767868022.5802429,1767868022580250939,Sr02_gA_IMG1_LID0_STA1_CFC64_OH0,0108_1126,A,0.48489218950271606,0.0030070412904024124,0.5,0.0,-13.170240816501362,-1.0657869646120315,-3.0814280767953184,21.540658109809048
1767868022.698434,1767868022698443302,Sr02_gA_IMG1_LID0_STA1_CFC64_OH0,0108_1126,A,0.4846542477607727,0.002971912734210491,0.5,0.0,-13.220151509763086,-1.0687739790697857,-3.0822054512686394,21.495916545935046
1767868022.8183475,1767868022818355758,Sr02_gA_IMG1_LID0_STA1_CFC64_OH0,0108_1126,A,0.49328047037124634,0.01147981733083725,0.5,0.0,-13.270063017252461,-1.071747371621034,-3.081861826349245,21.451192096632433
1767868022.9376793,1767868022937687729,Sr02_gA_IMG1_LID0_STA1_CFC64_OH0,0108_1126,A,0.4813055694103241,0.0075479974038898945,0.5,0.0,-13.344925601482522,-1.076285092121422,-3.080014640198488,21.38418420265319
1767868023.0558014,1767868023055808450,Sr02_gA_IMG1_LID0_STA1_CFC64_OH0,0108_1126,A,0.48119837045669556,0.00759788928553462,0.5,0.0,-13.394828629384131,-1.0793974977259782,-3.07859388365972,21.339581298108985
1767868023.1729674,1767868023172975181,Sr02_gA_IMG1_LID0_STA1_CFC64_OH0,0108_1126,A,0.4857100248336792,0.002829751931130886,0.5,0.0,-13.444729710637782,-1.0825410179626649,-3.0789447994630423,21.29501650858126
1767868023.2897553,1767868023289763105,Sr02_gA_IMG1_LID0_STA1_CFC64_OH0,0108_1126,A,0.48696428537368774,0.05483957380056381,0.5,0.0,-13.519582592121093,-1.0872362666837152,-3.0787482970972966,21.228205585113628
1767868023.4048462,1767868023404853708,Sr02_gA_IMG1_LID0_STA1_CFC64_OH0,0108_1126,A,0.4986143708229065,0.043849535286426544,0.5,0.0,-13.569483418773608,-1.09038383145564,-3.078451106283077,21.183703378265996
1767868023.5198305,1767868023519838685,Sr02_gA_IMG1_LID0_STA1_CFC64_OH0,0108_1126,A,0.4986180365085602,0.043945323675870895,0.5,0.0,-13.619382442816866,-1.0935598110371403,-3.0774732907512568,21.139238778861632
1767868023.6324246,1767868023632432606,Sr02_gA_IMG1_LID0_STA1_CFC64_OH0,0108_1126,A,0.5006067752838135,0.00861678272485733,0.5,0.0,-13.69422491863968,-1.098418038978278,-3.07618381744423,21.07263183985351
1767868023.7486577,1767868023748664902,Sr02_gA_IMG1_LID0_STA1_CFC64_OH0,0108_1126,A,0.4938233494758606,0.013516196981072426,0.5,0.0,-13.744116749372898,-1.101705102835681,-3.0754240297965487,21.028280938791855
1767868023.865691,1767868023865699396,Sr02_gA_IMG1_LID0_STA1_CFC64_OH0,0108_1126,A,0.4937860369682312,0.013739347457885742,0.5,0.0,-13.794006575931895,-1.1050224609743475,-3.075045688826699,20.983969508213047
1767868023.9837775,1767868023983787698,Sr02_gA_IMG1_LID0_STA1_CFC64_OH0,0108_1126,A,0.445256769657135,0.07626990973949432,0.5,0.0,-13.868818125576796,-1.110174302991495,-3.0690451458538908,20.91764293248595
1767868024.102605,1767868024102613049,Sr02_gA_IMG1_LID0_STA1_CFC64_OH0,0108_1126,A,0.49616631865501404,0.0005204435437917709,0.5,0.0,-13.918678495809063,-1.11390782097598,-3.0646601910876536,20.873592105431648
1767868024.223699,1767868024223705444,Sr02_gA_IMG1_LID0_STA1_CFC64_OH0,0108_1126,A,0.43403851985931396,0.028296155855059624,0.5,0.0,-13.968522003195826,-1.1178600902188982,-3.060267581745585,20.82967268851422
1767868024.3427525,1767868024342768890,Sr02_gA_IMG1_LID0_STA1_CFC64_OH0,0108_1126,A,0.4335760176181793,0.02753547392785549,0.5,0.0,-14.04326425173894,-1.1240724766846355,-3.0578661935651934,20.763982315199176
1767868024.4587746,1767868024458783282,Sr02_gA_IMG1_LID0_STA1_CFC64_OH0,0108_1126,A,0.42921945452690125,-0.0011741351336240768,0.5,0.0,-14.093086256916406,-1.1282875807713304,-3.056514577121537,20.720259624072348
1767868024.5758488,1767868024575856832,Sr02_gA_IMG1_LID0_STA1_CFC64_OH0,0108_1126,A,0.42341262102127075,-0.002019152045249939,0.5,0.0,-14.142902480551156,-1.1325704714769365,-3.0551428762947976,20.67659853519383
1767868024.6966765,1767868024696687298,Sr02_gA_IMG1_LID0_STA1_CFC64_OH0,0108_1126,A,0.4226939380168915,-0.0007583145052194595,0.5,0.0,-14.21758022985805,-1.1393303385632811,-3.0458511610884695,20.611341880139697
1767868024.811547,1767868024811555860,Sr02_gA_IMG1_LID0_STA1_CFC64_OH0,0108_1126,A,0.48344704508781433,-0.014257917180657387,0.5,0.0,-14.267316554940749,-1.1441286356951912,-3.0453596498528994,20.56803951706069
1767868024.9267607,1767868024926768926,Sr02_gA_IMG1_LID0_STA1_CFC64_OH0,0108_1126,A,0.49278631806373596,0.0008775261230766773,0.5,0.0,-14.341957836333695,-1.1514546643732155,-3.0416783743946674,20.503162803496274
1767868025.040648,1767868025040656026,Sr02_gA_IMG1_LID0_STA1_CFC64_OH0,0108_1126,A,0.49298930168151855,0.0009251290466636419,0.5,0.0,-14.391701539765142,-1.1565105591550933,-3.038924831343457,20.460037336595835
1767868025.1562696,1767868025156280432,Sr02_gA_IMG1_LID0_STA1_CFC64_OH0,0108_1126,A,0.49188366532325745,3.358791582286358e-05,0.5,0.0,-14.441438551571606,-1.1616320175612924,-3.039042222696215,20.416976705363354
1767868025.2761855,1767868025276193388,Sr02_gA_IMG1_LID0_STA1_CFC64_OH0,0108_1126,A,0.5032512545585632,0.0013375671114772558,0.5,0.0,-14.491176302616976,-1.1667462913279678,-3.0392272366132533,20.37394408862611
1767868025.3916938,1767868025391700686,Sr02_gA_IMG1_LID0_STA1_CFC64_OH0,0108_1126,A,0.5030667185783386,0.0014283483615145087,0.5,0.0,-14.56578446087441,-1.1744027916707622,-3.039391417986881,20.309447342591618
1767868025.5091107,1767868025509119083,Sr02_gA_IMG1_LID0_STA1_CFC64_OH0,0108_1126,A,0.3487703204154968,0.0073370542377233505,0.5,0.0,-14.615526527461892,-1.1794748811686708,-3.0406822012371895,20.266473085043305
1767868025.6256988,1767868025625706518,Sr02_gA_IMG1_LID0_STA1_CFC64_OH0,0108_1126,A,0.4850594699382782,0.013607790693640709,0.5,0.0,-14.665273317186045,-1.18450047432264,-3.0408971687205164,20.223507177063205
1767868025.7465112,1767868025746518212,Sr02_gA_IMG1_LID0_STA1_CFC64_OH0,0108_1126,A,0.48426932096481323,-0.01589317061007023,0.5,0.0,-14.73989288569617,-1.1920449606027215,-3.0407598277127112,20.159122284673906
1767868025.8630652,1767868025863075020,Sr02_gA_IMG1_LID0_STA1_CFC64_OH0,0108_1126,A,0.4841465353965759,-0.015947289764881134,0.5,0.0,-14.78963890790479,-1.1970781462149473,-3.040756468244415,20.116241710759745
1767868025.9811301,1767868025981137971,Sr02_gA_IMG1_LID0_STA1_CFC64_OH0,0108_1126,A,0.4981153905391693,-0.006685981061309576,0.5,0.0,-14.86425735368433,-1.204633728179766,-3.040580098486964,20.051985695151924
1767868026.097397,1767868026097405170,Sr02_gA_IMG1_LID0_STA1_CFC64_OH0,0108_1126,A,0.4925868809223175,-0.009926309809088707,0.5,0.0,-14.914002118691535,-1.2096793235973435,-3.040437263889811,20.009194336998366
1767868026.21078,1767868026210789897,Sr02_gA_IMG1_LID0_STA1_CFC64_OH0,0108_1126,A,0.49259650707244873,-0.009999366477131844,0.5,0.0,-14.963744666539528,-1.2147467198243733,-3.039703564187407,19.966447856400606
1767868026.3280025,1767868026328011509,Sr02_gA_IMG1_LID0_STA1_CFC64_OH0,0108_1126,A,0.44245514273643494,0.007758154068142176,0.5,0.0,-15.013482455507368,-1.2198605912167058,-3.038468206665908,19.923759474902848
1767868026.4453897,1767868026445397679,Sr02_gA_IMG1_LID0_STA1_CFC64_OH0,0108_1126,A,0.5081319808959961,0.007665695156902075,0.5,0.0,-15.088085300602406,-1.2275685937720833,-3.039672119262151,19.859810450180284
1767868026.5630436,1767868026563050277,Sr02_gA_IMG1_LID0_STA1_CFC64_OH0,0108_1126,A,0.5045327544212341,-0.01261073350906372,0.5,0.0,-15.13782985996639,-1.2326161641644868,-3.0412663043982544,19.817172858866243
1767868026.679167,1767868026679175992,Sr02_gA_IMG1_LID0_STA1_CFC64_OH0,0108_1126,A,0.5043066740036011,-0.012509770691394806,0.5,0.0,-15.187580934909711,-1.2375991452264978,-3.0421201343684827,19.774535773774833
1767868026.7909555,1767868026790962564,Sr02_gA_IMG1_LID0_STA1_CFC64_OH0,0108_1126,A,0.4902084469795227,-0.005702606867998838,0.5,0.0,-15.262214868908059,-1.2450001083829183,-3.0434794629873894,19.710606311953327
1767868026.9090495,1767868026909058961,Sr02_gA_IMG1_LID0_STA1_CFC64_OH0,0108_1126,A,0.4890972375869751,-0.006171824876219034,0.5,0.0,-15.311976844230632,-1.2498730219524845,-3.044479397943726,19.667997939457877
1767868027.0247047,1767868027024718516,Sr02_gA_IMG1_LID0_STA1_CFC64_OH0,0108_1126,A,0.4892808496952057,-0.00626505957916379,0.5,0.0,-15.361740919821438,-1.2547244526990562,-3.0440587472234277,19.625413117813924
1767868027.1399786,1767868027139985882,Sr02_gA_IMG1_LID0_STA1_CFC64_OH0,0108_1126,A,0.5045894384384155,0.010737945325672626,0.5,0.0,-15.436380226478319,-1.2620710550493361,-3.042905196409917,19.561638451447728
1767868027.2577374,1767868027257745352,Sr02_gA_IMG1_LID0_STA1_CFC64_OH0,0108_1126,A,0.5023931264877319,-0.004571249242872,0.5,0.0,-15.48614003350219,-1.266966048029688,-3.0441662521827313,19.51916489030447
1767868027.3744392,1767868027374448579,Sr02_gA_IMG1_LID0_STA1_CFC64_OH0,0108_1126,A,0.5021586418151855,-0.004695069510489702,0.5,0.0,-15.535905958324488,-1.2717984473250203,-3.045419246536067,19.476693805099917
1767868027.4901063,1767868027490115180,Sr02_gA_IMG1_LID0_STA1_CFC64_OH0,0108_1126,A,0.4818994402885437,0.0012686897534877062,0.5,0.0,-15.610563758205313,-1.2789546867267017,-3.0464788559567397,19.413005287402587
1767868027.6062443,1767868027606254034,Sr02_gA_IMG1_LID0_STA1_CFC64_OH0,0108_1126,A,0.4992235004901886,0.010276928544044495,0.5,0.0,-15.66033922182736,-1.2836878489714243,-3.047096037075865,19.37057122221962
1767868027.72454,1767868027724547231,Sr02_gA_IMG1_LID0_STA1_CFC64_OH0,0108_1126,A,0.4992958903312683,0.007767566479742527,0.5,0.0,-15.710117614921572,-1.2883901018615425,-3.0477216095922297,19.328156872808766
1767868027.8389254,1767868027838934573,Sr02_gA_IMG1_LID0_STA1_CFC64_OH0,0108_1126,A,0.4992557466030121,0.007955027744174004,0.5,0.0,-15.78478496667616,-1.2954459484132257,-3.0466210227513524,19.264604900850255
1767868027.951806,1767868027951813768,Sr02_gA_IMG1_LID0_STA1_CFC64_OH0,0108_1126,A,0.5077909231185913,-0.0053815641440451145,0.5,0.0,-15.834560724617472,-1.3001760182427309,-3.0470781352133884,19.22229677842983
1767868028.0656607,1767868028065668968,Sr02_gA_IMG1_LID0_STA1_CFC64_OH0,0108_1126,A,0.49743491411209106,-0.022761646658182144,0.5,0.0,-15.884338663166574,-1.304883084307984,-3.047546403101093,19.18001332448361
1767868028.1828084,1767868028182816709,Sr02_gA_IMG1_LID0_STA1_CFC64_OH0,0108_1126,A,0.4974254071712494,-0.022917475551366806,0.5,0.0,-15.934118121503916,-1.309574055209131,-3.0475984513814307,19.137758425155656
1767868028.2977057,1767868028297714507,Sr02_gA_IMG1_LID0_STA1_CFC64_OH0,0108_1126,A,0.5040622353553772,-0.03126521036028862,0.5,0.0,-16.00878381086677,-1.3166474769840073,-3.0464172504771043,19.074466263900664
1767868028.414518,1767868028414525448,Sr02_gA_IMG1_LID0_STA1_CFC64_OH0,0108_1126,A,0.5127004981040955,-0.07046588510274887,0.5,0.0,-16.058555555476186,-1.3214195827510473,-3.045615399599833,19.03234933989017
1767868028.5318937,1767868028531901806,Sr02_gA_IMG1_LID0_STA1_CFC64_OH0,0108_1126,A,0.512536883354187,-0.0705871656537056,0.5,0.0,-16.108323550155102,-1.326230638573223,-3.044825522098662,18.990291826842007
1767868028.646931,1767868028646939335,Sr02_gA_IMG1_LID0_STA1_CFC64_OH0,0108_1126,A,0.4867370128631592,-0.029218511655926704,0.5,0.0,-16.182972247246237,-1.3334812354652064,-3.045099282391816,18.927296557382345
1767868028.7637086,1767868028763716293,Sr02_gA_IMG1_LID0_STA1_CFC64_OH0,0108_1126,A,0.4971435070037842,-0.021423624828457832,0.5,0.0,-16.232745089686777,-1.3382417773047526,-3.047375430035559,18.885308440217237
1767868028.8842273,1767868028884233557,Sr02_gA_IMG1_LID0_STA1_CFC64_OH0,0108_1126,A,0.49632352590560913,0.0018624584190547466,0.5,0.0,-16.28252866198018,-1.3428887677143768,-3.0496640571503235,18.843297409698188
1767868029.0010211,1767868029001029671,Sr02_gA_IMG1_LID0_STA1_CFC64_OH0,0108_1126,A,0.49594366550445557,0.0012291241437196732,0.5,0.0,-16.357226332885787,-1.3496153931710186,-3.05410339301151,18.7802212523017
1767868029.1155312,1767868029115540700,Sr02_gA_IMG1_LID0_STA1_CFC64_OH0,0108_1126,A,0.48709380626678467,-0.0036994381807744503,0.5,0.0,-16.407041527764083,-1.3538094449854026,-3.0611197624549864,18.73806926909499
1767868029.2322338,1767868029232243021,Sr02_gA_IMG1_LID0_STA1_CFC64_OH0,0108_1126,A,0.47167155146598816,0.006863804534077644,0.5,0.0,-16.456893478038182,-1.3576529275724498,-3.068176041775333,18.69575974187293
1767868029.3484871,1767868029348494320,Sr02_gA_IMG1_LID0_STA1_CFC64_OH0,0108_1126,A,0.47121462225914,0.006302277557551861,0.5,0.0,-16.531702331265294,-1.3629048218926647,-3.0738246436558154,18.632098935224363
1767868029.4628994,1767868029462907547,Sr02_gA_IMG1_LID0_STA1_CFC64_OH0,0108_1126,A,0.5001747012138367,-0.0009320513345301151,0.5,0.0,-16.581591148119944,-1.3662371903561157,-3.0759670085993145,18.589611630065473
1767868029.5814607,1767868029581468710,Sr02_gA_IMG1_LID0_STA1_CFC64_OH0,0108_1126,A,0.5012495517730713,-0.014712534844875336,0.5,0.0,-16.63148458167788,-1.3694998506114162,-3.076246501783174,18.547124864703616
1767868029.6951401,1767868029695149779,Sr02_gA_IMG1_LID0_STA1_CFC64_OH0,0108_1126,A,0.5010753273963928,-0.01500009186565876,0.5,0.0,-16.706323944810322,-1.3744058666739494,-3.076036799649599,18.483471589752156
1767868029.8039901,1767868029803999424,Sr02_gA_IMG1_LID0_STA1_CFC64_OH0,0108_1126,A,0.49902454018592834,-0.0026114368811249733,0.5,0.0,-16.756217145583687,-1.3776720832936717,-3.0764067390912553,18.4410810958357
1767868029.9199746,1767868029919983785,Sr02_gA_IMG1_LID0_STA1_CFC64_OH0,0108_1126,A,0.519803524017334,0.012781817466020584,0.5,0.0,-16.806110450164738,-1.3809367070216159,-3.0759316323519257,18.398727964574366
1767868030.0396976,1767868030039704846,Sr02_gA_IMG1_LID0_STA1_CFC64_OH0,0108_1126,A,0.5197349786758423,0.012614574283361435,0.5,0.0,-16.85600161714575,-1.3842338352055414,-3.0752845594158695,18.356430687749782
1767868030.1566005,1767868030156608236,Sr02_gA_IMG1_LID0_STA1_CFC64_OH0,0108_1126,A,0.4630158543586731,0.0012418164405971766,0.5,0.0,-16.930835641369814,-1.389220624895294,-3.0750626454986296,18.29307971681073
1767868030.279252,1767868030279261084,Sr02_gA_IMG1_LID0_STA1_CFC64_OH0,0108_1126,A,0.4784562587738037,0.046480871737003326,0.5,0.0,-16.980726634008818,-1.3925203464557918,-3.076258276812878,18.250881442800928
1767868030.4006515,1767868030400660261,Sr02_gA_IMG1_LID0_STA1_CFC64_OH0,0108_1126,A,0.5079702138900757,0.060477327555418015,0.5,0.0,-17.055572003099627,-1.3973336298311294,-3.0783757804889857,18.18758469488339
1767868030.516456,1767868030516464087,Sr02_gA_IMG1_LID0_STA1_CFC64_OH0,0108_1126,A,0.5080114603042603,0.060293033719062805,0.5,0.0,-17.10547253576115,-1.4004858526921575,-3.0786369263893087,18.145405871399365
1767868030.6321447,1767868030632151847,Sr02_gA_IMG1_LID0_STA1_CFC64_OH0,0108_1126,A,0.1256331503391266,-0.06729716062545776,0.0,0.0,-17.155371455789222,-1.4036634497188927,-3.07735875851219,18.10328058159483
1767868030.7479572,1767868030747964490,Sr02_gA_IMG1_LID0_STA1_CFC64_OH0,0108_1126,A,0.39115026593208313,0.01717098243534565,0.5,0.0,-17.23021218362224,-1.4085484369692058,-3.075576951591244,18.040232447129426
1767868030.86315,1767868030863157676,Sr02_gA_IMG1_LID0_STA1_CFC64_OH0,0108_1126,A,0.39107024669647217,0.017059920355677605,0.5,0.0,-17.280103063263468,-1.4118499227470667,-3.0754527677273953,17.99827572682948
1767868030.9823692,1767868030982378394,Sr02_gA_IMG1_LID0_STA1_CFC64_OH0,0108_1126,A,0.5056383013725281,-0.002503134310245514,0.5,0.0,-17.329976472466754,-1.4152450093386535,-3.07133389853637,17.95642123340059
1767868031.0968754,1767868031096884189,Sr02_gA_IMG1_LID0_STA1_CFC64_OH0,0108_1126,A,0.48311829566955566,0.008338477462530136,0.5,0.0,-17.404768650207984,-1.420821088499763,-3.062682217938736,17.893970929245324
1767868031.2133949,1767868031213402532,Sr02_gA_IMG1_LID0_STA1_CFC64_OH0,0108_1126,A,0.5012107491493225,0.02069901116192341,0.5,0.0,-17.45460087240308,-1.4249127555546073,-3.0566529242871927,17.852600913586596
1767868031.3304315,1767868031330439134,Sr02_gA_IMG1_LID0_STA1_CFC64_OH0,0108_1126,A,0.5009812712669373,0.021096622571349144,0.5,0.0,-17.495505671726455,-1.428502924375613,-3.05122477557566,17.818789723960357
1767868031.4450533,1767868031445061697,Sr02_gA_IMG1_LID0_STA1_CFC64_OH0,0108_1126,A,0.4769077003002167,-0.021405261009931564,0.5,0.0,-17.549967194034416,-1.4336340917037484,-3.0450365865288584,17.773994134080905
1767868031.5634005,1767868031563408035,Sr02_gA_IMG1_LID0_STA1_CFC64_OH0,0108_1126,A,0.5130556225776672,-0.002133691217750311,0.5,0.0,-17.599686181000024,-1.438499979145309,-3.0431755198117805,17.733238090859064
1767868031.6806402,1767868031680651053,Sr02_gA_IMG1_LID0_STA1_CFC64_OH0,0108_1126,A,0.5131700038909912,-0.0024000382982194424,0.5,0.0,-17.649443926496737,-1.4434159160319264,-3.0432301876370573,17.6925205490078
1767868031.7944336,1767868031794441872,Sr02_gA_IMG1_LID0_STA1_CFC64_OH0,0108_1126,A,0.5060899257659912,0.01496247947216034,0.5,0.0,-17.72407893713948,-1.4508060381297896,-3.0423046741804907,17.631543292317513
1767868031.9137468,1767868031913754766,Sr02_gA_IMG1_LID0_STA1_CFC64_OH0,0108_1126,A,0.44315096735954285,0.02646748162806034,0.5,0.0,-17.773827518866277,-1.455813772810225,-3.0402347859080616,17.59099964481103
1767868032.028902,1767868032028909924,Sr02_gA_IMG1_LID0_STA1_CFC64_OH0,0108_1126,A,0.4430457055568695,0.026515847072005272,0.5,0.0,-17.823565545892023,-1.460925272021071,-3.0381291035133082,17.550566121338694
1767868032.145888,1767868032145897367,Sr02_gA_IMG1_LID0_STA1_CFC64_OH0,0108_1126,A,0.494465172290802,0.04323144629597664,0.5,0.0,-17.898156362551603,-1.4686387980936395,-3.039829156523911,17.49004597012215
1767868032.2650273,1767868032265035407,Sr02_gA_IMG1_LID0_STA1_CFC64_OH0,0108_1126,A,0.4947880506515503,-0.010965175926685333,0.5,0.0,-17.94789822904503,-1.4737128882956392,-3.0400425294023594,17.44971439039542
1767868032.3868473,1767868032386854525,Sr02_gA_IMG1_LID0_STA1_CFC64_OH0,0108_1126,A,0.483571857213974,0.0010550660081207752,0.5,0.0,-17.997641231651144,-1.4787758284293495,-3.040279869169401,17.40942633046107
1767868032.5051367,1767868032505145041,Sr02_gA_IMG1_LID0_STA1_CFC64_OH0,0108_1126,A,0.4839353859424591,0.0011316651944071054,0.5,0.0,-18.072250524312913,-1.486421125470187,-3.038267720511874,17.349119469518268
1767868032.6208858,1767868032620894061,Sr02_gA_IMG1_LID0_STA1_CFC64_OH0,0108_1126,A,0.5009357333183289,0.007821764796972275,0.5,0.0,-18.121976974725712,-1.491643993717662,-3.0356209791290985,17.30905445666111
1767868032.7374737,1767868032737481718,Sr02_gA_IMG1_LID0_STA1_CFC64_OH0,0108_1126,A,0.4966755509376526,0.11488346755504608,0.5,0.0,-18.17168941684777,-1.496998554052412,-3.0329698824494313,17.269120905565263
1767868032.856304,1767868032856311582,Sr02_gA_IMG1_LID0_STA1_CFC64_OH0,0108_1126,A,0.49717968702316284,0.11293071508407593,0.5,0.0,-18.246213062517917,-1.505335033293342,-3.027375186968267,17.209514909222662
1767868032.9732718,1767868032973281252,Sr02_gA_IMG1_LID0_STA1_CFC64_OH0,0108_1126,A,0.4860856831073761,-0.016145821660757065,0.5,0.0,-18.29589038687705,-1.5110062628221408,-3.0284716827431652,17.169907692664335
1767868033.0923588,1767868033092366385,Sr02_gA_IMG1_LID0_STA1_CFC64_OH0,0108_1126,A,0.4435042440891266,0.031242311000823975,0.5,0.0,-18.345571738611522,-1.5166421272622157,-3.0286065899579167,17.13033304836811
1767868033.2097561,1767868033209765369,Sr02_gA_IMG1_LID0_STA1_CFC64_OH0,0108_1126,A,0.44406378269195557,0.03137649968266487,0.5,0.0,-18.42009282299485,-1.525104234314614,-3.0284391384871823,17.07107878705233
1767868033.3298485,1767868033329855470,Sr02_gA_IMG1_LID0_STA1_CFC64_OH0,0108_1126,A,0.5105969905853271,0.05049607902765274,0.5,0.0,-18.46977085531521,-1.5307692727439932,-3.0276569684060544,17.031659547071396
1767868033.4494667,1767868033449475153,Sr02_gA_IMG1_LID0_STA1_CFC64_OH0,0108_1126,A,0.5079125165939331,0.025535939261317253,0.5,0.0,-18.54417350172256,-1.5397040943954077,-3.0139153062942228,16.972962136048288
1767868033.5645533,1767868033564559995,Sr02_gA_IMG1_LID0_STA1_CFC64_OH0,0108_1126,A,0.49684879183769226,0.014601074159145355,0.5,0.0,-18.59372951167175,-1.5463505210071355,-3.0026222531407223,16.934303898407624
1767868033.6802678,1767868033680275506,Sr02_gA_IMG1_LID0_STA1_CFC64_OH0,0108_1126,A,0.49660587310791016,0.013965459540486336,0.5,0.0,-18.64315710163392,-1.5533054313260684,-3.002369746323348,16.895977157137132
1767868033.7892475,1767868033789255445,Sr02_gA_IMG1_LID0_STA1_CFC64_OH0,0108_1126,A,0.5047895312309265,0.03282429277896881,0.5,0.0,-18.717405890695467,-1.5638144543107426,-2.998723131134533,16.83855054349939
1767868033.9104474,1767868033910455660,Sr02_gA_IMG1_LID0_STA1_CFC64_OH0,0108_1126,A,0.5215263962745667,0.02181038074195385,0.5,0.0,-18.766885212493943,-1.5710112831947092,-2.99558548632673,16.800461417671066
1767868034.0248013,1767868034024809267,Sr02_gA_IMG1_LID0_STA1_CFC64_OH0,0108_1126,A,0.5217961072921753,0.020885644480586052,0.5,0.0,-18.816335970779424,-1.5784016137107355,-2.9907270967938953,16.76256234661713
1767868034.139357,1767868034139364994,Sr02_gA_IMG1_LID0_STA1_CFC64_OH0,0108_1126,A,0.5065388679504395,0.042006779462099075,0.5,0.0,-18.865753547230913,-1.586010869842806,-2.9874246849791737,16.72487214163163
1767868034.2548301,1767868034254837864,Sr02_gA_IMG1_LID0_STA1_CFC64_OH0,0108_1126,A,0.5093956589698792,0.016640137881040573,0.5,0.0,-18.93984693797676,-1.5976369533697474,-2.984797125178941,16.668600228705728
1767868034.369992,1767868034370000565,Sr02_gA_IMG1_LID0_STA1_CFC64_OH0,0108_1126,A,0.49182024598121643,0.008626686409115791,0.5,0.0,-18.989228056754577,-1.6054794264369747,-2.983394224886891,16.63122945129166
1767868034.4840991,1767868034484106782,Sr02_gA_IMG1_LID0_STA1_CFC64_OH0,0108_1126,A,0.49211663007736206,0.008906293660402298,0.5,0.0,-19.03859337350118,-1.613420659903866,-2.980488991455805,16.59399192704484
1767868034.5992105,1767868034599217706,Sr02_gA_IMG1_LID0_STA1_CFC64_OH0,0108_1126,A,0.49735957384109497,0.0022839969024062157,0.5,0.0,-19.11259771958807,-1.6256005639519533,-2.976776875507145,16.53844429259716
1767868034.7164547,1767868034716462425,Sr02_gA_IMG1_LID0_STA1_CFC64_OH0,0108_1126,A,0.4821193218231201,0.0098300501704216,0.5,0.0,-19.16191154368683,-1.633855594345982,-2.9746883137674573,16.501590529523913
1767868034.8386784,1767868034838686886,Sr02_gA_IMG1_LID0_STA1_CFC64_OH0,0108_1126,A,0.4827638268470764,0.009794343262910843,0.5,0.0,-19.211200825410952,-1.6422557618340767,-2.970698869857894,16.464906104597393
1767868034.9559815,1767868034955989434,Sr02_gA_IMG1_LID0_STA1_CFC64_OH0,0108_1126,A,0.46583399176597595,0.07216887176036835,0.5,0.0,-19.28508352405024,-1.655153131083739,-2.9675219658039347,16.41021755571397
1767868035.0715582,1767868035071566600,Sr02_gA_IMG1_LID0_STA1_CFC64_OH0,0108_1126,A,0.48786014318466187,0.021426821127533913,0.5,0.0,-19.33432417533378,-1.6638340175048543,-2.96665929686678,16.3739055757591
1767868035.1928847,1767868035192893066,Sr02_gA_IMG1_LID0_STA1_CFC64_OH0,0108_1126,A,0.4879709780216217,0.02139398269355297,0.5,0.0,-19.383557220695568,-1.6725579364877587,-2.965771465239324,16.33769606462698
1767868035.3127563,1767868035312764665,Sr02_gA_IMG1_LID0_STA1_CFC64_OH0,0108_1126,A,0.47652700543403625,0.0007217428646981716,0.5,0.0,-19.457397052597155,-1.6856986530356008,-2.9652209592357437,16.28355728528303
1767868035.4289517,1767868035428959918,Sr02_gA_IMG1_LID0_STA1_CFC64_OH0,0108_1126,A,0.49571719765663147,0.025679390877485275,0.5,0.0,-19.506617069120857,-1.6944957806980816,-2.964237957434123,16.24758275723339
1767868035.5429592,1767868035542967283,Sr02_gA_IMG1_LID0_STA1_CFC64_OH0,0108_1126,A,0.5025357007980347,-0.0019962205551564693,0.5,0.0,-19.55582842706513,-1.7033412163771307,-2.9632581676139633,16.211716825068862
1767868035.658083,1767868035658091044,Sr02_gA_IMG1_LID0_STA1_CFC64_OH0,0108_1126,A,0.5034552216529846,-0.0023489445447921753,0.5,0.0,-19.629575649439083,-1.7169026826816363,-2.9545718906650418,16.158281452946028
1767868035.7747233,1767868035774731308,Sr02_gA_IMG1_LID0_STA1_CFC64_OH0,0108_1126,A,0.517876386642456,0.010303951799869537,0.5,0.0,-19.67868153995524,-1.726254948946177,-2.952318822018627,16.12297751527775
1767868035.8927608,1767868035892770965,Sr02_gA_IMG1_LID0_STA1_CFC64_OH0,0108_1126,A,0.5005754232406616,-0.0002742146607488394,0.5,0.0,-19.72777848681655,-1.7357147870988952,-2.9501787704555142,16.087819696806847
1767868036.0143049,1767868036014312273,Sr02_gA_IMG1_LID0_STA1_CFC64_OH0,0108_1126,A,0.5007380247116089,-0.00031935214065015316,0.5,0.0,-19.801397677411227,-1.7500400699277305,-2.949243605143765,16.035329422502386
1767868036.1277087,1767868036127722305,Sr02_gA_IMG1_LID0_STA1_CFC64_OH0,0108_1126,A,0.4868618845939636,0.006518887355923653,0.5,0.0,-19.85046324241976,-1.7596613297087202,-2.9466756893536337,16.000487516527578
1767868036.2441783,1767868036244187815,Sr02_gA_IMG1_LID0_STA1_CFC64_OH0,0108_1126,A,0.5100108981132507,0.017861874774098396,0.5,0.0,-19.899512565064754,-1.7693651229256622,-2.946321778582719,15.965786728505769
1767868036.3629663,1767868036362974591,Sr02_gA_IMG1_LID0_STA1_CFC64_OH0,0108_1126,A,0.5101001262664795,0.01812911406159401,0.5,0.0,-19.97308962015227,-1.7839052809355913,-2.9466635377151125,15.913876779681003
1767868036.4796536,1767868036479661775,Sr02_gA_IMG1_LID0_STA1_CFC64_OH0,0108_1126,A,0.5155455470085144,0.008451549336314201,0.5,0.0,-20.022137688950092,-1.7936153998421316,-2.945633153902392,15.879384991742908
1767868036.5946667,1767868036594677166,Sr02_gA_IMG1_LID0_STA1_CFC64_OH0,0108_1126,A,0.5073032379150391,-0.0032951957546174526,0.5,0.0,-20.071179905682076,-1.8033550435770505,-2.9455547857377082,15.844997766549229
1767868036.7165158,1767868036716523657,Sr02_gA_IMG1_LID0_STA1_CFC64_OH0,0108_1126,A,0.48804333806037903,-0.023234248161315918,0.5,0.0,-20.144743680821403,-1.8179622429307452,-2.945600882949598,15.793571659652835
1767868036.8340163,1767868036834024401,Sr02_gA_IMG1_LID0_STA1_CFC64_OH0,0108_1126,A,0.48824402689933777,-0.023476699367165565,0.5,0.0,-20.193783251337685,-1.8277151972599257,-2.944949000512842,15.759403696800725
1767868036.9527183,1767868036952725857,Sr02_gA_IMG1_LID0_STA1_CFC64_OH0,0108_1126,A,0.5020475387573242,-0.006214818451553583,0.5,0.0,-20.242812893897213,-1.8375179136903241,-2.943389684013565,15.725357661144315
1767868037.0712233,1767868037071230708,Sr02_gA_IMG1_LID0_STA1_CFC64_OH0,0108_1126,A,0.4886544644832611,0.0309301670640707,0.5,0.0,-20.316324476830555,-1.852385428793785,-2.9406783387223747,15.674571764378474
1767868037.1913795,1767868037191386845,Sr02_gA_IMG1_LID0_STA1_CFC64_OH0,0108_1126,A,0.4887638986110687,0.030973833054304123,0.5,0.0,-20.36531447733351,-1.86238439797671,-2.939833177765811,15.640888521653737
1767868037.3061998,1767868037306208146,Sr02_gA_IMG1_LID0_STA1_CFC64_OH0,0108_1126,A,0.49457740783691406,0.0027459918055683374,0.5,0.0,-20.438793653557376,-1.8774113683691858,-2.940291892002821,15.59054947878895
1767868037.420667,1767868037420674585,Sr02_gA_IMG1_LID0_STA1_CFC64_OH0,0108_1126,A,0.5130100846290588,-0.0003257524222135544,0.5,0.0,-20.48779558654633,-1.887351646101682,-2.9426153087709412,15.55704154548996
1767868037.5405648,1767868037540571908,Sr02_gA_IMG1_LID0_STA1_CFC64_OH0,0108_1126,A,0.4980739653110504,-0.009534945711493492,0.5,0.0,-20.536820601583067,-1.897177450659017,-2.944962974682209,15.523535467337028
1767868037.6533034,1767868037653311582,Sr02_gA_IMG1_LID0_STA1_CFC64_OH0,0108_1126,A,0.4981638193130493,-0.009913088753819466,0.5,0.0,-20.610384284155604,-1.9117722408574862,-2.9458779497713574,15.473335981582022
1767868037.7709455,1767868037770954303,Sr02_gA_IMG1_LID0_STA1_CFC64_OH0,0108_1126,A,0.5081772804260254,-0.006352921482175589,0.5,0.0,-20.659414612262083,-1.921571455548089,-2.9427849465302587,15.440032793941096
1767868037.8866637,1767868037886671689,Sr02_gA_IMG1_LID0_STA1_CFC64_OH0,0108_1126,A,0.5111679434776306,0.010380751453340054,0.5,0.0,-20.708414379224926,-1.9315223611189931,-2.9396880049834606,15.4069358357493
1767868038.000113,1767868038000120407,Sr02_gA_IMG1_LID0_STA1_CFC64_OH0,0108_1126,A,0.5112749934196472,0.010322107933461666,0.5,0.0,-20.757390082009984,-1.9415911244337694,-2.9385665508024608,15.374020777689601
1767868038.1161025,1767868038116110003,Sr02_gA_IMG1_LID0_STA1_CFC64_OH0,0108_1126,A,0.5072345733642578,0.005634787492454052,0.5,0.0,-20.830848403485778,-1.9567197162148853,-2.9384925416644383,15.324841153659706
1767868038.2316802,1767868038231686569,Sr02_gA_IMG1_LID0_STA1_CFC64_OH0,0108_1126,A,0.5194991230964661,0.0004444567020982504,0.5,0.0,-20.879824619265808,-1.9667859861743828,-2.939353935846982,15.292156172948806
1767868038.3494797,1767868038349487689,Sr02_gA_IMG1_LID0_STA1_CFC64_OH0,0108_1126,A,0.5194171667098999,0.0005321323405951262,0.5,0.0,-20.92881048576154,-1.9768051859182139,-2.940337679963097,15.259528552199427
1767868038.466678,1767868038466688539,Sr02_gA_IMG1_LID0_STA1_CFC64_OH0,0108_1126,A,0.504607081413269,-0.007905857637524605,0.5,0.0,-21.00230569439826,-1.9917535328758065,-2.941433025809006,15.21070161148986
1767868038.5794015,1767868038579409500,Sr02_gA_IMG1_LID0_STA1_CFC64_OH0,0108_1126,A,0.5043704509735107,0.011904686689376831,0.5,0.0,-21.05130226532684,-2.001720252294579,-2.9403949651661248,15.178269840537377
1767868038.6969025,1767868038696910480,Sr02_gA_IMG1_LID0_STA1_CFC64_OH0,0108_1126,A,0.49480968713760376,-0.0072945100255310535,0.5,0.0,-21.100288482500623,-2.011737736396466,-2.9393615831477167,15.14597326105521
1767868038.8131704,1767868038813179418,Sr02_gA_IMG1_LID0_STA1_CFC64_OH0,0108_1126,A,0.49487632513046265,-0.007416777778416872,0.5,0.0,-21.173751758425304,-2.0268422383049196,-2.938375743436289,15.09777061626598
1767868038.9304879,1767868038930496435,Sr02_gA_IMG1_LID0_STA1_CFC64_OH0,0108_1126,A,0.48925265669822693,-0.015984052792191505,0.5,0.0,-21.22272265133706,-2.036934380290009,-2.9383312938671327,15.065774910558199
1767868039.0462418,1767868039046249501,Sr02_gA_IMG1_LID0_STA1_CFC64_OH0,0108_1126,A,0.48895639181137085,-0.019268034026026726,0.5,0.0,-21.27169306732484,-2.04702883621267,-2.9382798342970844,15.033879223024801
1767868039.1627522,1767868039162760755,Sr02_gA_IMG1_LID0_STA1_CFC64_OH0,0108_1126,A,0.4889217019081116,-0.019893046468496323,0.5,0.0,-21.345153811758784,-2.062145640782666,-2.9392125652610535,14.986201557029167
1767868039.2772057,1767868039277215798,Sr02_gA_IMG1_LID0_STA1_CFC64_OH0,0108_1126,A,0.4935426712036133,0.003870929591357708,0.5,0.0,-21.394127362679253,-2.072224861896154,-2.9380221136982154,14.954542035908107
1767868039.3911817,1767868039391188460,Sr02_gA_IMG1_LID0_STA1_CFC64_OH0,0108_1126,A,0.5151808261871338,-0.020800909027457237,0.5,0.0,-21.443096749535098,-2.0823243042714026,-2.9385595571634933,14.922998907107647
1767868039.5031397,1767868039503147572,Sr02_gA_IMG1_LID0_STA1_CFC64_OH0,0108_1126,A,0.515287458896637,-0.021520141512155533,0.5,0.0,-21.516564553823184,-2.0974067590324057,-2.939668403890349,14.87582086831983
1767868039.6181133,1767868039618121845,Sr02_gA_IMG1_LID0_STA1_CFC64_OH0,0108_1126,A,0.4823806583881378,-0.013887321576476097,0.5,0.0,-21.56555666769148,-2.10739534898482,-2.9412667999995863,14.844443224829584
1767868039.7352262,1767868039735234142,Sr02_gA_IMG1_LID0_STA1_CFC64_OH0,0108_1126,A,0.48618823289871216,0.01106852013617754,0.5,0.0,-21.614566000081275,-2.1172990985465434,-2.9431607579792285,14.813100319075875
1767868039.848723,1767868039848730655,Sr02_gA_IMG1_LID0_STA1_CFC64_OH0,0108_1126,A,0.4860905110836029,0.0104643814265728,0.5,0.0,-21.663594457657894,-2.1271077282767705,-2.9451313085515882,14.781784306638562
1767868039.9651828,1767868039965191454,Sr02_gA_IMG1_LID0_STA1_CFC64_OH0,0108_1126,A,0.5099547505378723,-0.03510413318872452,0.5,0.0,-21.737159511611818,-2.1417084797926638,-2.945501245734393,14.734914104677566
1767868040.0795274,1767868040079535452,Sr02_gA_IMG1_LID0_STA1_CFC64_OH0,0108_1126,A,0.5053545832633972,-0.03753816336393356,0.5,0.0,-21.786209113119718,-2.151410821170036,-2.9473345963736053,14.703771687157845
1767868040.3028128,1767868040302820246,Sr02_gA_IMG1_LID0_STA1_CFC64_OH0,0108_1126,A,0.49998939037323,-0.02619229629635811,0.5,0.0,-21.835278891609345,-2.161010590107323,-2.949472221828348,14.672651579513175
1767868040.410687,1767868040410696414,Sr02_gA_IMG1_LID0_STA1_CFC64_OH0,0108_1126,A,0.5004765391349792,-0.028227852657437325,0.5,0.0,-21.958013585855866,-2.1846999848824793,-2.9506774756148175,14.595061877417919
1767868040.5311499,1767868040531157710,Sr02_gA_IMG1_LID0_STA1_CFC64_OH0,0108_1126,A,0.5003666877746582,-0.03201030567288399,0.5,0.0,-22.007100104161786,-2.194213826098348,-2.9496249973442463,14.564241214144047
1767868040.6445446,1767868040644551614,Sr02_gA_IMG1_LID0_STA1_CFC64_OH0,0108_1126,A,0.4980035424232483,-0.011782301589846611,0.5,0.0,-22.05617562975823,-2.2037245183799268,-2.951691652464014,14.533533402520812
1767868040.7560563,1767868040756063663,Sr02_gA_IMG1_LID0_STA1_CFC64_OH0,0108_1126,A,0.5049907565116882,-0.07178616523742676,0.5,0.0,-22.129865637532774,-2.2176804315469365,-2.957225004842349,14.48741027645681
1767868040.8708904,1767868040870899530,Sr02_gA_IMG1_LID0_STA1_CFC64_OH0,0108_1126,A,0.5063263773918152,-0.17989127337932587,0.5,0.0,-22.179035341775688,-2.2267544015425607,-2.9609788150390717,14.456611074925318
1767868040.9860644,1767868040986072558,Sr02_gA_IMG1_LID0_STA1_CFC64_OH0,0108_1126,A,0.5060986280441284,-0.1828431487083435,0.5,0.0,-22.228235544347775,-2.2356616000001237,-2.9638249660365323,14.425785604093988
1767868041.1008143,1767868041100822397,Sr02_gA_IMG1_LID0_STA1_CFC64_OH0,0108_1126,A,0.515121340751648,-0.056611135601997375,0.5,0.0,-22.277459678212544,-2.244435578150833,-2.9666070340675335,14.394960996909376
1767868041.2133608,1767868041213369572,Sr02_gA_IMG1_LID0_STA1_CFC64_OH0,0108_1126,A,0.494171679019928,-0.2342795431613922,0.5,-0.5,-22.351343728201925,-2.2573249565280804,-2.9712572712976075,14.348708885879137
1767868041.3303852,1767868041330392438,Sr02_gA_IMG1_LID0_STA1_CFC64_OH0,0108_1126,A,0.49433737993240356,-0.2363853007555008,0.5,-0.5,-22.4006267273754,-2.2657620979557382,-2.9726377947178246,14.3178846041354
1767868041.4423969,1767868041442405636,Sr02_gA_IMG1_LID0_STA1_CFC64_OH0,0108_1126,A,0.5020437836647034,-0.3071310520172119,0.5,-0.5,-22.449922296429015,-2.2740524577080796,-2.9783863468294234,14.287060436780047
1767868041.5579488,1767868041557959617,Sr02_gA_IMG1_LID0_STA1_CFC64_OH0,0108_1126,A,0.5029499530792236,-0.0839184820652008,0.5,0.0,-22.499224814225062,-2.281898727863506,-2.9916522206743106,14.256039081510982
1767868041.673149,1767868041673156813,Sr02_gA_IMG1_LID0_STA1_CFC64_OH0,0108_1126,A,0.4998859763145447,-0.10393045842647552,0.5,0.0,-22.573526402587827,-2.2920930192485534,-3.018931052134238,14.208382675312462
1767868041.7896686,1767868041789676729,Sr02_gA_IMG1_LID0_STA1_CFC64_OH0,0108_1126,A,0.5015590786933899,-0.3411928415298462,0.5,-0.5,-22.62311479426815,-2.2979396700498267,-3.027470068385478,14.176055997447879
1767868041.9088237,1767868041908833420,Sr02_gA_IMG1_LID0_STA1_CFC64_OH0,0108_1126,A,0.5013200640678406,-0.35843369364738464,0.5,-0.5,-22.6725817318359,-2.303368412776661,-3.0406690432764703,14.143634445092463
1767868042.0227277,1767868042022735587,Sr02_gA_IMG1_LID0_STA1_CFC64_OH0,0108_1126,A,0.4973880648612976,-0.38361650705337524,0.5,-0.5,-22.74731796617718,-2.3096059537460993,-3.076042538247115,14.093493338505011
1767868042.140611,1767868042140620306,Sr02_gA_IMG1_LID0_STA1_CFC64_OH0,0108_1126,A,0.49528250098228455,-0.4039723575115204,0.5,-0.5,-22.797213414361938,-2.312135767574058,-3.1062422114485133,14.059015426532245
1767868042.2564888,1767868042256496472,Sr02_gA_IMG1_LID0_STA1_CFC64_OH0,0108_1126,A,0.5023488998413086,-0.30311939120292664,0.5,-0.5,-22.846956261485744,-2.3133142099913675,-3.1250038439702634,14.023807837864444
1767868042.376557,1767868042376565521,Sr02_gA_IMG1_LID0_STA1_CFC64_OH0,0108_1126,A,0.47894787788391113,-0.26658084988594055,0.5,-0.5,-22.92195225942541,-2.314014270698781,-3.13999301655333,13.9701471052897
1767868042.4931428,1767868042493152004,Sr02_gA_IMG1_LID0_STA1_CFC64_OH0,0108_1126,A,0.4758639931678772,-0.2793576419353485,0.5,-0.5,-22.971493129229522,-2.3135848251019637,3.118928782719154,13.934188042001635
1767868042.609434,1767868042609443096,Sr02_gA_IMG1_LID0_STA1_CFC64_OH0,0108_1126,A,0.49243631958961487,-0.35803502798080444,0.5,-0.5,-23.021449930161868,-2.3115717176263777,3.083430305103366,13.896910749737783
1767868042.7230272,1767868042723035336,Sr02_gA_IMG1_LID0_STA1_CFC64_OH0,0108_1126,A,0.48962920904159546,-0.476836621761322,0.5,-0.5,-23.09616094066406,-2.305111596656959,3.026643408181258,13.838899646919483
1767868042.8394535,1767868042839461540,Sr02_gA_IMG1_LID0_STA1_CFC64_OH0,0108_1126,A,0.49773943424224854,-0.4857974946498871,0.5,-0.5,-23.14570163935994,-2.2983752157302826,2.9862462373811165,13.798804017423054
1767868042.9579804,1767868042957987857,Sr02_gA_IMG1_LID0_STA1_CFC64_OH0,0108_1126,A,0.4966795742511749,-0.3756425678730011,0.5,-0.5,-23.19492401647064,-2.2897932019254705,2.9535148830773204,13.757703731979648
1767868043.072685,1767868043072691976,Sr02_gA_IMG1_LID0_STA1_CFC64_OH0,0108_1126,A,0.5021598935127258,-0.33425408601760864,0.5,-0.5,-23.26828153572372,-2.2742083624352554,2.912066253103939,13.694591595641723
1767868043.188106,1767868043188114929,Sr02_gA_IMG1_LID0_STA1_CFC64_OH0,0108_1126,A,0.5178937315940857,-0.4075741767883301,0.5,-0.5,-23.316805027191226,-2.262153991906172,2.8841305443784875,13.651679340856003
1767868043.3050435,1767868043305050477,Sr02_gA_IMG1_LID0_STA1_CFC64_OH0,0108_1126,A,0.519856870174408,-0.42039528489112854,0.5,-0.5,-23.36490523239566,-2.248659148559048,2.8504948858091708,13.608096499977371
1767868043.4186919,1767868043418700778,Sr02_gA_IMG1_LID0_STA1_CFC64_OH0,0108_1126,A,0.49403834342956543,-0.25630366802215576,0.5,-0.5,-23.43592823146421,-2.2249269140020536,2.7841932368409,13.541126581205518
1767868043.53622,1767868043536230416,Sr02_gA_IMG1_LID0_STA1_CFC64_OH0,0108_1126,A,0.508031964302063,-0.3494524657726288,0.5,-0.5,-23.482325501498444,-2.206304312010108,2.7356135432903392,13.495208268132318
1767868043.6526444,1767868043652653918,Sr02_gA_IMG1_LID0_STA1_CFC64_OH0,0108_1126,A,0.5054528713226318,-0.35894185304641724,0.5,-0.5,-23.527809868817588,-2.185609809409704,2.695521317970018,13.448488838225922
1767868043.7643447,1767868043764352514,Sr02_gA_IMG1_LID0_STA1_CFC64_OH0,0108_1126,A,0.5002128481864929,-0.4348423480987549,0.5,-0.5,-23.594593443974254,-2.1514961148745604,2.644141595396073,13.377280069159216
1767868043.879989,1767868043879996740,Sr02_gA_IMG1_LID0_STA1_CFC64_OH0,0108_1126,A,0.5043593645095825,-0.5423765182495117,0.5,-0.5,-23.638011824865767,-2.1267822921292274,2.603788111385184,13.329200293917014
1767868043.9947693,1767868043994777794,Sr02_gA_IMG1_LID0_STA1_CFC64_OH0,0108_1126,A,0.5025333166122437,-0.5436950922012329,0.5,-0.5,-23.680405886268606,-2.100279921785501,2.5618768537423557,13.280576729811134
1767868044.1150875,1767868044115095462,Sr02_gA_IMG1_LID0_STA1_CFC64_OH0,0108_1126,A,0.5089279413223267,-0.5348625183105469,0.5,-0.5,-23.721639558269278,-2.072197935321657,2.52924102593477,13.231648707209576
1767868044.2381544,1767868044238162388,Sr02_gA_IMG1_LID0_STA1_CFC64_OH0,0108_1126,A,0.48444005846977234,-0.3502923250198364,0.5,-0.5,-23.78197438739641,-2.027775387027283,2.4815777874439418,13.157687966664525
1767868044.3580194,1767868044358027551,Sr02_gA_IMG1_LID0_STA1_CFC64_OH0,0108_1126,A,0.4854688048362732,-0.34381118416786194,0.5,-0.5,-23.820917755365837,-1.996420232434111,2.445778554852682,13.108038400442643
1767868044.4767756,1767868044476785547,Sr02_gA_IMG1_LID0_STA1_CFC64_OH0,0108_1126,A,0.46013906598091125,-0.5181967616081238,0.5,-0.5,-23.876919965106897,-1.9466382926088086,2.3820997384134897,13.03329014508266
1767868044.5893629,1767868044589371293,Sr02_gA_IMG1_LID0_STA1_CFC64_OH0,0108_1126,A,0.5077697038650513,-0.25887903571128845,0.5,-0.5,-23.912195177503854,-1.9113123419753002,2.328432614893284,12.983370276273613
1767868044.703369,1767868044703377311,Sr02_gA_IMG1_LID0_STA1_CFC64_OH0,0108_1126,A,0.5038698315620422,-0.336763471364975,0.5,-0.5,-23.945551368745075,-1.874073272423044,2.274063155465251,12.933424565860667
1767868044.8192558,1767868044819263963,Sr02_gA_IMG1_LID0_STA1_CFC64_OH0,0108_1126,A,0.4993208050727844,-0.31017616391181946,0.5,-0.5,-23.991699519648822,-1.8149773690454516,2.193657194104325,12.858912446808288
1767868044.9337842,1767868044933792688,Sr02_gA_IMG1_LID0_STA1_CFC64_OH0,0108_1126,A,0.4982568025588989,-0.24131396412849426,0.5,-0.5,-24.020004542578032,-1.7739118489503483,2.156501923374892,12.809772294405608
1767868045.0482638,1767868045048271972,Sr02_gA_IMG1_LID0_STA1_CFC64_OH0,0108_1126,A,0.5124145150184631,0.01234428957104683,0.5,0.0,-24.04691968325618,-1.7317772037784873,2.1220560413231673,12.760849122716614
1767868045.1649563,1767868045164964453,Sr02_gA_IMG1_LID0_STA1_CFC64_OH0,0108_1126,A,0.5123044848442078,0.017901116982102394,0.5,0.0,-24.072161966309576,-1.68888931661274,2.0797718350534695,12.712570867242617
1767868045.2815855,1767868045281591841,Sr02_gA_IMG1_LID0_STA1_CFC64_OH0,0108_1126,A,0.4967871904373169,-0.09095297753810883,0.5,0.0,-24.1064501426929,-1.6225388841203485,2.0243710023056765,12.641250798289347
1767868045.3967304,1767868045396738022,Sr02_gA_IMG1_LID0_STA1_CFC64_OH0,0108_1126,A,0.4886684715747833,-0.14595991373062134,0.5,0.0,-24.127636926196868,-1.577298077577004,1.992095029007482,12.594186553488809
1767868045.514318,1767868045514326637,Sr02_gA_IMG1_LID0_STA1_CFC64_OH0,0108_1126,A,0.487798810005188,-0.10568491369485855,0.5,0.0,-24.147351364556545,-1.5313509718818308,1.960545697245559,12.54768104778499
1767868045.6292386,1767868045629246225,Sr02_gA_IMG1_LID0_STA1_CFC64_OH0,0108_1126,A,0.48861512541770935,-0.09214793890714645,0.5,0.0,-24.17440612125797,-1.4614202607815228,1.9214260494369306,12.479036280228305
1767868045.7412112,1767868045741218247,Sr02_gA_IMG1_LID0_STA1_CFC64_OH0,0108_1126,A,0.49024876952171326,-0.014909366145730019,0.5,0.0,-24.191206753741714,-1.4146712908354666,1.9142600805542174,12.43409747495249
1767868045.8580081,1767868045858015893,Sr02_gA_IMG1_LID0_STA1_CFC64_OH0,0108_1126,A,0.4940877854824066,-0.002423022873699665,0.5,0.0,-24.20808170263222,-1.3676050061479654,1.915939047462242,12.38891834634723
1767868045.973308,1767868045973316072,Sr02_gA_IMG1_LID0_STA1_CFC64_OH0,0108_1126,A,0.49419933557510376,-0.0011425195261836052,0.5,0.0,-24.233281475297943,-1.2970332319986715,1.9079766208608044,12.321318992495687
1767868046.0878677,1767868046087875730,Sr02_gA_IMG1_LID0_STA1_CFC64_OH0,0108_1126,A,0.4901844561100006,-0.032504744827747345,0.5,0.0,-24.2494831148357,-1.2497435733861046,1.8935809250111861,12.27655616381311
1767868046.2018573,1767868046201864372,Sr02_gA_IMG1_LID0_STA1_CFC64_OH0,0108_1126,A,0.4932842552661896,-0.009930502623319626,0.5,0.0,-24.265057874162665,-1.2022323191661661,1.8822039935919208,12.232125619680533
1767868046.3160214,1767868046316028862,Sr02_gA_IMG1_LID0_STA1_CFC64_OH0,0108_1126,A,0.4937398433685303,-0.008573846891522408,0.5,0.0,-24.280141855297146,-1.1545620522485749,1.8725830958350334,12.187977698058406
1767868046.4326572,1767868046432664659,Sr02_gA_IMG1_LID0_STA1_CFC64_OH0,0108_1126,A,0.497315376996994,-0.025373047217726707,0.5,0.0,-24.30212997610463,-1.082891160045813,1.866800417504202,12.12218274578583
1767868046.555025,1767868046555032815,Sr02_gA_IMG1_LID0_STA1_CFC64_OH0,0108_1126,A,0.49063748121261597,-0.003638502676039934,0.5,0.0,-24.316703528153756,-1.0350621808914457,1.8664332428300272,12.078406337373146
1767868046.6719606,1767868046671968382,Sr02_gA_IMG1_LID0_STA1_CFC64_OH0,0108_1126,A,0.4907003343105316,-0.0028598271310329437,0.5,0.0,-24.3385453376113,-0.9633130721395284,1.865909844740678,12.012842242845151
1767868046.7855227,1767868046785530197,Sr02_gA_IMG1_LID0_STA1_CFC64_OH0,0108_1126,A,0.49782654643058777,-0.00989205576479435,0.5,0.0,-24.353009985853465,-0.915451068081164,1.8626593822558175,11.969243824084344
1767868046.9021661,1767868046902173888,Sr02_gA_IMG1_LID0_STA1_CFC64_OH0,0108_1126,A,0.5015156865119934,0.021199790760874748,0.5,0.0,-24.36737305498964,-0.8675584619412036,1.8616663163439358,11.925747950126445
1767868047.0172913,1767868047017298763,Sr02_gA_IMG1_LID0_STA1_CFC64_OH0,0108_1126,A,0.4944502115249634,-0.009500015527009964,0.5,0.0,-24.381690637151852,-0.8196522372336834,1.8607817989487208,11.882326819540653
1767868047.1338935,1767868047133901842,Sr02_gA_IMG1_LID0_STA1_CFC64_OH0,0108_1126,A,0.4946988523006439,-0.008775178343057632,0.5,0.0,-24.40303180933256,-0.7477526703363455,1.8574798361312308,11.817363242556432
1767868047.248514,1767868047248522387,Sr02_gA_IMG1_LID0_STA1_CFC64_OH0,0108_1126,A,0.502063512802124,-0.02562158741056919,0.5,0.0,-24.41715181164473,-0.6997878376187885,1.8568986247376877,11.77417691341401
1767868047.369042,1767868047369049607,Sr02_gA_IMG1_LID0_STA1_CFC64_OH0,0108_1126,A,0.48808586597442627,-0.019904138520359993,0.5,0.0,-24.4312550349175,-0.6518180684063817,1.8565970684109154,11.731053574623791
1767868047.4844599,1767868047484468263,Sr02_gA_IMG1_LID0_STA1_CFC64_OH0,0108_1126,A,0.4882359802722931,-0.019201209768652916,0.5,0.0,-24.45236362132563,-0.5798498388876427,1.8553945565394057,11.666496078844569
1767868047.6025221,1767868047602528884,Sr02_gA_IMG1_LID0_STA1_CFC64_OH0,0108_1126,A,0.4897727072238922,-0.02551700547337532,0.5,0.0,-24.46645306957921,-0.5318760315021497,1.8575145083566647,11.623518302570742
1767868047.7200258,1767868047720033868,Sr02_gA_IMG1_LID0_STA1_CFC64_OH0,0108_1126,A,0.4953031539916992,0.01586255058646202,0.5,0.0,-24.48059708593257,-0.4839182754171577,1.8571785269698922,11.580567697245847
1767868047.8325877,1767868047832594716,Sr02_gA_IMG1_LID0_STA1_CFC64_OH0,0108_1126,A,0.49549269676208496,0.01667364127933979,0.5,0.0,-24.501734592189184,-0.411958534660985,1.855840506737555,11.516290728542561
1767868047.9480634,1767868047948071430,Sr02_gA_IMG1_LID0_STA1_CFC64_OH0,0108_1126,A,0.4932640492916107,-0.025272006168961525,0.5,0.0,-24.51573309971451,-0.36395811693459945,1.8532783650779703,11.473562163785491
1767868048.063407,1767868048063414136,Sr02_gA_IMG1_LID0_STA1_CFC64_OH0,0108_1126,A,0.4934532940387726,-0.03924994915723801,0.5,0.0,-24.52961736657281,-0.3159245251451343,1.8511736013158322,11.4309548283445
1767868048.1812172,1767868048181224573,Sr02_gA_IMG1_LID0_STA1_CFC64_OH0,0108_1126,A,0.49422648549079895,-0.028255952522158623,0.5,0.0,-24.550266044850865,-0.24382301716098967,1.8482723361951918,11.367254455416859
1767868048.2968214,1767868048296829470,Sr02_gA_IMG1_LID0_STA1_CFC64_OH0,0108_1126,A,0.49439042806625366,-0.027682002633810043,0.5,0.0,-24.563901130823428,-0.19571810310139875,1.8457206446542114,11.324936783434506
1767868048.4114237,1767868048411433297,Sr02_gA_IMG1_LID0_STA1_CFC64_OH0,0108_1126,A,0.49401718378067017,-0.010013468563556671,0.5,0.0,-24.57747340181141,-0.14760517647369417,1.8464457627805997,11.282723465575284
1767868048.5348308,1767868048534838646,Sr02_gA_IMG1_LID0_STA1_CFC64_OH0,0108_1126,A,0.49397698044776917,-0.02141338773071766,0.5,0.0,-24.59797494121223,-0.07546168566479212,1.8489224715788162,11.219433458545089
1767868048.6491585,1767868048649167118,Sr02_gA_IMG1_LID0_STA1_CFC64_OH0,0108_1126,A,0.4940430223941803,-0.020875437185168266,0.5,0.0,-24.6116406613371,-0.02737692413727776,1.8464346394312552,11.177329302784448
1767868048.766159,1767868048766166100,Sr02_gA_IMG1_LID0_STA1_CFC64_OH0,0108_1126,A,0.505905270576477,-0.022446993738412857,0.5,0.0,-24.625160658358233,0.020760444048088526,1.8426494408323824,11.135365096906382
1767868048.9012203,1767868048901228666,Sr02_gA_IMG1_LID0_STA1_CFC64_OH0,0108_1126,A,0.5009874701499939,-0.0076808626763522625,0.5,0.0,-24.64512481966627,0.09305444391747712,1.8380869662867378,11.072724142085647
1767868049.0347195,1767868049034727573,Sr02_gA_IMG1_LID0_STA1_CFC64_OH0,0108_1126,A,0.5010442137718201,-0.007150157820433378,0.5,0.0,-24.658264017478515,0.14129715908902568,1.8353187704286837,11.031147141784082
1767868049.1658325,1767868049165839041,Sr02_gA_IMG1_LID0_STA1_CFC64_OH0,0108_1126,A,0.492100328207016,-0.011974573135375977,0.5,0.0,-24.677804800130936,0.21370679837559442,1.8334120640657512,10.969011079142257
1767868049.2844605,1767868049284468311,Sr02_gA_IMG1_LID0_STA1_CFC64_OH0,0108_1126,A,0.49931448698043823,-0.01010223850607872,0.5,0.0,-24.697159332002773,0.28616641891657163,1.8302269589081634,10.907145897759813
1767868049.4013598,1767868049401367779,Sr02_gA_IMG1_LID0_STA1_CFC64_OH0,0108_1126,A,0.4941704571247101,-0.003352416679263115,0.5,0.0,-24.7099347858932,0.3345067385656656,1.8280765576393236,10.866069605597128
1767868049.5103016,1767868049510311104,Sr02_gA_IMG1_LID0_STA1_CFC64_OH0,0108_1126,A,0.4943704605102539,-0.0028229630552232265,0.5,0.0,-24.722603066438506,0.382875254163246,1.8258318619441014,10.825132040118515
1767868049.6273408,1767868049627351766,Sr02_gA_IMG1_LID0_STA1_CFC64_OH0,0108_1126,A,0.4956764578819275,-0.011442327871918678,0.5,0.0,-24.741482288951065,0.4554601949318661,1.824690336833128,10.763942988022027
1767868049.7478085,1767868049747815944,Sr02_gA_IMG1_LID0_STA1_CFC64_OH0,0108_1126,A,0.5006288290023804,-0.011239150539040565,0.5,0.0,-24.754023736208246,0.5038617618194546,1.8239753221890773,10.723274632891645
1767868049.8707006,1767868049870709029,Sr02_gA_IMG1_LID0_STA1_CFC64_OH0,0108_1126,A,0.49370166659355164,-0.026851704344153404,0.5,0.0,-24.766521113017486,0.5522747245834266,1.8228261145999343,10.682712130144182
1767868049.9936895,1767868049993696491,Sr02_gA_IMG1_LID0_STA1_CFC64_OH0,0108_1126,A,0.49399349093437195,-0.026276908814907074,0.5,0.0,-24.785165162427134,0.6249204236265121,1.8212546099227975,10.622081370031045
1767868050.109106,1767868050109114855,Sr02_gA_IMG1_LID0_STA1_CFC64_OH0,0108_1126,A,0.49435341358184814,0.0068428898230195045,0.5,0.0,-24.797549440124858,0.673362443873557,1.8209193636382235,10.581790777870877
1767868050.2317214,1767868050231729282,Sr02_gA_IMG1_LID0_STA1_CFC64_OH0,0108_1126,A,0.496683806180954,-0.01769856922328472,0.5,0.0,-24.80991851616843,0.7218083479737426,1.8206317728616803,10.541592695107006
1767868050.3524573,1767868050352465952,Sr02_gA_IMG1_LID0_STA1_CFC64_OH0,0108_1126,A,0.494457483291626,-0.05255710706114769,0.5,0.0,-24.82841118023082,0.79449272990314,1.8190898517558676,10.48149144636908
1767868050.4738736,1767868050473881801,Sr02_gA_IMG1_LID0_STA1_CFC64_OH0,0108_1126,A,0.494413286447525,-0.051225446164608,0.5,0.0,-24.84067144945601,0.8429662816434622,1.8179659384969256,10.441573435730117
1767868050.589821,1767868050589829083,Sr02_gA_IMG1_LID0_STA1_CFC64_OH0,0108_1126,A,0.49427953362464905,-0.019732145592570305,0.5,0.0,-24.858885486923025,0.9157209422120891,1.814100074290969,10.38197070847318
1767868050.7063775,1767868050706385253,Sr02_gA_IMG1_LID0_STA1_CFC64_OH0,0108_1126,A,0.5073337554931641,-0.03621779382228851,0.5,0.0,-24.870867233912925,0.9642640774973932,1.8114723875848198,10.342448433261117
1767868050.823024,1767868050823032783,Sr02_gA_IMG1_LID0_STA1_CFC64_OH0,0108_1126,A,0.5073301196098328,-0.035718224942684174,0.5,0.0,-24.88280180800084,1.012818845825384,1.812156650104676,10.30304713811638
1767868050.93989,1767868050939897840,Sr02_gA_IMG1_LID0_STA1_CFC64_OH0,0108_1126,A,0.5019079446792603,-0.00929831713438034,0.5,0.0,-24.90068016767529,1.08565675503237,1.810238130409576,10.244133652065683
1767868051.0583344,1767868051058342439,Sr02_gA_IMG1_LID0_STA1_CFC64_OH0,0108_1126,A,0.5060112476348877,-0.005171810742467642,0.5,0.0,-24.91241048942614,1.1342612144822892,1.8049824549733338,10.205096512525923
1767868051.1820357,1767868051182043490,Sr02_gA_IMG1_LID0_STA1_CFC64_OH0,0108_1126,A,0.5008436441421509,-0.010526079684495926,0.5,0.0,-24.923887274230793,1.1829261669238444,1.7998332845419576,10.16631972154325
1767868051.3052268,1767868051305234287,Sr02_gA_IMG1_LID0_STA1_CFC64_OH0,0108_1126,A,0.5010526180267334,-0.009892763569951057,0.5,0.0,-24.94074499434439,1.2560070180747762,1.7959286459734953,10.108573513738815
1767868051.4316902,1767868051431698440,Sr02_gA_IMG1_LID0_STA1_CFC64_OH0,0108_1126,A,0.4931090772151947,-0.04095383733510971,0.5,0.0,-24.951818477690647,1.304765349835334,1.7923068851297608,10.070311348070598
1767868051.552573,1767868051552581807,Sr02_gA_IMG1_LID0_STA1_CFC64_OH0,0108_1126,A,0.5021405816078186,0.010782185941934586,0.5,0.0,-24.96810205428187,1.3779762223240315,1.7874675470503498,10.013329860564498
1767868051.672493,1767868051672501153,Sr02_gA_IMG1_LID0_STA1_CFC64_OH0,0108_1126,A,0.498437762260437,0.012425065040588379,0.5,0.0,-24.978828343368274,1.426812133550712,1.7865377152906305,9.975561504341718
1767868051.7928367,1767868051792847346,Sr02_gA_IMG1_LID0_STA1_CFC64_OH0,0108_1126,A,0.49853116273880005,0.013133689761161804,0.5,0.0,-24.99485412324665,1.500079952645551,1.785601317993618,9.919154952304584
1767868051.9127398,1767868051912747616,Sr02_gA_IMG1_LID0_STA1_CFC64_OH0,0108_1126,A,0.49939823150634766,-0.030030855908989906,0.5,0.0,-25.00548625549244,1.5489364487953763,1.7845487118352295,9.881723091670645
1767868052.0373325,1767868052037339803,Sr02_gA_IMG1_LID0_STA1_CFC64_OH0,0108_1126,A,0.5089024901390076,0.01173420250415802,0.5,0.0,-25.016068502666474,1.5978037745237252,1.7835594366116745,9.844436908984017
1767868052.156693,1767868052156700488,Sr02_gA_IMG1_LID0_STA1_CFC64_OH0,0108_1126,A,0.5088311433792114,0.012560049071907997,0.5,0.0,-25.03172153688761,1.671140663329494,1.7784254309153114,9.788878428627212
1767868052.2717443,1767868052271752533,Sr02_gA_IMG1_LID0_STA1_CFC64_OH0,0108_1126,A,0.49266475439071655,0.021491797640919685,0.5,0.0,-25.042054935174917,1.7200612141216802,1.7795036295684297,9.75205006826593
1767868052.3939946,1767868052394004299,Sr02_gA_IMG1_LID0_STA1_CFC64_OH0,0108_1126,A,0.4905335009098053,0.004980177152901888,0.5,0.0,-25.057661860709434,1.7934193870146913,1.781365128225936,9.696954311477805
1767868052.5151708,1767868052515178652,Sr02_gA_IMG1_LID0_STA1_CFC64_OH0,0108_1126,A,0.4953572452068329,0.06391555070877075,0.5,0.0,-25.068144774543196,1.8423081161977217,1.7826784950119052,9.660318087229328
1767868052.6366367,1767868052636645442,Sr02_gA_IMG1_LID0_STA1_CFC64_OH0,0108_1126,A,0.49539995193481445,0.06461172550916672,0.5,0.0,-25.0785863894429,1.8911939999573464,1.7797272984779469,9.6238377383396
1767868052.7573898,1767868052757400181,Sr02_gA_IMG1_LID0_STA1_CFC64_OH0,0108_1126,A,0.5019835829734802,-0.06220407411456108,0.5,0.0,-25.09412026658182,1.9645575902400492,1.7801992183703663,9.56943250288073
1767868052.8786833,1767868052878690862,Sr02_gA_IMG1_LID0_STA1_CFC64_OH0,0108_1126,A,0.5034481287002563,0.0076872496865689754,0.5,0.0,-25.104544770910316,2.0134588076462387,1.7814552205913243,9.533265245179
1767868053.0037463,1767868053003754361,Sr02_gA_IMG1_LID0_STA1_CFC64_OH0,0108_1126,A,0.5033960938453674,0.008476229384541512,0.5,0.0,-25.120337837614663,2.0867771126449,1.7842594405762207,9.479139043471823
1767868053.1299894,1767868053129998650,Sr02_gA_IMG1_LID0_STA1_CFC64_OH0,0108_1126,A,0.49292629957199097,-0.018833307549357414,0.5,0.0,-25.130942288153157,2.135639626498067,1.7847574584563257,9.443159515707968
1767868053.247075,1767868053247083676,Sr02_gA_IMG1_LID0_STA1_CFC64_OH0,0108_1126,A,0.49506500363349915,-0.020742278546094894,0.5,0.0,-25.147200797496406,2.2088445006088757,1.7941438236072857,9.389185940322216
1767868053.3611996,1767868053361208121,Sr02_gA_IMG1_LID0_STA1_CFC64_OH0,0108_1126,A,0.4929254651069641,-0.019544880837202072,0.5,0.0,-25.158432996472694,2.25756645346739,1.8006049855491604,9.353079747273158
1767868053.4815948,1767868053481602821,Sr02_gA_IMG1_LID0_STA1_CFC64_OH0,0108_1126,A,0.49300524592399597,-0.019232166931033134,0.5,0.0,-25.16973067225259,2.3061820162913813,1.7962699606176724,9.317104834460988
1767868053.6021955,1767868053602202734,Sr02_gA_IMG1_LID0_STA1_CFC64_OH0,0108_1126,A,0.49317842721939087,-0.023066284134984016,0.5,0.0,-25.1864188310274,2.379277795608968,1.7956844564487144,9.263509447005562
1767868053.7174482,1767868053717455988,Sr02_gA_IMG1_LID0_STA1_CFC64_OH0,0108_1126,A,0.4911418557167053,-0.03081323765218258,0.5,0.0,-25.197589351425517,2.428014014249099,1.7965320778327059,9.227903570498244
1767868053.8342707,1767868053834278313,Sr02_gA_IMG1_LID0_STA1_CFC64_OH0,0108_1126,A,0.48677271604537964,-0.012934710830450058,0.5,0.0,-25.208758590734654,2.4767505223035045,1.7951949608999718,9.192432672628712
1767868053.9473367,1767868053947345934,Sr02_gA_IMG1_LID0_STA1_CFC64_OH0,0108_1126,A,0.486572802066803,-0.01110498234629631,0.5,0.0,-25.225338662367445,2.5498948735378506,1.7921599843834,9.139607849206833
1767868054.0626519,1767868054062659532,Sr02_gA_IMG1_LID0_STA1_CFC64_OH0,0108_1126,A,0.49944546818733215,-0.02725978195667267,0.5,0.0,-25.23626899531035,2.5986855151486687,1.7902054985801734,9.104654511408075
1767868054.1813862,1767868054181393252,Sr02_gA_IMG1_LID0_STA1_CFC64_OH0,0108_1126,A,0.49646538496017456,-0.00950298085808754,0.5,0.0,-25.247104435354004,2.6474973185238664,1.7882760305254728,9.069912097057513
1767868054.296824,1767868054296832476,Sr02_gA_IMG1_LID0_STA1_CFC64_OH0,0108_1126,A,0.49634289741516113,-0.008245479315519333,0.5,0.0,-25.263170152498205,2.72075635704626,1.784969460935398,9.018206591880414
1767868054.4166515,1767868054416659869,Sr02_gA_IMG1_LID0_STA1_CFC64_OH0,0108_1126,A,0.48996883630752563,-0.010702826082706451,0.5,0.0,-25.273721838732072,2.769630272605749,1.7818881481378797,8.984037459213637
1767868054.5377154,1767868054537722780,Sr02_gA_IMG1_LID0_STA1_CFC64_OH0,0108_1126,A,0.5001367926597595,-0.005934882443398237,0.5,0.0,-25.28415085981871,2.818530525523934,1.7802370955386437,8.950109420076156
1767868054.6513004,1767868054651307870,Sr02_gA_IMG1_LID0_STA1_CFC64_OH0,0108_1126,A,0.5002686381340027,-0.004944182466715574,0.5,0.0,-25.299679595362015,2.891905291710461,1.7785164577458175,8.899588479625303
1767868054.7678742,1767868054767881494,Sr02_gA_IMG1_LID0_STA1_CFC64_OH0,0108_1126,A,0.49487948417663574,-0.02543744072318077,0.5,0.0,-25.309924377033212,2.9408444639843747,1.7757904963703288,8.866182362424155
1767868054.8910866,1767868054891094171,Sr02_gA_IMG1_LID0_STA1_CFC64_OH0,0108_1126,A,0.5004801750183105,-0.012349778786301613,0.5,0.0,-25.32006353824886,2.9898056405830697,1.774485050810685,8.833013733367896
1767868055.0100775,1767868055010086083,Sr02_gA_IMG1_LID0_STA1_CFC64_OH0,0108_1126,A,0.5007871389389038,-0.028411393985152245,0.5,0.0,-25.335186854761645,3.0632650432766786,1.773210504988952,8.783625410401577
1767868055.126574,1767868055126584038,Sr02_gA_IMG1_LID0_STA1_CFC64_OH0,0108_1126,A,0.5008067488670349,-0.027784664183855057,0.5,0.0,-25.345212381786016,3.1122496148493037,1.772140226011553,8.75094597076067
1767868055.2481203,1767868055248127630,Sr02_gA_IMG1_LID0_STA1_CFC64_OH0,0108_1126,A,0.49619027972221375,0.02973221242427826,0.5,0.0,-25.360172122316172,3.1857425059966498,1.7711645391723967,8.702296526786235
1767868055.3693528,1767868055369360452,Sr02_gA_IMG1_LID0_STA1_CFC64_OH0,0108_1126,A,0.49621665477752686,0.030635321512818336,0.5,0.0,-25.370111517624427,3.2347446289401893,1.7706701215233225,8.670098746371853
1767868055.4833632,1767868055483370949,Sr02_gA_IMG1_LID0_STA1_CFC64_OH0,0108_1126,A,0.4962466359138489,0.03139015659689903,0.5,0.0,-25.379976461552555,3.2837617812000377,1.7681263972929222,8.638128846913508
1767868055.6018722,1767868055601880643,Sr02_gA_IMG1_LID0_STA1_CFC64_OH0,0108_1126,A,0.49728924036026,0.031641896814107895,0.5,0.0,-25.394585837909556,3.357325109958367,1.7657206872534887,8.590645266147378
1767868055.7188137,1767868055718822127,Sr02_gA_IMG1_LID0_STA1_CFC64_OH0,0108_1126,A,0.4948461651802063,0.005355124361813068,0.5,0.0,-25.404200757634104,3.4063919146190433,1.762879555923685,8.55930740176538
1767868055.8368928,1767868055836900905,Sr02_gA_IMG1_LID0_STA1_CFC64_OH0,0108_1126,A,0.49783557653427124,-0.06147392466664314,0.5,0.0,-25.41367747959175,3.455485598666148,1.760094826282374,8.528257959200939
1767868055.949401,1767868055949407804,Sr02_gA_IMG1_LID0_STA1_CFC64_OH0,0108_1126,A,0.4983629882335663,-0.0598306842148304,0.5,0.0,-25.42782720168455,3.529127393029166,1.7626378970361094,8.482081025298962
1767868056.066022,1767868056066029312,Sr02_gA_IMG1_LID0_STA1_CFC64_OH0,0108_1126,A,0.4931446611881256,-0.02926447056233883,0.5,0.0,-25.437435719398184,3.5781954489796375,1.7657014234856772,8.451381049444953
1767868056.185608,1767868056185615329,Sr02_gA_IMG1_LID0_STA1_CFC64_OH0,0108_1126,A,0.49136313796043396,-0.031374115496873856,0.5,0.0,-25.44719569741922,3.627233602178154,1.7688253367566837,8.420743660800397
1767868056.303187,1767868056303194497,Sr02_gA_IMG1_LID0_STA1_CFC64_OH0,0108_1126,A,0.4914965331554413,-0.030350709334015846,0.5,0.0,-25.462124941415095,3.700732625419773,1.7735640611290597,8.37490262612264
1767868056.4217958,1767868056421803880,Sr02_gA_IMG1_LID0_STA1_CFC64_OH0,0108_1126,A,0.505379319190979,0.08491719514131546,0.5,0.0,-25.472207111219408,3.7497055717752454,1.7740995928039711,8.344471461680456
1767868056.537263,1767868056537270130,Sr02_gA_IMG1_LID0_STA1_CFC64_OH0,0108_1126,A,0.5119902491569519,0.06261902302503586,0.5,0.0,-25.482218086057426,3.7986692417911208,1.7696221556786198,8.314297880346679
1767868056.655735,1767868056655742888,Sr02_gA_IMG1_LID0_STA1_CFC64_OH0,0108_1126,A,0.5066822171211243,0.0371742881834507,0.5,0.0,-25.49669858854654,3.8722578031325217,1.760598269339765,8.269822495748537
1767868056.7709022,1767868056770909999,Sr02_gA_IMG1_LID0_STA1_CFC64_OH0,0108_1126,A,0.5066893696784973,0.03796734660863876,0.5,0.0,-25.506059946190963,3.9213736140487985,1.7576718036807384,8.240659809076236
1767868056.8830194,1767868056883028485,Sr02_gA_IMG1_LID0_STA1_CFC64_OH0,0108_1126,A,0.5112646818161011,0.10041888803243637,0.5,0.0,-25.51527421129253,3.970517229900497,1.7545765917064098,8.211820374162377
1767868056.9992907,1767868056999298667,Sr02_gA_IMG1_LID0_STA1_CFC64_OH0,0108_1126,A,0.4985687732696533,0.034607697278261185,0.5,0.0,-25.528810338059134,4.044285534573315,1.7499932898347597,8.16918315567065
1767868057.1170802,1767868057117088442,Sr02_gA_IMG1_LID0_STA1_CFC64_OH0,0108_1126,A,0.4988170564174652,0.036241158843040466,0.5,0.0,-25.537852172207494,4.093389426831965,1.7569533701328872,8.141032086238484
1767868057.2348394,1767868057234847729,Sr02_gA_IMG1_LID0_STA1_CFC64_OH0,0108_1126,A,0.5003434419631958,-0.006066290196031332,0.5,0.0,-25.547279847207264,4.1424924799185066,1.763661241964319,8.112736976969199
1767868057.3539598,1767868057353967929,Sr02_gA_IMG1_LID0_STA1_CFC64_OH0,0108_1126,A,0.5014650821685791,0.006093823350965977,0.5,0.0,-25.561925244036058,4.216048534370345,1.7702551832715516,8.070263857273156
1767868057.4744074,1767868057474415469,Sr02_gA_IMG1_LID0_STA1_CFC64_OH0,0108_1126,A,0.5015506744384766,0.006728780921548605,0.5,0.0,-25.571925203070425,4.2650383036964,1.77405191111569,8.042012767282003
1767868057.594835,1767868057594845286,Sr02_gA_IMG1_LID0_STA1_CFC64_OH0,0108_1126,A,0.4930360019207001,-0.03619387000799179,0.5,0.0,-25.582219270419937,4.313947887708856,1.783182843954637,8.01373276501519
1767868057.7159002,1767868057715907946,Sr02_gA_IMG1_LID0_STA1_CFC64_OH0,0108_1126,A,0.4973045289516449,0.04012640193104744,0.5,0.0,-25.598360838333182,4.387176951509839,1.7906058545711343,7.971113343678222
1767868057.8368092,1767868057836817980,Sr02_gA_IMG1_LID0_STA1_CFC64_OH0,0108_1126,A,0.4974380135536194,-0.049368761479854584,0.5,0.0,-25.60935142326215,4.4359540361825704,1.7942299632780039,7.942768983326962
1767868057.956427,1767868057956434617,Sr02_gA_IMG1_LID0_STA1_CFC64_OH0,0108_1126,A,0.4973814785480499,-0.04761262610554695,0.5,0.0,-25.62596782372914,4.509079255285006,1.794024303293462,7.900548072121087
1767868058.0678418,1767868058067849563,Sr02_gA_IMG1_LID0_STA1_CFC64_OH0,0108_1126,A,0.49703463912010193,0.019990742206573486,0.5,0.0,-25.637051611576197,4.557835272889093,1.7946336839105999,7.872663961325474
1767868058.1806464,1767868058180654056,Sr02_gA_IMG1_LID0_STA1_CFC64_OH0,0108_1126,A,0.5001263618469238,0.01379460096359253,0.5,0.0,-25.64816665598554,4.6065841741736735,1.7953065604163243,7.8449726733659135
1767868058.2985616,1767868058298568776,Sr02_gA_IMG1_LID0_STA1_CFC64_OH0,0108_1126,A,0.5000826716423035,0.01427534781396389,0.5,0.0,-25.664722981035652,4.679710770120283,1.7911736630970954,7.803960170700253
1767868058.4179487,1767868058417957721,Sr02_gA_IMG1_LID0_STA1_CFC64_OH0,0108_1126,A,0.4989423155784607,0.0717579573392868,0.5,0.0,-25.675741308648476,4.728460457463306,1.7950801946963966,7.776918484467455
1767868058.540437,1767868058540443633,Sr02_gA_IMG1_LID0_STA1_CFC64_OH0,0108_1126,A,0.5106692314147949,0.08543520420789719,0.5,0.0,-25.686838047520936,4.777175214754685,1.7926929546986357,7.750042559448126
1767868058.659954,1767868058659964244,Sr02_gA_IMG1_LID0_STA1_CFC64_OH0,0108_1126,A,0.5106112360954285,0.08579521626234055,0.5,0.0,-25.703079191861484,4.850395433422287,1.7854983871587904,7.710493434397449
1767868058.7726681,1767868058772676194,Sr02_gA_IMG1_LID0_STA1_CFC64_OH0,0108_1126,A,0.5058215260505676,0.027805820107460022,0.5,0.0,-25.713761809484524,4.899219981216537,1.7871778902509463,7.684554495527944
1767868058.8856337,1767868058885640535,Sr02_gA_IMG1_LID0_STA1_CFC64_OH0,0108_1126,A,0.5004732012748718,0.003456011414527893,0.5,0.0,-25.72453321083519,4.948045959845008,1.7886193141430697,7.6587691871873504
1767868059.0045729,1767868059004581333,Sr02_gA_IMG1_LID0_STA1_CFC64_OH0,0108_1126,A,0.4877519905567169,-0.020300209522247314,0.5,0.0,-25.7408184908555,5.021256524703847,1.7907461900631376,7.620429586618631
1767868059.1225195,1767868059122528056,Sr02_gA_IMG1_LID0_STA1_CFC64_OH0,0108_1126,A,0.48804405331611633,-0.01958470232784748,0.5,0.0,-25.751890676151476,5.0700036917901885,1.7977189538475704,7.594986714390946
1767868059.2430606,1767868059243069237,Sr02_gA_IMG1_LID0_STA1_CFC64_OH0,0108_1126,A,0.49210119247436523,0.14271512627601624,0.5,0.0,-25.763335673474486,5.118676035130977,1.8059889053391045,7.569454781087434
1767868059.3631496,1767868059363157842,Sr02_gA_IMG1_LID0_STA1_CFC64_OH0,0108_1126,A,0.5020856261253357,0.0737057775259018,0.5,0.0,-25.781280855906093,5.191496994951122,1.8188437659952439,7.530926850276481
1767868059.484556,1767868059484563248,Sr02_gA_IMG1_LID0_STA1_CFC64_OH0,0108_1126,A,0.5019319653511047,0.0754421278834343,0.5,0.0,-25.793629210481495,5.239936285603752,1.8218032011941274,7.50520966087134
1767868059.6072693,1767868059607277048,Sr02_gA_IMG1_LID0_STA1_CFC64_OH0,0108_1126,A,0.5047439932823181,0.012562302872538567,0.5,0.0,-25.81229129393065,5.312577360811426,1.8220900115073795,7.466966063502259
1767868059.720183,1767868059720190768,Sr02_gA_IMG1_LID0_STA1_CFC64_OH0,0108_1126,A,0.5080338716506958,0.10768111795186996,0.5,0.0,-25.824674989189965,5.361019521332858,1.8200599952845045,7.441832636270206
1767868059.8399768,1767868059839984141,Sr02_gA_IMG1_LID0_STA1_CFC64_OH0,0108_1126,A,0.5087639093399048,0.04298225790262222,0.5,0.0,-25.83696205460937,5.4094862821815655,1.8181015277074632,7.417037793387774
1767868059.9544845,1767868059954491819,Sr02_gA_IMG1_LID0_STA1_CFC64_OH0,0108_1126,A,0.5089970827102661,0.04663127660751343,0.5,0.0,-25.855638252808205,5.481942859076916,1.8322148620154484,7.380149414513555
1767868060.0683565,1767868060068364181,Sr02_gA_IMG1_LID0_STA1_CFC64_OH0,0108_1126,A,0.5091526508331299,0.03123432770371437,0.5,0.0,-25.86873837224144,5.5301925710270226,1.8395976073426434,7.355262272054532
1767868060.1880453,1767868060188052922,Sr02_gA_IMG1_LID0_STA1_CFC64_OH0,0108_1126,A,0.49892905354499817,-0.014488333836197853,0.5,0.0,-25.88219808014749,5.578346741167776,1.8471244429881086,7.330306325695306
1767868060.3014963,1767868060301503418,Sr02_gA_IMG1_LID0_STA1_CFC64_OH0,0108_1126,A,0.4991362988948822,-0.013025129213929176,0.5,0.0,-25.902857768313986,5.650421588446682,1.8514983117039796,7.29293506002122
1767868060.4178715,1767868060417884158,Sr02_gA_IMG1_LID0_STA1_CFC64_OH0,0108_1126,A,0.49981456995010376,0.029950670897960663,0.5,0.0,-25.916938272430773,5.69835367930595,1.8618710345334863,7.268071811220258
1767868060.542027,1767868060542035858,Sr02_gA_IMG1_LID0_STA1_CFC64_OH0,0108_1126,A,0.5105097889900208,0.009170619770884514,0.5,0.0,-25.93142607815856,5.746196561659472,1.8670557557447778,7.243090865731738
1767868060.6596322,1767868060659639262,Sr02_gA_IMG1_LID0_STA1_CFC64_OH0,0108_1126,A,0.5052977204322815,0.05612640082836151,0.5,0.0,-25.953565192244525,5.817854335399967,1.8737870018864788,7.205732413948637
1767868060.7771688,1767868060777178928,Sr02_gA_IMG1_LID0_STA1_CFC64_OH0,0108_1126,A,0.505395233631134,0.05716582387685776,0.5,0.0,-25.9685584949743,5.865553376514926,1.8769104328284298,7.180940548819762
1767868060.894853,1767868060894861500,Sr02_gA_IMG1_LID0_STA1_CFC64_OH0,0108_1126,A,0.5151766538619995,0.09883371740579605,0.5,0.0,-25.983611930048763,5.913221513761727,1.8759910656002443,7.156359563337872
1767868061.013471,1767868061013478720,Sr02_gA_IMG1_LID0_STA1_CFC64_OH0,0108_1126,A,0.4968125820159912,0.051518041640520096,0.5,0.0,-26.006073589253297,5.984767356605812,1.874387716474548,7.120094769986104
1767868061.1290941,1767868061129102819,Sr02_gA_IMG1_LID0_STA1_CFC64_OH0,0108_1126,A,0.4969119429588318,0.05230196937918663,0.5,0.0,-26.021092481617835,6.0324583479472045,1.8773827667477678,7.096213053514559
1767868061.246738,1767868061246747944,Sr02_gA_IMG1_LID0_STA1_CFC64_OH0,0108_1126,A,0.5028394460678101,-0.02297254651784897,0.5,0.0,-26.03621404597071,6.080116901987897,1.8785076432970578,7.072509152105578
1767868061.3634558,1767868061363463423,Sr02_gA_IMG1_LID0_STA1_CFC64_OH0,0108_1126,A,0.5026304125785828,0.2827209532260895,0.5,0.5,-26.059131384489053,6.151517906193415,1.8854216432058668,7.037253305465504
1767868061.476496,1767868061476507441,Sr02_gA_IMG1_LID0_STA1_CFC64_OH0,0108_1126,A,0.502570629119873,0.28544434905052185,0.5,0.5,-26.074740207905393,6.199019037813242,1.8911382154482281,7.013787046391026
1767868061.594028,1767868061594037021,Sr02_gA_IMG1_LID0_STA1_CFC64_OH0,0108_1126,A,0.492489755153656,0.2480950951576233,0.5,0.5,-26.09067792465487,6.246398950694877,1.900131013940363,6.990294535657106
1767868061.7103508,1767868061710360657,Sr02_gA_IMG1_LID0_STA1_CFC64_OH0,0108_1126,A,0.4947659969329834,0.20577694475650787,0.5,0.5,-26.115323711608436,6.317221357257352,1.9098196068136668,6.954887442550354
1767868061.8268816,1767868061826890378,Sr02_gA_IMG1_LID0_STA1_CFC64_OH0,0108_1126,A,0.48205623030662537,0.4657735824584961,0.5,0.5,-26.132075252863775,6.364331651765138,1.915049794597364,6.9313305194198875
1767868061.9450424,1767868061945051257,Sr02_gA_IMG1_LID0_STA1_CFC64_OH0,0108_1126,A,0.48248812556266785,0.4668848216533661,0.5,0.5,-26.148964020843763,6.411358210380247,1.9147070859798672,6.907930903943438
1767868062.0651886,1767868062065198589,Sr02_gA_IMG1_LID0_STA1_CFC64_OH0,0108_1126,A,0.509352445602417,0.4461321532726288,0.5,0.5,-26.174257276753398,6.4813015754607255,1.929280209772186,6.87347997503862
1767868062.1858704,1767868062185879550,Sr02_gA_IMG1_LID0_STA1_CFC64_OH0,0108_1126,A,0.5260090231895447,0.5163897275924683,0.5,0.5,-26.192443297540805,6.527827675193626,1.9576667336484141,6.849563915724253
1767868062.3069048,1767868062306912839,Sr02_gA_IMG1_LID0_STA1_CFC64_OH0,0108_1126,A,0.5294018387794495,0.5190117955207825,0.5,0.5,-26.222046922902912,6.596733288556505,1.9944081262351072,6.812009914626103
1767868062.4270265,1767868062427037200,Sr02_gA_IMG1_LID0_STA1_CFC64_OH0,0108_1126,A,0.4850770831108093,0.44797325134277344,0.5,0.5,-26.243067208788425,6.64209912407501,2.0149857896631738,6.786103078326114
1767868062.5432668,1767868062543277984,Sr02_gA_IMG1_LID0_STA1_CFC64_OH0,0108_1126,A,0.49953383207321167,0.43114182353019714,0.5,0.5,-26.265001448916703,6.686428710380821,2.049610973297764,6.75966236562086
1767868062.6625671,1767868062662575840,Sr02_gA_IMG1_LID0_STA1_CFC64_OH0,0108_1126,A,0.502778172492981,0.3148782253265381,0.5,0.5,-26.301848758991333,6.751723609810457,2.1193768148859804,6.716670046614005
1767868062.7800038,1767868062780011888,Sr02_gA_IMG1_LID0_STA1_CFC64_OH0,0108_1126,A,0.502318799495697,0.31969550251960754,0.5,0.5,-26.32886544958379,6.793791215088534,2.1639899904549513,6.6860052882849565
1767868062.893299,1767868062893309844,Sr02_gA_IMG1_LID0_STA1_CFC64_OH0,0108_1126,A,0.48156002163887024,0.4615557789802551,0.5,0.5,-26.357816981466303,6.834510210913752,2.214590391344393,6.65375486221687
1767868063.008399,1767868063008407061,Sr02_gA_IMG1_LID0_STA1_CFC64_OH0,0108_1126,A,0.494957834482193,0.3921729326248169,0.5,0.5,-26.405118844473357,6.892688345454279,2.29236342276136,6.60213757637509
1767868063.1248026,1767868063124810142,Sr02_gA_IMG1_LID0_STA1_CFC64_OH0,0108_1126,A,0.49579450488090515,0.3834784924983978,0.5,0.5,-26.438976570560307,6.92947470123554,2.337160739285616,6.565792464195826
1767868063.2462983,1767868063246307651,Sr02_gA_IMG1_LID0_STA1_CFC64_OH0,0108_1126,A,0.48206838965415955,0.4329223334789276,0.5,0.5,-26.474423894176734,6.964732307275404,2.3804432009288394,6.528136302747071
1767868063.3661625,1767868063366170946,Sr02_gA_IMG1_LID0_STA1_CFC64_OH0,0108_1126,A,0.4932813048362732,0.23274831473827362,0.5,0.5,-26.530065120868027,7.014917917957529,2.4318239675732594,6.469647002829295
1767868063.485175,1767868063485182701,Sr02_gA_IMG1_LID0_STA1_CFC64_OH0,0108_1126,A,0.5037177205085754,0.38673874735832214,0.5,0.5,-26.568505075132006,7.046889102489182,2.4637934619298396,6.429574285066251
1767868063.60131,1767868063601317841,Sr02_gA_IMG1_LID0_STA1_CFC64_OH0,0108_1126,A,0.5004470348358154,0.38483595848083496,0.5,0.5,-26.607946954567925,7.0773744951067785,2.505882967441753,6.388708738573429
1767868063.7121315,1767868063712140965,Sr02_gA_IMG1_LID0_STA1_CFC64_OH0,0108_1126,A,0.4953162670135498,0.4574575126171112,0.5,0.5,-26.66964984436752,7.119989873682329,2.5667034226438736,6.325236622080762
1767868063.8311636,1767868063831171504,Sr02_gA_IMG1_LID0_STA1_CFC64_OH0,0108_1126,A,0.4903855323791504,0.1966533213853836,0.5,0.0,-26.71212340276119,7.146365811608607,2.6050512246817203,6.281797868466576
1767868063.94985,1767868063949860115,Sr02_gA_IMG1_LID0_STA1_CFC64_OH0,0108_1126,A,0.4881569445133209,0.17809751629829407,0.5,0.0,-26.755611060791825,7.171001993694763,2.647766973116617,6.237499321816452
1767868064.068227,1767868064068234921,Sr02_gA_IMG1_LID0_STA1_CFC64_OH0,0108_1126,A,0.48244115710258484,-0.021400034427642822,0.5,0.0,-26.82236234761576,7.204783970690369,2.6922623212513908,6.169779713667468
1767868064.18857,1767868064188577455,Sr02_gA_IMG1_LID0_STA1_CFC64_OH0,0108_1126,A,0.5127716064453125,0.1685219258069992,0.5,0.0,-26.867572469388985,7.225680262354843,2.7272543849717685,6.124054318192674
1767868064.3115363,1767868064311545505,Sr02_gA_IMG1_LID0_STA1_CFC64_OH0,0108_1126,A,0.513891339302063,0.16341522336006165,0.5,0.0,-26.913718245837654,7.244922354290484,2.7657759853972865,6.0774917118735905
1767868064.431378,1767868064431386632,Sr02_gA_IMG1_LID0_STA1_CFC64_OH0,0108_1126,A,0.5090704560279846,0.10864387452602386,0.5,0.0,-26.98428347813717,7.270182273410661,2.8318276592515317,6.00646436726397
1767868064.5478344,1767868064547842955,Sr02_gA_IMG1_LID0_STA1_CFC64_OH0,0108_1126,A,0.4900098741054535,0.0032958497758954763,0.5,0.0,-27.031816063720623,7.2846051452255685,2.858474266076803,5.958711735908425
1767868064.6627104,1767868064662717602,Sr02_gA_IMG1_LID0_STA1_CFC64_OH0,0108_1126,A,0.48868128657341003,-0.004986595828086138,0.5,0.0,-27.10407448530538,7.304563342514025,2.884403342038545,5.886201586440919
1767868064.779122,1767868064779130834,Sr02_gA_IMG1_LID0_STA1_CFC64_OH0,0108_1126,A,0.4887559413909912,-0.005187352653592825,0.5,0.0,-27.15227626431508,7.317197696293712,2.884484563448065,5.8378725866343455
1767868064.8988905,1767868064898899235,Sr02_gA_IMG1_LID0_STA1_CFC64_OH0,0108_1126,A,0.46990880370140076,0.3435860574245453,0.5,0.5,-27.200462960698424,7.329644920993677,2.896066267634252,5.789585456283757
1767868065.014265,1767868065014273947,Sr02_gA_IMG1_LID0_STA1_CFC64_OH0,0108_1126,A,0.49845436215400696,0.11585456132888794,0.5,0.0,-27.273432180180695,7.346971455261101,2.920731715535999,5.71651874148077
1767868065.1352296,1767868065135238246,Sr02_gA_IMG1_LID0_STA1_CFC64_OH0,0108_1126,A,0.49783456325531006,0.11592548340559006,0.5,0.0,-27.32226595004302,7.3576513990968,2.9317199179281634,5.667650005875276
1767868065.2546937,1767868065254701360,Sr02_gA_IMG1_LID0_STA1_CFC64_OH0,0108_1126,A,0.4915124475955963,0.08125316351652145,0.5,0.0,-27.371132812385717,7.367956154944299,2.9341994227292285,5.618768067145381
1767868065.371723,1767868065371730165,Sr02_gA_IMG1_LID0_STA1_CFC64_OH0,0108_1126,A,0.5118142366409302,0.0951896533370018,0.5,0.0,-27.444523307364133,7.383410421079006,2.9336979064308037,5.54539035683659
1767868065.4983428,1767868065498350292,Sr02_gA_IMG1_LID0_STA1_CFC64_OH0,0108_1126,A,0.5018600225448608,0.12126046419143677,0.5,0.0,-27.493444005785403,7.393743130931926,2.9331791720566374,5.496502634195308
1767868065.6173642,1767868065617372151,Sr02_gA_IMG1_LID0_STA1_CFC64_OH0,0108_1126,A,0.5016893744468689,0.11958698183298111,0.5,0.0,-27.565921565629683,7.408412500861482,2.957905820666499,5.424106772477363
1767868065.735117,1767868065735125620,Sr02_gA_IMG1_LID0_STA1_CFC64_OH0,0108_1126,A,0.47511059045791626,0.052298322319984436,0.5,0.0,-27.614817727036137,7.41714525515096,2.970771089374988,5.375279491026702
1767868065.854724,1767868065854732041,Sr02_gA_IMG1_LID0_STA1_CFC64_OH0,0108_1126,A,0.47610753774642944,0.1742822825908661,0.5,0.0,-27.664138157665533,7.425359072973602,2.982363618704152,5.326038231956822
1767868065.970706,1767868065970712848,Sr02_gA_IMG1_LID0_STA1_CFC64_OH0,0108_1126,A,0.47562655806541443,0.174244686961174,0.5,0.0,-27.73826744347865,7.436750970444253,2.995384402067256,5.2520428938304775
1767868066.0902982,1767868066090306127,Sr02_gA_IMG1_LID0_STA1_CFC64_OH0,0108_1126,A,0.5078728199005127,0.1291968673467636,0.5,0.0,-27.78776789291534,7.443799821988996,3.0049033488628902,5.202640072470735
1767868066.207721,1767868066207728220,Sr02_gA_IMG1_LID0_STA1_CFC64_OH0,0108_1126,A,0.47539815306663513,0.028630362823605537,0.5,0.0,-27.83734000048625,7.450324816982336,3.0167686478175884,5.153169036642889
1767868066.3292217,1767868066329230036,Sr02_gA_IMG1_LID0_STA1_CFC64_OH0,0108_1126,A,0.48409125208854675,0.15478840470314026,0.5,0.0,-27.911836609120197,7.458991033407519,3.034756871422469,5.078823942168808
1767868066.4465756,1767868066446584432,Sr02_gA_IMG1_LID0_STA1_CFC64_OH0,0108_1126,A,0.4831283688545227,0.15468133985996246,0.5,0.0,-27.961552747641782,7.464178444247262,3.0402568574667708,5.0292086541604055
1767868066.5674658,1767868066567474735,Sr02_gA_IMG1_LID0_STA1_CFC64_OH0,0108_1126,A,0.4556570053100586,0.19990597665309906,0.5,0.0,-28.03613660799062,7.471062965891658,3.062010459134711,4.954771875531922
1767868066.6878793,1767868066687888107,Sr02_gA_IMG1_LID0_STA1_CFC64_OH0,0108_1126,A,0.5036754012107849,0.02719963528215885,0.5,0.0,-28.086010462492197,7.474603454097026,3.079434899333793,4.904981708537606
1767868066.8053417,1767868066805350094,Sr02_gA_IMG1_LID0_STA1_CFC64_OH0,0108_1126,A,0.505025327205658,0.028552480041980743,0.5,0.0,-28.13592435790961,7.477384972023831,3.092384256705684,4.855139135934718
1767868066.9231625,1767868066923170031,Sr02_gA_IMG1_LID0_STA1_CFC64_OH0,0108_1126,A,0.504106342792511,0.021150898188352585,0.5,0.0,-28.210792172195706,7.4807121964115275,3.1000009644145767,4.780364678911267
1767868067.0456975,1767868067045707182,Sr02_gA_IMG1_LID0_STA1_CFC64_OH0,0108_1126,A,0.48452597856521606,-0.009871022775769234,0.5,0.0,-28.260671481699827,7.482452599438764,3.1143210494603917,4.730539269439099
1767868067.1625412,1767868067162549715,Sr02_gA_IMG1_LID0_STA1_CFC64_OH0,0108_1126,A,0.5195930600166321,-0.025438571348786354,0.5,0.0,-28.335649146993813,7.483624048838705,3.1383079568789745,4.655610879817584
1767868067.2792253,1767868067279234052,Sr02_gA_IMG1_LID0_STA1_CFC64_OH0,0108_1126,A,0.5212491154670715,-0.02479041926562786,0.5,0.0,-28.38564718530933,7.483288527884147,-3.124886789870608,4.605619420596511
1767868067.39417,1767868067394178758,Sr02_gA_IMG1_LID0_STA1_CFC64_OH0,0108_1126,A,0.513075053691864,0.007761212531477213,0.5,0.0,-28.435489576394264,7.48224237221084,-3.1186628652828023,4.555766338778715
1767868067.5155156,1767868067515523623,Sr02_gA_IMG1_LID0_STA1_CFC64_OH0,0108_1126,A,0.5052860975265503,0.0001665898598730564,0.5,0.0,-28.48547475469692,7.481025839851597,-3.1158346798029557,4.505766358877342
1767868067.6276002,1767868067627608596,Sr02_gA_IMG1_LID0_STA1_CFC64_OH0,0108_1126,A,0.5054274201393127,0.0005302899517118931,0.5,0.0,-28.56044626742471,7.478960291983363,-3.1124399975077024,4.430766774680417
1767868067.75044,1767868067750447303,Sr02_gA_IMG1_LID0_STA1_CFC64_OH0,0108_1126,A,0.4953796863555908,-0.008340839296579361,0.5,0.0,-28.61042530585765,7.477512802750954,-3.113116855730738,4.380767316489491
1767868067.8714468,1767868067871454788,Sr02_gA_IMG1_LID0_STA1_CFC64_OH0,0108_1126,A,0.4916154742240906,0.01771104894578457,0.5,0.0,-28.685398207658505,7.475498641650481,-3.1166147916649325,4.305767615263229
1767868067.9883952,1767868067988403098,Sr02_gA_IMG1_LID0_STA1_CFC64_OH0,0108_1126,A,0.5163090825080872,-0.01645630970597267,0.5,0.0,-28.735384104625787,7.474311836356456,-3.119093829674909,4.255767637824685
1767868068.1055717,1767868068105579828,Sr02_gA_IMG1_LID0_STA1_CFC64_OH0,0108_1126,A,0.5165636539459229,-0.016289377585053444,0.5,0.0,-28.785371005568123,7.473167593297516,-3.1183177345996347,4.205767689568679
1767868068.2195432,1767868068219552240,Sr02_gA_IMG1_LID0_STA1_CFC64_OH0,0108_1126,A,0.5020899772644043,0.01457875408232212,0.5,0.0,-28.860350305312163,7.4714058109866714,-3.1180612652485404,4.130767717581574
1767868068.340344,1767868068340351809,Sr02_gA_IMG1_LID0_STA1_CFC64_OH0,0108_1126,A,0.5049004554748535,-0.016749702394008636,0.5,0.0,-28.910336428408822,7.470228024872561,-3.1180082364175923,4.08076773413642
1767868068.4586508,1767868068458659753,Sr02_gA_IMG1_LID0_STA1_CFC64_OH0,0108_1126,A,0.5050057768821716,-0.016551285982131958,0.5,0.0,-28.960322908489655,7.469065546882261,-3.118753601047508,4.030767766170721
1767868068.5834527,1767868068583460680,Sr02_gA_IMG1_LID0_STA1_CFC64_OH0,0108_1126,A,0.494631826877594,0.02756209298968315,0.5,0.0,-29.03530224217439,7.46730591152546,-3.1168785233546292,3.9557678146741355
1767868068.699487,1767868068699494223,Sr02_gA_IMG1_LID0_STA1_CFC64_OH0,0108_1126,A,0.4899236857891083,0.003707276191562414,0.5,0.0,-29.085287964134345,7.466111458379021,-3.1185241254888694,3.905767828206156
1767868068.8168201,1767868068816829028,Sr02_gA_IMG1_LID0_STA1_CFC64_OH0,0108_1126,A,0.5095040798187256,0.019650287926197052,0.5,0.0,-29.160269981314464,7.464470112231495,-3.120351857742175,3.8307680767537327
1767868068.9373162,1767868068937324049,Sr02_gA_IMG1_LID0_STA1_CFC64_OH0,0108_1126,A,0.5097666382789612,0.01990748755633831,0.5,0.0,-29.210257907476954,7.463371714229313,-3.1188939865493284,3.7807682310370194
1767868069.0564742,1767868069056481771,Sr02_gA_IMG1_LID0_STA1_CFC64_OH0,0108_1126,A,0.4885788857936859,0.01605912670493126,0.5,0.0,-29.26024595112698,7.462278741231933,-3.1205689300766877,3.730768404380999
1767868069.175726,1767868069175734333,Sr02_gA_IMG1_LID0_STA1_CFC64_OH0,0108_1126,A,0.5129713416099548,0.02338193729519844,0.5,0.0,-29.33522012515425,7.460794695291905,-3.122674886672275,3.655780371680722
1767868069.2956228,1767868069295631319,Sr02_gA_IMG1_LID0_STA1_CFC64_OH0,0108_1126,A,0.5132978558540344,0.02369813434779644,0.5,0.0,-29.385209808156958,7.459779972465763,-3.119918694613639,3.605780847013022
1767868069.4148607,1767868069414868391,Sr02_gA_IMG1_LID0_STA1_CFC64_OH0,0108_1126,A,0.49879977107048035,0.010334189049899578,0.5,0.0,-29.435197610307345,7.458675764436587,-3.1193094015694984,3.5557810103834173
1767868069.5272067,1767868069527214507,Sr02_gA_IMG1_LID0_STA1_CFC64_OH0,0108_1126,A,0.5120424032211304,0.06644194573163986,0.5,0.0,-29.510176943291718,7.456916464419735,-3.116678163264014,3.4807810929377223
1767868069.641099,1767868069641106762,Sr02_gA_IMG1_LID0_STA1_CFC64_OH0,0108_1126,A,0.48522910475730896,-0.0368376225233078,0.5,0.0,-29.560160149781517,7.455621116508274,-3.114687417819167,3.430781144187501
1767868069.7626114,1767868069762620218,Sr02_gA_IMG1_LID0_STA1_CFC64_OH0,0108_1126,A,0.48545095324516296,-0.03653508052229881,0.5,0.0,-29.61014089811913,7.454234057088911,-3.1130430212849647,3.380781397575808
1767868069.878415,1767868069878422372,Sr02_gA_IMG1_LID0_STA1_CFC64_OH0,0108_1126,A,0.4900662899017334,0.009054009802639484,0.5,0.0,-29.6851068719925,7.451976482750968,-3.1097554259889217,3.3057826039211595
1767868069.9957025,1767868069995710373,Sr02_gA_IMG1_LID0_STA1_CFC64_OH0,0108_1126,A,0.513856053352356,0.037023160606622696,0.5,0.0,-29.735079598075448,7.450325676695591,-3.107385616672121,3.25578447637926
1767868070.1165414,1767868070116548520,Sr02_gA_IMG1_LID0_STA1_CFC64_OH0,0108_1126,A,0.5143506526947021,0.037278249859809875,0.5,0.0,-29.785049032532008,7.448577817915334,-3.1060849107628354,3.2057873503945076
1767868070.2336624,1767868070233669781,Sr02_gA_IMG1_LID0_STA1_CFC64_OH0,0108_1126,A,0.496563196182251,0.007012280635535717,0.5,0.0,-29.859981127011434,7.445666579993606,-3.097989997667442,3.1308069768578757
1767868070.3499947,1767868070350003571,Sr02_gA_IMG1_LID0_STA1_CFC64_OH0,0108_1126,A,0.48539894819259644,-0.023269953206181526,0.5,0.0,-29.909875708865993,7.44353258969263,-3.1005792726500196,3.0808758680000587
1767868070.4683592,1767868070468367555,Sr02_gA_IMG1_LID0_STA1_CFC64_OH0,0108_1126,A,0.5021654367446899,-0.019438382238149643,0.5,0.0,-29.959837303638373,7.441574032916726,-3.1042388257862723,3.030882137793852
1767868070.5851169,1767868070585125107,Sr02_gA_IMG1_LID0_STA1_CFC64_OH0,0108_1126,A,0.5025810599327087,-0.01903516612946987,0.5,0.0,-30.03477553558513,7.438818898747307,-3.1043177844623027,2.9559002773149863
1767868070.7053757,1767868070705386487,Sr02_gA_IMG1_LID0_STA1_CFC64_OH0,0108_1126,A,0.5102567076683044,-0.009645387530326843,0.5,0.0,-30.084737237659283,7.436863098850738,-3.100615495859026,2.905906994530553
1767868070.8226404,1767868070822647399,Sr02_gA_IMG1_LID0_STA1_CFC64_OH0,0108_1126,A,0.5105385780334473,-0.0072056385688483715,0.5,0.0,-30.159665344588316,7.433582287583384,-3.09533151198338,2.8309242732639355
1767868070.9361572,1767868070936165137,Sr02_gA_IMG1_LID0_STA1_CFC64_OH0,0108_1126,A,0.5108997225761414,-0.00697022071108222,0.5,0.0,-30.209611033823315,7.431252543567957,-3.0946302786187765,2.7809396009157608
1767868071.0499969,1767868071050004607,Sr02_gA_IMG1_LID0_STA1_CFC64_OH0,0108_1126,A,0.5070657730102539,-0.005750344600528479,0.5,0.0,-30.259558590064533,7.428963399670858,-3.09695724696145,2.730954482928974
1767868071.1693993,1767868071169408167,Sr02_gA_IMG1_LID0_STA1_CFC64_OH0,0108_1126,A,0.5103718638420105,0.2563268840312958,0.5,0.5,-30.309511074173685,7.426784364579919,-3.098977716231752,2.680967277336859
1767868071.2902143,1767868071290221661,Sr02_gA_IMG1_LID0_STA1_CFC64_OH0,0108_1126,A,0.5107523202896118,0.2572329044342041,0.5,0.5,-30.384447481158414,7.423697238951259,-3.101849115407781,2.605983364774851
1767868071.4308877,1767868071430895969,Sr02_gA_IMG1_LID0_STA1_CFC64_OH0,0108_1126,A,0.504435658454895,0.04875977709889412,0.5,0.0,-30.459390636473078,7.42077803092462,-3.103341032811214,2.5309969469862996
1767868071.5469265,1767868071546939659,Sr02_gA_IMG1_LID0_STA1_CFC64_OH0,0108_1126,A,0.49078187346458435,-0.00020867004059255123,0.5,0.0,-30.50935474245785,7.418883911562027,-3.1040592415895456,2.4810054568499047
1767868071.6676273,1767868071667635273,Sr02_gA_IMG1_LID0_STA1_CFC64_OH0,0108_1126,A,0.4978810250759125,-0.005663049872964621,0.5,0.0,-30.559320174338954,7.4170250950817005,-3.1047562625707568,2.431013657565243
1767868071.7843025,1767868071784310103,Sr02_gA_IMG1_LID0_STA1_CFC64_OH0,0108_1126,A,0.498256117105484,-0.005195590201765299,0.5,0.0,-30.634208104261628,7.414285826973616,-3.1036976295986634,2.3560877155358275
1767868071.9026082,1767868071902616673,Sr02_gA_IMG1_LID0_STA1_CFC64_OH0,0108_1126,A,0.5148096680641174,-0.01410369761288166,0.5,0.0,-30.683733187260255,7.411974188412404,-3.083392090228326,2.306529008588567
1767868072.0181196,1767868072018127989,Sr02_gA_IMG1_LID0_STA1_CFC64_OH0,0108_1126,A,0.5003532767295837,-0.04349026083946228,0.5,0.0,-30.733605616074364,7.4084241668617565,-3.0576688424207394,2.256603075502266
1767868072.135404,1767868072135412892,Sr02_gA_IMG1_LID0_STA1_CFC64_OH0,0108_1126,A,0.49555066227912903,-0.02659919112920761,0.5,0.0,-30.80804548504015,7.401204194501851,-3.0388742694374935,2.182062186780496
1767868072.2531734,1767868072253181078,Sr02_gA_IMG1_LID0_STA1_CFC64_OH0,0108_1126,A,0.49514392018318176,-0.026270393282175064,0.5,0.0,-30.857770148345704,7.396074283525321,-3.0387954706895846,2.1322761123158904
1767868072.366673,1767868072366681889,Sr02_gA_IMG1_LID0_STA1_CFC64_OH0,0108_1126,A,0.5142552852630615,-0.03425682708621025,0.5,0.0,-30.907507143878096,7.390952672135998,-3.0392526831587108,2.082487487553881
1767868072.4829447,1767868072482951144,Sr02_gA_IMG1_LID0_STA1_CFC64_OH0,0108_1126,A,0.48281681537628174,-0.00034949532710015774,0.5,0.0,-30.982117828469153,7.383320848122937,-3.0400507191281196,2.00781936374913
1767868072.602935,1767868072602942304,Sr02_gA_IMG1_LID0_STA1_CFC64_OH0,0108_1126,A,0.4830324947834015,9.507429786026478e-05,0.5,0.0,-31.031863835222815,7.378287550947033,-3.041461079766162,1.95804935674869
1767868072.7201712,1767868072720181091,Sr02_gA_IMG1_LID0_STA1_CFC64_OH0,0108_1126,A,0.5088003873825073,0.025882430374622345,0.5,0.0,-31.081621506317248,7.373371209439286,-3.0452223459478267,1.908279845264951
1767868072.838592,1767868072838599863,Sr02_gA_IMG1_LID0_STA1_CFC64_OH0,0108_1126,A,0.46753641963005066,0.013504454866051674,0.5,0.0,-31.156291811749195,7.366347288470828,-3.0498878726990677,1.83361434775344
1767868072.9554965,1767868072955504465,Sr02_gA_IMG1_LID0_STA1_CFC64_OH0,0108_1126,A,0.46802327036857605,0.013677600771188736,0.5,0.0,-31.206087668801295,7.361833878959678,-3.0525149079821325,1.7838363977494367
1767868073.0771964,1767868073077206284,Sr02_gA_IMG1_LID0_STA1_CFC64_OH0,0108_1126,A,0.5055564641952515,0.0913766473531723,0.5,0.0,-31.280805865965657,7.355339321371462,-3.0568155675232567,1.709166802269874
1767868073.1937678,1767868073193776474,Sr02_gA_IMG1_LID0_STA1_CFC64_OH0,0108_1126,A,0.5566837191581726,0.06726261973381042,0.5,0.0,-31.330626365520143,7.3511064137533015,-3.056850519009987,1.6593940874822337
1767868073.3066137,1767868073306622114,Sr02_gA_IMG1_LID0_STA1_CFC64_OH0,0108_1126,A,0.5270885229110718,0.0016985592665150762,0.5,0.0,-31.380446918921912,7.346874139927671,-3.056841011935936,1.6096353973766824
1767868073.424271,1767868073424278844,Sr02_gA_IMG1_LID0_STA1_CFC64_OH0,0108_1126,A,0.5280742645263672,0.0017073550261557102,0.5,0.0,-31.45516835570582,7.340416600660509,-3.0535981924581947,1.5350383353496235
1767868073.541824,1767868073541833013,Sr02_gA_IMG1_LID0_STA1_CFC64_OH0,0108_1126,A,0.5143095254898071,-0.10061539709568024,0.5,0.0,-31.50497191968511,7.33598892430924,-3.052247746543306,1.4853431224278848
1767868073.656819,1767868073656827118,Sr02_gA_IMG1_LID0_STA1_CFC64_OH0,0108_1126,A,0.32915323972702026,0.11405417323112488,0.5,0.0,-31.554769419914113,7.331493564019584,-3.050879988835721,1.4356770011631177
1767868073.7733753,1767868073773383362,Sr02_gA_IMG1_LID0_STA1_CFC64_OH0,0108_1126,A,0.32880884408950806,0.1145019680261612,0.5,0.0,-31.60452177812352,7.326855300894597,-3.0446225770588304,1.386084561290747
1767868073.8914115,1767868073891420163,Sr02_gA_IMG1_LID0_STA1_CFC64_OH0,0108_1126,A,0.30285391211509705,0.3276752531528473,0.5,0.5,-31.679125079002716,7.319155126296261,-3.033568622652928,1.3118037823621067
1767868074.0115345,1767868074011543403,Sr02_gA_IMG1_LID0_STA1_CFC64_OH0,0108_1126,A,0.4158083200454712,0.1066778302192688,0.5,0.0,-31.728813284863122,7.313719403731912,-3.032469139595035,1.262391474908952
1767868074.1336174,1767868074133625265,Sr02_gA_IMG1_LID0_STA1_CFC64_OH0,0108_1126,A,0.39738526940345764,-0.02633078582584858,0.5,0.0,-31.803354921025846,7.305544015123846,-3.0325896930379286,1.1883546657420334
1767868074.2521472,1767868074252155812,Sr02_gA_IMG1_LID0_STA1_CFC64_OH0,0108_1126,A,0.3969356417655945,-0.025064440444111824,0.5,0.0,-31.853030390144696,7.300337073857991,-3.0421438276677626,1.13906975270557
1767868074.3703818,1767868074370389934,Sr02_gA_IMG1_LID0_STA1_CFC64_OH0,0108_1126,A,0.4202814996242523,0.026273904368281364,0.5,0.0,-31.902522400724855,7.295360992461043,-3.0372150545656966,1.090012128679475
1767868074.4899886,1767868074489996401,Sr02_gA_IMG1_LID0_STA1_CFC64_OH0,0108_1126,A,0.2570783495903015,0.011060036718845367,0.5,0.0,-31.977032186337333,7.286907850998459,-3.019705744276353,1.0163609230520854
1767868074.6094184,1767868074609427380,Sr02_gA_IMG1_LID0_STA1_CFC64_OH0,0108_1126,A,0.259204238653183,0.010105442255735397,0.5,0.0,-32.02624028953626,7.280287082970494,-2.992974483214044,0.9679292450744849
1767868074.7295537,1767868074729562034,Sr02_gA_IMG1_LID0_STA1_CFC64_OH0,0108_1126,A,0.10995358228683472,-0.008731601759791374,0.0,0.0,-32.09018829054637,7.269837900251934,-2.9712798489398153,0.9053922757420421
1767868074.8411062,1767868074841113999,Sr02_gA_IMG1_LID0_STA1_CFC64_OH0,0108_1126,A,0.12117181718349457,-0.021634669974446297,0.0,0.0,-32.09036954312366,7.26980672864593,-2.97127991154289,0.9052156481578127
1767868074.9614172,1767868074961427857,Sr02_gA_IMG1_LID0_STA1_CFC64_OH0,0108_1126,A,0.15058469772338867,-0.01345815323293209,0.0,0.0,-32.09055079505803,7.26977555716168,-2.971279967436945,0.905039024101309
1767868075.080774,1767868075080782295,Sr02_gA_IMG1_LID0_STA1_CFC64_OH0,0108_1126,A,0.1486814022064209,-0.013566287234425545,0.0,0.0,-32.09082267183571,7.269728800146343,-2.971280037051612,0.904774094555545
1767868075.1964333,1767868075196441338,Sr02_gA_IMG1_LID0_STA1_CFC64_OH0,0108_1126,A,0.12397676706314087,-0.01668921485543251,0.0,0.0,-32.09100392234591,7.269697628928736,-2.971280074919686,0.9045974791479223
1767868075.3141363,1767868075314144070,Sr02_gA_IMG1_LID0_STA1_CFC64_OH0,0108_1126,A,0.05617551878094673,-0.03342099487781525,0.0,0.0,-32.09118517236996,7.269666457801221,-2.9712801066361716,0.9044208671216512
1767868075.4319756,1767868075431983818,Sr02_gA_IMG1_LID0_STA1_CFC64_OH0,0108_1126,A,0.05621274188160896,-0.033320244401693344,0.0,0.0,-32.09123840117903,7.269657302344449,-2.972452858510315,0.9043690010737329
1767868075.5466807,1767868075546690741,Sr02_gA_IMG1_LID0_STA1_CFC64_OH0,0108_1126,A,0.0469905287027359,-0.01787153072655201,0.0,0.0,-32.09123836481469,7.269657308513901,-2.9746162881161577,0.9043690365165492
1767868075.6613002,1767868075661309360,Sr02_gA_IMG1_LID0_STA1_CFC64_OH0,0108_1126,A,0.0032398300245404243,-0.018936827778816223,0.0,0.0,-32.09123833405629,7.269657313674898,-2.976043844801488,0.9043690665019289
1767868075.7789695,1767868075778978910,Sr02_gA_IMG1_LID0_STA1_CFC64_OH0,0108_1126,A,0.0035000089555978775,-0.01893657073378563,0.0,0.0,-32.0912383042133,7.269657318640279,-2.977397200250525,0.9043690955996214
1767868075.896106,1767868075896113841,Sr02_gA_IMG1_LID0_STA1_CFC64_OH0,0108_1126,A,-0.0010441290214657784,-0.013000305742025375,0.0,0.0,-32.09123825703236,7.269657326401292,-2.9797756176828747,0.9043691416122571
1767868076.0114298,1767868076011437447,Sr02_gA_IMG1_LID0_STA1_CFC64_OH0,0108_1126,A,0.03330768272280693,0.014672385528683662,0.0,0.0,-32.091230718057155,7.269658554072009,-2.9829232425207284,0.9043764953047091
1767868076.1295986,1767868076129606934,Sr02_gA_IMG1_LID0_STA1_CFC64_OH0,0108_1126,A,0.010003918781876564,-0.006037696730345488,0.0,0.0,-32.09123065316149,7.269658564292638,-2.9877697656718394,0.9043765586444205
1767868076.2494266,1767868076249434900,Sr02_gA_IMG1_LID0_STA1_CFC64_OH0,0108_1126,A,0.010186957195401192,-0.0061363051645457745,0.0,0.0,-32.09123062085902,7.26965856927162,-2.989556892171876,0.9043765901845584
1767868076.36772,1767868076367728539,Sr02_gA_IMG1_LID0_STA1_CFC64_OH0,0108_1126,A,-0.014227588661015034,0.0033309084828943014,0.0,0.0,-32.091230588186995,7.269658574246195,-2.9914398912739397,0.9043766220924189
1767868076.4891274,1767868076489137570,Sr02_gA_IMG1_LID0_STA1_CFC64_OH0,0108_1126,A,-0.023026619106531143,0.009253527969121933,0.0,0.0,-32.09123053964977,7.269658581519557,-2.9942209785044303,0.9043766695075084
1767868076.6077473,1767868076607755495,Sr02_gA_IMG1_LID0_STA1_CFC64_OH0,0108_1126,A,-0.022982019931077957,0.00916429702192545,0.0,0.0,-32.09123051127975,7.2696585857122145,-2.9955209839963852,0.9043766972282208
1767868076.7288122,1767868076728820453,Sr02_gA_IMG1_LID0_STA1_CFC64_OH0,0108_1126,A,0.022354429587721825,0.016475249081850052,0.0,0.0,-32.091229797438956,7.2696586907958975,-2.994056297616371,0.9043773947772843
1767868076.8506446,1767868076850653016,Sr02_gA_IMG1_LID0_STA1_CFC64_OH0,0108_1126,A,0.05501597747206688,0.0002924778964370489,0.0,0.0,-32.09122976405264,7.269658695754887,-2.994548694960416,0.9043774273966747
1767868076.9692752,1767868076969283344,Sr02_gA_IMG1_LID0_STA1_CFC64_OH0,0108_1126,A,-0.0021301908418536186,0.008162804879248142,0.0,0.0,-32.09122974038689,7.269658699252674,-2.9951623025382097,0.9043774505207411
1767868077.0877254,1767868077087732877,Sr02_gA_IMG1_LID0_STA1_CFC64_OH0,0108_1126,A,-0.002170928753912449,0.00808107852935791,0.0,0.0,-32.09122971391245,7.269658703161443,-2.9946389018407324,0.9043774763896817
1767868077.203898,1767868077203905124,Sr02_gA_IMG1_LID0_STA1_CFC64_OH0,0108_1126,A,-0.0505606047809124,0.005122309550642967,0.0,0.0,-32.0912297001139,7.269658705210431,-2.993713556596389,0.9043774898713234
1767868077.3286085,1767868077328616008,Sr02_gA_IMG1_LID0_STA1_CFC64_OH0,0108_1126,A,-0.01198770571500063,0.003589325351640582,0.0,0.0,-32.09122968633087,7.269658707270095,-2.9927971339756914,0.9043775033363474
1767868077.4457085,1767868077445716911,Sr02_gA_IMG1_LID0_STA1_CFC64_OH0,0108_1126,A,-0.012156120501458645,0.0034471203107386827,0.0,0.0,-32.0912296709199,7.269658709597156,-2.990633904328567,0.9043775183890436
1767868077.562103,1767868077562111634,Sr02_gA_IMG1_LID0_STA1_CFC64_OH0,0108_1126,A,-0.01779663935303688,-0.0034629791043698788,0.0,0.0,-32.09122965170662,7.269658712520093,-2.9906046561909245,0.9043775371532203
1767868077.68121,1767868077681218355,Sr02_gA_IMG1_LID0_STA1_CFC64_OH0,0108_1126,A,-0.007635504938662052,0.00010650511831045151,0.0,0.0,-32.0912296367659,7.26965871479813,-2.9898670910618494,0.9043775517441317
1767868077.800195,1767868077800202718,Sr02_gA_IMG1_LID0_STA1_CFC64_OH0,0108_1126,A,-0.0188734270632267,-0.005159776192158461,0.0,0.0,-32.09122961528858,7.269658718095451,-2.988682073181026,0.9043775727160653
1767868077.9180617,1767868077918069933,Sr02_gA_IMG1_LID0_STA1_CFC64_OH0,0108_1126,A,-0.018875516951084137,-0.005118845496326685,0.0,0.0,-32.091229599179826,7.269658720582259,-2.9881698467116378,0.9043775884442283
1767868078.0329502,1767868078032958892,Sr02_gA_IMG1_LID0_STA1_CFC64_OH0,0108_1126,A,-0.004175090231001377,0.003926028031855822,0.0,0.0,-32.091229573737166,7.2696587245244775,-2.987602215698468,0.9043776132841422
1767868078.1477787,1767868078147787351,Sr02_gA_IMG1_LID0_STA1_CFC64_OH0,0108_1126,A,-0.013073449023067951,0.0010652611963450909,0.0,0.0,-32.09122955654089,7.269658727196706,-2.9872575078765946,0.9043776300721654
1767868078.26589,1767868078265897472,Sr02_gA_IMG1_LID0_STA1_CFC64_OH0,0108_1126,A,-0.013049664907157421,0.0010964104440063238,0.0,0.0,-32.091229534799226,7.269658730575223,-2.9876037783721996,0.9043776512976668
1767868078.382224,1767868078382233038,Sr02_gA_IMG1_LID0_STA1_CFC64_OH0,0108_1126,A,-0.01262668427079916,0.003009908366948366,0.0,0.0,-32.091229515440666,7.269658733578861,-2.9876645174935175,0.9043776701971525
1767868078.5014608,1767868078501467811,Sr02_gA_IMG1_LID0_STA1_CFC64_OH0,0108_1126,A,-0.0180281400680542,0.005715551320463419,0.0,0.0,-32.09122948655126,7.269658738055019,-2.9882278059761167,0.9043776984021685
1767868078.6191537,1767868078619162686,Sr02_gA_IMG1_LID0_STA1_CFC64_OH0,0108_1126,A,0.027181345969438553,-0.001275420654565096,0.0,0.0,-32.09122946818934,7.269658740888628,-2.9887400789893115,0.9043777163303797
1767868078.7377613,1767868078737769256,Sr02_gA_IMG1_LID0_STA1_CFC64_OH0,0108_1126,A,0.02716018445789814,-0.0013038530014455318,0.0,0.0,-32.091229451298446,7.2696587434925215,-2.988360690063528,0.904377732822611
1767868078.851055,1767868078851063547,Sr02_gA_IMG1_LID0_STA1_CFC64_OH0,0108_1126,A,-0.01180147472769022,-0.0014924709685146809,0.0,0.0,-32.09122944067261,7.269658745134173,-2.988254169591667,0.9043777431972491
1767868078.9700615,1767868078970070324,Sr02_gA_IMG1_LID0_STA1_CFC64_OH0,0108_1126,A,-0.0260113924741745,0.007097388617694378,0.0,0.0,-32.091229431139574,7.2696587466080445,-2.988144535336454,0.9043777525048093
1767868079.0865219,1767868079086529773,Sr02_gA_IMG1_LID0_STA1_CFC64_OH0,0108_1126,A,-0.026036683470010757,0.007072949782013893,0.0,0.0,-32.09122942055318,7.269658748247281,-2.987704277962614,0.9043777628405321
1767868079.2017856,1767868079201792847,Sr02_gA_IMG1_LID0_STA1_CFC64_OH0,0108_1126,A,-8.944515138864517e-05,0.006010855548083782,0.0,0.0,-32.09122941665305,7.269658748853345,-2.9871327337100197,0.9043777666480659
1767868079.3213923,1767868079321400429,Sr02_gA_IMG1_LID0_STA1_CFC64_OH0,0108_1126,A,0.018875624984502792,-0.00833587720990181,0.0,0.0,-32.09122940916942,7.26965875001855,-2.9871903481533177,0.9043777739537702
1767868079.4371195,1767868079437127230,Sr02_gA_IMG1_LID0_STA1_CFC64_OH0,0108_1126,A,0.018853753805160522,-0.008332611992955208,0.0,0.0,-32.09122939813801,7.269658751734417,-2.9873869367856223,0.9043777847231022
1767868079.5553403,1767868079555346838,Sr02_gA_IMG1_LID0_STA1_CFC64_OH0,0108_1126,A,-0.017011187970638275,-0.00351328169927001,0.0,0.0,-32.09122939140988,7.269658752779732,-2.9875361691811393,0.904377791291523
1767868079.67472,1767868079674728870,Sr02_gA_IMG1_LID0_STA1_CFC64_OH0,0108_1126,A,-0.033274177461862564,0.0039693452417850494,0.0,0.0,-32.09122939050789,7.269658752919806,-2.986912345023406,0.9043777921721105
1767868079.7917886,1767868079791796946,Sr02_gA_IMG1_LID0_STA1_CFC64_OH0,0108_1126,A,0.02282014489173889,0.0076730879954993725,0.0,0.0,-32.09122939050753,7.2696587529198675,-2.9858615527898107,0.9043777921724636
1767868079.9090316,1767868079909041042,Sr02_gA_IMG1_LID0_STA1_CFC64_OH0,0108_1126,A,0.022786326706409454,0.007698007393628359,0.0,0.0,-32.09122939050735,7.269658752919898,-2.985260479271141,0.9043777921726368
1767868080.0230443,1767868080023051886,Sr02_gA_IMG1_LID0_STA1_CFC64_OH0,0108_1126,A,-0.01393848191946745,-0.014690116047859192,0.0,0.0,-32.0912293823054,7.269658754209925,-2.9859505746321497,0.9043778001781302
1767868080.1431046,1767868080143113430,Sr02_gA_IMG1_LID0_STA1_CFC64_OH0,0108_1126,A,-0.00034384336322546005,0.0017193512758240104,0.0,0.0,-32.09122936886651,7.269658756310282,-2.987152315571295,0.9043778132966247
1767868080.2581675,1767868080258175681,Sr02_gA_IMG1_LID0_STA1_CFC64_OH0,0108_1126,A,-0.00033696088939905167,0.0016893839929252863,0.0,0.0,-32.09122936360068,7.269658757129132,-2.9875036304027627,0.9043778184373713
1767868080.3746808,1767868080374690366,Sr02_gA_IMG1_LID0_STA1_CFC64_OH0,0108_1126,A,-0.04254116490483284,-0.0009204186499118805,0.0,0.0,-32.09122936296261,7.26965875722823,-2.987181536989247,0.9043778190603036
1767868080.4937675,1767868080493777168,Sr02_gA_IMG1_LID0_STA1_CFC64_OH0,0108_1126,A,0.0010762158781290054,0.009303870610892773,0.0,0.0,-32.09122936296292,7.269658757228184,-2.986141458361045,0.9043778190599981
1767868080.6103609,1767868080610369378,Sr02_gA_IMG1_LID0_STA1_CFC64_OH0,0108_1126,A,0.001078450120985508,0.009315800853073597,0.0,0.0,-32.09122936296271,7.269658757228219,-2.9853716702038393,0.904377819060206
1767868080.727843,1767868080727850179,Sr02_gA_IMG1_LID0_STA1_CFC64_OH0,0108_1126,A,-0.01669318974018097,-0.00428069056943059,0.0,0.0,-32.091229353109,7.269658758773999,-2.986616767606802,0.9043778286783449
1767868080.8443708,1767868080844379141,Sr02_gA_IMG1_LID0_STA1_CFC64_OH0,0108_1126,A,-0.031182635575532913,0.0028010616078972816,0.0,0.0,-32.09122934931904,7.269658759365175,-2.9868514686914196,0.9043778323780743
1767868080.958905,1767868080958928283,Sr02_gA_IMG1_LID0_STA1_CFC64_OH0,0108_1126,A,-0.024911295622587204,0.003622428048402071,0.0,0.0,-32.09122934931904,7.2696587593651785,-2.9866825417356404,0.9043778323780739
1767868081.0731192,1767868081073127703,Sr02_gA_IMG1_LID0_STA1_CFC64_OH0,0108_1126,A,-0.02489205077290535,0.003661030437797308,0.0,0.0,-32.09122934835024,7.2696587595164415,-2.9867484741005708,0.9043778333237972
1767868081.186388,1767868081186395904,Sr02_gA_IMG1_LID0_STA1_CFC64_OH0,0108_1126,A,-0.013262207619845867,0.0014926623553037643,0.0,0.0,-32.0912293479944,7.269658759571985,-2.9856595225476434,0.9043778336711613
1767868081.304706,1767868081304713531,Sr02_gA_IMG1_LID0_STA1_CFC64_OH0,0108_1126,A,-0.014700503088533878,-0.0031279167160391808,0.0,0.0,-32.09122934799409,7.269658759572036,-2.984727955345195,0.9043778336714662
1767868081.4232857,1767868081423293659,Sr02_gA_IMG1_LID0_STA1_CFC64_OH0,0108_1126,A,-0.014682789333164692,-0.003078663256019354,0.0,0.0,-32.091229347992005,7.2696587595723665,-2.9850200396876674,0.9043778336734979
1767868081.5402298,1767868081540241276,Sr02_gA_IMG1_LID0_STA1_CFC64_OH0,0108_1126,A,-0.00908921379595995,-0.0012793759815394878,0.0,0.0,-32.09122934799307,7.269658759572199,-2.9848041356122197,0.9043778336724576
1767868081.654727,1767868081654734646,Sr02_gA_IMG1_LID0_STA1_CFC64_OH0,0108_1126,A,-0.015350493602454662,-0.006384380627423525,0.0,0.0,-32.09122934799307,7.269658759572199,-2.984441904793252,0.9043778336724576
1767868081.769658,1767868081769665835,Sr02_gA_IMG1_LID0_STA1_CFC64_OH0,0108_1126,A,0.016162510961294174,-0.00430897856131196,0.0,0.0,-32.09122934799304,7.269658759572205,-2.9840761996216676,0.9043778336724851
