t_unix,t_ros_ns,run_folder,run_id,goal_id,v_pred_lin,w_pred_ang,v_cmd_lin,w_cmd_ang,x,y,yaw,dist_to_goal
1769384521.9091728,1769384521909179961,Sr02_gA_IMG1_LID0_STA1_CFC64_OH0,0126_0041,A,-0.026405204087495804,-0.006222425494343042,0.0,0.0,1.4006021637112351e-15,-2.5467519425938657e-24,-7.060442446451728e-12,33.80335215951223
1769384522.028863,1769384522028871120,Sr02_gA_IMG1_LID0_STA1_CFC64_OH0,0126_0041,A,-0.026405204087495804,-0.006222425494343042,0.0,0.0,1.4006021637112351e-15,-2.5467519425938657e-24,-7.060442446451728e-12,33.80335215951223
1769384522.1509986,1769384522151005493,Sr02_gA_IMG1_LID0_STA1_CFC64_OH0,0126_0041,A,0.04424898326396942,0.00539384875446558,0.0,0.0,1.28414277379868e-15,-2.545929687770032e-24,-7.060442485965097e-12,33.80335215951223
1769384522.2724397,1769384522272448536,Sr02_gA_IMG1_LID0_STA1_CFC64_OH0,0126_0041,A,-0.009634423069655895,-0.0066582257859408855,0.0,0.0,1.1685395338155363e-15,-2.5451134777399264e-24,-7.060442517815959e-12,33.80335215951223
1769384522.3934681,1769384522393478141,Sr02_gA_IMG1_LID0_STA1_CFC64_OH0,0126_0041,A,-0.0857740193605423,0.001912647276185453,0.0,0.0,1.0913216964040157e-15,-2.544568285638078e-24,-7.0604425060469435e-12,33.80335215951223
1769384522.5123773,1769384522512385755,Sr02_gA_IMG1_LID0_STA1_CFC64_OH0,0126_0041,A,-0.011403876356780529,0.002650022739544511,0.0,0.0,-7.253778990970099e-13,3.621645472632642e-17,-0.0001244416867740447,33.80335215951152
1769384522.6322591,1769384522632267091,Sr02_gA_IMG1_LID0_STA1_CFC64_OH0,0126_0041,A,-0.09258228540420532,-0.007352135609835386,0.0,0.0,-3.91139951357045e-09,2.0699072908489987e-12,-0.00074666901119002,33.8033521556945
1769384522.751846,1769384522751853832,Sr02_gA_IMG1_LID0_STA1_CFC64_OH0,0126_0041,A,-0.08427856862545013,-0.012528244405984879,0.0,0.0,-9.495812364102157e-09,7.975822334172899e-12,-0.0013688959912836881,33.803352150243185
1769384522.8732803,1769384522873288670,Sr02_gA_IMG1_LID0_STA1_CFC64_OH0,0126_0041,A,-0.11902211606502533,-0.016386864706873894,0.0,0.0,-1.2369252236898268e-08,1.2366871818122032e-11,-0.0011406454746827723,33.80335214743794
1769384522.9922383,1769384522992245326,Sr02_gA_IMG1_LID0_STA1_CFC64_OH0,0126_0041,A,-0.15198980271816254,0.00032771099358797073,0.0,0.0,-1.2960648613788192e-08,1.3414582227112616e-11,-0.0018064459523516889,33.80335214686054
1769384523.1234074,1769384523123414581,Sr02_gA_IMG1_LID0_STA1_CFC64_OH0,0126_0041,A,-0.2488461434841156,-0.03199335187673569,-0.5,0.0,-1.4849094489984457e-08,1.7023140900892657e-11,-0.0018723170125953797,33.80335214501675
1769384523.2506146,1769384523250622576,Sr02_gA_IMG1_LID0_STA1_CFC64_OH0,0126_0041,A,-0.24873414635658264,-0.03190978989005089,-0.5,0.0,-1.4849031328241011e-08,1.702302408244926e-11,-0.0014969528310148528,33.80335214501682
1769384523.3749366,1769384523374945764,Sr02_gA_IMG1_LID0_STA1_CFC64_OH0,0126_0041,A,-0.40658798813819885,-0.020478561520576477,-0.5,0.0,-1.9424409034583327e-08,2.728395471265151e-11,-0.0024997246576329685,33.8033521405493
1769384523.4962997,1769384523496307994,Sr02_gA_IMG1_LID0_STA1_CFC64_OH0,0126_0041,A,-0.45327699184417725,0.004709265660494566,-0.5,0.0,-3.034267932008999e-08,6.149648874050554e-11,-0.00375252542650936,33.80335212988631
1769384523.6166651,1769384523616672277,Sr02_gA_IMG1_LID0_STA1_CFC64_OH0,0126_0041,A,-0.4208127558231354,0.09291339665651321,-0.5,0.0,-4.932231253389627e-08,1.5349109768965683e-10,-0.005876245236679917,33.80335211134335
1769384523.738306,1769384523738313721,Sr02_gA_IMG1_LID0_STA1_CFC64_OH0,0126_0041,A,-0.42080116271972656,0.093028724193573,-0.5,0.0,-4.933570966551449e-08,1.5356979449070734e-10,-0.005843486272908982,33.803352111330256
1769384523.8599815,1769384523859991535,Sr02_gA_IMG1_LID0_STA1_CFC64_OH0,0126_0041,A,-0.5427772402763367,0.028545327484607697,-0.5,0.0,-0.00804465452092684,4.69078607211622e-05,-0.005829843651767863,33.795490908067045
1769384523.9829018,1769384523982910632,Sr02_gA_IMG1_LID0_STA1_CFC64_OH0,0126_0041,A,-0.5038111805915833,0.05965525284409523,-0.5,0.0,-0.05260069393903545,0.0003075511341766793,-0.005874127249309401,33.751952045789906
1769384524.1026819,1769384524102691597,Sr02_gA_IMG1_LID0_STA1_CFC64_OH0,0126_0041,A,-0.4157446622848511,-0.0933331772685051,-0.5,0.0,-0.10103368111070472,0.0006091964411413112,-0.007046648005047527,33.70462375442153
1769384524.2231498,1769384524223157470,Sr02_gA_IMG1_LID0_STA1_CFC64_OH0,0126_0041,A,-0.4150789976119995,-0.09265968948602676,-0.5,0.0,-0.17599919608277192,0.0011575979099548977,-0.006086801566606184,33.63135645464578
1769384524.344837,1769384524344844920,Sr02_gA_IMG1_LID0_STA1_CFC64_OH0,0126_0041,A,-0.5513925552368164,-0.2331974357366562,-0.5,-0.5,-0.22598995038663322,0.001231131930532655,0.003172348019970007,33.582566442600765
1769384524.47074,1769384524470747588,Sr02_gA_IMG1_LID0_STA1_CFC64_OH0,0126_0041,A,-0.5307472348213196,0.11331482976675034,-0.5,0.0,-0.27598823711886605,0.0008400034190802269,0.012474047400193354,33.53387474251631
1769384524.5907438,1769384524590751692,Sr02_gA_IMG1_LID0_STA1_CFC64_OH0,0126_0041,A,-0.5288622975349426,0.1150599792599678,-0.5,0.0,-0.35096561002513305,-0.00046927010978733676,0.020525318671017274,33.46102317050557
1769384524.7112887,1769384524711295260,Sr02_gA_IMG1_LID0_STA1_CFC64_OH0,0126_0041,A,-0.47648894786834717,-0.0683513954281807,-0.5,0.0,-0.40095171765063997,-0.0016445634886703433,0.026490824823401517,33.412526282041185
1769384524.830313,1769384524830320543,Sr02_gA_IMG1_LID0_STA1_CFC64_OH0,0126_0041,A,-0.45668068528175354,-0.4028613269329071,-0.5,-0.5,-0.475796340051219,-0.003567573631412868,0.020076216037560428,33.33995588826514
1769384524.9523716,1769384524952380755,Sr02_gA_IMG1_LID0_STA1_CFC64_OH0,0126_0041,A,-0.49147000908851624,-0.510471761226654,-0.5,-0.5,-0.5257902007067184,-0.004339382308089945,0.010803531318325447,33.29137322404517
1769384525.0743756,1769384525074384669,Sr02_gA_IMG1_LID0_STA1_CFC64_OH0,0126_0041,A,-0.4939935505390167,-0.5164328217506409,-0.5,-0.5,-0.6006243217054786,-0.004126023463203579,-0.019270375602479364,33.21835543583893
1769384525.1984305,1769384525198438278,Sr02_gA_IMG1_LID0_STA1_CFC64_OH0,0126_0041,A,-0.4831100106239319,-0.3148793578147888,-0.5,-0.5,-0.6500218304319416,-0.00300193116778954,-0.021667255977051214,33.16994270893089
1769384525.3173363,1769384525317343324,Sr02_gA_IMG1_LID0_STA1_CFC64_OH0,0126_0041,A,-0.4998742640018463,-0.39347103238105774,-0.5,-0.5,-0.724965777470243,-0.002011778735268177,-0.005651640335469182,33.09665780235062
1769384525.4395607,1769384525439569416,Sr02_gA_IMG1_LID0_STA1_CFC64_OH0,0126_0041,A,-0.442786306142807,-0.4075620472431183,-0.5,-0.5,-0.774820172929662,-0.0016370532899620859,-0.010696379318822224,33.047974520709566
1769384525.559542,1769384525559550115,Sr02_gA_IMG1_LID0_STA1_CFC64_OH0,0126_0041,A,-0.44528430700302124,-0.414858341217041,-0.5,-0.5,-0.82437433728332,-0.0007503714769920678,-0.028996252273393516,32.99947301182749
1769384525.6820924,1769384525682101378,Sr02_gA_IMG1_LID0_STA1_CFC64_OH0,0126_0041,A,-0.44023826718330383,-0.4959911108016968,-0.5,-0.5,-0.8981739875984154,0.0036238919714562355,-0.0949282207087306,32.926563480834496
1769384525.801879,1769384525801887341,Sr02_gA_IMG1_LID0_STA1_CFC64_OH0,0126_0041,A,-0.41998982429504395,-0.36286911368370056,-0.5,-0.5,-0.9478043993856926,0.00964605271817759,-0.14657142956389982,32.87684435429985
1769384525.9199321,1769384525919940274,Sr02_gA_IMG1_LID0_STA1_CFC64_OH0,0126_0041,A,-0.4285258650779724,-0.3911987245082855,-0.5,-0.5,-1.0215344876759296,0.022869180427650543,-0.2024309416603399,32.80202569518023
1769384526.037692,1769384526037703542,Sr02_gA_IMG1_LID0_STA1_CFC64_OH0,0126_0041,A,-0.47241032123565674,-0.39093345403671265,-0.5,-0.5,-1.0702824498598122,0.03381410154795499,-0.24036913675840316,32.752064803655365
1769384526.1589074,1769384526158914523,Sr02_gA_IMG1_LID0_STA1_CFC64_OH0,0126_0041,A,-0.4680975079536438,-0.49737170338630676,-0.5,-0.5,-1.1185907162266506,0.04669687199784251,-0.2809843529595011,32.70209835229882
1769384526.2855918,1769384526285601705,Sr02_gA_IMG1_LID0_STA1_CFC64_OH0,0126_0041,A,-0.43543165922164917,-0.4450502097606659,-0.5,-0.5,-1.189951926220994,0.06970179605059298,-0.3432893183620156,32.627398198870786
1769384526.4071946,1769384526407201938,Sr02_gA_IMG1_LID0_STA1_CFC64_OH0,0126_0041,A,-0.4426405727863312,-0.45725536346435547,-0.5,-0.5,-1.2365767803334844,0.08767132397956266,-0.3926353558432578,32.57793530552986
1769384526.5266693,1769384526526677075,Sr02_gA_IMG1_LID0_STA1_CFC64_OH0,0126_0041,A,-0.47399821877479553,-0.4720062017440796,-0.5,-0.5,-1.3049373136512656,0.11843225269963986,-0.45033619474674175,32.50443123464926
1769384526.6418376,1769384526641845932,Sr02_gA_IMG1_LID0_STA1_CFC64_OH0,0126_0041,A,-0.5182499885559082,-0.40313389897346497,-0.5,-0.5,-1.3495213385251965,0.14105849719763716,-0.48917268401256253,32.45592491323818
1769384526.765232,1769384526765239479,Sr02_gA_IMG1_LID0_STA1_CFC64_OH0,0126_0041,A,-0.5052199363708496,-0.46982812881469727,-0.5,-0.5,-1.3931869435426902,0.16541001229267366,-0.5282686132618093,32.407934895192646
1769384526.8829973,1769384526883004048,Sr02_gA_IMG1_LID0_STA1_CFC64_OH0,0126_0041,A,-0.5190930962562561,-0.4870448112487793,-0.5,-0.5,-1.4566201627630408,0.2052619081672359,-0.5971420471682516,32.3372381760078
1769384527.002482,1769384527002490166,Sr02_gA_IMG1_LID0_STA1_CFC64_OH0,0126_0041,A,-0.5517390370368958,-0.5464026927947998,-0.5,-0.5,-1.4973008691923682,0.2343248918217411,-0.6426934614494832,32.29113437088357
1769384527.1286356,1769384527128643381,Sr02_gA_IMG1_LID0_STA1_CFC64_OH0,0126_0041,A,-0.6136812567710876,-0.502693772315979,-0.5,-0.5,-1.5557598929863776,0.28128597023214824,-0.7110375507185112,32.22375873860862
1769384527.247604,1769384527247612134,Sr02_gA_IMG1_LID0_STA1_CFC64_OH0,0126_0041,A,-0.6070272326469421,-0.5016793608665466,-0.5,-0.5,-1.5928648279078093,0.314793585258476,-0.7580905824324838,32.18020008974954
1769384527.372556,1769384527372564181,Sr02_gA_IMG1_LID0_STA1_CFC64_OH0,0126_0041,A,-0.5184724926948547,-0.4831579327583313,-0.5,-0.5,-1.62844667396344,0.34991608723388634,-0.7990926742970962,32.137793612164096
1769384527.4949753,1769384527494983263,Sr02_gA_IMG1_LID0_STA1_CFC64_OH0,0126_0041,A,-0.5982472896575928,-0.6501837372779846,-0.5,-0.5,-1.6789352127972492,0.40531871340427983,-0.8666986162473557,32.076449691917865
1769384527.6153092,1769384527615317645,Sr02_gA_IMG1_LID0_STA1_CFC64_OH0,0126_0041,A,-0.602643609046936,-0.467454195022583,-0.5,-0.5,-1.7103618608779434,0.4442015039771501,-0.9154030220856397,32.03734428711273
1769384527.7356396,1769384527735646857,Sr02_gA_IMG1_LID0_STA1_CFC64_OH0,0126_0041,A,-0.5888321399688721,-0.4612202048301697,-0.5,-0.5,-1.7536564863867041,0.5053971685556446,-0.9959195066869015,31.98188212428174
1769384527.8590903,1769384527859098191,Sr02_gA_IMG1_LID0_STA1_CFC64_OH0,0126_0041,A,-0.5278458595275879,-0.46123209595680237,-0.5,-0.5,-1.779777104163725,0.5480256412877278,-1.0461888399111916,31.947239550197768
1769384527.9748945,1769384527974902692,Sr02_gA_IMG1_LID0_STA1_CFC64_OH0,0126_0041,A,-0.512072741985321,-0.5639730095863342,-0.5,-0.5,-1.8148662763953793,0.6142910017974721,-1.121255427251277,31.898858843320337
1769384528.0957077,1769384528095715533,Sr02_gA_IMG1_LID0_STA1_CFC64_OH0,0126_0041,A,-0.7096298336982727,-0.23169203102588654,-0.5,-0.5,-1.8354977539496808,0.6598306066485585,-1.1695711580601151,31.869074604996626
1769384528.2144737,1769384528214480652,Sr02_gA_IMG1_LID0_STA1_CFC64_OH0,0126_0041,A,-0.6789999604225159,-0.18673402070999146,-0.5,-0.5,-1.8537180219597285,0.7062005288919474,-1.2266595426924964,31.84152498121935
1769384528.3320935,1769384528332101078,Sr02_gA_IMG1_LID0_STA1_CFC64_OH0,0126_0041,A,-0.21224908530712128,-0.2809765636920929,0.0,-0.5,-1.87620907717637,0.7776923712309325,-1.3015068205882185,31.80463467798534
1769384528.4562836,1769384528456292001,Sr02_gA_IMG1_LID0_STA1_CFC64_OH0,0126_0041,A,0.2942531108856201,-0.32516852021217346,0.5,-0.5,-1.8883953954648705,0.8261800012431385,-1.3476287752473333,31.782692876092916
1769384528.5783675,1769384528578374880,Sr02_gA_IMG1_LID0_STA1_CFC64_OH0,0126_0041,A,0.40799930691719055,-0.3589247167110443,0.5,-0.5,-1.9024496676658502,0.899826234539181,-1.4171787756892213,31.753849409369003
1769384528.6997058,1769384528699714121,Sr02_gA_IMG1_LID0_STA1_CFC64_OH0,0126_0041,A,0.3307029902935028,-0.15540535748004913,0.5,-0.5,-1.9087272513436029,0.9493715002369923,-1.472876454487012,31.73764163192485
1769384528.8239918,1769384528824000063,Sr02_gA_IMG1_LID0_STA1_CFC64_OH0,0126_0041,A,0.28878676891326904,-0.15462137758731842,0.5,-0.5,-1.9124578835194703,0.9989505404751496,-1.5127390138289167,31.723992454256457
1769384528.944501,1769384528944508721,Sr02_gA_IMG1_LID0_STA1_CFC64_OH0,0126_0041,A,0.2025744765996933,-0.2816982567310333,0.5,-0.5,-1.9156944537032077,1.0738666523775122,-1.5416892641493887,31.7058574740995
1769384529.0639322,1769384529063940293,Sr02_gA_IMG1_LID0_STA1_CFC64_OH0,0126_0041,A,0.2354501634836197,-0.2865599989891052,0.5,-0.5,-1.9165324344632202,1.1129853152544797,-1.5576483107463033,31.697289651804308
1769384529.1844869,1769384529184495708,Sr02_gA_IMG1_LID0_STA1_CFC64_OH0,0126_0041,A,0.17351305484771729,-0.2933049201965332,0.0,-0.5,-1.9166837617508423,1.1356857881191924,-1.57493841032926,31.692667255734666
1769384529.305317,1769384529305323956,Sr02_gA_IMG1_LID0_STA1_CFC64_OH0,0126_0041,A,0.4348439574241638,-0.5262221693992615,0.5,-0.5,-1.9167609680915971,1.1277967008196363,-1.582987794389895,31.694144654523583
1769384529.4291549,1769384529429163116,Sr02_gA_IMG1_LID0_STA1_CFC64_OH0,0126_0041,A,0.45351922512054443,-0.3888402581214905,0.5,-0.5,-1.9171602143392272,1.1026035397275038,-1.5893356971265509,31.698725615706298
1769384529.5570273,1769384529557035483,Sr02_gA_IMG1_LID0_STA1_CFC64_OH0,0126_0041,A,0.4578258693218231,-0.39498472213745117,0.5,-0.5,-1.9187309874675575,1.0357952198461604,-1.6014933130153715,31.71046562986416
1769384529.6825607,1769384529682573529,Sr02_gA_IMG1_LID0_STA1_CFC64_OH0,0126_0041,A,0.4485645890235901,-0.4275944232940674,0.5,-0.5,-1.9208553819196716,0.9859920492062041,-1.6270625653369992,31.718372231619266
1769384529.8010716,1769384529801080451,Sr02_gA_IMG1_LID0_STA1_CFC64_OH0,0126_0041,A,0.49804964661598206,-0.535114586353302,0.5,-0.5,-1.9266711098396825,0.9112236497565586,-1.6699006391068605,31.727814162701552
1769384529.9199426,1769384529919951528,Sr02_gA_IMG1_LID0_STA1_CFC64_OH0,0126_0041,A,0.5037980079650879,-0.5364882946014404,0.5,-0.5,-1.9314373195304846,0.8688038133349048,-1.6966265089242305,31.731813055248466
1769384530.0422757,1769384530042284495,Sr02_gA_IMG1_LID0_STA1_CFC64_OH0,0126_0041,A,0.5035269856452942,-0.4485005736351013,0.5,-0.5,-1.9398652499663245,0.8109035270491758,-1.7338955518721404,31.73548228311672
1769384530.1636143,1769384530163624004,Sr02_gA_IMG1_LID0_STA1_CFC64_OH0,0126_0041,A,0.4974936246871948,-0.4078834652900696,0.5,-0.5,-1.9486152998331188,0.7628288325884848,-1.7691937413101861,31.7368965662816
1769384530.2908406,1769384530290846647,Sr02_gA_IMG1_LID0_STA1_CFC64_OH0,0126_0041,A,0.47015541791915894,-0.4285973906517029,0.5,-0.5,-1.9655576441367,0.6897788298693873,-1.828909209416551,31.735624638444552
1769384530.4138806,1769384530413887755,Sr02_gA_IMG1_LID0_STA1_CFC64_OH0,0126_0041,A,0.47717881202697754,-0.43563511967658997,0.5,-0.5,-1.9793499897769662,0.6417227175557136,-1.8716685972091816,31.73229790837753
1769384530.5354886,1769384530535497853,Sr02_gA_IMG1_LID0_STA1_CFC64_OH0,0126_0041,A,0.4663245677947998,-0.45590248703956604,0.5,-0.5,-2.0042509915770053,0.5710896218779383,-1.9496284845070748,31.72302926291486
1769384530.6543818,1769384530654390589,Sr02_gA_IMG1_LID0_STA1_CFC64_OH0,0126_0041,A,0.4931180477142334,-0.5287964940071106,0.5,-0.5,-2.023979729224599,0.525152959791482,-2.003277264005654,31.713643894913094
1769384530.7773564,1769384530777364251,Sr02_gA_IMG1_LID0_STA1_CFC64_OH0,0126_0041,A,0.4944889545440674,-0.5299175977706909,0.5,-0.5,-2.045946345278395,0.480243194744592,-2.048133084724687,31.70192699657378
1769384530.901616,1769384530901624252,Sr02_gA_IMG1_LID0_STA1_CFC64_OH0,0126_0041,A,0.49979081749916077,-0.5255148410797119,0.5,-0.5,-2.082489958759698,0.41476211247429373,-2.1105340793139593,31.68057184242083
1769384531.0257149,1769384531025722909,Sr02_gA_IMG1_LID0_STA1_CFC64_OH0,0126_0041,A,0.49274808168411255,-0.5210420489311218,0.5,-0.5,-2.1090883494805333,0.37242839574747844,-2.1531866155733543,31.663953202640844
1769384531.1472027,1769384531147210826,Sr02_gA_IMG1_LID0_STA1_CFC64_OH0,0126_0041,A,0.5116406679153442,-0.5257986783981323,0.5,-0.5,-2.1523522245779465,0.3111810628337898,-2.2184614249913848,31.63537273687155
1769384531.270721,1769384531270728920,Sr02_gA_IMG1_LID0_STA1_CFC64_OH0,0126_0041,A,0.5642226934432983,-0.548688530921936,0.5,-0.5,-2.183416862925122,0.2720076679352587,-2.2640516098514856,31.61386586948928
1769384531.391003,1769384531391011149,Sr02_gA_IMG1_LID0_STA1_CFC64_OH0,0126_0041,A,0.5627056956291199,-0.5382471084594727,0.5,-0.5,-2.2334318519996077,0.2161945773390796,-2.3408186976385137,31.57772956604362
1769384531.514303,1769384531514310382,Sr02_gA_IMG1_LID0_STA1_CFC64_OH0,0126_0041,A,0.5322917103767395,-0.48250213265419006,0.5,-0.5,-2.2691739652697644,0.181238662970563,-2.393810408099468,31.550865505508128
1769384531.6332405,1769384531633248102,Sr02_gA_IMG1_LID0_STA1_CFC64_OH0,0126_0041,A,0.5367458462715149,-0.4918134808540344,0.5,-0.5,-2.3261181050714215,0.1324590432258642,-2.4726815907590147,31.506593643249303
1769384531.7560902,1769384531756097488,Sr02_gA_IMG1_LID0_STA1_CFC64_OH0,0126_0041,A,0.5224549174308777,-0.40854698419570923,0.5,-0.5,-2.366132899461075,0.1024882243636826,-2.5248333136056447,31.474558433327847
1769384531.8768542,1769384531876862004,Sr02_gA_IMG1_LID0_STA1_CFC64_OH0,0126_0041,A,0.5157979726791382,-0.38927310705184937,0.5,-0.5,-2.407662082426647,0.07465388169671582,-2.577413130947763,31.440601171166627
1769384531.9970016,1769384531997009349,Sr02_gA_IMG1_LID0_STA1_CFC64_OH0,0126_0041,A,0.5152876377105713,-0.4183986783027649,0.5,-0.5,-2.472594039987776,0.037161311578632304,-2.659029626788226,31.38618517345683
1769384532.1173494,1769384532117357541,Sr02_gA_IMG1_LID0_STA1_CFC64_OH0,0126_0041,A,0.506710946559906,-0.021884722635149956,0.5,0.0,-2.5174895368467345,0.015166089854004,-2.71295870952092,31.347688321873566
1769384532.2402363,1769384532240244166,Sr02_gA_IMG1_LID0_STA1_CFC64_OH0,0126_0041,A,0.49566134810447693,-0.005299572367221117,0.5,0.0,-2.5867881058327287,-0.013473813475366378,-2.7859845469326117,31.287076297665166
1769384532.3609025,1769384532360911398,Sr02_gA_IMG1_LID0_STA1_CFC64_OH0,0126_0041,A,0.4893340766429901,-0.01310252770781517,0.5,0.0,-2.6340689436609495,-0.029722445041233458,-2.8351658487958042,31.244978028221183
1769384532.4812584,1769384532481265951,Sr02_gA_IMG1_LID0_STA1_CFC64_OH0,0126_0041,A,0.5111128091812134,-0.034299131482839584,0.5,0.0,-2.6820576714317976,-0.04372254217243191,-2.878543482519191,31.201681043579345
1769384532.6072729,1769384532607280810,Sr02_gA_IMG1_LID0_STA1_CFC64_OH0,0126_0041,A,0.5014082789421082,-0.022178376093506813,0.5,0.0,-2.7550147728999343,-0.061061685342057914,-2.9375126087693073,31.134953220022354
1769384532.7302074,1769384532730215446,Sr02_gA_IMG1_LID0_STA1_CFC64_OH0,0126_0041,A,0.4999358654022217,-0.01544644683599472,0.5,0.0,-2.804172326639784,-0.07018151343257346,-2.9790611505202897,31.08940053671698
1769384532.8551767,1769384532855184388,Sr02_gA_IMG1_LID0_STA1_CFC64_OH0,0126_0041,A,0.502716600894928,-0.05691840127110481,0.5,0.0,-2.877725291775396,-0.0803778981864368,-3.0181994649067354,31.02043823877739
1769384532.9720469,1769384532972054628,Sr02_gA_IMG1_LID0_STA1_CFC64_OH0,0126_0041,A,0.5087919235229492,-0.010769791901111603,0.5,0.0,-2.9272324898475,-0.08648515082389467,-3.019148802056936,30.973852748855244
1769384533.088894,1769384533088900903,Sr02_gA_IMG1_LID0_STA1_CFC64_OH0,0126_0041,A,0.5144063234329224,-0.048575177788734436,0.5,0.0,-3.001678581507168,-0.09558330433544579,-3.0215159649546566,30.90379885081758
1769384533.207255,1769384533207262708,Sr02_gA_IMG1_LID0_STA1_CFC64_OH0,0126_0041,A,0.5132767558097839,-0.04706688970327377,0.5,0.0,-3.051328725205285,-0.10148757926201839,-3.0249458721430127,30.85705130283359
1769384533.3256102,1769384533325618871,Sr02_gA_IMG1_LID0_STA1_CFC64_OH0,0126_0041,A,0.4956313371658325,0.0056708939373493195,0.5,0.0,-3.1009960211034877,-0.1072459074782228,-3.0272849227552907,30.810261903651387
1769384533.449509,1769384533449516497,Sr02_gA_IMG1_LID0_STA1_CFC64_OH0,0126_0041,A,0.5060456395149231,0.005223933607339859,0.5,0.0,-3.175518379974047,-0.11569661069360512,-3.0298711678723627,30.74003049566533
1769384533.5708406,1769384533570848748,Sr02_gA_IMG1_LID0_STA1_CFC64_OH0,0126_0041,A,0.5051000714302063,0.005464630201458931,0.5,0.0,-3.225206710036872,-0.1211670836598441,-3.0346903760104618,30.693175669820626
1769384533.6920955,1769384533692105938,Sr02_gA_IMG1_LID0_STA1_CFC64_OH0,0126_0041,A,0.4891197085380554,0.016449512913823128,0.5,0.0,-3.2997811538152577,-0.12903954105341225,-3.0372977957235654,30.62278972000832
1769384533.811192,1769384533811198878,Sr02_gA_IMG1_LID0_STA1_CFC64_OH0,0126_0041,A,0.5098586082458496,-0.001119782216846943,0.5,0.0,-3.3495152981086744,-0.1341421253191096,-3.0417603262640194,30.575824839826936
1769384533.9367616,1769384533936774219,Sr02_gA_IMG1_LID0_STA1_CFC64_OH0,0126_0041,A,0.49916818737983704,-0.014091677963733673,0.5,0.0,-3.399277952881635,-0.13900764159469856,-3.0464820915461885,30.528783629940882
1769384534.0603576,1769384534060365899,Sr02_gA_IMG1_LID0_STA1_CFC64_OH0,0126_0041,A,0.4990670382976532,-0.01387852057814598,0.5,0.0,-3.4739384675459513,-0.1460171820155539,-3.0478832162312033,30.458152207799152
1769384534.1878664,1769384534187874244,Sr02_gA_IMG1_LID0_STA1_CFC64_OH0,0126_0041,A,0.4973903000354767,0.007344689220190048,0.5,0.0,-3.5237178642289044,-0.15070880135383882,-3.0473608236297145,30.411075240815798
1769384534.3087673,1769384534308781835,Sr02_gA_IMG1_LID0_STA1_CFC64_OH0,0126_0041,A,0.49597540497779846,0.0027938992716372013,0.5,0.0,-3.5983822506379113,-0.15779599934108612,-3.0465459445483547,30.34049423756905
1769384534.4303782,1769384534430385746,Sr02_gA_IMG1_LID0_STA1_CFC64_OH0,0126_0041,A,0.50669264793396,0.003918752074241638,0.5,0.0,-3.648153144718478,-0.16257692414159153,-3.0450108530004365,30.293471186326048
1769384534.5508654,1769384534550873598,Sr02_gA_IMG1_LID0_STA1_CFC64_OH0,0126_0041,A,0.5061567425727844,0.003991647623479366,0.5,0.0,-3.7228030200568414,-0.16981538950631894,-3.0451328255331003,30.222977526132187
1769384534.6880858,1769384534688093978,Sr02_gA_IMG1_LID0_STA1_CFC64_OH0,0126_0041,A,0.5030316114425659,-0.0020752958953380585,0.5,0.0,-3.7725739611907825,-0.17459583799987122,-3.046541988261098,30.175978302909876
1769384534.8073664,1769384534807374219,Sr02_gA_IMG1_LID0_STA1_CFC64_OH0,0126_0041,A,0.4971459209918976,0.015222983434796333,0.5,0.0,-3.847242796041019,-0.18163589156538504,-3.0486280262467518,30.10545280103261
1769384534.9273288,1769384534927335650,Sr02_gA_IMG1_LID0_STA1_CFC64_OH0,0126_0041,A,0.5063220262527466,-0.006917723920196295,0.5,0.0,-3.8970261176054164,-0.18628567431865461,-3.0481058065167366,30.058432909373597
1769384535.0485218,1769384535048529600,Sr02_gA_IMG1_LID0_STA1_CFC64_OH0,0126_0041,A,0.5058578252792358,-0.0067554800771176815,0.5,0.0,-3.9716971374410486,-0.19330265374029007,-3.0476754709407956,29.987935655535505
1769384535.1721492,1769384535172156524,Sr02_gA_IMG1_LID0_STA1_CFC64_OH0,0126_0041,A,0.5014127492904663,0.005287601612508297,0.5,0.0,-4.021475865376172,-0.1980013659221825,-3.0472835966139558,29.940956770468464
1769384535.2968655,1769384535296872627,Sr02_gA_IMG1_LID0_STA1_CFC64_OH0,0126_0041,A,0.5084385275840759,-0.00949368067085743,0.5,0.0,-4.096140466144087,-0.2050863155463608,-3.046686308414111,29.870519565085598
1769384535.4166834,1769384535416690687,Sr02_gA_IMG1_LID0_STA1_CFC64_OH0,0126_0041,A,0.5076280236244202,0.005023418925702572,0.5,0.0,-4.145915942878298,-0.20981934732447982,-3.046893833021797,29.823577156976484
1769384535.5386114,1769384535538619959,Sr02_gA_IMG1_LID0_STA1_CFC64_OH0,0126_0041,A,0.5076040029525757,0.005079491995275021,0.5,0.0,-4.195688292783296,-0.2145850986134675,-3.045371550404767,29.776656062347598
1769384535.6559083,1769384535655916528,Sr02_gA_IMG1_LID0_STA1_CFC64_OH0,0126_0041,A,0.46762168407440186,-0.003507216926664114,0.5,0.0,-4.270339565508315,-0.22180912208964917,-3.045521941161699,29.706319537881704
1769384535.780399,1769384535780406074,Sr02_gA_IMG1_LID0_STA1_CFC64_OH0,0126_0041,A,0.5040457844734192,-0.010031133890151978,0.5,0.0,-4.320110616449311,-0.22658846055252785,-3.0461974880990526,29.65942840381063
1769384535.8982189,1769384535898226108,Sr02_gA_IMG1_LID0_STA1_CFC64_OH0,0126_0041,A,0.5036635994911194,-0.010105106979608536,0.5,0.0,-4.39476838180775,-0.23374507399989683,-3.0456452196096437,29.589106455945547
1769384536.022251,1769384536022263844,Sr02_gA_IMG1_LID0_STA1_CFC64_OH0,0126_0041,A,0.4981328845024109,0.018989916890859604,0.5,0.0,-4.444540673617354,-0.23851146288437486,-3.0465945748133425,29.542236301410256
1769384536.1427603,1769384536142768776,Sr02_gA_IMG1_LID0_STA1_CFC64_OH0,0126_0041,A,0.5023162961006165,0.013205146417021751,0.5,0.0,-4.519199812091174,-0.24565373585567812,-3.045840513616569,29.47194779213724
1769384536.2708926,1769384536270900260,Sr02_gA_IMG1_LID0_STA1_CFC64_OH0,0126_0041,A,0.49054259061813354,0.01210678182542324,0.5,0.0,-4.568969555989745,-0.2504466703965355,-3.045332565259776,29.425112760230867
1769384536.394363,1769384536394370308,Sr02_gA_IMG1_LID0_STA1_CFC64_OH0,0126_0041,A,0.4902333617210388,0.012531999498605728,0.5,0.0,-4.618738181291641,-0.25525121009188223,-3.045511545910933,29.37829225334592
1769384536.5182157,1769384536518226562,Sr02_gA_IMG1_LID0_STA1_CFC64_OH0,0126_0041,A,0.49754953384399414,0.0043257419019937515,0.5,0.0,-4.693396773916779,-0.2623991353692733,-3.0468857304152457,29.308060390845068
1769384536.6442611,1769384536644268958,Sr02_gA_IMG1_LID0_STA1_CFC64_OH0,0126_0041,A,0.4992067813873291,0.026486394926905632,0.5,0.0,-4.7431750837907565,-0.26710225521876496,-3.0478962394038356,29.2612303600451
1769384536.7669683,1769384536766975160,Sr02_gA_IMG1_LID0_STA1_CFC64_OH0,0126_0041,A,0.4991261661052704,0.005920388735830784,0.5,0.0,-4.817843223685082,-0.27414966376002287,-3.0463272689808476,29.191002473863996
1769384536.8874593,1769384536887467808,Sr02_gA_IMG1_LID0_STA1_CFC64_OH0,0126_0041,A,0.4987770617008209,0.00603407621383667,0.5,0.0,-4.867613350042501,-0.27893859286903755,-3.0450067561558436,29.144229221147082
1769384537.0091372,1769384537009145555,Sr02_gA_IMG1_LID0_STA1_CFC64_OH0,0126_0041,A,0.4917813837528229,0.010233184322714806,0.5,0.0,-4.942257027699218,-0.2862405866269444,-3.04316877375589,29.074131821281572
1769384537.1278293,1769384537127836354,Sr02_gA_IMG1_LID0_STA1_CFC64_OH0,0126_0041,A,0.5115653872489929,0.01800454407930374,0.5,0.0,-4.9920119468232835,-0.2911850156860828,-3.0419155761811068,29.027441277174656
1769384537.2497816,1769384537249788426,Sr02_gA_IMG1_LID0_STA1_CFC64_OH0,0126_0041,A,0.49787870049476624,0.006006013602018356,0.5,0.0,-5.066635357609429,-0.29869137328524553,-3.0405773256597133,28.957458590123206
1769384537.370847,1769384537370855022,Sr02_gA_IMG1_LID0_STA1_CFC64_OH0,0126_0041,A,0.49783992767333984,0.0060411179438233376,0.5,0.0,-5.1163737332908,-0.30379942632399115,-3.0379286918135215,28.910855188754205
1769384537.4914105,1769384537491418222,Sr02_gA_IMG1_LID0_STA1_CFC64_OH0,0126_0041,A,0.5127004384994507,0.015423659235239029,0.5,0.0,-5.166101855726804,-0.30900647652721414,-3.036925318720623,28.864299379407353
1769384537.6090164,1769384537609024040,Sr02_gA_IMG1_LID0_STA1_CFC64_OH0,0126_0041,A,0.498803049325943,0.0020890142768621445,0.5,0.0,-5.24068788502533,-0.31687560226924083,-3.036025893219953,28.794508883864367
1769384537.7296934,1769384537729701174,Sr02_gA_IMG1_LID0_STA1_CFC64_OH0,0126_0041,A,0.4985734224319458,0.002125717233866453,0.5,0.0,-5.290406827642822,-0.3221695809121394,-3.0350025796745506,28.74801417228762
1769384537.8534825,1769384537853490862,Sr02_gA_IMG1_LID0_STA1_CFC64_OH0,0126_0041,A,0.468872994184494,0.011730264872312546,0.5,0.0,-5.364972132851497,-0.33023255930892087,-3.032775010585321,28.678339611180935
1769384537.9712698,1769384537971276939,Sr02_gA_IMG1_LID0_STA1_CFC64_OH0,0126_0041,A,0.5004884600639343,0.012896653264760971,0.5,0.0,-5.414674756048437,-0.33567763553927144,-3.0321744094957648,28.631930929965442
1769384538.0920753,1769384538092083516,Sr02_gA_IMG1_LID0_STA1_CFC64_OH0,0126_0041,A,0.48269766569137573,0.014396069571375847,0.5,0.0,-5.464374092173994,-0.3411526328598761,-3.031570649759157,28.58554559870171
1769384538.2155473,1769384538215555525,Sr02_gA_IMG1_LID0_STA1_CFC64_OH0,0126_0041,A,0.4824145436286926,0.014468684792518616,0.5,0.0,-5.538914273071465,-0.3494447313817791,-3.0297262381346455,28.5160205556333
1769384538.3345077,1769384538334516190,Sr02_gA_IMG1_LID0_STA1_CFC64_OH0,0126_0041,A,0.4969106912612915,0.0007849761750549078,0.5,0.0,-5.588601160244726,-0.35503158351121655,-3.029517326844996,28.469708241415177
1769384538.450841,1769384538450848923,Sr02_gA_IMG1_LID0_STA1_CFC64_OH0,0126_0041,A,0.49706730246543884,0.006881183944642544,0.5,0.0,-5.663129285170671,-0.3634314545983604,-3.029199570896397,28.400270676932383
1769384538.5724747,1769384538572482204,Sr02_gA_IMG1_LID0_STA1_CFC64_OH0,0126_0041,A,0.5031070709228516,0.0013420230243355036,0.5,0.0,-5.71281102302855,-0.36906389033304815,-3.028122598996373,28.354007126098296
1769384538.699481,1769384538699488730,Sr02_gA_IMG1_LID0_STA1_CFC64_OH0,0126_0041,A,0.5032878518104553,0.0012914221733808517,0.5,0.0,-5.7624858774936145,-0.3747567079196041,-3.026844600536678,28.307779424357594
1769384538.8225596,1769384538822566498,Sr02_gA_IMG1_LID0_STA1_CFC64_OH0,0126_0041,A,0.5046233534812927,-0.015764519572257996,0.5,0.0,-5.836983860063841,-0.3834197217839494,-3.024760165472921,28.23850971666072
1769384538.9428241,1769384538942832548,Sr02_gA_IMG1_LID0_STA1_CFC64_OH0,0126_0041,A,0.5045204758644104,-0.0002532114740461111,0.5,0.0,-5.886638765401738,-0.3892839883774011,-3.0233132994156984,28.192380694044644
1769384539.063576,1769384539063584301,Sr02_gA_IMG1_LID0_STA1_CFC64_OH0,0126_0041,A,0.5045949220657349,-0.00024368846789002419,0.5,0.0,-5.961110948487334,-0.39816616992529913,-3.022785032124136,28.12324544589967
1769384539.182812,1769384539182820773,Sr02_gA_IMG1_LID0_STA1_CFC64_OH0,0126_0041,A,0.5066540241241455,-0.002068817615509033,0.5,0.0,-6.010756780199877,-0.40410679132579047,-3.0221578814979058,28.077179515086012
1769384539.2998686,1769384539299876775,Sr02_gA_IMG1_LID0_STA1_CFC64_OH0,0126_0041,A,0.5048720240592957,-0.005562580656260252,0.5,0.0,-6.085221107111191,-0.4130546001561756,-3.0219011826163715,28.008120414775945
1769384539.4243515,1769384539424359724,Sr02_gA_IMG1_LID0_STA1_CFC64_OH0,0126_0041,A,0.493836373090744,-0.006667909678071737,0.5,0.0,-6.1348629944823205,-0.4190280997798941,-3.0217720405715354,27.962101286897312
1769384539.545939,1769384539545947047,Sr02_gA_IMG1_LID0_STA1_CFC64_OH0,0126_0041,A,0.49353066086769104,-0.006659486796706915,0.5,0.0,-6.184506601242692,-0.4249872661689399,-3.0228367994853365,27.916090197659543
1769384539.6696014,1769384539669613050,Sr02_gA_IMG1_LID0_STA1_CFC64_OH0,0126_0041,A,0.5059571266174316,-0.030719609931111336,0.5,0.0,-6.2589822396104475,-0.4338404293543925,-3.0233401314937467,27.84706554411937
1769384539.794665,1769384539794672724,Sr02_gA_IMG1_LID0_STA1_CFC64_OH0,0126_0041,A,0.496898889541626,-0.017750928178429604,0.5,0.0,-6.3086331245846425,-0.4397386752345151,-3.023364595537873,27.801064779746763
1769384539.9226696,1769384539922677346,Sr02_gA_IMG1_LID0_STA1_CFC64_OH0,0126_0041,A,0.508022129535675,-0.039322659373283386,0.5,0.0,-6.3831107856976335,-0.448574807625263,-3.0236916006585854,27.732085143229423
1769384540.0408747,1769384540040882238,Sr02_gA_IMG1_LID0_STA1_CFC64_OH0,0126_0041,A,0.5081453919410706,-0.03867762163281441,0.5,0.0,-6.4327653016867155,-0.45444240171452077,-3.024247857070086,27.686106935887306
1769384540.1644785,1769384540164487285,Sr02_gA_IMG1_LID0_STA1_CFC64_OH0,0126_0041,A,0.5225217342376709,-0.021949689835309982,0.5,0.0,-6.507253639428815,-0.4631880505797771,-3.0252147127722897,27.61714372484112
1769384540.2891529,1769384540289160020,Sr02_gA_IMG1_LID0_STA1_CFC64_OH0,0126_0041,A,0.4952766001224518,0.0018546722130849957,0.5,0.0,-6.556917352135149,-0.46897728462298244,-3.025880660363249,27.571169425528282
1769384540.411386,1769384540411394399,Sr02_gA_IMG1_LID0_STA1_CFC64_OH0,0126_0041,A,0.506466269493103,-0.008424917235970497,0.5,0.0,-6.631433485459479,-0.4774823127595679,-3.030118295622965,27.50216357522288
1769384540.5302656,1769384540530274120,Sr02_gA_IMG1_LID0_STA1_CFC64_OH0,0126_0041,A,0.5062851905822754,-0.008087540045380592,0.5,0.0,-6.681128051172389,-0.4830003889736508,-3.0318933883003996,27.45611724872063
1769384540.6483972,1769384540648406154,Sr02_gA_IMG1_LID0_STA1_CFC64_OH0,0126_0041,A,0.5091096758842468,-0.009356522932648659,0.5,0.0,-6.730835177665569,-0.4884039728784683,-3.035178480424258,27.410039913200674
1769384540.7654154,1769384540765423602,Sr02_gA_IMG1_LID0_STA1_CFC64_OH0,0126_0041,A,0.5086456537246704,-0.0013357428833842278,0.5,0.0,-6.805433748499736,-0.4961523070537425,-3.040999465772157,27.340810736677113
1769384540.8886683,1769384540888675825,Sr02_gA_IMG1_LID0_STA1_CFC64_OH0,0126_0041,A,0.5082298517227173,-0.0011808215640485287,0.5,0.0,-6.855187242809357,-0.50111098008515,-3.0433617230101317,27.29459500736064
1769384541.0129292,1769384541012937637,Sr02_gA_IMG1_LID0_STA1_CFC64_OH0,0126_0041,A,0.5067047476768494,-0.004063147585839033,0.5,0.0,-6.9298307323027615,-0.50841498765874,-3.044138503823425,27.22524502512175
1769384541.129545,1769384541129552277,Sr02_gA_IMG1_LID0_STA1_CFC64_OH0,0126_0041,A,0.5020859241485596,0.0009946194477379322,0.5,0.0,-6.979595527679521,-0.5132590227696866,-3.04498099197908,27.179018671444787
1769384541.250132,1769384541250139036,Sr02_gA_IMG1_LID0_STA1_CFC64_OH0,0126_0041,A,0.5197105407714844,0.0016214653151109815,0.5,0.0,-7.029364346844046,-0.5180615411931042,-3.045799866218124,27.13278977956048
1769384541.3734183,1769384541373425192,Sr02_gA_IMG1_LID0_STA1_CFC64_OH0,0126_0041,A,0.5191649198532104,0.001675699488259852,0.5,0.0,-7.1040253362501415,-0.5251843942922974,-3.0471779617752954,27.063440548882745
1769384541.4908261,1769384541490833945,Sr02_gA_IMG1_LID0_STA1_CFC64_OH0,0126_0041,A,0.5168092846870422,-0.022962750867009163,0.5,0.0,-7.153803318689583,-0.5298910004902264,-3.047391749651922,27.017208414561388
1769384541.6161005,1769384541616108811,Sr02_gA_IMG1_LID0_STA1_CFC64_OH0,0126_0041,A,0.5106774568557739,-0.00607951870188117,0.5,0.0,-7.228471461061339,-0.5369385380086413,-3.04760389117965,26.947880693766496
1769384541.7468884,1769384541746895974,Sr02_gA_IMG1_LID0_STA1_CFC64_OH0,0126_0041,A,0.5159690380096436,-0.01720329001545906,0.5,0.0,-7.278251725195576,-0.5416209467166615,-3.0480102046596143,26.901672992359824
1769384541.8680153,1769384541868026967,Sr02_gA_IMG1_LID0_STA1_CFC64_OH0,0126_0041,A,0.5160040259361267,-0.016805700957775116,0.5,0.0,-7.3529236729123735,-0.5486280504126924,-3.047943366155951,26.832380579966156
1769384541.9902594,1769384541990276743,Sr02_gA_IMG1_LID0_STA1_CFC64_OH0,0126_0041,A,0.5050920248031616,-0.010838938876986504,0.5,0.0,-7.402704195940051,-0.5533077090117579,-3.0477812198999956,26.78620590255268
1769384542.1123507,1769384542112358754,Sr02_gA_IMG1_LID0_STA1_CFC64_OH0,0126_0041,A,0.4967378079891205,-0.0024473131634294987,0.5,0.0,-7.47737358897145,-0.5603419826053572,-3.0477767782664826,26.71697542381742
1769384542.2292318,1769384542229239893,Sr02_gA_IMG1_LID0_STA1_CFC64_OH0,0126_0041,A,0.49631959199905396,-0.0024548517540097237,0.5,0.0,-7.527159007060567,-0.564969160260108,-3.049904221625078,26.670814996732847
1769384542.3501647,1769384542350172682,Sr02_gA_IMG1_LID0_STA1_CFC64_OH0,0126_0041,A,0.5105321407318115,0.01656493917107582,0.5,0.0,-7.576950370434081,-0.5695320255315542,-3.050512176097754,26.624643581459488
1769384542.472968,1769384542472976460,Sr02_gA_IMG1_LID0_STA1_CFC64_OH0,0126_0041,A,0.5179400444030762,-0.009182265028357506,0.5,0.0,-7.651646815444323,-0.5762727564111075,-3.052870181805173,26.55537249171985
1769384542.5943265,1769384542594333467,Sr02_gA_IMG1_LID0_STA1_CFC64_OH0,0126_0041,A,0.5191560983657837,-0.009901560842990875,0.5,0.0,-7.701453865254978,-0.5806610229115861,-3.0545547253405583,26.509168438021522
1769384542.715223,1769384542715232142,Sr02_gA_IMG1_LID0_STA1_CFC64_OH0,0126_0041,A,0.5184807181358337,-0.009773211553692818,0.5,0.0,-7.776176536594762,-0.5871046397657641,-3.056335326685172,26.439834946108515
1769384542.8413062,1769384542841314265,Sr02_gA_IMG1_LID0_STA1_CFC64_OH0,0126_0041,A,0.5168100595474243,-0.003706539049744606,0.5,0.0,-7.825995443695,-0.5913562472155055,-3.0565800593890216,26.393612901754256
1769384542.9585083,1769384542958516017,Sr02_gA_IMG1_LID0_STA1_CFC64_OH0,0126_0041,A,0.48749592900276184,-0.014768596738576889,0.5,0.0,-7.900725391550181,-0.5977150297914092,-3.056377557217905,26.32429857588446
1769384543.0813186,1769384543081326296,Sr02_gA_IMG1_LID0_STA1_CFC64_OH0,0126_0041,A,0.4985458254814148,0.017668791115283966,0.5,0.0,-7.9505404104411,-0.6020118895922467,-3.0547210663242095,26.278128583656645
1769384543.208482,1769384543208489912,Sr02_gA_IMG1_LID0_STA1_CFC64_OH0,0126_0041,A,0.4980716407299042,0.01783597283065319,0.5,0.0,-8.000353843689552,-0.6063271387070145,-3.055639271623481,26.23197973565376
1769384543.3247313,1769384543324738841,Sr02_gA_IMG1_LID0_STA1_CFC64_OH0,0126_0041,A,0.508304238319397,-0.013495689257979393,0.5,0.0,-8.075081554704873,-0.6127120807909814,-3.057094447564804,26.16274896686895
1769384543.4430037,1769384543443010554,Sr02_gA_IMG1_LID0_STA1_CFC64_OH0,0126_0041,A,0.5065767168998718,0.0020820708014070988,0.5,0.0,-8.124905213212369,-0.6169076185281668,-3.058071767149034,26.11658920036535
1769384543.5672522,1769384543567260210,Sr02_gA_IMG1_LID0_STA1_CFC64_OH0,0126_0041,A,0.49053987860679626,-0.008420255035161972,0.5,0.0,-8.199646211347066,-0.6231351632626869,-3.058749084991003,26.047350705040362
1769384543.6885123,1769384543688519983,Sr02_gA_IMG1_LID0_STA1_CFC64_OH0,0126_0041,A,0.4900006651878357,-0.007872989401221275,0.5,0.0,-8.249477766929616,-0.6272358091371657,-3.060225933784667,26.001189741746995
1769384543.8105404,1769384543810548261,Sr02_gA_IMG1_LID0_STA1_CFC64_OH0,0126_0041,A,0.49312764406204224,-0.0030446737073361874,0.5,0.0,-8.324221463202655,-0.6334306345066663,-3.0575739725511677,25.931991985950113
1769384543.9276392,1769384543927647159,Sr02_gA_IMG1_LID0_STA1_CFC64_OH0,0126_0041,A,0.4883345067501068,0.01954273320734501,0.5,0.0,-8.374041316974454,-0.637671057868368,-3.055790378220927,25.885921126358127
1769384544.0512269,1769384544051235219,Sr02_gA_IMG1_LID0_STA1_CFC64_OH0,0126_0041,A,0.48810282349586487,0.019503699615597725,0.5,0.0,-8.423857847872156,-0.6419503895836952,-3.056513288748375,25.83988009968563
1769384544.1712523,1769384544171265589,Sr02_gA_IMG1_LID0_STA1_CFC64_OH0,0126_0041,A,0.5117737650871277,0.007345619611442089,0.5,0.0,-8.4985874203305,-0.6483135847701609,-3.0565125452498423,25.770824319735556
1769384544.288257,1769384544288264668,Sr02_gA_IMG1_LID0_STA1_CFC64_OH0,0126_0041,A,0.5055789947509766,-0.0010201320983469486,0.5,0.0,-8.548408343594334,-0.6525414849882737,-3.057354561339792,25.72480003945167
1769384544.4081292,1769384544408136910,Sr02_gA_IMG1_LID0_STA1_CFC64_OH0,0126_0041,A,0.5081457495689392,0.004490109160542488,0.5,0.0,-8.62314621155936,-0.6588064446015024,-3.058509118414766,25.65576129635484
1769384544.525589,1769384544525597146,Sr02_gA_IMG1_LID0_STA1_CFC64_OH0,0126_0041,A,0.5081285238265991,0.004518262110650539,0.5,0.0,-8.672974366713666,-0.6629482579274651,-3.058813586316158,25.6097404060542
1769384544.6473575,1769384544647365925,Sr02_gA_IMG1_LID0_STA1_CFC64_OH0,0126_0041,A,0.5024119019508362,0.007580769248306751,0.5,0.0,-8.722800778803274,-0.6671109143226382,-3.0573110808745017,25.563742670323965
1769384544.7719584,1769384544771966830,Sr02_gA_IMG1_LID0_STA1_CFC64_OH0,0126_0041,A,0.47351714968681335,-0.0033656428568065166,0.5,0.0,-8.797525202322229,-0.6735339821305618,-3.0543835790114935,25.49484524875106
1769384544.8937767,1769384544893784992,Sr02_gA_IMG1_LID0_STA1_CFC64_OH0,0126_0041,A,0.4735453128814697,-0.003274971153587103,0.5,0.0,-8.84733358007325,-0.6779072047612353,-3.0536490089484287,25.448969140671945
1769384545.014006,1769384545014015047,Sr02_gA_IMG1_LID0_STA1_CFC64_OH0,0126_0041,A,0.5092602968215942,-0.0016613397747278214,0.5,0.0,-8.922042700711465,-0.6845061871625309,-3.053440849215264,25.380199881434496
1769384545.1335685,1769384545133576934,Sr02_gA_IMG1_LID0_STA1_CFC64_OH0,0126_0041,A,0.49199578166007996,-0.006311535369604826,0.5,0.0,-8.971847564889165,-0.6889192524511644,-3.0529918393604385,25.33437887783351
1769384545.258308,1769384545258316028,Sr02_gA_IMG1_LID0_STA1_CFC64_OH0,0126_0041,A,0.5055391192436218,-0.004576255101710558,0.5,0.0,-9.021650438534614,-0.6933547250497148,-3.052540576967993,25.28858274109212
1769384545.379961,1769384545379969058,Sr02_gA_IMG1_LID0_STA1_CFC64_OH0,0126_0041,A,0.5057887434959412,-0.004629775416105986,0.5,0.0,-9.096349820421807,-0.7000630071923694,-3.0514647158265915,25.21994077060237
1769384545.4994848,1769384545499491621,Sr02_gA_IMG1_LID0_STA1_CFC64_OH0,0126_0041,A,0.5082855224609375,0.007047122344374657,0.5,0.0,-9.146147634907225,-0.7045549256815936,-3.0518012711856124,25.174207620629346
1769384545.6225374,1769384545622544754,Sr02_gA_IMG1_LID0_STA1_CFC64_OH0,0126_0041,A,0.49716654419898987,-0.0012659449130296707,0.5,0.0,-9.220847140693198,-0.7112618633982403,-3.052262964835437,25.10562580617012
1769384545.7449608,1769384545744968654,Sr02_gA_IMG1_LID0_STA1_CFC64_OH0,0126_0041,A,0.5023869872093201,-0.018695617094635963,0.5,0.0,-9.270648145623664,-0.7157182728455392,-3.0524290986368974,25.059918960550604
1769384545.8588853,1769384545858892849,Sr02_gA_IMG1_LID0_STA1_CFC64_OH0,0126_0041,A,0.5021228790283203,-0.018542364239692688,0.5,0.0,-9.34535278152478,-0.7223678043718221,-3.05328282007577,24.99137519759782
1769384545.9778318,1769384545977840130,Sr02_gA_IMG1_LID0_STA1_CFC64_OH0,0126_0041,A,0.4947444796562195,-0.004902754444628954,0.5,0.0,-9.395158946645704,-0.7267661626261217,-3.053740446165294,24.945685834681868
1769384546.1023736,1769384546102381912,Sr02_gA_IMG1_LID0_STA1_CFC64_OH0,0126_0041,A,0.50684654712677,0.002765497425571084,0.5,0.0,-9.444967131047813,-0.7311415945940609,-3.0542034229087207,24.900003667883972
1769384546.2291207,1769384546229128620,Sr02_gA_IMG1_LID0_STA1_CFC64_OH0,0126_0041,A,0.5046471357345581,-0.008820878341794014,0.5,0.0,-9.51967952546307,-0.7377033798212534,-3.0534966715810175,24.831511057041478
1769384546.3518267,1769384546351835290,Sr02_gA_IMG1_LID0_STA1_CFC64_OH0,0126_0041,A,0.5043948888778687,-0.008713094517588615,0.5,0.0,-9.569485556183354,-0.7421032643752683,-3.0535401289675494,24.78588065672077
1769384546.4742336,1769384546474242507,Sr02_gA_IMG1_LID0_STA1_CFC64_OH0,0126_0041,A,0.5067501664161682,-0.0008435691706836224,0.5,0.0,-9.644203048264039,-0.7486064990229422,-3.056170157171028,24.717427046368904
1769384546.6011891,1769384546601199120,Sr02_gA_IMG1_LID0_STA1_CFC64_OH0,0126_0041,A,0.5163523554801941,-0.009041709825396538,0.5,0.0,-9.694024657403782,-0.7528262418245244,-3.058024390679522,24.67176494619685
1769384546.7182062,1769384546718218304,Sr02_gA_IMG1_LID0_STA1_CFC64_OH0,0126_0041,A,0.5161222219467163,-0.008949879556894302,0.5,0.0,-9.768765149774406,-0.7590598496967637,-3.058606453706793,24.603264070321703
1769384546.8360436,1769384546836051429,Sr02_gA_IMG1_LID0_STA1_CFC64_OH0,0126_0041,A,0.5011953115463257,-0.013974620029330254,0.5,0.0,-9.8185925039448,-0.7632112884179637,-3.0583299048713934,24.557616154945247
1769384546.9527662,1769384546952781771,Sr02_gA_IMG1_LID0_STA1_CFC64_OH0,0126_0041,A,0.5092930793762207,-0.01870349608361721,0.5,0.0,-9.868420655784876,-0.7673531256668942,-3.059096118828861,24.511981281480367
1769384547.0741978,1769384547074205798,Sr02_gA_IMG1_LID0_STA1_CFC64_OH0,0126_0041,A,0.5126554369926453,-0.02074977569282055,0.5,0.0,-9.943169627700481,-0.7734841678622576,-3.06040847013364,24.443527407493086
1769384547.1968343,1769384547196842886,Sr02_gA_IMG1_LID0_STA1_CFC64_OH0,0126_0041,A,0.5126211643218994,-0.020617466419935226,0.5,0.0,-9.993005114216341,-0.7775368170411374,-3.0604928329344916,24.397898605491022
1769384547.3230088,1769384547323015623,Sr02_gA_IMG1_LID0_STA1_CFC64_OH0,0126_0041,A,0.5140683054924011,-0.009821053594350815,0.5,0.0,-10.067761363042385,-0.7835784913988834,-3.061603137099453,24.329472271095167
1769384547.4431953,1769384547443203405,Sr02_gA_IMG1_LID0_STA1_CFC64_OH0,0126_0041,A,0.506721556186676,0.0010882767383009195,0.5,0.0,-10.117603271725748,-0.7875513562097254,-3.062499041962775,24.283853680550948
1769384547.568658,1769384547568666208,Sr02_gA_IMG1_LID0_STA1_CFC64_OH0,0126_0041,A,0.5027507543563843,-0.007613643538206816,0.5,0.0,-10.167449512336516,-0.7914694655730062,-3.0638462505126127,24.23822985579095
1769384547.691539,1769384547691550971,Sr02_gA_IMG1_LID0_STA1_CFC64_OH0,0126_0041,A,0.5024659037590027,-0.00733179273083806,0.5,0.0,-10.242229900496543,-0.797204411173058,-3.066415323301943,24.169768139339542
1769384547.8146393,1769384547814647714,Sr02_gA_IMG1_LID0_STA1_CFC64_OH0,0126_0041,A,0.5109561681747437,-0.00048552174121141434,0.5,0.0,-10.292092533408214,-0.8009080073906922,-3.0684902959116176,24.124099540984474
1769384547.9329262,1769384547932933720,Sr02_gA_IMG1_LID0_STA1_CFC64_OH0,0126_0041,A,0.5139151215553284,0.0006522799376398325,0.5,0.0,-10.366900589819082,-0.8062698627771707,-3.0715868801893302,24.055549883253605
1769384548.0561523,1769384548056160386,Sr02_gA_IMG1_LID0_STA1_CFC64_OH0,0126_0041,A,0.5139005780220032,0.00100475805811584,0.5,0.0,-10.416780181713667,-0.8097376836087606,-3.0726769561554814,24.009828061364043
1769384548.1797957,1769384548179803946,Sr02_gA_IMG1_LID0_STA1_CFC64_OH0,0126_0041,A,0.5138587355613708,0.0014364582020789385,0.5,0.0,-10.49160228398115,-0.8149002691980327,-3.0727098306401546,23.941261464800245
1769384548.30741,1769384548307417652,Sr02_gA_IMG1_LID0_STA1_CFC64_OH0,0126_0041,A,0.4946249723434448,0.01870110258460045,0.5,0.0,-10.541485011890648,-0.8183226979369155,-3.073471191894822,23.8955640151861
1769384548.4246666,1769384548424674811,Sr02_gA_IMG1_LID0_STA1_CFC64_OH0,0126_0041,A,0.5045943856239319,0.0015017499681562185,0.5,0.0,-10.616313839181638,-0.8233868236183552,-3.0744424943686015,23.82702188688334
1769384548.5480628,1769384548548069734,Sr02_gA_IMG1_LID0_STA1_CFC64_OH0,0126_0041,A,0.5044004917144775,0.0019486815435811877,0.5,0.0,-10.66620123120175,-0.8267405976012242,-3.0744910468693956,23.781339684376977
1769384548.6716099,1769384548671618034,Sr02_gA_IMG1_LID0_STA1_CFC64_OH0,0126_0041,A,0.5056459307670593,0.011210231110453606,0.5,0.0,-10.741032249967464,-0.8317722884610016,-3.074401059326787,23.71284946899548
1769384548.788575,1769384548788582243,Sr02_gA_IMG1_LID0_STA1_CFC64_OH0,0126_0041,A,0.5018821358680725,-0.00829852931201458,0.5,0.0,-10.790919252042993,-0.8351318575915058,-3.074296267004395,23.667213345654268
1769384548.9037805,1769384548903790129,Sr02_gA_IMG1_LID0_STA1_CFC64_OH0,0126_0041,A,0.48862746357917786,-0.002225950825959444,0.5,0.0,-10.840805829852359,-0.8384977205099317,-3.0741526215111037,23.621597475417918
1769384549.0277455,1769384549027753089,Sr02_gA_IMG1_LID0_STA1_CFC64_OH0,0126_0041,A,0.4886983335018158,-0.0021484200842678547,0.5,0.0,-10.915630547766888,-0.8436219580358416,-3.0718654124067477,23.553238178595063
1769384549.1484315,1769384549148439867,Sr02_gA_IMG1_LID0_STA1_CFC64_OH0,0126_0041,A,0.5021023154258728,-0.014287684112787247,0.5,0.0,-10.965508214322647,-0.8471173910088968,-3.071543231249868,23.507720659708657
1769384549.2695358,1769384549269544200,Sr02_gA_IMG1_LID0_STA1_CFC64_OH0,0126_0041,A,0.5012291669845581,-0.011228816583752632,0.5,0.0,-11.040323513432858,-0.8523776438794838,-3.071162788916365,23.4394857558575
1769384549.3886397,1769384549388647982,Sr02_gA_IMG1_LID0_STA1_CFC64_OH0,0126_0041,A,0.49840623140335083,0.00926968827843666,0.5,0.0,-11.090197569734608,-0.8559241815171457,-3.0700417696119473,23.39403542395881
1769384549.505294,1769384549505302627,Sr02_gA_IMG1_LID0_STA1_CFC64_OH0,0126_0041,A,0.49810588359832764,0.009394621476531029,0.5,0.0,-11.140069337033392,-0.8595027908894626,-3.070286344404238,23.348617138959497
1769384549.6220453,1769384549622054165,Sr02_gA_IMG1_LID0_STA1_CFC64_OH0,0126_0041,A,0.5004103183746338,-0.004011786542832851,0.5,0.0,-11.214880504434664,-0.8648214774218467,-3.0708024181834452,23.28050421735983
1769384549.7395587,1769384549739568717,Sr02_gA_IMG1_LID0_STA1_CFC64_OH0,0126_0041,A,0.5002959370613098,0.0076300096698105335,0.5,0.0,-11.264755654263215,-0.8683526391209239,-3.071018035205958,23.235113011031725
1769384549.8602614,1769384549860270564,Sr02_gA_IMG1_LID0_STA1_CFC64_OH0,0126_0041,A,0.49998927116394043,0.007559815887361765,0.5,0.0,-11.314633282494636,-0.8718485622581303,-3.0723253995497566,23.189725920653505
1769384549.9793792,1769384549979387169,Sr02_gA_IMG1_LID0_STA1_CFC64_OH0,0126_0041,A,0.48748454451560974,-0.019509723410010338,0.5,0.0,-11.38945830510698,-0.876968505116173,-3.0741320761240747,23.121628737603285
1769384550.1001036,1769384550100111818,Sr02_gA_IMG1_LID0_STA1_CFC64_OH0,0126_0041,A,0.4858221709728241,-0.0072083366103470325,0.5,0.0,-11.439344251916214,-0.8803436901117176,-3.073615093923979,23.076238342120483
1769384550.2237663,1769384550223780061,Sr02_gA_IMG1_LID0_STA1_CFC64_OH0,0126_0041,A,0.48470959067344666,0.0024814694188535213,0.5,0.0,-11.514167426079007,-0.8854906275735399,-3.0722084017633806,23.008224146550432
1769384550.3466618,1769384550346670593,Sr02_gA_IMG1_LID0_STA1_CFC64_OH0,0126_0041,A,0.484585702419281,0.0026126219891011715,0.5,0.0,-11.564047370223127,-0.8889534048287268,-3.072475505642079,22.96291887290331
1769384550.4651806,1769384550465188381,Sr02_gA_IMG1_LID0_STA1_CFC64_OH0,0126_0041,A,0.4864538013935089,0.005063185002654791,0.5,0.0,-11.613927046716983,-0.892420023364203,-3.0718289326028834,22.917634757453225
1769384550.5871272,1769384550587134175,Sr02_gA_IMG1_LID0_STA1_CFC64_OH0,0126_0041,A,0.46453431248664856,-0.00560876214876771,0.5,0.0,-11.6887416591217,-0.8976899852855839,-3.0709628342777373,22.849775370535447
1769384550.7052968,1769384550705304009,Sr02_gA_IMG1_LID0_STA1_CFC64_OH0,0126_0041,A,0.4636837840080261,-0.005544757004827261,0.5,0.0,-11.738620403901216,-0.9011698859968856,-3.0729137976607923,22.804546334850325
1769384550.8300686,1769384550830075608,Sr02_gA_IMG1_LID0_STA1_CFC64_OH0,0126_0041,A,0.47068724036216736,-0.0037741600535809994,0.5,0.0,-11.813447527100843,-0.9062591165932942,-3.0742410831304916,22.73668430712814
1769384550.9500184,1769384550950024828,Sr02_gA_IMG1_LID0_STA1_CFC64_OH0,0126_0041,A,0.48380476236343384,-0.0001963342074304819,0.5,0.0,-11.863334053089686,-0.909625746533657,-3.074089841910861,22.69145670948553
1769384551.0808349,1769384551080842456,Sr02_gA_IMG1_LID0_STA1_CFC64_OH0,0126_0041,A,0.48879069089889526,0.0018129610689356923,0.5,0.0,-11.913219740517272,-0.913004778748021,-3.0738298917632507,22.64625449706297
1769384551.2075188,1769384551207527061,Sr02_gA_IMG1_LID0_STA1_CFC64_OH0,0126_0041,A,0.48863881826400757,0.0019637467339634895,0.5,0.0,-11.988046107678775,-0.9181051548044864,-3.0731684394904306,22.57850280715808
1769384551.3324313,1769384551332439463,Sr02_gA_IMG1_LID0_STA1_CFC64_OH0,0126_0041,A,0.49056190252304077,-0.014289772137999535,0.5,0.0,-12.062871732009654,-0.9232164119948143,-3.073794385573336,22.510801782067947
1769384551.4502544,1769384551450261481,Sr02_gA_IMG1_LID0_STA1_CFC64_OH0,0126_0041,A,0.4872158467769623,0.010166465304791927,0.5,0.0,-12.112757794264462,-0.9265898985664662,-3.074348860367989,22.46567880860216
1769384551.5746887,1769384551574696636,Sr02_gA_IMG1_LID0_STA1_CFC64_OH0,0126_0041,A,0.47735872864723206,-0.0011760382913053036,0.5,0.0,-12.162645423310892,-0.9299401405683895,-3.074726277110917,22.4205664651352
1769384551.6954052,1769384551695412547,Sr02_gA_IMG1_LID0_STA1_CFC64_OH0,0126_0041,A,0.47702980041503906,-0.0008918172679841518,0.5,0.0,-12.237477884754014,-0.9349503302473197,-3.07473563812117,22.352930361318453
1769384551.8211184,1769384551821126887,Sr02_gA_IMG1_LID0_STA1_CFC64_OH0,0126_0041,A,0.49115991592407227,-3.520166501402855e-06,0.5,0.0,-12.287365873627792,-0.9382952132507701,-3.074554342738868,22.307867851132716
1769384551.9399068,1769384551939914552,Sr02_gA_IMG1_LID0_STA1_CFC64_OH0,0126_0041,A,0.48453855514526367,-0.001802233513444662,0.5,0.0,-12.362196675061215,-0.9433301316436526,-3.0742627970342973,22.24032133031523
1769384552.06337,1769384552063378720,Sr02_gA_IMG1_LID0_STA1_CFC64_OH0,0126_0041,A,0.48849010467529297,-0.0012280396185815334,0.5,0.0,-12.412085768447389,-0.9466584372767007,-3.075691759473718,22.195304547790663
1769384552.1813467,1769384552181353675,Sr02_gA_IMG1_LID0_STA1_CFC64_OH0,0126_0041,A,0.4885246753692627,-0.0012011397629976273,0.5,0.0,-12.486919187110107,-0.9516542032544271,-3.0742802294737053,22.127820944266524
1769384552.3074005,1769384552307407532,Sr02_gA_IMG1_LID0_STA1_CFC64_OH0,0126_0041,A,0.4897867441177368,-0.014030685648322105,0.5,0.0,-12.536806150282043,-0.955014349908402,-3.074397830694041,22.08287182848103
1769384552.4275126,1769384552427520608,Sr02_gA_IMG1_LID0_STA1_CFC64_OH0,0126_0041,A,0.4855080544948578,-0.015607381239533424,0.5,0.0,-12.611637254620023,-0.960044767549674,-3.0745372876940986,22.015484679143718
1769384552.5470254,1769384552547033094,Sr02_gA_IMG1_LID0_STA1_CFC64_OH0,0126_0041,A,0.49094879627227783,0.0006602592766284943,0.5,0.0,-12.661524883610811,-0.9633950148084478,-3.0745376403898956,21.97058583707995
1769384552.667717,1769384552667726492,Sr02_gA_IMG1_LID0_STA1_CFC64_OH0,0126_0041,A,0.49069708585739136,0.000559160253033042,0.5,0.0,-12.71141281481188,-0.9667407578774645,-3.0747178620700932,21.925707081495947
1769384552.787585,1769384552787592192,Sr02_gA_IMG1_LID0_STA1_CFC64_OH0,0126_0041,A,0.48654794692993164,0.0028193765319883823,0.5,0.0,-12.786245724245063,-0.9717442500470407,-3.074924497891953,21.858423920190898
1769384552.9079342,1769384552907942745,Sr02_gA_IMG1_LID0_STA1_CFC64_OH0,0126_0041,A,0.4822732210159302,0.0017269704258069396,0.5,0.0,-12.836134846083501,-0.9750721926866739,-3.075044611673396,21.81359301328406
1769384553.0240133,1769384553024020943,Sr02_gA_IMG1_LID0_STA1_CFC64_OH0,0126_0041,A,0.4818459749221802,0.0016619270900264382,0.5,0.0,-12.910972844955019,-0.9799987842782502,-3.0768926107631875,21.746359847164683
1769384553.1453245,1769384553145333663,Sr02_gA_IMG1_LID0_STA1_CFC64_OH0,0126_0041,A,0.4874476194381714,-0.010827518999576569,0.5,0.0,-12.960870728373687,-0.9831925916846226,-3.078453345127948,21.70152571298019
1769384553.2636611,1769384553263668614,Sr02_gA_IMG1_LID0_STA1_CFC64_OH0,0126_0041,A,0.48281383514404297,-0.001998933032155037,0.5,0.0,-13.010770989859745,-0.9863491065353549,-3.0783873317562556,21.656697614644678
1769384553.3894174,1769384553389428317,Sr02_gA_IMG1_LID0_STA1_CFC64_OH0,0126_0041,A,0.4939958453178406,0.0003148154355585575,0.5,0.0,-13.085621014060148,-0.9910896930612324,-3.078300424812401,21.589500652235248
1769384553.506009,1769384553506017345,Sr02_gA_IMG1_LID0_STA1_CFC64_OH0,0126_0041,A,0.4939039647579193,0.0003726799041032791,0.5,0.0,-13.135520579130496,-0.9942571959786872,-3.078063693601434,21.544734465854035
1769384553.6235397,1769384553623547202,Sr02_gA_IMG1_LID0_STA1_CFC64_OH0,0126_0041,A,0.49613136053085327,0.014715248718857765,0.5,0.0,-13.185419374810747,-0.9974367974520846,-3.077869147919107,21.499996766599896
1769384553.7502394,1769384553750247854,Sr02_gA_IMG1_LID0_STA1_CFC64_OH0,0126_0041,A,0.4964234232902527,0.014334116131067276,0.5,0.0,-13.260266536839511,-1.00222235836605,-3.0776166070520654,21.432941093274504
1769384553.8772342,1769384553877242530,Sr02_gA_IMG1_LID0_STA1_CFC64_OH0,0126_0041,A,0.49618566036224365,0.014571184292435646,0.5,0.0,-13.310165965999236,-1.005391965292824,-3.0786993476241853,21.388257275748842
1769384554.0046985,1769384554004706929,Sr02_gA_IMG1_LID0_STA1_CFC64_OH0,0126_0041,A,0.4906480312347412,0.0017899899976328015,0.5,0.0,-13.385019500401292,-1.0100767887921045,-3.079264050990035,21.321244423544634
1769384554.1222563,1769384554122264697,Sr02_gA_IMG1_LID0_STA1_CFC64_OH0,0126_0041,A,0.49150121212005615,-0.0001276449766010046,0.5,0.0,-13.434922487977579,-1.0131899084218934,-3.079278846162063,21.276594247298313
1769384554.2465305,1769384554246539457,Sr02_gA_IMG1_LID0_STA1_CFC64_OH0,0126_0041,A,0.4947710633277893,0.07174123823642731,0.5,0.0,-13.509776791909122,-1.0178624310996374,-3.079224101599699,21.209665034431872
1769384554.3690207,1769384554369030372,Sr02_gA_IMG1_LID0_STA1_CFC64_OH0,0126_0041,A,0.49508190155029297,0.07114332914352417,0.5,0.0,-13.559677263449847,-1.0210155521016167,-3.0777525901095273,21.16509293699832
1769384554.4903736,1769384554490381253,Sr02_gA_IMG1_LID0_STA1_CFC64_OH0,0126_0041,A,0.4960104525089264,0.05766894295811653,0.5,0.0,-13.634519274227296,-1.0258807899015379,-3.075597734726809,21.098342338335232
1769384554.6029267,1769384554602934500,Sr02_gA_IMG1_LID0_STA1_CFC64_OH0,0126_0041,A,0.49755218625068665,0.012586509808897972,0.5,0.0,-13.68440800737754,-1.0292144883364183,-3.0741406186948526,21.053914234178986
1769384554.7225049,1769384554722512477,Sr02_gA_IMG1_LID0_STA1_CFC64_OH0,0126_0041,A,0.49811938405036926,0.05749901756644249,0.5,0.0,-13.734293590853008,-1.0325950553741963,-3.073833798473869,21.009532806983202
1769384554.842126,1769384554842133846,Sr02_gA_IMG1_LID0_STA1_CFC64_OH0,0126_0041,A,0.4979793429374695,0.057919204235076904,0.5,0.0,-13.809121122293245,-1.037678343891189,-3.0737570621296846,20.94301390899063
1769384554.9713628,1769384554971370547,Sr02_gA_IMG1_LID0_STA1_CFC64_OH0,0126_0041,A,0.4753197729587555,0.004807934630662203,0.5,0.0,-13.858963224558966,-1.0412246663713014,-3.0670048839197257,20.898802554174274
1769384555.094839,1769384555094847024,Sr02_gA_IMG1_LID0_STA1_CFC64_OH0,0126_0041,A,0.45995935797691345,0.0021071452647447586,0.5,0.0,-13.933723353952685,-1.0472137281204494,-3.0563154643017745,20.832807645404404
1769384555.2173963,1769384555217405445,Sr02_gA_IMG1_LID0_STA1_CFC64_OH0,0126_0041,A,0.48673292994499207,0.005939024034887552,0.5,0.0,-13.983528535268984,-1.0516224212131569,-3.050413825486178,20.789045414355808
1769384555.3374343,1769384555337443296,Sr02_gA_IMG1_LID0_STA1_CFC64_OH0,0126_0041,A,0.4866316318511963,0.005530893336981535,0.5,0.0,-14.058195739168866,-1.0585572615526513,-3.0480169710489826,20.72362294018155
1769384555.4560819,1769384555456089380,Sr02_gA_IMG1_LID0_STA1_CFC64_OH0,0126_0041,A,0.4953758716583252,0.0548136904835701,0.5,0.0,-14.10795255577838,-1.0633676384031707,-3.0423438972810763,20.680139835833256
1769384555.5763109,1769384555576319141,Sr02_gA_IMG1_LID0_STA1_CFC64_OH0,0126_0041,A,0.5006282329559326,0.0029103874694556,0.5,0.0,-14.157691871246605,-1.0684659900659106,-3.0365519866523565,20.63681993683529
1769384555.6960504,1769384555696058491,Sr02_gA_IMG1_LID0_STA1_CFC64_OH0,0126_0041,A,0.500582754611969,0.002852210309356451,0.5,0.0,-14.232252033092562,-1.076470085679703,-3.0340991843318093,20.57208782799882
1769384555.815248,1769384555815256152,Sr02_gA_IMG1_LID0_STA1_CFC64_OH0,0126_0041,A,0.49975988268852234,-0.001826407853513956,0.5,0.0,-14.281962733500329,-1.0818409271371927,-3.0338614602338434,20.528982612028248
1769384555.9405072,1769384555940515402,Sr02_gA_IMG1_LID0_STA1_CFC64_OH0,0126_0041,A,0.4764350950717926,0.0017887732246890664,0.5,0.0,-14.356525614916507,-1.0899264535264568,-3.033162204642931,20.464398589305283
1769384556.0550585,1769384556055066254,Sr02_gA_IMG1_LID0_STA1_CFC64_OH0,0126_0041,A,0.487984299659729,-0.017771005630493164,0.5,0.0,-14.406230471686474,-1.0953511039973258,-3.0326091159015616,20.421399742278837
1769384556.1789346,1769384556178943163,Sr02_gA_IMG1_LID0_STA1_CFC64_OH0,0126_0041,A,0.48847049474716187,-0.017491906881332397,0.5,0.0,-14.455915031126157,-1.100858206400194,-3.0287247322052706,20.378485583512653
1769384556.2994552,1769384556299462588,Sr02_gA_IMG1_LID0_STA1_CFC64_OH0,0126_0041,A,0.4958442747592926,-0.03314411640167236,0.5,0.0,-14.530411842383845,-1.1094319827834482,-3.026603969264624,20.314333012732266
1769384556.4181077,1769384556418117687,Sr02_gA_IMG1_LID0_STA1_CFC64_OH0,0126_0041,A,0.4903906583786011,0.009582998231053352,0.5,0.0,-14.580080821398196,-1.1151758655918935,-3.026318166885007,20.271613656927812
1769384556.54761,1769384556547618041,Sr02_gA_IMG1_LID0_STA1_CFC64_OH0,0126_0041,A,0.5092300176620483,-0.021931717172265053,0.5,0.0,-14.654583841031885,-1.1237955709595497,-3.026509188174258,20.207599298551656
1769384556.6687064,1769384556668715754,Sr02_gA_IMG1_LID0_STA1_CFC64_OH0,0126_0041,A,0.5092182755470276,-0.022241348400712013,0.5,0.0,-14.704252584286683,-1.1295414929798082,-3.026330311914542,20.164964845095888
1769384556.7912884,1769384556791296476,Sr02_gA_IMG1_LID0_STA1_CFC64_OH0,0126_0041,A,0.49504178762435913,-0.005257005337625742,0.5,0.0,-14.778761824060412,-1.1381071103743512,-3.028403569257324,20.101048711706802
1769384556.9085393,1769384556908547405,Sr02_gA_IMG1_LID0_STA1_CFC64_OH0,0126_0041,A,0.5017291307449341,8.232262916862965e-05,0.5,0.0,-14.828446782330962,-1.143711034634523,-3.030152757101073,20.05842441302693
1769384557.0301032,1769384557030109801,Sr02_gA_IMG1_LID0_STA1_CFC64_OH0,0126_0041,A,0.4905484616756439,-0.00879226066172123,0.5,0.0,-14.878144938336185,-1.1491965375419977,-3.0333106295041006,20.01577189371809
1769384557.1521246,1769384557152131590,Sr02_gA_IMG1_LID0_STA1_CFC64_OH0,0126_0041,A,0.49016839265823364,-0.008710216730833054,0.5,0.0,-14.952701080509863,-1.157240822278584,-3.0339391563327327,19.951770398693935
1769384557.2739925,1769384557274000322,Sr02_gA_IMG1_LID0_STA1_CFC64_OH0,0126_0041,A,0.4990590214729309,-0.0002786051481962204,0.5,0.0,-15.002417476449732,-1.1625585901679538,-3.036132317748892,19.90911490922119
1769384557.3951352,1769384557395143479,Sr02_gA_IMG1_LID0_STA1_CFC64_OH0,0126_0041,A,0.4923572838306427,-0.0036194087006151676,0.5,0.0,-15.077013753724966,-1.1703296583570024,-3.039459225393771,19.84508791314994
1769384557.5210218,1769384557521029755,Sr02_gA_IMG1_LID0_STA1_CFC64_OH0,0126_0041,A,0.49230748414993286,-0.003700427245348692,0.5,0.0,-15.126755353624578,-1.1754063553562815,-3.040154781216855,19.80239146011098
1769384557.6413624,1769384557641369933,Sr02_gA_IMG1_LID0_STA1_CFC64_OH0,0126_0041,A,0.4823681116104126,-0.0011620684526860714,0.5,0.0,-15.201370185572133,-1.1829975436095201,-3.0402845709083994,19.738398560784397
1769384557.7569134,1769384557756921765,Sr02_gA_IMG1_LID0_STA1_CFC64_OH0,0126_0041,A,0.49806058406829834,0.010495446622371674,0.5,0.0,-15.251116035190957,-1.188032418739878,-3.0411637936458673,19.69576615193454
1769384557.8756704,1769384557875678835,Sr02_gA_IMG1_LID0_STA1_CFC64_OH0,0126_0041,A,0.5082113742828369,-0.0028104675002396107,0.5,0.0,-15.300866279290416,-1.1930236847768885,-3.0420364548330325,19.65314551059339
1769384557.998656,1769384557998663706,Sr02_gA_IMG1_LID0_STA1_CFC64_OH0,0126_0041,A,0.5081866383552551,-0.0028777625411748886,0.5,0.0,-15.375496230366883,-1.2004647653191252,-3.042246883944637,19.58925579713853
1769384558.1237319,1769384558123740238,Sr02_gA_IMG1_LID0_STA1_CFC64_OH0,0126_0041,A,0.49412715435028076,0.009838128462433815,0.5,0.0,-15.425250429771276,-1.2054164618610521,-3.0425754136854772,19.546701745959847
1769384558.2434785,1769384558243485396,Sr02_gA_IMG1_LID0_STA1_CFC64_OH0,0126_0041,A,0.49536222219467163,-0.00026512681506574154,0.5,0.0,-15.499885086653618,-1.212810184737299,-3.0431018539210815,19.48291907617325
1769384558.3662467,1769384558366254629,Sr02_gA_IMG1_LID0_STA1_CFC64_OH0,0126_0041,A,0.493964821100235,-0.008221613243222237,0.5,0.0,-15.549643054093991,-1.2177238754484403,-3.0432180611170496,19.440433583197056
1769384558.491952,1769384558491959253,Sr02_gA_IMG1_LID0_STA1_CFC64_OH0,0126_0041,A,0.4938496947288513,-0.008160354569554329,0.5,0.0,-15.599399756122434,-1.2226503449994914,-3.0424016770116205,19.397990713588985
1769384558.6194289,1769384558619438955,Sr02_gA_IMG1_LID0_STA1_CFC64_OH0,0126_0041,A,0.5145633220672607,-0.002468313090503216,0.5,0.0,-15.674030817212005,-1.2300802808126219,-3.042557118418576,19.334415630643374
1769384558.7408328,1769384558740840426,Sr02_gA_IMG1_LID0_STA1_CFC64_OH0,0126_0041,A,0.5182307362556458,-0.04038264974951744,0.5,0.0,-15.748664873670846,-1.2374800662199248,-3.0428609574120444,19.270906554645663
1769384558.856667,1769384558856675430,Sr02_gA_IMG1_LID0_STA1_CFC64_OH0,0126_0041,A,0.5183135867118835,-0.04065892472863197,0.5,0.0,-15.79841896244163,-1.2424328576286097,-3.041978175692871,19.228623678104906
1769384558.9771128,1769384558977120193,Sr02_gA_IMG1_LID0_STA1_CFC64_OH0,0126_0041,A,0.501045286655426,-0.05159343406558037,0.5,0.0,-15.848171154155422,-1.2474046885373613,-3.0420046861785917,19.186388166895835
1769384559.0976076,1769384559097615340,Sr02_gA_IMG1_LID0_STA1_CFC64_OH0,0126_0041,A,0.48428311944007874,-0.002083228901028633,0.5,0.0,-15.922803018546366,-1.2548265112551353,-3.043078790591399,19.123085722547966
1769384559.2218552,1769384559221863002,Sr02_gA_IMG1_LID0_STA1_CFC64_OH0,0126_0041,A,0.48628541827201843,-0.018964536488056183,0.5,0.0,-15.972562590864968,-1.2597239092238623,-3.0438954373462725,19.080903905433225
1769384559.3421316,1769384559342139237,Sr02_gA_IMG1_LID0_STA1_CFC64_OH0,0126_0041,A,0.4860752522945404,-0.019315889105200768,0.5,0.0,-16.04720335152001,-1.2670096635955412,-3.044856464075531,19.017673577036643
1769384559.4665303,1769384559466537092,Sr02_gA_IMG1_LID0_STA1_CFC64_OH0,0126_0041,A,0.5060878396034241,-0.01464897021651268,0.5,0.0,-16.096979198958078,-1.2717384355250931,-3.048894713482593,18.97549549848079
1769384559.5866768,1769384559586687670,Sr02_gA_IMG1_LID0_STA1_CFC64_OH0,0126_0041,A,0.5076908469200134,-0.023083137348294258,0.5,0.0,-16.146773776221046,-1.2762657215092614,-3.052955073603402,18.93324681378457
1769384559.7194998,1769384559719509095,Sr02_gA_IMG1_LID0_STA1_CFC64_OH0,0126_0041,A,0.49929332733154297,0.016766613349318504,0.5,0.0,-16.221502991345407,-1.282630953983026,-3.060475377859333,18.869716417153178
1769384559.8463287,1769384559846337541,Sr02_gA_IMG1_LID0_STA1_CFC64_OH0,0126_0041,A,0.4996512532234192,0.016942577436566353,0.5,0.0,-16.271328283242713,-1.2866713452897363,-3.060787870249613,18.82731114407144
1769384559.9674976,1769384559967506394,Sr02_gA_IMG1_LID0_STA1_CFC64_OH0,0126_0041,A,0.4045808017253876,0.003770029405131936,0.5,0.0,-16.346088582337934,-1.292662519856117,-3.0629607952800666,18.76372136616726
1769384560.0868943,1769384560086903495,Sr02_gA_IMG1_LID0_STA1_CFC64_OH0,0126_0041,A,0.5031011700630188,0.006049171090126038,0.5,0.0,-16.395937846770618,-1.29654191943367,-3.064892380956463,18.72131395993168
1769384560.2070897,1769384560207097624,Sr02_gA_IMG1_LID0_STA1_CFC64_OH0,0126_0041,A,0.5029222965240479,0.023289984092116356,0.5,0.0,-16.470724086709463,-1.3022001229600149,-3.0671830646912577,18.657687634784125
1769384560.3266222,1769384560326631802,Sr02_gA_IMG1_LID0_STA1_CFC64_OH0,0126_0041,A,0.5026909708976746,0.023555507883429527,0.5,0.0,-16.5205899734722,-1.305859618825734,-3.0694913681968408,18.615257209520944
1769384560.445151,1769384560445159598,Sr02_gA_IMG1_LID0_STA1_CFC64_OH0,0126_0041,A,0.439400851726532,0.0058301170356571674,0.5,0.0,-16.595389207015742,-1.3112515401870335,-3.0685924197414254,18.551636380887413
1769384560.5734878,1769384560573495437,Sr02_gA_IMG1_LID0_STA1_CFC64_OH0,0126_0041,A,0.3432841897010803,0.055086590349674225,0.5,0.0,-16.64525292401707,-1.3149405524783446,-3.0668981648063585,18.509316262837363
1769384560.6926632,1769384560692670379,Sr02_gA_IMG1_LID0_STA1_CFC64_OH0,0126_0041,A,0.34289392828941345,0.05478426441550255,0.5,0.0,-16.72004082336819,-1.3205769680592914,-3.0660692007111225,18.4459634105818
1769384560.814403,1769384560814410696,Sr02_gA_IMG1_LID0_STA1_CFC64_OH0,0126_0041,A,0.46267983317375183,-0.04680570960044861,0.5,0.0,-16.769897149090916,-1.3243646312209667,-3.0654642863354993,18.403793023078517
1769384560.9357576,1769384560935767071,Sr02_gA_IMG1_LID0_STA1_CFC64_OH0,0126_0041,A,0.4840182065963745,-0.011883167549967766,0.5,0.0,-16.819747854379575,-1.3282254258644435,-3.0631353049282124,18.361701535467905
1769384561.0570338,1769384561057043574,Sr02_gA_IMG1_LID0_STA1_CFC64_OH0,0126_0041,A,0.423565149307251,0.0006967198569327593,0.5,0.0,-16.894506685923886,-1.3342346414204258,-3.059789849493581,18.298757803575644
1769384561.1788871,1769384561178895390,Sr02_gA_IMG1_LID0_STA1_CFC64_OH0,0126_0041,A,0.4229390621185303,0.00018488289788365364,0.5,0.0,-16.944338289757187,-1.3383347476957923,-3.059206834967306,18.25689744237999
1769384561.297821,1769384561297829719,Sr02_gA_IMG1_LID0_STA1_CFC64_OH0,0126_0041,A,0.4644415080547333,-0.023050975054502487,0.5,0.0,-17.019053047178723,-1.344738446434015,-3.052047305499133,18.1943340690111
1769384561.4147382,1769384561414746073,Sr02_gA_IMG1_LID0_STA1_CFC64_OH0,0126_0041,A,0.5004765391349792,0.00880532618612051,0.5,0.0,-17.068840221823535,-1.3493461215537896,-3.0465688877866217,18.152859968037845
1769384561.53999,1769384561539998102,Sr02_gA_IMG1_LID0_STA1_CFC64_OH0,0126_0041,A,0.5031510591506958,0.0020915274508297443,0.5,0.0,-17.118563338785748,-1.3540158339474235,-3.05018540722527,18.11151494849074
1769384561.6631157,1769384561663124153,Sr02_gA_IMG1_LID0_STA1_CFC64_OH0,0126_0041,A,0.5031837224960327,0.0013334769755601883,0.5,0.0,-17.193262641761233,-1.3607248332963582,-3.053015580711222,18.049335631736575
1769384561.7821443,1769384561782151878,Sr02_gA_IMG1_LID0_STA1_CFC64_OH0,0126_0041,A,0.47259336709976196,0.009587826207280159,0.5,0.0,-17.243067465892555,-1.3651383545898648,-3.0531975158019096,18.00790369380711
1769384561.9002554,1769384561900262588,Sr02_gA_IMG1_LID0_STA1_CFC64_OH0,0126_0041,A,0.48062652349472046,0.038740672171115875,0.5,0.0,-17.317774483042903,-1.371761108910995,-3.05315954629885,17.94583903273865
1769384562.0233164,1769384562023324488,Sr02_gA_IMG1_LID0_STA1_CFC64_OH0,0126_0041,A,0.4822791814804077,-0.011797908693552017,0.5,0.0,-17.367584142245967,-1.3761195978222454,-3.05546462225407,17.90448556792288
1769384562.1463716,1769384562146379915,Sr02_gA_IMG1_LID0_STA1_CFC64_OH0,0126_0041,A,0.48226210474967957,-0.01166655495762825,0.5,0.0,-17.417396902801425,-1.3804426069331641,-3.0545841154519886,17.863156236041426
1769384562.2696443,1769384562269652120,Sr02_gA_IMG1_LID0_STA1_CFC64_OH0,0126_0041,A,0.47502487897872925,0.0624026358127594,0.5,0.0,-17.492110975237008,-1.386985280451293,-3.0540689680775275,17.801278674177365
1769384562.3821998,1769384562382207072,Sr02_gA_IMG1_LID0_STA1_CFC64_OH0,0126_0041,A,0.502643346786499,-0.012944912537932396,0.5,0.0,-17.54191923316867,-1.3913598799342068,-3.0539204590333373,17.760090453594184
1769384562.502677,1769384562502687177,Sr02_gA_IMG1_LID0_STA1_CFC64_OH0,0126_0041,A,0.502746045589447,-0.013022106140851974,0.5,0.0,-17.616626952727906,-1.397974634356523,-3.052564837128008,17.698423492754873
1769384562.6326313,1769384562632638531,Sr02_gA_IMG1_LID0_STA1_CFC64_OH0,0126_0041,A,0.32559826970100403,0.03316469117999077,0.5,0.0,-17.666420196045326,-1.4025166026719855,-3.0486907985549694,17.657445500210052
1769384562.7554123,1769384562755419803,Sr02_gA_IMG1_LID0_STA1_CFC64_OH0,0126_0041,A,0.5187832713127136,0.04042329266667366,0.5,0.0,-17.741081433037017,-1.409515752438234,-3.048823507031503,17.59618369647582
1769384562.8792946,1769384562879301815,Sr02_gA_IMG1_LID0_STA1_CFC64_OH0,0126_0041,A,0.49626830220222473,0.02348814718425274,0.5,0.0,-17.790869121837716,-1.4141185171810713,-3.0499901606269013,17.555358271193207
1769384563.0022619,1769384563002270348,Sr02_gA_IMG1_LID0_STA1_CFC64_OH0,0126_0041,A,0.49733275175094604,0.02286086045205593,0.5,0.0,-17.865467593524375,-1.4212160616199403,-3.0443988841960996,17.494378449818388
1769384563.125841,1769384563125847275,Sr02_gA_IMG1_LID0_STA1_CFC64_OH0,0126_0041,A,0.47695475816726685,0.0020742497872561216,0.5,0.0,-17.91523473704423,-1.426035891326021,-3.045693372200406,17.45379994959899
1769384563.2474859,1769384563247494253,Sr02_gA_IMG1_LID0_STA1_CFC64_OH0,0126_0041,A,0.483331561088562,0.013924971222877502,0.5,0.0,-17.965008096406752,-1.43079110188121,-3.046995580625547,17.413232430655647
1769384563.3667276,1769384563366735787,Sr02_gA_IMG1_LID0_STA1_CFC64_OH0,0126_0041,A,0.4963482618331909,0.06606578826904297,0.5,0.0,-18.03965324762998,-1.4379621493097468,-3.0434886817266054,17.352505695349937
1769384563.4903257,1769384563490333914,Sr02_gA_IMG1_LID0_STA1_CFC64_OH0,0126_0041,A,0.4969390332698822,0.06564688682556152,0.5,0.0,-18.089403138728574,-1.4429566110230327,-3.0395189505218605,17.312203806999225
1769384563.6108851,1769384563610895981,Sr02_gA_IMG1_LID0_STA1_CFC64_OH0,0126_0041,A,0.4875698983669281,0.03333931043744087,0.5,0.0,-18.163997867691194,-1.450742480773575,-3.0358263700701333,17.25202245513204
1769384563.7334306,1769384563733438172,Sr02_gA_IMG1_LID0_STA1_CFC64_OH0,0126_0041,A,0.4969194531440735,0.03209260106086731,0.5,0.0,-18.21371238567095,-1.456077768586234,-3.0335402872839934,17.21205356057418
1769384563.8515406,1769384563851547858,Sr02_gA_IMG1_LID0_STA1_CFC64_OH0,0126_0041,A,0.4971868693828583,0.03188565373420715,0.5,0.0,-18.288269034863646,-1.464220558936007,-3.0323685314430597,17.15228388332625
1769384563.9717433,1769384563971752083,Sr02_gA_IMG1_LID0_STA1_CFC64_OH0,0126_0041,A,0.49866536259651184,-0.036792974919080734,0.5,0.0,-18.337967269525475,-1.4697055156800654,-3.0309760373012247,17.112538528939233
1769384564.0890212,1769384564089029303,Sr02_gA_IMG1_LID0_STA1_CFC64_OH0,0126_0041,A,0.48609334230422974,0.01641708053648472,0.5,0.0,-18.387635560951583,-1.4753570365973063,-3.0250403687444045,17.072958995096894
1769384564.2111003,1769384564211108372,Sr02_gA_IMG1_LID0_STA1_CFC64_OH0,0126_0041,A,0.49657368659973145,-0.016498031094670296,0.5,0.0,-18.462082412112146,-1.4844465928599408,-3.015172406468398,17.01405857887109
1769384564.32895,1769384564328957407,Sr02_gA_IMG1_LID0_STA1_CFC64_OH0,0126_0041,A,0.4964168071746826,-0.01641666516661644,0.5,0.0,-18.511672787972433,-1.490833453456459,-3.0118384561558176,16.97506782715716
1769384564.4492042,1769384564449212175,Sr02_gA_IMG1_LID0_STA1_CFC64_OH0,0126_0041,A,0.4958524703979492,-0.030181845650076866,0.5,0.0,-18.561241796376304,-1.4973840951392614,-3.008591799124675,16.936238888924997
1769384564.5695133,1769384564569521336,Sr02_gA_IMG1_LID0_STA1_CFC64_OH0,0126_0041,A,0.5064634084701538,0.05040126293897629,0.5,0.0,-18.635555254333433,-1.5075082484534765,-3.0037965419094923,16.878296641158773
1769384564.6959488,1769384564695957689,Sr02_gA_IMG1_LID0_STA1_CFC64_OH0,0126_0041,A,0.5000497698783875,0.03737036883831024,0.5,0.0,-18.6850633050606,-1.5143285329279144,-3.00644120388854,16.839809769788204
1769384564.8163826,1769384564816390201,Sr02_gA_IMG1_LID0_STA1_CFC64_OH0,0126_0041,A,0.5003911256790161,0.03717551752924919,0.5,0.0,-18.75937564390344,-1.5243786065213845,-3.006581703511741,16.782054793395744
1769384564.9373848,1769384564937395201,Sr02_gA_IMG1_LID0_STA1_CFC64_OH0,0126_0041,A,0.5066559314727783,0.03908926993608475,0.5,0.0,-18.808926162734384,-1.5310677917673534,-3.0082314969105486,16.743614017469223
1769384565.0556223,1769384565055628668,Sr02_gA_IMG1_LID0_STA1_CFC64_OH0,0126_0041,A,0.4998325705528259,0.022889116778969765,0.5,0.0,-18.88327260579657,-1.540947194387385,-3.010971727136759,16.685967806329923
1769384565.173422,1769384565173429992,Sr02_gA_IMG1_LID0_STA1_CFC64_OH0,0126_0041,A,0.49967893958091736,0.02326447144150734,0.5,0.0,-18.932221683090614,-1.5473033507916623,-3.0139678502416962,16.64801003090508
1769384565.296796,1769384565296804015,Sr02_gA_IMG1_LID0_STA1_CFC64_OH0,0126_0041,A,0.5020293593406677,0.05604144558310509,0.5,0.0,-18.967204901330994,-1.5517491086025055,-3.0165549747049822,16.6208668259247
1769384565.4157565,1769384565415763857,Sr02_gA_IMG1_LID0_STA1_CFC64_OH0,0126_0041,A,0.49538329243659973,0.027219779789447784,0.5,0.0,-18.98397586293058,-1.5538409370038846,-3.0195336257084224,16.6078439799497
1769384565.5407572,1769384565540764960,Sr02_gA_IMG1_LID0_STA1_CFC64_OH0,0126_0041,A,0.49235978722572327,0.01108608953654766,0.5,0.0,-18.983010395759294,-1.5537216607916218,-3.0209246902498093,16.608594102521792
1769384565.6648521,1769384565664859788,Sr02_gA_IMG1_LID0_STA1_CFC64_OH0,0126_0041,A,0.4924217760562897,0.010753551498055458,0.5,0.0,-19.01281481970334,-1.5573067686892856,-3.022414412175264,16.58539591220074
1769384565.786553,1769384565786561997,Sr02_gA_IMG1_LID0_STA1_CFC64_OH0,0126_0041,A,0.503258228302002,0.021545911207795143,0.5,0.0,-19.05414579898476,-1.5622396745264227,-3.0230873418164794,16.553241461767595
1769384565.9027264,1769384565902734889,Sr02_gA_IMG1_LID0_STA1_CFC64_OH0,0126_0041,A,0.49028635025024414,0.016519708558917046,0.5,0.0,-19.128587983598234,-1.5712309722295954,-3.019333430397592,16.495491930613667
1769384566.0248754,1769384566024883056,Sr02_gA_IMG1_LID0_STA1_CFC64_OH0,0126_0041,A,0.5025702714920044,0.007736896630376577,0.5,0.0,-19.178197508431424,-1.5774670260019983,-3.0140175022606397,16.4572165791926
1769384566.1469588,1769384566146966692,Sr02_gA_IMG1_LID0_STA1_CFC64_OH0,0126_0041,A,0.5027714967727661,0.008032890036702156,0.5,0.0,-19.2277824522087,-1.5838959831131005,-3.0112955225934597,16.41913007612757
1769384566.2680957,1769384566268105410,Sr02_gA_IMG1_LID0_STA1_CFC64_OH0,0126_0041,A,0.45609840750694275,0.03850395977497101,0.5,0.0,-19.302135602670162,-1.5937248589192607,-3.0093099262599656,16.36224247919297
1769384566.3862147,1769384566386223920,Sr02_gA_IMG1_LID0_STA1_CFC64_OH0,0126_0041,A,0.47260305285453796,0.11319977045059204,0.5,0.0,-19.351695192704177,-1.6003465261775571,-3.008231247239585,16.3244443439221
1769384566.505727,1769384566505735799,Sr02_gA_IMG1_LID0_STA1_CFC64_OH0,0126_0041,A,0.4730522334575653,0.112263984978199,0.5,0.0,-19.426016777209565,-1.610411181199061,-3.0054813269540936,16.267958420757644
1769384566.6268005,1769384566626808122,Sr02_gA_IMG1_LID0_STA1_CFC64_OH0,0126_0041,A,0.44172927737236023,-0.002108512446284294,0.5,0.0,-19.47554870485928,-1.6172366670883873,-3.0038293577293405,16.23046169920613
1769384566.749474,1769384566749481056,Sr02_gA_IMG1_LID0_STA1_CFC64_OH0,0126_0041,A,0.48307153582572937,0.009206628426909447,0.5,0.0,-19.52507123280747,-1.6241300515916903,-3.002880006660079,16.193078070918872
1769384566.8720193,1769384566872026820,Sr02_gA_IMG1_LID0_STA1_CFC64_OH0,0126_0041,A,0.4846377670764923,0.004771447740495205,0.5,0.0,-19.59934463131164,-1.6345445070851732,-3.0016809952100285,16.1371808588087
1769384566.9899988,1769384566990005496,Sr02_gA_IMG1_LID0_STA1_CFC64_OH0,0126_0041,A,0.48516523838043213,0.0044886404648423195,0.5,0.0,-19.648844543254526,-1.6415982608239348,-2.998135339045425,16.100077348901678
1769384567.112918,1769384567112927517,Sr02_gA_IMG1_LID0_STA1_CFC64_OH0,0126_0041,A,0.5151079297065735,0.0037784080486744642,0.5,0.0,-19.722981234041157,-1.6527279639855814,-2.9846610801832756,16.04495573899034
1769384567.238257,1769384567238265501,Sr02_gA_IMG1_LID0_STA1_CFC64_OH0,0126_0041,A,0.4965677261352539,-0.010359382256865501,0.5,0.0,-19.772321904764183,-1.6608194183815186,-2.9734346998478998,16.008745706138093
1769384567.3590155,1769384567359023071,Sr02_gA_IMG1_LID0_STA1_CFC64_OH0,0126_0041,A,0.4848528504371643,0.019931113347411156,0.5,0.0,-19.84616158407785,-1.6735889617480437,-2.9697728221016444,15.955069976686236
1769384567.4803288,1769384567480337329,Sr02_gA_IMG1_LID0_STA1_CFC64_OH0,0126_0041,A,0.4851839542388916,0.01970701478421688,0.5,0.0,-19.895421401314245,-1.6821604209137773,-2.9688521609515583,15.91938736322234
1769384567.5967886,1769384567596799612,Sr02_gA_IMG1_LID0_STA1_CFC64_OH0,0126_0041,A,0.5066993236541748,0.026024136692285538,0.5,0.0,-19.944675217149896,-1.690766306174575,-2.968375013564112,15.883806552148277
1769384567.717165,1769384567717172229,Sr02_gA_IMG1_LID0_STA1_CFC64_OH0,0126_0041,A,0.4974398612976074,0.174892395734787,0.5,0.0,-20.018548378634957,-1.703718336229067,-2.9676975080270567,15.83061245563951
1769384567.8412523,1769384567841260854,Sr02_gA_IMG1_LID0_STA1_CFC64_OH0,0126_0041,A,0.4976258873939514,0.17467676103115082,0.5,0.0,-20.067792655090905,-1.7123786416268092,-2.9673196676888662,15.795266457589248
1769384567.9620726,1769384567962079820,Sr02_gA_IMG1_LID0_STA1_CFC64_OH0,0126_0041,A,0.5069511532783508,0.00017535220831632614,0.5,0.0,-20.141663270216075,-1.7253451564895828,-2.9685908063239577,15.742379157852586
1769384568.0818715,1769384568081878877,Sr02_gA_IMG1_LID0_STA1_CFC64_OH0,0126_0041,A,0.48592039942741394,-0.005473992321640253,0.5,0.0,-20.190908280700302,-1.7340012409487304,-2.9665977214273602,15.70722947048996
1769384568.205628,1769384568205635677,Sr02_gA_IMG1_LID0_STA1_CFC64_OH0,0126_0041,A,0.5058857798576355,-0.049002207815647125,0.5,0.0,-20.2401360391527,-1.7427549071239736,-2.964627023000749,15.672231249105163
1769384568.327735,1769384568327743395,Sr02_gA_IMG1_LID0_STA1_CFC64_OH0,0126_0041,A,0.5066478252410889,-0.048103198409080505,0.5,0.0,-20.313941682200912,-1.75608606538188,-2.960976098178481,15.620033442559622
1769384568.4461155,1769384568446123173,Sr02_gA_IMG1_LID0_STA1_CFC64_OH0,0126_0041,A,0.5191404819488525,0.016637586057186127,0.5,0.0,-20.36295204990379,-1.7652445079231,-2.949555609074189,15.585653836201272
1769384568.5697544,1769384568569765257,Sr02_gA_IMG1_LID0_STA1_CFC64_OH0,0126_0041,A,0.4974919557571411,0.00284676905721426,0.5,0.0,-20.43637735254125,-1.7805220193749438,-2.923349825297413,15.53522180227138
1769384568.6934748,1769384568693481750,Sr02_gA_IMG1_LID0_STA1_CFC64_OH0,0126_0041,A,0.5201653242111206,0.006678879261016846,0.5,0.0,-20.485007988907565,-1.7914626749578053,-2.9196659086609826,15.502415262842538
1769384568.8151453,1769384568815152757,Sr02_gA_IMG1_LID0_STA1_CFC64_OH0,0126_0041,A,0.5199630856513977,0.006290649063885212,0.5,0.0,-20.558164498014197,-1.8079374445091707,-2.920861415394433,15.453244837218998
1769384568.9337568,1769384568933765193,Sr02_gA_IMG1_LID0_STA1_CFC64_OH0,0126_0041,A,0.5010554194450378,-0.02385028824210167,0.5,0.0,-20.60697800140552,-1.81876502660153,-2.9257616155266546,15.42045318498873
1769384569.0501137,1769384569050120705,Sr02_gA_IMG1_LID0_STA1_CFC64_OH0,0126_0041,A,0.49663829803466797,-0.011212160810828209,0.5,0.0,-20.655843673261483,-1.8293546893320163,-2.930589908346508,15.38757004733398
1769384569.16842,1769384569168428817,Sr02_gA_IMG1_LID0_STA1_CFC64_OH0,0126_0041,A,0.48198774456977844,0.012979017570614815,0.5,0.0,-20.711704975906063,-1.8411476057165668,-2.9369463194783387,15.349904853083478
1769384569.2913923,1769384569291400779,Sr02_gA_IMG1_LID0_STA1_CFC64_OH0,0126_0041,A,0.48180797696113586,0.013202913105487823,0.5,0.0,-20.725533317396007,-1.8439986870821337,-2.9401974571758545,15.340558462390792
1769384569.411243,1769384569411251362,Sr02_gA_IMG1_LID0_STA1_CFC64_OH0,0126_0041,A,0.49416473507881165,-0.008779747411608696,0.5,0.0,-20.725655385486203,-1.844020633365609,-2.9437087688251844,15.340474055651319
1769384569.5323617,1769384569532369358,Sr02_gA_IMG1_LID0_STA1_CFC64_OH0,0126_0041,A,0.49389976263046265,0.019807038828730583,0.5,0.0,-20.74273357409856,-1.8474269118615796,-2.945392421966303,15.328872231460593
1769384569.65402,1769384569654027971,Sr02_gA_IMG1_LID0_STA1_CFC64_OH0,0126_0041,A,0.4938257038593292,0.01986674964427948,0.5,0.0,-20.77679006412145,-1.8541699293984835,-2.9466972255855666,15.30573943251744
1769384569.7770405,1769384569777047683,Sr02_gA_IMG1_LID0_STA1_CFC64_OH0,0126_0041,A,0.5129035115242004,0.008481012657284737,0.5,0.0,-20.849136922060357,-1.8683879220186008,-2.9483669123866223,15.256679362685382
1769384569.8986773,1769384569898685106,Sr02_gA_IMG1_LID0_STA1_CFC64_OH0,0126_0041,A,0.5083571672439575,0.009671200066804886,0.5,0.0,-20.89820017044994,-1.878021041442475,-2.9470690312634353,15.223516177519398
1769384570.0184834,1769384570018490464,Sr02_gA_IMG1_LID0_STA1_CFC64_OH0,0126_0041,A,0.4989774823188782,0.012550758197903633,0.5,0.0,-20.971771768674756,-1.8925887331805087,-2.9455349515372045,15.174034899453483
1769384570.144463,1769384570144470671,Sr02_gA_IMG1_LID0_STA1_CFC64_OH0,0126_0041,A,0.4988415539264679,0.012702489271759987,0.5,0.0,-21.0208181437498,-1.9023074066672183,-2.946412923538481,15.141169222079519
1769384570.265139,1769384570265148168,Sr02_gA_IMG1_LID0_STA1_CFC64_OH0,0126_0041,A,0.4941515624523163,0.004059395752847195,0.5,0.0,-21.09438019821799,-1.916923144716394,-2.9440136292378956,15.09207624190175
1769384570.3851018,1769384570385113365,Sr02_gA_IMG1_LID0_STA1_CFC64_OH0,0126_0041,A,0.508101224899292,0.020984260365366936,0.5,0.0,-21.14339764740933,-1.9267866398049818,-2.9420269575685185,15.05955888984137
1769384570.508445,1769384570508452627,Sr02_gA_IMG1_LID0_STA1_CFC64_OH0,0126_0041,A,0.5082367062568665,0.02088237553834915,0.5,0.0,-21.192401073500537,-1.9367196033233967,-2.9411788489775748,15.027191576897103
1769384570.6317441,1769384570631751844,Sr02_gA_IMG1_LID0_STA1_CFC64_OH0,0126_0041,A,0.5016351342201233,0.0004897266626358032,0.5,0.0,-21.265889516225382,-1.9517011623532512,-2.9397638778148445,14.978886585338453
1769384570.7496128,1769384570749620368,Sr02_gA_IMG1_LID0_STA1_CFC64_OH0,0126_0041,A,0.5046513080596924,0.055530935525894165,0.5,0.0,-21.314868812499515,-1.9617524262793615,-2.9385663973196,14.946855443196656
1769384570.8760538,1769384570876061763,Sr02_gA_IMG1_LID0_STA1_CFC64_OH0,0126_0041,A,0.5173382759094238,0.04067719355225563,0.5,0.0,-21.388313943629317,-1.9769448684367208,-2.9366625444696646,14.899085270098992
1769384570.996753,1769384570996762093,Sr02_gA_IMG1_LID0_STA1_CFC64_OH0,0126_0041,A,0.5173507928848267,0.04083004593849182,0.5,0.0,-21.43726563439799,-1.9871297405230064,-2.9362565989446323,14.867408135303808
1769384571.1184158,1769384571118423629,Sr02_gA_IMG1_LID0_STA1_CFC64_OH0,0126_0041,A,0.5032106041908264,0.020345954224467278,0.5,0.0,-21.510672920363948,-2.002503930222075,-2.933618760718139,14.820158736886874
1769384571.2411172,1769384571241124800,Sr02_gA_IMG1_LID0_STA1_CFC64_OH0,0126_0041,A,0.5047439932823181,0.013995019719004631,0.5,0.0,-21.55958466580821,-2.012878896821892,-2.9315305265737326,14.788886657725746
1769384571.3657002,1769384571365707699,Sr02_gA_IMG1_LID0_STA1_CFC64_OH0,0126_0041,A,0.5160983204841614,0.021031280979514122,0.5,0.0,-21.608483284323597,-2.0233156005646245,-2.931277612228024,14.75776713910374
1769384571.489745,1769384571489752336,Sr02_gA_IMG1_LID0_STA1_CFC64_OH0,0126_0041,A,0.5172288417816162,0.02117776870727539,0.5,0.0,-21.681764727019242,-2.039225661867085,-2.9236730288041843,14.711497286626734
1769384571.610964,1769384571610970488,Sr02_gA_IMG1_LID0_STA1_CFC64_OH0,0126_0041,A,0.5162713527679443,0.012573553249239922,0.5,0.0,-21.730560070165794,-2.0501348654179603,-2.9196053047359554,14.681021832451783
1769384571.7270372,1769384571727045269,Sr02_gA_IMG1_LID0_STA1_CFC64_OH0,0126_0041,A,0.5187498927116394,0.013828953728079796,0.5,0.0,-21.803668748451884,-2.066871139666519,-2.913485393543285,14.63581459455844
1769384571.8509407,1769384571850949312,Sr02_gA_IMG1_LID0_STA1_CFC64_OH0,0126_0041,A,0.5126968622207642,0.0028392828535288572,0.5,0.0,-21.852359805649083,-2.078236865211079,-2.911245945192164,14.60598400564027
1769384571.975563,1769384571975572086,Sr02_gA_IMG1_LID0_STA1_CFC64_OH0,0126_0041,A,0.5131390690803528,0.0028613186441361904,0.5,0.0,-21.92535976478234,-2.095441607663963,-2.9090831815667393,14.56157479898323
1769384572.09684,1769384572096848967,Sr02_gA_IMG1_LID0_STA1_CFC64_OH0,0126_0041,A,0.5076167583465576,-0.01644122786819935,0.5,0.0,-21.97400217216111,-2.107013771068833,-2.9069800622927513,14.532193420496101
1769384572.2152097,1769384572215217380,Sr02_gA_IMG1_LID0_STA1_CFC64_OH0,0126_0041,A,0.5106192231178284,6.512738764286041e-06,0.5,0.0,-22.04691995988374,-2.1245634427598716,-2.9039798748731847,14.488493240380418
1769384572.334523,1769384572334533595,Sr02_gA_IMG1_LID0_STA1_CFC64_OH0,0126_0041,A,0.510817289352417,-0.00019978475756943226,0.5,0.0,-22.095507677766324,-2.1363631471851234,-2.9027225210944074,14.45958642443923
1769384572.4577153,1769384572457724515,Sr02_gA_IMG1_LID0_STA1_CFC64_OH0,0126_0041,A,0.5127405524253845,0.0009878964629024267,0.5,0.0,-22.14407991709827,-2.148226403602844,-2.9013521829282967,14.43084850066013
1769384572.5796678,1769384572579675474,Sr02_gA_IMG1_LID0_STA1_CFC64_OH0,0126_0041,A,0.5184231996536255,0.007390814833343029,0.5,0.0,-22.216915357930485,-2.166114879430239,-2.9004864763261637,14.388038982248107
1769384572.6995654,1769384572699572832,Sr02_gA_IMG1_LID0_STA1_CFC64_OH0,0126_0041,A,0.5167899131774902,0.0017101448029279709,0.5,0.0,-22.26546736811947,-2.178060672519886,-2.900200344934444,14.359663116708008
1769384572.8242273,1769384572824234468,Sr02_gA_IMG1_LID0_STA1_CFC64_OH0,0126_0041,A,0.5166399478912354,0.0013780284207314253,0.5,0.0,-22.338305159681273,-2.195939525498325,-2.9017584921985944,14.317287380113306
1769384572.9468923,1769384572946904249,Sr02_gA_IMG1_LID0_STA1_CFC64_OH0,0126_0041,A,0.5290037393569946,-0.05423596873879433,0.5,0.0,-22.386874021833666,-2.20781661740904,-2.9017578419013765,14.289149850741477
1769384573.0743022,1769384573074309703,Sr02_gA_IMG1_LID0_STA1_CFC64_OH0,0126_0041,A,0.5111751556396484,-0.02481701411306858,0.5,0.0,-22.459727533615947,-2.2256313615037056,-2.9017738702995435,14.247167613131445
1769384573.195744,1769384573195751514,Sr02_gA_IMG1_LID0_STA1_CFC64_OH0,0126_0041,A,0.5141405463218689,-0.16050897538661957,0.5,-0.5,-22.50829595752504,-2.237510245247308,-2.90161105552431,14.219332408671617
1769384573.3141003,1769384573314107742,Sr02_gA_IMG1_LID0_STA1_CFC64_OH0,0126_0041,A,0.5142872333526611,-0.1607988178730011,0.5,-0.5,-22.556858675780816,-2.249412428443333,-2.900871976613892,14.191638758744453
1769384573.4391248,1769384573439132460,Sr02_gA_IMG1_LID0_STA1_CFC64_OH0,0126_0041,A,0.5070828199386597,-0.09653221815824509,0.5,0.0,-22.62969111325367,-2.267313134490409,-2.900445031143987,14.150368755906499
1769384573.5563304,1769384573556338105,Sr02_gA_IMG1_LID0_STA1_CFC64_OH0,0126_0041,A,0.4892571270465851,-0.01424807496368885,0.5,0.0,-22.678243476712446,-2.279257492219417,-2.9003039071147776,14.123018798468484
1769384573.790438,1769384573790445824,Sr02_gA_IMG1_LID0_STA1_CFC64_OH0,0126_0041,A,0.5052926540374756,-0.2915835380554199,0.5,-0.5,-22.751119328003448,-2.2969316065695717,-2.907409201150215,14.082026302875533
1769384573.9127567,1769384573912763702,Sr02_gA_IMG1_LID0_STA1_CFC64_OH0,0126_0041,A,0.5048866868019104,-0.3020334243774414,0.5,-0.5,-22.84835347153107,-2.3197719339442875,-2.9193977055939486,14.0272579226736
1769384574.034232,1769384574034240558,Sr02_gA_IMG1_LID0_STA1_CFC64_OH0,0126_0041,A,0.49562782049179077,-0.34912413358688354,0.5,-0.5,-22.921701773336284,-2.3354165269561284,-2.9435087925883443,13.98517352840024
1769384574.1549017,1769384574154909995,Sr02_gA_IMG1_LID0_STA1_CFC64_OH0,0126_0041,A,0.5113992691040039,-0.43380582332611084,0.5,-0.5,-22.97076715187819,-2.3449779604836225,-2.9540242712493305,13.95654663455502
1769384574.2744892,1769384574274497458,Sr02_gA_IMG1_LID0_STA1_CFC64_OH0,0126_0041,A,0.5370831489562988,-0.3093569874763489,0.5,-0.5,-23.044479514936153,-2.3586404154652,-2.9600069976605146,13.913275573245306
1769384574.3901904,1769384574390199294,Sr02_gA_IMG1_LID0_STA1_CFC64_OH0,0126_0041,A,0.5122824311256409,-0.26913022994995117,0.5,-0.5,-23.093663856632208,-2.367634846626609,-2.961431802826704,13.884467804644094
1769384574.5129755,1769384574512984119,Sr02_gA_IMG1_LID0_STA1_CFC64_OH0,0126_0041,A,0.5313118696212769,-0.28848254680633545,0.5,-0.5,-23.142524166993116,-2.3763495885103496,-2.972834101316352,13.85581409650976
1769384574.6375008,1769384574637508314,Sr02_gA_IMG1_LID0_STA1_CFC64_OH0,0126_0041,A,0.5241475701332092,-0.3212296664714813,0.5,-0.5,-23.21646839037575,-2.387309799973122,-3.0169327080449473,13.811101594449806
1769384574.762895,1769384574762903397,Sr02_gA_IMG1_LID0_STA1_CFC64_OH0,0126_0041,A,0.5148131847381592,-0.290587455034256,0.5,-0.5,-23.26616171613743,-2.3926834881460146,-3.0512908031417374,13.77978788720811
1769384574.880144,1769384574880151772,Sr02_gA_IMG1_LID0_STA1_CFC64_OH0,0126_0041,A,0.48636096715927124,-0.2387935221195221,0.5,-0.5,-23.34095031861276,-2.3972629333410485,-3.1116174436950135,13.730373059440675
1769384575.005027,1769384575005035944,Sr02_gA_IMG1_LID0_STA1_CFC64_OH0,0126_0041,A,0.4873744547367096,-0.26290133595466614,0.5,-0.5,-23.39091306080673,-2.397975573173237,3.14038162561016,13.695816434706364
1769384575.1277401,1769384575127747680,Sr02_gA_IMG1_LID0_STA1_CFC64_OH0,0126_0041,A,0.4822825789451599,-0.2822895646095276,0.5,-0.5,-23.465889323497517,-2.3963104710052536,3.0986270374445093,13.642180422323857
1769384575.245068,1769384575245077366,Sr02_gA_IMG1_LID0_STA1_CFC64_OH0,0126_0041,A,0.5137116312980652,-0.31074976921081543,0.5,-0.5,-23.515805272192956,-2.3934426595601264,3.0697788302916726,13.605321174519576
1769384575.3651268,1769384575365134471,Sr02_gA_IMG1_LID0_STA1_CFC64_OH0,0126_0041,A,0.4916535019874573,-0.3708295226097107,0.5,-0.5,-23.56561157468951,-2.389070231449754,3.0379834102793892,13.567539764832798
1769384575.482909,1769384575482916457,Sr02_gA_IMG1_LID0_STA1_CFC64_OH0,0126_0041,A,0.4951281249523163,-0.3772194981575012,0.5,-0.5,-23.63999894860775,-2.3796137091655214,2.9936596822794956,13.509147549306519
1769384575.6070518,1769384575607058864,Sr02_gA_IMG1_LID0_STA1_CFC64_OH0,0126_0041,A,0.4954039454460144,-0.30022358894348145,0.5,-0.5,-23.689360150540562,-2.3716542751380447,2.969780353421529,13.469272525162731
1769384575.725686,1769384575725694025,Sr02_gA_IMG1_LID0_STA1_CFC64_OH0,0126_0041,A,0.5205399990081787,-0.272807776927948,0.5,-0.5,-23.76299039584819,-2.3574112516145114,2.9308273914632554,13.408198686474595
1769384575.8465292,1769384575846537267,Sr02_gA_IMG1_LID0_STA1_CFC64_OH0,0126_0041,A,0.5191779136657715,-0.2546818256378174,0.5,-0.5,-23.811731879962533,-2.34627114369191,2.9027923779404774,13.366602858764386
1769384575.9706337,1769384575970641652,Sr02_gA_IMG1_LID0_STA1_CFC64_OH0,0126_0041,A,0.5191721320152283,-0.2687893509864807,0.5,-0.5,-23.860121436536314,-2.3336914262777997,2.8717174726624948,13.324257324347805
1769384576.094126,1769384576094133755,Sr02_gA_IMG1_LID0_STA1_CFC64_OH0,0126_0041,A,0.5217220187187195,-0.29051804542541504,0.5,-0.5,-23.9318467618347,-2.3118604628080996,2.8186459799637307,13.259262867510461
1769384576.2170439,1769384576217051768,Sr02_gA_IMG1_LID0_STA1_CFC64_OH0,0126_0041,A,0.511841893196106,-0.40796005725860596,0.5,-0.5,-23.978951480791803,-2.2951019232201837,2.780924084066908,13.214864843663213
1769384576.3411717,1769384576341180036,Sr02_gA_IMG1_LID0_STA1_CFC64_OH0,0126_0041,A,0.4927878677845001,-0.34939008951187134,0.5,-0.5,-24.04844917720276,-2.2669604789671496,2.734206076577549,13.146929398636395
1769384576.4641035,1769384576464110983,Sr02_gA_IMG1_LID0_STA1_CFC64_OH0,0126_0041,A,0.4918631911277771,-0.36099860072135925,0.5,-0.5,-24.09408124416577,-2.246526216749014,2.706925322216965,13.100928416785964
1769384576.5872836,1769384576587296920,Sr02_gA_IMG1_LID0_STA1_CFC64_OH0,0126_0041,A,0.5077618360519409,-0.3609347641468048,0.5,-0.5,-24.161487097628676,-2.2136512244903326,2.6685820297510814,13.031052544216273
1769384576.7043016,1769384576704309439,Sr02_gA_IMG1_LID0_STA1_CFC64_OH0,0126_0041,A,0.5250083804130554,-0.39201128482818604,0.5,-0.5,-24.205685663339455,-2.1902773944172207,2.6417031416207024,12.983926955696619
1769384576.8253326,1769384576825341095,Sr02_gA_IMG1_LID0_STA1_CFC64_OH0,0126_0041,A,0.5247201323509216,-0.3999219238758087,0.5,-0.5,-24.270719506744953,-2.1529315144556196,2.5985600956354906,12.912446892913175
1769384576.9468946,1769384576946902036,Sr02_gA_IMG1_LID0_STA1_CFC64_OH0,0126_0041,A,0.49369004368782043,-0.4852517247200012,0.5,-0.5,-24.312940677581313,-2.126346582442403,2.5595056375285887,12.864334987447094
1769384577.066614,1769384577066621734,Sr02_gA_IMG1_LID0_STA1_CFC64_OH0,0126_0041,A,0.5126428008079529,-0.4573318064212799,0.5,-0.5,-24.3542178717137,-2.098134199187692,2.52456663743968,12.815670179115454
1769384577.194947,1769384577194954437,Sr02_gA_IMG1_LID0_STA1_CFC64_OH0,0126_0041,A,0.49384990334510803,-0.45551589131355286,0.5,-0.5,-24.41420173978354,-2.053127801475789,2.470881274304156,12.742004171416237
1769384577.3147917,1769384577314799982,Sr02_gA_IMG1_LID0_STA1_CFC64_OH0,0126_0041,A,0.4922958016395569,-0.45115604996681213,0.5,-0.5,-24.452801402123168,-2.021350540749871,2.4347865737336787,12.692524557010048
1769384577.4355462,1769384577435556429,Sr02_gA_IMG1_LID0_STA1_CFC64_OH0,0126_0041,A,0.5036452412605286,-0.6148594617843628,0.5,-0.5,-24.508399221520982,-1.9710288410601302,2.3766065096911815,12.61789311804105
1769384577.5596209,1769384577559630745,Sr02_gA_IMG1_LID0_STA1_CFC64_OH0,0126_0041,A,0.505581259727478,-0.3842308521270752,0.5,-0.5,-24.54376690401341,-1.9356905689772976,2.3366143742638616,12.567955878738784
1769384577.6879036,1769384577687910899,Sr02_gA_IMG1_LID0_STA1_CFC64_OH0,0126_0041,A,0.4910697340965271,-0.28625527024269104,0.5,-0.5,-24.59374289145196,-1.8798518159661421,2.265026973380379,12.493020599228556
1769384577.8088517,1769384577808858817,Sr02_gA_IMG1_LID0_STA1_CFC64_OH0,0126_0041,A,0.4919825494289398,-0.27573782205581665,0.5,-0.5,-24.6248429087968,-1.8407065371388354,2.2192938316485837,12.443133038618639
1769384577.9284058,1769384577928414637,Sr02_gA_IMG1_LID0_STA1_CFC64_OH0,0126_0041,A,0.42612361907958984,-0.537550687789917,0.5,-0.5,-24.66806430597023,-1.7794307239062457,2.1510609932095597,12.368717065548072
1769384578.045446,1769384578045453874,Sr02_gA_IMG1_LID0_STA1_CFC64_OH0,0126_0041,A,0.48729729652404785,-0.1405152529478073,0.5,0.0,-24.694524157382826,-1.7370107774806869,2.105945438770958,12.319534987374176
1769384578.1724124,1769384578172422581,Sr02_gA_IMG1_LID0_STA1_CFC64_OH0,0126_0041,A,0.493953138589859,-0.027613459154963493,0.5,0.0,-24.718931862455598,-1.693397198368744,2.056017926881179,12.270860743709445
1769384578.2965853,1769384578296592826,Sr02_gA_IMG1_LID0_STA1_CFC64_OH0,0126_0041,A,0.49606794118881226,-0.02553957886993885,0.5,0.0,-24.7517368557556,-1.6260004309360796,1.9945322866639439,12.198981439265204
1769384578.4154317,1769384578415439392,Sr02_gA_IMG1_LID0_STA1_CFC64_OH0,0126_0041,A,0.48943597078323364,-0.018947338685393333,0.5,0.0,-24.771531750003334,-1.5801246041284636,1.9635348882562351,12.1517899342487
1769384578.5378666,1769384578537874424,Sr02_gA_IMG1_LID0_STA1_CFC64_OH0,0126_0041,A,0.49902671575546265,-0.025265509262681007,0.5,0.0,-24.798781103075363,-1.510255675772289,1.921963925914223,12.08192482277259
1769384578.6590962,1769384578659105022,Sr02_gA_IMG1_LID0_STA1_CFC64_OH0,0126_0041,A,0.4967280924320221,-0.06306963413953781,0.5,0.0,-24.814946803011747,-1.4633771455311784,1.8801491888649562,12.03652134995245
1769384578.7815828,1769384578781590710,Sr02_gA_IMG1_LID0_STA1_CFC64_OH0,0126_0041,A,0.49770021438598633,-0.051070984452962875,0.5,0.0,-24.83603465858497,-1.392138053907409,1.8459038917175319,11.969956607915508
1769384578.9008386,1769384578900847546,Sr02_gA_IMG1_LID0_STA1_CFC64_OH0,0126_0041,A,0.4878074824810028,-0.08607271313667297,0.5,0.0,-24.849535881513912,-1.3440274288310654,1.843000997651979,11.925559696815045
1769384579.0218973,1769384579021903656,Sr02_gA_IMG1_LID0_STA1_CFC64_OH0,0126_0041,A,0.49272412061691284,-0.04247860983014107,0.5,0.0,-24.862915348810787,-1.2958507938765684,1.840405564817234,11.881242173448982
1769384579.1433349,1769384579143342193,Sr02_gA_IMG1_LID0_STA1_CFC64_OH0,0126_0041,A,0.492275208234787,-0.040010105818510056,0.5,0.0,-24.882784594181363,-1.2235306130516006,1.8374975413244414,11.814947971872988
1769384579.2666488,1769384579266656708,Sr02_gA_IMG1_LID0_STA1_CFC64_OH0,0126_0041,A,0.4940952658653259,-0.06315487623214722,0.5,0.0,-24.895901184908926,-1.1752817436299563,1.834970999365217,11.770873277992042
1769384579.3934817,1769384579393489879,Sr02_gA_IMG1_LID0_STA1_CFC64_OH0,0126_0041,A,0.4911050796508789,-0.001274939626455307,0.5,0.0,-24.915216695220337,-1.1028176433715215,1.8269043892243177,11.7050327081615
1769384579.514805,1769384579514812279,Sr02_gA_IMG1_LID0_STA1_CFC64_OH0,0126_0041,A,0.4930335581302643,-0.03188758343458176,0.5,0.0,-24.927759001016998,-1.054416353993115,1.8217972984203936,11.661365414002258
1769384579.642133,1769384579642141873,Sr02_gA_IMG1_LID0_STA1_CFC64_OH0,0126_0041,A,0.49339017271995544,-0.031159507110714912,0.5,0.0,-24.94594212874283,-0.9816561645675389,1.8092424194519146,11.59628361930154
1769384579.778197,1769384579778207374,Sr02_gA_IMG1_LID0_STA1_CFC64_OH0,0126_0041,A,0.4923848807811737,-0.0050521534867584705,0.5,0.0,-24.957644444359225,-0.9330554667851507,1.804957993414248,11.553186890536297
1769384579.898832,1769384579898840136,Sr02_gA_IMG1_LID0_STA1_CFC64_OH0,0126_0041,A,0.4919915199279785,-0.04126749932765961,0.5,0.0,-24.974825241434385,-0.860049976472009,1.7984936071548108,11.488831677789122
1769384580.02169,1769384580021697952,Sr02_gA_IMG1_LID0_STA1_CFC64_OH0,0126_0041,A,0.4904569983482361,-0.0163711104542017,0.5,0.0,-24.985958096608062,-0.8113052238549797,1.792178131233886,11.446171466487936
1769384580.1419902,1769384580141999571,Sr02_gA_IMG1_LID0_STA1_CFC64_OH0,0126_0041,A,0.49060845375061035,-0.01571933552622795,0.5,0.0,-25.002346495771516,-0.7381290922746858,1.7899191368433789,11.382469303885992
1769384580.2717862,1769384580271793979,Sr02_gA_IMG1_LID0_STA1_CFC64_OH0,0126_0041,A,0.4977634847164154,-0.031367965042591095,0.5,0.0,-25.013137338697756,-0.6893074242042165,1.7867303838561353,11.340145960211979
1769384580.3933234,1769384580393331251,Sr02_gA_IMG1_LID0_STA1_CFC64_OH0,0126_0041,A,0.48816978931427,0.00015007611364126205,0.5,0.0,-25.029038121781973,-0.6160124385894792,1.7825785926666193,11.276936062190643
1769384580.5194502,1769384580519457662,Sr02_gA_IMG1_LID0_STA1_CFC64_OH0,0126_0041,A,0.4983166456222534,0.0013477542670443654,0.5,0.0,-25.039535906375345,-0.5671268972864,1.7820733765957233,11.234933711152792
1769384580.6402886,1769384580640296942,Sr02_gA_IMG1_LID0_STA1_CFC64_OH0,0126_0041,A,0.4982115924358368,0.0020214305259287357,0.5,0.0,-25.05506272087958,-0.49375332185071447,1.7762506326913992,11.172177962257196
1769384580.7619643,1769384580761971623,Sr02_gA_IMG1_LID0_STA1_CFC64_OH0,0126_0041,A,0.4973597526550293,-0.012245062738656998,0.5,0.0,-25.06522326046334,-0.44479658011356166,1.7746200226516406,11.13053191798057
1769384580.883133,1769384580883140843,Sr02_gA_IMG1_LID0_STA1_CFC64_OH0,0126_0041,A,0.49708816409111023,-0.010460324585437775,0.5,0.0,-25.080316272487003,-0.37133095962371243,1.7719491650080592,11.068276826456687
1769384581.0057206,1769384581005727929,Sr02_gA_IMG1_LID0_STA1_CFC64_OH0,0126_0041,A,0.4876663386821747,-0.022945016622543335,0.5,0.0,-25.0902293698181,-0.32232353024803073,1.7688123745624655,11.026947069843608
1769384581.126121,1769384581126127451,Sr02_gA_IMG1_LID0_STA1_CFC64_OH0,0126_0041,A,0.48776042461395264,-0.0224603284150362,0.5,0.0,-25.100051283959328,-0.2732977239940082,1.7685121781358284,10.985742092576787
1769384581.2431467,1769384581243154732,Sr02_gA_IMG1_LID0_STA1_CFC64_OH0,0126_0041,A,0.4952128231525421,-0.011313177645206451,0.5,0.0,-25.114787944318554,-0.19975977383421042,1.7686731693603481,10.924070102512168
1769384581.3644016,1769384581364410714,Sr02_gA_IMG1_LID0_STA1_CFC64_OH0,0126_0041,A,0.4880429804325104,-0.02701527439057827,0.5,0.0,-25.12462230102212,-0.15073646200492316,1.7688753119387963,10.883042637203324
1769384581.4878137,1769384581487819975,Sr02_gA_IMG1_LID0_STA1_CFC64_OH0,0126_0041,A,0.4882103502750397,-0.02635408379137516,0.5,0.0,-25.13934223334442,-0.07719516990902152,1.7675022539916825,10.821661526109857
1769384581.6070585,1769384581607066710,Sr02_gA_IMG1_LID0_STA1_CFC64_OH0,0126_0041,A,0.49460214376449585,-0.0028294739313423634,0.5,0.0,-25.14908857687797,-0.02815428652852487,1.7664562231381535,10.780876020512975
1769384581.7243283,1769384581724335174,Sr02_gA_IMG1_LID0_STA1_CFC64_OH0,0126_0041,A,0.4901927411556244,-0.08811106532812119,0.5,0.0,-25.15875881269574,0.020901652533515294,1.7642865814981223,10.740213593899899
1769384581.8410165,1769384581841024670,Sr02_gA_IMG1_LID0_STA1_CFC64_OH0,0126_0041,A,0.4968563914299011,-0.08752646297216415,0.5,0.0,-25.17305522826994,0.09452642073827058,1.7610096150492311,10.679493678996836
1769384581.9595492,1769384581959557532,Sr02_gA_IMG1_LID0_STA1_CFC64_OH0,0126_0041,A,0.49698761105537415,-0.08523012697696686,0.5,0.0,-25.182480869799384,0.143629951142308,1.7598782967602358,10.63917838847331
1769384582.0743566,1769384582074364839,Sr02_gA_IMG1_LID0_STA1_CFC64_OH0,0126_0041,A,0.48715242743492126,-0.1458652913570404,0.5,0.0,-25.19183205739494,0.1927477054826645,1.7576478478853477,10.598990768072543
1769384582.1957927,1769384582195800317,Sr02_gA_IMG1_LID0_STA1_CFC64_OH0,0126_0041,A,0.5044729709625244,0.04661471024155617,0.5,0.0,-25.205616480160852,0.2664700326284267,1.7536550699068167,10.539014986729715
1769384582.321531,1769384582321538767,Sr02_gA_IMG1_LID0_STA1_CFC64_OH0,0126_0041,A,0.5048349499702454,0.04802798852324486,0.5,0.0,-25.214690604317667,0.31563973799078404,1.7531368592617282,10.499209525268936
1769384582.4438777,1769384582443884908,Sr02_gA_IMG1_LID0_STA1_CFC64_OH0,0126_0041,A,0.4905572235584259,0.05673856660723686,0.5,0.0,-25.228049750625843,0.3894045695218597,1.744037779273022,10.439846281323733
1769384582.5601358,1769384582560142531,Sr02_gA_IMG1_LID0_STA1_CFC64_OH0,0126_0041,A,0.4987408220767975,0.0037218418437987566,0.5,0.0,-25.236452910067893,0.4386932155912523,1.7352851471671653,10.400682939158038
1769384582.683181,1769384582683189629,Sr02_gA_IMG1_LID0_STA1_CFC64_OH0,0126_0041,A,0.4954286217689514,-0.009122759103775024,0.5,0.0,-25.244427975986564,0.4880529439641302,1.7267162200076558,10.361885622336256
1769384582.8032482,1769384582803256825,Sr02_gA_IMG1_LID0_STA1_CFC64_OH0,0126_0041,A,0.4958525002002716,-0.008996052667498589,0.5,0.0,-25.255361660772415,0.5622298613685812,1.7063351167091068,10.304552192391867
1769384582.9238605,1769384582923868485,Sr02_gA_IMG1_LID0_STA1_CFC64_OH0,0126_0041,A,0.49215927720069885,-0.025169264525175095,0.5,0.0,-25.261951039696985,0.6116005317812052,1.7042759962593803,10.267035998470961
1769384583.0430365,1769384583043044375,Sr02_gA_IMG1_LID0_STA1_CFC64_OH0,0126_0041,A,0.4805454909801483,-0.1005842462182045,0.5,0.0,-25.27219655553128,0.6858972645379108,1.7115107510783576,10.2105280015773
1769384583.1673849,1769384583167394533,Sr02_gA_IMG1_LID0_STA1_CFC64_OH0,0126_0041,A,0.5023021101951599,-0.10326145589351654,0.5,0.0,-25.279349486840847,0.735382904361485,1.7171845966033354,10.172773986938278
1769384583.2920425,1769384583292049433,Sr02_gA_IMG1_LID0_STA1_CFC64_OH0,0126_0041,A,0.5022731423377991,-0.10231631249189377,0.5,0.0,-25.28670261338213,0.7848276837953911,1.7187547916628543,10.135000394691636
1769384583.4168398,1769384583416847844,Sr02_gA_IMG1_LID0_STA1_CFC64_OH0,0126_0041,A,0.48961639404296875,-0.019536735489964485,0.5,0.0,-25.297726083460613,0.8590131380387276,1.7176432814654066,10.07853237629455
1769384583.5359383,1769384583535946488,Sr02_gA_IMG1_LID0_STA1_CFC64_OH0,0126_0041,A,0.495344340801239,-0.0015350263565778732,0.5,0.0,-25.30501976216413,0.9084782951212873,1.7167424105107767,10.041058886902801
1769384583.661288,1769384583661295584,Sr02_gA_IMG1_LID0_STA1_CFC64_OH0,0126_0041,A,0.5064447522163391,0.08853215724229813,0.5,0.0,-25.315825882931044,0.9826841641641079,1.7132452149829267,9.98515249987833
1769384583.7882662,1769384583788273783,Sr02_gA_IMG1_LID0_STA1_CFC64_OH0,0126_0041,A,0.5066402554512024,0.08903299272060394,0.5,0.0,-25.322678200130404,1.0321907363514096,1.7033137705144006,9.94826923545827
1769384583.908265,1769384583908275044,Sr02_gA_IMG1_LID0_STA1_CFC64_OH0,0126_0041,A,0.49423351883888245,0.08657810837030411,0.5,0.0,-25.332015526716127,1.1066064701258524,1.687878123618908,9.893789657759925
1769384584.030648,1769384584030655267,Sr02_gA_IMG1_LID0_STA1_CFC64_OH0,0126_0041,A,0.48889681696891785,0.1580239087343216,0.5,0.0,-25.33760166555487,1.1562932179670942,1.6776370569625814,9.8580674139181
1769384584.1529782,1769384584152987330,Sr02_gA_IMG1_LID0_STA1_CFC64_OH0,0126_0041,A,0.4853094816207886,0.1912371963262558,0.5,0.0,-25.34539072779039,1.2308553986392337,1.6734993004492165,9.805158120980952
1769384584.277817,1769384584277824722,Sr02_gA_IMG1_LID0_STA1_CFC64_OH0,0126_0041,A,0.4849853217601776,0.19302012026309967,0.5,0.0,-25.350513035869625,1.2805923229329113,1.673345794229466,9.770082750526642
1769384584.404416,1769384584404427264,Sr02_gA_IMG1_LID0_STA1_CFC64_OH0,0126_0041,A,0.4982401132583618,0.016503000631928444,0.5,0.0,-25.35850681776339,1.3551222765946929,1.684002291697625,9.717517680477679
1769384584.5253975,1769384584525406132,Sr02_gA_IMG1_LID0_STA1_CFC64_OH0,0126_0041,A,0.49646374583244324,-0.06942552328109741,0.5,0.0,-25.364376114647573,1.4047764256641608,1.692905576024389,9.68223277554077
1769384584.6466467,1769384584646655098,Sr02_gA_IMG1_LID0_STA1_CFC64_OH0,0126_0041,A,0.4963461458683014,-0.06924442946910858,0.5,0.0,-25.373994039264993,1.4791453255130775,1.7062433025069335,9.628974685238678
1769384584.7669184,1769384584766925854,Sr02_gA_IMG1_LID0_STA1_CFC64_OH0,0126_0041,A,0.5113170742988586,0.0013837027363479137,0.5,0.0,-25.381128494699883,1.528612073808352,1.721928233764494,9.59312613216162
1769384584.8888366,1769384584888844379,Sr02_gA_IMG1_LID0_STA1_CFC64_OH0,0126_0041,A,0.49612176418304443,-0.014230504631996155,0.5,0.0,-25.38909784441726,1.5779679796507542,1.740372989795275,9.556807626687215
1769384585.0101037,1769384585010111799,Sr02_gA_IMG1_LID0_STA1_CFC64_OH0,0126_0041,A,0.502971887588501,0.022088775411248207,0.5,0.0,-25.40282109229996,1.6516991070282243,1.7692903006940006,9.501332165869856
1769384585.1346123,1769384585134619792,Sr02_gA_IMG1_LID0_STA1_CFC64_OH0,0126_0041,A,0.502519428730011,0.022556548938155174,0.5,0.0,-25.41284050211021,1.700526764038525,1.7746438992404008,9.463996590181361
1769384585.259194,1769384585259200390,Sr02_gA_IMG1_LID0_STA1_CFC64_OH0,0126_0041,A,0.49865275621414185,0.034011658281087875,0.5,0.0,-25.427887491135262,1.7739673509506888,1.7683628350475638,9.40807775665574
1769384585.38079,1769384585380797780,Sr02_gA_IMG1_LID0_STA1_CFC64_OH0,0126_0041,A,0.4972490966320038,-0.04444859176874161,0.5,0.0,-25.437531857527706,1.8230282915138145,1.761438403387782,9.371198655558167
1769384585.5169272,1769384585516936330,Sr02_gA_IMG1_LID0_STA1_CFC64_OH0,0126_0041,A,0.49147453904151917,0.04837679862976074,0.5,0.0,-25.451627904636016,1.896667116111283,1.7598768419332125,9.316381356725659
1769384585.6413026,1769384585641311223,Sr02_gA_IMG1_LID0_STA1_CFC64_OH0,0126_0041,A,0.4916384220123291,0.04952176660299301,0.5,0.0,-25.46099075312712,1.9457826567161514,1.758453805745513,9.280007689812786
1769384585.7626657,1769384585762674101,Sr02_gA_IMG1_LID0_STA1_CFC64_OH0,0126_0041,A,0.4966352581977844,0.048983778804540634,0.5,0.0,-25.475104461101875,2.01944214148676,1.7617745960324362,9.225637854697618
1769384585.8834696,1769384585883477999,Sr02_gA_IMG1_LID0_STA1_CFC64_OH0,0126_0041,A,0.5036011934280396,0.05693576857447624,0.5,0.0,-25.48465079190348,2.068522343106545,1.7640302472091887,9.189455668483259
1769384586.006553,1769384586006561172,Sr02_gA_IMG1_LID0_STA1_CFC64_OH0,0126_0041,A,0.4929032623767853,-0.04234032705426216,0.5,0.0,-25.499207407225054,2.1420628069692063,1.7670763075718432,9.135278073794623
1769384586.1274266,1769384586127433668,Sr02_gA_IMG1_LID0_STA1_CFC64_OH0,0126_0041,A,0.4926561117172241,-0.04113760218024254,0.5,0.0,-25.508849492149803,2.1911242557387793,1.76263146064324,9.099355219582334
1769384586.2441287,1769384586244136524,Sr02_gA_IMG1_LID0_STA1_CFC64_OH0,0126_0041,A,0.5001528859138489,-0.06519173085689545,0.5,0.0,-25.523349933324535,2.264666377274722,1.7690685450097556,9.045719111351545
1769384586.3621035,1769384586362110901,Sr02_gA_IMG1_LID0_STA1_CFC64_OH0,0126_0041,A,0.49704355001449585,-0.015631452202796936,0.5,0.0,-25.533320055568172,2.3136622060292917,1.7740207135024708,9.009897974316148
1769384586.483937,1769384586483946527,Sr02_gA_IMG1_LID0_STA1_CFC64_OH0,0126_0041,A,0.49614855647087097,-0.016438698396086693,0.5,0.0,-25.54353184775297,2.3626082372498534,1.7789298435212886,8.974039692152855
1769384586.6071253,1769384586607223234,Sr02_gA_IMG1_LID0_STA1_CFC64_OH0,0126_0041,A,0.49609026312828064,-0.01577974483370781,0.5,0.0,-25.55933167981837,2.4359248851549156,1.7873111492188847,8.920162497122629
1769384586.7274823,1769384586727491774,Sr02_gA_IMG1_LID0_STA1_CFC64_OH0,0126_0041,A,0.48872485756874084,0.028300026431679726,0.5,0.0,-25.570002203497385,2.4847181935735208,1.7840767883491213,8.884346372621907
1769384586.8529382,1769384586852946154,Sr02_gA_IMG1_LID0_STA1_CFC64_OH0,0126_0041,A,0.4964372217655182,0.03304886445403099,0.5,0.0,-25.585646248335863,2.5580683409541822,1.777389010701617,8.831095479611223
1769384586.9717011,1769384586971709905,Sr02_gA_IMG1_LID0_STA1_CFC64_OH0,0126_0041,A,0.49657300114631653,0.033462271094322205,0.5,0.0,-25.5957429740633,2.607038198589962,1.7708698497053263,8.796012901983678
1769384587.096899,1769384587096907472,Sr02_gA_IMG1_LID0_STA1_CFC64_OH0,0126_0041,A,0.49513134360313416,-0.0049385675229132175,0.5,0.0,-25.60559211120791,2.6560471547349396,1.7682148333770344,8.76126282736223
1769384587.2220938,1769384587222100560,Sr02_gA_IMG1_LID0_STA1_CFC64_OH0,0126_0041,A,0.4910925626754761,-0.032930999994277954,0.5,0.0,-25.620214296042047,2.7296079338152905,1.765789395509908,8.709518699421789
1769384587.3424535,1769384587342461132,Sr02_gA_IMG1_LID0_STA1_CFC64_OH0,0126_0041,A,0.47838467359542847,-0.006608117837458849,0.5,0.0,-25.62986357645253,2.778668004664529,1.7642114231031925,8.675284882222968
1769384587.463523,1769384587463530216,Sr02_gA_IMG1_LID0_STA1_CFC64_OH0,0126_0041,A,0.4791475534439087,-0.005059644114226103,0.5,0.0,-25.644342506545364,2.852245776202416,1.767073695707474,8.624225088990942
1769384587.5913615,1769384587591370231,Sr02_gA_IMG1_LID0_STA1_CFC64_OH0,0126_0041,A,0.49400994181632996,-0.01519816741347313,0.5,0.0,-25.65417228877256,2.901269982537016,1.7703310848111438,8.590243386440415
1769384587.7153661,1769384587715375306,Sr02_gA_IMG1_LID0_STA1_CFC64_OH0,0126_0041,A,0.4952283203601837,-0.035636499524116516,0.5,0.0,-25.669222422336766,2.974744338333282,1.7753462828897475,8.539336232984986
1769384587.8358562,1769384587835865612,Sr02_gA_IMG1_LID0_STA1_CFC64_OH0,0126_0041,A,0.49406158924102783,-0.01081879623234272,0.5,0.0,-25.679366530295997,3.0237009394335095,1.774864871178264,8.505514576054575
1769384587.9565833,1769384587956590800,Sr02_gA_IMG1_LID0_STA1_CFC64_OH0,0126_0041,A,0.4941171705722809,-0.010105645284056664,0.5,0.0,-25.69444232426917,3.0971700545436702,1.77129146047996,8.455186566661213
1769384588.074275,1769384588074282974,Sr02_gA_IMG1_LID0_STA1_CFC64_OH0,0126_0041,A,0.4969528019428253,-0.05298404023051262,0.5,0.0,-25.704383862029992,3.1461717424637405,1.770630648215689,8.421921644016273
1769384588.1938827,1769384588193889828,Sr02_gA_IMG1_LID0_STA1_CFC64_OH0,0126_0041,A,0.49732980132102966,-0.018501313403248787,0.5,0.0,-25.714296090240378,3.1951793679997227,1.77010919873504,8.388845294584653
1769384588.3157296,1769384588315737465,Sr02_gA_IMG1_LID0_STA1_CFC64_OH0,0126_0041,A,0.5002918839454651,-0.04721691086888313,0.5,0.0,-25.72909303103121,3.2687052009814477,1.7683364104454908,8.339601964580817
1769384588.43715,1769384588437157828,Sr02_gA_IMG1_LID0_STA1_CFC64_OH0,0126_0041,A,0.5002174377441406,-0.04667820781469345,0.5,0.0,-25.738818544463523,3.317750194864218,1.7647727819611458,8.307094974635794
1769384588.5569427,1769384588556950231,Sr02_gA_IMG1_LID0_STA1_CFC64_OH0,0126_0041,A,0.49242353439331055,0.007587084546685219,0.5,0.0,-25.753166668136817,3.391364925957021,1.762405416309049,8.258849833727906
1769384588.6837606,1769384588683914028,Sr02_gA_IMG1_LID0_STA1_CFC64_OH0,0126_0041,A,0.4801660180091858,-0.09212025254964828,0.5,0.0,-25.762663470723176,3.440454743740418,1.7613877213899942,8.226962986465251
1769384588.8101406,1769384588810146780,Sr02_gA_IMG1_LID0_STA1_CFC64_OH0,0126_0041,A,0.4804155230522156,-0.09088219702243805,0.5,0.0,-25.776610741055695,3.5141346916586866,1.7539246216499758,8.179714134549549
1769384588.930793,1769384588930801574,Sr02_gA_IMG1_LID0_STA1_CFC64_OH0,0126_0041,A,0.5150699019432068,-0.11154941469430923,0.5,0.0,-25.785669870504474,3.5633071542287227,1.7517873273000657,8.148632898532
1769384589.0504417,1769384589050450456,Sr02_gA_IMG1_LID0_STA1_CFC64_OH0,0126_0041,A,0.4889433979988098,-0.061945680528879166,0.5,0.0,-25.79890889057578,3.6371292657181007,1.7447155820346094,8.102647134134118
1769384589.173229,1769384589173237939,Sr02_gA_IMG1_LID0_STA1_CFC64_OH0,0126_0041,A,0.5155908465385437,0.037999581545591354,0.5,0.0,-25.80744611384624,3.686394983633608,1.7400477688557487,8.072465229678038
1769384589.2973742,1769384589297381462,Sr02_gA_IMG1_LID0_STA1_CFC64_OH0,0126_0041,A,0.5156322121620178,0.038733839988708496,0.5,0.0,-25.815853343217825,3.735671809042849,1.7401106524366798,8.04259184375867
1769384589.4150684,1769384589415076821,Sr02_gA_IMG1_LID0_STA1_CFC64_OH0,0126_0041,A,0.4877278804779053,-0.1381455808877945,0.5,0.0,-25.828278626625774,3.809573648994477,1.7313658157700718,7.998330491076073
1769384589.5362,1769384589536210013,Sr02_gA_IMG1_LID0_STA1_CFC64_OH0,0126_0041,A,0.4984239339828491,-0.057766471058130264,0.5,0.0,-25.836048254962087,3.8589661114556995,1.722277610669136,7.969484251885016
1769384589.6633034,1769384589663311457,Sr02_gA_IMG1_LID0_STA1_CFC64_OH0,0126_0041,A,0.48556578159332275,-0.024861620739102364,0.5,0.0,-25.846786584611934,3.933192530283329,1.7061652571628356,7.927375166814715
1769384589.7895296,1769384589789538006,Sr02_gA_IMG1_LID0_STA1_CFC64_OH0,0126_0041,A,0.4850979149341583,-0.023941492661833763,0.5,0.0,-25.853352342241987,3.9827481123613793,1.699387200635804,7.900078543021935
1769384589.9081345,1769384589908142725,Sr02_gA_IMG1_LID0_STA1_CFC64_OH0,0126_0041,A,0.506321370601654,0.13763155043125153,0.5,0.0,-25.86303821248288,4.057066541124545,1.7030846105573283,7.859705891756873
1769384590.0314093,1769384590031417304,Sr02_gA_IMG1_LID0_STA1_CFC64_OH0,0126_0041,A,0.45338770747184753,-0.052245039492845535,0.5,0.0,-25.869726817595883,4.106605589453732,1.7065707798498144,7.832866008295723
1769384590.156856,1769384590156863564,Sr02_gA_IMG1_LID0_STA1_CFC64_OH0,0126_0041,A,0.4863904118537903,0.0035041882656514645,0.5,0.0,-25.879283073999076,4.180780059757057,1.6899680758276923,7.793523874951725
1769384590.2763577,1769384590276365359,Sr02_gA_IMG1_LID0_STA1_CFC64_OH0,0126_0041,A,0.486453115940094,0.004864624235779047,0.5,0.0,-25.885084142081723,4.230442321842192,1.6841914220957375,7.768020277155474
1769384590.3986588,1769384590398667207,Sr02_gA_IMG1_LID0_STA1_CFC64_OH0,0126_0041,A,0.5073366165161133,0.046015724539756775,0.5,0.0,-25.890664460036536,4.280129929382747,1.6813761909445133,7.742947838474178
1769384590.5169282,1769384590516936454,Sr02_gA_IMG1_LID0_STA1_CFC64_OH0,0126_0041,A,0.47022944688796997,0.06687983870506287,0.5,0.0,-25.898804576198327,4.354675661370816,1.6781309912614504,7.706000914880268
1769384590.639681,1769384590639689662,Sr02_gA_IMG1_LID0_STA1_CFC64_OH0,0126_0041,A,0.5032649636268616,0.02471953071653843,0.5,0.0,-25.904387834716914,4.404212478676255,1.6895567133403635,7.6815951604182535
1769384590.7600179,1769384590760025614,Sr02_gA_IMG1_LID0_STA1_CFC64_OH0,0126_0041,A,0.5033048391342163,0.026079868897795677,0.5,0.0,-25.9135728554684,4.478452795118946,1.6921017494921025,7.644724567199327
1769384590.8796997,1769384590879707607,Sr02_gA_IMG1_LID0_STA1_CFC64_OH0,0126_0041,A,0.5105264186859131,0.02389754168689251,0.5,0.0,-25.91959731262202,4.5280773072585845,1.6917283305428357,7.620495923664477
1769384591.004245,1769384591004252954,Sr02_gA_IMG1_LID0_STA1_CFC64_OH0,0126_0041,A,0.4990140199661255,0.16281776130199432,0.5,0.0,-25.92564061603875,4.577710744761004,1.6922011867915723,7.59649815212044
1769384591.124597,1769384591124604736,Sr02_gA_IMG1_LID0_STA1_CFC64_OH0,0126_0041,A,0.4994419813156128,0.1656845659017563,0.5,0.0,-25.934871063363502,4.652129771783564,1.697419626310118,7.560835429944606
1769384591.2477026,1769384591247709914,Sr02_gA_IMG1_LID0_STA1_CFC64_OH0,0126_0041,A,0.4962373673915863,0.10214107483625412,0.5,0.0,-25.941332516560934,4.701710418875687,1.7036903016764022,7.537104504012768
1769384591.3725424,1769384591372550715,Sr02_gA_IMG1_LID0_STA1_CFC64_OH0,0126_0041,A,0.49154600501060486,0.025396939367055893,0.5,0.0,-25.9514672942482,4.776013667506725,1.7082725084485926,7.501600364354927
1769384591.4956653,1769384591495675320,Sr02_gA_IMG1_LID0_STA1_CFC64_OH0,0126_0041,A,0.49551916122436523,0.1189761534333229,0.5,0.0,-25.958383407809777,4.825533013656546,1.7108668866723307,7.47811051457573
1769384591.6169178,1769384591616926873,Sr02_gA_IMG1_LID0_STA1_CFC64_OH0,0126_0041,A,0.49582964181900024,0.12143553793430328,0.5,0.0,-25.968988353016037,4.899768190170863,1.7148423990622057,7.443163391262374
1769384591.739254,1769384591739262213,Sr02_gA_IMG1_LID0_STA1_CFC64_OH0,0126_0041,A,0.4954831600189209,0.06440117955207825,0.5,0.0,-25.976483173029692,4.94909099226527,1.7295239741490804,7.419847924477861
1769384591.858055,1769384591858063019,Sr02_gA_IMG1_LID0_STA1_CFC64_OH0,0126_0041,A,0.5183917284011841,0.05647774413228035,0.5,0.0,-25.989239286619533,5.022984444918696,1.752623868999586,7.383962153470416
1769384591.9788804,1769384591978888551,Sr02_gA_IMG1_LID0_STA1_CFC64_OH0,0126_0041,A,0.49130842089653015,0.03283026069402695,0.5,0.0,-25.998531633935322,5.0721131557168935,1.7628379617399361,7.3596584255111095
1769384592.0999837,1769384592099991433,Sr02_gA_IMG1_LID0_STA1_CFC64_OH0,0126_0041,A,0.49163171648979187,0.03375331684947014,0.5,0.0,-26.008184459208017,5.1211389059599774,1.7665838444178203,7.335303457746655
1769384592.22579,1769384592225798029,Sr02_gA_IMG1_LID0_STA1_CFC64_OH0,0126_0041,A,0.5049014091491699,0.015833180397748947,0.5,0.0,-26.02313549776662,5.194579569027667,1.7797625710936134,7.298838867656902
1769384592.3431482,1769384592343156602,Sr02_gA_IMG1_LID0_STA1_CFC64_OH0,0126_0041,A,0.5021713972091675,-0.010392194613814354,0.5,0.0,-26.03380465971167,5.243427679931841,1.791906104500892,7.274218300598712
1769384592.4645276,1769384592464534632,Sr02_gA_IMG1_LID0_STA1_CFC64_OH0,0126_0041,A,0.4997767210006714,0.04732644557952881,0.5,0.0,-26.050691169751094,5.316489673505178,1.802865769430275,7.236991279775286
1769384592.585675,1769384592585685584,Sr02_gA_IMG1_LID0_STA1_CFC64_OH0,0126_0041,A,0.5000852942466736,0.04895058274269104,0.5,0.0,-26.062328115884448,5.36511656442988,1.8085135406691422,7.21215791239834
1769384592.7080956,1769384592708103489,Sr02_gA_IMG1_LID0_STA1_CFC64_OH0,0126_0041,A,0.502292275428772,0.14808817207813263,0.5,0.0,-26.074182094712224,5.413691049733629,1.811796579463975,7.187392012691448
1769384592.8293407,1769384592829348329,Sr02_gA_IMG1_LID0_STA1_CFC64_OH0,0126_0041,A,0.5008482933044434,0.19474753737449646,0.5,0.0,-26.092264619547652,5.486478477770793,1.81682264581836,7.150466566855447
1769384592.9496818,1769384592949688537,Sr02_gA_IMG1_LID0_STA1_CFC64_OH0,0126_0041,A,0.5008174180984497,0.1963658183813095,0.5,0.0,-26.1044962368204,5.534959263221644,1.8187643771233415,7.126022578357772
1769384593.0666435,1769384593066650974,Sr02_gA_IMG1_LID0_STA1_CFC64_OH0,0126_0041,A,0.4886717200279236,0.12515950202941895,0.5,0.0,-26.12288275913769,5.607670570192998,1.8177300771914011,7.089824337754051
1769384593.1859577,1769384593185965633,Sr02_gA_IMG1_LID0_STA1_CFC64_OH0,0126_0041,A,0.49469950795173645,0.01670423150062561,0.5,0.0,-26.135207190812473,5.656116347735575,1.8222644319119639,7.0659735660318885
1769384593.3098042,1769384593309811903,Sr02_gA_IMG1_LID0_STA1_CFC64_OH0,0126_0041,A,0.4998452067375183,-0.0012484160251915455,0.5,0.0,-26.147764460211995,5.704513762862929,1.8270945155572715,7.042182078776775
1769384593.430387,1769384593430394656,Sr02_gA_IMG1_LID0_STA1_CFC64_OH0,0126_0041,A,0.5005775094032288,0.0008384997490793467,0.5,0.0,-26.16726227953731,5.77686942982637,1.844209158378558,7.006422523339313
1769384593.547835,1769384593547843126,Sr02_gA_IMG1_LID0_STA1_CFC64_OH0,0126_0041,A,0.5102536082267761,0.030284510925412178,0.5,0.0,-26.181182909094368,5.824879843494822,1.8626174182143374,6.982078859220464
1769384593.672507,1769384593672514788,Sr02_gA_IMG1_LID0_STA1_CFC64_OH0,0126_0041,A,0.4986395835876465,0.07383813709020615,0.5,0.0,-26.203812668873073,5.896381499991235,1.8920398759879675,6.944478088377085
1769384593.7917857,1769384593791793179,Sr02_gA_IMG1_LID0_STA1_CFC64_OH0,0126_0041,A,0.4983685314655304,0.07884453982114792,0.5,0.0,-26.219904767433427,5.943705434327402,1.9048436667629762,6.918835934973872
1769384593.9156551,1769384593915663433,Sr02_gA_IMG1_LID0_STA1_CFC64_OH0,0126_0041,A,0.49812549352645874,0.15938887000083923,0.5,0.0,-26.244881853828424,6.014357973607662,1.912486971806792,6.88011763841019
1769384594.0411909,1769384594041199770,Sr02_gA_IMG1_LID0_STA1_CFC64_OH0,0126_0041,A,0.4991934299468994,0.029202260076999664,0.5,0.0,-26.26163293607494,6.061468491788984,1.9123621314738941,6.854539544768693
1769384594.1628788,1769384594162886007,Sr02_gA_IMG1_LID0_STA1_CFC64_OH0,0126_0041,A,0.4954124391078949,0.3628096580505371,0.5,0.5,-26.286763081045894,6.132133014678513,1.913329523231027,6.816676884300894
1769384594.2859738,1769384594285981734,Sr02_gA_IMG1_LID0_STA1_CFC64_OH0,0126_0041,A,0.4954236149787903,0.36463335156440735,0.5,0.5,-26.3036280772009,6.179202852968401,1.9163579688840238,6.791675127294709
1769384594.4090145,1769384594409024211,Sr02_gA_IMG1_LID0_STA1_CFC64_OH0,0126_0041,A,0.49452659487724304,0.120871402323246,0.5,0.0,-26.32073104373603,6.226174814114216,1.923673446815092,6.766732464673821
1769384594.5302792,1769384594530286751,Sr02_gA_IMG1_LID0_STA1_CFC64_OH0,0126_0041,A,0.5048974752426147,0.34219303727149963,0.5,0.5,-26.3470495018676,6.296370705371729,1.9363039929120909,6.729227726661512
1769384594.6565342,1769384594656542209,Sr02_gA_IMG1_LID0_STA1_CFC64_OH0,0126_0041,A,0.48541978001594543,0.40561291575431824,0.5,0.5,-26.365290488302975,6.342920774221687,1.9522319751865667,6.703924500081185
1769384594.7788985,1769384594778906100,Sr02_gA_IMG1_LID0_STA1_CFC64_OH0,0126_0041,A,0.4857054352760315,0.4092446267604828,0.5,0.5,-26.3935988731405,6.412285656895798,1.9610266486039323,6.665621764002982
1769384594.898416,1769384594898423419,Sr02_gA_IMG1_LID0_STA1_CFC64_OH0,0126_0041,A,0.5021035671234131,0.14142122864723206,0.5,0.0,-26.412719212420615,6.457886463805493,1.9786368456393184,6.640276054140538
1769384595.0205474,1769384595020557668,Sr02_gA_IMG1_LID0_STA1_CFC64_OH0,0126_0041,A,0.4955591857433319,0.486787348985672,0.5,0.5,-26.444115132304212,6.525621352857265,2.030591703212968,6.600161640212265
1769384595.144093,1769384595144102779,Sr02_gA_IMG1_LID0_STA1_CFC64_OH0,0126_0041,A,0.4896789789199829,0.30377843976020813,0.5,0.5,-26.466589197110398,6.570006007675783,2.0461080159590685,6.572315833527336
1769384595.2682946,1769384595268304595,Sr02_gA_IMG1_LID0_STA1_CFC64_OH0,0126_0041,A,0.48932504653930664,0.31392836570739746,0.5,0.5,-26.501869130181845,6.635743764203177,2.0867025189149957,6.529570687360585
1769384595.3886638,1769384595388674446,Sr02_gA_IMG1_LID0_STA1_CFC64_OH0,0126_0041,A,0.4813901484012604,0.4261219799518585,0.5,0.5,-26.527390427961908,6.678712271506034,2.12701739280196,6.499494652298206
1769384595.509803,1769384595509810788,Sr02_gA_IMG1_LID0_STA1_CFC64_OH0,0126_0041,A,0.4958685040473938,0.42447876930236816,0.5,0.5,-26.554650853783812,6.720623128164197,2.167941801474638,6.468040795686855
1769384595.6322112,1769384595632218891,Sr02_gA_IMG1_LID0_STA1_CFC64_OH0,0126_0041,A,0.4996122121810913,0.39067181944847107,0.5,0.5,-26.59802015658906,6.78136617841911,2.205228753456692,6.419027489652885
1769384595.7530282,1769384595753039580,Sr02_gA_IMG1_LID0_STA1_CFC64_OH0,0126_0041,A,0.5012383460998535,0.38901036977767944,0.5,0.5,-26.62780218616795,6.82093471528658,2.230899417535148,6.385841403704786
1769384595.8760564,1769384595876065775,Sr02_gA_IMG1_LID0_STA1_CFC64_OH0,0126_0041,A,0.5055013298988342,0.357151597738266,0.5,0.5,-26.67508317751631,6.878928981543724,2.277569022488734,6.333967462257071
1769384595.9974608,1769384595997468127,Sr02_gA_IMG1_LID0_STA1_CFC64_OH0,0126_0041,A,0.4918224811553955,0.4665662944316864,0.5,0.5,-26.7081437640605,6.916436206922498,2.3089618001339787,6.29818867393637
1769384596.1244998,1769384596124508058,Sr02_gA_IMG1_LID0_STA1_CFC64_OH0,0126_0041,A,0.4911750555038452,0.46007204055786133,0.5,0.5,-26.760071983099607,6.970413783548879,2.368011312786025,6.242700262243173
1769384596.2433343,1769384596243342170,Sr02_gA_IMG1_LID0_STA1_CFC64_OH0,0126_0041,A,0.5009880661964417,0.4245670437812805,0.5,0.5,-26.79657323594073,7.004579304189314,2.4104591385406477,6.204162620923987
1769384596.3598974,1769384596359904562,Sr02_gA_IMG1_LID0_STA1_CFC64_OH0,0126_0041,A,0.5069760084152222,0.2657524347305298,0.5,0.5,-26.853855334269106,7.052975040308415,2.4693979268596427,6.144285770520713
1769384596.483331,1769384596483338563,Sr02_gA_IMG1_LID0_STA1_CFC64_OH0,0126_0041,A,0.5106148719787598,0.29591354727745056,0.5,0.5,-26.89357382830936,7.0833415614267015,2.5082989128760445,6.1031137717242645
1769384596.604478,1769384596604486245,Sr02_gA_IMG1_LID0_STA1_CFC64_OH0,0126_0041,A,0.5072941780090332,0.28972551226615906,0.5,0.5,-26.934397741389844,7.112205761050164,2.544014043058088,6.061034056247671
1769384596.7270894,1769384596727097469,Sr02_gA_IMG1_LID0_STA1_CFC64_OH0,0126_0041,A,0.5062155723571777,0.054377734661102295,0.5,0.0,-26.997599163478174,7.152402780764723,2.6093967240335783,5.996290335622634
1769384596.8457916,1769384596845800114,Sr02_gA_IMG1_LID0_STA1_CFC64_OH0,0126_0041,A,0.48864835500717163,-0.11364979296922684,0.5,0.0,-27.04125373529647,7.176771545096264,2.6554688242393856,5.951819547916128
1769384596.9653661,1769384596965373256,Sr02_gA_IMG1_LID0_STA1_CFC64_OH0,0126_0041,A,0.5164559483528137,0.1718432456254959,0.5,0.0,-27.108626901708977,7.209646962001853,2.7188190255949856,5.8834887898389425
1769384597.0881534,1769384597088161372,Sr02_gA_IMG1_LID0_STA1_CFC64_OH0,0126_0041,A,0.5170371532440186,0.17032553255558014,0.5,0.0,-27.154416125264852,7.229467668958549,2.746734163977899,5.837202392370009
1769384597.2113929,1769384597211406367,Sr02_gA_IMG1_LID0_STA1_CFC64_OH0,0126_0041,A,0.4915775954723358,-0.027636712417006493,0.5,0.0,-27.20084649412421,7.248015932370896,2.7763254623495857,5.7903618351185
1769384597.337051,1769384597337057355,Sr02_gA_IMG1_LID0_STA1_CFC64_OH0,0126_0041,A,0.5083683729171753,0.01287076249718666,0.5,0.0,-27.27146279825616,7.273263657108977,2.819969863590804,5.719274078087026
1769384597.4617043,1769384597461711899,Sr02_gA_IMG1_LID0_STA1_CFC64_OH0,0126_0041,A,0.5119158625602722,0.018498122692108154,0.5,0.0,-27.3187875984829,7.288533509472486,2.8345605985555036,5.671713418006862
1769384597.580551,1769384597580558584,Sr02_gA_IMG1_LID0_STA1_CFC64_OH0,0126_0041,A,0.5118762850761414,0.018334733322262764,0.5,0.0,-27.39001944082286,7.311415311578443,2.823437954552078,5.600198616038723
1769384597.70482,1769384597704827464,Sr02_gA_IMG1_LID0_STA1_CFC64_OH0,0126_0041,A,0.5039183497428894,0.028305208310484886,0.5,0.0,-27.43707590841866,7.326828636359725,2.8307098561532067,5.553000571374425
1769384597.8262014,1769384597826208754,Sr02_gA_IMG1_LID0_STA1_CFC64_OH0,0126_0041,A,0.5015950798988342,0.06924687325954437,0.5,0.0,-27.508733251249097,7.348848820274405,2.8551537258691755,5.481211913674905
1769384597.946349,1769384597946357187,Sr02_gA_IMG1_LID0_STA1_CFC64_OH0,0126_0041,A,0.5017203092575073,0.06946714222431183,0.5,0.0,-27.556541703065783,7.362903983767358,2.854582482123612,5.433364478621508
1769384598.0670857,1769384598067094977,Sr02_gA_IMG1_LID0_STA1_CFC64_OH0,0126_0041,A,0.4946475327014923,-0.038207877427339554,0.5,0.0,-27.604492420712845,7.377044820062504,2.855437158471683,5.385410860457083
1769384598.1909263,1769384598190934378,Sr02_gA_IMG1_LID0_STA1_CFC64_OH0,0126_0041,A,0.4914827048778534,-0.037828560918569565,0.5,0.0,-27.676467793669747,7.3981289783603295,2.8579851401903364,5.313500952944185
1769384598.3160603,1769384598316068623,Sr02_gA_IMG1_LID0_STA1_CFC64_OH0,0126_0041,A,0.5015829801559448,0.04560555890202522,0.5,0.0,-27.72448320131379,7.412076007123232,2.8598186105585857,5.265576235992284
1769384598.4362946,1769384598436304589,Sr02_gA_IMG1_LID0_STA1_CFC64_OH0,0126_0041,A,0.5016375780105591,0.04673546180129051,0.5,0.0,-27.796563954620737,7.432796924809693,2.8637652634710182,5.19370251273275
1769384598.5599368,1769384598559943934,Sr02_gA_IMG1_LID0_STA1_CFC64_OH0,0126_0041,A,0.49677708745002747,0.007952626794576645,0.5,0.0,-27.84467726153244,7.4463610599097425,2.870238895384872,5.145773144589873
1769384598.6874526,1769384598687460288,Sr02_gA_IMG1_LID0_STA1_CFC64_OH0,0126_0041,A,0.5125570893287659,0.025791971012949944,0.5,0.0,-27.917025002343387,7.466085090335074,2.880260495937021,5.073764175563891
1769384598.815107,1769384598815114701,Sr02_gA_IMG1_LID0_STA1_CFC64_OH0,0126_0041,A,0.5062223076820374,0.06480646878480911,0.5,0.0,-27.965258451477993,7.479058343261968,2.876973838972197,5.025801199312751
1769384598.9406424,1769384598940651003,Sr02_gA_IMG1_LID0_STA1_CFC64_OH0,0126_0041,A,0.5063178539276123,0.06557932496070862,0.5,0.0,-28.037564155253218,7.498859839074243,2.87317112755749,4.953983538087716
1769384599.0632782,1769384599063285658,Sr02_gA_IMG1_LID0_STA1_CFC64_OH0,0126_0041,A,0.5030136108398438,0.022575223818421364,0.5,0.0,-28.08580375862828,7.512010352629054,2.8777316699848305,4.90612022601508
1769384599.186443,1769384599186450650,Sr02_gA_IMG1_LID0_STA1_CFC64_OH0,0126_0041,A,0.5071197152137756,-0.023944083601236343,0.5,0.0,-28.15827217734855,7.531317957066304,2.8843552752200616,4.8342835260652715
1769384599.304696,1769384599304704468,Sr02_gA_IMG1_LID0_STA1_CFC64_OH0,0126_0041,A,0.5151166319847107,0.023706182837486267,0.5,0.0,-28.206632052536087,7.544019217358856,2.8851505455464843,4.7863925155557006
1769384599.424472,1769384599424480569,Sr02_gA_IMG1_LID0_STA1_CFC64_OH0,0126_0041,A,0.5153518915176392,0.023934008553624153,0.5,0.0,-28.279204382517626,7.562915946399784,2.889805324805174,4.714599299819749
1769384599.5479443,1769384599547951456,Sr02_gA_IMG1_LID0_STA1_CFC64_OH0,0126_0041,A,0.5151271820068359,0.05858812853693962,0.5,0.0,-28.327667838315,7.575215718082666,2.8962859603216886,4.666698185636004
1769384599.6682703,1769384599668280366,Sr02_gA_IMG1_LID0_STA1_CFC64_OH0,0126_0041,A,0.5104938745498657,0.023081861436367035,0.5,0.0,-28.37621035934914,7.587199639781326,2.9028361529512607,4.618747790750503
1769384599.7936347,1769384599793641787,Sr02_gA_IMG1_LID0_STA1_CFC64_OH0,0126_0041,A,0.501496434211731,-0.07402507960796356,0.5,0.0,-28.44912925500256,7.604700303664464,2.9079795075310604,4.546775567421018
1769384599.915499,1769384599915506444,Sr02_gA_IMG1_LID0_STA1_CFC64_OH0,0126_0041,A,0.5015510320663452,-0.07356704771518707,0.5,0.0,-28.497756540493555,7.6162868581422085,2.9065982127775447,4.4988297874216325
1769384600.03559,1769384600035601694,Sr02_gA_IMG1_LID0_STA1_CFC64_OH0,0126_0041,A,0.49672409892082214,-0.04173499718308449,0.5,0.0,-28.57069847910057,7.633687954561828,2.9091074451287278,4.426996105284122
1769384600.1644678,1769384600164475308,Sr02_gA_IMG1_LID0_STA1_CFC64_OH0,0126_0041,A,0.5075334310531616,0.0563434362411499,0.5,0.0,-28.619367031369354,7.645149652083453,2.9114985636417283,4.379116536665182
1769384600.2835577,1769384600283565498,Sr02_gA_IMG1_LID0_STA1_CFC64_OH0,0126_0041,A,0.5071790218353271,0.05793057754635811,0.5,0.0,-28.692458799800438,7.661959100125899,2.9195851589128305,4.307272905830172
1769384600.4042654,1769384600404275763,Sr02_gA_IMG1_LID0_STA1_CFC64_OH0,0126_0041,A,0.4902026653289795,0.12197248637676239,0.5,0.0,-28.741244328751705,7.6729122155528575,2.9218933488456442,4.2593621149518635
1769384600.526556,1769384600526563936,Sr02_gA_IMG1_LID0_STA1_CFC64_OH0,0126_0041,A,0.49428442120552063,0.0356057845056057,0.5,0.0,-28.81434042874662,7.689461487787487,2.913729368139185,4.18767856574403
1769384600.6497614,1769384600649776396,Sr02_gA_IMG1_LID0_STA1_CFC64_OH0,0126_0041,A,0.4724046289920807,0.4305899441242218,0.5,0.5,-28.863006004933762,7.7009353755378935,2.9063726753926047,4.140053794514026
1769384600.77581,1769384600775818145,Sr02_gA_IMG1_LID0_STA1_CFC64_OH0,0126_0041,A,0.472960889339447,0.4316973090171814,0.5,0.5,-28.911604698806514,7.7126896516820675,2.902199158142508,4.092575723657796
1769384600.8987207,1769384600898728637,Sr02_gA_IMG1_LID0_STA1_CFC64_OH0,0126_0041,A,0.48034918308258057,0.22067157924175262,0.5,0.5,-28.984418121748412,7.730448536763845,2.9057573939560233,4.021568903783221
1769384601.0180883,1769384601018095277,Sr02_gA_IMG1_LID0_STA1_CFC64_OH0,0126_0041,A,0.48143312335014343,0.05625556409358978,0.5,0.0,-29.033067661918835,7.741990414054304,2.911550441897073,3.974176877156101
1769384601.14081,1769384601140818777,Sr02_gA_IMG1_LID0_STA1_CFC64_OH0,0126_0041,A,0.49667075276374817,-5.190377123653889e-05,0.5,0.0,-29.10619726619526,7.75852463506712,2.928240062226086,3.902978961308823
1769384601.2632122,1769384601263220642,Sr02_gA_IMG1_LID0_STA1_CFC64_OH0,0126_0041,A,0.49672719836235046,0.0001484174281358719,0.5,0.0,-29.155055971407585,7.768989741683094,2.9324160538137996,3.8554305816818353
1769384601.385758,1769384601385774983,Sr02_gA_IMG1_LID0_STA1_CFC64_OH0,0126_0041,A,0.49511271715164185,0.06454578042030334,0.5,0.0,-29.227501477310245,7.783342267625502,2.9686014881451577,3.7849156305993215
1769384601.5077457,1769384601507755326,Sr02_gA_IMG1_LID0_STA1_CFC64_OH0,0126_0041,A,0.5081225633621216,0.06527013331651688,0.5,0.0,-29.276869026937245,7.790882875810562,3.011571277927961,3.736685251629728
1769384601.6278515,1769384601627859391,Sr02_gA_IMG1_LID0_STA1_CFC64_OH0,0126_0041,A,0.5072550773620605,0.053661640733480453,0.5,0.0,-29.35122885267613,7.798826707517765,3.053056551660173,3.6637245877236992
1769384601.7463536,1769384601746362105,Sr02_gA_IMG1_LID0_STA1_CFC64_OH0,0126_0041,A,0.5069087147712708,0.051767248660326004,0.5,0.0,-29.400928742821176,7.802968450220483,3.061734576076391,3.6148616907361175
1769384601.865549,1769384601865557271,Sr02_gA_IMG1_LID0_STA1_CFC64_OH0,0126_0041,A,0.5182982087135315,-0.0018576830625534058,0.5,0.0,-29.450758652836313,7.806948234435854,3.061900389703541,3.565877894525335
1769384601.9917014,1769384601991708545,Sr02_gA_IMG1_LID0_STA1_CFC64_OH0,0126_0041,A,0.5101650953292847,0.034633565694093704,0.5,0.0,-29.525520641973625,7.812918516422165,3.061914639293421,3.4924386806030987
1769384602.1157892,1769384602115797541,Sr02_gA_IMG1_LID0_STA1_CFC64_OH0,0126_0041,A,0.5104364156723022,0.03490908071398735,0.5,0.0,-29.57535042230278,7.816804533293637,3.0667856161148066,3.4435158413387263
1769384602.2402792,1769384602240287591,Sr02_gA_IMG1_LID0_STA1_CFC64_OH0,0126_0041,A,0.505927324295044,0.0198794137686491,0.5,0.0,-29.6501668356732,7.822044637346485,3.076561632506214,3.370039862502496
1769384602.362416,1769384602362422764,Sr02_gA_IMG1_LID0_STA1_CFC64_OH0,0126_0041,A,0.5079166293144226,-0.012348571792244911,0.5,0.0,-29.70006962247228,7.825160010878472,3.0819277966856067,3.321017074087865
1769384602.4826164,1769384602482625152,Sr02_gA_IMG1_LID0_STA1_CFC64_OH0,0126_0041,A,0.5134393572807312,0.03892817348241806,0.5,0.0,-29.7749411604037,7.829345169476825,3.0887655964158847,3.247452690286223
1769384602.6033738,1769384602603381633,Sr02_gA_IMG1_LID0_STA1_CFC64_OH0,0126_0041,A,0.5133042335510254,0.03914925456047058,0.5,0.0,-29.824871160466337,7.831989931260086,3.088579833829199,3.1984100868739023
1769384602.7316926,1769384602731699569,Sr02_gA_IMG1_LID0_STA1_CFC64_OH0,0126_0041,A,0.4962468445301056,0.15133988857269287,0.5,0.0,-29.874802187247496,7.834585785526531,3.0913079174658376,3.1493893783399614
1769384602.8529696,1769384602852977019,Sr02_gA_IMG1_LID0_STA1_CFC64_OH0,0126_0041,A,0.49540606141090393,0.33628401160240173,0.5,0.5,-29.94971689093612,7.83815980482946,3.096538760505245,3.0758508087884633
1769384602.9776294,1769384602977638421,Sr02_gA_IMG1_LID0_STA1_CFC64_OH0,0126_0041,A,0.48895034193992615,0.36270371079444885,0.5,0.5,-29.999668355491114,7.8403620873027675,3.098526710131344,3.0268287355583996
1769384603.0977309,1769384603097738226,Sr02_gA_IMG1_LID0_STA1_CFC64_OH0,0126_0041,A,0.48950234055519104,0.36337748169898987,0.5,0.5,-30.07458767709106,7.843590618673695,3.0985335398598925,2.9533528954121557
1769384603.2236502,1769384603223659105,Sr02_gA_IMG1_LID0_STA1_CFC64_OH0,0126_0041,A,0.514998733997345,0.0709533616900444,0.5,0.0,-30.12454539190399,7.845645673845124,3.1024263457517267,2.904384724292248
1769384603.3462646,1769384603346273417,Sr02_gA_IMG1_LID0_STA1_CFC64_OH0,0126_0041,A,0.5135306715965271,0.01694033108651638,0.5,0.0,-30.199496050374048,7.848362643565656,3.1082943025475656,2.8309245544576744
1769384603.4671674,1769384603467175841,Sr02_gA_IMG1_LID0_STA1_CFC64_OH0,0126_0041,A,0.48465588688850403,-0.029866384342312813,0.5,0.0,-30.249400478586086,7.8497150288524775,3.1218663439099155,2.7819795061634336
1769384603.5887308,1769384603588738977,Sr02_gA_IMG1_LID0_STA1_CFC64_OH0,0126_0041,A,0.48647382855415344,-0.029321635141968727,0.5,0.0,-30.32412356441084,7.849950866620135,-3.121674243778648,2.708442754980303
1769384603.7087898,1769384603708798506,Sr02_gA_IMG1_LID0_STA1_CFC64_OH0,0126_0041,A,0.5086284875869751,-0.0023742830380797386,0.5,0.0,-30.37408462459416,7.848048751868727,-3.085403928117509,2.6589415544759007
1769384603.8268468,1769384603826854659,Sr02_gA_IMG1_LID0_STA1_CFC64_OH0,0126_0041,A,0.5221260190010071,0.09081599116325378,0.5,0.0,-30.42394376124749,7.844335107570221,-3.0490797083737204,2.609230324488416
1769384603.948828,1769384603948834979,Sr02_gA_IMG1_LID0_STA1_CFC64_OH0,0126_0041,A,0.5084510445594788,-0.02508610300719738,0.5,0.0,-30.49801554804268,7.835780416987826,-3.0132872583971277,2.5348404312379516
1769384604.0663738,1769384604066381563,Sr02_gA_IMG1_LID0_STA1_CFC64_OH0,0126_0041,A,0.5086244940757751,-0.02553308568894863,0.5,0.0,-30.547581983797823,7.8293337856269165,-3.011401925384113,2.4849337002334098
1769384604.1865447,1769384604186552080,Sr02_gA_IMG1_LID0_STA1_CFC64_OH0,0126_0041,A,0.4833061695098877,0.015426591038703918,0.5,0.0,-30.621944783663686,7.81966615280352,-3.014390452564586,2.410067115251213
1769384604.3079057,1769384604307913235,Sr02_gA_IMG1_LID0_STA1_CFC64_OH0,0126_0041,A,0.5121868252754211,-0.004962886217981577,0.5,0.0,-30.67155007630957,7.813396158292498,-3.01732805918293,2.360163608802518
1769384604.4309523,1769384604430960691,Sr02_gA_IMG1_LID0_STA1_CFC64_OH0,0126_0041,A,0.512710690498352,-0.004492463544011116,0.5,0.0,-30.72116684600428,7.8072174995782735,-3.017834980798655,2.31027024338664
1769384604.5600257,1769384604560033344,Sr02_gA_IMG1_LID0_STA1_CFC64_OH0,0126_0041,A,0.48882776498794556,0.011098114773631096,0.5,0.0,-30.795523007464666,7.797788045233723,-3.0097765072921683,2.235476028346935
1769384604.6775672,1769384604677575409,Sr02_gA_IMG1_LID0_STA1_CFC64_OH0,0126_0041,A,0.4951202869415283,-0.02546343207359314,0.5,0.0,-30.845025645739995,7.791223926574774,-3.0108550558194143,2.1856326565191315
1769384604.8036633,1769384604803672789,Sr02_gA_IMG1_LID0_STA1_CFC64_OH0,0126_0041,A,0.49322807788848877,-0.06566032767295837,0.5,0.0,-30.919404017073315,7.781588039844159,-3.0146716026049876,2.1107946480343918
1769384604.9255786,1769384604925585912,Sr02_gA_IMG1_LID0_STA1_CFC64_OH0,0126_0041,A,0.49362045526504517,-0.06549947708845139,0.5,0.0,-30.9689910179729,7.775242443749135,-3.0135693347713857,2.0609231495806255
1769384605.0443032,1769384605044311351,Sr02_gA_IMG1_LID0_STA1_CFC64_OH0,0126_0041,A,0.5369513630867004,0.2695031762123108,0.5,0.5,-31.043378902393904,7.765679928379786,-3.0141098564457325,1.9861112011430355
1769384605.173959,1769384605173968612,Sr02_gA_IMG1_LID0_STA1_CFC64_OH0,0126_0041,A,0.4859253168106079,0.023592080920934677,0.5,0.0,-31.092974578854786,7.759334180406363,-3.014559102425344,1.9362468417592684
1769384605.3002558,1769384605300263332,Sr02_gA_IMG1_LID0_STA1_CFC64_OH0,0126_0041,A,0.48951059579849243,0.11432966589927673,0.5,0.0,-31.167365561157645,7.749805413372793,-3.01408896913006,1.861464361969971
1769384605.4232614,1769384605423269459,Sr02_gA_IMG1_LID0_STA1_CFC64_OH0,0126_0041,A,0.48984289169311523,0.11546944826841354,0.5,0.0,-31.216967719690295,7.7435106377354295,-3.0166353059371005,1.8116231820283912
1769384605.5469675,1769384605546976623,Sr02_gA_IMG1_LID0_STA1_CFC64_OH0,0126_0041,A,0.5487782955169678,0.463041752576828,0.5,0.5,-31.28059602537728,7.735770823146595,-3.025276535015529,1.7477714057952296
1769384605.6715076,1769384605671515872,Sr02_gA_IMG1_LID0_STA1_CFC64_OH0,0126_0041,A,0.5245801210403442,0.29947352409362793,0.5,0.5,-31.301718434681664,7.733347099057829,-3.0292126731266507,1.7266093820712531
1769384605.7910388,1769384605791046605,Sr02_gA_IMG1_LID0_STA1_CFC64_OH0,0126_0041,A,0.5161662697792053,0.1684141904115677,0.5,0.0,-31.327679010297064,7.730272006014991,-3.0177884588346364,1.7005831789459271
1769384605.9106297,1769384605910637291,Sr02_gA_IMG1_LID0_STA1_CFC64_OH0,0126_0041,A,0.5162599682807922,0.16846992075443268,0.5,0.0,-31.345044168097406,7.728103793664501,-3.016962716027634,1.683152523223851
1769384606.0341783,1769384606034191368,Sr02_gA_IMG1_LID0_STA1_CFC64_OH0,0126_0041,A,0.5239313840866089,0.11427377909421921,0.5,0.0,-31.362404698151167,7.725898913851599,-3.0132787900825924,1.6657200325415715
1769384606.1530898,1769384606153098838,Sr02_gA_IMG1_LID0_STA1_CFC64_OH0,0126_0041,A,0.5247975587844849,-0.02626313827931881,0.5,0.0,-31.388417601503654,7.722462545819166,-3.0068694033986585,1.6395735760551062
1769384606.2797973,1769384606279805501,Sr02_gA_IMG1_LID0_STA1_CFC64_OH0,0126_0041,A,0.5064245462417603,-0.0164372269064188,0.5,0.0,-31.405658176966153,7.719999653632472,-2.991732803277443,1.6222062514225688
1769384606.40297,1769384606402978340,Sr02_gA_IMG1_LID0_STA1_CFC64_OH0,0126_0041,A,0.5071069598197937,-0.019380709156394005,0.5,0.0,-31.43156371415827,7.71583552290937,-2.97414824192452,1.5960120803197555
1769384606.521684,1769384606521691715,Sr02_gA_IMG1_LID0_STA1_CFC64_OH0,0126_0041,A,0.5072506070137024,-0.06455319374799728,0.5,0.0,-31.448797605242788,7.712861758089221,-2.967745725215139,1.5785429010383734
1769384606.6434057,1769384606643413716,Sr02_gA_IMG1_LID0_STA1_CFC64_OH0,0126_0041,A,0.5221277475357056,0.0034470963291823864,0.5,0.0,-31.474631539301498,7.708207120916687,-2.9590909410052118,1.5523143106215123
1769384606.7646143,1769384606764622944,Sr02_gA_IMG1_LID0_STA1_CFC64_OH0,0126_0041,A,0.5217985510826111,0.003002747893333435,0.5,0.0,-31.491834511683873,7.704996634521146,-2.9550913618848837,1.5348248010207484
1769384606.8919759,1769384606891983737,Sr02_gA_IMG1_LID0_STA1_CFC64_OH0,0126_0041,A,0.43662306666374207,0.07612862437963486,0.5,0.0,-31.50901834088895,7.701745193862118,-2.954923543075709,1.5173452911304035
1769384607.0148344,1769384607014843547,Sr02_gA_IMG1_LID0_STA1_CFC64_OH0,0126_0041,A,0.43201327323913574,0.020035335794091225,0.5,0.0,-31.53481472818146,7.69688632463064,-2.9558552798184583,1.4911102835067478
1769384607.1458776,1769384607145886090,Sr02_gA_IMG1_LID0_STA1_CFC64_OH0,0126_0041,A,0.5134612321853638,0.016541143879294395,0.5,0.0,-31.55201479434767,7.693660243042686,-2.956523300468668,1.4736210418644258
1769384607.2689695,1769384607268979018,Sr02_gA_IMG1_LID0_STA1_CFC64_OH0,0126_0041,A,0.513460099697113,0.017166122794151306,0.5,0.0,-31.577822004572194,7.688859237732265,-2.959041923877949,1.4473890970763859
1769384607.3969955,1769384607397003347,Sr02_gA_IMG1_LID0_STA1_CFC64_OH0,0126_0041,A,0.47825247049331665,0.035995885729789734,0.5,0.0,-31.60363539656392,7.684091529159949,-2.9588656222209444,1.4211591213040402
1769384607.515841,1769384607515848680,Sr02_gA_IMG1_LID0_STA1_CFC64_OH0,0126_0041,A,0.5020874738693237,0.029614022001624107,0.5,0.0,-31.61668950180569,7.681678724183977,-2.958773702569567,1.4078942489643191
1769384607.6451144,1769384607645121856,Sr02_gA_IMG1_LID0_STA1_CFC64_OH0,0126_0041,A,0.5220922231674194,0.034075457602739334,0.5,0.0,-31.617234755141265,7.6815779130322195,-2.958761577755207,1.4073401894794058
1769384607.7632139,1769384607763221998,Sr02_gA_IMG1_LID0_STA1_CFC64_OH0,0126_0041,A,0.5221346616744995,0.03405191749334335,0.5,0.0,-31.617234755141265,7.6815779130322195,-2.958761577755207,1.4073401894794058
1769384607.8799918,1769384607879999222,Sr02_gA_IMG1_LID0_STA1_CFC64_OH0,0126_0041,A,0.5017059445381165,0.03526923432946205,0.5,0.0,-31.617234755141265,7.6815779130322195,-2.958761577755207,1.4073401894794058
1769384608.0002322,1769384608000239617,Sr02_gA_IMG1_LID0_STA1_CFC64_OH0,0126_0041,A,0.5028058886528015,0.10446864366531372,0.5,0.0,-31.617234755141265,7.6815779130322195,-2.958761577755207,1.4073401894794058
1769384608.1198156,1769384608119824809,Sr02_gA_IMG1_LID0_STA1_CFC64_OH0,0126_0041,A,0.5297605991363525,0.030221346765756607,0.5,0.0,-31.617234755141265,7.6815779130322195,-2.958761577755207,1.4073401894794058
1769384608.2397056,1769384608239714143,Sr02_gA_IMG1_LID0_STA1_CFC64_OH0,0126_0041,A,0.5297664999961853,0.030214060097932816,0.5,0.0,-31.617234755141265,7.6815779130322195,-2.958761577755207,1.4073401894794058
1769384608.362017,1769384608362024769,Sr02_gA_IMG1_LID0_STA1_CFC64_OH0,0126_0041,A,0.5126823782920837,0.029399238526821136,0.5,0.0,-31.617234755141265,7.6815779130322195,-2.958761577755207,1.4073401894794058
1769384608.4793973,1769384608479405536,Sr02_gA_IMG1_LID0_STA1_CFC64_OH0,0126_0041,A,0.5171899795532227,0.03159084916114807,0.5,0.0,-31.617234755141265,7.6815779130322195,-2.958761577755207,1.4073401894794058
1769384608.5984566,1769384608598463898,Sr02_gA_IMG1_LID0_STA1_CFC64_OH0,0126_0041,A,0.5144078731536865,0.030718572437763214,0.5,0.0,-31.617234755141265,7.6815779130322195,-2.958761577755207,1.4073401894794058
1769384608.7251337,1769384608725141434,Sr02_gA_IMG1_LID0_STA1_CFC64_OH0,0126_0041,A,0.5144038796424866,0.030718499794602394,0.5,0.0,-31.617234755141265,7.6815779130322195,-2.958761577755207,1.4073401894794058
1769384608.8423872,1769384608842395414,Sr02_gA_IMG1_LID0_STA1_CFC64_OH0,0126_0041,A,0.5174935460090637,0.027504339814186096,0.5,0.0,-31.617234755141265,7.6815779130322195,-2.958761577755207,1.4073401894794058
