t_unix,t_ros_ns,run_folder,run_id,goal_id,v_pred_lin,w_pred_ang,v_cmd_lin,w_cmd_ang,x,y,yaw,dist_to_goal
1767867417.2861822,1767867417286190603,Sr02_gA_IMG1_LID0_STA1_CFC64_OH0,0108_1116,A,-0.023818261921405792,0.0005360194481909275,0.0,0.0,-4.208102680464086e-15,-2.5071519870056848e-24,-7.060450242214534e-12,33.80335215951222
1767867417.4074721,1767867417407482405,Sr02_gA_IMG1_LID0_STA1_CFC64_OH0,0108_1116,A,-0.023818261921405792,0.0005360194481909275,0.0,0.0,-4.208102680464086e-15,-2.5071519870056848e-24,-7.060450242214534e-12,33.80335215951222
1767867417.5250487,1767867417525058075,Sr02_gA_IMG1_LID0_STA1_CFC64_OH0,0108_1116,A,-0.1049867495894432,-0.0013588755391538143,0.0,0.0,-4.322086618621305e-15,-2.5063472090641293e-24,-7.060450513981611e-12,33.80335215951222
1767867417.6497023,1767867417649710920,Sr02_gA_IMG1_LID0_STA1_CFC64_OH0,0108_1116,A,0.006934741511940956,0.0264569241553545,0.0,0.0,-4.398235290183514e-15,-2.505809565131258e-24,-7.0604505818829095e-12,33.80335215951222
1767867417.768024,1767867417768032124,Sr02_gA_IMG1_LID0_STA1_CFC64_OH0,0108_1116,A,-0.21567752957344055,-0.006929371040314436,0.0,0.0,-4.512383742283078e-15,-2.505003625614684e-24,-7.060450797640404e-12,33.80335215951222
1767867417.8861082,1767867417886116762,Sr02_gA_IMG1_LID0_STA1_CFC64_OH0,0108_1116,A,-0.03581484034657478,0.015290293842554092,0.0,0.0,3.917967097032112e-14,1.1724859839071577e-19,5.358769454543911e-06,33.803352159512265
1767867418.0070312,1767867418007039799,Sr02_gA_IMG1_LID0_STA1_CFC64_OH0,0108_1116,A,-0.009697972796857357,-0.007158469874411821,0.0,0.0,6.460973181622833e-14,3.524634164412647e-19,5.8949367609450456e-05,33.803352159512286
1767867418.1255863,1767867418125595846,Sr02_gA_IMG1_LID0_STA1_CFC64_OH0,0108_1116,A,-0.03859096020460129,0.0070706638507544994,0.0,0.0,-1.56461605304915e-13,-2.5655435158942915e-17,0.0001014433898223026,33.80335215951207
1767867418.245361,1767867418245368726,Sr02_gA_IMG1_LID0_STA1_CFC64_OH0,0108_1116,A,-0.041501037776470184,0.0044910600408911705,0.0,0.0,-1.9330326086521647e-13,-2.8534701722778715e-17,-3.443266520593346e-05,33.80335215951204
1767867418.3644283,1767867418364435676,Sr02_gA_IMG1_LID0_STA1_CFC64_OH0,0108_1116,A,-0.09793364256620407,-0.0014450396411120892,0.0,0.0,1.5820653492852094e-12,-1.7683928790234565e-15,0.002333067240062887,33.80335215951377
1767867418.491006,1767867418491015182,Sr02_gA_IMG1_LID0_STA1_CFC64_OH0,0108_1116,A,-0.08647321164608002,-0.01639658957719803,0.0,0.0,-2.256880019994112e-12,-1.428585074288824e-14,0.0025174677255845874,33.80335215951003
1767867418.6081214,1767867418608130303,Sr02_gA_IMG1_LID0_STA1_CFC64_OH0,0108_1116,A,-0.08658255636692047,-0.016349762678146362,0.0,0.0,-1.935429186560995e-12,-1.3974741764296292e-14,0.0040464784162114464,33.80335215951035
1767867418.7291973,1767867418729205447,Sr02_gA_IMG1_LID0_STA1_CFC64_OH0,0108_1116,A,-0.01717200130224228,0.002172857988625765,0.0,0.0,-3.6352370100188496e-12,-2.2087425492380838e-14,0.0034817964143514803,33.803352159508684
1767867418.846396,1767867418846403716,Sr02_gA_IMG1_LID0_STA1_CFC64_OH0,0108_1116,A,-0.08872103691101074,-0.01424136757850647,0.0,0.0,-3.5898142789226578e-12,-2.1980674131121746e-14,0.004188849506178016,33.80335215950873
1767867418.965539,1767867418965547210,Sr02_gA_IMG1_LID0_STA1_CFC64_OH0,0108_1116,A,-0.019711866974830627,0.002206309698522091,0.0,0.0,-4.021791509264411e-12,-2.3824021961787298e-14,0.004637945497857545,33.80335215950831
1767867419.0872815,1767867419087288759,Sr02_gA_IMG1_LID0_STA1_CFC64_OH0,0108_1116,A,-0.019748341292142868,0.002171346452087164,0.0,0.0,-4.834182228741047e-12,-2.7651343604817557e-14,0.004539928492364556,33.80335215950752
1767867419.2068274,1767867419206835864,Sr02_gA_IMG1_LID0_STA1_CFC64_OH0,0108_1116,A,0.02224860154092312,0.0003452664241194725,0.0,0.0,-7.631582884178473e-12,-3.921751787006075e-14,0.0029002951205326553,33.80335215950479
1767867419.324704,1767867419324713323,Sr02_gA_IMG1_LID0_STA1_CFC64_OH0,0108_1116,A,-0.08488672226667404,-0.0032880264334380627,0.0,0.0,-7.626774179293544e-12,-4.080415962459212e-14,0.0006325971645717466,33.8033521595048
1767867419.4463747,1767867419446382977,Sr02_gA_IMG1_LID0_STA1_CFC64_OH0,0108_1116,A,-0.08479303121566772,-0.003208039328455925,0.0,0.0,-6.736318731071807e-12,-4.022396667055473e-14,0.0008498675111014491,33.803352159505664
1767867419.5651598,1767867419565166933,Sr02_gA_IMG1_LID0_STA1_CFC64_OH0,0108_1116,A,-0.02883046865463257,0.004723576828837395,0.0,0.0,-1.2785062580873205e-09,5.966070696107812e-13,-0.0005742417669768094,33.80335215826435
1767867419.6858253,1767867419685833247,Sr02_gA_IMG1_LID0_STA1_CFC64_OH0,0108_1116,A,-0.06197001412510872,-0.00016621151007711887,0.0,0.0,-4.096675914946808e-09,2.6485101055867464e-12,-0.0005726212467644163,33.80335215551356
1767867419.806218,1767867419806227708,Sr02_gA_IMG1_LID0_STA1_CFC64_OH0,0108_1116,A,-0.11798033118247986,0.022538401186466217,0.0,0.0,-4.096695441568022e-09,2.648519315993818e-12,-0.0003554981344024135,33.80335215551354
1767867419.9285002,1767867419928508745,Sr02_gA_IMG1_LID0_STA1_CFC64_OH0,0108_1116,A,-0.11806869506835938,0.022529182955622673,0.0,0.0,-4.097362185692802e-09,2.648734587034893e-12,-0.000358121527796647,33.80335215551289
1767867420.0451145,1767867420045123754,Sr02_gA_IMG1_LID0_STA1_CFC64_OH0,0108_1116,A,-0.08596239238977432,0.006787717808037996,0.0,0.0,-4.0974591604113784e-09,2.648777737940486e-12,-0.0006869122084959699,33.80335215551279
1767867420.1654818,1767867420165489061,Sr02_gA_IMG1_LID0_STA1_CFC64_OH0,0108_1116,A,-0.011598867364227772,0.007628799416124821,0.0,0.0,-6.398659934711819e-09,4.672928463426459e-12,-0.0010077029830681723,33.80335215326653
1767867420.28838,1767867420288387992,Sr02_gA_IMG1_LID0_STA1_CFC64_OH0,0108_1116,A,-0.01154703926295042,0.0077028172090649605,0.0,0.0,-7.021486292242811e-09,5.320340900321569e-12,-0.0005067105697955967,33.80335215265855
1767867420.4127758,1767867420412784574,Sr02_gA_IMG1_LID0_STA1_CFC64_OH0,0108_1116,A,-0.12857040762901306,-0.001963248010724783,0.0,0.0,-7.021732518427502e-09,5.320466054240155e-12,-0.0005233195240400225,33.803352152658306
1767867420.5289583,1767867420528966348,Sr02_gA_IMG1_LID0_STA1_CFC64_OH0,0108_1116,A,-0.13004650175571442,0.004478864371776581,0.0,0.0,-7.021074438295006e-09,5.316689328564835e-12,0.0026301725038478333,33.80335215265895
1767867420.6481903,1767867420648198499,Sr02_gA_IMG1_LID0_STA1_CFC64_OH0,0108_1116,A,-0.11257272958755493,-0.00482147978618741,0.0,0.0,-7.022987867154567e-09,5.3095012374610375e-12,0.0048830754410904885,33.803352152657084
1767867420.7679408,1767867420767948316,Sr02_gA_IMG1_LID0_STA1_CFC64_OH0,0108_1116,A,-0.11278179287910461,-0.004827923607081175,0.0,0.0,-7.0254718102961205e-09,5.297151401841178e-12,0.005561846794181961,33.80335215265466
1767867420.8900335,1767867420890041679,Sr02_gA_IMG1_LID0_STA1_CFC64_OH0,0108_1116,A,-0.13800446689128876,-0.009052699431777,0.0,0.0,-7.025667872401089e-09,5.295910423704712e-12,0.006690065755979492,33.80335215265447
1767867421.0050418,1767867421005052877,Sr02_gA_IMG1_LID0_STA1_CFC64_OH0,0108_1116,A,-0.10710939764976501,-0.011785142123699188,0.0,0.0,-7.025887799462034e-09,5.29435322580182e-12,0.007460334883454377,33.803352152654256
1767867421.1281924,1767867421128200857,Sr02_gA_IMG1_LID0_STA1_CFC64_OH0,0108_1116,A,-0.10713912546634674,-0.011852318421006203,0.0,0.0,-7.026499108367832e-09,5.289596120162526e-12,0.007488021805895834,33.80335215265366
1767867421.248215,1767867421248223218,Sr02_gA_IMG1_LID0_STA1_CFC64_OH0,0108_1116,A,-0.09911951422691345,-0.013116370886564255,0.0,0.0,-7.0264705464152406e-09,5.289797275395682e-12,0.007935895892419878,33.80335215265369
1767867421.3673491,1767867421367358176,Sr02_gA_IMG1_LID0_STA1_CFC64_OH0,0108_1116,A,-0.09219004213809967,-0.018701035529375076,0.0,0.0,-7.027769114306194e-09,5.2795736077840995e-12,0.007453767028039986,33.80335215265242
1767867421.4863079,1767867421486316862,Sr02_gA_IMG1_LID0_STA1_CFC64_OH0,0108_1116,A,-0.042176131159067154,-0.012866498902440071,0.0,0.0,-7.028246624167867e-09,5.276310890403155e-12,0.006687480069478989,33.80335215265196
1767867421.6076686,1767867421607680450,Sr02_gA_IMG1_LID0_STA1_CFC64_OH0,0108_1116,A,-0.04224289953708649,-0.012983797118067741,0.0,0.0,-7.028752076511219e-09,5.273087247416026e-12,0.005782223849549714,33.80335215265146
1767867421.730567,1767867421730574332,Sr02_gA_IMG1_LID0_STA1_CFC64_OH0,0108_1116,A,0.054441168904304504,-0.01663835160434246,0.0,0.0,-7.0298491240227095e-09,5.26749903748037e-12,0.0040404555249833884,33.8033521526504
1767867421.8515084,1767867421851521014,Sr02_gA_IMG1_LID0_STA1_CFC64_OH0,0108_1116,A,-0.06896398961544037,-0.014935432001948357,0.0,0.0,-7.030379989803075e-09,5.265668201541225e-12,0.0028552370429651575,33.80335215264988
1767867421.9716887,1767867421971696022,Sr02_gA_IMG1_LID0_STA1_CFC64_OH0,0108_1116,A,-0.2746449410915375,-0.05414898693561554,-0.5,0.0,-7.031176121064801e-09,5.263840694204964e-12,0.001543614509435153,33.803352152649104
1767867422.0890424,1767867422089050716,Sr02_gA_IMG1_LID0_STA1_CFC64_OH0,0108_1116,A,-0.2751888632774353,-0.0544147752225399,-0.5,0.0,-7.0331703238546734e-09,5.262371468197067e-12,-0.0010914794765226855,33.80335215264716
1767867422.2080555,1767867422208065308,Sr02_gA_IMG1_LID0_STA1_CFC64_OH0,0108_1116,A,-0.41780319809913635,-0.0284715723246336,-0.5,0.0,-1.7428497773738808e-08,2.396196344996055e-11,-0.0023781104222908786,33.80335214249791
1767867422.3232229,1767867422323230867,Sr02_gA_IMG1_LID0_STA1_CFC64_OH0,0108_1116,A,-0.47394445538520813,-0.0003916192799806595,-0.5,0.0,-3.525949745845946e-08,8.423962774644428e-11,-0.0043975647001060336,33.80335212508285
1767867422.4427817,1767867422442791137,Sr02_gA_IMG1_LID0_STA1_CFC64_OH0,0108_1116,A,-0.47417396306991577,-0.0006965678185224533,-0.5,0.0,-4.983917107421558e-08,1.6046846804815857e-10,-0.00606137708686711,33.8033521108374
1767867422.5635552,1767867422563565274,Sr02_gA_IMG1_LID0_STA1_CFC64_OH0,0108_1116,A,-0.5188920497894287,-0.01495172269642353,-0.5,0.0,-6.28591560218748e-08,2.4906114637647853e-10,-0.007554900284718641,33.80335209811142
1767867422.681765,1767867422681773196,Sr02_gA_IMG1_LID0_STA1_CFC64_OH0,0108_1116,A,-0.264058917760849,-0.010352501645684242,-0.5,0.0,-0.01620317564927965,0.00014488796503829261,-0.009470847435048384,33.78750747728857
1767867422.7964375,1767867422796450435,Sr02_gA_IMG1_LID0_STA1_CFC64_OH0,0108_1116,A,-0.4790584444999695,-0.021665329113602638,-0.5,0.0,-0.04856607764391229,0.00046895473135779285,-0.010435216545597823,33.75585404918154
1767867422.9138937,1767867422913902142,Sr02_gA_IMG1_LID0_STA1_CFC64_OH0,0108_1116,A,-0.47898760437965393,-0.022043216973543167,-0.5,0.0,-0.0962111164372496,0.000997235821157652,-0.012189111132893473,33.70924477236439
1767867423.0336304,1767867423033639125,Sr02_gA_IMG1_LID0_STA1_CFC64_OH0,0108_1116,A,-0.5176808834075928,-0.021337276324629784,-0.5,0.0,-0.17120502203057883,0.0019529168363978894,-0.012812522284272446,33.63585986399477
1767867423.1542554,1767867423154263059,Sr02_gA_IMG1_LID0_STA1_CFC64_OH0,0108_1116,A,-0.5208128094673157,-0.07812889665365219,-0.5,0.0,-0.22120089254714415,0.0025952666519429043,-0.012882178854934449,33.58693947355362
1767867423.2773304,1767867423277338393,Sr02_gA_IMG1_LID0_STA1_CFC64_OH0,0108_1116,A,-0.5207104682922363,-0.07822529971599579,-0.5,0.0,-0.27119633260091036,0.0032699626206860065,-0.014234785927507506,33.53801558134863
1767867423.4003937,1767867423400402416,Sr02_gA_IMG1_LID0_STA1_CFC64_OH0,0108_1116,A,-0.5553206205368042,-0.6519122123718262,-0.5,-0.5,-0.3461877292230123,0.0044050743233827495,-0.01592563770934315,33.464610336073925
1767867423.5180275,1767867423518036095,Sr02_gA_IMG1_LID0_STA1_CFC64_OH0,0108_1116,A,-0.47424378991127014,-0.25751182436943054,-0.5,-0.5,-0.39618048389153215,0.005255477801251067,-0.018092157477135936,33.41565826704533
1767867423.6375413,1767867423637549016,Sr02_gA_IMG1_LID0_STA1_CFC64_OH0,0108_1116,A,-0.5889727473258972,-0.2425716519355774,-0.5,-0.5,-0.4711658318566129,0.006735940941508204,-0.021380735582408817,33.34219443727015
1767867423.757854,1767867423757864109,Sr02_gA_IMG1_LID0_STA1_CFC64_OH0,0108_1116,A,-0.5885581970214844,-0.2427603304386139,-0.5,-0.5,-0.5211532223700464,0.007858226258633746,-0.023514458742176843,33.2931952015487
1767867423.8738894,1767867423873898596,Sr02_gA_IMG1_LID0_STA1_CFC64_OH0,0108_1116,A,-0.5372470617294312,-0.47435110807418823,-0.5,-0.5,-0.5711234235095952,0.00921933752971655,-0.031127399158779382,33.244162820032884
1767867423.9943957,1767867423994405790,Sr02_gA_IMG1_LID0_STA1_CFC64_OH0,0108_1116,A,-0.49747028946876526,-0.4028436243534088,-0.5,-0.5,-0.6460716780885845,0.011993125059527978,-0.04285924116473172,33.17046403826867
1767867424.1128054,1767867424112814060,Sr02_gA_IMG1_LID0_STA1_CFC64_OH0,0108_1116,A,-0.49979522824287415,-0.408070832490921,-0.5,-0.5,-0.695473761125937,0.014552568409729242,-0.06443685398612377,33.12172634708696
1767867424.2315884,1767867424231596845,Sr02_gA_IMG1_LID0_STA1_CFC64_OH0,0108_1116,A,-0.5401882529258728,-0.477978378534317,-0.5,-0.5,-0.7700379952407332,0.02088730580196663,-0.10379875819811728,33.04761919194301
1767867424.3498058,1767867424349812802,Sr02_gA_IMG1_LID0_STA1_CFC64_OH0,0108_1116,A,-0.34087270498275757,-0.3886460065841675,-0.5,-0.5,-0.819701172233238,0.02667055515657005,-0.12805587294448106,32.997914123294656
1767867424.469853,1767867424469861032,Sr02_gA_IMG1_LID0_STA1_CFC64_OH0,0108_1116,A,-0.4528101682662964,-0.4497247636318207,-0.5,-0.5,-0.86920939986925,0.033657137130257926,-0.15233185449311937,32.948093000888626
1767867424.5881145,1767867424588122375,Sr02_gA_IMG1_LID0_STA1_CFC64_OH0,0108_1116,A,-0.45975276827812195,-0.4766843318939209,-0.5,-0.5,-0.9426103484336862,0.04678867907279687,-0.20813673735944038,32.87361115449977
1767867424.709955,1767867424709963283,Sr02_gA_IMG1_LID0_STA1_CFC64_OH0,0108_1116,A,-0.44032543897628784,-0.4507928788661957,-0.5,-0.5,-0.9913099190099703,0.058102984105343064,-0.24842105749628413,32.823614860732775
1767867424.8302398,1767867424830248890,Sr02_gA_IMG1_LID0_STA1_CFC64_OH0,0108_1116,A,-0.5131527781486511,-0.529786229133606,-0.5,-0.5,-1.063370718958833,0.0787480946301058,-0.31053983245491207,32.74876590415173
1767867424.9510932,1767867424951102247,Sr02_gA_IMG1_LID0_STA1_CFC64_OH0,0108_1116,A,-0.3674081265926361,-0.4819453954696655,-0.5,-0.5,-1.110595955338717,0.09515848254975044,-0.35833758349614175,32.69907263726776
1767867425.067888,1767867425067897367,Sr02_gA_IMG1_LID0_STA1_CFC64_OH0,0108_1116,A,-0.37420931458473206,-0.490358829498291,-0.5,-0.5,-1.157057022602057,0.11359843288200304,-0.39725408382070115,32.64967413344877
1767867425.1885228,1767867425188531271,Sr02_gA_IMG1_LID0_STA1_CFC64_OH0,0108_1116,A,-0.5399301052093506,-0.4468793272972107,-0.5,-0.5,-1.2252087372301645,0.1448259099521031,-0.46375350117646025,32.57628966355106
1767867425.3093483,1767867425309357918,Sr02_gA_IMG1_LID0_STA1_CFC64_OH0,0108_1116,A,-0.48811569809913635,-0.4200372099876404,-0.5,-0.5,-1.2693778325266205,0.1682484936707258,-0.5114218609631501,32.5280278590541
1767867425.4301863,1767867425430194083,Sr02_gA_IMG1_LID0_STA1_CFC64_OH0,0108_1116,A,-0.5020719766616821,-0.4278944730758667,-0.5,-0.5,-1.312414068452184,0.19369370580427775,-0.556501095063241,32.48042912363336
1767867425.5511274,1767867425551135696,Sr02_gA_IMG1_LID0_STA1_CFC64_OH0,0108_1116,A,-0.5158959627151489,-0.5045704245567322,-0.5,-0.5,-1.3745399337754378,0.23561787155558578,-0.6329530045488598,32.410586192205415
1767867425.669011,1767867425669019187,Sr02_gA_IMG1_LID0_STA1_CFC64_OH0,0108_1116,A,-0.5070827603340149,-0.566834568977356,-0.5,-0.5,-1.4141259670029722,0.26615411038737574,-0.6811475036250114,32.36525547368988
1767867425.7906506,1767867425790659828,Sr02_gA_IMG1_LID0_STA1_CFC64_OH0,0108_1116,A,-0.5531886219978333,-0.4794716536998749,-0.5,-0.5,-1.4706081722546016,0.3154719285404679,-0.7537475032190173,32.299344340177335
1767867425.9091406,1767867425909149161,Sr02_gA_IMG1_LID0_STA1_CFC64_OH0,0108_1116,A,-0.5497385263442993,-0.47913241386413574,-0.5,-0.5,-1.5062880467761228,0.35049378313081603,-0.7984353832020125,32.256886602298174
1767867426.0274262,1767867426027434068,Sr02_gA_IMG1_LID0_STA1_CFC64_OH0,0108_1116,A,-0.5731884837150574,-0.5498679876327515,-0.5,-0.5,-1.540417164619097,0.3870291840492064,-0.8404390516788293,32.215636200068026
1767867426.1466107,1767867426146618821,Sr02_gA_IMG1_LID0_STA1_CFC64_OH0,0108_1116,A,-0.5284308791160583,-0.5593699812889099,-0.5,-0.5,-1.5886270596137286,0.4444517673841621,-0.9048334694413053,32.15615645588003
1767867426.2674985,1767867426267506453,Sr02_gA_IMG1_LID0_STA1_CFC64_OH0,0108_1116,A,-0.5211717486381531,-0.5483763217926025,-0.5,-0.5,-1.618508165312181,0.48451000712255216,-0.9551078696460278,32.11836464354182
1767867426.3865306,1767867426386538359,Sr02_gA_IMG1_LID0_STA1_CFC64_OH0,0108_1116,A,-0.6138707995414734,-0.41581493616104126,-0.5,-0.5,-1.6592187341159317,0.5474467930403767,-1.0374582445591427,32.06514979963869
1767867426.5041714,1767867426504179623,Sr02_gA_IMG1_LID0_STA1_CFC64_OH0,0108_1116,A,-0.5776533484458923,-0.2766955494880676,-0.5,-0.5,-1.6835975243675387,0.5910953376840381,-1.0854053665985604,32.0320626547342
1767867426.6276226,1767867426627630836,Sr02_gA_IMG1_LID0_STA1_CFC64_OH0,0108_1116,A,-0.5181663632392883,-0.07110292464494705,-0.5,0.0,-1.7058570402165927,0.6358617926369141,-1.1333185376037966,32.00085588885862
1767867426.744723,1767867426744731151,Sr02_gA_IMG1_LID0_STA1_CFC64_OH0,0108_1116,A,-0.46863338351249695,-0.029142210260033607,-0.5,0.0,-1.7349018943001273,0.7049586908033025,-1.2140150967283252,31.957977823095774
1767867426.8603125,1767867426860322744,Sr02_gA_IMG1_LID0_STA1_CFC64_OH0,0108_1116,A,-0.1874236911535263,-0.32446640729904175,0.0,-0.5,-1.751045770201601,0.7522738391817828,-1.269952020023427,31.932348384322204
1767867426.9751632,1767867426975172779,Sr02_gA_IMG1_LID0_STA1_CFC64_OH0,0108_1116,A,-0.11673422157764435,-0.18185344338417053,0.0,0.0,-1.7645406127266063,0.8004117855395458,-1.3248995235611087,31.909199496007922
1767867427.0902243,1767867427090231969,Sr02_gA_IMG1_LID0_STA1_CFC64_OH0,0108_1116,A,0.018725000321865082,-0.17537088692188263,0.0,0.0,-1.7802273033564378,0.8737150761024819,-1.3916570632668495,31.878828094534928
1767867427.2090788,1767867427209087131,Sr02_gA_IMG1_LID0_STA1_CFC64_OH0,0108_1116,A,0.2858266830444336,-0.18604999780654907,0.5,0.0,-1.7883972719685683,0.9229908342705692,-1.4204201968566408,31.86082052145733
1767867427.3307295,1767867427330737681,Sr02_gA_IMG1_LID0_STA1_CFC64_OH0,0108_1116,A,0.06843394041061401,-0.1042935848236084,0.0,0.0,-1.7953629000040594,0.9723328935685425,-1.4363521909258323,31.844047565681286
1767867427.452788,1767867427452796570,Sr02_gA_IMG1_LID0_STA1_CFC64_OH0,0108_1116,A,0.06056315079331398,-0.20250912010669708,0.0,-0.5,-1.8051430129300106,1.0466853523794333,-1.4424268490558307,31.81960541832108
1767867427.5704825,1767867427570490995,Sr02_gA_IMG1_LID0_STA1_CFC64_OH0,0108_1116,A,0.07225436717271805,-0.20194123685359955,0.0,-0.5,-1.81010348613308,1.0854798361417621,-1.4448997753336867,31.807054744041437
1767867427.6865697,1767867427686577931,Sr02_gA_IMG1_LID0_STA1_CFC64_OH0,0108_1116,A,0.36417439579963684,-0.4244097173213959,0.5,-0.5,-1.8129541040249888,1.1081868010985834,-1.447966739159982,31.799780457379367
1767867427.8052113,1767867427805219451,Sr02_gA_IMG1_LID0_STA1_CFC64_OH0,0108_1116,A,0.20854662358760834,-0.20715032517910004,0.5,-0.5,-1.8130900388868556,1.109307485683258,-1.4614755413671663,31.79942648608174
1767867427.927319,1767867427927328184,Sr02_gA_IMG1_LID0_STA1_CFC64_OH0,0108_1116,A,0.22852209210395813,-0.2136514037847519,0.5,-0.5,-1.8121006557583255,1.0993860341798423,-1.4764522091772045,31.802351611458864
1767867428.0512114,1767867428051219456,Sr02_gA_IMG1_LID0_STA1_CFC64_OH0,0108_1116,A,0.48014622926712036,-0.17059187591075897,0.5,0.0,-1.8108426907239514,1.0853194787704898,-1.493788300656011,31.80636180791806
1767867428.1713471,1767867428171355122,Sr02_gA_IMG1_LID0_STA1_CFC64_OH0,0108_1116,A,0.451664000749588,-0.26083579659461975,0.5,-0.5,-1.8108420364099487,1.0853107436068947,-1.5133715057702444,31.80636417562836
1767867428.2968333,1767867428296842171,Sr02_gA_IMG1_LID0_STA1_CFC64_OH0,0108_1116,A,0.3964744210243225,-0.46753454208374023,0.5,-0.5,-1.810824478413135,1.0847046968192495,-1.5434347093612182,31.80650116389211
1767867428.4216223,1767867428421631936,Sr02_gA_IMG1_LID0_STA1_CFC64_OH0,0108_1116,A,0.4107237458229065,-0.4773414731025696,0.5,-0.5,-1.8105957955639493,1.0712794208483174,-1.5599493882470334,31.809381477832396
1767867428.5455291,1767867428545536133,Sr02_gA_IMG1_LID0_STA1_CFC64_OH0,0108_1116,A,0.4524950385093689,-0.4271163046360016,0.5,-0.5,-1.8106030195979297,1.0187485800595513,-1.578616938832192,31.819819747360746
1767867428.6653056,1767867428665313754,Sr02_gA_IMG1_LID0_STA1_CFC64_OH0,0108_1116,A,0.4574320316314697,-0.3888472318649292,0.5,-0.5,-1.8114061228532987,0.9695470217940001,-1.5967420575388298,31.8288919219638
1767867428.7866294,1767867428786639000,Sr02_gA_IMG1_LID0_STA1_CFC64_OH0,0108_1116,A,0.4290919005870819,-0.21645931899547577,0.5,-0.5,-1.813129526362719,0.919577341797192,-1.6138012267709292,31.837291998145282
1767867428.9083118,1767867428908324266,Sr02_gA_IMG1_LID0_STA1_CFC64_OH0,0108_1116,A,0.4518359899520874,-0.23313139379024506,0.5,-0.5,-1.817684016039367,0.8448259512132371,-1.6519295629345039,31.848065911614764
1767867429.0297363,1767867429029744722,Sr02_gA_IMG1_LID0_STA1_CFC64_OH0,0108_1116,A,0.4672515392303467,-0.4198582172393799,0.5,-0.5,-1.8227209104159408,0.795394309580094,-1.694943509553839,31.853303717655827
1767867429.1467113,1767867429146718690,Sr02_gA_IMG1_LID0_STA1_CFC64_OH0,0108_1116,A,0.469159334897995,-0.3211381137371063,0.5,-0.5,-1.8346514082151235,0.7213653613616379,-1.7654420934422594,31.85700057413159
1767867429.266502,1767867429266509857,Sr02_gA_IMG1_LID0_STA1_CFC64_OH0,0108_1116,A,0.46368923783302307,-0.39669665694236755,0.5,-0.5,-1.8453668842191795,0.6725309658145772,-1.8081536872731492,31.85675391664562
1767867429.381512,1767867429381520195,Sr02_gA_IMG1_LID0_STA1_CFC64_OH0,0108_1116,A,0.47165244817733765,-0.40734416246414185,0.5,-0.5,-1.8580654091687252,0.624173628606752,-1.8470383890086746,31.85454662135188
1767867429.4998415,1767867429499851370,Sr02_gA_IMG1_LID0_STA1_CFC64_OH0,0108_1116,A,0.5209173560142517,-0.49863865971565247,0.5,-0.5,-1.880026815395123,0.5526019769624458,-1.8855844403359376,31.848330016695765
1767867429.6190302,1767867429619038859,Sr02_gA_IMG1_LID0_STA1_CFC64_OH0,0108_1116,A,0.4774860739707947,-0.47996941208839417,0.5,-0.5,-1.8960603251238586,0.5052436302771183,-1.9088975288273833,31.842846126195532
1767867429.7450383,1767867429745046559,Sr02_gA_IMG1_LID0_STA1_CFC64_OH0,0108_1116,A,0.48239362239837646,-0.47999268770217896,0.5,-0.5,-1.9132231694211674,0.458586478596874,-1.9414657507202528,31.836185167444548
1767867429.862447,1767867429862456258,Sr02_gA_IMG1_LID0_STA1_CFC64_OH0,0108_1116,A,0.47673332691192627,-0.5081542134284973,0.5,-0.5,-1.942255768273544,0.38946783889070563,-1.9929113953800273,31.822938267433646
1767867429.9767425,1767867429976752501,Sr02_gA_IMG1_LID0_STA1_CFC64_OH0,0108_1116,A,0.47355106472969055,-0.5332410335540771,0.5,-0.5,-1.9636039167121206,0.3443025816556032,-2.0321296918101424,31.812056371858393
1767867430.0970304,1767867430097038119,Sr02_gA_IMG1_LID0_STA1_CFC64_OH0,0108_1116,A,0.5050485730171204,-0.5185397863388062,0.5,-0.5,-1.9990000557902483,0.2782113838069403,-2.093432031966477,31.792215214950673
1767867430.2138848,1767867430213892973,Sr02_gA_IMG1_LID0_STA1_CFC64_OH0,0108_1116,A,0.5107102990150452,-0.5155084729194641,0.5,-0.5,-2.024995272087732,0.23555477332671013,-2.1429985398608657,31.77642727700179
1767867430.3337784,1767867430333785400,Sr02_gA_IMG1_LID0_STA1_CFC64_OH0,0108_1116,A,0.48263031244277954,-0.4435601532459259,0.5,-0.5,-2.0530677090744205,0.19418500180145157,-2.190995441422703,31.758395757472115
1767867430.455365,1767867430455373252,Sr02_gA_IMG1_LID0_STA1_CFC64_OH0,0108_1116,A,0.5812408328056335,-0.4158344864845276,0.5,-0.5,-2.0988159825308004,0.13477401742758924,-2.2629935726533743,31.72733026115487
1767867430.5725443,1767867430572552648,Sr02_gA_IMG1_LID0_STA1_CFC64_OH0,0108_1116,A,0.5791757106781006,-0.4103836715221405,0.5,-0.5,-2.1316915496414452,0.09710893060762414,-2.313808926087602,31.70394257570153
1767867430.6964636,1767867430696472534,Sr02_gA_IMG1_LID0_STA1_CFC64_OH0,0108_1116,A,0.5289574861526489,-0.5317926406860352,0.5,-0.5,-2.1845695396855977,0.043949448497343606,-2.3932501003309987,31.664736221442933
1767867430.81656,1767867430816569357,Sr02_gA_IMG1_LID0_STA1_CFC64_OH0,0108_1116,A,0.5089808106422424,-0.5161961913108826,0.5,-0.5,-2.2220758709662705,0.010893215288432971,-2.445104036596961,31.635923339597095
1767867430.9368825,1767867430936890211,Sr02_gA_IMG1_LID0_STA1_CFC64_OH0,0108_1116,A,0.5337240099906921,-0.36651358008384705,0.5,-0.5,-2.261240459205664,-0.020180584282442626,-2.4966548364775503,31.60508734127532
1767867431.05836,1767867431058388565,Sr02_gA_IMG1_LID0_STA1_CFC64_OH0,0108_1116,A,0.52638840675354,-0.3457293212413788,0.5,-0.5,-2.3226880749772283,-0.06315831149944645,-2.5643505471907844,31.555444599884144
1767867431.1744375,1767867431174448842,Sr02_gA_IMG1_LID0_STA1_CFC64_OH0,0108_1116,A,0.5171571373939514,-0.3786666691303253,0.5,-0.5,-2.365141776327577,-0.08956517881807503,-2.6059339600718663,31.520427363359467
1767867431.2939732,1767867431293981141,Sr02_gA_IMG1_LID0_STA1_CFC64_OH0,0108_1116,A,0.47710108757019043,0.00500373775139451,0.5,0.0,-2.4307398455142475,-0.1258097361968134,-2.6686262984110387,31.46531304373424
1767867431.409792,1767867431409800223,Sr02_gA_IMG1_LID0_STA1_CFC64_OH0,0108_1116,A,0.4703178107738495,0.009877676144242287,0.5,0.0,-2.475768200027675,-0.14737846439208663,-2.721414664760627,31.426736354982996
1767867431.529254,1767867431529261278,Sr02_gA_IMG1_LID0_STA1_CFC64_OH0,0108_1116,A,0.5149267315864563,-0.018325038254261017,0.5,0.0,-2.521925046487597,-0.16658757808559088,-2.7730342435307667,31.386529463970447
1767867431.6501365,1767867431650144593,Sr02_gA_IMG1_LID0_STA1_CFC64_OH0,0108_1116,A,0.4658024311065674,0.0056885359808802605,0.5,0.0,-2.5926191172413753,-0.1913885547934113,-2.831875956817895,31.323887341878628
1767867431.7680528,1767867431768063291,Sr02_gA_IMG1_LID0_STA1_CFC64_OH0,0108_1116,A,0.49865108728408813,-0.023067688569426537,0.5,0.0,-2.6404940348674186,-0.20580184344711866,-2.8664488437114386,31.280918848103827
1767867431.88373,1767867431883738482,Sr02_gA_IMG1_LID0_STA1_CFC64_OH0,0108_1116,A,0.49928557872772217,-0.013066098093986511,0.5,0.0,-2.688855050632054,-0.21848705219991332,-2.9039860634566605,31.237079835454164
1767867431.9988081,1767867431998817450,Sr02_gA_IMG1_LID0_STA1_CFC64_OH0,0108_1116,A,0.5149843692779541,-0.011754993349313736,0.5,0.0,-2.761361254994109,-0.2344857451766661,-2.934164607370757,31.17065108696892
1767867432.1182563,1767867432118264769,Sr02_gA_IMG1_LID0_STA1_CFC64_OH0,0108_1116,A,0.5155140161514282,-0.030625326558947563,0.5,0.0,-2.8102837077831495,-0.2448068421393858,-2.9331792837817017,31.125733349972435
1767867432.2340345,1767867432234043204,Sr02_gA_IMG1_LID0_STA1_CFC64_OH0,0108_1116,A,0.5162310600280762,-0.027461204677820206,0.5,0.0,-2.859208416692147,-0.2551205172948935,-2.9347297363467573,31.080827123273732
1767867432.3523877,1767867432352395680,Sr02_gA_IMG1_LID0_STA1_CFC64_OH0,0108_1116,A,0.5305927395820618,-0.06134118512272835,0.5,0.0,-2.9326128289098126,-0.27050854339224834,-2.9345968817690036,31.013459871736792
1767867432.4665277,1767867432466536280,Sr02_gA_IMG1_LID0_STA1_CFC64_OH0,0108_1116,A,0.5161176323890686,-0.051879242062568665,0.5,0.0,-2.98155727246241,-0.2807281333616368,-2.9369036248488154,30.96855028954153
1767867432.5852582,1767867432585268311,Sr02_gA_IMG1_LID0_STA1_CFC64_OH0,0108_1116,A,0.5033511519432068,-0.007771470118314028,0.5,0.0,-3.030521929623545,-0.29085046580852414,-2.9384102716563874,30.92361264962839
1767867432.708711,1767867432708720316,Sr02_gA_IMG1_LID0_STA1_CFC64_OH0,0108_1116,A,0.5030359625816345,-0.007603078614920378,0.5,0.0,-3.103992965689803,-0.30591713944102544,-2.940212851856401,30.856183033918875
1767867432.829531,1767867432829539040,Sr02_gA_IMG1_LID0_STA1_CFC64_OH0,0108_1116,A,0.5061267614364624,-0.046668943017721176,0.5,0.0,-3.1529977761691566,-0.3158431798556354,-2.9432753650637267,30.811196500051256
1767867432.9469554,1767867432946963347,Sr02_gA_IMG1_LID0_STA1_CFC64_OH0,0108_1116,A,0.5151028633117676,-0.013735979795455933,0.5,0.0,-3.226559059689697,-0.3304626127342868,-2.9481037572015762,30.743625853288968
1767867433.0632472,1767867433063255210,Sr02_gA_IMG1_LID0_STA1_CFC64_OH0,0108_1116,A,0.5138503313064575,-0.011537283658981323,0.5,0.0,-3.275655203527009,-0.33992625383108593,-2.954237863671453,30.69847341012244
1767867433.1851807,1767867433185191600,Sr02_gA_IMG1_LID0_STA1_CFC64_OH0,0108_1116,A,0.4970875084400177,-0.11777115613222122,0.5,0.0,-3.3248041561762425,-0.3491118146930485,-2.9594257866327305,30.6532148703358
1767867433.3031268,1767867433303134905,Sr02_gA_IMG1_LID0_STA1_CFC64_OH0,0108_1116,A,0.5120167136192322,-0.07563836872577667,0.5,0.0,-3.398571778663612,-0.3625900731627033,-2.9615220329276455,30.585236112389172
1767867433.424575,1767867433424583515,Sr02_gA_IMG1_LID0_STA1_CFC64_OH0,0108_1116,A,0.5075286626815796,-0.03389493376016617,0.5,0.0,-3.4477667274175343,-0.3715263240348602,-2.962282339581474,30.539906690896444
1767867433.5398965,1767867433539904850,Sr02_gA_IMG1_LID0_STA1_CFC64_OH0,0108_1116,A,0.5065115094184875,-0.03271225467324257,0.5,0.0,-3.496975431276373,-0.38034710712738473,-2.9665338219128894,30.49454921573715
1767867433.6581476,1767867433658158500,Sr02_gA_IMG1_LID0_STA1_CFC64_OH0,0108_1116,A,0.5028182864189148,-0.010591497644782066,0.5,0.0,-3.570854053685435,-0.3932678328491722,-2.9695602422816174,30.426397621722334
1767867433.7792208,1767867433779229128,Sr02_gA_IMG1_LID0_STA1_CFC64_OH0,0108_1116,A,0.5193530917167664,-0.00926138274371624,0.5,0.0,-3.6201209213285632,-0.40179866858148977,-2.970713969228928,30.380945950414418
1767867433.9000525,1767867433900060555,Sr02_gA_IMG1_LID0_STA1_CFC64_OH0,0108_1116,A,0.5164732933044434,-0.009896285831928253,0.5,0.0,-3.694042432644821,-0.41404936648244495,-2.9852045155486358,30.312634680363956
1767867434.0180008,1767867434018008790,Sr02_gA_IMG1_LID0_STA1_CFC64_OH0,0108_1116,A,0.5033257603645325,0.001939727459102869,0.5,0.0,-3.7434612242213916,-0.4216500768836697,-2.9927683428745917,30.266832256219626
1767867434.1351364,1767867434135145415,Sr02_gA_IMG1_LID0_STA1_CFC64_OH0,0108_1116,A,0.49809226393699646,-0.008209126070141792,0.5,0.0,-3.7929139007598827,-0.42897771394142786,-2.9961841196186723,30.220939919578054
1767867434.255405,1767867434255412790,Sr02_gA_IMG1_LID0_STA1_CFC64_OH0,0108_1116,A,0.515588104724884,-0.029121963307261467,0.5,0.0,-3.8671489276692754,-0.4396617641495014,-3.000893409247951,30.151992129165198
1767867434.3754425,1767867434375452606,Sr02_gA_IMG1_LID0_STA1_CFC64_OH0,0108_1116,A,0.515552818775177,-0.029058607295155525,0.5,0.0,-3.916658537528724,-0.44664731931283785,-3.001952561992788,30.105988478769167
1767867434.4924831,1767867434492491878,Sr02_gA_IMG1_LID0_STA1_CFC64_OH0,0108_1116,A,0.508958101272583,-0.04244833439588547,0.5,0.0,-3.966175145336521,-0.453583100022724,-3.002892000897454,30.059977878484737
1767867434.6117022,1767867434611711048,Sr02_gA_IMG1_LID0_STA1_CFC64_OH0,0108_1116,A,0.5087338089942932,-0.00971151702105999,0.5,0.0,-4.040462368505631,-0.4638984643515973,-3.0043573937970147,29.99095097052066
1767867434.731095,1767867434731103103,Sr02_gA_IMG1_LID0_STA1_CFC64_OH0,0108_1116,A,0.508571445941925,-0.009254775941371918,0.5,0.0,-4.08999160228775,-0.4707435119253819,-3.004163430425271,29.94493638433191
1767867434.847526,1767867434847535010,Sr02_gA_IMG1_LID0_STA1_CFC64_OH0,0108_1116,A,0.5001326203346252,-0.008779678493738174,0.5,0.0,-4.16429004430978,-0.4809777630110416,-3.0057115424851704,29.875925333183567
1767867434.9673226,1767867434967330095,Sr02_gA_IMG1_LID0_STA1_CFC64_OH0,0108_1116,A,0.5106139183044434,-0.009656164795160294,0.5,0.0,-4.2138389513865855,-0.4876787870591241,-3.00862373281234,29.82988591157292
1767867435.09111,1767867435091118906,Sr02_gA_IMG1_LID0_STA1_CFC64_OH0,0108_1116,A,0.5116794109344482,-0.009258344769477844,0.5,0.0,-4.2634071422985205,-0.49423564402188097,-3.0115295888375773,29.783802589607244
1767867435.2098958,1767867435209905450,Sr02_gA_IMG1_LID0_STA1_CFC64_OH0,0108_1116,A,0.5107500553131104,-0.00924178771674633,0.5,0.0,-4.337801659478641,-0.5037454820958629,-3.017301674670542,29.714574381636233
1767867435.3310337,1767867435331042233,Sr02_gA_IMG1_LID0_STA1_CFC64_OH0,0108_1116,A,0.5134541392326355,-0.012303464114665985,0.5,0.0,-4.387418949183069,-0.5099199496068959,-3.0182728317586114,29.668373695038348
1767867435.450065,1767867435450073499,Sr02_gA_IMG1_LID0_STA1_CFC64_OH0,0108_1116,A,0.5070437788963318,0.0023486497811973095,0.5,0.0,-4.461855782251963,-0.519093622506935,-3.0196513610877096,29.599061848147084
1767867435.5680466,1767867435568054997,Sr02_gA_IMG1_LID0_STA1_CFC64_OH0,0108_1116,A,0.5068163871765137,0.0023729263339191675,0.5,0.0,-4.511487163698121,-0.525153779041159,-3.0205380918736653,29.55284794089844
1767867435.6852896,1767867435685298083,Sr02_gA_IMG1_LID0_STA1_CFC64_OH0,0108_1116,A,0.5137393474578857,0.005051817744970322,0.5,0.0,-4.561124160002166,-0.5311677699478218,-3.021503706587113,29.506628605599804
1767867435.8014295,1767867435801437539,Sr02_gA_IMG1_LID0_STA1_CFC64_OH0,0108_1116,A,0.4308220446109772,0.017426343634724617,0.5,0.0,-4.635590285385035,-0.5401005494346712,-3.0229002471619237,29.437288827704293
1767867435.921261,1767867435921269704,Sr02_gA_IMG1_LID0_STA1_CFC64_OH0,0108_1116,A,0.5142924189567566,-0.00432749604806304,0.5,0.0,-4.685241227153907,-0.5459983020995277,-3.02382442442556,29.39105567638496
1767867436.0448112,1767867436044819344,Sr02_gA_IMG1_LID0_STA1_CFC64_OH0,0108_1116,A,0.5139278173446655,-0.0042346166446805,0.5,0.0,-4.734898322189608,-0.5518440085992916,-3.025024149768024,29.344814901042866
1767867436.1637352,1767867436163743458,Sr02_gA_IMG1_LID0_STA1_CFC64_OH0,0108_1116,A,0.5112659335136414,-0.002656250260770321,0.5,0.0,-4.809390184711696,-0.560559607420736,-3.024964663135745,29.275456573340577
1767867436.2824388,1767867436282446295,Sr02_gA_IMG1_LID0_STA1_CFC64_OH0,0108_1116,A,0.47568950057029724,0.011044089682400227,0.5,0.0,-4.859049823864822,-0.566383687644889,-3.024727370895634,29.229238425312985
1767867436.4016702,1767867436401680864,Sr02_gA_IMG1_LID0_STA1_CFC64_OH0,0108_1116,A,0.47527340054512024,0.011137938126921654,0.5,0.0,-4.9335350072376665,-0.5751561674345511,-3.023748909015478,29.15994862282153
1767867436.526173,1767867436526183590,Sr02_gA_IMG1_LID0_STA1_CFC64_OH0,0108_1116,A,0.5095390677452087,0.006023026071488857,0.5,0.0,-4.983183079769878,-0.5810779867571619,-3.0220062782362063,29.11379960401887
1767867436.6454074,1767867436645416115,Sr02_gA_IMG1_LID0_STA1_CFC64_OH0,0108_1116,A,0.5018718242645264,-0.008022086694836617,0.5,0.0,-5.032827269011583,-0.5870323228375177,-3.0224390104872003,29.06767596065374
1767867436.7644062,1767867436764414629,Sr02_gA_IMG1_LID0_STA1_CFC64_OH0,0108_1116,A,0.5076536536216736,0.0029398794285953045,0.5,0.0,-5.10729832148381,-0.5959239730037629,-3.023060276834535,28.998499053385686
1767867436.887238,1767867436887246507,Sr02_gA_IMG1_LID0_STA1_CFC64_OH0,0108_1116,A,0.5074023008346558,0.0030488062184304,0.5,0.0,-5.156948265989744,-0.6018301290180532,-3.023325901762421,28.952388797298717
1767867437.0011053,1767867437001113341,Sr02_gA_IMG1_LID0_STA1_CFC64_OH0,0108_1116,A,0.5015407204627991,-0.013463050127029419,0.5,0.0,-5.231418172212943,-0.6107313145499832,-3.0218034892999777,28.883264090429858
1767867437.1185055,1767867437118513754,Sr02_gA_IMG1_LID0_STA1_CFC64_OH0,0108_1116,A,0.501595139503479,0.00675588846206665,0.5,0.0,-5.28105652393797,-0.6167341024466881,-3.0206896973105297,28.837224215050856
1767867437.23723,1767867437237239064,Sr02_gA_IMG1_LID0_STA1_CFC64_OH0,0108_1116,A,0.5016375184059143,0.006690419279038906,0.5,0.0,-5.3306897085108735,-0.6227794805556619,-3.020087391774566,28.79121433872609
1767867437.3613331,1767867437361343570,Sr02_gA_IMG1_LID0_STA1_CFC64_OH0,0108_1116,A,0.4984588325023651,-0.006158811505883932,0.5,0.0,-5.405139797109559,-0.6318449664576326,-3.0209001768382326,28.722223513981604
1767867437.4795098,1767867437479519334,Sr02_gA_IMG1_LID0_STA1_CFC64_OH0,0108_1116,A,0.49129438400268555,-0.00013537798076868057,0.5,0.0,-5.454775183356338,-0.637872245875942,-3.0206061917115847,28.676239905248327
1767867437.600569,1767867437600577810,Sr02_gA_IMG1_LID0_STA1_CFC64_OH0,0108_1116,A,0.5069354772567749,-0.004469873383641243,0.5,0.0,-5.504408768847194,-0.6439143361595202,-3.0203024009378705,28.630275636581295
1767867437.714271,1767867437714279733,Sr02_gA_IMG1_LID0_STA1_CFC64_OH0,0108_1116,A,0.506420910358429,-0.00449422188103199,0.5,0.0,-5.578864041138266,-0.6529370892277659,-3.0217894280411177,28.561338616166324
1767867437.8331873,1767867437833195442,Sr02_gA_IMG1_LID0_STA1_CFC64_OH0,0108_1116,A,0.5102488994598389,-0.011661756783723831,0.5,0.0,-5.6285036242835185,-0.6589296991088893,-3.0211138446073984,28.515388627855693
1767867437.9533422,1767867437953350445,Sr02_gA_IMG1_LID0_STA1_CFC64_OH0,0108_1116,A,0.5056679248809814,-0.010231655091047287,0.5,0.0,-5.678139163563747,-0.6649557118903338,-3.0204441490329206,28.46946559722009
1767867438.0711384,1767867438071146003,Sr02_gA_IMG1_LID0_STA1_CFC64_OH0,0108_1116,A,0.5054535269737244,-0.010172953829169273,0.5,0.0,-5.75259048548575,-0.6740110791761295,-3.0209824831225083,28.400613406504636
1767867438.1901212,1767867438190129229,Sr02_gA_IMG1_LID0_STA1_CFC64_OH0,0108_1116,A,0.4928760230541229,-0.0012627127580344677,0.5,0.0,-5.802227293393559,-0.6800266409740571,-3.0209960255075683,28.354720724961393
1767867438.3092878,1767867438309298916,Sr02_gA_IMG1_LID0_STA1_CFC64_OH0,0108_1116,A,0.5054089426994324,-0.013180851936340332,0.5,0.0,-5.876684857473684,-0.6890305426377493,-3.021580055806605,28.285900016249794
1767867438.4287167,1767867438428726188,Sr02_gA_IMG1_LID0_STA1_CFC64_OH0,0108_1116,A,0.5045849680900574,-0.010578587651252747,0.5,0.0,-5.926326554209952,-0.6950056230606491,-3.022029477254455,28.24002598401855
1767867438.548481,1767867438548489534,Sr02_gA_IMG1_LID0_STA1_CFC64_OH0,0108_1116,A,0.5043011903762817,-0.010502267628908157,0.5,0.0,-5.975973058978305,-0.7009406010560055,-3.0231956455408655,28.194149893904484
1767867438.6649275,1767867438664935910,Sr02_gA_IMG1_LID0_STA1_CFC64_OH0,0108_1116,A,0.5044914484024048,0.004962179344147444,0.5,0.0,-6.050455002229872,-0.7097405042958742,-3.0247584073964506,28.125320976723994
1767867438.784655,1767867438784663458,Sr02_gA_IMG1_LID0_STA1_CFC64_OH0,0108_1116,A,0.5149664878845215,-0.004942092578858137,0.5,0.0,-6.100117087110628,-0.7155436752098655,-3.0257757011280098,28.079427184900492
1767867438.9031177,1767867438903125602,Sr02_gA_IMG1_LID0_STA1_CFC64_OH0,0108_1116,A,0.5149115920066833,-0.004802146460860968,0.5,0.0,-6.149782972787496,-0.7213142451842394,-3.0259910812803215,28.033534389194013
1767867439.0226636,1767867439022671267,Sr02_gA_IMG1_LID0_STA1_CFC64_OH0,0108_1116,A,0.5160516500473022,-0.00420488603413105,0.5,0.0,-6.22428812766356,-0.7299153878296996,-3.0276106531267684,27.964699698269797
1767867439.1419592,1767867439141970188,Sr02_gA_IMG1_LID0_STA1_CFC64_OH0,0108_1116,A,0.5135495662689209,-0.002750776242464781,0.5,0.0,-6.273966677234059,-0.7355758791893267,-3.0286685121529358,27.918798095847638
1767867439.2608714,1767867439260879615,Sr02_gA_IMG1_LID0_STA1_CFC64_OH0,0108_1116,A,0.5126533508300781,-0.011442514136433601,0.5,0.0,-6.348495451510593,-0.7439699290273427,-3.0299360986595927,27.84993350565268
1767867439.378235,1767867439378244241,Sr02_gA_IMG1_LID0_STA1_CFC64_OH0,0108_1116,A,0.5129069685935974,-0.011223768815398216,0.5,0.0,-6.398182708078295,-0.7495534911976103,-3.0294398824540463,27.804036427425203
1767867439.4954786,1767867439495486767,Sr02_gA_IMG1_LID0_STA1_CFC64_OH0,0108_1116,A,0.513158917427063,-0.0007217228412628174,0.5,0.0,-6.447869959002265,-0.7551371036100214,-3.0299340833248785,27.758153543802482
1767867439.6133072,1767867439613315207,Sr02_gA_IMG1_LID0_STA1_CFC64_OH0,0108_1116,A,0.519351601600647,-0.006218356546014547,0.5,0.0,-6.522405926988634,-0.7634670807976252,-3.0306512308759967,27.689337733085782
1767867439.7279792,1767867439727987950,Sr02_gA_IMG1_LID0_STA1_CFC64_OH0,0108_1116,A,0.5193361043930054,-0.006014954764395952,0.5,0.0,-6.572099701707944,-0.7689923319513886,-3.031071718918909,27.643467144573844
1767867439.8472195,1767867439847227118,Sr02_gA_IMG1_LID0_STA1_CFC64_OH0,0108_1116,A,0.49965086579322815,-0.012889519333839417,0.5,0.0,-6.621795471300153,-0.7744996136233318,-3.031361338280057,27.59760369129722
1767867439.9657085,1767867439965716564,Sr02_gA_IMG1_LID0_STA1_CFC64_OH0,0108_1116,A,0.5115737318992615,0.013012446463108063,0.5,0.0,-6.696345389386308,-0.78270374766838,-3.0328169542320027,27.52881271716627
1767867440.0841496,1767867440084159201,Sr02_gA_IMG1_LID0_STA1_CFC64_OH0,0108_1116,A,0.5104991793632507,-0.0041163223795592785,0.5,0.0,-6.746052909694187,-0.7881039185322192,-3.03393932944519,27.482942322166753
1767867440.2061083,1767867440206116391,Sr02_gA_IMG1_LID0_STA1_CFC64_OH0,0108_1116,A,0.5104402303695679,-0.003959029912948608,0.5,0.0,-6.795764184695095,-0.7934694397678397,-3.0341165299353454,27.43707246131464
1767867440.3239505,1767867440323958868,Sr02_gA_IMG1_LID0_STA1_CFC64_OH0,0108_1116,A,0.5149856209754944,-0.014653369784355164,0.5,0.0,-6.8703339813851025,-0.8014909338327305,-3.034882345042093,27.368284045086696
1767867440.4414968,1767867440441506829,Sr02_gA_IMG1_LID0_STA1_CFC64_OH0,0108_1116,A,0.5161352157592773,-0.006034254562109709,0.5,0.0,-6.920051169619132,-0.8068013765378746,-3.0354838395780743,27.32242831381008
1767867440.5629563,1767867440562963767,Sr02_gA_IMG1_LID0_STA1_CFC64_OH0,0108_1116,A,0.5157527327537537,-0.00596385495737195,0.5,0.0,-6.994636184440014,-0.8146800441361955,-3.0368304933374066,27.253637110880092
1767867440.685152,1767867440685160368,Sr02_gA_IMG1_LID0_STA1_CFC64_OH0,0108_1116,A,0.5039217472076416,-0.007918043062090874,0.5,0.0,-7.044358638565057,-0.819940926763427,-3.0355292523557456,27.20779792636377
1767867440.8010926,1767867440801101171,Sr02_gA_IMG1_LID0_STA1_CFC64_OH0,0108_1116,A,0.5128452777862549,-0.0017595174722373486,0.5,0.0,-7.0940787507935745,-0.8252239266117223,-3.03594087081353,27.161982329734307
1767867440.9227695,1767867440922777652,Sr02_gA_IMG1_LID0_STA1_CFC64_OH0,0108_1116,A,0.5120571255683899,-0.005358729977160692,0.5,0.0,-7.168662944300442,-0.8331104459219081,-3.0366448076125288,27.093271344147535
1767867441.0434844,1767867441043496759,Sr02_gA_IMG1_LID0_STA1_CFC64_OH0,0108_1116,A,0.5115123987197876,-0.005400266032665968,0.5,0.0,-7.218391662254615,-0.8383117771135098,-3.0381101399159354,27.047459838748072
1767867441.1629848,1767867441162995748,Sr02_gA_IMG1_LID0_STA1_CFC64_OH0,0108_1116,A,0.5144516229629517,-0.006315226200968027,0.5,0.0,-7.292994579770491,-0.8460191493350123,-3.0391000662863306,26.97873227730667
1767867441.2812154,1767867441281223170,Sr02_gA_IMG1_LID0_STA1_CFC64_OH0,0108_1116,A,0.5125101804733276,-0.002395967487245798,0.5,0.0,-7.342733710672036,-0.8511199792726,-3.039696450810808,26.93291740714307
1767867441.3991299,1767867441399138163,Sr02_gA_IMG1_LID0_STA1_CFC64_OH0,0108_1116,A,0.5123643279075623,-0.002310813870280981,0.5,0.0,-7.392476369476691,-0.8561862843740656,-3.040488252326621,26.887103528002466
1767867441.5203795,1767867441520388391,Sr02_gA_IMG1_LID0_STA1_CFC64_OH0,0108_1116,A,0.5259425044059753,0.007749040145426989,0.5,0.0,-7.467095238092953,-0.8637376871651852,-3.0409113446174807,26.818391350869295
1767867441.6377914,1767867441637799665,Sr02_gA_IMG1_LID0_STA1_CFC64_OH0,0108_1116,A,0.4880422353744507,0.0028338716365396976,0.5,0.0,-7.516843374931753,-0.8687499226159066,-3.04144721597195,26.772593086422663
1767867441.7524393,1767867441752448103,Sr02_gA_IMG1_LID0_STA1_CFC64_OH0,0108_1116,A,0.5018775463104248,-0.0013053053990006447,0.5,0.0,-7.566594198922293,-0.8737354150212004,-3.0419868263002994,26.726799076505575
1767867441.8677971,1767867441867804896,Sr02_gA_IMG1_LID0_STA1_CFC64_OH0,0108_1116,A,0.5013922452926636,-0.0015437141992151737,0.5,0.0,-7.641225780485993,-0.8811600980650695,-3.042867468861818,26.65811473854014
1767867441.9847543,1767867441984762806,Sr02_gA_IMG1_LID0_STA1_CFC64_OH0,0108_1116,A,0.5039576888084412,0.006683713756501675,0.5,0.0,-7.690982898548668,-0.8860823813943624,-3.0431070660536363,26.612332994040866
1767867442.10407,1767867442104078559,Sr02_gA_IMG1_LID0_STA1_CFC64_OH0,0108_1116,A,0.4787813425064087,0.015016674995422363,0.5,0.0,-7.740741177618007,-0.890992914554906,-3.043338998662655,26.566561700126133
1767867442.222363,1767867442222370773,Sr02_gA_IMG1_LID0_STA1_CFC64_OH0,0108_1116,A,0.4786839783191681,0.01501130498945713,0.5,0.0,-7.815377162962194,-0.8983731914690343,-3.0424784473666344,26.497939296046457
1767867442.342633,1767867442342645033,Sr02_gA_IMG1_LID0_STA1_CFC64_OH0,0108_1116,A,0.511017382144928,-0.0012530004605650902,0.5,0.0,-7.865131068418514,-0.9033278416114431,-3.0421950569053986,26.45222429156756
1767867442.4636593,1767867442463667622,Sr02_gA_IMG1_LID0_STA1_CFC64_OH0,0108_1116,A,0.5088537335395813,0.002059564460068941,0.5,0.0,-7.939761305963213,-0.9107660479538432,-3.0423542255249534,26.383683477231333
1767867442.588457,1767867442588465245,Sr02_gA_IMG1_LID0_STA1_CFC64_OH0,0108_1116,A,0.49075600504875183,0.015312360599637032,0.5,0.0,-7.989515680324208,-0.9157159883558594,-3.042508596678246,26.338005531102038
1767867442.7124364,1767867442712444355,Sr02_gA_IMG1_LID0_STA1_CFC64_OH0,0108_1116,A,0.49095022678375244,0.015290791168808937,0.5,0.0,-8.039268780062597,-0.920678715073732,-3.041840232691391,26.29234855491355
1767867442.8296185,1767867442829634673,Sr02_gA_IMG1_LID0_STA1_CFC64_OH0,0108_1116,A,0.4498004615306854,0.0067934636026620865,0.5,0.0,-8.113888638969584,-0.9282201796054327,-3.0397545078509736,26.223932898741946
1767867442.947827,1767867442947835185,Sr02_gA_IMG1_LID0_STA1_CFC64_OH0,0108_1116,A,0.5062509775161743,0.005011553410440683,0.5,0.0,-8.163625750738518,-0.9333406216125605,-3.0382533798069247,26.17838091130604
1767867443.06653,1767867443066538384,Sr02_gA_IMG1_LID0_STA1_CFC64_OH0,0108_1116,A,0.5059192776679993,0.004857898689806461,0.5,0.0,-8.2382263319565,-0.9410705993024884,-3.0383750682713755,26.110103972240832
1767867443.183311,1767867443183319481,Sr02_gA_IMG1_LID0_STA1_CFC64_OH0,0108_1116,A,0.23969124257564545,0.001825276529416442,0.5,0.0,-8.287959687575297,-0.9462274406862465,-3.0381691123587093,26.06460801458915
1767867443.3027515,1767867443302761001,Sr02_gA_IMG1_LID0_STA1_CFC64_OH0,0108_1116,A,0.5060756206512451,0.015021562576293945,0.5,0.0,-8.337688540507244,-0.9514274772957605,-3.0366378889442216,26.019146670363515
1767867443.4266987,1767867443426709424,Sr02_gA_IMG1_LID0_STA1_CFC64_OH0,0108_1116,A,0.5013636350631714,0.006130944937467575,0.5,0.0,-8.41226677695561,-0.9593699896480959,-3.034428811060717,25.951045934507587
1767867443.5471857,1767867443547194010,Sr02_gA_IMG1_LID0_STA1_CFC64_OH0,0108_1116,A,0.5012214183807373,0.006269913166761398,0.5,0.0,-8.461978125846132,-0.9647348175360122,-3.0337494640012745,25.90569616068716
1767867443.667861,1767867443667869686,Sr02_gA_IMG1_LID0_STA1_CFC64_OH0,0108_1116,A,0.49721890687942505,0.011475412175059319,0.5,0.0,-8.536539233753993,-0.9728366819943539,-3.0329829847638425,25.837726914674796
1767867443.7849882,1767867443784996414,Sr02_gA_IMG1_LID0_STA1_CFC64_OH0,0108_1116,A,0.49621501564979553,-0.0010599191300570965,0.5,0.0,-8.586243308728251,-0.9782684925950629,-3.032527520177816,25.792448781195468
1767867443.9082978,1767867443908309490,Sr02_gA_IMG1_LID0_STA1_CFC64_OH0,0108_1116,A,0.5002131462097168,0.003108006902039051,0.5,0.0,-8.635945723182779,-0.9837154801522293,-3.032344992177332,25.7471946165926
1767867444.0285654,1767867444028574432,Sr02_gA_IMG1_LID0_STA1_CFC64_OH0,0108_1116,A,0.5001139640808105,0.003165072062984109,0.5,0.0,-8.71049040158203,-0.9919670203293458,-3.0303126353406302,25.679381231530307
1767867444.1416562,1767867444141664323,Sr02_gA_IMG1_LID0_STA1_CFC64_OH0,0108_1116,A,0.4985905885696411,-0.005214252974838018,0.5,0.0,-8.76017943147488,-0.9975347768728793,-3.0296995399555615,25.63422335194681
1767867444.264254,1767867444264263454,Sr02_gA_IMG1_LID0_STA1_CFC64_OH0,0108_1116,A,0.4947808086872101,0.006649366579949856,0.5,0.0,-8.80986500693078,-1.0031332760297476,-3.029073939450725,25.589096803666518
1767867444.3817918,1767867444381799824,Sr02_gA_IMG1_LID0_STA1_CFC64_OH0,0108_1116,A,0.49474409222602844,0.006564065348356962,0.5,0.0,-8.884384679477394,-1.0116077353410566,-3.027634145324434,25.521474444947277
1767867444.5008633,1767867444500873101,Sr02_gA_IMG1_LID0_STA1_CFC64_OH0,0108_1116,A,0.5009714961051941,0.01241282932460308,0.5,0.0,-8.934060665196215,-1.0172907031791707,-3.027740134393518,25.47643037576253
1767867444.621706,1767867444621713788,Sr02_gA_IMG1_LID0_STA1_CFC64_OH0,0108_1116,A,0.4956617057323456,0.0016301590949296951,0.5,0.0,-9.008573770603363,-1.025822779082121,-3.027356725075148,25.40890237453431
1767867444.7396336,1767867444739640784,Sr02_gA_IMG1_LID0_STA1_CFC64_OH0,0108_1116,A,0.5060630440711975,-0.006569163408130407,0.5,0.0,-9.058246973128771,-1.0315300212355143,-3.0270402183986787,25.363915468088187
1767867444.8611948,1767867444861204784,Sr02_gA_IMG1_LID0_STA1_CFC64_OH0,0108_1116,A,0.5058687329292297,-0.0065300907008349895,0.5,0.0,-9.107920759760985,-1.037232174147639,-3.027561636431476,25.31894512774996
1767867444.9757998,1767867444975809570,Sr02_gA_IMG1_LID0_STA1_CFC64_OH0,0108_1116,A,0.5052533745765686,0.005080521106719971,0.5,0.0,-9.182431296779617,-1.0457866327646501,-3.0268023671206956,25.251525630021447
1767867445.0940797,1767867445094088651,Sr02_gA_IMG1_LID0_STA1_CFC64_OH0,0108_1116,A,0.5036624670028687,-0.0004600007086992264,0.5,0.0,-9.232100351793507,-1.0515298520052647,-3.0261459616412933,25.2066209109474
1767867445.2134266,1767867445213434852,Sr02_gA_IMG1_LID0_STA1_CFC64_OH0,0108_1116,A,0.5037124752998352,-0.0004250945057719946,0.5,0.0,-9.281764254494854,-1.0573174368844196,-3.0249631727585795,25.16175512593818
1767867445.332343,1767867445332351042,Sr02_gA_IMG1_LID0_STA1_CFC64_OH0,0108_1116,A,0.5001766085624695,-0.00246961647644639,0.5,0.0,-9.356251121446043,-1.0660756238142222,-3.024395161465596,25.094527128875324
1767867445.456157,1767867445456166395,Sr02_gA_IMG1_LID0_STA1_CFC64_OH0,0108_1116,A,0.5001466870307922,-0.012333059683442116,0.5,0.0,-9.405910046560791,-1.071905782423878,-3.025052070457859,25.049729115620483
1767867445.577321,1767867445577329249,Sr02_gA_IMG1_LID0_STA1_CFC64_OH0,0108_1116,A,0.5070742964744568,0.0057524750009179115,0.5,0.0,-9.480405435456008,-1.0805911687653456,-3.0258001602830946,24.98254227040374
1767867445.6912606,1767867445691270495,Sr02_gA_IMG1_LID0_STA1_CFC64_OH0,0108_1116,A,0.5070855617523193,0.0058694640174508095,0.5,0.0,-9.530069139565452,-1.0863804798964767,-3.025292109692057,24.93777536325217
1767867445.807925,1767867445807932608,Sr02_gA_IMG1_LID0_STA1_CFC64_OH0,0108_1116,A,0.5050172805786133,-0.010233944281935692,0.5,0.0,-9.5797315053775,-1.092181264712869,-3.025338105448089,24.893033537764246
1767867445.9298224,1767867445929830528,Sr02_gA_IMG1_LID0_STA1_CFC64_OH0,0108_1116,A,0.4595748782157898,-0.013438425958156586,0.5,0.0,-9.654225543105358,-1.1008782542881492,-3.0254230117266463,24.825956535434766
1767867446.0454097,1767867446045417806,Sr02_gA_IMG1_LID0_STA1_CFC64_OH0,0108_1116,A,0.45914536714553833,-0.01325584203004837,0.5,0.0,-9.703889249687236,-1.1066675477526953,-3.025669972534796,24.781259839996235
1767867446.1649973,1767867446165005782,Sr02_gA_IMG1_LID0_STA1_CFC64_OH0,0108_1116,A,0.48537522554397583,-0.0027047968469560146,0.5,0.0,-9.753556685340326,-1.1124247358691972,-3.0268046346677804,24.736568933076263
1767867446.2811468,1767867446281155310,Sr02_gA_IMG1_LID0_STA1_CFC64_OH0,0108_1116,A,0.5063192248344421,-0.019437627866864204,0.5,0.0,-9.828063599181537,-1.1210107047946458,-3.026484343821054,24.669548226118106
1767867446.4040298,1767867446404038226,Sr02_gA_IMG1_LID0_STA1_CFC64_OH0,0108_1116,A,0.513983428478241,-0.023658227175474167,0.5,0.0,-9.877731025366215,-1.1267679947304616,-3.0258973984688264,24.62490842963459
1767867446.521995,1767867446522003475,Sr02_gA_IMG1_LID0_STA1_CFC64_OH0,0108_1116,A,0.5136479735374451,-0.023056574165821075,0.5,0.0,-9.952234941097155,-1.1353798893720684,-3.027335528725103,24.557976534610592
1767867446.6396575,1767867446639666414,Sr02_gA_IMG1_LID0_STA1_CFC64_OH0,0108_1116,A,0.5106226205825806,-0.02083735540509224,0.5,0.0,-10.001912740864205,-1.1410469447806537,-3.028679368932887,24.513347462876794
1767867446.7674327,1767867446767442169,Sr02_gA_IMG1_LID0_STA1_CFC64_OH0,0108_1116,A,0.5090077519416809,-0.003942597191780806,0.5,0.0,-10.051598060363656,-1.1466476896504656,-3.030004951107508,24.468709029666243
1767867446.8896666,1767867446889674239,Sr02_gA_IMG1_LID0_STA1_CFC64_OH0,0108_1116,A,0.5088197588920593,-0.0039086900651454926,0.5,0.0,-10.12613497563286,-1.154969192885098,-3.0307890174005268,24.401754178159784
1767867447.0061858,1767867447006193523,Sr02_gA_IMG1_LID0_STA1_CFC64_OH0,0108_1116,A,0.5020720958709717,-0.0056310961954295635,0.5,0.0,-10.175833692307398,-1.1604497454619587,-3.032732773443228,24.357113181801463
1767867447.126636,1767867447126648714,Sr02_gA_IMG1_LID0_STA1_CFC64_OH0,0108_1116,A,0.4907458424568176,-0.0017033382318913937,0.5,0.0,-10.250403701891958,-1.1684689159151618,-3.036227259945832,24.290099406164103
1767867447.2487059,1767867447248714019,Sr02_gA_IMG1_LID0_STA1_CFC64_OH0,0108_1116,A,0.5159618854522705,8.244393393397331e-05,0.5,0.0,-10.300132421163733,-1.1736701716128455,-3.038510722701071,24.245384098159676
1767867447.3684711,1767867447368479140,Sr02_gA_IMG1_LID0_STA1_CFC64_OH0,0108_1116,A,0.5153943300247192,-2.692011184990406e-05,0.5,0.0,-10.349872330424366,-1.1787633243713356,-3.0405944553062625,24.200640812684696
1767867447.4895535,1767867447489564629,Sr02_gA_IMG1_LID0_STA1_CFC64_OH0,0108_1116,A,0.4989200830459595,-0.0013055582530796528,0.5,0.0,-10.424494732101424,-1.1862797195941606,-3.0415234124052763,24.133509122583607
1767867447.609381,1767867447609390764,Sr02_gA_IMG1_LID0_STA1_CFC64_OH0,0108_1116,A,0.5059235692024231,-0.005276117008179426,0.5,0.0,-10.47424556641227,-1.191265111910657,-3.041914280779718,24.088768978144223
1767867447.7290437,1767867447729052280,Sr02_gA_IMG1_LID0_STA1_CFC64_OH0,0108_1116,A,0.5055053234100342,-0.00517640495672822,0.5,0.0,-10.54887625907177,-1.198698730769073,-3.0426631662181616,24.021677643886484
1767867447.846757,1767867447846765344,Sr02_gA_IMG1_LID0_STA1_CFC64_OH0,0108_1116,A,0.49355989694595337,-0.008477896451950073,0.5,0.0,-10.598632199668675,-1.2036329026605472,-3.0428334999957256,23.976966406493624
1767867447.964946,1767867447964954355,Sr02_gA_IMG1_LID0_STA1_CFC64_OH0,0108_1116,A,0.5064874887466431,0.013273082673549652,0.5,0.0,-10.648388540056832,-1.208563042029395,-3.0428252569823018,23.93227428034237
1767867448.088393,1767867448088400823,Sr02_gA_IMG1_LID0_STA1_CFC64_OH0,0108_1116,A,0.5150006413459778,-0.003907510545104742,0.5,0.0,-10.723023023139651,-1.2159585286036767,-3.0428398932859486,23.865275705013307
1767867448.2048864,1767867448204894519,Sr02_gA_IMG1_LID0_STA1_CFC64_OH0,0108_1116,A,0.5148593783378601,-0.0037393467500805855,0.5,0.0,-10.77277973701335,-1.220884896832588,-3.042970448625316,23.82063469447049
1767867448.327109,1767867448327118193,Sr02_gA_IMG1_LID0_STA1_CFC64_OH0,0108_1116,A,0.508204996585846,-0.0084124356508255,0.5,0.0,-10.847417921159415,-1.2282429173826843,-3.043720162153852,23.753698895593423
1767867448.442113,1767867448442122162,Sr02_gA_IMG1_LID0_STA1_CFC64_OH0,0108_1116,A,0.506612241268158,0.007518046069890261,0.5,0.0,-10.897179895814592,-1.2331158534170854,-3.0442378018087966,23.709087119795903
1767867448.5632482,1767867448563255241,Sr02_gA_IMG1_LID0_STA1_CFC64_OH0,0108_1116,A,0.5054305195808411,-0.011378897354006767,0.5,0.0,-10.946945184747353,-1.237954815147626,-3.045085587541065,23.664481439437594
1767867448.6815393,1767867448681547536,Sr02_gA_IMG1_LID0_STA1_CFC64_OH0,0108_1116,A,0.5055832862854004,-0.011298857629299164,0.5,0.0,-11.02159194905091,-1.2452251877028129,-3.0437014600760692,23.597618912967395
1767867448.8017352,1767867448801743008,Sr02_gA_IMG1_LID0_STA1_CFC64_OH0,0108_1116,A,0.5017704963684082,-0.0033234814181923866,0.5,0.0,-11.07135352346421,-1.2501022116920915,-3.0440922068312726,23.553084876910372
1767867448.9210474,1767867448921056077,Sr02_gA_IMG1_LID0_STA1_CFC64_OH0,0108_1116,A,0.5040591359138489,-0.012232093140482903,0.5,0.0,-11.121116966719242,-1.2549601298873723,-3.044467822658546,23.50856407186838
1767867449.0395844,1767867449039592062,Sr02_gA_IMG1_LID0_STA1_CFC64_OH0,0108_1116,A,0.5037797093391418,-0.01217738538980484,0.5,0.0,-11.195767112660176,-1.2621957614141528,-3.045430194168199,23.44180078439109
1767867449.1539235,1767867449153934926,Sr02_gA_IMG1_LID0_STA1_CFC64_OH0,0108_1116,A,0.4982295036315918,0.0022879329044371843,0.5,0.0,-11.245534297863196,-1.2670151848543947,-3.044678394184725,23.397317661113966
1767867449.2734632,1767867449273471426,Sr02_gA_IMG1_LID0_STA1_CFC64_OH0,0108_1116,A,0.49258214235305786,-0.011319108307361603,0.5,0.0,-11.295301546878147,-1.2718339358068849,-3.045627298474041,23.352856550343457
1767867449.395019,1767867449395026741,Sr02_gA_IMG1_LID0_STA1_CFC64_OH0,0108_1116,A,0.4988166391849518,-0.008225904777646065,0.5,0.0,-11.369962525951404,-1.278956866526048,-3.047324525595325,23.286158553439105
1767867449.5151021,1767867449515110472,Sr02_gA_IMG1_LID0_STA1_CFC64_OH0,0108_1116,A,0.4986993074417114,-0.008264031261205673,0.5,0.0,-11.41974130646371,-1.2836550226340155,-3.047656879296315,23.24169809988392
1767867449.6317852,1767867449631794087,Sr02_gA_IMG1_LID0_STA1_CFC64_OH0,0108_1116,A,0.4943179786205292,-0.010688332840800285,0.5,0.0,-11.49441590054187,-1.2906337626629885,-3.0493129644601065,23.17501819730274
1767867449.7501082,1767867449750116589,Sr02_gA_IMG1_LID0_STA1_CFC64_OH0,0108_1116,A,0.48979175090789795,0.0036484329029917717,0.5,0.0,-11.544205952906115,-1.295210886167782,-3.050530701019037,23.130558521948153
1767867449.8708303,1767867449870838283,Sr02_gA_IMG1_LID0_STA1_CFC64_OH0,0108_1116,A,0.4895762503147125,0.0035221949219703674,0.5,0.0,-11.593998265458465,-1.2997633891056661,-3.0503019191716456,23.086110173580355
1767867449.9887953,1767867449988803823,Sr02_gA_IMG1_LID0_STA1_CFC64_OH0,0108_1116,A,0.4979631304740906,-0.004078670870512724,0.5,0.0,-11.668689992266435,-1.3065563289606803,-3.0516967015727676,23.01946384165863
1767867450.1086292,1767867450108638405,Sr02_gA_IMG1_LID0_STA1_CFC64_OH0,0108_1116,A,0.5000334978103638,-0.013876639306545258,0.5,0.0,-11.71848993365765,-1.3110245925447743,-3.0525192913641095,22.975033702934176
1767867450.2278328,1767867450227842119,Sr02_gA_IMG1_LID0_STA1_CFC64_OH0,0108_1116,A,0.5015828609466553,0.01113167218863964,0.5,0.0,-11.793196733002807,-1.3176497474091424,-3.053806996973446,22.90839587492393
1767867450.344745,1767867450344753432,Sr02_gA_IMG1_LID0_STA1_CFC64_OH0,0108_1116,A,0.5013971328735352,0.011230433359742165,0.5,0.0,-11.84300652870487,-1.3220067758774818,-3.0548758283655726,22.86397185318228
1767867450.4626114,1767867450462620116,Sr02_gA_IMG1_LID0_STA1_CFC64_OH0,0108_1116,A,0.4940462112426758,0.0034518830943852663,0.5,0.0,-11.892817857111588,-1.3263462709913656,-3.0545109966424784,22.81956280432565
1767867450.5829666,1767867450582975069,Sr02_gA_IMG1_LID0_STA1_CFC64_OH0,0108_1116,A,0.4940261244773865,0.007234714459627867,0.5,0.0,-11.967531936083136,-1.3328888672092363,-3.054056147752977,22.75300817947583
1767867450.7025335,1767867450702542478,Sr02_gA_IMG1_LID0_STA1_CFC64_OH0,0108_1116,A,0.49383094906806946,0.00732550211250782,0.5,0.0,-12.01734137927541,-1.3372499470267862,-3.054464012553613,22.70866737392599
1767867450.8264716,1767867450826479781,Sr02_gA_IMG1_LID0_STA1_CFC64_OH0,0108_1116,A,0.5029569864273071,-0.0019867094233632088,0.5,0.0,-12.067154312100827,-1.3415709446064015,-3.0557536871931834,22.664331494872997
1767867450.9437437,1767867450943752245,Sr02_gA_IMG1_LID0_STA1_CFC64_OH0,0108_1116,A,0.5031731128692627,-0.001188200432807207,0.5,0.0,-12.141875785760291,-1.3480284660577633,-3.054583136088493,22.597860846662986
1767867451.0635335,1767867451063542364,Sr02_gA_IMG1_LID0_STA1_CFC64_OH0,0108_1116,A,0.4918876886367798,-0.00033141113817691803,0.5,0.0,-12.19168418530301,-1.352401423317185,-3.0534600946103834,22.553608539595807
1767867451.1770256,1767867451177033443,Sr02_gA_IMG1_LID0_STA1_CFC64_OH0,0108_1116,A,0.4917878806591034,-0.00033136014826595783,0.5,0.0,-12.266390849481066,-1.3590281469114829,-3.0527888678321973,22.48730684126354
1767867451.2954717,1767867451295479809,Sr02_gA_IMG1_LID0_STA1_CFC64_OH0,0108_1116,A,0.4975265562534332,0.0014740281039848924,0.5,0.0,-12.316192214638694,-1.3634805173343807,-3.0520653977939016,22.443152416902265
1767867451.4142382,1767867451414246089,Sr02_gA_IMG1_LID0_STA1_CFC64_OH0,0108_1116,A,0.5024725794792175,0.007106088101863861,0.5,0.0,-12.365990325203612,-1.3679691424414004,-3.051332848850263,22.399039705990333
1767867451.529858,1767867451529867261,Sr02_gA_IMG1_LID0_STA1_CFC64_OH0,0108_1116,A,0.5022495985031128,0.007249149493873119,0.5,0.0,-12.440684851722255,-1.3747313140313309,-3.051436619088591,22.332931034320115
1767867451.6456218,1767867451645632145,Sr02_gA_IMG1_LID0_STA1_CFC64_OH0,0108_1116,A,0.5085843205451965,-0.008258365094661713,0.5,0.0,-12.490482050730867,-1.379230052850195,-3.0515554391076556,22.288885398167192
1767867451.7620282,1767867451762037025,Sr02_gA_IMG1_LID0_STA1_CFC64_OH0,0108_1116,A,0.5192624926567078,-0.02402082458138466,0.5,0.0,-12.540279628026898,-1.383724602691013,-3.051597148701809,22.244862939152966
1767867451.883494,1767867451883502009,Sr02_gA_IMG1_LID0_STA1_CFC64_OH0,0108_1116,A,0.5191358327865601,-0.024121765047311783,0.5,0.0,-12.614976272004716,-1.3904633462056606,-3.051628800806456,22.178875291393826
1767867452.002065,1767867452002073872,Sr02_gA_IMG1_LID0_STA1_CFC64_OH0,0108_1116,A,0.49646785855293274,0.0046234047040343285,0.5,0.0,-12.664773736654208,-1.3949591434596287,-3.0514813986217777,22.13491699843442
1767867452.1227522,1767867452122760430,Sr02_gA_IMG1_LID0_STA1_CFC64_OH0,0108_1116,A,0.48296502232551575,0.0011995763052254915,0.5,0.0,-12.714569508676592,-1.3994736391127434,-3.050827115791328,22.090993379463228
1767867452.2470424,1767867452247050058,Sr02_gA_IMG1_LID0_STA1_CFC64_OH0,0108_1116,A,0.4887528419494629,0.0014423818793147802,0.5,0.0,-12.789257119688353,-1.4063117325611483,-3.0498976728080622,22.02518852361513
1767867452.3660793,1767867452366087228,Sr02_gA_IMG1_LID0_STA1_CFC64_OH0,0108_1116,A,0.48849472403526306,0.0011710126418620348,0.5,0.0,-12.839048949329113,-1.4108694997591225,-3.0507235046630417,21.98135087661865
1767867452.4892397,1767867452489247627,Sr02_gA_IMG1_LID0_STA1_CFC64_OH0,0108_1116,A,0.49935537576675415,0.0020832251757383347,0.5,0.0,-12.91375059606128,-1.417552109450826,-3.054171004793315,21.91556936951955
1767867452.6052501,1767867452605259046,Sr02_gA_IMG1_LID0_STA1_CFC64_OH0,0108_1116,A,0.49330076575279236,0.005531252361834049,0.5,0.0,-12.963564867821704,-1.4218575478202513,-3.05658317734676,21.87167577631142
1767867452.7261784,1767867452726188572,Sr02_gA_IMG1_LID0_STA1_CFC64_OH0,0108_1116,A,0.48534896969795227,-0.0058693126775324345,0.5,0.0,-13.013383325076907,-1.4261144193956483,-3.056120859628325,21.827785045769144
1767867452.848341,1767867452848351021,Sr02_gA_IMG1_LID0_STA1_CFC64_OH0,0108_1116,A,0.4851256012916565,-0.005962322931736708,0.5,0.0,-13.088108546763943,-1.4325285062320774,-3.0558700164833095,21.76201226733966
1767867452.9632928,1767867452963300267,Sr02_gA_IMG1_LID0_STA1_CFC64_OH0,0108_1116,A,0.499391108751297,-0.0018042069859802723,0.5,0.0,-13.137924637906512,-1.4368129830874286,-3.055725778583025,21.718201051072505
1767867453.0825593,1767867453082568122,Sr02_gA_IMG1_LID0_STA1_CFC64_OH0,0108_1116,A,0.5038992166519165,-9.946431964635849e-05,0.5,0.0,-13.212647720982982,-1.4432519369298562,-3.055529169501529,21.652540446237317
1767867453.205454,1767867453205462340,Sr02_gA_IMG1_LID0_STA1_CFC64_OH0,0108_1116,A,0.503770649433136,7.405388168990612e-05,0.5,0.0,-13.262462210980896,-1.447554989359881,-3.055320847378798,21.608805555628955
1767867453.3282416,1767867453328250278,Sr02_gA_IMG1_LID0_STA1_CFC64_OH0,0108_1116,A,0.5017101764678955,0.013064699247479439,0.5,0.0,-13.3122750585623,-1.4518770068450266,-3.054767725685714,21.565107154827842
1767867453.4440196,1767867453444028317,Sr02_gA_IMG1_LID0_STA1_CFC64_OH0,0108_1116,A,0.4974913001060486,0.0025164317339658737,0.5,0.0,-13.386994010114119,-1.458363705456022,-3.055421031545474,21.49961284707864
1767867453.5661812,1767867453566190766,Sr02_gA_IMG1_LID0_STA1_CFC64_OH0,0108_1116,A,0.4966421127319336,-0.004157275892794132,0.5,0.0,-13.436809763003444,-1.4626521052737926,-3.056017262843646,21.455966864104706
1767867453.6879947,1767867453688002665,Sr02_gA_IMG1_LID0_STA1_CFC64_OH0,0108_1116,A,0.4964747726917267,-0.004063510801643133,0.5,0.0,-13.511536141612893,-1.4690526988711807,-3.056236755710675,21.39053431635312
1767867453.8133864,1767867453813397075,Sr02_gA_IMG1_LID0_STA1_CFC64_OH0,0108_1116,A,0.48460447788238525,-0.006165377330034971,0.5,0.0,-13.561354129477374,-1.4733150653639913,-3.056246702154524,21.346945273069853
1767867453.9349492,1767867453934958752,Sr02_gA_IMG1_LID0_STA1_CFC64_OH0,0108_1116,A,0.4929455518722534,-0.00212559150531888,0.5,0.0,-13.611172122757871,-1.4775773685559137,-3.056239296911242,21.303384362889265
1767867454.064204,1767867454064213536,Sr02_gA_IMG1_LID0_STA1_CFC64_OH0,0108_1116,A,0.4972737729549408,-0.0010263207368552685,0.5,0.0,-13.685894366270084,-1.484025934669927,-3.0546448943305022,21.23812347703865
1767867454.1882403,1767867454188248765,Sr02_gA_IMG1_LID0_STA1_CFC64_OH0,0108_1116,A,0.4970947504043579,-0.0010844441130757332,0.5,0.0,-13.735704937487645,-1.488374114141851,-3.054393249321453,21.19467643264281
1767867454.3120234,1767867454312034303,Sr02_gA_IMG1_LID0_STA1_CFC64_OH0,0108_1116,A,0.5091489553451538,0.013443054631352425,0.5,0.0,-13.810421584157314,-1.4948873178140971,-3.0549482223790214,21.129555684477037
1767867454.4312296,1767867454431238157,Sr02_gA_IMG1_LID0_STA1_CFC64_OH0,0108_1116,A,0.503246009349823,0.006711011752486229,0.5,0.0,-13.860234894675909,-1.4992039998469275,-3.0553545728001286,21.08616560903273
1767867454.5492637,1767867454549271896,Sr02_gA_IMG1_LID0_STA1_CFC64_OH0,0108_1116,A,0.5123065114021301,0.0001599376555532217,0.5,0.0,-13.934959073835246,-1.5056301950508553,-3.056158185926702,21.02111111847697
1767867454.6712582,1767867454671266570,Sr02_gA_IMG1_LID0_STA1_CFC64_OH0,0108_1116,A,0.512167751789093,0.00023734313435852528,0.5,0.0,-13.984777158504489,-1.5098914288506509,-3.056370744796285,20.97776687304092
1767867454.7923837,1767867454792392115,Sr02_gA_IMG1_LID0_STA1_CFC64_OH0,0108_1116,A,0.5009704232215881,0.021864550188183784,0.5,0.0,-14.059505456147418,-1.5162695796032306,-3.056525855920772,20.912799325541773
1767867454.9160423,1767867454916050293,Sr02_gA_IMG1_LID0_STA1_CFC64_OH0,0108_1116,A,0.4793722927570343,-0.0053327144123613834,0.5,0.0,-14.10932488330422,-1.5205150899794593,-3.0566343001512597,20.869521691824716
1767867455.0408223,1767867455040830616,Sr02_gA_IMG1_LID0_STA1_CFC64_OH0,0108_1116,A,0.4791998565196991,-0.0050911796279251575,0.5,0.0,-14.159141673841626,-1.5247913836131668,-3.0552900080032654,20.826289699493426
1767867455.1676931,1767867455167701017,Sr02_gA_IMG1_LID0_STA1_CFC64_OH0,0108_1116,A,0.47724929451942444,-0.004902245011180639,0.5,0.0,-14.233858466709487,-1.5313028839114526,-3.054214219114749,20.76154789763985
1767867455.2932615,1767867455293270397,Sr02_gA_IMG1_LID0_STA1_CFC64_OH0,0108_1116,A,0.505959689617157,0.0014403092209249735,0.5,0.0,-14.308572250709227,-1.5378488572520488,-3.05418713095478,20.696892912163268
1767867455.4193287,1767867455419336793,Sr02_gA_IMG1_LID0_STA1_CFC64_OH0,0108_1116,A,0.472246915102005,-0.0003449518699198961,0.5,0.0,-14.3583811350377,-1.5422163160375095,-3.0537308685132607,20.65383022504994
1767867455.5392907,1767867455539298536,Sr02_gA_IMG1_LID0_STA1_CFC64_OH0,0108_1116,A,0.4721917510032654,-0.0003728424198925495,0.5,0.0,-14.433082435246726,-1.548903047383461,-3.05181103286131,20.589364548156066
1767867455.663805,1767867455663813869,Sr02_gA_IMG1_LID0_STA1_CFC64_OH0,0108_1116,A,0.5065093636512756,0.019583402201533318,0.5,0.0,-14.48288223975914,-1.5533728454584697,-3.052339472878231,20.546433314500014
1767867455.7833216,1767867455783329822,Sr02_gA_IMG1_LID0_STA1_CFC64_OH0,0108_1116,A,0.5122255682945251,-0.004897330421954393,0.5,0.0,-14.532684347865667,-1.55781690409264,-3.0528485900226445,20.503520836909544
1767867455.9030023,1767867455903010044,Sr02_gA_IMG1_LID0_STA1_CFC64_OH0,0108_1116,A,0.5025807023048401,0.0009681049268692732,0.5,0.0,-14.607391586712332,-1.5644371401603447,-3.0534570793161593,20.439188818242684
1767867456.0247717,1767867456024781627,Sr02_gA_IMG1_LID0_STA1_CFC64_OH0,0108_1116,A,0.5025489330291748,0.0010125883854925632,0.5,0.0,-14.65719719512847,-1.5688418023480084,-3.0533130490058373,20.3963367191541
1767867456.1480925,1767867456148100206,Sr02_gA_IMG1_LID0_STA1_CFC64_OH0,0108_1116,A,0.5044326186180115,0.001211939612403512,0.5,0.0,-14.73190518900432,-1.575453529554667,-3.0533474955443016,20.33212223491518
1767867456.2717433,1767867456271752112,Sr02_gA_IMG1_LID0_STA1_CFC64_OH0,0108_1116,A,0.5097352266311646,0.0005930354818701744,0.5,0.0,-14.781710714086133,-1.5798591344000532,-3.0533847797236535,20.289352540122326
1767867456.3947895,1767867456394797306,Sr02_gA_IMG1_LID0_STA1_CFC64_OH0,0108_1116,A,0.5153082013130188,0.0004329690709710121,0.5,0.0,-14.856409812395448,-1.5865703811659404,-3.0511816919175763,20.22531396645224
1767867456.5122066,1767867456512215275,Sr02_gA_IMG1_LID0_STA1_CFC64_OH0,0108_1116,A,0.5150638818740845,0.0004033292643725872,0.5,0.0,-14.906206685109353,-1.5910727254524113,-3.0516127727355853,20.182678312549694
1767867456.6306407,1767867456630649379,Sr02_gA_IMG1_LID0_STA1_CFC64_OH0,0108_1116,A,0.5017951130867004,0.024524308741092682,0.5,0.0,-14.95600419145382,-1.5955680611440621,-3.0515159636508327,20.140072843766987
1767867456.753272,1767867456753280412,Sr02_gA_IMG1_LID0_STA1_CFC64_OH0,0108_1116,A,0.5146272778511047,0.006672250106930733,0.5,0.0,-15.030699612970968,-1.6023203407667,-3.0513605336320375,20.076233490212978
1767867456.8758833,1767867456875893812,Sr02_gA_IMG1_LID0_STA1_CFC64_OH0,0108_1116,A,0.5145705342292786,0.006709049455821514,0.5,0.0,-15.08049592885258,-1.60682884435153,-3.0512393398808384,20.033720585998772
1767867456.9948874,1767867456994895676,Sr02_gA_IMG1_LID0_STA1_CFC64_OH0,0108_1116,A,0.5069236755371094,-0.00943068228662014,0.5,0.0,-15.155189652624188,-1.61359987913834,-3.051147396409274,19.97002065830134
1767867457.1135838,1767867457113591965,Sr02_gA_IMG1_LID0_STA1_CFC64_OH0,0108_1116,A,0.48690149188041687,-0.007980061694979668,0.5,0.0,-15.204985182446443,-1.6181170566166652,-3.0511040995635006,19.92759941283957
1767867457.2392235,1767867457239231226,Sr02_gA_IMG1_LID0_STA1_CFC64_OH0,0108_1116,A,0.49316591024398804,-0.0017345743253827095,0.5,0.0,-15.254780523340301,-1.622636316284611,-3.051063766680354,19.88521450169072
1767867457.3654613,1767867457365470649,Sr02_gA_IMG1_LID0_STA1_CFC64_OH0,0108_1116,A,0.4933602213859558,-0.0017442340031266212,0.5,0.0,-15.329462412107741,-1.6295362220032974,-3.0478048646807627,19.821768543615764
1767867457.493757,1767867457493766156,Sr02_gA_IMG1_LID0_STA1_CFC64_OH0,0108_1116,A,0.4905802607536316,0.009536728262901306,0.5,0.0,-15.379241100507945,-1.634235346525719,-3.047137636958105,19.77956954985735
1767867457.6161635,1767867457616171604,Sr02_gA_IMG1_LID0_STA1_CFC64_OH0,0108_1116,A,0.5138667225837708,-0.010878976434469223,0.5,0.0,-15.453903363044972,-1.6413448790087932,-3.046454431920811,19.716372403372528
1767867457.7358878,1767867457735896030,Sr02_gA_IMG1_LID0_STA1_CFC64_OH0,0108_1116,A,0.5157923102378845,0.01871940866112709,0.5,0.0,-15.50367948076281,-1.6460711463091533,-3.0473974976496847,19.67427974613612
1767867457.8592331,1767867457859241719,Sr02_gA_IMG1_LID0_STA1_CFC64_OH0,0108_1116,A,0.5156291723251343,0.018594320863485336,0.5,0.0,-15.578351068142622,-1.6530820486459095,-3.0484071464174303,19.61116768205215
1767867457.9843462,1767867457984354439,Sr02_gA_IMG1_LID0_STA1_CFC64_OH0,0108_1116,A,0.5005737543106079,0.01194029115140438,0.5,0.0,-15.628134536822028,-1.657730265828,-3.0485806036694076,19.569125580043966
1767867458.1023545,1767867458102361639,Sr02_gA_IMG1_LID0_STA1_CFC64_OH0,0108_1116,A,0.5138401389122009,0.001794489100575447,0.5,0.0,-15.702811150183074,-1.6646874693257354,-3.0486166274213224,19.506124579021037
1767867458.2200193,1767867458220028438,Sr02_gA_IMG1_LID0_STA1_CFC64_OH0,0108_1116,A,0.5109236240386963,0.004989944398403168,0.5,0.0,-15.75259296806436,-1.6693533135095406,-3.0476629568239644,19.464186338682733
1767867458.3403883,1767867458340396156,Sr02_gA_IMG1_LID0_STA1_CFC64_OH0,0108_1116,A,0.510727047920227,0.005029928404837847,0.5,0.0,-15.802375098331101,-1.674015817362901,-3.048750837065988,19.422284427816336
1767867458.4550197,1767867458455027305,Sr02_gA_IMG1_LID0_STA1_CFC64_OH0,0108_1116,A,0.48730728030204773,0.01267206110060215,0.5,0.0,-15.877046122420936,-1.6810325290241752,-3.0465361705486083,19.359516294535627
1767867458.5736215,1767867458573629055,Sr02_gA_IMG1_LID0_STA1_CFC64_OH0,0108_1116,A,0.4194009006023407,-0.013660753145813942,0.5,0.0,-15.926815955132291,-1.6858244716831254,-3.044676741476853,19.317782429875113
1767867458.6956348,1767867458695643366,Sr02_gA_IMG1_LID0_STA1_CFC64_OH0,0108_1116,A,0.4181872606277466,-0.01358022354543209,0.5,0.0,-15.976577834276256,-1.690698354418228,-3.043349628846577,19.276133443479885
1767867458.8188596,1767867458818868208,Sr02_gA_IMG1_LID0_STA1_CFC64_OH0,0108_1116,A,0.5530321598052979,-0.028931977227330208,0.5,0.0,-16.051213169907435,-1.6980852250872973,-3.0427760745942933,19.21377714492632
1767867458.940865,1767867458940872861,Sr02_gA_IMG1_LID0_STA1_CFC64_OH0,0108_1116,A,0.3697715997695923,-0.01518445648252964,0.5,0.0,-16.100968014657223,-1.7030304303507382,-3.0422770834157524,19.172268167135353
1767867459.0610385,1767867459061045272,Sr02_gA_IMG1_LID0_STA1_CFC64_OH0,0108_1116,A,0.31361815333366394,0.01061083935201168,0.5,0.0,-16.17559560357259,-1.7104951461441196,-3.041446978116187,19.110107344915324
1767867459.1828382,1767867459182846752,Sr02_gA_IMG1_LID0_STA1_CFC64_OH0,0108_1116,A,0.3136461079120636,0.010562313720583916,0.5,0.0,-16.225341900359187,-1.7155255839450887,-3.040179775706847,19.068748589748562
1767867459.300847,1767867459300858721,Sr02_gA_IMG1_LID0_STA1_CFC64_OH0,0108_1116,A,0.4899075925350189,0.03357286751270294,0.5,0.0,-16.29996428082371,-1.723042075994502,-3.0422272546448155,19.00677180398108
1767867459.4204757,1767867459420483420,Sr02_gA_IMG1_LID0_STA1_CFC64_OH0,0108_1116,A,0.4372391700744629,0.005807468667626381,0.5,0.0,-16.349720996297567,-1.7279683894208433,-3.043585274782984,18.965458149768406
1767867459.5420673,1767867459542077269,Sr02_gA_IMG1_LID0_STA1_CFC64_OH0,0108_1116,A,0.4386649429798126,0.005744599737226963,0.5,0.0,-16.39948805717297,-1.7327889278184017,-3.0464784560265286,18.924126453888228
1767867459.6605244,1767867459660533425,Sr02_gA_IMG1_LID0_STA1_CFC64_OH0,0108_1116,A,0.452212929725647,0.005262432619929314,0.5,0.0,-16.474158846023133,-1.7398081881792165,-3.0487731429650133,18.862087739128885
1767867459.7854345,1767867459785443383,Sr02_gA_IMG1_LID0_STA1_CFC64_OH0,0108_1116,A,0.46498236060142517,0.014077983796596527,0.5,0.0,-16.52394114291003,-1.744468914004944,-3.0477120662608166,18.82077038033653
1767867459.9053626,1767867459905370461,Sr02_gA_IMG1_LID0_STA1_CFC64_OH0,0108_1116,A,0.47253915667533875,-0.00011040596291422844,0.5,0.0,-16.59860504856685,-1.751561093193466,-3.0456670424211243,18.758931089114423
1767867460.0234196,1767867460023438486,Sr02_gA_IMG1_LID0_STA1_CFC64_OH0,0108_1116,A,0.4724845588207245,0.00015934486873447895,0.5,0.0,-16.648367046309602,-1.7564335581832633,-3.042309762525815,18.717840904663944
1767867460.1448333,1767867460144842517,Sr02_gA_IMG1_LID0_STA1_CFC64_OH0,0108_1116,A,0.402435839176178,0.007211852818727493,0.5,0.0,-16.698119376214358,-1.7614039989359178,-3.041728995362853,18.67685051565541
1767867460.2601073,1767867460260117680,Sr02_gA_IMG1_LID0_STA1_CFC64_OH0,0108_1116,A,0.5133317112922668,0.006969026289880276,0.5,0.0,-16.772742465640935,-1.7689135570764922,-3.0408708707839627,18.61547867549371
1767867460.3850555,1767867460385063956,Sr02_gA_IMG1_LID0_STA1_CFC64_OH0,0108_1116,A,0.43629902601242065,0.08073639869689941,0.5,0.0,-16.82248772973081,-1.7739542242862016,-3.04034462827996,18.574639600325646
1767867460.5053742,1767867460505382382,Sr02_gA_IMG1_LID0_STA1_CFC64_OH0,0108_1116,A,0.43664225935935974,0.08010915666818619,0.5,0.0,-16.897096373932843,-1.7816058662647263,-3.038604853593224,18.51351812113292
1767867460.6281035,1767867460628112222,Sr02_gA_IMG1_LID0_STA1_CFC64_OH0,0108_1116,A,0.5201208591461182,-0.05678507685661316,0.5,0.0,-16.946831471263096,-1.7867458834278154,-3.0386158933298737,18.472850051964485
1767867460.7463899,1767867460746398228,Sr02_gA_IMG1_LID0_STA1_CFC64_OH0,0108_1116,A,0.5028471946716309,0.0005055423825979233,0.5,0.0,-16.996566556016596,-1.791886022284167,-3.038599959075478,18.432227957981993
1767867460.8680863,1767867460868094139,Sr02_gA_IMG1_LID0_STA1_CFC64_OH0,0108_1116,A,0.4775603413581848,-0.013979891315102577,0.5,0.0,-17.071165957231962,-1.7996273480536644,-3.037661666374134,18.37139988179239
1767867460.985547,1767867460985556483,Sr02_gA_IMG1_LID0_STA1_CFC64_OH0,0108_1116,A,0.47759273648262024,-0.014186549931764603,0.5,0.0,-17.120894344304162,-1.804831875025348,-3.0369647648332556,18.33093195327539
1767867461.108785,1767867461108794080,Sr02_gA_IMG1_LID0_STA1_CFC64_OH0,0108_1116,A,0.4593241214752197,0.1364244520664215,0.5,0.0,-17.195412648544895,-1.813028841042545,-3.026069963125226,18.270578897893323
1767867461.2246666,1767867461224675825,Sr02_gA_IMG1_LID0_STA1_CFC64_OH0,0108_1116,A,0.4767525792121887,0.4149072766304016,0.5,0.5,-17.245055763255706,-1.818991011172279,-3.0180590605236697,18.230685473480406
1767867461.3473222,1767867461347329792,Sr02_gA_IMG1_LID0_STA1_CFC64_OH0,0108_1116,A,0.4759693145751953,0.41478121280670166,0.5,0.5,-17.294576374758478,-1.8250932024657411,-3.0215144051579754,18.191018473910187
1767867461.4680822,1767867461468089590,Sr02_gA_IMG1_LID0_STA1_CFC64_OH0,0108_1116,A,0.48495832085609436,0.1289955973625183,0.5,0.0,-17.369035842410533,-1.8339877523432881,-3.0229096737975474,18.13132751781302
1767867461.588363,1767867461588370736,Sr02_gA_IMG1_LID0_STA1_CFC64_OH0,0108_1116,A,0.5043905377388,0.0774286761879921,0.5,0.0,-17.418688233180784,-1.8398732741117958,-3.0243076575565215,18.091563352666096
1767867461.710228,1767867461710237169,Sr02_gA_IMG1_LID0_STA1_CFC64_OH0,0108_1116,A,0.5088702440261841,0.010882893577218056,0.5,0.0,-17.493150165546854,-1.8485711514244554,-3.0254071918565604,18.031960280902126
1767867461.8281965,1767867461828204815,Sr02_gA_IMG1_LID0_STA1_CFC64_OH0,0108_1116,A,0.5106068849563599,0.010349854826927185,0.5,0.0,-17.542674641710114,-1.8546465227016256,-3.0128282707262315,17.99253095511955
1767867461.9466188,1767867461946627438,Sr02_gA_IMG1_LID0_STA1_CFC64_OH0,0108_1116,A,0.5105704069137573,-0.0006062716711312532,0.5,0.0,-17.5916227812885,-1.8615730029383548,-2.985184950055111,17.95408566548228
1767867462.0644984,1767867462064506568,Sr02_gA_IMG1_LID0_STA1_CFC64_OH0,0108_1116,A,0.51677006483078,0.0043014646507799625,0.5,0.0,-17.665226843516653,-1.8755236983165622,-2.9238605286964057,17.898202624043307
1767867462.1882274,1767867462188236122,Sr02_gA_IMG1_LID0_STA1_CFC64_OH0,0108_1116,A,0.518535315990448,0.004279160872101784,0.5,0.0,-17.713541987549625,-1.886818862221251,-2.903784050954563,17.86270348474801
1767867462.3099897,1767867462309999781,Sr02_gA_IMG1_LID0_STA1_CFC64_OH0,0108_1116,A,0.4785931706428528,0.005824626889079809,0.5,0.0,-17.786290321143216,-1.904941617168766,-2.8925968004405807,17.809960565663097
1767867462.4299784,1767867462429986923,Sr02_gA_IMG1_LID0_STA1_CFC64_OH0,0108_1116,A,0.364080548286438,-0.004747809376567602,0.5,0.0,-17.834741621689393,-1.9172895276495618,-2.8915085038575494,17.775066961590557
1767867462.5508735,1767867462550881856,Sr02_gA_IMG1_LID0_STA1_CFC64_OH0,0108_1116,A,0.44864892959594727,0.0035564065910875797,0.5,0.0,-17.88317978634337,-1.9296888689523497,-2.8904735196597597,17.74028379701209
1767867462.669933,1767867462669941019,Sr02_gA_IMG1_LID0_STA1_CFC64_OH0,0108_1116,A,0.4493393898010254,0.00332918344065547,0.5,0.0,-17.955824406363988,-1.9483371520096129,-2.8902962551333635,17.688282499593313
1767867462.7953525,1767867462795361088,Sr02_gA_IMG1_LID0_STA1_CFC64_OH0,0108_1116,A,0.511117160320282,0.010313902050256729,0.5,0.0,-18.004251271487355,-1.9607805590510652,-2.8898661104173904,17.653715262877892
1767867462.9181843,1767867462918192179,Sr02_gA_IMG1_LID0_STA1_CFC64_OH0,0108_1116,A,0.505275309085846,-0.009843872860074043,0.5,0.0,-18.07688151075886,-1.9794847679354926,-2.8891931061030482,17.602032722466895
1767867463.0395553,1767867463039562959,Sr02_gA_IMG1_LID0_STA1_CFC64_OH0,0108_1116,A,0.5072482228279114,-0.002961929887533188,0.5,0.0,-18.12529366729089,-1.9919852764143462,-2.888610644458481,17.567694422428428
1767867463.161488,1767867463161497109,Sr02_gA_IMG1_LID0_STA1_CFC64_OH0,0108_1116,A,0.5072112679481506,-0.002967736218124628,0.5,0.0,-18.19791265076401,-2.0107331390923653,-2.8890736867558027,17.516326178446473
1767867463.2798615,1767867463279870190,Sr02_gA_IMG1_LID0_STA1_CFC64_OH0,0108_1116,A,0.5181463956832886,-0.007980931550264359,0.5,0.0,-18.246324734036456,-2.0232339330655016,-2.8887203189178345,17.482177257683833
1767867463.4009778,1767867463400986129,Sr02_gA_IMG1_LID0_STA1_CFC64_OH0,0108_1116,A,0.5166019201278687,-0.009259294718503952,0.5,0.0,-18.294732537728937,-2.035751289079515,-2.8883874010698767,17.448117317322435
1767867463.5217254,1767867463521733143,Sr02_gA_IMG1_LID0_STA1_CFC64_OH0,0108_1116,A,0.5170065760612488,-0.009272702038288116,0.5,0.0,-18.367329138531503,-2.054585615091863,-2.8871815840702895,17.397216096640783
1767867463.644784,1767867463644794178,Sr02_gA_IMG1_LID0_STA1_CFC64_OH0,0108_1116,A,0.5262487530708313,-0.001298614777624607,0.5,0.0,-18.415725905384225,-2.0671455688809703,-2.888165965451785,17.36338186986253
1767867463.7633715,1767867463763379789,Sr02_gA_IMG1_LID0_STA1_CFC64_OH0,0108_1116,A,0.5222132205963135,-0.014710808172821999,0.5,0.0,-18.488335747448975,-2.085928806717761,-2.8886791949137938,17.312734030821225
1767867463.8818753,1767867463881881892,Sr02_gA_IMG1_LID0_STA1_CFC64_OH0,0108_1116,A,0.5127059817314148,0.0005729794502258301,0.5,0.0,-18.536746975643577,-2.0984329120179073,-2.888975968049881,17.279053386029386
1767867463.999546,1767867463999554022,Sr02_gA_IMG1_LID0_STA1_CFC64_OH0,0108_1116,A,0.5127144455909729,0.0007027564570307732,0.5,0.0,-18.585165040585398,-2.1109105134500448,-2.889774056063471,17.245431645167898
1767867464.1183522,1767867464118363445,Sr02_gA_IMG1_LID0_STA1_CFC64_OH0,0108_1116,A,0.5174529552459717,-0.006924065295606852,0.5,0.0,-18.65781211228628,-2.129549219619634,-2.891137513865425,17.195088799288285
1767867464.2406821,1767867464240690026,Sr02_gA_IMG1_LID0_STA1_CFC64_OH0,0108_1116,A,0.5081497430801392,0.0008424916304647923,0.5,0.0,-18.706257833642795,-2.1419190048274563,-2.8920647825497685,17.161583963106256
1767867464.360857,1767867464360865663,Sr02_gA_IMG1_LID0_STA1_CFC64_OH0,0108_1116,A,0.5081799030303955,0.000769289443269372,0.5,0.0,-18.778939902058255,-2.160420792503856,-2.8926872959956507,17.11143698007931
1767867464.4836447,1767867464483652982,Sr02_gA_IMG1_LID0_STA1_CFC64_OH0,0108_1116,A,0.517099916934967,0.0014863645192235708,0.5,0.0,-18.827408074251018,-2.172702303662657,-2.8941583736113268,17.078066048540208
1767867464.6036415,1767867464603649752,Sr02_gA_IMG1_LID0_STA1_CFC64_OH0,0108_1116,A,0.5084521770477295,-0.003000866621732712,0.5,0.0,-18.875884920511396,-2.1849495506660697,-2.8941010874551574,17.044750062081196
1767867464.727225,1767867464727234023,Sr02_gA_IMG1_LID0_STA1_CFC64_OH0,0108_1116,A,0.5304545760154724,0.003595930291339755,0.5,0.0,-18.948598786320687,-2.2033259758190606,-2.8940745336758145,16.994933731548084
1767867464.8510952,1767867464851102799,Sr02_gA_IMG1_LID0_STA1_CFC64_OH0,0108_1116,A,0.5304803252220154,0.0034498320892453194,0.5,0.0,-18.997079193507513,-2.2155591153204286,-2.8947669374480407,16.961812023364878
1767867464.9720988,1767867464972106517,Sr02_gA_IMG1_LID0_STA1_CFC64_OH0,0108_1116,A,0.5157176852226257,0.025797346606850624,0.5,0.0,-19.069806373812877,-2.2338827755801236,-2.894719699285047,16.91226480046378
1767867465.0874846,1767867465087494052,Sr02_gA_IMG1_LID0_STA1_CFC64_OH0,0108_1116,A,0.5265561938285828,0.003093678504228592,0.5,0.0,-19.118289967044216,-2.2461032857626897,-2.8946427704621978,16.87934133626322
1767867465.2116923,1767867465211701227,Sr02_gA_IMG1_LID0_STA1_CFC64_OH0,0108_1116,A,0.5122826099395752,0.0027501345612108707,0.5,0.0,-19.191012854357954,-2.2644439763983164,-2.894554430052188,16.83012163293157
1767867465.3306582,1767867465330665752,Sr02_gA_IMG1_LID0_STA1_CFC64_OH0,0108_1116,A,0.512355625629425,0.0026992824859917164,0.5,0.0,-19.23949673138912,-2.276663359863491,-2.8948545161494477,16.79740836847605
1767867465.450599,1767867465450608040,Sr02_gA_IMG1_LID0_STA1_CFC64_OH0,0108_1116,A,0.5272570252418518,-0.013849977403879166,0.5,0.0,-19.287980244811656,-2.2888841856280955,-2.894494928756316,16.76478152092074
1767867465.570161,1767867465570169681,Sr02_gA_IMG1_LID0_STA1_CFC64_OH0,0108_1116,A,0.5207611918449402,0.0006863896269351244,0.5,0.0,-19.36069728164239,-2.3072480547438343,-2.893751070277934,16.71602787168202
1767867465.6866527,1767867465686661146,Sr02_gA_IMG1_LID0_STA1_CFC64_OH0,0108_1116,A,0.5211763381958008,0.0007325927726924419,0.5,0.0,-19.40915361215069,-2.319576166120019,-2.8911713445975957,16.683700938571413
1767867465.80732,1767867465807331816,Sr02_gA_IMG1_LID0_STA1_CFC64_OH0,0108_1116,A,0.5074530839920044,-0.006420216057449579,0.5,0.0,-19.45758942129172,-2.3319847133092884,-2.8906349235707824,16.651524931737526
1767867465.9251332,1767867465925142998,Sr02_gA_IMG1_LID0_STA1_CFC64_OH0,0108_1116,A,0.518715500831604,-0.0004601175896823406,0.5,0.0,-19.53023602748219,-2.3506252555191076,-2.8902120974968266,16.603448322468797
1767867466.0464556,1767867466046463463,Sr02_gA_IMG1_LID0_STA1_CFC64_OH0,0108_1116,A,0.4825019836425781,0.0010745518375188112,0.5,0.0,-19.57866284243987,-2.3630688587303177,-2.8899421696507965,16.57152151935955
1767867466.1680045,1767867466168013020,Sr02_gA_IMG1_LID0_STA1_CFC64_OH0,0108_1116,A,0.48276880383491516,0.0008718327153474092,0.5,0.0,-19.651314053812804,-2.381691399107017,-2.891543310137319,16.52376516167905
1767867466.2842476,1767867466284257801,Sr02_gA_IMG1_LID0_STA1_CFC64_OH0,0108_1116,A,0.5036691427230835,-0.007996248081326485,0.5,0.0,-19.69975863675749,-2.3940656492031125,-2.8914746743837654,16.49200768891847
1767867466.4045424,1767867466404551050,Sr02_gA_IMG1_LID0_STA1_CFC64_OH0,0108_1116,A,0.5045985579490662,0.006537316367030144,0.5,0.0,-19.74820234164077,-2.4064433363473716,-2.8914014152616945,16.460343573861
1767867466.5283804,1767867466528387907,Sr02_gA_IMG1_LID0_STA1_CFC64_OH0,0108_1116,A,0.5049299001693726,0.0064439354464411736,0.5,0.0,-19.820873637070687,-2.424987384573045,-2.892161787082945,16.41300043848529
1767867466.651708,1767867466651716205,Sr02_gA_IMG1_LID0_STA1_CFC64_OH0,0108_1116,A,0.45580771565437317,0.015046544373035431,0.5,0.0,-19.869326571481842,-2.437328892971293,-2.8922078000364144,16.38153608309095
1767867466.7677424,1767867466767750439,Sr02_gA_IMG1_LID0_STA1_CFC64_OH0,0108_1116,A,0.5271503925323486,0.0034501843620091677,0.5,0.0,-19.942005186584737,-2.4558442428746297,-2.892066019600638,16.334515365155948
1767867466.8890893,1767867466889098166,Sr02_gA_IMG1_LID0_STA1_CFC64_OH0,0108_1116,A,0.5113983154296875,-0.01716694049537182,0.5,0.0,-19.990456116504237,-2.468193618219381,-2.8919788364596624,16.30328924437299
1767867467.0074353,1767867467007443074,Sr02_gA_IMG1_LID0_STA1_CFC64_OH0,0108_1116,A,0.5112931132316589,-0.01735776476562023,0.5,0.0,-20.038911441092605,-2.480525733556341,-2.8927784531741043,16.27214289044377
1767867467.127979,1767867467127987977,Sr02_gA_IMG1_LID0_STA1_CFC64_OH0,0108_1116,A,0.5008540749549866,0.008051215671002865,0.5,0.0,-20.111597771644576,-2.4990107617073027,-2.892089473013658,16.225589503412028
1767867467.2470627,1767867467247072579,Sr02_gA_IMG1_LID0_STA1_CFC64_OH0,0108_1116,A,0.5214757323265076,-0.0002514203079044819,0.5,0.0,-20.16004554820459,-2.5113724987563595,-2.8914450805030776,16.19470370037471
1767867467.3633678,1767867467363375931,Sr02_gA_IMG1_LID0_STA1_CFC64_OH0,0108_1116,A,0.5077670812606812,-0.007220130879431963,0.5,0.0,-20.23269350663829,-2.5300077160871717,-2.889592079653609,16.148630019906673
1767867467.4803913,1767867467480398878,Sr02_gA_IMG1_LID0_STA1_CFC64_OH0,0108_1116,A,0.5078192949295044,-0.007341037038713694,0.5,0.0,-20.281112128574673,-2.5424831602861118,-2.8892470610938776,16.11807743612109
1767867467.5992308,1767867467599240041,Sr02_gA_IMG1_LID0_STA1_CFC64_OH0,0108_1116,A,0.5064471960067749,0.003153222380205989,0.5,0.0,-20.32953928935078,-2.5549253935187117,-2.89096373655942,16.08759501717173
1767867467.720748,1767867467720756215,Sr02_gA_IMG1_LID0_STA1_CFC64_OH0,0108_1116,A,0.5203431844711304,-0.005259801167994738,0.5,0.0,-20.40221994356896,-2.5734326549532103,-2.893309505031509,16.041926908214688
1767867467.8431194,1767867467843129123,Sr02_gA_IMG1_LID0_STA1_CFC64_OH0,0108_1116,A,0.5204833745956421,-0.0053186179138720036,0.5,0.0,-20.450681776532573,-2.585739169239842,-2.892504390194462,16.01157830752004
1767867467.96448,1767867467964487400,Sr02_gA_IMG1_LID0_STA1_CFC64_OH0,0108_1116,A,0.5115362405776978,-0.008745517581701279,0.5,0.0,-20.523366127160376,-2.604231990911737,-2.8925984396661426,15.966268040201655
1767867468.081437,1767867468081445184,Sr02_gA_IMG1_LID0_STA1_CFC64_OH0,0108_1116,A,0.5004154443740845,-0.010975075885653496,0.5,0.0,-20.571828607090175,-2.616535958292854,-2.893321660152689,15.936165447019862
1767867468.205997,1767867468206005304,Sr02_gA_IMG1_LID0_STA1_CFC64_OH0,0108_1116,A,0.5025871992111206,-0.020338159054517746,0.5,0.0,-20.620300046223008,-2.628804583281096,-2.894055762630125,15.906133870026558
1767867468.435827,1767867468435835465,Sr02_gA_IMG1_LID0_STA1_CFC64_OH0,0108_1116,A,0.5027353763580322,-0.020402949303388596,0.5,0.0,-20.693011680020415,-2.6471898360782573,-2.8938559847565806,15.861260781971879
1767867468.5553744,1767867468555382378,Sr02_gA_IMG1_LID0_STA1_CFC64_OH0,0108_1116,A,0.5201014280319214,-0.002017885446548462,0.5,0.0,-20.789971572298874,-2.671659758233899,-2.8949132362240766,15.801749181740362
1767867468.6758938,1767867468675902736,Sr02_gA_IMG1_LID0_STA1_CFC64_OH0,0108_1116,A,0.5136322379112244,-0.01615925319492817,0.5,0.0,-20.862711527924823,-2.6899326176882714,-2.896144546587081,15.757318222699583
1767867468.8000658,1767867468800073973,Sr02_gA_IMG1_LID0_STA1_CFC64_OH0,0108_1116,A,0.5272496342658997,0.008154593408107758,0.5,0.0,-20.911219609026983,-2.7020555504932107,-2.897242051905593,15.72777742504351
1767867468.9217186,1767867468921726334,Sr02_gA_IMG1_LID0_STA1_CFC64_OH0,0108_1116,A,0.5099202990531921,-0.0047395057044923306,0.5,0.0,-20.984016114211137,-2.72010171196709,-2.9001055022523463,15.683545513392442
1767867469.0467043,1767867469046712297,Sr02_gA_IMG1_LID0_STA1_CFC64_OH0,0108_1116,A,0.5184354186058044,0.003831456881016493,0.5,0.0,-21.032577407210155,-2.73200967750948,-2.9021393148313175,15.654085369124193
1767867469.1699438,1767867469169952480,Sr02_gA_IMG1_LID0_STA1_CFC64_OH0,0108_1116,A,0.5182745456695557,0.003643081057816744,0.5,0.0,-21.105463620786747,-2.749690047775896,-2.904648214922735,15.609939757818639
1767867469.296483,1767867469296491700,Sr02_gA_IMG1_LID0_STA1_CFC64_OH0,0108_1116,A,0.502601146697998,0.003409900236874819,0.5,0.0,-21.154067872150193,-2.761421476458788,-2.9049914090788924,15.580594135960933
1767867469.4162598,1767867469416267324,Sr02_gA_IMG1_LID0_STA1_CFC64_OH0,0108_1116,A,0.5085702538490295,0.005809187889099121,0.5,0.0,-21.226997359445523,-2.778922547602254,-2.906442756300707,15.536693221145793
1767867469.534282,1767867469534289825,Sr02_gA_IMG1_LID0_STA1_CFC64_OH0,0108_1116,A,0.517758309841156,-0.014039624482393265,0.5,0.0,-21.275616873804136,-2.7905905553135875,-2.9058851708641282,15.507558934359285
1767867469.654361,1767867469654369583,Sr02_gA_IMG1_LID0_STA1_CFC64_OH0,0108_1116,A,0.5176485180854797,-0.014254255220293999,0.5,0.0,-21.324237104220252,-2.8022555812653063,-2.906359119894574,15.478528824821636
1767867469.7737489,1767867469773757136,Sr02_gA_IMG1_LID0_STA1_CFC64_OH0,0108_1116,A,0.5122503042221069,-0.004136177245527506,0.5,0.0,-21.39716802215664,-2.819750733443694,-2.9058738857239295,15.435182972075253
1767867469.8953314,1767867469895340557,Sr02_gA_IMG1_LID0_STA1_CFC64_OH0,0108_1116,A,0.5126214027404785,-0.005219839047640562,0.5,0.0,-21.445783227475772,-2.8314366851434785,-2.90550957820283,15.406439785666695
1767867470.016412,1767867470016420440,Sr02_gA_IMG1_LID0_STA1_CFC64_OH0,0108_1116,A,0.5128613114356995,-0.002622502390295267,0.5,0.0,-21.49439428284452,-2.843139887893717,-2.905166256754026,15.37782000741956
1767867470.1370997,1767867470137107842,Sr02_gA_IMG1_LID0_STA1_CFC64_OH0,0108_1116,A,0.5130400061607361,-0.0026995581574738026,0.5,0.0,-21.567301463771013,-2.860733692332966,-2.904565337183041,15.335128888516738
1767867470.2565424,1767867470256551041,Sr02_gA_IMG1_LID0_STA1_CFC64_OH0,0108_1116,A,0.5096628069877625,0.0047418586909770966,0.5,0.0,-21.615911701251797,-2.8724402752776363,-2.9059692931063403,15.306786964980471
1767867470.3803208,1767867470380328306,Sr02_gA_IMG1_LID0_STA1_CFC64_OH0,0108_1116,A,0.517389714717865,0.019154785200953484,0.5,0.0,-21.68885776415202,-2.88987211943155,-2.9079029273378714,15.264373699964617
1767867470.5009055,1767867470500913777,Sr02_gA_IMG1_LID0_STA1_CFC64_OH0,0108_1116,A,0.5173207521438599,0.01938912831246853,0.5,0.0,-21.73750108392898,-2.901440485282257,-2.9083165449860737,15.236192745832513
1767867470.6221514,1767867470622158951,Sr02_gA_IMG1_LID0_STA1_CFC64_OH0,0108_1116,A,0.5216083526611328,0.004538576118648052,0.5,0.0,-21.81047629644739,-2.9187499446929706,-2.909021600705709,15.194095110530665
1767867470.74249,1767867470742500482,Sr02_gA_IMG1_LID0_STA1_CFC64_OH0,0108_1116,A,0.5108687877655029,-0.004062465857714415,0.5,0.0,-21.859131655652657,-2.9302675698505305,-2.9092838505586998,15.1661523711419
1767867470.86362,1767867470863628104,Sr02_gA_IMG1_LID0_STA1_CFC64_OH0,0108_1116,A,0.49097397923469543,-0.015717586502432823,0.5,0.0,-21.907790077996296,-2.941772247283758,-2.9095538058739567,15.138312135511292
1767867470.9800904,1767867470980098821,Sr02_gA_IMG1_LID0_STA1_CFC64_OH0,0108_1116,A,0.49124932289123535,-0.015907960012555122,0.5,0.0,-21.98077505984869,-2.959040468445336,-2.9087728269034585,15.09677561751759
1767867471.0989263,1767867471098935807,Sr02_gA_IMG1_LID0_STA1_CFC64_OH0,0108_1116,A,0.5160512328147888,-0.005279054399579763,0.5,0.0,-22.029414961870113,-2.9706231645871464,-2.9068573545868372,15.069288977388
1767867471.2208426,1767867471220850253,Sr02_gA_IMG1_LID0_STA1_CFC64_OH0,0108_1116,A,0.5097270607948303,-0.042979903519153595,0.5,0.0,-22.102333072391442,-2.9881715193729317,-2.904248333778707,15.028427063909476
1767867471.3450282,1767867471345036539,Sr02_gA_IMG1_LID0_STA1_CFC64_OH0,0108_1116,A,0.5097869634628296,-0.0431487038731575,0.5,0.0,-22.150928690387392,-2.999938658007443,-2.9037944760283145,15.001391332022841
1767867471.4669325,1767867471466940695,Sr02_gA_IMG1_LID0_STA1_CFC64_OH0,0108_1116,A,0.4865908622741699,-0.18605539202690125,0.5,0.0,-22.19952402825778,-3.0117069537954997,-2.904200715368137,14.97447474375432
1767867471.5895,1767867471589508151,Sr02_gA_IMG1_LID0_STA1_CFC64_OH0,0108_1116,A,0.5190054178237915,-0.06044928357005119,0.5,0.0,-22.272437525488876,-3.029274502774034,-2.9063271421641126,14.934248949662864
1767867471.707395,1767867471707402761,Sr02_gA_IMG1_LID0_STA1_CFC64_OH0,0108_1116,A,0.5172362327575684,0.0006882825400680304,0.5,0.0,-22.32106939651967,-3.0408908824052516,-2.907917935522939,14.907498132854103
1767867471.834762,1767867471834770502,Sr02_gA_IMG1_LID0_STA1_CFC64_OH0,0108_1116,A,0.5171111822128296,0.0004296859260648489,0.5,0.0,-22.394036412020622,-3.0582165025207497,-2.909554944404041,14.867513843437942
1767867471.9602518,1767867471960262940,Sr02_gA_IMG1_LID0_STA1_CFC64_OH0,0108_1116,A,0.5047070980072021,0.0016576864290982485,0.5,0.0,-22.44272095935633,-3.069609951638743,-2.913852925257163,14.840869584011626
1767867472.08467,1767867472084677577,Sr02_gA_IMG1_LID0_STA1_CFC64_OH0,0108_1116,A,0.49900302290916443,-0.0953112319111824,0.5,0.0,-22.5157789925267,-3.0862815684655565,-2.922175104074989,14.800812144868155
1767867472.2109334,1767867472210943903,Sr02_gA_IMG1_LID0_STA1_CFC64_OH0,0108_1116,A,0.5185979604721069,-0.05779220163822174,0.5,0.0,-22.5646037093283,-3.0967137344406566,-2.9403515071804653,14.77369036927597
1767867472.3359513,1767867472335963540,Sr02_gA_IMG1_LID0_STA1_CFC64_OH0,0108_1116,A,0.5189266800880432,-0.06430919468402863,0.5,0.0,-22.638098456302316,-3.1112689202590014,-2.948777189423683,14.732272512430443
1767867472.4575667,1767867472457575104,Sr02_gA_IMG1_LID0_STA1_CFC64_OH0,0108_1116,A,0.4841229319572449,-0.12806327641010284,0.5,0.0,-22.68717155558343,-3.1208517491180903,-2.9487109476422444,14.704668133120599
1767867472.583188,1767867472583195734,Sr02_gA_IMG1_LID0_STA1_CFC64_OH0,0108_1116,A,0.5142894387245178,-0.23842595517635345,0.5,-0.5,-22.760780228777758,-3.1352309880967124,-2.9486096557682204,14.663488061353307
1767867472.7018797,1767867472701888659,Sr02_gA_IMG1_LID0_STA1_CFC64_OH0,0108_1116,A,0.509145975112915,-0.2815922200679779,0.5,-0.5,-22.809840276012224,-3.144821318864364,-2.9488203519423193,14.636195447195425
1767867472.830069,1767867472830077347,Sr02_gA_IMG1_LID0_STA1_CFC64_OH0,0108_1116,A,0.5072280764579773,-0.2912368178367615,0.5,-0.5,-22.88350036940133,-3.15869200315868,-2.9615779850990678,14.595061943107655
1767867472.9533083,1767867472953316299,Sr02_gA_IMG1_LID0_STA1_CFC64_OH0,0108_1116,A,0.5066665410995483,-0.3395250141620636,0.5,-0.5,-22.93271804229624,-3.1675018473134355,-2.967422362655836,14.567396398346554
1767867473.0709846,1767867473070992467,Sr02_gA_IMG1_LID0_STA1_CFC64_OH0,0108_1116,A,0.5165737271308899,-0.23171132802963257,0.5,-0.5,-23.00662448509617,-3.180118474983369,-2.9792939036657735,14.52563256155506
1767867473.191515,1767867473191524258,Sr02_gA_IMG1_LID0_STA1_CFC64_OH0,0108_1116,A,0.5151810050010681,-0.35661783814430237,0.5,-0.5,-23.056006460061234,-3.1878790972061126,-2.992439356584451,14.497388745497332
1767867473.318153,1767867473318161583,Sr02_gA_IMG1_LID0_STA1_CFC64_OH0,0108_1116,A,0.5125503540039062,-0.37380293011665344,0.5,-0.5,-23.105450758165205,-3.194748075427081,-3.015367172083643,14.468568773980879
1767867473.4397998,1767867473439808014,Sr02_gA_IMG1_LID0_STA1_CFC64_OH0,0108_1116,A,0.5040701627731323,-0.3075476586818695,0.5,-0.5,-23.18001354896499,-3.2026512731517807,-3.057264710772221,14.423525511076658
1767867473.5643413,1767867473564351303,Sr02_gA_IMG1_LID0_STA1_CFC64_OH0,0108_1116,A,0.49748629331588745,-0.22653897106647491,0.5,-0.5,-23.229890149276734,-3.206136626951076,-3.0863883443495497,14.39221063453181
1767867473.6901002,1767867473690107388,Sr02_gA_IMG1_LID0_STA1_CFC64_OH0,0108_1116,A,0.5015184283256531,-0.2226754128932953,0.5,-0.5,-23.304792985315853,-3.2084234742685993,-3.134250059721692,14.343207968529368
1767867473.8181543,1767867473818161643,Sr02_gA_IMG1_LID0_STA1_CFC64_OH0,0108_1116,A,0.5019509196281433,-0.23629313707351685,0.5,-0.5,-23.3547774696123,-3.2082107304985352,3.12544106036739,14.309346655526452
1767867473.9424722,1767867473942480209,Sr02_gA_IMG1_LID0_STA1_CFC64_OH0,0108_1116,A,0.4848804473876953,-0.31317609548568726,0.5,-0.5,-23.429586994070927,-3.2050854616835545,3.072766592096912,14.256762735321898
1767867474.0664802,1767867474066488300,Sr02_gA_IMG1_LID0_STA1_CFC64_OH0,0108_1116,A,0.48869141936302185,-0.31945833563804626,0.5,-0.5,-23.47938013625505,-3.200718356714045,3.0360030964826112,14.220173397186242
1767867474.1893568,1767867474189364819,Sr02_gA_IMG1_LID0_STA1_CFC64_OH0,0108_1116,A,0.4867064952850342,-0.3692781329154968,0.5,-0.5,-23.553733180248067,-3.191114105540416,2.991976393160574,14.163389815346616
1767867474.3142538,1767867474314263178,Sr02_gA_IMG1_LID0_STA1_CFC64_OH0,0108_1116,A,0.4900156259536743,-0.372188001871109,0.5,-0.5,-23.603085966837188,-3.183101908455133,2.9693611624540073,14.124569218833551
1767867474.4325814,1767867474432590564,Sr02_gA_IMG1_LID0_STA1_CFC64_OH0,0108_1116,A,0.4749443531036377,-0.2620004117488861,0.5,-0.5,-23.676747319775195,-3.16901380415183,2.9355513834656315,14.065163058054122
1767867474.5537875,1767867474553795793,Sr02_gA_IMG1_LID0_STA1_CFC64_OH0,0108_1116,A,0.4970461130142212,-0.3871113359928131,0.5,-0.5,-23.725550548974503,-3.1582095894146294,2.911594827710594,14.024782749848757
1767867474.6689913,1767867474668999544,Sr02_gA_IMG1_LID0_STA1_CFC64_OH0,0108_1116,A,0.5058534741401672,-0.41487061977386475,0.5,-0.5,-23.77402159134335,-3.1460667445484014,2.8804882381629944,13.983676597225017
1767867474.791191,1767867474791200399,Sr02_gA_IMG1_LID0_STA1_CFC64_OH0,0108_1116,A,0.5065763592720032,-0.4392127990722656,0.5,-0.5,-23.845976243207474,-3.124989260866584,2.8322916739645025,13.92046089187113
1767867474.9133737,1767867474913382309,Sr02_gA_IMG1_LID0_STA1_CFC64_OH0,0108_1116,A,0.4869474172592163,-0.3921900987625122,0.5,-0.5,-23.893311763013433,-3.1088937932389666,2.7953639296948407,13.877254319915364
1767867475.0390334,1767867475039041461,Sr02_gA_IMG1_LID0_STA1_CFC64_OH0,0108_1116,A,0.4960480034351349,-0.41775602102279663,0.5,-0.5,-23.963081352531752,-3.0815103476143153,2.74108367866694,13.810884040253699
1767867475.1605096,1767867475160518082,Sr02_gA_IMG1_LID0_STA1_CFC64_OH0,0108_1116,A,0.4945215582847595,-0.43107908964157104,0.5,-0.5,-24.008863852744433,-3.061415093146575,2.7148836464234654,13.765768465546781
1767867475.285117,1767867475285125523,Sr02_gA_IMG1_LID0_STA1_CFC64_OH0,0108_1116,A,0.4903857409954071,-0.31413230299949646,0.5,-0.5,-24.076146744161715,-3.0285873629763613,2.6581222573305148,13.69702501836139
1767867475.4053242,1767867475405332000,Sr02_gA_IMG1_LID0_STA1_CFC64_OH0,0108_1116,A,0.49932026863098145,-0.4597409665584564,0.5,-0.5,-24.119921023290857,-3.0044326043183505,2.6163918357163922,13.650208931387654
1767867475.526102,1767867475526110396,Sr02_gA_IMG1_LID0_STA1_CFC64_OH0,0108_1116,A,0.47455593943595886,-0.45428842306137085,0.5,-0.5,-24.162617826466317,-2.978421438525279,2.572470613049539,13.602702105746486
1767867475.6503463,1767867475650354171,Sr02_gA_IMG1_LID0_STA1_CFC64_OH0,0108_1116,A,0.4745439887046814,-0.46409884095191956,0.5,-0.5,-24.224551363141543,-2.936141343435584,2.5129162658486903,13.530357010718681
1767867475.7691617,1767867475769170078,Sr02_gA_IMG1_LID0_STA1_CFC64_OH0,0108_1116,A,0.4919726848602295,-0.4334797263145447,0.5,-0.5,-24.26436583923397,-2.905901575739018,2.4711407217052384,13.481532100560276
1767867475.8883657,1767867475888374167,Sr02_gA_IMG1_LID0_STA1_CFC64_OH0,0108_1116,A,0.4902104139328003,-0.6556474566459656,0.5,-0.5,-24.321565134632838,-2.8574750239820483,2.4083335151935295,13.407601439458487
1767867476.0074496,1767867476007457878,Sr02_gA_IMG1_LID0_STA1_CFC64_OH0,0108_1116,A,0.44735094904899597,-0.50907963514328,0.5,-0.5,-24.358183298566356,-2.8234323439582467,2.3769202991046567,13.357957288665784
1767867476.1280332,1767867476128040495,Sr02_gA_IMG1_LID0_STA1_CFC64_OH0,0108_1116,A,0.45158812403678894,-0.5016763210296631,0.5,-0.5,-24.393426659762337,-2.7881947417207513,2.3337929604081817,13.308291533422755
1767867476.2451706,1767867476245178891,Sr02_gA_IMG1_LID0_STA1_CFC64_OH0,0108_1116,A,0.4899444282054901,-0.2597467601299286,0.5,-0.5,-24.443366402906843,-2.7322586860249385,2.2655407187666263,13.233332659036334
1767867476.3632865,1767867476363294258,Sr02_gA_IMG1_LID0_STA1_CFC64_OH0,0108_1116,A,0.5107998251914978,-0.3735215961933136,0.5,-0.5,-24.474473205053084,-2.6931189648574416,2.21913089156697,13.183360606184452
1767867476.4841611,1767867476484168795,Sr02_gA_IMG1_LID0_STA1_CFC64_OH0,0108_1116,A,0.5081460475921631,-0.3523017466068268,0.5,-0.5,-24.517737164194834,-2.631904360205473,2.153038302074642,13.108685645276871
1767867476.6035454,1767867476603553854,Sr02_gA_IMG1_LID0_STA1_CFC64_OH0,0108_1116,A,0.4928959012031555,-0.23837317526340485,0.5,-0.5,-24.54378748121427,-2.589753725659649,2.0929029346634946,13.059686965007113
1767867476.7239866,1767867476723994503,Sr02_gA_IMG1_LID0_STA1_CFC64_OH0,0108_1116,A,0.4768480658531189,-0.21109601855278015,0.5,-0.5,-24.56757060665444,-2.5458268611742025,2.041566037659694,13.010805923534907
1767867476.8450763,1767867476845084807,Sr02_gA_IMG1_LID0_STA1_CFC64_OH0,0108_1116,A,0.4884379804134369,-0.05704927071928978,0.5,0.0,-24.599014221472668,-2.4778147273103452,1.9668942134857679,12.93862764956635
1767867476.9634001,1767867476963408085,Sr02_gA_IMG1_LID0_STA1_CFC64_OH0,0108_1116,A,0.4872337579727173,-0.04485461115837097,0.5,0.0,-24.617368509788182,-2.4317988427132415,1.9365357828134528,12.891706996168395
1767867477.0813353,1767867477081343283,Sr02_gA_IMG1_LID0_STA1_CFC64_OH0,0108_1116,A,0.49430328607559204,-0.037402115762233734,0.5,0.0,-24.64236326512564,-2.3612025206895133,1.883781665654092,12.82182053743915
1767867477.20067,1767867477200677828,Sr02_gA_IMG1_LID0_STA1_CFC64_OH0,0108_1116,A,0.48436465859413147,-0.03725185990333557,0.5,0.0,-24.656917216822535,-2.3133702767670252,1.848551538842154,12.776054422485686
1767867477.321743,1767867477321750318,Sr02_gA_IMG1_LID0_STA1_CFC64_OH0,0108_1116,A,0.4847889244556427,-0.029167527332901955,0.5,0.0,-24.670001975548065,-2.265163542383008,1.8238537814066709,12.730996747919589
1767867477.4447703,1767867477444779154,Sr02_gA_IMG1_LID0_STA1_CFC64_OH0,0108_1116,A,0.4995695948600769,0.009894346818327904,0.5,0.0,-24.68758808631235,-2.192269791658098,1.7920817503903692,12.664376213780075
1767867477.563284,1767867477563291910,Sr02_gA_IMG1_LID0_STA1_CFC64_OH0,0108_1116,A,0.4899462163448334,0.0046132272109389305,0.5,0.0,-24.69833754642311,-2.1435361716635883,1.7848821280742109,12.620551073574209
1767867477.684791,1767867477684799350,Sr02_gA_IMG1_LID0_STA1_CFC64_OH0,0108_1116,A,0.49861589074134827,-0.025990959256887436,0.5,0.0,-24.714017026187182,-2.070193604423372,1.7781810360776364,12.5550095149773
1767867477.7994149,1767867477799423278,Sr02_gA_IMG1_LID0_STA1_CFC64_OH0,0108_1116,A,0.498770147562027,-0.02531604841351509,0.5,0.0,-24.724220567778374,-2.0212458311638275,1.7744408301767793,12.51149937810941
1767867477.91457,1767867477914577986,Sr02_gA_IMG1_LID0_STA1_CFC64_OH0,0108_1116,A,0.4994593858718872,0.004376033321022987,0.5,0.0,-24.734241331755904,-1.972260312071509,1.7707156501642909,12.468130652497464
1767867478.0335083,1767867478033516635,Sr02_gA_IMG1_LID0_STA1_CFC64_OH0,0108_1116,A,0.48803722858428955,-0.029880845919251442,0.5,0.0,-24.748963626331864,-1.898724498852908,1.7665521008620317,12.403333364639527
1767867478.1511045,1767867478151113665,Sr02_gA_IMG1_LID0_STA1_CFC64_OH0,0108_1116,A,0.48793646693229675,-0.02923782356083393,0.5,0.0,-24.75871328357675,-1.8496842740450354,1.7675415246473378,12.360230474756479
1767867478.2696989,1767867478269706893,Sr02_gA_IMG1_LID0_STA1_CFC64_OH0,0108_1116,A,0.4896557927131653,-0.013145485892891884,0.5,0.0,-24.76850097139043,-1.8006516236703571,1.7680556617646528,12.317159974357814
1767867478.3918593,1767867478391867834,Sr02_gA_IMG1_LID0_STA1_CFC64_OH0,0108_1116,A,0.4923228323459625,0.0073669846169650555,0.5,0.0,-24.783117071066982,-1.7270896547463552,1.7650819204881538,12.252687094525838
1767867478.508924,1767867478508939295,Sr02_gA_IMG1_LID0_STA1_CFC64_OH0,0108_1116,A,0.49795296788215637,0.01647469587624073,0.5,0.0,-24.792708241851045,-1.6780181987811957,1.7625503196436567,12.209852288024543
1767867478.6301422,1767867478630150596,Sr02_gA_IMG1_LID0_STA1_CFC64_OH0,0108_1116,A,0.4979643225669861,0.017051590606570244,0.5,0.0,-24.802234186197996,-1.6289340258106226,1.7626909792081227,12.167106638155637
1767867478.746369,1767867478746376704,Sr02_gA_IMG1_LID0_STA1_CFC64_OH0,0108_1116,A,0.49716541171073914,0.009935028851032257,0.5,0.0,-24.816441216476697,-1.5552919721113292,1.7592430204186045,12.10313604508054
1767867478.8685815,1767867478868590564,Sr02_gA_IMG1_LID0_STA1_CFC64_OH0,0108_1116,A,0.49102115631103516,0.0017215360421687365,0.5,0.0,-24.82573606789734,-1.5061635318876505,1.7563192427076093,12.06065423286931
1767867478.9881377,1767867478988145284,Sr02_gA_IMG1_LID0_STA1_CFC64_OH0,0108_1116,A,0.4910389184951782,0.0024568247608840466,0.5,0.0,-24.839488468124024,-1.4324351850115526,1.754596721881119,11.997142988756668
1767867479.1114523,1767867479111460651,Sr02_gA_IMG1_LID0_STA1_CFC64_OH0,0108_1116,A,0.49814632534980774,-0.0008066073060035706,0.5,0.0,-24.848644937188663,-1.3832807483427125,1.7553334179211992,11.9548825291052
1767867479.2308102,1767867479230817287,Sr02_gA_IMG1_LID0_STA1_CFC64_OH0,0108_1116,A,0.5071715712547302,-0.00429809745401144,0.5,0.0,-24.857859994705215,-1.3341372662459965,1.756980877845041,11.91265002043428
1767867479.349642,1767867479349650428,Sr02_gA_IMG1_LID0_STA1_CFC64_OH0,0108_1116,A,0.4926438629627228,-0.05006866157054901,0.5,0.0,-24.871836573448885,-1.260451097201108,1.7594559123637474,11.84933028238729
1767867479.4693499,1767867479469357785,Sr02_gA_IMG1_LID0_STA1_CFC64_OH0,0108_1116,A,0.49256014823913574,-0.049285709857940674,0.5,0.0,-24.88123808985574,-1.2113429413964523,1.7604494151400465,11.807147192076084
1767867479.5819037,1767867479581911402,Sr02_gA_IMG1_LID0_STA1_CFC64_OH0,0108_1116,A,0.5046603679656982,-0.04051639139652252,0.5,0.0,-24.895392385326197,-1.1376906829854743,1.760804491434021,11.743958975186883
1767867479.7025027,1767867479702511352,Sr02_gA_IMG1_LID0_STA1_CFC64_OH0,0108_1116,A,0.5023501515388489,-0.039765287190675735,0.5,0.0,-24.90484176177566,-1.0885917119660973,1.7610501734646786,11.701903715933879
1767867479.8186524,1767867479818662007,Sr02_gA_IMG1_LID0_STA1_CFC64_OH0,0108_1116,A,0.5021483898162842,-0.0385696217417717,0.5,0.0,-24.914295189518032,-1.039493520700346,1.7609695153631757,11.659908937274173
1767867479.9389734,1767867479938981809,Sr02_gA_IMG1_LID0_STA1_CFC64_OH0,0108_1116,A,0.49143898487091064,-0.09579124301671982,0.5,0.0,-24.928450354798084,-0.9658530281337592,1.760019879495791,11.597058082782665
1767867480.0605907,1767867480060599256,Sr02_gA_IMG1_LID0_STA1_CFC64_OH0,0108_1116,A,0.5046855807304382,-0.08508984744548798,0.5,0.0,-24.937732196719605,-0.9167221637245941,1.7550130358596674,11.555319231839077
1767867480.1815338,1767867480181541701,Sr02_gA_IMG1_LID0_STA1_CFC64_OH0,0108_1116,A,0.4997384250164032,-0.005638269241899252,0.5,0.0,-24.946769491814536,-0.8675457271480874,1.7500766428315677,11.513784425164438
1767867480.3004723,1767867480300480912,Sr02_gA_IMG1_LID0_STA1_CFC64_OH0,0108_1116,A,0.5001744627952576,-0.005039179231971502,0.5,0.0,-24.959907198745388,-0.793705478870933,1.7438313118846331,11.451848448875042
1767867480.4209967,1767867480421006812,Sr02_gA_IMG1_LID0_STA1_CFC64_OH0,0108_1116,A,0.4904475808143616,-0.0531235970556736,0.5,0.0,-24.968417887160705,-0.7444351574717889,1.7398547895094585,11.410788148886185
1767867480.5430198,1767867480543028281,Sr02_gA_IMG1_LID0_STA1_CFC64_OH0,0108_1116,A,0.4814221262931824,-0.05579005926847458,0.5,0.0,-24.980816203868407,-0.6704787325184247,1.7331203043766483,11.349555575649218
1767867480.6646407,1767867480664648773,Sr02_gA_IMG1_LID0_STA1_CFC64_OH0,0108_1116,A,0.482392281293869,-0.05455290526151657,0.5,0.0,-24.988660355673904,-0.6210980698980103,1.723541202324035,11.309070069391959
1767867480.7866254,1767867480786633773,Sr02_gA_IMG1_LID0_STA1_CFC64_OH0,0108_1116,A,0.49288561940193176,-0.039927467703819275,0.5,0.0,-24.996057597724377,-0.5716484449604331,1.7150322233079192,11.268929372941383
1767867480.907483,1767867480907491248,Sr02_gA_IMG1_LID0_STA1_CFC64_OH0,0108_1116,A,0.5066349506378174,0.03236694261431694,0.5,0.0,-25.006661038187918,-0.4974340847004765,1.7120968256921592,11.209189665782606
1767867481.0298793,1767867481029887143,Sr02_gA_IMG1_LID0_STA1_CFC64_OH0,0108_1116,A,0.499502032995224,-0.034291449934244156,0.5,0.0,-25.01369010362063,-0.44793063159624485,1.7115929084654937,11.1694746666502
1767867481.1530297,1767867481153037980,Sr02_gA_IMG1_LID0_STA1_CFC64_OH0,0108_1116,A,0.49947690963745117,-0.033036112785339355,0.5,0.0,-25.023958804112244,-0.37364862856366204,1.7041582160550592,11.110236291635761
1767867481.2756183,1767867481275630574,Sr02_gA_IMG1_LID0_STA1_CFC64_OH0,0108_1116,A,0.49844446778297424,-0.0395076684653759,0.5,0.0,-25.030468879378105,-0.3240743195173744,1.6985792194112936,11.071054672960656
1767867481.3972166,1767867481397225269,Sr02_gA_IMG1_LID0_STA1_CFC64_OH0,0108_1116,A,0.5005180239677429,0.01992150954902172,0.5,0.0,-25.039725339849735,-0.24964792953676698,1.690835047518457,11.012768776853271
1767867481.5179057,1767867481517914778,Sr02_gA_IMG1_LID0_STA1_CFC64_OH0,0108_1116,A,0.5086398720741272,0.02853948436677456,0.5,0.0,-25.045613755948974,-0.19999591127978125,1.686842307036986,10.974205083978326
1767867481.6385443,1767867481638552258,Sr02_gA_IMG1_LID0_STA1_CFC64_OH0,0108_1116,A,0.5084841251373291,0.030233079567551613,0.5,0.0,-25.051461272503733,-0.15036921015266994,1.6896763434898114,10.93578111108151
1767867481.7551608,1767867481755171397,Sr02_gA_IMG1_LID0_STA1_CFC64_OH0,0108_1116,A,0.4961360692977905,0.007240355014801025,0.5,0.0,-25.06027431030105,-0.07590955895821735,1.6861922170352115,10.878277205051754
1767867481.8797574,1767867481879765113,Sr02_gA_IMG1_LID0_STA1_CFC64_OH0,0108_1116,A,0.49345988035202026,-0.024399394169449806,0.5,0.0,-25.065949256403183,-0.026232679068095587,1.6828886108925585,10.840181094048074
1767867482.001088,1767867482001096471,Sr02_gA_IMG1_LID0_STA1_CFC64_OH0,0108_1116,A,0.4783834218978882,-0.016787758097052574,0.5,0.0,-25.07412554112317,0.048309014376220705,1.6780088548678278,10.78344810823234
1767867482.1196969,1767867482119704918,Sr02_gA_IMG1_LID0_STA1_CFC64_OH0,0108_1116,A,0.4789920449256897,-0.01469079963862896,0.5,0.0,-25.079525417309437,0.09801656097666724,1.6800009958583257,10.745779113190087
1767867482.2400136,1767867482240023589,Sr02_gA_IMG1_LID0_STA1_CFC64_OH0,0108_1116,A,0.5003461837768555,-0.009303770959377289,0.5,0.0,-25.087859218084983,0.17255204521584075,1.6843157755701754,10.689309667905373
1767867482.3626223,1767867482362631282,Sr02_gA_IMG1_LID0_STA1_CFC64_OH0,0108_1116,A,0.48922890424728394,-0.08590411394834518,0.5,0.0,-25.093597523791793,0.22222165063811702,1.6871091643077663,10.651669092200851
1767867482.4869773,1767867482486985196,Sr02_gA_IMG1_LID0_STA1_CFC64_OH0,0108_1116,A,0.48915567994117737,-0.08443290740251541,0.5,0.0,-25.09941803944567,0.2718817067308027,1.6878332035234742,10.614075840379195
1767867482.6122353,1767867482612244917,Sr02_gA_IMG1_LID0_STA1_CFC64_OH0,0108_1116,A,0.49968886375427246,0.08955628424882889,0.5,0.0,-25.108083643859008,0.34637936478968256,1.684882230577019,10.557922573815423
1767867482.7321486,1767867482732157592,Sr02_gA_IMG1_LID0_STA1_CFC64_OH0,0108_1116,A,0.47515836358070374,0.11153410375118256,0.5,0.0,-25.113733873376912,0.3960590789816038,1.683203455891473,10.520702861693513
1767867482.8511596,1767867482851170362,Sr02_gA_IMG1_LID0_STA1_CFC64_OH0,0108_1116,A,0.46385717391967773,-0.003089522011578083,0.5,0.0,-25.12206356846743,0.4705950653268388,1.6810866049897242,10.465171688357522
1767867482.9697976,1767867482969806952,Sr02_gA_IMG1_LID0_STA1_CFC64_OH0,0108_1116,A,0.463627427816391,0.00026871846057474613,0.5,0.0,-25.12754379024299,0.5202938245864295,1.6801562290959402,10.428335937348265
1767867483.0892723,1767867483089280790,Sr02_gA_IMG1_LID0_STA1_CFC64_OH0,0108_1116,A,0.4855494797229767,0.10635436326265335,0.5,0.0,-25.132807901201115,0.5699830161899255,1.6720895760013195,10.391779851232304
1767867483.207011,1767867483207019238,Sr02_gA_IMG1_LID0_STA1_CFC64_OH0,0108_1116,A,0.49066513776779175,-0.0120164155960083,0.5,0.0,-25.139917162938854,0.6446448026902546,1.6593952353975479,10.337670436978044
1767867483.3359864,1767867483335994100,Sr02_gA_IMG1_LID0_STA1_CFC64_OH0,0108_1116,A,0.49820461869239807,0.02824714407324791,0.5,0.0,-25.14438678614967,0.6942740554390201,1.6643359591542128,10.302042626715476
1767867483.4617996,1767867483461807796,Sr02_gA_IMG1_LID0_STA1_CFC64_OH0,0108_1116,A,0.49810364842414856,0.028615498915314674,0.5,0.0,-25.151983442571378,0.7688758474058406,1.6802178436854498,10.248038823224245
1767867483.5854723,1767867483585481067,Sr02_gA_IMG1_LID0_STA1_CFC64_OH0,0108_1116,A,0.4927791357040405,-0.009568970650434494,0.5,0.0,-25.157458678759202,0.8185220745990012,1.6805311779168701,10.211925113274809
1767867483.7081842,1767867483708193288,Sr02_gA_IMG1_LID0_STA1_CFC64_OH0,0108_1116,A,0.48175573348999023,0.030636541545391083,0.5,0.0,-25.165678603499437,0.8930079217764605,1.6824838486373281,10.157958330068094
1767867483.8309348,1767867483830943721,Sr02_gA_IMG1_LID0_STA1_CFC64_OH0,0108_1116,A,0.49551647901535034,0.060450341552495956,0.5,0.0,-25.171513085246698,0.942654474294617,1.6927121380229144,10.121861776656862
1767867483.9508884,1767867483950897003,Sr02_gA_IMG1_LID0_STA1_CFC64_OH0,0108_1116,A,0.4952561557292938,0.06279519200325012,0.5,0.0,-25.18061808736777,1.0170361810077433,1.6928007728463232,10.06772124200861
1767867484.0716946,1767867484071703873,Sr02_gA_IMG1_LID0_STA1_CFC64_OH0,0108_1116,A,0.4889087677001953,-0.0029608439654111862,0.5,0.0,-25.186773271463828,1.0666558517919853,1.6956254818461656,10.031689925404885
1767867484.189479,1767867484189487196,Sr02_gA_IMG1_LID0_STA1_CFC64_OH0,0108_1116,A,0.4718429148197174,0.042262282222509384,0.5,0.0,-25.19306950547239,1.116257821652848,1.698487026775537,9.995679888653207
1767867484.308999,1767867484309007452,Sr02_gA_IMG1_LID0_STA1_CFC64_OH0,0108_1116,A,0.4721309244632721,0.04406798630952835,0.5,0.0,-25.20262015497617,1.1906357485412775,1.6982005800799835,9.941824065445616
1767867484.4335098,1767867484433517641,Sr02_gA_IMG1_LID0_STA1_CFC64_OH0,0108_1116,A,0.46964848041534424,0.15869615972042084,0.5,0.0,-25.209049107806415,1.240220688496717,1.7012642190722203,9.906024517371671
1767867484.554563,1767867484554569753,Sr02_gA_IMG1_LID0_STA1_CFC64_OH0,0108_1116,A,0.48338523507118225,0.1271916925907135,0.5,0.0,-25.219122281824905,1.3145408892355341,1.7100804904255125,9.852253275645657
1767867484.6781092,1767867484678116938,Sr02_gA_IMG1_LID0_STA1_CFC64_OH0,0108_1116,A,0.4882188141345978,0.04821961000561714,0.5,0.0,-25.22621941494742,1.3640345470907456,1.7163599992161136,9.816291131698277
1767867484.7933352,1767867484793346879,Sr02_gA_IMG1_LID0_STA1_CFC64_OH0,0108_1116,A,0.4883706867694855,0.04977508261799812,0.5,0.0,-25.237106879446888,1.4382125643977488,1.7174770854852324,9.76242564599714
1767867484.912434,1767867484912442324,Sr02_gA_IMG1_LID0_STA1_CFC64_OH0,0108_1116,A,0.49081772565841675,0.10852325707674026,0.5,0.0,-25.244519189886482,1.4876600477083353,1.7217213617400202,9.726550753781963
1767867485.0311263,1767867485031134410,Sr02_gA_IMG1_LID0_STA1_CFC64_OH0,0108_1116,A,0.4913650155067444,-0.0667443573474884,0.5,0.0,-25.25214571810843,1.5370749412502145,1.7261281527786105,9.690649602222328
1767867485.1561036,1767867485156111799,Sr02_gA_IMG1_LID0_STA1_CFC64_OH0,0108_1116,A,0.508821964263916,0.02920098602771759,0.5,0.0,-25.264361624579813,1.6109887553399864,1.7456635377028848,9.636535930558694
1767867485.2762053,1767867485276218110,Sr02_gA_IMG1_LID0_STA1_CFC64_OH0,0108_1116,A,0.5086075067520142,0.030816400423645973,0.5,0.0,-25.273373383712574,1.6601695866706043,1.7583826928704522,9.59997443776612
1767867485.3927987,1767867485392807843,Sr02_gA_IMG1_LID0_STA1_CFC64_OH0,0108_1116,A,0.504879891872406,-0.0006676577031612396,0.5,0.0,-25.287706912572645,1.7337531954657972,1.7669153666270963,9.544813112398048
1767867485.5123782,1767867485512385818,Sr02_gA_IMG1_LID0_STA1_CFC64_OH0,0108_1116,A,0.47797420620918274,0.01193961314857006,0.5,0.0,-25.297570795548044,1.7827591483202387,1.772254485685423,9.50796939752213
1767867485.6333416,1767867485633349194,Sr02_gA_IMG1_LID0_STA1_CFC64_OH0,0108_1116,A,0.4777926206588745,0.012822078540921211,0.5,0.0,-25.30784070232943,1.8316910801805166,1.783100696060869,9.470960153749065
1767867485.755712,1767867485755719380,Sr02_gA_IMG1_LID0_STA1_CFC64_OH0,0108_1116,A,0.4884399473667145,-0.007763782050460577,0.5,0.0,-25.32360008345363,1.9048291541732434,1.7792212025363756,9.415533514908988
1767867485.8771896,1767867485877200822,Sr02_gA_IMG1_LID0_STA1_CFC64_OH0,0108_1116,A,0.49219265580177307,-0.022933226078748703,0.5,0.0,-25.333995191673655,1.953702114884224,1.781807700621184,9.378756755551949
1767867486.0001688,1767867486000176139,Sr02_gA_IMG1_LID0_STA1_CFC64_OH0,0108_1116,A,0.4971690773963928,0.017387233674526215,0.5,0.0,-25.349865237439943,2.0270037708932453,1.7854695011430206,9.323598858760448
1767867486.120307,1767867486120315792,Sr02_gA_IMG1_LID0_STA1_CFC64_OH0,0108_1116,A,0.4970535635948181,0.017938943579792976,0.5,0.0,-25.360515319681436,2.075856359670464,1.7855288015429664,9.286932529674692
1767867486.2406595,1767867486240670932,Sr02_gA_IMG1_LID0_STA1_CFC64_OH0,0108_1116,A,0.49464839696884155,0.009065020829439163,0.5,0.0,-25.371198782545875,2.124701656345518,1.7867227582191172,9.250367766804596
1767867486.3620327,1767867486362040934,Sr02_gA_IMG1_LID0_STA1_CFC64_OH0,0108_1116,A,0.49986904859542847,0.06638429313898087,0.5,0.0,-25.387335518918327,2.197945110161004,1.7882255395326434,9.195679322555225
1767867486.483993,1767867486484000577,Sr02_gA_IMG1_LID0_STA1_CFC64_OH0,0108_1116,A,0.49986132979393005,0.06743992865085602,0.5,0.0,-25.398102568772945,2.246772051441341,1.7874491638184753,9.159373622752
1767867486.6056073,1767867486605617063,Sr02_gA_IMG1_LID0_STA1_CFC64_OH0,0108_1116,A,0.4911423921585083,0.006440754048526287,0.5,0.0,-25.41411158166749,2.3200357768701356,1.784940326194046,9.105263310059927
1767867486.726739,1767867486726746983,Sr02_gA_IMG1_LID0_STA1_CFC64_OH0,0108_1116,A,0.5013851523399353,0.011096285656094551,0.5,0.0,-25.4247796035338,2.368884444811327,1.786679043912277,9.06935538357608
1767867486.8460512,1767867486846059718,Sr02_gA_IMG1_LID0_STA1_CFC64_OH0,0108_1116,A,0.504514753818512,0.00790964812040329,0.5,0.0,-25.435533890295954,2.417714193210205,1.7884729349140271,9.033519705538458
1767867486.9674423,1767867486967450990,Sr02_gA_IMG1_LID0_STA1_CFC64_OH0,0108_1116,A,0.5045450925827026,0.008694812655448914,0.5,0.0,-25.451791416566945,2.490919551384797,1.7903835013030218,8.979935535774919
1767867487.0931394,1767867487093149649,Sr02_gA_IMG1_LID0_STA1_CFC64_OH0,0108_1116,A,0.47970831394195557,-0.03174072876572609,0.5,0.0,-25.46284464596006,2.5396824121482493,1.7970218965147036,8.944224852438836
1767867487.214285,1767867487214294307,Sr02_gA_IMG1_LID0_STA1_CFC64_OH0,0108_1116,A,0.5012447834014893,0.01139647327363491,0.5,0.0,-25.480028821193923,2.6126751517986264,1.8061216840959464,8.890487734553286
1767867487.3356504,1767867487335658538,Sr02_gA_IMG1_LID0_STA1_CFC64_OH0,0108_1116,A,0.5011613965034485,-0.0034754984080791473,0.5,0.0,-25.49170244740173,2.661293317569668,1.8067657653648752,8.854673654271853
1767867487.4550672,1767867487455075380,Sr02_gA_IMG1_LID0_STA1_CFC64_OH0,0108_1116,A,0.501215398311615,-0.002678624354302883,0.5,0.0,-25.50929635308307,2.7342004677377703,1.8083346053446345,8.801151526621988
1767867487.5746605,1767867487574670216,Sr02_gA_IMG1_LID0_STA1_CFC64_OH0,0108_1116,A,0.49096381664276123,-0.007976973429322243,0.5,0.0,-25.52108112627236,2.782791811337169,1.809133420114601,8.765604793891896
1767867487.6913857,1767867487691394684,Sr02_gA_IMG1_LID0_STA1_CFC64_OH0,0108_1116,A,0.48762887716293335,-0.04245848208665848,0.5,0.0,-25.532906599264688,2.8313732657615653,1.8100028997907462,8.73017006708169
1767867487.810956,1767867487810964294,Sr02_gA_IMG1_LID0_STA1_CFC64_OH0,0108_1116,A,0.4877392649650574,-0.0418066568672657,0.5,0.0,-25.550556157890846,2.904246601599464,1.8064663931853373,8.677362276863274
1767867487.9304206,1767867487930431340,Sr02_gA_IMG1_LID0_STA1_CFC64_OH0,0108_1116,A,0.4963994026184082,-0.03772882744669914,0.5,0.0,-25.562258586731698,2.9528578404295054,1.8076060269046468,8.642379345105402
1767867488.0487554,1767867488048763588,Sr02_gA_IMG1_LID0_STA1_CFC64_OH0,0108_1116,A,0.49512913823127747,0.006537855602800846,0.5,0.0,-25.579845332903275,3.0257667255677085,1.8072493707421915,8.59015898777493
1767867488.168161,1767867488168169108,Sr02_gA_IMG1_LID0_STA1_CFC64_OH0,0108_1116,A,0.49420303106307983,-0.05600306764245033,0.5,0.0,-25.591551614065022,3.0743770397964187,1.806981508697611,8.555547150031218
1767867488.2859704,1767867488285978681,Sr02_gA_IMG1_LID0_STA1_CFC64_OH0,0108_1116,A,0.4941728115081787,-0.05550144612789154,0.5,0.0,-25.603231994915546,3.1229935827989896,1.8061838167136721,8.521107460254372
1767867488.4060986,1767867488406107845,Sr02_gA_IMG1_LID0_STA1_CFC64_OH0,0108_1116,A,0.5098190903663635,0.016398658975958824,0.5,0.0,-25.62053811363212,3.1959694687322187,1.8005112281294458,8.469900209882992
1767867488.5270677,1767867488527076050,Sr02_gA_IMG1_LID0_STA1_CFC64_OH0,0108_1116,A,0.4879443943500519,-0.02931111492216587,0.5,0.0,-25.631821305092448,3.2446796897497077,1.7963305691416522,8.436152360958076
1767867488.6483543,1767867488648362435,Sr02_gA_IMG1_LID0_STA1_CFC64_OH0,0108_1116,A,0.4879767596721649,-0.02891085110604763,0.5,0.0,-25.64290881121142,3.2934348321136535,1.7925169112200001,8.402715796070375
1767867488.7718117,1767867488771820292,Sr02_gA_IMG1_LID0_STA1_CFC64_OH0,0108_1116,A,0.5067702531814575,0.007033538073301315,0.5,0.0,-25.65936809304934,3.3665834090419886,1.7921785725386512,8.353014495742219
1767867488.8938835,1767867488893893259,Sr02_gA_IMG1_LID0_STA1_CFC64_OH0,0108_1116,A,0.4840738773345947,-0.07890419661998749,0.5,0.0,-25.670210159502016,3.415389808179916,1.786591794795637,8.32018644519212
1767867489.011071,1767867489011080188,Sr02_gA_IMG1_LID0_STA1_CFC64_OH0,0108_1116,A,0.49605390429496765,-0.07306952774524689,0.5,0.0,-25.685962740162722,3.488688212622157,1.7793132250903647,8.271675814634522
1767867489.1314173,1767867489131425600,Sr02_gA_IMG1_LID0_STA1_CFC64_OH0,0108_1116,A,0.49615010619163513,-0.0709930881857872,0.5,0.0,-25.69635330033316,3.5375966508615653,1.7809530757291603,8.239634178049206
1767867489.2531936,1767867489253203111,Sr02_gA_IMG1_LID0_STA1_CFC64_OH0,0108_1116,A,0.4982197880744934,-0.06721983104944229,0.5,0.0,-25.711841124374207,3.61096836662201,1.7766448252966278,8.191991876058301
1767867489.3775156,1767867489377522892,Sr02_gA_IMG1_LID0_STA1_CFC64_OH0,0108_1116,A,0.49409496784210205,0.016824038699269295,0.5,0.0,-25.721990249366918,3.6599274638690105,1.773753744908005,8.160595182722908
1767867489.4968052,1767867489496817814,Sr02_gA_IMG1_LID0_STA1_CFC64_OH0,0108_1116,A,0.5113820433616638,-0.0008471310138702393,0.5,0.0,-25.732085815793152,3.708897649890987,1.7744570700603357,8.129427580439971
1767867489.6173985,1767867489617406724,Sr02_gA_IMG1_LID0_STA1_CFC64_OH0,0108_1116,A,0.5112073421478271,-0.0001925583928823471,0.5,0.0,-25.746973588173432,3.7823692830581934,1.7651626319831488,8.083252511573328
1767867489.7395797,1767867489739587915,Sr02_gA_IMG1_LID0_STA1_CFC64_OH0,0108_1116,A,0.5013764500617981,-0.023851484060287476,0.5,0.0,-25.756451509153337,3.831462638735486,1.7578556908136485,8.053062133064135
1767867489.8635557,1767867489863563758,Sr02_gA_IMG1_LID0_STA1_CFC64_OH0,0108_1116,A,0.48567163944244385,-0.05749845877289772,0.5,0.0,-25.77000702791107,3.9052270902749004,1.747282205769902,8.00869087646573
1767867489.987031,1767867489987039399,Sr02_gA_IMG1_LID0_STA1_CFC64_OH0,0108_1116,A,0.4996587336063385,-0.01571391522884369,0.5,0.0,-25.778620079380403,3.95447955835658,1.7405602334354708,7.979715116204779
1767867490.1091955,1767867490109204670,Sr02_gA_IMG1_LID0_STA1_CFC64_OH0,0108_1116,A,0.4997173845767975,-0.014663426205515862,0.5,0.0,-25.791332321237284,4.0283620096010795,1.7419410119115117,7.936830217296035
1767867490.231596,1767867490231609753,Sr02_gA_IMG1_LID0_STA1_CFC64_OH0,0108_1116,A,0.5041490197181702,-0.008708072826266289,0.5,0.0,-25.799845771051096,4.077631887354493,1.7418628445945734,7.908464580703308
1767867490.35254,1767867490352547992,Sr02_gA_IMG1_LID0_STA1_CFC64_OH0,0108_1116,A,0.4918999969959259,-0.017540261149406433,0.5,0.0,-25.808356965953816,4.126902154703383,1.7418435886473396,7.880315984101428
1767867490.4714003,1767867490471408085,Sr02_gA_IMG1_LID0_STA1_CFC64_OH0,0108_1116,A,0.49209752678871155,-0.016245178878307343,0.5,0.0,-25.82100440434185,4.200828028467491,1.737829564220822,7.838602454196248
1767867490.5965235,1767867490596531070,Sr02_gA_IMG1_LID0_STA1_CFC64_OH0,0108_1116,A,0.4766051471233368,0.04221527650952339,0.5,0.0,-25.829175493830835,4.250155770060067,1.7320797297436052,7.811291080202233
1767867490.7160008,1767867490716008847,Sr02_gA_IMG1_LID0_STA1_CFC64_OH0,0108_1116,A,0.5094331502914429,0.04179456830024719,0.5,0.0,-25.841098966213007,4.324193359872512,1.7292957427144429,7.771035728545258
1767867490.8377829,1767867490837793611,Sr02_gA_IMG1_LID0_STA1_CFC64_OH0,0108_1116,A,0.4934060573577881,-0.0027211480773985386,0.5,0.0,-25.84895459440296,4.37357238720915,1.727829402429869,7.744564098460355
1767867490.9593568,1767867490959367227,Sr02_gA_IMG1_LID0_STA1_CFC64_OH0,0108_1116,A,0.4933573007583618,-0.002067401073873043,0.5,0.0,-25.860633382845652,4.447657501747978,1.726258230481495,7.705385035094444
1767867491.078835,1767867491078842830,Sr02_gA_IMG1_LID0_STA1_CFC64_OH0,0108_1116,A,0.5080723762512207,0.06107769161462784,0.5,0.0,-25.868331911099006,4.497061263824404,1.7245171574677092,7.679637406928192
1767867491.196724,1767867491196732926,Sr02_gA_IMG1_LID0_STA1_CFC64_OH0,0108_1116,A,0.4989205002784729,0.05393591523170471,0.5,0.0,-25.875947580227592,4.546477867479784,1.722892641960985,7.65420206307024
1767867491.315039,1767867491315046719,Sr02_gA_IMG1_LID0_STA1_CFC64_OH0,0108_1116,A,0.4968489706516266,0.05817880108952522,0.5,0.0,-25.887450360479214,4.620579169785675,1.7278474933930748,7.616439832321387
1767867491.4341154,1767867491434127698,Sr02_gA_IMG1_LID0_STA1_CFC64_OH0,0108_1116,A,0.4968492388725281,0.058792244642972946,0.5,0.0,-25.89537385484632,4.669947320249465,1.7320269434768998,7.591345534461768
1767867491.5563333,1767867491556341972,Sr02_gA_IMG1_LID0_STA1_CFC64_OH0,0108_1116,A,0.5023374557495117,0.04279981926083565,0.5,0.0,-25.903415215059137,4.719284878708378,1.7322570461443312,7.566398750046764
1767867491.680119,1767867491680127607,Sr02_gA_IMG1_LID0_STA1_CFC64_OH0,0108_1116,A,0.49820441007614136,0.046251267194747925,0.5,0.0,-25.915459436921267,4.793311468244488,1.7319273236126274,7.529455690485466
1767867491.8038898,1767867491803896921,Sr02_gA_IMG1_LID0_STA1_CFC64_OH0,0108_1116,A,0.49840158224105835,0.04808586463332176,0.5,0.0,-25.923616502969477,4.842625040910519,1.7377617520842288,7.505034848629848
1767867491.9263403,1767867491926350366,Sr02_gA_IMG1_LID0_STA1_CFC64_OH0,0108_1116,A,0.5193119049072266,0.005602565594017506,0.5,0.0,-25.936390110502316,4.916529052417027,1.746079821478529,7.468394760452877
1767867492.044443,1767867492044450827,Sr02_gA_IMG1_LID0_STA1_CFC64_OH0,0108_1116,A,0.5003806948661804,0.01320052333176136,0.5,0.0,-25.945252643205787,4.965737264579293,1.7518976918202127,7.443979196003859
1767867492.1643896,1767867492164398230,Sr02_gA_IMG1_LID0_STA1_CFC64_OH0,0108_1116,A,0.4936819076538086,0.11648932844400406,0.5,0.0,-25.959082706239855,5.039450860162613,1.760236753619892,7.407359821794885
1767867492.2879417,1767867492287950104,Sr02_gA_IMG1_LID0_STA1_CFC64_OH0,0108_1116,A,0.4936063885688782,0.1187613382935524,0.5,0.0,-25.96860322997994,5.088536046254852,1.7645167288098353,7.383001187568019
1767867492.4095113,1767867492409521036,Sr02_gA_IMG1_LID0_STA1_CFC64_OH0,0108_1116,A,0.49923327565193176,0.10587999224662781,0.5,0.0,-25.98329714034881,5.1620823958207325,1.7715094413604748,7.34658032069657
1767867492.5288165,1767867492528825947,Sr02_gA_IMG1_LID0_STA1_CFC64_OH0,0108_1116,A,0.5007517337799072,0.07794857770204544,0.5,0.0,-25.99338025961328,5.211044562347772,1.7759300391103834,7.322371744957505
1767867492.6527195,1767867492652727801,Sr02_gA_IMG1_LID0_STA1_CFC64_OH0,0108_1116,A,0.5022433400154114,-0.024976199492812157,0.5,0.0,-26.00357887512784,5.25999339103407,1.7764903058452879,7.298318571715996
1767867492.7765868,1767867492776595601,Sr02_gA_IMG1_LID0_STA1_CFC64_OH0,0108_1116,A,0.5024389028549194,-0.024019744247198105,0.5,0.0,-26.01896236996432,5.33336627293526,1.7793994882547592,7.26266687823864
1767867492.8983934,1767867492898404060,Sr02_gA_IMG1_LID0_STA1_CFC64_OH0,0108_1116,A,0.48601269721984863,0.008808356709778309,0.5,0.0,-26.02958873124318,5.382192788626944,1.7909038396977632,7.238900804226764
1767867493.017023,1767867493017031395,Sr02_gA_IMG1_LID0_STA1_CFC64_OH0,0108_1116,A,0.5129374861717224,0.051248349249362946,0.5,0.0,-26.046611995833903,5.455234287849566,1.8084376720984043,7.202762646081744
1767867493.1370687,1767867493137076942,Sr02_gA_IMG1_LID0_STA1_CFC64_OH0,0108_1116,A,0.5014322400093079,0.016142625361680984,0.5,0.0,-26.058639579006016,5.503765860732182,1.8190256547696317,7.17839172874487
1767867493.2603502,1767867493260360111,Sr02_gA_IMG1_LID0_STA1_CFC64_OH0,0108_1116,A,0.5017596483230591,0.01712915301322937,0.5,0.0,-26.071112749230412,5.552184938027999,1.8268205211638335,7.153884890329197
1767867493.3803408,1767867493380349001,Sr02_gA_IMG1_LID0_STA1_CFC64_OH0,0108_1116,A,0.5117207169532776,0.05719032138586044,0.5,0.0,-26.09015641911786,5.624667231979036,1.8262126781772232,7.1173372053838815
1767867493.5017264,1767867493501735596,Sr02_gA_IMG1_LID0_STA1_CFC64_OH0,0108_1116,A,0.505150556564331,0.04886523261666298,0.5,0.0,-26.10273071877195,5.673060263182131,1.823810707477382,7.093408183384328
1767867493.621026,1767867493621034226,Sr02_gA_IMG1_LID0_STA1_CFC64_OH0,0108_1116,A,0.5052599906921387,0.050293464213609695,0.5,0.0,-26.12153084774814,5.745654247611691,1.825601448196932,7.058085342751397
1767867493.741774,1767867493741784200,Sr02_gA_IMG1_LID0_STA1_CFC64_OH0,0108_1116,A,0.5071553587913513,0.08306144177913666,0.5,0.0,-26.13425761665289,5.794007360844804,1.8307262714394092,7.034703524728156
1767867493.860297,1767867493860306076,Sr02_gA_IMG1_LID0_STA1_CFC64_OH0,0108_1116,A,0.5049434304237366,0.025762224569916725,0.5,0.0,-26.153621409328768,5.866464520973484,1.8331674179705852,6.999902348891389
1767867493.976383,1767867493976392663,Sr02_gA_IMG1_LID0_STA1_CFC64_OH0,0108_1116,A,0.5026342868804932,0.004630998708307743,0.5,0.0,-26.166631320758185,5.914742272331902,1.8348803304118004,6.976960176184246
1767867494.0954483,1767867494095458414,Sr02_gA_IMG1_LID0_STA1_CFC64_OH0,0108_1116,A,0.5028808116912842,0.006240646820515394,0.5,0.0,-26.179816603970696,5.962962793908485,1.840566402506535,6.954141661776327
1767867494.214211,1767867494214218590,Sr02_gA_IMG1_LID0_STA1_CFC64_OH0,0108_1116,A,0.5246123671531677,0.061055030673742294,0.5,0.0,-26.200080944154216,6.035173112577105,1.8480912468609862,6.919995914714542
1767867494.3328435,1767867494332851936,Sr02_gA_IMG1_LID0_STA1_CFC64_OH0,0108_1116,A,0.49905940890312195,0.053219620138406754,0.5,0.0,-26.213889561128365,6.083228460975179,1.853120584971735,6.897313286253388
1767867494.4527078,1767867494452720450,Sr02_gA_IMG1_LID0_STA1_CFC64_OH0,0108_1116,A,0.49917173385620117,0.05471319705247879,0.5,0.0,-26.228003332172985,6.131194981427501,1.8610990112507324,6.874635335888831
1767867494.5698,1767867494569808133,Sr02_gA_IMG1_LID0_STA1_CFC64_OH0,0108_1116,A,0.498813271522522,0.1308077722787857,0.5,0.0,-26.249693616836712,6.202977974822219,1.8660707813919306,6.8406791441596315
1767867494.6866608,1767867494686669300,Sr02_gA_IMG1_LID0_STA1_CFC64_OH0,0108_1116,A,0.5051894783973694,-0.000504316296428442,0.5,0.0,-26.264254813916295,6.250810716514354,1.8665338850072177,6.818309999390148
1767867494.812247,1767867494812255158,Sr02_gA_IMG1_LID0_STA1_CFC64_OH0,0108_1116,A,0.501118004322052,0.08657995611429214,0.5,0.0,-26.278841278378902,6.298635758673358,1.8671418509820994,6.796211350007511
1767867494.9301324,1767867494930140415,Sr02_gA_IMG1_LID0_STA1_CFC64_OH0,0108_1116,A,0.5011523365974426,0.08943641930818558,0.5,0.0,-26.300952626677134,6.370290413355106,1.8744816405920077,6.763404230992199
1767867495.0487535,1767867495048761879,Sr02_gA_IMG1_LID0_STA1_CFC64_OH0,0108_1116,A,0.5065150856971741,-0.008378874510526657,0.5,0.0,-26.316031461069006,6.4179624443003,1.8798035998970157,6.741586792070403
1767867495.1695278,1767867495169535919,Sr02_gA_IMG1_LID0_STA1_CFC64_OH0,0108_1116,A,0.500385582447052,0.333711177110672,0.5,0.5,-26.33912494262302,6.489284734189146,1.8889535287513362,6.708979581638688
1767867495.289627,1767867495289635178,Sr02_gA_IMG1_LID0_STA1_CFC64_OH0,0108_1116,A,0.5006757378578186,0.33848443627357483,0.5,0.5,-26.355075935989888,6.5366717553874665,1.9020342657250278,6.6870891167812925
1767867495.4142797,1767867495414287196,Sr02_gA_IMG1_LID0_STA1_CFC64_OH0,0108_1116,A,0.4829467833042145,0.11249741911888123,0.5,0.0,-26.371385770669416,6.583844733213559,1.9038954641284582,6.665170774926505
1767867495.5394986,1767867495539507345,Sr02_gA_IMG1_LID0_STA1_CFC64_OH0,0108_1116,A,0.5017802119255066,0.26826226711273193,0.5,0.5,-26.39619880872975,6.654581864042955,1.91442567195959,6.632517895860821
1767867495.6640315,1767867495664039607,Sr02_gA_IMG1_LID0_STA1_CFC64_OH0,0108_1116,A,0.4877548813819885,0.2046372890472412,0.5,0.5,-26.41325442430578,6.701582810767902,1.9233692986538258,6.610636905395394
1767867495.7797468,1767867495779754735,Sr02_gA_IMG1_LID0_STA1_CFC64_OH0,0108_1116,A,0.4877804219722748,0.20656374096870422,0.5,0.5,-26.439208641437354,6.771865165461571,1.9250323307454957,6.5780422362638875
1767867495.9000351,1767867495900042819,Sr02_gA_IMG1_LID0_STA1_CFC64_OH0,0108_1116,A,0.50069260597229,0.4711650311946869,0.5,0.5,-26.456646660726673,6.817942516445432,1.9441078766074438,6.556628889661096
1767867496.0194566,1767867496019464652,Sr02_gA_IMG1_LID0_STA1_CFC64_OH0,0108_1116,A,0.48773613572120667,0.47464150190353394,0.5,0.5,-26.48566980311988,6.886923780782319,1.9930768015383573,6.522226388685318
1767867496.141044,1767867496141052145,Sr02_gA_IMG1_LID0_STA1_CFC64_OH0,0108_1116,A,0.5066554546356201,0.2669190466403961,0.5,0.5,-26.506435669025826,6.932169849271256,2.007095166472468,6.498305118123735
1767867496.2685444,1767867496268553172,Sr02_gA_IMG1_LID0_STA1_CFC64_OH0,0108_1116,A,0.5067493915557861,0.2735394835472107,0.5,0.5,-26.527952564407812,6.977095717669223,2.0300998943447426,6.473948102576312
1767867496.3937304,1767867496393740329,Sr02_gA_IMG1_LID0_STA1_CFC64_OH0,0108_1116,A,0.5013350248336792,0.4016701877117157,0.5,0.5,-26.56230992623517,7.04374384283761,2.062245588116433,6.435920774061183
1767867496.51304,1767867496513047926,Sr02_gA_IMG1_LID0_STA1_CFC64_OH0,0108_1116,A,0.5042269825935364,0.33585041761398315,0.5,0.5,-26.58635872822423,7.0875795120818665,2.082901928017733,6.409814715450437
1767867496.6352262,1767867496635234198,Sr02_gA_IMG1_LID0_STA1_CFC64_OH0,0108_1116,A,0.4974519610404968,0.47200432419776917,0.5,0.5,-26.62437156385809,7.151554247343613,2.1385577882380273,6.369313354580751
1767867496.761968,1767867496761975794,Sr02_gA_IMG1_LID0_STA1_CFC64_OH0,0108_1116,A,0.4982582628726959,0.47558122873306274,0.5,0.5,-26.65224901566545,7.19305578915725,2.1860218870812846,6.340151397265785
1767867496.8824394,1767867496882448637,Sr02_gA_IMG1_LID0_STA1_CFC64_OH0,0108_1116,A,0.49826255440711975,0.3999929130077362,0.5,0.5,-26.696832002587612,7.253126558566549,2.229795859180329,6.294173698980637
1767867497.0051234,1767867497005132237,Sr02_gA_IMG1_LID0_STA1_CFC64_OH0,0108_1116,A,0.5008240342140198,0.36818310618400574,0.5,0.5,-26.72798511148171,7.292233176698196,2.257149762402895,6.262411520082716
1767867497.129806,1767867497129814352,Sr02_gA_IMG1_LID0_STA1_CFC64_OH0,0108_1116,A,0.4981837868690491,0.3633120059967041,0.5,0.5,-26.777025051019557,7.348792285379148,2.313218471199974,6.212914997471021
1767867497.2478428,1767867497247851655,Sr02_gA_IMG1_LID0_STA1_CFC64_OH0,0108_1116,A,0.4985891878604889,0.3590795397758484,0.5,0.5,-26.811431630352377,7.385048348327254,2.347213486936532,6.178484114340442
1767867497.370138,1767867497370145871,Sr02_gA_IMG1_LID0_STA1_CFC64_OH0,0108_1116,A,0.5147451758384705,0.3068816065788269,0.5,0.5,-26.865681845507087,7.436632467230091,2.4167205507430887,6.124568760988959
1767867497.4899476,1767867497489956135,Sr02_gA_IMG1_LID0_STA1_CFC64_OH0,0108_1116,A,0.5020343661308289,0.47580766677856445,0.5,0.5,-26.903883932837694,7.468883561850214,2.463522764496891,6.086801557035176
1767867497.6094618,1767867497609473408,Sr02_gA_IMG1_LID0_STA1_CFC64_OH0,0108_1116,A,0.4978926181793213,0.47366097569465637,0.5,0.5,-26.943439989045174,7.499461082203582,2.5035220338085966,6.047822354492589
1767867497.7324781,1767867497732486268,Sr02_gA_IMG1_LID0_STA1_CFC64_OH0,0108_1116,A,0.49852684140205383,0.3569905757904053,0.5,0.5,-27.00489926993696,7.542429950999866,2.559018834430466,5.98745252097791
1767867497.8603914,1767867497860400975,Sr02_gA_IMG1_LID0_STA1_CFC64_OH0,0108_1116,A,0.5029797554016113,0.2612172067165375,0.5,0.5,-27.047142207832753,7.569174274648618,2.595349984087295,5.946057819651781
1767867497.989456,1767867497989464456,Sr02_gA_IMG1_LID0_STA1_CFC64_OH0,0108_1116,A,0.49838584661483765,0.5243117213249207,0.5,0.5,-27.112245444792038,7.606392905815212,2.64821023911316,5.882362265440974
1767867498.1099026,1767867498109912964,Sr02_gA_IMG1_LID0_STA1_CFC64_OH0,0108_1116,A,0.49372172355651855,0.5149480700492859,0.5,0.5,-27.15663865276972,7.629393917479719,2.6788983560529416,5.838977110153613
1767867498.2358208,1767867498235828834,Sr02_gA_IMG1_LID0_STA1_CFC64_OH0,0108_1116,A,0.5043329000473022,0.0881747379899025,0.5,0.0,-27.224586924558043,7.660600028006936,2.7460941538767774,5.772576991611112
1767867498.356837,1767867498356845622,Sr02_gA_IMG1_LID0_STA1_CFC64_OH0,0108_1116,A,0.49399349093437195,0.038947924971580505,0.5,0.0,-27.271149518522495,7.678759766297435,2.7926677504914164,5.7270203073847545
1767867498.4783397,1767867498478347826,Sr02_gA_IMG1_LID0_STA1_CFC64_OH0,0108_1116,A,0.5040186643600464,0.13855811953544617,0.5,0.0,-27.342217249486172,7.702490624766456,2.8438919409047227,5.657396945295117
1767867498.6029353,1767867498602943278,Sr02_gA_IMG1_LID0_STA1_CFC64_OH0,0108_1116,A,0.5047490000724792,0.13702695071697235,0.5,0.0,-27.39020402391451,7.716530815924984,2.8700136263254477,5.610340227934364
1767867498.7228947,1767867498722903144,Sr02_gA_IMG1_LID0_STA1_CFC64_OH0,0108_1116,A,0.4965499937534332,0.22431275248527527,0.5,0.5,-27.462478560627023,7.734324798295269,2.9366028373176514,5.539342923356222
1767867498.8399603,1767867498839969028,Sr02_gA_IMG1_LID0_STA1_CFC64_OH0,0108_1116,A,0.47266992926597595,0.3949469029903412,0.5,0.5,-27.511654528030967,7.743237440808949,2.987233638252159,5.490870579971908
1767867498.9650512,1767867498965059292,Sr02_gA_IMG1_LID0_STA1_CFC64_OH0,0108_1116,A,0.5091314911842346,0.12083981931209564,0.5,0.0,-27.560376514895484,7.750026394569447,3.0143876452696183,5.442730058325773
1767867499.0835612,1767867499083568826,Sr02_gA_IMG1_LID0_STA1_CFC64_OH0,0108_1116,A,0.5091495513916016,0.11864807456731796,0.5,0.0,-27.63450216493049,7.759171350630115,3.022815443779882,5.36943994705659
1767867499.2045372,1767867499204544778,Sr02_gA_IMG1_LID0_STA1_CFC64_OH0,0108_1116,A,0.5025527477264404,0.3015463650226593,0.5,0.5,-27.684158421636912,7.764754448701807,3.036545796027748,5.320324945090623
1767867499.3261907,1767867499326198817,Sr02_gA_IMG1_LID0_STA1_CFC64_OH0,0108_1116,A,0.491740882396698,0.15066643059253693,0.5,0.0,-27.75878839588529,7.771843598347634,3.058024012959912,5.246439177796706
1767867499.4468164,1767867499446826142,Sr02_gA_IMG1_LID0_STA1_CFC64_OH0,0108_1116,A,0.49106907844543457,0.15015187859535217,0.5,0.0,-27.808619913002566,7.775458442223411,3.080688630398557,5.197034643882362
1767867499.5694802,1767867499569490525,Sr02_gA_IMG1_LID0_STA1_CFC64_OH0,0108_1116,A,0.5013611316680908,0.09261354058980942,0.5,0.0,-27.858348386273796,7.777639862005397,3.1168678504678686,5.147630194928086
1767867499.6892967,1767867499689305369,Sr02_gA_IMG1_LID0_STA1_CFC64_OH0,0108_1116,A,0.5047798156738281,0.031831879168748856,0.5,0.0,-27.932972971567608,7.7779790506740705,-3.134058358157919,5.073269314038777
1767867499.8102324,1767867499810239662,Sr02_gA_IMG1_LID0_STA1_CFC64_OH0,0108_1116,A,0.5133309960365295,0.08002649247646332,0.5,0.0,-27.982968141367834,7.777305740522638,-3.1221935696047862,5.023382300862566
1767867499.9277103,1767867499927718253,Sr02_gA_IMG1_LID0_STA1_CFC64_OH0,0108_1116,A,0.512930154800415,0.0801260694861412,0.5,0.0,-28.05761599725359,7.774626742778271,-3.0856563533433228,4.9487634128017675
1767867500.0467749,1767867500046783915,Sr02_gA_IMG1_LID0_STA1_CFC64_OH0,0108_1116,A,0.503359317779541,0.012010624632239342,0.5,0.0,-28.107443326893154,7.7714342619625265,-3.0700447450426376,4.898841769854037
1767867500.168106,1767867500168114455,Sr02_gA_IMG1_LID0_STA1_CFC64_OH0,0108_1116,A,0.5027021765708923,0.042839497327804565,0.5,0.0,-28.157286692508638,7.767485640821271,-3.055029581347165,4.848842434642713
1767867500.2887087,1767867500288715731,Sr02_gA_IMG1_LID0_STA1_CFC64_OH0,0108_1116,A,0.50410395860672,0.04415241628885269,0.5,0.0,-28.231926978117688,7.760396079960402,-3.040234458248174,4.773872507182447
1767867500.4199398,1767867500419948010,Sr02_gA_IMG1_LID0_STA1_CFC64_OH0,0108_1116,A,0.4932915270328522,0.0412198081612587,0.5,0.0,-28.281662220998612,7.755257679983601,-3.037051251258611,4.723884006483043
1767867500.5474935,1767867500547501767,Sr02_gA_IMG1_LID0_STA1_CFC64_OH0,0108_1116,A,0.5178940892219543,0.06232326850295067,0.5,0.0,-28.35619758674875,7.747027469556458,-3.0256424223115763,4.6489267059115456
1767867500.6699522,1767867500669960152,Sr02_gA_IMG1_LID0_STA1_CFC64_OH0,0108_1116,A,0.5082308053970337,0.03083844482898712,0.5,0.0,-28.405838142735785,7.741044033545319,-3.017629828474122,4.5989652857116035
1767867500.7918973,1767867500791906302,Sr02_gA_IMG1_LID0_STA1_CFC64_OH0,0108_1116,A,0.5082631707191467,0.009423752315342426,0.5,0.0,-28.480231836608862,7.73167698686033,-3.0145949866738486,4.52406042260234
1767867500.9172733,1767867500917282626,Sr02_gA_IMG1_LID0_STA1_CFC64_OH0,0108_1116,A,0.5085886120796204,0.009578549303114414,0.5,0.0,-28.529815444202615,7.72523791003452,-3.0102979160136742,4.474122026072373
1767867501.0387192,1767867501038729295,Sr02_gA_IMG1_LID0_STA1_CFC64_OH0,0108_1116,A,0.507272481918335,0.007598106283694506,0.5,0.0,-28.604136963627568,7.715173579126256,-3.0037630405867155,4.399239029544027
1767867501.1660557,1767867501166064902,Sr02_gA_IMG1_LID0_STA1_CFC64_OH0,0108_1116,A,0.5106402039527893,0.01657983846962452,0.5,0.0,-28.653648488245214,7.708201845291634,-2.9996410664639828,4.349334986787599
1767867501.2877696,1767867501287778183,Sr02_gA_IMG1_LID0_STA1_CFC64_OH0,0108_1116,A,0.5117354393005371,0.01646145060658455,0.5,0.0,-28.727844500553335,7.697251315824126,-2.9912371272201588,4.274516552918863
1767867501.413811,1767867501413818829,Sr02_gA_IMG1_LID0_STA1_CFC64_OH0,0108_1116,A,0.5302545428276062,0.011348113417625427,0.5,0.0,-28.77726884692272,7.689686148233057,-2.988367422011796,4.224660739719011
1767867501.537457,1767867501537465083,Sr02_gA_IMG1_LID0_STA1_CFC64_OH0,0108_1116,A,0.49870842695236206,0.00562917347997427,0.5,0.0,-28.851382018896505,7.67818675317585,-2.986949213128057,4.149895583492797
1767867501.6609306,1767867501660939463,Sr02_gA_IMG1_LID0_STA1_CFC64_OH0,0108_1116,A,0.4941413998603821,-0.004500946495682001,0.5,0.0,-28.90078165316256,7.6704617529573484,-2.986011163071219,4.100061745093144
1767867501.781907,1767867501781923370,Sr02_gA_IMG1_LID0_STA1_CFC64_OH0,0108_1116,A,0.4943959414958954,-0.004134255461394787,0.5,0.0,-28.97486881382507,7.658795942652906,-2.984602003770459,4.025325375839351
1767867501.907374,1767867501907382470,Sr02_gA_IMG1_LID0_STA1_CFC64_OH0,0108_1116,A,0.4905115067958832,-0.011794282123446465,0.5,0.0,-29.024247420879284,7.650937681024135,-2.982945206594912,3.975513741141859
1767867502.0312195,1767867502031227439,Sr02_gA_IMG1_LID0_STA1_CFC64_OH0,0108_1116,A,0.49581530690193176,-1.5456462278962135e-05,0.5,0.0,-29.098291179956934,7.638999571256021,-2.9806805222811064,3.900819066364926
1767867502.1518843,1767867502151892104,Sr02_gA_IMG1_LID0_STA1_CFC64_OH0,0108_1116,A,0.49697741866111755,0.0011889708694070578,0.5,0.0,-29.14764072153192,7.630960779786698,-2.9796028989199903,3.851036741949547
1767867502.2776966,1767867502277705542,Sr02_gA_IMG1_LID0_STA1_CFC64_OH0,0108_1116,A,0.49707725644111633,0.0015172854764387012,0.5,0.0,-29.196983862335923,7.62288278049589,-2.979039981274298,3.801263920843541
1767867502.4050908,1767867502405098577,Sr02_gA_IMG1_LID0_STA1_CFC64_OH0,0108_1116,A,0.4922008514404297,-0.016173291951417923,0.5,0.0,-29.27099806048564,7.610762650220458,-2.9796064798088895,3.726616403875554
1767867502.5260692,1767867502526077825,Sr02_gA_IMG1_LID0_STA1_CFC64_OH0,0108_1116,A,0.49138957262039185,0.0016890526749193668,0.5,0.0,-29.320345168001513,7.6027089164774875,-2.980019904700614,3.676856722152131
1767867502.6453116,1767867502645320120,Sr02_gA_IMG1_LID0_STA1_CFC64_OH0,0108_1116,A,0.515064001083374,0.018265748396515846,0.5,0.0,-29.394377883063306,7.590702456832709,-2.9814768703093284,3.60222216588981
1767867502.7648988,1767867502764907536,Sr02_gA_IMG1_LID0_STA1_CFC64_OH0,0108_1116,A,0.5152285695075989,0.018651919439435005,0.5,0.0,-29.443738327618433,7.582730870018362,-2.9814784166516946,3.552471003655448
1767867502.898765,1767867502898773278,Sr02_gA_IMG1_LID0_STA1_CFC64_OH0,0108_1116,A,0.49660903215408325,0.005843074060976505,0.5,0.0,-29.517777931804492,7.5707669123354515,-2.981293506184976,3.4778583255118107
1767867503.025987,1767867503025994439,Sr02_gA_IMG1_LID0_STA1_CFC64_OH0,0108_1116,A,0.5131686925888062,-0.0027292142622172832,0.5,0.0,-29.56713630201737,7.562782491998167,-2.981141777904935,3.4281268223282435
1767867503.1496892,1767867503149697200,Sr02_gA_IMG1_LID0_STA1_CFC64_OH0,0108_1116,A,0.5053533315658569,0.005604599602520466,0.5,0.0,-29.64118677642731,7.550886092976752,-2.983031898103896,3.353535938820162
1767867503.271969,1767867503271977370,Sr02_gA_IMG1_LID0_STA1_CFC64_OH0,0108_1116,A,0.5056496858596802,0.005893676541745663,0.5,0.0,-29.690558818737472,7.542986655660451,-2.9826972358744857,3.3038155597383065
1767867503.397725,1767867503397733270,Sr02_gA_IMG1_LID0_STA1_CFC64_OH0,0108_1116,A,0.5162464380264282,-0.00390628632158041,0.5,0.0,-29.7645976391578,7.531017996072177,-2.979941935105091,3.229264480392092
1767867503.5209482,1767867503520956046,Sr02_gA_IMG1_LID0_STA1_CFC64_OH0,0108_1116,A,0.4783097803592682,-0.007213274482637644,0.5,0.0,-29.81393824992204,7.5229245982997845,-2.978076746213576,3.179588612793666
1767867503.6398659,1767867503639874200,Sr02_gA_IMG1_LID0_STA1_CFC64_OH0,0108_1116,A,0.5117161870002747,-0.024488914757966995,0.5,0.0,-29.88793277820099,7.51068495778786,-2.9774574385477233,3.1051062148590174
1767867503.763005,1767867503763014020,Sr02_gA_IMG1_LID0_STA1_CFC64_OH0,0108_1116,A,0.5120396018028259,-0.024393226951360703,0.5,0.0,-29.937261890808365,7.502521728227539,-2.9777303593859745,3.055465774041559
1767867503.8827705,1767867503882778740,Sr02_gA_IMG1_LID0_STA1_CFC64_OH0,0108_1116,A,0.511579692363739,-0.0031092227436602116,0.5,0.0,-30.011252068089536,7.490255815383199,-2.9768810051200716,2.9810302934747424
1767867504.001331,1767867504001340202,Sr02_gA_IMG1_LID0_STA1_CFC64_OH0,0108_1116,A,0.49076908826828003,-0.0628349557518959,0.5,0.0,-30.060572970313064,7.482043128830637,-2.9763896324918697,2.931427165168736
1767867504.1252816,1767867504125292764,Sr02_gA_IMG1_LID0_STA1_CFC64_OH0,0108_1116,A,0.49052560329437256,-0.024980390444397926,0.5,0.0,-30.109893821326953,7.4738301326391685,-2.976780258397303,2.881837793725903
1767867504.2488084,1767867504248817389,Sr02_gA_IMG1_LID0_STA1_CFC64_OH0,0108_1116,A,0.4908692240715027,-0.02452992834150791,0.5,0.0,-30.183883458873655,7.461560973737481,-2.9779688521957737,2.80747431276658
1767867504.369498,1767867504369507143,Sr02_gA_IMG1_LID0_STA1_CFC64_OH0,0108_1116,A,0.5196343660354614,0.016316797584295273,0.5,0.0,-30.233225552420592,7.453476653250345,-2.9804177359857613,2.7579049880186144
1767867504.4885447,1767867504488553208,Sr02_gA_IMG1_LID0_STA1_CFC64_OH0,0108_1116,A,0.4628344476222992,-0.016365647315979004,0.5,0.0,-30.307275034702716,7.441574230160942,-2.9836520066297947,2.6835505066148886
1767867504.6072416,1767867504607249465,Sr02_gA_IMG1_LID0_STA1_CFC64_OH0,0108_1116,A,0.512073814868927,0.02163229137659073,0.5,0.0,-30.356653917477352,7.433717666101972,-2.983962929658083,2.633990490345195
1767867504.731269,1767867504731278180,Sr02_gA_IMG1_LID0_STA1_CFC64_OH0,0108_1116,A,0.5121192336082458,0.021644722670316696,0.5,0.0,-30.4060455344464,7.426015318361874,-2.9900242203530376,2.584437964307146
1767867504.8543394,1767867504854347307,Sr02_gA_IMG1_LID0_STA1_CFC64_OH0,0108_1116,A,0.5101271867752075,0.0004784234333783388,0.5,0.0,-30.48021383626905,7.414882788881181,-2.994526775178086,2.5100680415129735
1767867504.9757085,1767867504975716380,Sr02_gA_IMG1_LID0_STA1_CFC64_OH0,0108_1116,A,0.4801999628543854,-0.030155891552567482,0.5,0.0,-30.52968303436178,7.407616643461408,-2.9969797640961495,2.4604879563338256
1767867505.093882,1767867505093890112,Sr02_gA_IMG1_LID0_STA1_CFC64_OH0,0108_1116,A,0.48043471574783325,-0.029489504173398018,0.5,0.0,-30.60388355338337,7.396753400336724,-2.9956245847897636,2.3861543496752016
1767867505.2172396,1767867505217246550,Sr02_gA_IMG1_LID0_STA1_CFC64_OH0,0108_1116,A,0.507537841796875,-0.04744645953178406,0.5,0.0,-30.653357757290028,7.389521369316363,-2.997261144906088,2.33661485889644
1767867505.3369215,1767867505336929787,Sr02_gA_IMG1_LID0_STA1_CFC64_OH0,0108_1116,A,0.5016961693763733,0.013114726170897484,0.5,0.0,-30.727556895258054,7.378615079570066,-2.994028692713474,2.2623555865500817
1767867505.459976,1767867505459984457,Sr02_gA_IMG1_LID0_STA1_CFC64_OH0,0108_1116,A,0.5023348927497864,-0.029468877241015434,0.5,0.0,-30.777005506559956,7.371210111837985,-2.9918642239867976,2.212894496179581
1767867505.5810342,1767867505581041843,Sr02_gA_IMG1_LID0_STA1_CFC64_OH0,0108_1116,A,0.5022640824317932,-0.029237927868962288,0.5,0.0,-30.82644590610133,7.363750448609026,-2.9918163655252967,2.1634665775815805
1767867505.7026522,1767867505702662150,Sr02_gA_IMG1_LID0_STA1_CFC64_OH0,0108_1116,A,0.48477205634117126,0.009601591154932976,0.5,0.0,-30.900624983182837,7.352684506001674,-2.995720369625816,2.0893561750729703
1767867505.8223867,1767867505822394479,Sr02_gA_IMG1_LID0_STA1_CFC64_OH0,0108_1116,A,0.49801012873649597,-0.029229329898953438,0.5,0.0,-30.95010459902388,7.345489682364661,-2.998669315361888,2.039956167718489
1767867505.9447157,1767867505944724483,Sr02_gA_IMG1_LID0_STA1_CFC64_OH0,0108_1116,A,0.4680059850215912,0.026520974934101105,0.5,0.0,-31.024363774255967,7.335055380606154,-3.0046113675886676,1.965866696726749
1767867506.065806,1767867506065814341,Sr02_gA_IMG1_LID0_STA1_CFC64_OH0,0108_1116,A,0.468600332736969,0.027030380442738533,0.5,0.0,-31.073890916006864,7.328195238457141,-3.003299904028806,1.9164894021379981
1767867506.188176,1767867506188184621,Sr02_gA_IMG1_LID0_STA1_CFC64_OH0,0108_1116,A,0.5029029250144958,0.09939911961555481,0.5,0.0,-31.148185786138363,7.31801872441548,-3.007667207349339,1.8424790005201312
1767867506.313028,1767867506313036918,Sr02_gA_IMG1_LID0_STA1_CFC64_OH0,0108_1116,A,0.5221769213676453,0.04461478814482689,0.5,0.0,-31.197743205076204,7.311414561568561,-3.0102185111760145,1.7931503922293526
1767867506.4384286,1767867506438437078,Sr02_gA_IMG1_LID0_STA1_CFC64_OH0,0108_1116,A,0.522804319858551,0.04487864300608635,0.5,0.0,-31.247309190907426,7.304840937978163,-3.0092583627824188,1.7438500483797108
1767867506.5585124,1767867506558520700,Sr02_gA_IMG1_LID0_STA1_CFC64_OH0,0108_1116,A,0.5253751873970032,0.01733737252652645,0.5,0.0,-31.32165435640551,7.295079790384978,-3.0128502547651346,1.6699768260793026
1767867506.67485,1767867506674860937,Sr02_gA_IMG1_LID0_STA1_CFC64_OH0,0108_1116,A,0.5363385081291199,-0.05570881441235542,0.5,0.0,-31.371231989475135,7.288594693197139,-3.010198183044914,1.6207693401428704
1767867506.797709,1767867506797717163,Sr02_gA_IMG1_LID0_STA1_CFC64_OH0,0108_1116,A,0.5302956700325012,-0.024592135101556778,0.5,0.0,-31.445533174592413,7.278618134727923,-3.0051543530333653,1.5471334095105398
1767867506.913809,1767867506913817267,Sr02_gA_IMG1_LID0_STA1_CFC64_OH0,0108_1116,A,0.531101405620575,-0.024823632091283798,0.5,0.0,-31.49503389226424,7.27157129266268,-2.9952144724671204,1.4981757719444333
1767867507.0315335,1767867507031542855,Sr02_gA_IMG1_LID0_STA1_CFC64_OH0,0108_1116,A,0.5117655396461487,-0.12661656737327576,0.5,0.0,-31.544470383662222,7.2641631430039,-2.9906101970505943,1.4493799595587677
1767867507.1536753,1767867507153683953,Sr02_gA_IMG1_LID0_STA1_CFC64_OH0,0108_1116,A,0.5304718017578125,-0.0576227642595768,0.5,0.0,-31.618578715550367,7.252633476336904,-2.9838863274446368,1.3764288511991483
1767867507.2748585,1767867507274867898,Sr02_gA_IMG1_LID0_STA1_CFC64_OH0,0108_1116,A,0.5301311612129211,-0.05750150978565216,0.5,0.0,-31.66795138581424,7.244738003755061,-2.9821525719530784,1.327974206316768
1767867507.3977637,1767867507397775151,Sr02_gA_IMG1_LID0_STA1_CFC64_OH0,0108_1116,A,0.49618807435035706,0.05766261741518974,0.5,0.0,-31.74200418913596,7.233063780573585,-2.989035283800388,1.2555070500182586
1767867507.5187366,1767867507518744752,Sr02_gA_IMG1_LID0_STA1_CFC64_OH0,0108_1116,A,0.48485904932022095,-0.007158809807151556,0.5,0.0,-31.791432762975052,7.225526240447887,-2.9914944999175233,1.2072760403869305
1767867507.639815,1767867507639822316,Sr02_gA_IMG1_LID0_STA1_CFC64_OH0,0108_1116,A,0.4972143769264221,0.03897536173462868,0.5,0.0,-31.865549135682098,7.214469791777045,-2.9970947117493827,1.1352083016875698
1767867507.7619963,1767867507762003981,Sr02_gA_IMG1_LID0_STA1_CFC64_OH0,0108_1116,A,0.4978947043418884,0.03911334648728371,0.5,0.0,-31.915060900069836,7.207583921089725,-3.009343301284608,1.087205867718195
1767867507.8828523,1767867507882860930,Sr02_gA_IMG1_LID0_STA1_CFC64_OH0,0108_1116,A,0.5348740816116333,0.03205182030797005,0.5,0.0,-31.964638458330867,7.20113495471881,-3.0151223438623234,1.0392542256075752
1767867508.0008693,1767867508000878498,Sr02_gA_IMG1_LID0_STA1_CFC64_OH0,0108_1116,A,0.4407128393650055,0.058018170297145844,0.5,0.0,-32.039068097150825,7.191996359741695,-3.0233560809210904,0.9675533170991445
1767867508.124052,1767867508124061710,Sr02_gA_IMG1_LID0_STA1_CFC64_OH0,0108_1116,A,0.16667971014976501,0.024283939972519875,0.0,0.0,-32.088650873446035,7.185994110244799,-3.0183027995997103,0.9200620514597628
1767867508.2396266,1767867508239635073,Sr02_gA_IMG1_LID0_STA1_CFC64_OH0,0108_1116,A,0.16821293532848358,0.024372020736336708,0.0,0.0,-32.16305233280744,7.176745488311137,-3.017621636073921,0.8493825645465032
1767867508.3563733,1767867508356381596,Sr02_gA_IMG1_LID0_STA1_CFC64_OH0,0108_1116,A,0.21146640181541443,0.010205095633864403,0.5,0.0,-32.212656426936014,7.170466128547143,-3.0137241102919794,0.8027213229031795
1767867508.4818017,1767867508481809368,Sr02_gA_IMG1_LID0_STA1_CFC64_OH0,0108_1116,A,0.4555278420448303,0.007984546013176441,0.5,0.0,-32.26223562553955,7.163993141519309,-3.0098127821461382,0.7565637400038762
1767867508.6048796,1767867508604887122,Sr02_gA_IMG1_LID0_STA1_CFC64_OH0,0108_1116,A,0.4561135470867157,0.008154096081852913,0.5,0.0,-32.336559950435216,7.153949102955806,-3.0046041325296367,0.6884821947243157
1767867508.732333,1767867508732341353,Sr02_gA_IMG1_LID0_STA1_CFC64_OH0,0108_1116,A,0.20352329313755035,-0.014758685603737831,0.5,0.0,-32.36632662941616,7.149792764522778,-2.999830389657563,0.6616801651673286
1767867508.8542955,1767867508854304206,Sr02_gA_IMG1_LID0_STA1_CFC64_OH0,0108_1116,A,0.02584269642829895,-0.0020660897716879845,0.0,0.0,-32.36634215498112,7.149790546999146,-2.996202900881166,0.6616662754532125
1767867508.9772356,1767867508977244791,Sr02_gA_IMG1_LID0_STA1_CFC64_OH0,0108_1116,A,0.005734373815357685,-0.007646293845027685,0.0,0.0,-32.366360485920715,7.149787819964245,-2.9938115030595154,0.6616499124540162
1767867509.0977259,1767867509097733987,Sr02_gA_IMG1_LID0_STA1_CFC64_OH0,0108_1116,A,0.005788027308881283,-0.007632833439856768,0.0,0.0,-32.36665835339486,7.149743279004677,-2.9926740950354604,0.6613841153164207
1767867509.2282772,1767867509228287379,Sr02_gA_IMG1_LID0_STA1_CFC64_OH0,0108_1116,A,0.013516616076231003,-0.0005723221693187952,0.0,0.0,-32.36686738328858,7.1497118385487894,-2.9919236649056753,0.661197670532063
1767867509.3559518,1767867509355960272,Sr02_gA_IMG1_LID0_STA1_CFC64_OH0,0108_1116,A,0.015193535946309566,-0.007299988064914942,0.0,0.0,-32.36720398298847,7.149660858967123,-2.990595398231879,0.6608975887256657
1767867509.480322,1767867509480330231,Sr02_gA_IMG1_LID0_STA1_CFC64_OH0,0108_1116,A,0.0050850436091423035,-0.006841636728495359,0.0,0.0,-32.367410172903405,7.1496293894158445,-2.9896868682229747,0.6607138686233746
1767867509.6001656,1767867509600173630,Sr02_gA_IMG1_LID0_STA1_CFC64_OH0,0108_1116,A,0.004942702129483223,-0.006794029381126165,0.0,0.0,-32.367410140433,7.149629394380156,-2.990219951496936,0.6607138975512473
1767867509.7224383,1767867509722446928,Sr02_gA_IMG1_LID0_STA1_CFC64_OH0,0108_1116,A,0.012893962673842907,-0.005334803368896246,0.0,0.0,-32.367410116040716,7.149629398091404,-2.9909842888359486,0.6607139192883685
1767867509.8429136,1767867509842929562,Sr02_gA_IMG1_LID0_STA1_CFC64_OH0,0108_1116,A,0.013340312987565994,0.009028684347867966,0.0,0.0,-32.36741008111612,7.149629403372895,-2.991846765821051,0.6607139504221355
1767867509.9630113,1767867509963019746,Sr02_gA_IMG1_LID0_STA1_CFC64_OH0,0108_1116,A,0.06919099390506744,-0.025609884411096573,0.0,0.0,-32.367410060908504,7.149629406421045,-2.991971251289079,0.6607139684389507
1767867510.0919495,1767867510091958274,Sr02_gA_IMG1_LID0_STA1_CFC64_OH0,0108_1116,A,0.06916186958551407,-0.025568844750523567,0.0,0.0,-32.36741003682998,7.149629410041836,-2.992701226220042,0.6607139899107843
1767867510.2143953,1767867510214403286,Sr02_gA_IMG1_LID0_STA1_CFC64_OH0,0108_1116,A,0.01127025205641985,-0.010482488200068474,0.0,0.0,-32.36741000107913,7.149629415385626,-2.9937310701569326,0.6607140218021232
1767867510.335263,1767867510335270945,Sr02_gA_IMG1_LID0_STA1_CFC64_OH0,0108_1116,A,0.014742140658199787,-0.005198096390813589,0.0,0.0,-32.36740997732153,7.14962941891604,-2.9944104510061336,0.6607140430018942
1767867510.4528568,1767867510452865938,Sr02_gA_IMG1_LID0_STA1_CFC64_OH0,0108_1116,A,0.06059340015053749,-0.001405359711498022,0.0,0.0,-32.36740994429691,7.149629423799096,-2.99493797864739,0.6607140724791591
1767867510.5714614,1767867510571469881,Sr02_gA_IMG1_LID0_STA1_CFC64_OH0,0108_1116,A,0.060649555176496506,-0.0014188792556524277,0.0,0.0,-32.36740992966199,7.1496294259676345,-2.9940351185408756,0.6607140855405206
1767867510.690121,1767867510690130872,Sr02_gA_IMG1_LID0_STA1_CFC64_OH0,0108_1116,A,0.15119707584381104,-0.015404699370265007,0.0,0.0,-32.36739919888294,7.149631019694332,-2.996557457751038,0.6607236613206832
1767867510.8138585,1767867510813867308,Sr02_gA_IMG1_LID0_STA1_CFC64_OH0,0108_1116,A,0.10237610340118408,0.001390989637002349,0.0,0.0,-32.367399146663026,7.149631027219596,-3.0003935609246954,0.6607237079972742
1767867510.9407794,1767867510940789677,Sr02_gA_IMG1_LID0_STA1_CFC64_OH0,0108_1116,A,0.04698047414422035,-0.0005322839133441448,0.0,0.0,-32.367399120624334,7.149631030907098,-3.0014417981095285,0.6607237312936084
1767867511.0664377,1767867511066445640,Sr02_gA_IMG1_LID0_STA1_CFC64_OH0,0108_1116,A,0.04722021147608757,-0.0004386361688375473,0.0,0.0,-32.3673990861358,7.1496310357557835,-3.0022892477960146,0.6607237621617459
1767867511.1932325,1767867511193244416,Sr02_gA_IMG1_LID0_STA1_CFC64_OH0,0108_1116,A,0.0756625384092331,0.0032861046493053436,0.0,0.0,-32.36739906567989,7.149631038622473,-3.002429765474605,0.6607237804733899
1767867511.3163078,1767867511316315608,Sr02_gA_IMG1_LID0_STA1_CFC64_OH0,0108_1116,A,0.08851733058691025,0.003239885438233614,0.0,0.0,-32.36739903324043,7.149631043160804,-3.003062131538514,0.6607238095150177
1767867511.4405844,1767867511440592783,Sr02_gA_IMG1_LID0_STA1_CFC64_OH0,0108_1116,A,0.058115292340517044,0.0008734443690627813,0.0,0.0,-32.3673990069018,7.149631046812594,-3.0046025774405827,0.660723833105913
1767867511.566236,1767867511566244087,Sr02_gA_IMG1_LID0_STA1_CFC64_OH0,0108_1116,A,0.05810032784938812,0.0008222493343055248,0.0,0.0,-32.36739898407522,7.149631049961544,-3.004451640369564,0.6607238535564722
1767867511.6866562,1767867511686665245,Sr02_gA_IMG1_LID0_STA1_CFC64_OH0,0108_1116,A,0.05581500381231308,-0.0010458859615027905,0.0,0.0,-32.367398970053735,7.149631051896237,-3.0045048523259092,0.6607238661183253
1767867511.8072193,1767867511807228651,Sr02_gA_IMG1_LID0_STA1_CFC64_OH0,0108_1116,A,0.06259390711784363,-0.0016894685104489326,0.0,0.0,-32.3673989520662,7.149631054377267,-3.0044588917886568,0.6607238822336592
1767867511.9260945,1767867511926107473,Sr02_gA_IMG1_LID0_STA1_CFC64_OH0,0108_1116,A,0.0627060979604721,-0.0017225784249603748,0.0,0.0,-32.36739894323847,7.1496310555969425,-3.004130289868309,0.660723890141884
1767867512.0451145,1767867512045124555,Sr02_gA_IMG1_LID0_STA1_CFC64_OH0,0108_1116,A,0.06058711186051369,-0.0006101178005337715,0.0,0.0,-32.36739893150688,7.14963105722263,-3.0037153116177064,0.6607239006498894
1767867512.1666658,1767867512166673609,Sr02_gA_IMG1_LID0_STA1_CFC64_OH0,0108_1116,A,0.06573248654603958,0.0002875039353966713,0.0,0.0,-32.36739892370236,7.149631058305909,-3.003627975533229,0.6607239076398089
1767867512.2876925,1767867512287700599,Sr02_gA_IMG1_LID0_STA1_CFC64_OH0,0108_1116,A,0.08181575685739517,0.015065610408782959,0.0,0.0,-32.36739891666323,7.14963105928356,-3.0035457592238552,0.6607239139440292
1767867512.4084034,1767867512408412074,Sr02_gA_IMG1_LID0_STA1_CFC64_OH0,0108_1116,A,0.08179207891225815,0.015062665566802025,0.0,0.0,-32.36739890606417,7.14963106075562,-3.003671697038421,0.6607239234365118
1767867512.538806,1767867512538813399,Sr02_gA_IMG1_LID0_STA1_CFC64_OH0,0108_1116,A,0.16663281619548798,-0.00433881301432848,0.0,0.0,-32.36739889927233,7.1496310616977645,-3.003840629776953,0.6607239295196424
1767867512.6631477,1767867512663156138,Sr02_gA_IMG1_LID0_STA1_CFC64_OH0,0108_1116,A,0.08927243202924728,0.0012842214200645685,0.0,0.0,-32.36739889025033,7.149631062947368,-3.0040652919490958,0.6607239376008668
1767867512.789698,1767867512789706025,Sr02_gA_IMG1_LID0_STA1_CFC64_OH0,0108_1116,A,0.05527053773403168,-0.000529994023963809,0.0,0.0,-32.36739888536298,7.14963106362363,-3.0041262906863504,0.6607239419788042
1767867512.910019,1767867512910027686,Sr02_gA_IMG1_LID0_STA1_CFC64_OH0,0108_1116,A,0.05533427372574806,-0.0005641619209200144,0.0,0.0,-32.36739888059784,7.149631064282922,-3.0036398493996628,0.6607239462472934
1767867513.0324078,1767867513032415721,Sr02_gA_IMG1_LID0_STA1_CFC64_OH0,0108_1116,A,0.08145157247781754,0.011145111173391342,0.0,0.0,-32.3673988805969,7.149631064283056,-3.002133332003691,0.6607239462481324
1767867513.155753,1767867513155761060,Sr02_gA_IMG1_LID0_STA1_CFC64_OH0,0108_1116,A,0.16119801998138428,-0.012101305648684502,0.0,0.0,-32.36739887976538,7.149631064401239,-3.0004559749550834,0.6607239469919346
1767867513.278286,1767867513278295230,Sr02_gA_IMG1_LID0_STA1_CFC64_OH0,0108_1116,A,0.08332544565200806,-0.0011200127191841602,0.0,0.0,-32.36739887593158,7.149631064945157,-3.000833617589049,0.6607239504216372
1767867513.4024634,1767867513402471375,Sr02_gA_IMG1_LID0_STA1_CFC64_OH0,0108_1116,A,0.0831770971417427,-0.0011595063842833042,0.0,0.0,-32.367398875249975,7.14963106504178,-3.0007052077322998,0.6607239510314217
1767867513.5214677,1767867513521475944,Sr02_gA_IMG1_LID0_STA1_CFC64_OH0,0108_1116,A,0.05943450331687927,0.0009258815553039312,0.0,0.0,-32.36739887318807,7.149631065334197,-3.000748749695056,0.6607239528760278
1767867513.642762,1767867513642771921,Sr02_gA_IMG1_LID0_STA1_CFC64_OH0,0108_1116,A,0.08232013136148453,5.522696301341057e-05,0.0,0.0,-32.36739887177263,7.149631065534841,-3.000805154097336,0.6607239541423342
1767867513.764832,1767867513764839782,Sr02_gA_IMG1_LID0_STA1_CFC64_OH0,0108_1116,A,0.08281546831130981,-0.007519283797591925,0.0,0.0,-32.36739887062015,7.14963106569939,-2.9997154127234733,0.6607239551729869
1767867513.886593,1767867513886600746,Sr02_gA_IMG1_LID0_STA1_CFC64_OH0,0108_1116,A,0.08273424953222275,-0.007417262066155672,0.0,0.0,-32.36739886331597,7.149631066738179,-3.000925525720546,0.6607239617064281
1767867514.0033083,1767867514003315560,Sr02_gA_IMG1_LID0_STA1_CFC64_OH0,0108_1116,A,0.08987177908420563,-0.0023535843938589096,0.0,0.0,-32.36739886113297,7.149631067046974,-3.0012041206466695,0.6607239636596368
