t_unix,t_ros_ns,run_folder,run_id,goal_id,v_pred_lin,w_pred_ang,v_cmd_lin,w_cmd_ang,x,y,yaw,dist_to_goal
1769384217.5768087,1769384217576816729,Sr02_gA_IMG1_LID0_STA1_CFC64_OH0,0126_0036,A,-0.026405204087495804,-0.006222425494343042,0.0,0.0,1.4006021637112351e-15,-2.5467519425938657e-24,-7.060442446451728e-12,33.80335215951223
1769384217.6969576,1769384217696965347,Sr02_gA_IMG1_LID0_STA1_CFC64_OH0,0126_0036,A,-0.026405204087495804,-0.006222425494343042,0.0,0.0,1.4006021637112351e-15,-2.5467519425938657e-24,-7.060442446451728e-12,33.80335215951223
1769384217.8161469,1769384217816153656,Sr02_gA_IMG1_LID0_STA1_CFC64_OH0,0126_0036,A,0.04424898326396942,0.00539384875446558,0.0,0.0,1.322919999261846e-15,-2.5462034721414154e-24,-7.060442504198128e-12,33.80335215951223
1769384217.9323916,1769384217932399197,Sr02_gA_IMG1_LID0_STA1_CFC64_OH0,0126_0036,A,-0.009634423069655895,-0.0066582257859408855,0.0,0.0,1.2070997789846448e-15,-2.545385730134839e-24,-7.060442523356007e-12,33.80335215951223
1769384218.0523999,1769384218052408412,Sr02_gA_IMG1_LID0_STA1_CFC64_OH0,0126_0036,A,-0.0857740193605423,0.001912647276185453,0.0,0.0,1.1299147456116569e-15,-2.544840769643257e-24,-7.0604425353454635e-12,33.80335215951223
1769384218.17619,1769384218176196169,Sr02_gA_IMG1_LID0_STA1_CFC64_OH0,0126_0036,A,-0.01871468499302864,0.0018985961796715856,0.0,0.0,1.0142594157191044e-15,-2.544024191824966e-24,-7.060442729796567e-12,33.80335215951223
1769384218.29373,1769384218293737971,Sr02_gA_IMG1_LID0_STA1_CFC64_OH0,0126_0036,A,-0.06697589159011841,-0.0019989791326224804,0.0,0.0,-2.231645767237993e-09,9.724910411895428e-13,-0.0005600009238255538,33.803352157334075
1769384218.412922,1769384218412928962,Sr02_gA_IMG1_LID0_STA1_CFC64_OH0,0126_0036,A,-0.0968051329255104,-0.012196745723485947,0.0,0.0,-7.822904748303694e-09,5.841952315511547e-12,-0.0011822278944498173,33.8033521518763
1769384218.530411,1769384218530418887,Sr02_gA_IMG1_LID0_STA1_CFC64_OH0,0126_0036,A,-0.10752797871828079,-0.01429683342576027,0.0,0.0,-1.0143980473179362e-08,8.882374402573976e-12,-0.000958329067836091,33.80335214961042
1769384218.6556501,1769384218655659302,Sr02_gA_IMG1_LID0_STA1_CFC64_OH0,0126_0036,A,-0.1427292376756668,0.0016349671641364694,0.0,0.0,-1.1332375926025153e-08,1.073322381345083e-11,-0.0016241357651155728,33.803352148450216
1769384218.781019,1769384218781028249,Sr02_gA_IMG1_LID0_STA1_CFC64_OH0,0126_0036,A,-0.14275889098644257,0.0016578593058511615,0.0,0.0,-1.3225472283630474e-08,1.4005414279384129e-11,-0.0015943802601785047,33.80335214660196
1769384218.9091985,1769384218909205680,Sr02_gA_IMG1_LID0_STA1_CFC64_OH0,0126_0036,A,-0.24096736311912537,-0.03257640451192856,-0.5,0.0,-1.3225487751735577e-08,1.4005437568497301e-11,-0.0014043916098892702,33.803352146601945
1769384219.0282366,1769384219028244704,Sr02_gA_IMG1_LID0_STA1_CFC64_OH0,0126_0036,A,-0.39787304401397705,-0.02409609965980053,-0.5,0.0,-1.3226853258230452e-08,1.4007610132210669e-11,-0.0017672166671598762,33.803352146600616
1769384219.15056,1769384219150568208,Sr02_gA_IMG1_LID0_STA1_CFC64_OH0,0126_0036,A,-0.39335501194000244,-0.014995723962783813,-0.5,0.0,-2.3130601717358297e-08,3.82462531261624e-11,-0.0030078691389347763,33.8033521369299
1769384219.2769558,1769384219276963288,Sr02_gA_IMG1_LID0_STA1_CFC64_OH0,0126_0036,A,-0.3935639262199402,-0.015336107462644577,-0.5,0.0,-3.577480958106401e-08,8.531420836338047e-11,-0.004437530954576926,33.8033521245797
1769384219.4040296,1769384219404039531,Sr02_gA_IMG1_LID0_STA1_CFC64_OH0,0126_0036,A,-0.38826456665992737,0.015433989465236664,-0.5,0.0,-3.857955055562185e-08,9.819918471647624e-11,-0.004510944357098411,33.80335212183965
1769384219.5209455,1769384219520955722,Sr02_gA_IMG1_LID0_STA1_CFC64_OH0,0126_0036,A,-0.4133354723453522,-0.0015089372172951698,-0.5,0.0,-0.00020153763748106417,8.607578629865159e-07,-0.004263426657861756,33.80315528405803
1769384219.6463776,1769384219646385601,Sr02_gA_IMG1_LID0_STA1_CFC64_OH0,0126_0036,A,-0.5970258116722107,0.34917280077934265,-0.5,0.5,-0.011736202739058895,4.9123765398246726e-05,-0.00414507826424243,33.79188776110342
1769384219.7733238,1769384219773332250,Sr02_gA_IMG1_LID0_STA1_CFC64_OH0,0126_0036,A,-0.5967868566513062,0.34928014874458313,-0.5,0.5,-0.04057568015395005,0.00016760651444316113,-0.004086059455045998,33.76371747132909
1769384219.9010303,1769384219901039082,Sr02_gA_IMG1_LID0_STA1_CFC64_OH0,0126_0036,A,-0.5512527227401733,-0.036136217415332794,-0.5,0.0,-0.11104363302891938,0.0004770464775632607,-0.005227069164025023,33.69488505282228
1769384220.027755,1769384220027763421,Sr02_gA_IMG1_LID0_STA1_CFC64_OH0,0126_0036,A,-0.4168548285961151,-0.1092272400856018,-0.5,0.0,-0.16104272777495512,0.0007765765911215624,-0.006757272580096039,33.64603300785655
1769384220.1531067,1769384220153115622,Sr02_gA_IMG1_LID0_STA1_CFC64_OH0,0126_0036,A,-0.517339825630188,-0.05977754667401314,-0.5,0.0,-0.23604104495116573,0.0012769790353421417,-0.005842423249881901,33.57275037597565
1769384220.2780945,1769384220278101973,Sr02_gA_IMG1_LID0_STA1_CFC64_OH0,0126_0036,A,-0.5171880125999451,-0.05959772691130638,-0.5,0.0,-0.2860401662085881,0.0015728706250520386,-0.005993313105314009,33.523907560707606
1769384220.4019754,1769384220401984985,Sr02_gA_IMG1_LID0_STA1_CFC64_OH0,0126_0036,A,-0.45563727617263794,-0.2831788957118988,-0.5,-0.5,-0.3601612703246591,0.0014785690662401385,0.01735731525283447,33.45162431933841
1769384220.5288422,1769384220528849817,Sr02_gA_IMG1_LID0_STA1_CFC64_OH0,0126_0036,A,-0.4788351356983185,-0.2780495584011078,-0.5,-0.5,-0.41003277336778166,-0.00024429660864064696,0.05194078342191431,33.403360089130686
1769384220.6475961,1769384220647603640,Sr02_gA_IMG1_LID0_STA1_CFC64_OH0,0126_0036,A,-0.4249557554721832,-0.16088338196277618,-0.5,-0.5,-0.4842624113261184,-0.0049626217826059275,0.06528654620564006,33.33200826302949
1769384220.7708354,1769384220770845813,Sr02_gA_IMG1_LID0_STA1_CFC64_OH0,0126_0036,A,-0.42394784092903137,-0.16368301212787628,-0.5,-0.5,-0.5341509798850341,-0.007956826952833375,0.054493149671068934,33.284022054314484
1769384220.896158,1769384220896166294,Sr02_gA_IMG1_LID0_STA1_CFC64_OH0,0126_0036,A,-0.4155970811843872,-0.21333028376102448,-0.5,-0.5,-0.609049401473542,-0.011631406095718666,0.04445976753569625,33.2118082690275
1769384221.0149724,1769384221014979970,Sr02_gA_IMG1_LID0_STA1_CFC64_OH0,0126_0036,A,-0.48432186245918274,-0.41562578082084656,-0.5,-0.5,-0.6590063160263477,-0.013704802570022977,0.0385000073155088,33.16356477184665
1769384221.1359673,1769384221135973402,Sr02_gA_IMG1_LID0_STA1_CFC64_OH0,0126_0036,A,-0.48174920678138733,-0.3935953974723816,-0.5,-0.5,-0.7335743439694652,-0.015917295291740293,0.013691082344813444,33.09136699123856
1769384221.264669,1769384221264675665,Sr02_gA_IMG1_LID0_STA1_CFC64_OH0,0126_0036,A,-0.48873475193977356,-0.40373989939689636,-0.5,-0.5,-0.7835727292719558,-0.015906727347722978,-0.014113814153931994,33.042629808462905
1769384221.3900285,1769384221390039145,Sr02_gA_IMG1_LID0_STA1_CFC64_OH0,0126_0036,A,-0.4956800639629364,-0.4276605248451233,-0.5,-0.5,-0.8584876060725902,-0.013715181583595902,-0.04167752047164287,32.96912430888602
1769384221.5091238,1769384221509131314,Sr02_gA_IMG1_LID0_STA1_CFC64_OH0,0126_0036,A,-0.48650339245796204,-0.4542831778526306,-0.5,-0.5,-0.9084249038013008,-0.011223159879897361,-0.05804578494119885,32.91989883922665
1769384221.6259391,1769384221625947382,Sr02_gA_IMG1_LID0_STA1_CFC64_OH0,0126_0036,A,-0.4869426190853119,-0.4574047327041626,-0.5,-0.5,-0.9831957888468071,-0.005689012242855889,-0.09016038485812426,32.845793194736494
1769384221.750617,1769384221750624808,Sr02_gA_IMG1_LID0_STA1_CFC64_OH0,0126_0036,A,-0.45329102873802185,-0.4636710584163666,-0.5,-0.5,-1.0325887067878858,-0.0004056371626984086,-0.1258778613080303,32.796476037068125
1769384221.8709617,1769384221870969488,Sr02_gA_IMG1_LID0_STA1_CFC64_OH0,0126_0036,A,-0.5032510757446289,-0.42752254009246826,-0.5,-0.5,-1.082053853040444,0.006865712809887389,-0.1656779520761281,32.74664245956627
1769384221.9958215,1769384221995829519,Sr02_gA_IMG1_LID0_STA1_CFC64_OH0,0126_0036,A,-0.46843963861465454,-0.4586365520954132,-0.5,-0.5,-1.155610012419061,0.02145255736478486,-0.2260359366110461,32.67169013908571
1769384222.1160748,1769384222116081321,Sr02_gA_IMG1_LID0_STA1_CFC64_OH0,0126_0036,A,-0.4817614257335663,-0.4693199396133423,-0.5,-0.5,-1.2040837040243968,0.03369673822387845,-0.2688019040285155,32.62170449604727
1769384222.243908,1769384222243915976,Sr02_gA_IMG1_LID0_STA1_CFC64_OH0,0126_0036,A,-0.4892529547214508,-0.5272026658058167,-0.5,-0.5,-1.2756769812176525,0.0559962843383139,-0.33591056663104973,32.54693048592987
1769384222.3656921,1769384222365699586,Sr02_gA_IMG1_LID0_STA1_CFC64_OH0,0126_0036,A,-0.45506536960601807,-0.3718358278274536,-0.5,-0.5,-1.322489179469365,0.07355139782184493,-0.3816509687413781,32.49737102716792
1769384222.488178,1769384222488186942,Sr02_gA_IMG1_LID0_STA1_CFC64_OH0,0126_0036,A,-0.45919474959373474,-0.34518134593963623,-0.5,-0.5,-1.39106944369319,0.10387437059808748,-0.4510761912464984,32.423736072125074
1769384222.6087034,1769384222608710987,Sr02_gA_IMG1_LID0_STA1_CFC64_OH0,0126_0036,A,-0.4606928527355194,-0.3542325794696808,-0.5,-0.5,-1.435588800633248,0.12662620239559486,-0.4938283989406299,32.37525221323625
1769384222.727648,1769384222727657800,Sr02_gA_IMG1_LID0_STA1_CFC64_OH0,0126_0036,A,-0.5406907796859741,-0.5711549520492554,-0.5,-0.5,-1.500353143940779,0.16441980111640195,-0.5628374182142177,32.30368091547665
1769384222.8481557,1769384222848162719,Sr02_gA_IMG1_LID0_STA1_CFC64_OH0,0126_0036,A,-0.4122750759124756,-0.5338183641433716,-0.5,-0.5,-1.541998902286926,0.19208153874924086,-0.6097693405105823,32.25691847524376
1769384222.9695168,1769384222969525034,Sr02_gA_IMG1_LID0_STA1_CFC64_OH0,0126_0036,A,-0.5402334332466125,-0.40309733152389526,-0.5,-0.5,-1.5822385259321305,0.2217251010909684,-0.6611003020394081,32.21109685674795
1769384223.08917,1769384223089177936,Sr02_gA_IMG1_LID0_STA1_CFC64_OH0,0126_0036,A,-0.5350658893585205,-0.4084574282169342,-0.5,-0.5,-1.6399176317951694,0.2695903764881021,-0.7209576755779014,32.144250394426464
1769384223.2068293,1769384223206837299,Sr02_gA_IMG1_LID0_STA1_CFC64_OH0,0126_0036,A,-0.5325161218643188,-0.47578996419906616,-0.5,-0.5,-1.6768992849770359,0.30323720154465483,-0.7554757604803657,32.10075853179824
1769384223.3296685,1769384223329676566,Sr02_gA_IMG1_LID0_STA1_CFC64_OH0,0126_0036,A,-0.6217073798179626,-0.623000979423523,-0.5,-0.5,-1.7126899012976915,0.33814813071709654,-0.7906274074239602,32.058170308893416
1769384223.4481976,1769384223448205639,Sr02_gA_IMG1_LID0_STA1_CFC64_OH0,0126_0036,A,-0.6079067587852478,-0.6148657202720642,-0.5,-0.5,-1.763476461675356,0.39286305947769956,-0.8615698592417417,31.99664541468223
1769384223.5689201,1769384223568926874,Sr02_gA_IMG1_LID0_STA1_CFC64_OH0,0126_0036,A,-0.5864123702049255,-0.38770121335983276,-0.5,-0.5,-1.7949847110777166,0.43167836156855566,-0.9156983775996466,31.95744533843354
1769384223.6927893,1769384223692797415,Sr02_gA_IMG1_LID0_STA1_CFC64_OH0,0126_0036,A,-0.5576099157333374,-0.5300745964050293,-0.5,-0.5,-1.8384877504544934,0.4927239649552636,-0.9831216081158344,31.90176393274534
1769384223.814617,1769384223814624063,Sr02_gA_IMG1_LID0_STA1_CFC64_OH0,0126_0036,A,-0.38516485691070557,-0.4335739016532898,-0.5,-0.5,-1.865351700171412,0.5348900697138645,-1.0239672784924096,31.866460002317567
1769384223.9336371,1769384223933645745,Sr02_gA_IMG1_LID0_STA1_CFC64_OH0,0126_0036,A,-0.35126715898513794,-0.4219112694263458,-0.5,-0.5,-1.9021401378044438,0.6001674838520402,-1.0938806106380083,31.816573360243662
1769384224.0608907,1769384224060898761,Sr02_gA_IMG1_LID0_STA1_CFC64_OH0,0126_0036,A,-0.4519658088684082,-0.26914182305336,-0.5,-0.5,-1.9237013187685812,0.6451527514908071,-1.1547815818011167,31.78595707055984
1769384224.1805394,1769384224180546901,Sr02_gA_IMG1_LID0_STA1_CFC64_OH0,0126_0036,A,-0.3590862452983856,-0.35511186718940735,-0.5,-0.5,-1.942485312561676,0.6914817195502618,-1.2163494379693118,31.757822015155245
1769384224.3068867,1769384224306896462,Sr02_gA_IMG1_LID0_STA1_CFC64_OH0,0126_0036,A,-0.18398310244083405,-0.20743094384670258,0.0,-0.5,-1.9656408784065968,0.7627213340354985,-1.288749030278248,31.720266749139203
1769384224.4332843,1769384224433292000,Sr02_gA_IMG1_LID0_STA1_CFC64_OH0,0126_0036,A,-0.07392962276935577,-0.1930234432220459,0.0,-0.5,-1.9783621113929113,0.8109502670991994,-1.3388874206468855,31.69780823234615
1769384224.551563,1769384224551570879,Sr02_gA_IMG1_LID0_STA1_CFC64_OH0,0126_0036,A,0.020042896270751953,-0.3179732859134674,0.0,-0.5,-1.9930208301506045,0.8844809514920577,-1.4066158512185822,31.668323999711593
1769384224.6745257,1769384224674533337,Sr02_gA_IMG1_LID0_STA1_CFC64_OH0,0126_0036,A,0.2986748516559601,-0.31821292638778687,0.5,-0.5,-2.000150161379914,0.9339663185725997,-1.448806910322356,31.651244605746875
1769384224.7929466,1769384224792953161,Sr02_gA_IMG1_LID0_STA1_CFC64_OH0,0126_0036,A,0.3580038547515869,-0.3245369493961334,0.5,-0.5,-2.0075617987014316,1.0085359626360713,-1.4921576690194247,31.628902945710927
1769384224.9170878,1769384224917094971,Sr02_gA_IMG1_LID0_STA1_CFC64_OH0,0126_0036,A,0.3935215473175049,-0.4668518900871277,0.5,-0.5,-2.0106407629764282,1.0583830071283715,-1.5267568278299144,31.6158962976981
1769384225.0400999,1769384225040107292,Sr02_gA_IMG1_LID0_STA1_CFC64_OH0,0126_0036,A,0.4477221667766571,-0.41189661622047424,0.5,-0.5,-2.0119388393779403,1.1177825637440997,-1.5741590638092482,31.602817226120692
1769384225.162981,1769384225162988834,Sr02_gA_IMG1_LID0_STA1_CFC64_OH0,0126_0036,A,0.4448048174381256,-0.24753019213676453,0.5,-0.5,-2.0117196962255472,1.1339205065380298,-1.5983954608567983,31.599842768071202
1769384225.2856238,1769384225285631557,Sr02_gA_IMG1_LID0_STA1_CFC64_OH0,0126_0036,A,0.45194002985954285,-0.2622302770614624,0.5,-0.5,-2.0116461007332607,1.136080391834503,-1.6237653883694894,31.599488669306712
1769384225.4102633,1769384225410271393,Sr02_gA_IMG1_LID0_STA1_CFC64_OH0,0126_0036,A,0.4216681122779846,-0.302925705909729,0.5,-0.5,-2.012689183466719,1.1239327723196737,-1.6667506134658894,31.600865310028293
1769384225.5322843,1769384225532292023,Sr02_gA_IMG1_LID0_STA1_CFC64_OH0,0126_0036,A,0.44157037138938904,-0.27975618839263916,0.5,-0.5,-2.015840351733855,1.0950019119926988,-1.6889049492811694,31.603508955567545
1769384225.655211,1769384225655218440,Sr02_gA_IMG1_LID0_STA1_CFC64_OH0,0126_0036,A,0.428943008184433,-0.33946672081947327,0.5,-0.5,-2.024805016407873,1.0295954606931799,-1.7290545769416217,31.607780484635917
1769384225.775956,1769384225775963786,Sr02_gA_IMG1_LID0_STA1_CFC64_OH0,0126_0036,A,0.4480007588863373,-0.3586103320121765,0.5,-0.5,-2.03360590831504,0.9807589614551852,-1.7694612617476164,31.60899559428928
1769384225.8937838,1769384225893790931,Sr02_gA_IMG1_LID0_STA1_CFC64_OH0,0126_0036,A,0.5114182233810425,-0.4378121495246887,0.5,-0.5,-2.049994816969614,0.9076921192188668,-1.8105265874872636,31.60780558925681
1769384226.0137382,1769384226013744554,Sr02_gA_IMG1_LID0_STA1_CFC64_OH0,0126_0036,A,0.5170964002609253,-0.5041846632957458,0.5,-0.5,-2.062502275926018,0.8592832370703479,-1.8367495691717832,31.605500906282565
1769384226.1402974,1769384226140305410,Sr02_gA_IMG1_LID0_STA1_CFC64_OH0,0126_0036,A,0.47641658782958984,-0.4945407211780548,0.5,-0.5,-2.0763313663814267,0.8112503225287028,-1.8661722782330854,31.60190426946557
1769384226.263311,1769384226263318137,Sr02_gA_IMG1_LID0_STA1_CFC64_OH0,0126_0036,A,0.48320814967155457,-0.4961257874965668,0.5,-0.5,-2.0996934895196375,0.7399875809141231,-1.9085990453817094,31.59393154032398
1769384226.3899937,1769384226390003287,Sr02_gA_IMG1_LID0_STA1_CFC64_OH0,0126_0036,A,0.49380895495414734,-0.4771648049354553,0.5,-0.5,-2.1170181108860784,0.6931095993397052,-1.941695211022732,31.586870562474044
1769384226.510389,1769384226510396607,Sr02_gA_IMG1_LID0_STA1_CFC64_OH0,0126_0036,A,0.5079647898674011,-0.48852378129959106,0.5,-0.5,-2.1460175638140266,0.6239687292471957,-1.9951321430463025,31.573230181944194
1769384226.6363044,1769384226636313679,Sr02_gA_IMG1_LID0_STA1_CFC64_OH0,0126_0036,A,0.5298698544502258,-0.5033148527145386,0.5,-0.5,-2.1675775936300385,0.5788895690201672,-2.038783383887906,31.561838999984253
1769384226.7633264,1769384226763333810,Sr02_gA_IMG1_LID0_STA1_CFC64_OH0,0126_0036,A,0.5354083776473999,-0.4977692663669586,0.5,-0.5,-2.2037986033824697,0.5132653089471686,-2.112799554292689,31.540671138271986
1769384226.8847938,1769384226884808448,Sr02_gA_IMG1_LID0_STA1_CFC64_OH0,0126_0036,A,0.4758922755718231,-0.4695538282394409,0.5,-0.5,-2.2306435448567914,0.4710890280217123,-2.1623500221882557,31.523673787911996
1769384227.0049808,1769384227004989969,Sr02_gA_IMG1_LID0_STA1_CFC64_OH0,0126_0036,A,0.5072494149208069,-0.35354486107826233,0.5,-0.5,-2.2747429253814535,0.4104453891347824,-2.2365633552627857,31.493992867374708
1769384227.12722,1769384227127227012,Sr02_gA_IMG1_LID0_STA1_CFC64_OH0,0126_0036,A,0.5013294816017151,-0.44445958733558655,0.5,-0.5,-2.3065523105271906,0.3718748264392438,-2.2842797955387133,31.471526471769412
1769384227.2486725,1769384227248679967,Sr02_gA_IMG1_LID0_STA1_CFC64_OH0,0126_0036,A,0.49756553769111633,-0.42722034454345703,0.5,-0.5,-2.3576589004826944,0.31700584980445,-2.3573311018177856,31.433969508459796
1769384227.3685734,1769384227368580296,Sr02_gA_IMG1_LID0_STA1_CFC64_OH0,0126_0036,A,0.5034154057502747,-0.42176294326782227,0.5,-0.5,-2.393923170186998,0.28259109301575824,-2.4075146170126374,31.406380827705203
1769384227.4902809,1769384227490288442,Sr02_gA_IMG1_LID0_STA1_CFC64_OH0,0126_0036,A,0.5303230285644531,-0.5961502194404602,0.5,-0.5,-2.4318654563975093,0.25003550925806006,-2.457346953271028,31.376791337695902
1769384227.6138687,1769384227613876311,Sr02_gA_IMG1_LID0_STA1_CFC64_OH0,0126_0036,A,0.5218122601509094,-0.5868790745735168,0.5,-0.5,-2.4916474634638535,0.20477254078097853,-2.5289085831398066,31.328894922021906
1769384227.7331958,1769384227733202788,Sr02_gA_IMG1_LID0_STA1_CFC64_OH0,0126_0036,A,0.5613592267036438,-0.5035421848297119,0.5,-0.5,-2.5330634917561783,0.17689205676692452,-2.5671493318607763,31.294975922987568
1769384227.8502362,1769384227850243116,Sr02_gA_IMG1_LID0_STA1_CFC64_OH0,0126_0036,A,0.5030015110969543,-0.17475281655788422,0.5,-0.5,-2.59720079089159,0.13814692280691412,-2.6312124794857694,31.241507252887395
1769384227.9685876,1769384227968594726,Sr02_gA_IMG1_LID0_STA1_CFC64_OH0,0126_0036,A,0.5309724807739258,-0.19829005002975464,0.5,-0.5,-2.641337132552598,0.11466069836627275,-2.6739344736734365,31.204025052190012
1769384228.0922546,1769384228092262795,Sr02_gA_IMG1_LID0_STA1_CFC64_OH0,0126_0036,A,0.5253595113754272,-0.17321531474590302,0.5,-0.5,-2.6864304721939565,0.0930685755917784,-2.716110720429894,31.165205066505546
1769384228.212543,1769384228212550572,Sr02_gA_IMG1_LID0_STA1_CFC64_OH0,0126_0036,A,0.38566866517066956,0.011996177956461906,0.5,0.0,-2.7555757907849245,0.06469754980879244,-2.794303771000188,31.104627905700607
1769384228.3350556,1769384228335063032,Sr02_gA_IMG1_LID0_STA1_CFC64_OH0,0126_0036,A,0.4934080243110657,-0.05996229872107506,0.5,0.0,-2.8030236263468993,0.04894444332254139,-2.8462267756200976,31.062219289587123
1769384228.4534938,1769384228453501393,Sr02_gA_IMG1_LID0_STA1_CFC64_OH0,0126_0036,A,0.49415403604507446,-0.039797861129045486,0.5,0.0,-2.875526855821418,0.029822607071786786,-2.9212267159255694,30.996287255520507
1769384228.5814183,1769384228581425653,Sr02_gA_IMG1_LID0_STA1_CFC64_OH0,0126_0036,A,0.4761544466018677,-0.07657364755868912,0.5,0.0,-2.9237706746482144,0.0198801724823619,-2.9510094277002694,30.9517780678472
1769384228.7058518,1769384228705860957,Sr02_gA_IMG1_LID0_STA1_CFC64_OH0,0126_0036,A,0.5026394724845886,-0.02102852053940296,0.5,0.0,-2.9976130267215604,0.006769383654220102,-2.9805021493970543,30.88317735134025
1769384228.8317568,1769384228831764209,Sr02_gA_IMG1_LID0_STA1_CFC64_OH0,0126_0036,A,0.5042217373847961,-0.018249889835715294,0.5,0.0,-3.0470326587829293,-0.000822528600906037,-2.9978236578829223,30.836999633255786
1769384228.9566257,1769384228956633491,Sr02_gA_IMG1_LID0_STA1_CFC64_OH0,0126_0036,A,0.5039377808570862,-0.016579706221818924,0.5,0.0,-3.12111732474796,-0.011103731030106808,-3.005739021067854,30.76753338225005
1769384229.0810807,1769384229081088621,Sr02_gA_IMG1_LID0_STA1_CFC64_OH0,0126_0036,A,0.5067521929740906,-0.007313174661248922,0.5,0.0,-3.170676631155746,-0.0177269727216117,-3.011735237354149,30.721016362644086
1769384229.2069502,1769384229206959359,Sr02_gA_IMG1_LID0_STA1_CFC64_OH0,0126_0036,A,0.5009415149688721,0.005902137607336044,0.5,0.0,-3.2450697984258223,-0.02721281769709595,-3.0184247953051657,30.65110040877783
1769384229.3270452,1769384229327053579,Sr02_gA_IMG1_LID0_STA1_CFC64_OH0,0126_0036,A,0.4897144138813019,0.011114394292235374,0.5,0.0,-3.2947140502897097,-0.033165608658404955,-3.0260821451151574,30.60436599231281
1769384229.4464831,1769384229446490951,Sr02_gA_IMG1_LID0_STA1_CFC64_OH0,0126_0036,A,0.48961034417152405,0.011480864137411118,0.5,0.0,-3.3692264598747172,-0.04160445693556889,-3.030421134314637,30.53412006815573
1769384229.5663483,1769384229566356059,Sr02_gA_IMG1_LID0_STA1_CFC64_OH0,0126_0036,A,0.4944230914115906,-0.004584878217428923,0.5,0.0,-3.418922831283814,-0.047106243715931806,-3.0322461203591926,30.48725101722095
1769384229.6839967,1769384229684002705,Sr02_gA_IMG1_LID0_STA1_CFC64_OH0,0126_0036,A,0.4910878539085388,0.02869972214102745,0.5,0.0,-3.468628709776375,-0.052521477184963375,-3.0339040895476606,30.44036160145775
1769384229.8067327,1769384229806740618,Sr02_gA_IMG1_LID0_STA1_CFC64_OH0,0126_0036,A,0.5125918388366699,0.00452636182308197,0.5,0.0,-3.5432006537394187,-0.06052295973923294,-3.035279066535558,30.37000365829393
1769384229.9326878,1769384229932695444,Sr02_gA_IMG1_LID0_STA1_CFC64_OH0,0126_0036,A,0.5124521255493164,0.004648593254387379,0.5,0.0,-3.5929180479844876,-0.06583147591617124,-3.0349531696652523,30.323101715764476
1769384230.053172,1769384230053182233,Sr02_gA_IMG1_LID0_STA1_CFC64_OH0,0126_0036,A,0.5012319684028625,0.004043397959321737,0.5,0.0,-3.667486091949644,-0.07386919077170488,-3.033390262200167,30.25279365028236
1769384230.1751845,1769384230175191771,Sr02_gA_IMG1_LID0_STA1_CFC64_OH0,0126_0036,A,0.49926257133483887,-0.009020525962114334,0.5,0.0,-3.7171905698157706,-0.07929729250359893,-3.03224217794463,30.20595863733084
1769384230.2968423,1769384230296849535,Sr02_gA_IMG1_LID0_STA1_CFC64_OH0,0126_0036,A,0.5086106061935425,0.00015553738921880722,0.5,0.0,-3.766893175356181,-0.08474253276022913,-3.032700652722992,30.159139837642844
1769384230.4168,1769384230416807206,Sr02_gA_IMG1_LID0_STA1_CFC64_OH0,0126_0036,A,0.5086373090744019,0.00026344857178628445,0.5,0.0,-3.8414386311852096,-0.09298676668388883,-3.0293942632898654,30.08895796517177
1769384230.5391788,1769384230539186721,Sr02_gA_IMG1_LID0_STA1_CFC64_OH0,0126_0036,A,0.5037009716033936,0.0015307784778997302,0.5,0.0,-3.891121687663695,-0.09860757815144225,-3.028699876142777,30.042227456924472
1769384230.6588113,1769384230658819208,Sr02_gA_IMG1_LID0_STA1_CFC64_OH0,0126_0036,A,0.49720606207847595,0.005832929164171219,0.5,0.0,-3.9656413193847238,-0.10708245556316029,-3.028003810700748,29.972167168857908
1769384230.7822056,1769384230782213646,Sr02_gA_IMG1_LID0_STA1_CFC64_OH0,0126_0036,A,0.4970147907733917,0.005845997482538223,0.5,0.0,-4.015317955174288,-0.11275973533081962,-3.0275994711030494,29.925483474965652
1769384230.9093227,1769384230909330110,Sr02_gA_IMG1_LID0_STA1_CFC64_OH0,0126_0036,A,0.5037617683410645,0.019388776272535324,0.5,0.0,-4.089833836755093,-0.12126750248430405,-3.0283771062215368,29.85547512655285
1769384231.0311809,1769384231031187951,Sr02_gA_IMG1_LID0_STA1_CFC64_OH0,0126_0036,A,0.5005857348442078,0.010951281525194645,0.5,0.0,-4.139513687807893,-0.12691658049002305,-3.028361553052326,29.80880814464116
1769384231.1515033,1769384231151511118,Sr02_gA_IMG1_LID0_STA1_CFC64_OH0,0126_0036,A,0.49216827750205994,0.017400391399860382,0.5,0.0,-4.214033239870308,-0.13539217168833295,-3.0283231150238294,29.738828701217457
1769384231.2780943,1769384231278103040,Sr02_gA_IMG1_LID0_STA1_CFC64_OH0,0126_0036,A,0.4914952218532562,0.017659246921539307,0.5,0.0,-4.263712397061192,-0.14104734798440483,-3.0281700383961705,29.692191094243356
1769384231.404024,1769384231404031071,Sr02_gA_IMG1_LID0_STA1_CFC64_OH0,0126_0036,A,0.4872051477432251,0.009635230526328087,0.5,0.0,-4.313389468097264,-0.1467208147781761,-3.0275867497257765,29.645571104120098
1769384231.5246513,1769384231524658602,Sr02_gA_IMG1_LID0_STA1_CFC64_OH0,0126_0036,A,0.47004708647727966,0.017207276076078415,0.5,0.0,-4.387898843230366,-0.15528538970776834,-3.0267102435965523,29.575681686247876
1769384231.6491954,1769384231649204077,Sr02_gA_IMG1_LID0_STA1_CFC64_OH0,0126_0036,A,0.5087578296661377,0.007396942004561424,0.5,0.0,-4.4375644096805855,-0.16105864167986678,-3.0249068070697263,29.529125985468198
1769384231.7713583,1769384231771366581,Sr02_gA_IMG1_LID0_STA1_CFC64_OH0,0126_0036,A,0.5081200003623962,0.007450421340763569,0.5,0.0,-4.512046476741319,-0.1698574871846031,-3.023179736261946,29.45936491365186
1769384231.8935015,1769384231893508657,Sr02_gA_IMG1_LID0_STA1_CFC64_OH0,0126_0036,A,0.5087789297103882,0.00532317440956831,0.5,0.0,-4.561691178456729,-0.17580749926945538,-3.021439704902779,29.412903114174227
1769384232.0131001,1769384232013107207,Sr02_gA_IMG1_LID0_STA1_CFC64_OH0,0126_0036,A,0.5075780153274536,-0.010463235899806023,0.5,0.0,-4.636138517365528,-0.18489538884176238,-3.018798588048044,29.343293212083815
1769384232.1351216,1769384232135128613,Sr02_gA_IMG1_LID0_STA1_CFC64_OH0,0126_0036,A,0.5229588150978088,-0.028868181630969048,0.5,0.0,-4.685758601026242,-0.19104736229735556,-3.0177548203986873,29.296936581530172
1769384232.25565,1769384232255657636,Sr02_gA_IMG1_LID0_STA1_CFC64_OH0,0126_0036,A,0.5225312113761902,-0.02828655205667019,0.5,0.0,-4.760172915764409,-0.20040182670084694,-3.0153475570979817,29.227472199322314
1769384232.3858364,1769384232385843871,Sr02_gA_IMG1_LID0_STA1_CFC64_OH0,0126_0036,A,0.5045978426933289,0.0006935545243322849,0.5,0.0,-4.809772663020412,-0.20671567188972395,-3.0146078620173267,29.181207430219914
1769384232.506669,1769384232506675594,Sr02_gA_IMG1_LID0_STA1_CFC64_OH0,0126_0036,A,0.4972723424434662,0.003953868988901377,0.5,0.0,-4.884163495779729,-0.21625520643390028,-3.013534448429892,29.1118598422234
1769384232.6290126,1769384232629020059,Sr02_gA_IMG1_LID0_STA1_CFC64_OH0,0126_0036,A,0.44942328333854675,0.006068835500627756,0.5,0.0,-4.93375237811385,-0.2226538291609071,-3.013002131733404,29.065658716068413
1769384232.7540255,1769384232754037000,Sr02_gA_IMG1_LID0_STA1_CFC64_OH0,0126_0036,A,0.4489588141441345,0.0061509315855801105,0.5,0.0,-4.983341943451554,-0.22904714454629915,-3.01389057768749,29.019468134229715
1769384232.8693893,1769384232869397401,Sr02_gA_IMG1_LID0_STA1_CFC64_OH0,0126_0036,A,0.2597641348838806,0.018614044412970543,0.5,0.0,-5.057750001069594,-0.23845095234445887,-3.0180309186447474,28.950134183783575
1769384232.9877856,1769384232987793544,Sr02_gA_IMG1_LID0_STA1_CFC64_OH0,0126_0036,A,0.49486255645751953,0.004091118462383747,0.5,0.0,-5.107377445165759,-0.24454314474531572,-3.020859569347847,28.903859336236508
1769384233.109392,1769384233109399064,Sr02_gA_IMG1_LID0_STA1_CFC64_OH0,0126_0036,A,0.4940730035305023,0.004264914896339178,0.5,0.0,-5.181838063252929,-0.25352175485098105,-3.021624960290414,28.834409402353085
1769384233.23611,1769384233236117681,Sr02_gA_IMG1_LID0_STA1_CFC64_OH0,0126_0036,A,0.5116050243377686,-0.008401840925216675,0.5,0.0,-5.231477686606648,-0.25951403698728165,-3.0212621796243058,28.788127412358055
1769384233.3612554,1769384233361261679,Sr02_gA_IMG1_LID0_STA1_CFC64_OH0,0126_0036,A,0.504389762878418,-0.0010028881952166557,0.5,0.0,-5.305931434788663,-0.26854942758508366,-3.0203721861228665,28.718745775120656
1769384233.4750195,1769384233475026591,Sr02_gA_IMG1_LID0_STA1_CFC64_OH0,0126_0036,A,0.5128843188285828,-0.0016994434408843517,0.5,0.0,-5.355562658611351,-0.2746108817037576,-3.0197570939878275,28.672521604914177
1769384233.5959935,1769384233596000130,Sr02_gA_IMG1_LID0_STA1_CFC64_OH0,0126_0036,A,0.5132759213447571,-0.0017732302658259869,0.5,0.0,-5.405188277677105,-0.28071801485562287,-3.018269594899846,28.626327737523845
1769384233.718934,1769384233718942169,Sr02_gA_IMG1_LID0_STA1_CFC64_OH0,0126_0036,A,0.5049557685852051,0.0012805652804672718,0.5,0.0,-5.479613327719791,-0.2899868311815809,-3.0173654589785213,28.55710286821725
1769384233.8437612,1769384233843777355,Sr02_gA_IMG1_LID0_STA1_CFC64_OH0,0126_0036,A,0.5087099671363831,-0.005155921448022127,0.5,0.0,-5.529226698190519,-0.29619272480985503,-3.0169407062809306,28.510979567819728
1769384233.9651632,1769384233965171256,Sr02_gA_IMG1_LID0_STA1_CFC64_OH0,0126_0036,A,0.5057269930839539,0.0059624118730425835,0.5,0.0,-5.603646522461298,-0.3055033962574895,-3.0176203159407624,28.44181990027067
1769384234.086558,1769384234086566448,Sr02_gA_IMG1_LID0_STA1_CFC64_OH0,0126_0036,A,0.5057381987571716,0.00591803714632988,0.5,0.0,-5.653263092612299,-0.31168365898708855,-3.017720606172545,28.395719433695465
1769384234.2076287,1769384234207636236,Sr02_gA_IMG1_LID0_STA1_CFC64_OH0,0126_0036,A,0.5121862888336182,-0.013185875490307808,0.5,0.0,-5.727689474619254,-0.320941786148939,-3.0179638042025005,28.326588738675223
1769384234.3293746,1769384234329381727,Sr02_gA_IMG1_LID0_STA1_CFC64_OH0,0126_0036,A,0.5105031132698059,0.0026173510123044252,0.5,0.0,-5.777308401989403,-0.32710309470094495,-3.0181411269378375,28.2805140046531
1769384234.448762,1769384234448776468,Sr02_gA_IMG1_LID0_STA1_CFC64_OH0,0126_0036,A,0.5107359886169434,-0.0038184337317943573,0.5,0.0,-5.826927659854166,-0.3332617413858626,-3.0180436108614956,28.234451583015698
1769384234.5724733,1769384234572479508,Sr02_gA_IMG1_LID0_STA1_CFC64_OH0,0126_0036,A,0.5105682611465454,-0.0037078573368489742,0.5,0.0,-5.90135744454476,-0.3424924654140599,-3.018448356828243,28.165380283269776
1769384234.6851208,1769384234685132913,Sr02_gA_IMG1_LID0_STA1_CFC64_OH0,0126_0036,A,0.49845999479293823,-0.006396842654794455,0.5,0.0,-5.950976973419973,-0.3486489224467486,-3.017852118984819,28.119350665741507
1769384234.8016582,1769384234801666451,Sr02_gA_IMG1_LID0_STA1_CFC64_OH0,0126_0036,A,0.5081825852394104,0.0013704953016713262,0.5,0.0,-6.000592831542506,-0.3548348930797439,-3.017259428711096,28.073346280866808
1769384234.921476,1769384234921485922,Sr02_gA_IMG1_LID0_STA1_CFC64_OH0,0126_0036,A,0.5078432559967041,0.001423607929609716,0.5,0.0,-6.075014534715766,-0.3641305226922877,-3.0180910592980315,28.004371995253862
1769384235.0434296,1769384235043438153,Sr02_gA_IMG1_LID0_STA1_CFC64_OH0,0126_0036,A,0.51175457239151,-0.009563067927956581,0.5,0.0,-6.1246328933422545,-0.3702964091794507,-3.017829336717357,27.958394000302004
1769384235.1595592,1769384235159567667,Sr02_gA_IMG1_LID0_STA1_CFC64_OH0,0126_0036,A,0.5007868409156799,0.0036543875467032194,0.5,0.0,-6.199059805560227,-0.3795502697235512,-3.0181446649469783,27.889454959313486
1769384235.2816694,1769384235281676932,Sr02_gA_IMG1_LID0_STA1_CFC64_OH0,0126_0036,A,0.5019485354423523,-0.009395740926265717,0.5,0.0,-6.248680453363463,-0.38569770543011145,-3.0185176616831018,27.843504331969097
1769384235.4022248,1769384235402232969,Sr02_gA_IMG1_LID0_STA1_CFC64_OH0,0126_0036,A,0.5018085837364197,-0.009288353845477104,0.5,0.0,-6.298303905192454,-0.3918224612071224,-3.0191035632263934,27.797558655879467
1769384235.5218022,1769384235521810121,Sr02_gA_IMG1_LID0_STA1_CFC64_OH0,0126_0036,A,0.5064355731010437,-0.007032480556517839,0.5,0.0,-6.37274235605627,-0.40098304555541436,-3.019053341715925,27.728655861933913
1769384235.6408634,1769384235640870931,Sr02_gA_IMG1_LID0_STA1_CFC64_OH0,0126_0036,A,0.501399040222168,-0.007832003757357597,0.5,0.0,-6.422366990148471,-0.40709822094072,-3.0189109811964467,27.68274151513531
1769384235.7632136,1769384235763220608,Sr02_gA_IMG1_LID0_STA1_CFC64_OH0,0126_0036,A,0.5010159611701965,-0.007757690269500017,0.5,0.0,-6.496806326639196,-0.41625157253629647,-3.0197737972764878,27.613888840577197
1769384235.8871489,1769384235887158670,Sr02_gA_IMG1_LID0_STA1_CFC64_OH0,0126_0036,A,0.5024411678314209,0.007067275699228048,0.5,0.0,-6.54643467494595,-0.42233652936411503,-3.019408361935401,27.567997956590226
1769384236.0065832,1769384236006590057,Sr02_gA_IMG1_LID0_STA1_CFC64_OH0,0126_0036,A,0.5141050219535828,-0.003481919877231121,0.5,0.0,-6.596063339446276,-0.42841889751028056,-3.0200869223631104,27.522120352483924
1769384236.1238477,1769384236123855781,Sr02_gA_IMG1_LID0_STA1_CFC64_OH0,0126_0036,A,0.5244152545928955,-0.018821945413947105,0.5,0.0,-6.670516727938792,-0.4374572222050279,-3.021485542588227,27.45329673671462
1769384236.2375743,1769384236237581613,Sr02_gA_IMG1_LID0_STA1_CFC64_OH0,0126_0036,A,0.5242842435836792,-0.018465738743543625,0.5,0.0,-6.720158617643155,-0.443430694107124,-3.0221887912198575,27.40741144772804
1769384236.3605065,1769384236360513677,Sr02_gA_IMG1_LID0_STA1_CFC64_OH0,0126_0036,A,0.5079808831214905,-0.015262691304087639,0.5,0.0,-6.769804781198028,-0.4493685395418916,-3.0229400088273755,27.36152629991621
1769384236.482219,1769384236482226572,Sr02_gA_IMG1_LID0_STA1_CFC64_OH0,0126_0036,A,0.5210936069488525,-0.008117154240608215,0.5,0.0,-6.844282625125776,-0.4582030974663829,-3.024106633055792,27.292696732007293
1769384236.6018112,1769384236601817789,Sr02_gA_IMG1_LID0_STA1_CFC64_OH0,0126_0036,A,0.5212439894676208,-0.008080622181296349,0.5,0.0,-6.893937436705063,-0.4640681890368839,-3.0236964168198766,27.246818578604483
1769384236.7221751,1769384236722183205,Sr02_gA_IMG1_LID0_STA1_CFC64_OH0,0126_0036,A,0.5070641040802002,-0.008049946278333664,0.5,0.0,-6.968415227885216,-0.4729032244093297,-3.0236912369592726,27.17804364427185
1769384236.8381903,1769384236838198812,Sr02_gA_IMG1_LID0_STA1_CFC64_OH0,0126_0036,A,0.524046003818512,-0.0003926176577806473,0.5,0.0,-7.018073614110499,-0.47873791567029755,-3.0255734166839954,27.132189759049695
1769384236.959338,1769384236959344359,Sr02_gA_IMG1_LID0_STA1_CFC64_OH0,0126_0036,A,0.517733097076416,0.00909790862351656,0.5,0.0,-7.067742844481613,-0.4844795635953111,-3.0274306739932766,27.086313183513354
1769384237.0811694,1769384237081177058,Sr02_gA_IMG1_LID0_STA1_CFC64_OH0,0126_0036,A,0.5171011686325073,0.009384962730109692,0.5,0.0,-7.142265079638165,-0.4929313791868251,-3.029816167661424,27.017461400160148
1769384237.2008657,1769384237200873361,Sr02_gA_IMG1_LID0_STA1_CFC64_OH0,0126_0036,A,0.5176495313644409,-0.012140000239014626,0.5,0.0,-7.191956024151078,-0.498482014392597,-3.0307707977329716,26.97154490314359
1769384237.3226135,1769384237322621651,Sr02_gA_IMG1_LID0_STA1_CFC64_OH0,0126_0036,A,0.5113895535469055,0.02105826698243618,0.5,0.0,-7.266500949250234,-0.5067314228377613,-3.031983619745842,26.902666905917783
1769384237.4526498,1769384237452658442,Sr02_gA_IMG1_LID0_STA1_CFC64_OH0,0126_0036,A,0.5208269357681274,-0.011666180565953255,0.5,0.0,-7.31620308925994,-0.5121809023021653,-3.0327886130805193,26.85674646805055
1769384237.5763264,1769384237576333113,Sr02_gA_IMG1_LID0_STA1_CFC64_OH0,0126_0036,A,0.5209051370620728,-0.011534789577126503,0.5,0.0,-7.390761403906941,-0.5203084467073263,-3.0328874274592166,26.787874572924686
1769384237.6935525,1769384237693560442,Sr02_gA_IMG1_LID0_STA1_CFC64_OH0,0126_0036,A,0.5067799687385559,-0.006081695202738047,0.5,0.0,-7.440463796438763,-0.5257556191076931,-3.0319776386478225,26.741989809826762
1769384237.813855,1769384237813863028,Sr02_gA_IMG1_LID0_STA1_CFC64_OH0,0126_0036,A,0.5135329365730286,0.003643397707492113,0.5,0.0,-7.515008858202237,-0.5340038053993755,-3.0314366185717465,26.673221493861327
1769384237.9321315,1769384237932139034,Sr02_gA_IMG1_LID0_STA1_CFC64_OH0,0126_0036,A,0.5131654143333435,0.0037347658071666956,0.5,0.0,-7.5647091271455285,-0.5394703072850701,-3.0326506165110922,26.62738164948973
1769384238.0526083,1769384238052616297,Sr02_gA_IMG1_LID0_STA1_CFC64_OH0,0126_0036,A,0.5153366923332214,-0.003747420385479927,0.5,0.0,-7.614406947566193,-0.5449589687762549,-3.030544818660368,26.581565741153383
1769384238.1725,1769384238172507024,Sr02_gA_IMG1_LID0_STA1_CFC64_OH0,0126_0036,A,0.5002064108848572,0.002448287094011903,0.5,0.0,-7.688944904439066,-0.5532710904033941,-3.0313129860216574,26.512902253921805
1769384238.3104315,1769384238310439875,Sr02_gA_IMG1_LID0_STA1_CFC64_OH0,0126_0036,A,0.5071941614151001,-0.008287321776151657,0.5,0.0,-7.738644338666121,-0.5587451787380043,-3.032467777101039,26.467118411961675
1769384238.429513,1769384238429520956,Sr02_gA_IMG1_LID0_STA1_CFC64_OH0,0126_0036,A,0.5068559050559998,-0.00813649594783783,0.5,0.0,-7.8132023619576,-0.566875372483237,-3.033434564916661,26.39843853282917
1769384238.5552983,1769384238555307515,Sr02_gA_IMG1_LID0_STA1_CFC64_OH0,0126_0036,A,0.5084496140480042,0.0006066455971449614,0.5,0.0,-7.862909205192178,-0.5722817937719077,-3.0330702331834494,26.352665533565744
1769384238.6794174,1769384238679424898,Sr02_gA_IMG1_LID0_STA1_CFC64_OH0,0126_0036,A,0.5216814875602722,-0.013733221217989922,0.5,0.0,-7.937465794021171,-0.5804251484417607,-3.0326596574961107,26.284048619480213
1769384238.8015788,1769384238801586014,Sr02_gA_IMG1_LID0_STA1_CFC64_OH0,0126_0036,A,0.5045697689056396,-2.4268636479973793e-05,0.5,0.0,-7.987170441529822,-0.5858517191608934,-3.0330343984779375,26.238322469911367
1769384238.9215562,1769384238921564205,Sr02_gA_IMG1_LID0_STA1_CFC64_OH0,0126_0036,A,0.5047069787979126,6.549223326146603e-05,0.5,0.0,-8.061727930748182,-0.593986830024868,-3.0327291177289086,26.169760620304917
1769384239.0450919,1769384239045099711,Sr02_gA_IMG1_LID0_STA1_CFC64_OH0,0126_0036,A,0.5006542801856995,-0.0032484866678714752,0.5,0.0,-8.111434183634765,-0.5993986655465778,-3.033557840336194,26.124067645631552
1769384239.1644614,1769384239164469193,Sr02_gA_IMG1_LID0_STA1_CFC64_OH0,0126_0036,A,0.5103924870491028,-0.003965021576732397,0.5,0.0,-8.161144863953345,-0.6047696810296915,-3.0343714887155824,26.078373775497038
1769384239.2851782,1769384239285186055,Sr02_gA_IMG1_LID0_STA1_CFC64_OH0,0126_0036,A,0.5023385286331177,-0.006697797682136297,0.5,0.0,-8.235715686017624,-0.6127816576485219,-3.034542792532451,26.00984443194437
1769384239.4056435,1769384239405649970,Sr02_gA_IMG1_LID0_STA1_CFC64_OH0,0126_0036,A,0.5019850730895996,-0.006814683321863413,0.5,0.0,-8.285432393815391,-0.6180965684624602,-3.0357727030016903,25.964167260179114
1769384239.5291612,1769384239529169905,Sr02_gA_IMG1_LID0_STA1_CFC64_OH0,0126_0036,A,0.5073463320732117,-0.008530190214514732,0.5,0.0,-8.360013924552943,-0.6260082406981308,-3.035913443082803,25.895656552845743
1769384239.6437383,1769384239643745142,Sr02_gA_IMG1_LID0_STA1_CFC64_OH0,0126_0036,A,0.4723514914512634,0.0007180774118751287,0.5,0.0,-8.409734961491488,-0.6312825338974594,-3.0359068939388743,25.85000269901617
1769384239.7615087,1769384239761516182,Sr02_gA_IMG1_LID0_STA1_CFC64_OH0,0126_0036,A,0.471726655960083,0.0007513887248933315,0.5,0.0,-8.45945639183136,-0.6365531158096536,-3.03613232033439,25.804363430177418
1769384239.8792336,1769384239879240323,Sr02_gA_IMG1_LID0_STA1_CFC64_OH0,0126_0036,A,0.4979516863822937,0.0018452053191140294,0.5,0.0,-8.534041894003149,-0.644427250223592,-3.0367055760374027,25.735921836991363
1769384239.9977808,1769384239997788097,Sr02_gA_IMG1_LID0_STA1_CFC64_OH0,0126_0036,A,0.5065749287605286,-0.0067972480319440365,0.5,0.0,-8.583768724292781,-0.6496466315004716,-3.0373480249026796,25.69030206855848
1769384240.1180997,1769384240118108419,Sr02_gA_IMG1_LID0_STA1_CFC64_OH0,0126_0036,A,0.5125716328620911,-0.006888951640576124,0.5,0.0,-8.633499043039818,-0.6548326689775841,-3.0380248166129107,25.644684883678575
1769384240.240152,1769384240240159263,Sr02_gA_IMG1_LID0_STA1_CFC64_OH0,0126_0036,A,0.5122883915901184,-0.006870253477245569,0.5,0.0,-8.708101643699667,-0.6625430870134206,-3.0392357215760994,25.576261506825972
1769384240.3652203,1769384240365229157,Sr02_gA_IMG1_LID0_STA1_CFC64_OH0,0126_0036,A,0.5085063576698303,0.0040364935994148254,0.5,0.0,-8.757840965945254,-0.6676420570688465,-3.0394413686032307,25.530649402042275
1769384240.482294,1769384240482301568,Sr02_gA_IMG1_LID0_STA1_CFC64_OH0,0126_0036,A,0.5035318732261658,-0.006004566792398691,0.5,0.0,-8.832449568906961,-0.6752942230974908,-3.0393296598430046,25.46226367242736
1769384240.6062543,1769384240606261530,Sr02_gA_IMG1_LID0_STA1_CFC64_OH0,0126_0036,A,0.5066046118736267,-0.006868519354611635,0.5,0.0,-8.882187932408371,-0.6804025371389997,-3.039156078597926,25.416696760977
1769384240.728272,1769384240728278870,Sr02_gA_IMG1_LID0_STA1_CFC64_OH0,0126_0036,A,0.5062115788459778,-0.0068493192084133625,0.5,0.0,-8.956798034015204,-0.6880400466931097,-3.0400901501136968,25.348367371482425
1769384240.84572,1769384240845727991,Sr02_gA_IMG1_LID0_STA1_CFC64_OH0,0126_0036,A,0.502784252166748,0.0026897694915533066,0.5,0.0,-9.006542424146234,-0.6930893272962685,-3.040779044131475,25.302817829596396
1769384240.9630246,1769384240963031959,Sr02_gA_IMG1_LID0_STA1_CFC64_OH0,0126_0036,A,0.49641022086143494,0.002777044428512454,0.5,0.0,-9.056290278599347,-0.6981043608800271,-3.0414666293138093,25.257270899960055
1769384241.0805643,1769384241080570988,Sr02_gA_IMG1_LID0_STA1_CFC64_OH0,0126_0036,A,0.4961783289909363,0.0029017499182373285,0.5,0.0,-9.130914579497906,-0.7056018866720781,-3.041188366487188,25.18897176666614
1769384241.2010558,1769384241201063814,Sr02_gA_IMG1_LID0_STA1_CFC64_OH0,0126_0036,A,0.4927913248538971,0.001196353230625391,0.5,0.0,-9.180663787315668,-0.7106034799669231,-3.0416884040612935,25.143461578897774
1769384241.3228655,1769384241322874222,Sr02_gA_IMG1_LID0_STA1_CFC64_OH0,0126_0036,A,0.5072290897369385,0.00011366582475602627,0.5,0.0,-9.25529342895683,-0.7180476319781134,-3.0426839295817016,25.075204056879432
1769384241.4386082,1769384241438615562,Sr02_gA_IMG1_LID0_STA1_CFC64_OH0,0126_0036,A,0.5107388496398926,-0.0056250751949846745,0.5,0.0,-9.305050738722377,-0.7229679683632348,-3.0433688603863733,25.029702771026404
1769384241.5592182,1769384241559224527,Sr02_gA_IMG1_LID0_STA1_CFC64_OH0,0126_0036,A,0.5106948614120483,-0.005489775445312262,0.5,0.0,-9.354809913966035,-0.7278694123444427,-3.043290672638169,24.984210792359075
1769384241.6813815,1769384241681388431,Sr02_gA_IMG1_LID0_STA1_CFC64_OH0,0126_0036,A,0.5051447749137878,0.0012707002460956573,0.5,0.0,-9.429446304741514,-0.7352456158164804,-3.042875862218137,24.916015282735042
1769384241.8008435,1769384241800850845,Sr02_gA_IMG1_LID0_STA1_CFC64_OH0,0126_0036,A,0.518152117729187,-0.017048677429556847,0.5,0.0,-9.47920216442844,-0.7401806023731771,-3.042586934849196,24.870580727558103
1769384241.9253702,1769384241925378705,Sr02_gA_IMG1_LID0_STA1_CFC64_OH0,0126_0036,A,0.518053412437439,-0.0169705580919981,0.5,0.0,-9.52895693218864,-0.7451265870949901,-3.0424502444778647,24.82516835077163
1769384242.0442996,1769384242044307221,Sr02_gA_IMG1_LID0_STA1_CFC64_OH0,0126_0036,A,0.505829930305481,-0.02596045844256878,0.5,0.0,-9.603588291624243,-0.7525535295616204,-3.0423898863781424,24.757086298465577
1769384242.165035,1769384242165042862,Sr02_gA_IMG1_LID0_STA1_CFC64_OH0,0126_0036,A,0.5074295401573181,-0.019579613581299782,0.5,0.0,-9.653343340346973,-0.7574966819647019,-3.042837613953811,24.711717074036834
1769384242.2891123,1769384242289121002,Sr02_gA_IMG1_LID0_STA1_CFC64_OH0,0126_0036,A,0.49731355905532837,-0.00805438682436943,0.5,0.0,-9.727980966578329,-0.764860357587388,-3.0436637850177113,24.643675214092944
1769384242.4119253,1769384242411932445,Sr02_gA_IMG1_LID0_STA1_CFC64_OH0,0126_0036,A,0.49726447463035583,-0.00805419310927391,0.5,0.0,-9.77774140674788,-0.7697489437359535,-3.0436043250203486,24.59832774972752
1769384242.5293224,1769384242529330145,Sr02_gA_IMG1_LID0_STA1_CFC64_OH0,0126_0036,A,0.5046354532241821,-0.015791626647114754,0.5,0.0,-9.852389642993801,-0.7770040885537101,-3.045977633808073,24.530307494168817
1769384242.6480353,1769384242648043374,Sr02_gA_IMG1_LID0_STA1_CFC64_OH0,0126_0036,A,0.5152661800384521,-0.003318576607853174,0.5,0.0,-9.90216528463415,-0.7817353232962719,-3.047674686858252,24.484938596939482
1769384242.7644966,1769384242764504549,Sr02_gA_IMG1_LID0_STA1_CFC64_OH0,0126_0036,A,0.5041653513908386,-0.005711869802325964,0.5,0.0,-9.95195021138257,-0.7863677571952405,-3.0500909238647083,24.4395460406395
1769384242.8812623,1769384242881269427,Sr02_gA_IMG1_LID0_STA1_CFC64_OH0,0126_0036,A,0.5035957098007202,-0.006043773610144854,0.5,0.0,-10.02664721234233,-0.7931022326126146,-3.053155482669192,24.37140079447352
1769384242.998345,1769384242998351512,Sr02_gA_IMG1_LID0_STA1_CFC64_OH0,0126_0036,A,0.5037446618080139,-0.023527581244707108,0.5,0.0,-10.076453581355457,-0.7974982710236488,-3.053960928853368,24.325953722176337
1769384243.1263201,1769384243126327466,Sr02_gA_IMG1_LID0_STA1_CFC64_OH0,0126_0036,A,0.5016965270042419,-0.011615367606282234,0.5,0.0,-10.126263474933047,-0.8018541922371097,-3.054766354595733,24.280507724896975
1769384243.2477803,1769384243247788161,Sr02_gA_IMG1_LID0_STA1_CFC64_OH0,0126_0036,A,0.5013903975486755,-0.01133388839662075,0.5,0.0,-10.200986854800037,-0.8082895299398196,-3.0568255919625447,24.212331061299256
1769384243.3675332,1769384243367540607,Sr02_gA_IMG1_LID0_STA1_CFC64_OH0,0126_0036,A,0.5060375928878784,-0.013425961136817932,0.5,0.0,-10.250808971403307,-0.8125033560671896,-3.0574069192173723,24.166870395155442
1769384243.4889312,1769384243488938453,Sr02_gA_IMG1_LID0_STA1_CFC64_OH0,0126_0036,A,0.4962286055088043,0.008473922498524189,0.5,0.0,-10.325545764352992,-0.818781153107995,-3.0582158306697838,24.09869511448543
1769384243.6148555,1769384243614863802,Sr02_gA_IMG1_LID0_STA1_CFC64_OH0,0126_0036,A,0.49517402052879333,0.008501378819346428,0.5,0.0,-10.375373324765851,-0.8229301084212108,-3.0588202067883214,24.053252299067378
1769384243.7354834,1769384243735491337,Sr02_gA_IMG1_LID0_STA1_CFC64_OH0,0126_0036,A,0.4945983290672302,0.008666843175888062,0.5,0.0,-10.450127306708152,-0.828999350989066,-3.0622302094600915,23.98505748234421
1769384243.8540692,1769384243854078307,Sr02_gA_IMG1_LID0_STA1_CFC64_OH0,0126_0036,A,0.4898092746734619,0.007281058467924595,0.5,0.0,-10.499972217176682,-0.8329343608138716,-3.0633917468587515,23.93957041114194
1769384243.975091,1769384243975099203,Sr02_gA_IMG1_LID0_STA1_CFC64_OH0,0126_0036,A,0.4954899549484253,0.00683169811964035,0.5,0.0,-10.549821629867676,-0.8368119203963029,-3.0645307636350387,23.89407741158181
1769384244.0978703,1769384244097877850,Sr02_gA_IMG1_LID0_STA1_CFC64_OH0,0126_0036,A,0.5072614550590515,0.0007152007892727852,0.5,0.0,-10.624604581311086,-0.8425134629276121,-3.066502811524467,23.82582391615478
1769384244.2158544,1769384244215861170,Sr02_gA_IMG1_LID0_STA1_CFC64_OH0,0126_0036,A,0.5072370767593384,0.0008603779133409262,0.5,0.0,-10.6744620870896,-0.8462855513753463,-3.065655437418358,23.780332094924812
1769384244.3359728,1769384244335980545,Sr02_gA_IMG1_LID0_STA1_CFC64_OH0,0126_0036,A,0.4989493191242218,0.0030229997355490923,0.5,0.0,-10.749242301317798,-0.8520229798311244,-3.064381330953247,23.71216157188919
1769384244.456113,1769384244456121350,Sr02_gA_IMG1_LID0_STA1_CFC64_OH0,0126_0036,A,0.5005379915237427,0.0035363517235964537,0.5,0.0,-10.799091666511652,-0.8559011645715646,-3.0635179574615123,23.6667598681247
1769384244.5767775,1769384244576786264,Sr02_gA_IMG1_LID0_STA1_CFC64_OH0,0126_0036,A,0.5005099773406982,0.0035665512550622225,0.5,0.0,-10.848937827374765,-0.8598203245888468,-3.0627621360964037,23.621394017274916
1769384244.7005064,1769384244700513077,Sr02_gA_IMG1_LID0_STA1_CFC64_OH0,0126_0036,A,0.4983724057674408,-0.0038812020793557167,0.5,0.0,-10.92370175819925,-0.8657661992179734,-3.0617149147299636,23.553408874943557
1769384244.8208778,1769384244820885339,Sr02_gA_IMG1_LID0_STA1_CFC64_OH0,0126_0036,A,0.4868257939815521,-0.0013754977844655514,0.5,0.0,-10.973542185775472,-0.8697576226349907,-3.0616433900876734,23.508120847071265
1769384244.9459887,1769384244945996462,Sr02_gA_IMG1_LID0_STA1_CFC64_OH0,0126_0036,A,0.5073667764663696,0.012258853763341904,0.5,0.0,-11.04830224978696,-0.8757519623215048,-3.061518689029428,23.440227795834236
1769384245.0677428,1769384245067749745,Sr02_gA_IMG1_LID0_STA1_CFC64_OH0,0126_0036,A,0.5072284936904907,0.012359892949461937,0.5,0.0,-11.098141586964696,-0.8797569762093636,-3.0612596435707906,23.39499363660022
1769384245.1903813,1769384245190388115,Sr02_gA_IMG1_LID0_STA1_CFC64_OH0,0126_0036,A,0.4902336299419403,-0.0006460682488977909,0.5,0.0,-11.17289816822884,-0.8857945845440391,-3.0607394590956973,23.32719179643745
1769384245.312323,1769384245312330093,Sr02_gA_IMG1_LID0_STA1_CFC64_OH0,0126_0036,A,0.4919382631778717,0.012444816529750824,0.5,0.0,-11.222734101917771,-0.889841727961253,-3.060382804576634,23.282024599836785
1769384245.435029,1769384245435036031,Sr02_gA_IMG1_LID0_STA1_CFC64_OH0,0126_0036,A,0.4969065189361572,-0.004555255640298128,0.5,0.0,-11.297488665640847,-0.8959042637096195,-3.060914866002115,23.214307420106817
1769384245.5541966,1769384245554204712,Sr02_gA_IMG1_LID0_STA1_CFC64_OH0,0126_0036,A,0.49677953124046326,-0.004362355452030897,0.5,0.0,-11.347326305061278,-0.8999303506504659,-3.061052415704209,23.16918080559247
1769384245.6685226,1769384245668530527,Sr02_gA_IMG1_LID0_STA1_CFC64_OH0,0126_0036,A,0.4902847111225128,0.004397467710077763,0.5,0.0,-11.397162737035867,-0.9039713257852138,-3.060099229350504,23.124080694251013
1769384245.7892082,1769384245789215436,Sr02_gA_IMG1_LID0_STA1_CFC64_OH0,0126_0036,A,0.4844250977039337,-0.005655395332723856,0.5,0.0,-11.47190813524245,-0.9101457183577855,-3.0582472692985228,23.05651761519053
1769384245.912098,1769384245912106392,Sr02_gA_IMG1_LID0_STA1_CFC64_OH0,0126_0036,A,0.4841860830783844,-0.005601779092103243,0.5,0.0,-11.521734705647185,-0.9143065552481442,-3.0583118660655946,23.011520655780306
1769384246.0341394,1769384246034147596,Sr02_gA_IMG1_LID0_STA1_CFC64_OH0,0126_0036,A,0.49107348918914795,0.003417468862608075,0.5,0.0,-11.59647126714256,-0.9205870423366184,-3.0571778714446283,22.94408130555467
1769384246.1503065,1769384246150313006,Sr02_gA_IMG1_LID0_STA1_CFC64_OH0,0126_0036,A,0.47399210929870605,0.002108805812895298,0.5,0.0,-11.646294181816849,-0.9247914225642038,-3.0576333952552592,22.899155526284282
1769384246.26888,1769384246268886964,Sr02_gA_IMG1_LID0_STA1_CFC64_OH0,0126_0036,A,0.4859141409397125,0.006065969355404377,0.5,0.0,-11.696118973885868,-0.9289734960371783,-3.058071559233296,22.854240972469793
1769384246.3878481,1769384246387857821,Sr02_gA_IMG1_LID0_STA1_CFC64_OH0,0126_0036,A,0.48577195405960083,0.006202898919582367,0.5,0.0,-11.77085599244603,-0.935248617485613,-3.057499544947014,22.78690974989187
1769384246.5071456,1769384246507153439,Sr02_gA_IMG1_LID0_STA1_CFC64_OH0,0126_0036,A,0.4683245122432709,0.0030842397827655077,0.5,0.0,-11.820680487033181,-0.9394342303839127,-3.0580650758628645,22.7420499072216
1769384246.6326795,1769384246632686653,Sr02_gA_IMG1_LID0_STA1_CFC64_OH0,0126_0036,A,0.4910476505756378,-0.0021707145497202873,0.5,0.0,-11.870507335325646,-0.9435917304250401,-3.0586268613814482,22.69719905840144
1769384246.7531264,1769384246753135234,Sr02_gA_IMG1_LID0_STA1_CFC64_OH0,0126_0036,A,0.4908749461174011,-0.002060038037598133,0.5,0.0,-11.945249274022004,-0.9498079839568494,-3.0583848257881208,22.629954349399007
1769384246.8767445,1769384246876752257,Sr02_gA_IMG1_LID0_STA1_CFC64_OH0,0126_0036,A,0.4925652742385864,-0.002691979054361582,0.5,0.0,-11.995075791865192,-0.9539694492030728,-3.05816085794127,22.58515939426901
1769384246.9900465,1769384246990054040,Sr02_gA_IMG1_LID0_STA1_CFC64_OH0,0126_0036,A,0.504639208316803,-0.0094172153621912,0.5,0.0,-12.06981308818372,-0.960241255216686,-3.057448824907674,22.518021305363895
1769384247.1051204,1769384247105128792,Sr02_gA_IMG1_LID0_STA1_CFC64_OH0,0126_0036,A,0.49519211053848267,-0.010426564142107964,0.5,0.0,-12.119634878345748,-0.9644589356083592,-3.0568285361350354,22.473306588420364
1769384247.2340808,1769384247234088180,Sr02_gA_IMG1_LID0_STA1_CFC64_OH0,0126_0036,A,0.49507251381874084,-0.010395854711532593,0.5,0.0,-12.169454367710735,-0.9687037126571049,-3.056426550654045,22.428626402273554
1769384247.3565228,1769384247356530276,Sr02_gA_IMG1_LID0_STA1_CFC64_OH0,0126_0036,A,0.49604561924934387,0.007158496417105198,0.5,0.0,-12.244182663108404,-0.9750818880239547,-3.056594504910415,22.361653336240224
1769384247.4765124,1769384247476520241,Sr02_gA_IMG1_LID0_STA1_CFC64_OH0,0126_0036,A,0.48826828598976135,0.0039772698655724525,0.5,0.0,-12.294002592859739,-0.9793214957540589,-3.0568016152252366,22.31702732542187
1769384247.5999477,1769384247599955469,Sr02_gA_IMG1_LID0_STA1_CFC64_OH0,0126_0036,A,0.4933975338935852,-0.0009050872176885605,0.5,0.0,-12.368734270327481,-0.985659918006303,-3.057241062479931,22.250121626135375
1769384247.7207851,1769384247720795866,Sr02_gA_IMG1_LID0_STA1_CFC64_OH0,0126_0036,A,0.4931078851222992,-0.0008289809338748455,0.5,0.0,-12.418558469006264,-0.9898490377456144,-3.0581827810431266,22.205529968829094
1769384247.8356187,1769384247835625497,Sr02_gA_IMG1_LID0_STA1_CFC64_OH0,0126_0036,A,0.4992031455039978,0.000605373177677393,0.5,0.0,-12.493302407201673,-0.9960411186747715,-3.0597158677542655,22.138644117942818
1769384247.9586082,1769384247958616157,Sr02_gA_IMG1_LID0_STA1_CFC64_OH0,0126_0036,A,0.49814632534980774,-0.010257849469780922,0.5,0.0,-12.543137019038138,-1.000104481927075,-3.0607554515269157,22.094053065878796
1769384248.0794675,1769384248079474847,Sr02_gA_IMG1_LID0_STA1_CFC64_OH0,0126_0036,A,0.4980926513671875,-0.010123571380972862,0.5,0.0,-12.59297296489114,-1.0041514671895357,-3.0602151597126768,22.04947776284543
1769384248.2024927,1769384248202500992,Sr02_gA_IMG1_LID0_STA1_CFC64_OH0,0126_0036,A,0.5025376081466675,-0.009036382660269737,0.5,0.0,-12.667722272419597,-1.0102784644736424,-3.059540139715673,21.982684380123086
1769384248.3228989,1769384248322907460,Sr02_gA_IMG1_LID0_STA1_CFC64_OH0,0126_0036,A,0.4927127957344055,0.022854378446936607,0.5,0.0,-12.717554233677637,-1.0143742328305263,-3.0596306472492487,21.938190011457024
1769384248.4448936,1769384248444900497,Sr02_gA_IMG1_LID0_STA1_CFC64_OH0,0126_0036,A,0.49602434039115906,-0.017144525423645973,0.5,0.0,-12.792302847716725,-1.0205097017302545,-3.059757277428966,21.87148929799008
1769384248.564394,1769384248564401128,Sr02_gA_IMG1_LID0_STA1_CFC64_OH0,0126_0036,A,0.4959287643432617,-0.016940897330641747,0.5,0.0,-12.842135444224311,-1.024597733975581,-3.0597110848254236,21.827051038453494
1769384248.6854146,1769384248685422625,Sr02_gA_IMG1_LID0_STA1_CFC64_OH0,0126_0036,A,0.4959874153137207,0.004765341989696026,0.5,0.0,-12.89196958906856,-1.0286668227327225,-3.060628227733399,21.78262815821186
1769384248.8053596,1769384248805367443,Sr02_gA_IMG1_LID0_STA1_CFC64_OH0,0126_0036,A,0.49715858697891235,0.009398574009537697,0.5,0.0,-12.966728501839434,-1.0346754134191871,-3.0621521321742993,21.71599542147659
1769384248.926307,1769384248926314760,Sr02_gA_IMG1_LID0_STA1_CFC64_OH0,0126_0036,A,0.4961044490337372,0.0038477731868624687,0.5,0.0,-13.016572706956007,-1.0386193606957148,-3.0630883854024464,21.671575459128864
1769384249.0426874,1769384249042693737,Sr02_gA_IMG1_LID0_STA1_CFC64_OH0,0126_0036,A,0.49636372923851013,0.00393656175583601,0.5,0.0,-13.09133663905573,-1.0445649088213715,-3.0606169799137843,21.60500496845768
1769384249.1614087,1769384249161416590,Sr02_gA_IMG1_LID0_STA1_CFC64_OH0,0126_0036,A,0.4907316565513611,0.004713923670351505,0.5,0.0,-13.141167620434238,-1.0485859790104317,-3.061906308540982,21.560688510823745
1769384249.2808192,1769384249280825836,Sr02_gA_IMG1_LID0_STA1_CFC64_OH0,0126_0036,A,0.4952344298362732,0.005057668313384056,0.5,0.0,-13.191012308510953,-1.0525237645714445,-3.063602431936293,21.51635171554995
1769384249.3955474,1769384249395555514,Sr02_gA_IMG1_LID0_STA1_CFC64_OH0,0126_0036,A,0.4951397478580475,0.0051187691278755665,0.5,0.0,-13.265786628336475,-1.0583375605308245,-3.0637558965693166,21.44985002010792
1769384249.5154915,1769384249515500350,Sr02_gA_IMG1_LID0_STA1_CFC64_OH0,0126_0036,A,0.49892720580101013,0.016432849690318108,0.5,0.0,-13.315633729448045,-1.0622447369338799,-3.0629087087396463,21.405561350652512
1769384249.6394327,1769384249639439513,Sr02_gA_IMG1_LID0_STA1_CFC64_OH0,0126_0036,A,0.49174678325653076,-0.011913847178220749,0.5,0.0,-13.365477875698005,-1.0661894455001628,-3.062412911968213,21.36131542999967
1769384249.7679589,1769384249767966782,Sr02_gA_IMG1_LID0_STA1_CFC64_OH0,0126_0036,A,0.4842225909233093,0.002210766077041626,0.5,0.0,-13.440241159675372,-1.0721434773109013,-3.061827756043835,21.295011650389764
1769384249.8911014,1769384249891109555,Sr02_gA_IMG1_LID0_STA1_CFC64_OH0,0126_0036,A,0.4842202961444855,0.0020016361959278584,0.5,0.0,-13.49008126851158,-1.0761388732022181,-3.0613641386490573,21.250853515608384
1769384250.0121796,1769384250012187475,Sr02_gA_IMG1_LID0_STA1_CFC64_OH0,0126_0036,A,0.48748522996902466,-0.0022604833357036114,0.5,0.0,-13.564837804872157,-1.082177026446417,-3.0606186286957433,21.184686303328444
1769384250.135224,1769384250135231730,Sr02_gA_IMG1_LID0_STA1_CFC64_OH0,0126_0036,A,0.49730184674263,0.03919944912195206,0.5,0.0,-13.614672934180065,-1.0862340592623745,-3.06010675263319,21.140622584068822
1769384250.2549586,1769384250254967399,Sr02_gA_IMG1_LID0_STA1_CFC64_OH0,0126_0036,A,0.5024965405464172,0.0034121524076908827,0.5,0.0,-13.68941777781381,-1.0924150760089604,-3.0578681191099104,21.074622213713727
1769384250.3788934,1769384250378901681,Sr02_gA_IMG1_LID0_STA1_CFC64_OH0,0126_0036,A,0.5019640922546387,0.003275517374277115,0.5,0.0,-13.739243991491419,-1.0965801511071875,-3.058776013683368,21.030676734222844
1769384250.4957209,1769384250495727988,Sr02_gA_IMG1_LID0_STA1_CFC64_OH0,0126_0036,A,0.4936898350715637,-0.017597436904907227,0.5,0.0,-13.813985906813082,-1.1027966879016067,-3.0584465013020656,20.964794451329936
1769384250.6202793,1769384250620287147,Sr02_gA_IMG1_LID0_STA1_CFC64_OH0,0126_0036,A,0.4965021014213562,-0.001114056445658207,0.5,0.0,-13.863812755211175,-1.1069541935700475,-3.058246337965304,20.920913369267232
1769384250.7405615,1769384250740567794,Sr02_gA_IMG1_LID0_STA1_CFC64_OH0,0126_0036,A,0.49628448486328125,-0.0011878828518092632,0.5,0.0,-13.913639338358353,-1.1111148770881636,-3.0583871404166767,20.87706133659602
1769384250.8615966,1769384250861605427,Sr02_gA_IMG1_LID0_STA1_CFC64_OH0,0126_0036,A,0.4975064694881439,0.011949053034186363,0.5,0.0,-13.988355530985618,-1.1175066579533681,-3.053375012109394,20.811418385140914
1769384250.9785352,1769384250978542302,Sr02_gA_IMG1_LID0_STA1_CFC64_OH0,0126_0036,A,0.4797370135784149,0.010753396898508072,0.5,0.0,-14.03815883887158,-1.1219372513177546,-3.0526758976606807,20.767767689154272
1769384251.0997598,1769384251099766876,Sr02_gA_IMG1_LID0_STA1_CFC64_OH0,0126_0036,A,0.49670857191085815,0.002850458724424243,0.5,0.0,-14.112860923102238,-1.1286154094829295,-3.0523878230371597,20.702361371421535
1769384251.2185209,1769384251218528397,Sr02_gA_IMG1_LID0_STA1_CFC64_OH0,0126_0036,A,0.4963420033454895,0.0026733526028692722,0.5,0.0,-14.162666007792811,-1.1330259170043477,-3.054147559402615,20.658772892153756
1769384251.3405101,1769384251340517501,Sr02_gA_IMG1_LID0_STA1_CFC64_OH0,0126_0036,A,0.5013522505760193,0.038579873740673065,0.5,0.0,-14.212476495829229,-1.1373750478182068,-3.0545886445475885,20.61518326608643
1769384251.459044,1769384251459050973,Sr02_gA_IMG1_LID0_STA1_CFC64_OH0,0126_0036,A,0.4578035771846771,-0.002656536176800728,0.5,0.0,-14.28719336664441,-1.1438856920216915,-3.0547631353136206,20.549847122270698
1769384251.5788782,1769384251578884756,Sr02_gA_IMG1_LID0_STA1_CFC64_OH0,0126_0036,A,0.4850248694419861,-0.0010688072070479393,0.5,0.0,-14.337002395371028,-1.1482514729387892,-3.053568242016941,20.506338985012352
1769384251.7011867,1769384251701196297,Sr02_gA_IMG1_LID0_STA1_CFC64_OH0,0126_0036,A,0.48514920473098755,-0.0010368479415774345,0.5,0.0,-14.41170640864382,-1.1549079315807338,-3.051986432927085,20.44118608024704
1769384251.8205748,1769384251820583177,Sr02_gA_IMG1_LID0_STA1_CFC64_OH0,0126_0036,A,0.45062369108200073,-0.0013037952594459057,0.5,0.0,-14.461505169518409,-1.1593893466894136,-3.0517013858371853,20.39781026208937
1769384251.9403143,1769384251940321189,Sr02_gA_IMG1_LID0_STA1_CFC64_OH0,0126_0036,A,0.4894576072692871,-0.04254941642284393,0.5,0.0,-14.511302676458314,-1.1638846743161508,-3.051430508761991,20.354471804407343
1769384252.0627341,1769384252062743168,Sr02_gA_IMG1_LID0_STA1_CFC64_OH0,0126_0036,A,0.4900526702404022,-0.04260599985718727,0.5,0.0,-14.585987810200317,-1.1707418692914615,-3.04744125093902,20.289579749463467
1769384252.1827948,1769384252182802193,Sr02_gA_IMG1_LID0_STA1_CFC64_OH0,0126_0036,A,0.48687881231307983,-0.0267031192779541,0.5,0.0,-14.635758374914941,-1.1754365125281727,-3.0476765085206816,20.24642687373891
1769384252.3045466,1769384252304554588,Sr02_gA_IMG1_LID0_STA1_CFC64_OH0,0126_0036,A,0.4805542230606079,0.002408921020105481,0.5,0.0,-14.710428803951364,-1.1824597806000938,-3.047899700447563,20.181735607411746
1769384252.4237802,1769384252423789360,Sr02_gA_IMG1_LID0_STA1_CFC64_OH0,0126_0036,A,0.480005145072937,-0.006314291153103113,0.5,0.0,-14.760209744471556,-1.1871349962853854,-3.0480033850740265,20.138644270758462
1769384252.5422094,1769384252542216910,Sr02_gA_IMG1_LID0_STA1_CFC64_OH0,0126_0036,A,0.4801468253135681,-0.006538685876876116,0.5,0.0,-14.80999120935085,-1.1918046251854895,-3.04812842524484,20.09558208304366
1769384252.6623902,1769384252662397634,Sr02_gA_IMG1_LID0_STA1_CFC64_OH0,0126_0036,A,0.48568418622016907,0.007219377439469099,0.5,0.0,-14.88466322227056,-1.198695069579055,-3.052410447419501,20.031000631826362
1769384252.7822292,1769384252782237015,Sr02_gA_IMG1_LID0_STA1_CFC64_OH0,0126_0036,A,0.4895669221878052,0.004544551949948072,0.5,0.0,-14.93447385016478,-1.2030421662290363,-3.056671040393273,19.987854495639603
1769384252.9025753,1769384252902583491,Sr02_gA_IMG1_LID0_STA1_CFC64_OH0,0126_0036,A,0.48881006240844727,0.005252852104604244,0.5,0.0,-15.009218764055598,-1.2092218595051398,-3.061153599539686,19.923022384200266
1769384253.025672,1769384253025679709,Sr02_gA_IMG1_LID0_STA1_CFC64_OH0,0126_0036,A,0.47954317927360535,0.011900005862116814,0.5,0.0,-15.059058704165441,-1.2132193616616647,-3.0614949699610974,19.87977888406723
1769384253.149041,1769384253149048719,Sr02_gA_IMG1_LID0_STA1_CFC64_OH0,0126_0036,A,0.4547489881515503,0.04448955878615379,0.5,0.0,-15.10889902936575,-1.2172120553997052,-3.0619519274115707,19.836564714505048
1769384253.27039,1769384253270397752,Sr02_gA_IMG1_LID0_STA1_CFC64_OH0,0126_0036,A,0.49192124605178833,0.008275073021650314,0.5,0.0,-15.183664159829178,-1.223142831955104,-3.062921508799141,19.771773937874052
1769384253.389829,1769384253389835875,Sr02_gA_IMG1_LID0_STA1_CFC64_OH0,0126_0036,A,0.49197760224342346,0.008248154073953629,0.5,0.0,-15.233508085015117,-1.2270903244083256,-3.062199582763628,19.72861704968925
1769384253.5078454,1769384253507852178,Sr02_gA_IMG1_LID0_STA1_CFC64_OH0,0126_0036,A,0.4889521300792694,-0.03345084562897682,0.5,0.0,-15.30826936716372,-1.2330694323379037,-3.0614376544058963,19.663971965410045
1769384253.6236763,1769384253623684526,Sr02_gA_IMG1_LID0_STA1_CFC64_OH0,0126_0036,A,0.4630344808101654,-0.016892872750759125,0.5,0.0,-15.358107826837225,-1.2370853462402613,-3.060926536576475,19.62093143030752
1769384253.749434,1769384253749441286,Sr02_gA_IMG1_LID0_STA1_CFC64_OH0,0126_0036,A,0.5010520815849304,0.01079421304166317,0.5,0.0,-15.407943083631759,-1.2411407842134505,-3.059803014451835,19.57794423156575
1769384253.8708644,1769384253870871663,Sr02_gA_IMG1_LID0_STA1_CFC64_OH0,0126_0036,A,0.5017233490943909,0.010683966800570488,0.5,0.0,-15.482679995278813,-1.247416063731724,-3.0547590914674374,19.51362527657307
1769384253.995319,1769384253995326609,Sr02_gA_IMG1_LID0_STA1_CFC64_OH0,0126_0036,A,0.4980200529098511,0.003885026089847088,0.5,0.0,-15.5324857593539,-1.251818893039804,-3.0528451250150233,19.470902449692876
1769384254.1125686,1769384254112576075,Sr02_gA_IMG1_LID0_STA1_CFC64_OH0,0126_0036,A,0.4971001446247101,-0.0062164622358977795,0.5,0.0,-15.607186457741859,-1.258512489160889,-3.0516070963361948,19.40693025198179
1769384254.2366798,1769384254236687703,Sr02_gA_IMG1_LID0_STA1_CFC64_OH0,0126_0036,A,0.496633917093277,-0.006902005057781935,0.5,0.0,-15.656978721356577,-1.2629428051539726,-3.054495887732451,19.364319125982224
1769384254.3631208,1769384254363129110,Sr02_gA_IMG1_LID0_STA1_CFC64_OH0,0126_0036,A,0.47554445266723633,0.00015046307817101479,0.5,0.0,-15.731703640537797,-1.2693601762616744,-3.0571954066283613,19.30033402921614
1769384254.4832418,1769384254483249767,Sr02_gA_IMG1_LID0_STA1_CFC64_OH0,0126_0036,A,0.5021144151687622,-0.009062422439455986,0.5,0.0,-15.78152338628383,-1.2736019181737182,-3.0561160082757985,19.25770227554601
1769384254.6049807,1769384254604989374,Sr02_gA_IMG1_LID0_STA1_CFC64_OH0,0126_0036,A,0.49887412786483765,0.010387495160102844,0.5,0.0,-15.85624444084185,-1.2800642827648747,-3.054646082203289,19.193873925480954
1769384254.7256277,1769384254725637024,Sr02_gA_IMG1_LID0_STA1_CFC64_OH0,0126_0036,A,0.49872395396232605,0.010382896289229393,0.5,0.0,-15.906054719393664,-1.2844158114765507,-3.054257579826447,19.15138959800087
1769384254.8443692,1769384254844376769,Sr02_gA_IMG1_LID0_STA1_CFC64_OH0,0126_0036,A,0.513019859790802,0.004897118546068668,0.5,0.0,-15.955865087157145,-1.288766313992352,-3.054778202585649,19.108941100651517
1769384254.9547398,1769384254954747633,Sr02_gA_IMG1_LID0_STA1_CFC64_OH0,0126_0036,A,0.5024616718292236,0.006539020221680403,0.5,0.0,-16.03058580016854,-1.2952326774738017,-3.0557792240413124,19.045305463689868
1769384255.0701957,1769384255070205812,Sr02_gA_IMG1_LID0_STA1_CFC64_OH0,0126_0036,A,0.5139347314834595,0.003124471288174391,0.5,0.0,-16.080401779118084,-1.299518459101004,-3.0557641831546443,19.00291436978317
1769384255.1937187,1769384255193727075,Sr02_gA_IMG1_LID0_STA1_CFC64_OH0,0126_0036,A,0.5138066411018372,0.0030541419982910156,0.5,0.0,-16.13021865872324,-1.3037937460452391,-3.056394030754106,18.960554750179924
1769384255.3141701,1769384255314178092,Sr02_gA_IMG1_LID0_STA1_CFC64_OH0,0126_0036,A,0.4983442425727844,-0.01496056467294693,0.5,0.0,-16.20494759648015,-1.310164365794403,-3.0560029170578242,18.8970626864928
1769384255.4359202,1769384255435928658,Sr02_gA_IMG1_LID0_STA1_CFC64_OH0,0126_0036,A,0.4998283386230469,-0.008879460394382477,0.5,0.0,-16.254762336923417,-1.3144644928779903,-3.054964583135098,18.854810080243908
1769384255.552084,1769384255552091164,Sr02_gA_IMG1_LID0_STA1_CFC64_OH0,0126_0036,A,0.4996955692768097,-0.008908892050385475,0.5,0.0,-16.329477457271253,-1.32099516696581,-3.053994163522764,18.791545910165414
1769384255.670419,1769384255670426725,Sr02_gA_IMG1_LID0_STA1_CFC64_OH0,0126_0036,A,0.49341124296188354,0.011498037725687027,0.5,0.0,-16.37928430563175,-1.3253857762988464,-3.053340262919886,18.749437820995087
1769384255.7903907,1769384255790398068,Sr02_gA_IMG1_LID0_STA1_CFC64_OH0,0126_0036,A,0.24399131536483765,-0.03099226765334606,0.5,0.0,-16.4290886427342,-1.3298047871332677,-3.052925377389165,18.707384021441975
1769384255.9150414,1769384255915049791,Sr02_gA_IMG1_LID0_STA1_CFC64_OH0,0126_0036,A,0.3909703195095062,0.03292709216475487,0.5,0.0,-16.50379247385485,-1.3364633758582294,-3.0524651469093036,18.64439329418384
1769384256.031639,1769384256031647236,Sr02_gA_IMG1_LID0_STA1_CFC64_OH0,0126_0036,A,0.39170628786087036,0.03289158269762993,0.5,0.0,-16.553596564044124,-1.340885122769682,-3.053781040372872,18.60243950180124
1769384256.149206,1769384256149212774,Sr02_gA_IMG1_LID0_STA1_CFC64_OH0,0126_0036,A,0.5049583315849304,0.016615506261587143,0.5,0.0,-16.60340670011132,-1.3452382562086738,-3.054912233384258,18.560488012548145
1769384256.2649662,1769384256264972829,Sr02_gA_IMG1_LID0_STA1_CFC64_OH0,0126_0036,A,0.4938504695892334,0.06151790916919708,0.5,0.0,-16.678129425195028,-1.3516812994836727,-3.056247387721472,18.497588299118764
1769384256.3830185,1769384256383038169,Sr02_gA_IMG1_LID0_STA1_CFC64_OH0,0126_0036,A,0.4937840402126312,0.06146308407187462,0.5,0.0,-16.727947203393946,-1.355946099800464,-3.0557098083348513,18.45568861860987
1769384256.5051224,1769384256505132150,Sr02_gA_IMG1_LID0_STA1_CFC64_OH0,0126_0036,A,0.4805367887020111,0.11510046571493149,0.5,0.0,-16.777753437370226,-1.3602122425980103,-3.057488705710394,18.413840165645247
1769384256.6254518,1769384256625459903,Sr02_gA_IMG1_LID0_STA1_CFC64_OH0,0126_0036,A,0.5057556629180908,0.022439779713749886,0.5,0.0,-16.852477974621596,-1.3664553251054674,-3.056653267856071,18.35105617354072
1769384256.7488883,1769384256748895101,Sr02_gA_IMG1_LID0_STA1_CFC64_OH0,0126_0036,A,0.4928257465362549,0.03201127424836159,0.5,0.0,-16.902290645040182,-1.3707791306466828,-3.0533637598458157,18.309331650626316
1769384256.8733695,1769384256873376782,Sr02_gA_IMG1_LID0_STA1_CFC64_OH0,0126_0036,A,0.49343231320381165,0.030427441000938416,0.5,0.0,-16.976975637082525,-1.3775228620122657,-3.049849222273816,18.24697642444467
1769384256.9916475,1769384256991656365,Sr02_gA_IMG1_LID0_STA1_CFC64_OH0,0126_0036,A,0.4852231442928314,0.02030106820166111,0.5,0.0,-17.02675095593293,-1.3822567187652517,-3.0436974552817357,18.20558653955022
1769384257.115699,1769384257115707372,Sr02_gA_IMG1_LID0_STA1_CFC64_OH0,0126_0036,A,0.5054283738136292,0.016590356826782227,0.5,0.0,-17.101357001751662,-1.3899311806035264,-3.0344769112080177,18.14390988609383
1769384257.2365484,1769384257236557397,Sr02_gA_IMG1_LID0_STA1_CFC64_OH0,0126_0036,A,0.5065374374389648,0.01539476215839386,0.5,0.0,-17.151031176338552,-1.3955286664851516,-3.0236813915181036,18.10313629703963
1769384257.3609476,1769384257360955077,Sr02_gA_IMG1_LID0_STA1_CFC64_OH0,0126_0036,A,0.4755089581012726,-0.016062147915363312,0.5,0.0,-17.225447666601656,-1.4045888238153947,-3.0185430283698453,18.0424685590533
1769384257.478598,1769384257478604401,Sr02_gA_IMG1_LID0_STA1_CFC64_OH0,0126_0036,A,0.4745696783065796,-0.014349641278386116,0.5,0.0,-17.275059703254378,-1.4108052027465545,-3.01534190821984,18.002168328905466
1769384257.600446,1769384257600455031,Sr02_gA_IMG1_LID0_STA1_CFC64_OH0,0126_0036,A,0.5042973756790161,-0.014458056539297104,0.5,0.0,-17.324651911236753,-1.4171778505644608,-3.012267491271343,17.962010612991588
1769384257.7193887,1769384257719397992,Sr02_gA_IMG1_LID0_STA1_CFC64_OH0,0126_0036,A,0.5044586062431335,-0.014238385483622551,0.5,0.0,-17.399008898322403,-1.4269775031572982,-3.009019801148191,17.902012543173246
1769384257.8427944,1769384257842802821,Sr02_gA_IMG1_LID0_STA1_CFC64_OH0,0126_0036,A,0.5094873905181885,0.013292443007230759,0.5,0.0,-17.448564409549896,-1.4336296012552805,-3.0073236582865217,17.862149234798483
1769384257.9651253,1769384257965133306,Sr02_gA_IMG1_LID0_STA1_CFC64_OH0,0126_0036,A,0.49855124950408936,0.029265034943819046,0.5,0.0,-17.522877392329296,-1.443757652747634,-3.0052811743333,17.802542059616098
1769384258.0847418,1769384258084747922,Sr02_gA_IMG1_LID0_STA1_CFC64_OH0,0126_0036,A,0.41205716133117676,0.045854005962610245,0.5,0.0,-17.57241902287184,-1.4505123539579667,-3.006887379796064,17.762870381884017
1769384258.2039626,1769384258203970889,Sr02_gA_IMG1_LID0_STA1_CFC64_OH0,0126_0036,A,0.41276153922080994,0.04581749066710472,0.5,0.0,-17.621971074087025,-1.4571901877020093,-3.0083565929639797,17.723203635635073
1769384258.325074,1769384258325081472,Sr02_gA_IMG1_LID0_STA1_CFC64_OH0,0126_0036,A,0.5071576237678528,0.03046315535902977,0.5,0.0,-17.69631708459004,-1.4670728900549068,-3.010523129513197,17.66371926931078
1769384258.439465,1769384258439471402,Sr02_gA_IMG1_LID0_STA1_CFC64_OH0,0126_0036,A,0.5019747614860535,-0.004887621384114027,0.5,0.0,-17.745892864437714,-1.4735722217668674,-3.0119491626078125,17.62407388374119
1769384258.5579212,1769384258557928987,Sr02_gA_IMG1_LID0_STA1_CFC64_OH0,0126_0036,A,0.45327508449554443,0.1424437016248703,0.5,0.0,-17.82026299234513,-1.4832718257101518,-3.0108968349842042,17.564674416906847
1769384258.6758833,1769384258675890377,Sr02_gA_IMG1_LID0_STA1_CFC64_OH0,0126_0036,A,0.4540405571460724,0.1411268413066864,0.5,0.0,-17.869826956228653,-1.489860557203308,-3.007970339679213,17.52521699852226
1769384258.800229,1769384258800236357,Sr02_gA_IMG1_LID0_STA1_CFC64_OH0,0126_0036,A,0.5029175877571106,0.029949232935905457,0.5,0.0,-17.91936782186615,-1.4966206051456306,-3.003716738153903,17.48592030357831
1769384258.922848,1769384258922856055,Sr02_gA_IMG1_LID0_STA1_CFC64_OH0,0126_0036,A,0.5063880681991577,0.00837753340601921,0.5,0.0,-17.993620057300845,-1.5071838749229574,-2.996842300005259,17.42734451038132
1769384259.0437155,1769384259043723510,Sr02_gA_IMG1_LID0_STA1_CFC64_OH0,0126_0036,A,0.5065156817436218,0.007821005769073963,0.5,0.0,-18.04308608950971,-1.514471495008707,-2.9937959777027063,17.388519973469197
1769384259.1596692,1769384259159676914,Sr02_gA_IMG1_LID0_STA1_CFC64_OH0,0126_0036,A,0.5074554681777954,0.03676120936870575,0.5,0.0,-18.117247773992396,-1.525578932261664,-2.99273771610222,17.330512983161157
1769384259.2773926,1769384259277399692,Sr02_gA_IMG1_LID0_STA1_CFC64_OH0,0126_0036,A,0.5159704089164734,0.03665550798177719,0.5,0.0,-18.166533640269712,-1.5332498072502936,-2.980322147973113,17.292184238107744
1769384259.3987806,1769384259398788327,Sr02_gA_IMG1_LID0_STA1_CFC64_OH0,0126_0036,A,0.4372834861278534,0.01065060030668974,0.5,0.0,-18.21582635148316,-1.5416275589130812,-2.966183148760767,17.25427381002192
1769384259.5164664,1769384259516480828,Sr02_gA_IMG1_LID0_STA1_CFC64_OH0,0126_0036,A,0.43761563301086426,0.010966107249259949,0.5,0.0,-18.28954137854842,-1.55509474069768,-2.9582551646174213,17.1981829315816
1769384259.6349506,1769384259634958118,Sr02_gA_IMG1_LID0_STA1_CFC64_OH0,0126_0036,A,0.5111895203590393,0.015638800337910652,0.5,0.0,-18.3386995864933,-1.5642309394715577,-2.9574173961403307,17.160938568581166
1769384259.7595887,1769384259759598381,Sr02_gA_IMG1_LID0_STA1_CFC64_OH0,0126_0036,A,0.5039457678794861,0.0035607186146080494,0.5,0.0,-18.387850215360853,-1.573407825160916,-2.956613035347843,17.123786910244036
1769384259.8775835,1769384259877590827,Sr02_gA_IMG1_LID0_STA1_CFC64_OH0,0126_0036,A,0.5045911073684692,0.003573611844331026,0.5,0.0,-18.461546333257388,-1.5873315689546972,-2.9522564913568767,17.068290964288064
1769384260.0003457,1769384260000352510,Sr02_gA_IMG1_LID0_STA1_CFC64_OH0,0126_0036,A,0.501616358757019,-0.0018629138357937336,0.5,0.0,-18.51063542459296,-1.5968319896527083,-2.948588832448848,17.031526849219173
1769384260.1150599,1769384260115066617,Sr02_gA_IMG1_LID0_STA1_CFC64_OH0,0126_0036,A,0.4934863746166229,0.011799678206443787,0.5,0.0,-18.584224312740762,-1.6113120893010908,-2.94647112781397,16.976666897495345
1769384260.238059,1769384260238066677,Sr02_gA_IMG1_LID0_STA1_CFC64_OH0,0126_0036,A,0.5019600987434387,0.010958340018987656,0.5,0.0,-18.633270190115024,-1.6210332695289098,-2.9453745191240595,16.940226687829373
1769384260.364309,1769384260364316741,Sr02_gA_IMG1_LID0_STA1_CFC64_OH0,0126_0036,A,0.5021975636482239,0.010984747670590878,0.5,0.0,-18.68230309005723,-1.6308196834137785,-2.9438106452236505,16.9039015414796
1769384260.4913094,1769384260491318191,Sr02_gA_IMG1_LID0_STA1_CFC64_OH0,0126_0036,A,0.5068925619125366,0.0170905701816082,0.5,0.0,-18.75583219012515,-1.6456004296634295,-2.9429141872038347,16.849616406743746
1769384260.6093032,1769384260609310996,Sr02_gA_IMG1_LID0_STA1_CFC64_OH0,0126_0036,A,0.5052916407585144,0.019972549751400948,0.5,0.0,-18.804219551294775,-1.6553513492518723,-2.94256126921767,16.81399279627503
1769384260.731152,1769384260731160748,Sr02_gA_IMG1_LID0_STA1_CFC64_OH0,0126_0036,A,0.5009342432022095,0.01719491183757782,0.5,0.0,-18.84900525880964,-1.6643928086303392,-2.9421940471847865,16.78109157284578
1769384260.8563797,1769384260856388446,Sr02_gA_IMG1_LID0_STA1_CFC64_OH0,0126_0036,A,0.5009447336196899,0.017176417633891106,0.5,0.0,-18.85537512099678,-1.6656803259259214,-2.9420623738177127,16.77641774081114
1769384260.9754398,1769384260975448231,Sr02_gA_IMG1_LID0_STA1_CFC64_OH0,0126_0036,A,0.48496243357658386,-0.00872655026614666,0.5,0.0,-18.845682463786694,-1.6637198129374475,-2.9419690231460827,16.783529389373708
1769384261.0969305,1769384261096937403,Sr02_gA_IMG1_LID0_STA1_CFC64_OH0,0126_0036,A,0.44760754704475403,-0.0019338186830282211,0.5,0.0,-18.856697812429744,-1.6659487062130225,-2.941924791385536,16.775447934204532
1769384261.2172687,1769384261217276266,Sr02_gA_IMG1_LID0_STA1_CFC64_OH0,0126_0036,A,0.4479983150959015,-0.002046561799943447,0.5,0.0,-18.905020838153536,-1.6757307275032525,-2.941805154612042,16.740040836745703
1769384261.3369417,1769384261336951910,Sr02_gA_IMG1_LID0_STA1_CFC64_OH0,0126_0036,A,0.5013948678970337,-0.004578399006277323,0.5,0.0,-18.953515497081366,-1.6855797817599107,-2.940294195409142,16.704596331043533
1769384261.4566584,1769384261456665926,Sr02_gA_IMG1_LID0_STA1_CFC64_OH0,0126_0036,A,0.49440428614616394,0.0034975495655089617,0.5,0.0,-19.002497264273693,-1.6956189824049734,-2.938574704913582,16.668918033192988
1769384261.5766397,1769384261576646144,Sr02_gA_IMG1_LID0_STA1_CFC64_OH0,0126_0036,A,0.48966488242149353,-0.009219428524374962,0.5,0.0,-19.075937380818896,-1.7108356001631762,-2.9359976916431245,16.61565256056711
1769384261.6970534,1769384261697061952,Sr02_gA_IMG1_LID0_STA1_CFC64_OH0,0126_0036,A,0.48960041999816895,-0.009251637384295464,0.5,0.0,-19.124886302105537,-1.7210337691162345,-2.936611296166323,16.580274464504647
1769384261.823452,1769384261823460404,Sr02_gA_IMG1_LID0_STA1_CFC64_OH0,0126_0036,A,0.5091213583946228,0.014252813532948494,0.5,0.0,-19.198319370626873,-1.7362844638846833,-2.9369693008966915,16.527315209358964
1769384261.944139,1769384261944146281,Sr02_gA_IMG1_LID0_STA1_CFC64_OH0,0126_0036,A,0.5132822394371033,0.0049921683967113495,0.5,0.0,-19.247277286228577,-1.746439372757582,-2.9371739566556854,16.492095175169556
1769384262.0683365,1769384262068343524,Sr02_gA_IMG1_LID0_STA1_CFC64_OH0,0126_0036,A,0.49110695719718933,0.006839726120233536,0.5,0.0,-19.296237907995298,-1.7565812248971446,-2.9375558388784064,16.456942183569414
1769384262.1960511,1769384262196058755,Sr02_gA_IMG1_LID0_STA1_CFC64_OH0,0126_0036,A,0.4913482666015625,0.006793232634663582,0.5,0.0,-19.36968147532568,-1.7717812781518458,-2.937273491542022,16.404347921397576
1769384262.3177614,1769384262317779049,Sr02_gA_IMG1_LID0_STA1_CFC64_OH0,0126_0036,A,0.5020795464515686,0.008686179295182228,0.5,0.0,-19.44313005870499,-1.7869570489077102,-2.938530512582673,16.35191073707969
1769384262.43515,1769384262435157192,Sr02_gA_IMG1_LID0_STA1_CFC64_OH0,0126_0036,A,0.5009835362434387,-0.002981165423989296,0.5,0.0,-19.492107394557674,-1.7970178678320359,-2.939455674807786,16.317009237540884
1769384262.561151,1769384262561158583,Sr02_gA_IMG1_LID0_STA1_CFC64_OH0,0126_0036,A,0.5013319849967957,-0.002953797113150358,0.5,0.0,-19.54108221085644,-1.8070909323403204,-2.9380304137712265,16.28219545135355
1769384262.6810648,1769384262681072424,Sr02_gA_IMG1_LID0_STA1_CFC64_OH0,0126_0036,A,0.4990485906600952,-0.014180658385157585,0.5,0.0,-19.614524132859717,-1.82229892298921,-2.9369668139607032,16.230196035307085
1769384262.8128376,1769384262812844859,Sr02_gA_IMG1_LID0_STA1_CFC64_OH0,0126_0036,A,0.5062625408172607,0.007322591729462147,0.5,0.0,-19.663477505488217,-1.8324757050847205,-2.9362828425769427,16.19565812992653
1769384262.9327023,1769384262932709657,Sr02_gA_IMG1_LID0_STA1_CFC64_OH0,0126_0036,A,0.5124843120574951,0.0392519012093544,0.5,0.0,-19.73689452153567,-1.8478034756703339,-2.935244465988262,16.14404953863596
1769384263.053189,1769384263053197138,Sr02_gA_IMG1_LID0_STA1_CFC64_OH0,0126_0036,A,0.5126890540122986,0.03900780901312828,0.5,0.0,-19.78582934548406,-1.8580690750653681,-2.934375849882731,16.10978099371906
1769384263.1695898,1769384263169597997,Sr02_gA_IMG1_LID0_STA1_CFC64_OH0,0126_0036,A,0.49952033162117004,-0.01641158200800419,0.5,0.0,-19.85922833601126,-1.873482944872351,-2.93482246769107,16.058544522219364
1769384263.2872486,1769384263287257278,Sr02_gA_IMG1_LID0_STA1_CFC64_OH0,0126_0036,A,0.5006521940231323,0.011358194053173065,0.5,0.0,-19.90816480318157,-1.8837407148882725,-2.935117846920891,16.02447728999707
1769384263.4124851,1769384263412492493,Sr02_gA_IMG1_LID0_STA1_CFC64_OH0,0126_0036,A,0.42174339294433594,-0.008533356711268425,0.5,0.0,-19.9571089467697,-1.8939617759815495,-2.9364236334202314,15.990466295574814
1769384263.5300148,1769384263530023151,Sr02_gA_IMG1_LID0_STA1_CFC64_OH0,0126_0036,A,0.4223349690437317,-0.008912693709135056,0.5,0.0,-20.030538767166195,-1.9092280926329055,-2.9358661165667392,15.939558747656323
1769384263.658827,1769384263658835336,Sr02_gA_IMG1_LID0_STA1_CFC64_OH0,0126_0036,A,0.5114203095436096,-0.00796527974307537,0.5,0.0,-20.079464234059255,-1.9195380471493495,-2.9319409396680856,15.905826196385432
1769384263.7776763,1769384263777683757,Sr02_gA_IMG1_LID0_STA1_CFC64_OH0,0126_0036,A,0.5328258872032166,0.030413085594773293,0.5,0.0,-20.152775800732044,-1.9353619976152727,-2.926082454945476,15.855661216754354
1769384263.8976183,1769384263897626200,Sr02_gA_IMG1_LID0_STA1_CFC64_OH0,0126_0036,A,0.5093501806259155,0.009237479418516159,0.5,0.0,-20.201609657049715,-1.9460444121277938,-2.927002491175255,15.82243817785488
1769384264.0204523,1769384264020461513,Sr02_gA_IMG1_LID0_STA1_CFC64_OH0,0126_0036,A,0.5096479654312134,0.0090717151761055,0.5,0.0,-20.25045959923421,-1.9567066161230162,-2.9261443921825583,15.789278577327464
1769384264.1380346,1769384264138042213,Sr02_gA_IMG1_LID0_STA1_CFC64_OH0,0126_0036,A,0.5101062655448914,-0.010433167219161987,0.5,0.0,-20.323724848509972,-1.9727441390267066,-2.9266325107999966,15.73974003160939
1769384264.2577007,1769384264257707812,Sr02_gA_IMG1_LID0_STA1_CFC64_OH0,0126_0036,A,0.4997830390930176,0.0038879946805536747,0.5,0.0,-20.372578836662438,-1.9833877924914838,-2.9275237786323483,15.706789461843503
1769384264.3818765,1769384264381886284,Sr02_gA_IMG1_LID0_STA1_CFC64_OH0,0126_0036,A,0.49965769052505493,0.00388391874730587,0.5,0.0,-20.445876835869893,-1.9992749543820314,-2.92874699173709,15.657472462946972
1769384264.5016198,1769384264501628748,Sr02_gA_IMG1_LID0_STA1_CFC64_OH0,0126_0036,A,0.5187546014785767,0.006639461033046246,0.5,0.0,-20.494731797273378,-2.0098918527506564,-2.9261063474046836,15.624731567479955
1769384264.621046,1769384264621054024,Sr02_gA_IMG1_LID0_STA1_CFC64_OH0,0126_0036,A,0.5207248330116272,-0.01865585707128048,0.5,0.0,-20.567982803993868,-2.025994285580856,-2.924510613387691,15.575923980185868
1769384264.7468543,1769384264746861074,Sr02_gA_IMG1_LID0_STA1_CFC64_OH0,0126_0036,A,0.5195967555046082,-0.007775381673127413,0.5,0.0,-20.611332515673823,-2.0355740201132875,-2.9236719450609105,15.547168523068487
1769384264.8721232,1769384264872131925,Sr02_gA_IMG1_LID0_STA1_CFC64_OH0,0126_0036,A,0.5196780562400818,-0.007818905636668205,0.5,0.0,-20.636377711622035,-2.041127688669187,-2.9230362751992582,15.530600213539785
1769384264.9894783,1769384264989486329,Sr02_gA_IMG1_LID0_STA1_CFC64_OH0,0126_0036,A,0.5071257948875427,0.0027216211892664433,0.5,0.0,-20.639290241794868,-2.041773476988299,-2.922423031450952,15.528675039850038
1769384265.1085267,1769384265108533821,Sr02_gA_IMG1_LID0_STA1_CFC64_OH0,0126_0036,A,0.5112647414207458,-0.007524293381720781,0.5,0.0,-20.636216487869323,-2.0410887974188547,-2.922148387147507,15.530704886647815
1769384265.229472,1769384265229480492,Sr02_gA_IMG1_LID0_STA1_CFC64_OH0,0126_0036,A,0.5041543245315552,0.005644707940518856,0.5,0.0,-20.663920234282806,-2.0472745528783625,-2.921770647651006,15.512432317440625
1769384265.3442676,1769384265344276032,Sr02_gA_IMG1_LID0_STA1_CFC64_OH0,0126_0036,A,0.5042338967323303,0.00556448707357049,0.5,0.0,-20.70349501953673,-2.056122148582398,-2.9215335650687164,15.486389662625538
1769384265.463068,1769384265463075617,Sr02_gA_IMG1_LID0_STA1_CFC64_OH0,0126_0036,A,0.5148123502731323,-0.03331112116575241,0.5,0.0,-20.75225799303448,-2.0670060207081833,-2.9223961785016983,15.454375663506278
1769384265.5831168,1769384265583124166,Sr02_gA_IMG1_LID0_STA1_CFC64_OH0,0126_0036,A,0.5024425387382507,-0.012818031013011932,0.5,0.0,-20.82547293770891,-2.083271644605163,-2.9235664009622826,15.406441151288444
1769384265.6990874,1769384265699094580,Sr02_gA_IMG1_LID0_STA1_CFC64_OH0,0126_0036,A,0.5025476813316345,-0.012960877269506454,0.5,0.0,-20.874288859682352,-2.0940885495277186,-2.9233996524499055,15.37458381815585
1769384265.8233325,1769384265823341259,Sr02_gA_IMG1_LID0_STA1_CFC64_OH0,0126_0036,A,0.5159987807273865,0.02318936586380005,0.5,0.0,-20.92310388913699,-2.1049094800845585,-2.923742236808449,15.342826468672293
1769384265.942609,1769384265942615989,Sr02_gA_IMG1_LID0_STA1_CFC64_OH0,0126_0036,A,0.5213414430618286,0.029894661158323288,0.5,0.0,-20.996331743440997,-2.121116900269485,-2.9234223012668314,15.29535423605813
1769384266.0662105,1769384266066217731,Sr02_gA_IMG1_LID0_STA1_CFC64_OH0,0126_0036,A,0.499236136674881,-0.0008297008462250233,0.5,0.0,-21.045143466136043,-2.131952736454727,-2.922864248993508,15.263853378656561
1769384266.1829433,1769384266182952995,Sr02_gA_IMG1_LID0_STA1_CFC64_OH0,0126_0036,A,0.4987400472164154,-0.0011936463415622711,0.5,0.0,-21.11837918737006,-2.1480970577847054,-2.927062460745502,15.216705261969254
1769384266.30696,1769384266306967073,Sr02_gA_IMG1_LID0_STA1_CFC64_OH0,0126_0036,A,0.5196331739425659,0.02230262942612171,0.5,0.0,-21.16723981898826,-2.1587101637753956,-2.92834427743161,15.185274956788808
1769384266.4279544,1769384266427962553,Sr02_gA_IMG1_LID0_STA1_CFC64_OH0,0126_0036,A,0.5205954313278198,0.01981891319155693,0.5,0.0,-21.240555882843076,-2.17451240798137,-2.9299279106714264,15.138223258585462
1769384266.5471172,1769384266547124108,Sr02_gA_IMG1_LID0_STA1_CFC64_OH0,0126_0036,A,0.5210050344467163,0.019868331030011177,0.5,0.0,-21.289427782894375,-2.185073466040438,-2.927608985633869,15.107001734835272
1769384266.6662917,1769384266666299439,Sr02_gA_IMG1_LID0_STA1_CFC64_OH0,0126_0036,A,0.5186946392059326,0.022705476731061935,0.5,0.0,-21.338272763299845,-2.195758305509116,-2.9247536352248273,15.07598073429061
1769384266.7842824,1769384266784291771,Sr02_gA_IMG1_LID0_STA1_CFC64_OH0,0126_0036,A,0.5125454664230347,-0.013081906363368034,0.5,0.0,-21.41150817766764,-2.2119315334533827,-2.9242635804030175,15.029758832483466
1769384266.9047956,1769384266904803791,Sr02_gA_IMG1_LID0_STA1_CFC64_OH0,0126_0036,A,0.5084314942359924,0.0123323705047369,0.5,0.0,-21.460332660046134,-2.22270973369691,-2.9243829445634515,14.999070246282214
1769384267.020147,1769384267020155107,Sr02_gA_IMG1_LID0_STA1_CFC64_OH0,0126_0036,A,0.5086934566497803,0.012368947267532349,0.5,0.0,-21.50915386376497,-2.233502753522034,-2.923092552733118,14.968497783600016
1769384267.140744,1769384267140751573,Sr02_gA_IMG1_LID0_STA1_CFC64_OH0,0126_0036,A,0.49308258295059204,-0.00615661172196269,0.5,0.0,-21.58234495087506,-2.2498752831127553,-2.920020370237633,14.922984875589817
1769384267.2611687,1769384267261176857,Sr02_gA_IMG1_LID0_STA1_CFC64_OH0,0126_0036,A,0.5174964070320129,0.010517741553485394,0.5,0.0,-21.631111665907728,-2.2609118752410122,-2.9180345287772145,14.892874980456076
1769384267.3824904,1769384267382497889,Sr02_gA_IMG1_LID0_STA1_CFC64_OH0,0126_0036,A,0.5180017352104187,0.010795790702104568,0.5,0.0,-21.70421770116092,-2.2776600549619914,-2.9146854578302372,14.848070431829175
1769384267.505811,1769384267505818108,Sr02_gA_IMG1_LID0_STA1_CFC64_OH0,0126_0036,A,0.51732337474823,-0.019067814573645592,0.5,0.0,-21.752943382655467,-2.2888764397964922,-2.915993618942451,14.81837841457379
1769384267.6306732,1769384267630681364,Sr02_gA_IMG1_LID0_STA1_CFC64_OH0,0126_0036,A,0.518147885799408,0.006853924132883549,0.5,0.0,-21.801678591267024,-2.3000513682806103,-2.915776972758987,14.788761512683434
1769384267.7501,1769384267750107826,Sr02_gA_IMG1_LID0_STA1_CFC64_OH0,0126_0036,A,0.5073913335800171,0.03341088071465492,0.5,0.0,-21.87475887304467,-2.316911679370009,-2.913923096808583,14.744623853179283
1769384267.8730733,1769384267873081663,Sr02_gA_IMG1_LID0_STA1_CFC64_OH0,0126_0036,A,0.5072776675224304,0.03352366387844086,0.5,0.0,-21.923468332069543,-2.32819831904769,-2.914168232224766,14.715376235178473
1769384267.9981055,1769384267998113156,Sr02_gA_IMG1_LID0_STA1_CFC64_OH0,0126_0036,A,0.5010210871696472,0.013839535415172577,0.5,0.0,-21.99652901224859,-2.3451433857889183,-2.912924072850913,14.671727614913701
1769384268.1157343,1769384268115742129,Sr02_gA_IMG1_LID0_STA1_CFC64_OH0,0126_0036,A,0.4997539818286896,-0.011646181344985962,0.5,0.0,-22.045221334992952,-2.356503717910477,-2.9118444957591993,14.642822991929055
1769384268.232858,1769384268232866191,Sr02_gA_IMG1_LID0_STA1_CFC64_OH0,0126_0036,A,0.4976547360420227,-0.09667368233203888,0.5,0.0,-22.118260648614847,-2.3735406050112644,-2.9132903180942367,14.599676801471341
1769384268.3533392,1769384268353346116,Sr02_gA_IMG1_LID0_STA1_CFC64_OH0,0126_0036,A,0.4980751574039459,-0.09728812426328659,0.5,0.0,-22.166959364768307,-2.3848735053537014,-2.9126049283394866,14.57103507067747
1769384268.4786046,1769384268478612730,Sr02_gA_IMG1_LID0_STA1_CFC64_OH0,0126_0036,A,0.5149455070495605,-0.015001857653260231,0.5,0.0,-22.215640606962417,-2.3962811501822583,-2.909795004316219,14.542571987148431
1769384268.600787,1769384268600795504,Sr02_gA_IMG1_LID0_STA1_CFC64_OH0,0126_0036,A,0.5241863131523132,0.0022591284941881895,0.5,0.0,-22.288591181862255,-2.4136938201475946,-2.904772102195033,14.50035173793902
1769384268.725625,1769384268725633240,Sr02_gA_IMG1_LID0_STA1_CFC64_OH0,0126_0036,A,0.49855485558509827,-0.022000566124916077,0.5,0.0,-22.3371874871381,-2.425458104957558,-2.9033881358548026,14.472485432208737
1769384268.849757,1769384268849764905,Sr02_gA_IMG1_LID0_STA1_CFC64_OH0,0126_0036,A,0.49830660223960876,-0.023060902953147888,0.5,0.0,-22.41004237903403,-2.443129567517548,-2.9053769181410933,14.430955937977474
1769384268.9760191,1769384268976028007,Sr02_gA_IMG1_LID0_STA1_CFC64_OH0,0126_0036,A,0.5081878900527954,-0.25229412317276,0.5,-0.5,-22.458706754124353,-2.454595471440778,-2.915033833635402,14.403135862702559
1769384269.0994043,1769384269099412283,Sr02_gA_IMG1_LID0_STA1_CFC64_OH0,0126_0036,A,0.500991940498352,-0.20804864168167114,0.5,-0.5,-22.53191027728979,-2.4709093830204343,-2.9296147391177723,14.360873850005598
1769384269.3330152,1769384269333023343,Sr02_gA_IMG1_LID0_STA1_CFC64_OH0,0126_0036,A,0.506030261516571,-0.17476877570152283,0.5,-0.5,-22.580772980152048,-2.481360626985708,-2.9316685209317206,14.332512191574521
1769384269.44988,1769384269449887794,Sr02_gA_IMG1_LID0_STA1_CFC64_OH0,0126_0036,A,0.5058383345603943,-0.17858266830444336,0.5,-0.5,-22.70303960808998,-2.5073579331614186,-2.934014892970052,14.261957364257086
1769384269.5723393,1769384269572346004,Sr02_gA_IMG1_LID0_STA1_CFC64_OH0,0126_0036,A,0.5153402090072632,-0.28421077132225037,0.5,-0.5,-22.751977989193534,-2.5176065151447875,-2.9363103753312654,14.233817606040287
1769384269.6961946,1769384269696201337,Sr02_gA_IMG1_LID0_STA1_CFC64_OH0,0126_0036,A,0.505528450012207,-0.20912496745586395,0.5,-0.5,-22.825105001617626,-2.53242943628557,-2.95413660213072,14.191650807940354
1769384269.8229997,1769384269823010566,Sr02_gA_IMG1_LID0_STA1_CFC64_OH0,0126_0036,A,0.48357638716697693,-0.14134562015533447,0.5,0.0,-22.874322456155067,-2.541235777445823,-2.9749414626210933,14.162602501319183
1769384269.9406662,1769384269940673241,Sr02_gA_IMG1_LID0_STA1_CFC64_OH0,0126_0036,A,0.5103886723518372,-0.3472185432910919,0.5,-0.5,-22.948465036985088,-2.5525241545378634,-3.0054831350922124,14.117674471278391
1769384270.0595725,1769384270059579708,Sr02_gA_IMG1_LID0_STA1_CFC64_OH0,0126_0036,A,0.5074856281280518,-0.19737616181373596,0.5,-0.5,-22.998059365702222,-2.558875421932425,-3.022959986051511,14.086919150097591
1769384270.1796572,1769384270179665977,Sr02_gA_IMG1_LID0_STA1_CFC64_OH0,0126_0036,A,0.5061153173446655,-0.20864178240299225,0.5,-0.5,-23.047757934331766,-2.5643513315384032,-3.040780081891312,14.055581881064121
1769384270.2983582,1769384270298365925,Sr02_gA_IMG1_LID0_STA1_CFC64_OH0,0126_0036,A,0.49313968420028687,-0.19433675706386566,0.5,-0.5,-23.122394395316107,-2.5706969635521775,-3.076540299575698,14.007390682170728
1769384270.4166954,1769384270416702648,Sr02_gA_IMG1_LID0_STA1_CFC64_OH0,0126_0036,A,0.48809194564819336,-0.16570910811424255,0.5,-0.5,-23.17230384207395,-2.573411826898711,-3.097717825273424,13.974208735933948
1769384270.5341957,1769384270534203666,Sr02_gA_IMG1_LID0_STA1_CFC64_OH0,0126_0036,A,0.4858357310295105,-0.1794058084487915,0.5,-0.5,-23.24725390737307,-2.575755426119082,-3.121193527292072,13.923328831651336
1769384270.6572363,1769384270657244132,Sr02_gA_IMG1_LID0_STA1_CFC64_OH0,0126_0036,A,0.5020167231559753,-0.37405407428741455,0.5,-0.5,-23.296903513474224,-2.576233125199146,3.136630649503336,13.888974663073054
1769384270.7752583,1769384270775265621,Sr02_gA_IMG1_LID0_STA1_CFC64_OH0,0126_0036,A,0.5081050992012024,-0.3028934895992279,0.5,-0.5,-23.34678957506685,-2.5753491725483064,3.113510112989966,13.853571012902819
1769384270.897917,1769384270897924637,Sr02_gA_IMG1_LID0_STA1_CFC64_OH0,0126_0036,A,0.4982250928878784,-0.34308916330337524,0.5,-0.5,-23.42171644595055,-2.572106077433768,3.082920227640201,13.799184165098245
1769384271.0237248,1769384271023732597,Sr02_gA_IMG1_LID0_STA1_CFC64_OH0,0126_0036,A,0.4970243573188782,-0.35368651151657104,0.5,-0.5,-23.4715987760053,-2.5686893337916983,3.0634865806715963,13.76217534370414
1769384271.1465244,1769384271146531595,Sr02_gA_IMG1_LID0_STA1_CFC64_OH0,0126_0036,A,0.48975419998168945,-0.2737226188182831,0.5,-0.5,-23.546284216665125,-2.561849625756115,3.037497481249391,13.705669167576609
1769384271.267056,1769384271267063533,Sr02_gA_IMG1_LID0_STA1_CFC64_OH0,0126_0036,A,0.4948774576187134,-0.2294851839542389,0.5,-0.5,-23.59596429256711,-2.5562084667639047,3.0195569305602,13.667387514432484
1769384271.3896117,1769384271389619463,Sr02_gA_IMG1_LID0_STA1_CFC64_OH0,0126_0036,A,0.5074492692947388,-0.24380429089069366,0.5,-0.5,-23.669862816894014,-2.5455494162848122,2.9725000294009387,13.60893194706991
1769384271.5086803,1769384271508688003,Sr02_gA_IMG1_LID0_STA1_CFC64_OH0,0126_0036,A,0.5126383304595947,-0.25517889857292175,0.5,-0.5,-23.719006785996132,-2.536390572412575,2.94183706461835,13.56863406640134
1769384271.6297266,1769384271629736643,Sr02_gA_IMG1_LID0_STA1_CFC64_OH0,0126_0036,A,0.5051118731498718,-0.3410523533821106,0.5,-0.5,-23.767832743317175,-2.5256304473454887,2.9075282131359597,13.52744610169254
1769384271.7522135,1769384271752221119,Sr02_gA_IMG1_LID0_STA1_CFC64_OH0,0126_0036,A,0.5159165859222412,-0.3914948105812073,0.5,-0.5,-23.840297660831318,-2.506329569774822,2.8547932429398983,13.463982986872162
1769384271.87557,1769384271875577358,Sr02_gA_IMG1_LID0_STA1_CFC64_OH0,0126_0036,A,0.5178828835487366,-0.4035831093788147,0.5,-0.5,-23.888028320116184,-2.4914898914351977,2.826406321040789,13.420683568421943
1769384271.9956152,1769384271995623179,Sr02_gA_IMG1_LID0_STA1_CFC64_OH0,0126_0036,A,0.5233713388442993,-0.46280065178871155,0.5,-0.5,-23.958908903309556,-2.4669871749469925,2.791398008841201,13.354653101086472
1769384272.1141837,1769384272114190813,Sr02_gA_IMG1_LID0_STA1_CFC64_OH0,0126_0036,A,0.504016637802124,-0.35084664821624756,0.5,-0.5,-24.005660444552845,-2.4492623556286706,2.7670176226789374,13.309999142956771
1769384272.23479,1769384272234798060,Sr02_gA_IMG1_LID0_STA1_CFC64_OH0,0126_0036,A,0.5015013217926025,-0.23923613131046295,0.5,-0.5,-24.051960653818796,-2.430390227640821,2.741841020933374,13.264839631090629
1769384272.3530068,1769384272353014823,Sr02_gA_IMG1_LID0_STA1_CFC64_OH0,0126_0036,A,0.5008634924888611,-0.25763317942619324,0.5,-0.5,-24.120310957539118,-2.399669859304344,2.6941007728491555,13.196118877368162
1769384272.476111,1769384272476117792,Sr02_gA_IMG1_LID0_STA1_CFC64_OH0,0126_0036,A,0.5208133459091187,-0.3745903968811035,0.5,-0.5,-24.164952095351556,-2.3771892557099092,2.6555498942667817,13.14948093776892
1769384272.5985131,1769384272598521123,Sr02_gA_IMG1_LID0_STA1_CFC64_OH0,0126_0036,A,0.4952698349952698,-0.43297669291496277,0.5,-0.5,-24.23016746811111,-2.340203603682358,2.5950824946943722,13.07831532396763
1769384272.7189116,1769384272718919046,Sr02_gA_IMG1_LID0_STA1_CFC64_OH0,0126_0036,A,0.5076369643211365,-0.4450528919696808,0.5,-0.5,-24.272268192811346,-2.3132391388659017,2.5488025022062337,13.030100877670796
1769384272.8380525,1769384272838059710,Sr02_gA_IMG1_LID0_STA1_CFC64_OH0,0126_0036,A,0.5074442028999329,-0.4444614052772522,0.5,-0.5,-24.3331792798065,-2.269633152871144,2.4960555335408907,12.956949847564287
1769384272.9651723,1769384272965180148,Sr02_gA_IMG1_LID0_STA1_CFC64_OH0,0126_0036,A,0.46382734179496765,-0.48425915837287903,0.5,-0.5,-24.372754493771364,-2.2390769287359484,2.4721319461248448,12.907776620205553
1769384273.088649,1769384273088657341,Sr02_gA_IMG1_LID0_STA1_CFC64_OH0,0126_0036,A,0.4951229691505432,-0.6227208971977234,0.5,-0.5,-24.411563819323316,-2.207553950114787,2.4465526545778054,12.858400488581628
1769384273.2117386,1769384273211746071,Sr02_gA_IMG1_LID0_STA1_CFC64_OH0,0126_0036,A,0.4944162666797638,-0.6194105744361877,0.5,-0.5,-24.467954892933754,-2.1583028607086576,2.3964683685523744,12.784094308535613
1769384273.3360927,1769384273336100797,Sr02_gA_IMG1_LID0_STA1_CFC64_OH0,0126_0036,A,0.4951375424861908,-0.40933942794799805,0.5,-0.5,-24.503959742539113,-2.123614824616273,2.3531707721353614,12.734236987506687
1769384273.4562156,1769384273456222978,Sr02_gA_IMG1_LID0_STA1_CFC64_OH0,0126_0036,A,0.49669602513313293,-0.47089511156082153,0.5,-0.5,-24.555030418669208,-2.0687085232355784,2.2866544465809926,12.6592657689698
1769384273.5767834,1769384273576791009,Sr02_gA_IMG1_LID0_STA1_CFC64_OH0,0126_0036,A,0.49589765071868896,-0.42493736743927,0.5,-0.5,-24.586994394183783,-2.0302651581079654,2.2422024417305657,12.609301703756001
1769384273.6956792,1769384273695686739,Sr02_gA_IMG1_LID0_STA1_CFC64_OH0,0126_0036,A,0.49657127261161804,-0.4014764130115509,0.5,-0.5,-24.631499760709413,-1.9699216783310394,2.1698153498198143,12.534653587364245
1769384273.8169947,1769384273817002920,Sr02_gA_IMG1_LID0_STA1_CFC64_OH0,0126_0036,A,0.514001190662384,-0.31473028659820557,0.5,-0.5,-24.65864749663937,-1.9279397865566408,2.1198154036394006,12.485267687427294
1769384273.9420097,1769384273942017709,Sr02_gA_IMG1_LID0_STA1_CFC64_OH0,0126_0036,A,0.5033277273178101,0.009148450568318367,0.5,0.0,-24.68366308706683,-1.8846535411870224,2.0698154534466213,12.43633970543462
1769384274.0634298,1769384274063438255,Sr02_gA_IMG1_LID0_STA1_CFC64_OH0,0126_0036,A,0.4924148917198181,-0.044734515249729156,0.5,0.0,-24.717209625484838,-1.8176073573099627,2.002906355196479,12.364050668404673
1769384274.1830919,1769384274183099606,Sr02_gA_IMG1_LID0_STA1_CFC64_OH0,0126_0036,A,0.4935300648212433,-0.038658637553453445,0.5,0.0,-24.73706693337285,-1.7717514568199264,1.9559259021572761,12.316695432910919
1769384274.3063083,1769384274306316486,Sr02_gA_IMG1_LID0_STA1_CFC64_OH0,0126_0036,A,0.47990795969963074,-0.05753029137849808,0.5,0.0,-24.762897623444037,-1.7013540173280917,1.8905816391492767,12.247162528536562
1769384274.4240127,1769384274424019938,Sr02_gA_IMG1_LID0_STA1_CFC64_OH0,0126_0036,A,0.49109652638435364,-0.07063115388154984,0.5,0.0,-24.777658860308065,-1.6535861440738728,1.8504340353638735,12.201879549294347
1769384274.5431705,1769384274543177409,Sr02_gA_IMG1_LID0_STA1_CFC64_OH0,0126_0036,A,0.4821982979774475,-0.02958950586616993,0.5,0.0,-24.796516829093235,-1.5810182431476096,1.8012885303742332,12.135565451374502
1769384274.6639588,1769384274663966424,Sr02_gA_IMG1_LID0_STA1_CFC64_OH0,0126_0036,A,0.4831382930278778,-0.027535762637853622,0.5,0.0,-24.807389420659,-1.5327565081771402,1.7882211424988033,12.09264818388577
1769384274.783851,1769384274783858280,Sr02_gA_IMG1_LID0_STA1_CFC64_OH0,0126_0036,A,0.500239908695221,-0.00918186642229557,0.5,0.0,-24.818065783321877,-1.483913548815108,1.7837611342077109,12.049487101722233
1769384274.9060354,1769384274906044287,Sr02_gA_IMG1_LID0_STA1_CFC64_OH0,0126_0036,A,0.48355981707572937,-0.033230654895305634,0.5,0.0,-24.833689599377756,-1.4105590738156855,1.7777193086995233,11.98504502235798
1769384275.026014,1769384275026022013,Sr02_gA_IMG1_LID0_STA1_CFC64_OH0,0126_0036,A,0.4836728274822235,-0.03263130038976669,0.5,0.0,-24.843837892957577,-1.361599852272224,1.7723437358704732,11.942293521835232
1769384275.1464097,1769384275146416564,Sr02_gA_IMG1_LID0_STA1_CFC64_OH0,0126_0036,A,0.4910103380680084,0.11266530305147171,0.5,0.0,-24.858480271972372,-1.2880434226630377,1.762011106963474,11.87858373744974
1769384275.2661474,1769384275266154567,Sr02_gA_IMG1_LID0_STA1_CFC64_OH0,0126_0036,A,0.4957519471645355,0.026192989200353622,0.5,0.0,-24.867907963272522,-1.2389467345711462,1.7590295875765014,11.836370195974938
1769384275.3861697,1769384275386176505,Sr02_gA_IMG1_LID0_STA1_CFC64_OH0,0126_0036,A,0.49887099862098694,-0.021169710904359818,0.5,0.0,-24.87719651027697,-1.1898170999534265,1.756276014244775,11.794289275087294
1769384275.5030172,1769384275503025485,Sr02_gA_IMG1_LID0_STA1_CFC64_OH0,0126_0036,A,0.4987354278564453,-0.019368605688214302,0.5,0.0,-24.890930181978625,-1.116085262730934,1.7541645678418085,11.73139487857852
1769384275.6214514,1769384275621458300,Sr02_gA_IMG1_LID0_STA1_CFC64_OH0,0126_0036,A,0.4963286817073822,0.11062036454677582,0.5,0.0,-24.899986887583328,-1.066912365939225,1.7513225011716886,11.689599944146698
1769384275.7409272,1769384275740934129,Sr02_gA_IMG1_LID0_STA1_CFC64_OH0,0126_0036,A,0.49842628836631775,-0.01503499411046505,0.5,0.0,-24.908883448994388,-1.0177102455496585,1.748047388941361,11.647959728358677
1769384275.8602529,1769384275860260647,Sr02_gA_IMG1_LID0_STA1_CFC64_OH0,0126_0036,A,0.4982859194278717,-0.014326389878988266,0.5,0.0,-24.92214950120319,-0.9440168780060045,1.7549377179041659,11.585757066576896
1769384275.983736,1769384275983743095,Sr02_gA_IMG1_LID0_STA1_CFC64_OH0,0126_0036,A,0.48858675360679626,-0.030061477795243263,0.5,0.0,-24.93139123633133,-0.8949120421081186,1.758181452028639,11.54411185732368
1769384276.101405,1769384276101412579,Sr02_gA_IMG1_LID0_STA1_CFC64_OH0,0126_0036,A,0.4901446998119354,0.0062141576781868935,0.5,0.0,-24.945343207795165,-0.8212328152251613,1.7565169942306247,11.481690247451546
1769384276.2228415,1769384276222849571,Sr02_gA_IMG1_LID0_STA1_CFC64_OH0,0126_0036,A,0.49076443910598755,-0.014881882816553116,0.5,0.0,-24.9545267620082,-0.7720834386467823,1.754544113406148,11.440221133758126
1769384276.344619,1769384276344625823,Sr02_gA_IMG1_LID0_STA1_CFC64_OH0,0126_0036,A,0.4905487895011902,-0.014513591304421425,0.5,0.0,-24.96373285421502,-0.7230400975753271,1.7609119981372967,11.398879899852217
1769384276.468332,1769384276468339444,Sr02_gA_IMG1_LID0_STA1_CFC64_OH0,0126_0036,A,0.5027246475219727,0.010448713786900043,0.5,0.0,-24.97826771866116,-0.649543236214069,1.7666860857615856,11.336532526924493
1769384276.5897653,1769384276589781877,Sr02_gA_IMG1_LID0_STA1_CFC64_OH0,0126_0036,A,0.4864633083343506,-0.001783483661711216,0.5,0.0,-24.987964551472345,-0.6004925411244415,1.7652534485799536,11.295010339265488
1769384276.7097225,1769384276709729774,Sr02_gA_IMG1_LID0_STA1_CFC64_OH0,0126_0036,A,0.4992632567882538,-0.012420350685715675,0.5,0.0,-25.002325975822217,-0.526880441667427,1.7619417841081122,11.23296193569091
1769384276.8328934,1769384276832901234,Sr02_gA_IMG1_LID0_STA1_CFC64_OH0,0126_0036,A,0.499359667301178,-0.011305926367640495,0.5,0.0,-25.01184040767643,-0.4777940363284091,1.7625631967078796,11.191718923033127
1769384276.9568894,1769384276956897207,Sr02_gA_IMG1_LID0_STA1_CFC64_OH0,0126_0036,A,0.49662521481513977,0.011115074157714844,0.5,0.0,-25.026081743939372,-0.4041585722267234,1.760752854198974,11.130006607390207
1769384277.0775368,1769384277077543208,Sr02_gA_IMG1_LID0_STA1_CFC64_OH0,0126_0036,A,0.5008062124252319,0.012173501774668694,0.5,0.0,-25.035486918988507,-0.3550511193668969,1.7593014971605205,11.089008007151095
1769384277.201816,1769384277201822904,Sr02_gA_IMG1_LID0_STA1_CFC64_OH0,0126_0036,A,0.5007859468460083,0.012758703902363777,0.5,0.0,-25.044882112612644,-0.3059417537355758,1.760346347729109,11.048089396791847
1769384277.3177812,1769384277317788877,Sr02_gA_IMG1_LID0_STA1_CFC64_OH0,0126_0036,A,0.4988362789154053,0.04251829534769058,0.5,0.0,-25.05902786061469,-0.2322878531510618,1.7604458003007006,10.986821184342777
1769384277.4375334,1769384277437544449,Sr02_gA_IMG1_LID0_STA1_CFC64_OH0,0126_0036,A,0.49090445041656494,0.02184424176812172,0.5,0.0,-25.068428059554538,-0.1831794461738766,1.7593101438991063,10.94608860068974
1769384277.5560555,1769384277556062019,Sr02_gA_IMG1_LID0_STA1_CFC64_OH0,0126_0036,A,0.49997562170028687,0.02433573082089424,0.5,0.0,-25.082419732734323,-0.10949613044537158,1.757603112640089,10.885199246868673
1769384277.6880176,1769384277688030521,Sr02_gA_IMG1_LID0_STA1_CFC64_OH0,0126_0036,A,0.49999845027923584,0.024901574477553368,0.5,0.0,-25.09173314304131,-0.0603711895862,1.7587146010813774,10.84471317011245
1769384277.8099022,1769384277809909634,Sr02_gA_IMG1_LID0_STA1_CFC64_OH0,0126_0036,A,0.4917169511318207,-0.0422254353761673,0.5,0.0,-25.105809423702755,0.013296008453940276,1.7605205733847644,10.784069908586003
1769384277.9293058,1769384277929315618,Sr02_gA_IMG1_LID0_STA1_CFC64_OH0,0126_0036,A,0.4939354360103607,-0.017295975238084793,0.5,0.0,-25.115270149739814,0.06239279049378651,1.7617964416535055,10.743695656192838
1769384278.0495155,1769384278049523692,Sr02_gA_IMG1_LID0_STA1_CFC64_OH0,0126_0036,A,0.49844738841056824,-0.02291404828429222,0.5,0.0,-25.129721764330114,0.1359871611002091,1.767876557324579,10.683129676649589
1769384278.172476,1769384278172481836,Sr02_gA_IMG1_LID0_STA1_CFC64_OH0,0126_0036,A,0.4983329474925995,-0.022429294884204865,0.5,0.0,-25.139565655972312,0.18500854914277576,1.7700609937483658,10.642728017435374
1769384278.292108,1769384278292115727,Sr02_gA_IMG1_LID0_STA1_CFC64_OH0,0126_0036,A,0.49455612897872925,-0.025195209309458733,0.5,0.0,-25.149522710912528,0.23400707469140727,1.7724945609437324,10.60233990493271
1769384278.4119053,1769384278411912906,Sr02_gA_IMG1_LID0_STA1_CFC64_OH0,0126_0036,A,0.49467048048973083,-0.03489603474736214,0.5,0.0,-25.1646837912252,0.30745865344127216,1.7762128152911807,10.54177583649386
1769384278.533274,1769384278533281155,Sr02_gA_IMG1_LID0_STA1_CFC64_OH0,0126_0036,A,0.4839448630809784,-0.12592534720897675,0.5,0.0,-25.174819274744035,0.35639800077135125,1.7729878453443915,10.501501363150398
1769384278.6525383,1769384278652545991,Sr02_gA_IMG1_LID0_STA1_CFC64_OH0,0126_0036,A,0.4841427505016327,-0.12303892523050308,0.5,0.0,-25.189767350794796,0.4298932455438572,1.7700879624971722,10.441380203464702
1769384278.7728875,1769384278772895099,Sr02_gA_IMG1_LID0_STA1_CFC64_OH0,0126_0036,A,0.4965195953845978,0.006954948417842388,0.5,0.0,-25.19960994223986,0.4789148936450482,1.7677965626134031,10.401482333028186
1769384278.8960557,1769384278896062758,Sr02_gA_IMG1_LID0_STA1_CFC64_OH0,0126_0036,A,0.4985390603542328,-0.00108019495382905,0.5,0.0,-25.209340762218815,0.5279588511470279,1.7655390938443596,10.361741303263022
1769384279.0111153,1769384279011122962,Sr02_gA_IMG1_LID0_STA1_CFC64_OH0,0126_0036,A,0.49862140417099,0.00014860369265079498,0.5,0.0,-25.223720743226583,0.6015673349512837,1.7618427980427225,10.30243237063458
1769384279.1315181,1769384279131526141,Sr02_gA_IMG1_LID0_STA1_CFC64_OH0,0126_0036,A,0.48559507727622986,-0.016132252290844917,0.5,0.0,-25.233133918164672,0.6506732340047803,1.7584502157942334,10.263116289188968
1769384279.2480462,1769384279248053858,Sr02_gA_IMG1_LID0_STA1_CFC64_OH0,0126_0036,A,0.4965222477912903,0.03293026611208916,0.5,0.0,-25.242220761693552,0.6997896217651133,1.7476615598296301,10.224133984960744
1769384279.3645382,1769384279364544916,Sr02_gA_IMG1_LID0_STA1_CFC64_OH0,0126_0036,A,0.49854594469070435,0.0009499138686805964,0.5,0.0,-25.254727177215855,0.7737384409747229,1.7290902923374802,10.166517503001844
1769384279.4880517,1769384279488060519,Sr02_gA_IMG1_LID0_STA1_CFC64_OH0,0126_0036,A,0.4987322986125946,0.0018413079669699073,0.5,0.0,-25.262396421158517,0.8230620853641524,1.7240074348662269,10.128727071676701
1769384279.608535,1769384279608544469,Sr02_gA_IMG1_LID0_STA1_CFC64_OH0,0126_0036,A,0.49674198031425476,-0.051328130066394806,0.5,0.0,-25.27385242681225,0.8971819828880297,1.7240864656571033,10.072189664813878
1769384279.7429683,1769384279742974725,Sr02_gA_IMG1_LID0_STA1_CFC64_OH0,0126_0036,A,0.4993254840373993,0.019872179254889488,0.5,0.0,-25.281486742204397,0.9465957149000661,1.724089037095423,10.034634535558652
1769384279.8670459,1769384279867053839,Sr02_gA_IMG1_LID0_STA1_CFC64_OH0,0126_0036,A,0.4994295537471771,0.02131251059472561,0.5,0.0,-25.292859963912676,1.0207171044328747,1.7222126027364788,9.978566442001709
1769384279.9917848,1769384279991793077,Sr02_gA_IMG1_LID0_STA1_CFC64_OH0,0126_0036,A,0.5058528184890747,0.0045895944349467754,0.5,0.0,-25.300482460330876,1.0701326389906871,1.7251858220944147,9.94129427106329
1769384280.1119294,1769384280111938638,Sr02_gA_IMG1_LID0_STA1_CFC64_OH0,0126_0036,A,0.48769697546958923,-0.003802160732448101,0.5,0.0,-25.3120210941757,1.1442397183081972,1.7253461429784078,9.885525451902526
1769384280.2326512,1769384280232658992,Sr02_gA_IMG1_LID0_STA1_CFC64_OH0,0126_0036,A,0.4947130084037781,0.1111394613981247,0.5,0.0,-25.31972240688035,1.1936430527963129,1.7255302734210844,9.848482047734556
1769384280.3515055,1769384280351513160,Sr02_gA_IMG1_LID0_STA1_CFC64_OH0,0126_0036,A,0.4946981370449066,0.11207220703363419,0.5,0.0,-25.32733117573783,1.243049149443204,1.7210843546158208,9.811624137397661
1769384280.474337,1769384280474343410,Sr02_gA_IMG1_LID0_STA1_CFC64_OH0,0126_0036,A,0.503965437412262,0.01737092435359955,0.5,0.0,-25.33846463043948,1.3171909928278418,1.720854257830479,9.75675547924011
1769384280.595122,1769384280595129297,Sr02_gA_IMG1_LID0_STA1_CFC64_OH0,0126_0036,A,0.49984803795814514,-0.023916836827993393,0.5,0.0,-25.34599207734499,1.3666211079362336,1.722985505097164,9.72024151424579
1769384280.7164302,1769384280716437439,Sr02_gA_IMG1_LID0_STA1_CFC64_OH0,0126_0036,A,0.5111828446388245,-0.047541022300720215,0.5,0.0,-25.35741091173277,1.440746739005732,1.7240084137089735,9.665608076200051
1769384280.83831,1769384280838319772,Sr02_gA_IMG1_LID0_STA1_CFC64_OH0,0126_0036,A,0.5111607313156128,-0.046753011643886566,0.5,0.0,-25.365036125500254,1.4901618760684183,1.7237121220933427,9.629329276858444
1769384280.9641857,1769384280964193425,Sr02_gA_IMG1_LID0_STA1_CFC64_OH0,0126_0036,A,0.5045359134674072,-0.010797983035445213,0.5,0.0,-25.376884573272143,1.56414398823255,1.7376686200740885,9.574901671045946
1769384281.0875206,1769384281087531830,Sr02_gA_IMG1_LID0_STA1_CFC64_OH0,0126_0036,A,0.5016522407531738,-0.027215981855988503,0.5,0.0,-25.385465629397448,1.613401870719335,1.7488758222484073,9.53826555746502
1769384281.2097683,1769384281209783156,Sr02_gA_IMG1_LID0_STA1_CFC64_OH0,0126_0036,A,0.5019344687461853,-0.03661494702100754,0.5,0.0,-25.399008605288113,1.6871202017825808,1.7529800206146702,9.483103843829545
1769384281.3358274,1769384281335835273,Sr02_gA_IMG1_LID0_STA1_CFC64_OH0,0126_0036,A,0.5019534826278687,-0.0358814001083374,0.5,0.0,-25.40800867159711,1.7363035048126578,1.7505883416746146,9.446481231542593
1769384281.4573004,1769384281457308534,Sr02_gA_IMG1_LID0_STA1_CFC64_OH0,0126_0036,A,0.49525168538093567,-0.09731530398130417,0.5,0.0,-25.41684399428323,1.7855166349007063,1.7460705067656674,9.410096641065742
1769384281.5757847,1769384281575792693,Sr02_gA_IMG1_LID0_STA1_CFC64_OH0,0126_0036,A,0.5023044347763062,-0.0013823043555021286,0.5,0.0,-25.42966215781066,1.859412989450428,1.7393855753569807,9.356061667856437
1769384281.6912165,1769384281691224823,Sr02_gA_IMG1_LID0_STA1_CFC64_OH0,0126_0036,A,0.4974983036518097,-0.03260757774114609,0.5,0.0,-25.438025131419153,1.9087086293456195,1.7383057711595502,9.320329045527439
1769384281.8109791,1769384281810985086,Sr02_gA_IMG1_LID0_STA1_CFC64_OH0,0126_0036,A,0.497335821390152,-0.03131132945418358,0.5,0.0,-25.45040135908497,1.982680386768496,1.7345517525606327,9.267098018507061
1769384281.9351363,1769384281935144006,Sr02_gA_IMG1_LID0_STA1_CFC64_OH0,0126_0036,A,0.4904402196407318,0.16934652626514435,0.5,0.0,-25.458466660904776,2.0320255773689757,1.7309842605371455,9.231912252162486
1769384282.0595474,1769384282059555091,Sr02_gA_IMG1_LID0_STA1_CFC64_OH0,0126_0036,A,0.48482510447502136,0.15730033814907074,0.5,0.0,-25.466352116273267,2.081399827288362,1.7273667840054954,9.196994110899197
1769384282.1875343,1769384282187544205,Sr02_gA_IMG1_LID0_STA1_CFC64_OH0,0126_0036,A,0.48490259051322937,0.15735305845737457,0.5,0.0,-25.477675050581325,2.1555224401825113,1.7154955917644072,9.145259590254403
1769384282.316828,1769384282316835963,Sr02_gA_IMG1_LID0_STA1_CFC64_OH0,0126_0036,A,0.4748586416244507,0.19075189530849457,0.5,0.0,-25.48475988267005,2.204976404554514,1.7125798065888804,9.111309520819384
1769384282.440547,1769384282440556035,Sr02_gA_IMG1_LID0_STA1_CFC64_OH0,0126_0036,A,0.5023049116134644,0.045890163630247116,0.5,0.0,-25.495219724566972,2.2792433604283637,1.7083132062507762,9.06075253325653
1769384282.5603473,1769384282560356001,Sr02_gA_IMG1_LID0_STA1_CFC64_OH0,0126_0036,A,0.5059523582458496,0.005063699558377266,0.5,0.0,-25.505349698930555,2.3534036907534426,1.7081836749580106,9.010869517480831
1769384282.6797569,1769384282679766073,Sr02_gA_IMG1_LID0_STA1_CFC64_OH0,0126_0036,A,0.5059162378311157,0.007685200311243534,0.5,0.0,-25.512581534281935,2.4027786903931916,1.7245323491581515,8.9774444065815
1769384282.8065827,1769384282806590994,Sr02_gA_IMG1_LID0_STA1_CFC64_OH0,0126_0036,A,0.4923247992992401,0.021282898262143135,0.5,0.0,-25.520626379865966,2.452126725659446,1.7402623598111027,8.943508622800493
1769384282.9254,1769384282925408799,Sr02_gA_IMG1_LID0_STA1_CFC64_OH0,0126_0036,A,0.49354586005210876,-0.034446921199560165,0.5,0.0,-25.534146725874525,2.525896220593123,1.7638642255304113,8.891808395855785
1769384283.048423,1769384283048429723,Sr02_gA_IMG1_LID0_STA1_CFC64_OH0,0126_0036,A,0.49607768654823303,-0.02082403004169464,0.5,0.0,-25.544206096780023,2.5748685739003383,1.7829236005130256,8.856759768287334
1769384283.173971,1769384283173978488,Sr02_gA_IMG1_LID0_STA1_CFC64_OH0,0126_0036,A,0.49575215578079224,-0.01991480030119419,0.5,0.0,-25.560698320192987,2.6479181906466307,1.7975026399945089,8.803492716158393
1769384283.2958682,1769384283295878058,Sr02_gA_IMG1_LID0_STA1_CFC64_OH0,0126_0036,A,0.4898879826068878,-0.027516232803463936,0.5,0.0,-25.57194912173589,2.6966359397029525,1.798009019277354,8.7679307412495
1769384283.4134994,1769384283413507463,Sr02_gA_IMG1_LID0_STA1_CFC64_OH0,0126_0036,A,0.49661365151405334,-0.02029414288699627,0.5,0.0,-25.58888236466014,2.7696993639860326,1.7991093655033232,8.714812095032304
1769384283.5329866,1769384283532994217,Sr02_gA_IMG1_LID0_STA1_CFC64_OH0,0126_0036,A,0.49780112504959106,0.004306236747652292,0.5,0.0,-25.60025091444646,2.818389761552462,1.80123764144361,8.67952096160193
1769384283.6494925,1769384283649500145,Sr02_gA_IMG1_LID0_STA1_CFC64_OH0,0126_0036,A,0.49781838059425354,0.00465413136407733,0.5,0.0,-25.611592913146495,2.8670746327354544,1.7979681596424062,8.644400498407924
1769384283.7704644,1769384283770473891,Sr02_gA_IMG1_LID0_STA1_CFC64_OH0,0126_0036,A,0.4968269467353821,-0.010185519233345985,0.5,0.0,-25.628343588652687,2.940180097014684,1.794435863754691,8.592180397554518
1769384283.8917608,1769384283891775624,Sr02_gA_IMG1_LID0_STA1_CFC64_OH0,0126_0036,A,0.49864426255226135,-0.030917758122086525,0.5,0.0,-25.639383234662017,2.9889461206860157,1.792426201721009,8.557649755598867
1769384284.0134656,1769384284013473775,Sr02_gA_IMG1_LID0_STA1_CFC64_OH0,0126_0036,A,0.4985743463039398,-0.030616598203778267,0.5,0.0,-25.65031378471425,3.037736706542107,1.7898266171589523,8.523353990343287
1769384284.1298127,1769384284129821183,Sr02_gA_IMG1_LID0_STA1_CFC64_OH0,0126_0036,A,0.4926968216896057,0.005756022408604622,0.5,0.0,-25.666476530866866,3.11097439982121,1.786421391273472,8.472378735487966
1769384284.2509792,1769384284250984534,Sr02_gA_IMG1_LID0_STA1_CFC64_OH0,0126_0036,A,0.49351266026496887,0.02838035300374031,0.5,0.0,-25.67718494828545,3.159814234394511,1.7868519954197226,8.438644987624727
1769384284.370395,1769384284370415831,Sr02_gA_IMG1_LID0_STA1_CFC64_OH0,0126_0036,A,0.49925103783607483,0.025403901934623718,0.5,0.0,-25.693288229125464,3.233065059700483,1.7875396768948106,8.3883178589038
1769384284.4943647,1769384284494373256,Sr02_gA_IMG1_LID0_STA1_CFC64_OH0,0126_0036,A,0.49926093220710754,0.02587079256772995,0.5,0.0,-25.70402891912967,3.281897805863774,1.7868179305188323,8.354968102368261
1769384284.61548,1769384284615487755,Sr02_gA_IMG1_LID0_STA1_CFC64_OH0,0126_0036,A,0.5088988542556763,0.0610843151807785,0.5,0.0,-25.719963261166235,3.3551855030989874,1.7825949343501262,8.305392792220282
1769384284.7362235,1769384284736233188,Sr02_gA_IMG1_LID0_STA1_CFC64_OH0,0126_0036,A,0.49037280678749084,0.003566715167835355,0.5,0.0,-25.730399345899173,3.4040842338108432,1.779533279306871,8.272699912125645
1769384284.8652973,1769384284865304447,Sr02_gA_IMG1_LID0_STA1_CFC64_OH0,0126_0036,A,0.492088258266449,-0.01676517352461815,0.5,0.0,-25.74077464282391,3.452995917775663,1.7801088527740057,8.240228033446426
1769384284.9844368,1769384284984444346,Sr02_gA_IMG1_LID0_STA1_CFC64_OH0,0126_0036,A,0.49179336428642273,-0.015553871169686317,0.5,0.0,-25.756470014472058,3.5263351798566553,1.7836871526418403,8.191747425168005
1769384285.1035717,1769384285103579865,Sr02_gA_IMG1_LID0_STA1_CFC64_OH0,0126_0036,A,0.49619001150131226,-0.02510533109307289,0.5,0.0,-25.767097776947825,3.575192615258659,1.7862573054198665,8.15952111504476
1769384285.2269225,1769384285226929893,Sr02_gA_IMG1_LID0_STA1_CFC64_OH0,0126_0036,A,0.49967360496520996,-0.010214630514383316,0.5,0.0,-25.78327439594574,3.6484272329490324,1.790133248702006,8.111334361715915
1769384285.3495636,1769384285349571267,Sr02_gA_IMG1_LID0_STA1_CFC64_OH0,0126_0036,A,0.4998360276222229,-0.009282924234867096,0.5,0.0,-25.794302266614146,3.697195220531661,1.796239453570263,8.079245204182623
1769384285.4732146,1769384285473221601,Sr02_gA_IMG1_LID0_STA1_CFC64_OH0,0126_0036,A,0.4979454278945923,0.0122650396078825,0.5,0.0,-25.81120628957271,3.7702536539294123,1.7982747747466636,8.031172877988508
1769384285.589986,1769384285589993737,Sr02_gA_IMG1_LID0_STA1_CFC64_OH0,0126_0036,A,0.49521127343177795,0.014145586639642715,0.5,0.0,-25.822441533072265,3.8189749880736943,1.796598261342249,7.999378286809952
1769384285.7133048,1769384285713312697,Sr02_gA_IMG1_LID0_STA1_CFC64_OH0,0126_0036,A,0.49585792422294617,0.026511527597904205,0.5,0.0,-25.833597470000015,3.867714543344339,1.7950307628386446,7.967833805921818
1769384285.8333292,1769384285833336529,Sr02_gA_IMG1_LID0_STA1_CFC64_OH0,0126_0036,A,0.49583110213279724,0.02737387642264366,0.5,0.0,-25.850165864304376,3.9408615333941093,1.7917425488577714,7.921006215513282
1769384285.9547334,1769384285954742445,Sr02_gA_IMG1_LID0_STA1_CFC64_OH0,0126_0036,A,0.4824979603290558,0.0417792946100235,0.5,0.0,-25.861098592494326,3.9896516442787644,1.7907210760827008,7.890120562454335
1769384286.0737548,1769384286073761412,Sr02_gA_IMG1_LID0_STA1_CFC64_OH0,0126_0036,A,0.493221253156662,-0.0018068631179630756,0.5,0.0,-25.877407499802974,4.06285695761761,1.789300687869257,7.844234927182536
1769384286.198307,1769384286198314415,Sr02_gA_IMG1_LID0_STA1_CFC64_OH0,0126_0036,A,0.4953247010707855,-0.015613250434398651,0.5,0.0,-25.88826592798042,4.111663657308388,1.7903116940496597,7.813906306382759
1769384286.3204772,1769384286320486292,Sr02_gA_IMG1_LID0_STA1_CFC64_OH0,0126_0036,A,0.4952514171600342,-0.014823535457253456,0.5,0.0,-25.90467399202137,4.184846801664038,1.792414721696468,7.768695967023226
1769384286.4404016,1769384286440411687,Sr02_gA_IMG1_LID0_STA1_CFC64_OH0,0126_0036,A,0.4989452064037323,-0.02739086002111435,0.5,0.0,-25.915729071921675,4.233609322385257,1.795065860657703,7.738717081777054
1769384286.5643067,1769384286564314595,Sr02_gA_IMG1_LID0_STA1_CFC64_OH0,0126_0036,A,0.4987497329711914,-0.027245843783020973,0.5,0.0,-25.926915490442607,4.282341879903936,1.7978032431628652,7.708837584662622
1769384286.6831481,1769384286683154825,Sr02_gA_IMG1_LID0_STA1_CFC64_OH0,0126_0036,A,0.49879127740859985,-0.025842802599072456,0.5,0.0,-25.943995623373638,4.3553709918811405,1.8036379542425203,7.664162702798791
1769384286.8099864,1769384286809992812,Sr02_gA_IMG1_LID0_STA1_CFC64_OH0,0126_0036,A,0.49108806252479553,-0.03909717872738838,0.5,0.0,-25.955547877139846,4.40400640590291,1.8039408978454354,7.63451073642045
1769384286.9295363,1769384286929543882,Sr02_gA_IMG1_LID0_STA1_CFC64_OH0,0126_0036,A,0.4966025650501251,-0.02915174327790737,0.5,0.0,-25.972800034880763,4.4769951709800235,1.8017448850240438,7.590489752435816
1769384287.0454388,1769384287045446848,Sr02_gA_IMG1_LID0_STA1_CFC64_OH0,0126_0036,A,0.49252545833587646,0.012869063764810562,0.5,0.0,-25.98420900511355,4.5256761182115905,1.8002625337345717,7.561490817483343
1769384287.164833,1769384287164841191,Sr02_gA_IMG1_LID0_STA1_CFC64_OH0,0126_0036,A,0.4926499128341675,0.013222381472587585,0.5,0.0,-25.9955308044629,4.574377404245268,1.7979004809479973,7.532785522041856
1769384287.2831028,1769384287283110574,Sr02_gA_IMG1_LID0_STA1_CFC64_OH0,0126_0036,A,0.4987967610359192,0.017591027542948723,0.5,0.0,-26.012267921766057,4.64748595608786,1.793809260475202,7.490355323974608
1769384287.4014168,1769384287401424401,Sr02_gA_IMG1_LID0_STA1_CFC64_OH0,0126_0036,A,0.5049868226051331,0.027741018682718277,0.5,0.0,-26.02326269878924,4.696262109742874,1.7912109529796272,7.462492413783503
1769384287.527189,1769384287527196538,Sr02_gA_IMG1_LID0_STA1_CFC64_OH0,0126_0036,A,0.49941307306289673,0.049641598016023636,0.5,0.0,-26.039479465241598,4.7694877989186075,1.7859760187831095,7.421369931138511
1769384287.6439242,1769384287643932212,Sr02_gA_IMG1_LID0_STA1_CFC64_OH0,0126_0036,A,0.49949562549591064,0.05004335567355156,0.5,0.0,-26.050084399886657,4.81835019011512,1.7830608471044915,7.394428453602333
1769384287.7657201,1769384287765728108,Sr02_gA_IMG1_LID0_STA1_CFC64_OH0,0126_0036,A,0.5069575309753418,0.05489859730005264,0.5,0.0,-26.060593817393062,4.867222589470389,1.7830499747760407,7.367814211777818
1769384287.8846197,1769384287884626967,Sr02_gA_IMG1_LID0_STA1_CFC64_OH0,0126_0036,A,0.496966153383255,0.1278727650642395,0.5,0.0,-26.07646557637202,4.9405239176973375,1.7850227289636078,7.328251880337226
1769384288.0075293,1769384288007536221,Sr02_gA_IMG1_LID0_STA1_CFC64_OH0,0126_0036,A,0.49699825048446655,0.12934602797031403,0.5,0.0,-26.0871360939071,4.989372040513435,1.786738139108643,7.3021077516193165
1769384288.1229708,1769384288122979198,Sr02_gA_IMG1_LID0_STA1_CFC64_OH0,0126_0036,A,0.4979299306869507,-0.02376537024974823,0.5,0.0,-26.1033518741076,5.062597989114815,1.791016770935513,7.26317607004629
1769384288.2497582,1769384288249767107,Sr02_gA_IMG1_LID0_STA1_CFC64_OH0,0126_0036,A,0.4959505498409271,-0.006943777669221163,0.5,0.0,-26.114395172124084,5.111363141808561,1.7959809179520942,7.2373321953889835
1769384288.3784742,1769384288378482156,Sr02_gA_IMG1_LID0_STA1_CFC64_OH0,0126_0036,A,0.49691998958587646,0.05853341519832611,0.5,0.0,-26.125681036714823,5.160072727454947,1.8009772098870276,7.211528518688796
1769384288.500136,1769384288500143257,Sr02_gA_IMG1_LID0_STA1_CFC64_OH0,0126_0036,A,0.497239351272583,0.06082577630877495,0.5,0.0,-26.143086411464516,5.2330249083593765,1.8091148776244579,7.172880970269072
1769384288.622445,1769384288622453039,Sr02_gA_IMG1_LID0_STA1_CFC64_OH0,0126_0036,A,0.5058267712593079,0.032021019607782364,0.5,0.0,-26.15513946140868,5.281517192953678,1.8206855859907167,7.147048896389941
1769384288.7377353,1769384288737743559,Sr02_gA_IMG1_LID0_STA1_CFC64_OH0,0126_0036,A,0.5069202184677124,0.10211415588855743,0.5,0.0,-26.174382713452168,5.35399324454557,1.8396146541879663,7.107741944255729
1769384288.8564918,1769384288856500098,Sr02_gA_IMG1_LID0_STA1_CFC64_OH0,0126_0036,A,0.4999343454837799,0.025199327617883682,0.5,0.0,-26.18764723912006,5.402087399067778,1.8389310251275257,7.081500776355858
1769384288.9729059,1769384288972913813,Sr02_gA_IMG1_LID0_STA1_CFC64_OH0,0126_0036,A,0.5001227855682373,0.025947850197553635,0.5,0.0,-26.20745685115554,5.474423959010216,1.8375530160126519,7.042649719514084
1769384289.0882113,1769384289088222606,Sr02_gA_IMG1_LID0_STA1_CFC64_OH0,0126_0036,A,0.4991132616996765,-0.010473325848579407,0.5,0.0,-26.220730325959174,5.522608918552,1.8424423306063293,7.017020546795254
1769384289.210753,1769384289210760707,Sr02_gA_IMG1_LID0_STA1_CFC64_OH0,0126_0036,A,0.4866017997264862,0.16981062293052673,0.5,0.0,-26.234291554186193,5.57073464014671,1.8485019729596766,6.991391914498178
1769384289.333944,1769384289333952579,Sr02_gA_IMG1_LID0_STA1_CFC64_OH0,0126_0036,A,0.48669764399528503,0.1731303632259369,0.5,0.0,-26.255097891444382,5.6427907353515145,1.854457328469872,6.953029005812859
1769384289.4546592,1769384289454667506,Sr02_gA_IMG1_LID0_STA1_CFC64_OH0,0126_0036,A,0.5050445199012756,-0.006792869884520769,0.5,0.0,-26.26925249134948,5.690712008805483,1.8628554610118864,6.927539731858719
1769384289.5761852,1769384289576193800,Sr02_gA_IMG1_LID0_STA1_CFC64_OH0,0126_0036,A,0.4728586673736572,-0.028603890910744667,0.5,0.0,-26.291102058899273,5.762424230608571,1.8686158249678244,6.889247534144961
1769384289.6972957,1769384289697303069,Sr02_gA_IMG1_LID0_STA1_CFC64_OH0,0126_0036,A,0.5002235174179077,0.023352960124611855,0.5,0.0,-26.30583553520262,5.810204173663745,1.8712031199572936,6.8638992963359415
1769384289.8211794,1769384289821186735,Sr02_gA_IMG1_LID0_STA1_CFC64_OH0,0126_0036,A,0.500291645526886,0.024026252329349518,0.5,0.0,-26.320605939541526,5.857972547400813,1.870156426413231,6.838789216862585
1769384289.9422367,1769384289942244607,Sr02_gA_IMG1_LID0_STA1_CFC64_OH0,0126_0036,A,0.514331579208374,0.13407854735851288,0.5,0.0,-26.34292722027113,5.929359083058379,1.883741655558146,6.801533945077405
1769384290.06464,1769384290064648064,Sr02_gA_IMG1_LID0_STA1_CFC64_OH0,0126_0036,A,0.4919659495353699,0.26027625799179077,0.5,0.5,-26.358731355457564,5.976795003384511,1.9010546628168614,6.7761703060024745
1769384290.190097,1769384290190105121,Sr02_gA_IMG1_LID0_STA1_CFC64_OH0,0126_0036,A,0.5012427568435669,0.16872309148311615,0.5,0.0,-26.383409347278874,6.047440606359344,1.9076013227083162,6.737788430550839
1769384290.3204265,1769384290320433446,Sr02_gA_IMG1_LID0_STA1_CFC64_OH0,0126_0036,A,0.5012113451957703,0.16908039152622223,0.5,0.0,-26.399865497104646,6.094654937983916,1.9047409549865686,6.7125156793631735
1769384290.4381971,1769384290438204284,Sr02_gA_IMG1_LID0_STA1_CFC64_OH0,0126_0036,A,0.4984615743160248,0.3521021008491516,0.5,0.5,-26.42455957180618,6.165461212395934,1.908115222391776,6.675122457622151
1769384290.555682,1769384290555690756,Sr02_gA_IMG1_LID0_STA1_CFC64_OH0,0126_0036,A,0.48760083317756653,0.3597053289413452,0.5,0.5,-26.441164149005445,6.21262355432461,1.9105178435515884,6.650414191709118
1769384290.6806452,1769384290680652411,Sr02_gA_IMG1_LID0_STA1_CFC64_OH0,0126_0036,A,0.4824960231781006,0.4701365530490875,0.5,0.5,-26.466604224062728,6.283033743709137,1.9286926507864088,6.61341636058398
1769384290.8051848,1769384290805193703,Sr02_gA_IMG1_LID0_STA1_CFC64_OH0,0126_0036,A,0.4839487075805664,0.475568562746048,0.5,0.5,-26.484693077231558,6.329581416484204,1.9544241028098237,6.58805571226012
1769384290.9235005,1769384290923507525,Sr02_gA_IMG1_LID0_STA1_CFC64_OH0,0126_0036,A,0.48571082949638367,0.3944852948188782,0.5,0.5,-26.503809263616247,6.375742140635535,1.9718937270476062,6.56202029170908
1769384291.0409298,1769384291040937881,Sr02_gA_IMG1_LID0_STA1_CFC64_OH0,0126_0036,A,0.48286715149879456,0.4456113874912262,0.5,0.5,-26.53396298335166,6.444411283363506,1.9972414520439206,6.522106618299921
1769384291.1596744,1769384291159681550,Sr02_gA_IMG1_LID0_STA1_CFC64_OH0,0126_0036,A,0.48319143056869507,0.4495769143104553,0.5,0.5,-26.55503610918245,6.489459382266421,2.0231432175106883,6.49497986695765
1769384291.281663,1769384291281671234,Sr02_gA_IMG1_LID0_STA1_CFC64_OH0,0126_0036,A,0.5027300119400024,0.4231405258178711,0.5,0.5,-26.589610984255273,6.556004220034676,2.0769468614190525,6.451982688722891
1769384291.4033375,1769384291403346285,Sr02_gA_IMG1_LID0_STA1_CFC64_OH0,0126_0036,A,0.4884297847747803,0.40634387731552124,0.5,0.5,-26.61477641633975,6.599104286882055,2.1226046804800975,6.421695888783084
1769384291.5260925,1769384291526099056,Sr02_gA_IMG1_LID0_STA1_CFC64_OH0,0126_0036,A,0.48555636405944824,0.31537923216819763,0.5,0.5,-26.641984407281285,6.641047772761379,2.1699985225732368,6.3897581039330005
1769384291.6463141,1769384291646321912,Sr02_gA_IMG1_LID0_STA1_CFC64_OH0,0126_0036,A,0.48817408084869385,0.31509047746658325,0.5,0.5,-26.68621924663001,6.70158936803467,2.2316342175246735,6.339135234929276
1769384291.767159,1769384291767168522,Sr02_gA_IMG1_LID0_STA1_CFC64_OH0,0126_0036,A,0.4854378402233124,0.3442791700363159,0.5,0.5,-26.717729501018727,6.740386101955262,2.2750757586774903,6.303802248601851
1769384291.8927162,1769384291892724424,Sr02_gA_IMG1_LID0_STA1_CFC64_OH0,0126_0036,A,0.5023403763771057,0.27994444966316223,0.5,0.5,-26.768176429680672,6.795865620097623,2.342432906434948,6.248258859657524
1769384292.022674,1769384292022682498,Sr02_gA_IMG1_LID0_STA1_CFC64_OH0,0126_0036,A,0.5057169198989868,0.26247408986091614,0.5,0.5,-26.803789607774593,6.83095590646746,2.384746922546103,6.209647125769487
1769384292.1419165,1769384292141923402,Sr02_gA_IMG1_LID0_STA1_CFC64_OH0,0126_0036,A,0.5032629370689392,0.25066834688186646,0.5,0.5,-26.85985517208537,6.880729483736201,2.44462097319234,6.149627048485436
1769384292.267301,1769384292267308981,Sr02_gA_IMG1_LID0_STA1_CFC64_OH0,0126_0036,A,0.4886079728603363,0.19840753078460693,0.5,0.0,-26.898694354062176,6.912214565370232,2.4761588644587262,6.108466424825478
1769384292.3854425,1769384292385449993,Sr02_gA_IMG1_LID0_STA1_CFC64_OH0,0126_0036,A,0.48739734292030334,0.3993160128593445,0.5,0.5,-26.958769192381162,6.957102709231477,2.5243037760738627,6.045323198586881
1769384292.5124516,1769384292512458409,Sr02_gA_IMG1_LID0_STA1_CFC64_OH0,0126_0036,A,0.5078678727149963,0.2975523769855499,0.5,0.5,-27.00003181623047,6.985336529158622,2.558731638936592,6.0022774273079085
1769384292.633904,1769384292633911250,Sr02_gA_IMG1_LID0_STA1_CFC64_OH0,0126_0036,A,0.5069550275802612,0.28293347358703613,0.5,0.5,-27.063485978620786,7.025279439704955,2.600448851929147,5.936495179204891
1769384292.7540703,1769384292754079210,Sr02_gA_IMG1_LID0_STA1_CFC64_OH0,0126_0036,A,0.4984627962112427,0.32810866832733154,0.5,0.5,-27.106675049641822,7.0504699196129605,2.6266962190216914,5.891955487354429
1769384292.8766272,1769384292876634026,Sr02_gA_IMG1_LID0_STA1_CFC64_OH0,0126_0036,A,0.5055879950523376,0.08509517461061478,0.5,0.0,-27.15049895685011,7.074539268715311,2.6518810789813894,5.8469267833692005
1769384292.998656,1769384292998663513,Sr02_gA_IMG1_LID0_STA1_CFC64_OH0,0126_0036,A,0.5054124593734741,0.07507260888814926,0.5,0.0,-27.217205959035,7.108783024007394,2.682227535585937,5.778650940010715
1769384293.120224,1769384293120232781,Sr02_gA_IMG1_LID0_STA1_CFC64_OH0,0126_0036,A,0.4966594874858856,0.0008255697321146727,0.5,0.0,-27.262048847157207,7.130141653921976,2.715268376993275,5.732917211478564
1769384293.2431743,1769384293243181938,Sr02_gA_IMG1_LID0_STA1_CFC64_OH0,0126_0036,A,0.512293815612793,0.14798516035079956,0.5,0.0,-27.331059587170092,7.159396259698774,2.763091659797749,5.662799068617434
1769384293.3669717,1769384293366979554,Sr02_gA_IMG1_LID0_STA1_CFC64_OH0,0126_0036,A,0.5007125735282898,0.10283893346786499,0.5,0.0,-27.377775727354514,7.177212968978318,2.791384961747557,5.615472467425605
1769384293.490962,1769384293490969983,Sr02_gA_IMG1_LID0_STA1_CFC64_OH0,0126_0036,A,0.5019756555557251,0.10585709661245346,0.5,0.0,-27.44880303177586,7.201232993223386,2.840067652217272,5.543700065051679
1769384293.609757,1769384293609764354,Sr02_gA_IMG1_LID0_STA1_CFC64_OH0,0126_0036,A,0.49961766600608826,-0.027853412553668022,0.5,0.0,-27.49640978014368,7.215534013073271,2.8556946588776397,5.495692456091909
1769384293.7314885,1769384293731496448,Sr02_gA_IMG1_LID0_STA1_CFC64_OH0,0126_0036,A,0.49339529871940613,0.007821355015039444,0.5,0.0,-27.544432695416617,7.229454772656769,2.8632019156634967,5.447309201405379
1769384293.853099,1769384293853107976,Sr02_gA_IMG1_LID0_STA1_CFC64_OH0,0126_0036,A,0.4974300265312195,0.008897317573428154,0.5,0.0,-27.616564244380477,7.249885390249601,2.865966934015528,5.3747027940376535
1769384293.9719186,1769384293971925741,Sr02_gA_IMG1_LID0_STA1_CFC64_OH0,0126_0036,A,0.4973953664302826,0.008500500582158566,0.5,0.0,-27.664601262990583,7.263271897554063,2.876359589551891,5.326390291564369
1769384294.095176,1769384294095184991,Sr02_gA_IMG1_LID0_STA1_CFC64_OH0,0126_0036,A,0.4989299476146698,-0.0051927692256867886,0.5,0.0,-27.737126803971034,7.282336443972702,2.8922719950773104,5.253523124323235
1769384294.2173066,1769384294217314232,Sr02_gA_IMG1_LID0_STA1_CFC64_OH0,0126_0036,A,0.494364470243454,0.002732478780671954,0.5,0.0,-27.785645208130337,7.294417039632438,2.902857685115334,5.204819710144538
1769384294.3401945,1769384294340202112,Sr02_gA_IMG1_LID0_STA1_CFC64_OH0,0126_0036,A,0.5023927688598633,-0.021525831893086433,0.5,0.0,-27.85847877510026,7.311909690883953,2.905456226761202,5.131762589992331
1769384294.4639504,1769384294463960832,Sr02_gA_IMG1_LID0_STA1_CFC64_OH0,0126_0036,A,0.5023096203804016,-0.021062295883893967,0.5,0.0,-27.9070957967278,7.323588079628769,2.906238358868027,5.083026259166768
1769384294.5793455,1769384294579352331,Sr02_gA_IMG1_LID0_STA1_CFC64_OH0,0126_0036,A,0.4861239790916443,-0.013540985062718391,0.5,0.0,-27.980039643361344,7.34102922903675,2.9075621938899054,5.009950602978627
1769384294.7003798,1769384294700387921,Sr02_gA_IMG1_LID0_STA1_CFC64_OH0,0126_0036,A,0.49965396523475647,0.002527042059227824,0.5,0.0,-28.028681544322968,7.352603554212315,2.908412242861421,4.961252934839863
1769384294.8190355,1769384294819042186,Sr02_gA_IMG1_LID0_STA1_CFC64_OH0,0126_0036,A,0.4998471736907959,0.0030676003079861403,0.5,0.0,-28.077325359881144,7.364169834277738,2.9078929772662674,4.9125795283064715
1769384294.936013,1769384294936020805,Sr02_gA_IMG1_LID0_STA1_CFC64_OH0,0126_0036,A,0.5074813961982727,0.1437479853630066,0.5,0.0,-28.150286419519247,7.3815388588381765,2.9080650852972885,4.839624838574531
1769384295.0537426,1769384295053754855,Sr02_gA_IMG1_LID0_STA1_CFC64_OH0,0126_0036,A,0.501396894454956,0.09122519940137863,0.5,0.0,-28.198919410203285,7.393150533596524,2.90615510690096,4.791031333422978
1769384295.1783898,1769384295178397088,Sr02_gA_IMG1_LID0_STA1_CFC64_OH0,0126_0036,A,0.49952059984207153,0.05182452127337456,0.5,0.0,-28.247527655098718,7.4048653654637775,2.9040442450504664,4.74249254691975
1769384295.3059309,1769384295305938973,Sr02_gA_IMG1_LID0_STA1_CFC64_OH0,0126_0036,A,0.49958735704421997,0.052409082651138306,0.5,0.0,-28.32039898095074,7.422607035802691,2.901872914053393,4.669785085166047
1769384295.4362655,1769384295436275111,Sr02_gA_IMG1_LID0_STA1_CFC64_OH0,0126_0036,A,0.4900895655155182,0.045994482934474945,0.5,0.0,-28.368970705074886,7.434472417608704,2.902125614422815,4.621363825972876
1769384295.5566242,1769384295556631681,Sr02_gA_IMG1_LID0_STA1_CFC64_OH0,0126_0036,A,0.49072667956352234,0.027956243604421616,0.5,0.0,-28.441834370419045,7.452245584565334,2.902569536581849,4.548789462798871
1769384295.6781466,1769384295678154147,Sr02_gA_IMG1_LID0_STA1_CFC64_OH0,0126_0036,A,0.5084508061408997,-0.013242634013295174,0.5,0.0,-28.49034097162275,7.463865710100696,2.9128988880212674,4.500515184600725
1769384295.7968788,1769384295796886076,Sr02_gA_IMG1_LID0_STA1_CFC64_OH0,0126_0036,A,0.5078659057617188,-0.0114577766507864,0.5,0.0,-28.563498448964424,7.480321970578094,2.9268287409834417,4.427748878365518
1769384295.918828,1769384295918835236,Sr02_gA_IMG1_LID0_STA1_CFC64_OH0,0126_0036,A,0.4924364984035492,-0.024076098576188087,0.5,0.0,-28.612377175563513,7.490851175962248,2.932011193479374,4.379160470068062
1769384296.03969,1769384296039697969,Sr02_gA_IMG1_LID0_STA1_CFC64_OH0,0126_0036,A,0.5057253837585449,0.007244649343192577,0.5,0.0,-28.685796362936955,7.50616761509995,2.9398550057592634,4.3062224024344244
1769384296.1604395,1769384296160447116,Sr02_gA_IMG1_LID0_STA1_CFC64_OH0,0126_0036,A,0.5056318640708923,0.007275312673300505,0.5,0.0,-28.734805824361516,7.516070540470482,2.944518597330605,4.257563023744551
1769384296.2784653,1769384296278473023,Sr02_gA_IMG1_LID0_STA1_CFC64_OH0,0126_0036,A,0.504111111164093,0.021827999502420425,0.5,0.0,-28.783853290530583,7.525783627266516,2.9474946130196464,4.208890108660812
1769384296.399876,1769384296399884118,Sr02_gA_IMG1_LID0_STA1_CFC64_OH0,0126_0036,A,0.48641520738601685,0.24186092615127563,0.5,0.5,-28.857442710559408,7.540214298663506,2.9472062014291693,4.135916209869722
1769384296.523514,1769384296523521676,Sr02_gA_IMG1_LID0_STA1_CFC64_OH0,0126_0036,A,0.4848271608352661,0.22789689898490906,0.5,0.5,-28.90649548212629,7.549900629809429,2.9460604252578926,4.087317227939578
1769384296.6463554,1769384296646363906,Sr02_gA_IMG1_LID0_STA1_CFC64_OH0,0126_0036,A,0.4851243793964386,0.22888168692588806,0.5,0.5,-28.980043299197586,7.564587769545698,2.942701392059474,4.01452217305295
1769384296.767931,1769384296767938248,Sr02_gA_IMG1_LID0_STA1_CFC64_OH0,0126_0036,A,0.48939135670661926,0.16960129141807556,0.5,0.0,-29.029058246333488,7.5744637277403655,2.9431126248755297,3.9660590267100737
1769384296.889065,1769384296889073042,Sr02_gA_IMG1_LID0_STA1_CFC64_OH0,0126_0036,A,0.4946161210536957,-0.0451175719499588,0.5,0.0,-29.078080193247054,7.584304880799943,2.943839848296442,3.9176256229636803
1769384297.011714,1769384297011721707,Sr02_gA_IMG1_LID0_STA1_CFC64_OH0,0126_0036,A,0.49923381209373474,0.043910346925258636,0.5,0.0,-29.15162435581944,7.598953495230264,2.9469015858337726,3.8450327873762444
1769384297.1309593,1769384297130966979,Sr02_gA_IMG1_LID0_STA1_CFC64_OH0,0126_0036,A,0.4993782937526703,0.04267079010605812,0.5,0.0,-29.20042729027193,7.608192181237906,2.9651456170351325,3.7968824211684447
1769384297.249008,1769384297249015718,Sr02_gA_IMG1_LID0_STA1_CFC64_OH0,0126_0036,A,0.519420862197876,0.055218398571014404,0.5,0.0,-29.274476498069294,7.620073386296727,2.9996093861743844,3.723756107183052
1769384297.3674753,1769384297367483175,Sr02_gA_IMG1_LID0_STA1_CFC64_OH0,0126_0036,A,0.4992281198501587,0.13891467452049255,0.5,0.0,-29.32404994452692,7.62658214642726,3.0224876688147018,3.6747418625469543
1769384297.48551,1769384297485517527,Sr02_gA_IMG1_LID0_STA1_CFC64_OH0,0126_0036,A,0.49915364384651184,0.1371764987707138,0.5,0.0,-29.373735455776686,7.632066340090883,3.0401902336813835,3.6255688438586064
1769384297.6022434,1769384297602250517,Sr02_gA_IMG1_LID0_STA1_CFC64_OH0,0126_0036,A,0.5136104226112366,0.17090286314487457,0.5,0.0,-29.44815859235481,7.639067580609682,3.0480905092806783,3.5518641335059984
1769384297.7150908,1769384297715098649,Sr02_gA_IMG1_LID0_STA1_CFC64_OH0,0126_0036,A,0.4963862895965576,0.2116081863641739,0.5,0.5,-29.497905928227475,7.643729476206175,3.0499609935882575,3.5026203660389608
1769384297.8424509,1769384297842459138,Sr02_gA_IMG1_LID0_STA1_CFC64_OH0,0126_0036,A,0.4894225001335144,0.0201675184071064,0.5,0.0,-29.54770587252707,7.648197295999094,3.0542528576511536,3.4533293099064726
1769384297.956784,1769384297956792338,Sr02_gA_IMG1_LID0_STA1_CFC64_OH0,0126_0036,A,0.48947152495384216,0.020561831071972847,0.5,0.0,-29.62244249444137,7.654474980185822,3.061782739011834,3.37935961849852
1769384298.0751934,1769384298075201494,Sr02_gA_IMG1_LID0_STA1_CFC64_OH0,0126_0036,A,0.5049437284469604,0.02085038274526596,0.5,0.0,-29.672269306360015,7.658144869645204,3.0749517354357847,3.330025251641758
1769384298.1905773,1769384298190584690,Sr02_gA_IMG1_LID0_STA1_CFC64_OH0,0126_0036,A,0.5142766833305359,0.026787538081407547,0.5,0.0,-29.747149174548493,7.66236449816978,3.0955977048422434,3.2558052650397435
1769384298.3068147,1769384298306822816,Sr02_gA_IMG1_LID0_STA1_CFC64_OH0,0126_0036,A,0.515313446521759,0.027803566306829453,0.5,0.0,-29.797108449722003,7.66426722003588,3.111999428594861,3.206222840419881
1769384298.429195,1769384298429203062,Sr02_gA_IMG1_LID0_STA1_CFC64_OH0,0126_0036,A,0.4916917383670807,-0.027852505445480347,0.5,0.0,-29.847086213785342,7.665257134639244,3.1322658158374885,3.156549843528544
1769384298.5464702,1769384298546478522,Sr02_gA_IMG1_LID0_STA1_CFC64_OH0,0126_0036,A,0.510750949382782,0.013966232538223267,0.5,0.0,-29.921902488003283,7.6650652638835215,-3.1338699454490215,3.0820487196000235
1769384298.6697602,1769384298669776477,Sr02_gA_IMG1_LID0_STA1_CFC64_OH0,0126_0036,A,0.4964890480041504,0.04564632102847099,0.5,0.0,-29.97190056162442,7.6646277296820795,-3.131813765928211,3.0322399539165144
1769384298.79054,1769384298790547532,Sr02_gA_IMG1_LID0_STA1_CFC64_OH0,0126_0036,A,0.49687203764915466,0.04541676118969917,0.5,0.0,-30.021897626936696,7.664087131779309,-3.1297402733326587,2.9824284645063432
1769384298.9115338,1769384298911541566,Sr02_gA_IMG1_LID0_STA1_CFC64_OH0,0126_0036,A,0.49233928322792053,-0.0003833482041954994,0.5,0.0,-30.096890582764644,7.66306299294733,-3.1259596395606684,2.9077045719025874
1769384299.0388522,1769384299038861527,Sr02_gA_IMG1_LID0_STA1_CFC64_OH0,0126_0036,A,0.48975667357444763,-0.03382610157132149,0.5,0.0,-30.14688333461933,7.662212789197618,-3.1231996087861678,2.8578821556646874
1769384299.1593318,1769384299159340950,Sr02_gA_IMG1_LID0_STA1_CFC64_OH0,0126_0036,A,0.4896300733089447,-0.033442240208387375,0.5,0.0,-30.2218604364731,7.660901558588928,-3.1260917675476523,2.783168692086549
1769384299.2784493,1769384299278457236,Sr02_gA_IMG1_LID0_STA1_CFC64_OH0,0126_0036,A,0.521748423576355,-0.048751670867204666,0.5,0.0,-30.27184379808878,7.660093504451279,-3.1247312176056328,2.7333764399297555
1769384299.3981078,1769384299398115172,Sr02_gA_IMG1_LID0_STA1_CFC64_OH0,0126_0036,A,0.49189987778663635,-0.021298227831721306,0.5,0.0,-30.34682987439365,7.658654619492181,-3.119156097386025,2.6586664604767667
1769384299.5170906,1769384299517098357,Sr02_gA_IMG1_LID0_STA1_CFC64_OH0,0126_0036,A,0.5085968971252441,0.014399431645870209,0.5,0.0,-30.39681456765503,7.657419376790023,-3.1146144286817363,2.6088447337787493
1769384299.6394885,1769384299639496014,Sr02_gA_IMG1_LID0_STA1_CFC64_OH0,0126_0036,A,0.5089253783226013,0.014658510684967041,0.5,0.0,-30.446783794311944,7.656028120672,-3.113667922463356,2.5590279540448333
1769384299.7594829,1769384299759490734,Sr02_gA_IMG1_LID0_STA1_CFC64_OH0,0126_0036,A,0.47814086079597473,-0.018065104261040688,0.5,0.0,-30.52175684692597,7.654019769247277,-3.1170696688747586,2.484305581022016
1769384299.8766413,1769384299876647730,Sr02_gA_IMG1_LID0_STA1_CFC64_OH0,0126_0036,A,0.485064834356308,0.23270265758037567,0.5,0.5,-30.57174376696466,7.652877325523238,-3.1204138877195087,2.4345180279773437
1769384299.9989843,1769384299998991956,Sr02_gA_IMG1_LID0_STA1_CFC64_OH0,0126_0036,A,0.5295658707618713,0.10804109275341034,0.5,0.0,-30.646731501755276,7.651529473679688,-3.1267182839220453,2.3598896798102014
1769384300.117962,1769384300117970049,Sr02_gA_IMG1_LID0_STA1_CFC64_OH0,0126_0036,A,0.5299733877182007,0.10956668108701706,0.5,0.0,-30.69672672168205,7.650839022872748,-3.128848104850136,2.310172635390975
1769384300.2383523,1769384300238358920,Sr02_gA_IMG1_LID0_STA1_CFC64_OH0,0126_0036,A,0.47731560468673706,0.129102885723114,0.5,0.0,-30.74672260570353,7.65019794337109,-3.128122143377412,2.260473508864166
1769384300.359248,1769384300359255698,Sr02_gA_IMG1_LID0_STA1_CFC64_OH0,0126_0036,A,0.4965677857398987,0.3165799677371979,0.5,0.5,-30.82171463734066,7.649106049609699,-3.125936324500927,2.1859357562540134
1769384300.4822302,1769384300482237774,Sr02_gA_IMG1_LID0_STA1_CFC64_OH0,0126_0036,A,0.4968150854110718,0.3175935745239258,0.5,0.5,-30.871709186118082,7.648368421606718,-3.127742806932252,2.13626077566247
1769384300.602002,1769384300602010554,Sr02_gA_IMG1_LID0_STA1_CFC64_OH0,0126_0036,A,0.4734039902687073,0.27298691868782043,0.5,0.5,-30.946191109849917,7.646995332143173,-3.1118644163953917,2.0622473813722912
1769384300.7224798,1769384300722488674,Sr02_gA_IMG1_LID0_STA1_CFC64_OH0,0126_0036,A,0.4870532751083374,0.3363398015499115,0.5,0.5,-30.99612700635587,7.645234621766156,-3.1009431642307748,2.012530879523478
1769384300.8469603,1769384300846968250,Sr02_gA_IMG1_LID0_STA1_CFC64_OH0,0126_0036,A,0.53694748878479,0.021417120471596718,0.5,0.0,-31.046073632376768,7.642930432120579,-3.0900170269264886,1.9627411269177057
1769384300.9625576,1769384300962565786,Sr02_gA_IMG1_LID0_STA1_CFC64_OH0,0126_0036,A,0.5382074117660522,0.019007960334420204,0.5,0.0,-31.120935581487053,7.6383999345837745,-3.0716284493249737,1.88798232319477
1769384301.0823412,1769384301082350397,Sr02_gA_IMG1_LID0_STA1_CFC64_OH0,0126_0036,A,0.49854975938796997,-0.012680400162935257,0.5,0.0,-31.17049224693653,7.63436063807273,-3.0458889109091554,1.838355443179018
1769384301.2049892,1769384301204995416,Sr02_gA_IMG1_LID0_STA1_CFC64_OH0,0126_0036,A,0.531244158744812,0.32929757237434387,0.5,0.5,-31.244950369620337,7.625420608326007,-2.9982803626068826,1.7633854327348368
1769384301.3280854,1769384301328093539,Sr02_gA_IMG1_LID0_STA1_CFC64_OH0,0126_0036,A,0.5171651840209961,0.3505648970603943,0.5,0.5,-31.294330841698294,7.617584031117721,-2.9705356143092705,1.7133911252775864
1769384301.4561117,1769384301456118932,Sr02_gA_IMG1_LID0_STA1_CFC64_OH0,0126_0036,A,0.5173954367637634,0.34540924429893494,0.5,0.5,-31.334593184614086,7.610136183762186,-2.945672230109337,1.6724768907852336
1769384301.5689085,1769384301568915250,Sr02_gA_IMG1_LID0_STA1_CFC64_OH0,0126_0036,A,0.4649661183357239,0.32403963804244995,0.5,0.5,-31.36664865002919,7.603384355215028,-2.927044690399328,1.6397868662907722
1769384301.6903193,1769384301690327837,Sr02_gA_IMG1_LID0_STA1_CFC64_OH0,0126_0036,A,0.5187685489654541,0.028163190931081772,0.5,0.0,-31.383746179231586,7.599652817306885,-2.926379411032894,1.6223336544212732
1769384301.8075383,1769384301807544832,Sr02_gA_IMG1_LID0_STA1_CFC64_OH0,0126_0036,A,0.5183392763137817,0.028148844838142395,0.5,0.0,-31.409390797067996,7.594047836280156,-2.9267123952034555,1.596156345178867
1769384301.929643,1769384301929651617,Sr02_gA_IMG1_LID0_STA1_CFC64_OH0,0126_0036,A,0.4767020344734192,0.1722615659236908,0.5,0.0,-31.42639483074966,7.590278131323773,-2.9181341568672186,1.5787930413841793
1769384302.050082,1769384302050089578,Sr02_gA_IMG1_LID0_STA1_CFC64_OH0,0126_0036,A,0.49141812324523926,0.0033445926383137703,0.5,0.0,-31.451937630637495,7.584227660090401,-2.8998039739475114,1.552659540617561
1769384302.1723332,1769384302172340422,Sr02_gA_IMG1_LID0_STA1_CFC64_OH0,0126_0036,A,0.45932480692863464,-0.08742792159318924,0.5,0.0,-31.468902832542174,7.5799348658168695,-2.887714670682381,1.5352668773198608
1769384302.2962098,1769384302296218201,Sr02_gA_IMG1_LID0_STA1_CFC64_OH0,0126_0036,A,0.4591429829597473,-0.08770517259836197,0.5,0.0,-31.485815732687314,7.575440389245727,-2.876148917506446,1.5179013399607466
1769384302.424293,1769384302424300710,Sr02_gA_IMG1_LID0_STA1_CFC64_OH0,0126_0036,A,0.48408210277557373,-0.018552154302597046,0.5,0.0,-31.511065429586566,7.568459463715892,-2.8705324004064448,1.4919458584573728
1769384302.5461464,1769384302546153776,Sr02_gA_IMG1_LID0_STA1_CFC64_OH0,0126_0036,A,0.4851014018058777,-0.05149191617965698,0.5,0.0,-31.5279241475857,7.5637654789663875,-2.869547142387154,1.4746163500476526
1769384302.665848,1769384302665855789,Sr02_gA_IMG1_LID0_STA1_CFC64_OH0,0126_0036,A,0.522624671459198,0.0033383008558303118,0.5,0.0,-31.553159474403532,7.55661953270524,-2.8615345234817267,1.4486686422044142
1769384302.7866309,1769384302786639280,Sr02_gA_IMG1_LID0_STA1_CFC64_OH0,0126_0036,A,0.522408664226532,0.0033041038550436497,0.5,0.0,-31.56997737682427,7.5517813474415325,-2.8614174396209773,1.4313720708186017
1769384302.9074264,1769384302907434232,Sr02_gA_IMG1_LID0_STA1_CFC64_OH0,0126_0036,A,0.483120858669281,-0.00416485546156764,0.5,0.0,-31.595214194961958,7.544558863210661,-2.865056204051161,1.4054310626996054
1769384303.0294306,1769384303029437920,Sr02_gA_IMG1_LID0_STA1_CFC64_OH0,0126_0036,A,0.4602375030517578,0.03910255432128906,0.5,0.0,-31.612056618625427,7.539806767386463,-2.868125879586276,1.3881334074791596
1769384303.1549373,1769384303154946720,Sr02_gA_IMG1_LID0_STA1_CFC64_OH0,0126_0036,A,0.46056637167930603,0.03938019275665283,0.5,0.0,-31.628908941024104,7.535089871533256,-2.869017257407293,1.3708352711313716
1769384303.2766821,1769384303276689936,Sr02_gA_IMG1_LID0_STA1_CFC64_OH0,0126_0036,A,0.5464980602264404,0.04391486197710037,0.5,0.0,-31.65419647153203,7.528046951109251,-2.8710675186836134,1.3448926579561193
1769384303.393032,1769384303393040425,Sr02_gA_IMG1_LID0_STA1_CFC64_OH0,0126_0036,A,0.548586905002594,0.046054691076278687,0.5,0.0,-31.670844169395423,7.523429117560872,-2.870951509352595,1.3278224445718643
1769384303.51756,1769384303517567806,Sr02_gA_IMG1_LID0_STA1_CFC64_OH0,0126_0036,A,0.5291870832443237,0.038962848484516144,0.5,0.0,-31.67595450319761,7.522011137100311,-2.870894466948618,1.322583433991288
1769384303.6444376,1769384303644444491,Sr02_gA_IMG1_LID0_STA1_CFC64_OH0,0126_0036,A,0.5292305946350098,0.038866281509399414,0.5,0.0,-31.67595450319761,7.522011137100311,-2.870894466948618,1.322583433991288
1769384303.765312,1769384303765319663,Sr02_gA_IMG1_LID0_STA1_CFC64_OH0,0126_0036,A,0.542517364025116,0.10061866044998169,0.5,0.0,-31.67595450319761,7.522011137100311,-2.870894466948618,1.322583433991288
1769384303.8829072,1769384303882916509,Sr02_gA_IMG1_LID0_STA1_CFC64_OH0,0126_0036,A,0.576915442943573,0.029171785339713097,0.5,0.0,-31.67595450319761,7.522011137100311,-2.870894466948618,1.322583433991288
1769384304.0008607,1769384304000869025,Sr02_gA_IMG1_LID0_STA1_CFC64_OH0,0126_0036,A,0.542533814907074,0.04136180132627487,0.5,0.0,-31.67595450319761,7.522011137100311,-2.870894466948618,1.322583433991288
1769384304.121128,1769384304121136230,Sr02_gA_IMG1_LID0_STA1_CFC64_OH0,0126_0036,A,0.5425305962562561,0.04135715961456299,0.5,0.0,-31.67595450319761,7.522011137100311,-2.870894466948618,1.322583433991288
1769384304.2435594,1769384304243568091,Sr02_gA_IMG1_LID0_STA1_CFC64_OH0,0126_0036,A,0.5559234023094177,0.037173256278038025,0.5,0.0,-31.67595450319761,7.522011137100311,-2.870894466948618,1.322583433991288
1769384304.3620706,1769384304362078927,Sr02_gA_IMG1_LID0_STA1_CFC64_OH0,0126_0036,A,0.5511167645454407,0.04849385842680931,0.5,0.0,-31.67595450319761,7.522011137100311,-2.870894466948618,1.322583433991288
1769384304.4867866,1769384304486794841,Sr02_gA_IMG1_LID0_STA1_CFC64_OH0,0126_0036,A,0.5517849922180176,0.027154777199029922,0.5,0.0,-31.67595450319761,7.522011137100311,-2.870894466948618,1.322583433991288
1769384304.6109574,1769384304610965318,Sr02_gA_IMG1_LID0_STA1_CFC64_OH0,0126_0036,A,0.5517818331718445,0.02715706080198288,0.5,0.0,-31.67595450319761,7.522011137100311,-2.870894466948618,1.322583433991288
1769384304.7317634,1769384304731778721,Sr02_gA_IMG1_LID0_STA1_CFC64_OH0,0126_0036,A,0.5499946475028992,0.04061410576105118,0.5,0.0,-31.67595450319761,7.522011137100311,-2.870894466948618,1.322583433991288
1769384304.8529296,1769384304852937965,Sr02_gA_IMG1_LID0_STA1_CFC64_OH0,0126_0036,A,0.5604680180549622,0.04074189439415932,0.5,0.0,-31.67595450319761,7.522011137100311,-2.870894466948618,1.322583433991288
1769384304.9704347,1769384304970442887,Sr02_gA_IMG1_LID0_STA1_CFC64_OH0,0126_0036,A,0.5604686737060547,0.04074269160628319,0.5,0.0,-31.67595450319761,7.522011137100311,-2.870894466948618,1.322583433991288
1769384305.0898163,1769384305089823630,Sr02_gA_IMG1_LID0_STA1_CFC64_OH0,0126_0036,A,0.5640567541122437,0.03698962554335594,0.5,0.0,-31.67595450319761,7.522011137100311,-2.870894466948618,1.322583433991288
1769384305.209467,1769384305209473730,Sr02_gA_IMG1_LID0_STA1_CFC64_OH0,0126_0036,A,0.5507272481918335,0.03866247832775116,0.5,0.0,-31.67595450319761,7.522011137100311,-2.870894466948618,1.322583433991288
1769384305.3315504,1769384305331558005,Sr02_gA_IMG1_LID0_STA1_CFC64_OH0,0126_0036,A,0.5500276684761047,0.038405224680900574,0.5,0.0,-31.67595450319761,7.522011137100311,-2.870894466948618,1.322583433991288
1769384305.4591315,1769384305459139074,Sr02_gA_IMG1_LID0_STA1_CFC64_OH0,0126_0036,A,0.5500279664993286,0.03840528801083565,0.5,0.0,-31.67595450319761,7.522011137100311,-2.870894466948618,1.322583433991288
1769384305.584009,1769384305584016590,Sr02_gA_IMG1_LID0_STA1_CFC64_OH0,0126_0036,A,0.5439777374267578,0.06924661248922348,0.5,0.0,-31.67595450319761,7.522011137100311,-2.870894466948618,1.322583433991288
1769384305.70453,1769384305704537731,Sr02_gA_IMG1_LID0_STA1_CFC64_OH0,0126_0036,A,0.5656982660293579,0.021777374669909477,0.5,0.0,-31.67595450319761,7.522011137100311,-2.870894466948618,1.322583433991288
1769384305.825257,1769384305825264910,Sr02_gA_IMG1_LID0_STA1_CFC64_OH0,0126_0036,A,0.5488936901092529,0.04211122542619705,0.5,0.0,-31.67595450319761,7.522011137100311,-2.870894466948618,1.322583433991288
1769384305.951689,1769384305951695952,Sr02_gA_IMG1_LID0_STA1_CFC64_OH0,0126_0036,A,0.5488937497138977,0.04211123287677765,0.5,0.0,-31.67595450319761,7.522011137100311,-2.870894466948618,1.322583433991288
1769384306.0800714,1769384306080078890,Sr02_gA_IMG1_LID0_STA1_CFC64_OH0,0126_0036,A,0.5540186762809753,0.036861348897218704,0.5,0.0,-31.67595450319761,7.522011137100311,-2.870894466948618,1.322583433991288
1769384306.203381,1769384306203389433,Sr02_gA_IMG1_LID0_STA1_CFC64_OH0,0126_0036,A,0.5395135283470154,0.06638770550489426,0.5,0.0,-31.67595450319761,7.522011137100311,-2.870894466948618,1.322583433991288
1769384306.328444,1769384306328452547,Sr02_gA_IMG1_LID0_STA1_CFC64_OH0,0126_0036,A,0.5593720078468323,0.015516947954893112,0.5,0.0,-31.67595450319761,7.522011137100311,-2.870894466948618,1.322583433991288
1769384306.448974,1769384306448980579,Sr02_gA_IMG1_LID0_STA1_CFC64_OH0,0126_0036,A,0.5593719482421875,0.015516940504312515,0.5,0.0,-31.67595450319761,7.522011137100311,-2.870894466948618,1.322583433991288
1769384306.5729408,1769384306572947849,Sr02_gA_IMG1_LID0_STA1_CFC64_OH0,0126_0036,A,0.5461875796318054,0.04422677680850029,0.5,0.0,-31.67595450319761,7.522011137100311,-2.870894466948618,1.322583433991288
