t_unix,t_ros_ns,run_folder,run_id,goal_id,v_pred_lin,w_pred_ang,v_cmd_lin,w_cmd_ang,x,y,yaw,dist_to_goal
1773767627.7028534,1773767627702861873,Sr02_gA+B_eps15_IMG1_LID1_STA1_CFC64_OH1,0317_1813,B,0.05283501744270325,-0.019154449924826622,0.0,0.0,-7.67311121770141e-15,-2.4826874573410634e-24,-7.060455742118422e-12,28.470871634356403
1773767627.8229835,1773767627822991207,Sr02_gA+B_eps15_IMG1_LID1_STA1_CFC64_OH1,0317_1813,B,0.05283501744270325,-0.019154449924826622,0.0,0.0,-7.67311121770141e-15,-2.4826874573410634e-24,-7.060455742118422e-12,28.470871634356403
1773767627.9515426,1773767627951549928,Sr02_gA+B_eps15_IMG1_LID1_STA1_CFC64_OH1,0317_1813,B,-0.21383105218410492,0.02201603353023529,-0.5,0.0,-7.825558256257446e-15,-2.4816111117565908e-24,-7.060455948268144e-12,28.470871634356403
1773767628.0740044,1773767628074011405,Sr02_gA+B_eps15_IMG1_LID1_STA1_CFC64_OH1,0317_1813,B,-0.0955796092748642,-0.03460535779595375,0.0,0.0,-7.901654491380134e-15,-2.48107383763702e-24,-7.06045609023384e-12,28.470871634356403
1773767628.2023125,1773767628202320222,Sr02_gA+B_eps15_IMG1_LID1_STA1_CFC64_OH1,0317_1813,B,-0.2419741004705429,0.009972606785595417,-0.5,0.0,-8.015845287198971e-15,-2.480267598525184e-24,-7.060456213438681e-12,28.470871634356403
1773767628.3233798,1773767628323387197,Sr02_gA+B_eps15_IMG1_LID1_STA1_CFC64_OH1,0317_1813,B,0.10327912867069244,0.013597684912383556,0.0,0.0,-8.091887047463137e-15,-2.479730708997863e-24,-7.06045641609523e-12,28.470871634356403
1773767628.4481869,1773767628448195062,Sr02_gA+B_eps15_IMG1_LID1_STA1_CFC64_OH1,0317_1813,B,-0.6923888325691223,-0.05108620971441269,-0.5,0.0,-1.8785048593748107e-08,2.701374775520662e-11,-0.0024900330663278217,28.470871628631386
1773767628.570276,1773767628570283323,Sr02_gA+B_eps15_IMG1_LID1_STA1_CFC64_OH1,0317_1813,B,-0.47323447465896606,0.03564143925905228,-0.5,0.0,-3.5719801496588846e-08,8.536801467963795e-11,-0.004405453560117039,28.470871623437876
1773767628.6937006,1773767628693708458,Sr02_gA+B_eps15_IMG1_LID1_STA1_CFC64_OH1,0317_1813,B,-0.5635415315628052,0.0494629442691803,-0.5,0.0,-0.020106512796774913,0.00011962796135067689,-0.006733354951177667,28.46466386701926
1773767628.8170164,1773767628817022917,Sr02_gA+B_eps15_IMG1_LID1_STA1_CFC64_OH1,0317_1813,B,-0.42681530117988586,-0.031694721430540085,-0.5,0.0,-0.028068849404445526,0.0001761881992577369,-0.008002065351194512,28.46220033832118
1773767628.9410322,1773767628941050296,Sr02_gA+B_eps15_IMG1_LID1_STA1_CFC64_OH1,0317_1813,B,-0.3395077884197235,-0.0370633564889431,-0.5,0.0,-0.03453441747640907,0.00024256952243249046,-0.011091920833228373,28.46018189201814
1773767629.0626154,1773767629062623366,Sr02_gA+B_eps15_IMG1_LID1_STA1_CFC64_OH1,0317_1813,B,-0.3708092272281647,-0.0361672043800354,-0.5,0.0,-0.0446217672379357,0.0003636593460702493,-0.013015772870033018,28.457018725998743
1773767629.1865177,1773767629186529401,Sr02_gA+B_eps15_IMG1_LID1_STA1_CFC64_OH1,0317_1813,B,-0.5146666169166565,0.22627247869968414,-0.5,0.5,-0.054425502076445226,0.0004837414492085116,-0.01186727561852454,28.453945300321834
1773767629.306304,1773767629306311411,Sr02_gA+B_eps15_IMG1_LID1_STA1_CFC64_OH1,0317_1813,B,-0.46847641468048096,-0.1064097136259079,-0.5,0.0,-0.1015757840467283,0.0010090072098397828,-0.010667572175637217,28.439256334098747
1773767629.4243238,1773767629424334549,Sr02_gA+B_eps15_IMG1_LID1_STA1_CFC64_OH1,0317_1813,B,-0.471832811832428,-0.11027868092060089,-0.5,0.0,-0.15059239800731114,0.0014731027673873462,-0.00732159492373459,28.424139044050964
1773767629.5479743,1773767629547982342,Sr02_gA+B_eps15_IMG1_LID1_STA1_CFC64_OH1,0317_1813,B,-0.4694017171859741,-0.003625342156738043,-0.5,0.0,-0.22555835412686462,0.0020524031919720515,-0.009892838367203291,28.401291388022152
1773767629.6717215,1773767629671728418,Sr02_gA+B_eps15_IMG1_LID1_STA1_CFC64_OH1,0317_1813,B,-0.5010071992874146,0.19614079594612122,-0.5,0.0,-0.2755548731737856,0.002639689242313922,-0.013599162113353597,28.385961573762863
1773767629.7982852,1773767629798294225,Sr02_gA+B_eps15_IMG1_LID1_STA1_CFC64_OH1,0317_1813,B,-0.5574619770050049,-0.0004819221794605255,-0.5,0.0,-0.3505123976155894,0.0038596624271620902,-0.018000997780682083,28.36280322159833
1773767629.9173667,1773767629917374907,Sr02_gA+B_eps15_IMG1_LID1_STA1_CFC64_OH1,0317_1813,B,-0.5372100472450256,0.011339173652231693,-0.5,0.0,-0.4000606286299295,0.004442879546502659,-0.0022736497730177904,28.347807174238635
1773767630.0393577,1773767630039364947,Sr02_gA+B_eps15_IMG1_LID1_STA1_CFC64_OH1,0317_1813,B,-0.519805371761322,-0.012898980639874935,-0.5,0.0,-0.44962862070922016,0.0042437150064636095,0.005331692519967803,28.33363313731495
1773767630.1571524,1773767630157160362,Sr02_gA+B_eps15_IMG1_LID1_STA1_CFC64_OH1,0317_1813,B,-0.5071094036102295,0.10078204423189163,-0.5,0.0,-0.524499905011461,0.004429722402920349,-0.01071588265714708,28.31190825327052
1773767630.2888749,1773767630288883334,Sr02_gA+B_eps15_IMG1_LID1_STA1_CFC64_OH1,0317_1813,B,-0.5364629626274109,0.09978851675987244,-0.5,0.0,-0.5744397548950406,0.005023288453959929,-0.012174175747243502,28.29706838150443
1773767630.416759,1773767630416768856,Sr02_gA+B_eps15_IMG1_LID1_STA1_CFC64_OH1,0317_1813,B,-0.5308469533920288,0.0974268689751625,-0.5,0.0,-0.6491621953740767,0.005529165766233301,0.005118442166562061,28.275381113654728
1773767630.545108,1773767630545115538,Sr02_gA+B_eps15_IMG1_LID1_STA1_CFC64_OH1,0317_1813,B,-0.4892793893814087,0.11689970642328262,-0.5,0.0,-0.6989872053340551,0.00501874726716349,0.011667967395693936,28.261834168603823
1773767630.6642144,1773767630664224153,Sr02_gA+B_eps15_IMG1_LID1_STA1_CFC64_OH1,0317_1813,B,-0.3789527118206024,0.37227916717529297,-0.5,0.5,-0.773981422001695,0.004088461862561085,0.013250620488391979,28.241753068477546
1773767630.7856858,1773767630785693063,Sr02_gA+B_eps15_IMG1_LID1_STA1_CFC64_OH1,0317_1813,B,-0.4765266180038452,0.3333769142627716,-0.5,0.5,-0.8239774428370371,0.0034581941612481636,0.011960743494374657,28.22847815400761
1773767630.9069226,1773767630906929338,Sr02_gA+B_eps15_IMG1_LID1_STA1_CFC64_OH1,0317_1813,B,-0.47699278593063354,0.34566932916641235,-0.5,0.5,-0.8988911189497637,0.002099914103774752,0.025542844308079436,28.20913932329652
1773767631.0323734,1773767631032385718,Sr02_gA+B_eps15_IMG1_LID1_STA1_CFC64_OH1,0317_1813,B,-0.4437737464904785,0.43312597274780273,-0.5,0.5,-0.9488676048009768,0.0005735447287344411,0.0355216749328206,28.196938050756344
1773767631.1574092,1773767631157416806,Sr02_gA+B_eps15_IMG1_LID1_STA1_CFC64_OH1,0317_1813,B,-0.5038394331932068,0.32739174365997314,-0.5,0.5,-1.0237980840066343,-0.002639305883111985,0.050159292580266045,28.17969079130951
1773767631.283413,1773767631283419557,Sr02_gA+B_eps15_IMG1_LID1_STA1_CFC64_OH1,0317_1813,B,-0.49668794870376587,0.3424307107925415,-0.5,0.5,-1.0737194052225942,-0.005438038806920792,0.061849223758791726,28.168939079678726
1773767631.419552,1773767631419560374,Sr02_gA+B_eps15_IMG1_LID1_STA1_CFC64_OH1,0317_1813,B,-0.512870192527771,0.28848716616630554,-0.5,0.5,-1.1479868173414447,-0.011085776619153916,0.0970647200090436,28.15453120616382
1773767631.5432606,1773767631543268764,Sr02_gA+B_eps15_IMG1_LID1_STA1_CFC64_OH1,0317_1813,B,-0.46827560663223267,0.3652646243572235,-0.5,0.5,-1.1976614795601266,-0.016759938217668312,0.13040234371553913,28.146829354696294
1773767631.6692526,1773767631669259883,Sr02_gA+B_eps15_IMG1_LID1_STA1_CFC64_OH1,0317_1813,B,-0.5247653722763062,0.34953200817108154,-0.5,0.5,-1.2717288493323295,-0.028425602334991928,0.1825015275696575,28.138600023671547
1773767631.7958617,1773767631795868985,Sr02_gA+B_eps15_IMG1_LID1_STA1_CFC64_OH1,0317_1813,B,-0.4793562889099121,0.45682859420776367,-0.5,0.5,-1.3206425884593396,-0.03853489874111366,0.22470635833441982,28.135596226205752
1773767631.9184732,1773767631918480990,Sr02_gA+B_eps15_IMG1_LID1_STA1_CFC64_OH1,0317_1813,B,-0.49054181575775146,0.4796457588672638,-0.5,0.5,-1.393312342105418,-0.057036175535455216,0.2741318658462504,28.13466147074114
1773767632.0358589,1773767632035869298,Sr02_gA+B_eps15_IMG1_LID1_STA1_CFC64_OH1,0317_1813,B,-0.525355875492096,0.38828521966934204,-0.5,0.5,-1.441204235515817,-0.07139312480335196,0.30837486742293785,28.136246658034704
1773767632.158772,1773767632158779531,Sr02_gA+B_eps15_IMG1_LID1_STA1_CFC64_OH1,0317_1813,B,-0.4509475529193878,0.4983469843864441,-0.5,0.5,-1.5121272623586544,-0.09572891716814738,0.35253509634374586,28.14173158826622
1773767632.2835429,1773767632283550055,Sr02_gA+B_eps15_IMG1_LID1_STA1_CFC64_OH1,0317_1813,B,-0.49672991037368774,0.48003771901130676,-0.5,0.5,-1.5587056413890679,-0.1138274803821166,0.38884930261050515,28.147490000661797
1773767632.4069726,1773767632406980558,Sr02_gA+B_eps15_IMG1_LID1_STA1_CFC64_OH1,0317_1813,B,-0.49807804822921753,0.48779547214508057,-0.5,0.5,-1.6273166350052337,-0.1440967782842426,0.4417509903032845,28.159627703253538
1773767632.5311968,1773767632531206336,Sr02_gA+B_eps15_IMG1_LID1_STA1_CFC64_OH1,0317_1813,B,-0.49285000562667847,0.48403045535087585,-0.5,0.5,-1.6719932711512802,-0.1663673123421316,0.48486660094176004,28.170116687852623
1773767632.6542084,1773767632654215804,Sr02_gA+B_eps15_IMG1_LID1_STA1_CFC64_OH1,0317_1813,B,-0.513573408126831,0.5156004428863525,-0.5,0.5,-1.7370360454986054,-0.2036590598705401,0.5557407968790968,28.190259099196798
1773767632.780981,1773767632780988884,Sr02_gA+B_eps15_IMG1_LID1_STA1_CFC64_OH1,0317_1813,B,-0.4817376732826233,0.47626540064811707,-0.5,0.5,-1.7789793894320414,-0.23085036943963752,0.5949401205061238,28.20639523618937
1773767632.9000702,1773767632900077436,Sr02_gA+B_eps15_IMG1_LID1_STA1_CFC64_OH1,0317_1813,B,-0.4642261862754822,0.4607405364513397,-0.5,0.5,-1.8394471382654947,-0.2750751068932739,0.6682715737363014,28.234673948399905
1773767633.0198638,1773767633019871836,Sr02_gA+B_eps15_IMG1_LID1_STA1_CFC64_OH1,0317_1813,B,-0.46844393014907837,0.48127520084381104,-0.5,0.5,-1.8779332861645222,-0.3069864865965826,0.7162752769710391,28.256415506528366
1773767633.1361363,1773767633136143504,Sr02_gA+B_eps15_IMG1_LID1_STA1_CFC64_OH1,0317_1813,B,-0.4882243275642395,0.3967600166797638,-0.5,0.5,-1.914833114819358,-0.3407193663150654,0.7649771707096749,28.2803751119543
1773767633.258616,1773767633258624027,Sr02_gA+B_eps15_IMG1_LID1_STA1_CFC64_OH1,0317_1813,B,-0.4255385100841522,0.42324596643447876,-0.5,0.5,-1.9669981305594924,-0.3945833542522526,0.8380479231813914,28.320364893544465
1773767633.385207,1773767633385214579,Sr02_gA+B_eps15_IMG1_LID1_STA1_CFC64_OH1,0317_1813,B,-0.4096251428127289,0.3751968443393707,-0.5,0.5,-1.9994711192290335,-0.4325958652141097,0.8896078880186872,28.349687693751914
1773767633.5068119,1773767633506821362,Sr02_gA+B_eps15_IMG1_LID1_STA1_CFC64_OH1,0317_1813,B,-0.4472924768924713,0.47824668884277344,-0.5,0.5,-2.044535412477224,-0.4925274736961474,0.9618343176085066,28.397459609420274
1773767633.6305656,1773767633630576584,Sr02_gA+B_eps15_IMG1_LID1_STA1_CFC64_OH1,0317_1813,B,-0.5637401938438416,0.4444609582424164,-0.5,0.5,-2.072175333888044,-0.5341879039107276,1.008063559326011,28.43158758793963
1773767633.757332,1773767633757338736,Sr02_gA+B_eps15_IMG1_LID1_STA1_CFC64_OH1,0317_1813,B,-0.5540124177932739,0.4431094527244568,-0.5,0.5,-2.0978225559287424,-0.5771033702193582,1.0561909954179232,28.4674416786099
1773767633.8879402,1773767633887947285,Sr02_gA+B_eps15_IMG1_LID1_STA1_CFC64_OH1,0317_1813,B,-0.5315779447555542,0.5217123031616211,-0.5,0.5,-2.1325757554486238,-0.6435490685373845,1.1193597257471115,28.524168187543193
1773767634.0115314,1773767634011538601,Sr02_gA+B_eps15_IMG1_LID1_STA1_CFC64_OH1,0317_1813,B,-0.30577442049980164,0.5642430782318115,-0.5,0.5,-2.1631416328737627,-0.7120244759687027,1.1814050621787178,28.583904064862526
1773767634.1394188,1773767634139426766,Sr02_gA+B_eps15_IMG1_LID1_STA1_CFC64_OH1,0317_1813,B,-0.19904538989067078,0.4180719256401062,0.0,0.5,-2.1812507735847304,-0.7586266808093683,1.2189246855347982,28.625206787127727
1773767634.2662868,1773767634266294067,Sr02_gA+B_eps15_IMG1_LID1_STA1_CFC64_OH1,0317_1813,B,-0.4735102653503418,0.3315846025943756,-0.5,0.5,-2.20461980254926,-0.8298049314493074,1.2889754882961084,28.68930594390111
1773767634.3870492,1773767634387056125,Sr02_gA+B_eps15_IMG1_LID1_STA1_CFC64_OH1,0317_1813,B,-0.43727409839630127,0.2786738872528076,-0.5,0.5,-2.2174533714258855,-0.8781256082789609,1.333408017190442,28.733527773894423
1773767634.5069156,1773767634506924987,Sr02_gA+B_eps15_IMG1_LID1_STA1_CFC64_OH1,0317_1813,B,0.07965703308582306,0.20343126356601715,0.0,0.5,-2.232639475515508,-0.9515239084168231,1.401597210801094,28.80169386100246
1773767634.628492,1773767634628500755,Sr02_gA+B_eps15_IMG1_LID1_STA1_CFC64_OH1,0317_1813,B,0.41711002588272095,0.332049697637558,0.5,0.5,-2.2397699421856574,-1.0010071298002432,1.4537683602040368,28.84835772393108
1773767634.7505915,1773767634750599007,Sr02_gA+B_eps15_IMG1_LID1_STA1_CFC64_OH1,0317_1813,B,0.5091202259063721,0.4494667053222656,0.5,0.5,-2.244206235511768,-1.0507941181656577,1.5101299110852302,28.89592498168965
1773767634.8748286,1773767634874835618,Sr02_gA+B_eps15_IMG1_LID1_STA1_CFC64_OH1,0317_1813,B,0.5087040662765503,0.5636283159255981,0.5,0.5,-2.2457139776797783,-1.1120946183891407,1.587363102271918,28.955376343260166
1773767634.9974275,1773767634997433843,Sr02_gA+B_eps15_IMG1_LID1_STA1_CFC64_OH1,0317_1813,B,0.5179669857025146,0.5065933465957642,0.5,0.5,-2.244403936543758,-1.1444262509479843,1.6303922495589653,28.98720009255766
1773767635.1223192,1773767635122328054,Sr02_gA+B_eps15_IMG1_LID1_STA1_CFC64_OH1,0317_1813,B,0.5100643634796143,0.3209221065044403,0.5,0.5,-2.238203632013034,-1.2165434914738869,1.6778913094576324,29.05891051520626
1773767635.2448094,1773767635244816947,Sr02_gA+B_eps15_IMG1_LID1_STA1_CFC64_OH1,0317_1813,B,0.5139836668968201,0.35355302691459656,0.5,0.5,-2.2335773609435896,-1.2553438004715316,1.7020348858684589,29.09777731356361
1773767635.3691306,1773767635369138319,Sr02_gA+B_eps15_IMG1_LID1_STA1_CFC64_OH1,0317_1813,B,0.47438016533851624,0.475742906332016,0.5,0.5,-2.2303639258391597,-1.2779363138986566,1.7287843917478005,29.12052313929652
1773767635.48747,1773767635487477309,Sr02_gA+B_eps15_IMG1_LID1_STA1_CFC64_OH1,0317_1813,B,0.4117811918258667,0.5740326642990112,0.5,0.5,-2.231655787208943,-1.2702648894163524,1.7413414389208786,29.112755474708635
1773767635.6107311,1773767635610738393,Sr02_gA+B_eps15_IMG1_LID1_STA1_CFC64_OH1,0317_1813,B,0.475877970457077,0.4377867579460144,0.5,0.5,-2.2393961118066565,-1.2275107573651576,1.756630255577644,29.06934610629623
1773767635.7372828,1773767635737289746,Sr02_gA+B_eps15_IMG1_LID1_STA1_CFC64_OH1,0317_1813,B,0.477632611989975,0.42973393201828003,0.5,0.5,-2.247444634494712,-1.1867567202058549,1.7771090664325253,29.02782002278253
1773767635.8568294,1773767635856836018,Sr02_gA+B_eps15_IMG1_LID1_STA1_CFC64_OH1,0317_1813,B,0.48911985754966736,0.4716878831386566,0.5,0.5,-2.264155580404543,-1.1148400220018029,1.82308339970625,28.95398881599478
1773767635.9783332,1773767635978342107,Sr02_gA+B_eps15_IMG1_LID1_STA1_CFC64_OH1,0317_1813,B,0.47213536500930786,0.5307273864746094,0.5,0.5,-2.2774897554495785,-1.0666535196681508,1.8584386463172082,28.904049141244087
1773767636.1036992,1773767636103707078,Sr02_gA+B_eps15_IMG1_LID1_STA1_CFC64_OH1,0317_1813,B,0.48413389921188354,0.4977753162384033,0.5,0.5,-2.292616254795985,-1.0191126400975046,1.9017865634306577,28.85434527751824
1773767636.2238178,1773767636223824488,Sr02_gA+B_eps15_IMG1_LID1_STA1_CFC64_OH1,0317_1813,B,0.4851466119289398,0.4946798086166382,0.5,0.5,-2.3198053880806646,-0.9493138341682222,1.98495528406685,28.780278171734892
1773767636.3474462,1773767636347455334,Sr02_gA+B_eps15_IMG1_LID1_STA1_CFC64_OH1,0317_1813,B,0.49950405955314636,0.4994059205055237,0.5,0.5,-2.340923059949265,-0.9040513545480833,2.02924561685165,28.73148586881629
1773767636.4730647,1773767636473071835,Sr02_gA+B_eps15_IMG1_LID1_STA1_CFC64_OH1,0317_1813,B,0.4981037676334381,0.4939388036727905,0.5,0.5,-2.3762740942968628,-0.8379261672288364,2.0947674840011055,28.65922756898672
1773767636.5953898,1773767636595396874,Sr02_gA+B_eps15_IMG1_LID1_STA1_CFC64_OH1,0317_1813,B,0.48505479097366333,0.3305017650127411,0.5,0.5,-2.4023017637952346,-0.7952401445284224,2.1419362176185976,28.61189067808389
1773767636.717968,1773767636717975677,Sr02_gA+B_eps15_IMG1_LID1_STA1_CFC64_OH1,0317_1813,B,0.48759886622428894,0.3069227337837219,0.5,0.5,-2.4452282170423985,-0.73378297894577,2.2201910550122377,28.54256972657987
1773767636.8395429,1773767636839550276,Sr02_gA+B_eps15_IMG1_LID1_STA1_CFC64_OH1,0317_1813,B,0.4977602958679199,0.20346936583518982,0.5,0.5,-2.4764418803084127,-0.6947292884375666,2.269968549425998,28.497682588960007
1773767636.9622061,1773767636962212895,Sr02_gA+B_eps15_IMG1_LID1_STA1_CFC64_OH1,0317_1813,B,0.49680793285369873,0.514143168926239,0.5,0.5,-2.5267954932032177,-0.6391691428762886,2.34426497651765,28.43257396396869
1773767637.0849133,1773767637084921121,Sr02_gA+B_eps15_IMG1_LID1_STA1_CFC64_OH1,0317_1813,B,0.4985106289386749,0.5130478143692017,0.5,0.5,-2.562605148832314,-0.6042814860053282,2.3942055185515856,28.390818284514683
1773767637.2082374,1773767637208244585,Sr02_gA+B_eps15_IMG1_LID1_STA1_CFC64_OH1,0317_1813,B,0.49317866563796997,0.4022063612937927,0.5,0.5,-2.600106034884894,-0.5712183082061226,2.443708694894191,28.350511640070916
1773767637.3347886,1773767637334798297,Sr02_gA+B_eps15_IMG1_LID1_STA1_CFC64_OH1,0317_1813,B,0.4922708570957184,0.48621365427970886,0.5,0.5,-2.6588043180449725,-0.5247024485375431,2.4965252027959006,28.292601745964173
1773767637.4587343,1773767637458743041,Sr02_gA+B_eps15_IMG1_LID1_STA1_CFC64_OH1,0317_1813,B,0.5168588757514954,0.5013419985771179,0.5,0.5,-2.699212311996764,-0.49525762858377953,2.5272174443273565,28.255302089067897
1773767637.5810614,1773767637581069364,Sr02_gA+B_eps15_IMG1_LID1_STA1_CFC64_OH1,0317_1813,B,0.5183504223823547,0.5001475811004639,0.5,0.5,-2.761227879493714,-0.4532194668787578,2.5624569807166155,28.20121609961365
1773767637.7023053,1773767637702312777,Sr02_gA+B_eps15_IMG1_LID1_STA1_CFC64_OH1,0317_1813,B,0.5008618831634521,0.493927001953125,0.5,0.5,-2.802927047807383,-0.42698859814813894,2.6017475814402777,28.166893790163837
1773767637.826947,1773767637826954622,Sr02_gA+B_eps15_IMG1_LID1_STA1_CFC64_OH1,0317_1813,B,0.49440881609916687,0.4827776849269867,0.5,0.5,-2.8686617730609485,-0.39095684804315844,2.6786469645064437,28.11808369458991
1773767637.9520323,1773767637952045955,Sr02_gA+B_eps15_IMG1_LID1_STA1_CFC64_OH1,0317_1813,B,0.5038914680480957,0.01055166032165289,0.5,0.0,-2.913822236143259,-0.36955358602202193,2.7191284508467444,28.087898032235994
1773767638.0766213,1773767638076628630,Sr02_gA+B_eps15_IMG1_LID1_STA1_CFC64_OH1,0317_1813,B,0.5035026669502258,0.008392107672989368,0.5,0.0,-2.9831679989593427,-0.34115745253527224,2.789278734401851,28.046034487056847
1773767638.2015145,1773767638201522487,Sr02_gA+B_eps15_IMG1_LID1_STA1_CFC64_OH1,0317_1813,B,0.4980052411556244,-0.001323516946285963,0.5,0.0,-3.0305095816877143,-0.3250872768015131,2.839412882961656,28.0207823712715
1773767638.323124,1773767638323131644,Sr02_gA+B_eps15_IMG1_LID1_STA1_CFC64_OH1,0317_1813,B,0.5011199712753296,-0.0013886610977351665,0.5,0.0,-3.1028812670029833,-0.30547349823578523,2.914446890371668,27.987162800386358
1773767638.449524,1773767638449533355,Sr02_gA+B_eps15_IMG1_LID1_STA1_CFC64_OH1,0317_1813,B,0.5006905794143677,0.017932705581188202,0.5,0.0,-3.1518551349307242,-0.2954210538891421,2.9638395446790753,27.967661209481573
1773767638.5756023,1773767638575609497,Sr02_gA+B_eps15_IMG1_LID1_STA1_CFC64_OH1,0317_1813,B,0.5002745389938354,0.011873257346451283,0.5,0.0,-3.226042384619642,-0.2848392315140009,3.0343568492153725,27.942822003201474
1773767638.7059574,1773767638705966027,Sr02_gA+B_eps15_IMG1_LID1_STA1_CFC64_OH1,0317_1813,B,0.4999903440475464,-0.00183503283187747,0.5,0.0,-3.2749356225159385,-0.2802243852278441,3.0558436494479997,27.92886475456986
1773767638.8301153,1773767638830123931,Sr02_gA+B_eps15_IMG1_LID1_STA1_CFC64_OH1,0317_1813,B,0.4987609386444092,-0.008711665868759155,0.5,0.0,-3.3494340082957796,-0.27392790225784963,3.0578690279619827,27.908472720415453
1773767638.957175,1773767638957182436,Sr02_gA+B_eps15_IMG1_LID1_STA1_CFC64_OH1,0317_1813,B,0.498272180557251,-0.035620711743831635,0.5,0.0,-3.399258589366308,-0.26974331142219676,3.0577360271491982,27.894964046145436
1773767639.0783954,1773767639078403611,Sr02_gA+B_eps15_IMG1_LID1_STA1_CFC64_OH1,0317_1813,B,0.4932674467563629,-0.035205382853746414,0.5,0.0,-3.473994548767613,-0.2634555747085872,3.0579141414019637,27.874846429003625
1773767639.2043686,1773767639204376644,Sr02_gA+B_eps15_IMG1_LID1_STA1_CFC64_OH1,0317_1813,B,0.5014177560806274,-1.9420869648456573e-05,0.5,0.0,-3.5238233157557834,-0.2593212073587034,3.0597074078810134,27.861594377126796
1773767639.323399,1773767639323407763,Sr02_gA+B_eps15_IMG1_LID1_STA1_CFC64_OH1,0317_1813,B,0.5007293820381165,0.033309660851955414,0.5,0.0,-3.5985777577300033,-0.25325727905021267,3.0614119174815313,27.8420061402924
1773767639.447822,1773767639447832627,Sr02_gA+B_eps15_IMG1_LID1_STA1_CFC64_OH1,0317_1813,B,0.4708568751811981,-0.0761655941605568,0.5,0.0,-3.648416749187108,-0.24924796408754954,3.061228417418937,27.82908422951811
1773767639.5723705,1773767639572377825,Sr02_gA+B_eps15_IMG1_LID1_STA1_CFC64_OH1,0317_1813,B,0.4713420271873474,-0.07731073349714279,0.5,0.0,-3.723171636422817,-0.2431894873018697,3.0595898125490844,27.809815493609655
1773767639.7025464,1773767639702553920,Sr02_gA+B_eps15_IMG1_LID1_STA1_CFC64_OH1,0317_1813,B,0.49379199743270874,-0.029807355254888535,0.5,0.0,-3.77299621612219,-0.23900519561983383,3.0560277487968364,27.7969337090051
1773767639.839848,1773767639839855832,Sr02_gA+B_eps15_IMG1_LID1_STA1_CFC64_OH1,0317_1813,B,0.4939956068992615,-0.019859623163938522,0.5,0.0,-3.8477046101377073,-0.2323989567548047,3.0510946360221882,27.777448631470268
1773767639.971956,1773767639971962490,Sr02_gA+B_eps15_IMG1_LID1_STA1_CFC64_OH1,0317_1813,B,0.49952730536460876,-0.0020756940357387066,0.5,0.0,-3.897500070193018,-0.2278810111262793,3.051425958311466,27.76445315120097
1773767640.0980525,1773767640098060407,Sr02_gA+B_eps15_IMG1_LID1_STA1_CFC64_OH1,0317_1813,B,0.5117695927619934,0.04554244875907898,0.5,0.0,-3.9721792608851136,-0.22131257141405786,3.0553809922724606,27.74532533089029
1773767640.221126,1773767640221132729,Sr02_gA+B_eps15_IMG1_LID1_STA1_CFC64_OH1,0317_1813,B,0.5111895203590393,0.04654896259307861,0.5,0.0,-4.046832600230947,-0.21444280460310725,3.0440847298581306,27.726094128081993
1773767640.3523133,1773767640352321546,Sr02_gA+B_eps15_IMG1_LID1_STA1_CFC64_OH1,0317_1813,B,0.49984800815582275,0.003454875200986862,0.5,0.0,-4.096564697315847,-0.20938498752614992,3.036752186804753,27.712913098240016
1773767640.4830468,1773767640483054473,Sr02_gA+B_eps15_IMG1_LID1_STA1_CFC64_OH1,0317_1813,B,0.501427412033081,0.0005520563572645187,0.5,0.0,-4.171135336229997,-0.20137185442355518,3.032579500494763,27.69288259098718
1773767640.6145873,1773767640614595347,Sr02_gA+B_eps15_IMG1_LID1_STA1_CFC64_OH1,0317_1813,B,0.5003044009208679,0.0004510721191763878,0.5,0.0,-4.220833096145226,-0.1958826358464026,3.0305935412622858,27.679491074248137
1773767640.7361774,1773767640736184371,Sr02_gA+B_eps15_IMG1_LID1_STA1_CFC64_OH1,0317_1813,B,0.5003775954246521,0.0006771096959710121,0.5,0.0,-4.295357811584469,-0.18755254537006363,3.030480881999723,27.6594694873496
1773767640.863416,1773767640863424009,Sr02_gA+B_eps15_IMG1_LID1_STA1_CFC64_OH1,0317_1813,B,0.5003529191017151,0.007478793151676655,0.5,0.0,-4.345061935405324,-0.1821215786188988,3.0350451683486934,27.64634439336637
1773767640.9908032,1773767640990810912,Sr02_gA+B_eps15_IMG1_LID1_STA1_CFC64_OH1,0317_1813,B,0.501666247844696,8.032191544771194e-05,0.5,0.0,-4.419651636859037,-0.17439805770974715,3.040776126745159,27.62722758586678
1773767641.1383982,1773767641138406606,Sr02_gA+B_eps15_IMG1_LID1_STA1_CFC64_OH1,0317_1813,B,0.5030426383018494,0.012248790822923183,0.5,0.0,-4.46939861785498,-0.16937435994194022,3.0411216145897972,27.61470960925732
1773767641.262658,1773767641262665174,Sr02_gA+B_eps15_IMG1_LID1_STA1_CFC64_OH1,0317_1813,B,0.5038328766822815,0.014061934314668179,0.5,0.0,-4.544020912449627,-0.16185688480225818,3.04123244348518,27.596109460010197
1773767641.3947964,1773767641394805318,Sr02_gA+B_eps15_IMG1_LID1_STA1_CFC64_OH1,0317_1813,B,0.5005578994750977,-0.0019406233914196491,0.5,0.0,-4.618643777447396,-0.15434507384221158,3.0413068851608864,27.577706255993505
1773767641.527366,1773767641527373943,Sr02_gA+B_eps15_IMG1_LID1_STA1_CFC64_OH1,0317_1813,B,0.5034388899803162,-0.003459255676716566,0.5,0.0,-4.668392723501927,-0.14934087076229388,3.0413745960160035,27.56554757340216
1773767641.6548066,1773767641654815971,Sr02_gA+B_eps15_IMG1_LID1_STA1_CFC64_OH1,0317_1813,B,0.49981218576431274,-0.0039178794249892235,0.5,0.0,-4.7430198056803565,-0.1418710994046525,3.0421324584878517,27.547505296927117
1773767641.7902458,1773767641790254149,Sr02_gA+B_eps15_IMG1_LID1_STA1_CFC64_OH1,0317_1813,B,0.49810075759887695,0.0005881544202566147,0.5,0.0,-4.817649460618521,-0.13442705171313998,3.0425095511492537,27.529680639490135
1773767641.9218202,1773767641921827336,Sr02_gA+B_eps15_IMG1_LID1_STA1_CFC64_OH1,0317_1813,B,0.4987316429615021,-0.00017462857067584991,0.5,0.0,-4.866164916285141,-0.12963350794404474,3.0437147305552372,27.518241850551316
1773767642.0426843,1773767642042691420,Sr02_gA+B_eps15_IMG1_LID1_STA1_CFC64_OH1,0317_1813,B,0.5003775954246521,0.000474010594189167,0.5,0.0,-4.908768287338913,-0.12547717737999725,3.0451147758107635,27.508316899753545
1773767642.1660998,1773767642166108339,Sr02_gA+B_eps15_IMG1_LID1_STA1_CFC64_OH1,0317_1813,B,0.5017002820968628,0.0002905735746026039,0.5,0.0,-4.913364861847168,-0.12503292492474036,3.0457523708772793,27.507253986387518
1773767642.2938557,1773767642293863574,Sr02_gA+B_eps15_IMG1_LID1_STA1_CFC64_OH1,0317_1813,B,0.50303053855896,0.0011340836063027382,0.5,0.0,-4.917752220411078,-0.12461403816259191,3.0463878054459146,27.506245235042638
1773767642.431659,1773767642431667770,Sr02_gA+B_eps15_IMG1_LID1_STA1_CFC64_OH1,0317_1813,B,0.3685232102870941,-0.024570543318986893,0.5,0.0,-4.912948442870093,-0.12507156106869025,3.0466898627432357,27.507348653668995
1773767642.556742,1773767642556748684,Sr02_gA+B_eps15_IMG1_LID1_STA1_CFC64_OH1,0317_1813,B,0.42324477434158325,-0.028314925730228424,0.5,0.0,-4.873420001252146,-0.12882692853522615,3.046980228656262,27.51644938889404
1773767642.6789472,1773767642678955605,Sr02_gA+B_eps15_IMG1_LID1_STA1_CFC64_OH1,0317_1813,B,0.4993734359741211,-0.001222087536007166,0.5,0.0,-4.8133740858070295,-0.13451981525838347,3.0471516273649937,27.530366116188087
1773767642.7951465,1773767642795153874,Sr02_gA+B_eps15_IMG1_LID1_STA1_CFC64_OH1,0317_1813,B,0.498809814453125,0.07551456987857819,0.5,0.0,-4.766572774280291,-0.13895131209565623,3.047198966215624,27.541294262745815
1773767642.9184134,1773767642918422075,Sr02_gA+B_eps15_IMG1_LID1_STA1_CFC64_OH1,0317_1813,B,0.49840956926345825,0.03345227241516113,0.5,0.0,-4.716795366293735,-0.14366399042357497,3.0471989662185237,27.55299998476067
1773767643.043628,1773767643043636049,Sr02_gA+B_eps15_IMG1_LID1_STA1_CFC64_OH1,0317_1813,B,0.49955320358276367,0.005013125948607922,0.5,0.0,-4.649271288829447,-0.15005672896880579,3.047208766209068,27.56901592760479
1773767643.1694138,1773767643169421530,Sr02_gA+B_eps15_IMG1_LID1_STA1_CFC64_OH1,0317_1813,B,0.49819305539131165,0.002519819885492325,0.5,0.0,-4.625645214474723,-0.1522929939255826,3.047241892844251,27.57465647357705
1773767643.2856731,1773767643285681536,Sr02_gA+B_eps15_IMG1_LID1_STA1_CFC64_OH1,0317_1813,B,0.4812581539154053,-0.05205203965306282,0.5,0.0,-4.625370583222826,-0.1523192517328207,3.0473243180547533,27.574722413500734
1773767643.4066107,1773767643406618639,Sr02_gA+B_eps15_IMG1_LID1_STA1_CFC64_OH1,0317_1813,B,0.3780677020549774,0.00669393315911293,0.5,0.0,-4.642239205094939,-0.15072445705514104,3.047314269292411,27.570694871654982
1773767643.5271454,1773767643527152651,Sr02_gA+B_eps15_IMG1_LID1_STA1_CFC64_OH1,0317_1813,B,0.2632485032081604,-0.013393698260188103,0.5,0.0,-4.668377444648509,-0.14830499516349133,3.0511315469587323,27.564524695078937
1773767643.6488345,1773767643648842910,Sr02_gA+B_eps15_IMG1_LID1_STA1_CFC64_OH1,0317_1813,B,0.4888658821582794,-0.03423507511615753,0.5,0.0,-4.685806808743984,-0.1467342875553518,3.052302377514082,27.56046564158228
1773767643.7716775,1773767643771684017,Sr02_gA+B_eps15_IMG1_LID1_STA1_CFC64_OH1,0317_1813,B,0.4905117452144623,-0.019909288734197617,0.5,0.0,-4.703237506173956,-0.14517843574584646,3.052676917865276,27.556431616948124
1773767643.8944292,1773767643894436728,Sr02_gA+B_eps15_IMG1_LID1_STA1_CFC64_OH1,0317_1813,B,0.4894821345806122,-0.02973766252398491,0.5,0.0,-4.729384042247219,-0.1428501525455087,3.05285284161577,27.550405684397358
1773767644.0163093,1773767644016316962,Sr02_gA+B_eps15_IMG1_LID1_STA1_CFC64_OH1,0317_1813,B,0.4974518418312073,-0.00304123992100358,0.5,0.0,-4.74681375786652,-0.1412833664029849,3.0510310380547794,27.546387294543045
1773767644.1383677,1773767644138376262,Sr02_gA+B_eps15_IMG1_LID1_STA1_CFC64_OH1,0317_1813,B,0.46406131982803345,0.0034090308472514153,0.5,0.0,-4.765814579951422,-0.13955022923190172,3.0507270637040302,27.54199381679275
1773767644.2596428,1773767644259650106,Sr02_gA+B_eps15_IMG1_LID1_STA1_CFC64_OH1,0317_1813,B,0.4324008822441101,-0.013157260604202747,0.5,0.0,-4.758071575558391,-0.1402556057827212,3.050751135951059,27.543781803802766
1773767644.381166,1773767644381174938,Sr02_gA+B_eps15_IMG1_LID1_STA1_CFC64_OH1,0317_1813,B,0.383034884929657,-0.01522768847644329,0.5,0.0,-4.716507271116813,-0.14404182983075264,3.0507437082823508,27.553414978682223
1773767644.5050724,1773767644505078409,Sr02_gA+B_eps15_IMG1_LID1_STA1_CFC64_OH1,0317_1813,B,0.4950501322746277,0.0008716108277440071,0.5,0.0,-4.697198655680647,-0.14580081384125224,3.0507521936211686,27.557910508049645
1773767644.628269,1773767644628276454,Sr02_gA+B_eps15_IMG1_LID1_STA1_CFC64_OH1,0317_1813,B,0.493587851524353,0.001571877859532833,0.5,0.0,-4.703043154584156,-0.14526875620828492,3.0508070741835693,27.556548763153273
1773767644.7489996,1773767644749010240,Sr02_gA+B_eps15_IMG1_LID1_STA1_CFC64_OH1,0317_1813,B,0.4948633313179016,0.0009430255740880966,0.5,0.0,-4.728599888203236,-0.1429429549821359,3.050863366128728,27.550608804984748
1773767644.8697577,1773767644869765817,Sr02_gA+B_eps15_IMG1_LID1_STA1_CFC64_OH1,0317_1813,B,0.5006051659584045,-0.005836181342601776,0.5,0.0,-4.771311926914883,-0.13905865782222926,3.05095888271999,27.540734788520556
1773767644.9844508,1773767644984458471,Sr02_gA+B_eps15_IMG1_LID1_STA1_CFC64_OH1,0317_1813,B,0.498978853225708,0.002160121686756611,0.5,0.0,-4.845999462102503,-0.13221982318905173,3.0493166342567894,27.52357468977419
1773767645.1107633,1773767645110771219,Sr02_gA+B_eps15_IMG1_LID1_STA1_CFC64_OH1,0317_1813,B,0.49891820549964905,-0.001221497543156147,0.5,0.0,-4.895783211235289,-0.12757466204043402,3.0477938694840425,27.512158204386783
1773767645.231344,1773767645231351852,Sr02_gA+B_eps15_IMG1_LID1_STA1_CFC64_OH1,0317_1813,B,0.4963262379169464,-0.0003105970099568367,0.5,0.0,-4.970450922219372,-0.12052255798912702,3.047455625209414,27.495112519899983
1773767645.355157,1773767645355164696,Sr02_gA+B_eps15_IMG1_LID1_STA1_CFC64_OH1,0317_1813,B,0.4992229640483856,-0.002165640238672495,0.5,0.0,-5.020229907296599,-0.11582656794176602,3.047612812696734,27.483861858580802
1773767645.4799485,1773767645479956627,Sr02_gA+B_eps15_IMG1_LID1_STA1_CFC64_OH1,0317_1813,B,0.5001684427261353,0.0014680633321404457,0.5,0.0,-5.094899478658765,-0.10879418642688389,3.047760555295256,27.467159250412795
1773767645.5982826,1773767645598291459,Sr02_gA+B_eps15_IMG1_LID1_STA1_CFC64_OH1,0317_1813,B,0.5012853741645813,0.0007268590852618217,0.5,0.0,-5.144678155538689,-0.10409493754566954,3.0471769433029916,27.456121578311272
1773767645.7196176,1773767645719625367,Sr02_gA+B_eps15_IMG1_LID1_STA1_CFC64_OH1,0317_1813,B,0.4995950162410736,0.001252656802535057,0.5,0.0,-5.19445596843019,-0.09938653897704351,3.0473929489996125,27.445161589015875
1773767645.8423269,1773767645842333830,Sr02_gA+B_eps15_IMG1_LID1_STA1_CFC64_OH1,0317_1813,B,0.5018090009689331,0.001366274431347847,0.5,0.0,-5.26912344804497,-0.09233198266525172,3.0473111756663886,27.42889217797685
1773767645.9648874,1773767645964894998,Sr02_gA+B_eps15_IMG1_LID1_STA1_CFC64_OH1,0317_1813,B,0.5009463429450989,-0.004151707980781794,0.5,0.0,-5.318901270673158,-0.08762368603779205,3.047271006328746,27.41814935618247
1773767646.0869083,1773767646086916130,Sr02_gA+B_eps15_IMG1_LID1_STA1_CFC64_OH1,0317_1813,B,0.5015427470207214,0.0004049045965075493,0.5,0.0,-5.393566869991896,-0.0805492590838569,3.0469647126456763,27.402186526646506
1773767646.2091315,1773767646209137947,Sr02_gA+B_eps15_IMG1_LID1_STA1_CFC64_OH1,0317_1813,B,0.500916600227356,0.0010494943708181381,0.5,0.0,-5.443343519242711,-0.07582857397261364,3.0471115159582705,27.391649236441943
1773767646.3379552,1773767646337962636,Sr02_gA+B_eps15_IMG1_LID1_STA1_CFC64_OH1,0317_1813,B,0.5019009709358215,0.0009949803352355957,0.5,0.0,-5.518009544772523,-0.06875864391762705,3.0472532968669253,27.376017828816643
1773767646.4534698,1773767646453478279,Sr02_gA+B_eps15_IMG1_LID1_STA1_CFC64_OH1,0317_1813,B,0.5001002550125122,-0.004569195210933685,0.5,0.0,-5.56778750359805,-0.064051787757688,3.0473785623111094,27.365712445903497
1773767646.5758495,1773767646575856638,Sr02_gA+B_eps15_IMG1_LID1_STA1_CFC64_OH1,0317_1813,B,0.49939221143722534,0.0001548798754811287,0.5,0.0,-5.617566073262646,-0.059351396147590794,3.0475140532694107,27.355500927768116
1773767646.698633,1773767646698640955,Sr02_gA+B_eps15_IMG1_LID1_STA1_CFC64_OH1,0317_1813,B,0.49848639965057373,0.0009199231863021851,0.5,0.0,-5.692233834111726,-0.052299822969566645,3.047167200982566,27.34034697982196
1773767646.822236,1773767646822244120,Sr02_gA+B_eps15_IMG1_LID1_STA1_CFC64_OH1,0317_1813,B,0.5013409852981567,0.0077620698139071465,0.5,0.0,-5.742011187788022,-0.04758657104618327,3.0472076878892858,27.330342009549533
1773767646.941627,1773767646941635104,Sr02_gA+B_eps15_IMG1_LID1_STA1_CFC64_OH1,0317_1813,B,0.5006119608879089,-0.0003215484321117401,0.5,0.0,-5.816677794557719,-0.040522782397850086,3.0473457736325775,27.315505286579636
1773767647.0604982,1773767647060505278,Sr02_gA+B_eps15_IMG1_LID1_STA1_CFC64_OH1,0317_1813,B,0.49986040592193604,-0.0021957564167678356,0.5,0.0,-5.866456130306255,-0.0358199140093284,3.047445816684543,27.305730335031107
1773767647.183026,1773767647183033689,Sr02_gA+B_eps15_IMG1_LID1_STA1_CFC64_OH1,0317_1813,B,0.49951985478401184,-0.007353400811553001,0.5,0.0,-5.94112195473759,-0.028747874666375593,3.0468633225112267,27.29121561802956
1773767647.2999032,1773767647299909953,Sr02_gA+B_eps15_IMG1_LID1_STA1_CFC64_OH1,0317_1813,B,0.4981004595756531,0.0010488247498869896,0.5,0.0,-5.9908978147574,-0.024018874548157227,3.0468788094670094,27.281635287798874
1773767647.4226494,1773767647422655770,Sr02_gA+B_eps15_IMG1_LID1_STA1_CFC64_OH1,0317_1813,B,0.5047371983528137,0.0004143631085753441,0.5,0.0,-6.040673836615349,-0.019291578313420606,3.046947849788054,27.272144941617217
1773767647.5492647,1773767647549273813,Sr02_gA+B_eps15_IMG1_LID1_STA1_CFC64_OH1,0317_1813,B,0.5044769644737244,-0.0015063071623444557,0.5,0.0,-6.115340978436306,-0.012233484608089595,3.0479068890570247,27.258107616754817
1773767647.671239,1773767647671246687,Sr02_gA+B_eps15_IMG1_LID1_STA1_CFC64_OH1,0317_1813,B,0.48580625653266907,-0.025600377470254898,0.5,0.0,-6.165121994089951,-0.007559068810211036,3.0479555765021833,27.2488906537445
1773767647.7876687,1773767647787676889,Sr02_gA+B_eps15_IMG1_LID1_STA1_CFC64_OH1,0317_1813,B,0.49428561329841614,-0.007679215166717768,0.5,0.0,-6.239792392185638,-0.0005354741634963632,3.0475933835500104,27.235219647461225
1773767647.9090266,1773767647909033844,Sr02_gA+B_eps15_IMG1_LID1_STA1_CFC64_OH1,0317_1813,B,0.4938272535800934,-0.028363030403852463,0.5,0.0,-6.28956992509266,0.004175872566057524,3.0468580457703625,27.226188002181125
1773767648.028322,1773767648028328451,Sr02_gA+B_eps15_IMG1_LID1_STA1_CFC64_OH1,0317_1813,B,0.48667940497398376,-0.030959658324718475,0.5,0.0,-6.339344957474325,0.008913575366852016,3.0467108552906828,27.217219162798514
1773767648.15409,1773767648154099245,Sr02_gA+B_eps15_IMG1_LID1_STA1_CFC64_OH1,0317_1813,B,0.4787508547306061,-0.03149520233273506,0.5,0.0,-6.414007952533945,0.01601543801531438,3.0467920439580745,27.203937308968534
1773767648.2752638,1773767648275271297,Sr02_gA+B_eps15_IMG1_LID1_STA1_CFC64_OH1,0317_1813,B,0.4885992705821991,-0.04148878529667854,0.5,0.0,-6.4637831684837845,0.0207512120487997,3.046660621629186,27.195192860260843
1773767648.395897,1773767648395904774,Sr02_gA+B_eps15_IMG1_LID1_STA1_CFC64_OH1,0317_1813,B,0.49665457010269165,-0.0372200533747673,0.5,0.0,-6.538437718904894,0.027940961493411652,3.0439635523967996,27.182158168117432
1773767648.517064,1773767648517071907,Sr02_gA+B_eps15_IMG1_LID1_STA1_CFC64_OH1,0317_1813,B,0.49867695569992065,-0.01864020712673664,0.5,0.0,-6.588197742706962,0.0328337716672165,3.0431956283181556,27.173481271153843
1773767648.6384795,1773767648638486191,Sr02_gA+B_eps15_IMG1_LID1_STA1_CFC64_OH1,0317_1813,B,0.49654316902160645,-0.17678102850914001,0.5,-0.5,-6.662823198667609,0.04031929972586894,3.0394838132193946,27.16048844786164
1773767648.7689922,1773767648768999615,Sr02_gA+B_eps15_IMG1_LID1_STA1_CFC64_OH1,0317_1813,B,0.49723994731903076,-0.00019061565399169922,0.5,0.0,-6.712554797670819,0.04549286197524834,3.036387852493498,27.15175678206002
1773767648.891599,1773767648891606345,Sr02_gA+B_eps15_IMG1_LID1_STA1_CFC64_OH1,0317_1813,B,0.49943652749061584,-0.00020273122936487198,0.5,0.0,-6.787121256909006,0.053544687814558525,3.0315690055634796,27.138538045314196
1773767649.0163958,1773767649016403061,Sr02_gA+B_eps15_IMG1_LID1_STA1_CFC64_OH1,0317_1813,B,0.5019645094871521,0.0005256542935967445,0.5,0.0,-6.836807397445661,0.05913785639989214,3.0274201359486876,27.129614023683814
1773767649.137798,1773767649137805566,Sr02_gA+B_eps15_IMG1_LID1_STA1_CFC64_OH1,0317_1813,B,0.49935290217399597,-0.0036622914485633373,0.5,0.0,-6.9112946574818945,0.06789194255230897,3.0223091398739648,27.116034427881615
1773767649.2608087,1773767649260817363,Sr02_gA+B_eps15_IMG1_LID1_STA1_CFC64_OH1,0317_1813,B,0.49782299995422363,0.0010589798912405968,0.5,0.0,-6.960933787751234,0.0738882501754481,3.0204451219032094,27.10693410292224
1773767649.3879595,1773767649387967974,Sr02_gA+B_eps15_IMG1_LID1_STA1_CFC64_OH1,0317_1813,B,0.49917227029800415,5.309842526912689e-05,0.5,0.0,-7.010370538975206,0.08014740224974586,3.007906575257356,27.097672764294813
1773767649.5119412,1773767649511949691,Sr02_gA+B_eps15_IMG1_LID1_STA1_CFC64_OH1,0317_1813,B,0.5009536743164062,0.00156461913138628,0.5,0.0,-7.084458879577945,0.09075005974950533,2.997051837895699,27.08273862640346
1773767649.629371,1773767649629378871,Sr02_gA+B_eps15_IMG1_LID1_STA1_CFC64_OH1,0317_1813,B,0.4997709095478058,0.0024203620851039886,0.5,0.0,-7.1339374109467455,0.09795246328060811,2.9970315647975005,27.07275435197069
1773767649.7508075,1773767649750815068,Sr02_gA+B_eps15_IMG1_LID1_STA1_CFC64_OH1,0317_1813,B,0.4998447299003601,0.0002549635246396065,0.5,0.0,-7.208155377488639,0.10875490405873632,2.9970958445685865,27.057945426275793
1773767649.875656,1773767649875662451,Sr02_gA+B_eps15_IMG1_LID1_STA1_CFC64_OH1,0317_1813,B,0.4999113976955414,0.0004924507811665535,0.5,0.0,-7.257633266067803,0.11596172016849877,2.9967714986162406,27.048178695926755
1773767649.9984016,1773767649998412389,Sr02_gA+B_eps15_IMG1_LID1_STA1_CFC64_OH1,0317_1813,B,0.5029274821281433,-0.0045235599391162395,0.5,0.0,-7.331848503145757,0.12678289671127305,2.9968730708484466,27.033684517138113
1773767650.1175084,1773767650117516136,Sr02_gA+B_eps15_IMG1_LID1_STA1_CFC64_OH1,0317_1813,B,0.4978038966655731,-0.0012695365585386753,0.5,0.0,-7.381325838410938,0.13399351236123194,2.9968783808965864,27.02413652459473
1773767650.2383752,1773767650238382201,Sr02_gA+B_eps15_IMG1_LID1_STA1_CFC64_OH1,0317_1813,B,0.49906402826309204,-0.0008569397032260895,0.5,0.0,-7.4555428335828395,0.14480262383450887,2.9970828418611415,27.009988516757268
1773767650.361066,1773767650361073893,Sr02_gA+B_eps15_IMG1_LID1_STA1_CFC64_OH1,0317_1813,B,0.4989921748638153,-0.0009734239429235458,0.5,0.0,-7.505022473620418,0.15199740616650262,2.9973163196034354,27.000679344174966
1773767650.4860768,1773767650486085765,Sr02_gA+B_eps15_IMG1_LID1_STA1_CFC64_OH1,0317_1813,B,0.49563705921173096,-0.0202115960419178,0.5,0.0,-7.554503072682937,0.159185590857141,2.997341817571152,26.99146613677827
1773767650.608192,1773767650608198857,Sr02_gA+B_eps15_IMG1_LID1_STA1_CFC64_OH1,0317_1813,B,0.5000617504119873,0.00028013717383146286,0.5,0.0,-7.628724418117516,0.16996479149633248,2.997406185411066,26.977817238082228
1773767650.7327058,1773767650732712830,Sr02_gA+B_eps15_IMG1_LID1_STA1_CFC64_OH1,0317_1813,B,0.5000404119491577,-0.00023188907653093338,0.5,0.0,-7.678204594303316,0.17715588413545155,2.9970541540454634,26.968825079316204
1773767650.8520603,1773767650852069448,Sr02_gA+B_eps15_IMG1_LID1_STA1_CFC64_OH1,0317_1813,B,0.49973031878471375,-0.00022084731608629227,0.5,0.0,-7.7524208400627215,0.18797014000348936,2.9967986410221332,26.95547764488574
1773767650.9770713,1773767650977080578,Sr02_gA+B_eps15_IMG1_LID1_STA1_CFC64_OH1,0317_1813,B,0.4987078011035919,-7.201731204986572e-05,0.5,0.0,-7.801897310172588,0.19518668952211027,2.9967129468762512,26.946684641870373
1773767651.1035979,1773767651103605936,Sr02_gA+B_eps15_IMG1_LID1_STA1_CFC64_OH1,0317_1813,B,0.5000465512275696,-0.00046835746616125107,0.5,0.0,-7.876110691169439,0.2060205876310543,2.996374562828923,26.933654761357737
1773767651.2289248,1773767651228932167,Sr02_gA+B_eps15_IMG1_LID1_STA1_CFC64_OH1,0317_1813,B,0.5002106428146362,-0.0006816061213612556,0.5,0.0,-7.9255770609221,0.2133059905181485,2.994353410629055,26.925018195960277
1773767651.349719,1773767651349726600,Sr02_gA+B_eps15_IMG1_LID1_STA1_CFC64_OH1,0317_1813,B,0.5000838041305542,-0.0022447584196925163,0.5,0.0,-7.999761563761815,0.2243358949855435,2.9939855814621126,26.91213091422968
1773767651.4710577,1773767651471068936,Sr02_gA+B_eps15_IMG1_LID1_STA1_CFC64_OH1,0317_1813,B,0.4989313781261444,-0.00012159626930952072,0.5,0.0,-8.049217767431704,0.23169005036935594,2.9939623929841885,26.903651236318304
1773767651.5925322,1773767651592539070,Sr02_gA+B_eps15_IMG1_LID1_STA1_CFC64_OH1,0317_1813,B,0.4999881684780121,-0.0021320204250514507,0.5,0.0,-8.123401762836243,0.24272336863665472,2.9939307541479376,26.89109894163705
1773767651.7224529,1773767651722460356,Sr02_gA+B_eps15_IMG1_LID1_STA1_CFC64_OH1,0317_1813,B,0.5000245571136475,-0.0018989569507539272,0.5,0.0,-8.172857622027932,0.2500798402505029,2.993923552396804,26.882842810861092
1773767651.8506536,1773767651850660931,Sr02_gA+B_eps15_IMG1_LID1_STA1_CFC64_OH1,0317_1813,B,0.5010380148887634,-0.002339415717869997,0.5,0.0,-8.247041065058397,0.2611168717702217,2.993861225985182,26.87062598698833
1773767651.976368,1773767651976375636,Sr02_gA+B_eps15_IMG1_LID1_STA1_CFC64_OH1,0317_1813,B,0.4993085563182831,0.0005807261914014816,0.5,0.0,-8.296496188292306,0.26847828929660417,2.993793065647703,26.862591294204567
1773767652.0999324,1773767652099939239,Sr02_gA+B_eps15_IMG1_LID1_STA1_CFC64_OH1,0317_1813,B,0.49919453263282776,0.00020562391728162766,0.5,0.0,-8.370676667295141,0.27953522255266916,2.993498815306441,26.850694539657095
1773767652.2192307,1773767652219238705,Sr02_gA+B_eps15_IMG1_LID1_STA1_CFC64_OH1,0317_1813,B,0.49957388639450073,-4.8629939556121826e-05,0.5,0.0,-8.420129296366296,0.2869133768122008,2.993446448575244,26.842870002269763
1773767652.3414419,1773767652341449163,Sr02_gA+B_eps15_IMG1_LID1_STA1_CFC64_OH1,0317_1813,B,0.4995462894439697,-3.620889037847519e-05,0.5,0.0,-8.494306008473968,0.297995552626192,2.9931336378721,26.83128868873998
1773767652.4635534,1773767652463562199,Sr02_gA+B_eps15_IMG1_LID1_STA1_CFC64_OH1,0317_1813,B,0.5003303289413452,0.000348895788192749,0.5,0.0,-8.543755312119627,0.3053959610248231,2.9929437424837655,26.82366925219542
1773767652.5836086,1773767652583615491,Sr02_gA+B_eps15_IMG1_LID1_STA1_CFC64_OH1,0317_1813,B,0.48525547981262207,0.009518985636532307,0.5,0.0,-8.593203046336654,0.3128068484479483,2.9927098016316465,26.816130401875355
1773767652.7015326,1773767652701539981,Sr02_gA+B_eps15_IMG1_LID1_STA1_CFC64_OH1,0317_1813,B,0.48517802357673645,0.009527389891445637,0.5,0.0,-8.66737295436716,0.3239344729583087,2.9927093040693946,26.804981730285373
1773767652.82168,1773767652821688140,Sr02_gA+B_eps15_IMG1_LID1_STA1_CFC64_OH1,0317_1813,B,0.4966537058353424,0.001771346665918827,0.5,0.0,-8.716819944133924,0.33135032663957714,2.9927373687477186,26.797665884434814
1773767652.9411082,1773767652941116095,Sr02_gA+B_eps15_IMG1_LID1_STA1_CFC64_OH1,0317_1813,B,0.4997085928916931,0.0009350962936878204,0.5,0.0,-8.790990563717202,0.34247320743996346,2.9927351595320975,26.786864262803842
1773767653.0664797,1773767653066486852,Sr02_gA+B_eps15_IMG1_LID1_STA1_CFC64_OH1,0317_1813,B,0.499866783618927,0.00035186298191547394,0.5,0.0,-8.840437605483054,0.34988871440899677,2.992731538639478,26.779777200631173
1773767653.1894538,1773767653189462169,Sr02_gA+B_eps15_IMG1_LID1_STA1_CFC64_OH1,0317_1813,B,0.4999055564403534,0.00041100941598415375,0.5,0.0,-8.889884690360482,0.3573039338934054,2.9927548747451267,26.772781928872284
1773767653.3143132,1773767653314322234,Sr02_gA+B_eps15_IMG1_LID1_STA1_CFC64_OH1,0317_1813,B,0.5002254247665405,0.0012211725115776062,0.5,0.0,-8.964060665481762,0.36839100805021785,2.9939076109927494,26.762496563062513
1773767653.4328287,1773767653432837167,Sr02_gA+B_eps15_IMG1_LID1_STA1_CFC64_OH1,0317_1813,B,0.4997686743736267,0.0009242817759513855,0.5,0.0,-9.01351987768735,0.37572488982440794,2.9948602643747715,26.75581186897966
1773767653.5569372,1773767653556943766,Sr02_gA+B_eps15_IMG1_LID1_STA1_CFC64_OH1,0317_1813,B,0.4992772340774536,0.001591043546795845,0.5,0.0,-9.087716207901511,0.386674950640782,2.995203532180416,26.74600783689907
1773767653.680116,1773767653680125729,Sr02_gA+B_eps15_IMG1_LID1_STA1_CFC64_OH1,0317_1813,B,0.4993028938770294,0.001611403189599514,0.5,0.0,-9.137181757380542,0.3939659790907953,2.99529704229674,26.73959572199291
1773767653.8025708,1773767653802578180,Sr02_gA+B_eps15_IMG1_LID1_STA1_CFC64_OH1,0317_1813,B,0.5009458065032959,-5.183462053537369e-05,0.5,0.0,-9.211381054355263,0.40489592023019977,2.995368501959724,26.73015665078036
1773767653.9237096,1773767653923717301,Sr02_gA+B_eps15_IMG1_LID1_STA1_CFC64_OH1,0317_1813,B,0.5008370280265808,-0.0014420226216316223,0.5,0.0,-9.260847615112466,0.4121800845306664,2.9954096028305925,26.723981491776446
1773767654.041955,1773767654041963624,Sr02_gA+B_eps15_IMG1_LID1_STA1_CFC64_OH1,0317_1813,B,0.5008425116539001,-0.0016284622251987457,0.5,0.0,-9.335048595421414,0.4230985914102119,2.9955846761700866,26.71489930804783
1773767654.1630201,1773767654163029810,Sr02_gA+B_eps15_IMG1_LID1_STA1_CFC64_OH1,0317_1813,B,0.5005059838294983,0.0004254961386322975,0.5,0.0,-9.38451691630575,0.43037079260178557,2.9956771044236885,26.708966634035274
1773767654.28366,1773767654283667718,Sr02_gA+B_eps15_IMG1_LID1_STA1_CFC64_OH1,0317_1813,B,0.5003638863563538,0.00026242155581712723,0.5,0.0,-9.433986151356564,0.43763677231689846,2.995836208007938,26.7031325100605
1773767654.4050145,1773767654405022122,Sr02_gA+B_eps15_IMG1_LID1_STA1_CFC64_OH1,0317_1813,B,0.4997669756412506,6.898678839206696e-05,0.5,0.0,-9.508192180587981,0.44852091147374734,2.9960773072871754,26.69456942501717
1773767654.5222049,1773767654522212966,Sr02_gA+B_eps15_IMG1_LID1_STA1_CFC64_OH1,0317_1813,B,0.49970743060112,0.00014006905257701874,0.5,0.0,-9.557663838763203,0.4557703749276654,2.9960887574571937,26.68898292395212
1773767654.6451368,1773767654645145586,Sr02_gA+B_eps15_IMG1_LID1_STA1_CFC64_OH1,0317_1813,B,0.500576376914978,0.00043474230915308,0.5,0.0,-9.607135057103523,0.46302283897941043,2.995958458351934,26.683485929738605
1773767654.7669241,1773767654766930925,Sr02_gA+B_eps15_IMG1_LID1_STA1_CFC64_OH1,0317_1813,B,0.4995898902416229,-0.0028686090372502804,0.5,0.0,-9.681339862265785,0.4739153203883442,2.9957235115252816,26.67540018474882
1773767654.8860207,1773767654886028207,Sr02_gA+B_eps15_IMG1_LID1_STA1_CFC64_OH1,0317_1813,B,0.4996680021286011,0.0004447000101208687,0.5,0.0,-9.730808630449248,0.48118447832179706,2.99570444084793,26.67011795622209
1773767655.0086374,1773767655008644216,Sr02_gA+B_eps15_IMG1_LID1_STA1_CFC64_OH1,0317_1813,B,0.49954017996788025,0.00032572541385889053,0.5,0.0,-9.805012176476064,0.49208553529058763,2.9957486963709865,26.662371155991195
1773767655.1286583,1773767655128665444,Sr02_gA+B_eps15_IMG1_LID1_STA1_CFC64_OH1,0317_1813,B,0.5012574791908264,-0.004555743187665939,0.5,0.0,-9.85448139215988,0.4993516472225412,2.9957575295310694,26.657323867122567
1773767655.2511384,1773767655251146032,Sr02_gA+B_eps15_IMG1_LID1_STA1_CFC64_OH1,0317_1813,B,0.5012997388839722,-0.00030840374529361725,0.5,0.0,-9.92868536240612,0.5102498161664316,2.995780775543763,26.649928038572728
1773767655.3701181,1773767655370124534,Sr02_gA+B_eps15_IMG1_LID1_STA1_CFC64_OH1,0317_1813,B,0.5013453960418701,-0.0003109406679868698,0.5,0.0,-9.97815493064613,0.5175135273920121,2.995824249640795,26.645115373621948
1773767655.4962778,1773767655496289809,Sr02_gA+B_eps15_IMG1_LID1_STA1_CFC64_OH1,0317_1813,B,0.5002487897872925,0.0003134440630674362,0.5,0.0,-10.027624226679437,0.5247790915436137,2.995636492111961,26.640393817246512
1773767655.6179705,1773767655617978339,Sr02_gA+B_eps15_IMG1_LID1_STA1_CFC64_OH1,0317_1813,B,0.500251054763794,-0.0011081015691161156,0.5,0.0,-10.101826156979016,0.5356911410568196,2.995603795360513,26.633472120781803
1773767655.7424765,1773767655742483686,Sr02_gA+B_eps15_IMG1_LID1_STA1_CFC64_OH1,0317_1813,B,0.49958881735801697,-0.0006299708038568497,0.5,0.0,-10.151294407493186,0.542963821027346,2.995637557683679,26.628976043870686
1773767655.867303,1773767655867310112,Sr02_gA+B_eps15_IMG1_LID1_STA1_CFC64_OH1,0317_1813,B,0.4995863139629364,-0.0006207805126905441,0.5,0.0,-10.225493760220106,0.5538933742391916,2.9950454866444525,26.62238590184435
1773767655.992886,1773767655992892679,Sr02_gA+B_eps15_IMG1_LID1_STA1_CFC64_OH1,0317_1813,B,0.500453770160675,-3.754161298274994e-05,0.5,0.0,-10.27495770287276,0.5611952959092339,2.995014645415495,26.618093304485612
1773767656.1146357,1773767656114644749,Sr02_gA+B_eps15_IMG1_LID1_STA1_CFC64_OH1,0317_1813,B,0.500010073184967,-0.00011402461677789688,0.5,0.0,-10.34915319321896,0.5721510477290049,2.9949680805010876,26.611826363578444
1773767656.2360992,1773767656236107259,Sr02_gA+B_eps15_IMG1_LID1_STA1_CFC64_OH1,0317_1813,B,0.49895310401916504,0.0006896490231156349,0.5,0.0,-10.398616754315402,0.5794555536335257,2.994993180541257,26.60776435365487
1773767656.3550665,1773767656355074402,Sr02_gA+B_eps15_IMG1_LID1_STA1_CFC64_OH1,0317_1813,B,0.4989504814147949,0.0006939619779586792,0.5,0.0,-10.472811505799008,0.5904163075615194,2.994845963134411,26.601842359655034
1773767656.4753819,1773767656475389341,Sr02_gA+B_eps15_IMG1_LID1_STA1_CFC64_OH1,0317_1813,B,0.500280499458313,-0.0007808748632669449,0.5,0.0,-10.522273872993166,0.5977288935416114,2.9947829660551974,26.598005661579062
1773767656.5955424,1773767656595550682,Sr02_gA+B_eps15_IMG1_LID1_STA1_CFC64_OH1,0317_1813,B,0.5002546310424805,-0.0001971609890460968,0.5,0.0,-10.571735781065629,0.6050445843504615,2.994720612390147,26.594259285387345
1773767656.7157056,1773767656715714038,Sr02_gA+B_eps15_IMG1_LID1_STA1_CFC64_OH1,0317_1813,B,0.5000522136688232,0.00014495849609375,0.5,0.0,-10.645928151679371,0.6160214431646934,2.9947033159522007,26.588811677610458
1773767656.836831,1773767656836838798,Sr02_gA+B_eps15_IMG1_LID1_STA1_CFC64_OH1,0317_1813,B,0.5000507831573486,0.00015466194599866867,0.5,0.0,-10.695389669385815,0.623339772824472,2.9946926783964813,26.585296437994792
1773767656.9537697,1773767656953777255,Sr02_gA+B_eps15_IMG1_LID1_STA1_CFC64_OH1,0317_1813,B,0.5005640387535095,-0.0004133237525820732,0.5,0.0,-10.769582145715802,0.6343159169346603,2.994764021199859,26.580200422588668
1773767657.0761876,1773767657076195009,Sr02_gA+B_eps15_IMG1_LID1_STA1_CFC64_OH1,0317_1813,B,0.5003684163093567,-0.001574578694999218,0.5,0.0,-10.819044397763069,0.6416292817138863,2.994833417283234,26.57692421985039
1773767657.200518,1773767657200525093,Sr02_gA+B_eps15_IMG1_LID1_STA1_CFC64_OH1,0317_1813,B,0.5003639459609985,-0.0015649567358195782,0.5,0.0,-10.86850681217219,0.6489415483214257,2.994784827741709,26.57374279910778
1773767657.3269794,1773767657326986674,Sr02_gA+B_eps15_IMG1_LID1_STA1_CFC64_OH1,0317_1813,B,0.5005179643630981,0.00021912530064582825,0.5,0.0,-10.942699756058257,0.6599145316780072,2.9947435789367116,26.569141755761834
1773767657.4471276,1773767657447135945,Sr02_gA+B_eps15_IMG1_LID1_STA1_CFC64_OH1,0317_1813,B,0.500662624835968,-0.0007494520395994186,0.5,0.0,-10.992161634024008,0.6672304260838261,2.9947546533115683,26.56619100436791
1773767657.5691192,1773767657569127224,Sr02_gA+B_eps15_IMG1_LID1_STA1_CFC64_OH1,0317_1813,B,0.5000211596488953,-0.0008147181943058968,0.5,0.0,-11.066354650144412,0.6782029210377373,2.994771784886655,26.56194209674494
1773767657.6937218,1773767657693728494,Sr02_gA+B_eps15_IMG1_LID1_STA1_CFC64_OH1,0317_1813,B,0.5000207424163818,-0.0008131582289934158,0.5,0.0,-11.115816554022581,0.6855186402324541,2.994730452700005,26.559226046457017
1773767657.8187022,1773767657818709433,Sr02_gA+B_eps15_IMG1_LID1_STA1_CFC64_OH1,0317_1813,B,0.5002274513244629,-0.0015266891568899155,0.5,0.0,-11.190008124369005,0.6965009055677905,2.9945174922315116,26.555319199094765
1773767657.9348361,1773767657934843570,Sr02_gA+B_eps15_IMG1_LID1_STA1_CFC64_OH1,0317_1813,B,0.4999099373817444,0.00056446623057127,0.5,0.0,-11.239467743540182,0.7038320548186091,2.9943609005870937,26.552822272438046
1773767658.0585327,1773767658058539632,Sr02_gA+B_eps15_IMG1_LID1_STA1_CFC64_OH1,0317_1813,B,0.5001514554023743,7.160380482673645e-05,0.5,0.0,-11.313656299124633,0.7148346684420341,2.9943662419493178,26.54924705358172
1773767658.1871614,1773767658187168600,Sr02_gA+B_eps15_IMG1_LID1_STA1_CFC64_OH1,0317_1813,B,0.5001490116119385,7.294118404388428e-05,0.5,0.0,-11.363115108795288,0.7221712771803502,2.9942912970742865,26.546979474693433
1773767658.308416,1773767658308423146,Sr02_gA+B_eps15_IMG1_LID1_STA1_CFC64_OH1,0317_1813,B,0.5003331899642944,0.0002459753304719925,0.5,0.0,-11.437302251557735,0.7331834126967169,2.994170441713633,26.54374704376276
1773767658.4317262,1773767658431734481,Sr02_gA+B_eps15_IMG1_LID1_STA1_CFC64_OH1,0317_1813,B,0.4998598098754883,-0.0005510179325938225,0.5,0.0,-11.486759600366701,0.7405298628866708,2.9940891260237117,26.541704532977835
1773767658.557649,1773767658557656057,Sr02_gA+B_eps15_IMG1_LID1_STA1_CFC64_OH1,0317_1813,B,0.5026328563690186,-0.10375001281499863,0.5,0.0,-11.56094392044024,0.751560996927911,2.99388103393575,26.53880552405874
1773767658.67662,1773767658676627732,Sr02_gA+B_eps15_IMG1_LID1_STA1_CFC64_OH1,0317_1813,B,0.5026304125785828,-0.10401954501867294,0.5,0.0,-11.610399646150382,0.7589183658115382,2.993932551676917,26.536987122388272
1773767658.7980878,1773767658798096738,Sr02_gA+B_eps15_IMG1_LID1_STA1_CFC64_OH1,0317_1813,B,0.499959260225296,-0.0001694951206445694,0.5,0.0,-11.659855571391596,0.7662743933758785,2.993939712150689,26.535264165832206
1773767658.914804,1773767658914811933,Sr02_gA+B_eps15_IMG1_LID1_STA1_CFC64_OH1,0317_1813,B,0.5002344846725464,9.904429316520691e-05,0.5,0.0,-11.73403955884135,0.7773077651523586,2.9939506265618285,26.532856866148148
1773767659.0362036,1773767659036209766,Sr02_gA+B_eps15_IMG1_LID1_STA1_CFC64_OH1,0317_1813,B,0.5094106793403625,-0.11333039402961731,0.5,0.0,-11.783495681155632,0.7846624676299174,2.9939752239222424,26.53137055169298
1773767659.1554267,1773767659155434416,Sr02_gA+B_eps15_IMG1_LID1_STA1_CFC64_OH1,0317_1813,B,0.5093671679496765,-0.11394057422876358,0.5,0.0,-11.85766850709183,0.7956938856802639,2.9935486309680153,26.52931686829698
1773767659.278478,1773767659278485096,Sr02_gA+B_eps15_IMG1_LID1_STA1_CFC64_OH1,0317_1813,B,0.49925342202186584,-3.2636336982250214e-05,0.5,0.0,-11.907034804205715,0.8032936787871813,2.983701266365684,26.527811642643076
1773767659.4023407,1773767659402348583,Sr02_gA+B_eps15_IMG1_LID1_STA1_CFC64_OH1,0317_1813,B,0.5010941624641418,0.0003350609913468361,0.5,0.0,-11.956371112883483,0.811411917227304,2.9733047197191813,26.525882257032002
1773767659.5248263,1773767659524832916,Sr02_gA+B_eps15_IMG1_LID1_STA1_CFC64_OH1,0317_1813,B,0.501091718673706,0.00031555071473121643,0.5,0.0,-12.030193537939015,0.8243323327719707,2.967025094184364,26.52240440848682
1773767659.6465044,1773767659646512136,Sr02_gA+B_eps15_IMG1_LID1_STA1_CFC64_OH1,0317_1813,B,0.5006520748138428,-0.0032232520170509815,0.5,0.0,-12.07943366473308,0.8330162026633751,2.9670349983901336,26.520136851994597
1773767659.7684796,1773767659768487169,Sr02_gA+B_eps15_IMG1_LID1_STA1_CFC64_OH1,0317_1813,B,0.49965015053749084,-0.004753989167511463,0.5,0.0,-12.153173862222191,0.8462923191013906,2.9560936791555066,26.516647918514384
1773767659.8912091,1773767659891216469,Sr02_gA+B_eps15_IMG1_LID1_STA1_CFC64_OH1,0317_1813,B,0.5022392272949219,-0.03223443403840065,0.5,0.0,-12.202262476462266,0.8557939286173837,2.9446996404997,26.513784763811717
1773767660.0129523,1773767660012961212,Sr02_gA+B_eps15_IMG1_LID1_STA1_CFC64_OH1,0317_1813,B,0.5022692680358887,-0.03233981505036354,0.5,0.0,-12.27570450104305,0.8706877135175781,2.9410815344178283,26.50900477328007
1773767660.1337037,1773767660133710849,Sr02_gA+B_eps15_IMG1_LID1_STA1_CFC64_OH1,0317_1813,B,0.5009640455245972,-0.0007586581632494926,0.5,0.0,-12.32470291006664,0.8806454038105029,2.941115040180744,26.505912265833427
1773767660.2626512,1773767660262660961,Sr02_gA+B_eps15_IMG1_LID1_STA1_CFC64_OH1,0317_1813,B,0.50040602684021,0.007837838493287563,0.5,0.0,-12.373701642993911,0.8906015001543495,2.941146595215529,26.502915350632627
1773767660.3827186,1773767660382726402,Sr02_gA+B_eps15_IMG1_LID1_STA1_CFC64_OH1,0317_1813,B,0.49786466360092163,-2.3448839783668518e-05,0.5,0.0,-12.447197793526211,0.905545229789101,2.940769274819963,26.498586473321673
1773767660.5024598,1773767660502467918,Sr02_gA+B_eps15_IMG1_LID1_STA1_CFC64_OH1,0317_1813,B,0.4978505074977875,-2.369750291109085e-05,0.5,0.0,-12.496190826236163,0.915529336399351,2.940324492544979,26.495796074983996
1773767660.6257875,1773767660625795106,Sr02_gA+B_eps15_IMG1_LID1_STA1_CFC64_OH1,0317_1813,B,0.5028280019760132,0.014666528441011906,0.5,0.0,-12.569648104268978,0.9306626595962586,2.9360389643741045,26.49162665635215
1773767660.7490456,1773767660749053616,Sr02_gA+B_eps15_IMG1_LID1_STA1_CFC64_OH1,0317_1813,B,0.49747276306152344,-0.014612564817070961,0.5,0.0,-12.618578919823756,0.9409472496642953,2.9328049882391336,26.488765050801156
1773767660.8705342,1773767660870541812,Sr02_gA+B_eps15_IMG1_LID1_STA1_CFC64_OH1,0317_1813,B,0.503153383731842,-0.09176043421030045,0.5,0.0,-12.691935961162018,0.9565595341953212,2.931743732377829,26.48445984029865
1773767661.0220127,1773767661022020259,Sr02_gA+B_eps15_IMG1_LID1_STA1_CFC64_OH1,0317_1813,B,0.503173828125,-0.09204162657260895,0.5,0.0,-12.740841545611719,0.9669635425451226,2.9323555787154825,26.481711586123232
1773767661.1491916,1773767661149200000,Sr02_gA+B_eps15_IMG1_LID1_STA1_CFC64_OH1,0317_1813,B,0.5075961351394653,-0.09188849478960037,0.5,0.0,-12.814208024086314,0.9825314299255982,2.932509292900011,26.47780463169525
1773767661.2738938,1773767661273900663,Sr02_gA+B_eps15_IMG1_LID1_STA1_CFC64_OH1,0317_1813,B,0.5070466995239258,-0.046164218336343765,0.5,0.0,-12.887576514242589,0.9980898259912341,2.9332402371542488,26.474119264402077
1773767661.4005222,1773767661400528443,Sr02_gA+B_eps15_IMG1_LID1_STA1_CFC64_OH1,0317_1813,B,0.49771374464035034,0.0019093574956059456,0.5,0.0,-12.936502127818617,1.0083992250158964,2.9341213273410434,26.47184430653127
1773767661.527217,1773767661527224340,Sr02_gA+B_eps15_IMG1_LID1_STA1_CFC64_OH1,0317_1813,B,0.49619168043136597,0.0016235671937465668,0.5,0.0,-13.009842681988143,1.0239329170345663,2.930153866218046,26.46853205633623
1773767661.6556797,1773767661655687315,Sr02_gA+B_eps15_IMG1_LID1_STA1_CFC64_OH1,0317_1813,B,0.5016082525253296,-0.013754172250628471,0.5,0.0,-13.058680348171123,1.0346504023286491,2.9209778429295485,26.46607566210653
1773767661.7812772,1773767661781285243,Sr02_gA+B_eps15_IMG1_LID1_STA1_CFC64_OH1,0317_1813,B,0.4983520209789276,0.00014671683311462402,0.5,0.0,-13.131746960731693,1.0515672600176473,2.907174684262591,26.461707113076304
1773767661.912281,1773767661912291074,Sr02_gA+B_eps15_IMG1_LID1_STA1_CFC64_OH1,0317_1813,B,0.49937933683395386,-0.004434665665030479,0.5,0.0,-13.180325399685804,1.0634043778260107,2.89798584980362,26.458338771383254
1773767662.0362124,1773767662036219858,Sr02_gA+B_eps15_IMG1_LID1_STA1_CFC64_OH1,0317_1813,B,0.4997999966144562,-0.00024262536317110062,0.5,0.0,-13.253027791253437,1.0817795449495278,2.8905495388609697,26.452823829026432
1773767662.1695774,1773767662169583671,Sr02_gA+B_eps15_IMG1_LID1_STA1_CFC64_OH1,0317_1813,B,0.4954967796802521,0.004986477084457874,0.5,0.0,-13.301449742267078,1.0941970696772423,2.890649076177478,26.44909172105454
1773767662.2955813,1773767662295591256,Sr02_gA+B_eps15_IMG1_LID1_STA1_CFC64_OH1,0317_1813,B,0.500042200088501,0.0008120257407426834,0.5,0.0,-13.374102513999661,1.1128135683446732,2.890585067645825,26.44368294078904
1773767662.412512,1773767662412522220,Sr02_gA+B_eps15_IMG1_LID1_STA1_CFC64_OH1,0317_1813,B,0.5003640651702881,-0.030018292367458344,0.5,0.0,-13.446734330281782,1.1315116200788653,2.8890779701756095,26.438401808591895
1773767662.5340443,1773767662534051867,Sr02_gA+B_eps15_IMG1_LID1_STA1_CFC64_OH1,0317_1813,B,0.5001385807991028,-0.0005131503567099571,0.5,0.0,-13.495148779661028,1.1440032482519138,2.889092641771012,26.434971626739586
1773767662.659612,1773767662659619631,Sr02_gA+B_eps15_IMG1_LID1_STA1_CFC64_OH1,0317_1813,B,0.4998061954975128,-0.0001285141333937645,0.5,0.0,-13.543560549400445,1.1565052557977702,2.8886491794354976,26.431624887142437
1773767662.7793744,1773767662779382811,Sr02_gA+B_eps15_IMG1_LID1_STA1_CFC64_OH1,0317_1813,B,0.5003148913383484,-0.0030173398554325104,0.5,0.0,-13.616171578025838,1.1752839085993607,2.888487021479443,26.426754929888574
1773767662.904791,1773767662904798181,Sr02_gA+B_eps15_IMG1_LID1_STA1_CFC64_OH1,0317_1813,B,0.5012447834014893,-0.05443543568253517,0.5,0.0,-13.664581043412731,1.1877948356246355,2.888933373432085,26.42363448622061
1773767663.0244427,1773767663024450595,Sr02_gA+B_eps15_IMG1_LID1_STA1_CFC64_OH1,0317_1813,B,0.5011633634567261,-0.052986644208431244,0.5,0.0,-13.737201767816508,1.2065359579446544,2.8890969247333893,26.419156611218696
1773767663.1441739,1773767663144181447,Sr02_gA+B_eps15_IMG1_LID1_STA1_CFC64_OH1,0317_1813,B,0.49652546644210815,0.0007385900244116783,0.5,0.0,-13.785597541905135,1.2190996697974121,2.886095123997705,26.416217426685115
1773767663.2610352,1773767663261049796,Sr02_gA+B_eps15_IMG1_LID1_STA1_CFC64_OH1,0317_1813,B,0.4976862967014313,0.0009959656745195389,0.5,0.0,-13.858147015964096,1.2381147379178443,2.885140668620575,26.411810623183953
1773767663.3806498,1773767663380658340,Sr02_gA+B_eps15_IMG1_LID1_STA1_CFC64_OH1,0317_1813,B,0.4987121522426605,0.0004374310374259949,0.5,0.0,-13.906511732364184,1.2507975566321354,2.885127817205436,26.408984373804447
1773767663.5065007,1773767663506508091,Sr02_gA+B_eps15_IMG1_LID1_STA1_CFC64_OH1,0317_1813,B,0.49862587451934814,0.0004379125311970711,0.5,0.0,-13.954874801357953,1.2634866551996513,2.884854974133882,26.40624601369251
1773767663.6299756,1773767663629984374,Sr02_gA+B_eps15_IMG1_LID1_STA1_CFC64_OH1,0317_1813,B,0.4977675676345825,0.0008048852905631065,0.5,0.0,-14.027363347368418,1.2826879394020219,2.878899967107855,26.40213993323322
1773767663.7472847,1773767663747294147,Sr02_gA+B_eps15_IMG1_LID1_STA1_CFC64_OH1,0317_1813,B,0.4988864064216614,0.0012331660836935043,0.5,0.0,-14.075613431236489,1.2957998896586858,2.873601311044783,26.399200530909383
1773767663.8649967,1773767663865004598,Sr02_gA+B_eps15_IMG1_LID1_STA1_CFC64_OH1,0317_1813,B,0.4963271915912628,-0.0004752175882458687,0.5,0.0,-14.147895470986219,1.3157654747193337,2.87195958109612,26.394657870685222
1773767663.9864485,1773767663986456141,Sr02_gA+B_eps15_IMG1_LID1_STA1_CFC64_OH1,0317_1813,B,0.4937875270843506,-0.0013357941061258316,0.5,0.0,-14.196089566236767,1.3290819631417332,2.872059177485391,26.391742685719343
1773767664.1035988,1773767664103606108,Sr02_gA+B_eps15_IMG1_LID1_STA1_CFC64_OH1,0317_1813,B,0.4941919445991516,-0.00648476742208004,0.5,0.0,-14.244284686412636,1.342394741734067,2.8721085062822134,26.388925758480937
1773767664.2219746,1773767664221982514,Sr02_gA+B_eps15_IMG1_LID1_STA1_CFC64_OH1,0317_1813,B,0.4935215413570404,0.042057160288095474,0.5,0.0,-14.316578464413794,1.3623599351147282,2.872174173794362,26.384881580509983
1773767664.337505,1773767664337512227,Sr02_gA+B_eps15_IMG1_LID1_STA1_CFC64_OH1,0317_1813,B,0.4889938533306122,0.02756650745868683,0.5,0.0,-14.364775164530998,1.3756669926281146,2.872243652746225,26.3823067505878
1773767664.4566748,1773767664456682484,Sr02_gA+B_eps15_IMG1_LID1_STA1_CFC64_OH1,0317_1813,B,0.49957650899887085,0.024375174194574356,0.5,0.0,-14.412973053154582,1.3889697446935352,2.872354120422411,26.379830900089434
1773767664.5807583,1773767664580766543,Sr02_gA+B_eps15_IMG1_LID1_STA1_CFC64_OH1,0317_1813,B,0.4980050325393677,0.0005635693669319153,0.5,0.0,-14.485272002694542,1.4089162025318758,2.8723853420606282,26.376302354195115
1773767664.7003899,1773767664700399344,Sr02_gA+B_eps15_IMG1_LID1_STA1_CFC64_OH1,0317_1813,B,0.44531577825546265,-0.01800432801246643,0.5,0.0,-14.533470321480007,1.4222173959233861,2.872260369278119,26.37406453169953
1773767664.9377296,1773767664937737388,Sr02_gA+B_eps15_IMG1_LID1_STA1_CFC64_OH1,0317_1813,B,0.47994929552078247,-0.0191471166908741,0.5,0.0,-14.60574981289826,1.4421923506202758,2.8718714333376987,26.370858561184782
1773767665.0616078,1773767665061615974,Sr02_gA+B_eps15_IMG1_LID1_STA1_CFC64_OH1,0317_1813,B,0.49998921155929565,0.05559321865439415,0.5,0.0,-14.702240648701684,1.468450089956072,2.8792685024044835,26.367307733050204
1773767665.1820228,1773767665182029604,Sr02_gA+B_eps15_IMG1_LID1_STA1_CFC64_OH1,0317_1813,B,0.49672654271125793,-0.017922185361385345,0.5,0.0,-14.77471142960451,1.4877627504264854,2.8829886015578965,26.365287291702156
1773767665.3030686,1773767665303076877,Sr02_gA+B_eps15_IMG1_LID1_STA1_CFC64_OH1,0317_1813,B,0.5053182244300842,-0.08248583227396011,0.5,0.0,-14.823052073224943,1.5005370155890219,2.8832830922817263,26.364163089877245
1773767665.4196312,1773767665419639349,Sr02_gA+B_eps15_IMG1_LID1_STA1_CFC64_OH1,0317_1813,B,0.5008595585823059,-0.001737504731863737,0.5,0.0,-14.895333947131004,1.519689145902281,2.881330058050602,26.362609130591455
1773767665.5422277,1773767665542233789,Sr02_gA+B_eps15_IMG1_LID1_STA1_CFC64_OH1,0317_1813,B,0.4942876994609833,-0.004019442480057478,0.5,0.0,-14.931261801115477,1.5292855422619465,2.879755050659689,26.361841042396314
1773767665.6680484,1773767665668055493,Sr02_gA+B_eps15_IMG1_LID1_STA1_CFC64_OH1,0317_1813,B,0.4909239113330841,0.004457781091332436,0.5,0.0,-14.948612327606327,1.5339455781578202,2.8784677127548335,26.361463956654248
1773767665.7879393,1773767665787946978,Sr02_gA+B_eps15_IMG1_LID1_STA1_CFC64_OH1,0317_1813,B,0.4767560064792633,0.18627603352069855,0.5,0.0,-14.948621283477335,1.5339471692761146,2.8771334306779393,26.361464555762346
1773767665.9062135,1773767665906220604,Sr02_gA+B_eps15_IMG1_LID1_STA1_CFC64_OH1,0317_1813,B,0.5055752992630005,0.010753161273896694,0.5,0.0,-14.95436402911863,1.5355037931235802,2.8765112145186986,26.361328631791416
1773767666.0264957,1773767666026504443,Sr02_gA+B_eps15_IMG1_LID1_STA1_CFC64_OH1,0317_1813,B,0.5001466870307922,-0.027807902544736862,0.5,0.0,-14.933532657532119,1.5298376759616956,2.8757794342605503,26.36184709819444
1773767666.1491885,1773767666149195565,Sr02_gA+B_eps15_IMG1_LID1_STA1_CFC64_OH1,0317_1813,B,0.4955555498600006,-0.06525354832410812,0.5,0.0,-14.898778113592263,1.520367616594794,2.8753969469941523,26.36276779067729
1773767666.2686746,1773767666268681987,Sr02_gA+B_eps15_IMG1_LID1_STA1_CFC64_OH1,0317_1813,B,0.5049598813056946,-0.04440293088555336,0.5,0.0,-14.84817601115337,1.506559420168793,2.8749876301147013,26.36421561366035
1773767666.3905578,1773767666390566674,Sr02_gA+B_eps15_IMG1_LID1_STA1_CFC64_OH1,0317_1813,B,0.49237826466560364,-0.06850649416446686,0.5,0.0,-14.837462641033683,1.5036327832688339,2.8748229351312897,26.364538624238765
1773767666.5113556,1773767666511362860,Sr02_gA+B_eps15_IMG1_LID1_STA1_CFC64_OH1,0317_1813,B,0.4805806279182434,-0.07599743455648422,0.5,0.0,-14.844430874796886,1.5055376591788077,2.8747193999906333,26.364326715257132
1773767666.6329255,1773767666632933041,Sr02_gA+B_eps15_IMG1_LID1_STA1_CFC64_OH1,0317_1813,B,0.4968985319137573,-0.08851427584886551,0.5,0.0,-14.869465407386123,1.5123395137516495,2.876731120925475,26.363622258182804
1773767666.7546759,1773767666754683067,Sr02_gA+B_eps15_IMG1_LID1_STA1_CFC64_OH1,0317_1813,B,0.45676738023757935,-0.06456562131643295,0.5,0.0,-14.886352925637834,1.5169288049041327,2.875757848939406,26.363160517326683
1773767666.8774645,1773767666877479136,Sr02_gA+B_eps15_IMG1_LID1_STA1_CFC64_OH1,0317_1813,B,0.4476048946380615,-0.03422306850552559,0.5,0.0,-14.907597239331595,1.5227412723627292,2.87270554204588,26.362558075001687
1773767666.9962451,1773767666996252937,Sr02_gA+B_eps15_IMG1_LID1_STA1_CFC64_OH1,0317_1813,B,0.4733121693134308,-0.02669481560587883,0.5,0.0,-14.903471863983663,1.5215982021262986,2.8710574277347822,26.362687574489243
1773767667.1267104,1773767667126718652,Sr02_gA+B_eps15_IMG1_LID1_STA1_CFC64_OH1,0317_1813,B,0.4856686592102051,-0.08035005629062653,0.5,0.0,-14.882644205114854,1.5158050229645197,2.8697661801811045,26.36337354152453
1773767667.2539163,1773767667253924223,Sr02_gA+B_eps15_IMG1_LID1_STA1_CFC64_OH1,0317_1813,B,0.4250074326992035,0.015203638933598995,0.5,0.0,-14.833295692925688,1.502011107339173,2.8683382748817094,26.36513535160981
1773767667.3753974,1773767667375404948,Sr02_gA+B_eps15_IMG1_LID1_STA1_CFC64_OH1,0317_1813,B,0.4153238832950592,-0.04434695467352867,0.5,0.0,-14.818557096237337,1.4978759204793923,2.867415656297415,26.365695847184355
1773767667.4952998,1773767667495308611,Sr02_gA+B_eps15_IMG1_LID1_STA1_CFC64_OH1,0317_1813,B,0.4158940017223358,0.025751393288373947,0.5,0.0,-14.830135134019134,1.5011363391940733,2.866629144537999,26.365243147164524
1773767667.6167285,1773767667616744462,Sr02_gA+B_eps15_IMG1_LID1_STA1_CFC64_OH1,0317_1813,B,0.39237695932388306,0.06037593260407448,0.5,0.0,-14.846974895557919,1.5058978811675638,2.8654313324883462,26.364575639299396
1773767667.7351317,1773767667735139108,Sr02_gA+B_eps15_IMG1_LID1_STA1_CFC64_OH1,0317_1813,B,0.4533463716506958,-0.025305043905973434,0.5,0.0,-14.87222453288649,1.51307548081666,2.8637366771533554,26.363559474755014
1773767667.8537462,1773767667853753724,Sr02_gA+B_eps15_IMG1_LID1_STA1_CFC64_OH1,0317_1813,B,0.4321480393409729,-0.030611660331487656,0.5,0.0,-14.88904655858267,1.5178992904838227,2.8609244342002675,26.362856268616234
1773767667.9743912,1773767667974398750,Sr02_gA+B_eps15_IMG1_LID1_STA1_CFC64_OH1,0317_1813,B,0.48596808314323425,-0.008409885689616203,0.5,0.0,-14.9142677675365,1.525176161059369,2.8610537236472697,26.36178041737902
1773767668.0912843,1773767668091291934,Sr02_gA+B_eps15_IMG1_LID1_STA1_CFC64_OH1,0317_1813,B,0.43256041407585144,-0.06463552266359329,0.5,0.0,-14.931079858897684,1.5300344954110392,2.859501598905947,26.361070309425415
1773767668.2163346,1773767668216342274,Sr02_gA+B_eps15_IMG1_LID1_STA1_CFC64_OH1,0317_1813,B,0.44594261050224304,-0.046078212559223175,0.5,0.0,-14.947890369407995,1.5348983011133317,2.860402877350295,26.360366109457498
1773767668.3361847,1773767668336191116,Sr02_gA+B_eps15_IMG1_LID1_STA1_CFC64_OH1,0317_1813,B,0.42654865980148315,-0.05756456404924393,0.5,0.0,-14.973117879927878,1.5421532644827525,2.8630878562110347,26.359373932126317
1773767668.458899,1773767668458906468,Sr02_gA+B_eps15_IMG1_LID1_STA1_CFC64_OH1,0317_1813,B,0.41030654311180115,-0.007161370478570461,0.5,0.0,-14.98972895478217,1.546901148654195,2.8628045001492963,26.358763178515552
1773767668.5855756,1773767668585583594,Sr02_gA+B_eps15_IMG1_LID1_STA1_CFC64_OH1,0317_1813,B,0.4325598478317261,-0.04994957894086838,0.5,0.0,-14.990180193185942,1.5470270990554211,2.861808596100699,26.3587496815161
1773767668.7057223,1773767668705728929,Sr02_gA+B_eps15_IMG1_LID1_STA1_CFC64_OH1,0317_1813,B,0.3165869414806366,-0.16577786207199097,0.5,-0.5,-14.96940460748231,1.5410517435693911,2.8613424953267117,26.359551001272553
1773767668.8272614,1773767668827268607,Sr02_gA+B_eps15_IMG1_LID1_STA1_CFC64_OH1,0317_1813,B,0.1612659990787506,-0.17705021798610687,0.0,-0.5,-14.920168354070352,1.5268656476811764,2.8608118408873753,26.36154507326661
1773767668.9461915,1773767668946200287,Sr02_gA+B_eps15_IMG1_LID1_STA1_CFC64_OH1,0317_1813,B,0.3272372782230377,-0.19673992693424225,0.5,-0.5,-14.90578855831735,1.5227170004810187,2.8605833561892458,26.362151558329614
1773767669.0624833,1773767669062492792,Sr02_gA+B_eps15_IMG1_LID1_STA1_CFC64_OH1,0317_1813,B,0.3627570867538452,-0.1325550377368927,0.5,0.0,-14.909337816247001,1.523742028355159,2.860430663621878,26.362000057581753
1773767669.1871605,1773767669187167983,Sr02_gA+B_eps15_IMG1_LID1_STA1_CFC64_OH1,0317_1813,B,0.4220793545246124,-0.11616124212741852,0.5,0.0,-14.933833278789962,1.5308207522960757,2.860095697891021,26.360964265798497
1773767669.3063688,1773767669306376782,Sr02_gA+B_eps15_IMG1_LID1_STA1_CFC64_OH1,0317_1813,B,0.4460086226463318,-0.09039126336574554,0.5,0.0,-14.950640229555693,1.5356968386429886,2.858347477178619,26.360249188206577
1773767669.4287238,1773767669428734919,Sr02_gA+B_eps15_IMG1_LID1_STA1_CFC64_OH1,0317_1813,B,0.4828508496284485,-0.08635858446359634,0.5,0.0,-14.987948079055183,1.5466114421088117,2.8560405476963706,26.358615260774283
1773767669.5564878,1773767669556494237,Sr02_gA+B_eps15_IMG1_LID1_STA1_CFC64_OH1,0317_1813,B,0.46344977617263794,-0.006637075915932655,0.5,0.0,-15.007203903027165,1.5522752021398738,2.854868878883953,26.35776485705172
1773767669.6764767,1773767669676483263,Sr02_gA+B_eps15_IMG1_LID1_STA1_CFC64_OH1,0317_1813,B,0.4978673756122589,0.0035233311355113983,0.5,0.0,-15.002466315125558,1.5508707045564392,2.8536400430440514,26.357983364024648
1773767669.7988265,1773767669798835128,Sr02_gA+B_eps15_IMG1_LID1_STA1_CFC64_OH1,0317_1813,B,0.502253532409668,0.006792765110731125,0.5,0.0,-14.97842609947177,1.5437414465170456,2.853046043209771,26.35910866142755
1773767669.9212565,1773767669921263827,Sr02_gA+B_eps15_IMG1_LID1_STA1_CFC64_OH1,0317_1813,B,0.5037187337875366,0.012033498845994473,0.5,0.0,-14.940078102240316,1.5323479419481036,2.852568184912791,26.360973542206636
1773767670.0425987,1773767670042605748,Sr02_gA+B_eps15_IMG1_LID1_STA1_CFC64_OH1,0317_1813,B,0.4977043867111206,0.0026658494025468826,0.5,0.0,-14.906686049998418,1.5224110401496658,2.852084496879771,26.36266214538266
1773767670.1628582,1773767670162869728,Sr02_gA+B_eps15_IMG1_LID1_STA1_CFC64_OH1,0317_1813,B,0.5012845396995544,-0.0015769335441291332,0.5,0.0,-14.907159643159074,1.5225524835066453,2.8518817167994834,26.362637379609207
1773767670.285374,1773767670285382185,Sr02_gA+B_eps15_IMG1_LID1_STA1_CFC64_OH1,0317_1813,B,0.5009387731552124,-0.002179065253585577,0.5,0.0,-14.939219009707154,1.5321134888546966,2.8516984509028283,26.360995826395612
1773767670.405577,1773767670405584049,Sr02_gA+B_eps15_IMG1_LID1_STA1_CFC64_OH1,0317_1813,B,0.5054441094398499,-0.06966176629066467,0.5,0.0,-14.981144913787869,1.5446213569292564,2.8516871106419797,26.358908735427224
1773767670.5257611,1773767670525769213,Sr02_gA+B_eps15_IMG1_LID1_STA1_CFC64_OH1,0317_1813,B,0.4994802474975586,-0.0005613137036561966,0.5,0.0,-15.05302439526956,1.5660302084859907,2.8527127485070047,26.355533251761045
1773767670.6448603,1773767670644867868,Sr02_gA+B_eps15_IMG1_LID1_STA1_CFC64_OH1,0317_1813,B,0.5000399947166443,-0.000718727707862854,0.5,0.0,-15.100961129261615,1.5802453031199954,2.8539160961125836,26.35346117649409
1773767670.7650254,1773767670765032012,Sr02_gA+B_eps15_IMG1_LID1_STA1_CFC64_OH1,0317_1813,B,0.49915578961372375,0.0006013428792357445,0.5,0.0,-15.14890956242958,1.5944208955678452,2.8542763641260986,26.35152497782115
1773767670.8881886,1773767670888196085,Sr02_gA+B_eps15_IMG1_LID1_STA1_CFC64_OH1,0317_1813,B,0.5045186877250671,-0.05834018066525459,0.5,0.0,-15.220836389073893,1.615670151669019,2.85425196652837,26.348813043405965
1773767671.011056,1773767671011063054,Sr02_gA+B_eps15_IMG1_LID1_STA1_CFC64_OH1,0317_1813,B,0.5054656863212585,-0.07280944287776947,0.5,0.0,-15.268784887916537,1.6298455222761021,2.854034060820175,26.34711395304486
1773767671.1391156,1773767671139122416,Sr02_gA+B_eps15_IMG1_LID1_STA1_CFC64_OH1,0317_1813,B,0.49883970618247986,-0.0007305201143026352,0.5,0.0,-15.34059473577033,1.651324199048913,2.8470090687492036,26.344505791799016
1773767671.2562718,1773767671256278447,Sr02_gA+B_eps15_IMG1_LID1_STA1_CFC64_OH1,0317_1813,B,0.5001139640808105,0.012572730891406536,0.5,0.0,-15.388440481217408,1.6658426112226967,2.846952926831685,26.342685671220416
1773767671.3752866,1773767671375296845,Sr02_gA+B_eps15_IMG1_LID1_STA1_CFC64_OH1,0317_1813,B,0.49890509247779846,0.0009299702942371368,0.5,0.0,-15.460207347608938,1.6876260032838621,2.846846692109732,26.340127184985718
1773767671.495357,1773767671495364971,Sr02_gA+B_eps15_IMG1_LID1_STA1_CFC64_OH1,0317_1813,B,0.49961188435554504,0.0004994533956050873,0.5,0.0,-15.5080515797818,1.702149402681699,2.84690682528918,26.338538848375872
1773767671.6130357,1773767671613053066,Sr02_gA+B_eps15_IMG1_LID1_STA1_CFC64_OH1,0317_1813,B,0.5004832148551941,-0.0009477110579609871,0.5,0.0,-15.55584574820333,1.7167978661596222,2.8412861029658187,26.33691151664939
1773767671.7290254,1773767671729033693,Sr02_gA+B_eps15_IMG1_LID1_STA1_CFC64_OH1,0317_1813,B,0.5030094385147095,-0.03896746411919594,0.5,0.0,-15.627375437679817,1.7393466831162852,2.83079879262553,26.33404990738816
1773767671.8531392,1773767671853145868,Sr02_gA+B_eps15_IMG1_LID1_STA1_CFC64_OH1,0317_1813,B,0.5005003809928894,-0.016034165397286415,0.5,0.0,-15.674938725620908,1.7546786195231987,2.8296263028021293,26.331939250486936
1773767671.970893,1773767671970899615,Sr02_gA+B_eps15_IMG1_LID1_STA1_CFC64_OH1,0317_1813,B,0.5032087564468384,-0.030711017549037933,0.5,0.0,-15.722533015227198,1.7700012488271264,2.830750531361275,26.32994057784188
1773767672.090781,1773767672090789279,Sr02_gA+B_eps15_IMG1_LID1_STA1_CFC64_OH1,0317_1813,B,0.4804011881351471,-0.016820162534713745,0.5,0.0,-15.793949582576392,1.792906991750078,2.8313514403241546,26.327202421495162
1773767672.2136836,1773767672213694223,Sr02_gA+B_eps15_IMG1_LID1_STA1_CFC64_OH1,0317_1813,B,0.4907979369163513,0.00966163631528616,0.5,0.0,-15.841562958631544,1.8081702189033024,2.8314013856737534,26.32550316079215
1773767672.3362496,1773767672336256958,Sr02_gA+B_eps15_IMG1_LID1_STA1_CFC64_OH1,0317_1813,B,0.49087798595428467,0.009273898787796497,0.5,0.0,-15.912982861692859,1.8310655618020404,2.8313026452175407,26.32313161284143
1773767672.4554176,1773767672455424866,Sr02_gA+B_eps15_IMG1_LID1_STA1_CFC64_OH1,0317_1813,B,0.5005373358726501,0.0024934522807598114,0.5,0.0,-15.960566633254057,1.8464057750449256,2.827802518766117,26.321587354425628
1773767672.5773811,1773767672577387501,Sr02_gA+B_eps15_IMG1_LID1_STA1_CFC64_OH1,0317_1813,B,0.4983779489994049,-0.006000202149152756,0.5,0.0,-16.008109390348363,1.8618875497591234,2.8259697546886775,26.319990589249965
1773767672.7023296,1773767672702337070,Sr02_gA+B_eps15_IMG1_LID1_STA1_CFC64_OH1,0317_1813,B,0.5027539730072021,-0.00041581597179174423,0.5,0.0,-16.079362790016962,1.8852957537167883,2.8220890946002934,26.317578228214213
1773767672.8256624,1773767672825670263,Sr02_gA+B_eps15_IMG1_LID1_STA1_CFC64_OH1,0317_1813,B,0.503662645816803,0.0001855846494436264,0.5,0.0,-16.126819130014653,1.9010404317874003,2.8204070781385404,26.315942090857313
1773767672.949658,1773767672949667425,Sr02_gA+B_eps15_IMG1_LID1_STA1_CFC64_OH1,0317_1813,B,0.45831358432769775,-0.02166042849421501,0.5,0.0,-16.197983984478256,1.9247166255651131,2.8210618482854706,26.31360350511698
1773767673.0693812,1773767673069387846,Sr02_gA+B_eps15_IMG1_LID1_STA1_CFC64_OH1,0317_1813,B,0.49856558442115784,0.0022590383887290955,0.5,0.0,-16.24544475296614,1.9404479623776205,2.821993114313048,26.312218705764547
1773767673.1925027,1773767673192509776,Sr02_gA+B_eps15_IMG1_LID1_STA1_CFC64_OH1,0317_1813,B,0.4991093575954437,0.004684142768383026,0.5,0.0,-16.31665272887347,1.9639941592679546,2.82235000937046,26.310373038862288
1773767673.3157148,1773767673315722446,Sr02_gA+B_eps15_IMG1_LID1_STA1_CFC64_OH1,0317_1813,B,0.49893155694007874,0.004717657342553139,0.5,0.0,-16.364121684408083,1.9797007778859321,2.8217499919464326,26.309251662299342
1773767673.4321544,1773767673432163627,Sr02_gA+B_eps15_IMG1_LID1_STA1_CFC64_OH1,0317_1813,B,0.4988398849964142,0.0031502526253461838,0.5,0.0,-16.4353137976395,2.003294893371577,2.8215381256070584,26.30771168128941
1773767673.5522935,1773767673552301097,Sr02_gA+B_eps15_IMG1_LID1_STA1_CFC64_OH1,0317_1813,B,0.49064961075782776,-0.08571676909923553,0.5,0.0,-16.48277485380052,2.0190253679766688,2.8215566840317163,26.30680264699077
1773767673.6832836,1773767673683291073,Sr02_gA+B_eps15_IMG1_LID1_STA1_CFC64_OH1,0317_1813,B,0.4910959005355835,-0.0850156843662262,0.5,0.0,-16.530222257786203,2.0347969440495564,2.819609121215582,26.30594531286433
1773767673.8165102,1773767673816518666,Sr02_gA+B_eps15_IMG1_LID1_STA1_CFC64_OH1,0317_1813,B,0.5013036727905273,0.0009678341448307037,0.5,0.0,-16.601352316218893,2.0585774792383593,2.8190154306713064,26.30470764117519
1773767673.9459507,1773767673945959871,Sr02_gA+B_eps15_IMG1_LID1_STA1_CFC64_OH1,0317_1813,B,0.49661463499069214,-0.002888693008571863,0.5,0.0,-16.672492277820734,2.082328372238137,2.8197190558311847,26.303715010914754
1773767674.0727699,1773767674072777551,Sr02_gA+B_eps15_IMG1_LID1_STA1_CFC64_OH1,0317_1813,B,0.4918416440486908,-0.0051645562052726746,0.5,0.0,-16.71992822311711,2.098134406860289,2.820190820793282,26.303201447313754
1773767674.204904,1773767674204912006,Sr02_gA+B_eps15_IMG1_LID1_STA1_CFC64_OH1,0317_1813,B,0.4986288249492645,0.00019038375467061996,0.5,0.0,-16.791047842632754,2.12181803916031,2.817912902369934,26.302622833854063
1773767674.3336663,1773767674333673184,Sr02_gA+B_eps15_IMG1_LID1_STA1_CFC64_OH1,0317_1813,B,0.49757108092308044,-0.0007634153589606285,0.5,0.0,-16.83838268160333,2.1379238578408573,2.8093482524547384,26.30203043016344
1773767674.458702,1773767674458709499,Sr02_gA+B_eps15_IMG1_LID1_STA1_CFC64_OH1,0317_1813,B,0.49899107217788696,-0.007342618424445391,0.5,0.0,-16.909097097643116,2.162815301632505,2.798538113094346,26.30053396024726
1773767674.5879743,1773767674587982092,Sr02_gA+B_eps15_IMG1_LID1_STA1_CFC64_OH1,0317_1813,B,0.49727359414100647,0.0017504887655377388,0.5,0.0,-16.956184489231713,2.179631282887983,2.798634890216477,26.299427110917403
1773767674.7225,1773767674722509443,Sr02_gA+B_eps15_IMG1_LID1_STA1_CFC64_OH1,0317_1813,B,0.49729612469673157,0.0028359750285744667,0.5,0.0,-17.026812252681427,2.20486455912726,2.798217397795251,26.297935117439717
1773767674.8539004,1773767674853909267,Sr02_gA+B_eps15_IMG1_LID1_STA1_CFC64_OH1,0317_1813,B,0.4965144693851471,0.0004462534561753273,0.5,0.0,-17.097424644156792,2.2301408173187878,2.797603360043244,26.29661130340273
1773767674.983739,1773767674983745913,Sr02_gA+B_eps15_IMG1_LID1_STA1_CFC64_OH1,0317_1813,B,0.4984343647956848,0.002172633074223995,0.5,0.0,-17.144495641156464,2.247002635859323,2.7976223982991413,26.295835903081173
1773767675.1078155,1773767675107823140,Sr02_gA+B_eps15_IMG1_LID1_STA1_CFC64_OH1,0317_1813,B,0.4975724518299103,-0.009738322347402573,0.5,0.0,-17.21510004123393,2.2723012113905963,2.797244724224411,26.29484481576649
1773767675.2324169,1773767675232423804,Sr02_gA+B_eps15_IMG1_LID1_STA1_CFC64_OH1,0317_1813,B,0.4935831129550934,0.0008207513019442558,0.5,0.0,-17.26215870309053,2.289197421679761,2.7966013895155033,26.29427052339049
1773767675.3572729,1773767675357281789,Sr02_gA+B_eps15_IMG1_LID1_STA1_CFC64_OH1,0317_1813,B,0.5006087422370911,0.0017458507791161537,0.5,0.0,-17.33274299078834,2.3145520579460723,2.7968965241855734,26.293576371877926
1773767675.479084,1773767675479091323,Sr02_gA+B_eps15_IMG1_LID1_STA1_CFC64_OH1,0317_1813,B,0.5006543397903442,0.0015691537410020828,0.5,0.0,-17.379804291794407,2.3314409185900016,2.797180121206659,26.293247565508082
1773767675.601835,1773767675601843568,Sr02_gA+B_eps15_IMG1_LID1_STA1_CFC64_OH1,0317_1813,B,0.47172513604164124,0.0006021242588758469,0.5,0.0,-17.450400697156333,2.3567617960287537,2.7972643237589367,26.292945816968338
1773767675.7236428,1773767675723649215,Sr02_gA+B_eps15_IMG1_LID1_STA1_CFC64_OH1,0317_1813,B,0.49138206243515015,-0.07109922170639038,0.5,0.0,-17.497467647149467,2.3736349075235705,2.797481586343216,26.292871442526007
1773767675.8474236,1773767675847434818,Sr02_gA+B_eps15_IMG1_LID1_STA1_CFC64_OH1,0317_1813,B,0.5088014006614685,-0.07366463541984558,0.5,0.0,-17.568057952437997,2.398972768359121,2.7962590682133524,26.29290820616359
1773767675.970393,1773767675970399308,Sr02_gA+B_eps15_IMG1_LID1_STA1_CFC64_OH1,0317_1813,B,0.49497559666633606,-0.08608292788267136,0.5,0.0,-17.615106772998846,2.415896366248034,2.7963411351295058,26.29301789538459
1773767676.0914068,1773767676091415153,Sr02_gA+B_eps15_IMG1_LID1_STA1_CFC64_OH1,0317_1813,B,0.5050787925720215,-0.10785339027643204,0.5,0.0,-17.685684366766207,2.4412696299864596,2.7966012447402244,26.293373599329435
1773767676.2100797,1773767676210086953,Sr02_gA+B_eps15_IMG1_LID1_STA1_CFC64_OH1,0317_1813,B,0.49714359641075134,-0.021672174334526062,0.5,0.0,-17.732739608166597,2.4581753667238653,2.7967581598953304,26.293739966562647
1773767676.3322105,1773767676332216937,Sr02_gA+B_eps15_IMG1_LID1_STA1_CFC64_OH1,0317_1813,B,0.49532973766326904,-0.024681653827428818,0.5,0.0,-17.773045483593098,2.472649606005252,2.796892573213955,26.29413559137812
1773767676.4517334,1773767676451740687,Sr02_gA+B_eps15_IMG1_LID1_STA1_CFC64_OH1,0317_1813,B,0.44666147232055664,-0.11162874102592468,0.5,0.0,-17.80391752233908,2.4837420692637795,2.7953315103735443,26.294480155552755
1773767676.5722525,1773767676572259354,Sr02_gA+B_eps15_IMG1_LID1_STA1_CFC64_OH1,0317_1813,B,0.3231703042984009,-0.0868465006351471,0.5,0.0,-17.82037118807788,2.4897024890649533,2.7927532534433737,26.29463502509111
1773767676.6966262,1773767676696636594,Sr02_gA+B_eps15_IMG1_LID1_STA1_CFC64_OH1,0317_1813,B,0.3833766281604767,-0.12844730913639069,0.5,0.0,-17.845020756402697,2.498728001041963,2.788211915375521,26.29479882640744
1773767676.8176777,1773767676817685150,Sr02_gA+B_eps15_IMG1_LID1_STA1_CFC64_OH1,0317_1813,B,0.3138063848018646,-0.1078564003109932,0.5,0.0,-17.86142792545355,2.5048152278384483,2.7844370539279883,26.294847751189202
1773767676.9461024,1773767676946108682,Sr02_gA+B_eps15_IMG1_LID1_STA1_CFC64_OH1,0317_1813,B,0.3253030478954315,-0.04156900942325592,0.5,0.0,-17.877817935638266,2.510948532267535,2.783075238757825,26.294859153928947
1773767677.0657368,1773767677065743861,Sr02_gA+B_eps15_IMG1_LID1_STA1_CFC64_OH1,0317_1813,B,0.38973814249038696,-0.17348313331604004,0.5,-0.5,-17.902393336175322,2.520174140695342,2.781832120852656,26.294870701230817
1773767677.1842628,1773767677184269740,Sr02_gA+B_eps15_IMG1_LID1_STA1_CFC64_OH1,0317_1813,B,0.4360181987285614,-0.04119706526398659,0.5,0.0,-17.918760926650965,2.5263669980627923,2.7779251451191502,26.294847587526462
1773767677.3026154,1773767677302623458,Sr02_gA+B_eps15_IMG1_LID1_STA1_CFC64_OH1,0317_1813,B,0.4511999487876892,-0.002335998695343733,0.5,0.0,-17.93657919599325,2.5331884953283774,2.7733501683994937,26.294761060162415
1773767677.4249492,1773767677424957355,Sr02_gA+B_eps15_IMG1_LID1_STA1_CFC64_OH1,0317_1813,B,0.4000040888786316,-0.028916921466588974,0.5,0.0,-17.92932962824671,2.530379047843422,2.7712547252466857,26.294826441152775
1773767677.543745,1773767677543752517,Sr02_gA+B_eps15_IMG1_LID1_STA1_CFC64_OH1,0317_1813,B,0.4870520234107971,0.000170084647834301,0.5,0.0,-17.888234813990096,2.5143568524405566,2.7689048270927783,26.29533092649687
1773767677.6659918,1773767677665997899,Sr02_gA+B_eps15_IMG1_LID1_STA1_CFC64_OH1,0317_1813,B,0.5118202567100525,-0.010000848211348057,0.5,0.0,-17.85997987311396,2.503293057235744,2.7677798539160365,26.295765333711298
1773767677.7878413,1773767677787849135,Sr02_gA+B_eps15_IMG1_LID1_STA1_CFC64_OH1,0317_1813,B,0.48772501945495605,0.11645714193582535,0.5,0.0,-17.849625220780055,2.4992275350114115,2.7669352228124837,26.295943551730037
1773767677.9071994,1773767677907206436,Sr02_gA+B_eps15_IMG1_LID1_STA1_CFC64_OH1,0317_1813,B,0.48004773259162903,0.004855507984757423,0.5,0.0,-17.865718365878188,2.5055678338086995,2.7660416032276105,26.29564828560479
1773767678.030649,1773767678030658281,Sr02_gA+B_eps15_IMG1_LID1_STA1_CFC64_OH1,0317_1813,B,0.4779621362686157,-0.02908562868833542,0.5,0.0,-17.896564364678305,2.517737685694122,2.7656251253803203,26.29509795149799
1773767678.1496084,1773767678149615928,Sr02_gA+B_eps15_IMG1_LID1_STA1_CFC64_OH1,0317_1813,B,0.4808650314807892,0.011994623579084873,0.5,0.0,-17.964472263624334,2.5446339034263286,2.762549269135621,26.29393636745454
1773767678.2713535,1773767678271361428,Sr02_gA+B_eps15_IMG1_LID1_STA1_CFC64_OH1,0317_1813,B,0.4946445822715759,0.11902927607297897,0.5,0.0,-18.010923369590493,2.5631351044069497,2.7625662553152948,26.293162076715713
1773767678.3886106,1773767678388617339,Sr02_gA+B_eps15_IMG1_LID1_STA1_CFC64_OH1,0317_1813,B,0.503084659576416,0.003997640684247017,0.5,0.0,-18.080559052875493,2.590903469494146,2.762394420028984,26.292148708691894
1773767678.516007,1773767678516014599,Sr02_gA+B_eps15_IMG1_LID1_STA1_CFC64_OH1,0317_1813,B,0.5006499290466309,0.005301504395902157,0.5,0.0,-18.12704684991907,2.6091385590269915,2.7735618537001407,26.291873441456314
1773767678.6372132,1773767678637220763,Sr02_gA+B_eps15_IMG1_LID1_STA1_CFC64_OH1,0317_1813,B,0.5014190673828125,-0.0034431898966431618,0.5,0.0,-18.173680272942367,2.6269969452943394,2.776425262070001,26.2920968870121
1773767678.7564914,1773767678756499940,Sr02_gA+B_eps15_IMG1_LID1_STA1_CFC64_OH1,0317_1813,B,0.49655741453170776,-0.0027685491368174553,0.5,0.0,-18.24371446975934,2.653833593530517,2.7737595049410597,26.29259491241838
1773767678.8752933,1773767678875301757,Sr02_gA+B_eps15_IMG1_LID1_STA1_CFC64_OH1,0317_1813,B,0.49755871295928955,-0.01310565136373043,0.5,0.0,-18.29037206327143,2.6717835828011047,2.77492802169739,26.292979298220565
1773767678.9957228,1773767678995729588,Sr02_gA+B_eps15_IMG1_LID1_STA1_CFC64_OH1,0317_1813,B,0.48739320039749146,0.010806485079228878,0.5,0.0,-18.36043065955246,2.6982857318016107,2.7871447712590687,26.294153645771456
1773767679.1140642,1773767679114074964,Sr02_gA+B_eps15_IMG1_LID1_STA1_CFC64_OH1,0317_1813,B,0.49972450733184814,0.004149502143263817,0.5,0.0,-18.407299600008873,2.7156116078906796,2.7877143435057974,26.29543341838946
1773767679.2378366,1773767679237843553,Sr02_gA+B_eps15_IMG1_LID1_STA1_CFC64_OH1,0317_1813,B,0.4989073872566223,0.0064223697409033775,0.5,0.0,-18.4542057626622,2.732926674462624,2.788231453465013,26.296832001714698
1773767679.356218,1773767679356224986,Sr02_gA+B_eps15_IMG1_LID1_STA1_CFC64_OH1,0317_1813,B,0.49763810634613037,-0.0023624785244464874,0.5,0.0,-18.52457462644669,2.7588732011338357,2.7881522165161714,26.29913575284709
1773767679.4745138,1773767679474522092,Sr02_gA+B_eps15_IMG1_LID1_STA1_CFC64_OH1,0317_1813,B,0.498264342546463,0.001588849350810051,0.5,0.0,-18.57148159905892,2.776186074592373,2.7878753615390983,26.300774112521946
1773767679.5992444,1773767679599251053,Sr02_gA+B_eps15_IMG1_LID1_STA1_CFC64_OH1,0317_1813,B,0.4995631277561188,0.005772603675723076,0.5,0.0,-18.641820151134656,2.802214632628682,2.786219637519384,26.30334654285184
1773767679.715717,1773767679715725557,Sr02_gA+B_eps15_IMG1_LID1_STA1_CFC64_OH1,0317_1813,B,0.5019215941429138,0.002335759811103344,0.5,0.0,-18.688701429926617,2.8195969559623286,2.787061144989083,26.30514823890324
1773767679.8387456,1773767679838753333,Sr02_gA+B_eps15_IMG1_LID1_STA1_CFC64_OH1,0317_1813,B,0.5002716183662415,0.0028514759615063667,0.5,0.0,-18.73559658535391,2.8369418122871335,2.7875426693389134,26.30708476672127
1773767679.9610257,1773767679961033244,Sr02_gA+B_eps15_IMG1_LID1_STA1_CFC64_OH1,0317_1813,B,0.4965183138847351,0.012629537843167782,0.5,0.0,-18.805955193910084,2.8629161287990823,2.7883272634417096,26.31021321965645
1773767680.0786817,1773767680078690586,Sr02_gA+B_eps15_IMG1_LID1_STA1_CFC64_OH1,0317_1813,B,0.49120980501174927,0.012694657780230045,0.5,0.0,-18.852865547782425,2.880219838543181,2.7880910178472234,26.312430726084802
1773767680.198411,1773767680198417503,Sr02_gA+B_eps15_IMG1_LID1_STA1_CFC64_OH1,0317_1813,B,0.4845060706138611,0.01956421509385109,0.5,0.0,-18.923228336101555,2.906182837011378,2.7882108021941057,26.31592684553514
1773767680.321502,1773767680321509331,Sr02_gA+B_eps15_IMG1_LID1_STA1_CFC64_OH1,0317_1813,B,0.4931524395942688,0.02079954370856285,0.5,0.0,-18.970143023296224,2.9234747929945444,2.788746220941332,26.318393859511804
1773767680.449587,1773767680449594309,Sr02_gA+B_eps15_IMG1_LID1_STA1_CFC64_OH1,0317_1813,B,0.4928191900253296,0.023100119084119797,0.5,0.0,-19.01706524543864,2.940746293791732,2.789014167552671,26.32097739270482
1773767680.5799968,1773767680580008134,Sr02_gA+B_eps15_IMG1_LID1_STA1_CFC64_OH1,0317_1813,B,0.4969309866428375,-0.011639759875833988,0.5,0.0,-19.0874568066907,2.9666311793881532,2.789519034300302,26.325054074318015
1773767680.7132182,1773767680713225412,Sr02_gA+B_eps15_IMG1_LID1_STA1_CFC64_OH1,0317_1813,B,0.5015508532524109,0.006130939349532127,0.5,0.0,-19.157880734504868,2.992427845738441,2.7914147621457785,26.329437569150567
1773767680.8383586,1773767680838365543,Sr02_gA+B_eps15_IMG1_LID1_STA1_CFC64_OH1,0317_1813,B,0.5000740885734558,0.0030641891062259674,0.5,0.0,-19.20485719159114,3.0095512749167947,2.792684225843636,26.332557171894504
1773767680.9649186,1773767680964926687,Sr02_gA+B_eps15_IMG1_LID1_STA1_CFC64_OH1,0317_1813,B,0.49430933594703674,0.004610895179212093,0.5,0.0,-19.275374164135883,3.035092453005153,2.7955995647147045,26.337566681534653
1773767681.0922315,1773767681092238693,Sr02_gA+B_eps15_IMG1_LID1_STA1_CFC64_OH1,0317_1813,B,0.5035228729248047,0.005939412862062454,0.5,0.0,-19.322428737487108,3.052000022394948,2.797702520123805,26.34115158594601
1773767681.216204,1773767681216212279,Sr02_gA+B_eps15_IMG1_LID1_STA1_CFC64_OH1,0317_1813,B,0.5052537322044373,0.07106763869524002,0.5,0.0,-19.3930785534675,3.077171406426807,2.80012536317409,26.346907106069846
1773767681.3419535,1773767681341961369,Sr02_gA+B_eps15_IMG1_LID1_STA1_CFC64_OH1,0317_1813,B,0.496785432100296,0.008562496863305569,0.5,0.0,-19.44018201177331,3.093942322213317,2.798961389663985,26.350872608604035
1773767681.4662263,1773767681466235565,Sr02_gA+B_eps15_IMG1_LID1_STA1_CFC64_OH1,0317_1813,B,0.5004282593727112,0.0009101899340748787,0.5,0.0,-19.510829777108945,3.119119537587518,2.7996726430035586,26.356975543320342
1773767681.5915647,1773767681591572746,Sr02_gA+B_eps15_IMG1_LID1_STA1_CFC64_OH1,0317_1813,B,0.4862936735153198,-0.017580155283212662,0.5,0.0,-19.557937973394623,3.1358771479822143,2.7999790620663627,26.36119069613185
1773767681.7163336,1773767681716340444,Sr02_gA+B_eps15_IMG1_LID1_STA1_CFC64_OH1,0317_1813,B,0.49380844831466675,-0.01722472906112671,0.5,0.0,-19.62861217684754,3.1609800566199526,2.80067961442828,26.367725358221172
1773767681.839535,1773767681839542620,Sr02_gA+B_eps15_IMG1_LID1_STA1_CFC64_OH1,0317_1813,B,0.5020064115524292,0.02325195074081421,0.5,0.0,-19.67573962494524,3.1776834468536665,2.8012735547211136,26.372233086367984
1773767681.9635036,1773767681963513170,Sr02_gA+B_eps15_IMG1_LID1_STA1_CFC64_OH1,0317_1813,B,0.5024165511131287,-0.0038713407702744007,0.5,0.0,-19.746517209319435,3.2023948152814317,2.810574204762474,26.37951907555467
1773767682.0805962,1773767682080604730,Sr02_gA+B_eps15_IMG1_LID1_STA1_CFC64_OH1,0317_1813,B,0.5043091177940369,0.06959932297468185,0.5,0.0,-19.793809749356562,3.218624884734936,2.8114304789883198,26.384760344248964
1773767682.2016728,1773767682201680759,Sr02_gA+B_eps15_IMG1_LID1_STA1_CFC64_OH1,0317_1813,B,0.4937096834182739,0.038166344165802,0.5,0.0,-19.864762761394907,3.2429285736131996,2.811165363393255,26.392841424245372
1773767682.3224819,1773767682322489468,Sr02_gA+B_eps15_IMG1_LID1_STA1_CFC64_OH1,0317_1813,B,0.48751792311668396,0.048371996730566025,0.5,0.0,-19.912043664322038,3.2591924986437344,2.809407351045661,26.39828122367205
1773767682.4436138,1773767682443620980,Sr02_gA+B_eps15_IMG1_LID1_STA1_CFC64_OH1,0317_1813,B,0.5044087767601013,0.0054007647559046745,0.5,0.0,-19.959296192754667,3.275538679283645,2.8076848806848056,26.40372810892369
1773767682.5662274,1773767682566234900,Sr02_gA+B_eps15_IMG1_LID1_STA1_CFC64_OH1,0317_1813,B,0.4966350495815277,-0.02900269627571106,0.5,0.0,-20.03015398297523,3.3000936031019017,2.8095244210783132,26.412032582015847
1773767682.6878166,1773767682687824718,Sr02_gA+B_eps15_IMG1_LID1_STA1_CFC64_OH1,0317_1813,B,0.48994287848472595,-0.044402312487363815,0.5,0.0,-20.07742728692692,3.31637962130024,2.8096797733314616,26.417776426761147
1773767682.8092952,1773767682809302446,Sr02_gA+B_eps15_IMG1_LID1_STA1_CFC64_OH1,0317_1813,B,0.49498021602630615,-0.02646157518029213,0.5,0.0,-20.148387964079323,3.3405612203477286,2.818199210681398,26.42681204887799
1773767682.9392807,1773767682939287956,Sr02_gA+B_eps15_IMG1_LID1_STA1_CFC64_OH1,0317_1813,B,0.4991655945777893,-0.14191555976867676,0.5,0.0,-20.19582629259396,3.3563600062173053,2.8220158629080623,26.43329941458373
1773767683.0599194,1773767683059926589,Sr02_gA+B_eps15_IMG1_LID1_STA1_CFC64_OH1,0317_1813,B,0.4970909655094147,-0.011723127216100693,0.5,0.0,-20.26710282680585,3.3796613269811844,2.8288819026549032,26.443613518863145
1773767683.1912146,1773767683191223278,Sr02_gA+B_eps15_IMG1_LID1_STA1_CFC64_OH1,0317_1813,B,0.48730772733688354,-0.19594743847846985,0.5,-0.5,-20.314682131740028,3.3950304301573944,2.8294219896165673,26.450780814759025
1773767683.3074825,1773767683307489941,Sr02_gA+B_eps15_IMG1_LID1_STA1_CFC64_OH1,0317_1813,B,0.48891928791999817,-0.2068708837032318,0.5,-0.5,-20.386020791933248,3.4181774789557466,2.8252977105102444,26.46160812595881
1773767683.4412904,1773767683441297848,Sr02_gA+B_eps15_IMG1_LID1_STA1_CFC64_OH1,0317_1813,B,0.4916914999485016,-0.3461208641529083,0.5,-0.5,-20.43350582417934,3.433835297686813,2.8208574867781553,26.468706201970317
1773767683.5669317,1773767683566940302,Sr02_gA+B_eps15_IMG1_LID1_STA1_CFC64_OH1,0317_1813,B,0.5119099617004395,-0.013243498280644417,0.5,0.0,-20.504622962523705,3.457618570381877,2.8165198763965993,26.479212193520247
1773767683.6869457,1773767683686952648,Sr02_gA+B_eps15_IMG1_LID1_STA1_CFC64_OH1,0317_1813,B,0.45993277430534363,-0.47022131085395813,0.5,-0.5,-20.55182482553445,3.4738585386495884,2.80361584660878,26.485894194583903
1773767683.8064287,1773767683806436195,Sr02_gA+B_eps15_IMG1_LID1_STA1_CFC64_OH1,0317_1813,B,0.460948646068573,-0.468068391084671,0.5,-0.5,-20.622407773751583,3.4988193215954686,2.798999545148491,26.495455071521594
1773767683.9306142,1773767683930621901,Sr02_gA+B_eps15_IMG1_LID1_STA1_CFC64_OH1,0317_1813,B,0.4844498932361603,-0.15284529328346252,0.5,-0.5,-20.669194624545902,3.515958624089606,2.7808529156806747,26.50137828047455
1773767684.0535939,1773767684053601465,Sr02_gA+B_eps15_IMG1_LID1_STA1_CFC64_OH1,0317_1813,B,0.48956024646759033,-0.4289001226425171,0.5,-0.5,-20.715790544357766,3.534089558088183,2.76016586950931,26.50642412305435
1773767684.17423,1773767684174237426,Sr02_gA+B_eps15_IMG1_LID1_STA1_CFC64_OH1,0317_1813,B,0.4868339002132416,-0.18380089104175568,0.5,-0.5,-20.784701616701643,3.563281952889593,2.7168212046856755,26.511943411560786
1773767684.302627,1773767684302633593,Sr02_gA+B_eps15_IMG1_LID1_STA1_CFC64_OH1,0317_1813,B,0.4816606640815735,-0.18249379098415375,0.5,-0.5,-20.829616630684047,3.5843272449213095,2.6949803175982416,26.513861669362534
1773767684.4242253,1773767684424234345,Sr02_gA+B_eps15_IMG1_LID1_STA1_CFC64_OH1,0317_1813,B,0.4934740364551544,-0.060595471411943436,0.5,0.0,-20.89521446348979,3.6165911986389836,2.664896731772881,26.51547516126073
1773767684.5503201,1773767684550328074,Sr02_gA+B_eps15_IMG1_LID1_STA1_CFC64_OH1,0317_1813,B,0.4961538016796112,-0.34644415974617004,0.5,-0.5,-20.938577972212833,3.64019400796275,2.620319916164931,26.51463723599568
1773767684.6738288,1773767684673836637,Sr02_gA+B_eps15_IMG1_LID1_STA1_CFC64_OH1,0317_1813,B,0.5037543773651123,-0.35805556178092957,0.5,-0.5,-21.00214077759406,3.678986902915051,2.575749484128542,26.509863716495342
1773767684.7987146,1773767684798721960,Sr02_gA+B_eps15_IMG1_LID1_STA1_CFC64_OH1,0317_1813,B,0.5053114295005798,-0.35578736662864685,0.5,-0.5,-21.043413248489486,3.7061007810768922,2.541373036016499,26.50517463078546
1773767684.9254339,1773767684925441497,Sr02_gA+B_eps15_IMG1_LID1_STA1_CFC64_OH1,0317_1813,B,0.4932519495487213,-0.13797706365585327,0.5,0.0,-21.104087120279193,3.749692665027109,2.5027356441208344,26.495153461142003
1773767685.0544817,1773767685054489442,Sr02_gA+B_eps15_IMG1_LID1_STA1_CFC64_OH1,0317_1813,B,0.49483710527420044,-0.296060711145401,0.5,-0.5,-21.143951746109927,3.779871165572549,2.4844862938618104,26.48732673916535
1773767685.1821089,1773767685182116004,Sr02_gA+B_eps15_IMG1_LID1_STA1_CFC64_OH1,0317_1813,B,0.33426252007484436,-0.20041866600513458,0.5,-0.5,-21.202983077441015,3.8259770161649134,2.4729567749533996,26.474658304377495
1773767685.3018484,1773767685301856164,Sr02_gA+B_eps15_IMG1_LID1_STA1_CFC64_OH1,0317_1813,B,0.3218080699443817,-0.16774716973304749,0.5,-0.5,-21.241406482842986,3.85700238404023,2.4480244306195007,26.465630434788046
1773767685.4330046,1773767685433012486,Sr02_gA+B_eps15_IMG1_LID1_STA1_CFC64_OH1,0317_1813,B,0.47740304470062256,-0.16991828382015228,0.5,-0.5,-21.29777498520077,3.906461894755813,2.394548422103209,26.44908441123831
1773767685.5638986,1773767685563904874,Sr02_gA+B_eps15_IMG1_LID1_STA1_CFC64_OH1,0317_1813,B,0.48560214042663574,-0.15792033076286316,0.5,-0.5,-21.333847960034664,3.941080912868479,2.358969736690229,26.4359991039009
1773767685.686938,1773767685686949213,Sr02_gA+B_eps15_IMG1_LID1_STA1_CFC64_OH1,0317_1813,B,0.4578116238117218,-0.06821925938129425,0.5,0.0,-21.386053999291395,3.9945723745439095,2.3321312403054693,26.41424890227981
1773767685.8116848,1773767685811692823,Sr02_gA+B_eps15_IMG1_LID1_STA1_CFC64_OH1,0317_1813,B,0.4744666814804077,-0.06750337779521942,0.5,0.0,-21.41995035171157,4.031101172815784,2.3043043538174786,26.398657576754967
1773767685.9423892,1773767685942396991,Sr02_gA+B_eps15_IMG1_LID1_STA1_CFC64_OH1,0317_1813,B,0.47032302618026733,-0.49998587369918823,0.5,-0.5,-21.469162066757676,4.087644015306954,2.2717155391431825,26.373106824528044
1773767686.0644052,1773767686064412760,Sr02_gA+B_eps15_IMG1_LID1_STA1_CFC64_OH1,0317_1813,B,0.4943986237049103,-0.41255027055740356,0.5,-0.5,-21.516804734437486,4.145565326858228,2.2465100591593785,26.3457749906196
1773767686.1877632,1773767686187770846,Sr02_gA+B_eps15_IMG1_LID1_STA1_CFC64_OH1,0317_1813,B,0.4671133756637573,-0.31791213154792786,0.5,-0.5,-21.547744503350668,4.184842167639287,2.229518258697615,26.32667610837734
1773767686.305374,1773767686305380852,Sr02_gA+B_eps15_IMG1_LID1_STA1_CFC64_OH1,0317_1813,B,0.46620380878448486,-0.3494562804698944,0.5,-0.5,-21.578031836127234,4.224624386894954,2.213606262935371,26.306897447198754
1773767686.4282467,1773767686428255937,Sr02_gA+B_eps15_IMG1_LID1_STA1_CFC64_OH1,0317_1813,B,0.5260769128799438,-0.5298036932945251,0.5,-0.5,-21.62257586850147,4.2849226070194,2.2018227739364833,26.27639835557859
1773767686.5491118,1773767686549119496,Sr02_gA+B_eps15_IMG1_LID1_STA1_CFC64_OH1,0317_1813,B,0.5024717450141907,-0.5355429649353027,0.5,-0.5,-21.65193807622996,4.32539297822427,2.1950724466498426,26.255763549014112
1773767686.670409,1773767686670415503,Sr02_gA+B_eps15_IMG1_LID1_STA1_CFC64_OH1,0317_1813,B,0.42048799991607666,-0.4906667172908783,0.5,-0.5,-21.694646677008475,4.386044726793453,2.164804932177659,26.224341741320995
1773767686.793053,1773767686793060327,Sr02_gA+B_eps15_IMG1_LID1_STA1_CFC64_OH1,0317_1813,B,0.4343625009059906,-0.4792787432670593,0.5,-0.5,-21.721677271881056,4.427879535375748,2.1239192849280726,26.20155640101329
1773767686.9177048,1773767686917712068,Sr02_gA+B_eps15_IMG1_LID1_STA1_CFC64_OH1,0317_1813,B,0.5162942409515381,-0.5172448754310608,0.5,-0.5,-21.75945693041894,4.492638822501349,2.0750113062047055,26.164395203676275
1773767687.0364473,1773767687036454880,Sr02_gA+B_eps15_IMG1_LID1_STA1_CFC64_OH1,0317_1813,B,0.47660011053085327,-0.425432026386261,0.5,-0.5,-21.782843185764317,4.53682963934599,2.0400657519199945,26.13792598003356
1773767687.1618621,1773767687161871420,Sr02_gA+B_eps15_IMG1_LID1_STA1_CFC64_OH1,0317_1813,B,0.49702805280685425,-0.0443892627954483,0.5,0.0,-21.804370005969123,4.5817675419384045,1.9930768643704961,26.109942828345286
1773767687.284889,1773767687284898450,Sr02_gA+B_eps15_IMG1_LID1_STA1_CFC64_OH1,0317_1813,B,0.5001366138458252,-0.01862330175936222,0.5,0.0,-21.832515088473823,4.651267305914054,1.9180769392526822,26.064186902016004
1773767687.4028673,1773767687402876685,Sr02_gA+B_eps15_IMG1_LID1_STA1_CFC64_OH1,0317_1813,B,0.47823992371559143,-0.07446054369211197,0.5,0.0,-21.848367950741338,4.698682327659662,1.8689169786152682,26.0313489528709
1773767687.5254593,1773767687525466168,Sr02_gA+B_eps15_IMG1_LID1_STA1_CFC64_OH1,0317_1813,B,0.5074730515480042,0.0024103112518787384,0.5,0.0,-21.867794410108075,4.771105997975496,1.7969113552485545,25.978857918306797
1773767687.6480339,1773767687648050412,Sr02_gA+B_eps15_IMG1_LID1_STA1_CFC64_OH1,0317_1813,B,0.5107114315032959,-0.016878370195627213,0.5,0.0,-21.87778147116447,4.820093112764703,1.7469114184952572,25.941806531204442
1773767687.7741354,1773767687774142333,Sr02_gA+B_eps15_IMG1_LID1_STA1_CFC64_OH1,0317_1813,B,0.4966059923171997,-0.029381904751062393,0.5,0.0,-21.888407390863293,4.89425416730868,1.6824049109069577,25.883497086378036
1773767687.893416,1773767687893423701,Sr02_gA+B_eps15_IMG1_LID1_STA1_CFC64_OH1,0317_1813,B,0.4951796233654022,-0.0038064508698880672,0.5,0.0,-21.89333931884365,4.943179244957793,1.6647692232948867,25.84401046579762
1773767688.0128198,1773767688012827608,Sr02_gA+B_eps15_IMG1_LID1_STA1_CFC64_OH1,0317_1813,B,0.4978497624397278,-0.0813775509595871,0.5,0.0,-21.90025401086944,5.017859779872513,1.6617180361660646,25.783485674472335
1773767688.1322896,1773767688132297209,Sr02_gA+B_eps15_IMG1_LID1_STA1_CFC64_OH1,0317_1813,B,0.49526453018188477,-0.12652651965618134,0.5,0.0,-21.904616315586317,5.0676463482233975,1.6548574424466755,25.743050994127923
1773767688.2561164,1773767688256123853,Sr02_gA+B_eps15_IMG1_LID1_STA1_CFC64_OH1,0317_1813,B,0.47596976161003113,0.015219525434076786,0.5,0.0,-21.90881431202204,5.117448988810264,1.6550060452232132,25.702551279883426
1773767688.3800354,1773767688380049503,Sr02_gA+B_eps15_IMG1_LID1_STA1_CFC64_OH1,0317_1813,B,0.4926474094390869,-0.027770545333623886,0.5,0.0,-21.91506689331982,5.192187881738672,1.6530529680913062,25.64181154428332
1773767688.5032983,1773767688503306604,Sr02_gA+B_eps15_IMG1_LID1_STA1_CFC64_OH1,0317_1813,B,0.48538342118263245,-0.01613539457321167,0.5,0.0,-21.919107796738114,5.242024304415579,1.6502398271305005,25.601285285198113
1773767688.6274884,1773767688627495034,Sr02_gA+B_eps15_IMG1_LID1_STA1_CFC64_OH1,0317_1813,B,0.483622282743454,-0.015516090206801891,0.5,0.0,-21.925018137634083,5.31677963825702,1.6490381922046928,25.540479695546193
1773767688.7559247,1773767688755932115,Sr02_gA+B_eps15_IMG1_LID1_STA1_CFC64_OH1,0317_1813,B,0.48752424120903015,-0.17737430334091187,0.5,-0.5,-21.92872826908837,5.3666204137696925,1.6410385283412694,25.49986134996924
1773767688.881354,1773767688881362794,Sr02_gA+B_eps15_IMG1_LID1_STA1_CFC64_OH1,0317_1813,B,0.48972034454345703,-0.03622681275010109,0.5,0.0,-21.933343971213613,5.440824017521949,1.6236099500383427,25.43897541595223
1773767689.0063725,1773767689006379550,Sr02_gA+B_eps15_IMG1_LID1_STA1_CFC64_OH1,0317_1813,B,0.4920385479927063,-0.049771931022405624,0.5,0.0,-21.93502624076056,5.476037229875442,1.612869268296037,25.409841251069818
1773767689.1295638,1773767689129571913,Sr02_gA+B_eps15_IMG1_LID1_STA1_CFC64_OH1,0317_1813,B,0.4955422580242157,-0.05416494607925415,0.5,0.0,-21.93610477394599,5.504251544030722,1.607487888581433,25.386367819246107
1773767689.2569728,1773767689256979394,Sr02_gA+B_eps15_IMG1_LID1_STA1_CFC64_OH1,0317_1813,B,0.49232354760169983,-0.056281864643096924,0.5,0.0,-21.93653871150023,5.516142164940727,1.606946304409036,25.376467303703414
1773767689.3819458,1773767689381953272,Sr02_gA+B_eps15_IMG1_LID1_STA1_CFC64_OH1,0317_1813,B,0.49947458505630493,0.008242609910666943,0.5,0.0,-21.93598251093953,5.500604284366714,1.6064385858016992,25.389410667257266
1773767689.5054915,1773767689505499414,Sr02_gA+B_eps15_IMG1_LID1_STA1_CFC64_OH1,0317_1813,B,0.4873030185699463,-0.08102081716060638,0.5,0.0,-21.93489033925596,5.4698396915792,1.6061509680047577,25.415051554660984
1773767689.6316516,1773767689631658315,Sr02_gA+B_eps15_IMG1_LID1_STA1_CFC64_OH1,0317_1813,B,0.4979069232940674,-0.040736813098192215,0.5,0.0,-21.9340179986172,5.445097624903258,1.605886339698589,25.43568436813532
1773767689.7584362,1773767689758442933,Sr02_gA+B_eps15_IMG1_LID1_STA1_CFC64_OH1,0317_1813,B,0.5001331567764282,-0.16668418049812317,0.5,-0.5,-21.934250193140162,5.45172336481446,1.6058096392253085,25.430157595493828
1773767689.8849785,1773767689884988675,Sr02_gA+B_eps15_IMG1_LID1_STA1_CFC64_OH1,0317_1813,B,0.49468663334846497,-0.226615771651268,0.5,-0.5,-21.935133024509664,5.47780358904069,1.603213707592993,25.40839195826382
1773767690.0115356,1773767690011543124,Sr02_gA+B_eps15_IMG1_LID1_STA1_CFC64_OH1,0317_1813,B,0.48962774872779846,-0.322672963142395,0.5,-0.5,-21.935683001622817,5.495294938796529,1.6012438458721228,25.393776810517515
1773767690.1375158,1773767690137523192,Sr02_gA+B_eps15_IMG1_LID1_STA1_CFC64_OH1,0317_1813,B,0.48867887258529663,-0.32788413763046265,0.5,-0.5,-21.936481800861056,5.521532777213555,1.601138325409101,25.371846527490643
1773767690.258975,1773767690258982672,Sr02_gA+B_eps15_IMG1_LID1_STA1_CFC64_OH1,0317_1813,B,0.5020792484283447,-0.15405726432800293,0.5,-0.5,-21.93678531279981,5.53185780685572,1.5985748118890708,25.363213165043913
1773767690.3798654,1773767690379873930,Sr02_gA+B_eps15_IMG1_LID1_STA1_CFC64_OH1,0317_1813,B,0.49314600229263306,-0.14997407793998718,0.5,0.0,-21.936316081730578,5.513712552656572,1.595844073622095,25.378419940308014
1773767690.5049326,1773767690504939061,Sr02_gA+B_eps15_IMG1_LID1_STA1_CFC64_OH1,0317_1813,B,0.4750044345855713,-0.18328990042209625,0.5,-0.5,-21.935497259411328,5.479992090780429,1.594472091832826,25.40671774423791
1773767690.629379,1773767690629386818,Sr02_gA+B_eps15_IMG1_LID1_STA1_CFC64_OH1,0317_1813,B,0.489251047372818,-0.13772621750831604,0.5,0.0,-21.93448868909009,5.436159202204642,1.5930035972878636,25.443550736624278
1773767690.760719,1773767690760726662,Sr02_gA+B_eps15_IMG1_LID1_STA1_CFC64_OH1,0317_1813,B,0.48733294010162354,-0.03024870902299881,0.5,0.0,-21.93437335236112,5.430931083046201,1.5923474827123207,25.447948025943912
1773767690.8888988,1773767690888906437,Sr02_gA+B_eps15_IMG1_LID1_STA1_CFC64_OH1,0317_1813,B,0.4888462722301483,-0.026007454842329025,0.5,0.0,-21.934769066324076,5.451194638358906,1.5868182376457547,25.43087958984292
1773767691.0232506,1773767691023258174,Sr02_gA+B_eps15_IMG1_LID1_STA1_CFC64_OH1,0317_1813,B,0.476205050945282,-0.026469353586435318,0.5,0.0,-21.935002262568883,5.46869306019649,1.5814262420684018,25.41608729242813
1773767691.1541975,1773767691154205397,Sr02_gA+B_eps15_IMG1_LID1_STA1_CFC64_OH1,0317_1813,B,0.4731196165084839,-0.02533799782395363,0.5,0.0,-21.935177852669316,5.494942399997931,1.5734360172450932,25.393812626893528
1773767691.2827904,1773767691282797994,Sr02_gA+B_eps15_IMG1_LID1_STA1_CFC64_OH1,0317_1813,B,0.47989895939826965,0.041935037821531296,0.5,0.0,-21.935122102685952,5.521192239858945,1.564291723100089,25.371423891768863
1773767691.4072058,1773767691407213013,Sr02_gA+B_eps15_IMG1_LID1_STA1_CFC64_OH1,0317_1813,B,0.48751845955848694,0.024189092218875885,0.5,0.0,-21.934969053059014,5.538690709990098,1.5605967813615587,25.356442624868528
1773767691.5355372,1773767691535544512,Sr02_gA+B_eps15_IMG1_LID1_STA1_CFC64_OH1,0317_1813,B,0.48635807633399963,0.022819314152002335,0.5,0.0,-21.934680802347557,5.56493912003365,1.559082947040531,25.3339453804258
1773767691.666529,1773767691666536188,Sr02_gA+B_eps15_IMG1_LID1_STA1_CFC64_OH1,0317_1813,B,0.4896218478679657,0.0043263426050543785,0.5,0.0,-21.93446785731949,5.582437820654681,1.558171071196446,25.318940523455165
1773767691.7971914,1773767691797197738,Sr02_gA+B_eps15_IMG1_LID1_STA1_CFC64_OH1,0317_1813,B,0.4915960431098938,0.0006399666890501976,0.5,0.0,-21.934357796415412,5.5910426077085305,1.5570014504557506,25.311560421723126
1773767691.9262435,1773767691926251737,Sr02_gA+B_eps15_IMG1_LID1_STA1_CFC64_OH1,0317_1813,B,0.489101380109787,0.018447786569595337,0.5,0.0,-21.93458979561076,5.574618072622268,1.556453222956216,25.32565949636024
1773767692.0526402,1773767692052648015,Sr02_gA+B_eps15_IMG1_LID1_STA1_CFC64_OH1,0317_1813,B,0.4855811297893524,0.02237924188375473,0.5,0.0,-21.935344148884074,5.523319953942327,1.5557971512470314,25.369728221234393
1773767692.173684,1773767692173691711,Sr02_gA+B_eps15_IMG1_LID1_STA1_CFC64_OH1,0317_1813,B,0.48485541343688965,0.026685327291488647,0.5,0.0,-21.935706190567682,5.499431611317022,1.5554151515308017,25.390264911161058
1773767692.2982297,1773767692298238327,Sr02_gA+B_eps15_IMG1_LID1_STA1_CFC64_OH1,0317_1813,B,0.4860989451408386,0.026207152754068375,0.5,0.0,-21.935594620287787,5.506637911409848,1.5552810125569063,25.38406783874708
1773767692.427333,1773767692427341089,Sr02_gA+B_eps15_IMG1_LID1_STA1_CFC64_OH1,0317_1813,B,0.4838397800922394,0.017022863030433655,0.5,0.0,-21.935325235603283,5.524058159206398,1.5554079052406342,25.36908963408354
1773767692.5509791,1773767692550986573,Sr02_gA+B_eps15_IMG1_LID1_STA1_CFC64_OH1,0317_1813,B,0.4813928008079529,0.018202882260084152,0.5,0.0,-21.934922878947688,5.550305070667306,1.5556048614236828,25.34652987230167
1773767692.6769125,1773767692676919637,Sr02_gA+B_eps15_IMG1_LID1_STA1_CFC64_OH1,0317_1813,B,0.48494505882263184,0.012958127073943615,0.5,0.0,-21.93466268756079,5.567803132845417,1.5562505324298819,25.331498101852013
1773767692.8031886,1773767692803196143,Sr02_gA+B_eps15_IMG1_LID1_STA1_CFC64_OH1,0317_1813,B,0.48554253578186035,0.014182706363499165,0.5,0.0,-21.934312428276712,5.592803019123846,1.5573824053473537,25.310038653319644
1773767692.9248009,1773767692924808131,Sr02_gA+B_eps15_IMG1_LID1_STA1_CFC64_OH1,0317_1813,B,0.4864017963409424,0.017201591283082962,0.5,0.0,-21.934374533078675,5.587856359790432,1.5580836412932744,25.314280477987577
1773767693.0438282,1773767693043834913,Sr02_gA+B_eps15_IMG1_LID1_STA1_CFC64_OH1,0317_1813,B,0.48532232642173767,0.015761669725179672,0.5,0.0,-21.934689508289715,5.562779395154867,1.558341928677861,25.335788307658582
