[0.120s] DEBUG:colcon:Command line arguments: ['/usr/bin/colcon', 'build', '--packages-select', 'tugbot_recorder']
[0.120s] DEBUG:colcon:Parsed command line arguments: Namespace(log_base=None, log_level=None, verb_name='build', build_base='build', install_base='install', merge_install=False, symlink_install=False, test_result_base=None, continue_on_error=False, executor='parallel', parallel_workers=16, event_handlers=None, ignore_user_meta=False, metas=['./colcon.meta'], base_paths=['.'], packages_ignore=None, packages_ignore_regex=None, paths=None, packages_up_to=None, packages_up_to_regex=None, packages_above=None, packages_above_and_dependencies=None, packages_above_depth=None, packages_select_by_dep=None, packages_skip_by_dep=None, packages_skip_up_to=None, packages_select_build_failed=False, packages_skip_build_finished=False, packages_select_test_failures=False, packages_skip_test_passed=False, packages_select=['tugbot_recorder'], packages_skip=None, packages_select_regex=None, packages_skip_regex=None, packages_start=None, packages_end=None, allow_overriding=[], cmake_args=None, cmake_target=None, cmake_target_skip_unavailable=False, cmake_clean_cache=False, cmake_clean_first=False, cmake_force_configure=False, ament_cmake_args=None, catkin_cmake_args=None, catkin_skip_building_tests=False, verb_parser=<colcon_defaults.argument_parser.defaults.DefaultArgumentsDecorator object at 0x7b6d1f8797b0>, verb_extension=<colcon_core.verb.build.BuildVerb object at 0x7b6d1f95f1f0>, main=<bound method BuildVerb.main of <colcon_core.verb.build.BuildVerb object at 0x7b6d1f95f1f0>>)
[0.349s] Level 1:colcon.colcon_core.package_discovery:discover_packages(colcon_meta) check parameters
[0.349s] Level 1:colcon.colcon_core.package_discovery:discover_packages(recursive) check parameters
[0.349s] Level 1:colcon.colcon_core.package_discovery:discover_packages(ignore) check parameters
[0.349s] Level 1:colcon.colcon_core.package_discovery:discover_packages(path) check parameters
[0.349s] Level 1:colcon.colcon_core.package_discovery:discover_packages(colcon_meta) discover
[0.349s] Level 1:colcon.colcon_core.package_discovery:discover_packages(recursive) discover
[0.349s] INFO:colcon.colcon_core.package_discovery:Crawling recursively for packages in '/home/newin/Projects/warehouse/ws_warehouse'
[0.350s] Level 1:colcon.colcon_core.package_identification:_identify(.) by extensions ['ignore', 'ignore_ament_install']
[0.350s] Level 1:colcon.colcon_core.package_identification:_identify(.) by extension 'ignore'
[0.350s] Level 1:colcon.colcon_core.package_identification:_identify(.) by extension 'ignore_ament_install'
[0.350s] Level 1:colcon.colcon_core.package_identification:_identify(.) by extensions ['colcon_pkg']
[0.350s] Level 1:colcon.colcon_core.package_identification:_identify(.) by extension 'colcon_pkg'
[0.350s] Level 1:colcon.colcon_core.package_identification:_identify(.) by extensions ['colcon_meta']
[0.350s] Level 1:colcon.colcon_core.package_identification:_identify(.) by extension 'colcon_meta'
[0.350s] Level 1:colcon.colcon_core.package_identification:_identify(.) by extensions ['ros']
[0.350s] Level 1:colcon.colcon_core.package_identification:_identify(.) by extension 'ros'
[0.373s] Level 1:colcon.colcon_core.package_identification:_identify(.) by extensions ['cmake', 'python']
[0.373s] Level 1:colcon.colcon_core.package_identification:_identify(.) by extension 'cmake'
[0.373s] Level 1:colcon.colcon_core.package_identification:_identify(.) by extension 'python'
[0.373s] Level 1:colcon.colcon_core.package_identification:_identify(.) by extensions ['python_setup_py']
[0.373s] Level 1:colcon.colcon_core.package_identification:_identify(.) by extension 'python_setup_py'
[0.373s] Level 1:colcon.colcon_core.package_identification:_identify(build) by extensions ['ignore', 'ignore_ament_install']
[0.373s] Level 1:colcon.colcon_core.package_identification:_identify(build) by extension 'ignore'
[0.373s] Level 1:colcon.colcon_core.package_identification:_identify(build) ignored
[0.373s] Level 1:colcon.colcon_core.package_identification:_identify(dataset) by extensions ['ignore', 'ignore_ament_install']
[0.374s] Level 1:colcon.colcon_core.package_identification:_identify(dataset) by extension 'ignore'
[0.374s] Level 1:colcon.colcon_core.package_identification:_identify(dataset) by extension 'ignore_ament_install'
[0.374s] Level 1:colcon.colcon_core.package_identification:_identify(dataset) by extensions ['colcon_pkg']
[0.374s] Level 1:colcon.colcon_core.package_identification:_identify(dataset) by extension 'colcon_pkg'
[0.374s] Level 1:colcon.colcon_core.package_identification:_identify(dataset) by extensions ['colcon_meta']
[0.374s] Level 1:colcon.colcon_core.package_identification:_identify(dataset) by extension 'colcon_meta'
[0.374s] Level 1:colcon.colcon_core.package_identification:_identify(dataset) by extensions ['ros']
[0.374s] Level 1:colcon.colcon_core.package_identification:_identify(dataset) by extension 'ros'
[0.374s] Level 1:colcon.colcon_core.package_identification:_identify(dataset) by extensions ['cmake', 'python']
[0.374s] Level 1:colcon.colcon_core.package_identification:_identify(dataset) by extension 'cmake'
[0.374s] Level 1:colcon.colcon_core.package_identification:_identify(dataset) by extension 'python'
[0.374s] Level 1:colcon.colcon_core.package_identification:_identify(dataset) by extensions ['python_setup_py']
[0.374s] Level 1:colcon.colcon_core.package_identification:_identify(dataset) by extension 'python_setup_py'
[0.374s] Level 1:colcon.colcon_core.package_identification:_identify(dataset/20251126_130440_Home2B_ep1) by extensions ['ignore', 'ignore_ament_install']
[0.374s] Level 1:colcon.colcon_core.package_identification:_identify(dataset/20251126_130440_Home2B_ep1) by extension 'ignore'
[0.374s] Level 1:colcon.colcon_core.package_identification:_identify(dataset/20251126_130440_Home2B_ep1) by extension 'ignore_ament_install'
[0.374s] Level 1:colcon.colcon_core.package_identification:_identify(dataset/20251126_130440_Home2B_ep1) by extensions ['colcon_pkg']
[0.374s] Level 1:colcon.colcon_core.package_identification:_identify(dataset/20251126_130440_Home2B_ep1) by extension 'colcon_pkg'
[0.374s] Level 1:colcon.colcon_core.package_identification:_identify(dataset/20251126_130440_Home2B_ep1) by extensions ['colcon_meta']
[0.375s] Level 1:colcon.colcon_core.package_identification:_identify(dataset/20251126_130440_Home2B_ep1) by extension 'colcon_meta'
[0.375s] Level 1:colcon.colcon_core.package_identification:_identify(dataset/20251126_130440_Home2B_ep1) by extensions ['ros']
[0.375s] Level 1:colcon.colcon_core.package_identification:_identify(dataset/20251126_130440_Home2B_ep1) by extension 'ros'
[0.375s] Level 1:colcon.colcon_core.package_identification:_identify(dataset/20251126_130440_Home2B_ep1) by extensions ['cmake', 'python']
[0.375s] Level 1:colcon.colcon_core.package_identification:_identify(dataset/20251126_130440_Home2B_ep1) by extension 'cmake'
[0.375s] Level 1:colcon.colcon_core.package_identification:_identify(dataset/20251126_130440_Home2B_ep1) by extension 'python'
[0.375s] Level 1:colcon.colcon_core.package_identification:_identify(dataset/20251126_130440_Home2B_ep1) by extensions ['python_setup_py']
[0.375s] Level 1:colcon.colcon_core.package_identification:_identify(dataset/20251126_130440_Home2B_ep1) by extension 'python_setup_py'
[0.376s] Level 1:colcon.colcon_core.package_identification:_identify(dataset/20251126_130440_Home2B_ep1/images) by extensions ['ignore', 'ignore_ament_install']
[0.376s] Level 1:colcon.colcon_core.package_identification:_identify(dataset/20251126_130440_Home2B_ep1/images) by extension 'ignore'
[0.376s] Level 1:colcon.colcon_core.package_identification:_identify(dataset/20251126_130440_Home2B_ep1/images) by extension 'ignore_ament_install'
[0.376s] Level 1:colcon.colcon_core.package_identification:_identify(dataset/20251126_130440_Home2B_ep1/images) by extensions ['colcon_pkg']
[0.376s] Level 1:colcon.colcon_core.package_identification:_identify(dataset/20251126_130440_Home2B_ep1/images) by extension 'colcon_pkg'
[0.376s] Level 1:colcon.colcon_core.package_identification:_identify(dataset/20251126_130440_Home2B_ep1/images) by extensions ['colcon_meta']
[0.376s] Level 1:colcon.colcon_core.package_identification:_identify(dataset/20251126_130440_Home2B_ep1/images) by extension 'colcon_meta'
[0.377s] Level 1:colcon.colcon_core.package_identification:_identify(dataset/20251126_130440_Home2B_ep1/images) by extensions ['ros']
[0.377s] Level 1:colcon.colcon_core.package_identification:_identify(dataset/20251126_130440_Home2B_ep1/images) by extension 'ros'
[0.377s] Level 1:colcon.colcon_core.package_identification:_identify(dataset/20251126_130440_Home2B_ep1/images) by extensions ['cmake', 'python']
[0.377s] Level 1:colcon.colcon_core.package_identification:_identify(dataset/20251126_130440_Home2B_ep1/images) by extension 'cmake'
[0.377s] Level 1:colcon.colcon_core.package_identification:_identify(dataset/20251126_130440_Home2B_ep1/images) by extension 'python'
[0.377s] Level 1:colcon.colcon_core.package_identification:_identify(dataset/20251126_130440_Home2B_ep1/images) by extensions ['python_setup_py']
[0.377s] Level 1:colcon.colcon_core.package_identification:_identify(dataset/20251126_130440_Home2B_ep1/images) by extension 'python_setup_py'
[0.377s] Level 1:colcon.colcon_core.package_identification:_identify(dataset/20251127_004443_Home2B_ep2) by extensions ['ignore', 'ignore_ament_install']
[0.377s] Level 1:colcon.colcon_core.package_identification:_identify(dataset/20251127_004443_Home2B_ep2) by extension 'ignore'
[0.377s] Level 1:colcon.colcon_core.package_identification:_identify(dataset/20251127_004443_Home2B_ep2) by extension 'ignore_ament_install'
[0.377s] Level 1:colcon.colcon_core.package_identification:_identify(dataset/20251127_004443_Home2B_ep2) by extensions ['colcon_pkg']
[0.377s] Level 1:colcon.colcon_core.package_identification:_identify(dataset/20251127_004443_Home2B_ep2) by extension 'colcon_pkg'
[0.377s] Level 1:colcon.colcon_core.package_identification:_identify(dataset/20251127_004443_Home2B_ep2) by extensions ['colcon_meta']
[0.377s] Level 1:colcon.colcon_core.package_identification:_identify(dataset/20251127_004443_Home2B_ep2) by extension 'colcon_meta'
[0.378s] Level 1:colcon.colcon_core.package_identification:_identify(dataset/20251127_004443_Home2B_ep2) by extensions ['ros']
[0.378s] Level 1:colcon.colcon_core.package_identification:_identify(dataset/20251127_004443_Home2B_ep2) by extension 'ros'
[0.378s] Level 1:colcon.colcon_core.package_identification:_identify(dataset/20251127_004443_Home2B_ep2) by extensions ['cmake', 'python']
[0.378s] Level 1:colcon.colcon_core.package_identification:_identify(dataset/20251127_004443_Home2B_ep2) by extension 'cmake'
[0.378s] Level 1:colcon.colcon_core.package_identification:_identify(dataset/20251127_004443_Home2B_ep2) by extension 'python'
[0.378s] Level 1:colcon.colcon_core.package_identification:_identify(dataset/20251127_004443_Home2B_ep2) by extensions ['python_setup_py']
[0.378s] Level 1:colcon.colcon_core.package_identification:_identify(dataset/20251127_004443_Home2B_ep2) by extension 'python_setup_py'
[0.378s] Level 1:colcon.colcon_core.package_identification:_identify(dataset/20251127_004443_Home2B_ep2/images) by extensions ['ignore', 'ignore_ament_install']
[0.378s] Level 1:colcon.colcon_core.package_identification:_identify(dataset/20251127_004443_Home2B_ep2/images) by extension 'ignore'
[0.379s] Level 1:colcon.colcon_core.package_identification:_identify(dataset/20251127_004443_Home2B_ep2/images) by extension 'ignore_ament_install'
[0.379s] Level 1:colcon.colcon_core.package_identification:_identify(dataset/20251127_004443_Home2B_ep2/images) by extensions ['colcon_pkg']
[0.379s] Level 1:colcon.colcon_core.package_identification:_identify(dataset/20251127_004443_Home2B_ep2/images) by extension 'colcon_pkg'
[0.379s] Level 1:colcon.colcon_core.package_identification:_identify(dataset/20251127_004443_Home2B_ep2/images) by extensions ['colcon_meta']
[0.379s] Level 1:colcon.colcon_core.package_identification:_identify(dataset/20251127_004443_Home2B_ep2/images) by extension 'colcon_meta'
[0.379s] Level 1:colcon.colcon_core.package_identification:_identify(dataset/20251127_004443_Home2B_ep2/images) by extensions ['ros']
[0.379s] Level 1:colcon.colcon_core.package_identification:_identify(dataset/20251127_004443_Home2B_ep2/images) by extension 'ros'
[0.379s] Level 1:colcon.colcon_core.package_identification:_identify(dataset/20251127_004443_Home2B_ep2/images) by extensions ['cmake', 'python']
[0.379s] Level 1:colcon.colcon_core.package_identification:_identify(dataset/20251127_004443_Home2B_ep2/images) by extension 'cmake'
[0.379s] Level 1:colcon.colcon_core.package_identification:_identify(dataset/20251127_004443_Home2B_ep2/images) by extension 'python'
[0.379s] Level 1:colcon.colcon_core.package_identification:_identify(dataset/20251127_004443_Home2B_ep2/images) by extensions ['python_setup_py']
[0.379s] Level 1:colcon.colcon_core.package_identification:_identify(dataset/20251127_004443_Home2B_ep2/images) by extension 'python_setup_py'
[0.379s] Level 1:colcon.colcon_core.package_identification:_identify(dataset/20251127_004951_Home2B_ep3) by extensions ['ignore', 'ignore_ament_install']
[0.379s] Level 1:colcon.colcon_core.package_identification:_identify(dataset/20251127_004951_Home2B_ep3) by extension 'ignore'
[0.379s] Level 1:colcon.colcon_core.package_identification:_identify(dataset/20251127_004951_Home2B_ep3) by extension 'ignore_ament_install'
[0.379s] Level 1:colcon.colcon_core.package_identification:_identify(dataset/20251127_004951_Home2B_ep3) by extensions ['colcon_pkg']
[0.379s] Level 1:colcon.colcon_core.package_identification:_identify(dataset/20251127_004951_Home2B_ep3) by extension 'colcon_pkg'
[0.379s] Level 1:colcon.colcon_core.package_identification:_identify(dataset/20251127_004951_Home2B_ep3) by extensions ['colcon_meta']
[0.379s] Level 1:colcon.colcon_core.package_identification:_identify(dataset/20251127_004951_Home2B_ep3) by extension 'colcon_meta'
[0.379s] Level 1:colcon.colcon_core.package_identification:_identify(dataset/20251127_004951_Home2B_ep3) by extensions ['ros']
[0.379s] Level 1:colcon.colcon_core.package_identification:_identify(dataset/20251127_004951_Home2B_ep3) by extension 'ros'
[0.380s] Level 1:colcon.colcon_core.package_identification:_identify(dataset/20251127_004951_Home2B_ep3) by extensions ['cmake', 'python']
[0.380s] Level 1:colcon.colcon_core.package_identification:_identify(dataset/20251127_004951_Home2B_ep3) by extension 'cmake'
[0.380s] Level 1:colcon.colcon_core.package_identification:_identify(dataset/20251127_004951_Home2B_ep3) by extension 'python'
[0.380s] Level 1:colcon.colcon_core.package_identification:_identify(dataset/20251127_004951_Home2B_ep3) by extensions ['python_setup_py']
[0.380s] Level 1:colcon.colcon_core.package_identification:_identify(dataset/20251127_004951_Home2B_ep3) by extension 'python_setup_py'
[0.380s] Level 1:colcon.colcon_core.package_identification:_identify(dataset/20251127_004951_Home2B_ep3/images) by extensions ['ignore', 'ignore_ament_install']
[0.380s] Level 1:colcon.colcon_core.package_identification:_identify(dataset/20251127_004951_Home2B_ep3/images) by extension 'ignore'
[0.380s] Level 1:colcon.colcon_core.package_identification:_identify(dataset/20251127_004951_Home2B_ep3/images) by extension 'ignore_ament_install'
[0.380s] Level 1:colcon.colcon_core.package_identification:_identify(dataset/20251127_004951_Home2B_ep3/images) by extensions ['colcon_pkg']
[0.380s] Level 1:colcon.colcon_core.package_identification:_identify(dataset/20251127_004951_Home2B_ep3/images) by extension 'colcon_pkg'
[0.381s] Level 1:colcon.colcon_core.package_identification:_identify(dataset/20251127_004951_Home2B_ep3/images) by extensions ['colcon_meta']
[0.381s] Level 1:colcon.colcon_core.package_identification:_identify(dataset/20251127_004951_Home2B_ep3/images) by extension 'colcon_meta'
[0.381s] Level 1:colcon.colcon_core.package_identification:_identify(dataset/20251127_004951_Home2B_ep3/images) by extensions ['ros']
[0.381s] Level 1:colcon.colcon_core.package_identification:_identify(dataset/20251127_004951_Home2B_ep3/images) by extension 'ros'
[0.381s] Level 1:colcon.colcon_core.package_identification:_identify(dataset/20251127_004951_Home2B_ep3/images) by extensions ['cmake', 'python']
[0.381s] Level 1:colcon.colcon_core.package_identification:_identify(dataset/20251127_004951_Home2B_ep3/images) by extension 'cmake'
[0.381s] Level 1:colcon.colcon_core.package_identification:_identify(dataset/20251127_004951_Home2B_ep3/images) by extension 'python'
[0.381s] Level 1:colcon.colcon_core.package_identification:_identify(dataset/20251127_004951_Home2B_ep3/images) by extensions ['python_setup_py']
[0.381s] Level 1:colcon.colcon_core.package_identification:_identify(dataset/20251127_004951_Home2B_ep3/images) by extension 'python_setup_py'
[0.381s] Level 1:colcon.colcon_core.package_identification:_identify(dataset/20251127_005441_Home2B_ep4) by extensions ['ignore', 'ignore_ament_install']
[0.381s] Level 1:colcon.colcon_core.package_identification:_identify(dataset/20251127_005441_Home2B_ep4) by extension 'ignore'
[0.381s] Level 1:colcon.colcon_core.package_identification:_identify(dataset/20251127_005441_Home2B_ep4) by extension 'ignore_ament_install'
[0.381s] Level 1:colcon.colcon_core.package_identification:_identify(dataset/20251127_005441_Home2B_ep4) by extensions ['colcon_pkg']
[0.381s] Level 1:colcon.colcon_core.package_identification:_identify(dataset/20251127_005441_Home2B_ep4) by extension 'colcon_pkg'
[0.381s] Level 1:colcon.colcon_core.package_identification:_identify(dataset/20251127_005441_Home2B_ep4) by extensions ['colcon_meta']
[0.381s] Level 1:colcon.colcon_core.package_identification:_identify(dataset/20251127_005441_Home2B_ep4) by extension 'colcon_meta'
[0.381s] Level 1:colcon.colcon_core.package_identification:_identify(dataset/20251127_005441_Home2B_ep4) by extensions ['ros']
[0.381s] Level 1:colcon.colcon_core.package_identification:_identify(dataset/20251127_005441_Home2B_ep4) by extension 'ros'
[0.381s] Level 1:colcon.colcon_core.package_identification:_identify(dataset/20251127_005441_Home2B_ep4) by extensions ['cmake', 'python']
[0.381s] Level 1:colcon.colcon_core.package_identification:_identify(dataset/20251127_005441_Home2B_ep4) by extension 'cmake'
[0.381s] Level 1:colcon.colcon_core.package_identification:_identify(dataset/20251127_005441_Home2B_ep4) by extension 'python'
[0.381s] Level 1:colcon.colcon_core.package_identification:_identify(dataset/20251127_005441_Home2B_ep4) by extensions ['python_setup_py']
[0.382s] Level 1:colcon.colcon_core.package_identification:_identify(dataset/20251127_005441_Home2B_ep4) by extension 'python_setup_py'
[0.382s] Level 1:colcon.colcon_core.package_identification:_identify(dataset/20251127_005441_Home2B_ep4/images) by extensions ['ignore', 'ignore_ament_install']
[0.382s] Level 1:colcon.colcon_core.package_identification:_identify(dataset/20251127_005441_Home2B_ep4/images) by extension 'ignore'
[0.382s] Level 1:colcon.colcon_core.package_identification:_identify(dataset/20251127_005441_Home2B_ep4/images) by extension 'ignore_ament_install'
[0.382s] Level 1:colcon.colcon_core.package_identification:_identify(dataset/20251127_005441_Home2B_ep4/images) by extensions ['colcon_pkg']
[0.382s] Level 1:colcon.colcon_core.package_identification:_identify(dataset/20251127_005441_Home2B_ep4/images) by extension 'colcon_pkg'
[0.382s] Level 1:colcon.colcon_core.package_identification:_identify(dataset/20251127_005441_Home2B_ep4/images) by extensions ['colcon_meta']
[0.382s] Level 1:colcon.colcon_core.package_identification:_identify(dataset/20251127_005441_Home2B_ep4/images) by extension 'colcon_meta'
[0.382s] Level 1:colcon.colcon_core.package_identification:_identify(dataset/20251127_005441_Home2B_ep4/images) by extensions ['ros']
[0.382s] Level 1:colcon.colcon_core.package_identification:_identify(dataset/20251127_005441_Home2B_ep4/images) by extension 'ros'
[0.383s] Level 1:colcon.colcon_core.package_identification:_identify(dataset/20251127_005441_Home2B_ep4/images) by extensions ['cmake', 'python']
[0.383s] Level 1:colcon.colcon_core.package_identification:_identify(dataset/20251127_005441_Home2B_ep4/images) by extension 'cmake'
[0.383s] Level 1:colcon.colcon_core.package_identification:_identify(dataset/20251127_005441_Home2B_ep4/images) by extension 'python'
[0.383s] Level 1:colcon.colcon_core.package_identification:_identify(dataset/20251127_005441_Home2B_ep4/images) by extensions ['python_setup_py']
[0.383s] Level 1:colcon.colcon_core.package_identification:_identify(dataset/20251127_005441_Home2B_ep4/images) by extension 'python_setup_py'
[0.383s] Level 1:colcon.colcon_core.package_identification:_identify(dataset/20251127_005831_Home2B_ep5) by extensions ['ignore', 'ignore_ament_install']
[0.383s] Level 1:colcon.colcon_core.package_identification:_identify(dataset/20251127_005831_Home2B_ep5) by extension 'ignore'
[0.383s] Level 1:colcon.colcon_core.package_identification:_identify(dataset/20251127_005831_Home2B_ep5) by extension 'ignore_ament_install'
[0.383s] Level 1:colcon.colcon_core.package_identification:_identify(dataset/20251127_005831_Home2B_ep5) by extensions ['colcon_pkg']
[0.383s] Level 1:colcon.colcon_core.package_identification:_identify(dataset/20251127_005831_Home2B_ep5) by extension 'colcon_pkg'
[0.383s] Level 1:colcon.colcon_core.package_identification:_identify(dataset/20251127_005831_Home2B_ep5) by extensions ['colcon_meta']
[0.383s] Level 1:colcon.colcon_core.package_identification:_identify(dataset/20251127_005831_Home2B_ep5) by extension 'colcon_meta'
[0.383s] Level 1:colcon.colcon_core.package_identification:_identify(dataset/20251127_005831_Home2B_ep5) by extensions ['ros']
[0.383s] Level 1:colcon.colcon_core.package_identification:_identify(dataset/20251127_005831_Home2B_ep5) by extension 'ros'
[0.383s] Level 1:colcon.colcon_core.package_identification:_identify(dataset/20251127_005831_Home2B_ep5) by extensions ['cmake', 'python']
[0.383s] Level 1:colcon.colcon_core.package_identification:_identify(dataset/20251127_005831_Home2B_ep5) by extension 'cmake'
[0.383s] Level 1:colcon.colcon_core.package_identification:_identify(dataset/20251127_005831_Home2B_ep5) by extension 'python'
[0.383s] Level 1:colcon.colcon_core.package_identification:_identify(dataset/20251127_005831_Home2B_ep5) by extensions ['python_setup_py']
[0.383s] Level 1:colcon.colcon_core.package_identification:_identify(dataset/20251127_005831_Home2B_ep5) by extension 'python_setup_py'
[0.384s] Level 1:colcon.colcon_core.package_identification:_identify(dataset/20251127_005831_Home2B_ep5/images) by extensions ['ignore', 'ignore_ament_install']
[0.384s] Level 1:colcon.colcon_core.package_identification:_identify(dataset/20251127_005831_Home2B_ep5/images) by extension 'ignore'
[0.384s] Level 1:colcon.colcon_core.package_identification:_identify(dataset/20251127_005831_Home2B_ep5/images) by extension 'ignore_ament_install'
[0.384s] Level 1:colcon.colcon_core.package_identification:_identify(dataset/20251127_005831_Home2B_ep5/images) by extensions ['colcon_pkg']
[0.384s] Level 1:colcon.colcon_core.package_identification:_identify(dataset/20251127_005831_Home2B_ep5/images) by extension 'colcon_pkg'
[0.384s] Level 1:colcon.colcon_core.package_identification:_identify(dataset/20251127_005831_Home2B_ep5/images) by extensions ['colcon_meta']
[0.384s] Level 1:colcon.colcon_core.package_identification:_identify(dataset/20251127_005831_Home2B_ep5/images) by extension 'colcon_meta'
[0.384s] Level 1:colcon.colcon_core.package_identification:_identify(dataset/20251127_005831_Home2B_ep5/images) by extensions ['ros']
[0.384s] Level 1:colcon.colcon_core.package_identification:_identify(dataset/20251127_005831_Home2B_ep5/images) by extension 'ros'
[0.384s] Level 1:colcon.colcon_core.package_identification:_identify(dataset/20251127_005831_Home2B_ep5/images) by extensions ['cmake', 'python']
[0.384s] Level 1:colcon.colcon_core.package_identification:_identify(dataset/20251127_005831_Home2B_ep5/images) by extension 'cmake'
[0.384s] Level 1:colcon.colcon_core.package_identification:_identify(dataset/20251127_005831_Home2B_ep5/images) by extension 'python'
[0.384s] Level 1:colcon.colcon_core.package_identification:_identify(dataset/20251127_005831_Home2B_ep5/images) by extensions ['python_setup_py']
[0.384s] Level 1:colcon.colcon_core.package_identification:_identify(dataset/20251127_005831_Home2B_ep5/images) by extension 'python_setup_py'
[0.385s] Level 1:colcon.colcon_core.package_identification:_identify(dataset/20251127_010444_Home2B_ep6) by extensions ['ignore', 'ignore_ament_install']
[0.385s] Level 1:colcon.colcon_core.package_identification:_identify(dataset/20251127_010444_Home2B_ep6) by extension 'ignore'
[0.385s] Level 1:colcon.colcon_core.package_identification:_identify(dataset/20251127_010444_Home2B_ep6) by extension 'ignore_ament_install'
[0.385s] Level 1:colcon.colcon_core.package_identification:_identify(dataset/20251127_010444_Home2B_ep6) by extensions ['colcon_pkg']
[0.385s] Level 1:colcon.colcon_core.package_identification:_identify(dataset/20251127_010444_Home2B_ep6) by extension 'colcon_pkg'
[0.385s] Level 1:colcon.colcon_core.package_identification:_identify(dataset/20251127_010444_Home2B_ep6) by extensions ['colcon_meta']
[0.385s] Level 1:colcon.colcon_core.package_identification:_identify(dataset/20251127_010444_Home2B_ep6) by extension 'colcon_meta'
[0.385s] Level 1:colcon.colcon_core.package_identification:_identify(dataset/20251127_010444_Home2B_ep6) by extensions ['ros']
[0.385s] Level 1:colcon.colcon_core.package_identification:_identify(dataset/20251127_010444_Home2B_ep6) by extension 'ros'
[0.385s] Level 1:colcon.colcon_core.package_identification:_identify(dataset/20251127_010444_Home2B_ep6) by extensions ['cmake', 'python']
[0.385s] Level 1:colcon.colcon_core.package_identification:_identify(dataset/20251127_010444_Home2B_ep6) by extension 'cmake'
[0.385s] Level 1:colcon.colcon_core.package_identification:_identify(dataset/20251127_010444_Home2B_ep6) by extension 'python'
[0.385s] Level 1:colcon.colcon_core.package_identification:_identify(dataset/20251127_010444_Home2B_ep6) by extensions ['python_setup_py']
[0.385s] Level 1:colcon.colcon_core.package_identification:_identify(dataset/20251127_010444_Home2B_ep6) by extension 'python_setup_py'
[0.386s] Level 1:colcon.colcon_core.package_identification:_identify(dataset/20251127_010444_Home2B_ep6/images) by extensions ['ignore', 'ignore_ament_install']
[0.386s] Level 1:colcon.colcon_core.package_identification:_identify(dataset/20251127_010444_Home2B_ep6/images) by extension 'ignore'
[0.386s] Level 1:colcon.colcon_core.package_identification:_identify(dataset/20251127_010444_Home2B_ep6/images) by extension 'ignore_ament_install'
[0.386s] Level 1:colcon.colcon_core.package_identification:_identify(dataset/20251127_010444_Home2B_ep6/images) by extensions ['colcon_pkg']
[0.386s] Level 1:colcon.colcon_core.package_identification:_identify(dataset/20251127_010444_Home2B_ep6/images) by extension 'colcon_pkg'
[0.386s] Level 1:colcon.colcon_core.package_identification:_identify(dataset/20251127_010444_Home2B_ep6/images) by extensions ['colcon_meta']
[0.386s] Level 1:colcon.colcon_core.package_identification:_identify(dataset/20251127_010444_Home2B_ep6/images) by extension 'colcon_meta'
[0.386s] Level 1:colcon.colcon_core.package_identification:_identify(dataset/20251127_010444_Home2B_ep6/images) by extensions ['ros']
[0.386s] Level 1:colcon.colcon_core.package_identification:_identify(dataset/20251127_010444_Home2B_ep6/images) by extension 'ros'
[0.386s] Level 1:colcon.colcon_core.package_identification:_identify(dataset/20251127_010444_Home2B_ep6/images) by extensions ['cmake', 'python']
[0.386s] Level 1:colcon.colcon_core.package_identification:_identify(dataset/20251127_010444_Home2B_ep6/images) by extension 'cmake'
[0.386s] Level 1:colcon.colcon_core.package_identification:_identify(dataset/20251127_010444_Home2B_ep6/images) by extension 'python'
[0.386s] Level 1:colcon.colcon_core.package_identification:_identify(dataset/20251127_010444_Home2B_ep6/images) by extensions ['python_setup_py']
[0.386s] Level 1:colcon.colcon_core.package_identification:_identify(dataset/20251127_010444_Home2B_ep6/images) by extension 'python_setup_py'
[0.386s] Level 1:colcon.colcon_core.package_identification:_identify(dataset/20251127_011014_Home2B_ep7) by extensions ['ignore', 'ignore_ament_install']
[0.386s] Level 1:colcon.colcon_core.package_identification:_identify(dataset/20251127_011014_Home2B_ep7) by extension 'ignore'
[0.387s] Level 1:colcon.colcon_core.package_identification:_identify(dataset/20251127_011014_Home2B_ep7) by extension 'ignore_ament_install'
[0.387s] Level 1:colcon.colcon_core.package_identification:_identify(dataset/20251127_011014_Home2B_ep7) by extensions ['colcon_pkg']
[0.387s] Level 1:colcon.colcon_core.package_identification:_identify(dataset/20251127_011014_Home2B_ep7) by extension 'colcon_pkg'
[0.387s] Level 1:colcon.colcon_core.package_identification:_identify(dataset/20251127_011014_Home2B_ep7) by extensions ['colcon_meta']
[0.387s] Level 1:colcon.colcon_core.package_identification:_identify(dataset/20251127_011014_Home2B_ep7) by extension 'colcon_meta'
[0.387s] Level 1:colcon.colcon_core.package_identification:_identify(dataset/20251127_011014_Home2B_ep7) by extensions ['ros']
[0.387s] Level 1:colcon.colcon_core.package_identification:_identify(dataset/20251127_011014_Home2B_ep7) by extension 'ros'
[0.387s] Level 1:colcon.colcon_core.package_identification:_identify(dataset/20251127_011014_Home2B_ep7) by extensions ['cmake', 'python']
[0.387s] Level 1:colcon.colcon_core.package_identification:_identify(dataset/20251127_011014_Home2B_ep7) by extension 'cmake'
[0.387s] Level 1:colcon.colcon_core.package_identification:_identify(dataset/20251127_011014_Home2B_ep7) by extension 'python'
[0.387s] Level 1:colcon.colcon_core.package_identification:_identify(dataset/20251127_011014_Home2B_ep7) by extensions ['python_setup_py']
[0.387s] Level 1:colcon.colcon_core.package_identification:_identify(dataset/20251127_011014_Home2B_ep7) by extension 'python_setup_py'
[0.388s] Level 1:colcon.colcon_core.package_identification:_identify(dataset/20251127_011014_Home2B_ep7/images) by extensions ['ignore', 'ignore_ament_install']
[0.388s] Level 1:colcon.colcon_core.package_identification:_identify(dataset/20251127_011014_Home2B_ep7/images) by extension 'ignore'
[0.388s] Level 1:colcon.colcon_core.package_identification:_identify(dataset/20251127_011014_Home2B_ep7/images) by extension 'ignore_ament_install'
[0.388s] Level 1:colcon.colcon_core.package_identification:_identify(dataset/20251127_011014_Home2B_ep7/images) by extensions ['colcon_pkg']
[0.388s] Level 1:colcon.colcon_core.package_identification:_identify(dataset/20251127_011014_Home2B_ep7/images) by extension 'colcon_pkg'
[0.388s] Level 1:colcon.colcon_core.package_identification:_identify(dataset/20251127_011014_Home2B_ep7/images) by extensions ['colcon_meta']
[0.388s] Level 1:colcon.colcon_core.package_identification:_identify(dataset/20251127_011014_Home2B_ep7/images) by extension 'colcon_meta'
[0.388s] Level 1:colcon.colcon_core.package_identification:_identify(dataset/20251127_011014_Home2B_ep7/images) by extensions ['ros']
[0.388s] Level 1:colcon.colcon_core.package_identification:_identify(dataset/20251127_011014_Home2B_ep7/images) by extension 'ros'
[0.388s] Level 1:colcon.colcon_core.package_identification:_identify(dataset/20251127_011014_Home2B_ep7/images) by extensions ['cmake', 'python']
[0.388s] Level 1:colcon.colcon_core.package_identification:_identify(dataset/20251127_011014_Home2B_ep7/images) by extension 'cmake'
[0.388s] Level 1:colcon.colcon_core.package_identification:_identify(dataset/20251127_011014_Home2B_ep7/images) by extension 'python'
[0.388s] Level 1:colcon.colcon_core.package_identification:_identify(dataset/20251127_011014_Home2B_ep7/images) by extensions ['python_setup_py']
[0.388s] Level 1:colcon.colcon_core.package_identification:_identify(dataset/20251127_011014_Home2B_ep7/images) by extension 'python_setup_py'
[0.388s] Level 1:colcon.colcon_core.package_identification:_identify(dataset/20251215_014042_Home2B_ep8) by extensions ['ignore', 'ignore_ament_install']
[0.388s] Level 1:colcon.colcon_core.package_identification:_identify(dataset/20251215_014042_Home2B_ep8) by extension 'ignore'
[0.388s] Level 1:colcon.colcon_core.package_identification:_identify(dataset/20251215_014042_Home2B_ep8) by extension 'ignore_ament_install'
[0.388s] Level 1:colcon.colcon_core.package_identification:_identify(dataset/20251215_014042_Home2B_ep8) by extensions ['colcon_pkg']
[0.388s] Level 1:colcon.colcon_core.package_identification:_identify(dataset/20251215_014042_Home2B_ep8) by extension 'colcon_pkg'
[0.388s] Level 1:colcon.colcon_core.package_identification:_identify(dataset/20251215_014042_Home2B_ep8) by extensions ['colcon_meta']
[0.389s] Level 1:colcon.colcon_core.package_identification:_identify(dataset/20251215_014042_Home2B_ep8) by extension 'colcon_meta'
[0.389s] Level 1:colcon.colcon_core.package_identification:_identify(dataset/20251215_014042_Home2B_ep8) by extensions ['ros']
[0.389s] Level 1:colcon.colcon_core.package_identification:_identify(dataset/20251215_014042_Home2B_ep8) by extension 'ros'
[0.389s] Level 1:colcon.colcon_core.package_identification:_identify(dataset/20251215_014042_Home2B_ep8) by extensions ['cmake', 'python']
[0.389s] Level 1:colcon.colcon_core.package_identification:_identify(dataset/20251215_014042_Home2B_ep8) by extension 'cmake'
[0.389s] Level 1:colcon.colcon_core.package_identification:_identify(dataset/20251215_014042_Home2B_ep8) by extension 'python'
[0.389s] Level 1:colcon.colcon_core.package_identification:_identify(dataset/20251215_014042_Home2B_ep8) by extensions ['python_setup_py']
[0.389s] Level 1:colcon.colcon_core.package_identification:_identify(dataset/20251215_014042_Home2B_ep8) by extension 'python_setup_py'
[0.389s] Level 1:colcon.colcon_core.package_identification:_identify(dataset/20251215_014042_Home2B_ep8/images) by extensions ['ignore', 'ignore_ament_install']
[0.389s] Level 1:colcon.colcon_core.package_identification:_identify(dataset/20251215_014042_Home2B_ep8/images) by extension 'ignore'
[0.389s] Level 1:colcon.colcon_core.package_identification:_identify(dataset/20251215_014042_Home2B_ep8/images) by extension 'ignore_ament_install'
[0.390s] Level 1:colcon.colcon_core.package_identification:_identify(dataset/20251215_014042_Home2B_ep8/images) by extensions ['colcon_pkg']
[0.390s] Level 1:colcon.colcon_core.package_identification:_identify(dataset/20251215_014042_Home2B_ep8/images) by extension 'colcon_pkg'
[0.390s] Level 1:colcon.colcon_core.package_identification:_identify(dataset/20251215_014042_Home2B_ep8/images) by extensions ['colcon_meta']
[0.390s] Level 1:colcon.colcon_core.package_identification:_identify(dataset/20251215_014042_Home2B_ep8/images) by extension 'colcon_meta'
[0.390s] Level 1:colcon.colcon_core.package_identification:_identify(dataset/20251215_014042_Home2B_ep8/images) by extensions ['ros']
[0.390s] Level 1:colcon.colcon_core.package_identification:_identify(dataset/20251215_014042_Home2B_ep8/images) by extension 'ros'
[0.390s] Level 1:colcon.colcon_core.package_identification:_identify(dataset/20251215_014042_Home2B_ep8/images) by extensions ['cmake', 'python']
[0.390s] Level 1:colcon.colcon_core.package_identification:_identify(dataset/20251215_014042_Home2B_ep8/images) by extension 'cmake'
[0.390s] Level 1:colcon.colcon_core.package_identification:_identify(dataset/20251215_014042_Home2B_ep8/images) by extension 'python'
[0.390s] Level 1:colcon.colcon_core.package_identification:_identify(dataset/20251215_014042_Home2B_ep8/images) by extensions ['python_setup_py']
[0.390s] Level 1:colcon.colcon_core.package_identification:_identify(dataset/20251215_014042_Home2B_ep8/images) by extension 'python_setup_py'
[0.390s] Level 1:colcon.colcon_core.package_identification:_identify(dataset/20251215_014344_Home2B_ep9) by extensions ['ignore', 'ignore_ament_install']
[0.390s] Level 1:colcon.colcon_core.package_identification:_identify(dataset/20251215_014344_Home2B_ep9) by extension 'ignore'
[0.390s] Level 1:colcon.colcon_core.package_identification:_identify(dataset/20251215_014344_Home2B_ep9) by extension 'ignore_ament_install'
[0.390s] Level 1:colcon.colcon_core.package_identification:_identify(dataset/20251215_014344_Home2B_ep9) by extensions ['colcon_pkg']
[0.390s] Level 1:colcon.colcon_core.package_identification:_identify(dataset/20251215_014344_Home2B_ep9) by extension 'colcon_pkg'
[0.390s] Level 1:colcon.colcon_core.package_identification:_identify(dataset/20251215_014344_Home2B_ep9) by extensions ['colcon_meta']
[0.390s] Level 1:colcon.colcon_core.package_identification:_identify(dataset/20251215_014344_Home2B_ep9) by extension 'colcon_meta'
[0.390s] Level 1:colcon.colcon_core.package_identification:_identify(dataset/20251215_014344_Home2B_ep9) by extensions ['ros']
[0.390s] Level 1:colcon.colcon_core.package_identification:_identify(dataset/20251215_014344_Home2B_ep9) by extension 'ros'
[0.390s] Level 1:colcon.colcon_core.package_identification:_identify(dataset/20251215_014344_Home2B_ep9) by extensions ['cmake', 'python']
[0.391s] Level 1:colcon.colcon_core.package_identification:_identify(dataset/20251215_014344_Home2B_ep9) by extension 'cmake'
[0.391s] Level 1:colcon.colcon_core.package_identification:_identify(dataset/20251215_014344_Home2B_ep9) by extension 'python'
[0.391s] Level 1:colcon.colcon_core.package_identification:_identify(dataset/20251215_014344_Home2B_ep9) by extensions ['python_setup_py']
[0.391s] Level 1:colcon.colcon_core.package_identification:_identify(dataset/20251215_014344_Home2B_ep9) by extension 'python_setup_py'
[0.391s] Level 1:colcon.colcon_core.package_identification:_identify(dataset/20251215_014344_Home2B_ep9/images) by extensions ['ignore', 'ignore_ament_install']
[0.391s] Level 1:colcon.colcon_core.package_identification:_identify(dataset/20251215_014344_Home2B_ep9/images) by extension 'ignore'
[0.391s] Level 1:colcon.colcon_core.package_identification:_identify(dataset/20251215_014344_Home2B_ep9/images) by extension 'ignore_ament_install'
[0.391s] Level 1:colcon.colcon_core.package_identification:_identify(dataset/20251215_014344_Home2B_ep9/images) by extensions ['colcon_pkg']
[0.391s] Level 1:colcon.colcon_core.package_identification:_identify(dataset/20251215_014344_Home2B_ep9/images) by extension 'colcon_pkg'
[0.392s] Level 1:colcon.colcon_core.package_identification:_identify(dataset/20251215_014344_Home2B_ep9/images) by extensions ['colcon_meta']
[0.392s] Level 1:colcon.colcon_core.package_identification:_identify(dataset/20251215_014344_Home2B_ep9/images) by extension 'colcon_meta'
[0.392s] Level 1:colcon.colcon_core.package_identification:_identify(dataset/20251215_014344_Home2B_ep9/images) by extensions ['ros']
[0.392s] Level 1:colcon.colcon_core.package_identification:_identify(dataset/20251215_014344_Home2B_ep9/images) by extension 'ros'
[0.392s] Level 1:colcon.colcon_core.package_identification:_identify(dataset/20251215_014344_Home2B_ep9/images) by extensions ['cmake', 'python']
[0.392s] Level 1:colcon.colcon_core.package_identification:_identify(dataset/20251215_014344_Home2B_ep9/images) by extension 'cmake'
[0.392s] Level 1:colcon.colcon_core.package_identification:_identify(dataset/20251215_014344_Home2B_ep9/images) by extension 'python'
[0.392s] Level 1:colcon.colcon_core.package_identification:_identify(dataset/20251215_014344_Home2B_ep9/images) by extensions ['python_setup_py']
[0.392s] Level 1:colcon.colcon_core.package_identification:_identify(dataset/20251215_014344_Home2B_ep9/images) by extension 'python_setup_py'
[0.392s] Level 1:colcon.colcon_core.package_identification:_identify(dataset/20251215_014708_Home2B_ep10) by extensions ['ignore', 'ignore_ament_install']
[0.392s] Level 1:colcon.colcon_core.package_identification:_identify(dataset/20251215_014708_Home2B_ep10) by extension 'ignore'
[0.392s] Level 1:colcon.colcon_core.package_identification:_identify(dataset/20251215_014708_Home2B_ep10) by extension 'ignore_ament_install'
[0.392s] Level 1:colcon.colcon_core.package_identification:_identify(dataset/20251215_014708_Home2B_ep10) by extensions ['colcon_pkg']
[0.392s] Level 1:colcon.colcon_core.package_identification:_identify(dataset/20251215_014708_Home2B_ep10) by extension 'colcon_pkg'
[0.392s] Level 1:colcon.colcon_core.package_identification:_identify(dataset/20251215_014708_Home2B_ep10) by extensions ['colcon_meta']
[0.392s] Level 1:colcon.colcon_core.package_identification:_identify(dataset/20251215_014708_Home2B_ep10) by extension 'colcon_meta'
[0.392s] Level 1:colcon.colcon_core.package_identification:_identify(dataset/20251215_014708_Home2B_ep10) by extensions ['ros']
[0.392s] Level 1:colcon.colcon_core.package_identification:_identify(dataset/20251215_014708_Home2B_ep10) by extension 'ros'
[0.392s] Level 1:colcon.colcon_core.package_identification:_identify(dataset/20251215_014708_Home2B_ep10) by extensions ['cmake', 'python']
[0.393s] Level 1:colcon.colcon_core.package_identification:_identify(dataset/20251215_014708_Home2B_ep10) by extension 'cmake'
[0.393s] Level 1:colcon.colcon_core.package_identification:_identify(dataset/20251215_014708_Home2B_ep10) by extension 'python'
[0.393s] Level 1:colcon.colcon_core.package_identification:_identify(dataset/20251215_014708_Home2B_ep10) by extensions ['python_setup_py']
[0.393s] Level 1:colcon.colcon_core.package_identification:_identify(dataset/20251215_014708_Home2B_ep10) by extension 'python_setup_py'
[0.393s] Level 1:colcon.colcon_core.package_identification:_identify(dataset/20251215_014708_Home2B_ep10/images) by extensions ['ignore', 'ignore_ament_install']
[0.393s] Level 1:colcon.colcon_core.package_identification:_identify(dataset/20251215_014708_Home2B_ep10/images) by extension 'ignore'
[0.393s] Level 1:colcon.colcon_core.package_identification:_identify(dataset/20251215_014708_Home2B_ep10/images) by extension 'ignore_ament_install'
[0.394s] Level 1:colcon.colcon_core.package_identification:_identify(dataset/20251215_014708_Home2B_ep10/images) by extensions ['colcon_pkg']
[0.394s] Level 1:colcon.colcon_core.package_identification:_identify(dataset/20251215_014708_Home2B_ep10/images) by extension 'colcon_pkg'
[0.394s] Level 1:colcon.colcon_core.package_identification:_identify(dataset/20251215_014708_Home2B_ep10/images) by extensions ['colcon_meta']
[0.394s] Level 1:colcon.colcon_core.package_identification:_identify(dataset/20251215_014708_Home2B_ep10/images) by extension 'colcon_meta'
[0.394s] Level 1:colcon.colcon_core.package_identification:_identify(dataset/20251215_014708_Home2B_ep10/images) by extensions ['ros']
[0.394s] Level 1:colcon.colcon_core.package_identification:_identify(dataset/20251215_014708_Home2B_ep10/images) by extension 'ros'
[0.394s] Level 1:colcon.colcon_core.package_identification:_identify(dataset/20251215_014708_Home2B_ep10/images) by extensions ['cmake', 'python']
[0.394s] Level 1:colcon.colcon_core.package_identification:_identify(dataset/20251215_014708_Home2B_ep10/images) by extension 'cmake'
[0.394s] Level 1:colcon.colcon_core.package_identification:_identify(dataset/20251215_014708_Home2B_ep10/images) by extension 'python'
[0.394s] Level 1:colcon.colcon_core.package_identification:_identify(dataset/20251215_014708_Home2B_ep10/images) by extensions ['python_setup_py']
[0.394s] Level 1:colcon.colcon_core.package_identification:_identify(dataset/20251215_014708_Home2B_ep10/images) by extension 'python_setup_py'
[0.394s] Level 1:colcon.colcon_core.package_identification:_identify(dataset/20251215_015129_Home2B_ep11) by extensions ['ignore', 'ignore_ament_install']
[0.394s] Level 1:colcon.colcon_core.package_identification:_identify(dataset/20251215_015129_Home2B_ep11) by extension 'ignore'
[0.394s] Level 1:colcon.colcon_core.package_identification:_identify(dataset/20251215_015129_Home2B_ep11) by extension 'ignore_ament_install'
[0.394s] Level 1:colcon.colcon_core.package_identification:_identify(dataset/20251215_015129_Home2B_ep11) by extensions ['colcon_pkg']
[0.394s] Level 1:colcon.colcon_core.package_identification:_identify(dataset/20251215_015129_Home2B_ep11) by extension 'colcon_pkg'
[0.394s] Level 1:colcon.colcon_core.package_identification:_identify(dataset/20251215_015129_Home2B_ep11) by extensions ['colcon_meta']
[0.394s] Level 1:colcon.colcon_core.package_identification:_identify(dataset/20251215_015129_Home2B_ep11) by extension 'colcon_meta'
[0.394s] Level 1:colcon.colcon_core.package_identification:_identify(dataset/20251215_015129_Home2B_ep11) by extensions ['ros']
[0.395s] Level 1:colcon.colcon_core.package_identification:_identify(dataset/20251215_015129_Home2B_ep11) by extension 'ros'
[0.395s] Level 1:colcon.colcon_core.package_identification:_identify(dataset/20251215_015129_Home2B_ep11) by extensions ['cmake', 'python']
[0.395s] Level 1:colcon.colcon_core.package_identification:_identify(dataset/20251215_015129_Home2B_ep11) by extension 'cmake'
[0.395s] Level 1:colcon.colcon_core.package_identification:_identify(dataset/20251215_015129_Home2B_ep11) by extension 'python'
[0.395s] Level 1:colcon.colcon_core.package_identification:_identify(dataset/20251215_015129_Home2B_ep11) by extensions ['python_setup_py']
[0.395s] Level 1:colcon.colcon_core.package_identification:_identify(dataset/20251215_015129_Home2B_ep11) by extension 'python_setup_py'
[0.395s] Level 1:colcon.colcon_core.package_identification:_identify(dataset/20251215_015129_Home2B_ep11/images) by extensions ['ignore', 'ignore_ament_install']
[0.395s] Level 1:colcon.colcon_core.package_identification:_identify(dataset/20251215_015129_Home2B_ep11/images) by extension 'ignore'
[0.396s] Level 1:colcon.colcon_core.package_identification:_identify(dataset/20251215_015129_Home2B_ep11/images) by extension 'ignore_ament_install'
[0.396s] Level 1:colcon.colcon_core.package_identification:_identify(dataset/20251215_015129_Home2B_ep11/images) by extensions ['colcon_pkg']
[0.396s] Level 1:colcon.colcon_core.package_identification:_identify(dataset/20251215_015129_Home2B_ep11/images) by extension 'colcon_pkg'
[0.396s] Level 1:colcon.colcon_core.package_identification:_identify(dataset/20251215_015129_Home2B_ep11/images) by extensions ['colcon_meta']
[0.396s] Level 1:colcon.colcon_core.package_identification:_identify(dataset/20251215_015129_Home2B_ep11/images) by extension 'colcon_meta'
[0.396s] Level 1:colcon.colcon_core.package_identification:_identify(dataset/20251215_015129_Home2B_ep11/images) by extensions ['ros']
[0.396s] Level 1:colcon.colcon_core.package_identification:_identify(dataset/20251215_015129_Home2B_ep11/images) by extension 'ros'
[0.396s] Level 1:colcon.colcon_core.package_identification:_identify(dataset/20251215_015129_Home2B_ep11/images) by extensions ['cmake', 'python']
[0.396s] Level 1:colcon.colcon_core.package_identification:_identify(dataset/20251215_015129_Home2B_ep11/images) by extension 'cmake'
[0.396s] Level 1:colcon.colcon_core.package_identification:_identify(dataset/20251215_015129_Home2B_ep11/images) by extension 'python'
[0.396s] Level 1:colcon.colcon_core.package_identification:_identify(dataset/20251215_015129_Home2B_ep11/images) by extensions ['python_setup_py']
[0.396s] Level 1:colcon.colcon_core.package_identification:_identify(dataset/20251215_015129_Home2B_ep11/images) by extension 'python_setup_py'
[0.396s] Level 1:colcon.colcon_core.package_identification:_identify(dataset/20251215_015547_Home2B_ep12) by extensions ['ignore', 'ignore_ament_install']
[0.396s] Level 1:colcon.colcon_core.package_identification:_identify(dataset/20251215_015547_Home2B_ep12) by extension 'ignore'
[0.396s] Level 1:colcon.colcon_core.package_identification:_identify(dataset/20251215_015547_Home2B_ep12) by extension 'ignore_ament_install'
[0.396s] Level 1:colcon.colcon_core.package_identification:_identify(dataset/20251215_015547_Home2B_ep12) by extensions ['colcon_pkg']
[0.396s] Level 1:colcon.colcon_core.package_identification:_identify(dataset/20251215_015547_Home2B_ep12) by extension 'colcon_pkg'
[0.396s] Level 1:colcon.colcon_core.package_identification:_identify(dataset/20251215_015547_Home2B_ep12) by extensions ['colcon_meta']
[0.396s] Level 1:colcon.colcon_core.package_identification:_identify(dataset/20251215_015547_Home2B_ep12) by extension 'colcon_meta'
[0.397s] Level 1:colcon.colcon_core.package_identification:_identify(dataset/20251215_015547_Home2B_ep12) by extensions ['ros']
[0.397s] Level 1:colcon.colcon_core.package_identification:_identify(dataset/20251215_015547_Home2B_ep12) by extension 'ros'
[0.397s] Level 1:colcon.colcon_core.package_identification:_identify(dataset/20251215_015547_Home2B_ep12) by extensions ['cmake', 'python']
[0.397s] Level 1:colcon.colcon_core.package_identification:_identify(dataset/20251215_015547_Home2B_ep12) by extension 'cmake'
[0.397s] Level 1:colcon.colcon_core.package_identification:_identify(dataset/20251215_015547_Home2B_ep12) by extension 'python'
[0.397s] Level 1:colcon.colcon_core.package_identification:_identify(dataset/20251215_015547_Home2B_ep12) by extensions ['python_setup_py']
[0.397s] Level 1:colcon.colcon_core.package_identification:_identify(dataset/20251215_015547_Home2B_ep12) by extension 'python_setup_py'
[0.398s] Level 1:colcon.colcon_core.package_identification:_identify(dataset/20251215_015547_Home2B_ep12/images) by extensions ['ignore', 'ignore_ament_install']
[0.398s] Level 1:colcon.colcon_core.package_identification:_identify(dataset/20251215_015547_Home2B_ep12/images) by extension 'ignore'
[0.398s] Level 1:colcon.colcon_core.package_identification:_identify(dataset/20251215_015547_Home2B_ep12/images) by extension 'ignore_ament_install'
[0.398s] Level 1:colcon.colcon_core.package_identification:_identify(dataset/20251215_015547_Home2B_ep12/images) by extensions ['colcon_pkg']
[0.398s] Level 1:colcon.colcon_core.package_identification:_identify(dataset/20251215_015547_Home2B_ep12/images) by extension 'colcon_pkg'
[0.398s] Level 1:colcon.colcon_core.package_identification:_identify(dataset/20251215_015547_Home2B_ep12/images) by extensions ['colcon_meta']
[0.398s] Level 1:colcon.colcon_core.package_identification:_identify(dataset/20251215_015547_Home2B_ep12/images) by extension 'colcon_meta'
[0.398s] Level 1:colcon.colcon_core.package_identification:_identify(dataset/20251215_015547_Home2B_ep12/images) by extensions ['ros']
[0.398s] Level 1:colcon.colcon_core.package_identification:_identify(dataset/20251215_015547_Home2B_ep12/images) by extension 'ros'
[0.398s] Level 1:colcon.colcon_core.package_identification:_identify(dataset/20251215_015547_Home2B_ep12/images) by extensions ['cmake', 'python']
[0.398s] Level 1:colcon.colcon_core.package_identification:_identify(dataset/20251215_015547_Home2B_ep12/images) by extension 'cmake'
[0.398s] Level 1:colcon.colcon_core.package_identification:_identify(dataset/20251215_015547_Home2B_ep12/images) by extension 'python'
[0.398s] Level 1:colcon.colcon_core.package_identification:_identify(dataset/20251215_015547_Home2B_ep12/images) by extensions ['python_setup_py']
[0.398s] Level 1:colcon.colcon_core.package_identification:_identify(dataset/20251215_015547_Home2B_ep12/images) by extension 'python_setup_py'
[0.398s] Level 1:colcon.colcon_core.package_identification:_identify(dataset/20251215_015924_Home2B_ep13) by extensions ['ignore', 'ignore_ament_install']
[0.398s] Level 1:colcon.colcon_core.package_identification:_identify(dataset/20251215_015924_Home2B_ep13) by extension 'ignore'
[0.398s] Level 1:colcon.colcon_core.package_identification:_identify(dataset/20251215_015924_Home2B_ep13) by extension 'ignore_ament_install'
[0.398s] Level 1:colcon.colcon_core.package_identification:_identify(dataset/20251215_015924_Home2B_ep13) by extensions ['colcon_pkg']
[0.399s] Level 1:colcon.colcon_core.package_identification:_identify(dataset/20251215_015924_Home2B_ep13) by extension 'colcon_pkg'
[0.399s] Level 1:colcon.colcon_core.package_identification:_identify(dataset/20251215_015924_Home2B_ep13) by extensions ['colcon_meta']
[0.399s] Level 1:colcon.colcon_core.package_identification:_identify(dataset/20251215_015924_Home2B_ep13) by extension 'colcon_meta'
[0.399s] Level 1:colcon.colcon_core.package_identification:_identify(dataset/20251215_015924_Home2B_ep13) by extensions ['ros']
[0.399s] Level 1:colcon.colcon_core.package_identification:_identify(dataset/20251215_015924_Home2B_ep13) by extension 'ros'
[0.399s] Level 1:colcon.colcon_core.package_identification:_identify(dataset/20251215_015924_Home2B_ep13) by extensions ['cmake', 'python']
[0.399s] Level 1:colcon.colcon_core.package_identification:_identify(dataset/20251215_015924_Home2B_ep13) by extension 'cmake'
[0.399s] Level 1:colcon.colcon_core.package_identification:_identify(dataset/20251215_015924_Home2B_ep13) by extension 'python'
[0.399s] Level 1:colcon.colcon_core.package_identification:_identify(dataset/20251215_015924_Home2B_ep13) by extensions ['python_setup_py']
[0.399s] Level 1:colcon.colcon_core.package_identification:_identify(dataset/20251215_015924_Home2B_ep13) by extension 'python_setup_py'
[0.399s] Level 1:colcon.colcon_core.package_identification:_identify(dataset/20251215_015924_Home2B_ep13/images) by extensions ['ignore', 'ignore_ament_install']
[0.400s] Level 1:colcon.colcon_core.package_identification:_identify(dataset/20251215_015924_Home2B_ep13/images) by extension 'ignore'
[0.400s] Level 1:colcon.colcon_core.package_identification:_identify(dataset/20251215_015924_Home2B_ep13/images) by extension 'ignore_ament_install'
[0.400s] Level 1:colcon.colcon_core.package_identification:_identify(dataset/20251215_015924_Home2B_ep13/images) by extensions ['colcon_pkg']
[0.400s] Level 1:colcon.colcon_core.package_identification:_identify(dataset/20251215_015924_Home2B_ep13/images) by extension 'colcon_pkg'
[0.400s] Level 1:colcon.colcon_core.package_identification:_identify(dataset/20251215_015924_Home2B_ep13/images) by extensions ['colcon_meta']
[0.400s] Level 1:colcon.colcon_core.package_identification:_identify(dataset/20251215_015924_Home2B_ep13/images) by extension 'colcon_meta'
[0.400s] Level 1:colcon.colcon_core.package_identification:_identify(dataset/20251215_015924_Home2B_ep13/images) by extensions ['ros']
[0.400s] Level 1:colcon.colcon_core.package_identification:_identify(dataset/20251215_015924_Home2B_ep13/images) by extension 'ros'
[0.400s] Level 1:colcon.colcon_core.package_identification:_identify(dataset/20251215_015924_Home2B_ep13/images) by extensions ['cmake', 'python']
[0.400s] Level 1:colcon.colcon_core.package_identification:_identify(dataset/20251215_015924_Home2B_ep13/images) by extension 'cmake'
[0.400s] Level 1:colcon.colcon_core.package_identification:_identify(dataset/20251215_015924_Home2B_ep13/images) by extension 'python'
[0.400s] Level 1:colcon.colcon_core.package_identification:_identify(dataset/20251215_015924_Home2B_ep13/images) by extensions ['python_setup_py']
[0.400s] Level 1:colcon.colcon_core.package_identification:_identify(dataset/20251215_015924_Home2B_ep13/images) by extension 'python_setup_py'
[0.400s] Level 1:colcon.colcon_core.package_identification:_identify(dataset/20251215_020254_Home2B_ep14) by extensions ['ignore', 'ignore_ament_install']
[0.400s] Level 1:colcon.colcon_core.package_identification:_identify(dataset/20251215_020254_Home2B_ep14) by extension 'ignore'
[0.400s] Level 1:colcon.colcon_core.package_identification:_identify(dataset/20251215_020254_Home2B_ep14) by extension 'ignore_ament_install'
[0.400s] Level 1:colcon.colcon_core.package_identification:_identify(dataset/20251215_020254_Home2B_ep14) by extensions ['colcon_pkg']
[0.400s] Level 1:colcon.colcon_core.package_identification:_identify(dataset/20251215_020254_Home2B_ep14) by extension 'colcon_pkg'
[0.400s] Level 1:colcon.colcon_core.package_identification:_identify(dataset/20251215_020254_Home2B_ep14) by extensions ['colcon_meta']
[0.400s] Level 1:colcon.colcon_core.package_identification:_identify(dataset/20251215_020254_Home2B_ep14) by extension 'colcon_meta'
[0.400s] Level 1:colcon.colcon_core.package_identification:_identify(dataset/20251215_020254_Home2B_ep14) by extensions ['ros']
[0.400s] Level 1:colcon.colcon_core.package_identification:_identify(dataset/20251215_020254_Home2B_ep14) by extension 'ros'
[0.401s] Level 1:colcon.colcon_core.package_identification:_identify(dataset/20251215_020254_Home2B_ep14) by extensions ['cmake', 'python']
[0.401s] Level 1:colcon.colcon_core.package_identification:_identify(dataset/20251215_020254_Home2B_ep14) by extension 'cmake'
[0.401s] Level 1:colcon.colcon_core.package_identification:_identify(dataset/20251215_020254_Home2B_ep14) by extension 'python'
[0.401s] Level 1:colcon.colcon_core.package_identification:_identify(dataset/20251215_020254_Home2B_ep14) by extensions ['python_setup_py']
[0.401s] Level 1:colcon.colcon_core.package_identification:_identify(dataset/20251215_020254_Home2B_ep14) by extension 'python_setup_py'
[0.401s] Level 1:colcon.colcon_core.package_identification:_identify(dataset/20251215_020254_Home2B_ep14/images) by extensions ['ignore', 'ignore_ament_install']
[0.401s] Level 1:colcon.colcon_core.package_identification:_identify(dataset/20251215_020254_Home2B_ep14/images) by extension 'ignore'
[0.401s] Level 1:colcon.colcon_core.package_identification:_identify(dataset/20251215_020254_Home2B_ep14/images) by extension 'ignore_ament_install'
[0.401s] Level 1:colcon.colcon_core.package_identification:_identify(dataset/20251215_020254_Home2B_ep14/images) by extensions ['colcon_pkg']
[0.401s] Level 1:colcon.colcon_core.package_identification:_identify(dataset/20251215_020254_Home2B_ep14/images) by extension 'colcon_pkg'
[0.401s] Level 1:colcon.colcon_core.package_identification:_identify(dataset/20251215_020254_Home2B_ep14/images) by extensions ['colcon_meta']
[0.401s] Level 1:colcon.colcon_core.package_identification:_identify(dataset/20251215_020254_Home2B_ep14/images) by extension 'colcon_meta'
[0.402s] Level 1:colcon.colcon_core.package_identification:_identify(dataset/20251215_020254_Home2B_ep14/images) by extensions ['ros']
[0.402s] Level 1:colcon.colcon_core.package_identification:_identify(dataset/20251215_020254_Home2B_ep14/images) by extension 'ros'
[0.402s] Level 1:colcon.colcon_core.package_identification:_identify(dataset/20251215_020254_Home2B_ep14/images) by extensions ['cmake', 'python']
[0.402s] Level 1:colcon.colcon_core.package_identification:_identify(dataset/20251215_020254_Home2B_ep14/images) by extension 'cmake'
[0.402s] Level 1:colcon.colcon_core.package_identification:_identify(dataset/20251215_020254_Home2B_ep14/images) by extension 'python'
[0.402s] Level 1:colcon.colcon_core.package_identification:_identify(dataset/20251215_020254_Home2B_ep14/images) by extensions ['python_setup_py']
[0.402s] Level 1:colcon.colcon_core.package_identification:_identify(dataset/20251215_020254_Home2B_ep14/images) by extension 'python_setup_py'
[0.402s] Level 1:colcon.colcon_core.package_identification:_identify(dataset/20251215_020643_Home2B_ep15) by extensions ['ignore', 'ignore_ament_install']
[0.402s] Level 1:colcon.colcon_core.package_identification:_identify(dataset/20251215_020643_Home2B_ep15) by extension 'ignore'
[0.402s] Level 1:colcon.colcon_core.package_identification:_identify(dataset/20251215_020643_Home2B_ep15) by extension 'ignore_ament_install'
[0.402s] Level 1:colcon.colcon_core.package_identification:_identify(dataset/20251215_020643_Home2B_ep15) by extensions ['colcon_pkg']
[0.402s] Level 1:colcon.colcon_core.package_identification:_identify(dataset/20251215_020643_Home2B_ep15) by extension 'colcon_pkg'
[0.402s] Level 1:colcon.colcon_core.package_identification:_identify(dataset/20251215_020643_Home2B_ep15) by extensions ['colcon_meta']
[0.402s] Level 1:colcon.colcon_core.package_identification:_identify(dataset/20251215_020643_Home2B_ep15) by extension 'colcon_meta'
[0.402s] Level 1:colcon.colcon_core.package_identification:_identify(dataset/20251215_020643_Home2B_ep15) by extensions ['ros']
[0.402s] Level 1:colcon.colcon_core.package_identification:_identify(dataset/20251215_020643_Home2B_ep15) by extension 'ros'
[0.402s] Level 1:colcon.colcon_core.package_identification:_identify(dataset/20251215_020643_Home2B_ep15) by extensions ['cmake', 'python']
[0.402s] Level 1:colcon.colcon_core.package_identification:_identify(dataset/20251215_020643_Home2B_ep15) by extension 'cmake'
[0.402s] Level 1:colcon.colcon_core.package_identification:_identify(dataset/20251215_020643_Home2B_ep15) by extension 'python'
[0.402s] Level 1:colcon.colcon_core.package_identification:_identify(dataset/20251215_020643_Home2B_ep15) by extensions ['python_setup_py']
[0.402s] Level 1:colcon.colcon_core.package_identification:_identify(dataset/20251215_020643_Home2B_ep15) by extension 'python_setup_py'
[0.403s] Level 1:colcon.colcon_core.package_identification:_identify(dataset/20251215_020643_Home2B_ep15/images) by extensions ['ignore', 'ignore_ament_install']
[0.403s] Level 1:colcon.colcon_core.package_identification:_identify(dataset/20251215_020643_Home2B_ep15/images) by extension 'ignore'
[0.403s] Level 1:colcon.colcon_core.package_identification:_identify(dataset/20251215_020643_Home2B_ep15/images) by extension 'ignore_ament_install'
[0.403s] Level 1:colcon.colcon_core.package_identification:_identify(dataset/20251215_020643_Home2B_ep15/images) by extensions ['colcon_pkg']
[0.403s] Level 1:colcon.colcon_core.package_identification:_identify(dataset/20251215_020643_Home2B_ep15/images) by extension 'colcon_pkg'
[0.403s] Level 1:colcon.colcon_core.package_identification:_identify(dataset/20251215_020643_Home2B_ep15/images) by extensions ['colcon_meta']
[0.403s] Level 1:colcon.colcon_core.package_identification:_identify(dataset/20251215_020643_Home2B_ep15/images) by extension 'colcon_meta'
[0.403s] Level 1:colcon.colcon_core.package_identification:_identify(dataset/20251215_020643_Home2B_ep15/images) by extensions ['ros']
[0.403s] Level 1:colcon.colcon_core.package_identification:_identify(dataset/20251215_020643_Home2B_ep15/images) by extension 'ros'
[0.403s] Level 1:colcon.colcon_core.package_identification:_identify(dataset/20251215_020643_Home2B_ep15/images) by extensions ['cmake', 'python']
[0.403s] Level 1:colcon.colcon_core.package_identification:_identify(dataset/20251215_020643_Home2B_ep15/images) by extension 'cmake'
[0.403s] Level 1:colcon.colcon_core.package_identification:_identify(dataset/20251215_020643_Home2B_ep15/images) by extension 'python'
[0.403s] Level 1:colcon.colcon_core.package_identification:_identify(dataset/20251215_020643_Home2B_ep15/images) by extensions ['python_setup_py']
[0.404s] Level 1:colcon.colcon_core.package_identification:_identify(dataset/20251215_020643_Home2B_ep15/images) by extension 'python_setup_py'
[0.404s] Level 1:colcon.colcon_core.package_identification:_identify(dataset/20251215_020934_Home2B_ep16) by extensions ['ignore', 'ignore_ament_install']
[0.404s] Level 1:colcon.colcon_core.package_identification:_identify(dataset/20251215_020934_Home2B_ep16) by extension 'ignore'
[0.404s] Level 1:colcon.colcon_core.package_identification:_identify(dataset/20251215_020934_Home2B_ep16) by extension 'ignore_ament_install'
[0.404s] Level 1:colcon.colcon_core.package_identification:_identify(dataset/20251215_020934_Home2B_ep16) by extensions ['colcon_pkg']
[0.404s] Level 1:colcon.colcon_core.package_identification:_identify(dataset/20251215_020934_Home2B_ep16) by extension 'colcon_pkg'
[0.404s] Level 1:colcon.colcon_core.package_identification:_identify(dataset/20251215_020934_Home2B_ep16) by extensions ['colcon_meta']
[0.404s] Level 1:colcon.colcon_core.package_identification:_identify(dataset/20251215_020934_Home2B_ep16) by extension 'colcon_meta'
[0.404s] Level 1:colcon.colcon_core.package_identification:_identify(dataset/20251215_020934_Home2B_ep16) by extensions ['ros']
[0.404s] Level 1:colcon.colcon_core.package_identification:_identify(dataset/20251215_020934_Home2B_ep16) by extension 'ros'
[0.404s] Level 1:colcon.colcon_core.package_identification:_identify(dataset/20251215_020934_Home2B_ep16) by extensions ['cmake', 'python']
[0.404s] Level 1:colcon.colcon_core.package_identification:_identify(dataset/20251215_020934_Home2B_ep16) by extension 'cmake'
[0.404s] Level 1:colcon.colcon_core.package_identification:_identify(dataset/20251215_020934_Home2B_ep16) by extension 'python'
[0.404s] Level 1:colcon.colcon_core.package_identification:_identify(dataset/20251215_020934_Home2B_ep16) by extensions ['python_setup_py']
[0.404s] Level 1:colcon.colcon_core.package_identification:_identify(dataset/20251215_020934_Home2B_ep16) by extension 'python_setup_py'
[0.405s] Level 1:colcon.colcon_core.package_identification:_identify(dataset/20251215_020934_Home2B_ep16/images) by extensions ['ignore', 'ignore_ament_install']
[0.405s] Level 1:colcon.colcon_core.package_identification:_identify(dataset/20251215_020934_Home2B_ep16/images) by extension 'ignore'
[0.405s] Level 1:colcon.colcon_core.package_identification:_identify(dataset/20251215_020934_Home2B_ep16/images) by extension 'ignore_ament_install'
[0.405s] Level 1:colcon.colcon_core.package_identification:_identify(dataset/20251215_020934_Home2B_ep16/images) by extensions ['colcon_pkg']
[0.405s] Level 1:colcon.colcon_core.package_identification:_identify(dataset/20251215_020934_Home2B_ep16/images) by extension 'colcon_pkg'
[0.405s] Level 1:colcon.colcon_core.package_identification:_identify(dataset/20251215_020934_Home2B_ep16/images) by extensions ['colcon_meta']
[0.405s] Level 1:colcon.colcon_core.package_identification:_identify(dataset/20251215_020934_Home2B_ep16/images) by extension 'colcon_meta'
[0.405s] Level 1:colcon.colcon_core.package_identification:_identify(dataset/20251215_020934_Home2B_ep16/images) by extensions ['ros']
[0.405s] Level 1:colcon.colcon_core.package_identification:_identify(dataset/20251215_020934_Home2B_ep16/images) by extension 'ros'
[0.405s] Level 1:colcon.colcon_core.package_identification:_identify(dataset/20251215_020934_Home2B_ep16/images) by extensions ['cmake', 'python']
[0.405s] Level 1:colcon.colcon_core.package_identification:_identify(dataset/20251215_020934_Home2B_ep16/images) by extension 'cmake'
[0.405s] Level 1:colcon.colcon_core.package_identification:_identify(dataset/20251215_020934_Home2B_ep16/images) by extension 'python'
[0.405s] Level 1:colcon.colcon_core.package_identification:_identify(dataset/20251215_020934_Home2B_ep16/images) by extensions ['python_setup_py']
[0.405s] Level 1:colcon.colcon_core.package_identification:_identify(dataset/20251215_020934_Home2B_ep16/images) by extension 'python_setup_py'
[0.405s] Level 1:colcon.colcon_core.package_identification:_identify(dataset/20251215_021221_Home2B_ep17) by extensions ['ignore', 'ignore_ament_install']
[0.406s] Level 1:colcon.colcon_core.package_identification:_identify(dataset/20251215_021221_Home2B_ep17) by extension 'ignore'
[0.406s] Level 1:colcon.colcon_core.package_identification:_identify(dataset/20251215_021221_Home2B_ep17) by extension 'ignore_ament_install'
[0.406s] Level 1:colcon.colcon_core.package_identification:_identify(dataset/20251215_021221_Home2B_ep17) by extensions ['colcon_pkg']
[0.406s] Level 1:colcon.colcon_core.package_identification:_identify(dataset/20251215_021221_Home2B_ep17) by extension 'colcon_pkg'
[0.406s] Level 1:colcon.colcon_core.package_identification:_identify(dataset/20251215_021221_Home2B_ep17) by extensions ['colcon_meta']
[0.406s] Level 1:colcon.colcon_core.package_identification:_identify(dataset/20251215_021221_Home2B_ep17) by extension 'colcon_meta'
[0.406s] Level 1:colcon.colcon_core.package_identification:_identify(dataset/20251215_021221_Home2B_ep17) by extensions ['ros']
[0.406s] Level 1:colcon.colcon_core.package_identification:_identify(dataset/20251215_021221_Home2B_ep17) by extension 'ros'
[0.406s] Level 1:colcon.colcon_core.package_identification:_identify(dataset/20251215_021221_Home2B_ep17) by extensions ['cmake', 'python']
[0.406s] Level 1:colcon.colcon_core.package_identification:_identify(dataset/20251215_021221_Home2B_ep17) by extension 'cmake'
[0.406s] Level 1:colcon.colcon_core.package_identification:_identify(dataset/20251215_021221_Home2B_ep17) by extension 'python'
[0.406s] Level 1:colcon.colcon_core.package_identification:_identify(dataset/20251215_021221_Home2B_ep17) by extensions ['python_setup_py']
[0.406s] Level 1:colcon.colcon_core.package_identification:_identify(dataset/20251215_021221_Home2B_ep17) by extension 'python_setup_py'
[0.406s] Level 1:colcon.colcon_core.package_identification:_identify(dataset/20251215_021221_Home2B_ep17/images) by extensions ['ignore', 'ignore_ament_install']
[0.407s] Level 1:colcon.colcon_core.package_identification:_identify(dataset/20251215_021221_Home2B_ep17/images) by extension 'ignore'
[0.407s] Level 1:colcon.colcon_core.package_identification:_identify(dataset/20251215_021221_Home2B_ep17/images) by extension 'ignore_ament_install'
[0.407s] Level 1:colcon.colcon_core.package_identification:_identify(dataset/20251215_021221_Home2B_ep17/images) by extensions ['colcon_pkg']
[0.407s] Level 1:colcon.colcon_core.package_identification:_identify(dataset/20251215_021221_Home2B_ep17/images) by extension 'colcon_pkg'
[0.407s] Level 1:colcon.colcon_core.package_identification:_identify(dataset/20251215_021221_Home2B_ep17/images) by extensions ['colcon_meta']
[0.407s] Level 1:colcon.colcon_core.package_identification:_identify(dataset/20251215_021221_Home2B_ep17/images) by extension 'colcon_meta'
[0.407s] Level 1:colcon.colcon_core.package_identification:_identify(dataset/20251215_021221_Home2B_ep17/images) by extensions ['ros']
[0.407s] Level 1:colcon.colcon_core.package_identification:_identify(dataset/20251215_021221_Home2B_ep17/images) by extension 'ros'
[0.407s] Level 1:colcon.colcon_core.package_identification:_identify(dataset/20251215_021221_Home2B_ep17/images) by extensions ['cmake', 'python']
[0.407s] Level 1:colcon.colcon_core.package_identification:_identify(dataset/20251215_021221_Home2B_ep17/images) by extension 'cmake'
[0.407s] Level 1:colcon.colcon_core.package_identification:_identify(dataset/20251215_021221_Home2B_ep17/images) by extension 'python'
[0.407s] Level 1:colcon.colcon_core.package_identification:_identify(dataset/20251215_021221_Home2B_ep17/images) by extensions ['python_setup_py']
[0.407s] Level 1:colcon.colcon_core.package_identification:_identify(dataset/20251215_021221_Home2B_ep17/images) by extension 'python_setup_py'
[0.408s] Level 1:colcon.colcon_core.package_identification:_identify(dataset/20251215_021818_Home2B_ep18) by extensions ['ignore', 'ignore_ament_install']
[0.408s] Level 1:colcon.colcon_core.package_identification:_identify(dataset/20251215_021818_Home2B_ep18) by extension 'ignore'
[0.408s] Level 1:colcon.colcon_core.package_identification:_identify(dataset/20251215_021818_Home2B_ep18) by extension 'ignore_ament_install'
[0.408s] Level 1:colcon.colcon_core.package_identification:_identify(dataset/20251215_021818_Home2B_ep18) by extensions ['colcon_pkg']
[0.408s] Level 1:colcon.colcon_core.package_identification:_identify(dataset/20251215_021818_Home2B_ep18) by extension 'colcon_pkg'
[0.408s] Level 1:colcon.colcon_core.package_identification:_identify(dataset/20251215_021818_Home2B_ep18) by extensions ['colcon_meta']
[0.408s] Level 1:colcon.colcon_core.package_identification:_identify(dataset/20251215_021818_Home2B_ep18) by extension 'colcon_meta'
[0.408s] Level 1:colcon.colcon_core.package_identification:_identify(dataset/20251215_021818_Home2B_ep18) by extensions ['ros']
[0.408s] Level 1:colcon.colcon_core.package_identification:_identify(dataset/20251215_021818_Home2B_ep18) by extension 'ros'
[0.408s] Level 1:colcon.colcon_core.package_identification:_identify(dataset/20251215_021818_Home2B_ep18) by extensions ['cmake', 'python']
[0.408s] Level 1:colcon.colcon_core.package_identification:_identify(dataset/20251215_021818_Home2B_ep18) by extension 'cmake'
[0.408s] Level 1:colcon.colcon_core.package_identification:_identify(dataset/20251215_021818_Home2B_ep18) by extension 'python'
[0.408s] Level 1:colcon.colcon_core.package_identification:_identify(dataset/20251215_021818_Home2B_ep18) by extensions ['python_setup_py']
[0.408s] Level 1:colcon.colcon_core.package_identification:_identify(dataset/20251215_021818_Home2B_ep18) by extension 'python_setup_py'
[0.409s] Level 1:colcon.colcon_core.package_identification:_identify(dataset/20251215_021818_Home2B_ep18/images) by extensions ['ignore', 'ignore_ament_install']
[0.409s] Level 1:colcon.colcon_core.package_identification:_identify(dataset/20251215_021818_Home2B_ep18/images) by extension 'ignore'
[0.409s] Level 1:colcon.colcon_core.package_identification:_identify(dataset/20251215_021818_Home2B_ep18/images) by extension 'ignore_ament_install'
[0.409s] Level 1:colcon.colcon_core.package_identification:_identify(dataset/20251215_021818_Home2B_ep18/images) by extensions ['colcon_pkg']
[0.409s] Level 1:colcon.colcon_core.package_identification:_identify(dataset/20251215_021818_Home2B_ep18/images) by extension 'colcon_pkg'
[0.409s] Level 1:colcon.colcon_core.package_identification:_identify(dataset/20251215_021818_Home2B_ep18/images) by extensions ['colcon_meta']
[0.409s] Level 1:colcon.colcon_core.package_identification:_identify(dataset/20251215_021818_Home2B_ep18/images) by extension 'colcon_meta'
[0.409s] Level 1:colcon.colcon_core.package_identification:_identify(dataset/20251215_021818_Home2B_ep18/images) by extensions ['ros']
[0.409s] Level 1:colcon.colcon_core.package_identification:_identify(dataset/20251215_021818_Home2B_ep18/images) by extension 'ros'
[0.410s] Level 1:colcon.colcon_core.package_identification:_identify(dataset/20251215_021818_Home2B_ep18/images) by extensions ['cmake', 'python']
[0.410s] Level 1:colcon.colcon_core.package_identification:_identify(dataset/20251215_021818_Home2B_ep18/images) by extension 'cmake'
[0.410s] Level 1:colcon.colcon_core.package_identification:_identify(dataset/20251215_021818_Home2B_ep18/images) by extension 'python'
[0.410s] Level 1:colcon.colcon_core.package_identification:_identify(dataset/20251215_021818_Home2B_ep18/images) by extensions ['python_setup_py']
[0.410s] Level 1:colcon.colcon_core.package_identification:_identify(dataset/20251215_021818_Home2B_ep18/images) by extension 'python_setup_py'
[0.410s] Level 1:colcon.colcon_core.package_identification:_identify(dataset/20251215_022119_Home2B_ep19) by extensions ['ignore', 'ignore_ament_install']
[0.410s] Level 1:colcon.colcon_core.package_identification:_identify(dataset/20251215_022119_Home2B_ep19) by extension 'ignore'
[0.410s] Level 1:colcon.colcon_core.package_identification:_identify(dataset/20251215_022119_Home2B_ep19) by extension 'ignore_ament_install'
[0.410s] Level 1:colcon.colcon_core.package_identification:_identify(dataset/20251215_022119_Home2B_ep19) by extensions ['colcon_pkg']
[0.410s] Level 1:colcon.colcon_core.package_identification:_identify(dataset/20251215_022119_Home2B_ep19) by extension 'colcon_pkg'
[0.410s] Level 1:colcon.colcon_core.package_identification:_identify(dataset/20251215_022119_Home2B_ep19) by extensions ['colcon_meta']
[0.410s] Level 1:colcon.colcon_core.package_identification:_identify(dataset/20251215_022119_Home2B_ep19) by extension 'colcon_meta'
[0.410s] Level 1:colcon.colcon_core.package_identification:_identify(dataset/20251215_022119_Home2B_ep19) by extensions ['ros']
[0.410s] Level 1:colcon.colcon_core.package_identification:_identify(dataset/20251215_022119_Home2B_ep19) by extension 'ros'
[0.410s] Level 1:colcon.colcon_core.package_identification:_identify(dataset/20251215_022119_Home2B_ep19) by extensions ['cmake', 'python']
[0.411s] Level 1:colcon.colcon_core.package_identification:_identify(dataset/20251215_022119_Home2B_ep19) by extension 'cmake'
[0.411s] Level 1:colcon.colcon_core.package_identification:_identify(dataset/20251215_022119_Home2B_ep19) by extension 'python'
[0.411s] Level 1:colcon.colcon_core.package_identification:_identify(dataset/20251215_022119_Home2B_ep19) by extensions ['python_setup_py']
[0.411s] Level 1:colcon.colcon_core.package_identification:_identify(dataset/20251215_022119_Home2B_ep19) by extension 'python_setup_py'
[0.411s] Level 1:colcon.colcon_core.package_identification:_identify(dataset/20251215_022119_Home2B_ep19/images) by extensions ['ignore', 'ignore_ament_install']
[0.411s] Level 1:colcon.colcon_core.package_identification:_identify(dataset/20251215_022119_Home2B_ep19/images) by extension 'ignore'
[0.412s] Level 1:colcon.colcon_core.package_identification:_identify(dataset/20251215_022119_Home2B_ep19/images) by extension 'ignore_ament_install'
[0.412s] Level 1:colcon.colcon_core.package_identification:_identify(dataset/20251215_022119_Home2B_ep19/images) by extensions ['colcon_pkg']
[0.412s] Level 1:colcon.colcon_core.package_identification:_identify(dataset/20251215_022119_Home2B_ep19/images) by extension 'colcon_pkg'
[0.412s] Level 1:colcon.colcon_core.package_identification:_identify(dataset/20251215_022119_Home2B_ep19/images) by extensions ['colcon_meta']
[0.412s] Level 1:colcon.colcon_core.package_identification:_identify(dataset/20251215_022119_Home2B_ep19/images) by extension 'colcon_meta'
[0.412s] Level 1:colcon.colcon_core.package_identification:_identify(dataset/20251215_022119_Home2B_ep19/images) by extensions ['ros']
[0.412s] Level 1:colcon.colcon_core.package_identification:_identify(dataset/20251215_022119_Home2B_ep19/images) by extension 'ros'
[0.412s] Level 1:colcon.colcon_core.package_identification:_identify(dataset/20251215_022119_Home2B_ep19/images) by extensions ['cmake', 'python']
[0.412s] Level 1:colcon.colcon_core.package_identification:_identify(dataset/20251215_022119_Home2B_ep19/images) by extension 'cmake'
[0.412s] Level 1:colcon.colcon_core.package_identification:_identify(dataset/20251215_022119_Home2B_ep19/images) by extension 'python'
[0.412s] Level 1:colcon.colcon_core.package_identification:_identify(dataset/20251215_022119_Home2B_ep19/images) by extensions ['python_setup_py']
[0.412s] Level 1:colcon.colcon_core.package_identification:_identify(dataset/20251215_022119_Home2B_ep19/images) by extension 'python_setup_py'
[0.412s] Level 1:colcon.colcon_core.package_identification:_identify(dataset/20251215_022530_Home2B_ep20) by extensions ['ignore', 'ignore_ament_install']
[0.412s] Level 1:colcon.colcon_core.package_identification:_identify(dataset/20251215_022530_Home2B_ep20) by extension 'ignore'
[0.412s] Level 1:colcon.colcon_core.package_identification:_identify(dataset/20251215_022530_Home2B_ep20) by extension 'ignore_ament_install'
[0.412s] Level 1:colcon.colcon_core.package_identification:_identify(dataset/20251215_022530_Home2B_ep20) by extensions ['colcon_pkg']
[0.413s] Level 1:colcon.colcon_core.package_identification:_identify(dataset/20251215_022530_Home2B_ep20) by extension 'colcon_pkg'
[0.413s] Level 1:colcon.colcon_core.package_identification:_identify(dataset/20251215_022530_Home2B_ep20) by extensions ['colcon_meta']
[0.413s] Level 1:colcon.colcon_core.package_identification:_identify(dataset/20251215_022530_Home2B_ep20) by extension 'colcon_meta'
[0.413s] Level 1:colcon.colcon_core.package_identification:_identify(dataset/20251215_022530_Home2B_ep20) by extensions ['ros']
[0.413s] Level 1:colcon.colcon_core.package_identification:_identify(dataset/20251215_022530_Home2B_ep20) by extension 'ros'
[0.413s] Level 1:colcon.colcon_core.package_identification:_identify(dataset/20251215_022530_Home2B_ep20) by extensions ['cmake', 'python']
[0.413s] Level 1:colcon.colcon_core.package_identification:_identify(dataset/20251215_022530_Home2B_ep20) by extension 'cmake'
[0.413s] Level 1:colcon.colcon_core.package_identification:_identify(dataset/20251215_022530_Home2B_ep20) by extension 'python'
[0.413s] Level 1:colcon.colcon_core.package_identification:_identify(dataset/20251215_022530_Home2B_ep20) by extensions ['python_setup_py']
[0.413s] Level 1:colcon.colcon_core.package_identification:_identify(dataset/20251215_022530_Home2B_ep20) by extension 'python_setup_py'
[0.414s] Level 1:colcon.colcon_core.package_identification:_identify(dataset/20251215_022530_Home2B_ep20/images) by extensions ['ignore', 'ignore_ament_install']
[0.414s] Level 1:colcon.colcon_core.package_identification:_identify(dataset/20251215_022530_Home2B_ep20/images) by extension 'ignore'
[0.414s] Level 1:colcon.colcon_core.package_identification:_identify(dataset/20251215_022530_Home2B_ep20/images) by extension 'ignore_ament_install'
[0.414s] Level 1:colcon.colcon_core.package_identification:_identify(dataset/20251215_022530_Home2B_ep20/images) by extensions ['colcon_pkg']
[0.414s] Level 1:colcon.colcon_core.package_identification:_identify(dataset/20251215_022530_Home2B_ep20/images) by extension 'colcon_pkg'
[0.414s] Level 1:colcon.colcon_core.package_identification:_identify(dataset/20251215_022530_Home2B_ep20/images) by extensions ['colcon_meta']
[0.414s] Level 1:colcon.colcon_core.package_identification:_identify(dataset/20251215_022530_Home2B_ep20/images) by extension 'colcon_meta'
[0.414s] Level 1:colcon.colcon_core.package_identification:_identify(dataset/20251215_022530_Home2B_ep20/images) by extensions ['ros']
[0.414s] Level 1:colcon.colcon_core.package_identification:_identify(dataset/20251215_022530_Home2B_ep20/images) by extension 'ros'
[0.414s] Level 1:colcon.colcon_core.package_identification:_identify(dataset/20251215_022530_Home2B_ep20/images) by extensions ['cmake', 'python']
[0.414s] Level 1:colcon.colcon_core.package_identification:_identify(dataset/20251215_022530_Home2B_ep20/images) by extension 'cmake'
[0.414s] Level 1:colcon.colcon_core.package_identification:_identify(dataset/20251215_022530_Home2B_ep20/images) by extension 'python'
[0.414s] Level 1:colcon.colcon_core.package_identification:_identify(dataset/20251215_022530_Home2B_ep20/images) by extensions ['python_setup_py']
[0.414s] Level 1:colcon.colcon_core.package_identification:_identify(dataset/20251215_022530_Home2B_ep20/images) by extension 'python_setup_py'
[0.414s] Level 1:colcon.colcon_core.package_identification:_identify(dataset/20251215_160748_Home2C_ep1) by extensions ['ignore', 'ignore_ament_install']
[0.415s] Level 1:colcon.colcon_core.package_identification:_identify(dataset/20251215_160748_Home2C_ep1) by extension 'ignore'
[0.415s] Level 1:colcon.colcon_core.package_identification:_identify(dataset/20251215_160748_Home2C_ep1) by extension 'ignore_ament_install'
[0.415s] Level 1:colcon.colcon_core.package_identification:_identify(dataset/20251215_160748_Home2C_ep1) by extensions ['colcon_pkg']
[0.415s] Level 1:colcon.colcon_core.package_identification:_identify(dataset/20251215_160748_Home2C_ep1) by extension 'colcon_pkg'
[0.415s] Level 1:colcon.colcon_core.package_identification:_identify(dataset/20251215_160748_Home2C_ep1) by extensions ['colcon_meta']
[0.415s] Level 1:colcon.colcon_core.package_identification:_identify(dataset/20251215_160748_Home2C_ep1) by extension 'colcon_meta'
[0.415s] Level 1:colcon.colcon_core.package_identification:_identify(dataset/20251215_160748_Home2C_ep1) by extensions ['ros']
[0.415s] Level 1:colcon.colcon_core.package_identification:_identify(dataset/20251215_160748_Home2C_ep1) by extension 'ros'
[0.415s] Level 1:colcon.colcon_core.package_identification:_identify(dataset/20251215_160748_Home2C_ep1) by extensions ['cmake', 'python']
[0.415s] Level 1:colcon.colcon_core.package_identification:_identify(dataset/20251215_160748_Home2C_ep1) by extension 'cmake'
[0.415s] Level 1:colcon.colcon_core.package_identification:_identify(dataset/20251215_160748_Home2C_ep1) by extension 'python'
[0.415s] Level 1:colcon.colcon_core.package_identification:_identify(dataset/20251215_160748_Home2C_ep1) by extensions ['python_setup_py']
[0.415s] Level 1:colcon.colcon_core.package_identification:_identify(dataset/20251215_160748_Home2C_ep1) by extension 'python_setup_py'
[0.416s] Level 1:colcon.colcon_core.package_identification:_identify(dataset/20251215_160748_Home2C_ep1/images) by extensions ['ignore', 'ignore_ament_install']
[0.416s] Level 1:colcon.colcon_core.package_identification:_identify(dataset/20251215_160748_Home2C_ep1/images) by extension 'ignore'
[0.416s] Level 1:colcon.colcon_core.package_identification:_identify(dataset/20251215_160748_Home2C_ep1/images) by extension 'ignore_ament_install'
[0.416s] Level 1:colcon.colcon_core.package_identification:_identify(dataset/20251215_160748_Home2C_ep1/images) by extensions ['colcon_pkg']
[0.416s] Level 1:colcon.colcon_core.package_identification:_identify(dataset/20251215_160748_Home2C_ep1/images) by extension 'colcon_pkg'
[0.416s] Level 1:colcon.colcon_core.package_identification:_identify(dataset/20251215_160748_Home2C_ep1/images) by extensions ['colcon_meta']
[0.416s] Level 1:colcon.colcon_core.package_identification:_identify(dataset/20251215_160748_Home2C_ep1/images) by extension 'colcon_meta'
[0.416s] Level 1:colcon.colcon_core.package_identification:_identify(dataset/20251215_160748_Home2C_ep1/images) by extensions ['ros']
[0.416s] Level 1:colcon.colcon_core.package_identification:_identify(dataset/20251215_160748_Home2C_ep1/images) by extension 'ros'
[0.416s] Level 1:colcon.colcon_core.package_identification:_identify(dataset/20251215_160748_Home2C_ep1/images) by extensions ['cmake', 'python']
[0.416s] Level 1:colcon.colcon_core.package_identification:_identify(dataset/20251215_160748_Home2C_ep1/images) by extension 'cmake'
[0.417s] Level 1:colcon.colcon_core.package_identification:_identify(dataset/20251215_160748_Home2C_ep1/images) by extension 'python'
[0.417s] Level 1:colcon.colcon_core.package_identification:_identify(dataset/20251215_160748_Home2C_ep1/images) by extensions ['python_setup_py']
[0.417s] Level 1:colcon.colcon_core.package_identification:_identify(dataset/20251215_160748_Home2C_ep1/images) by extension 'python_setup_py'
[0.417s] Level 1:colcon.colcon_core.package_identification:_identify(dataset/20251215_161826_Home2C_ep2) by extensions ['ignore', 'ignore_ament_install']
[0.417s] Level 1:colcon.colcon_core.package_identification:_identify(dataset/20251215_161826_Home2C_ep2) by extension 'ignore'
[0.417s] Level 1:colcon.colcon_core.package_identification:_identify(dataset/20251215_161826_Home2C_ep2) by extension 'ignore_ament_install'
[0.417s] Level 1:colcon.colcon_core.package_identification:_identify(dataset/20251215_161826_Home2C_ep2) by extensions ['colcon_pkg']
[0.417s] Level 1:colcon.colcon_core.package_identification:_identify(dataset/20251215_161826_Home2C_ep2) by extension 'colcon_pkg'
[0.417s] Level 1:colcon.colcon_core.package_identification:_identify(dataset/20251215_161826_Home2C_ep2) by extensions ['colcon_meta']
[0.417s] Level 1:colcon.colcon_core.package_identification:_identify(dataset/20251215_161826_Home2C_ep2) by extension 'colcon_meta'
[0.417s] Level 1:colcon.colcon_core.package_identification:_identify(dataset/20251215_161826_Home2C_ep2) by extensions ['ros']
[0.417s] Level 1:colcon.colcon_core.package_identification:_identify(dataset/20251215_161826_Home2C_ep2) by extension 'ros'
[0.417s] Level 1:colcon.colcon_core.package_identification:_identify(dataset/20251215_161826_Home2C_ep2) by extensions ['cmake', 'python']
[0.417s] Level 1:colcon.colcon_core.package_identification:_identify(dataset/20251215_161826_Home2C_ep2) by extension 'cmake'
[0.417s] Level 1:colcon.colcon_core.package_identification:_identify(dataset/20251215_161826_Home2C_ep2) by extension 'python'
[0.417s] Level 1:colcon.colcon_core.package_identification:_identify(dataset/20251215_161826_Home2C_ep2) by extensions ['python_setup_py']
[0.417s] Level 1:colcon.colcon_core.package_identification:_identify(dataset/20251215_161826_Home2C_ep2) by extension 'python_setup_py'
[0.418s] Level 1:colcon.colcon_core.package_identification:_identify(dataset/20251215_161826_Home2C_ep2/images) by extensions ['ignore', 'ignore_ament_install']
[0.418s] Level 1:colcon.colcon_core.package_identification:_identify(dataset/20251215_161826_Home2C_ep2/images) by extension 'ignore'
[0.418s] Level 1:colcon.colcon_core.package_identification:_identify(dataset/20251215_161826_Home2C_ep2/images) by extension 'ignore_ament_install'
[0.418s] Level 1:colcon.colcon_core.package_identification:_identify(dataset/20251215_161826_Home2C_ep2/images) by extensions ['colcon_pkg']
[0.418s] Level 1:colcon.colcon_core.package_identification:_identify(dataset/20251215_161826_Home2C_ep2/images) by extension 'colcon_pkg'
[0.418s] Level 1:colcon.colcon_core.package_identification:_identify(dataset/20251215_161826_Home2C_ep2/images) by extensions ['colcon_meta']
[0.418s] Level 1:colcon.colcon_core.package_identification:_identify(dataset/20251215_161826_Home2C_ep2/images) by extension 'colcon_meta'
[0.418s] Level 1:colcon.colcon_core.package_identification:_identify(dataset/20251215_161826_Home2C_ep2/images) by extensions ['ros']
[0.418s] Level 1:colcon.colcon_core.package_identification:_identify(dataset/20251215_161826_Home2C_ep2/images) by extension 'ros'
[0.418s] Level 1:colcon.colcon_core.package_identification:_identify(dataset/20251215_161826_Home2C_ep2/images) by extensions ['cmake', 'python']
[0.418s] Level 1:colcon.colcon_core.package_identification:_identify(dataset/20251215_161826_Home2C_ep2/images) by extension 'cmake'
[0.418s] Level 1:colcon.colcon_core.package_identification:_identify(dataset/20251215_161826_Home2C_ep2/images) by extension 'python'
[0.419s] Level 1:colcon.colcon_core.package_identification:_identify(dataset/20251215_161826_Home2C_ep2/images) by extensions ['python_setup_py']
[0.419s] Level 1:colcon.colcon_core.package_identification:_identify(dataset/20251215_161826_Home2C_ep2/images) by extension 'python_setup_py'
[0.419s] Level 1:colcon.colcon_core.package_identification:_identify(dataset/20251215_162139_Home2C_ep3) by extensions ['ignore', 'ignore_ament_install']
[0.419s] Level 1:colcon.colcon_core.package_identification:_identify(dataset/20251215_162139_Home2C_ep3) by extension 'ignore'
[0.419s] Level 1:colcon.colcon_core.package_identification:_identify(dataset/20251215_162139_Home2C_ep3) by extension 'ignore_ament_install'
[0.419s] Level 1:colcon.colcon_core.package_identification:_identify(dataset/20251215_162139_Home2C_ep3) by extensions ['colcon_pkg']
[0.419s] Level 1:colcon.colcon_core.package_identification:_identify(dataset/20251215_162139_Home2C_ep3) by extension 'colcon_pkg'
[0.419s] Level 1:colcon.colcon_core.package_identification:_identify(dataset/20251215_162139_Home2C_ep3) by extensions ['colcon_meta']
[0.419s] Level 1:colcon.colcon_core.package_identification:_identify(dataset/20251215_162139_Home2C_ep3) by extension 'colcon_meta'
[0.419s] Level 1:colcon.colcon_core.package_identification:_identify(dataset/20251215_162139_Home2C_ep3) by extensions ['ros']
[0.419s] Level 1:colcon.colcon_core.package_identification:_identify(dataset/20251215_162139_Home2C_ep3) by extension 'ros'
[0.419s] Level 1:colcon.colcon_core.package_identification:_identify(dataset/20251215_162139_Home2C_ep3) by extensions ['cmake', 'python']
[0.419s] Level 1:colcon.colcon_core.package_identification:_identify(dataset/20251215_162139_Home2C_ep3) by extension 'cmake'
[0.419s] Level 1:colcon.colcon_core.package_identification:_identify(dataset/20251215_162139_Home2C_ep3) by extension 'python'
[0.419s] Level 1:colcon.colcon_core.package_identification:_identify(dataset/20251215_162139_Home2C_ep3) by extensions ['python_setup_py']
[0.419s] Level 1:colcon.colcon_core.package_identification:_identify(dataset/20251215_162139_Home2C_ep3) by extension 'python_setup_py'
[0.420s] Level 1:colcon.colcon_core.package_identification:_identify(dataset/20251215_162139_Home2C_ep3/images) by extensions ['ignore', 'ignore_ament_install']
[0.420s] Level 1:colcon.colcon_core.package_identification:_identify(dataset/20251215_162139_Home2C_ep3/images) by extension 'ignore'
[0.420s] Level 1:colcon.colcon_core.package_identification:_identify(dataset/20251215_162139_Home2C_ep3/images) by extension 'ignore_ament_install'
[0.420s] Level 1:colcon.colcon_core.package_identification:_identify(dataset/20251215_162139_Home2C_ep3/images) by extensions ['colcon_pkg']
[0.420s] Level 1:colcon.colcon_core.package_identification:_identify(dataset/20251215_162139_Home2C_ep3/images) by extension 'colcon_pkg'
[0.420s] Level 1:colcon.colcon_core.package_identification:_identify(dataset/20251215_162139_Home2C_ep3/images) by extensions ['colcon_meta']
[0.420s] Level 1:colcon.colcon_core.package_identification:_identify(dataset/20251215_162139_Home2C_ep3/images) by extension 'colcon_meta'
[0.420s] Level 1:colcon.colcon_core.package_identification:_identify(dataset/20251215_162139_Home2C_ep3/images) by extensions ['ros']
[0.420s] Level 1:colcon.colcon_core.package_identification:_identify(dataset/20251215_162139_Home2C_ep3/images) by extension 'ros'
[0.420s] Level 1:colcon.colcon_core.package_identification:_identify(dataset/20251215_162139_Home2C_ep3/images) by extensions ['cmake', 'python']
[0.420s] Level 1:colcon.colcon_core.package_identification:_identify(dataset/20251215_162139_Home2C_ep3/images) by extension 'cmake'
[0.420s] Level 1:colcon.colcon_core.package_identification:_identify(dataset/20251215_162139_Home2C_ep3/images) by extension 'python'
[0.420s] Level 1:colcon.colcon_core.package_identification:_identify(dataset/20251215_162139_Home2C_ep3/images) by extensions ['python_setup_py']
[0.420s] Level 1:colcon.colcon_core.package_identification:_identify(dataset/20251215_162139_Home2C_ep3/images) by extension 'python_setup_py'
[0.420s] Level 1:colcon.colcon_core.package_identification:_identify(dataset/20251215_162420_Home2C_ep4) by extensions ['ignore', 'ignore_ament_install']
[0.421s] Level 1:colcon.colcon_core.package_identification:_identify(dataset/20251215_162420_Home2C_ep4) by extension 'ignore'
[0.421s] Level 1:colcon.colcon_core.package_identification:_identify(dataset/20251215_162420_Home2C_ep4) by extension 'ignore_ament_install'
[0.421s] Level 1:colcon.colcon_core.package_identification:_identify(dataset/20251215_162420_Home2C_ep4) by extensions ['colcon_pkg']
[0.421s] Level 1:colcon.colcon_core.package_identification:_identify(dataset/20251215_162420_Home2C_ep4) by extension 'colcon_pkg'
[0.421s] Level 1:colcon.colcon_core.package_identification:_identify(dataset/20251215_162420_Home2C_ep4) by extensions ['colcon_meta']
[0.421s] Level 1:colcon.colcon_core.package_identification:_identify(dataset/20251215_162420_Home2C_ep4) by extension 'colcon_meta'
[0.421s] Level 1:colcon.colcon_core.package_identification:_identify(dataset/20251215_162420_Home2C_ep4) by extensions ['ros']
[0.421s] Level 1:colcon.colcon_core.package_identification:_identify(dataset/20251215_162420_Home2C_ep4) by extension 'ros'
[0.421s] Level 1:colcon.colcon_core.package_identification:_identify(dataset/20251215_162420_Home2C_ep4) by extensions ['cmake', 'python']
[0.421s] Level 1:colcon.colcon_core.package_identification:_identify(dataset/20251215_162420_Home2C_ep4) by extension 'cmake'
[0.421s] Level 1:colcon.colcon_core.package_identification:_identify(dataset/20251215_162420_Home2C_ep4) by extension 'python'
[0.421s] Level 1:colcon.colcon_core.package_identification:_identify(dataset/20251215_162420_Home2C_ep4) by extensions ['python_setup_py']
[0.421s] Level 1:colcon.colcon_core.package_identification:_identify(dataset/20251215_162420_Home2C_ep4) by extension 'python_setup_py'
[0.422s] Level 1:colcon.colcon_core.package_identification:_identify(dataset/20251215_162420_Home2C_ep4/images) by extensions ['ignore', 'ignore_ament_install']
[0.422s] Level 1:colcon.colcon_core.package_identification:_identify(dataset/20251215_162420_Home2C_ep4/images) by extension 'ignore'
[0.422s] Level 1:colcon.colcon_core.package_identification:_identify(dataset/20251215_162420_Home2C_ep4/images) by extension 'ignore_ament_install'
[0.422s] Level 1:colcon.colcon_core.package_identification:_identify(dataset/20251215_162420_Home2C_ep4/images) by extensions ['colcon_pkg']
[0.422s] Level 1:colcon.colcon_core.package_identification:_identify(dataset/20251215_162420_Home2C_ep4/images) by extension 'colcon_pkg'
[0.422s] Level 1:colcon.colcon_core.package_identification:_identify(dataset/20251215_162420_Home2C_ep4/images) by extensions ['colcon_meta']
[0.422s] Level 1:colcon.colcon_core.package_identification:_identify(dataset/20251215_162420_Home2C_ep4/images) by extension 'colcon_meta'
[0.422s] Level 1:colcon.colcon_core.package_identification:_identify(dataset/20251215_162420_Home2C_ep4/images) by extensions ['ros']
[0.422s] Level 1:colcon.colcon_core.package_identification:_identify(dataset/20251215_162420_Home2C_ep4/images) by extension 'ros'
[0.422s] Level 1:colcon.colcon_core.package_identification:_identify(dataset/20251215_162420_Home2C_ep4/images) by extensions ['cmake', 'python']
[0.422s] Level 1:colcon.colcon_core.package_identification:_identify(dataset/20251215_162420_Home2C_ep4/images) by extension 'cmake'
[0.422s] Level 1:colcon.colcon_core.package_identification:_identify(dataset/20251215_162420_Home2C_ep4/images) by extension 'python'
[0.422s] Level 1:colcon.colcon_core.package_identification:_identify(dataset/20251215_162420_Home2C_ep4/images) by extensions ['python_setup_py']
[0.422s] Level 1:colcon.colcon_core.package_identification:_identify(dataset/20251215_162420_Home2C_ep4/images) by extension 'python_setup_py'
[0.422s] Level 1:colcon.colcon_core.package_identification:_identify(dataset/20251215_170908_Home2C_ep5) by extensions ['ignore', 'ignore_ament_install']
[0.422s] Level 1:colcon.colcon_core.package_identification:_identify(dataset/20251215_170908_Home2C_ep5) by extension 'ignore'
[0.423s] Level 1:colcon.colcon_core.package_identification:_identify(dataset/20251215_170908_Home2C_ep5) by extension 'ignore_ament_install'
[0.423s] Level 1:colcon.colcon_core.package_identification:_identify(dataset/20251215_170908_Home2C_ep5) by extensions ['colcon_pkg']
[0.423s] Level 1:colcon.colcon_core.package_identification:_identify(dataset/20251215_170908_Home2C_ep5) by extension 'colcon_pkg'
[0.423s] Level 1:colcon.colcon_core.package_identification:_identify(dataset/20251215_170908_Home2C_ep5) by extensions ['colcon_meta']
[0.423s] Level 1:colcon.colcon_core.package_identification:_identify(dataset/20251215_170908_Home2C_ep5) by extension 'colcon_meta'
[0.423s] Level 1:colcon.colcon_core.package_identification:_identify(dataset/20251215_170908_Home2C_ep5) by extensions ['ros']
[0.423s] Level 1:colcon.colcon_core.package_identification:_identify(dataset/20251215_170908_Home2C_ep5) by extension 'ros'
[0.423s] Level 1:colcon.colcon_core.package_identification:_identify(dataset/20251215_170908_Home2C_ep5) by extensions ['cmake', 'python']
[0.423s] Level 1:colcon.colcon_core.package_identification:_identify(dataset/20251215_170908_Home2C_ep5) by extension 'cmake'
[0.423s] Level 1:colcon.colcon_core.package_identification:_identify(dataset/20251215_170908_Home2C_ep5) by extension 'python'
[0.423s] Level 1:colcon.colcon_core.package_identification:_identify(dataset/20251215_170908_Home2C_ep5) by extensions ['python_setup_py']
[0.423s] Level 1:colcon.colcon_core.package_identification:_identify(dataset/20251215_170908_Home2C_ep5) by extension 'python_setup_py'
[0.423s] Level 1:colcon.colcon_core.package_identification:_identify(dataset/20251215_170908_Home2C_ep5/images) by extensions ['ignore', 'ignore_ament_install']
[0.424s] Level 1:colcon.colcon_core.package_identification:_identify(dataset/20251215_170908_Home2C_ep5/images) by extension 'ignore'
[0.424s] Level 1:colcon.colcon_core.package_identification:_identify(dataset/20251215_170908_Home2C_ep5/images) by extension 'ignore_ament_install'
[0.424s] Level 1:colcon.colcon_core.package_identification:_identify(dataset/20251215_170908_Home2C_ep5/images) by extensions ['colcon_pkg']
[0.424s] Level 1:colcon.colcon_core.package_identification:_identify(dataset/20251215_170908_Home2C_ep5/images) by extension 'colcon_pkg'
[0.424s] Level 1:colcon.colcon_core.package_identification:_identify(dataset/20251215_170908_Home2C_ep5/images) by extensions ['colcon_meta']
[0.424s] Level 1:colcon.colcon_core.package_identification:_identify(dataset/20251215_170908_Home2C_ep5/images) by extension 'colcon_meta'
[0.424s] Level 1:colcon.colcon_core.package_identification:_identify(dataset/20251215_170908_Home2C_ep5/images) by extensions ['ros']
[0.424s] Level 1:colcon.colcon_core.package_identification:_identify(dataset/20251215_170908_Home2C_ep5/images) by extension 'ros'
[0.424s] Level 1:colcon.colcon_core.package_identification:_identify(dataset/20251215_170908_Home2C_ep5/images) by extensions ['cmake', 'python']
[0.424s] Level 1:colcon.colcon_core.package_identification:_identify(dataset/20251215_170908_Home2C_ep5/images) by extension 'cmake'
[0.424s] Level 1:colcon.colcon_core.package_identification:_identify(dataset/20251215_170908_Home2C_ep5/images) by extension 'python'
[0.424s] Level 1:colcon.colcon_core.package_identification:_identify(dataset/20251215_170908_Home2C_ep5/images) by extensions ['python_setup_py']
[0.424s] Level 1:colcon.colcon_core.package_identification:_identify(dataset/20251215_170908_Home2C_ep5/images) by extension 'python_setup_py'
[0.424s] Level 1:colcon.colcon_core.package_identification:_identify(dataset/20251215_171427_Home2C_ep6) by extensions ['ignore', 'ignore_ament_install']
[0.424s] Level 1:colcon.colcon_core.package_identification:_identify(dataset/20251215_171427_Home2C_ep6) by extension 'ignore'
[0.424s] Level 1:colcon.colcon_core.package_identification:_identify(dataset/20251215_171427_Home2C_ep6) by extension 'ignore_ament_install'
[0.424s] Level 1:colcon.colcon_core.package_identification:_identify(dataset/20251215_171427_Home2C_ep6) by extensions ['colcon_pkg']
[0.424s] Level 1:colcon.colcon_core.package_identification:_identify(dataset/20251215_171427_Home2C_ep6) by extension 'colcon_pkg'
[0.424s] Level 1:colcon.colcon_core.package_identification:_identify(dataset/20251215_171427_Home2C_ep6) by extensions ['colcon_meta']
[0.424s] Level 1:colcon.colcon_core.package_identification:_identify(dataset/20251215_171427_Home2C_ep6) by extension 'colcon_meta'
[0.425s] Level 1:colcon.colcon_core.package_identification:_identify(dataset/20251215_171427_Home2C_ep6) by extensions ['ros']
[0.425s] Level 1:colcon.colcon_core.package_identification:_identify(dataset/20251215_171427_Home2C_ep6) by extension 'ros'
[0.425s] Level 1:colcon.colcon_core.package_identification:_identify(dataset/20251215_171427_Home2C_ep6) by extensions ['cmake', 'python']
[0.425s] Level 1:colcon.colcon_core.package_identification:_identify(dataset/20251215_171427_Home2C_ep6) by extension 'cmake'
[0.425s] Level 1:colcon.colcon_core.package_identification:_identify(dataset/20251215_171427_Home2C_ep6) by extension 'python'
[0.425s] Level 1:colcon.colcon_core.package_identification:_identify(dataset/20251215_171427_Home2C_ep6) by extensions ['python_setup_py']
[0.425s] Level 1:colcon.colcon_core.package_identification:_identify(dataset/20251215_171427_Home2C_ep6) by extension 'python_setup_py'
[0.426s] Level 1:colcon.colcon_core.package_identification:_identify(dataset/20251215_171427_Home2C_ep6/images) by extensions ['ignore', 'ignore_ament_install']
[0.426s] Level 1:colcon.colcon_core.package_identification:_identify(dataset/20251215_171427_Home2C_ep6/images) by extension 'ignore'
[0.426s] Level 1:colcon.colcon_core.package_identification:_identify(dataset/20251215_171427_Home2C_ep6/images) by extension 'ignore_ament_install'
[0.426s] Level 1:colcon.colcon_core.package_identification:_identify(dataset/20251215_171427_Home2C_ep6/images) by extensions ['colcon_pkg']
[0.426s] Level 1:colcon.colcon_core.package_identification:_identify(dataset/20251215_171427_Home2C_ep6/images) by extension 'colcon_pkg'
[0.426s] Level 1:colcon.colcon_core.package_identification:_identify(dataset/20251215_171427_Home2C_ep6/images) by extensions ['colcon_meta']
[0.426s] Level 1:colcon.colcon_core.package_identification:_identify(dataset/20251215_171427_Home2C_ep6/images) by extension 'colcon_meta'
[0.426s] Level 1:colcon.colcon_core.package_identification:_identify(dataset/20251215_171427_Home2C_ep6/images) by extensions ['ros']
[0.426s] Level 1:colcon.colcon_core.package_identification:_identify(dataset/20251215_171427_Home2C_ep6/images) by extension 'ros'
[0.426s] Level 1:colcon.colcon_core.package_identification:_identify(dataset/20251215_171427_Home2C_ep6/images) by extensions ['cmake', 'python']
[0.426s] Level 1:colcon.colcon_core.package_identification:_identify(dataset/20251215_171427_Home2C_ep6/images) by extension 'cmake'
[0.426s] Level 1:colcon.colcon_core.package_identification:_identify(dataset/20251215_171427_Home2C_ep6/images) by extension 'python'
[0.426s] Level 1:colcon.colcon_core.package_identification:_identify(dataset/20251215_171427_Home2C_ep6/images) by extensions ['python_setup_py']
[0.426s] Level 1:colcon.colcon_core.package_identification:_identify(dataset/20251215_171427_Home2C_ep6/images) by extension 'python_setup_py'
[0.427s] Level 1:colcon.colcon_core.package_identification:_identify(dataset/20251215_171737_Home2C_ep7) by extensions ['ignore', 'ignore_ament_install']
[0.427s] Level 1:colcon.colcon_core.package_identification:_identify(dataset/20251215_171737_Home2C_ep7) by extension 'ignore'
[0.427s] Level 1:colcon.colcon_core.package_identification:_identify(dataset/20251215_171737_Home2C_ep7) by extension 'ignore_ament_install'
[0.427s] Level 1:colcon.colcon_core.package_identification:_identify(dataset/20251215_171737_Home2C_ep7) by extensions ['colcon_pkg']
[0.427s] Level 1:colcon.colcon_core.package_identification:_identify(dataset/20251215_171737_Home2C_ep7) by extension 'colcon_pkg'
[0.427s] Level 1:colcon.colcon_core.package_identification:_identify(dataset/20251215_171737_Home2C_ep7) by extensions ['colcon_meta']
[0.427s] Level 1:colcon.colcon_core.package_identification:_identify(dataset/20251215_171737_Home2C_ep7) by extension 'colcon_meta'
[0.427s] Level 1:colcon.colcon_core.package_identification:_identify(dataset/20251215_171737_Home2C_ep7) by extensions ['ros']
[0.427s] Level 1:colcon.colcon_core.package_identification:_identify(dataset/20251215_171737_Home2C_ep7) by extension 'ros'
[0.427s] Level 1:colcon.colcon_core.package_identification:_identify(dataset/20251215_171737_Home2C_ep7) by extensions ['cmake', 'python']
[0.427s] Level 1:colcon.colcon_core.package_identification:_identify(dataset/20251215_171737_Home2C_ep7) by extension 'cmake'
[0.427s] Level 1:colcon.colcon_core.package_identification:_identify(dataset/20251215_171737_Home2C_ep7) by extension 'python'
[0.427s] Level 1:colcon.colcon_core.package_identification:_identify(dataset/20251215_171737_Home2C_ep7) by extensions ['python_setup_py']
[0.427s] Level 1:colcon.colcon_core.package_identification:_identify(dataset/20251215_171737_Home2C_ep7) by extension 'python_setup_py'
[0.428s] Level 1:colcon.colcon_core.package_identification:_identify(dataset/20251215_171737_Home2C_ep7/images) by extensions ['ignore', 'ignore_ament_install']
[0.428s] Level 1:colcon.colcon_core.package_identification:_identify(dataset/20251215_171737_Home2C_ep7/images) by extension 'ignore'
[0.428s] Level 1:colcon.colcon_core.package_identification:_identify(dataset/20251215_171737_Home2C_ep7/images) by extension 'ignore_ament_install'
[0.428s] Level 1:colcon.colcon_core.package_identification:_identify(dataset/20251215_171737_Home2C_ep7/images) by extensions ['colcon_pkg']
[0.428s] Level 1:colcon.colcon_core.package_identification:_identify(dataset/20251215_171737_Home2C_ep7/images) by extension 'colcon_pkg'
[0.428s] Level 1:colcon.colcon_core.package_identification:_identify(dataset/20251215_171737_Home2C_ep7/images) by extensions ['colcon_meta']
[0.428s] Level 1:colcon.colcon_core.package_identification:_identify(dataset/20251215_171737_Home2C_ep7/images) by extension 'colcon_meta'
[0.428s] Level 1:colcon.colcon_core.package_identification:_identify(dataset/20251215_171737_Home2C_ep7/images) by extensions ['ros']
[0.428s] Level 1:colcon.colcon_core.package_identification:_identify(dataset/20251215_171737_Home2C_ep7/images) by extension 'ros'
[0.428s] Level 1:colcon.colcon_core.package_identification:_identify(dataset/20251215_171737_Home2C_ep7/images) by extensions ['cmake', 'python']
[0.428s] Level 1:colcon.colcon_core.package_identification:_identify(dataset/20251215_171737_Home2C_ep7/images) by extension 'cmake'
[0.428s] Level 1:colcon.colcon_core.package_identification:_identify(dataset/20251215_171737_Home2C_ep7/images) by extension 'python'
[0.428s] Level 1:colcon.colcon_core.package_identification:_identify(dataset/20251215_171737_Home2C_ep7/images) by extensions ['python_setup_py']
[0.428s] Level 1:colcon.colcon_core.package_identification:_identify(dataset/20251215_171737_Home2C_ep7/images) by extension 'python_setup_py'
[0.429s] Level 1:colcon.colcon_core.package_identification:_identify(dataset/20251215_172033_Home2C_ep8) by extensions ['ignore', 'ignore_ament_install']
[0.429s] Level 1:colcon.colcon_core.package_identification:_identify(dataset/20251215_172033_Home2C_ep8) by extension 'ignore'
[0.429s] Level 1:colcon.colcon_core.package_identification:_identify(dataset/20251215_172033_Home2C_ep8) by extension 'ignore_ament_install'
[0.429s] Level 1:colcon.colcon_core.package_identification:_identify(dataset/20251215_172033_Home2C_ep8) by extensions ['colcon_pkg']
[0.429s] Level 1:colcon.colcon_core.package_identification:_identify(dataset/20251215_172033_Home2C_ep8) by extension 'colcon_pkg'
[0.429s] Level 1:colcon.colcon_core.package_identification:_identify(dataset/20251215_172033_Home2C_ep8) by extensions ['colcon_meta']
[0.429s] Level 1:colcon.colcon_core.package_identification:_identify(dataset/20251215_172033_Home2C_ep8) by extension 'colcon_meta'
[0.429s] Level 1:colcon.colcon_core.package_identification:_identify(dataset/20251215_172033_Home2C_ep8) by extensions ['ros']
[0.429s] Level 1:colcon.colcon_core.package_identification:_identify(dataset/20251215_172033_Home2C_ep8) by extension 'ros'
[0.429s] Level 1:colcon.colcon_core.package_identification:_identify(dataset/20251215_172033_Home2C_ep8) by extensions ['cmake', 'python']
[0.429s] Level 1:colcon.colcon_core.package_identification:_identify(dataset/20251215_172033_Home2C_ep8) by extension 'cmake'
[0.429s] Level 1:colcon.colcon_core.package_identification:_identify(dataset/20251215_172033_Home2C_ep8) by extension 'python'
[0.429s] Level 1:colcon.colcon_core.package_identification:_identify(dataset/20251215_172033_Home2C_ep8) by extensions ['python_setup_py']
[0.429s] Level 1:colcon.colcon_core.package_identification:_identify(dataset/20251215_172033_Home2C_ep8) by extension 'python_setup_py'
[0.430s] Level 1:colcon.colcon_core.package_identification:_identify(dataset/20251215_172033_Home2C_ep8/images) by extensions ['ignore', 'ignore_ament_install']
[0.430s] Level 1:colcon.colcon_core.package_identification:_identify(dataset/20251215_172033_Home2C_ep8/images) by extension 'ignore'
[0.430s] Level 1:colcon.colcon_core.package_identification:_identify(dataset/20251215_172033_Home2C_ep8/images) by extension 'ignore_ament_install'
[0.430s] Level 1:colcon.colcon_core.package_identification:_identify(dataset/20251215_172033_Home2C_ep8/images) by extensions ['colcon_pkg']
[0.430s] Level 1:colcon.colcon_core.package_identification:_identify(dataset/20251215_172033_Home2C_ep8/images) by extension 'colcon_pkg'
[0.430s] Level 1:colcon.colcon_core.package_identification:_identify(dataset/20251215_172033_Home2C_ep8/images) by extensions ['colcon_meta']
[0.430s] Level 1:colcon.colcon_core.package_identification:_identify(dataset/20251215_172033_Home2C_ep8/images) by extension 'colcon_meta'
[0.430s] Level 1:colcon.colcon_core.package_identification:_identify(dataset/20251215_172033_Home2C_ep8/images) by extensions ['ros']
[0.430s] Level 1:colcon.colcon_core.package_identification:_identify(dataset/20251215_172033_Home2C_ep8/images) by extension 'ros'
[0.430s] Level 1:colcon.colcon_core.package_identification:_identify(dataset/20251215_172033_Home2C_ep8/images) by extensions ['cmake', 'python']
[0.430s] Level 1:colcon.colcon_core.package_identification:_identify(dataset/20251215_172033_Home2C_ep8/images) by extension 'cmake'
[0.430s] Level 1:colcon.colcon_core.package_identification:_identify(dataset/20251215_172033_Home2C_ep8/images) by extension 'python'
[0.430s] Level 1:colcon.colcon_core.package_identification:_identify(dataset/20251215_172033_Home2C_ep8/images) by extensions ['python_setup_py']
[0.430s] Level 1:colcon.colcon_core.package_identification:_identify(dataset/20251215_172033_Home2C_ep8/images) by extension 'python_setup_py'
[0.430s] Level 1:colcon.colcon_core.package_identification:_identify(dataset/20251215_172323_Home2C_ep9) by extensions ['ignore', 'ignore_ament_install']
[0.430s] Level 1:colcon.colcon_core.package_identification:_identify(dataset/20251215_172323_Home2C_ep9) by extension 'ignore'
[0.430s] Level 1:colcon.colcon_core.package_identification:_identify(dataset/20251215_172323_Home2C_ep9) by extension 'ignore_ament_install'
[0.430s] Level 1:colcon.colcon_core.package_identification:_identify(dataset/20251215_172323_Home2C_ep9) by extensions ['colcon_pkg']
[0.430s] Level 1:colcon.colcon_core.package_identification:_identify(dataset/20251215_172323_Home2C_ep9) by extension 'colcon_pkg'
[0.430s] Level 1:colcon.colcon_core.package_identification:_identify(dataset/20251215_172323_Home2C_ep9) by extensions ['colcon_meta']
[0.430s] Level 1:colcon.colcon_core.package_identification:_identify(dataset/20251215_172323_Home2C_ep9) by extension 'colcon_meta'
[0.430s] Level 1:colcon.colcon_core.package_identification:_identify(dataset/20251215_172323_Home2C_ep9) by extensions ['ros']
[0.430s] Level 1:colcon.colcon_core.package_identification:_identify(dataset/20251215_172323_Home2C_ep9) by extension 'ros'
[0.431s] Level 1:colcon.colcon_core.package_identification:_identify(dataset/20251215_172323_Home2C_ep9) by extensions ['cmake', 'python']
[0.431s] Level 1:colcon.colcon_core.package_identification:_identify(dataset/20251215_172323_Home2C_ep9) by extension 'cmake'
[0.431s] Level 1:colcon.colcon_core.package_identification:_identify(dataset/20251215_172323_Home2C_ep9) by extension 'python'
[0.431s] Level 1:colcon.colcon_core.package_identification:_identify(dataset/20251215_172323_Home2C_ep9) by extensions ['python_setup_py']
[0.431s] Level 1:colcon.colcon_core.package_identification:_identify(dataset/20251215_172323_Home2C_ep9) by extension 'python_setup_py'
[0.431s] Level 1:colcon.colcon_core.package_identification:_identify(dataset/20251215_172323_Home2C_ep9/images) by extensions ['ignore', 'ignore_ament_install']
[0.431s] Level 1:colcon.colcon_core.package_identification:_identify(dataset/20251215_172323_Home2C_ep9/images) by extension 'ignore'
[0.431s] Level 1:colcon.colcon_core.package_identification:_identify(dataset/20251215_172323_Home2C_ep9/images) by extension 'ignore_ament_install'
[0.431s] Level 1:colcon.colcon_core.package_identification:_identify(dataset/20251215_172323_Home2C_ep9/images) by extensions ['colcon_pkg']
[0.431s] Level 1:colcon.colcon_core.package_identification:_identify(dataset/20251215_172323_Home2C_ep9/images) by extension 'colcon_pkg'
[0.431s] Level 1:colcon.colcon_core.package_identification:_identify(dataset/20251215_172323_Home2C_ep9/images) by extensions ['colcon_meta']
[0.431s] Level 1:colcon.colcon_core.package_identification:_identify(dataset/20251215_172323_Home2C_ep9/images) by extension 'colcon_meta'
[0.431s] Level 1:colcon.colcon_core.package_identification:_identify(dataset/20251215_172323_Home2C_ep9/images) by extensions ['ros']
[0.431s] Level 1:colcon.colcon_core.package_identification:_identify(dataset/20251215_172323_Home2C_ep9/images) by extension 'ros'
[0.432s] Level 1:colcon.colcon_core.package_identification:_identify(dataset/20251215_172323_Home2C_ep9/images) by extensions ['cmake', 'python']
[0.432s] Level 1:colcon.colcon_core.package_identification:_identify(dataset/20251215_172323_Home2C_ep9/images) by extension 'cmake'
[0.432s] Level 1:colcon.colcon_core.package_identification:_identify(dataset/20251215_172323_Home2C_ep9/images) by extension 'python'
[0.432s] Level 1:colcon.colcon_core.package_identification:_identify(dataset/20251215_172323_Home2C_ep9/images) by extensions ['python_setup_py']
[0.432s] Level 1:colcon.colcon_core.package_identification:_identify(dataset/20251215_172323_Home2C_ep9/images) by extension 'python_setup_py'
[0.432s] Level 1:colcon.colcon_core.package_identification:_identify(dataset/20251216_095758_Home2C_ep10) by extensions ['ignore', 'ignore_ament_install']
[0.432s] Level 1:colcon.colcon_core.package_identification:_identify(dataset/20251216_095758_Home2C_ep10) by extension 'ignore'
[0.432s] Level 1:colcon.colcon_core.package_identification:_identify(dataset/20251216_095758_Home2C_ep10) by extension 'ignore_ament_install'
[0.432s] Level 1:colcon.colcon_core.package_identification:_identify(dataset/20251216_095758_Home2C_ep10) by extensions ['colcon_pkg']
[0.432s] Level 1:colcon.colcon_core.package_identification:_identify(dataset/20251216_095758_Home2C_ep10) by extension 'colcon_pkg'
[0.432s] Level 1:colcon.colcon_core.package_identification:_identify(dataset/20251216_095758_Home2C_ep10) by extensions ['colcon_meta']
[0.432s] Level 1:colcon.colcon_core.package_identification:_identify(dataset/20251216_095758_Home2C_ep10) by extension 'colcon_meta'
[0.432s] Level 1:colcon.colcon_core.package_identification:_identify(dataset/20251216_095758_Home2C_ep10) by extensions ['ros']
[0.432s] Level 1:colcon.colcon_core.package_identification:_identify(dataset/20251216_095758_Home2C_ep10) by extension 'ros'
[0.432s] Level 1:colcon.colcon_core.package_identification:_identify(dataset/20251216_095758_Home2C_ep10) by extensions ['cmake', 'python']
[0.432s] Level 1:colcon.colcon_core.package_identification:_identify(dataset/20251216_095758_Home2C_ep10) by extension 'cmake'
[0.432s] Level 1:colcon.colcon_core.package_identification:_identify(dataset/20251216_095758_Home2C_ep10) by extension 'python'
[0.432s] Level 1:colcon.colcon_core.package_identification:_identify(dataset/20251216_095758_Home2C_ep10) by extensions ['python_setup_py']
[0.432s] Level 1:colcon.colcon_core.package_identification:_identify(dataset/20251216_095758_Home2C_ep10) by extension 'python_setup_py'
[0.433s] Level 1:colcon.colcon_core.package_identification:_identify(dataset/20251216_095758_Home2C_ep10/images) by extensions ['ignore', 'ignore_ament_install']
[0.433s] Level 1:colcon.colcon_core.package_identification:_identify(dataset/20251216_095758_Home2C_ep10/images) by extension 'ignore'
[0.433s] Level 1:colcon.colcon_core.package_identification:_identify(dataset/20251216_095758_Home2C_ep10/images) by extension 'ignore_ament_install'
[0.433s] Level 1:colcon.colcon_core.package_identification:_identify(dataset/20251216_095758_Home2C_ep10/images) by extensions ['colcon_pkg']
[0.433s] Level 1:colcon.colcon_core.package_identification:_identify(dataset/20251216_095758_Home2C_ep10/images) by extension 'colcon_pkg'
[0.433s] Level 1:colcon.colcon_core.package_identification:_identify(dataset/20251216_095758_Home2C_ep10/images) by extensions ['colcon_meta']
[0.433s] Level 1:colcon.colcon_core.package_identification:_identify(dataset/20251216_095758_Home2C_ep10/images) by extension 'colcon_meta'
[0.433s] Level 1:colcon.colcon_core.package_identification:_identify(dataset/20251216_095758_Home2C_ep10/images) by extensions ['ros']
[0.433s] Level 1:colcon.colcon_core.package_identification:_identify(dataset/20251216_095758_Home2C_ep10/images) by extension 'ros'
[0.433s] Level 1:colcon.colcon_core.package_identification:_identify(dataset/20251216_095758_Home2C_ep10/images) by extensions ['cmake', 'python']
[0.433s] Level 1:colcon.colcon_core.package_identification:_identify(dataset/20251216_095758_Home2C_ep10/images) by extension 'cmake'
[0.433s] Level 1:colcon.colcon_core.package_identification:_identify(dataset/20251216_095758_Home2C_ep10/images) by extension 'python'
[0.433s] Level 1:colcon.colcon_core.package_identification:_identify(dataset/20251216_095758_Home2C_ep10/images) by extensions ['python_setup_py']
[0.433s] Level 1:colcon.colcon_core.package_identification:_identify(dataset/20251216_095758_Home2C_ep10/images) by extension 'python_setup_py'
[0.433s] Level 1:colcon.colcon_core.package_identification:_identify(dataset/20251216_100049_Home2C_ep11) by extensions ['ignore', 'ignore_ament_install']
[0.433s] Level 1:colcon.colcon_core.package_identification:_identify(dataset/20251216_100049_Home2C_ep11) by extension 'ignore'
[0.433s] Level 1:colcon.colcon_core.package_identification:_identify(dataset/20251216_100049_Home2C_ep11) by extension 'ignore_ament_install'
[0.433s] Level 1:colcon.colcon_core.package_identification:_identify(dataset/20251216_100049_Home2C_ep11) by extensions ['colcon_pkg']
[0.433s] Level 1:colcon.colcon_core.package_identification:_identify(dataset/20251216_100049_Home2C_ep11) by extension 'colcon_pkg'
[0.433s] Level 1:colcon.colcon_core.package_identification:_identify(dataset/20251216_100049_Home2C_ep11) by extensions ['colcon_meta']
[0.434s] Level 1:colcon.colcon_core.package_identification:_identify(dataset/20251216_100049_Home2C_ep11) by extension 'colcon_meta'
[0.434s] Level 1:colcon.colcon_core.package_identification:_identify(dataset/20251216_100049_Home2C_ep11) by extensions ['ros']
[0.434s] Level 1:colcon.colcon_core.package_identification:_identify(dataset/20251216_100049_Home2C_ep11) by extension 'ros'
[0.434s] Level 1:colcon.colcon_core.package_identification:_identify(dataset/20251216_100049_Home2C_ep11) by extensions ['cmake', 'python']
[0.434s] Level 1:colcon.colcon_core.package_identification:_identify(dataset/20251216_100049_Home2C_ep11) by extension 'cmake'
[0.434s] Level 1:colcon.colcon_core.package_identification:_identify(dataset/20251216_100049_Home2C_ep11) by extension 'python'
[0.434s] Level 1:colcon.colcon_core.package_identification:_identify(dataset/20251216_100049_Home2C_ep11) by extensions ['python_setup_py']
[0.434s] Level 1:colcon.colcon_core.package_identification:_identify(dataset/20251216_100049_Home2C_ep11) by extension 'python_setup_py'
[0.434s] Level 1:colcon.colcon_core.package_identification:_identify(dataset/20251216_100049_Home2C_ep11/images) by extensions ['ignore', 'ignore_ament_install']
[0.434s] Level 1:colcon.colcon_core.package_identification:_identify(dataset/20251216_100049_Home2C_ep11/images) by extension 'ignore'
[0.434s] Level 1:colcon.colcon_core.package_identification:_identify(dataset/20251216_100049_Home2C_ep11/images) by extension 'ignore_ament_install'
[0.434s] Level 1:colcon.colcon_core.package_identification:_identify(dataset/20251216_100049_Home2C_ep11/images) by extensions ['colcon_pkg']
[0.434s] Level 1:colcon.colcon_core.package_identification:_identify(dataset/20251216_100049_Home2C_ep11/images) by extension 'colcon_pkg'
[0.434s] Level 1:colcon.colcon_core.package_identification:_identify(dataset/20251216_100049_Home2C_ep11/images) by extensions ['colcon_meta']
[0.434s] Level 1:colcon.colcon_core.package_identification:_identify(dataset/20251216_100049_Home2C_ep11/images) by extension 'colcon_meta'
[0.434s] Level 1:colcon.colcon_core.package_identification:_identify(dataset/20251216_100049_Home2C_ep11/images) by extensions ['ros']
[0.434s] Level 1:colcon.colcon_core.package_identification:_identify(dataset/20251216_100049_Home2C_ep11/images) by extension 'ros'
[0.435s] Level 1:colcon.colcon_core.package_identification:_identify(dataset/20251216_100049_Home2C_ep11/images) by extensions ['cmake', 'python']
[0.435s] Level 1:colcon.colcon_core.package_identification:_identify(dataset/20251216_100049_Home2C_ep11/images) by extension 'cmake'
[0.435s] Level 1:colcon.colcon_core.package_identification:_identify(dataset/20251216_100049_Home2C_ep11/images) by extension 'python'
[0.435s] Level 1:colcon.colcon_core.package_identification:_identify(dataset/20251216_100049_Home2C_ep11/images) by extensions ['python_setup_py']
[0.435s] Level 1:colcon.colcon_core.package_identification:_identify(dataset/20251216_100049_Home2C_ep11/images) by extension 'python_setup_py'
[0.435s] Level 1:colcon.colcon_core.package_identification:_identify(dataset/20251216_100347_Home2C_ep12) by extensions ['ignore', 'ignore_ament_install']
[0.435s] Level 1:colcon.colcon_core.package_identification:_identify(dataset/20251216_100347_Home2C_ep12) by extension 'ignore'
[0.435s] Level 1:colcon.colcon_core.package_identification:_identify(dataset/20251216_100347_Home2C_ep12) by extension 'ignore_ament_install'
[0.435s] Level 1:colcon.colcon_core.package_identification:_identify(dataset/20251216_100347_Home2C_ep12) by extensions ['colcon_pkg']
[0.435s] Level 1:colcon.colcon_core.package_identification:_identify(dataset/20251216_100347_Home2C_ep12) by extension 'colcon_pkg'
[0.435s] Level 1:colcon.colcon_core.package_identification:_identify(dataset/20251216_100347_Home2C_ep12) by extensions ['colcon_meta']
[0.435s] Level 1:colcon.colcon_core.package_identification:_identify(dataset/20251216_100347_Home2C_ep12) by extension 'colcon_meta'
[0.435s] Level 1:colcon.colcon_core.package_identification:_identify(dataset/20251216_100347_Home2C_ep12) by extensions ['ros']
[0.435s] Level 1:colcon.colcon_core.package_identification:_identify(dataset/20251216_100347_Home2C_ep12) by extension 'ros'
[0.436s] Level 1:colcon.colcon_core.package_identification:_identify(dataset/20251216_100347_Home2C_ep12) by extensions ['cmake', 'python']
[0.436s] Level 1:colcon.colcon_core.package_identification:_identify(dataset/20251216_100347_Home2C_ep12) by extension 'cmake'
[0.436s] Level 1:colcon.colcon_core.package_identification:_identify(dataset/20251216_100347_Home2C_ep12) by extension 'python'
[0.436s] Level 1:colcon.colcon_core.package_identification:_identify(dataset/20251216_100347_Home2C_ep12) by extensions ['python_setup_py']
[0.436s] Level 1:colcon.colcon_core.package_identification:_identify(dataset/20251216_100347_Home2C_ep12) by extension 'python_setup_py'
[0.436s] Level 1:colcon.colcon_core.package_identification:_identify(dataset/20251216_100347_Home2C_ep12/images) by extensions ['ignore', 'ignore_ament_install']
[0.436s] Level 1:colcon.colcon_core.package_identification:_identify(dataset/20251216_100347_Home2C_ep12/images) by extension 'ignore'
[0.436s] Level 1:colcon.colcon_core.package_identification:_identify(dataset/20251216_100347_Home2C_ep12/images) by extension 'ignore_ament_install'
[0.436s] Level 1:colcon.colcon_core.package_identification:_identify(dataset/20251216_100347_Home2C_ep12/images) by extensions ['colcon_pkg']
[0.436s] Level 1:colcon.colcon_core.package_identification:_identify(dataset/20251216_100347_Home2C_ep12/images) by extension 'colcon_pkg'
[0.436s] Level 1:colcon.colcon_core.package_identification:_identify(dataset/20251216_100347_Home2C_ep12/images) by extensions ['colcon_meta']
[0.436s] Level 1:colcon.colcon_core.package_identification:_identify(dataset/20251216_100347_Home2C_ep12/images) by extension 'colcon_meta'
[0.436s] Level 1:colcon.colcon_core.package_identification:_identify(dataset/20251216_100347_Home2C_ep12/images) by extensions ['ros']
[0.437s] Level 1:colcon.colcon_core.package_identification:_identify(dataset/20251216_100347_Home2C_ep12/images) by extension 'ros'
[0.437s] Level 1:colcon.colcon_core.package_identification:_identify(dataset/20251216_100347_Home2C_ep12/images) by extensions ['cmake', 'python']
[0.437s] Level 1:colcon.colcon_core.package_identification:_identify(dataset/20251216_100347_Home2C_ep12/images) by extension 'cmake'
[0.437s] Level 1:colcon.colcon_core.package_identification:_identify(dataset/20251216_100347_Home2C_ep12/images) by extension 'python'
[0.437s] Level 1:colcon.colcon_core.package_identification:_identify(dataset/20251216_100347_Home2C_ep12/images) by extensions ['python_setup_py']
[0.437s] Level 1:colcon.colcon_core.package_identification:_identify(dataset/20251216_100347_Home2C_ep12/images) by extension 'python_setup_py'
[0.437s] Level 1:colcon.colcon_core.package_identification:_identify(dataset/20251216_100652_Home2C_ep13) by extensions ['ignore', 'ignore_ament_install']
[0.437s] Level 1:colcon.colcon_core.package_identification:_identify(dataset/20251216_100652_Home2C_ep13) by extension 'ignore'
[0.437s] Level 1:colcon.colcon_core.package_identification:_identify(dataset/20251216_100652_Home2C_ep13) by extension 'ignore_ament_install'
[0.437s] Level 1:colcon.colcon_core.package_identification:_identify(dataset/20251216_100652_Home2C_ep13) by extensions ['colcon_pkg']
[0.437s] Level 1:colcon.colcon_core.package_identification:_identify(dataset/20251216_100652_Home2C_ep13) by extension 'colcon_pkg'
[0.437s] Level 1:colcon.colcon_core.package_identification:_identify(dataset/20251216_100652_Home2C_ep13) by extensions ['colcon_meta']
[0.437s] Level 1:colcon.colcon_core.package_identification:_identify(dataset/20251216_100652_Home2C_ep13) by extension 'colcon_meta'
[0.437s] Level 1:colcon.colcon_core.package_identification:_identify(dataset/20251216_100652_Home2C_ep13) by extensions ['ros']
[0.437s] Level 1:colcon.colcon_core.package_identification:_identify(dataset/20251216_100652_Home2C_ep13) by extension 'ros'
[0.437s] Level 1:colcon.colcon_core.package_identification:_identify(dataset/20251216_100652_Home2C_ep13) by extensions ['cmake', 'python']
[0.437s] Level 1:colcon.colcon_core.package_identification:_identify(dataset/20251216_100652_Home2C_ep13) by extension 'cmake'
[0.437s] Level 1:colcon.colcon_core.package_identification:_identify(dataset/20251216_100652_Home2C_ep13) by extension 'python'
[0.437s] Level 1:colcon.colcon_core.package_identification:_identify(dataset/20251216_100652_Home2C_ep13) by extensions ['python_setup_py']
[0.437s] Level 1:colcon.colcon_core.package_identification:_identify(dataset/20251216_100652_Home2C_ep13) by extension 'python_setup_py'
[0.438s] Level 1:colcon.colcon_core.package_identification:_identify(dataset/20251216_100652_Home2C_ep13/images) by extensions ['ignore', 'ignore_ament_install']
[0.438s] Level 1:colcon.colcon_core.package_identification:_identify(dataset/20251216_100652_Home2C_ep13/images) by extension 'ignore'
[0.438s] Level 1:colcon.colcon_core.package_identification:_identify(dataset/20251216_100652_Home2C_ep13/images) by extension 'ignore_ament_install'
[0.438s] Level 1:colcon.colcon_core.package_identification:_identify(dataset/20251216_100652_Home2C_ep13/images) by extensions ['colcon_pkg']
[0.438s] Level 1:colcon.colcon_core.package_identification:_identify(dataset/20251216_100652_Home2C_ep13/images) by extension 'colcon_pkg'
[0.438s] Level 1:colcon.colcon_core.package_identification:_identify(dataset/20251216_100652_Home2C_ep13/images) by extensions ['colcon_meta']
[0.438s] Level 1:colcon.colcon_core.package_identification:_identify(dataset/20251216_100652_Home2C_ep13/images) by extension 'colcon_meta'
[0.438s] Level 1:colcon.colcon_core.package_identification:_identify(dataset/20251216_100652_Home2C_ep13/images) by extensions ['ros']
[0.438s] Level 1:colcon.colcon_core.package_identification:_identify(dataset/20251216_100652_Home2C_ep13/images) by extension 'ros'
[0.438s] Level 1:colcon.colcon_core.package_identification:_identify(dataset/20251216_100652_Home2C_ep13/images) by extensions ['cmake', 'python']
[0.438s] Level 1:colcon.colcon_core.package_identification:_identify(dataset/20251216_100652_Home2C_ep13/images) by extension 'cmake'
[0.438s] Level 1:colcon.colcon_core.package_identification:_identify(dataset/20251216_100652_Home2C_ep13/images) by extension 'python'
[0.438s] Level 1:colcon.colcon_core.package_identification:_identify(dataset/20251216_100652_Home2C_ep13/images) by extensions ['python_setup_py']
[0.438s] Level 1:colcon.colcon_core.package_identification:_identify(dataset/20251216_100652_Home2C_ep13/images) by extension 'python_setup_py'
[0.439s] Level 1:colcon.colcon_core.package_identification:_identify(dataset/20251216_101354_Home2C_ep15) by extensions ['ignore', 'ignore_ament_install']
[0.439s] Level 1:colcon.colcon_core.package_identification:_identify(dataset/20251216_101354_Home2C_ep15) by extension 'ignore'
[0.439s] Level 1:colcon.colcon_core.package_identification:_identify(dataset/20251216_101354_Home2C_ep15) by extension 'ignore_ament_install'
[0.439s] Level 1:colcon.colcon_core.package_identification:_identify(dataset/20251216_101354_Home2C_ep15) by extensions ['colcon_pkg']
[0.439s] Level 1:colcon.colcon_core.package_identification:_identify(dataset/20251216_101354_Home2C_ep15) by extension 'colcon_pkg'
[0.439s] Level 1:colcon.colcon_core.package_identification:_identify(dataset/20251216_101354_Home2C_ep15) by extensions ['colcon_meta']
[0.439s] Level 1:colcon.colcon_core.package_identification:_identify(dataset/20251216_101354_Home2C_ep15) by extension 'colcon_meta'
[0.439s] Level 1:colcon.colcon_core.package_identification:_identify(dataset/20251216_101354_Home2C_ep15) by extensions ['ros']
[0.439s] Level 1:colcon.colcon_core.package_identification:_identify(dataset/20251216_101354_Home2C_ep15) by extension 'ros'
[0.439s] Level 1:colcon.colcon_core.package_identification:_identify(dataset/20251216_101354_Home2C_ep15) by extensions ['cmake', 'python']
[0.439s] Level 1:colcon.colcon_core.package_identification:_identify(dataset/20251216_101354_Home2C_ep15) by extension 'cmake'
[0.439s] Level 1:colcon.colcon_core.package_identification:_identify(dataset/20251216_101354_Home2C_ep15) by extension 'python'
[0.439s] Level 1:colcon.colcon_core.package_identification:_identify(dataset/20251216_101354_Home2C_ep15) by extensions ['python_setup_py']
[0.439s] Level 1:colcon.colcon_core.package_identification:_identify(dataset/20251216_101354_Home2C_ep15) by extension 'python_setup_py'
[0.440s] Level 1:colcon.colcon_core.package_identification:_identify(dataset/20251216_101354_Home2C_ep15/images) by extensions ['ignore', 'ignore_ament_install']
[0.440s] Level 1:colcon.colcon_core.package_identification:_identify(dataset/20251216_101354_Home2C_ep15/images) by extension 'ignore'
[0.440s] Level 1:colcon.colcon_core.package_identification:_identify(dataset/20251216_101354_Home2C_ep15/images) by extension 'ignore_ament_install'
[0.440s] Level 1:colcon.colcon_core.package_identification:_identify(dataset/20251216_101354_Home2C_ep15/images) by extensions ['colcon_pkg']
[0.440s] Level 1:colcon.colcon_core.package_identification:_identify(dataset/20251216_101354_Home2C_ep15/images) by extension 'colcon_pkg'
[0.440s] Level 1:colcon.colcon_core.package_identification:_identify(dataset/20251216_101354_Home2C_ep15/images) by extensions ['colcon_meta']
[0.440s] Level 1:colcon.colcon_core.package_identification:_identify(dataset/20251216_101354_Home2C_ep15/images) by extension 'colcon_meta'
[0.440s] Level 1:colcon.colcon_core.package_identification:_identify(dataset/20251216_101354_Home2C_ep15/images) by extensions ['ros']
[0.440s] Level 1:colcon.colcon_core.package_identification:_identify(dataset/20251216_101354_Home2C_ep15/images) by extension 'ros'
[0.440s] Level 1:colcon.colcon_core.package_identification:_identify(dataset/20251216_101354_Home2C_ep15/images) by extensions ['cmake', 'python']
[0.440s] Level 1:colcon.colcon_core.package_identification:_identify(dataset/20251216_101354_Home2C_ep15/images) by extension 'cmake'
[0.440s] Level 1:colcon.colcon_core.package_identification:_identify(dataset/20251216_101354_Home2C_ep15/images) by extension 'python'
[0.440s] Level 1:colcon.colcon_core.package_identification:_identify(dataset/20251216_101354_Home2C_ep15/images) by extensions ['python_setup_py']
[0.440s] Level 1:colcon.colcon_core.package_identification:_identify(dataset/20251216_101354_Home2C_ep15/images) by extension 'python_setup_py'
[0.440s] Level 1:colcon.colcon_core.package_identification:_identify(dataset/20251216_101718_Home2C_ep16) by extensions ['ignore', 'ignore_ament_install']
[0.440s] Level 1:colcon.colcon_core.package_identification:_identify(dataset/20251216_101718_Home2C_ep16) by extension 'ignore'
[0.440s] Level 1:colcon.colcon_core.package_identification:_identify(dataset/20251216_101718_Home2C_ep16) by extension 'ignore_ament_install'
[0.440s] Level 1:colcon.colcon_core.package_identification:_identify(dataset/20251216_101718_Home2C_ep16) by extensions ['colcon_pkg']
[0.440s] Level 1:colcon.colcon_core.package_identification:_identify(dataset/20251216_101718_Home2C_ep16) by extension 'colcon_pkg'
[0.440s] Level 1:colcon.colcon_core.package_identification:_identify(dataset/20251216_101718_Home2C_ep16) by extensions ['colcon_meta']
[0.440s] Level 1:colcon.colcon_core.package_identification:_identify(dataset/20251216_101718_Home2C_ep16) by extension 'colcon_meta'
[0.440s] Level 1:colcon.colcon_core.package_identification:_identify(dataset/20251216_101718_Home2C_ep16) by extensions ['ros']
[0.440s] Level 1:colcon.colcon_core.package_identification:_identify(dataset/20251216_101718_Home2C_ep16) by extension 'ros'
[0.441s] Level 1:colcon.colcon_core.package_identification:_identify(dataset/20251216_101718_Home2C_ep16) by extensions ['cmake', 'python']
[0.441s] Level 1:colcon.colcon_core.package_identification:_identify(dataset/20251216_101718_Home2C_ep16) by extension 'cmake'
[0.441s] Level 1:colcon.colcon_core.package_identification:_identify(dataset/20251216_101718_Home2C_ep16) by extension 'python'
[0.441s] Level 1:colcon.colcon_core.package_identification:_identify(dataset/20251216_101718_Home2C_ep16) by extensions ['python_setup_py']
[0.441s] Level 1:colcon.colcon_core.package_identification:_identify(dataset/20251216_101718_Home2C_ep16) by extension 'python_setup_py'
[0.441s] Level 1:colcon.colcon_core.package_identification:_identify(dataset/20251216_101718_Home2C_ep16/images) by extensions ['ignore', 'ignore_ament_install']
[0.441s] Level 1:colcon.colcon_core.package_identification:_identify(dataset/20251216_101718_Home2C_ep16/images) by extension 'ignore'
[0.441s] Level 1:colcon.colcon_core.package_identification:_identify(dataset/20251216_101718_Home2C_ep16/images) by extension 'ignore_ament_install'
[0.441s] Level 1:colcon.colcon_core.package_identification:_identify(dataset/20251216_101718_Home2C_ep16/images) by extensions ['colcon_pkg']
[0.441s] Level 1:colcon.colcon_core.package_identification:_identify(dataset/20251216_101718_Home2C_ep16/images) by extension 'colcon_pkg'
[0.441s] Level 1:colcon.colcon_core.package_identification:_identify(dataset/20251216_101718_Home2C_ep16/images) by extensions ['colcon_meta']
[0.441s] Level 1:colcon.colcon_core.package_identification:_identify(dataset/20251216_101718_Home2C_ep16/images) by extension 'colcon_meta'
[0.441s] Level 1:colcon.colcon_core.package_identification:_identify(dataset/20251216_101718_Home2C_ep16/images) by extensions ['ros']
[0.442s] Level 1:colcon.colcon_core.package_identification:_identify(dataset/20251216_101718_Home2C_ep16/images) by extension 'ros'
[0.442s] Level 1:colcon.colcon_core.package_identification:_identify(dataset/20251216_101718_Home2C_ep16/images) by extensions ['cmake', 'python']
[0.442s] Level 1:colcon.colcon_core.package_identification:_identify(dataset/20251216_101718_Home2C_ep16/images) by extension 'cmake'
[0.442s] Level 1:colcon.colcon_core.package_identification:_identify(dataset/20251216_101718_Home2C_ep16/images) by extension 'python'
[0.442s] Level 1:colcon.colcon_core.package_identification:_identify(dataset/20251216_101718_Home2C_ep16/images) by extensions ['python_setup_py']
[0.442s] Level 1:colcon.colcon_core.package_identification:_identify(dataset/20251216_101718_Home2C_ep16/images) by extension 'python_setup_py'
[0.442s] Level 1:colcon.colcon_core.package_identification:_identify(dataset/20251216_102146_Home2C_ep17) by extensions ['ignore', 'ignore_ament_install']
[0.442s] Level 1:colcon.colcon_core.package_identification:_identify(dataset/20251216_102146_Home2C_ep17) by extension 'ignore'
[0.442s] Level 1:colcon.colcon_core.package_identification:_identify(dataset/20251216_102146_Home2C_ep17) by extension 'ignore_ament_install'
[0.442s] Level 1:colcon.colcon_core.package_identification:_identify(dataset/20251216_102146_Home2C_ep17) by extensions ['colcon_pkg']
[0.442s] Level 1:colcon.colcon_core.package_identification:_identify(dataset/20251216_102146_Home2C_ep17) by extension 'colcon_pkg'
[0.442s] Level 1:colcon.colcon_core.package_identification:_identify(dataset/20251216_102146_Home2C_ep17) by extensions ['colcon_meta']
[0.442s] Level 1:colcon.colcon_core.package_identification:_identify(dataset/20251216_102146_Home2C_ep17) by extension 'colcon_meta'
[0.442s] Level 1:colcon.colcon_core.package_identification:_identify(dataset/20251216_102146_Home2C_ep17) by extensions ['ros']
[0.442s] Level 1:colcon.colcon_core.package_identification:_identify(dataset/20251216_102146_Home2C_ep17) by extension 'ros'
[0.442s] Level 1:colcon.colcon_core.package_identification:_identify(dataset/20251216_102146_Home2C_ep17) by extensions ['cmake', 'python']
[0.442s] Level 1:colcon.colcon_core.package_identification:_identify(dataset/20251216_102146_Home2C_ep17) by extension 'cmake'
[0.442s] Level 1:colcon.colcon_core.package_identification:_identify(dataset/20251216_102146_Home2C_ep17) by extension 'python'
[0.442s] Level 1:colcon.colcon_core.package_identification:_identify(dataset/20251216_102146_Home2C_ep17) by extensions ['python_setup_py']
[0.442s] Level 1:colcon.colcon_core.package_identification:_identify(dataset/20251216_102146_Home2C_ep17) by extension 'python_setup_py'
[0.443s] Level 1:colcon.colcon_core.package_identification:_identify(dataset/20251216_102146_Home2C_ep17/images) by extensions ['ignore', 'ignore_ament_install']
[0.443s] Level 1:colcon.colcon_core.package_identification:_identify(dataset/20251216_102146_Home2C_ep17/images) by extension 'ignore'
[0.443s] Level 1:colcon.colcon_core.package_identification:_identify(dataset/20251216_102146_Home2C_ep17/images) by extension 'ignore_ament_install'
[0.443s] Level 1:colcon.colcon_core.package_identification:_identify(dataset/20251216_102146_Home2C_ep17/images) by extensions ['colcon_pkg']
[0.443s] Level 1:colcon.colcon_core.package_identification:_identify(dataset/20251216_102146_Home2C_ep17/images) by extension 'colcon_pkg'
[0.443s] Level 1:colcon.colcon_core.package_identification:_identify(dataset/20251216_102146_Home2C_ep17/images) by extensions ['colcon_meta']
[0.443s] Level 1:colcon.colcon_core.package_identification:_identify(dataset/20251216_102146_Home2C_ep17/images) by extension 'colcon_meta'
[0.443s] Level 1:colcon.colcon_core.package_identification:_identify(dataset/20251216_102146_Home2C_ep17/images) by extensions ['ros']
[0.443s] Level 1:colcon.colcon_core.package_identification:_identify(dataset/20251216_102146_Home2C_ep17/images) by extension 'ros'
[0.443s] Level 1:colcon.colcon_core.package_identification:_identify(dataset/20251216_102146_Home2C_ep17/images) by extensions ['cmake', 'python']
[0.443s] Level 1:colcon.colcon_core.package_identification:_identify(dataset/20251216_102146_Home2C_ep17/images) by extension 'cmake'
[0.443s] Level 1:colcon.colcon_core.package_identification:_identify(dataset/20251216_102146_Home2C_ep17/images) by extension 'python'
[0.443s] Level 1:colcon.colcon_core.package_identification:_identify(dataset/20251216_102146_Home2C_ep17/images) by extensions ['python_setup_py']
[0.443s] Level 1:colcon.colcon_core.package_identification:_identify(dataset/20251216_102146_Home2C_ep17/images) by extension 'python_setup_py'
[0.443s] Level 1:colcon.colcon_core.package_identification:_identify(dataset/20251216_102613_Home2C_ep18) by extensions ['ignore', 'ignore_ament_install']
[0.443s] Level 1:colcon.colcon_core.package_identification:_identify(dataset/20251216_102613_Home2C_ep18) by extension 'ignore'
[0.443s] Level 1:colcon.colcon_core.package_identification:_identify(dataset/20251216_102613_Home2C_ep18) by extension 'ignore_ament_install'
[0.444s] Level 1:colcon.colcon_core.package_identification:_identify(dataset/20251216_102613_Home2C_ep18) by extensions ['colcon_pkg']
[0.444s] Level 1:colcon.colcon_core.package_identification:_identify(dataset/20251216_102613_Home2C_ep18) by extension 'colcon_pkg'
[0.444s] Level 1:colcon.colcon_core.package_identification:_identify(dataset/20251216_102613_Home2C_ep18) by extensions ['colcon_meta']
[0.444s] Level 1:colcon.colcon_core.package_identification:_identify(dataset/20251216_102613_Home2C_ep18) by extension 'colcon_meta'
[0.444s] Level 1:colcon.colcon_core.package_identification:_identify(dataset/20251216_102613_Home2C_ep18) by extensions ['ros']
[0.444s] Level 1:colcon.colcon_core.package_identification:_identify(dataset/20251216_102613_Home2C_ep18) by extension 'ros'
[0.444s] Level 1:colcon.colcon_core.package_identification:_identify(dataset/20251216_102613_Home2C_ep18) by extensions ['cmake', 'python']
[0.444s] Level 1:colcon.colcon_core.package_identification:_identify(dataset/20251216_102613_Home2C_ep18) by extension 'cmake'
[0.444s] Level 1:colcon.colcon_core.package_identification:_identify(dataset/20251216_102613_Home2C_ep18) by extension 'python'
[0.444s] Level 1:colcon.colcon_core.package_identification:_identify(dataset/20251216_102613_Home2C_ep18) by extensions ['python_setup_py']
[0.444s] Level 1:colcon.colcon_core.package_identification:_identify(dataset/20251216_102613_Home2C_ep18) by extension 'python_setup_py'
[0.444s] Level 1:colcon.colcon_core.package_identification:_identify(dataset/20251216_102613_Home2C_ep18/images) by extensions ['ignore', 'ignore_ament_install']
[0.444s] Level 1:colcon.colcon_core.package_identification:_identify(dataset/20251216_102613_Home2C_ep18/images) by extension 'ignore'
[0.444s] Level 1:colcon.colcon_core.package_identification:_identify(dataset/20251216_102613_Home2C_ep18/images) by extension 'ignore_ament_install'
[0.444s] Level 1:colcon.colcon_core.package_identification:_identify(dataset/20251216_102613_Home2C_ep18/images) by extensions ['colcon_pkg']
[0.444s] Level 1:colcon.colcon_core.package_identification:_identify(dataset/20251216_102613_Home2C_ep18/images) by extension 'colcon_pkg'
[0.444s] Level 1:colcon.colcon_core.package_identification:_identify(dataset/20251216_102613_Home2C_ep18/images) by extensions ['colcon_meta']
[0.444s] Level 1:colcon.colcon_core.package_identification:_identify(dataset/20251216_102613_Home2C_ep18/images) by extension 'colcon_meta'
[0.444s] Level 1:colcon.colcon_core.package_identification:_identify(dataset/20251216_102613_Home2C_ep18/images) by extensions ['ros']
[0.445s] Level 1:colcon.colcon_core.package_identification:_identify(dataset/20251216_102613_Home2C_ep18/images) by extension 'ros'
[0.445s] Level 1:colcon.colcon_core.package_identification:_identify(dataset/20251216_102613_Home2C_ep18/images) by extensions ['cmake', 'python']
[0.445s] Level 1:colcon.colcon_core.package_identification:_identify(dataset/20251216_102613_Home2C_ep18/images) by extension 'cmake'
[0.445s] Level 1:colcon.colcon_core.package_identification:_identify(dataset/20251216_102613_Home2C_ep18/images) by extension 'python'
[0.445s] Level 1:colcon.colcon_core.package_identification:_identify(dataset/20251216_102613_Home2C_ep18/images) by extensions ['python_setup_py']
[0.445s] Level 1:colcon.colcon_core.package_identification:_identify(dataset/20251216_102613_Home2C_ep18/images) by extension 'python_setup_py'
[0.445s] Level 1:colcon.colcon_core.package_identification:_identify(dataset/20251216_102928_Home2C_ep19) by extensions ['ignore', 'ignore_ament_install']
[0.445s] Level 1:colcon.colcon_core.package_identification:_identify(dataset/20251216_102928_Home2C_ep19) by extension 'ignore'
[0.445s] Level 1:colcon.colcon_core.package_identification:_identify(dataset/20251216_102928_Home2C_ep19) by extension 'ignore_ament_install'
[0.445s] Level 1:colcon.colcon_core.package_identification:_identify(dataset/20251216_102928_Home2C_ep19) by extensions ['colcon_pkg']
[0.445s] Level 1:colcon.colcon_core.package_identification:_identify(dataset/20251216_102928_Home2C_ep19) by extension 'colcon_pkg'
[0.445s] Level 1:colcon.colcon_core.package_identification:_identify(dataset/20251216_102928_Home2C_ep19) by extensions ['colcon_meta']
[0.445s] Level 1:colcon.colcon_core.package_identification:_identify(dataset/20251216_102928_Home2C_ep19) by extension 'colcon_meta'
[0.445s] Level 1:colcon.colcon_core.package_identification:_identify(dataset/20251216_102928_Home2C_ep19) by extensions ['ros']
[0.445s] Level 1:colcon.colcon_core.package_identification:_identify(dataset/20251216_102928_Home2C_ep19) by extension 'ros'
[0.445s] Level 1:colcon.colcon_core.package_identification:_identify(dataset/20251216_102928_Home2C_ep19) by extensions ['cmake', 'python']
[0.445s] Level 1:colcon.colcon_core.package_identification:_identify(dataset/20251216_102928_Home2C_ep19) by extension 'cmake'
[0.445s] Level 1:colcon.colcon_core.package_identification:_identify(dataset/20251216_102928_Home2C_ep19) by extension 'python'
[0.445s] Level 1:colcon.colcon_core.package_identification:_identify(dataset/20251216_102928_Home2C_ep19) by extensions ['python_setup_py']
[0.445s] Level 1:colcon.colcon_core.package_identification:_identify(dataset/20251216_102928_Home2C_ep19) by extension 'python_setup_py'
[0.446s] Level 1:colcon.colcon_core.package_identification:_identify(dataset/20251216_102928_Home2C_ep19/images) by extensions ['ignore', 'ignore_ament_install']
[0.446s] Level 1:colcon.colcon_core.package_identification:_identify(dataset/20251216_102928_Home2C_ep19/images) by extension 'ignore'
[0.446s] Level 1:colcon.colcon_core.package_identification:_identify(dataset/20251216_102928_Home2C_ep19/images) by extension 'ignore_ament_install'
[0.446s] Level 1:colcon.colcon_core.package_identification:_identify(dataset/20251216_102928_Home2C_ep19/images) by extensions ['colcon_pkg']
[0.446s] Level 1:colcon.colcon_core.package_identification:_identify(dataset/20251216_102928_Home2C_ep19/images) by extension 'colcon_pkg'
[0.446s] Level 1:colcon.colcon_core.package_identification:_identify(dataset/20251216_102928_Home2C_ep19/images) by extensions ['colcon_meta']
[0.446s] Level 1:colcon.colcon_core.package_identification:_identify(dataset/20251216_102928_Home2C_ep19/images) by extension 'colcon_meta'
[0.446s] Level 1:colcon.colcon_core.package_identification:_identify(dataset/20251216_102928_Home2C_ep19/images) by extensions ['ros']
[0.446s] Level 1:colcon.colcon_core.package_identification:_identify(dataset/20251216_102928_Home2C_ep19/images) by extension 'ros'
[0.446s] Level 1:colcon.colcon_core.package_identification:_identify(dataset/20251216_102928_Home2C_ep19/images) by extensions ['cmake', 'python']
[0.446s] Level 1:colcon.colcon_core.package_identification:_identify(dataset/20251216_102928_Home2C_ep19/images) by extension 'cmake'
[0.446s] Level 1:colcon.colcon_core.package_identification:_identify(dataset/20251216_102928_Home2C_ep19/images) by extension 'python'
[0.446s] Level 1:colcon.colcon_core.package_identification:_identify(dataset/20251216_102928_Home2C_ep19/images) by extensions ['python_setup_py']
[0.446s] Level 1:colcon.colcon_core.package_identification:_identify(dataset/20251216_102928_Home2C_ep19/images) by extension 'python_setup_py'
[0.446s] Level 1:colcon.colcon_core.package_identification:_identify(dataset/20251216_103223_Home2C_ep20) by extensions ['ignore', 'ignore_ament_install']
[0.446s] Level 1:colcon.colcon_core.package_identification:_identify(dataset/20251216_103223_Home2C_ep20) by extension 'ignore'
[0.446s] Level 1:colcon.colcon_core.package_identification:_identify(dataset/20251216_103223_Home2C_ep20) by extension 'ignore_ament_install'
[0.446s] Level 1:colcon.colcon_core.package_identification:_identify(dataset/20251216_103223_Home2C_ep20) by extensions ['colcon_pkg']
[0.446s] Level 1:colcon.colcon_core.package_identification:_identify(dataset/20251216_103223_Home2C_ep20) by extension 'colcon_pkg'
[0.446s] Level 1:colcon.colcon_core.package_identification:_identify(dataset/20251216_103223_Home2C_ep20) by extensions ['colcon_meta']
[0.446s] Level 1:colcon.colcon_core.package_identification:_identify(dataset/20251216_103223_Home2C_ep20) by extension 'colcon_meta'
[0.446s] Level 1:colcon.colcon_core.package_identification:_identify(dataset/20251216_103223_Home2C_ep20) by extensions ['ros']
[0.446s] Level 1:colcon.colcon_core.package_identification:_identify(dataset/20251216_103223_Home2C_ep20) by extension 'ros'
[0.446s] Level 1:colcon.colcon_core.package_identification:_identify(dataset/20251216_103223_Home2C_ep20) by extensions ['cmake', 'python']
[0.446s] Level 1:colcon.colcon_core.package_identification:_identify(dataset/20251216_103223_Home2C_ep20) by extension 'cmake'
[0.447s] Level 1:colcon.colcon_core.package_identification:_identify(dataset/20251216_103223_Home2C_ep20) by extension 'python'
[0.447s] Level 1:colcon.colcon_core.package_identification:_identify(dataset/20251216_103223_Home2C_ep20) by extensions ['python_setup_py']
[0.447s] Level 1:colcon.colcon_core.package_identification:_identify(dataset/20251216_103223_Home2C_ep20) by extension 'python_setup_py'
[0.447s] Level 1:colcon.colcon_core.package_identification:_identify(dataset/20251216_103223_Home2C_ep20/images) by extensions ['ignore', 'ignore_ament_install']
[0.447s] Level 1:colcon.colcon_core.package_identification:_identify(dataset/20251216_103223_Home2C_ep20/images) by extension 'ignore'
[0.447s] Level 1:colcon.colcon_core.package_identification:_identify(dataset/20251216_103223_Home2C_ep20/images) by extension 'ignore_ament_install'
[0.447s] Level 1:colcon.colcon_core.package_identification:_identify(dataset/20251216_103223_Home2C_ep20/images) by extensions ['colcon_pkg']
[0.447s] Level 1:colcon.colcon_core.package_identification:_identify(dataset/20251216_103223_Home2C_ep20/images) by extension 'colcon_pkg'
[0.447s] Level 1:colcon.colcon_core.package_identification:_identify(dataset/20251216_103223_Home2C_ep20/images) by extensions ['colcon_meta']
[0.447s] Level 1:colcon.colcon_core.package_identification:_identify(dataset/20251216_103223_Home2C_ep20/images) by extension 'colcon_meta'
[0.447s] Level 1:colcon.colcon_core.package_identification:_identify(dataset/20251216_103223_Home2C_ep20/images) by extensions ['ros']
[0.447s] Level 1:colcon.colcon_core.package_identification:_identify(dataset/20251216_103223_Home2C_ep20/images) by extension 'ros'
[0.447s] Level 1:colcon.colcon_core.package_identification:_identify(dataset/20251216_103223_Home2C_ep20/images) by extensions ['cmake', 'python']
[0.447s] Level 1:colcon.colcon_core.package_identification:_identify(dataset/20251216_103223_Home2C_ep20/images) by extension 'cmake'
[0.447s] Level 1:colcon.colcon_core.package_identification:_identify(dataset/20251216_103223_Home2C_ep20/images) by extension 'python'
[0.447s] Level 1:colcon.colcon_core.package_identification:_identify(dataset/20251216_103223_Home2C_ep20/images) by extensions ['python_setup_py']
[0.447s] Level 1:colcon.colcon_core.package_identification:_identify(dataset/20251216_103223_Home2C_ep20/images) by extension 'python_setup_py'
[0.447s] Level 1:colcon.colcon_core.package_identification:_identify(dataset/20260105_151211_Home2C_ep21) by extensions ['ignore', 'ignore_ament_install']
[0.448s] Level 1:colcon.colcon_core.package_identification:_identify(dataset/20260105_151211_Home2C_ep21) by extension 'ignore'
[0.448s] Level 1:colcon.colcon_core.package_identification:_identify(dataset/20260105_151211_Home2C_ep21) by extension 'ignore_ament_install'
[0.448s] Level 1:colcon.colcon_core.package_identification:_identify(dataset/20260105_151211_Home2C_ep21) by extensions ['colcon_pkg']
[0.448s] Level 1:colcon.colcon_core.package_identification:_identify(dataset/20260105_151211_Home2C_ep21) by extension 'colcon_pkg'
[0.448s] Level 1:colcon.colcon_core.package_identification:_identify(dataset/20260105_151211_Home2C_ep21) by extensions ['colcon_meta']
[0.448s] Level 1:colcon.colcon_core.package_identification:_identify(dataset/20260105_151211_Home2C_ep21) by extension 'colcon_meta'
[0.448s] Level 1:colcon.colcon_core.package_identification:_identify(dataset/20260105_151211_Home2C_ep21) by extensions ['ros']
[0.448s] Level 1:colcon.colcon_core.package_identification:_identify(dataset/20260105_151211_Home2C_ep21) by extension 'ros'
[0.448s] Level 1:colcon.colcon_core.package_identification:_identify(dataset/20260105_151211_Home2C_ep21) by extensions ['cmake', 'python']
[0.448s] Level 1:colcon.colcon_core.package_identification:_identify(dataset/20260105_151211_Home2C_ep21) by extension 'cmake'
[0.448s] Level 1:colcon.colcon_core.package_identification:_identify(dataset/20260105_151211_Home2C_ep21) by extension 'python'
[0.448s] Level 1:colcon.colcon_core.package_identification:_identify(dataset/20260105_151211_Home2C_ep21) by extensions ['python_setup_py']
[0.448s] Level 1:colcon.colcon_core.package_identification:_identify(dataset/20260105_151211_Home2C_ep21) by extension 'python_setup_py'
[0.448s] Level 1:colcon.colcon_core.package_identification:_identify(dataset/20260105_151211_Home2C_ep21/images) by extensions ['ignore', 'ignore_ament_install']
[0.448s] Level 1:colcon.colcon_core.package_identification:_identify(dataset/20260105_151211_Home2C_ep21/images) by extension 'ignore'
[0.448s] Level 1:colcon.colcon_core.package_identification:_identify(dataset/20260105_151211_Home2C_ep21/images) by extension 'ignore_ament_install'
[0.448s] Level 1:colcon.colcon_core.package_identification:_identify(dataset/20260105_151211_Home2C_ep21/images) by extensions ['colcon_pkg']
[0.448s] Level 1:colcon.colcon_core.package_identification:_identify(dataset/20260105_151211_Home2C_ep21/images) by extension 'colcon_pkg'
[0.448s] Level 1:colcon.colcon_core.package_identification:_identify(dataset/20260105_151211_Home2C_ep21/images) by extensions ['colcon_meta']
[0.448s] Level 1:colcon.colcon_core.package_identification:_identify(dataset/20260105_151211_Home2C_ep21/images) by extension 'colcon_meta'
[0.448s] Level 1:colcon.colcon_core.package_identification:_identify(dataset/20260105_151211_Home2C_ep21/images) by extensions ['ros']
[0.448s] Level 1:colcon.colcon_core.package_identification:_identify(dataset/20260105_151211_Home2C_ep21/images) by extension 'ros'
[0.448s] Level 1:colcon.colcon_core.package_identification:_identify(dataset/20260105_151211_Home2C_ep21/images) by extensions ['cmake', 'python']
[0.448s] Level 1:colcon.colcon_core.package_identification:_identify(dataset/20260105_151211_Home2C_ep21/images) by extension 'cmake'
[0.448s] Level 1:colcon.colcon_core.package_identification:_identify(dataset/20260105_151211_Home2C_ep21/images) by extension 'python'
[0.448s] Level 1:colcon.colcon_core.package_identification:_identify(dataset/20260105_151211_Home2C_ep21/images) by extensions ['python_setup_py']
[0.448s] Level 1:colcon.colcon_core.package_identification:_identify(dataset/20260105_151211_Home2C_ep21/images) by extension 'python_setup_py'
[0.449s] Level 1:colcon.colcon_core.package_identification:_identify(install) by extensions ['ignore', 'ignore_ament_install']
[0.449s] Level 1:colcon.colcon_core.package_identification:_identify(install) by extension 'ignore'
[0.449s] Level 1:colcon.colcon_core.package_identification:_identify(install) ignored
[0.449s] Level 1:colcon.colcon_core.package_identification:_identify(log) by extensions ['ignore', 'ignore_ament_install']
[0.449s] Level 1:colcon.colcon_core.package_identification:_identify(log) by extension 'ignore'
[0.449s] Level 1:colcon.colcon_core.package_identification:_identify(log) ignored
[0.449s] Level 1:colcon.colcon_core.package_identification:_identify(src) by extensions ['ignore', 'ignore_ament_install']
[0.449s] Level 1:colcon.colcon_core.package_identification:_identify(src) by extension 'ignore'
[0.449s] Level 1:colcon.colcon_core.package_identification:_identify(src) by extension 'ignore_ament_install'
[0.449s] Level 1:colcon.colcon_core.package_identification:_identify(src) by extensions ['colcon_pkg']
[0.449s] Level 1:colcon.colcon_core.package_identification:_identify(src) by extension 'colcon_pkg'
[0.449s] Level 1:colcon.colcon_core.package_identification:_identify(src) by extensions ['colcon_meta']
[0.449s] Level 1:colcon.colcon_core.package_identification:_identify(src) by extension 'colcon_meta'
[0.449s] Level 1:colcon.colcon_core.package_identification:_identify(src) by extensions ['ros']
[0.449s] Level 1:colcon.colcon_core.package_identification:_identify(src) by extension 'ros'
[0.449s] Level 1:colcon.colcon_core.package_identification:_identify(src) by extensions ['cmake', 'python']
[0.449s] Level 1:colcon.colcon_core.package_identification:_identify(src) by extension 'cmake'
[0.449s] Level 1:colcon.colcon_core.package_identification:_identify(src) by extension 'python'
[0.449s] Level 1:colcon.colcon_core.package_identification:_identify(src) by extensions ['python_setup_py']
[0.449s] Level 1:colcon.colcon_core.package_identification:_identify(src) by extension 'python_setup_py'
[0.449s] Level 1:colcon.colcon_core.package_identification:_identify(src/tugbot_recorder) by extensions ['ignore', 'ignore_ament_install']
[0.449s] Level 1:colcon.colcon_core.package_identification:_identify(src/tugbot_recorder) by extension 'ignore'
[0.449s] Level 1:colcon.colcon_core.package_identification:_identify(src/tugbot_recorder) by extension 'ignore_ament_install'
[0.449s] Level 1:colcon.colcon_core.package_identification:_identify(src/tugbot_recorder) by extensions ['colcon_pkg']
[0.449s] Level 1:colcon.colcon_core.package_identification:_identify(src/tugbot_recorder) by extension 'colcon_pkg'
[0.449s] Level 1:colcon.colcon_core.package_identification:_identify(src/tugbot_recorder) by extensions ['colcon_meta']
[0.450s] Level 1:colcon.colcon_core.package_identification:_identify(src/tugbot_recorder) by extension 'colcon_meta'
[0.450s] Level 1:colcon.colcon_core.package_identification:_identify(src/tugbot_recorder) by extensions ['ros']
[0.450s] Level 1:colcon.colcon_core.package_identification:_identify(src/tugbot_recorder) by extension 'ros'
[0.451s] DEBUG:colcon.colcon_core.package_identification:Package 'src/tugbot_recorder' with type 'ros.ament_python' and name 'tugbot_recorder'
[0.452s] Level 1:colcon.colcon_core.package_discovery:discover_packages(recursive) using defaults
[0.452s] Level 1:colcon.colcon_core.package_discovery:discover_packages(ignore) discover
[0.452s] Level 1:colcon.colcon_core.package_discovery:discover_packages(ignore) using defaults
[0.452s] Level 1:colcon.colcon_core.package_discovery:discover_packages(path) discover
[0.452s] Level 1:colcon.colcon_core.package_discovery:discover_packages(path) using defaults
[0.466s] Level 1:colcon.colcon_core.package_discovery:discover_packages(prefix_path) check parameters
[0.466s] Level 1:colcon.colcon_core.package_discovery:discover_packages(prefix_path) discover
[0.468s] DEBUG:colcon.colcon_installed_package_information.package_discovery:Found 1 installed packages in /home/newin/Projects/warehouse/ws_warehouse/install
[0.469s] DEBUG:colcon.colcon_installed_package_information.package_discovery:Found 277 installed packages in /opt/ros/humble
[0.469s] Level 1:colcon.colcon_core.package_discovery:discover_packages(prefix_path) using defaults
[0.496s] Level 5:colcon.colcon_core.verb:set package 'tugbot_recorder' build argument 'cmake_args' from command line to 'None'
[0.496s] Level 5:colcon.colcon_core.verb:set package 'tugbot_recorder' build argument 'cmake_target' from command line to 'None'
[0.496s] Level 5:colcon.colcon_core.verb:set package 'tugbot_recorder' build argument 'cmake_target_skip_unavailable' from command line to 'False'
[0.497s] Level 5:colcon.colcon_core.verb:set package 'tugbot_recorder' build argument 'cmake_clean_cache' from command line to 'False'
[0.497s] Level 5:colcon.colcon_core.verb:set package 'tugbot_recorder' build argument 'cmake_clean_first' from command line to 'False'
[0.497s] Level 5:colcon.colcon_core.verb:set package 'tugbot_recorder' build argument 'cmake_force_configure' from command line to 'False'
[0.497s] Level 5:colcon.colcon_core.verb:set package 'tugbot_recorder' build argument 'ament_cmake_args' from command line to 'None'
[0.497s] Level 5:colcon.colcon_core.verb:set package 'tugbot_recorder' build argument 'catkin_cmake_args' from command line to 'None'
[0.497s] Level 5:colcon.colcon_core.verb:set package 'tugbot_recorder' build argument 'catkin_skip_building_tests' from command line to 'False'
[0.497s] DEBUG:colcon.colcon_core.verb:Building package 'tugbot_recorder' with the following arguments: {'ament_cmake_args': None, 'build_base': '/home/newin/Projects/warehouse/ws_warehouse/build/tugbot_recorder', 'catkin_cmake_args': None, 'catkin_skip_building_tests': False, 'cmake_args': None, 'cmake_clean_cache': False, 'cmake_clean_first': False, 'cmake_force_configure': False, 'cmake_target': None, 'cmake_target_skip_unavailable': False, 'install_base': '/home/newin/Projects/warehouse/ws_warehouse/install/tugbot_recorder', 'merge_install': False, 'path': '/home/newin/Projects/warehouse/ws_warehouse/src/tugbot_recorder', 'symlink_install': False, 'test_result_base': None}
[0.497s] INFO:colcon.colcon_core.executor:Executing jobs using 'parallel' executor
[0.498s] DEBUG:colcon.colcon_parallel_executor.executor.parallel:run_until_complete
[0.498s] INFO:colcon.colcon_ros.task.ament_python.build:Building ROS package in '/home/newin/Projects/warehouse/ws_warehouse/src/tugbot_recorder' with build type 'ament_python'
[0.498s] Level 1:colcon.colcon_core.shell:create_environment_hook('tugbot_recorder', 'ament_prefix_path')
[0.499s] INFO:colcon.colcon_core.plugin_system:Skipping extension 'colcon_core.shell.bat': Not used on non-Windows systems
[0.499s] INFO:colcon.colcon_core.shell:Creating environment hook '/home/newin/Projects/warehouse/ws_warehouse/install/tugbot_recorder/share/tugbot_recorder/hook/ament_prefix_path.ps1'
[0.500s] INFO:colcon.colcon_core.shell:Creating environment descriptor '/home/newin/Projects/warehouse/ws_warehouse/install/tugbot_recorder/share/tugbot_recorder/hook/ament_prefix_path.dsv'
[0.500s] INFO:colcon.colcon_core.shell:Creating environment hook '/home/newin/Projects/warehouse/ws_warehouse/install/tugbot_recorder/share/tugbot_recorder/hook/ament_prefix_path.sh'
[0.501s] INFO:colcon.colcon_core.shell:Skip shell extension 'powershell' for command environment: Not usable outside of PowerShell
[0.501s] DEBUG:colcon.colcon_core.shell:Skip shell extension 'dsv' for command environment
[0.736s] INFO:colcon.colcon_core.task.python.build:Building Python package in '/home/newin/Projects/warehouse/ws_warehouse/src/tugbot_recorder'
[0.736s] INFO:colcon.colcon_core.shell:Skip shell extension 'powershell' for command environment: Not usable outside of PowerShell
[0.736s] DEBUG:colcon.colcon_core.shell:Skip shell extension 'dsv' for command environment
[1.063s] DEBUG:colcon.colcon_core.event_handler.log_command:Invoking command in '/home/newin/Projects/warehouse/ws_warehouse/src/tugbot_recorder': PYTHONPATH=/home/newin/Projects/warehouse/ws_warehouse/build/tugbot_recorder/prefix_override:/usr/lib/python3/dist-packages/colcon_core/task/python/colcon_distutils_commands:/home/newin/Projects/warehouse/ws_warehouse/install/tugbot_recorder/lib/python3.10/site-packages:${PYTHONPATH} /usr/bin/python3 -W ignore:setup.py install is deprecated -W ignore:easy_install command is deprecated setup.py egg_info --egg-base ../../build/tugbot_recorder build --build-base /home/newin/Projects/warehouse/ws_warehouse/build/tugbot_recorder/build install --record /home/newin/Projects/warehouse/ws_warehouse/build/tugbot_recorder/install.log --single-version-externally-managed install_data
[1.313s] DEBUG:colcon.colcon_core.event_handler.log_command:Invoked command in '/home/newin/Projects/warehouse/ws_warehouse/src/tugbot_recorder' returned '0': PYTHONPATH=/home/newin/Projects/warehouse/ws_warehouse/build/tugbot_recorder/prefix_override:/usr/lib/python3/dist-packages/colcon_core/task/python/colcon_distutils_commands:/home/newin/Projects/warehouse/ws_warehouse/install/tugbot_recorder/lib/python3.10/site-packages:${PYTHONPATH} /usr/bin/python3 -W ignore:setup.py install is deprecated -W ignore:easy_install command is deprecated setup.py egg_info --egg-base ../../build/tugbot_recorder build --build-base /home/newin/Projects/warehouse/ws_warehouse/build/tugbot_recorder/build install --record /home/newin/Projects/warehouse/ws_warehouse/build/tugbot_recorder/install.log --single-version-externally-managed install_data
[1.315s] Level 1:colcon.colcon_core.environment:checking '/home/newin/Projects/warehouse/ws_warehouse/install/tugbot_recorder' for CMake module files
[1.315s] Level 1:colcon.colcon_core.environment:checking '/home/newin/Projects/warehouse/ws_warehouse/install/tugbot_recorder' for CMake config files
[1.316s] Level 1:colcon.colcon_core.environment:checking '/home/newin/Projects/warehouse/ws_warehouse/install/tugbot_recorder/lib'
[1.316s] Level 1:colcon.colcon_core.environment:checking '/home/newin/Projects/warehouse/ws_warehouse/install/tugbot_recorder/bin'
[1.316s] Level 1:colcon.colcon_core.environment:checking '/home/newin/Projects/warehouse/ws_warehouse/install/tugbot_recorder/lib/pkgconfig/tugbot_recorder.pc'
[1.316s] Level 1:colcon.colcon_core.environment:checking '/home/newin/Projects/warehouse/ws_warehouse/install/tugbot_recorder/lib/python3.10/site-packages'
[1.316s] Level 1:colcon.colcon_core.shell:create_environment_hook('tugbot_recorder', 'pythonpath')
[1.316s] INFO:colcon.colcon_core.shell:Creating environment hook '/home/newin/Projects/warehouse/ws_warehouse/install/tugbot_recorder/share/tugbot_recorder/hook/pythonpath.ps1'
[1.317s] INFO:colcon.colcon_core.shell:Creating environment descriptor '/home/newin/Projects/warehouse/ws_warehouse/install/tugbot_recorder/share/tugbot_recorder/hook/pythonpath.dsv'
[1.317s] INFO:colcon.colcon_core.shell:Creating environment hook '/home/newin/Projects/warehouse/ws_warehouse/install/tugbot_recorder/share/tugbot_recorder/hook/pythonpath.sh'
[1.317s] Level 1:colcon.colcon_core.environment:checking '/home/newin/Projects/warehouse/ws_warehouse/install/tugbot_recorder/bin'
[1.317s] Level 1:colcon.colcon_core.environment:create_environment_scripts_only(tugbot_recorder)
[1.318s] INFO:colcon.colcon_core.shell:Creating package script '/home/newin/Projects/warehouse/ws_warehouse/install/tugbot_recorder/share/tugbot_recorder/package.ps1'
[1.318s] INFO:colcon.colcon_core.shell:Creating package descriptor '/home/newin/Projects/warehouse/ws_warehouse/install/tugbot_recorder/share/tugbot_recorder/package.dsv'
[1.318s] INFO:colcon.colcon_core.shell:Creating package script '/home/newin/Projects/warehouse/ws_warehouse/install/tugbot_recorder/share/tugbot_recorder/package.sh'
[1.319s] INFO:colcon.colcon_core.shell:Creating package script '/home/newin/Projects/warehouse/ws_warehouse/install/tugbot_recorder/share/tugbot_recorder/package.bash'
[1.319s] INFO:colcon.colcon_core.shell:Creating package script '/home/newin/Projects/warehouse/ws_warehouse/install/tugbot_recorder/share/tugbot_recorder/package.zsh'
[1.320s] Level 1:colcon.colcon_core.environment:create_file_with_runtime_dependencies(/home/newin/Projects/warehouse/ws_warehouse/install/tugbot_recorder/share/colcon-core/packages/tugbot_recorder)
[1.320s] DEBUG:colcon.colcon_parallel_executor.executor.parallel:closing loop
[1.320s] DEBUG:colcon.colcon_parallel_executor.executor.parallel:loop closed
[1.320s] DEBUG:colcon.colcon_parallel_executor.executor.parallel:run_until_complete finished with '0'
[1.320s] DEBUG:colcon.colcon_core.event_reactor:joining thread
[1.324s] INFO:colcon.colcon_core.plugin_system:Skipping extension 'colcon_notification.desktop_notification.terminal_notifier': Not used on non-Darwin systems
[1.324s] INFO:colcon.colcon_core.plugin_system:Skipping extension 'colcon_notification.desktop_notification.win32': Not used on non-Windows systems
[1.325s] INFO:colcon.colcon_notification.desktop_notification:Sending desktop notification using 'notify2'
[1.334s] DEBUG:colcon.colcon_core.event_reactor:joined thread
[1.334s] INFO:colcon.colcon_core.shell:Creating prefix script '/home/newin/Projects/warehouse/ws_warehouse/install/local_setup.ps1'
[1.335s] INFO:colcon.colcon_core.shell:Creating prefix util module '/home/newin/Projects/warehouse/ws_warehouse/install/_local_setup_util_ps1.py'
[1.337s] INFO:colcon.colcon_core.shell:Creating prefix chain script '/home/newin/Projects/warehouse/ws_warehouse/install/setup.ps1'
[1.338s] INFO:colcon.colcon_core.shell:Creating prefix script '/home/newin/Projects/warehouse/ws_warehouse/install/local_setup.sh'
[1.338s] INFO:colcon.colcon_core.shell:Creating prefix util module '/home/newin/Projects/warehouse/ws_warehouse/install/_local_setup_util_sh.py'
[1.338s] INFO:colcon.colcon_core.shell:Creating prefix chain script '/home/newin/Projects/warehouse/ws_warehouse/install/setup.sh'
[1.339s] INFO:colcon.colcon_core.shell:Creating prefix script '/home/newin/Projects/warehouse/ws_warehouse/install/local_setup.bash'
[1.339s] INFO:colcon.colcon_core.shell:Creating prefix chain script '/home/newin/Projects/warehouse/ws_warehouse/install/setup.bash'
[1.340s] INFO:colcon.colcon_core.shell:Creating prefix script '/home/newin/Projects/warehouse/ws_warehouse/install/local_setup.zsh'
[1.340s] INFO:colcon.colcon_core.shell:Creating prefix chain script '/home/newin/Projects/warehouse/ws_warehouse/install/setup.zsh'
