t_unix,t_ros_ns,run_folder,run_id,goal_id,v_pred_lin,w_pred_ang,v_cmd_lin,w_cmd_ang,x,y,yaw,dist_to_goal
1773752069.000505,1773752069000513728,Sr02_gB_IMG1_LID1_STA1_CFC64_OH0,0317_1354,B,-0.05385567620396614,-0.007710816338658333,0.0,0.0,-9.081565006262331e-15,-2.4727431305128767e-24,-7.060457470106491e-12,28.470871634356403
1773752069.118287,1773752069118294245,Sr02_gB_IMG1_LID1_STA1_CFC64_OH0,0317_1354,B,-0.05385567620396614,-0.007710816338658333,0.0,0.0,-9.081565006262331e-15,-2.4727431305128767e-24,-7.060457470106491e-12,28.470871634356403
1773752069.240177,1773752069240184041,Sr02_gB_IMG1_LID1_STA1_CFC64_OH0,0317_1354,B,-0.018936220556497574,-0.003071613609790802,0.0,0.0,-9.195551146678475e-15,-2.4719383362060823e-24,-7.060457779093397e-12,28.470871634356403
1773752069.362272,1773752069362279674,Sr02_gB_IMG1_LID1_STA1_CFC64_OH0,0317_1354,B,-0.031865645200014114,-0.0036726295948028564,0.0,0.0,-9.309610741824545e-15,-2.471133023252348e-24,-7.060457728012353e-12,28.470871634356403
1773752069.490937,1773752069490945817,Sr02_gB_IMG1_LID1_STA1_CFC64_OH0,0317_1354,B,-0.030279837548732758,-0.0032451553270220757,0.0,0.0,-9.385851045262612e-15,-2.4705947318169197e-24,-7.0604576608677584e-12,28.470871634356403
1773752069.6112905,1773752069611297523,Sr02_gB_IMG1_LID1_STA1_CFC64_OH0,0317_1354,B,-0.020899035036563873,-0.010720167309045792,0.0,0.0,-6.3847053195421e-13,2.4247944808110337e-17,-7.710267351344644e-05,28.47087163435621
1773752069.7331514,1773752069733159726,Sr02_gB_IMG1_LID1_STA1_CFC64_OH0,0317_1354,B,-0.052504558116197586,-0.013949714601039886,0.0,0.0,-4.836709220497025e-09,2.7990734967967715e-12,-0.0008481669360005587,28.470871632886308
1773752069.8559902,1773752069855996397,Sr02_gB_IMG1_LID1_STA1_CFC64_OH0,0317_1354,B,-0.03803901746869087,-0.0005260389298200607,0.0,0.0,-1.517786819668874e-08,1.7543102335629027e-11,-0.0020047644775209954,28.47087162973481
1773752069.9741533,1773752069974161730,Sr02_gB_IMG1_LID1_STA1_CFC64_OH0,0317_1354,B,-0.05868193879723549,-0.005426938645541668,0.0,0.0,-1.8072034513458345e-08,2.376979132361405e-11,-0.002311915924132218,28.4708716288508
1773752070.101126,1773752070101133989,Sr02_gB_IMG1_LID1_STA1_CFC64_OH0,0317_1354,B,-0.034233640879392624,-0.0021877367980778217,0.0,0.0,-2.2918082982442437e-08,3.6304628592165207e-11,-0.0028585148698133814,28.470871627368595
1773752070.2245998,1773752070224607841,Sr02_gB_IMG1_LID1_STA1_CFC64_OH0,0317_1354,B,-0.1971195936203003,-0.04049482196569443,0.0,0.0,-2.5796894844012532e-08,4.5000172835293324e-11,-0.003183017085427593,28.470871626486897
1773752070.3435085,1773752070343515523,Sr02_gB_IMG1_LID1_STA1_CFC64_OH0,0317_1354,B,-0.19660116732120514,-0.04065791144967079,0.0,0.0,-3.912289883498938e-08,9.786783729843604e-11,-0.004738393112226693,28.470871622393485
1773752070.4592369,1773752070459244783,Sr02_gB_IMG1_LID1_STA1_CFC64_OH0,0317_1354,B,-0.14246942102909088,-0.004211408086121082,0.0,0.0,-5.1275359505713775e-08,1.6391646476126744e-10,-0.006133343854962057,28.470871618643564
1773752070.5824335,1773752070582441883,Sr02_gB_IMG1_LID1_STA1_CFC64_OH0,0317_1354,B,-0.2980543375015259,-0.022075230255723,-0.5,0.0,-5.2175766345908776e-08,1.6945317199405013e-10,-0.006185946074106123,28.47087161836511
1773752070.7032948,1773752070703302779,Sr02_gB_IMG1_LID1_STA1_CFC64_OH0,0317_1354,B,-0.297859251499176,-0.022066038101911545,-0.5,0.0,-5.716156980494659e-08,2.0181173658742897e-10,-0.006771536336918489,28.47087161682161
1773752070.8263793,1773752070826388519,Sr02_gB_IMG1_LID1_STA1_CFC64_OH0,0317_1354,B,-0.31179094314575195,-0.009883159771561623,-0.5,0.0,-5.908057967160462e-08,2.1501381798338673e-10,-0.006990298060163903,28.470871616226813
1773752070.9458323,1773752070945839997,Sr02_gB_IMG1_LID1_STA1_CFC64_OH0,0317_1354,B,-0.16133715212345123,-0.015242017805576324,0.0,0.0,-1.1906952246444626e-05,8.605476348382425e-08,-0.012256160794246048,28.4708679398587
1773752071.0681915,1773752071068198376,Sr02_gB_IMG1_LID1_STA1_CFC64_OH0,0317_1354,B,-0.3686904311180115,-0.033994633704423904,-0.5,0.0,-1.1940669774571209e-05,8.653627612743923e-08,-0.016321914944241518,28.470867929170193
1773752071.1923518,1773752071192359624,Sr02_gB_IMG1_LID1_STA1_CFC64_OH0,0317_1354,B,-0.36884984374046326,-0.033862289041280746,-0.5,0.0,-1.3078474173267065e-05,1.0513606360057106e-07,-0.016747112981800944,28.47086756624419
1773752071.3122618,1773752071312268665,Sr02_gB_IMG1_LID1_STA1_CFC64_OH0,0317_1354,B,-0.5366055369377136,-0.11451071500778198,-0.5,0.0,-0.013874313124284682,0.0002381061018046806,-0.01731838589243282,28.466438400357294
1773752071.4380543,1773752071438064135,Sr02_gB_IMG1_LID1_STA1_CFC64_OH0,0317_1354,B,-0.45088493824005127,0.015595724806189537,-0.5,0.0,-0.04445757920147197,0.0007732111036263703,-0.017634482950166543,28.45667787557108
1773752071.560865,1773752071560872011,Sr02_gB_IMG1_LID1_STA1_CFC64_OH0,0317_1354,B,-0.5811919569969177,-0.18402163684368134,-0.5,-0.5,-0.1161025742993048,0.002066787129971447,-0.01869350496273692,28.433890193280757
1773752071.6811664,1773752071681173512,Sr02_gB_IMG1_LID1_STA1_CFC64_OH0,0317_1354,B,-0.5812127590179443,-0.18380413949489594,-0.5,-0.5,-0.15520548571175663,0.00281351430634782,-0.019518468298685202,28.421482618823173
1773752071.8001335,1773752071800143642,Sr02_gB_IMG1_LID1_STA1_CFC64_OH0,0317_1354,B,-0.4929753839969635,-0.12981465458869934,-0.5,0.0,-0.22071476824863887,0.004139659441292161,-0.021672712955881992,28.400732926429203
1773752071.9212828,1773752071921289816,Sr02_gB_IMG1_LID1_STA1_CFC64_OH0,0317_1354,B,-0.4809885323047638,-0.0389973483979702,-0.5,0.0,-0.2707010927788324,0.005307843692525352,-0.025058934612789463,28.38484224044072
1773752072.0409877,1773752072040996885,Sr02_gB_IMG1_LID1_STA1_CFC64_OH0,0317_1354,B,-0.5130717754364014,0.19087576866149902,-0.5,0.0,-0.32064827095695875,0.006750634445086395,-0.03426377314683978,28.368779715238727
1773752072.162435,1773752072162443465,Sr02_gB_IMG1_LID1_STA1_CFC64_OH0,0317_1354,B,-0.5113696455955505,0.15228639543056488,-0.5,0.0,-0.3955074203073237,0.009715897319293905,-0.04027867840288715,28.344085482387026
1773752072.2790995,1773752072279106886,Sr02_gB_IMG1_LID1_STA1_CFC64_OH0,0317_1354,B,-0.37307366728782654,-0.016519486904144287,-0.5,0.0,-0.44519673158354583,0.011948338168182167,-0.052662122802962216,28.327538796627657
1773752072.4003274,1773752072400335204,Sr02_gB_IMG1_LID1_STA1_CFC64_OH0,0317_1354,B,-0.4151987135410309,0.14426085352897644,-0.5,0.0,-0.5200182782361573,0.016922993834993637,-0.0792546534732848,28.30122436982838
1773752072.517721,1773752072517727569,Sr02_gB_IMG1_LID1_STA1_CFC64_OH0,0317_1354,B,-0.40534088015556335,0.12588530778884888,-0.5,0.0,-0.5698342311564225,0.021204980735924306,-0.09223609604607215,28.282871397858813
1773752072.643877,1773752072643884310,Sr02_gB_IMG1_LID1_STA1_CFC64_OH0,0317_1354,B,0.05025550350546837,-0.023402733728289604,0.0,0.0,-0.6195706338523108,0.02600976510797381,-0.09862406417095357,28.264116206041752
1773752072.7614887,1773752072761497111,Sr02_gB_IMG1_LID1_STA1_CFC64_OH0,0317_1354,B,-0.45794394612312317,0.10530659556388855,-0.5,0.0,-0.6938606576537593,0.03330027464602662,-0.08962760071639563,28.236134394589982
1773752072.886628,1773752072886637095,Sr02_gB_IMG1_LID1_STA1_CFC64_OH0,0317_1354,B,-0.4142056703567505,-0.154397115111351,-0.5,-0.5,-0.7436921127846381,0.03739630301533275,-0.07439896653379349,28.218222671357374
1773752073.007927,1773752073007934373,Sr02_gB_IMG1_LID1_STA1_CFC64_OH0,0317_1354,B,-0.4035707116127014,-0.15007083117961884,-0.5,-0.5,-0.8183486116924974,0.042533270064987624,-0.06741337038443682,28.192492733756488
1773752073.1220183,1773752073122025353,Sr02_gB_IMG1_LID1_STA1_CFC64_OH0,0317_1354,B,-0.13196203112602234,-0.014221342280507088,0.0,0.0,-0.8681192975378288,0.04559391798203056,-0.0543856484102117,28.17578677688744
1773752073.237968,1773752073237974256,Sr02_gB_IMG1_LID1_STA1_CFC64_OH0,0317_1354,B,-0.321553498506546,0.2006276547908783,-0.5,0.5,-0.9180615723936821,0.04798882605930565,-0.04161337529082533,28.159752402306616
1773752073.353959,1773752073353968114,Sr02_gB_IMG1_LID1_STA1_CFC64_OH0,0317_1354,B,-0.33778294920921326,0.21555130183696747,-0.5,0.5,-0.9821444976871688,0.0501285340031124,-0.024525450455567307,28.140192899461095
1773752073.4776568,1773752073477663675,Sr02_gB_IMG1_LID1_STA1_CFC64_OH0,0317_1354,B,-0.3081172704696655,0.008478296920657158,-0.5,0.0,-1.0227303955230553,0.0509366587082612,-0.016243568301182468,28.12840036008605
1773752073.5943894,1773752073594396015,Sr02_gB_IMG1_LID1_STA1_CFC64_OH0,0317_1354,B,-0.3835110366344452,0.14104148745536804,-0.5,0.0,-1.0723578166919345,0.05160993248116182,-0.014841557256430242,28.114356936056144
1773752073.717698,1773752073717705668,Sr02_gB_IMG1_LID1_STA1_CFC64_OH0,0317_1354,B,-0.31927549839019775,0.14046549797058105,-0.5,0.0,-1.1472104842541122,0.05354964985974869,-0.037175026682738116,28.092437167396945
1773752073.837414,1773752073837421915,Sr02_gB_IMG1_LID1_STA1_CFC64_OH0,0317_1354,B,-0.33858782052993774,0.1445639431476593,-0.5,0.0,-1.1882449483867696,0.055338202134053154,-0.050364730977570174,28.07979894534313
1773752073.9561157,1773752073956125753,Sr02_gB_IMG1_LID1_STA1_CFC64_OH0,0317_1354,B,-0.5163071155548096,0.4356495141983032,-0.5,0.5,-1.23439836844716,0.05804177786193637,-0.06462960746738218,28.064981761823855
1773752074.07441,1773752074074416953,Sr02_gB_IMG1_LID1_STA1_CFC64_OH0,0317_1354,B,-0.24432462453842163,0.27941128611564636,-0.5,0.5,-1.2786976853771452,0.06094031647210511,-0.06307788698649441,28.050531191701914
1773752074.1927776,1773752074192784767,Sr02_gB_IMG1_LID1_STA1_CFC64_OH0,0317_1354,B,-0.2615887224674225,0.2809990644454956,-0.5,0.5,-1.3272464640847172,0.0637779611937589,-0.05635819563455544,28.035093830726982
1773752074.3165329,1773752074316543667,Sr02_gB_IMG1_LID1_STA1_CFC64_OH0,0317_1354,B,-0.392339825630188,0.2773325741291046,-0.5,0.5,-1.4020363143386843,0.06759356116871154,-0.041488197015784246,28.011997955408393
1773752074.4319954,1773752074432004570,Sr02_gB_IMG1_LID1_STA1_CFC64_OH0,0317_1354,B,-0.473643034696579,0.15805676579475403,-0.5,0.0,-1.4520062169119954,0.06931617916153182,-0.027435916614591088,27.997466778599915
1773752074.555229,1773752074555236056,Sr02_gB_IMG1_LID1_STA1_CFC64_OH0,0317_1354,B,-0.43342193961143494,0.40274667739868164,-0.5,0.5,-1.526994225552616,0.07057342700219965,-0.005956295939745656,27.977098095836677
1773752074.6706994,1773752074670706386,Sr02_gB_IMG1_LID1_STA1_CFC64_OH0,0317_1354,B,-0.44288530945777893,0.4007345736026764,-0.5,0.5,-1.5764583141518336,0.07027687561889537,0.021727819933736247,27.964853728741836
1773752074.7824893,1773752074782498382,Sr02_gB_IMG1_LID1_STA1_CFC64_OH0,0317_1354,B,-0.4644583463668823,0.3664056658744812,-0.5,0.5,-1.626098981112458,0.06830039541214239,0.054776403942127454,27.954273456634372
1773752074.901318,1773752074901325332,Sr02_gB_IMG1_LID1_STA1_CFC64_OH0,0317_1354,B,-0.47658440470695496,0.4558182656764984,-0.5,0.5,-1.7008780413172044,0.06262062859938732,0.09687854016794759,27.941112230295232
1773752075.0158756,1773752075015884044,Sr02_gB_IMG1_LID1_STA1_CFC64_OH0,0317_1354,B,-0.4766481816768646,0.46951600909233093,-0.5,0.5,-1.7505699533246357,0.05709312985617522,0.12464840651512041,27.934173379325255
1773752075.1370502,1773752075137057538,Sr02_gB_IMG1_LID1_STA1_CFC64_OH0,0317_1354,B,-0.5448223352432251,0.5163978934288025,-0.5,0.5,-1.8000644376432464,0.050390230581779494,0.14279227542530515,27.928510280899495
1773752075.2531984,1773752075253205266,Sr02_gB_IMG1_LID1_STA1_CFC64_OH0,0317_1354,B,-0.5136843323707581,0.4618324935436249,-0.5,0.5,-1.8736120690115365,0.03861896633256613,0.18196940085768157,27.922014929019678
1773752075.3713307,1773752075371339320,Sr02_gB_IMG1_LID1_STA1_CFC64_OH0,0317_1354,B,-0.4603041708469391,0.4733450412750244,-0.5,0.5,-1.9225915690851212,0.028585375191787554,0.2221031431496229,27.919928726375904
1773752075.4908373,1773752075490845721,Sr02_gB_IMG1_LID1_STA1_CFC64_OH0,0317_1354,B,-0.4908449351787567,0.4955533742904663,-0.5,0.5,-1.9711401601212897,0.016637871723631965,0.259773531692899,27.91989334641142
1773752075.6123605,1773752075612367723,Sr02_gB_IMG1_LID1_STA1_CFC64_OH0,0317_1354,B,-0.4951917827129364,0.43348151445388794,-0.5,0.5,-2.0429252496296026,-0.004853485541045808,0.3245591751226832,27.923722355232908
1773752075.735622,1773752075735629636,Sr02_gB_IMG1_LID1_STA1_CFC64_OH0,0317_1354,B,-0.5236158967018127,0.5140887498855591,-0.5,0.5,-2.0899253914996505,-0.02189836587244208,0.3713737192378909,27.92922883607471
1773752075.8524377,1773752075852446446,Sr02_gB_IMG1_LID1_STA1_CFC64_OH0,0317_1354,B,-0.47558894753456116,0.4573632478713989,-0.5,0.5,-2.1587319338817794,-0.05167219468284609,0.44630891090753155,27.942138852624947
1773752075.9682431,1773752075968253441,Sr02_gB_IMG1_LID1_STA1_CFC64_OH0,0317_1354,B,-0.37606263160705566,0.4440290331840515,-0.5,0.5,-2.2033199502431224,-0.07428776982331241,0.4924921152289037,27.95384133275772
1773752076.0829997,1773752076083008644,Sr02_gB_IMG1_LID1_STA1_CFC64_OH0,0317_1354,B,-0.42434701323509216,0.4214835464954376,-0.5,0.5,-2.246809229483392,-0.09894989635492918,0.5394811650584893,27.96787176771622
1773752076.201596,1773752076201603937,Sr02_gB_IMG1_LID1_STA1_CFC64_OH0,0317_1354,B,-0.48945704102516174,0.48114705085754395,-0.5,0.5,-2.2890693836313782,-0.12566276564555426,0.5883701672829156,27.984260607381657
1773752076.315547,1773752076315554723,Sr02_gB_IMG1_LID1_STA1_CFC64_OH0,0317_1354,B,-0.4685479998588562,0.46763285994529724,-0.5,0.5,-2.3499297228276688,-0.16946721782397342,0.6571166424718733,28.013200869693012
1773752076.431229,1773752076431237975,Sr02_gB_IMG1_LID1_STA1_CFC64_OH0,0317_1354,B,-0.5692993998527527,0.5557035803794861,-0.5,0.5,-2.3887795759864456,-0.20087659885748377,0.7046155710286972,28.035124308932208
1773752076.5452614,1773752076545269663,Sr02_gB_IMG1_LID1_STA1_CFC64_OH0,0317_1354,B,-0.2586459517478943,0.531941831111908,-0.5,0.5,-2.4260581181968455,-0.23419078531715415,0.7526208749307878,28.059324954282708
1773752076.659319,1773752076659327120,Sr02_gB_IMG1_LID1_STA1_CFC64_OH0,0317_1354,B,-0.20827887952327728,0.5330612659454346,-0.5,0.5,-2.479028852860169,-0.2872661997984554,0.8197585091330694,28.09942815969825
1773752076.7733624,1773752076773368987,Sr02_gB_IMG1_LID1_STA1_CFC64_OH0,0317_1354,B,-0.34807953238487244,0.4690752327442169,-0.5,0.5,-2.5123533610664364,-0.3245368675945435,0.8623577180860484,28.12851786832626
1773752076.895974,1773752076895983099,Sr02_gB_IMG1_LID1_STA1_CFC64_OH0,0317_1354,B,-0.5720468163490295,0.5574671626091003,-0.5,0.5,-2.5439973090805923,-0.36321975301927206,0.9090221170863511,28.159408703322367
1773752077.0144796,1773752077014490466,Sr02_gB_IMG1_LID1_STA1_CFC64_OH0,0317_1354,B,-0.5518047213554382,0.5430556535720825,-0.5,0.5,-2.587934435687539,-0.4239830240393475,0.9799778000713756,28.209279435422705
1773752077.1314082,1773752077131415510,Sr02_gB_IMG1_LID1_STA1_CFC64_OH0,0317_1354,B,-0.39377903938293457,0.5744873285293579,-0.5,0.5,-2.6146575697011483,-0.46617771087141585,1.0337807962098486,28.244782938503615
1773752077.2440083,1773752077244014476,Sr02_gB_IMG1_LID1_STA1_CFC64_OH0,0317_1354,B,-0.5189043283462524,0.531290590763092,-0.5,0.5,-2.639048541569299,-0.5098179684742348,1.08792539193775,28.282237354233075
1773752077.371029,1773752077371043112,Sr02_gB_IMG1_LID1_STA1_CFC64_OH0,0317_1354,B,-0.20863892138004303,0.3572954535484314,-0.5,0.5,-2.671184139533334,-0.5775624056161726,1.1678396961793696,28.341661157973203
1773752077.4930751,1773752077493083611,Sr02_gB_IMG1_LID1_STA1_CFC64_OH0,0317_1354,B,-0.1649172455072403,0.3421744108200073,0.0,0.5,-2.68965183191447,-0.6240217693625456,1.2160269086208655,28.38320494597977
1773752077.6188138,1773752077618821793,Sr02_gB_IMG1_LID1_STA1_CFC64_OH0,0317_1354,B,-0.40669211745262146,0.33109137415885925,-0.5,0.5,-2.712888154878414,-0.6952605636651512,1.297006709466626,28.448017091485482
1773752077.7370722,1773752077737081213,Sr02_gB_IMG1_LID1_STA1_CFC64_OH0,0317_1354,B,0.49875181913375854,0.2105821967124939,0.5,0.5,-2.725093853455132,-0.743741553495262,1.3513122118923262,28.49290128604403
1773752077.8578982,1773752077857906091,Sr02_gB_IMG1_LID1_STA1_CFC64_OH0,0317_1354,B,0.3513031303882599,0.5862311124801636,0.5,0.5,-2.734572797935427,-0.7928278235474675,1.4087608518802994,28.538958577826566
1773752077.9740896,1773752077974098212,Sr02_gB_IMG1_LID1_STA1_CFC64_OH0,0317_1354,B,0.4386351704597473,0.5793914198875427,0.5,0.5,-2.7436002172092424,-0.8672619738443396,1.4901822290381261,28.609925815967
1773752078.0932546,1773752078093262028,Sr02_gB_IMG1_LID1_STA1_CFC64_OH0,0317_1354,B,0.4936892092227936,0.5255502462387085,0.5,0.5,-2.746524981276506,-0.9171268806310229,1.5308776533235415,28.658121421340883
1773752078.2171037,1773752078217112380,Sr02_gB_IMG1_LID1_STA1_CFC64_OH0,0317_1354,B,0.46027910709381104,0.6696286797523499,0.5,0.5,-2.7475580014741445,-0.9740031936187944,1.5778334328438093,28.71357338906997
1773752078.3353102,1773752078335318600,Sr02_gB_IMG1_LID1_STA1_CFC64_OH0,0317_1354,B,0.476762056350708,0.6671222448348999,0.5,0.5,-2.7468431041318127,-1.0090522214753492,1.601662732573438,28.748024394180305
1773752078.454429,1773752078454436027,Sr02_gB_IMG1_LID1_STA1_CFC64_OH0,0317_1354,B,0.5075629949569702,0.4374677538871765,0.5,0.5,-2.7450995521325963,-1.051582041351839,1.622569726617666,28.7900098159299
1773752078.5712688,1773752078571275850,Sr02_gB_IMG1_LID1_STA1_CFC64_OH0,0317_1354,B,0.5061572194099426,0.4513868987560272,0.5,0.5,-2.743255408894647,-1.0815180286360795,1.646225569934055,28.819689800652665
1773752078.6929362,1773752078692943216,Sr02_gB_IMG1_LID1_STA1_CFC64_OH0,0317_1354,B,0.4953745901584625,0.6045310497283936,0.5,0.5,-2.7435477416124288,-1.0781283600736729,1.6573871916082124,28.816312002960395
1773752078.8101807,1773752078810187302,Sr02_gB_IMG1_LID1_STA1_CFC64_OH0,0317_1354,B,0.5012149214744568,0.6043643355369568,0.5,0.5,-2.7470913064784983,-1.0406365324857834,1.6698565656349778,28.77888836488859
1773752078.9232707,1773752078923278467,Sr02_gB_IMG1_LID1_STA1_CFC64_OH0,0317_1354,B,0.45920923352241516,0.394104540348053,0.5,0.5,-2.751102029581746,-1.0035088735009117,1.6896498512728535,28.74172610283442
1773752079.0400739,1773752079040083574,Sr02_gB_IMG1_LID1_STA1_CFC64_OH0,0317_1354,B,0.5127442479133606,0.400206059217453,0.5,0.5,-2.7566656539063787,-0.9627193619946159,1.7249272454832982,28.700661940325734
1773752079.158784,1773752079158792171,Sr02_gB_IMG1_LID1_STA1_CFC64_OH0,0317_1354,B,0.5145373940467834,0.39128878712654114,0.5,0.5,-2.7650580629241546,-0.9157736802791735,1.7689578882109398,28.652992762558334
1773752079.2795908,1773752079279598624,Sr02_gB_IMG1_LID1_STA1_CFC64_OH0,0317_1354,B,0.5066681504249573,0.3605588674545288,0.5,0.5,-2.7822458024975045,-0.8427840157987888,1.8356915026155582,28.57802989641557
1773752079.3993485,1773752079399355998,Sr02_gB_IMG1_LID1_STA1_CFC64_OH0,0317_1354,B,0.4798407554626465,0.5462232232093811,0.5,0.5,-2.7965102989807646,-0.7950569178667309,1.889989627046391,28.528392937388727
1773752079.5229645,1773752079522972790,Sr02_gB_IMG1_LID1_STA1_CFC64_OH0,0317_1354,B,0.49539715051651,0.4162004292011261,0.5,0.5,-2.8232392339299763,-0.7250089969575868,1.980652540451887,28.45435865092146
1773752079.6468246,1773752079646831057,Sr02_gB_IMG1_LID1_STA1_CFC64_OH0,0317_1354,B,0.5000215172767639,0.4209333658218384,0.5,0.5,-2.844095896481068,-0.6797578017266634,2.0227730383458007,28.40580248335692
1773752079.7662363,1773752079766247168,Sr02_gB_IMG1_LID1_STA1_CFC64_OH0,0317_1354,B,0.5107411742210388,0.41439855098724365,0.5,0.5,-2.8788448598378835,-0.6133060999962502,2.0824424852267343,28.33366752473278
1773752079.8887184,1773752079888728018,Sr02_gB_IMG1_LID1_STA1_CFC64_OH0,0317_1354,B,0.5059673190116882,0.23815655708312988,0.5,0.5,-2.9041721151960966,-0.5701991307982047,2.1215713147752733,28.286316976848784
1773752080.0072641,1773752080007271974,Sr02_gB_IMG1_LID1_STA1_CFC64_OH0,0317_1354,B,0.4972728490829468,0.2966524660587311,0.5,0.5,-2.9311251172109563,-0.5280890413821703,2.1582417694308007,28.239623269405797
1773752080.1321135,1773752080132123384,Sr02_gB_IMG1_LID1_STA1_CFC64_OH0,0317_1354,B,0.498356431722641,0.2759266495704651,0.5,0.5,-2.9746200422915763,-0.46734114875841,2.2314679600759812,28.17135540615341
1773752080.2533941,1773752080253402839,Sr02_gB_IMG1_LID1_STA1_CFC64_OH0,0317_1354,B,0.5253142714500427,0.5002444386482239,0.5,0.5,-3.006103608450819,-0.42856287201661863,2.273572692185158,28.12704909048301
1773752080.3758585,1773752080375866145,Sr02_gB_IMG1_LID1_STA1_CFC64_OH0,0317_1354,B,0.4944082200527191,0.36766842007637024,0.5,0.5,-3.0563453479405567,-0.372895059003184,2.3364399423960927,28.06247465569169
1773752080.4902544,1773752080490262181,Sr02_gB_IMG1_LID1_STA1_CFC64_OH0,0317_1354,B,0.512183666229248,0.380379855632782,0.5,0.5,-3.0917322660776656,-0.33757639689854785,2.3778797474818654,28.02083692886753
1773752080.6107197,1773752080610728602,Sr02_gB_IMG1_LID1_STA1_CFC64_OH0,0317_1354,B,0.4511594772338867,0.4359065890312195,0.5,0.5,-3.1282762077236637,-0.3036575311739553,2.4060643890189506,27.98037110249945
1773752080.7290332,1773752080729048817,Sr02_gB_IMG1_LID1_STA1_CFC64_OH0,0317_1354,B,0.5113478899002075,0.5213907957077026,0.5,0.5,-3.184841678048523,-0.2544547286431276,2.4473430122786715,27.921030805779832
1773752080.8518991,1773752080851905685,Sr02_gB_IMG1_LID1_STA1_CFC64_OH0,0317_1354,B,0.5172908306121826,0.3938835859298706,0.5,0.5,-3.223704822280642,-0.22299845642633664,2.4749356480021425,27.88260853279508
1773752080.9687965,1773752080968803137,Sr02_gB_IMG1_LID1_STA1_CFC64_OH0,0317_1354,B,0.5097455978393555,0.4098603129386902,0.5,0.5,-3.2835226038620147,-0.1784401260243096,2.5350581344163428,27.827327971953235
1773752081.0847757,1773752081084784101,Sr02_gB_IMG1_LID1_STA1_CFC64_OH0,0317_1354,B,0.46733006834983826,0.038113899528980255,0.5,0.0,-3.325130464194211,-0.1508026087644577,2.573836184870307,27.792223634736686
1773752081.2097287,1773752081209735569,Sr02_gB_IMG1_LID1_STA1_CFC64_OH0,0317_1354,B,0.3575470745563507,0.09433353692293167,0.5,0.0,-3.3677839309692317,-0.12471850381349162,2.6117469975612146,27.75849140231618
1773752081.3299582,1773752081329965244,Sr02_gB_IMG1_LID1_STA1_CFC64_OH0,0317_1354,B,0.3848235309123993,0.02498507685959339,0.5,0.0,-3.43359456323705,-0.0888039990431456,2.6742135903565996,27.710795839503596
1773752081.454624,1773752081454632477,Sr02_gB_IMG1_LID1_STA1_CFC64_OH0,0317_1354,B,0.5206683874130249,0.17249120771884918,0.5,0.0,-3.4787445456745028,-0.06744460732632301,2.725712885896718,27.681366386115123
1773752081.575632,1773752081575639307,Sr02_gB_IMG1_LID1_STA1_CFC64_OH0,0317_1354,B,0.4788554012775421,0.01042824424803257,0.5,0.0,-3.548269831299601,-0.03947371457842755,2.789138591831876,27.640999720508326
1773752081.6969893,1773752081696998773,Sr02_gB_IMG1_LID1_STA1_CFC64_OH0,0317_1354,B,0.4858412742614746,0.08682084083557129,0.5,0.0,-3.5955343051508977,-0.02317279654559661,2.829964795485245,27.61630874953245
1773752081.8157022,1773752081815713571,Sr02_gB_IMG1_LID1_STA1_CFC64_OH0,0317_1354,B,0.4918181896209717,0.1215113028883934,0.5,0.0,-3.6428395213600773,-0.008701676827342153,2.8543982932702314,27.59347846784477
1773752081.9320798,1773752081932088357,Sr02_gB_IMG1_LID1_STA1_CFC64_OH0,0317_1354,B,0.47746098041534424,-0.10691209137439728,0.5,0.0,-3.7146962778290358,0.012114516688895008,2.8661869554878456,27.560079641356445
1773752082.0539098,1773752082053917058,Sr02_gB_IMG1_LID1_STA1_CFC64_OH0,0317_1354,B,0.47692039608955383,-0.037543829530477524,0.5,0.0,-3.7628138777813858,0.02563136764854638,2.8690055185845655,27.538221352448577
1773752082.1802132,1773752082180220475,Sr02_gB_IMG1_LID1_STA1_CFC64_OH0,0317_1354,B,0.4859229624271393,-0.03863716125488281,0.5,0.0,-3.8350468586965496,0.04528892412579599,2.887429252760586,27.506169984317054
1773752082.3074691,1773752082307477471,Sr02_gB_IMG1_LID1_STA1_CFC64_OH0,0317_1354,B,0.4726218283176422,-0.001367274671792984,0.5,0.0,-3.883368313510964,0.057617772415723315,2.8931853146108804,27.485630664100626
1773752082.4268224,1773752082426830453,Sr02_gB_IMG1_LID1_STA1_CFC64_OH0,0317_1354,B,0.4985942244529724,-0.004201041534543037,0.5,0.0,-3.9561290102301196,0.07566128813920575,2.90526077970859,27.455358391424696
1773752082.5500252,1773752082550032252,Sr02_gB_IMG1_LID1_STA1_CFC64_OH0,0317_1354,B,0.35462501645088196,-0.04455862194299698,0.5,0.0,-4.004797623679974,0.08707099984066438,2.917000316938374,27.435855250079605
1773752082.6716125,1773752082671619758,Sr02_gB_IMG1_LID1_STA1_CFC64_OH0,0317_1354,B,0.44306156039237976,0.007597165647894144,0.5,0.0,-4.0775539824501505,0.10394397695095658,2.9075153974631367,27.407024717169094
1773752082.7900517,1773752082790059778,Sr02_gB_IMG1_LID1_STA1_CFC64_OH0,0317_1354,B,0.48317140340805054,-0.001623531337827444,0.5,0.0,-4.126168533598797,0.11563252424385302,2.9037610106797818,27.38744859496152
1773752082.9110255,1773752082911034197,Sr02_gB_IMG1_LID1_STA1_CFC64_OH0,0317_1354,B,0.5073327422142029,-0.004181108437478542,0.5,0.0,-4.174738331927253,0.12750565641806585,2.8999082350096415,27.36777500223525
1773752083.0320125,1773752083032021651,Sr02_gB_IMG1_LID1_STA1_CFC64_OH0,0317_1354,B,0.48237282037734985,-0.004321401007473469,0.5,0.0,-4.247532387647389,0.1455575812117598,2.8981803792025986,27.338180185615347
1773752083.1500142,1773752083150024187,Sr02_gB_IMG1_LID1_STA1_CFC64_OH0,0317_1354,B,0.39091750979423523,0.026871899142861366,0.5,0.0,-4.296055912607084,0.1576185584404335,2.8977602763399486,27.318521787956325
1773752083.2659929,1773752083265999700,Sr02_gB_IMG1_LID1_STA1_CFC64_OH0,0317_1354,B,0.4453081786632538,0.061353687196969986,0.5,0.0,-4.368787903217472,0.17588512647583182,2.8923198908327743,27.289014802064766
1773752083.3895013,1773752083389508699,Sr02_gB_IMG1_LID1_STA1_CFC64_OH0,0317_1354,B,0.48870426416397095,-0.0043859644792973995,0.5,0.0,-4.417228837590041,0.18822838906362882,2.8924253534215567,27.269284037347077
1773752083.510088,1773752083510094124,Sr02_gB_IMG1_LID1_STA1_CFC64_OH0,0317_1354,B,0.4711010158061981,-0.00023298710584640503,0.5,0.0,-4.465684818652725,0.20055792992241617,2.892355214427312,27.24964194558481
1773752083.6240015,1773752083624009102,Sr02_gB_IMG1_LID1_STA1_CFC64_OH0,0317_1354,B,0.5193895697593689,0.00025281403213739395,0.5,0.0,-4.538363209448613,0.21907415656005674,2.891828951215319,27.22030361368794
1773752083.746549,1773752083746556327,Sr02_gB_IMG1_LID1_STA1_CFC64_OH0,0317_1354,B,0.5007551312446594,-0.004415910691022873,0.5,0.0,-4.586809077299603,0.23144337368391102,2.8913968118512603,27.200818197777448
1773752083.866079,1773752083866087064,Sr02_gB_IMG1_LID1_STA1_CFC64_OH0,0317_1354,B,0.4948359727859497,-0.0006837449036538601,0.5,0.0,-4.63526192749353,0.24378516427372646,2.893460108519523,27.181436887509594
1773752083.9853444,1773752083985352742,Sr02_gB_IMG1_LID1_STA1_CFC64_OH0,0317_1354,B,0.49855837225914,0.00070582190528512,0.5,0.0,-4.708036967482023,0.2619167720303775,2.901973485527266,27.15287482434139
1773752084.1070273,1773752084107035717,Sr02_gB_IMG1_LID1_STA1_CFC64_OH0,0317_1354,B,0.4980234205722809,-0.0020469860173761845,0.5,0.0,-4.756600332750655,0.27374841092604024,2.9024727379873045,27.13417870470989
1773752084.2305372,1773752084230545076,Sr02_gB_IMG1_LID1_STA1_CFC64_OH0,0317_1354,B,0.49491581320762634,-0.00017487769946455956,0.5,0.0,-4.829463471883764,0.2915237372873777,2.902276525713838,27.1062530323743
1773752084.3518934,1773752084351903279,Sr02_gB_IMG1_LID1_STA1_CFC64_OH0,0317_1354,B,0.4994700253009796,-0.001020244788378477,0.5,0.0,-4.878038633908013,0.30337503751422945,2.9023018069722024,27.08773425381271
1773752084.4672065,1773752084467214129,Sr02_gB_IMG1_LID1_STA1_CFC64_OH0,0317_1354,B,0.4963999390602112,-0.0016374837141484022,0.5,0.0,-4.950897459625653,0.3211680318280082,2.9018447613624594,27.060090188505978
1773752084.579928,1773752084579935036,Sr02_gB_IMG1_LID1_STA1_CFC64_OH0,0317_1354,B,0.4894122779369354,0.001316050998866558,0.5,0.0,-4.999466944139469,0.3330425783876872,2.9017763869222937,27.041748650214068
1773752084.6996157,1773752084699624352,Sr02_gB_IMG1_LID1_STA1_CFC64_OH0,0317_1354,B,0.4983619451522827,0.03621917963027954,0.5,0.0,-5.048036284993709,0.3449177125346232,2.9018330722887287,27.023486611974736
1773752084.8220854,1773752084822093700,Sr02_gB_IMG1_LID1_STA1_CFC64_OH0,0317_1354,B,0.5082190036773682,-0.0020584333688020706,0.5,0.0,-5.096605867328028,0.3567918588844957,2.9017384882640616,27.00530574634696
1773752084.9438703,1773752084943877876,Sr02_gB_IMG1_LID1_STA1_CFC64_OH0,0317_1354,B,0.49980977177619934,-0.0024388954043388367,0.5,0.0,-5.169457419673675,0.37461461410581903,2.9016373710102505,26.978174149539694
1773752085.0646586,1773752085064668859,Sr02_gB_IMG1_LID1_STA1_CFC64_OH0,0317_1354,B,0.4937860369682312,0.00017070770263671875,0.5,0.0,-5.218024421359805,0.3864993113400827,2.9015522546592583,26.960184412689358
1773752085.1857438,1773752085185751002,Sr02_gB_IMG1_LID1_STA1_CFC64_OH0,0317_1354,B,0.4979310631752014,0.0003287983126938343,0.5,0.0,-5.290872059595309,0.40433805745557,2.901318977734531,26.93334006495934
1773752085.2988713,1773752085298879727,Sr02_gB_IMG1_LID1_STA1_CFC64_OH0,0317_1354,B,0.49806421995162964,0.0006063375622034073,0.5,0.0,-5.33943614977228,0.416234646256242,2.901421045060317,26.9155411253863
1773752085.4236434,1773752085423650184,Sr02_gB_IMG1_LID1_STA1_CFC64_OH0,0317_1354,B,0.5020666122436523,-9.646918624639511e-05,0.5,0.0,-5.388018521428213,0.42805624735016135,2.9046938996762974,26.8978955817771
1773752085.5479784,1773752085547988507,Sr02_gB_IMG1_LID1_STA1_CFC64_OH0,0317_1354,B,0.505294919013977,-0.0004133000038564205,0.5,0.0,-5.460941528367773,0.44557115059057234,2.90592725222716,26.87179010814503
1773752085.670662,1773752085670669343,Sr02_gB_IMG1_LID1_STA1_CFC64_OH0,0317_1354,B,0.5013616681098938,0.001158644910901785,0.5,0.0,-5.509558140758025,0.4572512477944764,2.9056909726050364,26.85448509931464
1773752085.7899163,1773752085789924311,Sr02_gB_IMG1_LID1_STA1_CFC64_OH0,0317_1354,B,0.4939323961734772,0.0024194703437387943,0.5,0.0,-5.582480306294658,0.4747828495385565,2.9056643847449153,26.828670309488047
1773752085.9134078,1773752085913416257,Sr02_gB_IMG1_LID1_STA1_CFC64_OH0,0317_1354,B,0.4947343170642853,0.003049498423933983,0.5,0.0,-5.631095384413597,0.4864693315689182,2.9056972644014354,26.81156440639876
1773752086.034283,1773752086034290497,Sr02_gB_IMG1_LID1_STA1_CFC64_OH0,0317_1354,B,0.502164363861084,-6.1021652072668076e-05,0.5,0.0,-5.704019082676417,0.5039945566602643,2.905781187006704,26.786064419839985
1773752086.1518145,1773752086151823006,Sr02_gB_IMG1_LID1_STA1_CFC64_OH0,0317_1354,B,0.5035266280174255,0.0043678185902535915,0.5,0.0,-5.7526352770924545,0.5156763939936818,2.905771540253585,26.769169266612415
1773752086.2811496,1773752086281161527,Sr02_gB_IMG1_LID1_STA1_CFC64_OH0,0317_1354,B,0.5065310597419739,0.0018036109395325184,0.5,0.0,-5.801251240367077,0.5273591932092969,2.905736547169219,26.752355961314475
1773752086.4040525,1773752086404059784,Sr02_gB_IMG1_LID1_STA1_CFC64_OH0,0317_1354,B,0.5036023259162903,-0.0014023552648723125,0.5,0.0,-5.874175209223279,0.5448832922147725,2.9058317453015685,26.727291651773434
1773752086.5237637,1773752086523770550,Sr02_gB_IMG1_LID1_STA1_CFC64_OH0,0317_1354,B,0.5033496618270874,-0.0012621455825865269,0.5,0.0,-5.92279346290436,0.5565565556753982,2.9060736909754343,26.710695229269493
1773752086.6414976,1773752086641504229,Sr02_gB_IMG1_LID1_STA1_CFC64_OH0,0317_1354,B,0.5024958252906799,-0.0005139275453984737,0.5,0.0,-5.995726561492906,0.5740426166433665,2.9064748099943936,26.685980048136937
1773752086.7621,1773752086762108310,Sr02_gB_IMG1_LID1_STA1_CFC64_OH0,0317_1354,B,0.5047728419303894,0.005124383140355349,0.5,0.0,-6.044350867654474,0.5856906436561722,2.906468708501841,26.66961679583321
1773752086.8811934,1773752086881201973,Sr02_gB_IMG1_LID1_STA1_CFC64_OH0,0317_1354,B,0.4970596134662628,-0.0032165334559977055,0.5,0.0,-6.1172915493740385,0.6031450429281334,2.907035300169868,26.645246161444817
1773752087.0014386,1773752087001446155,Sr02_gB_IMG1_LID1_STA1_CFC64_OH0,0317_1354,B,0.4921811521053314,-0.0047010271809995174,0.5,0.0,-6.165923459660533,0.6147612806191887,2.9072156629309562,26.629123531324826
1773752087.123724,1773752087123731176,Sr02_gB_IMG1_LID1_STA1_CFC64_OH0,0317_1354,B,0.5056752562522888,-0.00016228528693318367,0.5,0.0,-6.214556794422572,0.626371553291879,2.9072036685243385,26.613090883258778
1773752087.249917,1773752087249926059,Sr02_gB_IMG1_LID1_STA1_CFC64_OH0,0317_1354,B,0.4971154034137726,-0.00022202031686902046,0.5,0.0,-6.287504288068547,0.6437974661830405,2.9070087385123364,26.589189837779248
1773752087.365675,1773752087365684623,Sr02_gB_IMG1_LID1_STA1_CFC64_OH0,0317_1354,B,0.5038453340530396,-9.726034477353096e-05,0.5,0.0,-6.33613438675306,0.6554212858747809,2.9069423809330686,26.573355079206074
1773752087.4846628,1773752087484670503,Sr02_gB_IMG1_LID1_STA1_CFC64_OH0,0317_1354,B,0.49739953875541687,-0.0009857791010290384,0.5,0.0,-6.409083922624948,0.6728386408030811,2.907598266803183,26.54977973069377
1773752087.6085563,1773752087608563335,Sr02_gB_IMG1_LID1_STA1_CFC64_OH0,0317_1354,B,0.48631614446640015,0.0033739679493010044,0.5,0.0,-6.457719454246741,0.684439706496555,2.907276620366135,26.534179230320305
1773752087.7286465,1773752087728654438,Sr02_gB_IMG1_LID1_STA1_CFC64_OH0,0317_1354,B,0.4959748387336731,-0.00046578096225857735,0.5,0.0,-6.530663912526155,0.7018783153863942,2.9066622400638464,26.51090189049384
1773752087.8519561,1773752087851963259,Sr02_gB_IMG1_LID1_STA1_CFC64_OH0,0317_1354,B,0.4981224834918976,-0.002638797974213958,0.5,0.0,-6.579290342082514,0.7135174747825873,2.906646011292484,26.495477117372932
1773752087.968649,1773752087968657007,Sr02_gB_IMG1_LID1_STA1_CFC64_OH0,0317_1354,B,0.49586689472198486,-0.00297951721586287,0.5,0.0,-6.62791656049905,0.7251575162618888,2.90662500404146,26.480136906266647
1773752088.0904677,1773752088090474426,Sr02_gB_IMG1_LID1_STA1_CFC64_OH0,0317_1354,B,0.49932193756103516,0.001602147240191698,0.5,0.0,-6.700855528342843,0.7426190813877467,2.90660791972278,26.457285612872283
1773752088.21884,1773752088218847516,Sr02_gB_IMG1_LID1_STA1_CFC64_OH0,0317_1354,B,0.5014136433601379,-0.003684293245896697,0.5,0.0,-6.749480846188549,0.7542628842638607,2.9065093426538016,26.44215592358627
1773752088.3391066,1773752088339113459,Sr02_gB_IMG1_LID1_STA1_CFC64_OH0,0317_1354,B,0.5016514658927917,-0.0019349732901901007,0.5,0.0,-6.822420235601267,0.7717226860045276,2.9068078493425675,26.419628361056464
1773752088.4639506,1773752088463957635,Sr02_gB_IMG1_LID1_STA1_CFC64_OH0,0317_1354,B,0.5045092701911926,-0.001918924506753683,0.5,0.0,-6.871048182894205,0.7833555027141301,2.906761271550274,26.40472458106844
1773752088.5899022,1773752088589909520,Sr02_gB_IMG1_LID1_STA1_CFC64_OH0,0317_1354,B,0.49798309803009033,0.00022645574063062668,0.5,0.0,-6.943986950282386,0.8008179031994354,2.906408914433485,26.3825178539857
1773752088.7092335,1773752088709240521,Sr02_gB_IMG1_LID1_STA1_CFC64_OH0,0317_1354,B,0.4986884891986847,0.0010391375981271267,0.5,0.0,-6.992608787882924,0.8124762295309905,2.9061109634599385,26.367805051607466
1773752088.8289943,1773752088829002764,Sr02_gB_IMG1_LID1_STA1_CFC64_OH0,0317_1354,B,0.4952768385410309,6.041349843144417e-05,0.5,0.0,-7.041229822569311,0.8241379045274059,2.906271174416028,26.353175606649543
1773752088.9493442,1773752088949351654,Sr02_gB_IMG1_LID1_STA1_CFC64_OH0,0317_1354,B,0.49640271067619324,-0.0008662811014801264,0.5,0.0,-7.114160438404467,0.8416343170776744,2.905877128333406,26.33139037985114
1773752089.0617688,1773752089061776242,Sr02_gB_IMG1_LID1_STA1_CFC64_OH0,0317_1354,B,0.49817416071891785,-8.64025205373764e-05,0.5,0.0,-7.162776485505658,0.8533167671235066,2.9056661368113543,26.316957719516793
1773752089.1822681,1773752089182276517,Sr02_gB_IMG1_LID1_STA1_CFC64_OH0,0317_1354,B,0.49837926030158997,-0.0014958714600652456,0.5,0.0,-7.235696318463472,0.8708580672262154,2.905378138106257,26.29545476518368
1773752089.3054328,1773752089305439292,Sr02_gB_IMG1_LID1_STA1_CFC64_OH0,0317_1354,B,0.498569518327713,-0.0017648024950176477,0.5,0.0,-7.284307989485232,0.8825587134996924,2.9054007820016365,26.281222236767835
1773752089.4288924,1773752089428901072,Sr02_gB_IMG1_LID1_STA1_CFC64_OH0,0317_1354,B,0.4996916651725769,-0.0002511250786483288,0.5,0.0,-7.332920158378829,0.894257291056362,2.905480314553851,26.26707921435056
1773752089.551231,1773752089551238241,Sr02_gB_IMG1_LID1_STA1_CFC64_OH0,0317_1354,B,0.5004367232322693,-0.00013605598360300064,0.5,0.0,-7.405839802294422,0.9117993780914531,2.9055187389876016,26.246034697646195
1773752089.6793494,1773752089679356069,Sr02_gB_IMG1_LID1_STA1_CFC64_OH0,0317_1354,B,0.501714825630188,-1.0056421160697937e-05,0.5,0.0,-7.454452581954106,0.9234954173919061,2.9054413786590847,26.232113470505134
1773752089.7966168,1773752089796624450,Sr02_gB_IMG1_LID1_STA1_CFC64_OH0,0317_1354,B,0.5015012621879578,0.00013307901099324226,0.5,0.0,-7.527370753615232,0.9410436232335886,2.9054206189323883,26.211392500537265
1773752089.909097,1773752089909105244,Sr02_gB_IMG1_LID1_STA1_CFC64_OH0,0317_1354,B,0.49996617436408997,-0.0005944441072642803,0.5,0.0,-7.575981914014395,0.9527463905542664,2.905271033109567,26.19768477951138
1773752090.030845,1773752090030853693,Sr02_gB_IMG1_LID1_STA1_CFC64_OH0,0317_1354,B,0.49745699763298035,-0.0005714329890906811,0.5,0.0,-7.624591246121653,0.9644567496001899,2.9051026212723285,26.184057845072044
1773752090.153912,1773752090153921399,Sr02_gB_IMG1_LID1_STA1_CFC64_OH0,0317_1354,B,0.49709847569465637,-0.00035298196598887444,0.5,0.0,-7.697502666108265,0.9820329869712817,2.905019541165679,26.16377269704429
1773752090.2777069,1773752090277714123,Sr02_gB_IMG1_LID1_STA1_CFC64_OH0,0317_1354,B,0.49710220098495483,-0.0011213088873773813,0.5,0.0,-7.746109912995216,0.9937519985912606,2.9050047848124514,26.150358517902184
1773752090.4015875,1773752090401595834,Sr02_gB_IMG1_LID1_STA1_CFC64_OH0,0317_1354,B,0.4986096918582916,-0.0003752363845705986,0.5,0.0,-7.819020572681676,1.0113313896822125,2.904998236281075,26.130402860100382
1773752090.524568,1773752090524576636,Sr02_gB_IMG1_LID1_STA1_CFC64_OH0,0317_1354,B,0.4997105598449707,0.000815349631011486,0.5,0.0,-7.86762774040348,1.0230507296451585,2.905011544050881,26.117210522572858
1773752090.643694,1773752090643701217,Sr02_gB_IMG1_LID1_STA1_CFC64_OH0,0317_1354,B,0.4999730885028839,0.00043152831494808197,0.5,0.0,-7.940538171046629,1.0406310705761892,2.9049446640005456,26.09758780528233
1773752090.764876,1773752090764884260,Sr02_gB_IMG1_LID1_STA1_CFC64_OH0,0317_1354,B,0.49581122398376465,0.0008001481182873249,0.5,0.0,-7.989144297918081,1.0523547266966018,2.9048875207937344,26.084614188283975
1773752090.8815186,1773752090881527252,Sr02_gB_IMG1_LID1_STA1_CFC64_OH0,0317_1354,B,0.49851474165916443,-0.00011027511209249496,0.5,0.0,-8.037749858529015,1.0640807302899176,2.9048500379810536,26.071727671079987
1773752091.00152,1773752091001528346,Sr02_gB_IMG1_LID1_STA1_CFC64_OH0,0317_1354,B,0.49637001752853394,0.0015834951773285866,0.5,0.0,-8.110656880497341,1.0816752016995568,2.904720035838436,26.052560430795676
1773752091.1179957,1773752091118008330,Sr02_gB_IMG1_LID1_STA1_CFC64_OH0,0317_1354,B,0.49672189354896545,0.0015109465457499027,0.5,0.0,-8.159260487793869,1.0934092990453503,2.9046825121024065,26.039890011713585
1773752091.2369757,1773752091236981296,Sr02_gB_IMG1_LID1_STA1_CFC64_OH0,0317_1354,B,0.5005143284797668,0.0011761034838855267,0.5,0.0,-8.232166078991243,1.1110096982951043,2.9047690959139336,26.021053702073768
1773752091.3544962,1773752091354504317,Sr02_gB_IMG1_LID1_STA1_CFC64_OH0,0317_1354,B,0.5018768906593323,-0.00217389315366745,0.5,0.0,-8.280770777873224,1.1227392732706645,2.9048160871754276,26.008612747045472
1773752091.4732597,1773752091473266725,Sr02_gB_IMG1_LID1_STA1_CFC64_OH0,0317_1354,B,0.5018373131752014,-0.001224395353347063,0.5,0.0,-8.329376160189,1.1344660158547906,2.9048924153823203,25.996264830083092
1773752091.5941274,1773752091594136567,Sr02_gB_IMG1_LID1_STA1_CFC64_OH0,0317_1354,B,0.49993541836738586,-0.0011603129096329212,0.5,0.0,-8.402285353648178,1.1520514870106273,2.9049292284488315,25.97791702443392
1773752091.713778,1773752091713785707,Sr02_gB_IMG1_LID1_STA1_CFC64_OH0,0317_1354,B,0.4909093976020813,-0.002265995368361473,0.5,0.0,-8.450892562483732,1.163770656221916,2.905087577346723,25.96580277250854
1773752091.836592,1773752091836601338,Sr02_gB_IMG1_LID1_STA1_CFC64_OH0,0317_1354,B,0.4982243478298187,-0.0025044106878340244,0.5,0.0,-8.499501605618834,1.1754822147712263,2.905240848265065,25.95378679210794
1773752091.958674,1773752091958682885,Sr02_gB_IMG1_LID1_STA1_CFC64_OH0,0317_1354,B,0.4996444284915924,-0.00212290626950562,0.5,0.0,-8.572418333917932,1.1930364166371281,2.905437354306184,25.93594624576866
1773752092.0814393,1773752092081448221,Sr02_gB_IMG1_LID1_STA1_CFC64_OH0,0317_1354,B,0.5022730231285095,-0.02153533697128296,0.5,0.0,-8.621029665835586,1.2047384712892146,2.9052534678213564,25.92416701795572
1773752092.2010906,1773752092201099716,Sr02_gB_IMG1_LID1_STA1_CFC64_OH0,0317_1354,B,0.4949797987937927,-0.0006588920950889587,0.5,0.0,-8.693942593940294,1.2223084508360482,2.9050324690303277,25.90665216633652
1773752092.3215292,1773752092321536922,Sr02_gB_IMG1_LID1_STA1_CFC64_OH0,0317_1354,B,0.4949782192707062,-0.0011845456901937723,0.5,0.0,-8.74254940491378,1.2340292702260414,2.9049164379154915,25.895082189667846
1773752092.4448738,1773752092444882282,Sr02_gB_IMG1_LID1_STA1_CFC64_OH0,0317_1354,B,0.5007112622261047,0.0017067687585949898,0.5,0.0,-8.815455974486868,1.2516256149633123,2.9045986536252415,25.877883524789116
1773752092.5658443,1773752092565853375,Sr02_gB_IMG1_LID1_STA1_CFC64_OH0,0317_1354,B,0.5001104474067688,-0.0005733994767069817,0.5,0.0,-8.864056933497835,1.2633706757645633,2.9043505972978028,25.8665180142487
1773752092.6864524,1773752092686460141,Sr02_gB_IMG1_LID1_STA1_CFC64_OH0,0317_1354,B,0.4992935061454773,-0.0016447321977466345,0.5,0.0,-8.912655132631095,1.2751271511937115,2.9041344916882044,25.855232756650643
1773752092.806186,1773752092806193761,Sr02_gB_IMG1_LID1_STA1_CFC64_OH0,0317_1354,B,0.4986458122730255,-0.0019084198866039515,0.5,0.0,-8.98553400192801,1.2928377756398965,2.9018894598185945,25.838400892088963
1773752092.933357,1773752092933365616,Sr02_gB_IMG1_LID1_STA1_CFC64_OH0,0317_1354,B,0.49849140644073486,-0.0009298142977058887,0.5,0.0,-9.034104031874406,1.3047100910463594,2.9018235662692784,25.82722908266732
1773752093.054351,1773752093054358389,Sr02_gB_IMG1_LID1_STA1_CFC64_OH0,0317_1354,B,0.5044552087783813,-0.00039410218596458435,0.5,0.0,-9.106957082186591,1.32252672183884,2.9016563981632864,25.810635720922097
1773752093.1744714,1773752093174479079,Sr02_gB_IMG1_LID1_STA1_CFC64_OH0,0317_1354,B,0.49312731623649597,-0.0843709409236908,0.5,0.0,-9.15552542283122,1.3344059459090691,2.901798159450379,25.799687199361422
1773752093.2919264,1773752093291933631,Sr02_gB_IMG1_LID1_STA1_CFC64_OH0,0317_1354,B,0.49005037546157837,-0.07823634147644043,0.5,0.0,-9.228379048698232,1.3522202233672553,2.9017242403412298,25.78344208623083
1773752093.408591,1773752093408598845,Sr02_gB_IMG1_LID1_STA1_CFC64_OH0,0317_1354,B,0.4906185567378998,-0.0028149308636784554,0.5,0.0,-9.276946530784725,1.3641029571074172,2.9015597676187035,25.77272098809038
1773752093.5311103,1773752093531118157,Sr02_gB_IMG1_LID1_STA1_CFC64_OH0,0317_1354,B,0.49571746587753296,-0.010255789384245872,0.5,0.0,-9.325511957475575,1.3759940885069513,2.901374199889099,25.762084020713022
1773752093.6523356,1773752093652342437,Sr02_gB_IMG1_LID1_STA1_CFC64_OH0,0317_1354,B,0.48977795243263245,-0.005414072889834642,0.5,0.0,-9.39835683405277,1.393844109042084,2.9012151551439693,25.746288981272336
1773752093.7765863,1773752093776594316,Sr02_gB_IMG1_LID1_STA1_CFC64_OH0,0317_1354,B,0.5031383037567139,-0.0004905322566628456,0.5,0.0,-9.446918944476614,1.4057487767743717,2.901170387467556,25.735870307907916
1773752093.8975832,1773752093897590637,Sr02_gB_IMG1_LID1_STA1_CFC64_OH0,0317_1354,B,0.5013934373855591,-0.0016399230808019638,0.5,0.0,-9.51967675819597,1.4238151718384953,2.8925995696020617,25.72020443686779
1773752094.0248637,1773752094024871738,Sr02_gB_IMG1_LID1_STA1_CFC64_OH0,0317_1354,B,0.5001627802848816,-0.00036945147439837456,0.5,0.0,-9.568086114238746,1.4363260141881955,2.8847759469438703,25.709406920882792
1773752094.143446,1773752094143452564,Sr02_gB_IMG1_LID1_STA1_CFC64_OH0,0317_1354,B,0.49974125623703003,-0.0004584966227412224,0.5,0.0,-9.64055715488311,1.4555127539298909,2.88219059805775,25.692958842004042
1773752094.260409,1773752094260416521,Sr02_gB_IMG1_LID1_STA1_CFC64_OH0,0317_1354,B,0.4969344139099121,-0.0004154164344072342,0.5,0.0,-9.688877743030005,1.4683626654071595,2.8811650209196067,25.682050745927157
1773752094.3806837,1773752094380692884,Sr02_gB_IMG1_LID1_STA1_CFC64_OH0,0317_1354,B,0.4981297552585602,-0.00040214182808995247,0.5,0.0,-9.737188250030707,1.4812504322928646,2.8806236108112593,25.671197147865225
1773752094.5005193,1773752094500527444,Sr02_gB_IMG1_LID1_STA1_CFC64_OH0,0317_1354,B,0.4957658648490906,-0.0015623010694980621,0.5,0.0,-9.809644751558938,1.5006167599189177,2.8803415927675844,25.65505579016789
1773752094.618444,1773752094618451431,Sr02_gB_IMG1_LID1_STA1_CFC64_OH0,0317_1354,B,0.4959714412689209,-0.0012609667610377073,0.5,0.0,-9.857947069274791,1.5135351878677044,2.8801776009725883,25.644403469565667
1773752094.7382119,1773752094738219315,Sr02_gB_IMG1_LID1_STA1_CFC64_OH0,0317_1354,B,0.4961879551410675,-0.0006205530371516943,0.5,0.0,-9.90624779334305,1.5264595732273185,2.8801152455228753,25.63383822082293
1773752094.8589945,1773752094859003415,Sr02_gB_IMG1_LID1_STA1_CFC64_OH0,0317_1354,B,0.49866023659706116,-2.5267712771892548e-05,0.5,0.0,-9.978697877237225,1.5458498962869953,2.88005092346019,25.61816136175065
1773752094.9812768,1773752094981288205,Sr02_gB_IMG1_LID1_STA1_CFC64_OH0,0317_1354,B,0.4988384246826172,-0.0006327296141535044,0.5,0.0,-10.026997229672569,1.558779406602167,2.8800093818517287,25.60782416126743
1773752095.1045885,1773752095104596165,Sr02_gB_IMG1_LID1_STA1_CFC64_OH0,0317_1354,B,0.49738889932632446,-0.00037425942718982697,0.5,0.0,-10.099445254019681,1.5781774233321808,2.8799369287497867,25.592489889016075
1773752095.2226899,1773752095222696955,Sr02_gB_IMG1_LID1_STA1_CFC64_OH0,0317_1354,B,0.5013747215270996,-0.0005138404667377472,0.5,0.0,-10.147742390376223,1.5911152089883165,2.879780699145529,25.582378233381757
1773752095.3443055,1773752095344312503,Sr02_gB_IMG1_LID1_STA1_CFC64_OH0,0317_1354,B,0.4980522096157074,0.000571100041270256,0.5,0.0,-10.22018463327198,1.61053480511712,2.8795855275338407,25.56737348419072
1773752095.4640489,1773752095464058827,Sr02_gB_IMG1_LID1_STA1_CFC64_OH0,0317_1354,B,0.49786946177482605,0.0008595986291766167,0.5,0.0,-10.268477830277227,1.6234872877070483,2.8795234718415763,25.55748152077952
1773752095.5843916,1773752095584401815,Sr02_gB_IMG1_LID1_STA1_CFC64_OH0,0317_1354,B,0.4964473247528076,0.0002255365252494812,0.5,0.0,-10.31677060901045,1.636441329749299,2.879520944618924,25.54768200006097
1773752095.7031212,1773752095703129488,Sr02_gB_IMG1_LID1_STA1_CFC64_OH0,0317_1354,B,0.5007384419441223,0.0002913079224526882,0.5,0.0,-10.389209149110387,1.6558747337608206,2.879444259624097,25.533156873959346
1773752095.8223183,1773752095822325825,Sr02_gB_IMG1_LID1_STA1_CFC64_OH0,0317_1354,B,0.4998587965965271,0.00037757912650704384,0.5,0.0,-10.437500615166787,1.6688336684680325,2.879401664149533,25.52358791353826
1773752095.9431353,1773752095943142126,Sr02_gB_IMG1_LID1_STA1_CFC64_OH0,0317_1354,B,0.4999042749404907,0.0003894791007041931,0.5,0.0,-10.48579153159782,1.6817946511747373,2.8793530719099247,25.51411126703735
1773752096.0686882,1773752096068696531,Sr02_gB_IMG1_LID1_STA1_CFC64_OH0,0317_1354,B,0.5007142424583435,-0.00031431764364242554,0.5,0.0,-10.55822736600187,1.701238137990431,2.8793844890091345,25.500071469729487
1773752096.190697,1773752096190705721,Sr02_gB_IMG1_LID1_STA1_CFC64_OH0,0317_1354,B,0.49987706542015076,-0.0011860146187245846,0.5,0.0,-10.60651891724526,1.7141967551980344,2.8794704485106943,25.490833675317162
1773752096.314628,1773752096314637106,Sr02_gB_IMG1_LID1_STA1_CFC64_OH0,0317_1354,B,0.4999042749404907,-0.0011840779334306717,0.5,0.0,-10.678957740926524,1.7336291021914323,2.879523301251343,25.477160373065107
1773752096.437052,1773752096437059245,Sr02_gB_IMG1_LID1_STA1_CFC64_OH0,0317_1354,B,0.4980599880218506,-0.0003434177488088608,0.5,0.0,-10.727250707159003,1.746582445210421,2.879551116519825,25.46816504638065
1773752096.5563083,1773752096556315174,Sr02_gB_IMG1_LID1_STA1_CFC64_OH0,0317_1354,B,0.4985054135322571,0.0003697057254612446,0.5,0.0,-10.799690955823802,1.7660094794341843,2.8796060278088893,25.454853283703855
1773752096.6841717,1773752096684179935,Sr02_gB_IMG1_LID1_STA1_CFC64_OH0,0317_1354,B,0.49573734402656555,0.00040346989408135414,0.5,0.0,-10.847985072366638,1.7789585330675455,2.8796449756461504,25.4461000627601
1773752096.806157,1773752096806164589,Sr02_gB_IMG1_LID1_STA1_CFC64_OH0,0317_1354,B,0.4957836866378784,0.0003989068791270256,0.5,0.0,-10.920426514068257,1.7983811181150688,2.8796015091873914,25.433149905447294
1773752096.9270942,1773752096927103171,Sr02_gB_IMG1_LID1_STA1_CFC64_OH0,0317_1354,B,0.4991095960140228,0.0004336177371442318,0.5,0.0,-10.968719551851386,1.8113341942645873,2.8794829079712043,25.42463093362489
1773752097.050932,1773752097050940859,Sr02_gB_IMG1_LID1_STA1_CFC64_OH0,0317_1354,B,0.5012930631637573,0.000561919528990984,0.5,0.0,-11.041156229666173,1.8307745383746092,2.879305277203377,25.412020627600008
1773752097.168398,1773752097168404789,Sr02_gB_IMG1_LID1_STA1_CFC64_OH0,0317_1354,B,0.48027271032333374,-0.03517942503094673,0.5,0.0,-11.089445974502693,1.8437398855109242,2.8792709348413963,25.4037280665742
1773752097.28512,1773752097285128964,Sr02_gB_IMG1_LID1_STA1_CFC64_OH0,0317_1354,B,0.48025909066200256,-0.03533785045146942,0.5,0.0,-11.137735736373244,1.8567051692019179,2.8793079048077925,25.395531305225063
1773752097.4018204,1773752097401828983,Sr02_gB_IMG1_LID1_STA1_CFC64_OH0,0317_1354,B,0.5021150708198547,0.0016933991573750973,0.5,0.0,-11.210171309356596,1.876149629893985,2.8793674122436803,25.38341940999732
1773752097.5215812,1773752097521589463,Sr02_gB_IMG1_LID1_STA1_CFC64_OH0,0317_1354,B,0.4983600080013275,-0.0005410201847553253,0.5,0.0,-11.258462341351052,1.8891101820290914,2.879407348499915,25.375467228018785
1773752097.643267,1773752097643273210,Sr02_gB_IMG1_LID1_STA1_CFC64_OH0,0317_1354,B,0.49838441610336304,-0.0005349647253751755,0.5,0.0,-11.306753908557228,1.9020687397973144,2.8794503630681385,25.367613143848608
1773752097.7629387,1773752097762944762,Sr02_gB_IMG1_LID1_STA1_CFC64_OH0,0317_1354,B,0.4987194538116455,0.0001597832888364792,0.5,0.0,-11.379192395591907,1.9215023416218229,2.8795282356823497,25.356016656914775
1773752097.8799531,1773752097879961038,Sr02_gB_IMG1_LID1_STA1_CFC64_OH0,0317_1354,B,0.4962306320667267,-0.0008156185504049063,0.5,0.0,-11.427474013273748,1.9344969241780947,2.877083429536588,25.348366210123217
1773752097.999217,1773752097999229500,Sr02_gB_IMG1_LID1_STA1_CFC64_OH0,0317_1354,B,0.4960312247276306,-9.021628648042679e-05,0.5,0.0,-11.49981335695036,1.9542960525398896,2.8717875135181767,25.336756540136804
1773752098.1183524,1773752098118360724,Sr02_gB_IMG1_LID1_STA1_CFC64_OH0,0317_1354,B,0.4960346221923828,-7.19800591468811e-05,0.5,0.0,-11.548000190742947,1.9676360175928143,2.8715838704387764,25.32899303787151
1773752098.2392285,1773752098239235044,Sr02_gB_IMG1_LID1_STA1_CFC64_OH0,0317_1354,B,0.5012041926383972,-1.9326340407133102e-05,0.5,0.0,-11.596188537705167,1.9809732924103096,2.8715521143751364,25.321328732170056
1773752098.3561394,1773752098356147234,Sr02_gB_IMG1_LID1_STA1_CFC64_OH0,0317_1354,B,0.5009285807609558,0.00024155015125870705,0.5,0.0,-11.668469731424585,2.000983997501022,2.8714715670204876,25.310008208723897
1773752098.4706397,1773752098470645983,Sr02_gB_IMG1_LID1_STA1_CFC64_OH0,0317_1354,B,0.5009521245956421,0.00024163583293557167,0.5,0.0,-11.716656764542485,2.014326018427874,2.8714875447916204,25.302580293145517
1773752098.5837352,1773752098583743329,Sr02_gB_IMG1_LID1_STA1_CFC64_OH0,0317_1354,B,0.49947589635849,0.0008761417120695114,0.5,0.0,-11.764843691999259,2.0276684209252527,2.8714352458235726,25.29524863762508
1773752098.7042162,1773752098704223786,Sr02_gB_IMG1_LID1_STA1_CFC64_OH0,0317_1354,B,0.4983677268028259,-0.002101465594023466,0.5,0.0,-11.83712282732465,2.047686559775552,2.8713999508154244,25.284427902030345
1773752098.8271258,1773752098827134236,Sr02_gB_IMG1_LID1_STA1_CFC64_OH0,0317_1354,B,0.489773690700531,0.0005702907219529152,0.5,0.0,-11.885308747854507,2.0610325983519897,2.87139257044535,25.277334504299482
1773752098.9521856,1773752098952193007,Sr02_gB_IMG1_LID1_STA1_CFC64_OH0,0317_1354,B,0.48979175090789795,0.0005796346813440323,0.5,0.0,-11.933494580980707,2.0743789524958767,2.8713880050926184,25.2703377215663
1773752099.0731723,1773752099073182414,Sr02_gB_IMG1_LID1_STA1_CFC64_OH0,0317_1354,B,0.5056962966918945,-0.38680142164230347,0.5,-0.5,-12.005773443211712,2.0943980773767175,2.8714111935531035,25.2600249018745
1773752099.191533,1773752099191541141,Sr02_gB_IMG1_LID1_STA1_CFC64_OH0,0317_1354,B,0.49209001660346985,-0.43852493166923523,0.5,-0.5,-12.053959725329237,2.107742810371096,2.871435354526368,25.253272484078863
1773752099.313081,1773752099313088671,Sr02_gB_IMG1_LID1_STA1_CFC64_OH0,0317_1354,B,0.4920712113380432,-0.43860116600990295,0.5,-0.5,-12.126240362562896,2.127755525349584,2.871547739937467,25.243330674208355
1773752099.4320455,1773752099432054633,Sr02_gB_IMG1_LID1_STA1_CFC64_OH0,0317_1354,B,0.517795979976654,-0.25246456265449524,0.5,-0.5,-12.174427280856722,2.1410979606509564,2.871367372024586,25.236823808988724
1773752099.5567188,1773752099556727295,Sr02_gB_IMG1_LID1_STA1_CFC64_OH0,0317_1354,B,0.502931535243988,-0.08676976710557938,0.5,0.0,-12.246705924192513,2.1611178757661254,2.871426289363382,25.227239730134958
1773752099.6782455,1773752099678252062,Sr02_gB_IMG1_LID1_STA1_CFC64_OH0,0317_1354,B,0.467973530292511,-0.4586346447467804,0.5,-0.5,-12.294892633282252,2.174461066891642,2.8714842527347195,25.220975746114878
1773752099.7990677,1773752099799075857,Sr02_gB_IMG1_LID1_STA1_CFC64_OH0,0317_1354,B,0.4676920473575592,-0.4586675465106964,0.5,-0.5,-12.342777269103406,2.187824987358119,2.8635608508157406,25.21474446361391
1773752099.9205196,1773752099920527907,Sr02_gB_IMG1_LID1_STA1_CFC64_OH0,0317_1354,B,0.4597935676574707,-0.5077065229415894,0.5,-0.5,-12.413246626025211,2.2097430521572843,2.8102275724045853,25.203524061881858
1773752100.0438619,1773752100043869550,Sr02_gB_IMG1_LID1_STA1_CFC64_OH0,0317_1354,B,0.29269909858703613,-0.5308970808982849,0.5,-0.5,-12.46015476123228,2.227041194254587,2.7663682696186926,25.193495260504115
1773752100.1599348,1773752100159941485,Sr02_gB_IMG1_LID1_STA1_CFC64_OH0,0317_1354,B,0.2918487787246704,-0.48332375288009644,0.5,-0.5,-12.529130022615504,2.2560689888589396,2.7242218841176657,25.17537275985571
1773752100.2791314,1773752100279137771,Sr02_gB_IMG1_LID1_STA1_CFC64_OH0,0317_1354,B,0.29362303018569946,-0.48266616463661194,0.5,-0.5,-12.574614963410921,2.276562281138022,2.713726159606111,25.162202105450017
1773752100.3938892,1773752100393898253,Sr02_gB_IMG1_LID1_STA1_CFC64_OH0,0317_1354,B,0.5350580215454102,-0.5416257977485657,0.5,-0.5,-12.61961673513442,2.29747264480537,2.6955763987976686,25.148635204622092
1773752100.5120597,1773752100512066992,Sr02_gB_IMG1_LID1_STA1_CFC64_OH0,0317_1354,B,0.4841383099555969,-0.49237561225891113,0.5,-0.5,-12.68561081470436,2.3315008868103044,2.632163720929741,25.12558388611687
1773752100.6299639,1773752100629972254,Sr02_gB_IMG1_LID1_STA1_CFC64_OH0,0317_1354,B,0.4818476438522339,-0.4916629195213318,0.5,-0.5,-12.728639820341083,2.3569452775524042,2.5825974382230026,25.10744696397302
1773752100.756881,1773752100756887976,Sr02_gB_IMG1_LID1_STA1_CFC64_OH0,0317_1354,B,0.4659150242805481,-0.45429009199142456,0.5,-0.5,-12.770348797945637,2.38451047281409,2.5325974880366138,25.087087239070826
1773752100.8787608,1773752100878767752,Sr02_gB_IMG1_LID1_STA1_CFC64_OH0,0317_1354,B,0.49543508887290955,-0.48963308334350586,0.5,-0.5,-12.83023089087945,2.4296396287223985,2.459431939711825,25.052526842352375
1773752100.9954557,1773752100995470326,Sr02_gB_IMG1_LID1_STA1_CFC64_OH0,0317_1354,B,0.48035940527915955,-0.4492015838623047,0.5,-0.5,-12.86826542840733,2.462087866025952,2.411152220877133,25.026937737378763
1773752101.1141448,1773752101114153495,Sr02_gB_IMG1_LID1_STA1_CFC64_OH0,0317_1354,B,0.4744291603565216,-0.4504857659339905,0.5,-0.5,-12.922220392471926,2.5141573731445765,2.33649898360912,24.98481450424806
1773752101.2315032,1773752101231511756,Sr02_gB_IMG1_LID1_STA1_CFC64_OH0,0317_1354,B,0.46887901425361633,-0.524542510509491,0.5,-0.5,-12.955968702582856,2.5510429487924773,2.287185223498931,24.954293709696874
1773752101.3469102,1773752101346917524,Sr02_gB_IMG1_LID1_STA1_CFC64_OH0,0317_1354,B,0.5093444585800171,-0.49558788537979126,0.5,-0.5,-12.987861668526852,2.589544048895022,2.2380118541232363,24.921921214318214
1773752101.4665034,1773752101466510018,Sr02_gB_IMG1_LID1_STA1_CFC64_OH0,0317_1354,B,0.5146855115890503,-0.4958842098712921,0.5,-0.5,-13.032150628247988,2.650052290026196,2.168373484055663,24.87013115751398
1773752101.5840938,1773752101584101558,Sr02_gB_IMG1_LID1_STA1_CFC64_OH0,0317_1354,B,0.4705869257450104,-0.4694370925426483,0.5,-0.5,-13.059286456356672,2.692042221739588,2.120117102206807,24.833619878531216
1773752101.6978288,1773752101697836076,Sr02_gB_IMG1_LID1_STA1_CFC64_OH0,0317_1354,B,0.5202746391296387,-0.496532142162323,0.5,-0.5,-13.084393955507286,2.735276291855739,2.074388346931704,24.79556787232147
1773752101.81123,1773752101811236543,Sr02_gB_IMG1_LID1_STA1_CFC64_OH0,0317_1354,B,0.4703696370124817,-0.3805907964706421,0.5,-0.5,-13.11834510063275,2.802135719434014,2.0068925997791873,24.735922231887884
1773752101.9259355,1773752101925944607,Sr02_gB_IMG1_LID1_STA1_CFC64_OH0,0317_1354,B,0.48429372906684875,-0.3410869240760803,0.5,-0.5,-13.138320488591367,2.8479491320345414,1.9569717852862976,24.694500594802186
1773752102.042382,1773752102042389405,Sr02_gB_IMG1_LID1_STA1_CFC64_OH0,0317_1354,B,0.4535428583621979,-0.558032751083374,0.5,-0.5,-13.155991087829563,2.8947170126989312,1.907236559182233,24.651749879875013
1773752102.1559298,1773752102155937160,Sr02_gB_IMG1_LID1_STA1_CFC64_OH0,0317_1354,B,0.5034831762313843,-0.4817034900188446,0.5,-0.5,-13.178096923049122,2.9663671255522064,1.832865855692085,24.585389624914125
1773752102.3888578,1773752102388864598,Sr02_gB_IMG1_LID1_STA1_CFC64_OH0,0317_1354,B,0.5040600895881653,-0.4931790232658386,0.5,-0.5,-13.189889710897193,3.0149517458493498,1.78539324383467,24.539827031419133
1773752102.511114,1773752102511122848,Sr02_gB_IMG1_LID1_STA1_CFC64_OH0,0317_1354,B,0.5045474767684937,-0.18514610826969147,0.5,-0.5,-13.209199552624229,3.138347859701851,1.6730053740854902,24.4221901474087
1773752102.6347322,1773752102634738517,Sr02_gB_IMG1_LID1_STA1_CFC64_OH0,0317_1354,B,0.5190080404281616,-0.014947127550840378,0.5,0.0,-13.213451937344932,3.188164267418605,1.6388967030494421,24.374053888277192
1773752102.7609854,1773752102760994465,Sr02_gB_IMG1_LID1_STA1_CFC64_OH0,0317_1354,B,0.5039761066436768,0.031523238867521286,0.5,0.0,-13.215924096334426,3.23790465795858,1.598704241292613,24.325664699244367
1773752102.8786805,1773752102878689360,Sr02_gB_IMG1_LID1_STA1_CFC64_OH0,0317_1354,B,0.49871909618377686,-2.8090085834264755e-05,0.5,0.0,-13.215260193423532,3.312885179144461,1.52571693206788,24.25190277663897
1773752102.9981291,1773752102998137752,Sr02_gB_IMG1_LID1_STA1_CFC64_OH0,0317_1354,B,0.5117487907409668,-0.27014103531837463,0.5,-0.5,-13.211805057087291,3.3627608069478216,1.47754663252827,24.202272199419202
1773752103.1207056,1773752103120712128,Sr02_gB_IMG1_LID1_STA1_CFC64_OH0,0317_1354,B,0.5169858336448669,-0.14526592195034027,0.5,0.0,-13.20208293482037,3.4371107929469082,1.4037993721110549,24.127425094567034
1773752103.2441254,1773752103244133150,Sr02_gB_IMG1_LID1_STA1_CFC64_OH0,0317_1354,B,0.5045996308326721,-0.18632206320762634,0.5,-0.5,-13.193042932978333,3.485818715149206,1.375089582261066,24.07788653063064
1773752103.3674417,1773752103367448794,Sr02_gB_IMG1_LID1_STA1_CFC64_OH0,0317_1354,B,0.5105298161506653,-0.25393787026405334,0.5,-0.5,-13.178174135539763,3.5591439292167095,1.3695614219216743,24.003072521285212
1773752103.490112,1773752103490118329,Sr02_gB_IMG1_LID1_STA1_CFC64_OH0,0317_1354,B,0.48264387249946594,0.030350467190146446,0.5,0.0,-13.168257396331244,3.6081506212578525,1.3727137260908413,23.953074739500405
1773752103.6114023,1773752103611409476,Sr02_gB_IMG1_LID1_STA1_CFC64_OH0,0317_1354,B,0.4933364689350128,0.028790311887860298,0.5,0.0,-13.158445682125738,3.6571784693728397,1.373341966776042,23.90307605467322
1773752103.7350762,1773752103735089747,Sr02_gB_IMG1_LID1_STA1_CFC64_OH0,0317_1354,B,0.49534791707992554,0.16429676115512848,0.5,0.0,-13.143295619736024,3.7300815640691414,1.350393063471763,23.828623415715697
1773752103.8535264,1773752103853534125,Sr02_gB_IMG1_LID1_STA1_CFC64_OH0,0317_1354,B,0.5010278820991516,0.002034966368228197,0.5,0.0,-13.131965650845617,3.778708084817355,1.334475724319302,23.778731853275346
1773752103.9732714,1773752103973278265,Sr02_gB_IMG1_LID1_STA1_CFC64_OH0,0317_1354,B,0.498896062374115,0.004741330165416002,0.5,0.0,-13.11348222729948,3.851345388783313,1.3069648113930614,23.703910752268165
1773752104.0932043,1773752104093211200,Sr02_gB_IMG1_LID1_STA1_CFC64_OH0,0317_1354,B,0.5020933747291565,-0.0013979729264974594,0.5,0.0,-13.099831716981837,3.899444544912773,1.281571082412296,23.654099758538482
1773752104.2094524,1773752104209458976,Sr02_gB_IMG1_LID1_STA1_CFC64_OH0,0317_1354,B,0.5050963163375854,0.19580669701099396,0.5,0.0,-13.077824216430606,3.9707098058272914,1.2696198321705348,23.579963954958117
1773752104.3345308,1773752104334538576,Sr02_gB_IMG1_LID1_STA1_CFC64_OH0,0317_1354,B,0.4894604980945587,0.055320266634225845,0.5,0.0,-13.06306077625585,4.0184804954808415,1.272498859737875,23.530268540128752
1773752104.4482691,1773752104448277252,Sr02_gB_IMG1_LID1_STA1_CFC64_OH0,0317_1354,B,0.4768410623073578,0.010757971554994583,0.5,0.0,-13.048563039305789,4.066210366553083,1.2823872574161341,23.480664419368505
1773752104.5662956,1773752104566308822,Sr02_gB_IMG1_LID1_STA1_CFC64_OH0,0317_1354,B,0.13274481892585754,-0.04855972155928612,0.0,0.0,-13.027750010657508,4.138126446417181,1.2906871025665263,23.406119962697638
1773752104.6896067,1773752104689613775,Sr02_gB_IMG1_LID1_STA1_CFC64_OH0,0317_1354,B,0.5235121250152588,0.14278152585029602,0.5,0.0,-13.013936031484754,4.186180308080502,1.291107105551224,23.356328440293087
1773752104.8134253,1773752104813432437,Sr02_gB_IMG1_LID1_STA1_CFC64_OH0,0317_1354,B,0.5276212096214294,0.17121440172195435,0.5,0.0,-13.00013513609531,4.234237929399852,1.291090099045791,23.306536566155888
1773752104.9282596,1773752104928269464,Sr02_gB_IMG1_LID1_STA1_CFC64_OH0,0317_1354,B,0.5103625059127808,0.16281241178512573,0.5,0.0,-12.979748440794237,4.306152054025627,1.3047309780016396,23.232078505555737
1773752105.0504177,1773752105050425541,Sr02_gB_IMG1_LID1_STA1_CFC64_OH0,0317_1354,B,0.4917691648006439,0.25928014516830444,0.5,0.5,-12.966847568610424,4.354361351282786,1.3123585125306743,23.182307859954157
1773752105.1703682,1773752105170376520,Sr02_gB_IMG1_LID1_STA1_CFC64_OH0,0317_1354,B,0.49860069155693054,0.08152704685926437,0.5,0.0,-12.947993148021093,4.426279578762271,1.3153530029315494,23.108134432173856
1773752105.285914,1773752105285921492,Sr02_gB_IMG1_LID1_STA1_CFC64_OH0,0317_1354,B,0.48799774050712585,0.03015133924782276,0.5,0.0,-12.939096945235548,4.460403964770012,1.3162342787169787,23.072949695713838
1773752105.405359,1773752105405368420,Sr02_gB_IMG1_LID1_STA1_CFC64_OH0,0317_1354,B,0.5116448402404785,0.0058747162111103535,0.5,0.0,-12.931636428463381,4.489121139650162,1.3169291793868898,23.04334522942919
1773752105.5212834,1773752105521292296,Sr02_gB_IMG1_LID1_STA1_CFC64_OH0,0317_1354,B,0.5022125840187073,-0.008984350599348545,0.5,0.0,-12.914413600017104,4.556365181279708,1.3279879601566023,22.974070094640854
1773752105.6410024,1773752105641009936,Sr02_gB_IMG1_LID1_STA1_CFC64_OH0,0317_1354,B,0.49467527866363525,0.00011335499584674835,0.5,0.0,-12.902787736196489,4.604994223316177,1.3442691788061658,22.924127002773524
1773752105.7657404,1773752105765748963,Sr02_gB_IMG1_LID1_STA1_CFC64_OH0,0317_1354,B,0.4880676567554474,0.0015228986740112305,0.5,0.0,-12.892050430621222,4.653754821108638,1.3660636247874873,22.87422013312363
1773752105.892527,1773752105892535672,Sr02_gB_IMG1_LID1_STA1_CFC64_OH0,0317_1354,B,0.5260350704193115,-0.04003795608878136,0.5,0.0,-12.878092080682991,4.727289260054646,1.394292386377792,22.799372636656514
1773752106.0105467,1773752106010553957,Sr02_gB_IMG1_LID1_STA1_CFC64_OH0,0317_1354,B,0.4941481351852417,-0.001407755073159933,0.5,0.0,-12.869417723012019,4.776519392128857,1.3979367163659933,22.749388147361213
1773752106.133282,1773752106133291210,Sr02_gB_IMG1_LID1_STA1_CFC64_OH0,0317_1354,B,0.5127811431884766,-0.08250554651021957,0.5,0.0,-12.856625023624533,4.850420300740828,1.4000317700999851,22.674397423862423
1773752106.2554739,1773752106255479628,Sr02_gB_IMG1_LID1_STA1_CFC64_OH0,0317_1354,B,0.5144108533859253,-0.13428321480751038,0.5,0.0,-12.84810609992148,4.899689230641546,1.3991333478797077,22.624403789544996
1773752106.376182,1773752106376189488,Sr02_gB_IMG1_LID1_STA1_CFC64_OH0,0317_1354,B,0.49655881524086,-0.0030197049491107464,0.5,0.0,-12.835277131732223,4.973583864011337,1.3989056032507563,22.549412583736814
1773752106.5022972,1773752106502305943,Sr02_gB_IMG1_LID1_STA1_CFC64_OH0,0317_1354,B,0.5011436939239502,-0.003950437065213919,0.5,0.0,-12.826728607743123,5.022847668328281,1.3990578927854682,22.499418543501427
1773752106.6245437,1773752106624552601,Sr02_gB_IMG1_LID1_STA1_CFC64_OH0,0317_1354,B,0.5000080466270447,-0.0019788709469139576,0.5,0.0,-12.813723834097432,5.096700180408891,1.3935074651139416,22.424436081734736
1773752106.7466018,1773752106746610042,Sr02_gB_IMG1_LID1_STA1_CFC64_OH0,0317_1354,B,0.4683310091495514,-0.028629636391997337,0.5,0.0,-12.804902323189728,5.145912303962298,1.3933542595174775,22.37444203562658
1773752106.8646562,1773752106864667862,Sr02_gB_IMG1_LID1_STA1_CFC64_OH0,0317_1354,B,0.5015021562576294,-0.002994779497385025,0.5,0.0,-12.791253922074507,5.219614802178207,1.3807160132613105,22.29948713942778
1773752106.9913733,1773752106991381994,Sr02_gB_IMG1_LID1_STA1_CFC64_OH0,0317_1354,B,0.45214542746543884,-0.03061717189848423,0.5,0.0,-12.781477662616162,5.268649349756693,1.3672877193598307,22.249489754544815
1773752107.1103451,1773752107110353336,Sr02_gB_IMG1_LID1_STA1_CFC64_OH0,0317_1354,B,0.47300606966018677,-0.039412982761859894,0.5,0.0,-12.771249321739191,5.317505598013142,1.3637714459417265,22.19958338290486
1773752107.2319994,1773752107232008238,Sr02_gB_IMG1_LID1_STA1_CFC64_OH0,0317_1354,B,0.4999884068965912,0.005621366668492556,0.5,0.0,-12.755814231477105,5.390900128666543,1.3632254185703947,22.124598437573844
1773752107.3465357,1773752107346542514,Sr02_gB_IMG1_LID1_STA1_CFC64_OH0,0317_1354,B,0.5098164081573486,0.07192488759756088,0.5,0.0,-12.745505213139117,5.439825825552541,1.3630275302907204,22.074608923641016
1773752107.4650521,1773752107465060070,Sr02_gB_IMG1_LID1_STA1_CFC64_OH0,0317_1354,B,0.5079313516616821,0.002171457279473543,0.5,0.0,-12.735154574071888,5.488742722517175,1.3609641133803423,22.024620360835872
1773752107.58732,1773752107587329581,Sr02_gB_IMG1_LID1_STA1_CFC64_OH0,0317_1354,B,0.5054311156272888,0.0023830500431358814,0.5,0.0,-12.719465148467831,5.562083303096597,1.3597458331282797,21.949641375180114
1773752107.702198,1773752107702205250,Sr02_gB_IMG1_LID1_STA1_CFC64_OH0,0317_1354,B,0.5071573853492737,-0.0011997150722891092,0.5,0.0,-12.708928787403352,5.610960525989989,1.3569603655548022,21.899657408165663
1773752107.8259583,1773752107825966103,Sr02_gB_IMG1_LID1_STA1_CFC64_OH0,0317_1354,B,0.5011394023895264,-0.00810807291418314,0.5,0.0,-12.692822182358862,5.684199097415458,1.3517876308180787,21.824701388708537
1773752107.947178,1773752107947184723,Sr02_gB_IMG1_LID1_STA1_CFC64_OH0,0317_1354,B,0.4995105266571045,-0.006893862038850784,0.5,0.0,-12.681972795561814,5.733007809671693,1.3523497534915907,21.774726804163468
1773752108.0658166,1773752108065823999,Sr02_gB_IMG1_LID1_STA1_CFC64_OH0,0317_1354,B,0.5098000764846802,0.004348721820861101,0.5,0.0,-12.671224832441595,5.781815405821893,1.3572222939588519,21.724772262902693
1773752108.1816096,1773752108181617338,Sr02_gB_IMG1_LID1_STA1_CFC64_OH0,0317_1354,B,0.5269636511802673,0.1599050760269165,0.5,0.0,-12.655502020166146,5.855125585173604,1.3599814617257946,21.649817640002546
1773752108.3016229,1773752108301630675,Sr02_gB_IMG1_LID1_STA1_CFC64_OH0,0317_1354,B,0.49814942479133606,0.08177217841148376,0.5,0.0,-12.64504490866701,5.904019843428856,1.3602176502542835,21.599832128511174
1773752108.4177425,1773752108417754268,Sr02_gB_IMG1_LID1_STA1_CFC64_OH0,0317_1354,B,0.4970838725566864,0.0687381699681282,0.5,0.0,-12.629370313887456,5.977363598141043,1.3601119267486086,21.524853714388154
1773752108.5346763,1773752108534683890,Sr02_gB_IMG1_LID1_STA1_CFC64_OH0,0317_1354,B,0.5008518695831299,0.004803628195077181,0.5,0.0,-12.618894033059437,6.026253751403215,1.3593011222551046,21.474868851396298
1773752108.652139,1773752108652146337,Sr02_gB_IMG1_LID1_STA1_CFC64_OH0,0317_1354,B,0.49121662974357605,0.07514983415603638,0.5,0.0,-12.608379569308031,6.075135707462871,1.358575309983094,21.424885038104733
1773752108.7761693,1773752108776176758,Sr02_gB_IMG1_LID1_STA1_CFC64_OH0,0317_1354,B,0.489910364151001,0.07603887468576431,0.5,0.0,-12.592583856792087,6.148453472190232,1.3588903316222125,21.349910091460735
1773752108.8969202,1773752108896927896,Sr02_gB_IMG1_LID1_STA1_CFC64_OH0,0317_1354,B,0.5007691383361816,-0.001031533582136035,0.5,0.0,-12.582299669640271,6.19722685911506,1.3699709850639006,21.300075803402727
1773752109.0180933,1773752109018101240,Sr02_gB_IMG1_LID1_STA1_CFC64_OH0,0317_1354,B,0.49904564023017883,0.007813634350895882,0.5,0.0,-12.572585974846206,6.246242999885095,1.3793543868748805,21.25010863748935
1773752109.1422734,1773752109142280613,Sr02_gB_IMG1_LID1_STA1_CFC64_OH0,0317_1354,B,0.48769935965538025,0.04070054739713669,0.5,0.0,-12.558729604475158,6.319939903561039,1.3897904295190135,21.175120426635544
1773752109.260964,1773752109260971806,Sr02_gB_IMG1_LID1_STA1_CFC64_OH0,0317_1354,B,0.49249473214149475,0.12093115597963333,0.5,0.0,-12.549740706376701,6.369124547001091,1.3902733222094144,21.125121882985713
1773752109.3755996,1773752109375607243,Sr02_gB_IMG1_LID1_STA1_CFC64_OH0,0317_1354,B,0.49181389808654785,0.029730694368481636,0.5,0.0,-12.53657535640233,6.442928723876185,1.3997410624572844,21.050156226765598
1773752109.496822,1773752109496830130,Sr02_gB_IMG1_LID1_STA1_CFC64_OH0,0317_1354,B,0.4886883497238159,-0.0006714446935802698,0.5,0.0,-12.528251228794081,6.49223081858474,1.4073360464180669,21.000165418075973
1773752109.6179256,1773752109617933833,Sr02_gB_IMG1_LID1_STA1_CFC64_OH0,0317_1354,B,0.49076414108276367,-0.004993663169443607,0.5,0.0,-12.52017251103084,6.541540714134945,1.4084696701784143,20.95021246229259
1773752109.7369325,1773752109736938869,Sr02_gB_IMG1_LID1_STA1_CFC64_OH0,0317_1354,B,0.48843568563461304,-0.029402056708931923,0.5,0.0,-12.508072087745067,6.615558135090718,1.4092879005091197,20.875234764078723
1773752109.8578458,1773752109857853455,Sr02_gB_IMG1_LID1_STA1_CFC64_OH0,0317_1354,B,0.4988339841365814,0.0011455044150352478,0.5,0.0,-12.500102955183804,6.664918946236063,1.4127001862426025,20.825252273041976
1773752109.9821384,1773752109982146361,Sr02_gB_IMG1_LID1_STA1_CFC64_OH0,0317_1354,B,0.4970933794975281,-0.00289623299613595,0.5,0.0,-12.488823890134789,6.73903274438432,1.4286143280523527,20.750332563822667
1773752110.1030955,1773752110103103417,Sr02_gB_IMG1_LID1_STA1_CFC64_OH0,0317_1354,B,0.4977910816669464,-5.314266309142113e-05,0.5,0.0,-12.481888768475192,6.788516073228078,1.433212324664454,20.700421926633407
1773752110.2244334,1773752110224440671,Sr02_gB_IMG1_LID1_STA1_CFC64_OH0,0317_1354,B,0.5029563307762146,0.019679125398397446,0.5,0.0,-12.471620479721228,6.862809824788678,1.433372432557989,20.625513901632388
1773752110.343638,1773752110343646214,Sr02_gB_IMG1_LID1_STA1_CFC64_OH0,0317_1354,B,0.5044057965278625,0.02867196314036846,0.5,0.0,-12.464758526378175,6.912336718769009,1.4328730679786206,20.57557476924838
1773752110.4596903,1773752110459698552,Sr02_gB_IMG1_LID1_STA1_CFC64_OH0,0317_1354,B,0.49500909447669983,0.0012475568801164627,0.5,0.0,-12.457833165519236,6.961854771393254,1.4304210528656705,20.52563281951872
1773752110.5785654,1773752110578573783,Sr02_gB_IMG1_LID1_STA1_CFC64_OH0,0317_1354,B,0.49730968475341797,0.0022426345385611057,0.5,0.0,-12.44730359727118,7.03611194221006,1.4299819046493167,20.450713623298544
1773752110.6986392,1773752110698648676,Sr02_gB_IMG1_LID1_STA1_CFC64_OH0,0317_1354,B,0.5051388740539551,-0.0038364483043551445,0.5,0.0,-12.440280853713762,7.085616292924255,1.4297327022241098,20.400767679649142
1773752110.8202748,1773752110820281877,Sr02_gB_IMG1_LID1_STA1_CFC64_OH0,0317_1354,B,0.5030723810195923,-0.0021546718198806047,0.5,0.0,-12.433246406171786,7.135118982018626,1.4296136623646687,20.350821451180625
1773752110.9354393,1773752110935446782,Sr02_gB_IMG1_LID1_STA1_CFC64_OH0,0317_1354,B,0.5016182661056519,-3.777164965867996e-05,0.5,0.0,-12.422751653993993,7.209381062293984,1.4317762218147514,20.275905325098794
1773752111.054903,1773752111054910492,Sr02_gB_IMG1_LID1_STA1_CFC64_OH0,0317_1354,B,0.49504080414772034,-0.01000017300248146,0.5,0.0,-12.41588599775912,7.258907427412211,1.4344635500975023,20.22596803700525
1773752111.1710038,1773752111171011111,Sr02_gB_IMG1_LID1_STA1_CFC64_OH0,0317_1354,B,0.5105392336845398,0.036411434412002563,0.5,0.0,-12.405737678770558,7.333217660816366,1.4351991915365019,20.15107044420792
1773752111.289389,1773752111289395677,Sr02_gB_IMG1_LID1_STA1_CFC64_OH0,0317_1354,B,0.5084615349769592,0.07357616722583771,0.5,0.0,-12.398984134879225,7.382759454460112,1.4354234538621167,20.10113977648667
1773752111.4076157,1773752111407622685,Sr02_gB_IMG1_LID1_STA1_CFC64_OH0,0317_1354,B,0.5074934959411621,0.09972946345806122,0.5,0.0,-12.392226643230252,7.432300709580179,1.4350398143108751,20.051209244118798
1773752111.5302458,1773752111530253067,Sr02_gB_IMG1_LID1_STA1_CFC64_OH0,0317_1354,B,0.4988141357898712,0.01099407859146595,0.5,0.0,-12.382059810614138,7.506608412661031,1.4346493418302826,19.976312468170192
1773752111.6459782,1773752111645984941,Sr02_gB_IMG1_LID1_STA1_CFC64_OH0,0317_1354,B,0.49646881222724915,0.0026400797069072723,0.5,0.0,-12.37527149130347,7.5561454533848815,1.4346032251175438,19.926381161817886
1773752111.761795,1773752111761806564,Sr02_gB_IMG1_LID1_STA1_CFC64_OH0,0317_1354,B,0.4968286156654358,0.0021084193140268326,0.5,0.0,-12.368466983768172,7.605680271334098,1.4338024647769785,19.876449345749627
1773752111.8788881,1773752111878897169,Sr02_gB_IMG1_LID1_STA1_CFC64_OH0,0317_1354,B,0.49868038296699524,0.0021322164684534073,0.5,0.0,-12.35828129047921,7.6799741004078825,1.4368582852981655,19.801564473403936
1773752111.99999,1773752111999999499,Sr02_gB_IMG1_LID1_STA1_CFC64_OH0,0317_1354,B,0.49684542417526245,-0.0011035220231860876,0.5,0.0,-12.351786575544578,7.729545482519567,1.4441985484860818,19.751655859469068
1773752112.1212966,1773752112121303901,Sr02_gB_IMG1_LID1_STA1_CFC64_OH0,0317_1354,B,0.4968491494655609,-0.003880617208778858,0.5,0.0,-12.345679473476254,7.779170938027196,1.4531253283787942,19.701767519582777
1773752112.2465262,1773752112246534154,Sr02_gB_IMG1_LID1_STA1_CFC64_OH0,0317_1354,B,0.4950912594795227,-0.0018010148778557777,0.5,0.0,-12.337203326702168,7.853657276338244,1.4590043585166614,19.62701778567048
1773752112.3675828,1773752112367592923,Sr02_gB_IMG1_LID1_STA1_CFC64_OH0,0317_1354,B,0.49478045105934143,0.0007825116626918316,0.5,0.0,-12.33163939510595,7.903346735180505,1.4594354521524593,19.57717060908877
1773752112.4885452,1773752112488554557,Sr02_gB_IMG1_LID1_STA1_CFC64_OH0,0317_1354,B,0.5030199885368347,0.002910139039158821,0.5,0.0,-12.323317108269794,7.977883563530568,1.459762348129817,19.502403180424974
1773752112.60752,1773752112607526400,Sr02_gB_IMG1_LID1_STA1_CFC64_OH0,0317_1354,B,0.5007559657096863,0.0038728560321033,0.5,0.0,-12.31778210780065,8.027576253569784,1.4599755694097039,19.452560273476863
1773752112.7261767,1773752112726184562,Sr02_gB_IMG1_LID1_STA1_CFC64_OH0,0317_1354,B,0.5013792514801025,0.0010624798014760017,0.5,0.0,-12.312249663368782,8.077269228314956,1.459865219863863,19.402718379374445
1773752112.849347,1773752112849355643,Sr02_gB_IMG1_LID1_STA1_CFC64_OH0,0317_1354,B,0.5069955587387085,0.0027667093090713024,0.5,0.0,-12.303930779145713,8.151806435900017,1.4593664430789535,19.327955448371895
1773752112.9720097,1773752112972017684,Sr02_gB_IMG1_LID1_STA1_CFC64_OH0,0317_1354,B,0.4939122498035431,-0.0016083158552646637,0.5,0.0,-12.298364473371775,8.201495629035321,1.4591447483158833,19.278112884378228
1773752113.1004395,1773752113100446900,Sr02_gB_IMG1_LID1_STA1_CFC64_OH0,0317_1354,B,0.5012320280075073,-0.00046660518273711205,0.5,0.0,-12.2900087725752,8.276028719310846,1.4592104524500336,19.203350072655414
1773752113.2197816,1773752113219788921,Sr02_gB_IMG1_LID1_STA1_CFC64_OH0,0317_1354,B,0.499022513628006,0.0005602044984698296,0.5,0.0,-12.2844482804408,8.325718563269191,1.4595014642499178,19.153510030910883
1773752113.3400893,1773752113340095751,Sr02_gB_IMG1_LID1_STA1_CFC64_OH0,0317_1354,B,0.4935299754142761,-0.0037796907126903534,0.5,0.0,-12.276137821217116,8.400256710645277,1.45999730405649,19.078753992429025
1773752113.4624267,1773752113462433431,Sr02_gB_IMG1_LID1_STA1_CFC64_OH0,0317_1354,B,0.5056779384613037,0.0003348137252032757,0.5,0.0,-12.270611838531327,8.449950404370005,1.460103552029555,19.02891886834067
1773752113.5868926,1773752113586900054,Sr02_gB_IMG1_LID1_STA1_CFC64_OH0,0317_1354,B,0.509166419506073,0.00037247780710458755,0.5,0.0,-12.262339920652895,8.524492839165477,1.4604844719086478,18.95416921272292
1773752113.7085342,1773752113708541391,Sr02_gB_IMG1_LID1_STA1_CFC64_OH0,0317_1354,B,0.5129340291023254,-0.0021216021850705147,0.5,0.0,-12.25683151155557,8.574188483911973,1.4603236439339369,18.904337722612222
1773752113.8318436,1773752113831852065,Sr02_gB_IMG1_LID1_STA1_CFC64_OH0,0317_1354,B,0.5059579014778137,-0.0013682115823030472,0.5,0.0,-12.251317946739004,8.62388355696362,1.4602769826183497,18.8545066977331
1773752113.9514132,1773752113951421094,Sr02_gB_IMG1_LID1_STA1_CFC64_OH0,0317_1354,B,0.5055797696113586,-0.0005994425155222416,0.5,0.0,-12.243046925692969,8.698426091769633,1.4603302081299177,18.779761788632833
1773752114.0746858,1773752114074693236,Sr02_gB_IMG1_LID1_STA1_CFC64_OH0,0317_1354,B,0.5040407180786133,-0.00415799068287015,0.5,0.0,-12.237529337176596,8.748120718000072,1.4600390407598767,18.7299326848406
1773752114.193797,1773752114193804271,Sr02_gB_IMG1_LID1_STA1_CFC64_OH0,0317_1354,B,0.5014173984527588,0.00024328799918293953,0.5,0.0,-12.229238421173177,8.822661042641334,1.4600481146111406,18.65518953051163
1773752114.3130007,1773752114313008352,Sr02_gB_IMG1_LID1_STA1_CFC64_OH0,0317_1354,B,0.5111719369888306,-0.002285090507939458,0.5,0.0,-12.223713249006533,8.872354826510096,1.4600853623021166,18.60536208538894
1773752114.4324257,1773752114432434973,Sr02_gB_IMG1_LID1_STA1_CFC64_OH0,0317_1354,B,0.509122371673584,-0.005204205866903067,0.5,0.0,-12.215420112686418,8.946894903921645,1.4598570139363352,18.530622209480587
1773752114.5592265,1773752114559234916,Sr02_gB_IMG1_LID1_STA1_CFC64_OH0,0317_1354,B,0.5061945915222168,-0.00030275434255599976,0.5,0.0,-12.209881119156302,8.996587149089102,1.4597201929571977,18.480795936293372
1773752114.679321,1773752114679327542,Sr02_gB_IMG1_LID1_STA1_CFC64_OH0,0317_1354,B,0.5047466158866882,-0.00351456506177783,0.5,0.0,-12.204336873863138,9.046278808613943,1.4596525605373296,18.430970162376557
1773752114.80463,1773752114804637657,Sr02_gB_IMG1_LID1_STA1_CFC64_OH0,0317_1354,B,0.5030553340911865,6.753392517566681e-05,0.5,0.0,-12.196006051026663,9.120814682938288,1.4592067927953494,18.35623206044547
1773752114.921318,1773752114921326104,Sr02_gB_IMG1_LID1_STA1_CFC64_OH0,0317_1354,B,0.5095675587654114,0.004077506717294455,0.5,0.0,-12.190438751238766,9.17050376479721,1.4592311181876363,18.306406717856973
1773752115.0422251,1773752115042233417,Sr02_gB_IMG1_LID1_STA1_CFC64_OH0,0317_1354,B,0.5019723176956177,-0.0038893597666174173,0.5,0.0,-12.18208073272561,9.245036594890157,1.4589058281867908,18.231669900446597
1773752115.1672137,1773752115167223778,Sr02_gB_IMG1_LID1_STA1_CFC64_OH0,0317_1354,B,0.5002635717391968,0.00016377028077840805,0.5,0.0,-12.17648494539631,9.294722476091293,1.4583854086244328,18.181844553567053
1773752115.2880352,1773752115288051350,Sr02_gB_IMG1_LID1_STA1_CFC64_OH0,0317_1354,B,0.4915742874145508,0.08551869541406631,0.5,0.0,-12.168066647875257,9.369248522223817,1.4582909773616468,18.107106261737368
1773752115.4063756,1773752115406383307,Sr02_gB_IMG1_LID1_STA1_CFC64_OH0,0317_1354,B,0.499000608921051,0.049819715321063995,0.5,0.0,-12.162444509555884,9.418931428921583,1.4579395238879846,18.05728110177238
1773752115.5303452,1773752115530353104,Sr02_gB_IMG1_LID1_STA1_CFC64_OH0,0317_1354,B,0.499213308095932,-0.003543894039466977,0.5,0.0,-12.156809270216197,9.46861285159248,1.4578388117349386,18.007455806310375
1773752115.6508446,1773752115650853178,Sr02_gB_IMG1_LID1_STA1_CFC64_OH0,0317_1354,B,0.5037211775779724,-0.0019472099374979734,0.5,0.0,-12.148370182948364,9.543136545467714,1.4583301346863717,17.932720852791217
1773752115.7757673,1773752115775774620,Sr02_gB_IMG1_LID1_STA1_CFC64_OH0,0317_1354,B,0.5046321153640747,-0.004111284390091896,0.5,0.0,-12.142752819455335,9.592819992227076,1.4580208739765725,17.882899522310616
1773752115.9001086,1773752115900115056,Sr02_gB_IMG1_LID1_STA1_CFC64_OH0,0317_1354,B,0.4852462708950043,-0.008298567496240139,0.5,0.0,-12.134312759408056,9.667332365394348,1.4583808020108127,17.808179200638655
1773752116.0214634,1773752116021471435,Sr02_gB_IMG1_LID1_STA1_CFC64_OH0,0317_1354,B,0.4956487715244293,0.0013034860603511333,0.5,0.0,-12.12890845577762,9.717016616702164,1.4667118906205285,17.758401476255518
1773752116.1440566,1773752116144064907,Sr02_gB_IMG1_LID1_STA1_CFC64_OH0,0317_1354,B,0.5027847290039062,0.013215936720371246,0.5,0.0,-12.12146379030533,9.791634567874455,1.4743317417393018,17.683777575651135
1773752116.2681816,1773752116268189005,Sr02_gB_IMG1_LID1_STA1_CFC64_OH0,0317_1354,B,0.4970400035381317,-0.0025748484767973423,0.5,0.0,-12.116639220056078,9.841401255267618,1.4739773582836566,17.634036390182484
1773752116.387427,1773752116387435536,Sr02_gB_IMG1_LID1_STA1_CFC64_OH0,0317_1354,B,0.4969392716884613,-0.00034850602969527245,0.5,0.0,-12.109377029502085,9.916048826112656,1.4736476697198668,17.55942477135158
1773752116.5123136,1773752116512320588,Sr02_gB_IMG1_LID1_STA1_CFC64_OH0,0317_1354,B,0.4952526390552521,0.00625233119353652,0.5,0.0,-12.10451690023067,9.965812053390064,1.4731946719638045,17.509683623527646
1773752116.6377993,1773752116637806364,Sr02_gB_IMG1_LID1_STA1_CFC64_OH0,0317_1354,B,0.4942846894264221,0.011391060426831245,0.5,0.0,-12.099623915075561,10.015572059778334,1.4723648174635509,17.459940597086167
1773752116.7595754,1773752116759582715,Sr02_gB_IMG1_LID1_STA1_CFC64_OH0,0317_1354,B,0.49999475479125977,-0.003501826897263527,0.5,0.0,-12.092241413862666,10.090207828320429,1.4722722715697718,17.38532442966715
1773752116.8805559,1773752116880561623,Sr02_gB_IMG1_LID1_STA1_CFC64_OH0,0317_1354,B,0.5032652020454407,-0.00028337258845567703,0.5,0.0,-12.087350426612627,10.139968029086058,1.4734747296531496,17.335585301858142
1773752116.9974747,1773752116997483290,Sr02_gB_IMG1_LID1_STA1_CFC64_OH0,0317_1354,B,0.49997562170028687,-0.0013517544139176607,0.5,0.0,-12.080059859484347,10.21461283370683,1.4732686848488317,17.260984179416745
1773752117.1159024,1773752117115910205,Sr02_gB_IMG1_LID1_STA1_CFC64_OH0,0317_1354,B,0.5054458379745483,0.011394258588552475,0.5,0.0,-12.07519033727559,10.264375143100605,1.473233833828559,17.211251073402703
1773752117.2373316,1773752117237338500,Sr02_gB_IMG1_LID1_STA1_CFC64_OH0,0317_1354,B,0.5038991570472717,0.01521282084286213,0.5,0.0,-12.070327128329545,10.314138069360366,1.4736610360821778,17.161520176702894
1773752117.3631387,1773752117363146122,Sr02_gB_IMG1_LID1_STA1_CFC64_OH0,0317_1354,B,0.4963536858558655,0.003874668385833502,0.5,0.0,-12.063098794985859,10.38878891999227,1.4750613651690578,17.08693377280342
1773752117.4865034,1773752117486510057,Sr02_gB_IMG1_LID1_STA1_CFC64_OH0,0317_1354,B,0.5008213520050049,9.515322744846344e-05,0.5,0.0,-12.05831768349653,10.43855980138441,1.474860123077629,17.03721553174401
1773752117.605165,1773752117605171234,Sr02_gB_IMG1_LID1_STA1_CFC64_OH0,0317_1354,B,0.49984243512153625,-3.015901893377304e-05,0.5,0.0,-12.05112355799677,10.51321396291672,1.4746781936235778,16.96263887311725
1773752117.725197,1773752117725204599,Sr02_gB_IMG1_LID1_STA1_CFC64_OH0,0317_1354,B,0.49843981862068176,-0.001288172323256731,0.5,0.0,-12.046321684519398,10.562982845667744,1.474543018630883,16.912922560684237
1773752117.840164,1773752117840169767,Sr02_gB_IMG1_LID1_STA1_CFC64_OH0,0317_1354,B,0.4960307776927948,-0.0006624632515013218,0.5,0.0,-12.039159864376675,10.63764010508796,1.475997225027372,16.838355667539332
1773752117.9608986,1773752117960905185,Sr02_gB_IMG1_LID1_STA1_CFC64_OH0,0317_1354,B,0.4992190897464752,0.0007869089022278786,0.5,0.0,-12.03446306307719,10.687419008903232,1.4774803161414658,16.788655033148327
1773752118.080544,1773752118080552051,Sr02_gB_IMG1_LID1_STA1_CFC64_OH0,0317_1354,B,0.49788838624954224,0.00012383842840790749,0.5,0.0,-12.029819038717546,10.737202868568609,1.4779811723612915,16.73896202318981
1773752118.2041154,1773752118204123667,Sr02_gB_IMG1_LID1_STA1_CFC64_OH0,0317_1354,B,0.48818060755729675,-0.00264969514682889,0.5,0.0,-12.022878210477735,10.811881005794023,1.4781466285733003,16.664428773368975
1773752118.3238065,1773752118323814295,Sr02_gB_IMG1_LID1_STA1_CFC64_OH0,0317_1354,B,0.49260711669921875,0.0042175776325166225,0.5,0.0,-12.018252387758414,10.86166656039745,1.4781461190130603,16.614742430863846
1773752118.4436586,1773752118443665145,Sr02_gB_IMG1_LID1_STA1_CFC64_OH0,0317_1354,B,0.490597128868103,0.0020739976316690445,0.5,0.0,-12.011308098655576,10.93634437584227,1.4779780546681736,16.540215834187816
1773752118.565843,1773752118565851349,Sr02_gB_IMG1_LID1_STA1_CFC64_OH0,0317_1354,B,0.49682700634002686,-0.0010223484132438898,0.5,0.0,-12.006671901257565,10.986128965382992,1.4779055508921008,16.49053306593733
1773752118.6879787,1773752118687986547,Sr02_gB_IMG1_LID1_STA1_CFC64_OH0,0317_1354,B,0.48987141251564026,-0.00011262157931923866,0.5,0.0,-12.002035312523907,11.035913518476704,1.477969746846729,16.44085217668056
1773752118.8153303,1773752118815339583,Sr02_gB_IMG1_LID1_STA1_CFC64_OH0,0317_1354,B,0.47557342052459717,0.008755497634410858,0.5,0.0,-11.995085723661042,11.110590841007843,1.478014845863565,16.366335090551143
1773752118.934794,1773752118934801130,Sr02_gB_IMG1_LID1_STA1_CFC64_OH0,0317_1354,B,0.4865855872631073,0.0010759811848402023,0.5,0.0,-11.990449192687137,11.160375399372752,1.4778053494852694,16.316659094625493
1773752119.0597773,1773752119059785149,Sr02_gB_IMG1_LID1_STA1_CFC64_OH0,0317_1354,B,0.4944877624511719,-8.042855188250542e-05,0.5,0.0,-11.983498965634967,11.235052661431855,1.4783006346096976,16.242149354705724
1773752119.1802986,1773752119180307265,Sr02_gB_IMG1_LID1_STA1_CFC64_OH0,0317_1354,B,0.4851393699645996,-0.0011749316472560167,0.5,0.0,-11.978886949797413,11.284839496874307,1.47852947143885,16.192481188052195
1773752119.305431,1773752119305437731,Sr02_gB_IMG1_LID1_STA1_CFC64_OH0,0317_1354,B,0.4877829849720001,0.0235164612531662,0.5,0.0,-11.971971047050449,11.359519946558805,1.4783852185481796,16.11798303190102
1773752119.4225903,1773752119422598278,Sr02_gB_IMG1_LID1_STA1_CFC64_OH0,0317_1354,B,0.4893294870853424,0.020353659987449646,0.5,0.0,-11.967356785208965,11.40930657398609,1.4783739562148503,16.06831976168491
1773752119.5432212,1773752119543227146,Sr02_gB_IMG1_LID1_STA1_CFC64_OH0,0317_1354,B,0.5013759732246399,-0.0024287474807351828,0.5,0.0,-11.960469929225757,11.483989703894776,1.479279530464771,15.993832846062089
1773752119.6682973,1773752119668305072,Sr02_gB_IMG1_LID1_STA1_CFC64_OH0,0317_1354,B,0.4920435845851898,-0.0019232418853789568,0.5,0.0,-11.955903153087723,11.533780709471142,1.4793871285340765,15.944180462153753
1773752119.7900507,1773752119790058560,Sr02_gB_IMG1_LID1_STA1_CFC64_OH0,0317_1354,B,0.49261102080345154,-0.00023990357294678688,0.5,0.0,-11.951338855468192,11.583571942336134,1.479379086576931,15.894530552026941
1773752119.907433,1773752119907442088,Sr02_gB_IMG1_LID1_STA1_CFC64_OH0,0317_1354,B,0.4874674677848816,0.0018497677519917488,0.5,0.0,-11.944488361192796,11.658258420391794,1.479246628007836,15.820059338544782
1773752120.0245569,1773752120024565776,Sr02_gB_IMG1_LID1_STA1_CFC64_OH0,0317_1354,B,0.4882451295852661,0.005283429753035307,0.5,0.0,-11.939953685206426,11.708052350361777,1.4811044243433218,15.77041853513527
1773752120.1454535,1773752120145460405,Sr02_gB_IMG1_LID1_STA1_CFC64_OH0,0317_1354,B,0.4875466823577881,-0.001337073976173997,0.5,0.0,-11.933354258755651,11.782761402160636,1.484220726689304,15.695986386195864
1773752120.2670562,1773752120267064742,Sr02_gB_IMG1_LID1_STA1_CFC64_OH0,0317_1354,B,0.4852718710899353,0.00034699728712439537,0.5,0.0,-11.929024836324254,11.832573607209323,1.4839778697715442,15.64637669887361
1773752120.393765,1773752120393771770,Sr02_gB_IMG1_LID1_STA1_CFC64_OH0,0317_1354,B,0.4682777523994446,0.011878617107868195,0.5,0.0,-11.924684574958944,11.882384869054224,1.483785545510808,15.596768142161586
1773752120.5161803,1773752120516190843,Sr02_gB_IMG1_LID1_STA1_CFC64_OH0,0317_1354,B,0.5034074783325195,0.09525129944086075,0.5,0.0,-11.918161293498484,11.957100637682924,1.4836822253232578,15.522358391817567
1773752120.6363976,1773752120636404958,Sr02_gB_IMG1_LID1_STA1_CFC64_OH0,0317_1354,B,0.4912235736846924,0.05010354518890381,0.5,0.0,-11.91381382901598,12.00691127138637,1.4838254068388228,15.472755233747344
1773752120.755671,1773752120755678290,Sr02_gB_IMG1_LID1_STA1_CFC64_OH0,0317_1354,B,0.49091637134552,0.0202457457780838,0.5,0.0,-11.907324048684938,12.08162995553688,1.4845492442503667,15.398359308741846
1773752120.876669,1773752120876676253,Sr02_gB_IMG1_LID1_STA1_CFC64_OH0,0317_1354,B,0.47342920303344727,0.012344442307949066,0.5,0.0,-11.903013709114607,12.131443815575873,1.4844155421374399,15.348767362142462
1773752121.0009885,1773752121000996040,Sr02_gB_IMG1_LID1_STA1_CFC64_OH0,0317_1354,B,0.48842066526412964,0.0026641380973160267,0.5,0.0,-11.89654629776119,12.20616444097496,1.4846982142359162,15.274384185901019
1773752121.122815,1773752121122825531,Sr02_gB_IMG1_LID1_STA1_CFC64_OH0,0317_1354,B,0.4888143539428711,-0.004348576068878174,0.5,0.0,-11.892276296531817,12.255981772080807,1.485886073319875,15.224804159456344
1773752121.244057,1773752121244066012,Sr02_gB_IMG1_LID1_STA1_CFC64_OH0,0317_1354,B,0.49108225107192993,-0.004173011984676123,0.5,0.0,-11.888177376416529,12.305781370450298,1.4930823993532418,15.175280851745335
1773752121.368135,1773752121368141258,Sr02_gB_IMG1_LID1_STA1_CFC64_OH0,0317_1354,B,0.5042067766189575,0.003232110757380724,0.5,0.0,-11.882779541658039,12.380575069437976,1.5029029537974854,15.101070541432096
1773752121.4893737,1773752121489381588,Sr02_gB_IMG1_LID1_STA1_CFC64_OH0,0317_1354,B,0.5085151791572571,0.007069936487823725,0.5,0.0,-11.879437981591192,12.430463272499553,1.5049275479112372,15.051631496898679
1773752121.609802,1773752121609809837,Sr02_gB_IMG1_LID1_STA1_CFC64_OH0,0317_1354,B,0.5053656697273254,-0.0022490175906568766,0.5,0.0,-11.874585685532285,12.505306126451107,1.5068226570570937,14.977504198144175
1773752121.729145,1773752121729153321,Sr02_gB_IMG1_LID1_STA1_CFC64_OH0,0317_1354,B,0.5073224902153015,0.00030925823375582695,0.5,0.0,-11.871395830413178,12.555204267624063,1.5070890710052791,14.928097755078243
1773752121.8475263,1773752121847537275,Sr02_gB_IMG1_LID1_STA1_CFC64_OH0,0317_1354,B,0.49403372406959534,0.006748448591679335,0.5,0.0,-11.866606405193966,12.630051181522118,1.506577045081882,14.853994819980855
1773752121.9712844,1773752121971291035,Sr02_gB_IMG1_LID1_STA1_CFC64_OH0,0317_1354,B,0.5032751560211182,0.004211838822811842,0.5,0.0,-11.863387237001472,12.679947439927632,1.5061597444316146,14.804593814059245
1773752122.096182,1773752122096191506,Sr02_gB_IMG1_LID1_STA1_CFC64_OH0,0317_1354,B,0.5016348361968994,0.002281117718666792,0.5,0.0,-11.86016572117615,12.729843546961366,1.506482949312314,14.75519647838213
1773752122.2162125,1773752122216220763,Sr02_gB_IMG1_LID1_STA1_CFC64_OH0,0317_1354,B,0.49831315875053406,-0.006696812808513641,0.5,0.0,-11.855377473720848,12.804690534216975,1.5074283005306617,14.681115016017317
1773752122.3342354,1773752122334244579,Sr02_gB_IMG1_LID1_STA1_CFC64_OH0,0317_1354,B,0.5008448958396912,-0.003140080254524946,0.5,0.0,-11.852213951862346,12.854590351911492,1.5073897850467963,14.631737084524504
1773752122.4571288,1773752122457137174,Sr02_gB_IMG1_LID1_STA1_CFC64_OH0,0317_1354,B,0.5045984387397766,0.004005927126854658,0.5,0.0,-11.847459808959085,12.929439516310387,1.5073850063158458,14.557676744424173
1773752122.5736747,1773752122573682923,Sr02_gB_IMG1_LID1_STA1_CFC64_OH0,0317_1354,B,0.5022680163383484,0.005055001471191645,0.5,0.0,-11.844308204714778,12.979340087237825,1.5080598451439868,14.508311386929515
1773752122.6886835,1773752122688691412,Sr02_gB_IMG1_LID1_STA1_CFC64_OH0,0317_1354,B,0.5045905709266663,0.005559081677347422,0.5,0.0,-11.84118717499417,13.029242580249184,1.5085571284467452,14.45895529005524
1773752122.814574,1773752122814582993,Sr02_gB_IMG1_LID1_STA1_CFC64_OH0,0317_1354,B,0.4950897991657257,0.002845214679837227,0.5,0.0,-11.836538957323489,13.104098396947673,1.5089572185609474,14.384934868962272
1773752122.9405994,1773752122940606843,Sr02_gB_IMG1_LID1_STA1_CFC64_OH0,0317_1354,B,0.4945996403694153,0.00293534342199564,0.5,0.0,-11.833436519160635,13.154002048850927,1.5083773244037035,14.335592990536522
1773752123.0632024,1773752123063209272,Sr02_gB_IMG1_LID1_STA1_CFC64_OH0,0317_1354,B,0.4838733375072479,0.0011218367144465446,0.5,0.0,-11.82873553544767,13.228854570000028,1.507835175879607,14.261581061380914
1773752123.1844666,1773752123184473136,Sr02_gB_IMG1_LID1_STA1_CFC64_OH0,0317_1354,B,0.5039143562316895,-0.003273115726187825,0.5,0.0,-11.825599552354475,13.27875612568422,1.5082357624689833,14.212245205291383
1773752123.3103971,1773752123310404903,Sr02_gB_IMG1_LID1_STA1_CFC64_OH0,0317_1354,B,0.5036139488220215,0.004394628573209047,0.5,0.0,-11.82093687951978,13.353611042075945,1.50897261969967,14.138256952350506
1773752123.4318352,1773752123431846122,Sr02_gB_IMG1_LID1_STA1_CFC64_OH0,0317_1354,B,0.49531248211860657,0.002077879849821329,0.5,0.0,-11.81786153444441,13.403516371162917,1.5095285269282621,14.088942867344416
1773752123.5521328,1773752123552140368,Sr02_gB_IMG1_LID1_STA1_CFC64_OH0,0317_1354,B,0.5046671032905579,0.0006967838853597641,0.5,0.0,-11.813287262439468,13.478376742754179,1.5099824491344394,14.014987315836997
1773752123.672573,1773752123672579218,Sr02_gB_IMG1_LID1_STA1_CFC64_OH0,0317_1354,B,0.5062346458435059,0.0005273330025374889,0.5,0.0,-11.810255767470531,13.528284755170114,1.5102759829275796,13.965692827543597
1773752123.7966845,1773752123796691974,Sr02_gB_IMG1_LID1_STA1_CFC64_OH0,0317_1354,B,0.5051246881484985,-0.0009977479930967093,0.5,0.0,-11.807234396890768,13.578193381680943,1.5103881678032318,13.916405080877421
1773752123.9186656,1773752123918674043,Sr02_gB_IMG1_LID1_STA1_CFC64_OH0,0317_1354,B,0.5005500912666321,-0.001513027586042881,0.5,0.0,-11.802697046354007,13.653056000188448,1.5100290529679026,13.842482142010084
1773752124.0394626,1773752124039469364,Sr02_gB_IMG1_LID1_STA1_CFC64_OH0,0317_1354,B,0.5001969337463379,-0.0031457263976335526,0.5,0.0,-11.799667883093184,13.702964153993982,1.5103918319215621,13.793205917683856
1773752124.1563659,1773752124156373398,Sr02_gB_IMG1_LID1_STA1_CFC64_OH0,0317_1354,B,0.5037915110588074,-0.0008356454782187939,0.5,0.0,-11.795153609795795,13.777828167893565,1.5107128724368595,13.719306448309787
1773752124.2728071,1773752124272814218,Sr02_gB_IMG1_LID1_STA1_CFC64_OH0,0317_1354,B,0.49899330735206604,-0.0013043619692325592,0.5,0.0,-11.792152983292643,13.827738045899654,1.5107825510056745,13.67004832514564
1773752124.3916779,1773752124391685572,Sr02_gB_IMG1_LID1_STA1_CFC64_OH0,0317_1354,B,0.4968068301677704,-0.0008638065773993731,0.5,0.0,-11.789155627232288,13.877648120423613,1.5108403678674873,13.620796173650787
1773752124.5110288,1773752124511043934,Sr02_gB_IMG1_LID1_STA1_CFC64_OH0,0317_1354,B,0.5026471018791199,0.0003090612590312958,0.5,0.0,-11.784659104738855,13.95251320283439,1.51073645943536,13.546928134886414
1773752124.629267,1773752124629274629,Sr02_gB_IMG1_LID1_STA1_CFC64_OH0,0317_1354,B,0.5047188401222229,-0.0010549291037023067,0.5,0.0,-11.78165438522899,14.002422834559976,1.51059031010602,13.4976884839392
1773752124.7466588,1773752124746665350,Sr02_gB_IMG1_LID1_STA1_CFC64_OH0,0317_1354,B,0.507987916469574,-0.002249242039397359,0.5,0.0,-11.778640660444685,14.05233192322958,1.510341047075175,13.448452868734819
1773752124.863006,1773752124863015329,Sr02_gB_IMG1_LID1_STA1_CFC64_OH0,0317_1354,B,0.5028018355369568,0.0023330734111368656,0.5,0.0,-11.774098589004549,14.127194255920408,1.5101232956057218,13.374606306179873
1773752124.9803638,1773752124980371115,Sr02_gB_IMG1_LID1_STA1_CFC64_OH0,0317_1354,B,0.5056446194648743,-7.313862442970276e-05,0.5,0.0,-11.771064140180316,14.177102088975834,1.5100069214524874,13.325381295006977
1773752125.098204,1773752125098212767,Sr02_gB_IMG1_LID1_STA1_CFC64_OH0,0317_1354,B,0.5001490712165833,0.0012407070025801659,0.5,0.0,-11.768023825547077,14.227009565049155,1.5099073239588705,13.276161039951784
1773752125.2200706,1773752125220078957,Sr02_gB_IMG1_LID1_STA1_CFC64_OH0,0317_1354,B,0.4977777302265167,-0.0005398094654083252,0.5,0.0,-11.763457492622395,14.301870421906433,1.5098833102192986,13.202340604490375
1773752125.3338408,1773752125333849352,Sr02_gB_IMG1_LID1_STA1_CFC64_OH0,0317_1354,B,0.49784478545188904,-0.006294286344200373,0.5,0.0,-11.760411739377027,14.35177756636473,1.5097914584064915,13.153134122582841
1773752125.4477608,1773752125447768037,Sr02_gB_IMG1_LID1_STA1_CFC64_OH0,0317_1354,B,0.501417338848114,0.0017823725938796997,0.5,0.0,-11.755829797391714,14.426637469200019,1.5095476665550034,13.079333301924388
1773752125.568912,1773752125568920011,Sr02_gB_IMG1_LID1_STA1_CFC64_OH0,0317_1354,B,0.49989330768585205,0.0007719653658568859,0.5,0.0,-11.752775100669021,14.476544066956498,1.5097809725382914,13.030140350325818
1773752125.6874478,1773752125687460550,Sr02_gB_IMG1_LID1_STA1_CFC64_OH0,0317_1354,B,0.504237174987793,-0.0006989429239183664,0.5,0.0,-11.749729105496161,14.52645119666272,1.5098458467718023,12.980955135218299
1773752125.809489,1773752125809495359,Sr02_gB_IMG1_LID1_STA1_CFC64_OH0,0317_1354,B,0.5024322867393494,-0.0008529052138328552,0.5,0.0,-11.745164959986967,14.601312186833844,1.5099925362083375,12.90718993228782
1773752125.9292734,1773752125929281166,Sr02_gB_IMG1_LID1_STA1_CFC64_OH0,0317_1354,B,0.5019381046295166,-0.000988938845694065,0.5,0.0,-11.742126140827775,14.651219754001248,1.5099563618480911,12.85802178621525
1773752126.0542426,1773752126054251340,Sr02_gB_IMG1_LID1_STA1_CFC64_OH0,0317_1354,B,0.5069274306297302,2.23526731133461e-05,0.5,0.0,-11.73907304115459,14.70112644881003,1.5093844833211292,12.808857469378017
1773752126.1762207,1773752126176229261,Sr02_gB_IMG1_LID1_STA1_CFC64_OH0,0317_1354,B,0.5046435594558716,0.0009609553962945938,0.5,0.0,-11.734459094742755,14.7759843860206,1.5093287667635735,12.735116897513354
1773752126.2980573,1773752126298067208,Sr02_gB_IMG1_LID1_STA1_CFC64_OH0,0317_1354,B,0.49173039197921753,0.007996879518032074,0.5,0.0,-11.731390864038477,14.82589015363534,1.5094362761142144,12.685966143957478
1773752126.4198103,1773752126419817911,Sr02_gB_IMG1_LID1_STA1_CFC64_OH0,0317_1354,B,0.5094128251075745,-0.005089152604341507,0.5,0.0,-11.726789879101208,14.900748888730435,1.509360854090421,12.612252783910455
1773752126.541969,1773752126541975490,Sr02_gB_IMG1_LID1_STA1_CFC64_OH0,0317_1354,B,0.5009378790855408,-0.001107650576159358,0.5,0.0,-11.72371798236959,14.950654430827347,1.5092771034467258,12.563118154478566
1773752126.6605763,1773752126660584269,Sr02_gB_IMG1_LID1_STA1_CFC64_OH0,0317_1354,B,0.4991406202316284,-0.0006058409344404936,0.5,0.0,-11.719101522137526,15.025512213132604,1.50914023564094,12.489427478444057
1773752126.784693,1773752126784701824,Sr02_gB_IMG1_LID1_STA1_CFC64_OH0,0317_1354,B,0.4976256787776947,0.00675990292802453,0.5,0.0,-11.716020726369551,15.075417206674777,1.5091424706891556,12.440308463020243
1773752126.9065986,1773752126906607028,Sr02_gB_IMG1_LID1_STA1_CFC64_OH0,0317_1354,B,0.49433067440986633,0.005975924897938967,0.5,0.0,-11.712941541036884,15.125322299592415,1.5092197933296545,12.391196798083095
1773752127.027624,1773752127027633405,Sr02_gB_IMG1_LID1_STA1_CFC64_OH0,0317_1354,B,0.49402374029159546,0.003411379177123308,0.5,0.0,-11.708361285182244,15.200182301742522,1.5102785996592287,12.317550017293383
1773752127.1447914,1773752127144797559,Sr02_gB_IMG1_LID1_STA1_CFC64_OH0,0317_1354,B,0.4897187352180481,0.005544066894799471,0.5,0.0,-11.705330751044473,15.250090372213675,1.5099005553517155,12.26846565735269
1773752127.2654872,1773752127265496980,Sr02_gB_IMG1_LID1_STA1_CFC64_OH0,0317_1354,B,0.5005416870117188,-0.004717603325843811,0.5,0.0,-11.70074985151597,15.324950338865598,1.509580162980983,12.194846321931507
1773752127.3788302,1773752127378838015,Sr02_gB_IMG1_LID1_STA1_CFC64_OH0,0317_1354,B,0.5019811391830444,-4.898197948932648e-05,0.5,0.0,-11.697689443083595,15.374856586795737,1.5095195788797124,12.145774903047412
1773752127.4996114,1773752127499621173,Sr02_gB_IMG1_LID1_STA1_CFC64_OH0,0317_1354,B,0.4997559189796448,-0.002637235214933753,0.5,0.0,-11.694637774097192,15.424763369128245,1.5100482477945023,12.096712780491513
1773752127.619833,1773752127619840879,Sr02_gB_IMG1_LID1_STA1_CFC64_OH0,0317_1354,B,0.5088140368461609,0.02202606201171875,0.5,0.0,-11.690120840550037,15.49962722012086,1.5109916742676217,12.02314590480902
1773752127.7409005,1773752127740907792,Sr02_gB_IMG1_LID1_STA1_CFC64_OH0,0317_1354,B,0.5158924460411072,0.007136939559131861,0.5,0.0,-11.6871409036041,15.549538337464774,1.5113328135897628,11.974117362043973
1773752127.860627,1773752127860635000,Sr02_gB_IMG1_LID1_STA1_CFC64_OH0,0317_1354,B,0.49823230504989624,-0.006525631994009018,0.5,0.0,-11.682709107383609,15.624407277614727,1.5119765023943779,11.90059726651658
1773752127.9803452,1773752127980352739,Sr02_gB_IMG1_LID1_STA1_CFC64_OH0,0317_1354,B,0.4911108911037445,-0.012871310114860535,0.5,0.0,-11.679758038533132,15.67432010992488,1.511504745019588,11.85159486249433
1773752128.0998561,1773752128099865722,Sr02_gB_IMG1_LID1_STA1_CFC64_OH0,0317_1354,B,0.506628692150116,-0.008076297119259834,0.5,0.0,-11.676790879595918,15.724231988767137,1.5114064709831492,11.802597604956691
1773752128.2184563,1773752128218463339,Sr02_gB_IMG1_LID1_STA1_CFC64_OH0,0317_1354,B,0.4877904951572418,-0.0059827943332493305,0.5,0.0,-11.672328067782862,15.799099087886034,1.5110626533083742,11.729115158727316
1773752128.3400016,1773752128340010528,Sr02_gB_IMG1_LID1_STA1_CFC64_OH0,0317_1354,B,0.48051291704177856,-0.013545569032430649,0.5,0.0,-11.669398128501964,15.849013155324712,1.5132652370346922,11.680146751295103
1773752128.462628,1773752128462634558,Sr02_gB_IMG1_LID1_STA1_CFC64_OH0,0317_1354,B,0.48521023988723755,0.000978490337729454,0.5,0.0,-11.665164065615782,15.923893532950398,1.5147947335865657,11.60674362814963
1773752128.5828836,1773752128582891023,Sr02_gB_IMG1_LID1_STA1_CFC64_OH0,0317_1354,B,0.4911002814769745,0.0011749709956347942,0.5,0.0,-11.662349161349507,15.97381422914122,1.5141421743652008,11.557821217028916
1773752128.7049975,1773752128705004219,Sr02_gB_IMG1_LID1_STA1_CFC64_OH0,0317_1354,B,0.5020954608917236,-0.0051620034500956535,0.5,0.0,-11.659491545111054,16.02373249634148,1.5129819636693118,11.508899198003249
1773752128.82388,1773752128823887384,Sr02_gB_IMG1_LID1_STA1_CFC64_OH0,0317_1354,B,0.4932037591934204,-0.004564455710351467,0.5,0.0,-11.6551058294359,16.098604146884863,1.5116746173108015,11.43551300224135
1773752128.9421594,1773752128942166130,Sr02_gB_IMG1_LID1_STA1_CFC64_OH0,0317_1354,B,0.5156370401382446,0.001919163390994072,0.5,0.0,-11.65213653522924,16.148515898009823,1.5110763372540577,11.386591101710355
1773752129.0563984,1773752129056406572,Sr02_gB_IMG1_LID1_STA1_CFC64_OH0,0317_1354,B,0.5222179889678955,0.0021666972897946835,0.5,0.0,-11.64760413306818,16.223378806534544,1.509492253839218,11.313209600715966
1773752129.1774611,1773752129177468826,Sr02_gB_IMG1_LID1_STA1_CFC64_OH0,0317_1354,B,0.4987994432449341,0.0017628618516027927,0.5,0.0,-11.644543290680353,16.273285027839673,1.5095900996187204,11.26429226810032
1773752129.3036206,1773752129303627561,Sr02_gB_IMG1_LID1_STA1_CFC64_OH0,0317_1354,B,0.4928103983402252,-0.08235156536102295,0.5,0.0,-11.64148764533707,16.323191567609182,1.5097036667690236,11.21538556934462
1773752129.4181883,1773752129418196451,Sr02_gB_IMG1_LID1_STA1_CFC64_OH0,0317_1354,B,0.4981767237186432,0.0025926129892468452,0.5,0.0,-11.636899330138194,16.39805107936999,1.509246220571036,11.14204270049059
1773752129.536677,1773752129536684171,Sr02_gB_IMG1_LID1_STA1_CFC64_OH0,0317_1354,B,0.5010313391685486,-0.0015904789324849844,0.5,0.0,-11.633812378373309,16.44795569206657,1.5087897752893282,11.09315384766956
1773752129.6563072,1773752129656314957,Sr02_gB_IMG1_LID1_STA1_CFC64_OH0,0317_1354,B,0.48955434560775757,-0.01115833967924118,0.5,0.0,-11.63071057513342,16.497859384274033,1.508787178098986,11.04427180541323
1773752129.7727892,1773752129772796113,Sr02_gB_IMG1_LID1_STA1_CFC64_OH0,0317_1354,B,0.5184712409973145,-0.07540614157915115,0.5,0.0,-11.626074533123262,16.572715956149047,1.5091047559660038,10.970971178891133
1773752129.8942995,1773752129894308717,Sr02_gB_IMG1_LID1_STA1_CFC64_OH0,0317_1354,B,0.532072901725769,-0.09668263047933578,0.5,0.0,-11.62343816794657,16.61546073628827,1.5092905441954096,10.929128204208295
1773752130.0182717,1773752130018279024,Sr02_gB_IMG1_LID1_STA1_CFC64_OH0,0317_1354,B,0.5019440650939941,-0.22970931231975555,0.5,-0.5,-11.621694972679292,16.643797611223054,1.5094363148708656,10.901394614549199
1773752130.1364522,1773752130136459615,Sr02_gB_IMG1_LID1_STA1_CFC64_OH0,0317_1354,B,0.5054625272750854,0.0016977502964437008,0.5,0.0,-11.62181829058004,16.641789480954312,1.5094696122043396,10.903359821795155
1773752130.259426,1773752130259434566,Sr02_gB_IMG1_LID1_STA1_CFC64_OH0,0317_1354,B,0.5109258890151978,0.0037861368618905544,0.5,0.0,-11.621420756267904,16.64826617422413,1.5095121315907538,10.897021679939835
1773752130.3832645,1773752130383271643,Sr02_gB_IMG1_LID1_STA1_CFC64_OH0,0317_1354,B,0.5076106190681458,-0.00036178529262542725,0.5,0.0,-11.622256262290206,16.634647747113476,1.509516107131085,10.910348878357864
1773752130.4956794,1773752130495687274,Sr02_gB_IMG1_LID1_STA1_CFC64_OH0,0317_1354,B,0.5111129879951477,0.0046584890224039555,0.5,0.0,-11.624139169572457,16.603969376469642,1.509477949625996,10.940374262703079
1773752130.620426,1773752130620433595,Sr02_gB_IMG1_LID1_STA1_CFC64_OH0,0317_1354,B,0.5050947666168213,0.005816380959004164,0.5,0.0,-11.626868844506426,16.559526185480827,1.5094414566440684,10.983878986244964
1773752130.742477,1773752130742484143,Sr02_gB_IMG1_LID1_STA1_CFC64_OH0,0317_1354,B,0.48272860050201416,0.0009445548057556152,0.5,0.0,-11.627229837041147,16.553649561621448,1.5094680224247652,10.989632146211731
1773752130.868103,1773752130868109000,Sr02_gB_IMG1_LID1_STA1_CFC64_OH0,0317_1354,B,0.521401047706604,-0.05870773270726204,0.5,0.0,-11.62649902341766,16.56555727193586,1.509522942415374,10.977974936814102
1773752130.988486,1773752130988494379,Sr02_gB_IMG1_LID1_STA1_CFC64_OH0,0317_1354,B,0.49744105339050293,0.04358716681599617,0.5,0.0,-11.623419737939793,16.615803062991827,1.5096453114484685,10.928793863577022
1773752131.1098876,1773752131109895793,Sr02_gB_IMG1_LID1_STA1_CFC64_OH0,0317_1354,B,0.5083908438682556,0.00471279164776206,0.5,0.0,-11.620385597010243,16.66536313727113,1.5096357573225696,10.88029521722915
1773752131.2331612,1773752131233170098,Sr02_gB_IMG1_LID1_STA1_CFC64_OH0,0317_1354,B,0.5068978071212769,0.0022251089103519917,0.5,0.0,-11.615823935903311,16.740224277470034,1.510284323030517,10.807063164241681
1773752131.3531604,1773752131353168336,Sr02_gB_IMG1_LID1_STA1_CFC64_OH0,0317_1354,B,0.5101000070571899,0.004768004175275564,0.5,0.0,-11.612814696486765,16.790133636218297,1.5108659592890947,10.758262284227733
1773752131.47038,1773752131470386903,Sr02_gB_IMG1_LID1_STA1_CFC64_OH0,0317_1354,B,0.5001155138015747,0.0015344908460974693,0.5,0.0,-11.608334134790347,16.864988296682743,1.5101810400361777,10.685100018372344
1773752131.5876255,1773752131587633192,Sr02_gB_IMG1_LID1_STA1_CFC64_OH0,0317_1354,B,0.5023536086082458,-0.00029006553813815117,0.5,0.0,-11.605158744852915,16.91488728861079,1.504310283292146,10.636290712806158
1773752131.7089255,1773752131708933175,Sr02_gB_IMG1_LID1_STA1_CFC64_OH0,0317_1354,B,0.49699079990386963,0.0031443284824490547,0.5,0.0,-11.601858034312572,16.964720139014325,1.5065687528251885,10.587520931532218
1773752131.8319788,1773752131831986294,Sr02_gB_IMG1_LID1_STA1_CFC64_OH0,0317_1354,B,0.5053865909576416,-0.0004221135750412941,0.5,0.0,-11.597192857283089,17.039571061209,1.509233018294863,10.514369817078544
1773752131.956057,1773752131956066398,Sr02_gB_IMG1_LID1_STA1_CFC64_OH0,0317_1354,B,0.5003924369812012,0.0013835183344781399,0.5,0.0,-11.594122188416762,17.08947667878223,1.509455530725632,10.465623261416344
1773752132.0769732,1773752132076980904,Sr02_gB_IMG1_LID1_STA1_CFC64_OH0,0317_1354,B,0.5032709836959839,-0.0023705242201685905,0.5,0.0,-11.589546143580542,17.16433694117441,1.5100944415031725,10.392532507056476
1773752132.1998327,1773752132199841620,Sr02_gB_IMG1_LID1_STA1_CFC64_OH0,0317_1354,B,0.4950047433376312,0.0070598856545984745,0.5,0.0,-11.586518275439957,17.214245173881267,1.5102802278914675,10.343825697262016
1773752132.3270113,1773752132327018444,Sr02_gB_IMG1_LID1_STA1_CFC64_OH0,0317_1354,B,0.49946680665016174,-0.0018726382404565811,0.5,0.0,-11.581982029919152,17.289107859930596,1.5102549650620969,10.270790055232583
1773752132.4488685,1773752132448878092,Sr02_gB_IMG1_LID1_STA1_CFC64_OH0,0317_1354,B,0.5006248950958252,-0.000325953122228384,0.5,0.0,-11.578964657185466,17.339016728122875,1.5105693947680636,10.222116991833202
1773752132.5699139,1773752132569920469,Sr02_gB_IMG1_LID1_STA1_CFC64_OH0,0317_1354,B,0.5011541247367859,-0.0002581956796348095,0.5,0.0,-11.574448178168563,17.413880609284647,1.5105421918689537,10.149133803664254
1773752132.695536,1773752132695543794,Sr02_gB_IMG1_LID1_STA1_CFC64_OH0,0317_1354,B,0.5019910335540771,0.00036216527223587036,0.5,0.0,-11.571440746769326,17.46379007767895,1.5106805433690222,10.100495588014716
1773752132.81636,1773752132816368430,Sr02_gB_IMG1_LID1_STA1_CFC64_OH0,0317_1354,B,0.5011915564537048,0.0026540993712842464,0.5,0.0,-11.568432632386083,17.5136995048449,1.5104810345714517,10.051870575744129
1773752132.9401317,1773752132940139082,Sr02_gB_IMG1_LID1_STA1_CFC64_OH0,0317_1354,B,0.49901479482650757,0.0017230440862476826,0.5,0.0,-11.56394432027681,17.588565076693868,1.5113563843662552,9.978964165336944
1773752133.0605552,1773752133060563313,Sr02_gB_IMG1_LID1_STA1_CFC64_OH0,0317_1354,B,0.4992772936820984,0.0011221645399928093,0.5,0.0,-11.560969399882577,17.638476493466943,1.5111691227515094,9.930381314425198
1773752133.187636,1773752133187645379,Sr02_gB_IMG1_LID1_STA1_CFC64_OH0,0317_1354,B,0.49889010190963745,-0.00011788308620452881,0.5,0.0,-11.556495052630844,17.713342904497196,1.5110738282019665,9.857530750645136
1773752133.3039818,1773752133303988855,Sr02_gB_IMG1_LID1_STA1_CFC64_OH0,0317_1354,B,0.4994208514690399,0.0003338055685162544,0.5,0.0,-11.553510026247585,17.763253717958147,1.511047331051077,9.80898119610186
1773752133.4226592,1773752133422665692,Sr02_gB_IMG1_LID1_STA1_CFC64_OH0,0317_1354,B,0.5011564493179321,-0.00026657432317733765,0.5,0.0,-11.549033159377029,17.838119978370795,1.511118369716989,9.736184554635809
1773752133.5365896,1773752133536595858,Sr02_gB_IMG1_LID1_STA1_CFC64_OH0,0317_1354,B,0.5005945563316345,-0.00018425052985548973,0.5,0.0,-11.546057656006106,17.888031360319484,1.5113837787317352,9.687674342586964
1773752133.655087,1773752133655093567,Sr02_gB_IMG1_LID1_STA1_CFC64_OH0,0317_1354,B,0.4970631003379822,0.00027106283232569695,0.5,0.0,-11.543094261173794,17.937943462722366,1.5115840151837745,9.639182318292546
1773752133.777049,1773752133777056399,Sr02_gB_IMG1_LID1_STA1_CFC64_OH0,0317_1354,B,0.5005388259887695,0.0024102870374917984,0.5,0.0,-11.53866344848428,18.01281246278775,1.511770366406253,9.56647691525877
1773752133.9016757,1773752133901685640,Sr02_gB_IMG1_LID1_STA1_CFC64_OH0,0317_1354,B,0.4987274706363678,0.003290667198598385,0.5,0.0,-11.535714157945746,18.0627254006735,1.511770979521752,9.518027566647612
1773752134.023181,1773752134023188395,Sr02_gB_IMG1_LID1_STA1_CFC64_OH0,0317_1354,B,0.4994160532951355,-0.0012561602052301168,0.5,0.0,-11.531290514321352,18.13759482475995,1.511796978955278,9.445383921401147
1773752134.1439893,1773752134143996540,Sr02_gB_IMG1_LID1_STA1_CFC64_OH0,0317_1354,B,0.499845951795578,-0.0021807756274938583,0.5,0.0,-11.528341592984368,18.187507784457612,1.5117703216944731,9.39697543652297
1773752134.2665007,1773752134266508789,Sr02_gB_IMG1_LID1_STA1_CFC64_OH0,0317_1354,B,0.5021767020225525,0.0009866994805634022,0.5,0.0,-11.525391441768766,18.237420671477704,1.5117494268988783,9.348583394067104
1773752134.3876176,1773752134387624314,Sr02_gB_IMG1_LID1_STA1_CFC64_OH0,0317_1354,B,0.5033683776855469,0.0010213828645646572,0.5,0.0,-11.520966383194406,18.312290011949045,1.51178097965646,9.276027352876099
1773752134.506359,1773752134506368447,Sr02_gB_IMG1_LID1_STA1_CFC64_OH0,0317_1354,B,0.4987868666648865,-0.0023692066315561533,0.5,0.0,-11.51802232936561,18.362203258873393,1.5120006141220015,9.227679902499343
1773752134.6215003,1773752134621507503,Sr02_gB_IMG1_LID1_STA1_CFC64_OH0,0317_1354,B,0.4999789893627167,-0.0020176770631223917,0.5,0.0,-11.513632918887524,18.437074697037126,1.5124399432444722,9.155198901061574
1773752134.7427793,1773752134742787077,Sr02_gB_IMG1_LID1_STA1_CFC64_OH0,0317_1354,B,0.49519553780555725,-0.0005118320696055889,0.5,0.0,-11.510713620704966,18.486989398056195,1.512314328398074,9.106902709005775
1773752134.866651,1773752134866659821,Sr02_gB_IMG1_LID1_STA1_CFC64_OH0,0317_1354,B,0.5028452277183533,-0.0024718353524804115,0.5,0.0,-11.507786575656061,18.536903645332934,1.5121147441777034,9.058622981212048
1773752134.9832141,1773752134983222922,Sr02_gB_IMG1_LID1_STA1_CFC64_OH0,0317_1354,B,0.5005626678466797,-0.003770496230572462,0.5,0.0,-11.503389096353889,18.611774610697278,1.512199397035426,8.986236846334961
1773752135.103726,1773752135103733746,Sr02_gB_IMG1_LID1_STA1_CFC64_OH0,0317_1354,B,0.5024933218955994,0.0022222758270800114,0.5,0.0,-11.500463459045289,18.661688940575324,1.512301188295011,8.938004960946536
1773752135.2228034,1773752135222812180,Sr02_gB_IMG1_LID1_STA1_CFC64_OH0,0317_1354,B,0.5035860538482666,-0.000715762609615922,0.5,0.0,-11.496074330799008,18.736560395772273,1.5120849489298613,8.865693686222619
1773752135.3465781,1773752135346585887,Sr02_gB_IMG1_LID1_STA1_CFC64_OH0,0317_1354,B,0.49654144048690796,0.0018494403921067715,0.5,0.0,-11.493135412821774,18.786473945392036,1.51188318147866,8.817507682969907
1773752135.4675107,1773752135467519269,Sr02_gB_IMG1_LID1_STA1_CFC64_OH0,0317_1354,B,0.5002873539924622,-0.0032441262155771255,0.5,0.0,-11.490188829089817,18.83638704313563,1.5118018803525695,8.76933992409429
1773752135.5844724,1773752135584482544,Sr02_gB_IMG1_LID1_STA1_CFC64_OH0,0317_1354,B,0.5009239315986633,2.981908619403839e-05,0.5,0.0,-11.485755671480801,18.911255904089373,1.5114703071574191,8.697123456214713
1773752135.6981492,1773752135698157569,Sr02_gB_IMG1_LID1_STA1_CFC64_OH0,0317_1354,B,0.5039490461349487,-0.001739185070618987,0.5,0.0,-11.482782316641241,18.961167413933516,1.5111062457323274,8.649000577698578
1773752135.813265,1773752135813272530,Sr02_gB_IMG1_LID1_STA1_CFC64_OH0,0317_1354,B,0.501570463180542,-0.0018674044404178858,0.5,0.0,-11.479795559050885,19.011078123786383,1.5110887578777896,8.60089544073671
1773752135.9318614,1773752135931870137,Sr02_gB_IMG1_LID1_STA1_CFC64_OH0,0317_1354,B,0.4978226125240326,-0.0034421018790453672,0.5,0.0,-11.475323758316625,19.08594468696199,1.5110989172532514,8.528780906541451
1773752136.0536103,1773752136053619477,Sr02_gB_IMG1_LID1_STA1_CFC64_OH0,0317_1354,B,0.4973108768463135,-0.002151861321181059,0.5,0.0,-11.47234297134415,19.13585575373712,1.5112325550510253,8.4807324731133
1773752136.1770673,1773752136177075465,Sr02_gB_IMG1_LID1_STA1_CFC64_OH0,0317_1354,B,0.49465376138687134,-0.0016779431607574224,0.5,0.0,-11.469363023966581,19.185766870538167,1.5110100180229966,8.432706965645382
1773752136.2958684,1773752136295876025,Sr02_gB_IMG1_LID1_STA1_CFC64_OH0,0317_1354,B,0.5011982917785645,0.0004197084344923496,0.5,0.0,-11.464870124137233,19.26063217036661,1.5108180519767198,8.360705635387976
1773752136.4156454,1773752136415655280,Sr02_gB_IMG1_LID1_STA1_CFC64_OH0,0317_1354,B,0.498022198677063,0.0008578062988817692,0.5,0.0,-11.461868668248131,19.310541998449064,1.5106441351077393,8.312732455676814
1773752136.539606,1773752136539613615,Sr02_gB_IMG1_LID1_STA1_CFC64_OH0,0317_1354,B,0.4984087347984314,-0.00023741275072097778,0.5,0.0,-11.457349782663321,19.385405734149977,1.5103534076852048,8.240813098366718
1773752136.6517344,1773752136651741884,Sr02_gB_IMG1_LID1_STA1_CFC64_OH0,0317_1354,B,0.5008808374404907,0.0016434723511338234,0.5,0.0,-11.454320887270024,19.4353139043329,1.510009198395752,8.19289287283149
1773752136.7694316,1773752136769439704,Sr02_gB_IMG1_LID1_STA1_CFC64_OH0,0317_1354,B,0.5039848685264587,0.0035980134271085262,0.5,0.0,-11.45127687369151,19.485221154842307,1.5097682068593585,8.144993291669028
1773752136.8891997,1773752136889208159,Sr02_gB_IMG1_LID1_STA1_CFC64_OH0,0317_1354,B,0.5047163963317871,0.0028561074286699295,0.5,0.0,-11.446691706613413,19.560080860260655,1.5094928195649688,8.073186113377107
1773752137.0104623,1773752137010469168,Sr02_gB_IMG1_LID1_STA1_CFC64_OH0,0317_1354,B,0.49824604392051697,-0.00016014324501156807,0.5,0.0,-11.443629498194333,19.609986997781842,1.5095347887346418,8.02534552227897
1773752137.1333544,1773752137133362666,Sr02_gB_IMG1_LID1_STA1_CFC64_OH0,0317_1354,B,0.5006123781204224,-0.0028014536947011948,0.5,0.0,-11.439041435681558,19.684846525983833,1.5096459352478975,7.95363599033199
1773752137.2539773,1773752137253984991,Sr02_gB_IMG1_LID1_STA1_CFC64_OH0,0317_1354,B,0.5001260042190552,0.0031748786568641663,0.5,0.0,-11.435986212936289,19.73475309165294,1.509644099194845,7.905864592645294
1773752137.3710504,1773752137371057692,Sr02_gB_IMG1_LID1_STA1_CFC64_OH0,0317_1354,B,0.49785563349723816,0.0026260237209498882,0.5,0.0,-11.432932918417842,19.784659775284396,1.5097708270814774,7.858121499020621
1773752137.4910667,1773752137491075758,Sr02_gB_IMG1_LID1_STA1_CFC64_OH0,0317_1354,B,0.499436616897583,0.0019680773839354515,0.5,0.0,-11.428372951133532,19.859521019480585,1.5102127998231862,7.786565998784406
1773752137.6142688,1773752137614276565,Sr02_gB_IMG1_LID1_STA1_CFC64_OH0,0317_1354,B,0.5028774738311768,-0.0016902247443795204,0.5,0.0,-11.425352754890397,19.909429716925516,1.510498410666627,7.738904575515948
1773752137.7346773,1773752137734684596,Sr02_gB_IMG1_LID1_STA1_CFC64_OH0,0317_1354,B,0.5017519593238831,-0.0007105518598109484,0.5,0.0,-11.420839816704444,19.984293811595442,1.5105422170986633,7.6674736133088635
1773752137.8486285,1773752137848638046,Sr02_gB_IMG1_LID1_STA1_CFC64_OH0,0317_1354,B,0.5030067563056946,-0.0015385609585791826,0.5,0.0,-11.417821943180398,20.034202649550622,1.5102620723440512,7.619888221270003
1773752137.970464,1773752137970470142,Sr02_gB_IMG1_LID1_STA1_CFC64_OH0,0317_1354,B,0.49730613827705383,0.0014157462865114212,0.5,0.0,-11.414799632480724,20.084111219018332,1.5104600286659726,7.572332569130649
1773752138.0978582,1773752138097868894,Sr02_gB_IMG1_LID1_STA1_CFC64_OH0,0317_1354,B,0.5004315376281738,-0.0008561753202229738,0.5,0.0,-11.410293612250756,20.15897572988607,1.5108813747016043,7.5010673022158665
1773752138.2174718,1773752138217479241,Sr02_gB_IMG1_LID1_STA1_CFC64_OH0,0317_1354,B,0.49611586332321167,-0.003539696102961898,0.5,0.0,-11.40730456826946,20.20888630282417,1.5110781826215696,7.453602567339694
1773752138.339516,1773752138339523347,Sr02_gB_IMG1_LID1_STA1_CFC64_OH0,0317_1354,B,0.49639615416526794,0.004829794634133577,0.5,0.0,-11.402826371639724,20.283752483591616,1.5109539937423573,7.382469936408864
1773752138.4588444,1773752138458852153,Sr02_gB_IMG1_LID1_STA1_CFC64_OH0,0317_1354,B,0.49845945835113525,-0.0021893626544624567,0.5,0.0,-11.399834267507153,20.33366287323986,1.5108829386145006,7.335088854739914
1773752138.580455,1773752138580463723,Sr02_gB_IMG1_LID1_STA1_CFC64_OH0,0317_1354,B,0.49958348274230957,0.002230763901025057,0.5,0.0,-11.395335969858856,20.40852784890473,1.5106687156366854,7.264079774967256
1773752138.7010534,1773752138701060870,Sr02_gB_IMG1_LID1_STA1_CFC64_OH0,0317_1354,B,0.4983757436275482,0.00088504608720541,0.5,0.0,-11.392334933544268,20.458437702239642,1.5108102877731384,7.2167845380731315
1773752138.8222804,1773752138822287785,Sr02_gB_IMG1_LID1_STA1_CFC64_OH0,0317_1354,B,0.49914851784706116,0.00029621273279190063,0.5,0.0,-11.389335293701352,20.5083476395494,1.5107246721196066,7.169526465038921
1773752138.9464743,1773752138946481795,Sr02_gB_IMG1_LID1_STA1_CFC64_OH0,0317_1354,B,0.5010607242584229,0.018687233328819275,0.5,0.0,-11.384818178801634,20.583211481598113,1.5102742261178383,7.098703942338291
1773752139.0734835,1773752139073490592,Sr02_gB_IMG1_LID1_STA1_CFC64_OH0,0317_1354,B,0.4953058958053589,0.05067009478807449,0.5,0.0,-11.381798454447852,20.633120207417203,1.5105898088462355,7.051534148116162
1773752139.195815,1773752139195823553,Sr02_gB_IMG1_LID1_STA1_CFC64_OH0,0317_1354,B,0.49868243932724,0.0005789999850094318,0.5,0.0,-11.377283209880488,20.707984162788676,1.5104017932722222,6.980858153488462
1773752139.3249283,1773752139324937089,Sr02_gB_IMG1_LID1_STA1_CFC64_OH0,0317_1354,B,0.5009246468544006,0.0023871860466897488,0.5,0.0,-11.374270885406565,20.75789333603327,1.5106248659151864,6.9337905603507535
1773752139.4472597,1773752139447268476,Sr02_gB_IMG1_LID1_STA1_CFC64_OH0,0317_1354,B,0.501505434513092,0.0007691662758588791,0.5,0.0,-11.369765659524417,20.83275789519673,1.5107458474087045,6.863271478352387
1773752139.573173,1773752139573181287,Sr02_gB_IMG1_LID1_STA1_CFC64_OH0,0317_1354,B,0.49742376804351807,0.0018962407484650612,0.5,0.0,-11.366765679164748,20.882667812053747,1.5107754686684753,6.816313111987971
1773752139.696185,1773752139696192406,Sr02_gB_IMG1_LID1_STA1_CFC64_OH0,0317_1354,B,0.4978896379470825,0.0020736600272357464,0.5,0.0,-11.362358438021937,20.957538179474106,1.5133946251051391,6.745989957030297
1773752139.8123221,1773752139812329994,Sr02_gB_IMG1_LID1_STA1_CFC64_OH0,0317_1354,B,0.49751678109169006,-0.07872003316879272,0.5,0.0,-11.359616406268765,21.007462878728212,1.5184616018232175,6.699233734229372
1773752139.9302034,1773752139930213715,Sr02_gB_IMG1_LID1_STA1_CFC64_OH0,0317_1354,B,0.49706077575683594,-4.0053389966487885e-05,0.5,0.0,-11.355705101180241,21.082349403079775,1.5186948212602513,6.629271354313209
1773752140.053831,1773752140053838872,Sr02_gB_IMG1_LID1_STA1_CFC64_OH0,0317_1354,B,0.4996342360973358,-0.0007849372923374176,0.5,0.0,-11.353107164393556,21.132281861416924,1.5189335393672234,6.58268782835383
1773752140.1766021,1773752140176608546,Sr02_gB_IMG1_LID1_STA1_CFC64_OH0,0317_1354,B,0.48919615149497986,-0.0012867602054029703,0.5,0.0,-11.350517875418701,21.182214769044933,1.5190266372783487,6.536157967345971
1773752140.2974784,1773752140297487906,Sr02_gB_IMG1_LID1_STA1_CFC64_OH0,0317_1354,B,0.4965464770793915,0.0015023481100797653,0.5,0.0,-11.34664401771915,21.257114652125995,1.5192547184315206,6.466464051167156
1773752140.4226148,1773752140422622950,Sr02_gB_IMG1_LID1_STA1_CFC64_OH0,0317_1354,B,0.49832582473754883,0.00020243367180228233,0.5,0.0,-11.344073255600255,21.30704851694915,1.519462083959314,6.4200723033333125
1773752140.537121,1773752140537128080,Sr02_gB_IMG1_LID1_STA1_CFC64_OH0,0317_1354,B,0.49762657284736633,0.0017170007340610027,0.5,0.0,-11.339987887005286,21.38187226109157,1.5117540724298757,6.350559564391445
1773752140.6568594,1773752140656874534,Sr02_gB_IMG1_LID1_STA1_CFC64_OH0,0317_1354,B,0.49741217494010925,0.000883906614035368,0.5,0.0,-11.337037388667817,21.431785126966016,1.5117500504560646,6.304162158403729
1773752140.7772734,1773752140777280430,Sr02_gB_IMG1_LID1_STA1_CFC64_OH0,0317_1354,B,0.499183714389801,0.0009710323065519333,0.5,0.0,-11.33408518456885,21.48169789259503,1.5116790062519625,6.257819603613364
1773752140.9005506,1773752140900558723,Sr02_gB_IMG1_LID1_STA1_CFC64_OH0,0317_1354,B,0.4991065561771393,0.0010372558608651161,0.5,0.0,-11.329648308061039,21.556566533556005,1.5115110840254609,6.188409263712383
1773752141.0236876,1773752141023695279,Sr02_gB_IMG1_LID1_STA1_CFC64_OH0,0317_1354,B,0.4972120523452759,0.0026258244179189205,0.5,0.0,-11.326689531419797,21.60647890996833,1.5116613164565276,6.1422083846039675
1773752141.1392074,1773752141139215473,Sr02_gB_IMG1_LID1_STA1_CFC64_OH0,0317_1354,B,0.5009887218475342,-0.0004070308059453964,0.5,0.0,-11.32226075485496,21.681348030594915,1.5117306798216952,6.0730235568104565
1773752141.2572682,1773752141257274455,Sr02_gB_IMG1_LID1_STA1_CFC64_OH0,0317_1354,B,0.5030452609062195,0.0003317887894809246,0.5,0.0,-11.319312756414334,21.731261044752944,1.5118872328094983,6.026979397796383
1773752141.3765001,1773752141376505837,Sr02_gB_IMG1_LID1_STA1_CFC64_OH0,0317_1354,B,0.503428041934967,0.0004680333659052849,0.5,0.0,-11.31637160619192,21.78117446295566,1.5119839548913925,5.98100146837739
1773752141.4909775,1773752141490986762,Sr02_gB_IMG1_LID1_STA1_CFC64_OH0,0317_1354,B,0.5012911558151245,0.0030285189859569073,0.5,0.0,-11.311968449094612,21.8560450946122,1.5121267866083787,5.912160427772193
1773752141.6126122,1773752141612618650,Sr02_gB_IMG1_LID1_STA1_CFC64_OH0,0317_1354,B,0.5011138916015625,-0.00026711029931902885,0.5,0.0,-11.309039243553894,21.905959215216217,1.512230512010725,5.866352810717364
1773752141.7340088,1773752141734017609,Sr02_gB_IMG1_LID1_STA1_CFC64_OH0,0317_1354,B,0.5013957619667053,-8.41217115521431e-05,0.5,0.0,-11.306117158024833,21.955873753059723,1.5124454358288746,5.820617093909471
1773752141.8553293,1773752141855338632,Sr02_gB_IMG1_LID1_STA1_CFC64_OH0,0317_1354,B,0.4989307224750519,0.0037062610499560833,0.5,0.0,-11.301751938647369,22.030746606194377,1.512566354644201,5.752153959849054
1773752141.9730473,1773752141973055017,Sr02_gB_IMG1_LID1_STA1_CFC64_OH0,0317_1354,B,0.4980754256248474,0.0009528477676212788,0.5,0.0,-11.298842562994068,22.0806618865819,1.512592144719683,5.7066034883563255
1773752142.0922515,1773752142092258597,Sr02_gB_IMG1_LID1_STA1_CFC64_OH0,0317_1354,B,0.4986203908920288,-0.0002291649580001831,0.5,0.0,-11.29448205243347,22.15553501415099,1.5126825031318833,5.638420655093107
1773752142.2059476,1773752142205956996,Sr02_gB_IMG1_LID1_STA1_CFC64_OH0,0317_1354,B,0.49658480286598206,-0.00119988271035254,0.5,0.0,-11.291585555205762,22.20545104331711,1.5129853539896463,5.593066838056698
1773752142.323628,1773752142323638856,Sr02_gB_IMG1_LID1_STA1_CFC64_OH0,0317_1354,B,0.49906590580940247,-0.0002612643875181675,0.5,0.0,-11.288700144893788,22.25536771477179,1.513057514241739,5.5477976119655485
1773752142.4474494,1773752142447456697,Sr02_gB_IMG1_LID1_STA1_CFC64_OH0,0317_1354,B,0.5005472898483276,0.0006684218533337116,0.5,0.0,-11.28437129758851,22.33024267966422,1.513039406217313,5.480047664662416
1773752142.5689762,1773752142568983547,Sr02_gB_IMG1_LID1_STA1_CFC64_OH0,0317_1354,B,0.4998894929885864,0.0005661244504153728,0.5,0.0,-11.28149250974113,22.38015973322796,1.5133721250500907,5.434989924445271
1773752142.6903677,1773752142690375493,Sr02_gB_IMG1_LID1_STA1_CFC64_OH0,0317_1354,B,0.4970569312572479,-0.000980521785095334,0.5,0.0,-11.27720053013727,22.45503682033733,1.5136133709842226,5.367578999007777
1773752142.8099267,1773752142809935234,Sr02_gB_IMG1_LID1_STA1_CFC64_OH0,0317_1354,B,0.4999692440032959,-0.0002566389739513397,0.5,0.0,-11.274342368493107,22.504955059437403,1.5135904547777494,5.322752593887865
1773752142.9297297,1773752142929737874,Sr02_gB_IMG1_LID1_STA1_CFC64_OH0,0317_1354,B,0.4964653551578522,0.0011773952282965183,0.5,0.0,-11.271481512326742,22.55487314416046,1.5134898817690392,5.278017929110375
1773752143.0508657,1773752143050874118,Sr02_gB_IMG1_LID1_STA1_CFC64_OH0,0317_1354,B,0.4930528998374939,0.0010214531794190407,0.5,0.0,-11.267182516475193,22.62974982891514,1.5134225329531705,5.211091902223089
1773752143.1686509,1773752143168657650,Sr02_gB_IMG1_LID1_STA1_CFC64_OH0,0317_1354,B,0.49556270241737366,0.0005792132578790188,0.5,0.0,-11.26431662794304,22.679667624990905,1.513480077470583,5.166597819684127
1773752143.2845175,1773752143284526481,Sr02_gB_IMG1_LID1_STA1_CFC64_OH0,0317_1354,B,0.4965169131755829,0.00021818093955516815,0.5,0.0,-11.260023668947827,22.75454465609132,1.513553622383864,5.10005070661448
1773752143.401905,1773752143401912314,Sr02_gB_IMG1_LID1_STA1_CFC64_OH0,0317_1354,B,0.49901291728019714,0.0001630210317671299,0.5,0.0,-11.257160649459628,22.804462616790673,1.5134555706952444,5.055816949920756
1773752143.5223303,1773752143522337366,Sr02_gB_IMG1_LID1_STA1_CFC64_OH0,0317_1354,B,0.49988606572151184,-0.00012902403250336647,0.5,0.0,-11.25429389171356,22.854380362962104,1.5134154286533894,5.011689847149226
1773752143.6480486,1773752143648055841,Sr02_gB_IMG1_LID1_STA1_CFC64_OH0,0317_1354,B,0.4994053840637207,1.6790814697742462e-05,0.5,0.0,-11.249997293411333,22.92925718525499,1.513563355914286,4.9457104688493665
1773752143.769999,1773752143770006139,Sr02_gB_IMG1_LID1_STA1_CFC64_OH0,0317_1354,B,0.4988363981246948,-0.0014937010128051043,0.5,0.0,-11.247139830476803,22.979175464335565,1.5136670606024156,4.901871705261373
1773752143.8893752,1773752143889383226,Sr02_gB_IMG1_LID1_STA1_CFC64_OH0,0317_1354,B,0.4972918927669525,-0.0010330788791179657,0.5,0.0,-11.242861857816417,23.05405335314198,1.5137680222373733,4.83634174517149
1773752144.0096333,1773752144009641465,Sr02_gB_IMG1_LID1_STA1_CFC64_OH0,0317_1354,B,0.5006210207939148,-9.175436571240425e-05,0.5,0.0,-11.240012532661758,23.103972097407357,1.51378984037256,4.792810684108461
1773752144.1264913,1773752144126498490,Sr02_gB_IMG1_LID1_STA1_CFC64_OH0,0317_1354,B,0.49861741065979004,-0.0004833950661122799,0.5,0.0,-11.237164208526796,23.15389089880044,1.5138072456876137,4.749407518875146
1773752144.251438,1773752144251445419,Sr02_gB_IMG1_LID1_STA1_CFC64_OH0,0317_1354,B,0.4996936619281769,-0.0001303195022046566,0.5,0.0,-11.232892024552982,23.22876911813443,1.5137937332295752,4.684549551789916
1773752144.3768811,1773752144376888063,Sr02_gB_IMG1_LID1_STA1_CFC64_OH0,0317_1354,B,0.4994008541107178,-2.6728026568889618e-05,0.5,0.0,-11.230043411045251,23.278687903016245,1.5137939540506462,4.641480437875977
1773752144.493637,1773752144493645170,Sr02_gB_IMG1_LID1_STA1_CFC64_OH0,0317_1354,B,0.4990183115005493,-0.0012684480752795935,0.5,0.0,-11.22576609224027,23.353565829096596,1.513634925954734,4.577138736520649
1773752144.6087155,1773752144608722890,Sr02_gB_IMG1_LID1_STA1_CFC64_OH0,0317_1354,B,0.49995821714401245,0.00042787566781044006,0.5,0.0,-11.22290700007311,23.403484014888484,1.5135316181376504,4.534422284321499
1773752144.7236738,1773752144723682537,Sr02_gB_IMG1_LID1_STA1_CFC64_OH0,0317_1354,B,0.497930109500885,-0.00022957660257816315,0.5,0.0,-11.220044254604783,23.453401991322764,1.5135036155363446,4.4918542455626085
1773752144.8379128,1773752144837919872,Sr02_gB_IMG1_LID1_STA1_CFC64_OH0,0317_1354,B,0.4976751208305359,-0.00015362538397312164,0.5,0.0,-11.215747484692109,23.528278803840394,1.5134389394958752,4.428292069474108
1773752144.9557965,1773752144955804776,Sr02_gB_IMG1_LID1_STA1_CFC64_OH0,0317_1354,B,0.49793997406959534,-0.0001403014175593853,0.5,0.0,-11.212880862461596,23.57819655779607,1.5134259072967902,4.386116890430796
1773752145.0711594,1773752145071169116,Sr02_gB_IMG1_LID1_STA1_CFC64_OH0,0317_1354,B,0.502162516117096,0.0015717754140496254,0.5,0.0,-11.210013682782364,23.628114279734998,1.5134190907670515,4.344107440702591
1773752145.1914449,1773752145191454145,Sr02_gB_IMG1_LID1_STA1_CFC64_OH0,0317_1354,B,0.5015079975128174,0.001940338872373104,0.5,0.0,-11.207145212631817,23.678031927519772,1.5133419158373715,4.302268171127286
1773752145.3129182,1773752145312926813,Sr02_gB_IMG1_LID1_STA1_CFC64_OH0,0317_1354,B,0.4949166774749756,0.0008272118866443634,0.5,0.0,-11.202834088773464,23.752907914957998,1.5132873533172317,4.239836015463148
1773752145.4285383,1773752145428547046,Sr02_gB_IMG1_LID1_STA1_CFC64_OH0,0317_1354,B,0.4961535334587097,-0.0011057199444621801,0.5,0.0,-11.199960242760396,23.802825253548697,1.5132775452214222,4.198443271799032
1773752145.5476828,1773752145547690492,Sr02_gB_IMG1_LID1_STA1_CFC64_OH0,0317_1354,B,0.4995727837085724,-0.0011039434466511011,0.5,0.0,-11.19564761305015,23.877701154286445,1.5132507038387042,4.136709657014002
1773752145.6702611,1773752145670268465,Sr02_gB_IMG1_LID1_STA1_CFC64_OH0,0317_1354,B,0.4973631203174591,-0.0007391422986984253,0.5,0.0,-11.192771569667858,23.927618366321806,1.513236673709704,4.095799413499451
1773752145.7852473,1773752145785255083,Sr02_gB_IMG1_LID1_STA1_CFC64_OH0,0317_1354,B,0.4975559115409851,-7.299520075321198e-05,0.5,0.0,-11.189896364224762,23.977535626606496,1.5133253667233044,4.055093446137862
1773752145.9062083,1773752145906215906,Sr02_gB_IMG1_LID1_STA1_CFC64_OH0,0317_1354,B,0.49939635396003723,0.0023683453910052776,0.5,0.0,-11.185598354593717,24.052412367740356,1.5136016742813079,3.994439016613734
1773752146.03333,1773752146033337957,Sr02_gB_IMG1_LID1_STA1_CFC64_OH0,0317_1354,B,0.5022568702697754,-0.00010172370821237564,0.5,0.0,-11.182743245889753,24.102330781531265,1.5137066586897132,3.9542822838453446
1773752146.1578102,1773752146157817825,Sr02_gB_IMG1_LID1_STA1_CFC64_OH0,0317_1354,B,0.501369297504425,0.0006175590679049492,0.5,0.0,-11.178460338787188,24.177208388213444,1.5135794610218243,3.894474317043264
1773752146.2789881,1773752146278994736,Sr02_gB_IMG1_LID1_STA1_CFC64_OH0,0317_1354,B,0.5009855031967163,-0.0006687354762107134,0.5,0.0,-11.175598301049522,24.22712640520576,1.513469066856362,3.8548933399764427
1773752146.4014618,1773752146401469574,Sr02_gB_IMG1_LID1_STA1_CFC64_OH0,0317_1354,B,0.5009402632713318,0.0008474993519484997,0.5,0.0,-11.171296030316133,24.30200290182931,1.5133502644839556,3.7959771666946853
1773752146.5239093,1773752146523916459,Sr02_gB_IMG1_LID1_STA1_CFC64_OH0,0317_1354,B,0.5003137588500977,0.0007212255150079727,0.5,0.0,-11.168425124719528,24.351920409620178,1.5133429648338994,3.7570165094424164
1773752146.6458542,1773752146645861398,Sr02_gB_IMG1_LID1_STA1_CFC64_OH0,0317_1354,B,0.4970943033695221,8.837785571813583e-05,0.5,0.0,-11.164127825860756,24.42679719151136,1.5135752873589667,3.6990791578168984
1773752146.7673907,1773752146767397897,Sr02_gB_IMG1_LID1_STA1_CFC64_OH0,0317_1354,B,0.5025885701179504,-0.00030043255537748337,0.5,0.0,-11.161268081222607,24.47671533994962,1.5135651150455616,3.660801817135095
1773752146.8850455,1773752146885053277,Sr02_gB_IMG1_LID1_STA1_CFC64_OH0,0317_1354,B,0.5019902586936951,-0.0011439116206020117,0.5,0.0,-11.158409624036146,24.526633562120875,1.5136268703009566,3.6228109774829482
1773752147.0057316,1773752147005739242,Sr02_gB_IMG1_LID1_STA1_CFC64_OH0,0317_1354,B,0.5019308924674988,-0.0010388661175966263,0.5,0.0,-11.154123246735262,24.60151097028818,1.513595473477739,3.566381181943203
1773752147.128022,1773752147128029011,Sr02_gB_IMG1_LID1_STA1_CFC64_OH0,0317_1354,B,0.5066708922386169,0.0003374917432665825,0.5,0.0,-11.151266878921222,24.65142931205162,1.5136802231843636,3.5291463667155596
1773752147.2476397,1773752147247646882,Sr02_gB_IMG1_LID1_STA1_CFC64_OH0,0317_1354,B,0.4986203610897064,-0.0021769048180431128,0.5,0.0,-11.146989726909876,24.726307247732574,1.513790932403911,3.473900285116521
1773752147.3687184,1773752147368725527,Sr02_gB_IMG1_LID1_STA1_CFC64_OH0,0317_1354,B,0.4979076385498047,-0.0020238205324858427,0.5,0.0,-11.144141221440774,24.776226038779352,1.5137997706592836,3.4374874294831397
1773752147.4876094,1773752147487616116,Sr02_gB_IMG1_LID1_STA1_CFC64_OH0,0317_1354,B,0.5028171539306641,0.0004609753377735615,0.5,0.0,-11.141292186712779,24.82614479962041,1.5137697277504156,3.401419402744955
1773752147.6108193,1773752147610827182,Sr02_gB_IMG1_LID1_STA1_CFC64_OH0,0317_1354,B,0.504452645778656,-0.0005596745759248734,0.5,0.0,-11.137012791115735,24.90102260706814,1.513623446263974,3.347984829812577
1773752147.7363842,1773752147736391075,Sr02_gB_IMG1_LID1_STA1_CFC64_OH0,0317_1354,B,0.4992104172706604,0.0019414685666561127,0.5,0.0,-11.134153017074642,24.950940753800097,1.5135174588351308,3.3128213962364326
1773752147.8564394,1773752147856446261,Sr02_gB_IMG1_LID1_STA1_CFC64_OH0,0317_1354,B,0.5009946823120117,-0.0005073505453765392,0.5,0.0,-11.129859422393501,25.025817748469258,1.513540554348439,3.260800012199364
1773752147.9793968,1773752147979403829,Sr02_gB_IMG1_LID1_STA1_CFC64_OH0,0317_1354,B,0.5030452609062195,0.00039666006341576576,0.5,0.0,-11.126992764615098,25.075735500284416,1.5133228661466747,3.226618547915384
1773752148.0951672,1773752148095175086,Sr02_gB_IMG1_LID1_STA1_CFC64_OH0,0317_1354,B,0.5041725039482117,-0.0032188119366765022,0.5,0.0,-11.122673201484574,25.150611001096753,1.513064395007281,3.1761179490059113
1773752148.214669,1773752148214676878,Sr02_gB_IMG1_LID1_STA1_CFC64_OH0,0317_1354,B,0.5031396150588989,-0.0012877578847110271,0.5,0.0,-11.11978935881439,25.20052776315159,1.5131104923182799,3.1429912938542874
1773752148.3371627,1773752148337169109,Sr02_gB_IMG1_LID1_STA1_CFC64_OH0,0317_1354,B,0.5041893124580383,0.0005068881437182426,0.5,0.0,-11.116905753839417,25.250444538936392,1.5130647322156514,3.1103158114199
1773752148.4617648,1773752148461772210,Sr02_gB_IMG1_LID1_STA1_CFC64_OH0,0317_1354,B,0.4976617991924286,6.28223642706871e-06,0.5,0.0,-11.112581388751854,25.325319762694775,1.5132308931578655,3.062180538151332
1773752148.5769765,1773752148576983111,Sr02_gB_IMG1_LID1_STA1_CFC64_OH0,0317_1354,B,0.501003086566925,-6.365496665239334e-05,0.5,0.0,-11.109703440461717,25.37523686493508,1.5131801600601287,3.0307006845883198
1773752148.6942973,1773752148694304532,Sr02_gB_IMG1_LID1_STA1_CFC64_OH0,0317_1354,B,0.49617043137550354,0.0008503501303493977,0.5,0.0,-11.106824065192171,25.425153884887475,1.5131927050360159,2.9997227979341794
1773752148.8121672,1773752148812174858,Sr02_gB_IMG1_LID1_STA1_CFC64_OH0,0317_1354,B,0.49825727939605713,-0.000997818075120449,0.5,0.0,-11.102495416326803,25.50002886066834,1.512818350784279,2.9542260838884205
1773752148.936595,1773752148936602157,Sr02_gB_IMG1_LID1_STA1_CFC64_OH0,0317_1354,B,0.4976559281349182,0.0013528438284993172,0.5,0.0,-11.099594011783305,25.549944604987544,1.5126702632198445,2.9245576669111393
1773752149.0608578,1773752149060864866,Sr02_gB_IMG1_LID1_STA1_CFC64_OH0,0317_1354,B,0.4938778281211853,0.0008585536852478981,0.5,0.0,-11.095234259293232,25.624817776708188,1.5126565627890942,2.881103086721935
1773752149.184077,1773752149184085009,Sr02_gB_IMG1_LID1_STA1_CFC64_OH0,0317_1354,B,0.4996054470539093,-0.0011070228647440672,0.5,0.0,-11.092328924412659,25.674733292454597,1.5126571913947544,2.8528620994234757
1773752149.2998693,1773752149299878830,Sr02_gB_IMG1_LID1_STA1_CFC64_OH0,0317_1354,B,0.5070732831954956,0.00043792417272925377,0.5,0.0,-11.087970820787346,25.74960656017754,1.512668020758392,2.8116360753146656
1773752149.4174585,1773752149417465771,Sr02_gB_IMG1_LID1_STA1_CFC64_OH0,0317_1354,B,0.4972136914730072,-0.0003851326182484627,0.5,0.0,-11.085068164423173,25.79952223173998,1.5127530555781303,2.7849375712410995
1773752149.5321145,1773752149532123830,Sr02_gB_IMG1_LID1_STA1_CFC64_OH0,0317_1354,B,0.5038266181945801,-0.00258774240501225,0.5,0.0,-11.082166016466802,25.849437932860216,1.5126717569998658,2.7588873736533905
1773752149.652079,1773752149652085899,Sr02_gB_IMG1_LID1_STA1_CFC64_OH0,0317_1354,B,0.4998946487903595,0.0010475213639438152,0.5,0.0,-11.07780937930964,25.924311285872026,1.5127522059201532,2.7210644515423814
1773752149.7689364,1773752149768944477,Sr02_gB_IMG1_LID1_STA1_CFC64_OH0,0317_1354,B,0.5006126165390015,-0.0010781129822134972,0.5,0.0,-11.074910945596246,25.974227202807175,1.5128380612535675,2.696718676008496
1773752149.8931892,1773752149893196657,Sr02_gB_IMG1_LID1_STA1_CFC64_OH0,0317_1354,B,0.496792197227478,0.004446110222488642,0.5,0.0,-11.072014393695406,26.02414322897918,1.512786327852062,2.6730881775039714
1773752150.0096729,1773752150009679586,Sr02_gB_IMG1_LID1_STA1_CFC64_OH0,0317_1354,B,0.5004962682723999,0.009806675836443901,0.5,0.0,-11.067665419662156,26.099017027536814,1.512805666853209,2.639018554606167
1773752150.1239686,1773752150123976644,Sr02_gB_IMG1_LID1_STA1_CFC64_OH0,0317_1354,B,0.5023677945137024,-0.0001450902782380581,0.5,0.0,-11.064766940832031,26.148932941864633,1.5127753848386098,2.6172540158597353
1773752150.2442842,1773752150244291960,Sr02_gB_IMG1_LID1_STA1_CFC64_OH0,0317_1354,B,0.4986993670463562,0.0006600916385650635,0.5,0.0,-11.06186210745082,26.19884848666461,1.5125386387686188,2.5962642615525238
1773752150.3620548,1773752150362063590,Sr02_gB_IMG1_LID1_STA1_CFC64_OH0,0317_1354,B,0.49844637513160706,-4.903087392449379e-05,0.5,0.0,-11.05749169879143,26.273721037102355,1.5125503536216185,2.5662725980384655
1773752150.4868002,1773752150486807506,Sr02_gB_IMG1_LID1_STA1_CFC64_OH0,0317_1354,B,0.4990508258342743,0.0015560551546514034,0.5,0.0,-11.054581061671884,26.32363624393767,1.5125063130521421,2.5473117340975677
1773752150.6031454,1773752150603152686,Sr02_gB_IMG1_LID1_STA1_CFC64_OH0,0317_1354,B,0.498767226934433,-0.0007036863826215267,0.5,0.0,-11.050225585387093,26.3985096634524,1.5130074978427024,2.5204731249579506
1773752150.7261243,1773752150726133077,Sr02_gB_IMG1_LID1_STA1_CFC64_OH0,0317_1354,B,0.5003246068954468,0.0006185765378177166,0.5,0.0,-11.047359686024063,26.44842745696778,1.513934554152056,2.503705026634709
1773752150.8551154,1773752150855122990,Sr02_gB_IMG1_LID1_STA1_CFC64_OH0,0317_1354,B,0.5006213188171387,0.000681058969348669,0.5,0.0,-11.044522487021158,26.49834689190036,1.514019570261328,2.4878563095906525
1773752150.978054,1773752150978062765,Sr02_gB_IMG1_LID1_STA1_CFC64_OH0,0317_1354,B,0.5013329386711121,-0.000951145775616169,0.5,0.0,-11.040268117204324,26.573226125477966,1.5140792851831533,2.465795211566885
1773752151.1022258,1773752151102234452,Sr02_gB_IMG1_LID1_STA1_CFC64_OH0,0317_1354,B,0.5017192959785461,-0.0011134203523397446,0.5,0.0,-11.037433663091527,26.623145716350464,1.5140743822548222,2.4522539011569124
1773752151.2291715,1773752151229178707,Sr02_gB_IMG1_LID1_STA1_CFC64_OH0,0317_1354,B,0.5007650852203369,-0.000630715861916542,0.5,0.0,-11.033187291956951,26.698025403837693,1.5142596364159615,2.433732550759942
1773752151.3513448,1773752151351353029,Sr02_gB_IMG1_LID1_STA1_CFC64_OH0,0317_1354,B,0.5016952753067017,-0.0017795341555029154,0.5,0.0,-11.030361278653192,26.747945473257673,1.5142118670003102,2.422601354185277
1773752151.4774623,1773752151477469754,Sr02_gB_IMG1_LID1_STA1_CFC64_OH0,0317_1354,B,0.5011560916900635,-0.0012207655236124992,0.5,0.0,-11.026122227037922,26.822825575583668,1.5142920544986525,2.40775558539478
1773752151.6022391,1773752151602247023,Sr02_gB_IMG1_LID1_STA1_CFC64_OH0,0317_1354,B,0.5022602081298828,-0.0009575334843248129,0.5,0.0,-11.023300216649647,26.87274587145019,1.5143601602708912,2.399114238873442
1773752151.7246022,1773752151724611262,Sr02_gB_IMG1_LID1_STA1_CFC64_OH0,0317_1354,B,0.5007975697517395,-0.0008571338839828968,0.5,0.0,-11.019067709316895,26.94762634394792,1.5142664559491539,2.3880577460086587
1773752151.84906,1773752151849069170,Sr02_gB_IMG1_LID1_STA1_CFC64_OH0,0317_1354,B,0.5008574724197388,-0.000889764167368412,0.5,0.0,-11.01624001898407,26.997546318385304,1.5141567369633233,2.3819645328121233
1773752151.970943,1773752151970953845,Sr02_gB_IMG1_LID1_STA1_CFC64_OH0,0317_1354,B,0.4982239305973053,0.000409476924687624,0.5,0.0,-11.011990400759789,27.072425821770622,1.5140458148025733,2.374762001503826
1773752152.0882306,1773752152088236673,Sr02_gB_IMG1_LID1_STA1_CFC64_OH0,0317_1354,B,0.5020729303359985,0.0014857486821711063,0.5,0.0,-11.009149956554,27.12234507209665,1.513867861922823,2.371259016543145
1773752152.2084703,1773752152208477278,Sr02_gB_IMG1_LID1_STA1_CFC64_OH0,0317_1354,B,0.4930366277694702,0.08924668282270432,0.5,0.0,-11.004874991118074,27.19722313257386,1.5136735716118748,2.367960865179809
1773752152.3365645,1773752152336573696,Sr02_gB_IMG1_LID1_STA1_CFC64_OH0,0317_1354,B,0.48914390802383423,0.09141268581151962,0.5,0.0,-11.002017891794107,27.247141432469952,1.513575185902566,2.367072969440013
1773752152.4654455,1773752152465457428,Sr02_gB_IMG1_LID1_STA1_CFC64_OH0,0317_1354,B,0.49654537439346313,0.0008988478220999241,0.5,0.0,-10.997723761119625,27.32201839635526,1.5134452856747718,2.367712587827247
1773752152.5826676,1773752152582676015,Sr02_gB_IMG1_LID1_STA1_CFC64_OH0,0317_1354,B,0.5053351521492004,0.0008145980536937714,0.5,0.0,-10.99485556020574,27.3719360596104,1.513356309410536,2.369452687659263
1773752152.707105,1773752152707112211,Sr02_gB_IMG1_LID1_STA1_CFC64_OH0,0317_1354,B,0.5035728216171265,-0.0009785250294953585,0.5,0.0,-10.99198499313058,27.421853586867748,1.5133712712625509,2.3722432335115395
1773752152.8302782,1773752152830287580,Sr02_gB_IMG1_LID1_STA1_CFC64_OH0,0317_1354,B,0.5034670233726501,-0.001101289875805378,0.5,0.0,-10.987687320164115,27.496730347429086,1.5135726069768187,2.378402744384107
1773752152.9552262,1773752152955233166,Sr02_gB_IMG1_LID1_STA1_CFC64_OH0,0317_1354,B,0.5041115283966064,-0.0018536101561039686,0.5,0.0,-10.984980012082923,27.546618443593236,1.5208553860326453,2.383961677803804
1773752153.0743856,1773752153074392954,Sr02_gB_IMG1_LID1_STA1_CFC64_OH0,0317_1354,B,0.5026249885559082,0.0006373845972120762,0.5,0.0,-10.981743453860737,27.621536503617552,1.5340779164813507,2.3950559202036086
1773752153.1883776,1773752153188384856,Sr02_gB_IMG1_LID1_STA1_CFC64_OH0,0317_1354,B,0.5026070475578308,0.0006203427910804749,0.5,0.0,-10.979921427292446,27.67148197335215,1.5343880799948655,2.404050657474517
1773752153.309801,1773752153309808933,Sr02_gB_IMG1_LID1_STA1_CFC64_OH0,0317_1354,B,0.49902471899986267,-0.0023993058130145073,0.5,0.0,-10.97719610913415,27.746432436463873,1.5345119545604091,2.4194322880161736
1773752153.4291165,1773752153429124173,Sr02_gB_IMG1_LID1_STA1_CFC64_OH0,0317_1354,B,0.5018419027328491,0.0001517282798886299,0.5,0.0,-10.97537984406499,27.796399434194438,1.5344141035896022,2.43091906818388
1773752153.550386,1773752153550394530,Sr02_gB_IMG1_LID1_STA1_CFC64_OH0,0317_1354,B,0.5041819214820862,0.00023292191326618195,0.5,0.0,-10.97355838291937,27.846366242775574,1.5343039748760918,2.443370191195763
1773752153.6734667,1773752153673472685,Sr02_gB_IMG1_LID1_STA1_CFC64_OH0,0317_1354,B,0.5041612386703491,0.00022675655782222748,0.5,0.0,-10.970813599299209,27.92131599539833,1.5340560271451025,2.463819995770453
1773752153.790667,1773752153790677937,Sr02_gB_IMG1_LID1_STA1_CFC64_OH0,0317_1354,B,0.5021466612815857,0.00015695719048380852,0.5,0.0,-10.968976349625008,27.971282225956244,1.5340699437809817,2.478613475794087
1773752153.9164114,1773752153916420426,Sr02_gB_IMG1_LID1_STA1_CFC64_OH0,0317_1354,B,0.4992290735244751,-0.0005963840521872044,0.5,0.0,-10.966226001167591,28.046231774761022,1.53416333589599,2.5025186418285217
1773752154.0364041,1773752154036411921,Sr02_gB_IMG1_LID1_STA1_CFC64_OH0,0317_1354,B,0.49920329451560974,-0.0006248487625271082,0.5,0.0,-10.96438876727571,28.096198005783542,1.5339234080177329,2.519566513559994
1773752154.1566448,1773752154156652607,Sr02_gB_IMG1_LID1_STA1_CFC64_OH0,0317_1354,B,0.5026315450668335,0.0006615924648940563,0.5,0.0,-10.96254591817289,28.146164030141495,1.5339385788688638,2.5374800002950937
1773752154.2771215,1773752154277129126,Sr02_gB_IMG1_LID1_STA1_CFC64_OH0,0317_1354,B,0.4992014467716217,-0.0028662460390478373,0.5,0.0,-10.959783311429868,28.22111312813568,1.5339702692965351,2.565944588093916
1773752154.3956704,1773752154395677621,Sr02_gB_IMG1_LID1_STA1_CFC64_OH0,0317_1354,B,0.5018344521522522,0.00579106854274869,0.5,0.0,-10.957942996878167,28.271079245908137,1.533993068226871,2.585956870705059
1773752154.5260043,1773752154526012830,Sr02_gB_IMG1_LID1_STA1_CFC64_OH0,0317_1354,B,0.5018147826194763,0.005772876087576151,0.5,0.0,-10.955184355675243,28.34602848996802,1.5340180078053898,2.6174813363516187
1773752154.6507936,1773752154650801661,Sr02_gB_IMG1_LID1_STA1_CFC64_OH0,0317_1354,B,0.5015591382980347,0.0020231311209499836,0.5,0.0,-10.9533443644589,28.395994619642018,1.5339583700741821,2.6394717994383314
1773752154.7709355,1773752154770943390,Sr02_gB_IMG1_LID1_STA1_CFC64_OH0,0317_1354,B,0.5014806389808655,0.0035201874561607838,0.5,0.0,-10.950578736434064,28.470943606189515,1.533878645202324,2.6738668588522527
1773752154.8877134,1773752154887722568,Sr02_gB_IMG1_LID1_STA1_CFC64_OH0,0317_1354,B,0.49227678775787354,-0.3875851631164551,0.5,-0.5,-10.94873492458036,28.520909595021273,1.5339448040665373,2.6977117639383947
1773752155.0089042,1773752155008912062,Sr02_gB_IMG1_LID1_STA1_CFC64_OH0,0317_1354,B,0.4922547936439514,-0.38823673129081726,0.5,-0.5,-10.946888777842034,28.5708754975123,1.533728739285528,2.7222642251674047
1773752155.1300666,1773752155130075758,Sr02_gB_IMG1_LID1_STA1_CFC64_OH0,0317_1354,B,0.5022473931312561,-0.27008622884750366,0.5,-0.5,-10.9441297857625,28.64582472659809,1.5344242455132517,2.7603906337514683
1773752155.254044,1773752155254053209,Sr02_gB_IMG1_LID1_STA1_CFC64_OH0,0317_1354,B,0.5208993554115295,-0.1322060227394104,0.5,0.0,-10.942326005489248,28.695792175905463,1.5350015321917423,2.786670110667727
1773752155.3727067,1773752155372714757,Sr02_gB_IMG1_LID1_STA1_CFC64_OH0,0317_1354,B,0.5045904517173767,0.0008164928294718266,0.5,0.0,-10.939660930731637,28.77074480494106,1.5354174963978333,2.8273234243281253
1773752155.4937544,1773752155493762634,Sr02_gB_IMG1_LID1_STA1_CFC64_OH0,0317_1354,B,0.5045551657676697,0.0007976111955940723,0.5,0.0,-10.937899806748792,28.820713776330045,1.5357395723444582,2.855211544671358
1773752155.6139133,1773752155613922637,Sr02_gB_IMG1_LID1_STA1_CFC64_OH0,0317_1354,B,0.491409569978714,-0.28488537669181824,0.5,-0.5,-10.93476820443796,28.894712790613205,1.512051130909119,2.897188009096277
1773752155.732521,1773752155732528640,Sr02_gB_IMG1_LID1_STA1_CFC64_OH0,0317_1354,B,0.48839855194091797,-0.3639158308506012,0.5,-0.5,-10.930915768686559,28.94432790271941,1.4740571848844397,2.9246708849744794
1773752155.853858,1773752155853864340,Sr02_gB_IMG1_LID1_STA1_CFC64_OH0,0317_1354,B,0.48572733998298645,-0.37972941994667053,0.5,-0.5,-10.925382801165618,28.993972897107536,1.4462388600684033,2.951452943408313
1773752155.9768798,1773752155976888814,Sr02_gB_IMG1_LID1_STA1_CFC64_OH0,0317_1354,B,0.5093836188316345,-0.3894798457622528,0.5,-0.5,-10.914963530397513,29.06816077924181,1.4204154324276264,2.9909447824010282
1773752156.0957718,1773752156095779784,Sr02_gB_IMG1_LID1_STA1_CFC64_OH0,0317_1354,B,0.5012491345405579,-0.48559337854385376,0.5,-0.5,-10.907304781561216,29.117481535426943,1.4158661466308473,3.0173920172251205
1773752156.2115219,1773752156211528890,Sr02_gB_IMG1_LID1_STA1_CFC64_OH0,0317_1354,B,0.4752137064933777,-0.4276096522808075,0.5,-0.5,-10.895735907543527,29.191583899991137,1.4159861656730535,3.0581837512934933
1773752156.329129,1773752156329135739,Sr02_gB_IMG1_LID1_STA1_CFC64_OH0,0317_1354,B,0.4735400974750519,-0.42856356501579285,0.5,-0.5,-10.887845493675359,29.24040274040745,1.4010948194915884,3.0855629222652743
1773752156.4568613,1773752156456868761,Sr02_gB_IMG1_LID1_STA1_CFC64_OH0,0317_1354,B,0.49893930554389954,-0.4457908272743225,0.5,-0.5,-10.878671182961131,29.28911805564669,1.3669094486125917,3.1124905690348657
1773752156.5837123,1773752156583720843,Sr02_gB_IMG1_LID1_STA1_CFC64_OH0,0317_1354,B,0.4778938591480255,-0.4781380295753479,0.5,-0.5,-10.861433576036733,29.362099947518875,1.3104245321285333,3.1513939089490224
1773752156.7065854,1773752156706592239,Sr02_gB_IMG1_LID1_STA1_CFC64_OH0,0317_1354,B,0.4787280857563019,-0.4860721230506897,0.5,-0.5,-10.847628529398865,29.410153092500984,1.2715741101939173,3.1760062729290324
1773752156.8291392,1773752156829147458,Sr02_gB_IMG1_LID1_STA1_CFC64_OH0,0317_1354,B,0.5141811966896057,-0.43755167722702026,0.5,-0.5,-10.823073146622896,29.48093366879924,1.2006216843999307,3.210458543555267
1773752156.9489458,1773752156948952191,Sr02_gB_IMG1_LID1_STA1_CFC64_OH0,0317_1354,B,0.492373526096344,-0.4375002980232239,0.5,-0.5,-10.803993286403557,29.527145979655078,1.157860734395234,3.231647243177123
1773752157.072108,1773752157072114175,Sr02_gB_IMG1_LID1_STA1_CFC64_OH0,0317_1354,B,0.5026542544364929,-0.448594868183136,0.5,-0.5,-10.771707706912048,29.594826818796875,1.0932317354580647,3.260970776584623
1773752157.1926696,1773752157192677398,Sr02_gB_IMG1_LID1_STA1_CFC64_OH0,0317_1354,B,0.5025706887245178,-0.45454710721969604,0.5,-0.5,-10.747744818154635,29.638705806713563,1.0486527053584767,3.278806237658315
1773752157.3129554,1773752157312963960,Sr02_gB_IMG1_LID1_STA1_CFC64_OH0,0317_1354,B,0.5000616312026978,-0.2755056321620941,0.5,-0.5,-10.721794609931909,29.681438836623474,1.0011624457166017,3.2951587606326913
1773752157.4331892,1773752157433198253,Sr02_gB_IMG1_LID1_STA1_CFC64_OH0,0317_1354,B,0.4572892487049103,-0.42781469225883484,0.5,-0.5,-10.67910004910449,29.7430805688931,0.928648412296136,3.3166907735335243
1773752157.557453,1773752157557459710,Sr02_gB_IMG1_LID1_STA1_CFC64_OH0,0317_1354,B,0.4798785448074341,-0.2255978137254715,0.5,-0.5,-10.648287910099546,29.78245331222278,0.8848932679710051,3.3291147066274096
1773752157.6765757,1773752157676582747,Sr02_gB_IMG1_LID1_STA1_CFC64_OH0,0317_1354,B,0.48212510347366333,-0.2589446008205414,0.5,-0.5,-10.59891531164906,29.83889201410551,0.819266751825868,3.345091593519929
1773752157.7965972,1773752157796605662,Sr02_gB_IMG1_LID1_STA1_CFC64_OH0,0317_1354,B,0.49384403228759766,-0.45218712091445923,0.5,-0.5,-10.563973399857332,29.87465014288767,0.7745182687719273,3.3539383698579845
1773752157.9197907,1773752157919799215,Sr02_gB_IMG1_LID1_STA1_CFC64_OH0,0317_1354,B,0.4900522828102112,-0.204777330160141,0.5,-0.5,-10.508623505849123,29.925238780899548,0.7063958050417468,3.364389545355768
1773752158.0390558,1773752158039063078,Sr02_gB_IMG1_LID1_STA1_CFC64_OH0,0317_1354,B,0.49949026107788086,-0.14392445981502533,0.5,0.0,-10.47018982512138,29.956992318754967,0.6760594293601921,3.369776278426236
1773752158.1638057,1773752158163812355,Sr02_gB_IMG1_LID1_STA1_CFC64_OH0,0317_1354,B,0.5087935924530029,-0.14770308136940002,0.5,0.0,-10.430720734793255,29.987404181933098,0.6354819073539207,3.374203957266606
1773752158.2836971,1773752158283709252,Sr02_gB_IMG1_LID1_STA1_CFC64_OH0,0317_1354,B,0.4806099236011505,-0.4899944067001343,0.5,-0.5,-10.369421268866416,30.030298490674998,0.5918655901747096,3.3787984707922294
1773752158.4045794,1773752158404585946,Sr02_gB_IMG1_LID1_STA1_CFC64_OH0,0317_1354,B,0.5164355635643005,-0.3322027921676636,0.5,-0.5,-10.327585460834797,30.057663607873884,0.5663323845258431,3.381226586220294
1773752158.52624,1773752158526249163,Sr02_gB_IMG1_LID1_STA1_CFC64_OH0,0317_1354,B,0.49980443716049194,-0.4743995666503906,0.5,-0.5,-10.263496015442472,30.09598460044438,0.5071561685629868,3.3832164328663055
1773752158.645241,1773752158645247586,Sr02_gB_IMG1_LID1_STA1_CFC64_OH0,0317_1354,B,0.49325352907180786,-0.5071026682853699,0.5,-0.5,-10.219697904659363,30.119533439130695,0.48226072220006055,3.3831897638813326
1773752158.7763748,1773752158776381973,Sr02_gB_IMG1_LID1_STA1_CFC64_OH0,0317_1354,B,0.4936513304710388,-0.38094040751457214,0.5,-0.5,-10.175207614641458,30.142323626178207,0.46587015675614285,3.382903583143276
1773752158.8971803,1773752158897189847,Sr02_gB_IMG1_LID1_STA1_CFC64_OH0,0317_1354,B,0.5118256211280823,-0.37711700797080994,0.5,-0.5,-10.107835934652702,30.17527551740678,0.44382809212985236,3.3824717951579046
1773752159.0160878,1773752159016096717,Sr02_gB_IMG1_LID1_STA1_CFC64_OH0,0317_1354,B,0.5157368779182434,-0.37834787368774414,0.5,-0.5,-10.062890538995306,30.196038140795626,0.4175350868673811,3.3820015391701657
1773752159.1341524,1773752159134161219,Sr02_gB_IMG1_LID1_STA1_CFC64_OH0,0317_1354,B,0.5100622773170471,-0.5291760563850403,0.5,-0.5,-9.994077689077628,30.224212445396187,0.3626064839142761,3.379375246843187
1773752159.248715,1773752159248723277,Sr02_gB_IMG1_LID1_STA1_CFC64_OH0,0317_1354,B,0.4886396527290344,-0.06849302351474762,0.5,0.0,-9.94707772194526,30.240851688301206,0.3167858951799671,3.3761204981396165
1773752159.3732972,1773752159373303504,Sr02_gB_IMG1_LID1_STA1_CFC64_OH0,0317_1354,B,0.48564955592155457,-0.1614893227815628,0.5,-0.5,-9.899205420650228,30.255264633165734,0.26755397477778725,3.371208564249793
1773752159.4992523,1773752159499260208,Sr02_gB_IMG1_LID1_STA1_CFC64_OH0,0317_1354,B,0.49738234281539917,-0.15160733461380005,0.5,-0.5,-9.826282337352621,30.272572214395893,0.20283673422759846,3.3607926998397937
1773752159.6174216,1773752159617430389,Sr02_gB_IMG1_LID1_STA1_CFC64_OH0,0317_1354,B,0.5055521130561829,-0.00024158693850040436,0.5,0.0,-9.752431386938007,30.28559281199501,0.14621871353338609,3.347669296954361
1773752159.7405083,1773752159740516078,Sr02_gB_IMG1_LID1_STA1_CFC64_OH0,0317_1354,B,0.5026241540908813,-0.004643789958208799,0.5,0.0,-9.702853879200331,30.291937634842558,0.10797172067498392,3.3375041339681104
1773752159.8662035,1773752159866212731,Sr02_gB_IMG1_LID1_STA1_CFC64_OH0,0317_1354,B,0.4978112280368805,-0.1455347090959549,0.5,0.0,-9.653127260979728,30.29611422854264,0.058924120829309624,3.3259483400857763
1773752159.989799,1773752159989806509,Sr02_gB_IMG1_LID1_STA1_CFC64_OH0,0317_1354,B,0.48842549324035645,-0.1370946764945984,0.5,0.0,-9.579047220783469,30.298364078773407,0.012851871285413981,3.306245701369364
1773752160.1093905,1773752160109397539,Sr02_gB_IMG1_LID1_STA1_CFC64_OH0,0317_1354,B,0.4957732856273651,-0.09964754432439804,0.5,0.0,-9.529194337077529,30.29865793398116,-0.0020387887080961873,3.2926844603367296
1773752160.2257428,1773752160225749812,Sr02_gB_IMG1_LID1_STA1_CFC64_OH0,0317_1354,B,0.48651817440986633,-0.004884511698037386,0.5,0.0,-9.45421417437513,30.297646446012326,-0.024458301611423403,3.272204588714081
1773752160.3420146,1773752160342021634,Sr02_gB_IMG1_LID1_STA1_CFC64_OH0,0317_1354,B,0.4863649010658264,-0.005179103929549456,0.5,0.0,-9.404330558553564,30.296356548578352,-0.026047015459933816,3.2588643402597484
1773752160.4627547,1773752160462761831,Sr02_gB_IMG1_LID1_STA1_CFC64_OH0,0317_1354,B,0.4916423559188843,-0.009241055697202682,0.5,0.0,-9.354347722064277,30.2950467004052,-0.02642334641549092,3.2461950445002263
1773752160.5814395,1773752160581447995,Sr02_gB_IMG1_LID1_STA1_CFC64_OH0,0317_1354,B,0.4945072531700134,0.013522569090127945,0.5,0.0,-9.279513340061904,30.29259911605468,-0.04278147712617866,3.2281046722605753
1773752160.704334,1773752160704342263,Sr02_gB_IMG1_LID1_STA1_CFC64_OH0,0317_1354,B,0.49515068531036377,-0.004711298272013664,0.5,0.0,-9.22957551597805,30.290114340396073,-0.056575328998500554,3.216108832445454
1773752160.8196113,1773752160819618207,Sr02_gB_IMG1_LID1_STA1_CFC64_OH0,0317_1354,B,0.49899324774742126,-0.003088870784267783,0.5,0.0,-9.154747515835066,30.285218671069,-0.07261526129202407,3.198355656890529
1773752160.942454,1773752160942461670,Sr02_gB_IMG1_LID1_STA1_CFC64_OH0,0317_1354,B,0.48323366045951843,-0.13121482729911804,0.5,0.0,-9.104908440443369,30.281567658972286,-0.07338591120370028,3.187069226009239
1773752161.0610309,1773752161061048266,Sr02_gB_IMG1_LID1_STA1_CFC64_OH0,0317_1354,B,0.5128606557846069,-0.09645954519510269,0.5,0.0,-9.055043952534545,30.27788900794855,-0.07389792868950085,3.176498205464142
1773752161.1789978,1773752161179005686,Sr02_gB_IMG1_LID1_STA1_CFC64_OH0,0317_1354,B,0.5035678744316101,-0.019016290083527565,0.5,0.0,-8.980252085901014,30.272305540532813,-0.07520284276622077,3.161993570988586
1773752161.3014233,1773752161301431391,Sr02_gB_IMG1_LID1_STA1_CFC64_OH0,0317_1354,B,0.5213343501091003,-0.14885789155960083,0.5,0.0,-8.93039169037222,30.268571870482152,-0.07407824136306262,3.153266693959406
1773752161.4226646,1773752161422672453,Sr02_gB_IMG1_LID1_STA1_CFC64_OH0,0317_1354,B,0.49527668952941895,-0.2996242344379425,0.5,-0.5,-8.880527536411918,30.26488869412448,-0.07382000297220433,3.1453605852273703
1773752161.5460284,1773752161546035355,Sr02_gB_IMG1_LID1_STA1_CFC64_OH0,0317_1354,B,0.4811665713787079,-0.21973003447055817,0.5,-0.5,-8.805733397071197,30.259335687172012,-0.0743482310603672,3.134931520893647
1773752161.6701858,1773752161670193908,Sr02_gB_IMG1_LID1_STA1_CFC64_OH0,0317_1354,B,0.4780036509037018,-0.22777631878852844,0.5,-0.5,-8.755984643993118,30.255485773674128,-0.08283411071011233,3.1288148847907915
1773752161.7910917,1773752161791099056,Sr02_gB_IMG1_LID1_STA1_CFC64_OH0,0317_1354,B,0.49725040793418884,-0.27425333857536316,0.5,-0.5,-8.681293723678012,30.248691362489964,-0.09799814981621652,3.120093133340994
1773752161.9107652,1773752161910772972,Sr02_gB_IMG1_LID1_STA1_CFC64_OH0,0317_1354,B,0.5091351866722107,-0.21631334722042084,0.5,-0.5,-8.6315756936227,30.243699651039154,-0.10113160502735133,3.1148060714857966
1773752162.0382714,1773752162038278275,Sr02_gB_IMG1_LID1_STA1_CFC64_OH0,0317_1354,B,0.5002455115318298,-0.3082166016101837,0.5,-0.5,-8.557151062842028,30.23545409484633,-0.12161105736012309,3.1076033747984355
1773752162.1623504,1773752162162357368,Sr02_gB_IMG1_LID1_STA1_CFC64_OH0,0317_1354,B,0.5028682947158813,-0.29616495966911316,0.5,-0.5,-8.507779530660752,30.228770891982045,-0.14910580751718708,3.1026006645230084
1773752162.2777984,1773752162277805727,Sr02_gB_IMG1_LID1_STA1_CFC64_OH0,0317_1354,B,0.5057908296585083,-0.25992974638938904,0.5,-0.5,-8.433852473556081,30.21628285541413,-0.18398247282160046,3.094118337903864
1773752162.3929343,1773752162392941737,Sr02_gB_IMG1_LID1_STA1_CFC64_OH0,0317_1354,B,0.4861951172351837,-0.4801926612854004,0.5,-0.5,-8.384804753999688,30.20657652840787,-0.20676006128869592,3.0880657404046077
1773752162.511056,1773752162511063116,Sr02_gB_IMG1_LID1_STA1_CFC64_OH0,0317_1354,B,0.48458847403526306,-0.4335134029388428,0.5,-0.5,-8.336028752720324,30.195651950334966,-0.23404003588602823,3.08157326293202
1773752162.631979,1773752162631989454,Sr02_gB_IMG1_LID1_STA1_CFC64_OH0,0317_1354,B,0.4850865304470062,-0.2438524067401886,0.5,-0.5,-8.263420416561724,30.176930901023123,-0.2689001285825283,3.070948930217487
1773752162.751522,1773752162751529638,Sr02_gB_IMG1_LID1_STA1_CFC64_OH0,0317_1354,B,0.5087908506393433,-0.4916903078556061,0.5,-0.5,-8.21546319485856,30.16304144376966,-0.29679864702215986,3.063407768342102
1773752162.8706486,1773752162870655792,Sr02_gB_IMG1_LID1_STA1_CFC64_OH0,0317_1354,B,0.5276637673377991,-0.3087194263935089,0.5,-0.5,-8.167876171323629,30.147702260169908,-0.3266561361726092,3.0551742152503394
1773752162.9901762,1773752162990182611,Sr02_gB_IMG1_LID1_STA1_CFC64_OH0,0317_1354,B,0.5155560374259949,-0.3363361060619354,0.5,-0.5,-8.0973680529343,30.122151548336017,-0.36745732033582673,3.041665599209517
1773752163.113547,1773752163113556333,Sr02_gB_IMG1_LID1_STA1_CFC64_OH0,0317_1354,B,0.4972335696220398,-0.2548777759075165,0.5,-0.5,-8.051412676347342,30.10349302281688,-0.40748819086464183,3.0318593358195427
1773752163.2323859,1773752163232395215,Sr02_gB_IMG1_LID1_STA1_CFC64_OH0,0317_1354,B,0.4772067368030548,-0.2011558711528778,0.5,-0.5,-7.983647974564692,30.07145936287061,-0.4737346526941256,3.0144155846206204
1773752163.3548453,1773752163354852360,Sr02_gB_IMG1_LID1_STA1_CFC64_OH0,0317_1354,B,0.46860918402671814,-0.3519452214241028,0.5,-0.5,-7.939666050589504,30.048120859380997,-0.5003240010731195,3.001563105109486
1773752163.4729736,1773752163472980391,Sr02_gB_IMG1_LID1_STA1_CFC64_OH0,0317_1354,B,0.5210320353507996,-0.32543227076530457,0.5,-0.5,-7.896525283744087,30.023690778732103,-0.5343432622064397,2.9882185533417633
1773752163.5931075,1773752163593114586,Sr02_gB_IMG1_LID1_STA1_CFC64_OH0,0317_1354,B,0.4384593963623047,-0.4207759499549866,0.5,-0.5,-7.833420389750928,29.983582953550467,-0.5917767710057609,2.965872925227598
1773752163.7179701,1773752163717977797,Sr02_gB_IMG1_LID1_STA1_CFC64_OH0,0317_1354,B,0.4964299201965332,-0.3775492012500763,0.5,-0.5,-7.79239967993862,29.954998598647283,-0.6254103096505553,2.9498650953052112
1773752163.8411548,1773752163841163646,Sr02_gB_IMG1_LID1_STA1_CFC64_OH0,0317_1354,B,0.47865352034568787,-0.4041350781917572,0.5,-0.5,-7.732579612898391,29.909818013644767,-0.6653564025005606,2.924570054198694
1773752163.9641774,1773752163964185154,Sr02_gB_IMG1_LID1_STA1_CFC64_OH0,0317_1354,B,0.5379354357719421,-0.4138430655002594,0.5,-0.5,-7.693557870348837,29.87855751184114,-0.685471961346493,2.907300894344873
1773752164.0864787,1773752164086485844,Sr02_gB_IMG1_LID1_STA1_CFC64_OH0,0317_1354,B,0.5017126202583313,-0.4180982708930969,0.5,-0.5,-7.636656895609067,29.83000600975158,-0.7316184560906049,2.8807050230814117
1773752164.2018108,1773752164201817502,Sr02_gB_IMG1_LID1_STA1_CFC64_OH0,0317_1354,B,0.4675004184246063,-0.2501582205295563,0.5,-0.5,-7.6000022429817236,29.79600284147351,-0.7641616497736992,2.861934541707694
1773752164.3159013,1773752164315910195,Sr02_gB_IMG1_LID1_STA1_CFC64_OH0,0317_1354,B,0.4700673818588257,-0.22906583547592163,0.5,-0.5,-7.564658325683139,29.76073000518435,-0.8053216167934324,2.8422485583915957
1773752164.4298966,1773752164429905504,Sr02_gB_IMG1_LID1_STA1_CFC64_OH0,0317_1354,B,0.2586570680141449,-0.3773745596408844,0.5,-0.5,-7.514316049785299,29.70515019897374,-0.8632507526900797,2.810605981081713
1773752164.5494614,1773752164549469182,Sr02_gB_IMG1_LID1_STA1_CFC64_OH0,0317_1354,B,0.37684714794158936,-0.25071096420288086,0.5,-0.5,-7.482575565359519,29.66652112123728,-0.9031324739139284,2.788242368271972
1773752164.6680648,1773752164668072660,Sr02_gB_IMG1_LID1_STA1_CFC64_OH0,0317_1354,B,0.3566370904445648,-0.22721408307552338,0.5,-0.5,-7.452432093347,29.62663358349246,-0.944322562826302,2.7647797763674276
1773752164.7865636,1773752164786570199,Sr02_gB_IMG1_LID1_STA1_CFC64_OH0,0317_1354,B,0.4011741876602173,0.016446009278297424,0.5,0.0,-7.410382552894393,29.56454492444656,-1.0068244631901204,2.7274833236760507
1773752164.9045947,1773752164904601988,Sr02_gB_IMG1_LID1_STA1_CFC64_OH0,0317_1354,B,0.5379730463027954,-0.4027595818042755,0.5,-0.5,-7.384483853321915,29.521914390922884,-1.0391160939200168,2.701401471813724
1773752165.0174277,1773752165017435397,Sr02_gB_IMG1_LID1_STA1_CFC64_OH0,0317_1354,B,0.48889604210853577,-0.028514541685581207,0.5,0.0,-7.3596539047467235,29.478516700018783,-1.0626554273864945,2.674810594609906
1773752165.1317103,1773752165131719891,Sr02_gB_IMG1_LID1_STA1_CFC64_OH0,0317_1354,B,0.451300710439682,0.011391174048185349,0.5,0.0,-7.324702834310971,29.412375714533972,-1.1114155096434302,2.634150362989958
1773752165.2519543,1773752165251962199,Sr02_gB_IMG1_LID1_STA1_CFC64_OH0,0317_1354,B,0.4576282203197479,0.05094490200281143,0.5,0.0,-7.303218730481038,29.36729929834863,-1.1388384421271935,2.6061092667139616
1773752165.375801,1773752165375808633,Sr02_gB_IMG1_LID1_STA1_CFC64_OH0,0317_1354,B,0.5220509171485901,0.022328101098537445,0.5,0.0,-7.282814078997203,29.321653469617917,-1.1617947996897682,2.5776783414191553
1773752165.493153,1773752165493161513,Sr02_gB_IMG1_LID1_STA1_CFC64_OH0,0317_1354,B,0.5034821629524231,-0.0051099201664328575,0.5,0.0,-7.253986335650132,29.252743213659716,-1.1792508956588326,2.534941227441517
1773752165.6141953,1773752165614208418,Sr02_gB_IMG1_LID1_STA1_CFC64_OH0,0317_1354,B,0.5009270310401917,-0.006771172396838665,0.5,0.0,-7.23507437148825,29.20676862239282,-1.1856866013377538,2.5070815215971756
1773752165.7346587,1773752165734666193,Sr02_gB_IMG1_LID1_STA1_CFC64_OH0,0317_1354,B,0.4981546103954315,-0.02729598991572857,0.5,0.0,-7.208020207595872,29.137901341717928,-1.2003215422564362,2.465895904483825
1773752165.8563292,1773752165856337125,Sr02_gB_IMG1_LID1_STA1_CFC64_OH0,0317_1354,B,0.3896874189376831,-0.057702939957380295,0.5,0.0,-7.189890764679112,29.091303887823422,-1.1991824294896556,2.438802936794824
1773752165.973645,1773752165973653355,Sr02_gB_IMG1_LID1_STA1_CFC64_OH0,0317_1354,B,0.48220452666282654,-0.09684976935386658,0.5,0.0,-7.17163769746475,29.044763317141705,-1.1945118971916824,2.4125624115875595
1773752166.0936692,1773752166093676390,Sr02_gB_IMG1_LID1_STA1_CFC64_OH0,0317_1354,B,0.30999109148979187,-0.3036082983016968,0.5,-0.5,-7.143877801973995,28.975089952253626,-1.189731827902657,2.374977824737885
1773752166.2156272,1773752166215636257,Sr02_gB_IMG1_LID1_STA1_CFC64_OH0,0317_1354,B,0.2967439889907837,-0.3370126485824585,0.5,-0.5,-7.125294220433066,28.92867174327149,-1.1902427980879533,2.3509901259379604
1773752166.3372283,1773752166337236005,Sr02_gB_IMG1_LID1_STA1_CFC64_OH0,0317_1354,B,0.29823651909828186,-0.2592759132385254,0.5,-0.5,-7.097470788069917,28.859023661753643,-1.1916191147203739,2.3165167907717317
1773752166.4578419,1773752166457850274,Sr02_gB_IMG1_LID1_STA1_CFC64_OH0,0317_1354,B,0.4212636649608612,-0.4698752164840698,0.5,-0.5,-7.080145457949691,28.81537855926548,-1.1942643315411232,2.2958242842474963
1773752166.577191,1773752166577197855,Sr02_gB_IMG1_LID1_STA1_CFC64_OH0,0317_1354,B,0.44234275817871094,-0.549568772315979,0.5,-0.5,-7.069327429413648,28.787936218547184,-1.1964877856349767,2.2831603280644157
1773752166.6960447,1773752166696054571,Sr02_gB_IMG1_LID1_STA1_CFC64_OH0,0317_1354,B,0.5536834597587585,-0.27537137269973755,0.5,-0.5,-7.059732418635391,28.763361725496626,-1.2013872842842184,2.272020696865155
1773752166.8187222,1773752166818730368,Sr02_gB_IMG1_LID1_STA1_CFC64_OH0,0317_1354,B,0.5214999318122864,-0.29504814743995667,0.5,-0.5,-7.053506625992826,28.74702927787749,-1.2119107198623775,2.2646511262272084
1773752166.9384463,1773752166938457314,Sr02_gB_IMG1_LID1_STA1_CFC64_OH0,0317_1354,B,0.5326619148254395,-0.13040046393871307,0.5,0.0,-7.044496929046584,28.72237425810337,-1.229253098247351,2.253462570747926
1773752167.0557787,1773752167055786419,Sr02_gB_IMG1_LID1_STA1_CFC64_OH0,0317_1354,B,0.5540264248847961,-0.018584268167614937,0.5,0.0,-7.038714618721959,28.705857217242308,-1.2385998377813123,2.2459269686937713
1773752167.168635,1773752167168642981,Sr02_gB_IMG1_LID1_STA1_CFC64_OH0,0317_1354,B,0.5567166209220886,-0.024176601320505142,0.5,0.0,-7.033135448325043,28.689305075246054,-1.253771917997571,2.2383326976046627
1773752167.2842255,1773752167284234339,Sr02_gB_IMG1_LID1_STA1_CFC64_OH0,0317_1354,B,0.5636669993400574,0.006671329494565725,0.5,0.0,-7.025291855561311,28.664267210819435,-1.2810710968582777,2.2266246876313573
1773752167.4014208,1773752167401429572,Sr02_gB_IMG1_LID1_STA1_CFC64_OH0,0317_1354,B,0.6136387586593628,-0.27499788999557495,0.5,-0.5,-7.020382667821636,28.64749197108802,-1.290925400918466,2.2186671437037155
1773752167.526015,1773752167526022844,Sr02_gB_IMG1_LID1_STA1_CFC64_OH0,0317_1354,B,0.4498918652534485,-0.32996731996536255,0.5,-0.5,-7.015632584841121,28.630649051022168,-1.3010454565614367,2.2106564134962827
1773752167.6513221,1773752167651332126,Sr02_gB_IMG1_LID1_STA1_CFC64_OH0,0317_1354,B,0.37178361415863037,-0.3795829117298126,0.5,-0.5,-7.008799231750395,28.605315691082122,-1.3115164963624564,2.1985842276303518
1773752167.7817504,1773752167781759109,Sr02_gB_IMG1_LID1_STA1_CFC64_OH0,0317_1354,B,0.5225973725318909,-0.3084055185317993,0.5,-0.5,-7.004325471298183,28.58840116026563,-1.3125719919994132,2.1905956673106237
1773752167.9060743,1773752167906081711,Sr02_gB_IMG1_LID1_STA1_CFC64_OH0,0317_1354,B,0.6170740723609924,-0.20851874351501465,0.5,-0.5,-6.99763645805933,28.563017715418013,-1.3136550056589138,2.178797399644017
1773752168.0265725,1773752168026581925,Sr02_gB_IMG1_LID1_STA1_CFC64_OH0,0317_1354,B,0.44169822335243225,-0.022135820239782333,0.5,0.0,-6.993187132132719,28.546104474013514,-1.3137982453587387,2.1710709198209384
1773752168.142323,1773752168142330099,Sr02_gB_IMG1_LID1_STA1_CFC64_OH0,0317_1354,B,0.43602851033210754,-0.02716168947517872,0.5,0.0,-6.98670052710434,28.52071808323508,-1.328179421032079,2.159540987365389
1773752168.2617192,1773752168261731391,Sr02_gB_IMG1_LID1_STA1_CFC64_OH0,0317_1354,B,0.5003334879875183,-0.0108994971960783,0.5,0.0,-6.9825944480362185,28.503706716468987,-1.3397282554056533,2.1517736818751065
1773752168.3897676,1773752168389776092,Sr02_gB_IMG1_LID1_STA1_CFC64_OH0,0317_1354,B,0.48799675703048706,0.03316328302025795,0.5,0.0,-6.978697104119745,28.48664634934173,-1.3528399660119659,2.143928496673388
1773752168.5098302,1773752168509837509,Sr02_gB_IMG1_LID1_STA1_CFC64_OH0,0317_1354,B,0.5239962935447693,0.002554553095251322,0.5,0.0,-6.9732955814629145,28.461187203724243,-1.3699943645186852,2.1321109406924745
1773752168.6341233,1773752168634130034,Sr02_gB_IMG1_LID1_STA1_CFC64_OH0,0317_1354,B,0.541881263256073,-0.007660169154405594,0.5,0.0,-6.972183380871954,28.455645200494654,-1.377699183873248,2.1295221722900575
1773752168.7566888,1773752168756696625,Sr02_gB_IMG1_LID1_STA1_CFC64_OH0,0317_1354,B,0.5360147356987,-0.010412739589810371,0.5,0.0,-6.972183380541467,28.455645198804483,-1.3776991987980047,2.129522171495546
1773752168.879586,1773752168879593228,Sr02_gB_IMG1_LID1_STA1_CFC64_OH0,0317_1354,B,0.5365314483642578,-0.018500380218029022,0.5,0.0,-6.972183380541467,28.455645198804483,-1.3776991987980047,2.129522171495546
1773752169.0014515,1773752169001460099,Sr02_gB_IMG1_LID1_STA1_CFC64_OH0,0317_1354,B,0.5276463031768799,-0.006478008348494768,0.5,0.0,-6.972183380541467,28.455645198804483,-1.3776991987980047,2.129522171495546
1773752169.1211495,1773752169121157721,Sr02_gB_IMG1_LID1_STA1_CFC64_OH0,0317_1354,B,0.5278906226158142,-0.00845087505877018,0.5,0.0,-6.972183380541467,28.455645198804483,-1.3776991987980047,2.129522171495546
1773752169.2406528,1773752169240661256,Sr02_gB_IMG1_LID1_STA1_CFC64_OH0,0317_1354,B,0.5258721113204956,-0.015973420813679695,0.5,0.0,-6.972183380541467,28.455645198804483,-1.3776991987980047,2.129522171495546
1773752169.377161,1773752169377168242,Sr02_gB_IMG1_LID1_STA1_CFC64_OH0,0317_1354,B,0.5229882597923279,-0.01770414039492607,0.5,0.0,-6.972183380541467,28.455645198804483,-1.3776991987980047,2.129522171495546
1773752169.5047743,1773752169504781609,Sr02_gB_IMG1_LID1_STA1_CFC64_OH0,0317_1354,B,0.5228144526481628,-0.019123272970318794,0.5,0.0,-6.972183380541467,28.455645198804483,-1.3776991987980047,2.129522171495546
1773752169.623244,1773752169623250564,Sr02_gB_IMG1_LID1_STA1_CFC64_OH0,0317_1354,B,0.5428494811058044,-0.02990638092160225,0.5,0.0,-6.972183380541467,28.455645198804483,-1.3776991987980047,2.129522171495546
1773752169.7433436,1773752169743351155,Sr02_gB_IMG1_LID1_STA1_CFC64_OH0,0317_1354,B,0.5187810063362122,-0.013968035578727722,0.5,0.0,-6.972183380541467,28.455645198804483,-1.3776991987980047,2.129522171495546
1773752169.8666954,1773752169866704198,Sr02_gB_IMG1_LID1_STA1_CFC64_OH0,0317_1354,B,0.5260258316993713,-0.020239895209670067,0.5,0.0,-6.972183380541467,28.455645198804483,-1.3776991987980047,2.129522171495546
1773752169.9904118,1773752169990420307,Sr02_gB_IMG1_LID1_STA1_CFC64_OH0,0317_1354,B,0.5255798101425171,-0.020137257874011993,0.5,0.0,-6.972183380541467,28.455645198804483,-1.3776991987980047,2.129522171495546
1773752170.1147263,1773752170114736276,Sr02_gB_IMG1_LID1_STA1_CFC64_OH0,0317_1354,B,0.5238977670669556,-0.019959814846515656,0.5,0.0,-6.972183380541467,28.455645198804483,-1.3776991987980047,2.129522171495546
1773752170.2374518,1773752170237458891,Sr02_gB_IMG1_LID1_STA1_CFC64_OH0,0317_1354,B,0.5368906855583191,-0.016744045540690422,0.5,0.0,-6.972183380541467,28.455645198804483,-1.3776991987980047,2.129522171495546
