t_unix,t_ros_ns,run_folder,run_id,goal_id,v_pred_lin,w_pred_ang,v_cmd_lin,w_cmd_ang,x,y,yaw,dist_to_goal
1773751936.6740758,1773751936674084786,Sr02_gB_IMG1_LID1_STA1_CFC64_OH0,0317_1352,B,-0.030280228704214096,-0.003245200263336301,0.0,0.0,-9.50009603445461e-15,-2.4697881099155205e-24,-7.060457602684704e-12,28.470871634356403
1773751936.7954867,1773751936795494409,Sr02_gB_IMG1_LID1_STA1_CFC64_OH0,0317_1352,B,-0.030280228704214096,-0.003245200263336301,0.0,0.0,-9.50009603445461e-15,-2.4697881099155205e-24,-7.060457602684704e-12,28.470871634356403
1773751936.9108522,1773751936910860285,Sr02_gB_IMG1_LID1_STA1_CFC64_OH0,0317_1352,B,-0.02958514541387558,-0.00898557435721159,0.0,0.0,-9.614169912601018e-15,-2.4689826961302815e-24,-7.060457673046983e-12,28.470871634356403
1773751937.0298336,1773751937029841209,Sr02_gB_IMG1_LID1_STA1_CFC64_OH0,0317_1352,B,-0.04068094119429588,-0.00943952240049839,0.0,0.0,-9.690221428186012e-15,-2.4684457376194282e-24,-7.0604577068579835e-12,28.470871634356403
1773751937.1464438,1773751937146451762,Sr02_gB_IMG1_LID1_STA1_CFC64_OH0,0317_1352,B,-0.027741964906454086,-2.6066787540912628e-05,0.0,0.0,-9.804233835966057e-15,-2.4676407578221706e-24,-7.0604579482197704e-12,28.4708716343564
1773751937.2641444,1773751937264151740,Sr02_gB_IMG1_LID1_STA1_CFC64_OH0,0317_1352,B,-0.035312406718730927,-0.0050767287611961365,0.0,0.0,-9.88036954270526e-15,-2.4671032048643288e-24,-7.060457934761819e-12,28.4708716343564
1773751937.39208,1773751937392088230,Sr02_gB_IMG1_LID1_STA1_CFC64_OH0,0317_1352,B,0.03658657521009445,0.004488574806600809,0.0,0.0,-4.649309226005714e-13,1.9460325932401792e-17,-0.0002920549939406991,28.470871634356264
1773751937.5143538,1773751937514361933,Sr02_gB_IMG1_LID1_STA1_CFC64_OH0,0317_1352,B,-0.13859112560749054,-0.011691689491271973,0.0,0.0,-4.380088735998693e-09,2.3457343039166966e-12,-0.0007788147114386712,28.470871633025276
1773751937.6386883,1773751937638695829,Sr02_gB_IMG1_LID1_STA1_CFC64_OH0,0317_1352,B,-0.03335968032479286,-0.007182178553193808,0.0,0.0,-1.1204002892500852e-08,1.0379958793946357e-11,-0.0015625437691188203,28.470871630947283
1773751937.756318,1773751937756324132,Sr02_gB_IMG1_LID1_STA1_CFC64_OH0,0317_1352,B,-0.0944281667470932,-0.012739282101392746,0.0,0.0,-2.3697901848529092e-08,3.8684363521242804e-11,-0.0029693662307001705,28.470871627129732
1773751937.8792975,1773751937879304206,Sr02_gB_IMG1_LID1_STA1_CFC64_OH0,0317_1352,B,-0.40402689576148987,0.0022499095648527145,-0.5,0.0,-2.4875513029122552e-08,4.2252971573189046e-11,-0.0030661025262552818,28.470871626769053
1773751938.0011163,1773751938001124303,Sr02_gB_IMG1_LID1_STA1_CFC64_OH0,0317_1352,B,-0.4038864076137543,0.0022095870226621628,-0.5,0.0,-3.060027987946298e-08,6.176126675858778e-11,-0.0036814346949496173,28.470871625013604
1773751938.116199,1773751938116206996,Sr02_gB_IMG1_LID1_STA1_CFC64_OH0,0317_1352,B,-0.05980478599667549,-0.0006489439401775599,0.0,0.0,-3.061022083176008e-08,6.179755893412945e-11,-0.003232591181673326,28.470871625010556
1773751938.2367346,1773751938236743673,Sr02_gB_IMG1_LID1_STA1_CFC64_OH0,0317_1352,B,-0.3833838999271393,-0.017366480082273483,-0.5,0.0,-3.266359023538247e-08,6.993050013342944e-11,-0.004078132636439191,28.47087162437982
1773751938.3602033,1773751938360211697,Sr02_gB_IMG1_LID1_STA1_CFC64_OH0,0317_1352,B,-0.5207124352455139,-0.013331018388271332,-0.5,0.0,-4.3136525659874144e-08,1.1870752442757288e-10,-0.005245628102996932,28.470871621155915
1773751938.4810176,1773751938481024725,Sr02_gB_IMG1_LID1_STA1_CFC64_OH0,0317_1352,B,-0.5206223726272583,-0.013431189581751823,-0.5,0.0,-5.408056424634001e-08,1.8317364841470916e-10,-0.00651953241365305,28.47087161777413
1773751938.6051335,1773751938605143206,Sr02_gB_IMG1_LID1_STA1_CFC64_OH0,0317_1352,B,-0.44008564949035645,-0.14390726387500763,-0.5,0.0,-0.011796738360310022,9.230878658263056e-05,-0.008223984327348567,28.467206821662558
1773751938.7238855,1773751938723892462,Sr02_gB_IMG1_LID1_STA1_CFC64_OH0,0317_1352,B,-0.46997472643852234,-0.16151052713394165,-0.5,-0.5,-0.0406905966722145,0.00034414561052831716,-0.009091007021457145,28.45822468583374
1773751938.8445878,1773751938844595042,Sr02_gB_IMG1_LID1_STA1_CFC64_OH0,0317_1352,B,-0.47011473774909973,-0.16148430109024048,-0.5,-0.5,-0.073256882697131,0.0006507710244007181,-0.00976448137893552,28.4481109734228
1773751938.966946,1773751938966955567,Sr02_gB_IMG1_LID1_STA1_CFC64_OH0,0317_1352,B,-0.5776786804199219,-0.03389494866132736,-0.5,0.0,-0.12044893782426283,0.0011319460374254015,-0.01049673877404458,28.43347977624531
1773751939.0881975,1773751939088205750,Sr02_gB_IMG1_LID1_STA1_CFC64_OH0,0317_1352,B,-0.5058008432388306,-0.2722543478012085,-0.5,-0.5,-0.16950009220802265,0.0016676264562874655,-0.011529996297677527,28.418313342746597
1773751939.2104251,1773751939210432273,Sr02_gB_IMG1_LID1_STA1_CFC64_OH0,0317_1352,B,-0.4788047969341278,-0.24209967255592346,-0.5,-0.5,-0.24448303316753153,0.002608416319226023,-0.013911610226714489,28.395160564116935
1773751939.3275816,1773751939327589277,Sr02_gB_IMG1_LID1_STA1_CFC64_OH0,0317_1352,B,-0.47316402196884155,-0.22598423063755035,-0.5,-0.5,-0.294376894755365,0.0036047487576316207,-0.027004539989808243,28.37950000043734
1773751939.451795,1773751939451803328,Sr02_gB_IMG1_LID1_STA1_CFC64_OH0,0317_1352,B,-0.5536120533943176,0.11737755686044693,-0.5,0.0,-0.34434615177080524,0.0053425391798794485,-0.04280348069430408,28.363187493014397
1773751939.566706,1773751939566716621,Sr02_gB_IMG1_LID1_STA1_CFC64_OH0,0317_1352,B,-0.566191554069519,0.45523786544799805,-0.5,0.5,-0.4192312539330134,0.009459058714125057,-0.067027385937203,28.33744153810416
1773751939.6921299,1773751939692137698,Sr02_gB_IMG1_LID1_STA1_CFC64_OH0,0317_1352,B,-0.6385176777839661,0.4483781158924103,-0.5,0.5,-0.46904188835107385,0.01295988319938966,-0.07204829642565783,28.319683106739898
1773751939.812133,1773751939812139456,Sr02_gB_IMG1_LID1_STA1_CFC64_OH0,0317_1352,B,-0.6368553042411804,0.4465770721435547,-0.5,0.5,-0.5433624879597632,0.01893844780987342,-0.0959879209170273,28.292605975679468
1773751939.9314373,1773751939931447446,Sr02_gB_IMG1_LID1_STA1_CFC64_OH0,0317_1352,B,-0.5388461351394653,0.3491542935371399,-0.5,0.5,-0.5930664864612485,0.024359417827520005,-0.12080095117703245,28.273228793881877
1773751940.04822,1773751940048227138,Sr02_gB_IMG1_LID1_STA1_CFC64_OH0,0317_1352,B,-0.3154642581939697,0.13498347997665405,-0.5,0.0,-0.6426278734417816,0.03095946623021163,-0.1437216467888864,28.252836274424602
1773751940.1630158,1773751940163022299,Sr02_gB_IMG1_LID1_STA1_CFC64_OH0,0317_1352,B,-0.30068227648735046,0.1461924910545349,-0.5,0.0,-0.7161810597081529,0.042543628445896674,-0.15958012118466453,28.22099098996717
1773751940.285636,1773751940285644277,Sr02_gB_IMG1_LID1_STA1_CFC64_OH0,0317_1352,B,-0.4108304977416992,0.15582089126110077,-0.5,0.0,-0.7641236757282763,0.0498424692962728,-0.13879603192668769,28.200562234746744
1773751940.409829,1773751940409835746,Sr02_gB_IMG1_LID1_STA1_CFC64_OH0,0317_1352,B,-0.23214033246040344,0.03786051273345947,-0.5,0.0,-0.8375781130599868,0.057850269439196585,-0.07602000972496308,28.172446735318744
1773751940.526354,1773751940526362020,Sr02_gB_IMG1_LID1_STA1_CFC64_OH0,0317_1352,B,-0.26385772228240967,0.1170414388179779,-0.5,0.0,-0.8875019940696982,0.06053169755750329,-0.031326350665122155,28.15608694060668
1773751940.648663,1773751940648670378,Sr02_gB_IMG1_LID1_STA1_CFC64_OH0,0317_1352,B,-0.2609142065048218,0.10859409719705582,-0.5,0.0,-0.9374862839309452,0.061130089363531544,0.0057273494987660515,28.141793463348804
1773751940.769859,1773751940769867670,Sr02_gB_IMG1_LID1_STA1_CFC64_OH0,0317_1352,B,-0.2650167644023895,-0.05829346925020218,-0.5,0.0,-1.0123005715978817,0.05908679779556597,0.04137626666835674,28.12338090352382
1773751940.8910122,1773751940891019858,Sr02_gB_IMG1_LID1_STA1_CFC64_OH0,0317_1352,B,-0.32375824451446533,0.06964986771345139,-0.5,0.0,-1.0622408776424712,0.056653487769729304,0.05599547643970516,28.112224073472433
1773751941.011526,1773751941011532830,Sr02_gB_IMG1_LID1_STA1_CFC64_OH0,0317_1352,B,-0.3835844397544861,0.15610310435295105,-0.5,0.0,-1.1370687910439763,0.051600778334455435,0.07907970200523409,28.09702122939117
1773751941.1331291,1773751941133139053,Sr02_gB_IMG1_LID1_STA1_CFC64_OH0,0317_1352,B,-0.4212096929550171,0.32625478506088257,-0.5,0.5,-1.186831897450736,0.04740955250354778,0.08656254257909293,28.08781836894188
1773751941.2538571,1773751941253864957,Sr02_gB_IMG1_LID1_STA1_CFC64_OH0,0317_1352,B,-0.4428325295448303,0.3979015648365021,-0.5,0.5,-1.2365945630520963,0.04289104501951574,0.09607532701138656,28.079017135225328
1773751941.3740187,1773751941374025314,Sr02_gB_IMG1_LID1_STA1_CFC64_OH0,0317_1352,B,-0.4174339771270752,0.3360958993434906,-0.5,0.5,-1.3111840008494267,0.03506253354868294,0.11278677970417916,28.067005468889803
1773751941.5000758,1773751941500085195,Sr02_gB_IMG1_LID1_STA1_CFC64_OH0,0317_1352,B,-0.42317160964012146,0.35214200615882874,-0.5,0.5,-1.3607243275219965,0.029453861497930257,0.11040925917004045,28.059530765529214
1773751941.6246994,1773751941624707997,Sr02_gB_IMG1_LID1_STA1_CFC64_OH0,0317_1352,B,-0.508790910243988,0.5131963491439819,-0.5,0.5,-1.4351742980718032,0.021169799509699494,0.11509975981437598,28.048320701243256
1773751941.7485564,1773751941748565155,Sr02_gB_IMG1_LID1_STA1_CFC64_OH0,0317_1352,B,-0.6118754744529724,0.5326343178749084,-0.5,0.5,-1.4847575467671308,0.015120196594488901,0.12900194351006275,28.04147824533869
1773751941.8651109,1773751941865118791,Sr02_gB_IMG1_LID1_STA1_CFC64_OH0,0317_1352,B,-0.5101498961448669,0.4664049744606018,-0.5,0.5,-1.5586918036578084,0.004107865442573631,0.17110884558727354,28.033364711181335
1773751941.9896858,1773751941989693071,Sr02_gB_IMG1_LID1_STA1_CFC64_OH0,0317_1352,B,-0.5133177042007446,0.47629427909851074,-0.5,0.5,-1.6077527249284678,-0.005357359971800758,0.21043706031479975,28.030178258198422
1773751942.1078606,1773751942107868505,Sr02_gB_IMG1_LID1_STA1_CFC64_OH0,0317_1352,B,-0.5186175107955933,0.5314490795135498,-0.5,0.5,-1.6806718975735366,-0.02286726634855866,0.2611723018682857,28.028940196788565
1773751942.2310355,1773751942231048566,Sr02_gB_IMG1_LID1_STA1_CFC64_OH0,0317_1352,B,-0.4404643774032593,0.5154294371604919,-0.5,0.5,-1.7287390138855383,-0.036625672036106234,0.2963864326853374,28.030381563048675
1773751942.3552527,1773751942355260523,Sr02_gB_IMG1_LID1_STA1_CFC64_OH0,0317_1352,B,-0.47445181012153625,0.5285743474960327,-0.5,0.5,-1.7760619522582266,-0.052186137051725506,0.3419883412655553,28.033841423951557
1773751942.474724,1773751942474732222,Sr02_gB_IMG1_LID1_STA1_CFC64_OH0,0317_1352,B,-0.520950198173523,0.5017940998077393,-0.5,0.5,-1.8456622640180567,-0.08007629220232314,0.42091146926655537,28.04394559137008
1773751942.5892878,1773751942589295034,Sr02_gB_IMG1_LID1_STA1_CFC64_OH0,0317_1352,B,-0.48421594500541687,0.4749976694583893,-0.5,0.5,-1.8908052256521617,-0.10156255804927534,0.4675519403075252,28.05390131549185
1773751942.7101736,1773751942710181500,Sr02_gB_IMG1_LID1_STA1_CFC64_OH0,0317_1352,B,-0.5099321603775024,0.3540419638156891,-0.5,0.5,-1.9564906380845892,-0.13770789419015678,0.5396139206839315,28.0732815523409
1773751942.8291702,1773751942829178243,Sr02_gB_IMG1_LID1_STA1_CFC64_OH0,0317_1352,B,-0.5218672752380371,0.4271247088909149,-0.5,0.5,-1.998683311700226,-0.16452560678496214,0.5927587484524167,28.0893267912797
1773751942.9529698,1773751942952976199,Sr02_gB_IMG1_LID1_STA1_CFC64_OH0,0317_1352,B,-0.4820695221424103,0.5095579624176025,-0.5,0.5,-2.039410960013078,-0.19352050376313906,0.6444618272107986,28.107912049728704
1773751943.075285,1773751943075293063,Sr02_gB_IMG1_LID1_STA1_CFC64_OH0,0317_1352,B,-0.5501708984375,0.4998050332069397,-0.5,0.5,-2.097541777770296,-0.24087967193202103,0.7229542678648997,28.14038245946901
1773751943.1931598,1773751943193166918,Sr02_gB_IMG1_LID1_STA1_CFC64_OH0,0317_1352,B,-0.5260313749313354,0.458770215511322,-0.5,0.5,-2.1341889704984878,-0.2748864141263195,0.7731336201798539,28.16497411655679
1773751943.3083763,1773751943308384044,Sr02_gB_IMG1_LID1_STA1_CFC64_OH0,0317_1352,B,-0.5005384087562561,0.4503844976425171,-0.5,0.5,-2.1859184131802305,-0.3291695321921819,0.8451870742819415,28.205915139051278
1773751943.4324937,1773751943432501984,Sr02_gB_IMG1_LID1_STA1_CFC64_OH0,0317_1352,B,-0.3797093331813812,0.4913421869277954,-0.5,0.5,-2.2183544125794357,-0.3671836803500436,0.8822424105475828,28.235530512207184
1773751943.5581822,1773751943558189383,Sr02_gB_IMG1_LID1_STA1_CFC64_OH0,0317_1352,B,-0.4991723597049713,0.5844976902008057,-0.5,0.5,-2.2493155291168065,-0.406401077205272,0.9237317539532848,28.266708633195194
1773751943.6791003,1773751943679106807,Sr02_gB_IMG1_LID1_STA1_CFC64_OH0,0317_1352,B,-0.41493353247642517,0.5679808259010315,-0.5,0.5,-2.292382763564482,-0.46773372378523353,0.9960377750098074,28.31677562651971
1773751943.8015933,1773751943801602448,Sr02_gB_IMG1_LID1_STA1_CFC64_OH0,0317_1352,B,-0.39902839064598083,0.6044831275939941,-0.5,0.5,-2.3185045289808324,-0.5103615640595491,1.0460182099431647,28.35248734988938
1773751943.9220183,1773751943922026141,Sr02_gB_IMG1_LID1_STA1_CFC64_OH0,0317_1352,B,-0.3152935802936554,0.5504310727119446,-0.5,0.5,-2.353746316462726,-0.5765488635804696,1.1158969974729511,28.40919717716056
1773751944.0437071,1773751944043714770,Sr02_gB_IMG1_LID1_STA1_CFC64_OH0,0317_1352,B,-0.4462893009185791,0.19550012052059174,-0.5,0.0,-2.3746961988777002,-0.6219435726921599,1.1609353779099885,28.448849552317977
1773751944.1658764,1773751944165884877,Sr02_gB_IMG1_LID1_STA1_CFC64_OH0,0317_1352,B,-0.3900565505027771,0.20569543540477753,-0.5,0.5,-2.4020439518220718,-0.6917405755902614,1.2345480285657002,28.51094426163007
1773751944.2780252,1773751944278033136,Sr02_gB_IMG1_LID1_STA1_CFC64_OH0,0317_1352,B,-0.23346823453903198,0.36322903633117676,-0.5,0.5,-2.417160849791956,-0.7393514836964276,1.2925249811133346,28.554107171009207
1773751944.3960116,1773751944396019443,Sr02_gB_IMG1_LID1_STA1_CFC64_OH0,0317_1352,B,0.3605118691921234,0.30539506673812866,0.5,0.5,-2.429502775692413,-0.7877972901057,1.3498185073900306,28.598709475817003
1773751944.519455,1773751944519461879,Sr02_gB_IMG1_LID1_STA1_CFC64_OH0,0317_1352,B,0.4467242956161499,0.3110515773296356,0.5,0.5,-2.4426541677627918,-0.8616051471722771,1.4397462405255652,28.66791672437553
1773751944.6382413,1773751944638250009,Sr02_gB_IMG1_LID1_STA1_CFC64_OH0,0317_1352,B,0.46132737398147583,0.5370329022407532,0.5,0.5,-2.447795162365635,-0.9113337636888599,1.4953298256827248,28.715363612937608
1773751944.753911,1773751944753918936,Sr02_gB_IMG1_LID1_STA1_CFC64_OH0,0317_1352,B,0.5072497129440308,0.3290810286998749,0.5,0.5,-2.4503147436819726,-0.9611098075897312,1.5399519187285982,28.76342925130263
1773751944.873665,1773751944873672807,Sr02_gB_IMG1_LID1_STA1_CFC64_OH0,0317_1352,B,0.5207467675209045,0.2900010943412781,0.5,0.5,-2.4513974564100063,-1.0359327431559853,1.5717713761248149,28.836272594976574
1773751944.9923832,1773751944992389572,Sr02_gB_IMG1_LID1_STA1_CFC64_OH0,0317_1352,B,0.5305027961730957,0.34456008672714233,0.5,0.5,-2.450713453845808,-1.0857161029178095,1.600589072176845,28.885045251685874
1773751945.1147814,1773751945114789101,Sr02_gB_IMG1_LID1_STA1_CFC64_OH0,0317_1352,B,0.5006963610649109,0.5189452767372131,0.5,0.5,-2.4487612502803153,-1.1283045155152307,1.6338837915514304,28.927064239133156
1773751945.2312098,1773751945231218232,Sr02_gB_IMG1_LID1_STA1_CFC64_OH0,0317_1352,B,0.46297651529312134,0.4287478029727936,0.5,0.5,-2.4465213065074365,-1.1567048250440677,1.6726708318020869,28.955286398942594
1773751945.3553493,1773751945355357091,Sr02_gB_IMG1_LID1_STA1_CFC64_OH0,0317_1352,B,0.4691600203514099,0.44508224725723267,0.5,0.5,-2.4470054737967533,-1.1526345593903145,1.691464484626727,28.951206746326864
1773751945.4752908,1773751945475300139,Sr02_gB_IMG1_LID1_STA1_CFC64_OH0,0317_1352,B,0.4756079316139221,0.38893014192581177,0.5,0.5,-2.452160440618326,-1.1142505200927704,1.7124736787184665,28.91260841219823
1773751945.5906675,1773751945590675783,Sr02_gB_IMG1_LID1_STA1_CFC64_OH0,0317_1352,B,0.49250131845474243,0.25914469361305237,0.5,0.5,-2.4587835866188343,-1.0699066093780376,1.7270622835784617,28.867874425444267
1773751945.71235,1773751945712357249,Sr02_gB_IMG1_LID1_STA1_CFC64_OH0,0317_1352,B,0.5141878724098206,0.4430540204048157,0.5,0.5,-2.467088087489667,-1.0215542599259755,1.756871071599407,28.818865256976444
1773751945.83386,1773751945833867972,Sr02_gB_IMG1_LID1_STA1_CFC64_OH0,0317_1352,B,0.5148524641990662,0.4488877058029175,0.5,0.5,-2.483008835151943,-0.9485087843175289,1.8199483302706434,28.744104948541985
1773751945.954535,1773751945954542629,Sr02_gB_IMG1_LID1_STA1_CFC64_OH0,0317_1352,B,0.5329961180686951,0.5403952598571777,0.5,0.5,-2.4963719936103868,-0.9003411754964479,1.8628560995744348,28.694193264969368
1773751946.0741549,1773751946074163047,Sr02_gB_IMG1_LID1_STA1_CFC64_OH0,0317_1352,B,0.4877539873123169,0.42062893509864807,0.5,0.5,-2.5203055351336556,-0.8292769156101896,1.928403475663242,28.619654408834535
1773751946.2003925,1773751946200400413,Sr02_gB_IMG1_LID1_STA1_CFC64_OH0,0317_1352,B,0.4976719617843628,0.4781745970249176,0.5,0.5,-2.538713507932865,-0.7827921757502571,1.967296460858267,28.57031039346357
1773751946.3241987,1773751946324206465,Sr02_gB_IMG1_LID1_STA1_CFC64_OH0,0317_1352,B,0.5016219615936279,0.474520206451416,0.5,0.5,-2.569214147908773,-0.7143575696968784,2.009884776751192,28.496946153296058
1773751946.4424965,1773751946442504240,Sr02_gB_IMG1_LID1_STA1_CFC64_OH0,0317_1352,B,0.4896836578845978,0.4614116847515106,0.5,0.5,-2.5911620658378265,-0.6697379909204201,2.048867040944846,28.44867859487818
1773751946.5647805,1773751946564788511,Sr02_gB_IMG1_LID1_STA1_CFC64_OH0,0317_1352,B,0.49222278594970703,0.5693053007125854,0.5,0.5,-2.615153924087446,-0.6258749018594021,2.093755756016951,28.40072182441504
1773751946.6855967,1773751946685604645,Sr02_gB_IMG1_LID1_STA1_CFC64_OH0,0317_1352,B,0.508853554725647,0.3876059949398041,0.5,0.5,-2.654914594390674,-0.562406254099117,2.1682952570347926,28.330276320961698
1773751946.8108993,1773751946810905555,Sr02_gB_IMG1_LID1_STA1_CFC64_OH0,0317_1352,B,0.5063199996948242,0.3743128478527069,0.5,0.5,-2.68390437684783,-0.5216726862813311,2.2103581335019102,28.284346090370242
1773751946.9246905,1773751946924698145,Sr02_gB_IMG1_LID1_STA1_CFC64_OH0,0317_1352,B,0.49950820207595825,0.5034675002098083,0.5,0.5,-2.73070261130179,-0.46311696063226326,2.2808126707875185,28.21727096912211
1773751947.0404947,1773751947040503079,Sr02_gB_IMG1_LID1_STA1_CFC64_OH0,0317_1352,B,0.49343615770339966,0.468243271112442,0.5,0.5,-2.764182149759063,-0.4259867702513109,2.3282646434814076,28.173965753965305
1773751947.161702,1773751947161709278,Sr02_gB_IMG1_LID1_STA1_CFC64_OH0,0317_1352,B,0.5037612318992615,0.48426109552383423,0.5,0.5,-2.799376982177765,-0.3904780256147642,2.3749301093020305,28.131912802835306
1773751947.2816818,1773751947281690597,Sr02_gB_IMG1_LID1_STA1_CFC64_OH0,0317_1352,B,0.4914173185825348,0.43276384472846985,0.5,0.5,-2.8552588502447827,-0.3406184569406581,2.454777464960193,28.071576067671117
1773751947.400565,1773751947400572854,Sr02_gB_IMG1_LID1_STA1_CFC64_OH0,0317_1352,B,0.4920957684516907,0.5652686357498169,0.5,0.5,-2.8945747499537178,-0.3099195827984038,2.498982631937106,28.03345510323657
1773751947.5255527,1773751947525560383,Sr02_gB_IMG1_LID1_STA1_CFC64_OH0,0317_1352,B,0.4923405051231384,0.020355097949504852,0.5,0.0,-2.9558685417531363,-0.26671581827573826,2.5557941555807164,27.978657000561462
1773751947.6449187,1773751947644926052,Sr02_gB_IMG1_LID1_STA1_CFC64_OH0,0317_1352,B,0.4909556806087494,0.02896924503147602,0.5,0.0,-2.9980628505765283,-0.24012434817908188,2.604110313328115,27.944073733857
1773751947.760153,1773751947760161282,Sr02_gB_IMG1_LID1_STA1_CFC64_OH0,0317_1352,B,0.4835413992404938,0.02170739322900772,0.5,0.0,-3.0415963858276975,-0.2155403241800421,2.6509346045362547,27.911234848795953
1773751947.887224,1773751947887232440,Sr02_gB_IMG1_LID1_STA1_CFC64_OH0,0317_1352,B,0.5121686458587646,0.039848171174526215,0.5,0.0,-3.1089587923320945,-0.1826032749132997,2.723093157366576,27.865523537400986
1773751948.0052736,1773751948005281175,Sr02_gB_IMG1_LID1_STA1_CFC64_OH0,0317_1352,B,0.503796398639679,0.05576768517494202,0.5,0.0,-3.155086929431611,-0.16332129768791412,2.7673994636822936,27.837503166210247
1773751948.12884,1773751948128848496,Sr02_gB_IMG1_LID1_STA1_CFC64_OH0,0317_1352,B,0.5037175416946411,-0.0022667681332677603,0.5,0.0,-3.225729033081472,-0.13867901012963751,2.8477294030914004,27.799504665529895
1773751948.2467272,1773751948246735015,Sr02_gB_IMG1_LID1_STA1_CFC64_OH0,0317_1352,B,0.49662721157073975,0.001839431468397379,0.5,0.0,-3.2731588033390464,-0.1253250679453685,2.882007047940478,27.777207061930707
1773751948.3684514,1773751948368459091,Sr02_gB_IMG1_LID1_STA1_CFC64_OH0,0317_1352,B,0.5084537863731384,0.0003482862375676632,0.5,0.0,-3.320775996215963,-0.11296056756932427,2.8900782630317052,27.75591423200657
1773751948.4910293,1773751948491044881,Sr02_gB_IMG1_LID1_STA1_CFC64_OH0,0317_1352,B,0.5084474086761475,0.002992160152643919,0.5,0.0,-3.3934501325439874,-0.0944277894699844,2.893552227948121,27.723885556414857
1773751948.6129014,1773751948612907518,Sr02_gB_IMG1_LID1_STA1_CFC64_OH0,0317_1352,B,0.49188265204429626,0.05215911567211151,0.5,0.0,-3.441940250215055,-0.08223331705408898,2.897174209701747,27.702775567077687
1773751948.7333825,1773751948733391024,Sr02_gB_IMG1_LID1_STA1_CFC64_OH0,0317_1352,B,0.5043771266937256,-0.0003775875084102154,0.5,0.0,-3.514780873695099,-0.06436684169091215,2.905220946854732,27.67164814581375
1773751948.855844,1773751948855853532,Sr02_gB_IMG1_LID1_STA1_CFC64_OH0,0317_1352,B,0.5025704503059387,0.0021073417738080025,0.5,0.0,-3.5633802883627235,-0.052663843633874025,2.905182419703848,27.651187375759104
1773751948.9748669,1773751948974875031,Sr02_gB_IMG1_LID1_STA1_CFC64_OH0,0317_1352,B,0.5017894506454468,-0.0040637776255607605,0.5,0.0,-3.636294600325586,-0.03509960792315896,2.905305323241159,27.620625106490653
1773751949.090517,1773751949090524031,Sr02_gB_IMG1_LID1_STA1_CFC64_OH0,0317_1352,B,0.5050951242446899,-0.0007663306314498186,0.5,0.0,-3.6849054905505394,-0.023395718219270795,2.905340151896397,27.60034995032246
1773751949.2099404,1773751949209948511,Sr02_gB_IMG1_LID1_STA1_CFC64_OH0,0317_1352,B,0.5088075995445251,0.002252762671560049,0.5,0.0,-3.7335177780872173,-0.011697634279754072,2.905586488007431,27.580155998914982
1773751949.3335114,1773751949333520310,Sr02_gB_IMG1_LID1_STA1_CFC64_OH0,0317_1352,B,0.5051956176757812,-0.011608118191361427,0.5,0.0,-3.80645902624607,0.005705814281660738,2.91083540367635,27.55014491285034
1773751949.4575818,1773751949457589157,Sr02_gB_IMG1_LID1_STA1_CFC64_OH0,0317_1352,B,0.47879448533058167,-0.0056313807144761086,0.5,0.0,-3.8551238805225254,0.017133666715373114,2.91093187247724,27.530398128608127
1773751949.5796282,1773751949579635420,Sr02_gB_IMG1_LID1_STA1_CFC64_OH0,0317_1352,B,0.49295198917388916,-0.0032631210051476955,0.5,0.0,-3.928138959407196,0.03427418929338102,2.9110500057384714,27.50091992791687
1773751949.6982322,1773751949698240955,Sr02_gB_IMG1_LID1_STA1_CFC64_OH0,0317_1352,B,0.373893678188324,-0.04472280293703079,0.5,0.0,-3.9768137605037235,0.04570937126835186,2.9106436290066156,27.4813562177022
1773751949.819285,1773751949819292432,Sr02_gB_IMG1_LID1_STA1_CFC64_OH0,0317_1352,B,0.2955094873905182,-0.1154748946428299,0.5,0.0,-4.025485440216646,0.05715783297153352,2.9105340191296167,27.46185703897988
1773751949.9405885,1773751949940596506,Sr02_gB_IMG1_LID1_STA1_CFC64_OH0,0317_1352,B,0.47472718358039856,-0.07347352802753448,0.5,0.0,-4.098493014491231,0.0743302922674161,2.9107209762491797,27.432753377133828
1773751950.0588787,1773751950058886736,Sr02_gB_IMG1_LID1_STA1_CFC64_OH0,0317_1352,B,0.4821997582912445,0.0007774066179990768,0.5,0.0,-4.147159725107061,0.0857998467468521,2.9095601769349697,27.413427624349094
1773751950.1830828,1773751950183091168,Sr02_gB_IMG1_LID1_STA1_CFC64_OH0,0317_1352,B,0.4503510594367981,0.011601323261857033,0.5,0.0,-4.220139714843418,0.1030891488241675,2.908536164804962,27.384503977626476
1773751950.3000712,1773751950300079975,Sr02_gB_IMG1_LID1_STA1_CFC64_OH0,0317_1352,B,0.4989853799343109,-0.0016789280343800783,0.5,0.0,-4.2687858186788885,0.11464580238456547,2.9081861688676196,27.365289850151495
1773751950.421119,1773751950421126483,Sr02_gB_IMG1_LID1_STA1_CFC64_OH0,0317_1352,B,0.47271889448165894,0.0249444879591465,0.5,0.0,-4.317398135964372,0.12629580686147057,2.904168341760399,27.346066802530082
1773751950.5435007,1773751950543507016,Sr02_gB_IMG1_LID1_STA1_CFC64_OH0,0317_1352,B,0.49494093656539917,-0.0004110611043870449,0.5,0.0,-4.390159629945688,0.14432208153255985,2.891218718278534,27.31685823240348
1773751950.6626914,1773751950662699708,Sr02_gB_IMG1_LID1_STA1_CFC64_OH0,0317_1352,B,0.49244630336761475,-0.003593623172491789,0.5,0.0,-4.438554672423913,0.15688823773922517,2.883871367397406,27.296958066491015
1773751950.78448,1773751950784487764,Sr02_gB_IMG1_LID1_STA1_CFC64_OH0,0317_1352,B,0.48110848665237427,0.028817588463425636,0.5,0.0,-4.511004637610756,0.176159997230752,2.8813460158503004,27.2668564192682
1773751950.898654,1773751950898663416,Sr02_gB_IMG1_LID1_STA1_CFC64_OH0,0317_1352,B,0.46658822894096375,-0.013620097190141678,0.5,0.0,-4.559327093650681,0.1890028808120414,2.8823978990071644,27.2468863128402
1773751951.0195057,1773751951019512011,Sr02_gB_IMG1_LID1_STA1_CFC64_OH0,0317_1352,B,0.4924240708351135,-0.0033742953091859818,0.5,0.0,-4.607657465491686,0.201815953665688,2.88236281893596,27.227021690322868
1773751951.142278,1773751951142285545,Sr02_gB_IMG1_LID1_STA1_CFC64_OH0,0317_1352,B,0.5009583234786987,-0.000916183227673173,0.5,0.0,-4.680169698516096,0.2209724353276395,2.8850395307399226,27.197429933082624
1773751951.2624023,1773751951262412168,Sr02_gB_IMG1_LID1_STA1_CFC64_OH0,0317_1352,B,0.4979133605957031,0.0006905109621584415,0.5,0.0,-4.728541145624523,0.2336295552311428,2.885759109324062,27.177907552818358
1773751951.391316,1773751951391323826,Sr02_gB_IMG1_LID1_STA1_CFC64_OH0,0317_1352,B,0.49956461787223816,0.0010629198513925076,0.5,0.0,-4.801096607359715,0.25262176797825703,2.8853155458735333,27.148764094868515
1773751951.509616,1773751951509622773,Sr02_gB_IMG1_LID1_STA1_CFC64_OH0,0317_1352,B,0.5054042339324951,-0.0006015594117343426,0.5,0.0,-4.849477934665433,0.26524100812870516,2.887873163619433,27.12947320123746
1773751951.6257117,1773751951625719097,Sr02_gB_IMG1_LID1_STA1_CFC64_OH0,0317_1352,B,0.5070549845695496,-0.0019398222211748362,0.5,0.0,-4.922055154685872,0.28410513585675823,2.8863972030003837,27.100747484384613
1773751951.7450464,1773751951745053576,Sr02_gB_IMG1_LID1_STA1_CFC64_OH0,0317_1352,B,0.4992189109325409,-0.004243357572704554,0.5,0.0,-4.970433719992182,0.29673502414648306,2.8860597718385606,27.08164297465009
1773751951.8682895,1773751951868299071,Sr02_gB_IMG1_LID1_STA1_CFC64_OH0,0317_1352,B,0.5054084062576294,5.285022780299187e-05,0.5,0.0,-5.0188087825332515,0.3093783228597696,2.885894408543098,27.06260453524272
1773751951.9904852,1773751951990494795,Sr02_gB_IMG1_LID1_STA1_CFC64_OH0,0317_1352,B,0.5000942945480347,-0.001752456184476614,0.5,0.0,-5.091370457178391,0.32834678764078873,2.885949783041467,27.034191763146982
1773751952.112041,1773751952112048890,Sr02_gB_IMG1_LID1_STA1_CFC64_OH0,0317_1352,B,0.49945268034935,0.0004009935073554516,0.5,0.0,-5.1397461279691,0.34098775897355743,2.8860523504849898,27.015353463268607
1773751952.2314427,1773751952231450516,Sr02_gB_IMG1_LID1_STA1_CFC64_OH0,0317_1352,B,0.49774858355522156,0.0034824847243726254,0.5,0.0,-5.212310868400869,0.35994449209576906,2.88601531518883,26.987249579805024
1773751952.3556056,1773751952355613100,Sr02_gB_IMG1_LID1_STA1_CFC64_OH0,0317_1352,B,0.49974027276039124,0.0024792212061583996,0.5,0.0,-5.260685514221685,0.3725893850115763,2.885821333569096,26.96860647880593
1773751952.4748514,1773751952474859193,Sr02_gB_IMG1_LID1_STA1_CFC64_OH0,0317_1352,B,0.49979835748672485,0.0032736570574343204,0.5,0.0,-5.309056773102977,0.3852472269938732,2.8854430709001435,26.950030813941133
1773751952.5938966,1773751952593908695,Sr02_gB_IMG1_LID1_STA1_CFC64_OH0,0317_1352,B,0.4981490969657898,0.0002476801164448261,0.5,0.0,-5.381607590081581,0.4042571780122449,2.8853221091107355,26.92229511430469
1773751952.71936,1773751952719367292,Sr02_gB_IMG1_LID1_STA1_CFC64_OH0,0317_1352,B,0.49455955624580383,0.0007279315032064915,0.5,0.0,-5.429973794989685,0.4169343188456582,2.8851649181949206,26.903901224319853
1773751952.8415043,1773751952841512932,Sr02_gB_IMG1_LID1_STA1_CFC64_OH0,0317_1352,B,0.49520567059516907,0.0009572841227054596,0.5,0.0,-5.502520624597252,0.4359594811050959,2.88516974078835,26.87645209794184
1773751952.9721045,1773751952972112413,Sr02_gB_IMG1_LID1_STA1_CFC64_OH0,0317_1352,B,0.4961486756801605,0.0011623399332165718,0.5,0.0,-5.550887998278538,0.44863216120504923,2.885517988034708,26.858263812998203
1773751953.099546,1773751953099556344,Sr02_gB_IMG1_LID1_STA1_CFC64_OH0,0317_1352,B,0.495219886302948,0.0004035383462905884,0.5,0.0,-5.623446299224999,0.46761352518455856,2.8859337690544047,26.83115963961105
1773751953.2220275,1773751953222035824,Sr02_gB_IMG1_LID1_STA1_CFC64_OH0,0317_1352,B,0.4997040629386902,-0.0007897405885159969,0.5,0.0,-5.671823209173103,0.4802497526494484,2.886261134211597,26.8132089003666
1773751953.3469555,1773751953346962668,Sr02_gB_IMG1_LID1_STA1_CFC64_OH0,0317_1352,B,0.49500706791877747,-0.007050718180835247,0.5,0.0,-5.744392584884953,0.499188733469061,2.8863333504445348,26.786450069020542
1773751953.4693284,1773751953469335857,Sr02_gB_IMG1_LID1_STA1_CFC64_OH0,0317_1352,B,0.49369290471076965,-0.009325914084911346,0.5,0.0,-5.792772935476748,0.5118117821691694,2.8864084367692873,26.768715568907517
1773751953.5949311,1773751953594939248,Sr02_gB_IMG1_LID1_STA1_CFC64_OH0,0317_1352,B,0.49490928649902344,0.0021186890080571175,0.5,0.0,-5.8653455623510435,0.5307383007396085,2.886558180614703,26.74227484507871
1773751953.7174127,1773751953717420961,Sr02_gB_IMG1_LID1_STA1_CFC64_OH0,0317_1352,B,0.49829408526420593,-0.0007675469387322664,0.5,0.0,-5.913729022230939,0.5433494263933779,2.886674414414529,26.72475644075947
1773751953.8400867,1773751953840094146,Sr02_gB_IMG1_LID1_STA1_CFC64_OH0,0317_1352,B,0.5027955174446106,-0.003289357991889119,0.5,0.0,-5.986306014891035,0.5622591969237103,2.886730601540611,26.6986395575045
1773751953.9627485,1773751953962756942,Sr02_gB_IMG1_LID1_STA1_CFC64_OH0,0317_1352,B,0.5053159594535828,0.00034904060885310173,0.5,0.0,-6.0346904181801255,0.5748667026263737,2.886651627865149,26.681330260781717
1773751954.0857036,1773751954085717649,Sr02_gB_IMG1_LID1_STA1_CFC64_OH0,0317_1352,B,0.5036635994911194,-0.0008857017382979393,0.5,0.0,-6.107258346271737,0.5938112158291461,2.8856509919436975,26.655488814940433
1773751954.205965,1773751954205973776,Sr02_gB_IMG1_LID1_STA1_CFC64_OH0,0317_1352,B,0.4952077567577362,-0.0039255209267139435,0.5,0.0,-6.155623700757849,0.6064915938678365,2.8847184020981067,26.63831532374841
1773751954.3268566,1773751954326864320,Sr02_gB_IMG1_LID1_STA1_CFC64_OH0,0317_1352,B,0.49702051281929016,-0.0020332399290055037,0.5,0.0,-6.20398448415631,0.619189400876684,2.884930261894984,26.6212077259379
1773751954.4452019,1773751954445209263,Sr02_gB_IMG1_LID1_STA1_CFC64_OH0,0317_1352,B,0.5004156827926636,-0.0020113419741392136,0.5,0.0,-6.276528469572988,0.6382254052564069,2.8849053648232035,26.59571236100483
1773751954.5624633,1773751954562474270,Sr02_gB_IMG1_LID1_STA1_CFC64_OH0,0317_1352,B,0.49719110131263733,0.0874018594622612,0.5,0.0,-6.3248881932874665,0.6509272469618298,2.884576430099271,26.5788085648816
1773751954.6820357,1773751954682049664,Sr02_gB_IMG1_LID1_STA1_CFC64_OH0,0317_1352,B,0.5037223696708679,-0.0001456262543797493,0.5,0.0,-6.3974238487969,0.6699949674777764,2.884556015467865,26.553594651273485
1773751954.7987146,1773751954798722905,Sr02_gB_IMG1_LID1_STA1_CFC64_OH0,0317_1352,B,0.5069226622581482,-0.002165162470191717,0.5,0.0,-6.445780660608739,0.6827078913249707,2.884467446383723,26.536888744671607
1773751954.9151516,1773751954915164019,Sr02_gB_IMG1_LID1_STA1_CFC64_OH0,0317_1352,B,0.500109076499939,-0.0032421108335256577,0.5,0.0,-6.494134412524376,0.6954324473704756,2.884074897259172,26.520255235384948
1773751955.0353603,1773751955035368799,Sr02_gB_IMG1_LID1_STA1_CFC64_OH0,0317_1352,B,0.49240240454673767,-2.7626752853393555e-05,0.5,0.0,-6.566657125272678,0.7145493342063197,2.883694219204571,26.495432967619603
1773751955.1553948,1773751955155403790,Sr02_gB_IMG1_LID1_STA1_CFC64_OH0,0317_1352,B,0.4953501522541046,-0.002920034108683467,0.5,0.0,-6.615002240143508,0.727306667104169,2.883492647360991,26.478977432341342
1773751955.2758675,1773751955275875073,Sr02_gB_IMG1_LID1_STA1_CFC64_OH0,0317_1352,B,0.5008262395858765,0.0020880787633359432,0.5,0.0,-6.663334000988577,0.739952481188536,2.8896404223152277,26.46271834175465
1773751955.3926585,1773751955392666106,Sr02_gB_IMG1_LID1_STA1_CFC64_OH0,0317_1352,B,0.5010450482368469,0.0009692092426121235,0.5,0.0,-6.736009392139407,0.7583475651378246,2.8946625234234813,26.43904732784606
1773751955.5182703,1773751955518279014,Sr02_gB_IMG1_LID1_STA1_CFC64_OH0,0317_1352,B,0.499483197927475,0.0012780847027897835,0.5,0.0,-6.784491433283758,0.770574231065257,2.8944460090767747,26.423407438414646
1773751955.6368144,1773751955636822432,Sr02_gB_IMG1_LID1_STA1_CFC64_OH0,0317_1352,B,0.4967455565929413,0.008643848821520805,0.5,0.0,-6.857208809431841,0.7889367582247403,2.8940670592427185,26.400085694827563
1773751955.7602184,1773751955760226385,Sr02_gB_IMG1_LID1_STA1_CFC64_OH0,0317_1352,B,0.49573343992233276,0.012482285499572754,0.5,0.0,-6.905684871068124,0.8011871105152153,2.894064296381287,26.3846363485276
1773751955.8835187,1773751955883527073,Sr02_gB_IMG1_LID1_STA1_CFC64_OH0,0317_1352,B,0.5033431649208069,0.010925836861133575,0.5,0.0,-6.954159764663665,0.8134420833553545,2.893830143713708,26.36926822160194
1773751956.0100236,1773751956010031412,Sr02_gB_IMG1_LID1_STA1_CFC64_OH0,0317_1352,B,0.5047098994255066,0.0034227841533720493,0.5,0.0,-7.026868569160044,0.8318385236996155,2.893892945949758,26.346363402934305
1773751956.131435,1773751956131444411,Sr02_gB_IMG1_LID1_STA1_CFC64_OH0,0317_1352,B,0.5031760334968567,0.0020856112241744995,0.5,0.0,-7.075343108043849,0.8440949000409016,2.893989867571645,26.33120891990027
1773751956.2561662,1773751956256174013,Sr02_gB_IMG1_LID1_STA1_CFC64_OH0,0317_1352,B,0.4975169003009796,-0.0006751148030161858,0.5,0.0,-7.148057595849059,0.8624688631209086,2.8943196233205373,26.30864943431376
1773751956.3800082,1773751956380016503,Sr02_gB_IMG1_LID1_STA1_CFC64_OH0,0317_1352,B,0.4999336898326874,-0.0017161322757601738,0.5,0.0,-7.196542049983227,0.8746859509342035,2.8951840063520224,26.29374960088881
1773751956.501376,1773751956501384386,Sr02_gB_IMG1_LID1_STA1_CFC64_OH0,0317_1352,B,0.49699580669403076,0.000607919879257679,0.5,0.0,-7.269292424984199,0.8929172599497753,2.8969795745694173,26.27165539189725
1773751956.6297648,1773751956629771776,Sr02_gB_IMG1_LID1_STA1_CFC64_OH0,0317_1352,B,0.4973090589046478,0.000594134908169508,0.5,0.0,-7.317810582455314,0.9049998023087726,2.898072157659515,26.257105279310277
1773751956.7583323,1773751956758342501,Sr02_gB_IMG1_LID1_STA1_CFC64_OH0,0317_1352,B,0.4994328022003174,-0.00028444547206163406,0.5,0.0,-7.390605977115396,0.9230505533132686,2.898783928926258,26.23551576778957
1773751956.878512,1773751956878518658,Sr02_gB_IMG1_LID1_STA1_CFC64_OH0,0317_1352,B,0.49865078926086426,-0.00020034890621900558,0.5,0.0,-7.439140552448387,0.9350669866945804,2.8989924897868744,26.221249248310485
1773751957.0040307,1773751957004046916,Sr02_gB_IMG1_LID1_STA1_CFC64_OH0,0317_1352,B,0.5019471049308777,0.0005182637833058834,0.5,0.0,-7.511944311022786,0.953083979244886,2.8989464392748,26.200021384837843
1773751957.1249986,1773751957125004446,Sr02_gB_IMG1_LID1_STA1_CFC64_OH0,0317_1352,B,0.4988511800765991,0.0006489092484116554,0.5,0.0,-7.560478555001963,0.9651017510113404,2.898774827124498,26.18597288213527
1773751957.24828,1773751957248288182,Sr02_gB_IMG1_LID1_STA1_CFC64_OH0,0317_1352,B,0.4975012242794037,-0.0014445602428168058,0.5,0.0,-7.633279195717909,0.983131337646195,2.898865737489635,26.165062237757407
1773751957.371848,1773751957371855613,Sr02_gB_IMG1_LID1_STA1_CFC64_OH0,0317_1352,B,0.4970318377017975,7.186084985733032e-05,0.5,0.0,-7.681813858066564,0.9951474199092218,2.8989251508840943,26.15123562335437
1773751957.4965973,1773751957496605213,Sr02_gB_IMG1_LID1_STA1_CFC64_OH0,0317_1352,B,0.4996674954891205,0.0001615467481315136,0.5,0.0,-7.7546161555959765,1.0131703153635407,2.8988912705947905,26.130662588437882
1773751957.6217515,1773751957621759116,Sr02_gB_IMG1_LID1_STA1_CFC64_OH0,0317_1352,B,0.49851346015930176,0.00019974075257778168,0.5,0.0,-7.803150647426789,1.0251870863867583,2.898871235672585,26.11705638769347
1773751957.7468007,1773751957746809774,Sr02_gB_IMG1_LID1_STA1_CFC64_OH0,0317_1352,B,0.5001596808433533,0.0005213888362050056,0.5,0.0,-7.875952908320066,1.0432101297692726,2.8989515873758567,26.096815502592985
1773751957.8708773,1773751957870884842,Sr02_gB_IMG1_LID1_STA1_CFC64_OH0,0317_1352,B,0.4954570531845093,-0.0004357374273240566,0.5,0.0,-7.92448863496486,1.055221912367541,2.8990164781868146,26.083436215216093
1773751957.9954083,1773751957995415359,Sr02_gB_IMG1_LID1_STA1_CFC64_OH0,0317_1352,B,0.4975849688053131,0.001299469731748104,0.5,0.0,-7.997291367650982,1.073243049554166,2.8988813863584957,26.063530814898364
1773751958.116913,1773751958116922936,Sr02_gB_IMG1_LID1_STA1_CFC64_OH0,0317_1352,B,0.4995802640914917,0.0008565234020352364,0.5,0.0,-8.045825904258308,1.0852596397238283,2.898888572424755,26.05036957415872
1773751958.235026,1773751958235034229,Sr02_gB_IMG1_LID1_STA1_CFC64_OH0,0317_1352,B,0.5030456781387329,0.002865066286176443,0.5,0.0,-8.094360581099044,1.0972756634800007,2.8989047270045187,26.037298260334147
1773751958.3587818,1773751958358789123,Sr02_gB_IMG1_LID1_STA1_CFC64_OH0,0317_1352,B,0.5007607936859131,0.002522493712604046,0.5,0.0,-8.167162993351548,1.1152980955299645,2.8989335422209157,26.017860737840753
1773751958.4835906,1773751958483598546,Sr02_gB_IMG1_LID1_STA1_CFC64_OH0,0317_1352,B,0.5007457733154297,0.0023998813703656197,0.5,0.0,-8.21569838993315,1.1273112117411312,2.8989824642975583,26.005016318265454
1773751958.6016262,1773751958601635229,Sr02_gB_IMG1_LID1_STA1_CFC64_OH0,0317_1352,B,0.5008159875869751,-0.0012359118554741144,0.5,0.0,-8.288501529510384,1.145330705423624,2.8989266757697356,25.985918351623305
1773751958.7228327,1773751958722839974,Sr02_gB_IMG1_LID1_STA1_CFC64_OH0,0317_1352,B,0.49885228276252747,-0.002132096327841282,0.5,0.0,-8.337037347600127,1.1573421184078663,2.899056621202593,25.97330046668116
1773751958.8434978,1773751958843504993,Sr02_gB_IMG1_LID1_STA1_CFC64_OH0,0317_1352,B,0.5000821352005005,0.001146878581494093,0.5,0.0,-8.409843665727234,1.1753487648677574,2.899238557584036,25.954553192190314
1773751958.9633577,1773751958963367708,Sr02_gB_IMG1_LID1_STA1_CFC64_OH0,0317_1352,B,0.5009633302688599,-9.47900116443634e-05,0.5,0.0,-8.458384166394593,1.187341240043844,2.8995250636249144,25.942179878159298
1773751959.0887492,1773751959088757856,Sr02_gB_IMG1_LID1_STA1_CFC64_OH0,0317_1352,B,0.49890801310539246,-0.002279529580846429,0.5,0.0,-8.506927934829184,1.1993204810801044,2.89978073856587,25.929910291203196
1773751959.2100246,1773751959210032474,Sr02_gB_IMG1_LID1_STA1_CFC64_OH0,0317_1352,B,0.49687904119491577,0.0004475647583603859,0.5,0.0,-8.579749142030431,1.2172668179986166,2.9001092688968773,25.91169843296417
1773751959.3262866,1773751959326295291,Sr02_gB_IMG1_LID1_STA1_CFC64_OH0,0317_1352,B,0.5003765821456909,-0.0012849592603743076,0.5,0.0,-8.628297615032182,1.2292269789112775,2.8999856786880556,25.899674801145828
1773751959.4446929,1773751959444699165,Sr02_gB_IMG1_LID1_STA1_CFC64_OH0,0317_1352,B,0.4996536076068878,-0.0008404806721955538,0.5,0.0,-8.701116779589377,1.2471816027159714,2.8996927509379224,25.88179560149435
1773751959.5690663,1773751959569073147,Sr02_gB_IMG1_LID1_STA1_CFC64_OH0,0317_1352,B,0.4964897334575653,0.0010503674857318401,0.5,0.0,-8.749661320688546,1.2591577126916018,2.8997746464039786,25.86998369934845
1773751959.6939917,1773751959693999200,Sr02_gB_IMG1_LID1_STA1_CFC64_OH0,0317_1352,B,0.5008208751678467,0.0011924123391509056,0.5,0.0,-8.798206613346963,1.271130775945781,2.899777585034035,25.858266133960498
1773751959.8095357,1773751959809544174,Sr02_gB_IMG1_LID1_STA1_CFC64_OH0,0317_1352,B,0.5009483098983765,0.00015277788043022156,0.5,0.0,-8.871022767537308,1.2890976047210718,2.899523047267765,25.840853972959312
1773751959.9327576,1773751959932768798,Sr02_gB_IMG1_LID1_STA1_CFC64_OH0,0317_1352,B,0.5007296800613403,-0.0006043033208698034,0.5,0.0,-8.919564396316295,1.301085513540673,2.8994859888875326,25.829350281784297
1773751960.0536664,1773751960053673348,Sr02_gB_IMG1_LID1_STA1_CFC64_OH0,0317_1352,B,0.5001445412635803,0.0003134654834866524,0.5,0.0,-8.992376129295849,1.3190702518995536,2.899345222274737,25.812263847872224
1773751960.1750505,1773751960175059286,Sr02_gB_IMG1_LID1_STA1_CFC64_OH0,0317_1352,B,0.5017825961112976,-0.0009617323521524668,0.5,0.0,-9.040915636550892,1.3310667479273186,2.8992567292262637,25.800981029895965
1773751960.2932973,1773751960293305473,Sr02_gB_IMG1_LID1_STA1_CFC64_OH0,0317_1352,B,0.5012181997299194,-0.0012689968571066856,0.5,0.0,-9.113725226657936,1.3490601596111977,2.8993967945616723,25.784230681608904
1773751960.4135275,1773751960413535601,Sr02_gB_IMG1_LID1_STA1_CFC64_OH0,0317_1352,B,0.49350762367248535,-0.0010864832438528538,0.5,0.0,-9.162266622020258,1.3610490134481754,2.8995160355702994,25.77318577163927
1773751960.5323017,1773751960532310865,Sr02_gB_IMG1_LID1_STA1_CFC64_OH0,0317_1352,B,0.5026937127113342,-0.0019742967560887337,0.5,0.0,-9.210809141394463,1.3730333154864727,2.8995625031115284,25.762237743540975
1773751960.6499538,1773751960649961870,Sr02_gB_IMG1_LID1_STA1_CFC64_OH0,0317_1352,B,0.5004988312721252,-0.00440738070756197,0.5,0.0,-9.283622694589141,1.3910106833390206,2.8994945707399675,25.745988119996465
1773751960.7779493,1773751960777956028,Sr02_gB_IMG1_LID1_STA1_CFC64_OH0,0317_1352,B,0.5012217164039612,-0.0036785572301596403,0.5,0.0,-9.33216463074194,1.4029973474890725,2.899516738861742,25.7352690031398
1773751960.8966916,1773751960896699183,Sr02_gB_IMG1_LID1_STA1_CFC64_OH0,0317_1352,B,0.4961172044277191,-0.0011779116466641426,0.5,0.0,-9.404976731308022,1.4209805977077996,2.899382159707776,25.719360931144188
1773751961.0190506,1773751961019058946,Sr02_gB_IMG1_LID1_STA1_CFC64_OH0,0317_1352,B,0.5017374157905579,0.00038359127938747406,0.5,0.0,-9.453516475281004,1.432976135824235,2.8992552602950785,25.708864880975735
1773751961.1424534,1773751961142460835,Sr02_gB_IMG1_LID1_STA1_CFC64_OH0,0317_1352,B,0.5011367797851562,-0.0010303535964339972,0.5,0.0,-9.502054766736153,1.4449775500345081,2.899142961742445,25.698455904523023
1773751961.2660496,1773751961266060808,Sr02_gB_IMG1_LID1_STA1_CFC64_OH0,0317_1352,B,0.48728036880493164,-0.005412481725215912,0.5,0.0,-9.57485885065852,1.4629932268635237,2.8988645746339543,25.683003375290053
1773751961.3849232,1773751961384933075,Sr02_gB_IMG1_LID1_STA1_CFC64_OH0,0317_1352,B,0.4863349497318268,-0.005414858926087618,0.5,0.0,-9.623390770232149,1.475020380567615,2.898448169945559,25.672801397325948
1773751961.503414,1773751961503421148,Sr02_gB_IMG1_LID1_STA1_CFC64_OH0,0317_1352,B,0.49023154377937317,-0.0055555496364831924,0.5,0.0,-9.696179267644844,1.4930989253275067,2.897892238848615,25.65763534990133
1773751961.6246123,1773751961624619993,Sr02_gB_IMG1_LID1_STA1_CFC64_OH0,0317_1352,B,0.48893263936042786,-0.004817942623049021,0.5,0.0,-9.74470114030348,1.5051665495267812,2.8977744473438602,25.647626102722985
1773751961.7499394,1773751961749949547,Sr02_gB_IMG1_LID1_STA1_CFC64_OH0,0317_1352,B,0.48972752690315247,-0.0018779064994305372,0.5,0.0,-9.793222194404557,1.5172374646455369,2.897781575206797,25.637707136125947
1773751961.862377,1773751961862384736,Sr02_gB_IMG1_LID1_STA1_CFC64_OH0,0317_1352,B,0.4970166087150574,0.0009663514792919159,0.5,0.0,-9.866003895929813,1.5353433533470544,2.897711860055804,25.623004917546872
1773751961.9889102,1773751961988917509,Sr02_gB_IMG1_LID1_STA1_CFC64_OH0,0317_1352,B,0.49732521176338196,0.0017039352096617222,0.5,0.0,-9.914521535685697,1.5474279823056478,2.897214437331341,25.613306563922116
1773751962.1151836,1773751962115192555,Sr02_gB_IMG1_LID1_STA1_CFC64_OH0,0317_1352,B,0.49816352128982544,0.0013002199120819569,0.5,0.0,-9.987285750806288,1.5656040097924315,2.896400898083502,25.598885596592705
1773751962.2384317,1773751962238440213,Sr02_gB_IMG1_LID1_STA1_CFC64_OH0,0317_1352,B,0.49878230690956116,-0.0005231290124356747,0.5,0.0,-10.035786913605486,1.5777545993180406,2.8958453440584795,25.58935558215604
1773751962.361044,1773751962361052603,Sr02_gB_IMG1_LID1_STA1_CFC64_OH0,0317_1352,B,0.4975060224533081,0.0013106758706271648,0.5,0.0,-10.108526742107998,1.5960279785255158,2.895107901166483,25.57518908394614
1773751962.4851055,1773751962485113735,Sr02_gB_IMG1_LID1_STA1_CFC64_OH0,0317_1352,B,0.500127375125885,0.00022948067635297775,0.5,0.0,-10.157014399203694,1.6082323541765788,2.894920108573971,25.565840210062458
1773751962.6074903,1773751962607499879,Sr02_gB_IMG1_LID1_STA1_CFC64_OH0,0317_1352,B,0.5003480315208435,0.00018871016800403595,0.5,0.0,-10.229745497225442,1.6265404577727895,2.895072434300323,25.55199237453049
1773751962.7305386,1773751962730546638,Sr02_gB_IMG1_LID1_STA1_CFC64_OH0,0317_1352,B,0.4980010390281677,0.0009347428567707539,0.5,0.0,-10.278234906709448,1.6387378691725205,2.895242827385461,25.54288676054531
1773751962.85354,1773751962853547761,Sr02_gB_IMG1_LID1_STA1_CFC64_OH0,0317_1352,B,0.49951502680778503,0.0003502299077808857,0.5,0.0,-10.350972400435088,1.6570205461960261,2.895391235641797,25.529419499045677
1773751962.975491,1773751962975499655,Sr02_gB_IMG1_LID1_STA1_CFC64_OH0,0317_1352,B,0.49952808022499084,0.000376818235963583,0.5,0.0,-10.399464339264142,1.6692078982925287,2.8953389228562245,25.520560942798905
1773751963.0999236,1773751963099932348,Sr02_gB_IMG1_LID1_STA1_CFC64_OH0,0317_1352,B,0.4990665316581726,0.0013743028976023197,0.5,0.0,-10.447956757914758,1.6813933409532977,2.895469988825685,25.51179924327367
1773751963.2219698,1773751963221977518,Sr02_gB_IMG1_LID1_STA1_CFC64_OH0,0317_1352,B,0.4991220235824585,-0.0005762083455920219,0.5,0.0,-10.520697582673781,1.699662760698488,2.8955472517532987,25.498843764178822
1773751963.3494112,1773751963349419305,Sr02_gB_IMG1_LID1_STA1_CFC64_OH0,0317_1352,B,0.4990202486515045,-0.0007736231200397015,0.5,0.0,-10.569191855809958,1.711840821128964,2.8955661227479217,25.49032729359414
1773751963.473216,1773751963473225245,Sr02_gB_IMG1_LID1_STA1_CFC64_OH0,0317_1352,B,0.4990726411342621,-0.0007638982497155666,0.5,0.0,-10.641934463893186,1.73010313881522,2.895691412746872,25.477736087184073
1773751963.6003144,1773751963600324356,Sr02_gB_IMG1_LID1_STA1_CFC64_OH0,0317_1352,B,0.4972750246524811,-0.0011859668884426355,0.5,0.0,-10.690430590422439,1.7422738164640617,2.895726436127635,25.469465459785614
1773751963.7262785,1773751963726286853,Sr02_gB_IMG1_LID1_STA1_CFC64_OH0,0317_1352,B,0.49846577644348145,0.001203916035592556,0.5,0.0,-10.763175623209985,1.7605264735155763,2.895801844175344,25.457242031568274
1773751963.8488116,1773751963848819222,Sr02_gB_IMG1_LID1_STA1_CFC64_OH0,0317_1352,B,0.5014698505401611,-0.000800066627562046,0.5,0.0,-10.811673716271624,1.772689312347657,2.8959392741811585,25.449218310316887
1773751963.9659364,1773751963965945838,Sr02_gB_IMG1_LID1_STA1_CFC64_OH0,0317_1352,B,0.501505970954895,-0.000794196967035532,0.5,0.0,-10.884421985269308,1.790929066783553,2.895891854724277,25.437366845702016
1773751964.088578,1773751964088585209,Sr02_gB_IMG1_LID1_STA1_CFC64_OH0,0317_1352,B,0.4372367262840271,0.0013182861730456352,0.5,0.0,-10.932919866894002,1.803092748778315,2.8958144926898677,25.429581772327108
1773751964.212427,1773751964212433429,Sr02_gB_IMG1_LID1_STA1_CFC64_OH0,0317_1352,B,0.5027050375938416,-0.0007109350990504026,0.5,0.0,-11.005664927617248,1.8213452943736506,2.8956914670713445,25.41807695186095
1773751964.334297,1773751964334304611,Sr02_gB_IMG1_LID1_STA1_CFC64_OH0,0317_1352,B,0.5008479356765747,0.0005225301720201969,0.5,0.0,-11.054160119807944,1.8335196943378334,2.8955728706015074,25.410521005572786
1773751964.4529426,1773751964452949099,Sr02_gB_IMG1_LID1_STA1_CFC64_OH0,0317_1352,B,0.5009037256240845,0.0005202018655836582,0.5,0.0,-11.126902659373965,1.8517822848283074,2.89570565830244,25.399366413850117
1773751964.570928,1773751964570935787,Sr02_gB_IMG1_LID1_STA1_CFC64_OH0,0317_1352,B,0.4999372065067291,-3.041652962565422e-05,0.5,0.0,-11.17539825924377,1.8639550608024167,2.8956256533039872,25.392052697573522
1773751964.6902065,1773751964690213980,Sr02_gB_IMG1_LID1_STA1_CFC64_OH0,0317_1352,B,0.49952995777130127,-0.0010679871775209904,0.5,0.0,-11.223892888631905,1.8761317024635735,2.895546233732697,25.38483141384074
1773751964.8127506,1773751964812758302,Sr02_gB_IMG1_LID1_STA1_CFC64_OH0,0317_1352,B,0.497550904750824,-0.000493981409817934,0.5,0.0,-11.296634871430113,1.8943965104805705,2.895680600328215,25.37418052822843
1773751964.9331465,1773751964933156006,Sr02_gB_IMG1_LID1_STA1_CFC64_OH0,0317_1352,B,0.4975716471672058,-0.0004961290396749973,0.5,0.0,-11.345130665142449,1.9065685141999487,2.8956500928463544,25.36720527480054
1773751965.0574348,1773751965057442052,Sr02_gB_IMG1_LID1_STA1_CFC64_OH0,0317_1352,B,0.4889107942581177,-0.02435898408293724,0.5,0.0,-11.41787407591912,1.924827634465052,2.8957038020350923,25.356922519696763
1773751965.1763868,1773751965176395132,Sr02_gB_IMG1_LID1_STA1_CFC64_OH0,0317_1352,B,0.49346667528152466,-0.16582898795604706,0.5,-0.5,-11.466370456649456,1.9369972991492093,2.8957558221383466,25.350191455160104
1773751965.29733,1773751965297337122,Sr02_gB_IMG1_LID1_STA1_CFC64_OH0,0317_1352,B,0.49346891045570374,-0.16576670110225677,0.5,-0.5,-11.514867135400744,1.9491657761735335,2.8957527809116894,25.343558461287827
1773751965.4194984,1773751965419507007,Sr02_gB_IMG1_LID1_STA1_CFC64_OH0,0317_1352,B,0.49094367027282715,-0.0060410150326788425,0.5,0.0,-11.587611174926778,1.9674223911457245,2.8956237109595486,25.33378675753712
1773751965.5455632,1773751965545570274,Sr02_gB_IMG1_LID1_STA1_CFC64_OH0,0317_1352,B,0.4864342510700226,-0.006787397898733616,0.5,0.0,-11.636105897046477,1.9795986635213363,2.895568572411848,25.327388264763737
1773751965.6716316,1773751965671638060,Sr02_gB_IMG1_LID1_STA1_CFC64_OH0,0317_1352,B,0.4987408518791199,-0.0018907019402831793,0.5,0.0,-11.708846844488342,1.9978675947843727,2.8954941746555134,25.31796801233604
1773751965.7934391,1773751965793446895,Sr02_gB_IMG1_LID1_STA1_CFC64_OH0,0317_1352,B,0.49873805046081543,-0.0018941632006317377,0.5,0.0,-11.757325472572742,2.0101077363487834,2.893058298491163,25.311747076474195
1773751965.913617,1773751965913624043,Sr02_gB_IMG1_LID1_STA1_CFC64_OH0,0317_1352,B,0.49902215600013733,-0.00011613266542553902,0.5,0.0,-11.82976940155374,2.0290121734028284,2.875170810447019,25.302023618365705
1773751966.032323,1773751966032330959,Sr02_gB_IMG1_LID1_STA1_CFC64_OH0,0317_1352,B,0.4985158145427704,0.0008604945614933968,0.5,0.0,-11.877894040453887,2.0425754162573058,2.858594167447289,25.294688029368334
1773751966.1582258,1773751966158233162,Sr02_gB_IMG1_LID1_STA1_CFC64_OH0,0317_1352,B,0.5109886527061462,-0.1604095846414566,0.5,-0.5,-11.92572808817978,2.0566960543887793,2.8533887438228085,25.286858725981503
1773751966.276529,1773751966276536737,Sr02_gB_IMG1_LID1_STA1_CFC64_OH0,0317_1352,B,0.5108985304832458,-0.16022254526615143,0.5,-0.5,-11.997624578197549,2.0780477182810726,2.8524079553789283,25.275144891411546
1773751966.3965795,1773751966396588929,Sr02_gB_IMG1_LID1_STA1_CFC64_OH0,0317_1352,B,0.5206881761550903,-0.032126449048519135,0.5,0.0,-12.045547061613194,2.0923107915428867,2.852218881747198,25.26742681179768
1773751966.5172107,1773751966517218721,Sr02_gB_IMG1_LID1_STA1_CFC64_OH0,0317_1352,B,0.5024316310882568,-1.605972647666931e-05,0.5,0.0,-12.117425724684178,2.113722401572916,2.851934861572097,25.256013334443487
1773751966.6318727,1773751966631881371,Sr02_gB_IMG1_LID1_STA1_CFC64_OH0,0317_1352,B,0.4989559054374695,-0.2309635579586029,0.5,-0.5,-12.165342481194239,2.1280047028176017,2.851905466687741,25.248517107323565
1773751966.7484074,1773751966748415319,Sr02_gB_IMG1_LID1_STA1_CFC64_OH0,0317_1352,B,0.4989181160926819,-0.23120230436325073,0.5,-0.5,-12.21325962401009,2.14228570789323,2.8519817489995276,25.241119036673393
1773751966.865439,1773751966865447767,Sr02_gB_IMG1_LID1_STA1_CFC64_OH0,0317_1352,B,0.48901721835136414,-0.4779658019542694,0.5,-0.5,-12.284902208234795,2.163894196475463,2.8396361536963948,25.229984936120815
1773751966.987612,1773751966987620078,Sr02_gB_IMG1_LID1_STA1_CFC64_OH0,0317_1352,B,0.46295055747032166,-0.5413403511047363,0.5,-0.5,-12.33251879524495,2.17914564907493,2.8236083141175183,25.221824878737102
1773751967.1086552,1773751967108662567,Sr02_gB_IMG1_LID1_STA1_CFC64_OH0,0317_1352,B,0.46240296959877014,-0.54140704870224,0.5,-0.5,-12.403518807395304,2.203076732571141,2.813215030658525,25.208660229407418
1773751967.2283182,1773751967228326918,Sr02_gB_IMG1_LID1_STA1_CFC64_OH0,0317_1352,B,0.46680817008018494,-0.4151817560195923,0.5,-0.5,-12.450842210728203,2.219216595401138,2.812892296749434,25.199818563229794
1773751967.347375,1773751967347382902,Sr02_gB_IMG1_LID1_STA1_CFC64_OH0,0317_1352,B,0.4904860556125641,-0.5112698674201965,0.5,-0.5,-12.497745465055752,2.2354291111988753,2.8006090553899394,25.190936860420667
1773751967.470205,1773751967470212702,Sr02_gB_IMG1_LID1_STA1_CFC64_OH0,0317_1352,B,0.4775063097476959,-0.4977929890155792,0.5,-0.5,-12.567965537663946,2.261725671155416,2.7656181180147064,25.175817250518023
1773751967.5873685,1773751967587376508,Sr02_gB_IMG1_LID1_STA1_CFC64_OH0,0317_1352,B,0.47610101103782654,-0.498712420463562,0.5,-0.5,-12.61368255047681,2.280724819362889,2.7262112627369586,25.164233679893893
1773751967.7052822,1773751967705290168,Sr02_gB_IMG1_LID1_STA1_CFC64_OH0,0317_1352,B,0.47014474868774414,-0.5462031364440918,0.5,-0.5,-12.658919350150873,2.302011448083123,2.676872357913824,25.150407388024338
1773751967.8245566,1773751967824564033,Sr02_gB_IMG1_LID1_STA1_CFC64_OH0,0317_1352,B,0.5152621865272522,-0.47022032737731934,0.5,-0.5,-12.724642634726983,2.338105945261292,2.60187243264624,25.12538428018492
1773751967.950184,1773751967950192800,Sr02_gB_IMG1_LID1_STA1_CFC64_OH0,0317_1352,B,0.5154128074645996,-0.46491748094558716,0.5,-0.5,-12.766961277958744,2.3647148610207567,2.5594798694361884,25.106055298170176
1773751968.0719213,1773751968071927876,Sr02_gB_IMG1_LID1_STA1_CFC64_OH0,0317_1352,B,0.5063650012016296,-0.43354326486587524,0.5,-0.5,-12.828102140562011,2.408023533467299,2.4884494597153335,25.073482551339787
1773751968.1897063,1773751968189714196,Sr02_gB_IMG1_LID1_STA1_CFC64_OH0,0317_1352,B,0.5163922309875488,-0.5033746957778931,0.5,-0.5,-12.867038525115241,2.4393834019025227,2.438670210107849,25.049108617121387
1773751968.3164573,1773751968316466221,Sr02_gB_IMG1_LID1_STA1_CFC64_OH0,0317_1352,B,0.4912277162075043,-0.49544912576675415,0.5,-0.5,-12.922395442621292,2.4899599622058304,2.363865254444277,25.008683839495816
1773751968.4369931,1773751968437001695,Sr02_gB_IMG1_LID1_STA1_CFC64_OH0,0317_1352,B,0.49388065934181213,-0.49820053577423096,0.5,-0.5,-12.957129202530421,2.525918893297097,2.3138653043808075,24.979239785084967
1773751968.555016,1773751968555025763,Sr02_gB_IMG1_LID1_STA1_CFC64_OH0,0317_1352,B,0.44773098826408386,-0.5633570551872253,0.5,-0.5,-12.990068129468437,2.5635295901928417,2.2665455133839227,24.947921572712023
1773751968.6742241,1773751968674232431,Sr02_gB_IMG1_LID1_STA1_CFC64_OH0,0317_1352,B,0.4308675229549408,-0.5101624727249146,0.5,-0.5,-13.036084421018108,2.6227344493951965,2.1969095801636143,24.89771427651414
1773751968.7955582,1773751968795566290,Sr02_gB_IMG1_LID1_STA1_CFC64_OH0,0317_1352,B,0.4354371726512909,-0.5094470977783203,0.5,-0.5,-13.064497102937795,2.663872358944165,2.153555291174675,24.862267382307742
1773751968.9145417,1773751968914549126,Sr02_gB_IMG1_LID1_STA1_CFC64_OH0,0317_1352,B,0.4879450798034668,-0.48202139139175415,0.5,-0.5,-13.10346152293349,2.727899457541254,2.080128230364532,24.806250566907046
1773751969.0316627,1773751969031672376,Sr02_gB_IMG1_LID1_STA1_CFC64_OH0,0317_1352,B,0.48702991008758545,-0.4078669846057892,0.5,-0.5,-13.126748154474493,2.772139945425451,2.0305378559826304,24.766944060784883
1773751969.1552033,1773751969155211042,Sr02_gB_IMG1_LID1_STA1_CFC64_OH0,0317_1352,B,0.5205585956573486,-0.5294739603996277,0.5,-0.5,-13.147810041088341,2.8174817543567245,1.9807453681378833,24.72618744758897
1773751969.277005,1773751969277010940,Sr02_gB_IMG1_LID1_STA1_CFC64_OH0,0317_1352,B,0.5275371074676514,-0.5353472232818604,0.5,-0.5,-13.175100334358124,2.8873216146193195,1.9058174226004139,24.662528448815934
1773751969.3996165,1773751969399625684,Sr02_gB_IMG1_LID1_STA1_CFC64_OH0,0317_1352,B,0.4974379241466522,-0.43738222122192383,0.5,-0.5,-13.19035268172962,2.934933007187611,1.85581747240793,24.61854715999063
1773751969.5226605,1773751969522668506,Sr02_gB_IMG1_LID1_STA1_CFC64_OH0,0317_1352,B,0.5173224210739136,-0.483549028635025,0.5,-0.5,-13.208723482249672,3.0076301635987552,1.78081754711918,24.550521090729738
1773751969.643748,1773751969643755249,Sr02_gB_IMG1_LID1_STA1_CFC64_OH0,0317_1352,B,0.49896663427352905,-0.45734646916389465,0.5,-0.5,-13.217956739118067,3.0567652993075645,1.7324356623030097,24.503970877835734
1773751969.7656171,1773751969765625670,Sr02_gB_IMG1_LID1_STA1_CFC64_OH0,0317_1352,B,0.5036642551422119,-0.37886086106300354,0.5,-0.5,-13.227699546596103,3.1310991837896873,1.6700848137068833,24.43277929119891
1773751969.884492,1773751969884500572,Sr02_gB_IMG1_LID1_STA1_CFC64_OH0,0317_1352,B,0.5063891410827637,-0.05472613871097565,0.5,0.0,-13.231419411555276,3.1809107593790085,1.6203748014439372,24.384556777871396
1773751970.008789,1773751970008796166,Sr02_gB_IMG1_LID1_STA1_CFC64_OH0,0317_1352,B,0.5047742128372192,0.00488698435947299,0.5,0.0,-13.232648084707886,3.230890446902217,1.5703748512583786,24.335705672157523
1773751970.1316202,1773751970131628220,Sr02_gB_IMG1_LID1_STA1_CFC64_OH0,0317_1352,B,0.502483606338501,0.0029996181838214397,0.5,0.0,-13.230069511009297,3.305832453581763,1.5035151976100751,24.26162748331301
1773751970.3620296,1773751970362043695,Sr02_gB_IMG1_LID1_STA1_CFC64_OH0,0317_1352,B,0.49927255511283875,-0.011105427518486977,0.5,0.0,-13.225527576285867,3.3556104238368145,1.4556591659186568,24.211890137922065
1773751970.4847364,1773751970484744151,Sr02_gB_IMG1_LID1_STA1_CFC64_OH0,0317_1352,B,0.5024885535240173,-0.003305054735392332,0.5,0.0,-13.204220983440639,3.478693988347358,1.348814186182346,24.086999226085034
1773751970.6076088,1773751970607614667,Sr02_gB_IMG1_LID1_STA1_CFC64_OH0,0317_1352,B,0.49849650263786316,0.0009401640854775906,0.5,0.0,-13.19258452681605,3.5268999774328518,1.324078330959398,24.037461517474703
1773751970.7268047,1773751970726812328,Sr02_gB_IMG1_LID1_STA1_CFC64_OH0,0317_1352,B,0.5086816549301147,0.09608562290668488,0.5,0.0,-13.174106910372865,3.599463682475575,1.3212314896935304,23.962711586006957
1773751970.845363,1773751970845370614,Sr02_gB_IMG1_LID1_STA1_CFC64_OH0,0317_1352,B,0.42203253507614136,0.2452281415462494,0.5,0.5,-13.161765063062138,3.6479165303711447,1.3215314524652686,23.912798661172594
1773751970.9689815,1773751970968989581,Sr02_gB_IMG1_LID1_STA1_CFC64_OH0,0317_1352,B,0.5132444500923157,0.31493595242500305,0.5,0.5,-13.143279202963834,3.720602651310043,1.321840352018815,23.837928318693812
1773751971.0904791,1773751971090486368,Sr02_gB_IMG1_LID1_STA1_CFC64_OH0,0317_1352,B,0.5126191973686218,0.2705146372318268,0.5,0.5,-13.130932686055543,3.7690543070733353,1.3207298140883268,23.7880165948174
1773751971.2103276,1773751971210334666,Sr02_gB_IMG1_LID1_STA1_CFC64_OH0,0317_1352,B,0.5134254097938538,0.043341051787137985,0.5,0.0,-13.118544459535217,3.8174953174814674,1.3202432959862218,23.73810782360108
1773751971.335302,1773751971335310312,Sr02_gB_IMG1_LID1_STA1_CFC64_OH0,0317_1352,B,0.4951855540275574,-0.08158649504184723,0.5,0.0,-13.099948344115589,3.890153309273619,1.320299412882174,23.663246251961525
1773751971.458265,1773751971458271639,Sr02_gB_IMG1_LID1_STA1_CFC64_OH0,0317_1352,B,0.4951701760292053,-0.055836401879787445,0.5,0.0,-13.08775783612653,3.938590420357412,1.3289472241202696,23.613379537063295
1773751971.5751276,1773751971575136211,Sr02_gB_IMG1_LID1_STA1_CFC64_OH0,0317_1352,B,0.49020272493362427,0.08442085981369019,0.5,0.0,-13.070652657077709,4.011422756514019,1.356721882432833,23.538628894264885
1773751971.6984093,1773751971698416430,Sr02_gB_IMG1_LID1_STA1_CFC64_OH0,0317_1352,B,0.4974205493927002,-0.0020696327555924654,0.5,0.0,-13.06080122315759,4.060416195031946,1.3881000492572466,23.48865684303558
1773751971.828421,1773751971828427190,Sr02_gB_IMG1_LID1_STA1_CFC64_OH0,0317_1352,B,0.47688013315200806,0.00314609007909894,0.5,0.0,-13.04873634054231,4.1344341224143015,1.429565638390424,23.41369125572689
1773751971.956478,1773751971956487813,Sr02_gB_IMG1_LID1_STA1_CFC64_OH0,0317_1352,B,0.4891212284564972,-0.04477424919605255,0.5,0.0,-13.042084612806772,4.1837305777804845,1.4402482421025427,23.3640245231433
1773751972.0792217,1773751972079228836,Sr02_gB_IMG1_LID1_STA1_CFC64_OH0,0317_1352,B,0.49330928921699524,0.0032729902304708958,0.5,0.0,-13.032005928261418,4.257959893085379,1.4301422458014055,23.289226442345782
1773751972.2003894,1773751972200397944,Sr02_gB_IMG1_LID1_STA1_CFC64_OH0,0317_1352,B,0.5008734464645386,0.0014039939269423485,0.5,0.0,-13.024867407074344,4.307415284005419,1.4256177395880474,23.239312547343282
1773751972.3212647,1773751972321272337,Sr02_gB_IMG1_LID1_STA1_CFC64_OH0,0317_1352,B,0.49735796451568604,0.0023368652909994125,0.5,0.0,-13.014442168440565,4.381576465270903,1.4356417085424964,23.164517032430847
1773751972.440098,1773751972440106062,Sr02_gB_IMG1_LID1_STA1_CFC64_OH0,0317_1352,B,0.5004173517227173,0.0021570147946476936,0.5,0.0,-13.007699866280607,4.4311197900127945,1.4354347518532224,23.114592302963793
1773751972.5608184,1773751972560826243,Sr02_gB_IMG1_LID1_STA1_CFC64_OH0,0317_1352,B,0.501505434513092,0.00012077763676643372,0.5,0.0,-13.00096023054032,4.480663477527146,1.4357493563555166,23.06466804775642
1773751972.6779604,1773751972677967978,Sr02_gB_IMG1_LID1_STA1_CFC64_OH0,0317_1352,B,0.5016360878944397,-0.001549016684293747,0.5,0.0,-12.990716452126032,4.554949066776153,1.430573172082588,22.989786249582593
1773751972.8049357,1773751972804944356,Sr02_gB_IMG1_LID1_STA1_CFC64_OH0,0317_1352,B,0.5007676482200623,0.0006893300451338291,0.5,0.0,-12.983691710647003,4.604441825790708,1.4298479836487532,22.939858797168565
1773751972.923487,1773751972923495819,Sr02_gB_IMG1_LID1_STA1_CFC64_OH0,0317_1352,B,0.4999912977218628,0.000340036116540432,0.5,0.0,-12.973165962580689,4.678699538457897,1.4300959636864528,22.864952038649367
1773751973.0488715,1773751973048879694,Sr02_gB_IMG1_LID1_STA1_CFC64_OH0,0317_1352,B,0.4981711208820343,-0.0011719099711626768,0.5,0.0,-12.966159917922209,4.728206255273715,1.4303296491195083,22.815015103262837
1773751973.1670663,1773751973167074965,Sr02_gB_IMG1_LID1_STA1_CFC64_OH0,0317_1352,B,0.4952002167701721,0.0003870474174618721,0.5,0.0,-12.959164997285479,4.777714545070519,1.4305453503837993,22.765079011886076
1773751973.290414,1773751973290422862,Sr02_gB_IMG1_LID1_STA1_CFC64_OH0,0317_1352,B,0.49744805693626404,-0.007696469314396381,0.5,0.0,-12.948685381314446,4.851978782317619,1.4306245555726362,22.690176057989984
1773751973.4121451,1773751973412152347,Sr02_gB_IMG1_LID1_STA1_CFC64_OH0,0317_1352,B,0.4965360462665558,-0.008867470547556877,0.5,0.0,-12.941697375175012,4.901488048613466,1.4305030512670467,22.64024103014816
1773751973.5374825,1773751973537490636,Sr02_gB_IMG1_LID1_STA1_CFC64_OH0,0317_1352,B,0.47199374437332153,-0.04557507112622261,0.5,0.0,-12.93121059862149,4.975751275047736,1.4305616820305933,22.565338781549233
1773751973.662375,1773751973662382975,Sr02_gB_IMG1_LID1_STA1_CFC64_OH0,0317_1352,B,0.496503084897995,-0.020445246249437332,0.5,0.0,-12.924222667831833,5.02526055201701,1.430595685853914,22.51540447913825
1773751973.7863605,1773751973786369406,Sr02_gB_IMG1_LID1_STA1_CFC64_OH0,0317_1352,B,0.49459096789360046,-0.01808621548116207,0.5,0.0,-12.91373869305337,5.099524173998948,1.4304964371074693,22.440503466103696
1773751973.909045,1773751973909053120,Sr02_gB_IMG1_LID1_STA1_CFC64_OH0,0317_1352,B,0.4948155879974365,-0.006325783208012581,0.5,0.0,-12.906747648406927,5.149033011365853,1.4305351416934484,22.39056973556856
1773751974.0279005,1773751974027908616,Sr02_gB_IMG1_LID1_STA1_CFC64_OH0,0317_1352,B,0.49955692887306213,-0.03973373770713806,0.5,0.0,-12.896225456458053,5.223291224072661,1.4294615144051308,22.315667848780677
1773751974.1455393,1773751974145545865,Sr02_gB_IMG1_LID1_STA1_CFC64_OH0,0317_1352,B,0.49676722288131714,-0.006431073881685734,0.5,0.0,-12.88916027315174,5.272789534185175,1.4285747696967683,22.265731036819307
1773751974.2673488,1773751974267356492,Sr02_gB_IMG1_LID1_STA1_CFC64_OH0,0317_1352,B,0.4968813955783844,-0.0061396583914756775,0.5,0.0,-12.88196117606994,5.322265915152256,1.424026436187422,22.2157904513134
1773751974.390535,1773751974390543015,Sr02_gB_IMG1_LID1_STA1_CFC64_OH0,0317_1352,B,0.5032981038093567,0.0020486745052039623,0.5,0.0,-12.87082883579523,5.396435077000824,1.4202057415234333,22.14086082694836
1773751974.5134552,1773751974513462674,Sr02_gB_IMG1_LID1_STA1_CFC64_OH0,0317_1352,B,0.5051077008247375,0.0071334694512188435,0.5,0.0,-12.86328192586278,5.4458622268970185,1.4183735308592396,22.09090264088859
1773751974.6387215,1773751974638729529,Sr02_gB_IMG1_LID1_STA1_CFC64_OH0,0317_1352,B,0.5047191381454468,0.0926315113902092,0.5,0.0,-12.851822941209727,5.519981657322049,1.416836635278993,22.015960085696406
1773751974.757441,1773751974757448076,Sr02_gB_IMG1_LID1_STA1_CFC64_OH0,0317_1352,B,0.5030563473701477,0.09134262055158615,0.5,0.0,-12.844057194983563,5.569374871214858,1.4128632935707595,21.965993765992696
1773751974.873475,1773751974873483615,Sr02_gB_IMG1_LID1_STA1_CFC64_OH0,0317_1352,B,0.5026066899299622,-0.002943138126283884,0.5,0.0,-12.832159115056259,5.643425082281089,1.4109053583969922,21.89103565307409
1773751974.9906135,1773751974990621271,Sr02_gB_IMG1_LID1_STA1_CFC64_OH0,0317_1352,B,0.5050973296165466,-0.0004419870674610138,0.5,0.0,-12.82418343438956,5.692784864719434,1.4102913935447463,21.84106227009229
1773751975.1113744,1773751975111381098,Sr02_gB_IMG1_LID1_STA1_CFC64_OH0,0317_1352,B,0.5056107640266418,-0.0008176611736416817,0.5,0.0,-12.816193817538917,5.742142394016877,1.4104143711994899,21.79108854836676
1773751975.2303088,1773751975230317346,Sr02_gB_IMG1_LID1_STA1_CFC64_OH0,0317_1352,B,0.4925905168056488,0.0016999170184135437,0.5,0.0,-12.804240598449516,5.8161837302526695,1.4112301466446522,21.71612923098961
1773751975.3491254,1773751975349132726,Sr02_gB_IMG1_LID1_STA1_CFC64_OH0,0317_1352,B,0.4887630343437195,0.010041728615760803,0.5,0.0,-12.79649820867369,5.865545071580401,1.4197823258974671,21.6661995253697
1773751975.4663644,1773751975466371553,Sr02_gB_IMG1_LID1_STA1_CFC64_OH0,0317_1352,B,0.4918577969074249,0.048103488981723785,0.5,0.0,-12.789203661850362,5.915009925547417,1.4289552406599135,21.616254397648316
1773751975.592346,1773751975592354268,Sr02_gB_IMG1_LID1_STA1_CFC64_OH0,0317_1352,B,0.49545764923095703,0.041196517646312714,0.5,0.0,-12.778824700963847,5.989248197202101,1.4321655005274168,21.541405147357242
1773751975.7131627,1773751975713170531,Sr02_gB_IMG1_LID1_STA1_CFC64_OH0,0317_1352,B,0.506126880645752,0.23373694717884064,0.5,0.5,-12.771913069994474,6.0387681834678215,1.4320962885095003,21.49148026780817
1773751975.8355126,1773751975835520556,Sr02_gB_IMG1_LID1_STA1_CFC64_OH0,0317_1352,B,0.49602967500686646,0.1460263431072235,0.5,0.0,-12.761540363652346,6.113047428512424,1.4320138411118268,21.41659331348578
1773751975.9578493,1773751975957857266,Sr02_gB_IMG1_LID1_STA1_CFC64_OH0,0317_1352,B,0.495525598526001,0.0045550004579126835,0.5,0.0,-12.754627702556013,6.162567270935044,1.4321838319992823,21.36666925570882
1773751976.076624,1773751976076630807,Sr02_gB_IMG1_LID1_STA1_CFC64_OH0,0317_1352,B,0.4945492446422577,0.01566697470843792,0.5,0.0,-12.74430857381414,6.236848805656423,1.4341827876236528,21.291791716108985
1773751976.1957068,1773751976195714963,Sr02_gB_IMG1_LID1_STA1_CFC64_OH0,0317_1352,B,0.49733707308769226,0.002164734061807394,0.5,0.0,-12.737618288559709,6.286399133028351,1.4389931261161069,21.241881565324316
1773751976.3163366,1773751976316345376,Sr02_gB_IMG1_LID1_STA1_CFC64_OH0,0317_1352,B,0.5025107860565186,0.003867491614073515,0.5,0.0,-12.731152562948191,6.335979275275462,1.443181846028276,21.19198595716695
1773751976.4333262,1773751976433334492,Sr02_gB_IMG1_LID1_STA1_CFC64_OH0,0317_1352,B,0.5009313821792603,0.002443338744342327,0.5,0.0,-12.722198027648073,6.410166874823889,1.4642785255654902,21.11746653107138
1773751976.5565803,1773751976556587510,Sr02_gB_IMG1_LID1_STA1_CFC64_OH0,0317_1352,B,0.4976963400840759,0.004169561434537172,0.5,0.0,-12.717253232206913,6.459898685782769,1.478996943672891,21.067717914388133
1773751976.6819944,1773751976682003206,Sr02_gB_IMG1_LID1_STA1_CFC64_OH0,0317_1352,B,0.4989611804485321,0.0014834711328148842,0.5,0.0,-12.710816927609478,6.534518138573225,1.4861762286298297,20.993265981106227
1773751976.8052375,1773751976805246284,Sr02_gB_IMG1_LID1_STA1_CFC64_OH0,0317_1352,B,0.49997463822364807,-0.00043445033952593803,0.5,0.0,-12.706624739524237,6.584342076094217,1.4876317954753349,20.943576134336194
1773751976.928047,1773751976928055074,Sr02_gB_IMG1_LID1_STA1_CFC64_OH0,0317_1352,B,0.5021909475326538,0.000721330288797617,0.5,0.0,-12.702483089903291,6.634170244901599,1.487983301044818,20.8938934483079
1773751977.0558846,1773751977055892206,Sr02_gB_IMG1_LID1_STA1_CFC64_OH0,0317_1352,B,0.5012413263320923,-0.0006262015085667372,0.5,0.0,-12.696296442827533,6.708914639680671,1.4884810716255004,20.81937520202782
1773751977.1782532,1773751977178259694,Sr02_gB_IMG1_LID1_STA1_CFC64_OH0,0317_1352,B,0.5039957165718079,-0.0004503391683101654,0.5,0.0,-12.692191414395403,6.758745838864805,1.4887254054037087,20.76970051351858
1773751977.3012958,1773751977301303687,Sr02_gB_IMG1_LID1_STA1_CFC64_OH0,0317_1352,B,0.5039308071136475,0.0010386286303400993,0.5,0.0,-12.686063969836638,6.833495109989695,1.4893163128777005,20.695194881327833
1773751977.416485,1773751977416492649,Sr02_gB_IMG1_LID1_STA1_CFC64_OH0,0317_1352,B,0.5039418935775757,0.00038333749398589134,0.5,0.0,-12.681999443912094,6.883329629219694,1.489491522662825,20.645528812565388
1773751977.5387685,1773751977538776309,Sr02_gB_IMG1_LID1_STA1_CFC64_OH0,0317_1352,B,0.5012759566307068,0.0013047251850366592,0.5,0.0,-12.675907279142429,6.9580817851316406,1.4894570930186581,20.571033280894582
1773751977.6632745,1773751977663281578,Sr02_gB_IMG1_LID1_STA1_CFC64_OH0,0317_1352,B,0.49833977222442627,-0.0010871302802115679,0.5,0.0,-12.671846598131891,7.007916617845861,1.4895292256833275,20.521371723681217
1773751977.780567,1773751977780573866,Sr02_gB_IMG1_LID1_STA1_CFC64_OH0,0317_1352,B,0.49817782640457153,-0.0005305660888552666,0.5,0.0,-12.665756642294072,7.082668953736809,1.4894622472336576,20.44688260569417
1773751977.9046185,1773751977904626191,Sr02_gB_IMG1_LID1_STA1_CFC64_OH0,0317_1352,B,0.5002067685127258,-0.0023860943038016558,0.5,0.0,-12.661693215403135,7.13250356263936,1.489415454635403,20.397224868114133
1773751978.0309963,1773751978031005694,Sr02_gB_IMG1_LID1_STA1_CFC64_OH0,0317_1352,B,0.49973809719085693,-0.0006340884137898684,0.5,0.0,-12.657630545021895,7.182338233203879,1.4895044265355721,20.347568895845885
1773751978.156054,1773751978156062593,Sr02_gB_IMG1_LID1_STA1_CFC64_OH0,0317_1352,B,0.4997657835483551,-0.002440967597067356,0.5,0.0,-12.651544236029093,7.257090866112238,1.4895973525227117,20.273089017391374
1773751978.2844887,1773751978284496680,Sr02_gB_IMG1_LID1_STA1_CFC64_OH0,0317_1352,B,0.49585649371147156,-0.0023170318454504013,0.5,0.0,-12.647491998557,7.306926386084756,1.4897278246315278,20.223438529232475
1773751978.409422,1773751978409429916,Sr02_gB_IMG1_LID1_STA1_CFC64_OH0,0317_1352,B,0.4989639222621918,-0.000865500420331955,0.5,0.0,-12.641415761673134,7.381679838324386,1.4896125942175207,20.14896629030018
1773751978.5289927,1773751978529001672,Sr02_gB_IMG1_LID1_STA1_CFC64_OH0,0317_1352,B,0.5044085383415222,0.15869677066802979,0.5,0.0,-12.637359447156554,7.431515026644641,1.4895539716367139,20.09931965659573
1773751978.6435282,1773751978643535569,Sr02_gB_IMG1_LID1_STA1_CFC64_OH0,0317_1352,B,0.4988085627555847,-0.0027323563117533922,0.5,0.0,-12.631260978699636,7.506266668174472,1.4892321338110592,20.02485132982193
1773751978.7636726,1773751978763679955,Sr02_gB_IMG1_LID1_STA1_CFC64_OH0,0317_1352,B,0.49472811818122864,7.681641727685928e-05,0.5,0.0,-12.62718570970519,7.5561003100720106,1.4891687247001355,19.97520683686913
1773751978.8827672,1773751978882775924,Sr02_gB_IMG1_LID1_STA1_CFC64_OH0,0317_1352,B,0.5009105205535889,0.0009024785831570625,0.5,0.0,-12.62105927298277,7.6308496645921595,1.4888387190666212,19.900741812205055
1773751979.0003834,1773751979000392453,Sr02_gB_IMG1_LID1_STA1_CFC64_OH0,0317_1352,B,0.5056818127632141,0.002444295212626457,0.5,0.0,-12.616960205832411,7.680681354512442,1.4886070161662137,19.851098926868733
1773751979.1295931,1773751979129599648,Sr02_gB_IMG1_LID1_STA1_CFC64_OH0,0317_1352,B,0.5040537118911743,0.005682733375579119,0.5,0.0,-12.612850894570471,7.730512200780323,1.4884624039935106,19.801456608622544
1773751979.2569547,1773751979256963918,Sr02_gB_IMG1_LID1_STA1_CFC64_OH0,0317_1352,B,0.506420910358429,0.003892254550009966,0.5,0.0,-12.607009462978377,7.805119682047962,1.5023294376879908,19.72719736063831
1773751979.377859,1773751979377865622,Sr02_gB_IMG1_LID1_STA1_CFC64_OH0,0317_1352,B,0.4984762668609619,-0.0005485140718519688,0.5,0.0,-12.603834307411622,7.8548868851658575,1.5083908461802065,19.67781025626335
1773751979.5051985,1773751979505207299,Sr02_gB_IMG1_LID1_STA1_CFC64_OH0,0317_1352,B,0.5051578879356384,0.005007588770240545,0.5,0.0,-12.599153439972048,7.929740667741458,1.508346183421756,19.603551920025634
1773751979.6282709,1773751979628277802,Sr02_gB_IMG1_LID1_STA1_CFC64_OH0,0317_1352,B,0.49913647770881653,-0.002414528513327241,0.5,0.0,-12.596035214015737,7.979643336489792,1.5084364305006728,19.554049839801
1773751979.7521372,1773751979752145248,Sr02_gB_IMG1_LID1_STA1_CFC64_OH0,0317_1352,B,0.5011637806892395,-0.0010673829820007086,0.5,0.0,-12.591375056016084,8.054498410793093,1.5088354555435985,19.47980392624321
1773751979.878194,1773751979878201702,Sr02_gB_IMG1_LID1_STA1_CFC64_OH0,0317_1352,B,0.5019607543945312,0.00027969200164079666,0.5,0.0,-12.588293174259956,8.104403336607769,1.509403727261771,19.430313418127405
1773751980.0057209,1773751980005731134,Sr02_gB_IMG1_LID1_STA1_CFC64_OH0,0317_1352,B,0.5032430291175842,-0.0022590020671486855,0.5,0.0,-12.58371597642556,8.179263528829608,1.5100233753773833,19.356089122271737
1773751980.132384,1773751980132391746,Sr02_gB_IMG1_LID1_STA1_CFC64_OH0,0317_1352,B,0.5021862983703613,4.308391362428665e-05,0.5,0.0,-12.580677830572329,8.22917113698818,1.5099685274579797,19.3066115130702
1773751980.2524817,1773751980252488923,Sr02_gB_IMG1_LID1_STA1_CFC64_OH0,0317_1352,B,0.502947986125946,-2.7810223400592804e-05,0.5,0.0,-12.576145933530805,8.30403408486366,1.5105712234297397,19.232403847565024
1773751980.375535,1773751980375542605,Sr02_gB_IMG1_LID1_STA1_CFC64_OH0,0317_1352,B,0.5073708891868591,0.000711741391569376,0.5,0.0,-12.573130473240642,8.353943068725119,1.5103297714135513,19.182936340632228
1773751980.504261,1773751980504269063,Sr02_gB_IMG1_LID1_STA1_CFC64_OH0,0317_1352,B,0.5000768303871155,0.0005305344238877296,0.5,0.0,-12.568590369213288,8.42880552078566,1.5101427203307105,19.108737800026688
1773751980.6290092,1773751980629015968,Sr02_gB_IMG1_LID1_STA1_CFC64_OH0,0317_1352,B,0.5002971291542053,-0.0005213306285440922,0.5,0.0,-12.565560246104495,8.478713616689552,1.5101706884543435,19.059275094846814
1773751980.7501183,1773751980750127718,Sr02_gB_IMG1_LID1_STA1_CFC64_OH0,0317_1352,B,0.4980250895023346,0.0004386287182569504,0.5,0.0,-12.561003654824312,8.55357506680697,1.5098778806604083,18.98508463663511
1773751980.8711896,1773751980871198451,Sr02_gB_IMG1_LID1_STA1_CFC64_OH0,0317_1352,B,0.4961702823638916,-0.0021806072909384966,0.5,0.0,-12.557959723796566,8.603482322460845,1.5098821889081802,18.935626959924306
1773751980.9943783,1773751980994385343,Sr02_gB_IMG1_LID1_STA1_CFC64_OH0,0317_1352,B,0.5012862682342529,-0.0013947575353085995,0.5,0.0,-12.553393931447493,8.67834321229644,1.5098794353161664,18.86144582219179
1773751981.119717,1773751981119723693,Sr02_gB_IMG1_LID1_STA1_CFC64_OH0,0317_1352,B,0.5046956539154053,-0.0023590228520333767,0.5,0.0,-12.550351746531563,8.728250574407658,1.5099506087730055,18.811995586659318
1773751981.2342913,1773751981234300370,Sr02_gB_IMG1_LID1_STA1_CFC64_OH0,0317_1352,B,0.5050747990608215,-0.004068797454237938,0.5,0.0,-12.54579400699246,8.803111954935538,1.5100091524209258,18.73782652931004
1773751981.3512464,1773751981351254020,Sr02_gB_IMG1_LID1_STA1_CFC64_OH0,0317_1352,B,0.49744710326194763,-0.0023838949855417013,0.5,0.0,-12.542755218986821,8.853019523999837,1.509957019505735,18.68838413170846
1773751981.4679642,1773751981467971604,Sr02_gB_IMG1_LID1_STA1_CFC64_OH0,0317_1352,B,0.4969836473464966,-0.00622771680355072,0.5,0.0,-12.539715362218653,8.902927027980562,1.5099816824157442,18.638944548917696
1773751981.5893278,1773751981589336571,Sr02_gB_IMG1_LID1_STA1_CFC64_OH0,0317_1352,B,0.49895554780960083,-0.0051351445727050304,0.5,0.0,-12.535148492231139,8.977787851782487,1.509706978495817,18.56478973830211
1773751981.7126303,1773751981712637129,Sr02_gB_IMG1_LID1_STA1_CFC64_OH0,0317_1352,B,0.49579349160194397,-0.002259421395137906,0.5,0.0,-12.532092444086405,9.027694366875052,1.509567502369085,18.51535525352549
1773751981.836973,1773751981836981133,Sr02_gB_IMG1_LID1_STA1_CFC64_OH0,0317_1352,B,0.5016578435897827,-0.0020209832582622766,0.5,0.0,-12.529028256253687,9.077600382807024,1.509360529119656,18.465922586653697
1773751981.960848,1773751981960855282,Sr02_gB_IMG1_LID1_STA1_CFC64_OH0,0317_1352,B,0.5033996105194092,-0.0008754795417189598,0.5,0.0,-12.52440408196138,9.15245768798598,1.508801504962347,18.391775123034495
1773751982.0784473,1773751982078455280,Sr02_gB_IMG1_LID1_STA1_CFC64_OH0,0317_1352,B,0.506508469581604,0.001354152336716652,0.5,0.0,-12.521299579169314,9.202361212241234,1.508546265567292,18.34234404868996
1773751982.1965253,1773751982196537488,Sr02_gB_IMG1_LID1_STA1_CFC64_OH0,0317_1352,B,0.5008252263069153,-0.0010338688734918833,0.5,0.0,-12.516601658746152,9.277213923799183,1.5076505506712528,18.26819701888455
1773751982.314196,1773751982314204994,Sr02_gB_IMG1_LID1_STA1_CFC64_OH0,0317_1352,B,0.5008195638656616,-0.0011991399805992842,0.5,0.0,-12.513433655792392,9.327113456716303,1.5071370362178453,18.218764097759653
1773751982.4380963,1773751982438105021,Sr02_gB_IMG1_LID1_STA1_CFC64_OH0,0317_1352,B,0.5044500231742859,0.00016279937699437141,0.5,0.0,-12.510243544642892,9.377011581490239,1.506824820693435,18.169330943954943
1773751982.5537784,1773751982553785921,Sr02_gB_IMG1_LID1_STA1_CFC64_OH0,0317_1352,B,0.502333402633667,-0.0016644292045384645,0.5,0.0,-12.505437127206363,9.45185740698536,1.5065145203853734,18.095183841718033
1773751982.674908,1773751982674915525,Sr02_gB_IMG1_LID1_STA1_CFC64_OH0,0317_1352,B,0.49864476919174194,-0.0005165734328329563,0.5,0.0,-12.502222522955968,9.50175395998065,1.5064155166794284,18.045754793789996
1773751982.796443,1773751982796449761,Sr02_gB_IMG1_LID1_STA1_CFC64_OH0,0317_1352,B,0.4943414032459259,0.0017927060835063457,0.5,0.0,-12.497397945540078,9.576598617310703,1.5065071560800163,17.971616739191408
1773751982.9218826,1773751982921890373,Sr02_gB_IMG1_LID1_STA1_CFC64_OH0,0317_1352,B,0.49495524168014526,0.0012713847681879997,0.5,0.0,-12.494183121789396,9.626495156158779,1.5064037711890816,17.922195591866373
1773751983.0478804,1773751983047887164,Sr02_gB_IMG1_LID1_STA1_CFC64_OH0,0317_1352,B,0.5018244981765747,-0.0012619008775800467,0.5,0.0,-12.489350755943395,9.701339310999849,1.506256096518978,17.84806836871263
1773751983.1727452,1773751983172753234,Sr02_gB_IMG1_LID1_STA1_CFC64_OH0,0317_1352,B,0.5030327439308167,0.008574265986680984,0.5,0.0,-12.486126390635466,9.751235234193349,1.5062723763492685,17.79865385545607
1773751983.2933602,1773751983293368157,Sr02_gB_IMG1_LID1_STA1_CFC64_OH0,0317_1352,B,0.5008359551429749,-0.0007091916631907225,0.5,0.0,-12.481282889263317,9.826078669168597,1.50608689931379,17.724537174215758
1773751983.4160752,1773751983416084983,Sr02_gB_IMG1_LID1_STA1_CFC64_OH0,0317_1352,B,0.5023689270019531,0.004872399847954512,0.5,0.0,-12.478048444488872,9.875973939982128,1.5060583335320332,17.675129354778544
1773751983.53866,1773751983538668138,Sr02_gB_IMG1_LID1_STA1_CFC64_OH0,0317_1352,B,0.5018875598907471,-0.002522776136174798,0.5,0.0,-12.47481827789995,9.92586948788093,1.5062376033551899,17.625725536050492
1773751983.659071,1773751983659079016,Sr02_gB_IMG1_LID1_STA1_CFC64_OH0,0317_1352,B,0.5003454089164734,-0.0011176490224897861,0.5,0.0,-12.469987926782151,10.000713772741268,1.5064439507713054,17.55162845191993
1773751983.789145,1773751983789153836,Sr02_gB_IMG1_LID1_STA1_CFC64_OH0,0317_1352,B,0.5011075139045715,0.0009842929430305958,0.5,0.0,-12.466770581224608,10.050610149038047,1.506343095643408,17.502235119013726
1773751983.9162679,1773751983916276892,Sr02_gB_IMG1_LID1_STA1_CFC64_OH0,0317_1352,B,0.5024264454841614,0.0003013061359524727,0.5,0.0,-12.461980717971317,10.12545703115867,1.507438035104703,17.428157278731444
1773751984.0418923,1773751984041900709,Sr02_gB_IMG1_LID1_STA1_CFC64_OH0,0317_1352,B,0.49301111698150635,0.0144145917147398,0.5,0.0,-12.45881315331512,10.175356592440124,1.5073671180321526,17.378780492232288
1773751984.1654263,1773751984165434296,Sr02_gB_IMG1_LID1_STA1_CFC64_OH0,0317_1352,B,0.49789682030677795,0.0004733162932097912,0.5,0.0,-12.454074486275646,10.250206737075393,1.5077826270138508,17.304724036331745
1773751984.2904348,1773751984290443004,Sr02_gB_IMG1_LID1_STA1_CFC64_OH0,0317_1352,B,0.4993724822998047,-0.0017647475469857454,0.5,0.0,-12.450919591798112,10.300107100907459,1.5075303502514845,17.255358264840048
1773751984.409585,1773751984409592594,Sr02_gB_IMG1_LID1_STA1_CFC64_OH0,0317_1352,B,0.49827736616134644,0.0008124266751110554,0.5,0.0,-12.446170570099433,10.374956590329104,1.5073696690736282,17.181313817911025
1773751984.5317655,1773751984531775894,Sr02_gB_IMG1_LID1_STA1_CFC64_OH0,0317_1352,B,0.4971732795238495,-0.0009134737774729729,0.5,0.0,-12.443003819099019,10.424856203244389,1.5074680977591448,17.131955353608987
1773751984.655271,1773751984655278092,Sr02_gB_IMG1_LID1_STA1_CFC64_OH0,0317_1352,B,0.4973677098751068,-0.0005405806005001068,0.5,0.0,-12.438261856482086,10.499706140139468,1.5078160389864705,17.057925977944308
1773751984.7767243,1773751984776730764,Sr02_gB_IMG1_LID1_STA1_CFC64_OH0,0317_1352,B,0.49705955386161804,-0.00125791784375906,0.5,0.0,-12.435150889665696,10.549609257632612,1.5092574949632054,17.008585944722626
1773751984.901229,1773751984901237165,Sr02_gB_IMG1_LID1_STA1_CFC64_OH0,0317_1352,B,0.49077194929122925,0.004429604392498732,0.5,0.0,-12.430551080694539,10.624468064981867,1.509445536119096,16.93459405233972
1773751985.026241,1773751985026249891,Sr02_gB_IMG1_LID1_STA1_CFC64_OH0,0317_1352,B,0.4973466396331787,-0.001879073679447174,0.5,0.0,-12.427481061798247,10.674373722581889,1.5092690621298517,16.885270493485827
1773751985.1469078,1773751985146914448,Sr02_gB_IMG1_LID1_STA1_CFC64_OH0,0317_1352,B,0.49745556712150574,0.003187954891473055,0.5,0.0,-12.422870000501852,10.749231837687061,1.5092876049228794,16.811291652106544
1773751985.2691557,1773751985269162250,Sr02_gB_IMG1_LID1_STA1_CFC64_OH0,0317_1352,B,0.4978824853897095,0.003826808650046587,0.5,0.0,-12.41979422410784,10.79913714082051,1.5091962577230524,16.761977179300125
1773751985.394619,1773751985394626907,Sr02_gB_IMG1_LID1_STA1_CFC64_OH0,0317_1352,B,0.4955426752567291,-0.0008303120266646147,0.5,0.0,-12.416714642676862,10.849042209306086,1.5091384705404134,16.71266614843145
1773751985.5173633,1773751985517371306,Sr02_gB_IMG1_LID1_STA1_CFC64_OH0,0317_1352,B,0.501627504825592,-0.001030307961627841,0.5,0.0,-12.41208817439801,10.923899373731537,1.509035349153099,16.638706129778456
1773751985.643481,1773751985643487662,Sr02_gB_IMG1_LID1_STA1_CFC64_OH0,0317_1352,B,0.5018720626831055,-0.0034844367764890194,0.5,0.0,-12.409013141446328,10.97380472228745,1.5094783076561629,16.589406190625375
1773751985.7676227,1773751985767631470,Sr02_gB_IMG1_LID1_STA1_CFC64_OH0,0317_1352,B,0.5042820572853088,-0.0032103159464895725,0.5,0.0,-12.404415437563726,11.04866365880805,1.5093226252477392,16.51546667006404
1773751985.8949616,1773751985894968889,Sr02_gB_IMG1_LID1_STA1_CFC64_OH0,0317_1352,B,0.49782389402389526,-0.0010134757030755281,0.5,0.0,-12.401349240637915,11.098569551245387,1.5095907461353877,16.466178806363285
1773751986.0119762,1773751986011982772,Sr02_gB_IMG1_LID1_STA1_CFC64_OH0,0317_1352,B,0.500686764717102,-0.00016064289957284927,0.5,0.0,-12.396782595046513,11.17343038803931,1.5101118089188774,16.392260640361496
1773751986.134404,1773751986134415542,Sr02_gB_IMG1_LID1_STA1_CFC64_OH0,0317_1352,B,0.4969226121902466,-0.0024583018384873867,0.5,0.0,-12.393748159407275,11.223338221912412,1.5100287788441769,16.342989043411976
1773751986.255385,1773751986255391967,Sr02_gB_IMG1_LID1_STA1_CFC64_OH0,0317_1352,B,0.4951254725456238,-0.0020880410447716713,0.5,0.0,-12.389187892759812,11.298199448484668,1.5098782329678937,16.269088505694295
1773751986.3807182,1773751986380725597,Sr02_gB_IMG1_LID1_STA1_CFC64_OH0,0317_1352,B,0.49928995966911316,-0.004857519641518593,0.5,0.0,-12.386136340565,11.348106238482012,1.5095543329860421,16.219825134948195
1773751986.5016463,1773751986501653150,Sr02_gB_IMG1_LID1_STA1_CFC64_OH0,0317_1352,B,0.5077317953109741,-0.0031472714617848396,0.5,0.0,-12.381527894418447,11.4229645139351,1.5090920121216198,16.145933212555434
1773751986.621484,1773751986621491920,Sr02_gB_IMG1_LID1_STA1_CFC64_OH0,0317_1352,B,0.49671831727027893,-0.002683684229850769,0.5,0.0,-12.378442107415083,11.472869199080261,1.508990664249056,16.09667529947389
1773751986.7442074,1773751986744214066,Sr02_gB_IMG1_LID1_STA1_CFC64_OH0,0317_1352,B,0.5031613111495972,-0.005389462225139141,0.5,0.0,-12.375352624612532,11.522773655582505,1.5089575427046282,16.04742133799524
1773751986.8667557,1773751986866764238,Sr02_gB_IMG1_LID1_STA1_CFC64_OH0,0317_1352,B,0.4934619963169098,-0.0007755716796964407,0.5,0.0,-12.370707080707659,11.597629638310053,1.5086347528937247,15.973547124846437
1773751986.9868448,1773751986986851336,Sr02_gB_IMG1_LID1_STA1_CFC64_OH0,0317_1352,B,0.4866645038127899,0.0020297332666814327,0.5,0.0,-12.36759579345536,11.647532740072899,1.508425948847443,15.924301019148734
1773751987.1055484,1773751987105556157,Sr02_gB_IMG1_LID1_STA1_CFC64_OH0,0317_1352,B,0.5024336576461792,-0.004127203021198511,0.5,0.0,-12.362901006912562,11.722385649596504,1.5078252046843403,15.850435859328554
1773751987.2217596,1773751987221766675,Sr02_gB_IMG1_LID1_STA1_CFC64_OH0,0317_1352,B,0.5043452382087708,-0.0020853306632488966,0.5,0.0,-12.359746678919953,11.772286049166855,1.5075104776885608,15.801194092102998
1773751987.338279,1773751987338285945,Sr02_gB_IMG1_LID1_STA1_CFC64_OH0,0317_1352,B,0.4971395432949066,-0.0010992626193910837,0.5,0.0,-12.356577386328132,11.822185500585825,1.5072328376203232,15.751954490480362
1773751987.4627357,1773751987462742292,Sr02_gB_IMG1_LID1_STA1_CFC64_OH0,0317_1352,B,0.496560662984848,8.962349966168404e-05,0.5,0.0,-12.351791518913181,11.897032641644257,1.5065597103577095,15.678098527461755
1773751987.588438,1773751987588447373,Sr02_gB_IMG1_LID1_STA1_CFC64_OH0,0317_1352,B,0.5025352239608765,-0.0019288980402052402,0.5,0.0,-12.348579961607392,11.946929390851738,1.5064821497860494,15.628863597668142
1773751987.7137804,1773751987713785862,Sr02_gB_IMG1_LID1_STA1_CFC64_OH0,0317_1352,B,0.5060877203941345,-0.0006736288778483868,0.5,0.0,-12.343763684481901,12.02177458265807,1.5066128292545642,15.555020540753407
1773751987.836022,1773751987836030609,Sr02_gB_IMG1_LID1_STA1_CFC64_OH0,0317_1352,B,0.5034158825874329,-0.003133299294859171,0.5,0.0,-12.340546416137943,12.07167096360794,1.5062001109391687,15.505796875275626
1773751987.9602232,1773751987960232956,Sr02_gB_IMG1_LID1_STA1_CFC64_OH0,0317_1352,B,0.5010115504264832,0.005931080784648657,0.5,0.0,-12.335690732040575,12.14651360902125,1.5058760541631504,15.431965469976612
1773751988.0875874,1773751988087594791,Sr02_gB_IMG1_LID1_STA1_CFC64_OH0,0317_1352,B,0.5022395849227905,0.001797038596123457,0.5,0.0,-12.33244425590812,12.196408098428552,1.505766128064736,15.38274915772082
1773751988.2013128,1773751988201320554,Sr02_gB_IMG1_LID1_STA1_CFC64_OH0,0317_1352,B,0.5008654594421387,0.0005427505820989609,0.5,0.0,-12.327570729770665,12.271249584447107,1.5057392017180247,15.30893353453811
1773751988.3156202,1773751988315628725,Sr02_gB_IMG1_LID1_STA1_CFC64_OH0,0317_1352,B,0.5039645433425903,-5.034683272242546e-05,0.5,0.0,-12.324315355808178,12.321143494051507,1.5055463123492188,15.25972840239951
1773751988.4375734,1773751988437583213,Sr02_gB_IMG1_LID1_STA1_CFC64_OH0,0317_1352,B,0.5050994157791138,-0.001108726253733039,0.5,0.0,-12.321052362001197,12.371036905971746,1.5054538432689344,15.21052709224096
1773751988.5566812,1773751988556689271,Sr02_gB_IMG1_LID1_STA1_CFC64_OH0,0317_1352,B,0.5021511316299438,-0.0005266903899610043,0.5,0.0,-12.316141011925119,12.4458759187322,1.5050330443534026,15.136731916530003
1773751988.6809142,1773751988680921535,Sr02_gB_IMG1_LID1_STA1_CFC64_OH0,0317_1352,B,0.4910230338573456,0.002812542486935854,0.5,0.0,-12.312870013114344,12.495768805766017,1.5056261445257453,15.087542316260569
1773751988.8057392,1773751988805747478,Sr02_gB_IMG1_LID1_STA1_CFC64_OH0,0317_1352,B,0.48947522044181824,-0.0024077678099274635,0.5,0.0,-12.309623553208572,12.545663296089526,1.5059298723171926,15.038362497741177
1773751988.9263089,1773751988926316905,Sr02_gB_IMG1_LID1_STA1_CFC64_OH0,0317_1352,B,0.4871828556060791,-0.0020769766997545958,0.5,0.0,-12.30476756161297,12.620505921826874,1.506048914310432,14.964605455606858
1773751989.0503883,1773751989050395620,Sr02_gB_IMG1_LID1_STA1_CFC64_OH0,0317_1352,B,0.4967443346977234,-0.0004669809713959694,0.5,0.0,-12.301532859766809,12.670401175979448,1.5060557420181104,14.915441460961418
1773751989.167597,1773751989167604600,Sr02_gB_IMG1_LID1_STA1_CFC64_OH0,0317_1352,B,0.4976305067539215,0.006422463338822126,0.5,0.0,-12.296675962559664,12.74524374290746,1.5059106017157602,14.841705052533614
1773751989.291064,1773751989291071611,Sr02_gB_IMG1_LID1_STA1_CFC64_OH0,0317_1352,B,0.4911855459213257,0.04551224410533905,0.5,0.0,-12.29343263855302,12.79513843733286,1.5058579323175323,14.792553512051947
1773751989.409887,1773751989409894415,Sr02_gB_IMG1_LID1_STA1_CFC64_OH0,0317_1352,B,0.496075302362442,0.07653511315584183,0.5,0.0,-12.288574200118495,12.869980903944649,1.5060752312726906,14.718838130207928
1773751989.5315416,1773751989531549579,Sr02_gB_IMG1_LID1_STA1_CFC64_OH0,0317_1352,B,0.512383759021759,0.0012161447666585445,0.5,0.0,-12.285334397521655,12.919875827033584,1.5058344551951286,14.66970162042051
1773751989.6497433,1773751989649751573,Sr02_gB_IMG1_LID1_STA1_CFC64_OH0,0317_1352,B,0.5116567015647888,0.0016931286081671715,0.5,0.0,-12.28208310963464,12.969770003054387,1.50562014180037,14.62056882638126
1773751989.7703266,1773751989770334225,Sr02_gB_IMG1_LID1_STA1_CFC64_OH0,0317_1352,B,0.5000602006912231,0.002396969124674797,0.5,0.0,-12.277190714378785,13.044610257903974,1.5054695938824911,14.546877824573732
1773751989.888287,1773751989888295093,Sr02_gB_IMG1_LID1_STA1_CFC64_OH0,0317_1352,B,0.4979107975959778,0.0021743387915194035,0.5,0.0,-12.273942722537912,13.094504647830334,1.5061118338941388,14.497760502268013
1773751990.004881,1773751990004888593,Sr02_gB_IMG1_LID1_STA1_CFC64_OH0,0317_1352,B,0.5065507888793945,-0.0072621931321918964,0.5,0.0,-12.269270304750124,13.1693519773486,1.5117415104183676,14.424140573598542
1773751990.1295104,1773751990129518647,Sr02_gB_IMG1_LID1_STA1_CFC64_OH0,0317_1352,B,0.5092169642448425,0.009782399982213974,0.5,0.0,-12.266495597548397,13.21927480527011,1.5190847572944421,14.375130575699552
1773751990.250791,1773751990250799546,Sr02_gB_IMG1_LID1_STA1_CFC64_OH0,0317_1352,B,0.5009244680404663,0.006736398208886385,0.5,0.0,-12.26396948674787,13.269178312710064,1.52039021202737,14.32620903002113
1773751990.3710907,1773751990371098803,Sr02_gB_IMG1_LID1_STA1_CFC64_OH0,0317_1352,B,0.5048958659172058,-0.005135234910994768,0.5,0.0,-12.260198652130871,13.34408345316757,1.5206203313869777,14.252796734502823
1773751990.4957502,1773751990495758834,Sr02_gB_IMG1_LID1_STA1_CFC64_OH0,0317_1352,B,0.5031121373176575,0.012147966772317886,0.5,0.0,-12.257696889962453,13.394020822512454,1.520860027368825,14.203866922242085
1773751990.6162257,1773751990616233422,Sr02_gB_IMG1_LID1_STA1_CFC64_OH0,0317_1352,B,0.49826544523239136,-0.011059933342039585,0.5,0.0,-12.253964947372085,13.468927910650487,1.5210041330548614,14.130490550063037
1773751990.7390647,1773751990739072619,Sr02_gB_IMG1_LID1_STA1_CFC64_OH0,0317_1352,B,0.5056752562522888,-0.05817858874797821,0.5,0.0,-12.251458233742474,13.518865030710435,1.520277915489141,14.0815785682548
1773751990.8665097,1773751990866518082,Sr02_gB_IMG1_LID1_STA1_CFC64_OH0,0317_1352,B,0.4955301284790039,-0.0011845151893794537,0.5,0.0,-12.24771357877577,13.593771478217892,1.5215748143915813,14.008228231103086
1773751990.9888594,1773751990988867335,Sr02_gB_IMG1_LID1_STA1_CFC64_OH0,0317_1352,B,0.4930565059185028,-0.005429533310234547,0.5,0.0,-12.245270317817788,13.643711743178219,1.5222484554414855,13.959348943693502
1773751991.1119952,1773751991112002630,Sr02_gB_IMG1_LID1_STA1_CFC64_OH0,0317_1352,B,0.4965245723724365,0.024753231555223465,0.5,0.0,-12.2416035333452,13.718622047972545,1.5218238318172062,13.886044573847457
1773751991.2379935,1773751991238000593,Sr02_gB_IMG1_LID1_STA1_CFC64_OH0,0317_1352,B,0.4937135577201843,0.012381196022033691,0.5,0.0,-12.239186221398546,13.76856357356475,1.5230386254823887,13.837190895408204
1773751991.3574443,1773751991357451501,Sr02_gB_IMG1_LID1_STA1_CFC64_OH0,0317_1352,B,0.503987193107605,-0.0025965820532292128,0.5,0.0,-12.235543873266513,13.843463705238332,1.5198253961076644,13.763933267094213
1773751991.4830892,1773751991483096669,Sr02_gB_IMG1_LID1_STA1_CFC64_OH0,0317_1352,B,0.5012191534042358,0.001428837887942791,0.5,0.0,-12.232852799510336,13.893379931167631,1.5144004348933862,13.71505293913121
1773751991.601751,1773751991601759191,Sr02_gB_IMG1_LID1_STA1_CFC64_OH0,0317_1352,B,0.4974640905857086,-0.0010342539753764868,0.5,0.0,-12.230031542032375,13.9433002692571,1.5142819616406544,13.666142443082874
1773751991.725753,1773751991725760148,Sr02_gB_IMG1_LID1_STA1_CFC64_OH0,0317_1352,B,0.4981840252876282,-0.0012296249624341726,0.5,0.0,-12.225773311372606,14.018179281622329,1.5135948865597502,13.592786051937894
1773751991.8520298,1773751991852043820,Sr02_gB_IMG1_LID1_STA1_CFC64_OH0,0317_1352,B,0.5034555196762085,0.0013691019266843796,0.5,0.0,-12.222962268424148,14.068100184301601,1.5157683554160468,13.543897640421898
1773751991.9723718,1773751991972379687,Sr02_gB_IMG1_LID1_STA1_CFC64_OH0,0317_1352,B,0.4992455542087555,0.002688199281692505,0.5,0.0,-12.218915377778668,14.142990907024842,1.5175994921359408,13.470616396694778
1773751992.1028235,1773751992102831659,Sr02_gB_IMG1_LID1_STA1_CFC64_OH0,0317_1352,B,0.5024952292442322,-0.00024700164794921875,0.5,0.0,-12.216250308466522,14.192919827246115,1.5173398375462375,13.421779835773798
1773751992.2283888,1773751992228397307,Sr02_gB_IMG1_LID1_STA1_CFC64_OH0,0317_1352,B,0.5022884607315063,0.0007879571057856083,0.5,0.0,-12.212242621005757,14.267812668806892,1.5173841373798784,13.348538965479113
1773751992.3479655,1773751992347974152,Sr02_gB_IMG1_LID1_STA1_CFC64_OH0,0317_1352,B,0.5013993382453918,0.0028019994497299194,0.5,0.0,-12.209570699404708,14.317741222918979,1.5172807122975978,13.299722583443845
1773751992.4713213,1773751992471328711,Sr02_gB_IMG1_LID1_STA1_CFC64_OH0,0317_1352,B,0.4960981011390686,0.0005723037756979465,0.5,0.0,-12.205552243720506,14.392633487443415,1.5171242085025567,13.226512284460869
1773751992.5955534,1773751992595559963,Sr02_gB_IMG1_LID1_STA1_CFC64_OH0,0317_1352,B,0.5093339085578918,-0.0001611793413758278,0.5,0.0,-12.202873376964353,14.442561669383045,1.5172743081412738,13.17771662380648
1773751992.7216406,1773751992721648136,Sr02_gB_IMG1_LID1_STA1_CFC64_OH0,0317_1352,B,0.5105188488960266,0.0007737213745713234,0.5,0.0,-12.198875948478578,14.517455058832937,1.5176188352423394,13.104544754005431
1773751992.8454554,1773751992845466229,Sr02_gB_IMG1_LID1_STA1_CFC64_OH0,0317_1352,B,0.5126400589942932,0.00043756142258644104,0.5,0.0,-12.196217710418116,14.567384343358663,1.5175941352920446,13.055776519239318
1773751992.9685144,1773751992968522565,Sr02_gB_IMG1_LID1_STA1_CFC64_OH0,0317_1352,B,0.5012132525444031,0.0023380094207823277,0.5,0.0,-12.19223315531445,14.64227841922982,1.517722117580457,12.982642361257712
1773751993.0939364,1773751993093944332,Sr02_gB_IMG1_LID1_STA1_CFC64_OH0,0317_1352,B,0.49781692028045654,0.003822809550911188,0.5,0.0,-12.18958763018332,14.692208378814238,1.5179800209489385,12.933900552535162
1773751993.2148511,1773751993214860844,Sr02_gB_IMG1_LID1_STA1_CFC64_OH0,0317_1352,B,0.49659648537635803,0.0002275523729622364,0.5,0.0,-12.185631298873018,14.767103950957395,1.518043862941535,12.860808642038362
1773751993.3350074,1773751993335015148,Sr02_gB_IMG1_LID1_STA1_CFC64_OH0,0317_1352,B,0.4972583055496216,0.0012794365175068378,0.5,0.0,-12.182994496630485,14.81703437211351,1.518027745045883,12.812093124434142
1773751993.4563122,1773751993456321024,Sr02_gB_IMG1_LID1_STA1_CFC64_OH0,0317_1352,B,0.5039762258529663,-0.0011146545875817537,0.5,0.0,-12.180358780122473,14.866964850584385,1.5180957673495452,12.763387787626803
1773751993.570997,1773751993571004923,Sr02_gB_IMG1_LID1_STA1_CFC64_OH0,0317_1352,B,0.5091794729232788,-0.0007589417509734631,0.5,0.0,-12.176411445881776,14.94186089745091,1.518193851488449,12.690350087357594
1773751993.6900477,1773751993690056698,Sr02_gB_IMG1_LID1_STA1_CFC64_OH0,0317_1352,B,0.5038624405860901,0.003058495931327343,0.5,0.0,-12.173788371984038,14.99179204158909,1.5184276516432373,12.641672997402418
1773751993.8069274,1773751993806934504,Sr02_gB_IMG1_LID1_STA1_CFC64_OH0,0317_1352,B,0.5027260780334473,0.003242211416363716,0.5,0.0,-12.17117934449064,15.041723921489984,1.5187802348829174,12.593009508418113
1773751993.9277189,1773751993927726731,Sr02_gB_IMG1_LID1_STA1_CFC64_OH0,0317_1352,B,0.5043638944625854,-0.005874744616448879,0.5,0.0,-12.167294100677656,15.116623214785225,1.5190300855119223,12.520040586296359
1773751994.0498338,1773751994049842324,Sr02_gB_IMG1_LID1_STA1_CFC64_OH0,0317_1352,B,0.49994540214538574,-0.006004094146192074,0.5,0.0,-12.164709639923968,15.16655637253017,1.5191475093253026,12.4714093549177
1773751994.1703188,1773751994170326380,Sr02_gB_IMG1_LID1_STA1_CFC64_OH0,0317_1352,B,0.4999343752861023,-0.0007753155659884214,0.5,0.0,-12.16083766460023,15.241456353084462,1.5190796336562946,12.398484030205125
1773751994.294945,1773751994294952606,Sr02_gB_IMG1_LID1_STA1_CFC64_OH0,0317_1352,B,0.49714037775993347,0.0036785281263291836,0.5,0.0,-12.158251087823576,15.291389401282693,1.5190037395295453,12.349879714243587
1773751994.4164412,1773751994416449512,Sr02_gB_IMG1_LID1_STA1_CFC64_OH0,0317_1352,B,0.49525025486946106,0.002246060874313116,0.5,0.0,-12.15438026532965,15.366289440874203,1.5193916729369972,12.276996400671893
1773751994.538673,1773751994538680613,Sr02_gB_IMG1_LID1_STA1_CFC64_OH0,0317_1352,B,0.4969232380390167,0.0010034926235675812,0.5,0.0,-12.15181925944979,15.416223806895777,1.519715893545319,12.228426397801258
1773751994.659532,1773751994659540087,Sr02_gB_IMG1_LID1_STA1_CFC64_OH0,0317_1352,B,0.4957082271575928,0.0033105253241956234,0.5,0.0,-12.14925600605733,15.46615805715217,1.5192195964319777,12.179867430589583
1773751994.7801015,1773751994780108041,Sr02_gB_IMG1_LID1_STA1_CFC64_OH0,0317_1352,B,0.495598703622818,-0.002803163370117545,0.5,0.0,-12.145356205179201,15.541056591654819,1.518376442668008,12.107037783354729
1773751994.902193,1773751994902200700,Sr02_gB_IMG1_LID1_STA1_CFC64_OH0,0317_1352,B,0.498445987701416,-0.0013509129639714956,0.5,0.0,-12.142734475650052,15.590987806501108,1.5182989101242612,12.05849420477514
1773751995.0188828,1773751995018888859,Sr02_gB_IMG1_LID1_STA1_CFC64_OH0,0317_1352,B,0.4820069670677185,0.006049076560884714,0.5,0.0,-12.138813414232404,15.665885232601449,1.5187616083044904,11.985704079925789
1773751995.135496,1773751995135504300,Sr02_gB_IMG1_LID1_STA1_CFC64_OH0,0317_1352,B,0.49562394618988037,-0.003429410047829151,0.5,0.0,-12.136218460009971,15.715817846042622,1.518986215120683,11.937197171054308
1773751995.2581382,1773751995258145564,Sr02_gB_IMG1_LID1_STA1_CFC64_OH0,0317_1352,B,0.5079364776611328,-0.005367213860154152,0.5,0.0,-12.133631618787183,15.765750880532678,1.5190865651697292,11.888704616645139
1773751995.3772562,1773751995377264476,Sr02_gB_IMG1_LID1_STA1_CFC64_OH0,0317_1352,B,0.5096886157989502,-0.002528904704377055,0.5,0.0,-12.129767721536028,15.840651277688474,1.519490860233741,11.815993373452486
1773751995.4985397,1773751995498549131,Sr02_gB_IMG1_LID1_STA1_CFC64_OH0,0317_1352,B,0.5071922540664673,-0.007908477447926998,0.5,0.0,-12.127202070197704,15.890585405347787,1.519332822607128,11.767537714639326
1773751995.6186998,1773751995618707523,Sr02_gB_IMG1_LID1_STA1_CFC64_OH0,0317_1352,B,0.4475071132183075,-0.012300295755267143,0.5,0.0,-12.123334391866004,15.965485607815246,1.519101139922257,11.6948738253835
1773751995.7376394,1773751995737648219,Sr02_gB_IMG1_LID1_STA1_CFC64_OH0,0317_1352,B,0.45192664861679077,-0.01060936227440834,0.5,0.0,-12.1207658861436,16.015419588081024,1.5197060409265017,11.646450173635298
1773751995.8604746,1773751995860482076,Sr02_gB_IMG1_LID1_STA1_CFC64_OH0,0317_1352,B,0.48333701491355896,0.006206302437931299,0.5,0.0,-12.11820392122992,16.065353904880133,1.5193631077355394,11.598041540836558
1773751995.9779131,1773751995977919798,Sr02_gB_IMG1_LID1_STA1_CFC64_OH0,0317_1352,B,0.486417293548584,0.0005003781989216805,0.5,0.0,-12.114323011973045,16.14025342131595,1.5186355404818304,11.525444485545902
1773751996.1009524,1773751996100959603,Sr02_gB_IMG1_LID1_STA1_CFC64_OH0,0317_1352,B,0.5338245034217834,0.038843248039484024,0.5,0.0,-12.111707290618737,16.19018495111348,1.5183258821629397,11.477056417613898
1773751996.2221706,1773751996222177402,Sr02_gB_IMG1_LID1_STA1_CFC64_OH0,0317_1352,B,0.532943844795227,0.03611137345433235,0.5,0.0,-12.107736911091294,16.26507977573052,1.5172472078812669,11.40448850474313
1773751996.3515987,1773751996351607337,Sr02_gB_IMG1_LID1_STA1_CFC64_OH0,0317_1352,B,0.5331557989120483,0.07966645807027817,0.5,0.0,-12.105030028959193,16.31500644352272,1.516017183678166,11.356112208345401
1773751996.473269,1773751996473277099,Sr02_gB_IMG1_LID1_STA1_CFC64_OH0,0317_1352,B,0.5264182686805725,0.06870896369218826,0.5,0.0,-12.100864481223894,16.389890663197765,1.5145939277331868,11.283547515482171
1773751996.5959487,1773751996595956514,Sr02_gB_IMG1_LID1_STA1_CFC64_OH0,0317_1352,B,0.47619491815567017,0.019485903903841972,0.5,0.0,-12.098071331855534,16.439812581424256,1.5152145533794292,11.235184710887008
1773751996.7163496,1773751996716357093,Sr02_gB_IMG1_LID1_STA1_CFC64_OH0,0317_1352,B,0.4971073865890503,-0.0007685387972742319,0.5,0.0,-12.095300050645937,16.489735719143926,1.5153787137816235,11.18684190043152
1773751996.840561,1773751996840568888,Sr02_gB_IMG1_LID1_STA1_CFC64_OH0,0317_1352,B,0.5077889561653137,-0.001538218930363655,0.5,0.0,-12.091309571511502,16.564624249391528,1.5204200131906545,11.114403258992427
1773751996.9578536,1773751996957861135,Sr02_gB_IMG1_LID1_STA1_CFC64_OH0,0317_1352,B,0.5078380703926086,-0.0016797336284071207,0.5,0.0,-12.088881990440509,16.614565252744306,1.5240311467202083,11.066187775186775
1773751997.0829065,1773751997082914006,Sr02_gB_IMG1_LID1_STA1_CFC64_OH0,0317_1352,B,0.5042768716812134,0.0032243141904473305,0.5,0.0,-12.085730857305816,16.689487428826524,1.5343853021140648,10.994038041218749
1773751997.2021952,1773751997202202328,Sr02_gB_IMG1_LID1_STA1_CFC64_OH0,0317_1352,B,0.5002392530441284,0.0008969451300799847,0.5,0.0,-12.084082380371886,16.73946014507996,1.5412561878953426,10.946078452934028
1773751997.3270476,1773751997327055312,Sr02_gB_IMG1_LID1_STA1_CFC64_OH0,0317_1352,B,0.5030671954154968,-0.0010627133306115866,0.5,0.0,-12.082051972387633,16.8144212157248,1.5452597482876795,10.874311720755705
1773751997.4490452,1773751997449053553,Sr02_gB_IMG1_LID1_STA1_CFC64_OH0,0317_1352,B,0.4963299632072449,-0.0019799938891083,0.5,0.0,-12.080773362302383,16.86440486142803,1.5451829100323413,10.826506243411071
1773751997.5746531,1773751997574661260,Sr02_gB_IMG1_LID1_STA1_CFC64_OH0,0317_1352,B,0.49942633509635925,0.0019967942498624325,0.5,0.0,-12.079488987323366,16.914388359294712,1.5450290889798903,10.778718978420828
1773751997.7038343,1773751997703842025,Sr02_gB_IMG1_LID1_STA1_CFC64_OH0,0317_1352,B,0.5017221570014954,-0.0006623608060181141,0.5,0.0,-12.077547499602826,16.9893632209682,1.544781374890039,10.707071542436921
1773751997.8221834,1773751997822191045,Sr02_gB_IMG1_LID1_STA1_CFC64_OH0,0317_1352,B,0.5002246499061584,-0.002896328456699848,0.5,0.0,-12.075610651122343,17.064338202220977,1.5451461578618666,10.6354717197759
1773751997.943941,1773751997943947600,Sr02_gB_IMG1_LID1_STA1_CFC64_OH0,0317_1352,B,0.5028795003890991,-1.1403579264879227e-05,0.5,0.0,-12.074330525010943,17.11432180911836,1.5452358522666068,10.587767993987649
1773751998.0629852,1773751998062992623,Sr02_gB_IMG1_LID1_STA1_CFC64_OH0,0317_1352,B,0.5038712620735168,-0.0006893468089401722,0.5,0.0,-12.073049984684273,17.164305405398594,1.5451295826068807,10.54008542906726
1773751998.1870334,1773751998187047061,Sr02_gB_IMG1_LID1_STA1_CFC64_OH0,0317_1352,B,0.5026055574417114,-0.0024489881470799446,0.5,0.0,-12.071116311031886,17.239280468998935,1.544939635908449,10.468598220692833
1773751998.310488,1773751998310495056,Sr02_gB_IMG1_LID1_STA1_CFC64_OH0,0317_1352,B,0.5009388327598572,-0.003439741674810648,0.5,0.0,-12.069828610929097,17.289263881278902,1.5451393147709567,10.42096794637401
1773751998.4344647,1773751998434472649,Sr02_gB_IMG1_LID1_STA1_CFC64_OH0,0317_1352,B,0.501697838306427,-0.0015077495481818914,0.5,0.0,-12.067902749099048,17.364239146125023,1.5450665543544027,10.349566196224142
1773751998.5549767,1773751998554985069,Sr02_gB_IMG1_LID1_STA1_CFC64_OH0,0317_1352,B,0.5074435472488403,-0.002850308082997799,0.5,0.0,-12.06660916418473,17.414222406358515,1.54477692369187,10.301990452381729
1773751998.6802273,1773751998680233178,Sr02_gB_IMG1_LID1_STA1_CFC64_OH0,0317_1352,B,0.5006945133209229,0.0015002237632870674,0.5,0.0,-12.064651957267458,17.489196859509384,1.5446751049815977,10.230664964381397
1773751998.8024862,1773751998802493463,Sr02_gB_IMG1_LID1_STA1_CFC64_OH0,0317_1352,B,0.49948209524154663,0.0004908409900963306,0.5,0.0,-12.063344322006058,17.539179754304012,1.544606170453666,10.183143090120804
1773751998.9283483,1773751998928355780,Sr02_gB_IMG1_LID1_STA1_CFC64_OH0,0317_1352,B,0.5028336644172668,-0.0015180157497525215,0.5,0.0,-12.06202967921711,17.589162465168005,1.544378869770579,10.135642865333107
1773751999.0534,1773751999053408311,Sr02_gB_IMG1_LID1_STA1_CFC64_OH0,0317_1352,B,0.5029914975166321,-0.0025168436113744974,0.5,0.0,-12.060032353867719,17.664135859588225,1.5439124477167572,10.064429943171788
1773751999.180856,1773751999180863942,Sr02_gB_IMG1_LID1_STA1_CFC64_OH0,0317_1352,B,0.5049057006835938,0.0008050082251429558,0.5,0.0,-12.058007693633114,17.73910852134891,1.5436594339970067,9.993263763585801
1773751999.30372,1773751999303728186,Sr02_gB_IMG1_LID1_STA1_CFC64_OH0,0317_1352,B,0.5039840340614319,0.00024412618950009346,0.5,0.0,-12.05664389249317,17.78908991501213,1.5433744037345307,9.945846481124695
1773751999.42454,1773751999424548316,Sr02_gB_IMG1_LID1_STA1_CFC64_OH0,0317_1352,B,0.5003101825714111,-0.0011893811170011759,0.5,0.0,-12.055274651543572,17.839071160076664,1.5434809172891795,9.898452878308001
1773751999.5464127,1773751999546420660,Sr02_gB_IMG1_LID1_STA1_CFC64_OH0,0317_1352,B,0.5019477009773254,-0.001738524530082941,0.5,0.0,-12.053229692039825,17.914043271057416,1.5435445504755008,9.827413771703483
1773751999.6667473,1773751999666754853,Sr02_gB_IMG1_LID1_STA1_CFC64_OH0,0317_1352,B,0.5002283453941345,-0.0009412390645593405,0.5,0.0,-12.051863478361438,17.964024598954744,1.5433927495767812,9.780086285318253
1773751999.7906473,1773751999790655101,Sr02_gB_IMG1_LID1_STA1_CFC64_OH0,0317_1352,B,0.49986621737480164,-0.0007836862932890654,0.5,0.0,-12.049796337465175,18.038996101231824,1.5430451892036894,9.70913948331412
1773751999.9136155,1773751999913621137,Sr02_gB_IMG1_LID1_STA1_CFC64_OH0,0317_1352,B,0.4991263151168823,0.0008309110999107361,0.5,0.0,-12.048409393135696,18.08897685820234,1.5430924688886498,9.661872734117114
1773752000.032523,1773752000032532166,Sr02_gB_IMG1_LID1_STA1_CFC64_OH0,0317_1352,B,0.49919426441192627,0.0008090990595519543,0.5,0.0,-12.046333613069493,18.163948122186966,1.543120362739438,9.591026111225297
1773752000.1547468,1773752000154756213,Sr02_gB_IMG1_LID1_STA1_CFC64_OH0,0317_1352,B,0.49989569187164307,0.0008659837767481804,0.5,0.0,-12.044947019311225,18.21392888886576,1.5430014251276771,9.543829383646568
1773752000.2809887,1773752000280995391,Sr02_gB_IMG1_LID1_STA1_CFC64_OH0,0317_1352,B,0.5020932555198669,-3.640167415142059e-05,0.5,0.0,-12.04355380853096,18.26390947150786,1.5428440476546126,9.496659145921624
1773752000.4062262,1773752000406233922,Sr02_gB_IMG1_LID1_STA1_CFC64_OH0,0317_1352,B,0.5046796798706055,0.00024752039462327957,0.5,0.0,-12.041450754432045,18.33887997530135,1.5426789428909722,9.425954051054898
1773752000.5274982,1773752000527505974,Sr02_gB_IMG1_LID1_STA1_CFC64_OH0,0317_1352,B,0.4970112144947052,-0.0031586887780576944,0.5,0.0,-12.040043037313135,18.388860151513914,1.542598998744136,9.3788524777535
1773752000.650407,1773752000650414702,Sr02_gB_IMG1_LID1_STA1_CFC64_OH0,0317_1352,B,0.4949347972869873,0.0025126999244093895,0.5,0.0,-12.037928993199705,18.463830346260167,1.5426588320716772,9.308255972993091
1773752000.7764068,1773752000776414518,Sr02_gB_IMG1_LID1_STA1_CFC64_OH0,0317_1352,B,0.5004181265830994,-1.0269228368997574e-05,0.5,0.0,-12.036524326132113,18.513810608285006,1.5427397418499451,9.261231696562678
1773752000.9017406,1773752000901748409,Sr02_gB_IMG1_LID1_STA1_CFC64_OH0,0317_1352,B,0.5007574558258057,-0.0005461550317704678,0.5,0.0,-12.034425112541337,18.588781219735385,1.5428679326217505,9.190756857906337
1773752001.027237,1773752001027244336,Sr02_gB_IMG1_LID1_STA1_CFC64_OH0,0317_1352,B,0.504152238368988,0.00011839019134640694,0.5,0.0,-12.03302921197232,18.638761727381727,1.5428733169905327,9.143814863292311
1773752001.1474612,1773752001147467049,Sr02_gB_IMG1_LID1_STA1_CFC64_OH0,0317_1352,B,0.4960499107837677,0.00011225882917642593,0.5,0.0,-12.03093635936503,18.71373251672102,1.5428735454004787,9.073463479157725
1773752001.272865,1773752001272873647,Sr02_gB_IMG1_LID1_STA1_CFC64_OH0,0317_1352,B,0.4990828335285187,0.0012971018441021442,0.5,0.0,-12.029532508226833,18.763712801475926,1.542557677764988,9.02660112873124
1773752001.3901434,1773752001390151126,Sr02_gB_IMG1_LID1_STA1_CFC64_OH0,0317_1352,B,0.49939411878585815,0.0019468236714601517,0.5,0.0,-12.027421082416529,18.838683069669397,1.5428211502089135,8.956369237592112
1773752001.5102687,1773752001510275634,Sr02_gB_IMG1_LID1_STA1_CFC64_OH0,0317_1352,B,0.5031156539916992,-0.0005648825317621231,0.5,0.0,-12.026023678471097,18.888663535304957,1.5428453548685874,8.909594774999949
1773752001.6348958,1773752001634903564,Sr02_gB_IMG1_LID1_STA1_CFC64_OH0,0317_1352,B,0.49980151653289795,-0.0006075466517359018,0.5,0.0,-12.023924962743045,18.96363416072659,1.5427754360815829,8.839498361011467
1773752001.7589147,1773752001758923066,Sr02_gB_IMG1_LID1_STA1_CFC64_OH0,0317_1352,B,0.49955496191978455,0.0022762147709727287,0.5,0.0,-12.022524397484258,19.013614537876204,1.5427872749397744,8.792811862186268
1773752001.8772697,1773752001877277546,Sr02_gB_IMG1_LID1_STA1_CFC64_OH0,0317_1352,B,0.49994879961013794,0.0024242918007075787,0.5,0.0,-12.021124414136908,19.063594931327504,1.54279862343607,8.746162203341893
1773752001.9968863,1773752001996893816,Sr02_gB_IMG1_LID1_STA1_CFC64_OH0,0317_1352,B,0.5015116930007935,0.0021254979074001312,0.5,0.0,-12.01903049599276,19.138565690809365,1.5429694906662514,8.676259897188492
1773752002.121346,1773752002121354070,Sr02_gB_IMG1_LID1_STA1_CFC64_OH0,0317_1352,B,0.4996742308139801,0.0023392844013869762,0.5,0.0,-12.017643890484429,19.188546457114207,1.5431576750101692,8.629709331795933
1773752002.2424455,1773752002242453365,Sr02_gB_IMG1_LID1_STA1_CFC64_OH0,0317_1352,B,0.5014880895614624,-0.001226284308359027,0.5,0.0,-12.015574606353823,19.263517900662524,1.5431729861578114,8.559960357091958
1773752002.3647757,1773752002364783643,Sr02_gB_IMG1_LID1_STA1_CFC64_OH0,0317_1352,B,0.5010356903076172,-0.0004425123333930969,0.5,0.0,-12.01419209676919,19.31349878050156,1.5431122316011034,8.51350953158824
1773752002.487381,1773752002487390010,Sr02_gB_IMG1_LID1_STA1_CFC64_OH0,0317_1352,B,0.5003977417945862,0.000325710978358984,0.5,0.0,-12.012124817925478,19.388470279061472,1.543395985917529,8.44391173489472
1773752002.6139412,1773752002613948510,Sr02_gB_IMG1_LID1_STA1_CFC64_OH0,0317_1352,B,0.5001351833343506,-3.652554005384445e-05,0.5,0.0,-12.010761030844396,19.438451673155235,1.5436384145877837,8.39757030344243
1773752002.736905,1773752002736914045,Sr02_gB_IMG1_LID1_STA1_CFC64_OH0,0317_1352,B,0.4969196319580078,0.0007544839754700661,0.5,0.0,-12.008736611363215,19.513424341272287,1.5439623646585634,8.328145590056705
1773752002.8623648,1773752002862372341,Sr02_gB_IMG1_LID1_STA1_CFC64_OH0,0317_1352,B,0.49376150965690613,0.0018927594646811485,0.5,0.0,-12.007400920458993,19.56340649410116,1.544196292670554,8.281921784270336
1773752002.9890337,1773752002989051779,Sr02_gB_IMG1_LID1_STA1_CFC64_OH0,0317_1352,B,0.49750110507011414,-0.0013342185411602259,0.5,0.0,-12.005404424354206,19.638379911251977,1.5441071768450951,8.212671748461815
1773752003.1077197,1773752003107727595,Sr02_gB_IMG1_LID1_STA1_CFC64_OH0,0317_1352,B,0.5003795027732849,0.0009848070330917835,0.5,0.0,-12.004069019475194,19.68836207183352,1.5440629256711895,8.16655977313327
1773752003.2319887,1773752003231996808,Sr02_gB_IMG1_LID1_STA1_CFC64_OH0,0317_1352,B,0.5024961233139038,-0.0004769866354763508,0.5,0.0,-12.002733322670643,19.738344224616636,1.5440954961279068,8.120493701641987
1773752003.3522515,1773752003352260408,Sr02_gB_IMG1_LID1_STA1_CFC64_OH0,0317_1352,B,0.5006267428398132,-0.00026842812076210976,0.5,0.0,-12.000731754314478,19.813317506596782,1.5441124166655007,8.05148338044695
1773752003.4766662,1773752003476673272,Sr02_gB_IMG1_LID1_STA1_CFC64_OH0,0317_1352,B,0.4972219169139862,-0.0007358095608651638,0.5,0.0,-11.999399602747205,19.863299753985583,1.5441878647711185,8.005537240819907
1773752003.5942738,1773752003594280754,Sr02_gB_IMG1_LID1_STA1_CFC64_OH0,0317_1352,B,0.5003750920295715,0.0018772012554109097,0.5,0.0,-11.997413253636225,19.93827344049149,1.5444490118828849,7.936714661600647
1773752003.7145858,1773752003714594629,Sr02_gB_IMG1_LID1_STA1_CFC64_OH0,0317_1352,B,0.49597835540771484,0.002457495778799057,0.5,0.0,-11.996092706117274,19.988255995783295,1.5443155927162653,7.890896973498974
1773752003.8416884,1773752003841696203,Sr02_gB_IMG1_LID1_STA1_CFC64_OH0,0317_1352,B,0.4984923005104065,0.0015512630343437195,0.5,0.0,-11.994112384232428,20.063229841904214,1.5444486946494567,7.822266701607692
1773752003.9633474,1773752003963355565,Sr02_gB_IMG1_LID1_STA1_CFC64_OH0,0317_1352,B,0.4995344877243042,-0.00013094674795866013,0.5,0.0,-11.992793963087934,20.113212453362944,1.5444009963753216,7.776579277265946
1773752004.092915,1773752004092923439,Sr02_gB_IMG1_LID1_STA1_CFC64_OH0,0317_1352,B,0.49910834431648254,-0.0011056261137127876,0.5,0.0,-11.99147349141744,20.163195010694157,1.5443699822840984,7.730944389942156
1773752004.214495,1773752004214502650,Sr02_gB_IMG1_LID1_STA1_CFC64_OH0,0317_1352,B,0.49933913350105286,-0.0027248081751167774,0.5,0.0,-11.989489068978981,20.238168748431086,1.544282980421905,7.662592672760827
1773752004.3333457,1773752004333354699,Sr02_gB_IMG1_LID1_STA1_CFC64_OH0,0317_1352,B,0.5026332139968872,0.0005505550652742386,0.5,0.0,-11.988168248316018,20.28815129646993,1.544470698240931,7.617095257414261
1773752004.4521246,1773752004452132317,Sr02_gB_IMG1_LID1_STA1_CFC64_OH0,0317_1352,B,0.5011532306671143,-0.0018309368751943111,0.5,0.0,-11.986206607688976,20.363125633374814,1.5448037887680204,7.5489641620010435
1773752004.5790126,1773752004579019416,Sr02_gB_IMG1_LID1_STA1_CFC64_OH0,0317_1352,B,0.5019318461418152,0.0002196338027715683,0.5,0.0,-11.984911004054341,20.413108841447247,1.5449589148714677,7.503621362152823
1773752004.6968887,1773752004696896567,Sr02_gB_IMG1_LID1_STA1_CFC64_OH0,0317_1352,B,0.5034400820732117,-0.0007688796613365412,0.5,0.0,-11.982975031933728,20.488083845938384,1.5449729183192464,7.435722302595234
1773752004.8174584,1773752004817466544,Sr02_gB_IMG1_LID1_STA1_CFC64_OH0,0317_1352,B,0.5041748285293579,-0.0013113520108163357,0.5,0.0,-11.981681241987063,20.53806710101467,1.5448623566345174,7.390531191775863
1773752004.9404507,1773752004940458319,Sr02_gB_IMG1_LID1_STA1_CFC64_OH0,0317_1352,B,0.4985368847846985,-0.00010444223880767822,0.5,0.0,-11.97972469575511,20.6130415710173,1.544567717543764,7.3228548643069304
1773752005.0619576,1773752005061965033,Sr02_gB_IMG1_LID1_STA1_CFC64_OH0,0317_1352,B,0.5002197027206421,0.00047968560829758644,0.5,0.0,-11.97841479163844,20.6630244064069,1.544622772765982,7.2778146627252145
1773752005.1832974,1773752005183305103,Sr02_gB_IMG1_LID1_STA1_CFC64_OH0,0317_1352,B,0.5011422634124756,0.002419634722173214,0.5,0.0,-11.977103830340287,20.713007214031574,1.544487310961099,7.232839170173837
1773752005.3031545,1773752005303162557,Sr02_gB_IMG1_LID1_STA1_CFC64_OH0,0317_1352,B,0.5015809535980225,-7.917266339063644e-05,0.5,0.0,-11.975125711036126,20.787981118343396,1.5444177260424,7.165495636042899
1773752005.426673,1773752005426680454,Sr02_gB_IMG1_LID1_STA1_CFC64_OH0,0317_1352,B,0.5016024708747864,0.0014017624780535698,0.5,0.0,-11.973805012543979,20.83796366967135,1.544340838958437,7.120684107932676
1773752005.5456624,1773752005545668869,Sr02_gB_IMG1_LID1_STA1_CFC64_OH0,0317_1352,B,0.5026645660400391,0.0011771242134273052,0.5,0.0,-11.971814927558421,20.912937257243147,1.5441845483415308,7.053593521286734
1773752005.6690612,1773752005669068332,Sr02_gB_IMG1_LID1_STA1_CFC64_OH0,0317_1352,B,0.5004414319992065,-0.000900729326531291,0.5,0.0,-11.970484234749412,20.96291954350168,1.544174104063165,7.008953750141284
1773752005.7869244,1773752005786932678,Sr02_gB_IMG1_LID1_STA1_CFC64_OH0,0317_1352,B,0.5023477077484131,0.0009378553368151188,0.5,0.0,-11.968490077917957,21.037893022965985,1.5442402150708228,6.942131968019811
1773752005.9041998,1773752005904209176,Sr02_gB_IMG1_LID1_STA1_CFC64_OH0,0317_1352,B,0.49865707755088806,-0.0005208761431276798,0.5,0.0,-11.967168475366787,21.08787555028823,1.5444821766628378,6.897681130864668
1773752006.0279508,1773752006027958258,Sr02_gB_IMG1_LID1_STA1_CFC64_OH0,0317_1352,B,0.49870628118515015,-0.00044595077633857727,0.5,0.0,-11.96585272200287,21.137858232049556,1.5444742613215363,6.853309476830381
1773752006.148498,1773752006148508499,Sr02_gB_IMG1_LID1_STA1_CFC64_OH0,0317_1352,B,0.5006637573242188,0.0002285027876496315,0.5,0.0,-11.96388367943915,21.212832375201405,1.5446400962345757,6.7869008816311505
1773752006.2675223,1773752006267529907,Sr02_gB_IMG1_LID1_STA1_CFC64_OH0,0317_1352,B,0.5021712183952332,-0.00042549287900328636,0.5,0.0,-11.962579065587363,21.26281534893025,1.5447600550142573,6.7427323855148655
1773752006.3856153,1773752006385622954,Sr02_gB_IMG1_LID1_STA1_CFC64_OH0,0317_1352,B,0.5022112131118774,-0.00041646696627140045,0.5,0.0,-11.961276134809598,21.31279836657493,1.5446907623203174,6.698646665092268
1773752006.5081604,1773752006508169169,Sr02_gB_IMG1_LID1_STA1_CFC64_OH0,0317_1352,B,0.49982184171676636,-0.0008406674023717642,0.5,0.0,-11.959317969934277,21.387772794704265,1.5447395099010879,6.632673587505205
1773752006.6300619,1773752006630069535,Sr02_gB_IMG1_LID1_STA1_CFC64_OH0,0317_1352,B,0.5021100044250488,0.001553534995764494,0.5,0.0,-11.95801397490156,21.437755784604725,1.544687423488165,6.5887995330533276
1773752006.757125,1773752006757133177,Sr02_gB_IMG1_LID1_STA1_CFC64_OH0,0317_1352,B,0.4999578893184662,0.001972923055291176,0.5,0.0,-11.95605337045495,21.512730148988616,1.5446182831665018,6.523151507152872
1773752006.8781543,1773752006878161409,Sr02_gB_IMG1_LID1_STA1_CFC64_OH0,0317_1352,B,0.4999774098396301,0.001985155511647463,0.5,0.0,-11.954744868631748,21.56271302111454,1.544634388367177,6.47949823416002
1773752007.0012107,1773752007001219288,Sr02_gB_IMG1_LID1_STA1_CFC64_OH0,0317_1352,B,0.5013065338134766,0.00036109844222664833,0.5,0.0,-11.952781028640262,21.637687300820264,1.5445771049861108,6.414191542327991
1773752007.1140592,1773752007114066554,Sr02_gB_IMG1_LID1_STA1_CFC64_OH0,0317_1352,B,0.5011577010154724,0.00041964929550886154,0.5,0.0,-11.951469166422127,21.68767008485729,1.5445312165874996,6.370771037331931
1773752007.2359064,1773752007235912397,Sr02_gB_IMG1_LID1_STA1_CFC64_OH0,0317_1352,B,0.5022223591804504,-0.0006694262847304344,0.5,0.0,-11.950153961048269,21.737652781026608,1.5444471500751311,6.327445999656441
1773752007.3574567,1773752007357464177,Sr02_gB_IMG1_LID1_STA1_CFC64_OH0,0317_1352,B,0.5022363066673279,-0.0006608350668102503,0.5,0.0,-11.94818189050438,21.812626844579462,1.5446083521568135,6.262645324273626
1773752007.481072,1773752007481080849,Sr02_gB_IMG1_LID1_STA1_CFC64_OH0,0317_1352,B,0.49882668256759644,-0.000999970594421029,0.5,0.0,-11.94687737297909,21.8626098207716,1.5448014499449745,6.219577437955501
1773752007.60253,1773752007602537689,Sr02_gB_IMG1_LID1_STA1_CFC64_OH0,0317_1352,B,0.4990825355052948,-0.0007446384988725185,0.5,0.0,-11.94493906083882,21.937584764534268,1.5450823715061377,6.1551816564494946
1773752007.7248037,1773752007724811550,Sr02_gB_IMG1_LID1_STA1_CFC64_OH0,0317_1352,B,0.4991077184677124,-0.0007331848610192537,0.5,0.0,-11.94365440729892,21.987568255289165,1.5451184816372825,6.11238941090533
1773752007.8450649,1773752007845071974,Sr02_gB_IMG1_LID1_STA1_CFC64_OH0,0317_1352,B,0.5023225545883179,0.0005107377655804157,0.5,0.0,-11.941730913012371,22.06254358093017,1.5451578916538926,6.048410209867237
1773752007.9681308,1773752007968139020,Sr02_gB_IMG1_LID1_STA1_CFC64_OH0,0317_1352,B,0.5042303800582886,-0.0007054891902953386,0.5,0.0,-11.940447458763757,22.112527102487455,1.545090949199506,6.005898497667553
1773752008.0856833,1773752008085690657,Sr02_gB_IMG1_LID1_STA1_CFC64_OH0,0317_1352,B,0.5003543496131897,-0.0018540224991738796,0.5,0.0,-11.939160675886656,22.16251053846294,1.5450247798822963,5.963501180835132
1773752008.2043092,1773752008204317200,Sr02_gB_IMG1_LID1_STA1_CFC64_OH0,0317_1352,B,0.5003600120544434,-0.0018502157181501389,0.5,0.0,-11.937223288843372,22.23748550634472,1.5448909033726579,5.900124567587129
1773752008.3213208,1773752008321331643,Sr02_gB_IMG1_LID1_STA1_CFC64_OH0,0317_1352,B,0.5015302896499634,0.0009636888280510902,0.5,0.0,-11.935926301653922,22.287468678573656,1.5448164395901514,5.858023107370702
1773752008.4426732,1773752008442680380,Sr02_gB_IMG1_LID1_STA1_CFC64_OH0,0317_1352,B,0.5023723244667053,0.001591971144080162,0.5,0.0,-11.934625606560058,22.33745175445102,1.5447427776066447,5.816044705358031
1773752008.5702622,1773752008570270915,Sr02_gB_IMG1_LID1_STA1_CFC64_OH0,0317_1352,B,0.5020238757133484,0.003694657701998949,0.5,0.0,-11.932670206835548,22.412426254767574,1.5447447519588038,5.753315157830132
1773752008.6928132,1773752008692820766,Sr02_gB_IMG1_LID1_STA1_CFC64_OH0,0317_1352,B,0.5017215609550476,0.0037677870132029057,0.5,0.0,-11.931366589938966,22.46240925452775,1.5446863663354644,5.711659833763069
1773752008.822264,1773752008822272281,Sr02_gB_IMG1_LID1_STA1_CFC64_OH0,0317_1352,B,0.49891218543052673,0.0026450278237462044,0.5,0.0,-11.929401125534197,22.537383491484277,1.544454243617182,5.649425059894618
1773752008.9408438,1773752008940851305,Sr02_gB_IMG1_LID1_STA1_CFC64_OH0,0317_1352,B,0.5016350150108337,0.0021815085783600807,0.5,0.0,-11.928079549858593,22.587366019567558,1.5442692223471681,5.6081023854535905
1773752009.0626564,1773752009062664387,Sr02_gB_IMG1_LID1_STA1_CFC64_OH0,0317_1352,B,0.5009030699729919,0.00046315882354974747,0.5,0.0,-11.926089973050246,22.662339620686872,1.5443293562834173,5.546382147032245
1773752009.180886,1773752009180894172,Sr02_gB_IMG1_LID1_STA1_CFC64_OH0,0317_1352,B,0.5007789731025696,0.0006237151101231575,0.5,0.0,-11.924770459287762,22.712322203265995,1.544482269843825,5.505422495208007
1773752009.3020885,1773752009302098386,Sr02_gB_IMG1_LID1_STA1_CFC64_OH0,0317_1352,B,0.4988868534564972,3.446824848651886e-05,0.5,0.0,-11.922816386005197,22.787296737225077,1.5450161704040457,5.4442809033318
1773752009.4238033,1773752009423811288,Sr02_gB_IMG1_LID1_STA1_CFC64_OH0,0317_1352,B,0.4993762969970703,-0.000985035439953208,0.5,0.0,-11.921536937396471,22.837280361190146,1.5453929484735378,5.403727478403487
1773752009.5468478,1773752009546854069,Sr02_gB_IMG1_LID1_STA1_CFC64_OH0,0317_1352,B,0.4996568560600281,-0.0013166314456611872,0.5,0.0,-11.920274525799494,22.887264418488627,1.5456799068294516,5.363343633775556
1773752009.6740096,1773752009674016728,Sr02_gB_IMG1_LID1_STA1_CFC64_OH0,0317_1352,B,0.500676155090332,-0.0007505032699555159,0.5,0.0,-11.918403908342759,22.962241081696806,1.5460164033054944,5.303088952122873
1773752009.7978013,1773752009797809773,Sr02_gB_IMG1_LID1_STA1_CFC64_OH0,0317_1352,B,0.5028976202011108,0.0003088517114520073,0.5,0.0,-11.917167012600938,23.012225777068046,1.5460799038964217,5.263135833102267
1773752009.9191425,1773752009919149883,Sr02_gB_IMG1_LID1_STA1_CFC64_OH0,0317_1352,B,0.5030739307403564,-0.008030451834201813,0.5,0.0,-11.91531654500853,23.087202940610176,1.5461611465124931,5.203534791790673
1773752010.0437696,1773752010043776690,Sr02_gB_IMG1_LID1_STA1_CFC64_OH0,0317_1352,B,0.5040056109428406,-0.010242562741041183,0.5,0.0,-11.914084996809564,23.137187768028433,1.5461645934572337,5.16402504604611
1773752010.1691694,1773752010169177247,Sr02_gB_IMG1_LID1_STA1_CFC64_OH0,0317_1352,B,0.5006819367408752,-0.0008126476313918829,0.5,0.0,-11.912233691515647,23.21216491085318,1.5460372292034688,5.105102827754643
1773752010.2905948,1773752010290603299,Sr02_gB_IMG1_LID1_STA1_CFC64_OH0,0317_1352,B,0.5008924007415771,-0.0011524648871272802,0.5,0.0,-11.910992730100025,23.26214950542182,1.5459088824825933,5.066053237694432
1773752010.415342,1773752010415349691,Sr02_gB_IMG1_LID1_STA1_CFC64_OH0,0317_1352,B,0.5020209550857544,0.00040875980630517006,0.5,0.0,-11.909121760443986,23.337126160144738,1.5458012384180513,5.007837922558295
1773752010.533017,1773752010533026524,Sr02_gB_IMG1_LID1_STA1_CFC64_OH0,0317_1352,B,0.5023350715637207,0.0006092493422329426,0.5,0.0,-11.907872908108516,23.38711055821814,1.5458321233130072,4.969276712600525
1773752010.6581025,1773752010658110954,Sr02_gB_IMG1_LID1_STA1_CFC64_OH0,0317_1352,B,0.49835267663002014,-0.0020769822876900434,0.5,0.0,-11.905967302340992,23.462086336543607,1.544794349687418,4.911800722254602
1773752010.7826252,1773752010782635008,Sr02_gB_IMG1_LID1_STA1_CFC64_OH0,0317_1352,B,0.4995008111000061,0.0006940369494259357,0.5,0.0,-11.904641752662263,23.512068757277635,1.5437700967812673,4.873712129057227
1773752010.9068696,1773752010906876178,Sr02_gB_IMG1_LID1_STA1_CFC64_OH0,0317_1352,B,0.5013430118560791,-0.00037856539711356163,0.5,0.0,-11.902610453824305,23.587041239594985,1.543644794640792,4.816959396337846
1773752011.027182,1773752011027189391,Sr02_gB_IMG1_LID1_STA1_CFC64_OH0,0317_1352,B,0.5018377304077148,-0.0012179408222436905,0.5,0.0,-11.90125016400962,23.63702272908721,1.5435295484129588,4.7793996660730285
1773752011.1516771,1773752011151684671,Sr02_gB_IMG1_LID1_STA1_CFC64_OH0,0317_1352,B,0.5027285814285278,-0.00023066392168402672,0.5,0.0,-11.899886611003877,23.687004129687736,1.5435391986893165,4.742067463927647
1773752011.2715225,1773752011271529942,Sr02_gB_IMG1_LID1_STA1_CFC64_OH0,0317_1352,B,0.5014250874519348,0.0001739109866321087,0.5,0.0,-11.897845724811438,23.76197635165396,1.5436265760035535,4.6865148012684426
1773752011.3966122,1773752011396619782,Sr02_gB_IMG1_LID1_STA1_CFC64_OH0,0317_1352,B,0.49860185384750366,-0.0003299335949122906,0.5,0.0,-11.896482214062964,23.811957753319266,1.5434188801699869,4.649781060826728
1773752011.5202448,1773752011520252114,Sr02_gB_IMG1_LID1_STA1_CFC64_OH0,0317_1352,B,0.500265896320343,-0.0009010902140289545,0.5,0.0,-11.894425835829779,23.886929551967558,1.5434014174198802,4.595142316114107
1773752011.6397824,1773752011639789545,Sr02_gB_IMG1_LID1_STA1_CFC64_OH0,0317_1352,B,0.4993678629398346,-0.00010677101090550423,0.5,0.0,-11.893055315723409,23.936910762010097,1.543363561170599,4.559038432051844
1773752011.7605016,1773752011760509646,Sr02_gB_IMG1_LID1_STA1_CFC64_OH0,0317_1352,B,0.5009265542030334,0.0006858217529952526,0.5,0.0,-11.890992442882306,24.011882382158557,1.5431976584693872,4.505375597202959
1773752011.8775,1773752011877507438,Sr02_gB_IMG1_LID1_STA1_CFC64_OH0,0317_1352,B,0.500551164150238,0.000724222045391798,0.5,0.0,-11.889612108252681,24.061863322118256,1.5431745913594956,4.469937988208448
1773752012.0022447,1773752012002252077,Sr02_gB_IMG1_LID1_STA1_CFC64_OH0,0317_1352,B,0.5029075741767883,0.001525375060737133,0.5,0.0,-11.888231631777769,24.111844258159806,1.543191982120105,4.434780836287858
1773752012.120744,1773752012120750369,Sr02_gB_IMG1_LID1_STA1_CFC64_OH0,0317_1352,B,0.5007283091545105,-0.0015272325836122036,0.5,0.0,-11.886161023327713,24.186815665154104,1.5431626462976544,4.382585984212475
1773752012.2428226,1773752012242830043,Sr02_gB_IMG1_LID1_STA1_CFC64_OH0,0317_1352,B,0.5007804036140442,0.0006052339449524879,0.5,0.0,-11.884777777229669,24.236796524608064,1.5430839609743612,4.348157979264553
1773752012.3644114,1773752012364419864,Sr02_gB_IMG1_LID1_STA1_CFC64_OH0,0317_1352,B,0.498198926448822,-0.0008989917114377022,0.5,0.0,-11.882697903935043,24.311767675150435,1.5430520583830403,4.297085986234575
1773752012.485417,1773752012485425874,Sr02_gB_IMG1_LID1_STA1_CFC64_OH0,0317_1352,B,0.5017868280410767,0.0008593122474849224,0.5,0.0,-11.881312582427222,24.361748477128625,1.5431206398396629,4.263432036561226
1773752012.606624,1773752012606633544,Sr02_gB_IMG1_LID1_STA1_CFC64_OH0,0317_1352,B,0.5002195239067078,-0.0004782197065651417,0.5,0.0,-11.879241245537026,24.436719863964388,1.5432441434010777,4.21356463755859
1773752012.728918,1773752012728925859,Sr02_gB_IMG1_LID1_STA1_CFC64_OH0,0317_1352,B,0.5001624822616577,0.0013701803982257843,0.5,0.0,-11.877867622730783,24.486700988787142,1.543396680610147,4.180742256011242
1773752012.8478117,1773752012847819987,Sr02_gB_IMG1_LID1_STA1_CFC64_OH0,0317_1352,B,0.5005039572715759,0.000828188844025135,0.5,0.0,-11.876496741672273,24.536682188900024,1.5433050119903622,4.148264942762724
1773752012.9756994,1773752012975707663,Sr02_gB_IMG1_LID1_STA1_CFC64_OH0,0317_1352,B,0.5021675825119019,0.0010346700437366962,0.5,0.0,-11.874431894545747,24.611653754783294,1.5432891721499538,4.100203331966537
1773752013.1002748,1773752013100282793,Sr02_gB_IMG1_LID1_STA1_CFC64_OH0,0317_1352,B,0.5011307597160339,-0.0007703446317464113,0.5,0.0,-11.873054463765776,24.661634774838515,1.543199274276902,4.068614272171152
1773752013.221001,1773752013221007953,Sr02_gB_IMG1_LID1_STA1_CFC64_OH0,0317_1352,B,0.5053983926773071,1.6848091036081314e-05,0.5,0.0,-11.870986086480327,24.73660624339647,1.5432486708740762,4.0219292709440975
1773752013.34201,1773752013342017910,Sr02_gB_IMG1_LID1_STA1_CFC64_OH0,0317_1352,B,0.5043712854385376,0.0003932137042284012,0.5,0.0,-11.869607682885308,24.78658723664479,1.5432008490609688,3.991285961816898
1773752013.4657626,1773752013465772814,Sr02_gB_IMG1_LID1_STA1_CFC64_OH0,0317_1352,B,0.4977573752403259,-0.0014183144085109234,0.5,0.0,-11.867543402323635,24.86155881802777,1.5433694064284955,3.946065450754691
1773752013.5926547,1773752013592662167,Sr02_gB_IMG1_LID1_STA1_CFC64_OH0,0317_1352,B,0.4937847852706909,-0.0012813182547688484,0.5,0.0,-11.866174298025408,24.911540066861704,1.5434522255921745,3.916432051801552
1773752013.7156115,1773752013715619547,Sr02_gB_IMG1_LID1_STA1_CFC64_OH0,0317_1352,B,0.49613863229751587,-0.0021993527188897133,0.5,0.0,-11.864128965558798,24.986512167623214,1.5435651323007373,3.8727740655151446
1773752013.8351955,1773752013835203766,Sr02_gB_IMG1_LID1_STA1_CFC64_OH0,0317_1352,B,0.4971802234649658,-0.001444370485842228,0.5,0.0,-11.862765649050852,25.03649357466506,1.5434880980706254,3.8442064334802732
1773752013.958485,1773752013958493161,Sr02_gB_IMG1_LID1_STA1_CFC64_OH0,0317_1352,B,0.49829044938087463,0.059513967484235764,0.5,0.0,-11.860717395419169,25.111465595738142,1.5434940434315767,3.8021827336039227
1773752014.0835211,1773752014083529250,Sr02_gB_IMG1_LID1_STA1_CFC64_OH0,0317_1352,B,0.495341420173645,0.11437138170003891,0.5,0.0,-11.859353433593528,25.161446985183122,1.5435333647314884,3.7747362279136216
1773752014.2034416,1773752014203448791,Sr02_gB_IMG1_LID1_STA1_CFC64_OH0,0317_1352,B,0.4946458339691162,0.10498597472906113,0.5,0.0,-11.857986910040172,25.211428304615094,1.5433915349087775,3.7477536486293137
1773752014.3255901,1773752014325598127,Sr02_gB_IMG1_LID1_STA1_CFC64_OH0,0317_1352,B,0.5001955032348633,-0.0010159006342291832,0.5,0.0,-11.855924326038014,25.28639993269068,1.5431952275022205,3.7081649182590657
1773752014.440982,1773752014440989149,Sr02_gB_IMG1_LID1_STA1_CFC64_OH0,0317_1352,B,0.5000667572021484,-0.002481421222910285,0.5,0.0,-11.854539386039573,25.336380745152542,1.5429844736221567,3.682376164763715
1773752014.568147,1773752014568154062,Sr02_gB_IMG1_LID1_STA1_CFC64_OH0,0317_1352,B,0.4993142783641815,-0.0015708748251199722,0.5,0.0,-11.852445097481533,25.41135149424776,1.5427602680159165,3.6446224843396764
1773752014.6942918,1773752014694299794,Sr02_gB_IMG1_LID1_STA1_CFC64_OH0,0317_1352,B,0.5012734532356262,-0.002085622400045395,0.5,0.0,-11.851181305094387,25.46132311549027,1.5484743035610842,3.620219525307861
1773752014.814045,1773752014814053682,Sr02_gB_IMG1_LID1_STA1_CFC64_OH0,0317_1352,B,0.5019862651824951,-0.002553325379267335,0.5,0.0,-11.850027838336775,25.536302206174224,1.5636067955999888,3.5852660965006233
1773752014.93527,1773752014935278886,Sr02_gB_IMG1_LID1_STA1_CFC64_OH0,0317_1352,B,0.5019598603248596,0.0007440131157636642,0.5,0.0,-11.84993082682257,25.586301879223406,1.5741053764582897,3.5632500606443505
1773752015.0582292,1773752015058237317,Sr02_gB_IMG1_LID1_STA1_CFC64_OH0,0317_1352,B,0.5096491575241089,-0.002340712584555149,0.5,0.0,-11.850188496892844,25.63624135291014,1.5761820629874415,3.542150084906373
1773752015.1832023,1773752015183213212,Sr02_gB_IMG1_LID1_STA1_CFC64_OH0,0317_1352,B,0.5107030272483826,0.0006584902293980122,0.5,0.0,-11.850579529911832,25.711240328342466,1.5758245067233754,3.511562146190589
1773752015.3052504,1773752015305263020,Sr02_gB_IMG1_LID1_STA1_CFC64_OH0,0317_1352,B,0.5021433234214783,0.0025546434335410595,0.5,0.0,-11.8508270106694,25.76123971265005,1.5756674188010151,3.491904156399938
1773752015.4305198,1773752015430526538,Sr02_gB_IMG1_LID1_STA1_CFC64_OH0,0317_1352,B,0.5005834102630615,0.0006938469596207142,0.5,0.0,-11.851181652001621,25.836238869129883,1.575370018748534,3.4635461270716004
1773752015.551287,1773752015551294359,Sr02_gB_IMG1_LID1_STA1_CFC64_OH0,0317_1352,B,0.4976107180118561,-0.0005080439150333405,0.5,0.0,-11.851404174720091,25.88623837065941,1.5751193640082404,3.4454052020014814
1773752015.6744158,1773752015674424093,Sr02_gB_IMG1_LID1_STA1_CFC64_OH0,0317_1352,B,0.49935227632522583,0.00011637946590781212,0.5,0.0,-11.851730118685465,25.96123765760555,1.5751671444356428,3.41937704525487
1773752015.8012245,1773752015801233025,Sr02_gB_IMG1_LID1_STA1_CFC64_OH0,0317_1352,B,0.5019857287406921,0.0037217740900814533,0.5,0.0,-11.851942807170179,26.011237201955318,1.5749330742172327,3.4028284259503057
1773752015.9187257,1773752015918733886,Sr02_gB_IMG1_LID1_STA1_CFC64_OH0,0317_1352,B,0.4987325966358185,0.0021271398290991783,0.5,0.0,-11.85225088244545,26.086236564434483,1.574979791021425,3.3792304797606114
1773752016.0399196,1773752016039927970,Sr02_gB_IMG1_LID1_STA1_CFC64_OH0,0317_1352,B,0.5027090311050415,-0.0009756756480783224,0.5,0.0,-11.85246644156781,26.136236096469027,1.5752352548344783,3.364345260615694
1773752016.1654353,1773752016165442792,Sr02_gB_IMG1_LID1_STA1_CFC64_OH0,0317_1352,B,0.4799422323703766,0.0023298650048673153,0.5,0.0,-11.852804582009401,26.211235329415338,1.575345922840925,3.34330972526691
1773752016.2865396,1773752016286547267,Sr02_gB_IMG1_LID1_STA1_CFC64_OH0,0317_1352,B,0.4955209195613861,-0.0026527326554059982,0.5,0.0,-11.853030806539227,26.261234814462423,1.5753013626673669,3.330151494654791
1773752016.4091516,1773752016409159306,Sr02_gB_IMG1_LID1_STA1_CFC64_OH0,0317_1352,B,0.49955877661705017,0.0006630402058362961,0.5,0.0,-11.853256348495483,26.311234302599583,1.5753130004619114,3.3176940245470976
1773752016.528718,1773752016528726803,Sr02_gB_IMG1_LID1_STA1_CFC64_OH0,0317_1352,B,0.5016332864761353,0.0034056571312248707,0.5,0.0,-11.853608731577669,26.386233469212065,1.5757631012416682,3.3003539540930227
1773752016.6475177,1773752016647524739,Sr02_gB_IMG1_LID1_STA1_CFC64_OH0,0317_1352,B,0.5023991465568542,-0.0012480434961616993,0.5,0.0,-11.853863144525972,26.436232818679755,1.5759917624134052,3.289712262649655
1773752016.763813,1773752016763820918,Sr02_gB_IMG1_LID1_STA1_CFC64_OH0,0317_1352,B,0.5024318695068359,0.0001239655539393425,0.5,0.0,-11.854249644622339,26.511231817978402,1.5759094953111599,3.275121222114399
1773752016.8868754,1773752016886883175,Sr02_gB_IMG1_LID1_STA1_CFC64_OH0,0317_1352,B,0.5039258003234863,-0.002295906888321042,0.5,0.0,-11.854511126459979,26.56123113096321,1.5761424807263602,3.2663182765523087
1773752017.0062947,1773752017006300780,Sr02_gB_IMG1_LID1_STA1_CFC64_OH0,0317_1352,B,0.4986262917518616,-0.002058968413621187,0.5,0.0,-11.854778153967285,26.611230414679834,1.5760266893921984,3.258264393359986
1773752017.1289382,1773752017128945670,Sr02_gB_IMG1_LID1_STA1_CFC64_OH0,0317_1352,B,0.4960642457008362,0.0024891546927392483,0.5,0.0,-11.85516222218811,26.68622942646861,1.5759271966774255,3.247573469991
1773752017.2542605,1773752017254267898,Sr02_gB_IMG1_LID1_STA1_CFC64_OH0,0317_1352,B,0.49592873454093933,-0.001141957240179181,0.5,0.0,-11.855425975743945,26.73622872740327,1.5762403336104471,3.24139848412838
1773752017.376469,1773752017376477237,Sr02_gB_IMG1_LID1_STA1_CFC64_OH0,0317_1352,B,0.49989861249923706,-0.0013998469803482294,0.5,0.0,-11.85583938798219,26.811227583184845,1.5762529979843387,3.2335815544272846
1773752017.494049,1773752017494058569,Sr02_gB_IMG1_LID1_STA1_CFC64_OH0,0317_1352,B,0.5010813474655151,-0.0011169107165187597,0.5,0.0,-11.856112530065936,26.86122683394299,1.5762653942271514,3.2293251326709695
1773752017.620027,1773752017620034180,Sr02_gB_IMG1_LID1_STA1_CFC64_OH0,0317_1352,B,0.5036649703979492,0.0012735691852867603,0.5,0.0,-11.856513234971796,26.936225758422758,1.575976515943762,3.224375058783171
1773752017.7379277,1773752017737934574,Sr02_gB_IMG1_LID1_STA1_CFC64_OH0,0317_1352,B,0.5017651319503784,-0.0008988252375274897,0.5,0.0,-11.856767095909214,26.986225110706517,1.5757706194352425,3.2220275456864003
1773752017.8686213,1773752017868629543,Sr02_gB_IMG1_LID1_STA1_CFC64_OH0,0317_1352,B,0.5019295811653137,-0.0004533231258392334,0.5,0.0,-11.857019871828253,27.03622446845879,1.575974049860516,3.2204536176361858
1773752017.9971797,1773752017997187914,Sr02_gB_IMG1_LID1_STA1_CFC64_OH0,0317_1352,B,0.49961337447166443,0.0006258198991417885,0.5,0.0,-11.85741121677438,27.11122344264498,1.5759480035728946,3.2195597425138702
1773752018.1202404,1773752018120248568,Sr02_gB_IMG1_LID1_STA1_CFC64_OH0,0317_1352,B,0.5011969208717346,0.002628389745950699,0.5,0.0,-11.857790141484811,27.18622248052765,1.5757516727152143,3.220400346231027
1773752018.2404575,1773752018240465149,Sr02_gB_IMG1_LID1_STA1_CFC64_OH0,0317_1352,B,0.5001936554908752,0.08254183828830719,0.5,0.0,-11.858035115512623,27.236221877205217,1.5756399818215499,3.221923051142647
1773752018.3589644,1773752018358972006,Sr02_gB_IMG1_LID1_STA1_CFC64_OH0,0317_1352,B,0.5001407265663147,0.08254958689212799,0.5,0.0,-11.858279345644556,27.286221277517747,1.5757434319426784,3.2242197682871856
1773752018.4826112,1773752018482620759,Sr02_gB_IMG1_LID1_STA1_CFC64_OH0,0317_1352,B,0.5020405650138855,0.0018882118165493011,0.5,0.0,-11.85864690738128,27.361220372026825,1.5756347887164202,3.229114955628672
1773752018.6036348,1773752018603643440,Sr02_gB_IMG1_LID1_STA1_CFC64_OH0,0317_1352,B,0.5026047825813293,0.001430122647434473,0.5,0.0,-11.858887696221116,27.411219789056826,1.5755894563830837,3.233336697979488
1773752018.7260823,1773752018726092832,Sr02_gB_IMG1_LID1_STA1_CFC64_OH0,0317_1352,B,0.5044182538986206,0.0017472240142524242,0.5,0.0,-11.859249188900815,27.486218913093875,1.5756617455634796,3.241105891896549
1773752018.8494747,1773752018849482877,Sr02_gB_IMG1_LID1_STA1_CFC64_OH0,0317_1352,B,0.5044304728507996,0.001740807667374611,0.5,0.0,-11.85949902967679,27.536218285572087,1.5759245825758188,3.247246293981382
1773752018.9693115,1773752018969320063,Sr02_gB_IMG1_LID1_STA1_CFC64_OH0,0317_1352,B,0.4987826347351074,-0.0008396075572818518,0.5,0.0,-11.860306140865902,27.611181520648657,1.5877209718398506,3.2582966104775437
1773752019.0828586,1773752019082866316,Sr02_gB_IMG1_LID1_STA1_CFC64_OH0,0317_1352,B,0.5002939701080322,-0.0003412342630326748,0.5,0.0,-11.861358665942696,27.661170296135456,1.59597591702578,3.2671084217070585
1773752019.2058907,1773752019205899108,Sr02_gB_IMG1_LID1_STA1_CFC64_OH0,0317_1352,B,0.4977097511291504,-0.003334334585815668,0.5,0.0,-11.862713252103086,27.71111929277624,1.598310678044751,3.276949773161094
1773752019.325761,1773752019325769396,Sr02_gB_IMG1_LID1_STA1_CFC64_OH0,0317_1352,B,0.49766966700553894,-0.0033393846824765205,0.5,0.0,-11.86478525042405,27.786090661227423,1.5985343582183478,3.29312738663551
1773752019.4449062,1773752019444912663,Sr02_gB_IMG1_LID1_STA1_CFC64_OH0,0317_1352,B,0.4989990293979645,-2.2833235561847687e-05,0.5,0.0,-11.866176340421726,27.836071302932584,1.598709080091346,3.3048236536641493
1773752019.5705287,1773752019570538124,Sr02_gB_IMG1_LID1_STA1_CFC64_OH0,0317_1352,B,0.49366921186447144,-0.04813726246356964,0.5,0.0,-11.86757615734819,27.886051700982613,1.598883417231693,3.317240838354102
1773752019.6920815,1773752019692089362,Sr02_gB_IMG1_LID1_STA1_CFC64_OH0,0317_1352,B,0.49354782700538635,-0.04881018027663231,0.5,0.0,-11.86968439763853,27.96102205916476,1.5988606947187511,3.3371930591694015
1773752019.8139436,1773752019813951496,Sr02_gB_IMG1_LID1_STA1_CFC64_OH0,0317_1352,B,0.49837419390678406,-0.0017473360057920218,0.5,0.0,-11.87108613063421,28.011002403573904,1.5988166035173499,3.351357516845415
1773752019.929663,1773752019929672680,Sr02_gB_IMG1_LID1_STA1_CFC64_OH0,0317_1352,B,0.5037887096405029,-0.06689159572124481,0.5,0.0,-11.873172816799086,28.085973364083472,1.5983763183463815,3.3738671614865248
1773752020.0534537,1773752020053461898,Sr02_gB_IMG1_LID1_STA1_CFC64_OH0,0317_1352,B,0.4989250898361206,0.0014594369567930698,0.5,0.0,-11.874543296173904,28.135954575013727,1.598042380428161,3.389693016148151
1773752020.1751359,1773752020175143692,Sr02_gB_IMG1_LID1_STA1_CFC64_OH0,0317_1352,B,0.49891313910484314,0.0014728470705449581,0.5,0.0,-11.87657650449625,28.210915677773446,1.5975303190630443,3.4146425036485986
1773752020.2969658,1773752020296973936,Sr02_gB_IMG1_LID1_STA1_CFC64_OH0,0317_1352,B,0.5002913475036621,0.00135795958340168,0.5,0.0,-11.877792740650142,28.260900831491707,1.5927166167473044,3.431957291898516
1773752020.4183133,1773752020418321720,Sr02_gB_IMG1_LID1_STA1_CFC64_OH0,0317_1352,B,0.49956515431404114,-0.00010589882731437683,0.5,0.0,-11.878767272801044,28.31089128077952,1.587849065552114,3.449684633086288
1773752020.5379784,1773752020537986531,Sr02_gB_IMG1_LID1_STA1_CFC64_OH0,0317_1352,B,0.5055751800537109,-0.1397557407617569,0.5,0.0,-11.879885299139906,28.385871715625193,1.5851533160350306,3.477131946550346
1773752020.6607897,1773752020660795941,Sr02_gB_IMG1_LID1_STA1_CFC64_OH0,0317_1352,B,0.5055450201034546,-0.1418323516845703,0.5,0.0,-11.88045015030729,28.435847726840773,1.5787736284932485,3.4960325853676033
1773752020.7802222,1773752020780229095,Sr02_gB_IMG1_LID1_STA1_CFC64_OH0,0317_1352,B,0.4949955940246582,-0.1378861665725708,0.5,0.0,-11.880899874222127,28.510826113965532,1.57662201884516,3.5251621194867906
1773752020.9028516,1773752020902858777,Sr02_gB_IMG1_LID1_STA1_CFC64_OH0,0317_1352,B,0.5026694536209106,0.0016179056838154793,0.5,0.0,-11.881194839206378,28.56082524069933,1.5767693033105097,3.5453309167092644
1773752021.0282753,1773752021028282917,Sr02_gB_IMG1_LID1_STA1_CFC64_OH0,0317_1352,B,0.5026322603225708,0.0016067163087427616,0.5,0.0,-11.881650608967817,28.635823850960442,1.5769752947487936,3.5766936555669018
1773752021.153913,1773752021153920931,Sr02_gB_IMG1_LID1_STA1_CFC64_OH0,0317_1352,B,0.5009283423423767,-0.0020307758823037148,0.5,0.0,-11.881959290689073,28.68582289493802,1.576964706003506,3.59832316257007
1773752021.2702513,1773752021270259670,Sr02_gB_IMG1_LID1_STA1_CFC64_OH0,0317_1352,B,0.5049971342086792,-0.2153378576040268,0.5,-0.5,-11.881808622110578,28.76070110203459,1.5585419644560585,3.631214395378583
1773752021.3901112,1773752021390119459,Sr02_gB_IMG1_LID1_STA1_CFC64_OH0,0317_1352,B,0.49900051951408386,-0.0011665297206491232,0.5,0.0,-11.880841392206769,28.810691323405894,1.5443587526086242,3.6530933369914487
1773752021.512527,1773752021512534806,Sr02_gB_IMG1_LID1_STA1_CFC64_OH0,0317_1352,B,0.4988890290260315,-0.0013373848050832748,0.5,0.0,-11.879171570949424,28.86066303066729,1.5304912319110873,3.6748938203750727
1773752021.6369867,1773752021636994688,Sr02_gB_IMG1_LID1_STA1_CFC64_OH0,0317_1352,B,0.5010844469070435,-0.0012141137849539518,0.5,0.0,-11.875923121695772,28.93549291767543,1.5271425285995743,3.7079066475346227
1773752021.7527018,1773752021752709431,Sr02_gB_IMG1_LID1_STA1_CFC64_OH0,0317_1352,B,0.501370906829834,-0.0015874984674155712,0.5,0.0,-11.873745138067296,28.985445455798605,1.5273031999761717,3.7306105112970718
1773752021.8708844,1773752021870891405,Sr02_gB_IMG1_LID1_STA1_CFC64_OH0,0317_1352,B,0.5007545948028564,-0.10737185180187225,0.5,0.0,-11.870477152535605,29.060341790500228,1.5260938197305365,3.7656370559555947
1773752021.995766,1773752021995773444,Sr02_gB_IMG1_LID1_STA1_CFC64_OH0,0317_1352,B,0.49985644221305847,-0.11256077885627747,0.5,0.0,-11.867872850071498,29.10998809774117,1.508387249778414,3.7891205659375253
1773752022.1209538,1773752022120961940,Sr02_gB_IMG1_LID1_STA1_CFC64_OH0,0317_1352,B,0.49467262625694275,-0.1427169293165207,0.5,0.0,-11.86446830245101,29.159638714525315,1.5003522858707536,3.812432653444978
1773752022.2363367,1773752022236344476,Sr02_gB_IMG1_LID1_STA1_CFC64_OH0,0317_1352,B,0.4984261989593506,-0.0023702606558799744,0.5,0.0,-11.859182396703515,29.2344522057387,1.5001602205533657,3.8483776283523743
1773752022.36319,1773752022363197461,Sr02_gB_IMG1_LID1_STA1_CFC64_OH0,0317_1352,B,0.49643492698669434,-0.16317762434482574,0.5,-0.5,-11.85565050014332,29.284327303599333,1.5000388092791244,3.872955608094943
1773752022.4803658,1773752022480373008,Sr02_gB_IMG1_LID1_STA1_CFC64_OH0,0317_1352,B,0.4961226284503937,-0.16421672701835632,0.5,-0.5,-11.850337873261113,29.359106414610476,1.498797648699153,3.9107004156969234
1773752022.595387,1773752022595393451,Sr02_gB_IMG1_LID1_STA1_CFC64_OH0,0317_1352,B,0.5095037817955017,-0.17912554740905762,0.5,-0.5,-11.846483264710953,29.408926427138958,1.4882219029575623,3.9361817888704316
1773752022.7115588,1773752022711566317,Sr02_gB_IMG1_LID1_STA1_CFC64_OH0,0317_1352,B,0.4911578893661499,-0.2670246362686157,0.5,-0.5,-11.842081336810855,29.458732012984203,1.4770177366385273,3.9616783372572053
1773752022.8325987,1773752022832608585,Sr02_gB_IMG1_LID1_STA1_CFC64_OH0,0317_1352,B,0.48984065651893616,-0.2782401144504547,0.5,-0.5,-11.834353274713386,29.53333150348017,1.457118060387137,3.999825545239921
1773752022.9568443,1773752022956851629,Sr02_gB_IMG1_LID1_STA1_CFC64_OH0,0317_1352,B,0.473702996969223,-0.28158870339393616,0.5,-0.5,-11.828592107043734,29.582897355290413,1.454663930237837,4.025247711846256
1773752023.079257,1773752023079263770,Sr02_gB_IMG1_LID1_STA1_CFC64_OH0,0317_1352,B,0.48831942677497864,-0.49186259508132935,0.5,-0.5,-11.81951740608458,29.65717493882435,1.4386514160215111,4.063848359005001
1773752023.2037892,1773752023203798393,Sr02_gB_IMG1_LID1_STA1_CFC64_OH0,0317_1352,B,0.49752944707870483,-0.4862048327922821,0.5,-0.5,-11.812523205906215,29.706682763211212,1.422240161987908,4.089400502981712
1773752023.3279343,1773752023327942781,Sr02_gB_IMG1_LID1_STA1_CFC64_OH0,0317_1352,B,0.4960918128490448,-0.48847073316574097,0.5,-0.5,-11.800439254049847,29.780688673373845,1.395196023796121,4.127182780255797
1773752023.4553556,1773752023455363897,Sr02_gB_IMG1_LID1_STA1_CFC64_OH0,0317_1352,B,0.410434752702713,-0.44095566868782043,0.5,-0.5,-11.791076943583585,29.829750148104583,1.3689270374971627,4.151760633762941
1773752023.5728152,1773752023572822858,Sr02_gB_IMG1_LID1_STA1_CFC64_OH0,0317_1352,B,0.21527473628520966,-0.5245789885520935,0.5,-0.5,-11.774510315824072,29.90289198733063,1.3271241278694743,4.18728501765864
1773752023.692196,1773752023692203363,Sr02_gB_IMG1_LID1_STA1_CFC64_OH0,0317_1352,B,0.4697328507900238,-0.3973870873451233,0.5,-0.5,-11.761765383630474,29.951238664243668,1.2989653037849607,4.210003618849928
1773752023.81817,1773752023818177691,Sr02_gB_IMG1_LID1_STA1_CFC64_OH0,0317_1352,B,0.4674231708049774,-0.4028164744377136,0.5,-0.5,-11.747575234036258,29.99880910599843,1.2589160463812947,4.23160233692524
1773752023.9400783,1773752023940085952,Sr02_gB_IMG1_LID1_STA1_CFC64_OH0,0317_1352,B,0.41322052478790283,-0.3747999668121338,0.5,-0.5,-11.72197626067858,30.069287455767693,1.1859061630680299,4.261150639406822
1773752024.066498,1773752024066506701,Sr02_gB_IMG1_LID1_STA1_CFC64_OH0,0317_1352,B,0.42283448576927185,-0.4665224254131317,0.5,-0.5,-11.702079250993368,30.11515260103874,1.1370591403692223,4.2786562235623595
1773752024.1874728,1773752024187480971,Sr02_gB_IMG1_LID1_STA1_CFC64_OH0,0317_1352,B,0.4132368862628937,-0.4741179943084717,0.5,-0.5,-11.668253545782104,30.182048767369967,1.0683952841247093,4.301715937637782
1773752024.3104012,1773752024310408324,Sr02_gB_IMG1_LID1_STA1_CFC64_OH0,0317_1352,B,0.493634432554245,-0.41041505336761475,0.5,-0.5,-11.643091708562268,30.225250164721757,1.018395340094307,4.314923121885702
1773752024.4368343,1773752024436842168,Sr02_gB_IMG1_LID1_STA1_CFC64_OH0,0317_1352,B,0.36871153116226196,-0.25530746579170227,0.5,-0.5,-11.60179358012706,30.287823061754032,0.9575187734059639,4.331680974448587
1773752024.5564365,1773752024556443619,Sr02_gB_IMG1_LID1_STA1_CFC64_OH0,0317_1352,B,0.5239336490631104,-0.26576340198516846,0.5,-0.5,-11.572200968310138,30.32812120356609,0.9175173363319431,4.341098764365155
1773752024.6759048,1773752024675911689,Sr02_gB_IMG1_LID1_STA1_CFC64_OH0,0317_1352,B,0.5229359269142151,-0.27990180253982544,0.5,-0.5,-11.541074430892557,30.36724722628349,0.8800373799527774,4.349174005965533
1773752024.7938976,1773752024793906471,Sr02_gB_IMG1_LID1_STA1_CFC64_OH0,0317_1352,B,0.5015590786933899,-0.29438331723213196,0.5,-0.5,-11.491516495648026,30.423446425354534,0.8136236366735033,4.358573534202543
1773752024.9126704,1773752024912677687,Sr02_gB_IMG1_LID1_STA1_CFC64_OH0,0317_1352,B,0.5039631128311157,-0.2825866639614105,0.5,-0.5,-11.456327167961527,30.45896040803243,0.7662878482059875,4.36266363844942
1773752025.03675,1773752025036757382,Sr02_gB_IMG1_LID1_STA1_CFC64_OH0,0317_1352,B,0.504850447177887,-0.37227755784988403,0.5,-0.5,-11.400635081755427,30.509135190523416,0.7028137369156366,4.365626538678615
1773752025.1550019,1773752025155008798,Sr02_gB_IMG1_LID1_STA1_CFC64_OH0,0317_1352,B,0.5055932998657227,-0.3770429491996765,0.5,-0.5,-11.362134951577199,30.540849325829647,0.6761961512963272,4.366102870229262
1773752025.279683,1773752025279691490,Sr02_gB_IMG1_LID1_STA1_CFC64_OH0,0317_1352,B,0.49501579999923706,-0.4659641981124878,0.5,-0.5,-11.322731599189472,30.57162642011484,0.6498289809445253,4.365854546336035
1773752025.4052544,1773752025405261435,Sr02_gB_IMG1_LID1_STA1_CFC64_OH0,0317_1352,B,0.4980684816837311,-0.5241788029670715,0.5,-0.5,-11.262112415156126,30.615779749635426,0.6086920926987147,4.364037257892873
1773752025.5238519,1773752025523858152,Sr02_gB_IMG1_LID1_STA1_CFC64_OH0,0317_1352,B,0.5034700036048889,-0.5103266835212708,0.5,-0.5,-11.220681573783759,30.64376733599246,0.5793986350716193,4.3617717784753065
1773752025.6458886,1773752025645897009,Sr02_gB_IMG1_LID1_STA1_CFC64_OH0,0317_1352,B,0.4937734007835388,-0.40063363313674927,0.5,-0.5,-11.157066317703173,30.68345506108233,0.5361691095424737,4.356725905828385
1773752025.7703462,1773752025770353736,Sr02_gB_IMG1_LID1_STA1_CFC64_OH0,0317_1352,B,0.5064361691474915,-0.5036176443099976,0.5,-0.5,-11.11366315588665,30.70818313742176,0.4992881225199936,4.352088117430249
1773752025.8959665,1773752025895973475,Sr02_gB_IMG1_LID1_STA1_CFC64_OH0,0317_1352,B,0.46878859400749207,-0.4843495190143585,0.5,-0.5,-11.046841800867476,30.742218535536196,0.4428270695230374,4.342703240979755
1773752026.0234563,1773752026023464152,Sr02_gB_IMG1_LID1_STA1_CFC64_OH0,0317_1352,B,0.47231337428092957,-0.5042280554771423,0.5,-0.5,-11.00125842182368,30.762627312232198,0.3978592870090527,4.3346784436296
1773752026.1432946,1773752026143302360,Sr02_gB_IMG1_LID1_STA1_CFC64_OH0,0317_1352,B,0.5094718337059021,-0.455005019903183,0.5,-0.5,-10.931100786673914,30.78908999644413,0.3231997419280015,4.3192314892896775
1773752026.2653098,1773752026265317662,Sr02_gB_IMG1_LID1_STA1_CFC64_OH0,0317_1352,B,0.5005835294723511,-0.07887474447488785,0.5,0.0,-10.883312421583435,30.803778460101412,0.2731997917351719,4.306577369503363
1773752026.3883345,1773752026388341707,Sr02_gB_IMG1_LID1_STA1_CFC64_OH0,0317_1352,B,0.4991647005081177,-0.2391817718744278,0.5,-0.5,-10.810590344438722,30.821652682872898,0.20885575365389816,4.284507639120536
1773752026.5120628,1773752026512070982,Sr02_gB_IMG1_LID1_STA1_CFC64_OH0,0317_1352,B,0.48837339878082275,-0.21321028470993042,0.5,-0.5,-10.761438165607606,30.830792816247367,0.15885581768735116,4.267718918084457
1773752026.631381,1773752026631388648,Sr02_gB_IMG1_LID1_STA1_CFC64_OH0,0317_1352,B,0.5081542730331421,-0.2956075370311737,0.5,-0.5,-10.687015438010032,30.839945893743792,0.08589045126692711,4.239190453820599
1773752026.7472582,1773752026747264274,Sr02_gB_IMG1_LID1_STA1_CFC64_OH0,0317_1352,B,0.4881124794483185,-0.02318287454545498,0.5,0.0,-10.637113303218586,30.84298821955907,0.035890505053758036,4.217974055685221
1773752026.8688946,1773752026868901864,Sr02_gB_IMG1_LID1_STA1_CFC64_OH0,0317_1352,B,0.48418813943862915,0.00018158415332436562,0.5,0.0,-10.587121510232674,30.843604667031382,-0.01050986562915266,4.1950560495920035
1773752026.9883654,1773752026988373761,Sr02_gB_IMG1_LID1_STA1_CFC64_OH0,0317_1352,B,0.49129778146743774,-0.0009446952026337385,0.5,0.0,-10.513115393966135,30.84103029811656,-0.04849549551954799,4.15888736610677
1773752027.1082447,1773752027108257725,Sr02_gB_IMG1_LID1_STA1_CFC64_OH0,0317_1352,B,0.4912275969982147,-0.002239764668047428,0.5,0.0,-10.463384544016813,30.838230589489886,-0.06697790013168209,4.134190034646405
1773752027.2290432,1773752027229050853,Sr02_gB_IMG1_LID1_STA1_CFC64_OH0,0317_1352,B,0.5012307167053223,-0.1931077092885971,0.5,-0.5,-10.41353943255997,30.834311220948585,-0.08933777109181103,4.1088888657146185
1773752027.354271,1773752027354278493,Sr02_gB_IMG1_LID1_STA1_CFC64_OH0,0317_1352,B,0.5066870450973511,-0.31612563133239746,0.5,-0.5,-10.339035633972049,30.82622633509567,-0.12954149466243015,4.069899811219122
1773752027.4793234,1773752027479329831,Sr02_gB_IMG1_LID1_STA1_CFC64_OH0,0317_1352,B,0.5021869540214539,-0.29863104224205017,0.5,-0.5,-10.289882530892234,30.81926884707818,-0.14680492374620155,4.04324974616437
1773752027.6066132,1773752027606622354,Sr02_gB_IMG1_LID1_STA1_CFC64_OH0,0317_1352,B,0.5040344595909119,-0.16594958305358887,0.5,-0.5,-10.21569884830781,30.808266109703165,-0.14726214279499117,4.003396579774934
1773752027.721668,1773752027721676401,Sr02_gB_IMG1_LID1_STA1_CFC64_OH0,0317_1352,B,0.49258866906166077,-0.03402247279882431,0.5,0.0,-10.166240372457295,30.80092725095868,-0.14735661129891872,3.977387135528304
1773752027.8395293,1773752027839537280,Sr02_gB_IMG1_LID1_STA1_CFC64_OH0,0317_1352,B,0.4790581464767456,-0.020932091400027275,0.5,0.0,-10.092066399698446,30.789903741682863,-0.14806791479969073,3.939231944761295
1773752027.9620337,1773752027962049630,Sr02_gB_IMG1_LID1_STA1_CFC64_OH0,0317_1352,B,0.5060603618621826,-0.15087388455867767,0.5,-0.5,-10.04289435047352,30.782242179152174,-0.16344343934111147,3.9141944513315705
1773752028.0871978,1773752028087206617,Sr02_gB_IMG1_LID1_STA1_CFC64_OH0,0317_1352,B,0.5285540819168091,-0.328965961933136,0.5,-0.5,-9.993788899081393,30.77353129106726,-0.19031871170568793,3.888672261129594
1773752028.212267,1773752028212275127,Sr02_gB_IMG1_LID1_STA1_CFC64_OH0,0317_1352,B,0.5249882340431213,-0.13122671842575073,0.5,0.0,-9.920497197571324,30.757645566078278,-0.2359880360440113,3.8487465432982932
1773752028.3370187,1773752028337026999,Sr02_gB_IMG1_LID1_STA1_CFC64_OH0,0317_1352,B,0.5129188299179077,-0.14960835874080658,0.5,0.0,-9.872069738390799,30.74550133103691,-0.2541762874315863,3.821384582951256
1773752028.4620597,1773752028462068739,Sr02_gB_IMG1_LID1_STA1_CFC64_OH0,0317_1352,B,0.4989817440509796,-0.22140109539031982,0.5,-0.5,-9.799700230666105,30.72612500504538,-0.26483540361080415,3.7801861743701894
1773752028.5822518,1773752028582259842,Sr02_gB_IMG1_LID1_STA1_CFC64_OH0,0317_1352,B,0.52057945728302,-0.09865107387304306,0.5,0.0,-9.751457186550223,30.712986989043383,-0.26692861010409324,3.7530906134474957
1773752028.699654,1773752028699662928,Sr02_gB_IMG1_LID1_STA1_CFC64_OH0,0317_1352,B,0.4800565242767334,-0.358180433511734,0.5,-0.5,-9.679361870501436,30.692712783681504,-0.2847679306286666,3.712870100722627
1773752028.8242974,1773752028824305635,Sr02_gB_IMG1_LID1_STA1_CFC64_OH0,0317_1352,B,0.46251028776168823,-0.37941774725914,0.5,-0.5,-9.631804677533925,30.678150334397625,-0.3123542478346549,3.68578681481247
1773752028.9454863,1773752028945493668,Sr02_gB_IMG1_LID1_STA1_CFC64_OH0,0317_1352,B,0.5190746784210205,-0.2398548722267151,0.5,-0.5,-9.561039478585347,30.653873349038392,-0.3426556787404636,3.6438473634818664
1773752029.0662751,1773752029066284792,Sr02_gB_IMG1_LID1_STA1_CFC64_OH0,0317_1352,B,0.5111305117607117,-0.11423508077859879,0.5,0.0,-9.514073617582913,30.636722228241048,-0.3576164890601141,3.615590822132713
1773752029.1890454,1773752029189053556,Sr02_gB_IMG1_LID1_STA1_CFC64_OH0,0317_1352,B,0.49982622265815735,-0.009217341430485249,0.5,0.0,-9.444249853266884,30.609443281417015,-0.3888541180455773,3.572727476268045
1773752029.3123283,1773752029312335487,Sr02_gB_IMG1_LID1_STA1_CFC64_OH0,0317_1352,B,0.47762593626976013,-0.010539473965764046,0.5,0.0,-9.39816180482142,30.59022455483259,-0.4001581279320776,3.543834884099053
1773752029.434066,1773752029434074027,Sr02_gB_IMG1_LID1_STA1_CFC64_OH0,0317_1352,B,0.4948568046092987,-0.22086505591869354,0.5,-0.5,-9.35279832866898,30.570498576375435,-0.42408507599479384,3.5150647762513727
1773752029.5575404,1773752029557548471,Sr02_gB_IMG1_LID1_STA1_CFC64_OH0,0317_1352,B,0.44322046637535095,-0.2363128662109375,0.5,-0.5,-9.285350490744525,30.537757702551993,-0.4803052100029872,3.469798693615145
1773752029.685096,1773752029685103660,Sr02_gB_IMG1_LID1_STA1_CFC64_OH0,0317_1352,B,0.4965534508228302,-0.2338002473115921,0.5,-0.5,-9.241439364704519,30.514007362571455,-0.5085245951381383,3.4384897296463452
1773752029.8090796,1773752029809088026,Sr02_gB_IMG1_LID1_STA1_CFC64_OH0,0317_1352,B,0.4889342188835144,-0.3467283248901367,0.5,-0.5,-9.176435395735155,30.47673425040961,-0.5296686342373778,3.3908722389195503
1773752029.9299939,1773752029930001892,Sr02_gB_IMG1_LID1_STA1_CFC64_OH0,0317_1352,B,0.5223235487937927,-0.1951455920934677,0.5,-0.5,-9.133371312542362,30.45143839787058,-0.5316702046057952,3.3592786765728193
1773752030.053443,1773752030053451138,Sr02_gB_IMG1_LID1_STA1_CFC64_OH0,0317_1352,B,0.5449957847595215,-0.11139210313558578,0.5,0.0,-9.068783164073924,30.41337936874139,-0.5342187635872092,3.3126220769611154
1773752030.1778028,1773752030177810270,Sr02_gB_IMG1_LID1_STA1_CFC64_OH0,0317_1352,B,0.5112993121147156,-0.030254147946834564,0.5,0.0,-9.026197810387165,30.3877200149441,-0.5525887526310399,3.2818718864927874
1773752030.2946203,1773752030294627973,Sr02_gB_IMG1_LID1_STA1_CFC64_OH0,0317_1352,B,0.45638787746429443,-0.013500906527042389,0.5,0.0,-8.963065133093597,30.347239447701423,-0.5878811348382423,3.2347242795037205
1773752030.4182816,1773752030418287926,Sr02_gB_IMG1_LID1_STA1_CFC64_OH0,0317_1352,B,0.5052712559700012,-0.007969324477016926,0.5,0.0,-8.921787191181265,30.319025669233984,-0.6112611232520917,3.202732227774022
1773752030.5408096,1773752030540817489,Sr02_gB_IMG1_LID1_STA1_CFC64_OH0,0317_1352,B,0.4047177731990814,-0.1316281110048294,0.5,0.0,-8.861431443255796,30.27475357022271,-0.656676407414436,3.1537851847275493
1773752030.6645274,1773752030664534971,Sr02_gB_IMG1_LID1_STA1_CFC64_OH0,0317_1352,B,0.33954697847366333,-0.15842382609844208,0.5,-0.5,-8.822196274041321,30.24386759239677,-0.6766695458398785,3.1204147510078917
1773752030.7890525,1773752030789061760,Sr02_gB_IMG1_LID1_STA1_CFC64_OH0,0317_1352,B,0.5205563902854919,-0.20339298248291016,0.5,-0.5,-8.783452434918704,30.212314858623923,-0.6891512796479605,3.086848344459692
1773752030.9150696,1773752030915077896,Sr02_gB_IMG1_LID1_STA1_CFC64_OH0,0317_1352,B,0.4659736156463623,-0.0980461910367012,0.5,0.0,-8.72587918587616,30.164299692821896,-0.6982656832701465,3.0366744363416176
1773752031.0438457,1773752031043853025,Sr02_gB_IMG1_LID1_STA1_CFC64_OH0,0317_1352,B,0.4160403311252594,-0.07246293872594833,0.5,0.0,-8.687602983577536,30.132129339373492,-0.6996157845348684,3.003640599580822
1773752031.1695857,1773752031169594534,Sr02_gB_IMG1_LID1_STA1_CFC64_OH0,0317_1352,B,0.45713818073272705,-0.18573875725269318,0.5,-0.5,-8.630285053044743,30.083809851351237,-0.7019864373655245,2.95491966337999
1773752031.2943518,1773752031294359181,Sr02_gB_IMG1_LID1_STA1_CFC64_OH0,0317_1352,B,0.5160229802131653,-0.1591293066740036,0.5,-0.5,-8.592354201804921,30.0513288360646,-0.7146939532934607,2.922783728159698
1773752031.416299,1773752031416306275,Sr02_gB_IMG1_LID1_STA1_CFC64_OH0,0317_1352,B,0.48965317010879517,-0.14869891107082367,0.5,0.0,-8.536292812164733,30.00152823396333,-0.7385199244396823,2.8744246365460806
1773752031.535776,1773752031535784133,Sr02_gB_IMG1_LID1_STA1_CFC64_OH0,0317_1352,B,0.5444039702415466,-0.33559638261795044,0.5,-0.5,-8.499664371255289,29.967494856706924,-0.7588591732536348,2.8419588050458158
1773752031.6580918,1773752031658099331,Sr02_gB_IMG1_LID1_STA1_CFC64_OH0,0317_1352,B,0.5370061993598938,-0.3082118034362793,0.5,-0.5,-8.445843509342541,29.91532939957241,-0.7777031808481863,2.793040367485782
1773752031.7782419,1773752031778248645,Sr02_gB_IMG1_LID1_STA1_CFC64_OH0,0317_1352,B,0.5166304707527161,-0.4009181261062622,0.5,-0.5,-8.410353143249692,29.880109768187722,-0.7852053145498257,2.7606036949530584
1773752031.8978684,1773752031897876116,Sr02_gB_IMG1_LID1_STA1_CFC64_OH0,0317_1352,B,0.514477550983429,-0.23652923107147217,0.5,-0.5,-8.357980847765182,29.826548015775504,-0.8099961031676416,2.712131919506381
1773752032.022828,1773752032022836722,Sr02_gB_IMG1_LID1_STA1_CFC64_OH0,0317_1352,B,0.4705810844898224,-0.06476018577814102,0.5,0.0,-8.323795373036482,29.790061028548664,-0.8259090134771295,2.679634254249274
1773752032.150048,1773752032150056859,Sr02_gB_IMG1_LID1_STA1_CFC64_OH0,0317_1352,B,0.4605870842933655,-0.05415491759777069,0.5,0.0,-8.273613578427385,29.73436966025933,-0.8494266879550222,2.630812944219721
1773752032.2747009,1773752032274708823,Sr02_gB_IMG1_LID1_STA1_CFC64_OH0,0317_1352,B,0.5504172444343567,-0.07961368560791016,0.5,0.0,-8.241297046018033,29.696549266327327,-0.8799058536749267,2.5980986620947397
1773752032.4009585,1773752032400966686,Sr02_gB_IMG1_LID1_STA1_CFC64_OH0,0317_1352,B,0.4754321873188019,-0.02616896852850914,0.5,0.0,-8.19488328526783,29.637663100834782,-0.9268046437044518,2.5475784787994713
1773752032.5247302,1773752032524741947,Sr02_gB_IMG1_LID1_STA1_CFC64_OH0,0317_1352,B,0.4459994435310364,-0.06294642388820648,0.5,0.0,-8.165693967737816,29.59714614374222,-0.9658731599218056,2.513009662337795
1773752032.642928,1773752032642935564,Sr02_gB_IMG1_LID1_STA1_CFC64_OH0,0317_1352,B,0.379570335149765,-0.09735073894262314,0.5,0.0,-8.124287605547988,29.53477876257928,-1.001384185189977,2.4600915251194873
1773752032.7692778,1773752032769288565,Sr02_gB_IMG1_LID1_STA1_CFC64_OH0,0317_1352,B,0.40119728446006775,-0.22962985932826996,0.5,-0.5,-8.097564580135415,29.4926402190065,-1.008974321511514,2.4247123930291457
1773752032.885462,1773752032885468615,Sr02_gB_IMG1_LID1_STA1_CFC64_OH0,0317_1352,B,0.5186507701873779,-0.018891822546720505,0.5,0.0,-8.071047108153643,29.450251338579676,-1.01449586503941,2.3895594234335804
1773752033.0066068,1773752033006614558,Sr02_gB_IMG1_LID1_STA1_CFC64_OH0,0317_1352,B,0.48580971360206604,-0.04845760017633438,0.5,0.0,-8.031813960216944,29.386345047685897,-1.0257840985013398,2.337391373078433
1773752033.1282303,1773752033128237431,Sr02_gB_IMG1_LID1_STA1_CFC64_OH0,0317_1352,B,0.5274423360824585,-0.28451424837112427,0.5,-0.5,-8.005948508940705,29.343555134679786,-1.0284010099452132,2.303054504916373
1773752033.2528932,1773752033252901699,Sr02_gB_IMG1_LID1_STA1_CFC64_OH0,0317_1352,B,0.4339160919189453,-0.037277452647686005,0.5,0.0,-7.967475434551452,29.27917937410055,-1.0367266123417371,2.25236997063962
1773752033.3701189,1773752033370127631,Sr02_gB_IMG1_LID1_STA1_CFC64_OH0,0317_1352,B,0.44832849502563477,-0.12531307339668274,0.5,0.0,-7.942219636410792,29.23602840917568,-1.046113347389582,2.219000067832095
1773752033.495405,1773752033495414041,Sr02_gB_IMG1_LID1_STA1_CFC64_OH0,0317_1352,B,0.4385332465171814,-0.1209653690457344,0.5,0.0,-7.91759917323092,29.192659127782335,-1.065216522291064,2.1858488096273074
1773752033.6222916,1773752033622299988,Sr02_gB_IMG1_LID1_STA1_CFC64_OH0,0317_1352,B,0.47524845600128174,-0.3388299345970154,0.5,-0.5,-7.882166935908972,29.126800874771185,-1.082254832498503,2.136057201849209
1773752033.7461238,1773752033746131415,Sr02_gB_IMG1_LID1_STA1_CFC64_OH0,0317_1352,B,0.5681838393211365,-0.10035403072834015,0.5,0.0,-7.858807075942786,29.08259327664162,-1.0871005783355356,2.1033076816078733
1773752033.8652866,1773752033865294880,Sr02_gB_IMG1_LID1_STA1_CFC64_OH0,0317_1352,B,0.501218318939209,-0.008290283381938934,0.5,0.0,-7.8248381068518835,29.016212272586074,-1.1156836111217063,2.0549981158978237
1773752033.9872355,1773752033987244719,Sr02_gB_IMG1_LID1_STA1_CFC64_OH0,0317_1352,B,0.48581022024154663,-0.03131710737943649,0.5,0.0,-7.803403394906698,28.971368693249953,-1.1295308874934562,2.0226407168645726
1773752034.108635,1773752034108642959,Sr02_gB_IMG1_LID1_STA1_CFC64_OH0,0317_1352,B,0.5235165357589722,-0.02943670004606247,0.5,0.0,-7.77192472483953,28.90334372744525,-1.1466114684337345,1.9744780877637107
1773752034.2287292,1773752034228737850,Sr02_gB_IMG1_LID1_STA1_CFC64_OH0,0317_1352,B,0.5392739176750183,-0.03456241264939308,0.5,0.0,-7.754510976788824,28.864224127052957,-1.1577881760826276,1.9472354742716909
1773752034.353577,1773752034353584271,Sr02_gB_IMG1_LID1_STA1_CFC64_OH0,0317_1352,B,0.4550760090351105,0.2381061464548111,0.5,0.5,-7.7415352660062675,28.834090290596187,-1.1732938968605873,1.9264328857998552
1773752034.475769,1773752034475777850,Sr02_gB_IMG1_LID1_STA1_CFC64_OH0,0317_1352,B,0.45627361536026,0.3228689730167389,0.5,0.5,-7.734821530960788,28.81796387991343,-1.178193344467887,1.9153296091457515
1773752034.597499,1773752034597507063,Sr02_gB_IMG1_LID1_STA1_CFC64_OH0,0317_1352,B,0.4843287467956543,0.04788937419652939,0.5,0.0,-7.728128472030034,28.80179437619952,-1.1784835284361144,1.9042740945107628
1773752034.7215443,1773752034721551542,Sr02_gB_IMG1_LID1_STA1_CFC64_OH0,0317_1352,B,0.5046213865280151,-0.024790972471237183,0.5,0.0,-7.718105562601259,28.77753322578648,-1.1797987114730963,1.887859454577273
1773752034.851633,1773752034851640779,Sr02_gB_IMG1_LID1_STA1_CFC64_OH0,0317_1352,B,0.5384909510612488,-0.048748839646577835,0.5,0.0,-7.711444458322388,28.76135053278219,-1.1808289942680927,1.8770228055849516
1773752034.976405,1773752034976413180,Sr02_gB_IMG1_LID1_STA1_CFC64_OH0,0317_1352,B,0.5387367606163025,-0.05275709182024002,0.5,0.0,-7.701486526990655,28.737062641352775,-1.1826076363892422,1.8609291425189067
1773752035.102948,1773752035102956260,Sr02_gB_IMG1_LID1_STA1_CFC64_OH0,0317_1352,B,0.4622723460197449,-0.028487050905823708,0.5,0.0,-7.694841343230176,28.720928137061215,-1.176180238747662,1.8503819117423033
1773752035.2260263,1773752035226034237,Sr02_gB_IMG1_LID1_STA1_CFC64_OH0,0317_1352,B,0.436312735080719,-0.37350696325302124,0.5,-0.5,-7.684574263172159,28.696782056377643,-1.1608283701386635,1.834961608102286
1773752035.3489008,1773752035348909972,Sr02_gB_IMG1_LID1_STA1_CFC64_OH0,0317_1352,B,0.5063081383705139,-0.36899757385253906,0.5,-0.5,-7.677592521914562,28.68076566897363,-1.158865734218011,1.824959590513112
1773752035.4706135,1773752035470620620,Sr02_gB_IMG1_LID1_STA1_CFC64_OH0,0317_1352,B,0.4282016158103943,-0.3677668273448944,0.5,-0.5,-7.667086802496972,28.656709650277726,-1.159658477030407,1.8101603774052166
1773752035.583381,1773752035583390670,Sr02_gB_IMG1_LID1_STA1_CFC64_OH0,0317_1352,B,0.24497544765472412,-0.1849287450313568,0.5,-0.5,-7.66010657147254,28.640662027691924,-1.1613646769677177,1.8004178451800232
1773752035.7075987,1773752035707606351,Sr02_gB_IMG1_LID1_STA1_CFC64_OH0,0317_1352,B,0.4524330794811249,-0.09223052114248276,0.5,0.0,-7.6496888842530755,28.616567762358383,-1.1639933625120837,1.7859777659439589
1773752035.831365,1773752035831374299,Sr02_gB_IMG1_LID1_STA1_CFC64_OH0,0317_1352,B,0.4183017611503601,-0.07318316400051117,0.5,0.0,-7.642772582349261,28.60049248218052,-1.1649904093067995,1.7764748832928792
1773752035.9598544,1773752035959865332,Sr02_gB_IMG1_LID1_STA1_CFC64_OH0,0317_1352,B,0.46914634108543396,0.07048393785953522,0.5,0.0,-7.632593538991983,28.576393927589653,-1.1803618532055602,1.7623506322390499
1773752036.078109,1773752036078115886,Sr02_gB_IMG1_LID1_STA1_CFC64_OH0,0317_1352,B,0.08386582136154175,0.0017836187034845352,0.0,0.0,-7.6260378958732105,28.56016835596464,-1.1932767463531533,1.7528245846500494
1773752036.2033856,1773752036203394161,Sr02_gB_IMG1_LID1_STA1_CFC64_OH0,0317_1352,B,0.14073583483695984,-0.045012034475803375,0.0,0.0,-7.619691993601344,28.543859610336067,-1.2061485625754322,1.7432321254430567
1773752036.3234103,1773752036323417408,Sr02_gB_IMG1_LID1_STA1_CFC64_OH0,0317_1352,B,0.0812636986374855,-0.03883630782365799,0.0,0.0,-7.612998665217724,28.526007750318144,-1.2182941589303717,1.7327241015342032
1773752036.44542,1773752036445428452,Sr02_gB_IMG1_LID1_STA1_CFC64_OH0,0317_1352,B,0.13247589766979218,-0.012862944975495338,0.0,0.0,-7.612951698697917,28.52587998188627,-1.2187799073590655,1.7326488652156224
1773752036.5690198,1773752036569026800,Sr02_gB_IMG1_LID1_STA1_CFC64_OH0,0317_1352,B,-0.007456880062818527,-0.04883357882499695,0.0,0.0,-7.612951698697917,28.52587998188627,-1.218779907359344,1.7326488652156224
1773752036.6978478,1773752036697858055,Sr02_gB_IMG1_LID1_STA1_CFC64_OH0,0317_1352,B,0.12304858863353729,-0.022732535377144814,0.0,0.0,-7.612951698697917,28.52587998188627,-1.218779907359344,1.7326488652156224
1773752036.8295016,1773752036829509537,Sr02_gB_IMG1_LID1_STA1_CFC64_OH0,0317_1352,B,0.1291016936302185,-0.006816932000219822,0.0,0.0,-7.612951698697917,28.52587998188627,-1.218779907359344,1.7326488652156224
1773752036.9537997,1773752036953807925,Sr02_gB_IMG1_LID1_STA1_CFC64_OH0,0317_1352,B,0.07417565584182739,-0.007291290909051895,0.0,0.0,-7.612951698697917,28.52587998188627,-1.218779907359344,1.7326488652156224
1773752037.0691464,1773752037069154232,Sr02_gB_IMG1_LID1_STA1_CFC64_OH0,0317_1352,B,0.059415824711322784,-0.0032077860087156296,0.0,0.0,-7.612951698697917,28.52587998188627,-1.218779907359344,1.7326488652156224
1773752037.186025,1773752037186032789,Sr02_gB_IMG1_LID1_STA1_CFC64_OH0,0317_1352,B,0.07744554430246353,-0.00258064572699368,0.0,0.0,-7.612951698697917,28.52587998188627,-1.218779907359344,1.7326488652156224
1773752037.3076277,1773752037307635824,Sr02_gB_IMG1_LID1_STA1_CFC64_OH0,0317_1352,B,0.08120211213827133,-0.01141735166311264,0.0,0.0,-7.612951698697917,28.52587998188627,-1.218779907359344,1.7326488652156224
1773752037.4327965,1773752037432804833,Sr02_gB_IMG1_LID1_STA1_CFC64_OH0,0317_1352,B,0.02001863904297352,-0.0628449022769928,0.0,0.0,-7.612951698697917,28.52587998188627,-1.218779907359344,1.7326488652156224
1773752037.5513825,1773752037551389477,Sr02_gB_IMG1_LID1_STA1_CFC64_OH0,0317_1352,B,0.13046510517597198,-0.008533896878361702,0.0,0.0,-7.612951698697917,28.52587998188627,-1.218779907359344,1.7326488652156224
1773752037.675614,1773752037675621890,Sr02_gB_IMG1_LID1_STA1_CFC64_OH0,0317_1352,B,0.08448988199234009,0.02015339583158493,0.0,0.0,-7.612951698697917,28.52587998188627,-1.218779907359344,1.7326488652156224
1773752037.8015506,1773752037801557736,Sr02_gB_IMG1_LID1_STA1_CFC64_OH0,0317_1352,B,0.08461939543485641,0.020238589495420456,0.0,0.0,-7.612951698697917,28.52587998188627,-1.218779907359344,1.7326488652156224
1773752037.9287074,1773752037928715054,Sr02_gB_IMG1_LID1_STA1_CFC64_OH0,0317_1352,B,0.08909763395786285,0.006994897034019232,0.0,0.0,-7.612951698697917,28.52587998188627,-1.218779907359344,1.7326488652156224
1773752038.0514271,1773752038051435937,Sr02_gB_IMG1_LID1_STA1_CFC64_OH0,0317_1352,B,0.02103359065949917,-0.06832601875066757,0.0,0.0,-7.612951698697917,28.52587998188627,-1.218779907359344,1.7326488652156224
1773752038.1728613,1773752038172870575,Sr02_gB_IMG1_LID1_STA1_CFC64_OH0,0317_1352,B,0.10912184417247772,0.0008111079223453999,0.0,0.0,-7.612951698697917,28.52587998188627,-1.218779907359344,1.7326488652156224
1773752038.2945657,1773752038294573779,Sr02_gB_IMG1_LID1_STA1_CFC64_OH0,0317_1352,B,0.1092178225517273,0.0007925573736429214,0.0,0.0,-7.612951698697917,28.52587998188627,-1.218779907359344,1.7326488652156224
1773752038.4186149,1773752038418623387,Sr02_gB_IMG1_LID1_STA1_CFC64_OH0,0317_1352,B,0.06934033334255219,0.0014681960456073284,0.0,0.0,-7.612951698697917,28.52587998188627,-1.218779907359344,1.7326488652156224
1773752038.5422885,1773752038542296706,Sr02_gB_IMG1_LID1_STA1_CFC64_OH0,0317_1352,B,0.09374655783176422,-0.016791652888059616,0.0,0.0,-7.612951698697917,28.52587998188627,-1.218779907359344,1.7326488652156224
1773752038.6651351,1773752038665144368,Sr02_gB_IMG1_LID1_STA1_CFC64_OH0,0317_1352,B,0.09372569620609283,-0.016764692962169647,0.0,0.0,-7.612951698697917,28.52587998188627,-1.218779907359344,1.7326488652156224
1773752038.7903774,1773752038790386415,Sr02_gB_IMG1_LID1_STA1_CFC64_OH0,0317_1352,B,0.07748875766992569,0.02774668298661709,0.0,0.0,-7.612951698697917,28.52587998188627,-1.218779907359344,1.7326488652156224
1773752038.9093304,1773752038909338662,Sr02_gB_IMG1_LID1_STA1_CFC64_OH0,0317_1352,B,0.08183502405881882,0.010872861370444298,0.0,0.0,-7.612951698697917,28.52587998188627,-1.218779907359344,1.7326488652156224
1773752039.0331383,1773752039033146454,Sr02_gB_IMG1_LID1_STA1_CFC64_OH0,0317_1352,B,0.06541106849908829,0.0067492215894162655,0.0,0.0,-7.612951698697917,28.52587998188627,-1.218779907359344,1.7326488652156224
1773752039.1580148,1773752039158023263,Sr02_gB_IMG1_LID1_STA1_CFC64_OH0,0317_1352,B,0.06541060656309128,0.006749317515641451,0.0,0.0,-7.612951698697917,28.52587998188627,-1.218779907359344,1.7326488652156224
1773752039.2819355,1773752039281942816,Sr02_gB_IMG1_LID1_STA1_CFC64_OH0,0317_1352,B,0.11405079066753387,-0.00478741992264986,0.0,0.0,-7.612951698697917,28.52587998188627,-1.218779907359344,1.7326488652156224
1773752039.4151754,1773752039415184266,Sr02_gB_IMG1_LID1_STA1_CFC64_OH0,0317_1352,B,0.07595482468605042,0.013338577002286911,0.0,0.0,-7.612951698697917,28.52587998188627,-1.218779907359344,1.7326488652156224
1773752039.5326824,1773752039532689926,Sr02_gB_IMG1_LID1_STA1_CFC64_OH0,0317_1352,B,0.05637947842478752,-0.00032156938686966896,0.0,0.0,-7.612951698697917,28.52587998188627,-1.218779907359344,1.7326488652156224
1773752039.651309,1773752039651316308,Sr02_gB_IMG1_LID1_STA1_CFC64_OH0,0317_1352,B,0.05637943744659424,-0.0003215600736439228,0.0,0.0,-7.612951698697917,28.52587998188627,-1.218779907359344,1.7326488652156224
1773752039.7663336,1773752039766340909,Sr02_gB_IMG1_LID1_STA1_CFC64_OH0,0317_1352,B,0.056379467248916626,-0.0003215768374502659,0.0,0.0,-7.612951698697917,28.52587998188627,-1.218779907359344,1.7326488652156224
1773752039.8789506,1773752039878957279,Sr02_gB_IMG1_LID1_STA1_CFC64_OH0,0317_1352,B,0.056379519402980804,-0.00032157590612769127,0.0,0.0,-7.612951698697917,28.52587998188627,-1.218779907359344,1.7326488652156224
