t_unix,t_ros_ns,run_folder,run_id,goal_id,v_pred_lin,w_pred_ang,v_cmd_lin,w_cmd_ang,x,y,yaw,dist_to_goal
1769172139.2668066,1769172139266820661,Sr02_gB_IMG1_LID1_STA1_CFC64_OH0,0123_1342,B,-0.025230087339878082,-0.00168780074454844,0.0,0.0,-2.648307864043567e-15,-2.5181648383989865e-24,-7.060447473633174e-12,28.470871634356403
1769172139.3998344,1769172139399843225,Sr02_gB_IMG1_LID1_STA1_CFC64_OH0,0123_1342,B,-0.025230087339878082,-0.00168780074454844,0.0,0.0,-2.648307864043567e-15,-2.5181648383989865e-24,-7.060447473633174e-12,28.470871634356403
1769172139.530462,1769172139530469593,Sr02_gB_IMG1_LID1_STA1_CFC64_OH0,0123_1342,B,-0.03108135238289833,-0.0028329004999250174,0.0,0.0,-2.8004765048795503e-15,-2.51709045967475e-24,-7.060447821281272e-12,28.470871634356403
1769172139.6621926,1769172139662200955,Sr02_gB_IMG1_LID1_STA1_CFC64_OH0,0123_1342,B,-0.010593019425868988,-0.0027334820479154587,0.0,0.0,-2.8764919037629422e-15,-2.51655375691647e-24,-7.060447945773575e-12,28.470871634356403
1769172139.7933292,1769172139793336929,Sr02_gB_IMG1_LID1_STA1_CFC64_OH0,0123_1342,B,-0.047581639140844345,-0.0021602045744657516,0.0,0.0,-2.9905189603928304e-15,-2.5157486748144445e-24,-7.060448061544414e-12,28.470871634356403
1769172139.9301848,1769172139930193087,Sr02_gB_IMG1_LID1_STA1_CFC64_OH0,0123_1342,B,-0.026616327464580536,-0.0008815389592200518,0.0,0.0,-2.278025823631754e-13,4.0554569040260505e-18,-8.43830373903141e-05,28.470871634356335
1769172140.0560164,1769172140056026020,Sr02_gB_IMG1_LID1_STA1_CFC64_OH0,0123_1342,B,-0.019977282732725143,-0.004944362677633762,0.0,0.0,-2.3922754893212526e-13,5.947186903587778e-18,-0.0002531516602015366,28.47087163435633
1769172140.1830592,1769172140183066569,Sr02_gB_IMG1_LID1_STA1_CFC64_OH0,0123_1342,B,0.04664447158575058,0.0052343993447721004,0.0,0.0,-2.253925288017305e-09,9.301023289381984e-13,-0.0005406552894101566,28.47087163367169
1769172140.3122728,1769172140312280417,Sr02_gB_IMG1_LID1_STA1_CFC64_OH0,0123_1342,B,-0.1350204199552536,-0.007732815109193325,0.0,0.0,-4.804161443839903e-09,2.6700777645955225e-12,-0.0008239321612668237,28.470871632896305
1769172140.443645,1769172140443653335,Sr02_gB_IMG1_LID1_STA1_CFC64_OH0,0123_1342,B,-0.0248628631234169,-0.008026358671486378,0.0,0.0,-8.40606962592307e-09,6.357747423156482e-12,-0.0012224698353132794,28.47087163179999
1769172140.5728369,1769172140572845733,Sr02_gB_IMG1_LID1_STA1_CFC64_OH0,0123_1342,B,-0.07065558433532715,-0.0075270021334290504,0.0,0.0,-1.0899460568676493e-08,9.750616984617148e-12,-0.0014953362144550367,28.47087163104028
1769172140.7076652,1769172140707673605,Sr02_gB_IMG1_LID1_STA1_CFC64_OH0,0123_1342,B,-0.026978150010108948,-0.008799267932772636,0.0,0.0,-1.1693246296455941e-08,1.097256008986462e-11,-0.0015834783545113649,28.470871630798282
1769172140.8408194,1769172140840828097,Sr02_gB_IMG1_LID1_STA1_CFC64_OH0,0123_1342,B,-0.11445930600166321,-0.010826097801327705,0.0,0.0,-1.7354910906154117e-08,2.1814123101189882e-11,-0.0021215450184077556,28.47087162907024
1769172140.9746864,1769172140974694845,Sr02_gB_IMG1_LID1_STA1_CFC64_OH0,0123_1342,B,-0.11460907757282257,-0.010845784097909927,0.0,0.0,-1.7357780674624213e-08,2.1819610256819117e-11,-0.0018574480299854445,28.47087162906936
1769172141.1080086,1769172141108017683,Sr02_gB_IMG1_LID1_STA1_CFC64_OH0,0123_1342,B,-0.06988966464996338,-0.004709148779511452,0.0,0.0,-2.4294696140409888e-08,4.0110334805501866e-11,-0.0030290878192147726,28.47087162694731
1769172141.2432172,1769172141243224115,Sr02_gB_IMG1_LID1_STA1_CFC64_OH0,0123_1342,B,-0.189998060464859,-0.027258656919002533,-0.5,0.0,-3.470076804478063e-08,7.776264920386148e-11,-0.004208049262856215,28.47087162375429
1769172141.3687506,1769172141368760041,Sr02_gB_IMG1_LID1_STA1_CFC64_OH0,0123_1342,B,-0.4586695432662964,0.010877985507249832,-0.5,0.0,-4.531134509307704e-08,1.2886379999037374e-10,-0.005426132189856231,28.47087162048641
1769172141.4990187,1769172141499027616,Sr02_gB_IMG1_LID1_STA1_CFC64_OH0,0123_1342,B,-0.211531862616539,-0.04783838987350464,-0.5,0.0,-5.3590950278030184e-08,1.7775555783985424e-10,-0.00638711303455744,28.470871617927838
1769172141.6264527,1769172141626461413,Sr02_gB_IMG1_LID1_STA1_CFC64_OH0,0123_1342,B,-0.21103279292583466,-0.047957997769117355,-0.5,0.0,-6.758627633644874e-08,2.784989635652199e-10,-0.008012181240818816,28.470871613585743
1769172141.7563689,1769172141756377318,Sr02_gB_IMG1_LID1_STA1_CFC64_OH0,0123_1342,B,-0.3086521029472351,-0.020844895392656326,-0.5,0.0,-7.5983762537164e-08,3.4989416459991374e-10,-0.00897401358346699,28.470871610969965
1769172141.8885515,1769172141888559375,Sr02_gB_IMG1_LID1_STA1_CFC64_OH0,0123_1342,B,-0.48548582196235657,-0.07948002219200134,-0.5,0.0,-0.001852580406457897,1.7786571261438607e-05,-0.009667123510190452,28.470292678220897
1769172142.0246212,1769172142024629238,Sr02_gB_IMG1_LID1_STA1_CFC64_OH0,0123_1342,B,-0.39075854420661926,-0.06197265908122063,-0.5,0.0,-0.018598509625567902,0.00018360853650166144,-0.010059675344220809,28.46505948053563
1769172142.1579578,1769172142157966102,Sr02_gB_IMG1_LID1_STA1_CFC64_OH0,0123_1342,B,-0.5956423282623291,-0.09874293208122253,-0.5,0.0,-0.07604032706146496,0.0007780464754424368,-0.010753889748111306,28.447151734126077
1769172142.2870967,1769172142287104899,Sr02_gB_IMG1_LID1_STA1_CFC64_OH0,0123_1342,B,-0.5943621397018433,-0.09891318529844284,-0.5,0.0,-0.15101527858213606,0.0018490393546807713,-0.017872907935438213,28.423653989170433
1769172142.4210818,1769172142421089809,Sr02_gB_IMG1_LID1_STA1_CFC64_OH0,0123_1342,B,-0.4254503846168518,-0.14360779523849487,-0.5,0.0,-0.20100497042243587,0.002861831428113036,-0.022397581957409565,28.407800767798438
1769172142.5417209,1769172142541729126,Sr02_gB_IMG1_LID1_STA1_CFC64_OH0,0123_1342,B,-0.44813936948776245,-0.3171471655368805,-0.5,-0.5,-0.2759721646440038,0.0046626730178320995,-0.02647883614679806,28.383905434139155
1769172142.6656322,1769172142665640674,Sr02_gB_IMG1_LID1_STA1_CFC64_OH0,0123_1342,B,-0.4958834946155548,0.024821694940328598,-0.5,0.0,-0.32594884734256896,0.006185074718663379,-0.03442681485408056,28.367766864563773
1769172142.7921083,1769172142792116714,Sr02_gB_IMG1_LID1_STA1_CFC64_OH0,0123_1342,B,-0.5198251008987427,0.06573468446731567,-0.5,0.0,-0.4008843441613201,0.009128187421731063,-0.044242451230240204,28.343084695933264
1769172142.927719,1769172142927727936,Sr02_gB_IMG1_LID1_STA1_CFC64_OH0,0123_1342,B,-0.4940255582332611,-0.0564325787127018,-0.5,0.0,-0.4508236843789958,0.011586165127776032,-0.05411671459397509,28.326258634291168
1769172143.0613232,1769172143061331441,Sr02_gB_IMG1_LID1_STA1_CFC64_OH0,0123_1342,B,-0.5330414772033691,0.3815712034702301,-0.5,0.5,-0.525681062591721,0.016198005473170667,-0.06894855328873296,28.30029514921116
1769172143.1877813,1769172143187790569,Sr02_gB_IMG1_LID1_STA1_CFC64_OH0,0123_1342,B,-0.33591434359550476,0.31966182589530945,-0.5,0.5,-0.6003333914592626,0.022141967078703004,-0.09254872024412925,28.273287888784218
1769172143.3165371,1769172143316546076,Sr02_gB_IMG1_LID1_STA1_CFC64_OH0,0123_1342,B,-0.43902304768562317,-0.0043736970983445644,-0.5,0.0,-0.6498843014114376,0.02749065264675707,-0.1227210180173382,28.25411091175412
1769172143.4477377,1769172143447754206,Sr02_gB_IMG1_LID1_STA1_CFC64_OH0,0123_1342,B,-0.43992191553115845,-0.00429717730730772,-0.5,0.0,-0.7237444911452741,0.03718135433717639,-0.13002073233902417,28.224015954397604
1769172143.5742211,1769172143574231448,Sr02_gB_IMG1_LID1_STA1_CFC64_OH0,0123_1342,B,-0.3518483340740204,-0.2487458437681198,-0.5,-0.5,-0.7980793225262007,0.046554687130545995,-0.12336085545556012,28.194258562701165
1769172143.7047722,1769172143704780601,Sr02_gB_IMG1_LID1_STA1_CFC64_OH0,0123_1342,B,-0.48057636618614197,0.058428842574357986,-0.5,0.0,-0.8476706269800282,0.05284463706096351,-0.12860710754250354,28.174464461657525
1769172143.829406,1769172143829414615,Sr02_gB_IMG1_LID1_STA1_CFC64_OH0,0123_1342,B,-0.4448194205760956,-0.19910940527915955,-0.5,-0.5,-0.921082236497111,0.0616547091567822,-0.1020212878419651,28.145781993573888
1769172143.955463,1769172143955471288,Sr02_gB_IMG1_LID1_STA1_CFC64_OH0,0123_1342,B,-0.45470091700553894,-0.1969447135925293,-0.5,-0.5,-0.9708951614954393,0.06595113226139866,-0.07005518252606058,28.128031651921297
1769172144.084712,1769172144084721564,Sr02_gB_IMG1_LID1_STA1_CFC64_OH0,0123_1342,B,-0.31004583835601807,-0.1424708068370819,-0.5,0.0,-1.045336003722397,0.07024902358856501,-0.05420886321709608,28.10369407570511
1769172144.2172549,1769172144217264979,Sr02_gB_IMG1_LID1_STA1_CFC64_OH0,0123_1342,B,-0.27760422229766846,0.08665114641189575,-0.5,0.0,-1.0952507954734456,0.07296919058946724,-0.05501292505175577,28.08762982143839
1769172144.3483753,1769172144348382178,Sr02_gB_IMG1_LID1_STA1_CFC64_OH0,0123_1342,B,-0.4364844560623169,0.185063436627388,-0.5,0.5,-1.1695922089398725,0.07796531183327052,-0.08206814971828631,28.062941555821826
1769172144.4764214,1769172144476429457,Sr02_gB_IMG1_LID1_STA1_CFC64_OH0,0123_1342,B,-0.18047642707824707,0.17525145411491394,-0.5,0.5,-1.2190320747079486,0.08210636485387177,-0.08188377815443217,28.045831191731658
1769172144.6064537,1769172144606462602,Sr02_gB_IMG1_LID1_STA1_CFC64_OH0,0123_1342,B,-0.23109641671180725,0.21638916432857513,-0.5,0.5,-1.2933054885291904,0.08870727847556804,-0.10141017472162064,28.019905263135886
1769172144.737234,1769172144737242648,Sr02_gB_IMG1_LID1_STA1_CFC64_OH0,0123_1342,B,-0.11953085660934448,0.24354812502861023,0.0,0.5,-1.3677877963125316,0.09738860650249576,-0.12941276111371966,27.99209066273884
1769172144.8649926,1769172144864999982,Sr02_gB_IMG1_LID1_STA1_CFC64_OH0,0123_1342,B,-0.3041831851005554,0.19455751776695251,-0.5,0.5,-1.4173220439302867,0.10419417157018623,-0.14365981293298644,27.972691524643253
1769172144.9946785,1769172144994686868,Sr02_gB_IMG1_LID1_STA1_CFC64_OH0,0123_1342,B,-0.38074252009391785,0.28346118330955505,-0.5,0.5,-1.4912639323166614,0.11484736751699366,-0.13741936421809378,27.943397193513793
1769172145.119938,1769172145119946575,Sr02_gB_IMG1_LID1_STA1_CFC64_OH0,0123_1342,B,-0.383801132440567,0.2809339463710785,-0.5,0.5,-1.540796675634085,0.12125733135251285,-0.11958817323169255,27.924570509035124
1769172145.2468452,1769172145246853644,Sr02_gB_IMG1_LID1_STA1_CFC64_OH0,0123_1342,B,-0.35250523686408997,0.23475700616836548,-0.5,0.5,-1.615359901407506,0.12921633176327257,-0.09216698945944998,27.89801045990894
1769172145.3769174,1769172145376925752,Sr02_gB_IMG1_LID1_STA1_CFC64_OH0,0123_1342,B,-0.46022722125053406,0.1849098801612854,-0.5,0.5,-1.6651935817338808,0.13327914556441262,-0.07052811988126531,27.881574204333717
1769172145.5042794,1769172145504286563,Sr02_gB_IMG1_LID1_STA1_CFC64_OH0,0123_1342,B,-0.4933008849620819,0.3227720856666565,-0.5,0.5,-1.717036938481529,0.1363053016945013,-0.044365188908735226,27.865722923751342
1769172145.637129,1769172145637136453,Sr02_gB_IMG1_LID1_STA1_CFC64_OH0,0123_1342,B,-0.28033414483070374,0.398047536611557,-0.5,0.5,-1.774583844212956,0.1382579046731227,-0.025187984566686968,27.849593702104862
1769172145.7626894,1769172145762697115,Sr02_gB_IMG1_LID1_STA1_CFC64_OH0,0123_1342,B,-0.341940313577652,0.5380202531814575,-0.5,0.5,-1.8233896971362673,0.13894183322290743,-0.0010815584750868083,27.836942944802928
1769172145.8925986,1769172145892606288,Sr02_gB_IMG1_LID1_STA1_CFC64_OH0,0123_1342,B,-0.5009186267852783,0.3589645028114319,-0.5,0.5,-1.898369342023357,0.13744752472298513,0.04013494111075435,27.820132641936574
1769172146.022249,1769172146022256775,Sr02_gB_IMG1_LID1_STA1_CFC64_OH0,0123_1342,B,-0.5242767333984375,0.33189085125923157,-0.5,0.5,-1.9482913128584427,0.13486041284576716,0.06264913628973837,27.810592183913123
1769172146.1471422,1769172146147149514,Sr02_gB_IMG1_LID1_STA1_CFC64_OH0,0123_1342,B,-0.5447116494178772,0.5174077749252319,-0.5,0.5,-2.02300667291415,0.12912336851143336,0.09195119014888871,27.798286851513012
1769172146.2734268,1769172146273435537,Sr02_gB_IMG1_LID1_STA1_CFC64_OH0,0123_1342,B,-0.5672407746315002,0.5337985157966614,-0.5,0.5,-2.072612352757616,0.123768713536707,0.12358057722281762,27.791727504603816
1769172146.4009378,1769172146400947020,Sr02_gB_IMG1_LID1_STA1_CFC64_OH0,0123_1342,B,-0.58003830909729,0.5391676425933838,-0.5,0.5,-2.146665729781727,0.11235043032943753,0.18371582612947726,27.785429149129996
1769172146.5304372,1769172146530445963,Sr02_gB_IMG1_LID1_STA1_CFC64_OH0,0123_1342,B,-0.5043846368789673,0.48339730501174927,-0.5,0.5,-2.195463273825154,0.10196618827728574,0.23641514479825101,27.78417071344774
1769172146.662026,1769172146662033264,Sr02_gB_IMG1_LID1_STA1_CFC64_OH0,0123_1342,B,-0.471475750207901,0.4947250187397003,-0.5,0.5,-2.267733116631146,0.08212391892796661,0.2954406802245068,27.786815623630204
1769172146.792818,1769172146792827888,Sr02_gB_IMG1_LID1_STA1_CFC64_OH0,0123_1342,B,-0.4698452949523926,0.47789666056632996,-0.5,0.5,-2.338879972684686,0.058516565998189884,0.3461952045972514,27.793584018049906
1769172146.9245582,1769172146924565972,Sr02_gB_IMG1_LID1_STA1_CFC64_OH0,0123_1342,B,-0.4301218092441559,0.38323089480400085,-0.5,0.5,-2.3852960557603398,0.04052952778706539,0.39527954956335654,27.800627167806468
1769172147.053026,1769172147053035543,Sr02_gB_IMG1_LID1_STA1_CFC64_OH0,0123_1342,B,-0.480772465467453,0.35237032175064087,-0.5,0.5,-2.45328223202912,0.00890889939344852,0.47556397889312524,27.816243711775318
1769172147.1791697,1769172147179176925,Sr02_gB_IMG1_LID1_STA1_CFC64_OH0,0123_1342,B,-0.4633065164089203,0.4476358890533447,-0.5,0.5,-2.4970954480074927,-0.015170060715715914,0.5294806710229474,27.83002012228549
1769172147.310501,1769172147310509368,Sr02_gB_IMG1_LID1_STA1_CFC64_OH0,0123_1342,B,-0.5010335445404053,0.5134601593017578,-0.5,0.5,-2.5603955326263312,-0.055364949274763736,0.6022167449846031,27.85534636983205
1769172147.440992,1769172147441000603,Sr02_gB_IMG1_LID1_STA1_CFC64_OH0,0123_1342,B,-0.5060824751853943,0.5070269107818604,-0.5,0.5,-2.6205734754304135,-0.10009820746403031,0.6757522659154218,27.885956355939598
1769172147.5763116,1769172147576319146,Sr02_gB_IMG1_LID1_STA1_CFC64_OH0,0123_1342,B,-0.4285726845264435,0.534612774848938,-0.5,0.5,-2.658823308875041,-0.13229252745950082,0.7235418617853888,27.909173690698328
1769172147.7069168,1769172147706927801,Sr02_gB_IMG1_LID1_STA1_CFC64_OH0,0123_1342,B,-0.31441783905029297,0.5294501781463623,-0.5,0.5,-2.713565709358361,-0.18353098764725426,0.7805146960426187,27.94756918306611
1769172147.83667,1769172147836677734,Sr02_gB_IMG1_LID1_STA1_CFC64_OH0,0123_1342,B,-0.4315088391304016,0.4711022675037384,-0.5,0.5,-2.7653821511130494,-0.23766053545351862,0.8361122915264675,27.98955343384631
1769172147.963908,1769172147963915554,Sr02_gB_IMG1_LID1_STA1_CFC64_OH0,0123_1342,B,-0.3993954360485077,0.4715452790260315,-0.5,0.5,-2.79802488096279,-0.27549230636154803,0.8831467848195095,28.019722680407064
1769172148.0895681,1769172148089576815,Sr02_gB_IMG1_LID1_STA1_CFC64_OH0,0123_1342,B,-0.31453073024749756,0.42086610198020935,-0.5,0.5,-2.8433545692398834,-0.33522049752384253,0.959844041070797,28.068749018288155
1769172148.2251132,1769172148225120861,Sr02_gB_IMG1_LID1_STA1_CFC64_OH0,0123_1342,B,-0.2911345362663269,0.5538083910942078,-0.5,0.5,-2.870984292046151,-0.3768865095557345,1.0110983630131567,28.103836184619052
1769172148.3553452,1769172148355352749,Sr02_gB_IMG1_LID1_STA1_CFC64_OH0,0123_1342,B,-0.27147647738456726,0.5506197214126587,-0.5,0.5,-2.9082162450510882,-0.44196936148344923,1.091083668013411,28.15993809083593
1769172148.4861345,1769172148486144518,Sr02_gB_IMG1_LID1_STA1_CFC64_OH0,0123_1342,B,-0.10070623457431793,0.31782081723213196,0.0,0.5,-2.9301090567151507,-0.48691515346031305,1.1434451463763486,28.19950574110002
1769172148.612802,1769172148612812027,Sr02_gB_IMG1_LID1_STA1_CFC64_OH0,0123_1342,B,-0.0954265147447586,0.3335815966129303,0.0,0.5,-2.9587571479154455,-0.5562112267647843,1.214119267913457,28.261600223142366
1769172148.7431917,1769172148743199167,Sr02_gB_IMG1_LID1_STA1_CFC64_OH0,0123_1342,B,0.4094453752040863,0.3524206578731537,0.5,0.5,-2.9824574380328372,-0.6273521972510842,1.2828238118747015,28.326552324790878
1769172148.866309,1769172148866321043,Sr02_gB_IMG1_LID1_STA1_CFC64_OH0,0123_1342,B,0.07672026753425598,0.4835440218448639,0.0,0.5,-2.9956415569929113,-0.6755680580754437,1.325278335769859,28.37117417961799
1769172148.998423,1769172148998430253,Sr02_gB_IMG1_LID1_STA1_CFC64_OH0,0123_1342,B,0.3631124198436737,0.4429682791233063,0.5,0.5,-3.0109166646647507,-0.7488680839699795,1.4066055933417354,28.439987601962066
1769172149.12175,1769172149121759649,Sr02_gB_IMG1_LID1_STA1_CFC64_OH0,0123_1342,B,0.3701406419277191,0.48110488057136536,0.5,0.5,-3.0177275442330527,-0.7983956534885186,1.4616674933205132,28.48719327961111
1769172149.2564626,1769172149256471824,Sr02_gB_IMG1_LID1_STA1_CFC64_OH0,0123_1342,B,0.46830427646636963,0.5917412042617798,0.5,0.5,-3.0218327394934192,-0.8519210074587732,1.5337263166099229,28.538860448973434
1769172149.3856008,1769172149385609088,Sr02_gB_IMG1_LID1_STA1_CFC64_OH0,0123_1342,B,0.5071690678596497,0.33538898825645447,0.5,0.5,-3.0220962816276864,-0.8642205435080649,1.5738817908835425,28.55086774805028
1769172149.5152502,1769172149515256780,Sr02_gB_IMG1_LID1_STA1_CFC64_OH0,0123_1342,B,0.5119356513023376,0.46422988176345825,0.5,0.5,-3.0225563615349063,-0.8517316950926147,1.6220391307981463,28.538532447105123
1769172149.648847,1769172149648854774,Sr02_gB_IMG1_LID1_STA1_CFC64_OH0,0123_1342,B,0.41317710280418396,0.49875766038894653,0.5,0.5,-3.0231694109550213,-0.8437149251086563,1.6729847623591925,28.530551788144038
1769172149.7744205,1769172149774429914,Sr02_gB_IMG1_LID1_STA1_CFC64_OH0,0123_1342,B,0.4331560432910919,0.4767075777053833,0.5,0.5,-3.025535542922967,-0.8243146156583325,1.7057739187768217,28.511065258038258
1769172149.9059572,1769172149905964957,Sr02_gB_IMG1_LID1_STA1_CFC64_OH0,0123_1342,B,0.43864333629608154,0.43723607063293457,0.5,0.5,-3.034785153959219,-0.766243475408797,1.7499161777059744,28.452309668839973
1769172150.0340006,1769172150034010402,Sr02_gB_IMG1_LID1_STA1_CFC64_OH0,0123_1342,B,0.514706015586853,0.2996891140937805,0.5,0.5,-3.0443075855827644,-0.7192921303133512,1.7933794336476179,28.404402493723975
1769172150.164326,1769172150164333882,Sr02_gB_IMG1_LID1_STA1_CFC64_OH0,0123_1342,B,0.5106867551803589,0.4157670736312866,0.5,0.5,-3.062878780626386,-0.646757425778765,1.8472478636141838,28.329631254760187
1769172150.2951157,1769172150295123667,Sr02_gB_IMG1_LID1_STA1_CFC64_OH0,0123_1342,B,0.5134692192077637,0.4155822992324829,0.5,0.5,-3.0857461578349143,-0.5754534243593858,1.9167651476125402,28.255222719859812
1769172150.4225893,1769172150422597910,Sr02_gB_IMG1_LID1_STA1_CFC64_OH0,0123_1342,B,0.4921230375766754,0.5132995247840881,0.5,0.5,-3.1038627207906164,-0.5288564140155325,1.9659793637679661,28.20597558080019
1769172150.5477164,1769172150547724999,Sr02_gB_IMG1_LID1_STA1_CFC64_OH0,0123_1342,B,0.49187132716178894,0.43669670820236206,0.5,0.5,-3.1351630293298687,-0.46071689216910966,2.0355118743713674,28.13302462276396
1769172150.6747308,1769172150674744970,Sr02_gB_IMG1_LID1_STA1_CFC64_OH0,0123_1342,B,0.4716942608356476,0.389934241771698,0.5,0.5,-3.1585275009868785,-0.41654483738632386,2.078535930830858,28.08513938495649
1769172150.8015559,1769172150801564505,Sr02_gB_IMG1_LID1_STA1_CFC64_OH0,0123_1342,B,0.4622887372970581,0.5182363986968994,0.5,0.5,-3.1964208396944214,-0.3519999459199376,2.12591458615795,28.014452650189376
1769172150.9306011,1769172150930609245,Sr02_gB_IMG1_LID1_STA1_CFC64_OH0,0123_1342,B,0.4804185926914215,0.5089315176010132,0.5,0.5,-3.223633484439547,-0.31008511423134827,2.167410581299718,27.968056528842485
1769172151.0601661,1769172151060173751,Sr02_gB_IMG1_LID1_STA1_CFC64_OH0,0123_1342,B,0.4804881513118744,0.48468005657196045,0.5,0.5,-3.267669172881337,-0.2494078622671431,2.2301619680365645,27.900020081312032
1769172151.190456,1769172151190465331,Sr02_gB_IMG1_LID1_STA1_CFC64_OH0,0123_1342,B,0.4772847592830658,0.4293241798877716,0.5,0.5,-3.2992502314105674,-0.210688391596155,2.2799770511039776,27.855955822293357
1769172151.3302236,1769172151330231630,Sr02_gB_IMG1_LID1_STA1_CFC64_OH0,0123_1342,B,0.49636104702949524,0.5253522992134094,0.5,0.5,-3.3499773343125634,-0.15546371687947735,2.345344742576881,27.792060548891662
1769172151.463907,1769172151463916428,Sr02_gB_IMG1_LID1_STA1_CFC64_OH0,0123_1342,B,0.5009180903434753,0.5252341628074646,0.5,0.5,-3.403934294956897,-0.10351403675425788,2.408007981367844,27.73082709316074
1769172151.5902395,1769172151590249359,Sr02_gB_IMG1_LID1_STA1_CFC64_OH0,0123_1342,B,0.4966287910938263,0.4574684500694275,0.5,0.5,-3.4418945201116045,-0.07097943827501958,2.4580079276931963,27.69173007241921
1769172151.7226298,1769172151722638535,Sr02_gB_IMG1_LID1_STA1_CFC64_OH0,0123_1342,B,0.5095213055610657,0.24188964068889618,0.5,0.5,-3.501762031488139,-0.025832337437255822,2.5325482584584846,27.636197306240412
1769172151.8521976,1769172151852206337,Sr02_gB_IMG1_LID1_STA1_CFC64_OH0,0123_1342,B,0.4843094050884247,0.09462965279817581,0.5,0.0,-3.564763534554447,0.014830613576356361,2.6024824304043546,27.58458758598412
1769172151.9800625,1769172151980069901,Sr02_gB_IMG1_LID1_STA1_CFC64_OH0,0123_1342,B,0.4449230134487152,0.052440136671066284,0.5,0.0,-3.6081766213856965,0.03954660746382432,2.646529565311501,27.55233537272459
1769172152.107592,1769172152107600931,Sr02_gB_IMG1_LID1_STA1_CFC64_OH0,0123_1342,B,0.46553200483322144,0.044487662613391876,0.5,0.0,-3.675445722433751,0.07267108225558734,2.721529478127459,27.5075530665002
1769172152.2453089,1769172152245317274,Sr02_gB_IMG1_LID1_STA1_CFC64_OH0,0123_1342,B,0.5006405711174011,-0.004437821917235851,0.5,0.0,-3.7215895238010295,0.09191240232486879,2.7715294283199055,27.48033491526664
1769172152.3772907,1769172152377298254,Sr02_gB_IMG1_LID1_STA1_CFC64_OH0,0123_1342,B,0.49916043877601624,-0.0032894439063966274,0.5,0.0,-3.792301856409824,0.11659941621763303,2.8384741860646816,27.443472888790403
1769172152.5067134,1769172152506722536,Sr02_gB_IMG1_LID1_STA1_CFC64_OH0,0123_1342,B,0.5045185685157776,-0.0103241465985775,0.5,0.0,-3.8639946947331887,0.1374749981051162,2.874440173524401,27.410348328625286
1769172152.6382241,1769172152638232773,Sr02_gB_IMG1_LID1_STA1_CFC64_OH0,0123_1342,B,0.5029572248458862,-0.003777781967073679,0.5,0.0,-3.912251301036497,0.15043132862497222,2.884025034966862,27.38922283450882
1769172152.7663102,1769172152766318534,Sr02_gB_IMG1_LID1_STA1_CFC64_OH0,0123_1342,B,0.5023819208145142,-0.0020179261919111013,0.5,0.0,-3.98484385712241,0.1692517326528324,2.8915192849371865,27.358244939466534
1769172152.8984954,1769172152898504389,Sr02_gB_IMG1_LID1_STA1_CFC64_OH0,0123_1342,B,0.49365493655204773,-0.001541404752060771,0.5,0.0,-4.033303889418015,0.18151892318305357,2.8950899024423276,27.337952597822298
1769172153.0304892,1769172153030498514,Sr02_gB_IMG1_LID1_STA1_CFC64_OH0,0123_1342,B,0.5011489391326904,0.0025288257747888565,0.5,0.0,-4.10603073101222,0.19984392235517265,2.894458685114412,27.30772601854896
1769172153.1588173,1769172153158826269,Sr02_gB_IMG1_LID1_STA1_CFC64_OH0,0123_1342,B,0.5048686861991882,0.00011986447498202324,0.5,0.0,-4.178746432394954,0.21821307476794663,2.893613540131146,27.277630419949244
1769172153.290899,1769172153290909912,Sr02_gB_IMG1_LID1_STA1_CFC64_OH0,0123_1342,B,0.5005988478660583,-0.0029186424799263477,0.5,0.0,-4.227210767850763,0.23050972783524384,2.892712049626385,27.25761505958078
1769172153.416273,1769172153416280538,Sr02_gB_IMG1_LID1_STA1_CFC64_OH0,0123_1342,B,0.5016807913780212,-0.0028177951462566853,0.5,0.0,-4.29989485561225,0.2490035793857999,2.8922157756471747,27.227690320989087
1769172153.5436573,1769172153543666455,Sr02_gB_IMG1_LID1_STA1_CFC64_OH0,0123_1342,B,0.49973347783088684,-0.0017731103580445051,0.5,0.0,-4.348346926975114,0.2613484753009081,2.8920139833499383,27.207822229988526
1769172153.6705978,1769172153670606466,Sr02_gB_IMG1_LID1_STA1_CFC64_OH0,0123_1342,B,0.5027060508728027,0.0004708794876933098,0.5,0.0,-4.421021123847344,0.27988115928625384,2.8918641742549314,27.178150786342037
1769172153.812692,1769172153812700654,Sr02_gB_IMG1_LID1_STA1_CFC64_OH0,0123_1342,B,0.4855848252773285,-0.0010888287797570229,0.5,0.0,-4.4694716607585265,0.29223207596063866,2.8921170561773764,27.158470871618576
1769172153.943219,1769172153943227145,Sr02_gB_IMG1_LID1_STA1_CFC64_OH0,0123_1342,B,0.48589468002319336,-0.0006187180988490582,0.5,0.0,-4.542150405890184,0.31074691575057733,2.892159127236155,27.129107976265782
1769172154.073337,1769172154073346141,Sr02_gB_IMG1_LID1_STA1_CFC64_OH0,0123_1342,B,0.49914810061454773,0.0010841386392712593,0.5,0.0,-4.614825279847119,0.32927694253177725,2.891723350777472,27.09990638777772
1769172154.2012324,1769172154201242597,Sr02_gB_IMG1_LID1_STA1_CFC64_OH0,0123_1342,B,0.5013982653617859,-0.0008260156027972698,0.5,0.0,-4.663270797474592,0.3416475322303102,2.8914624646418967,27.080520158770973
1769172154.3264651,1769172154326472799,Sr02_gB_IMG1_LID1_STA1_CFC64_OH0,0123_1342,B,0.49995917081832886,0.002595386002212763,0.5,0.0,-4.73593456088991,0.3602210820123678,2.8912862562014676,27.051571216887293
1769172154.4555829,1769172154455590747,Sr02_gB_IMG1_LID1_STA1_CFC64_OH0,0123_1342,B,0.49403077363967896,0.003705842886120081,0.5,0.0,-4.80859791660568,0.37879622726548445,2.8913256949854307,27.022797899143484
1769172154.581684,1769172154581690892,Sr02_gB_IMG1_LID1_STA1_CFC64_OH0,0123_1342,B,0.49249187111854553,0.0034029236994683743,0.5,0.0,-4.857039567960917,0.3911819486707439,2.891226214244451,27.00371219293631
1769172154.7103274,1769172154710334399,Sr02_gB_IMG1_LID1_STA1_CFC64_OH0,0123_1342,B,0.49811479449272156,0.020899375900626183,0.5,0.0,-4.929700497131496,0.40976658363762813,2.8912015195164518,26.97522630256226
1769172154.843701,1769172154843709466,Sr02_gB_IMG1_LID1_STA1_CFC64_OH0,0123_1342,B,0.5072146654129028,0.008512025699019432,0.5,0.0,-4.978141932688447,0.42215314901896644,2.8912908327387563,26.956337964820765
1769172154.9747818,1769172154974790597,Sr02_gB_IMG1_LID1_STA1_CFC64_OH0,0123_1342,B,0.4965813159942627,0.0022772797383368015,0.5,0.0,-5.050803689741673,0.4407345467973515,2.891235356512994,26.92815320805696
1769172155.1035984,1769172155103606188,Sr02_gB_IMG1_LID1_STA1_CFC64_OH0,0123_1342,B,0.49997493624687195,-0.0006375028751790524,0.5,0.0,-5.099246491797414,0.4531157663637533,2.8914948944857795,26.909469209381125
1769172155.2372427,1769172155237250680,Sr02_gB_IMG1_LID1_STA1_CFC64_OH0,0123_1342,B,0.4979988932609558,-0.002361370949074626,0.5,0.0,-5.171918059051093,0.4716587557723942,2.8920366355894664,26.881620888033023
1769172155.36312,1769172155363128768,Sr02_gB_IMG1_LID1_STA1_CFC64_OH0,0123_1342,B,0.49929168820381165,0.0022362815216183662,0.5,0.0,-5.244603318266209,0.49014797525370646,2.893596845407049,26.85400476290623
1769172155.4891262,1769172155489135578,Sr02_gB_IMG1_LID1_STA1_CFC64_OH0,0123_1342,B,0.5011249780654907,-0.0003871135413646698,0.5,0.0,-5.293086119080112,0.5023715958907045,2.895439041717868,26.835793164220682
1769172155.6135302,1769172155613538308,Sr02_gB_IMG1_LID1_STA1_CFC64_OH0,0123_1342,B,0.5007138848304749,0.002101709134876728,0.5,0.0,-5.36583642160831,0.5206032215981533,2.896466459530802,26.808727263869642
1769172155.746694,1769172155746700755,Sr02_gB_IMG1_LID1_STA1_CFC64_OH0,0123_1342,B,0.5000545382499695,0.0018125302158296108,0.5,0.0,-5.414343117466051,0.5327317058333066,2.8966650409917922,26.790809747123543
1769172155.8757463,1769172155875754272,Sr02_gB_IMG1_LID1_STA1_CFC64_OH0,0123_1342,B,0.4992123544216156,-0.00022134650498628616,0.5,0.0,-5.487103765153932,0.550922017186856,2.896517701670902,26.76408845016808
1769172156.0027516,1769172156002759145,Sr02_gB_IMG1_LID1_STA1_CFC64_OH0,0123_1342,B,0.5004740357398987,0.0016392148099839687,0.5,0.0,-5.535608286396845,0.5630591952098688,2.8962815649906837,26.746366324077428
1769172156.1327717,1769172156132779897,Sr02_gB_IMG1_LID1_STA1_CFC64_OH0,0123_1342,B,0.4978663921356201,-0.001112552359700203,0.5,0.0,-5.608365146965713,0.5812646470912288,2.8965447942434515,26.7199368310773
1769172156.263356,1769172156263363505,Sr02_gB_IMG1_LID1_STA1_CFC64_OH0,0123_1342,B,0.49808770418167114,-0.0016127892304211855,0.5,0.0,-5.681124178562553,0.5994614217151609,2.896561390560935,26.69370027810354
1769172156.3972406,1769172156397247686,Sr02_gB_IMG1_LID1_STA1_CFC64_OH0,0123_1342,B,0.49863699078559875,-4.826486110687256e-05,0.5,0.0,-5.729631936816613,0.6115856562460634,2.8967715610895715,26.676318770264963
1769172156.5253103,1769172156525318479,Sr02_gB_IMG1_LID1_STA1_CFC64_OH0,0123_1342,B,0.49814119935035706,-0.0027936208061873913,0.5,0.0,-5.802397809139003,0.6297550560170867,2.89696497879421,26.650417547134094
1769172156.6584756,1769172156658483702,Sr02_gB_IMG1_LID1_STA1_CFC64_OH0,0123_1342,B,0.5001088976860046,0.0024997848086059093,0.5,0.0,-5.850909061680765,0.6418653020820593,2.8969614487446615,26.63325600783694
1769172156.7858875,1769172156785895288,Sr02_gB_IMG1_LID1_STA1_CFC64_OH0,0123_1342,B,0.5015798211097717,0.0011933660134673119,0.5,0.0,-5.923678143150001,0.6600218449312165,2.8971247793477626,26.607677671605988
1769172156.9108286,1769172156910836518,Sr02_gB_IMG1_LID1_STA1_CFC64_OH0,0123_1342,B,0.5030329823493958,0.0015344987623393536,0.5,0.0,-5.996446544385493,0.6781811140000399,2.896937887750581,26.582283685649976
1769172157.0419137,1769172157041921938,Sr02_gB_IMG1_LID1_STA1_CFC64_OH0,0123_1342,B,0.48919346928596497,0.006696614902466536,0.5,0.0,-6.044956624244885,0.6902960564229488,2.8967922534478627,26.565450002497613
1769172157.1702912,1769172157170299967,Sr02_gB_IMG1_LID1_STA1_CFC64_OH0,0123_1342,B,0.4942469000816345,0.0004806532524526119,0.5,0.0,-6.117720333091917,0.7084741190004503,2.896702654908994,26.54035058711335
1769172157.2985253,1769172157298532173,Sr02_gB_IMG1_LID1_STA1_CFC64_OH0,0123_1342,B,0.5006304979324341,-0.0001730821095407009,0.5,0.0,-6.166226836139186,0.7206033740832708,2.896423293330631,26.52371201229863
1769172157.4307988,1769172157430807295,Sr02_gB_IMG1_LID1_STA1_CFC64_OH0,0123_1342,B,0.5027871131896973,-0.0008229524828493595,0.5,0.0,-6.2389874521708215,0.7387938104855659,2.8967851929428776,26.49891480996874
1769172157.5626028,1769172157562611795,Sr02_gB_IMG1_LID1_STA1_CFC64_OH0,0123_1342,B,0.5013049840927124,0.02112548239529133,0.5,0.0,-6.287497374568138,0.7509093834797567,2.8969079407609137,26.482499532084713
1769172157.694206,1769172157694214225,Sr02_gB_IMG1_LID1_STA1_CFC64_OH0,0123_1342,B,0.49402138590812683,-0.000817406689748168,0.5,0.0,-6.360265772736891,0.7690686638870268,2.897292974492221,26.458048411429065
1769172157.8267066,1769172157826714910,Sr02_gB_IMG1_LID1_STA1_CFC64_OH0,0123_1342,B,0.49976107478141785,-0.0013076828327029943,0.5,0.0,-6.433046951884102,0.787176644391563,2.897986672173758,26.43383752517203
1769172157.9590127,1769172157959020500,Sr02_gB_IMG1_LID1_STA1_CFC64_OH0,0123_1342,B,0.5006516575813293,-0.0010352584067732096,0.5,0.0,-6.4815709601985905,0.7992356783341558,2.8980282004463827,26.417815545943505
1769172158.0873492,1769172158087356851,Sr02_gB_IMG1_LID1_STA1_CFC64_OH0,0123_1342,B,0.5030840635299683,0.0012420397251844406,0.5,0.0,-6.554357024983801,0.8173240187550662,2.8979827427189266,26.393942144847646
1769172158.2171235,1769172158217131792,Sr02_gB_IMG1_LID1_STA1_CFC64_OH0,0123_1342,B,0.49914517998695374,-0.0012098813895136118,0.5,0.0,-6.6271447261282725,0.8354057602718546,2.8989567032412444,26.370266894857554
1769172158.3474066,1769172158347413934,Sr02_gB_IMG1_LID1_STA1_CFC64_OH0,0123_1342,B,0.47449418902397156,0.02493073232471943,0.5,0.0,-6.675692646748227,0.84736812654101,2.9008498315814184,26.35468033030938
1769172158.476651,1769172158476660123,Sr02_gB_IMG1_LID1_STA1_CFC64_OH0,0123_1342,B,0.49823281168937683,0.0529509037733078,0.5,0.0,-6.748528604672214,0.865254504372492,2.900712517560125,26.331517217765445
1769172158.601483,1769172158601492479,Sr02_gB_IMG1_LID1_STA1_CFC64_OH0,0123_1342,B,0.49784722924232483,0.06167910620570183,0.5,0.0,-6.797084240964015,0.8771855505863047,2.9005817494988326,26.31617590365802
1769172158.7324648,1769172158732472781,Sr02_gB_IMG1_LID1_STA1_CFC64_OH0,0123_1342,B,0.49869808554649353,3.7066638469696045e-06,0.5,0.0,-6.86991518929879,0.8950923158470163,2.900472005063976,26.29331542236533
1769172158.8594203,1769172158859428422,Sr02_gB_IMG1_LID1_STA1_CFC64_OH0,0123_1342,B,0.500302255153656,0.0010205828584730625,0.5,0.0,-6.918469476756827,0.9070288500691063,2.900596208698273,26.278184258579177
1769172158.986529,1769172158986539925,Sr02_gB_IMG1_LID1_STA1_CFC64_OH0,0123_1342,B,0.49560126662254333,0.00039733387529850006,0.5,0.0,-6.991301214632824,0.9249324036749795,2.9004637670049744,26.255650922215285
1769172159.1180587,1769172159118070059,Sr02_gB_IMG1_LID1_STA1_CFC64_OH0,0123_1342,B,0.49712643027305603,-0.0014130296185612679,0.5,0.0,-7.064168821533455,0.9426890884986217,2.9056043356102066,26.23345710583551
1769172159.2499528,1769172159249961261,Sr02_gB_IMG1_LID1_STA1_CFC64_OH0,0123_1342,B,0.49718326330184937,-0.0010298292618244886,0.5,0.0,-7.1128139284678955,0.9542496770443176,2.9110739748931587,26.219042832540346
1769172159.3771799,1769172159377189323,Sr02_gB_IMG1_LID1_STA1_CFC64_OH0,0123_1342,B,0.49412602186203003,0.0010225065052509308,0.5,0.0,-7.185894686074939,0.9710561520627263,2.9186983847399666,26.19811279853449
1769172159.503836,1769172159503845401,Sr02_gB_IMG1_LID1_STA1_CFC64_OH0,0123_1342,B,0.49502938985824585,0.0029728440567851067,0.5,0.0,-7.234657772423484,0.9821088029700901,2.9186987573788885,26.184418623493148
1769172159.6338089,1769172159633817461,Sr02_gB_IMG1_LID1_STA1_CFC64_OH0,0123_1342,B,0.49674102663993835,0.0004399665631353855,0.5,0.0,-7.307803659979908,0.9986822277828823,2.9188393792598335,26.164048560901776
1769172159.767624,1769172159767632494,Sr02_gB_IMG1_LID1_STA1_CFC64_OH0,0123_1342,B,0.4966337978839874,0.0004825480282306671,0.5,0.0,-7.356568521576915,1.0097270435841472,2.918879112619344,26.150583287658485
1769172159.898873,1769172159898881500,Sr02_gB_IMG1_LID1_STA1_CFC64_OH0,0123_1342,B,0.5005462169647217,0.0007905717939138412,0.5,0.0,-7.429714677011297,1.0262992857822106,2.9186852635138485,26.130546795284793
1769172160.0323582,1769172160032366854,Sr02_gB_IMG1_LID1_STA1_CFC64_OH0,0123_1342,B,0.4982312023639679,0.0006795590743422508,0.5,0.0,-7.502858088701704,1.0428836340816154,2.918633404136697,26.110698381762322
1769172160.15967,1769172160159678382,Sr02_gB_IMG1_LID1_STA1_CFC64_OH0,0123_1342,B,0.495344877243042,-1.2818723917007446e-05,0.5,0.0,-7.55162106292666,1.0539367795380932,2.918774659927871,26.097580517694936
1769172160.2943027,1769172160294311068,Sr02_gB_IMG1_LID1_STA1_CFC64_OH0,0123_1342,B,0.49835073947906494,0.0006283181719481945,0.5,0.0,-7.624770423030275,1.0704948692134761,2.9191192726838375,26.078092520349955
1769172160.4214444,1769172160421452778,Sr02_gB_IMG1_LID1_STA1_CFC64_OH0,0123_1342,B,0.4991282820701599,0.000963104423135519,0.5,0.0,-7.6979225727449885,1.0870406323202144,2.919187396609258,26.058818025569778
1769172160.5514586,1769172160551468611,Sr02_gB_IMG1_LID1_STA1_CFC64_OH0,0123_1342,B,0.5015578269958496,-0.0003510178066790104,0.5,0.0,-7.746691328953849,1.098068238605051,2.91924181158091,26.046083296445858
1769172160.6802278,1769172160680235811,Sr02_gB_IMG1_LID1_STA1_CFC64_OH0,0123_1342,B,0.49960193037986755,-5.320645868778229e-05,0.5,0.0,-7.81984592474977,1.1146031832484002,2.9193559567206875,26.02715603634185
1769172160.8105016,1769172160810510249,Sr02_gB_IMG1_LID1_STA1_CFC64_OH0,0123_1342,B,0.5007238984107971,0.0006590527482330799,0.5,0.0,-7.8686166408322205,1.1256221185349895,2.9194239125174866,26.014654667463493
1769172160.9430902,1769172160943098899,Sr02_gB_IMG1_LID1_STA1_CFC64_OH0,0123_1342,B,0.5015352368354797,0.0004129153676331043,0.5,0.0,-7.941773274774281,1.1421480435302669,2.919434812506227,25.996074120233175
1769172161.0764928,1769172161076502039,Sr02_gB_IMG1_LID1_STA1_CFC64_OH0,0123_1342,B,0.5005779266357422,-0.0006924602203071117,0.5,0.0,-8.014930898708949,1.1586695852867617,2.9195424512133448,25.97770117416974
1769172161.2096446,1769172161209652133,Sr02_gB_IMG1_LID1_STA1_CFC64_OH0,0123_1342,B,0.4983588755130768,-0.0011669548694044352,0.5,0.0,-8.063703824988677,1.169678733445193,2.9196387614965955,25.965570858607155
1769172161.3389096,1769172161338918910,Sr02_gB_IMG1_LID1_STA1_CFC64_OH0,0123_1342,B,0.5018832087516785,-0.00019067712128162384,0.5,0.0,-8.136863581459478,1.186190829580029,2.919592065924275,25.947547024597462
1769172161.467822,1769172161467833005,Sr02_gB_IMG1_LID1_STA1_CFC64_OH0,0123_1342,B,0.5034133791923523,0.000831360463052988,0.5,0.0,-8.18563651022061,1.1971999668328535,2.9196009899275097,25.935643598614405
1769172161.5972154,1769172161597222734,Sr02_gB_IMG1_LID1_STA1_CFC64_OH0,0123_1342,B,0.5059928297996521,0.0003430638462305069,0.5,0.0,-8.258796865565502,1.2137094092391,2.9196900023438994,25.917963317784064
1769172161.726693,1769172161726701188,Sr02_gB_IMG1_LID1_STA1_CFC64_OH0,0123_1342,B,0.4972645342350006,-0.0012656808830797672,0.5,0.0,-8.331958188270272,1.2302145643754197,2.9196856179675126,25.900492421681818
1769172161.864422,1769172161864430515,Sr02_gB_IMG1_LID1_STA1_CFC64_OH0,0123_1342,B,0.49981576204299927,-0.0012653663288801908,0.5,0.0,-8.380731768852492,1.2412208134673748,2.9196068825166095,25.888956509754234
1769172161.996663,1769172161996669941,Sr02_gB_IMG1_LID1_STA1_CFC64_OH0,0123_1342,B,0.49907875061035156,-0.0010658930987119675,0.5,0.0,-8.453890067528167,1.2577393670058457,2.9194708899041313,25.871815014672528
1769172162.127805,1769172162127812398,Sr02_gB_IMG1_LID1_STA1_CFC64_OH0,0123_1342,B,0.49681755900382996,-0.000836807070299983,0.5,0.0,-8.527047445831386,1.2742619965049264,2.9195036097512927,25.854875644267516
1769172162.2573535,1769172162257360994,Sr02_gB_IMG1_LID1_STA1_CFC64_OH0,0123_1342,B,0.49700361490249634,0.0008774916641414165,0.5,0.0,-8.575819861183888,1.2852734079701635,2.9195769800895794,25.843701154670306
1769172162.3860562,1769172162386064093,Sr02_gB_IMG1_LID1_STA1_CFC64_OH0,0123_1342,B,0.4986904561519623,-0.0008194984402507544,0.5,0.0,-8.648979308817143,1.3017868724133481,2.9195640911510066,25.827115503986168
1769172162.5152884,1769172162515294252,Sr02_gB_IMG1_LID1_STA1_CFC64_OH0,0123_1342,B,0.4976494014263153,-0.0009283125400543213,0.5,0.0,-8.697751246276573,1.3128004002833877,2.919437526422467,25.816168978261846
1769172162.645812,1769172162645820883,Sr02_gB_IMG1_LID1_STA1_CFC64_OH0,0123_1342,B,0.5022544860839844,-0.0009002669248729944,0.5,0.0,-8.770906542653796,1.3293322447693632,2.919251711100778,25.79991060250258
1769172162.7720077,1769172162772016187,Sr02_gB_IMG1_LID1_STA1_CFC64_OH0,0123_1342,B,0.500726580619812,-0.0002318243496119976,0.5,0.0,-8.844059029266,1.345876518041091,2.919100990637542,25.783847684482478
1769172162.9000576,1769172162900068776,Sr02_gB_IMG1_LID1_STA1_CFC64_OH0,0123_1342,B,0.5068272352218628,-0.0030093593522906303,0.5,0.0,-8.892826107244748,1.3569115435110781,2.919034452079067,25.77324923872722
1769172163.0306654,1769172163030673063,Sr02_gB_IMG1_LID1_STA1_CFC64_OH0,0123_1342,B,0.4966692328453064,-0.0038694816175848246,0.5,0.0,-8.965977306223968,1.3734615093403082,2.9191151668988353,25.757527959123212
1769172163.1604679,1769172163160476397,Sr02_gB_IMG1_LID1_STA1_CFC64_OH0,0123_1342,B,0.5003296732902527,-5.347421392798424e-05,0.5,0.0,-9.014744540724235,1.3844958430666214,2.91903321721687,25.747162119414295
1769172163.2934637,1769172163293471872,Sr02_gB_IMG1_LID1_STA1_CFC64_OH0,0123_1342,B,0.5000798106193542,0.0005443575792014599,0.5,0.0,-9.087893578997114,1.4010553562648276,2.9188953392263017,25.731779655385505
1769172163.4225323,1769172163422539896,Sr02_gB_IMG1_LID1_STA1_CFC64_OH0,0123_1342,B,0.5057893991470337,-0.0032544084824621677,0.5,0.0,-9.136658345751387,1.4121005907485473,2.9188119967208173,25.721635479555584
1769172163.5544205,1769172163554428343,Sr02_gB_IMG1_LID1_STA1_CFC64_OH0,0123_1342,B,0.44441092014312744,0.0033955289982259274,0.5,0.0,-9.20980442904498,1.4286731518460525,2.9186938991485536,25.706589324967524
1769172163.6848218,1769172163684837213,Sr02_gB_IMG1_LID1_STA1_CFC64_OH0,0123_1342,B,0.5057012438774109,0.001233882736414671,0.5,0.0,-9.282945160452055,1.4452693137629598,2.9182080918497584,25.691729573659295
1769172163.815816,1769172163815823728,Sr02_gB_IMG1_LID1_STA1_CFC64_OH0,0123_1342,B,0.4802038371562958,0.008741460740566254,0.5,0.0,-9.33170069676251,1.4563552206954298,2.9178593022294232,25.68191805243967
1769172163.9457,1769172163945707903,Sr02_gB_IMG1_LID1_STA1_CFC64_OH0,0123_1342,B,0.4656654894351959,-1.5230383723974228e-05,0.5,0.0,-9.404831349398057,1.4729957414759522,2.917869214774348,25.66736462937405
1769172164.0736706,1769172164073678749,Sr02_gB_IMG1_LID1_STA1_CFC64_OH0,0123_1342,B,0.49642297625541687,0.004971010144799948,0.5,0.0,-9.453585554295524,1.4840875036101513,2.9179236504333628,25.65778148824406
1769172164.201969,1769172164201978191,Sr02_gB_IMG1_LID1_STA1_CFC64_OH0,0123_1342,B,0.49649178981781006,-0.0030406666919589043,0.5,0.0,-9.526713288117666,1.5007408434064702,2.9175019884604705,25.643567045495512
1769172164.3281107,1769172164328118251,Sr02_gB_IMG1_LID1_STA1_CFC64_OH0,0123_1342,B,0.49773430824279785,-0.004293612204492092,0.5,0.0,-9.599842160475653,1.5173891828905688,2.9179464678970373,25.629569232724418
1769172164.4608827,1769172164460890376,Sr02_gB_IMG1_LID1_STA1_CFC64_OH0,0123_1342,B,0.5090851187705994,-0.003795171855017543,0.5,0.0,-9.644475800183416,1.5275385274792368,2.918056666366775,25.621141740527207
1769172164.589158,1769172164589167717,Sr02_gB_IMG1_LID1_STA1_CFC64_OH0,0123_1342,B,0.47179725766181946,-0.0043410067446529865,0.5,0.0,-9.679898199149385,1.5355899149169627,2.9181147940215895,25.614513100159524
1769172164.7172775,1769172164717287753,Sr02_gB_IMG1_LID1_STA1_CFC64_OH0,0123_1342,B,0.4887832999229431,0.007021789904683828,0.5,0.0,-9.696963018536321,1.5394682946678788,2.9181317118092034,25.611337908806878
1769172164.843421,1769172164843430838,Sr02_gB_IMG1_LID1_STA1_CFC64_OH0,0123_1342,B,0.49671807885169983,-0.007736780680716038,0.5,0.0,-9.722561052400813,1.545282321870033,2.9183085686405184,25.606600381528967
1769172164.9738443,1769172164973852813,Sr02_gB_IMG1_LID1_STA1_CFC64_OH0,0123_1342,B,0.5101506114006042,0.0015831883065402508,0.5,0.0,-9.743336181484198,1.5500009426547616,2.9182141997871334,25.602774578884834
1769172165.1044366,1769172165104442924,Sr02_gB_IMG1_LID1_STA1_CFC64_OH0,0123_1342,B,0.5045164227485657,-0.001687963493168354,0.5,0.0,-9.804081532454559,1.5638038637239937,2.9180375573061155,25.591680676025803
1769172165.2370436,1769172165237053045,Sr02_gB_IMG1_LID1_STA1_CFC64_OH0,0123_1342,B,0.49867087602615356,0.08346685767173767,0.5,0.0,-9.877210423051887,1.5804521215410217,2.917451907809587,25.578488605134982
1769172165.368466,1769172165368476119,Sr02_gB_IMG1_LID1_STA1_CFC64_OH0,0123_1342,B,0.4968222975730896,0.05617441609501839,0.5,0.0,-9.921836404768634,1.590635102205132,2.9170308406923398,25.57051948399625
1769172165.49739,1769172165497397769,Sr02_gB_IMG1_LID1_STA1_CFC64_OH0,0123_1342,B,0.4856019616127014,0.00028747739270329475,0.5,0.0,-9.95513353973852,1.5982484610559526,2.916487204094079,25.564609760393335
1769172165.630679,1769172165630687074,Sr02_gB_IMG1_LID1_STA1_CFC64_OH0,0123_1342,B,0.4913213849067688,0.0008544041775166988,0.5,0.0,-9.954316091769796,1.5980606926480079,2.9161872756555822,25.56475517317739
1769172165.7626126,1769172165762620235,Sr02_gB_IMG1_LID1_STA1_CFC64_OH0,0123_1342,B,0.5025997757911682,0.0005086911842226982,0.5,0.0,-9.953915161789254,1.5979697669218833,2.915864427987378,25.564825336238098
1769172165.8926744,1769172165892683868,Sr02_gB_IMG1_LID1_STA1_CFC64_OH0,0123_1342,B,0.4940182566642761,0.0005313856527209282,0.5,0.0,-9.991722459841775,1.6066561298766613,2.9157008413431598,25.558125271991692
1769172166.0184417,1769172166018450097,Sr02_gB_IMG1_LID1_STA1_CFC64_OH0,0123_1342,B,0.49452337622642517,9.54819843173027e-05,0.5,0.0,-10.036655184294833,1.6169652840142938,2.917583364866382,25.550251055876306
1769172166.146462,1769172166146469914,Sr02_gB_IMG1_LID1_STA1_CFC64_OH0,0123_1342,B,0.49091604351997375,0.0030073625966906548,0.5,0.0,-10.109837223935514,1.6333253328841923,2.9244994566082423,25.538029031185715
1769172166.280014,1769172166280021752,Sr02_gB_IMG1_LID1_STA1_CFC64_OH0,0123_1342,B,0.4835910499095917,-0.005092059262096882,0.5,0.0,-10.158663759445467,1.6440942284757294,2.9245282059370705,25.530139984425457
1769172166.4111714,1769172166411179638,Sr02_gB_IMG1_LID1_STA1_CFC64_OH0,0123_1342,B,0.4960917532444,-0.006957674399018288,0.5,0.0,-10.231904822297304,1.6602418596241117,2.9246494519157498,25.518491312082737
1769172166.5453684,1769172166545377709,Sr02_gB_IMG1_LID1_STA1_CFC64_OH0,0123_1342,B,0.49808698892593384,0.0024164444766938686,0.5,0.0,-10.305147432544238,1.6763824707699313,2.9247264363050336,25.507064954186504
1769172166.6738257,1769172166673835308,Sr02_gB_IMG1_LID1_STA1_CFC64_OH0,0123_1342,B,0.49321797490119934,0.005919961724430323,0.5,0.0,-10.353976542295774,1.6871396880359721,2.924779574783017,25.49957031932981
1769172166.8066936,1769172166806702762,Sr02_gB_IMG1_LID1_STA1_CFC64_OH0,0123_1342,B,0.493391215801239,0.0027563287876546383,0.5,0.0,-10.42722081378942,1.703272759008758,2.9248521328523327,25.488510932820223
1769172166.9370327,1769172166937040219,Sr02_gB_IMG1_LID1_STA1_CFC64_OH0,0123_1342,B,0.5021437406539917,-0.0031300256960093975,0.5,0.0,-10.500469017182214,1.7193879673259769,2.924979266147292,25.47768563041732
1769172167.0662389,1769172167066248096,Sr02_gB_IMG1_LID1_STA1_CFC64_OH0,0123_1342,B,0.5017451643943787,-0.0006923279725015163,0.5,0.0,-10.54929766079132,1.7301472970919438,2.924395438026737,25.47057282200693
1769172167.1987166,1769172167198724977,Sr02_gB_IMG1_LID1_STA1_CFC64_OH0,0123_1342,B,0.5038920640945435,-0.0010143173858523369,0.5,0.0,-10.622528370983355,1.746341805877102,2.923820486598532,25.460027695368826
1769172167.3269372,1769172167326944980,Sr02_gB_IMG1_LID1_STA1_CFC64_OH0,0123_1342,B,0.5031899809837341,-0.0007989518344402313,0.5,0.0,-10.671348808543737,1.757138311929003,2.9241321983962387,25.45311778963896
1769172167.4557507,1769172167455760601,Sr02_gB_IMG1_LID1_STA1_CFC64_OH0,0123_1342,B,0.49808743596076965,0.0006929119117558002,0.5,0.0,-10.744589344571013,1.7732883231479994,2.9248936482904875,25.442979061065994
1769172167.5865147,1769172167586523215,Sr02_gB_IMG1_LID1_STA1_CFC64_OH0,0123_1342,B,0.49797189235687256,0.0007425076328217983,0.5,0.0,-10.793421447724093,1.784031943060594,2.9251692807329808,25.436363921269606
1769172167.716511,1769172167716518911,Sr02_gB_IMG1_LID1_STA1_CFC64_OH0,0123_1342,B,0.49639153480529785,0.00024234317243099213,0.5,0.0,-10.866668092028844,1.8001542347308475,2.924748534304728,25.42661537148989
1769172167.8502176,1769172167850225379,Sr02_gB_IMG1_LID1_STA1_CFC64_OH0,0123_1342,B,0.4988023340702057,-0.00024190684780478477,0.5,0.0,-10.939910818798973,1.816294317013114,2.924631805823552,25.417066319153506
1769172167.9799392,1769172167979945968,Sr02_gB_IMG1_LID1_STA1_CFC64_OH0,0123_1342,B,0.4995937645435333,-8.351076394319534e-05,0.5,0.0,-10.988738078480933,1.827059928597805,2.924530374252347,25.410815623864767
1769172168.1233656,1769172168123373839,Sr02_gB_IMG1_LID1_STA1_CFC64_OH0,0123_1342,B,0.4975981116294861,0.0027164057828485966,0.5,0.0,-11.061977213069872,1.8432163033670563,2.924440367681429,25.40161314446572
1769172168.2499807,1769172168249991786,Sr02_gB_IMG1_LID1_STA1_CFC64_OH0,0123_1342,B,0.4976505637168884,0.00268159294500947,0.5,0.0,-11.135216673336815,1.8593712017396116,2.9245462879975808,25.392630353176042
1769172168.378234,1769172168378242356,Sr02_gB_IMG1_LID1_STA1_CFC64_OH0,0123_1342,B,0.5003510117530823,0.0005125598981976509,0.5,0.0,-11.184043958040606,1.8701366998871698,2.924620538639194,25.38676766558109
1769172168.507638,1769172168507651351,Sr02_gB_IMG1_LID1_STA1_CFC64_OH0,0123_1342,B,0.49873584508895874,-0.0004161079414188862,0.5,0.0,-11.257285767592952,1.886280944048822,2.924647205795591,25.378159874256806
1769172168.6388373,1769172168638846937,Sr02_gB_IMG1_LID1_STA1_CFC64_OH0,0123_1342,B,0.4937446713447571,-2.4629756808280945e-05,0.5,0.0,-11.306113608786848,1.8970439179513021,2.9246230151791024,25.372542742250594
1769172168.7722473,1769172168772258182,Sr02_gB_IMG1_LID1_STA1_CFC64_OH0,0123_1342,B,0.4992389976978302,-0.0007478506304323673,0.5,0.0,-11.379355064521405,1.9131897672190297,2.924636902079224,25.364298106085354
1769172168.8974044,1769172168897413063,Sr02_gB_IMG1_LID1_STA1_CFC64_OH0,0123_1342,B,0.49923890829086304,-0.0007413229905068874,0.5,0.0,-11.452600141540277,1.9293191782914019,2.925043665452668,25.356289367267657
1769172169.0268846,1769172169026893332,Sr02_gB_IMG1_LID1_STA1_CFC64_OH0,0123_1342,B,0.49830886721611023,-0.0027174989227205515,0.5,0.0,-11.501433769207907,1.9400558667515675,2.9252684452517452,25.35108862389302
1769172169.155433,1769172169155441440,Sr02_gB_IMG1_LID1_STA1_CFC64_OH0,0123_1342,B,0.49617132544517517,-0.041372910141944885,0.5,0.0,-11.574686280221636,1.956151484648379,2.925308183292901,25.34348005844571
1769172169.285988,1769172169285997527,Sr02_gB_IMG1_LID1_STA1_CFC64_OH0,0123_1342,B,0.49820801615715027,0.0016921786591410637,0.5,0.0,-11.623521133463116,1.9668825978937006,2.9252704871303705,25.338529027875353
1769172169.4163773,1769172169416385799,Sr02_gB_IMG1_LID1_STA1_CFC64_OH0,0123_1342,B,0.49821892380714417,0.0017031035386025906,0.5,0.0,-11.696773093023245,1.9829807253400185,2.9252523287061867,25.331284230511056
1769172169.5450737,1769172169545082247,Sr02_gB_IMG1_LID1_STA1_CFC64_OH0,0123_1342,B,0.5003209710121155,-0.0010396847501397133,0.5,0.0,-11.770023902940773,1.9990840829796095,2.925140412438194,25.324254148280545
1769172169.6757772,1769172169675786111,Sr02_gB_IMG1_LID1_STA1_CFC64_OH0,0123_1342,B,0.49822932481765747,0.0027935290709137917,0.5,0.0,-11.818856767768526,2.0098242410029115,2.9250465196245226,25.3196850877859
1769172169.8067243,1769172169806734133,Sr02_gB_IMG1_LID1_STA1_CFC64_OH0,0123_1342,B,0.5001834630966187,0.0011228439398109913,0.5,0.0,-11.892094314343339,2.025960465637265,2.923500260710839,25.312987850140807
1769172169.9372978,1769172169937306380,Sr02_gB_IMG1_LID1_STA1_CFC64_OH0,0123_1342,B,0.4967936873435974,-0.10228238254785538,0.5,0.0,-11.940887391150923,2.0368797958175437,2.9193629771918124,25.308480863797467
1769172170.0676906,1769172170067701315,Sr02_gB_IMG1_LID1_STA1_CFC64_OH0,0123_1342,B,0.4966811537742615,-0.10236195474863052,0.5,0.0,-12.014026700133062,2.053431685144937,2.9191435423792593,25.301726081527555
1769172170.1945956,1769172170194603375,Sr02_gB_IMG1_LID1_STA1_CFC64_OH0,0123_1342,B,0.5121942162513733,-0.026949862018227577,0.5,0.0,-12.087180268114825,2.069971176313068,2.9192344425595325,25.29520603115567
1769172170.3272605,1769172170327267598,Sr02_gB_IMG1_LID1_STA1_CFC64_OH0,0123_1342,B,0.4976348280906677,-0.20668862760066986,0.5,-0.5,-12.135948887209416,2.080999388926387,2.9192454676122126,25.290980033196202
1769172170.4596264,1769172170459635404,Sr02_gB_IMG1_LID1_STA1_CFC64_OH0,0123_1342,B,0.5065703392028809,-0.022470345720648766,0.5,0.0,-12.209105888655905,2.0975236849557746,2.9195976701989848,25.2848435178968
1769172170.5933745,1769172170593381888,Sr02_gB_IMG1_LID1_STA1_CFC64_OH0,0123_1342,B,0.5065267086029053,-0.02238713949918747,0.5,0.0,-12.257868236235065,2.1085281690234647,2.9193336486276595,25.280885597456333
1769172170.7234128,1769172170723420554,Sr02_gB_IMG1_LID1_STA1_CFC64_OH0,0123_1342,B,0.5046647787094116,-0.08125806599855423,0.5,0.0,-12.330851560871986,2.1255729937584773,2.9045186872417768,25.27457719947049
1769172170.8552773,1769172170855287821,Sr02_gB_IMG1_LID1_STA1_CFC64_OH0,0123_1342,B,0.5269155502319336,-0.27468663454055786,0.5,-0.5,-12.40359217089284,2.1437164884683653,2.8917652178011686,25.267366950888174
1769172170.9834754,1769172170983483579,Sr02_gB_IMG1_LID1_STA1_CFC64_OH0,0123_1342,B,0.5005893707275391,-0.470117449760437,0.5,-0.5,-12.452011982944292,2.1561416474999238,2.888702004860338,25.262345693755396
1769172171.1082292,1769172171108237278,Sr02_gB_IMG1_LID1_STA1_CFC64_OH0,0123_1342,B,0.48189565539360046,-0.29296737909317017,0.5,-0.5,-12.524117198424918,2.175725475204674,2.8633648084972796,25.25398192321813
1769172171.238055,1769172171238063475,Sr02_gB_IMG1_LID1_STA1_CFC64_OH0,0123_1342,B,0.4817597270011902,-0.2939316928386688,0.5,-0.5,-12.572072443691773,2.189517584962659,2.860359378847797,25.2477822404301
1769172171.3657517,1769172171365760497,Sr02_gB_IMG1_LID1_STA1_CFC64_OH0,0123_1342,B,0.5155614018440247,-0.48427411913871765,0.5,-0.5,-12.644079739233868,2.2104517741791003,2.856631770382243,25.23843374866921
1769172171.495747,1769172171495756162,Sr02_gB_IMG1_LID1_STA1_CFC64_OH0,0123_1342,B,0.44594788551330566,-0.5163227319717407,0.5,-0.5,-12.715860459845569,2.2319656623038715,2.8426490357569505,25.228695981513127
1769172171.623627,1769172171623634334,Sr02_gB_IMG1_LID1_STA1_CFC64_OH0,0123_1342,B,0.24994610249996185,-0.35267892479896545,0.5,-0.5,-12.763245635182527,2.2471918374254636,2.817315667440378,25.22137739492528
1769172171.7505567,1769172171750565960,Sr02_gB_IMG1_LID1_STA1_CFC64_OH0,0123_1342,B,0.2575746774673462,-0.3551143407821655,0.5,-0.5,-12.833193916943182,2.2730076700338535,2.7594715687914677,25.207456725509033
1769172171.8818374,1769172171881844793,Sr02_gB_IMG1_LID1_STA1_CFC64_OH0,0123_1342,B,0.48187515139579773,-0.5839493274688721,0.5,-0.5,-12.879307965820212,2.292329038351149,2.730165223676237,25.19612665997578
1769172172.0165758,1769172172016586164,Sr02_gB_IMG1_LID1_STA1_CFC64_OH0,0123_1342,B,0.4497810900211334,-0.4433846175670624,0.5,-0.5,-12.94729250342706,2.3238055685634444,2.684188072022748,25.17664738405569
1769172172.1470828,1769172172147090393,Sr02_gB_IMG1_LID1_STA1_CFC64_OH0,0123_1342,B,0.4965443015098572,-0.4546874463558197,0.5,-0.5,-12.99144419293561,2.3468033769703376,2.6374572465781374,25.161590968637526
1769172172.2858863,1769172172285894678,Sr02_gB_IMG1_LID1_STA1_CFC64_OH0,0123_1342,B,0.5094336867332458,-0.5387268662452698,0.5,-0.5,-13.055681877253022,2.3854491984759805,2.5632953497662947,25.134739988359236
1769172172.4148033,1769172172414810687,Sr02_gB_IMG1_LID1_STA1_CFC64_OH0,0123_1342,B,0.5080080032348633,-0.5389231443405151,0.5,-0.5,-13.117309190077915,2.4280826584514545,2.5098736921948803,25.103694629131784
1769172172.5505614,1769172172550570309,Sr02_gB_IMG1_LID1_STA1_CFC64_OH0,0123_1342,B,0.5429450273513794,-0.5222160816192627,0.5,-0.5,-13.157127176000444,2.458319472478357,2.474362310945751,25.081087652516807
1769172172.6849196,1769172172684927258,Sr02_gB_IMG1_LID1_STA1_CFC64_OH0,0123_1342,B,0.49221011996269226,-0.5164324045181274,0.5,-0.5,-13.214247891975289,2.5066522485982694,2.403242066562844,25.04392230382043
1769172172.813551,1769172172813560426,Sr02_gB_IMG1_LID1_STA1_CFC64_OH0,0123_1342,B,0.4988265335559845,-0.5283535122871399,0.5,-0.5,-13.26799561968491,2.5589408396078523,2.336395351736794,25.00241345531994
1769172172.9465072,1769172172946515615,Sr02_gB_IMG1_LID1_STA1_CFC64_OH0,0123_1342,B,0.45468518137931824,-0.5115970969200134,0.5,-0.5,-13.301812734615524,2.5957643601418203,2.2909266580428795,24.97252142495404
1769172173.0838537,1769172173083863346,Sr02_gB_IMG1_LID1_STA1_CFC64_OH0,0123_1342,B,0.4541550874710083,-0.5090165138244629,0.5,-0.5,-13.349108627262979,2.6539329300998706,2.21597151329732,24.92427531147682
1769172173.2160983,1769172173216105978,Sr02_gB_IMG1_LID1_STA1_CFC64_OH0,0123_1342,B,0.5093497633934021,-0.5753047466278076,0.5,-0.5,-13.39192061924724,2.715491814140698,2.1409715880074787,24.871976425238305
1769172173.3474784,1769172173347486001,Sr02_gB_IMG1_LID1_STA1_CFC64_OH0,0123_1342,B,0.49402815103530884,-0.5038265585899353,0.5,-0.5,-13.41784631506777,2.758239177788685,2.09097163781424,24.834995383252952
1769172173.4748807,1769172173474888581,Sr02_gB_IMG1_LID1_STA1_CFC64_OH0,0123_1342,B,0.5237852334976196,-0.35340002179145813,0.5,-0.5,-13.452649444458642,2.8246553282839733,2.015971712524439,24.77656395216156
1769172173.6052349,1769172173605243310,Sr02_gB_IMG1_LID1_STA1_CFC64_OH0,0123_1342,B,0.4660705327987671,-0.4727463126182556,0.5,-0.5,-13.48237819835058,2.893492556976328,1.9409717872346126,24.714852678979526
1769172173.732205,1769172173732213097,Sr02_gB_IMG1_LID1_STA1_CFC64_OH0,0123_1342,B,0.4700899124145508,-0.4687463343143463,0.5,-0.5,-13.499294525575186,2.94053845664742,1.8909718370414033,24.67204877761939
1769172173.8617663,1769172173861774177,Sr02_gB_IMG1_LID1_STA1_CFC64_OH0,0123_1342,B,0.5065404176712036,-0.4682575762271881,0.5,-0.5,-13.520209071668246,3.0125450162356517,1.8159719117515603,24.60559935409478
1769172173.9886405,1769172173988648986,Sr02_gB_IMG1_LID1_STA1_CFC64_OH0,0123_1342,B,0.50874263048172,-0.5313627123832703,0.5,-0.5,-13.53112798315514,3.0613328853690054,1.7659719615583742,24.559956573911116
1769172174.118451,1769172174118460366,Sr02_gB_IMG1_LID1_STA1_CFC64_OH0,0123_1342,B,0.4705146849155426,-0.271330863237381,0.5,-0.5,-13.542935085075547,3.135311381910757,1.6957732351016899,24.489827765011412
1769172174.2456408,1769172174245648323,Sr02_gB_IMG1_LID1_STA1_CFC64_OH0,0123_1342,B,0.49768897891044617,-0.18766632676124573,0.5,-0.5,-13.548289861089941,3.1850211979095837,1.6604332681062306,24.442202451438163
1769172174.3802075,1769172174380215256,Sr02_gB_IMG1_LID1_STA1_CFC64_OH0,0123_1342,B,0.505649983882904,-0.1845894455909729,0.5,-0.5,-13.55245757467943,3.259786743724228,1.591281225967642,24.369805986009794
1769172174.5095894,1769172174509597440,Sr02_gB_IMG1_LID1_STA1_CFC64_OH0,0123_1342,B,0.5046417713165283,-0.0019317306578159332,0.5,0.0,-13.551357708291993,3.3347632282922715,1.520988900963474,24.296152192516164
1769172174.6393204,1769172174639328779,Sr02_gB_IMG1_LID1_STA1_CFC64_OH0,0123_1342,B,0.5018447637557983,-0.0014908923767507076,0.5,0.0,-13.54770029914203,3.384624698311296,1.474163193781251,24.246582204093002
1769172174.7737489,1769172174773761581,Sr02_gB_IMG1_LID1_STA1_CFC64_OH0,0123_1342,B,0.4939807653427124,-0.004453442990779877,0.5,0.0,-13.53768903575529,3.4588918025912334,1.4011216986396524,24.171827002945104
1769172174.9043086,1769172174904316436,Sr02_gB_IMG1_LID1_STA1_CFC64_OH0,0123_1342,B,0.49473342299461365,-0.0037114517763257027,0.5,0.0,-13.528541314138163,3.5078253977071463,1.373326090601831,24.122055008449003
1769172175.0392733,1769172175039283610,Sr02_gB_IMG1_LID1_STA1_CFC64_OH0,0123_1342,B,0.5026464462280273,-0.0011916442308574915,0.5,0.0,-13.512794017299944,3.581151043768434,1.3451761721197555,24.047059541357893
1769172175.1687202,1769172175168729805,Sr02_gB_IMG1_LID1_STA1_CFC64_OH0,0123_1342,B,0.49856555461883545,-0.004423430189490318,0.5,0.0,-13.495123062767016,3.653866669389185,1.3243761922140629,23.97227160188964
1769172175.2950702,1769172175295078516,Sr02_gB_IMG1_LID1_STA1_CFC64_OH0,0123_1342,B,0.4945407807826996,0.002554937731474638,0.5,0.0,-13.482921732373512,3.7023550923223754,1.324191826330458,23.92231681711887
1769172175.4233608,1769172175423369062,Sr02_gB_IMG1_LID1_STA1_CFC64_OH0,0123_1342,B,0.4969310164451599,0.00020980974659323692,0.5,0.0,-13.464604007250419,3.775083767462385,1.3238496932361192,23.847385688933382
1769172175.553343,1769172175553351132,Sr02_gB_IMG1_LID1_STA1_CFC64_OH0,0123_1342,B,0.5017236471176147,-0.0014966772869229317,0.5,0.0,-13.452371012286722,3.8235642117289412,1.3234117691693779,23.797432788689978
1769172175.6850398,1769172175685048631,Sr02_gB_IMG1_LID1_STA1_CFC64_OH0,0123_1342,B,0.49490630626678467,-0.007523711305111647,0.5,0.0,-13.433985843745495,3.896275866422315,1.3229054464451855,23.722505423177214
1769172175.8111272,1769172175811135742,Sr02_gB_IMG1_LID1_STA1_CFC64_OH0,0123_1342,B,0.4964984655380249,-0.0023458462674170732,0.5,0.0,-13.41557610444507,3.968981304662466,1.3225974311846445,23.64757964218813
1769172175.9365134,1769172175936521517,Sr02_gB_IMG1_LID1_STA1_CFC64_OH0,0123_1342,B,0.49946925044059753,0.0029079108498990536,0.5,0.0,-13.403282632703178,4.017446448818362,1.3222248686159548,23.597630323498493
1769172176.0721328,1769172176072141787,Sr02_gB_IMG1_LID1_STA1_CFC64_OH0,0123_1342,B,0.49507734179496765,0.002600915264338255,0.5,0.0,-13.384844868545855,4.090144784950674,1.3225612063345686,23.522706635163743
1769172176.2037742,1769172176203781708,Sr02_gB_IMG1_LID1_STA1_CFC64_OH0,0123_1342,B,0.5003494024276733,-0.0037264141719788313,0.5,0.0,-13.372560699720763,4.138612288283076,1.3225821874140116,23.47275742236098
1769172176.32979,1769172176329798677,Sr02_gB_IMG1_LID1_STA1_CFC64_OH0,0123_1342,B,0.4981573224067688,-0.0008571636863052845,0.5,0.0,-13.354128101821294,4.2113119347437005,1.3223144854226687,23.39783430655895
1769172176.4593632,1769172176459372271,Sr02_gB_IMG1_LID1_STA1_CFC64_OH0,0123_1342,B,0.4957379996776581,0.0011660889722406864,0.5,0.0,-13.335646648443326,4.28399917440363,1.3214965992906351,23.322913996846413
1769172176.590477,1769172176590485343,Sr02_gB_IMG1_LID1_STA1_CFC64_OH0,0123_1342,B,0.4949498772621155,0.004452093038707972,0.5,0.0,-13.32330584169955,4.332452287480103,1.3214196235680384,23.272968358399968
1769172176.7183301,1769172176718341033,Sr02_gB_IMG1_LID1_STA1_CFC64_OH0,0123_1342,B,0.4995361268520355,0.002867426723241806,0.5,0.0,-13.304811576093705,4.405136270175849,1.3218435298255036,23.198049523784302
1769172176.8540342,1769172176854042625,Sr02_gB_IMG1_LID1_STA1_CFC64_OH0,0123_1342,B,0.502219557762146,0.00045903725549578667,0.5,0.0,-13.292498266737223,4.4535963783387125,1.3220403512307521,23.14810314818989
1769172176.986122,1769172176986131198,Sr02_gB_IMG1_LID1_STA1_CFC64_OH0,0123_1342,B,0.43212947249412537,0.0026799882762134075,0.5,0.0,-13.274013697413613,4.526282827270604,1.3215674665927915,23.073184723230295
1769172177.1129034,1769172177112911560,Sr02_gB_IMG1_LID1_STA1_CFC64_OH0,0123_1342,B,0.4874189496040344,0.16528473794460297,0.5,0.5,-13.255510556408304,4.598964551629605,1.3215198206378325,22.99826772951368
1769172177.239331,1769172177239340082,Sr02_gB_IMG1_LID1_STA1_CFC64_OH0,0123_1342,B,0.4858042597770691,0.209205761551857,0.5,0.5,-13.243178317318604,4.647419846063693,1.3216692875075648,22.948323213075874
1769172177.367381,1769172177367389315,Sr02_gB_IMG1_LID1_STA1_CFC64_OH0,0123_1342,B,0.19718003273010254,0.18939796090126038,0.0,0.5,-13.224710390892346,4.720110524874425,1.3222895609457597,22.873405415514693
1769172177.4967937,1769172177496803349,Sr02_gB_IMG1_LID1_STA1_CFC64_OH0,0123_1342,B,0.49384334683418274,0.08614066243171692,0.5,0.0,-13.212419496641306,4.768576322963153,1.322576303175265,22.8234595004133
1769172177.6330037,1769172177633012564,Sr02_gB_IMG1_LID1_STA1_CFC64_OH0,0123_1342,B,0.4924771785736084,0.00024672597646713257,0.5,0.0,-13.193997827762828,4.841278739701311,1.322691452596721,22.74854036765136
1769172177.7750726,1769172177775081224,Sr02_gB_IMG1_LID1_STA1_CFC64_OH0,0123_1342,B,0.5005881786346436,0.0019938223995268345,0.5,0.0,-13.175621422884122,4.913928543608629,1.3250023109061961,22.67368237671122
1769172177.9070826,1769172177907090398,Sr02_gB_IMG1_LID1_STA1_CFC64_OH0,0123_1342,B,0.4888162910938263,0.009259508922696114,0.5,0.0,-13.163859339515366,4.962402539360539,1.3419636207232413,22.623835165936878
1769172178.0426397,1769172178042647710,Sr02_gB_IMG1_LID1_STA1_CFC64_OH0,0123_1342,B,0.4959923028945923,-0.007840203121304512,0.5,0.0,-13.148401468019365,5.033687135065607,1.3728468610652576,22.550899206900095
1769172178.1761537,1769172178176161206,Sr02_gB_IMG1_LID1_STA1_CFC64_OH0,0123_1342,B,0.5025941729545593,-0.006829197518527508,0.5,0.0,-13.139563706368182,5.080738560566974,1.3969098479001187,22.503030884406083
1769172178.313412,1769172178313418789,Sr02_gB_IMG1_LID1_STA1_CFC64_OH0,0123_1342,B,0.5010655522346497,-0.001458046492189169,0.5,0.0,-13.132193833105351,5.1243313251636815,1.407664709797412,22.458845019810717
1769172178.4477623,1769172178447770238,Sr02_gB_IMG1_LID1_STA1_CFC64_OH0,0123_1342,B,0.5016595721244812,0.0019103297963738441,0.5,0.0,-13.120057412743304,5.198240324893577,1.4081501203748503,22.38400252095118
1769172178.5794945,1769172178579502172,Sr02_gB_IMG1_LID1_STA1_CFC64_OH0,0123_1342,B,0.5036643147468567,6.435438990592957e-05,0.5,0.0,-13.1079301800324,5.272253359315968,1.4088851281646357,22.3090603160717
1769172178.7144635,1769172178714470458,Sr02_gB_IMG1_LID1_STA1_CFC64_OH0,0123_1342,B,0.5024239420890808,-0.0004493324086070061,0.5,0.0,-13.099888995187639,5.321602512722364,1.409298099819902,22.259100823973128
1769172178.8487747,1769172178848781662,Sr02_gB_IMG1_LID1_STA1_CFC64_OH0,0123_1342,B,0.4976308345794678,-0.002097521908581257,0.5,0.0,-13.087786311254915,5.395619562935053,1.4081726209827001,22.18416026671291
1769172178.9745107,1769172178974518305,Sr02_gB_IMG1_LID1_STA1_CFC64_OH0,0123_1342,B,0.5052571296691895,0.0005626752972602844,0.5,0.0,-13.075606510470083,5.469623963614873,1.4073093732750046,22.109217025788038
1769172179.1106286,1769172179110637652,Sr02_gB_IMG1_LID1_STA1_CFC64_OH0,0123_1342,B,0.5033997893333435,0.0007157456129789352,0.5,0.0,-13.067464932169282,5.518956654412791,1.4071635687755586,22.05925422329125
1769172179.2367153,1769172179236723891,Sr02_gB_IMG1_LID1_STA1_CFC64_OH0,0123_1342,B,0.5019233226776123,0.0013286257162690163,0.5,0.0,-13.055257726548808,5.592956542116457,1.4074316564942515,21.98431053968847
1769172179.3626134,1769172179362621326,Sr02_gB_IMG1_LID1_STA1_CFC64_OH0,0123_1342,B,0.4925445020198822,-0.00032574497163295746,0.5,0.0,-13.043060046022973,5.666958000726869,1.407425899836055,21.90936761778489
1769172179.493093,1769172179493101130,Sr02_gB_IMG1_LID1_STA1_CFC64_OH0,0123_1342,B,0.4995657205581665,1.0391231626272202e-05,0.5,0.0,-13.034926704527182,5.716292050212903,1.407380966677172,21.859405825676298
1769172179.628667,1769172179628675594,Sr02_gB_IMG1_LID1_STA1_CFC64_OH0,0123_1342,B,0.49063485860824585,0.04953157156705856,0.5,0.0,-13.022715029035036,5.7902912005071485,1.4071993477772415,21.784463003173737
1769172179.7845404,1769172179784548779,Sr02_gB_IMG1_LID1_STA1_CFC64_OH0,0123_1342,B,0.5017763376235962,0.002467026934027672,0.5,0.0,-13.014573022354492,5.83962382064361,1.4072586765047908,21.73450130519486
1769172179.9269488,1769172179926957327,Sr02_gB_IMG1_LID1_STA1_CFC64_OH0,0123_1342,B,0.5010530352592468,0.004449100699275732,0.5,0.0,-13.002366406504937,5.913623805844683,1.4073844240762292,21.65955934472822
1769172180.0646749,1769172180064684000,Sr02_gB_IMG1_LID1_STA1_CFC64_OH0,0123_1342,B,0.49291905760765076,0.02057006023824215,0.5,0.0,-12.99017134138246,5.987625695439841,1.4075010004622988,21.58461825119163
1769172180.202439,1769172180202449295,Sr02_gB_IMG1_LID1_STA1_CFC64_OH0,0123_1342,B,0.5039950609207153,0.14803974330425262,0.5,0.0,-12.97797714762005,6.061627728687819,1.407475668037147,21.509677603369443
1769172180.3393395,1769172180339348515,Sr02_gB_IMG1_LID1_STA1_CFC64_OH0,0123_1342,B,0.5114740133285522,0.16458645462989807,0.5,0.5,-12.965858127631696,6.135630770606836,1.4113196259902565,21.434751561245562
1769172180.4700782,1769172180470087054,Sr02_gB_IMG1_LID1_STA1_CFC64_OH0,0123_1342,B,0.49878478050231934,0.12416201084852219,0.5,0.0,-12.954170572294094,6.209702894351787,1.415535111778996,21.359845486290688
1769172180.6079304,1769172180607939323,Sr02_gB_IMG1_LID1_STA1_CFC64_OH0,0123_1342,B,0.4977346658706665,0.0025806277990341187,0.5,0.0,-12.946445197959937,6.259102471846596,1.41584127470738,21.309904049267363
1769172180.749031,1769172180749038414,Sr02_gB_IMG1_LID1_STA1_CFC64_OH0,0123_1342,B,0.5049191117286682,0.0030558821745216846,0.5,0.0,-12.9349047050381,6.333209255642611,1.4173146730314679,21.23499477207544
1769172180.8907158,1769172180890725238,Sr02_gB_IMG1_LID1_STA1_CFC64_OH0,0123_1342,B,0.49732092022895813,0.001552194356918335,0.5,0.0,-12.923664955227915,6.407258602982846,1.4272388594696268,21.160203293873025
1769172181.0285144,1769172181028522904,Sr02_gB_IMG1_LID1_STA1_CFC64_OH0,0123_1342,B,0.5019660592079163,-0.004928744863718748,0.5,0.0,-12.91379333729375,6.481604311893022,1.4509339731725197,21.085399760593447
1769172181.165271,1769172181165278865,Sr02_gB_IMG1_LID1_STA1_CFC64_OH0,0123_1342,B,0.5010786652565002,-0.0019932605791836977,0.5,0.0,-12.908198251407821,6.531289633565105,1.4653721121644874,21.035612659569555
1769172181.2937825,1769172181293790566,Sr02_gB_IMG1_LID1_STA1_CFC64_OH0,0123_1342,B,0.4992612898349762,-0.0010764100588858128,0.5,0.0,-12.900904913027322,6.605863542855685,1.4770544751134473,20.96111247786648
1769172181.4265277,1769172181426535791,Sr02_gB_IMG1_LID1_STA1_CFC64_OH0,0123_1342,B,0.5012327432632446,-0.0034174553584307432,0.5,0.0,-12.89389931526327,6.680535631412213,1.4774653311481496,20.886577879634856
1769172181.5610907,1769172181561100190,Sr02_gB_IMG1_LID1_STA1_CFC64_OH0,0123_1342,B,0.5030777454376221,-0.00410022446885705,0.5,0.0,-12.889246994430334,6.7303187166546525,1.477740846219449,20.83689203408942
1769172181.696365,1769172181696373288,Sr02_gB_IMG1_LID1_STA1_CFC64_OH0,0123_1342,B,0.4984115958213806,0.0014673597179353237,0.5,0.0,-12.882284014200355,6.804994791657747,1.477714442865975,20.762367846122004
1769172181.8260963,1769172181826106261,Sr02_gB_IMG1_LID1_STA1_CFC64_OH0,0123_1342,B,0.5050885677337646,-0.00031221751123666763,0.5,0.0,-12.87528717312062,6.879667700497073,1.4771219041071042,20.687843260576
1769172181.9539437,1769172181953951611,Sr02_gB_IMG1_LID1_STA1_CFC64_OH0,0123_1342,B,0.49928686022758484,0.001996958162635565,0.5,0.0,-12.870605429152546,6.929448027423356,1.476940914704661,20.638160170965048
1769172182.08689,1769172182086898034,Sr02_gB_IMG1_LID1_STA1_CFC64_OH0,0123_1342,B,0.5002207159996033,-0.0005848975852131844,0.5,0.0,-12.863569643232138,7.004117277976226,1.4766858135273107,20.563636924007394
1769172182.2157598,1769172182215767506,Sr02_gB_IMG1_LID1_STA1_CFC64_OH0,0123_1342,B,0.4987824261188507,-0.0002793199382722378,0.5,0.0,-12.858862538048356,7.053895213039622,1.4763372412582374,20.51395480993584
1769172182.3419545,1769172182341964995,Sr02_gB_IMG1_LID1_STA1_CFC64_OH0,0123_1342,B,0.4913804829120636,-0.007208997383713722,0.5,0.0,-12.851766231316264,7.128558735330686,1.4758335563108356,20.439430503775338
1769172182.487221,1769172182487230664,Sr02_gB_IMG1_LID1_STA1_CFC64_OH0,0123_1342,B,0.5035468339920044,0.0006154985167086124,0.5,0.0,-12.844662231864513,7.2032215270241675,1.4759824779591004,20.364908815996554
1769172182.6160126,1769172182616020627,Sr02_gB_IMG1_LID1_STA1_CFC64_OH0,0123_1342,B,0.5018293261528015,0.011035175994038582,0.5,0.0,-12.839927919835615,7.252996882095586,1.4759743467111646,20.315229838507868
1769172182.7464862,1769172182746494190,Sr02_gB_IMG1_LID1_STA1_CFC64_OH0,0123_1342,B,0.4992544651031494,0.0015347679145634174,0.5,0.0,-12.832837849502486,7.327660997653246,1.4762222542456764,20.240715639256603
1769172182.876527,1769172182876535110,Sr02_gB_IMG1_LID1_STA1_CFC64_OH0,0123_1342,B,0.501977801322937,0.027533220127224922,0.5,0.0,-12.825752209824843,7.402325534041932,1.4761467427579955,20.166205550185282
1769172183.0033495,1769172183003357571,Sr02_gB_IMG1_LID1_STA1_CFC64_OH0,0123_1342,B,0.5012915134429932,0.003253829199820757,0.5,0.0,-12.821023339259334,7.452101406160164,1.475841629434727,20.11653359239592
1769172183.1325338,1769172183132542165,Sr02_gB_IMG1_LID1_STA1_CFC64_OH0,0123_1342,B,0.5017507076263428,0.002243833150714636,0.5,0.0,-12.813872846785348,7.526759756318988,1.4749167657665259,20.042022137250203
1769172183.258637,1769172183258645066,Sr02_gB_IMG1_LID1_STA1_CFC64_OH0,0123_1342,B,0.49511823058128357,-0.005152275785803795,0.5,0.0,-12.809087742405959,7.576530254189736,1.474978315053421,19.99234778257107
1769172183.3903286,1769172183390336594,Sr02_gB_IMG1_LID1_STA1_CFC64_OH0,0123_1342,B,0.4924609959125519,-0.005694158840924501,0.5,0.0,-12.801966417509279,7.651191387256101,1.4764343854880089,19.917845815559133
1769172183.5203538,1769172183520361715,Sr02_gB_IMG1_LID1_STA1_CFC64_OH0,0123_1342,B,0.49453994631767273,0.038521599024534225,0.5,0.0,-12.797259786421519,7.700969367249449,1.476847833794104,19.86818468063622
1769172183.6463733,1769172183646381469,Sr02_gB_IMG1_LID1_STA1_CFC64_OH0,0123_1342,B,0.4928188621997833,0.015124745666980743,0.5,0.0,-12.790372780692447,7.775652442574725,1.4802494421606462,19.793716710445747
1769172183.7707038,1769172183770712115,Sr02_gB_IMG1_LID1_STA1_CFC64_OH0,0123_1342,B,0.5054938197135925,0.1297299712896347,0.5,0.0,-12.783608866329477,7.850346810829901,1.4806971171356125,19.719267609929723
1769172183.9030285,1769172183903038103,Sr02_gB_IMG1_LID1_STA1_CFC64_OH0,0123_1342,B,0.505987286567688,0.11225230991840363,0.5,0.0,-12.779115401482773,7.900144485952742,1.4808475432037567,19.669639132950074
1769172184.0310602,1769172184031070976,Sr02_gB_IMG1_LID1_STA1_CFC64_OH0,0123_1342,B,0.49668335914611816,-0.0028219176456332207,0.5,0.0,-12.772349351438216,7.974838659535924,1.480058448616265,19.595196790894153
1769172184.1657128,1769172184165722889,Sr02_gB_IMG1_LID1_STA1_CFC64_OH0,0123_1342,B,0.49706751108169556,0.0011370107531547546,0.5,0.0,-12.76780450433787,8.024631670895708,1.4794890336724433,19.54556675068205
1769172184.2968388,1769172184296846270,Sr02_gB_IMG1_LID1_STA1_CFC64_OH0,0123_1342,B,0.49981361627578735,-0.0010339112486690283,0.5,0.0,-12.761145945553716,8.099324229520699,1.4845265627766842,19.47115587560066
1769172184.42577,1769172184425777328,Sr02_gB_IMG1_LID1_STA1_CFC64_OH0,0123_1342,B,0.4979556202888489,-0.004806038923561573,0.5,0.0,-12.75483978169441,8.173981062164472,1.4920705821667355,19.39685915569874
1769172184.5552135,1769172184555223583,Sr02_gB_IMG1_LID1_STA1_CFC64_OH0,0123_1342,B,0.4974871277809143,-0.00490410253405571,0.5,0.0,-12.75122706161463,8.223850039038302,1.5045192413589705,19.3473608934725
1769172184.6872337,1769172184687242064,Sr02_gB_IMG1_LID1_STA1_CFC64_OH0,0123_1342,B,0.4994010329246521,4.192488268017769e-05,0.5,0.0,-12.74684863198941,8.29865718329289,1.5169756929179663,19.273336592206277
1769172184.8219004,1769172184821909166,Sr02_gB_IMG1_LID1_STA1_CFC64_OH0,0123_1342,B,0.499868780374527,0.00014017289504408836,0.5,0.0,-12.744151953815262,8.348584406252606,1.5167330903399685,19.223983949976738
1769172184.9612496,1769172184961259746,Sr02_gB_IMG1_LID1_STA1_CFC64_OH0,0123_1342,B,0.503395140171051,-0.000861611682921648,0.5,0.0,-12.740105084833925,8.423475140850586,1.5168385149023709,19.14996098479896
1769172185.0989792,1769172185098989605,Sr02_gB_IMG1_LID1_STA1_CFC64_OH0,0123_1342,B,0.5014278292655945,8.725374937057495e-05,0.5,0.0,-12.736052051285132,8.498365541813861,1.5164948253109236,19.075944653754732
1769172185.2373822,1769172185237390232,Sr02_gB_IMG1_LID1_STA1_CFC64_OH0,0123_1342,B,0.49929577112197876,0.00029003480449318886,0.5,0.0,-12.733326310778729,8.548291186261485,1.5160132416290975,19.02660086710698
1769172185.3711262,1769172185371139281,Sr02_gB_IMG1_LID1_STA1_CFC64_OH0,0123_1342,B,0.48749810457229614,0.005871275905519724,0.5,0.0,-12.729193201854297,8.62317720959023,1.5154260043498131,18.952584416354163
1769172185.5068743,1769172185506883013,Sr02_gB_IMG1_LID1_STA1_CFC64_OH0,0123_1342,B,0.49744027853012085,-0.001306694932281971,0.5,0.0,-12.725042846357752,8.69806228043841,1.5154372053077827,18.87857292518022
1769172185.6300747,1769172185630083367,Sr02_gB_IMG1_LID1_STA1_CFC64_OH0,0123_1342,B,0.49908044934272766,-0.0020952639169991016,0.5,0.0,-12.720892919935876,8.772947375059855,1.5153981249973745,18.80456933708649
1769172185.765345,1769172185765353911,Sr02_gB_IMG1_LID1_STA1_CFC64_OH0,0123_1342,B,0.4996199905872345,-0.0016060969792306423,0.5,0.0,-12.718122489035657,8.822870560001096,1.515340429176374,18.75523738634462
1769172185.8936737,1769172185893682519,Sr02_gB_IMG1_LID1_STA1_CFC64_OH0,0123_1342,B,0.49938735365867615,-0.001613075379282236,0.5,0.0,-12.713966045069263,8.897755293158998,1.5153636560829717,18.68124598964275
1769172186.026369,1769172186026377900,Sr02_gB_IMG1_LID1_STA1_CFC64_OH0,0123_1342,B,0.5005152821540833,0.0002496568486094475,0.5,0.0,-12.71119669420999,8.94767853802764,1.515448468753735,18.631923137678154
1769172186.1635132,1769172186163521209,Sr02_gB_IMG1_LID1_STA1_CFC64_OH0,0123_1342,B,0.49998584389686584,-0.002458433387801051,0.5,0.0,-12.707079087366196,9.022565414812615,1.516113824111203,18.557951679962184
1769172186.292283,1769172186292291846,Sr02_gB_IMG1_LID1_STA1_CFC64_OH0,0123_1342,B,0.5050048232078552,-0.003199447877705097,0.5,0.0,-12.70297211227202,9.097452877167528,1.5158783925281372,18.483990278656695
1769172186.4179308,1769172186417941266,Sr02_gB_IMG1_LID1_STA1_CFC64_OH0,0123_1342,B,0.49576765298843384,-0.0008680091705173254,0.5,0.0,-12.700222414392382,9.147377208268326,1.5156786494576,18.434685386738785
1769172186.5481353,1769172186548142427,Sr02_gB_IMG1_LID1_STA1_CFC64_OH0,0123_1342,B,0.4949386715888977,0.0011065388098359108,0.5,0.0,-12.696081659510762,9.222262810412918,1.5154375259292858,18.360732387927577
1769172186.6822536,1769172186682261761,Sr02_gB_IMG1_LID1_STA1_CFC64_OH0,0123_1342,B,0.500209391117096,0.003751301672309637,0.5,0.0,-12.69331110670444,9.272185988544305,1.5152762186552877,18.311433437371853
1769172186.8116715,1769172186811680023,Sr02_gB_IMG1_LID1_STA1_CFC64_OH0,0123_1342,B,0.49942731857299805,0.0003369739279150963,0.5,0.0,-12.689150369450038,9.34707048327848,1.5152595058914191,18.23749134386958
1769172186.9426105,1769172186942618898,Sr02_gB_IMG1_LID1_STA1_CFC64_OH0,0123_1342,B,0.500968337059021,-0.0008270505350083113,0.5,0.0,-12.684973275296018,9.421954066948539,1.5148685118034573,18.163555168843544
1769172187.080786,1769172187080793081,Sr02_gB_IMG1_LID1_STA1_CFC64_OH0,0123_1342,B,0.497749388217926,-0.0002620164304971695,0.5,0.0,-12.682170356258755,9.471875438189208,1.5145485675512098,18.11426617588753
1769172187.212135,1769172187212142327,Sr02_gB_IMG1_LID1_STA1_CFC64_OH0,0123_1342,B,0.49847930669784546,-0.0007233924698084593,0.5,0.0,-12.677949320893173,9.546756558244608,1.5144578541057687,18.040337206430248
1769172187.3411348,1769172187341142725,Sr02_gB_IMG1_LID1_STA1_CFC64_OH0,0123_1342,B,0.4987204968929291,0.0011844937689602375,0.5,0.0,-12.673732979116938,9.621637942630153,1.5147031753146474,17.966417911780574
1769172187.4722753,1769172187472282928,Sr02_gB_IMG1_LID1_STA1_CFC64_OH0,0123_1342,B,0.4999302923679352,-0.0016190942842513323,0.5,0.0,-12.670938388823648,9.671559780819814,1.51497587771612,17.91714615037594
1769172187.7213829,1769172187721391889,Sr02_gB_IMG1_LID1_STA1_CFC64_OH0,0123_1342,B,0.5037550330162048,-0.0001509394496679306,0.5,0.0,-12.66675519538675,9.746443024464677,1.5149682235402968,17.843247593746256
1769172187.8559992,1769172187856007294,Sr02_gB_IMG1_LID1_STA1_CFC64_OH0,0123_1342,B,0.5030003190040588,-0.0005641980096697807,0.5,0.0,-12.659769985018919,9.871247691169195,1.5148221107986308,17.720101619033944
1769172187.98787,1769172187987879491,Sr02_gB_IMG1_LID1_STA1_CFC64_OH0,0123_1342,B,0.4974795877933502,-0.00011857738718390465,0.5,0.0,-12.655571238741464,9.946130064357039,1.514808994806189,17.646225229318762
1769172188.1210108,1769172188121018745,Sr02_gB_IMG1_LID1_STA1_CFC64_OH0,0123_1342,B,0.5022003054618835,0.0014688866212964058,0.5,0.0,-12.65277601125209,9.996051867052074,1.5148713742965636,17.596980267431817
1769172188.2529123,1769172188252920277,Sr02_gB_IMG1_LID1_STA1_CFC64_OH0,0123_1342,B,0.5076591372489929,1.3304408639669418e-05,0.5,0.0,-12.648574733026399,10.070934098057613,1.5146285107174344,17.52311937201723
1769172188.3812406,1769172188381246901,Sr02_gB_IMG1_LID1_STA1_CFC64_OH0,0123_1342,B,0.5020741820335388,0.0022861771285533905,0.5,0.0,-12.64576377749716,10.120855017586031,1.5144666015537838,17.473882401538326
1769172188.5100105,1769172188510018169,Sr02_gB_IMG1_LID1_STA1_CFC64_OH0,0123_1342,B,0.4966553747653961,0.000149573665112257,0.5,0.0,-12.641540393198351,10.19573600523804,1.5144356946839623,17.400033887080575
1769172188.6394768,1769172188639484502,Sr02_gB_IMG1_LID1_STA1_CFC64_OH0,0123_1342,B,0.4934624135494232,0.003193503711372614,0.5,0.0,-12.63731259298332,10.27061674367983,1.5143688896022478,17.326194488093414
1769172188.7709796,1769172188770988388,Sr02_gB_IMG1_LID1_STA1_CFC64_OH0,0123_1342,B,0.48858967423439026,0.0532161220908165,0.5,0.0,-12.63449242232692,10.320537143522566,1.5143570318808677,17.276973488004526
1769172188.9020724,1769172188902080000,Sr02_gB_IMG1_LID1_STA1_CFC64_OH0,0123_1342,B,0.5005680322647095,0.012320037931203842,0.5,0.0,-12.630269826330498,10.395418175493658,1.514548252729804,17.20315176940779
1769172189.0321884,1769172189032196122,Sr02_gB_IMG1_LID1_STA1_CFC64_OH0,0123_1342,B,0.4972805082798004,0.0013511092402040958,0.5,0.0,-12.627458938785127,10.445339098904666,1.5145495832548383,17.15394371177069
1769172189.162713,1769172189162720370,Sr02_gB_IMG1_LID1_STA1_CFC64_OH0,0123_1342,B,0.5032916069030762,0.004784576129168272,0.5,0.0,-12.623252998121892,10.520221068104323,1.5147843164603574,17.080142106622958
1769172189.2909362,1769172189290944301,Sr02_gB_IMG1_LID1_STA1_CFC64_OH0,0123_1342,B,0.49239423871040344,0.000635441392660141,0.5,0.0,-12.619057869101951,10.595103643902837,1.5149893856591925,17.006352928350164
1769172189.422584,1769172189422591626,Sr02_gB_IMG1_LID1_STA1_CFC64_OH0,0123_1342,B,0.49017533659935,-0.002916587982326746,0.5,0.0,-12.616281614656106,10.645015352970999,1.5161839721097283,16.957180583115584
1769172189.548999,1769172189549006632,Sr02_gB_IMG1_LID1_STA1_CFC64_OH0,0123_1342,B,0.49085119366645813,-0.0024670595303177834,0.5,0.0,-12.612471105889698,10.71991124773099,1.5225558083814734,16.883486824345976
1769172189.6775773,1769172189677585409,Sr02_gB_IMG1_LID1_STA1_CFC64_OH0,0123_1342,B,0.49414879083633423,0.0014582476578652859,0.5,0.0,-12.610090506460143,10.769854536847406,1.5236781273268525,16.83438938260327
1769172189.8106885,1769172189810697022,Sr02_gB_IMG1_LID1_STA1_CFC64_OH0,0123_1342,B,0.4994397461414337,0.00030597997829318047,0.5,0.0,-12.606565883865935,10.844771666378918,1.5239494625201024,16.760762049608672
1769172189.9512913,1769172189951300884,Sr02_gB_IMG1_LID1_STA1_CFC64_OH0,0123_1342,B,0.49741455912590027,-0.004682368598878384,0.5,0.0,-12.60307888039754,10.91969055528197,1.5245011855998203,16.6871541724851
1769172190.0779855,1769172190077993542,Sr02_gB_IMG1_LID1_STA1_CFC64_OH0,0123_1342,B,0.49909552931785583,0.0018331441096961498,0.5,0.0,-12.600766448443052,10.969637050061577,1.5245292113798576,16.63809152437407
1769172190.2011387,1769172190201149243,Sr02_gB_IMG1_LID1_STA1_CFC64_OH0,0123_1342,B,0.4982568025588989,-0.0010504689998924732,0.5,0.0,-12.597281309736104,11.044556026339567,1.5241007148918007,16.564504864888487
1769172190.3302362,1769172190330243216,Sr02_gB_IMG1_LID1_STA1_CFC64_OH0,0123_1342,B,0.5003487467765808,-0.0016782796010375023,0.5,0.0,-12.594942098984385,11.094501274055956,1.523971765399822,16.51545108907688
1769172190.4585884,1769172190458595839,Sr02_gB_IMG1_LID1_STA1_CFC64_OH0,0123_1342,B,0.5040509104728699,0.0009339107200503349,0.5,0.0,-12.591439273541006,11.169419425952505,1.5241444123705379,16.441882282172884
1769172190.594879,1769172190594886667,Sr02_gB_IMG1_LID1_STA1_CFC64_OH0,0123_1342,B,0.5009676218032837,-0.0059779854491353035,0.5,0.0,-12.589108288103175,11.21936505829074,1.5241750103236167,16.39284444498401
1769172190.730123,1769172190730130211,Sr02_gB_IMG1_LID1_STA1_CFC64_OH0,0123_1342,B,0.5018022060394287,-0.004683513194322586,0.5,0.0,-12.585595087271221,11.294282723433223,1.523767886991485,16.319295352355518
1769172190.8615134,1769172190861521145,Sr02_gB_IMG1_LID1_STA1_CFC64_OH0,0123_1342,B,0.5008149743080139,-0.001198197016492486,0.5,0.0,-12.582078402419684,11.369200226015401,1.523927515908168,16.24575883842439
1769172190.993608,1769172190993616781,Sr02_gB_IMG1_LID1_STA1_CFC64_OH0,0123_1342,B,0.5017338395118713,-0.0005006524734199047,0.5,0.0,-12.579733180940295,11.419145191896312,1.523816191444149,16.196741800655428
1769172191.1335049,1769172191133513887,Sr02_gB_IMG1_LID1_STA1_CFC64_OH0,0123_1342,B,0.5044277310371399,-0.0003777807578444481,0.5,0.0,-12.57620212423429,11.494062018466087,1.5236428136752436,16.12322493580499
1769172191.268612,1769172191268620594,Sr02_gB_IMG1_LID1_STA1_CFC64_OH0,0123_1342,B,0.49710217118263245,9.893858805298805e-05,0.5,0.0,-12.572669407179928,11.568978766800159,1.5235064298736374,16.04972146397134
1769172191.4038436,1769172191403852014,Sr02_gB_IMG1_LID1_STA1_CFC64_OH0,0123_1342,B,0.513135552406311,-0.04802176356315613,0.5,0.0,-12.569091562552858,11.643893371464161,1.52268740077284,15.976222876114544
1769172191.5369763,1769172191536984456,Sr02_gB_IMG1_LID1_STA1_CFC64_OH0,0123_1342,B,0.49874261021614075,5.777087062597275e-05,0.5,0.0,-12.566676132301811,11.693834990847469,1.5223236069238617,15.927225550437504
1769172191.6709177,1769172191670926037,Sr02_gB_IMG1_LID1_STA1_CFC64_OH0,0123_1342,B,0.49861645698547363,-0.0018579005263745785,0.5,0.0,-12.563035648785572,11.76874657976486,1.5221717788133273,15.853737822814171
1769172191.8072743,1769172191807283821,Sr02_gB_IMG1_LID1_STA1_CFC64_OH0,0123_1342,B,0.4961843490600586,-0.0001555299386382103,0.5,0.0,-12.559387542431637,11.843657797913657,1.522104053258826,15.780262790013603
1769172191.9429703,1769172191942978842,Sr02_gB_IMG1_LID1_STA1_CFC64_OH0,0123_1342,B,0.5056008696556091,-0.05843300372362137,0.5,0.0,-12.556953054648075,11.893598492262875,1.5220805764448526,15.731286942802981
1769172192.079994,1769172192080002225,Sr02_gB_IMG1_LID1_STA1_CFC64_OH0,0123_1342,B,0.4886835515499115,-0.03768835589289665,0.5,0.0,-12.553274255484025,11.968496814820977,1.5197945933480579,15.657840856826123
1769172192.2205057,1769172192220513954,Sr02_gB_IMG1_LID1_STA1_CFC64_OH0,0123_1342,B,0.4894324839115143,-0.039786018431186676,0.5,0.0,-12.54922237177888,12.04337602100105,1.5153851954353335,15.584334327039135
1769172192.3541572,1769172192354165520,Sr02_gB_IMG1_LID1_STA1_CFC64_OH0,0123_1342,B,0.5016571879386902,0.00144160445779562,0.5,0.0,-12.545065927693393,12.118260754067435,1.515240609030932,15.510810299854072
1769172192.477938,1769172192477946224,Sr02_gB_IMG1_LID1_STA1_CFC64_OH0,0123_1342,B,0.4993009567260742,-0.0005066283047199249,0.5,0.0,-12.542285995413714,12.16818341081864,1.5151399363719111,15.461800375861445
1769172192.608892,1769172192608900478,Sr02_gB_IMG1_LID1_STA1_CFC64_OH0,0123_1342,B,0.4977530539035797,-0.002099281642585993,0.5,0.0,-12.538066996185286,12.24305322576127,1.5118268201123424,15.388298696875058
1769172192.7389681,1769172192738976204,Sr02_gB_IMG1_LID1_STA1_CFC64_OH0,0123_1342,B,0.49788472056388855,0.0007419520989060402,0.5,0.0,-12.534974418425584,12.29295741928391,1.5059835293370203,15.339243178235748
1769172192.8650877,1769172192865095637,Sr02_gB_IMG1_LID1_STA1_CFC64_OH0,0123_1342,B,0.4980839788913727,0.0006975438445806503,0.5,0.0,-12.529905282928075,12.367785810613002,1.5003092938927483,15.265588663214473
1769172192.9921033,1769172192992112212,Sr02_gB_IMG1_LID1_STA1_CFC64_OH0,0123_1342,B,0.4992052912712097,0.000891687348484993,0.5,0.0,-12.526284640746487,12.417654511566852,1.496330699003846,15.216447645075965
1769172193.1238928,1769172193123902015,Sr02_gB_IMG1_LID1_STA1_CFC64_OH0,0123_1342,B,0.5025854110717773,0.0008150269277393818,0.5,0.0,-12.520653740112401,12.49243445204905,1.4956341118689813,15.142717733046204
1769172193.2554138,1769172193255423564,Sr02_gB_IMG1_LID1_STA1_CFC64_OH0,0123_1342,B,0.5011598467826843,-0.000999415758997202,0.5,0.0,-12.515018046289788,12.567222407173533,1.4954784864597446,15.068991295448093
1769172193.386593,1769172193386601368,Sr02_gB_IMG1_LID1_STA1_CFC64_OH0,0123_1342,B,0.5002769827842712,-0.0018789649475365877,0.5,0.0,-12.511250764024952,12.617080277768919,1.4953253812171738,15.019845464974255
1769172193.5133352,1769172193513342817,Sr02_gB_IMG1_LID1_STA1_CFC64_OH0,0123_1342,B,0.5022686123847961,0.0025583356618881226,0.5,0.0,-12.505599966967777,12.69186709327575,1.4954353414692476,14.946137366701855
1769172193.6495664,1769172193649574575,Sr02_gB_IMG1_LID1_STA1_CFC64_OH0,0123_1342,B,0.4984612464904785,-0.00017787888646125793,0.5,0.0,-12.50183722247094,12.74172530659974,1.495505095740357,14.897006629441142
1769172193.7790549,1769172193779062438,Sr02_gB_IMG1_LID1_STA1_CFC64_OH0,0123_1342,B,0.5017852187156677,0.0013296897523105145,0.5,0.0,-12.49620070798079,12.816513199890185,1.4956373153235114,14.823322848442679
1769172193.9097807,1769172193909788445,Sr02_gB_IMG1_LID1_STA1_CFC64_OH0,0123_1342,B,0.5016469359397888,-0.0029902313835918903,0.5,0.0,-12.490573252534805,12.891301775402626,1.495705137334151,14.74965404325998
1769172194.0391834,1769172194039193362,Sr02_gB_IMG1_LID1_STA1_CFC64_OH0,0123_1342,B,0.5041536688804626,-0.0031342278234660625,0.5,0.0,-12.486819729282407,12.941160683775443,1.49560519595168,14.700548628796255
1769172194.1678374,1769172194167845216,Sr02_gB_IMG1_LID1_STA1_CFC64_OH0,0123_1342,B,0.4983801245689392,-0.0013292396906763315,0.5,0.0,-12.481175610454443,13.015948003416016,1.4954120950783627,14.626899243373419
1769172194.2951577,1769172194295168527,Sr02_gB_IMG1_LID1_STA1_CFC64_OH0,0123_1342,B,0.4992385506629944,-0.0008581334259361029,0.5,0.0,-12.477416345720926,13.065806479105081,1.4956679279629184,14.577807967815149
1769172194.4233277,1769172194423335692,Sr02_gB_IMG1_LID1_STA1_CFC64_OH0,0123_1342,B,0.5000635385513306,-0.00037821847945451736,0.5,0.0,-12.471790175746476,13.140595151357713,1.4957411983253006,14.50418513458218
1769172194.5602596,1769172194560267754,Sr02_gB_IMG1_LID1_STA1_CFC64_OH0,0123_1342,B,0.5005225539207458,-0.00010555144399404526,0.5,0.0,-12.466171091226299,13.215384356238705,1.4957246590336077,14.430577851115642
1769172194.6992774,1769172194699285820,Sr02_gB_IMG1_LID1_STA1_CFC64_OH0,0123_1342,B,0.49877142906188965,0.0011825873516499996,0.5,0.0,-12.462413563983182,13.265242962849866,1.4954227565674119,14.381512105645005
1769172194.8271499,1769172194827157531,Sr02_gB_IMG1_LID1_STA1_CFC64_OH0,0123_1342,B,0.49835771322250366,0.0007514497265219688,0.5,0.0,-12.456749037848406,13.340028739209457,1.4950248212057224,14.30792013608306
1769172194.9525576,1769172194952566339,Sr02_gB_IMG1_LID1_STA1_CFC64_OH0,0123_1342,B,0.5004943013191223,-0.0013553164899349213,0.5,0.0,-12.451064449700054,13.414812993761332,1.4948489904847364,14.234338956732083
1769172195.0851917,1769172195085202821,Sr02_gB_IMG1_LID1_STA1_CFC64_OH0,0123_1342,B,0.49950477480888367,-0.0008852940518409014,0.5,0.0,-12.447268641315885,13.46466870076035,1.4947727752263593,14.185291905511193
1769172195.2147715,1769172195214778639,Sr02_gB_IMG1_LID1_STA1_CFC64_OH0,0123_1342,B,0.4992753863334656,1.8225982785224915e-05,0.5,0.0,-12.44157035344399,13.539451912786534,1.494726948974953,14.111732971989602
1769172195.3475544,1769172195347561265,Sr02_gB_IMG1_LID1_STA1_CFC64_OH0,0123_1342,B,0.49736884236335754,-0.0013214214704930782,0.5,0.0,-12.4377702887782,13.589307295560426,1.4947163938465582,14.062701903036013
1769172195.4794283,1769172195479435075,Sr02_gB_IMG1_LID1_STA1_CFC64_OH0,0123_1342,B,0.4988207221031189,0.0010250438936054707,0.5,0.0,-12.432076386880585,13.66409084156964,1.494885158239426,13.989169386625939
1769172195.608708,1769172195608716380,Sr02_gB_IMG1_LID1_STA1_CFC64_OH0,0123_1342,B,0.49859538674354553,-0.001917490502819419,0.5,0.0,-12.426391890486451,13.738875103179536,1.494913606631207,13.915654405803327
1769172195.7410827,1769172195741090780,Sr02_gB_IMG1_LID1_STA1_CFC64_OH0,0123_1342,B,0.4978673458099365,-0.0014203262981027365,0.5,0.0,-12.4225980280877,13.788730958275579,1.4947827751707234,13.866652415979626
1769172195.8674142,1769172195867423923,Sr02_gB_IMG1_LID1_STA1_CFC64_OH0,0123_1342,B,0.49530744552612305,0.0012482698075473309,0.5,0.0,-12.41689762533183,13.863514009080555,1.4946680509133647,13.793160933605666
1769172195.9928367,1769172195992845315,Sr02_gB_IMG1_LID1_STA1_CFC64_OH0,0123_1342,B,0.5003657937049866,-0.0021304204128682613,0.5,0.0,-12.413094932831697,13.913369191486742,1.4946698734550699,13.744175178294304
1769172196.1218028,1769172196121810949,Sr02_gB_IMG1_LID1_STA1_CFC64_OH0,0123_1342,B,0.49941015243530273,-4.7557055950164795e-05,0.5,0.0,-12.407384577789735,13.988151482938948,1.4945085213560558,13.670709036872848
1769172196.2541547,1769172196254164529,Sr02_gB_IMG1_LID1_STA1_CFC64_OH0,0123_1342,B,0.4985975921154022,0.0011518546380102634,0.5,0.0,-12.403576368323202,14.038006244213525,1.49458160140676,13.621740631660742
1769172196.382294,1769172196382301527,Sr02_gB_IMG1_LID1_STA1_CFC64_OH0,0123_1342,B,0.49906283617019653,0.0013700742274522781,0.5,0.0,-12.397855091651804,14.11278770075295,1.4943039218455552,13.548300324315544
1769172196.5126994,1769172196512707533,Sr02_gB_IMG1_LID1_STA1_CFC64_OH0,0123_1342,B,0.5018656849861145,-0.0022839601151645184,0.5,0.0,-12.392116852906714,14.187567857820856,1.494197614859701,13.474873720849775
1769172196.6469817,1769172196646989783,Sr02_gB_IMG1_LID1_STA1_CFC64_OH0,0123_1342,B,0.5014886260032654,-0.00044254958629608154,0.5,0.0,-12.388293689036665,14.23742147452171,1.4942886566426457,13.425932794246886
1769172196.7840657,1769172196784078208,Sr02_gB_IMG1_LID1_STA1_CFC64_OH0,0123_1342,B,0.4985484778881073,-0.0002293759025633335,0.5,0.0,-12.382549469669993,14.312201172213822,1.4940107505519231,13.352534159959127
1769172196.9134824,1769172196913489818,Sr02_gB_IMG1_LID1_STA1_CFC64_OH0,0123_1342,B,0.49916189908981323,0.00034266943112015724,0.5,0.0,-12.376796420877,14.38698019143475,1.4940515923586766,13.27915158637608
1769172197.0492556,1769172197049264138,Sr02_gB_IMG1_LID1_STA1_CFC64_OH0,0123_1342,B,0.4996373951435089,0.0014778324402868748,0.5,0.0,-12.372965826622467,14.436833237759629,1.4941689597004084,13.230240943624942
1769172197.1777194,1769172197177726336,Sr02_gB_IMG1_LID1_STA1_CFC64_OH0,0123_1342,B,0.49896833300590515,-0.00015476299449801445,0.5,0.0,-12.367231716773908,14.51161371151477,1.494301392463916,13.15689280716892
1769172197.3092492,1769172197309258335,Sr02_gB_IMG1_LID1_STA1_CFC64_OH0,0123_1342,B,0.4998140037059784,0.002770931925624609,0.5,0.0,-12.36340500612674,14.561467056013893,1.4940729970426987,13.108003599033026
1769172197.4441054,1769172197444113290,Sr02_gB_IMG1_LID1_STA1_CFC64_OH0,0123_1342,B,0.49417683482170105,0.0014423122629523277,0.5,0.0,-12.357652592590203,14.636246124094699,1.4939903308447489,13.034682973254597
1769172197.5731044,1769172197573112596,Sr02_gB_IMG1_LID1_STA1_CFC64_OH0,0123_1342,B,0.5037630200386047,2.300553023815155e-05,0.5,0.0,-12.35189664711518,14.711024920407931,1.4939730853738766,12.961380813290557
1769172197.7044296,1769172197704438027,Sr02_gB_IMG1_LID1_STA1_CFC64_OH0,0123_1342,B,0.5012084245681763,0.000493934378027916,0.5,0.0,-12.348060116620118,14.760877510275352,1.494007352251502,12.912523703648848
1769172197.8317761,1769172197831785303,Sr02_gB_IMG1_LID1_STA1_CFC64_OH0,0123_1342,B,0.4989369809627533,0.0020773299038410187,0.5,0.0,-12.342313418710177,14.835657017724857,1.4941523718060012,12.839256279005303
1769172197.9619584,1769172197961965826,Sr02_gB_IMG1_LID1_STA1_CFC64_OH0,0123_1342,B,0.5008727312088013,-0.0007713197264820337,0.5,0.0,-12.336572506020767,14.910436969551863,1.4943046965726998,12.766010227679667
1769172198.0954096,1769172198095415604,Sr02_gB_IMG1_LID1_STA1_CFC64_OH0,0123_1342,B,0.49727481603622437,-0.0018507502973079681,0.5,0.0,-12.33275826229754,14.96029126941463,1.4945419317810449,12.717193716246793
1769172198.222924,1769172198222932018,Sr02_gB_IMG1_LID1_STA1_CFC64_OH0,0123_1342,B,0.4992801249027252,0.001282570417970419,0.5,0.0,-12.32705224730917,15.035073892155532,1.4947015071916538,12.643989648469617
1769172198.3569288,1769172198356936466,Sr02_gB_IMG1_LID1_STA1_CFC64_OH0,0123_1342,B,0.501106858253479,0.0006460519507527351,0.5,0.0,-12.323251246435571,15.084929203561268,1.494708516768191,12.595199337647392
1769172198.4908948,1769172198490903284,Sr02_gB_IMG1_LID1_STA1_CFC64_OH0,0123_1342,B,0.5002334117889404,0.003265965264290571,0.5,0.0,-12.317553291250634,15.159712440911175,1.4948301073060082,12.522032549408996
1769172198.6220145,1769172198622023811,Sr02_gB_IMG1_LID1_STA1_CFC64_OH0,0123_1342,B,0.4995984435081482,-0.00046244915574789047,0.5,0.0,-12.311871179551922,15.23449688361614,1.4949992761833786,12.448891104159449
1769172198.7509198,1769172198750928970,Sr02_gB_IMG1_LID1_STA1_CFC64_OH0,0123_1342,B,0.5016959309577942,0.009462414309382439,0.5,0.0,-12.308083005462597,15.284353171271013,1.4949113506484932,12.40014245367933
1769172198.8759365,1769172198875945613,Sr02_gB_IMG1_LID1_STA1_CFC64_OH0,0123_1342,B,0.502015233039856,0.001673370599746704,0.5,0.0,-12.302387415889006,15.359136588684175,1.494727735909767,12.327035279399409
1769172199.005201,1769172199005209506,Sr02_gB_IMG1_LID1_STA1_CFC64_OH0,0123_1342,B,0.49930259585380554,0.000692740548402071,0.5,0.0,-12.298590850727619,15.408992238038593,1.4948559926900482,12.278309959171262
1769172199.1341546,1769172199134164950,Sr02_gB_IMG1_LID1_STA1_CFC64_OH0,0123_1342,B,0.4978243410587311,0.0017524589784443378,0.5,0.0,-12.292904487650228,15.48377635772195,1.4949790984548867,12.205243235949316
1769172199.2631764,1769172199263184505,Sr02_gB_IMG1_LID1_STA1_CFC64_OH0,0123_1342,B,0.4957484304904938,-0.0210501067340374,0.5,0.0,-12.287241123983607,15.558562222087529,1.4953571424268797,12.132205361523784
1769172199.3939657,1769172199393973199,Sr02_gB_IMG1_LID1_STA1_CFC64_OH0,0123_1342,B,0.5055439472198486,-0.0012246202677488327,0.5,0.0,-12.283471588905227,15.608419922474527,1.4953108976485106,12.083528186191911
1769172199.521796,1769172199521804443,Sr02_gB_IMG1_LID1_STA1_CFC64_OH0,0123_1342,B,0.502670407295227,0.000619454775005579,0.5,0.0,-12.277863778247502,15.683209969499595,1.496340804280643,12.010543558942294
1769172199.653653,1769172199653662213,Sr02_gB_IMG1_LID1_STA1_CFC64_OH0,0123_1342,B,0.5018320679664612,-0.001400205073878169,0.5,0.0,-12.27414858841689,15.733071748868696,1.4964983353338681,11.961906425233655
1769172199.7785077,1769172199778516061,Sr02_gB_IMG1_LID1_STA1_CFC64_OH0,0123_1342,B,0.4978289008140564,-0.002479092450812459,0.5,0.0,-12.268585488439932,15.80786513894023,1.4966340371626161,11.888974196342549
1769172199.9012635,1769172199901272352,Sr02_gB_IMG1_LID1_STA1_CFC64_OH0,0123_1342,B,0.498282253742218,0.0001914757303893566,0.5,0.0,-12.26488514150687,15.857728022021366,1.4968092827563366,11.84036903875392
1769172200.0297277,1769172200029735613,Sr02_gB_IMG1_LID1_STA1_CFC64_OH0,0123_1342,B,0.49639663100242615,-0.0007376084104180336,0.5,0.0,-12.25922359677522,15.93251399417912,1.4938500329527642,11.767456997325407
1769172200.1593723,1769172200159380551,Sr02_gB_IMG1_LID1_STA1_CFC64_OH0,0123_1342,B,0.5010879039764404,-0.00010873749852180481,0.5,0.0,-12.255377025020646,15.982365810251673,1.493727566902608,11.718846550312904
1769172200.2932115,1769172200293221001,Sr02_gB_IMG1_LID1_STA1_CFC64_OH0,0123_1342,B,0.507490336894989,7.728440687060356e-05,0.5,0.0,-12.249603488623617,16.057143250439356,1.4937836021152358,11.645952069761309
1769172200.4194968,1769172200419505083,Sr02_gB_IMG1_LID1_STA1_CFC64_OH0,0123_1342,B,0.5003800392150879,-0.0015113044064491987,0.5,0.0,-12.243824717516512,16.13192028609135,1.493519629786678,11.573083249355589
1769172200.551605,1769172200551613523,Sr02_gB_IMG1_LID1_STA1_CFC64_OH0,0123_1342,B,0.4981384575366974,-0.001051120925694704,0.5,0.0,-12.239958814423455,16.181770606712107,1.4933251303396073,11.524516026972824
1769172200.686912,1769172200686920536,Sr02_gB_IMG1_LID1_STA1_CFC64_OH0,0123_1342,B,0.5029528737068176,-0.00057255569845438,0.5,0.0,-12.234155150782025,16.256545714701925,1.4933259797107437,11.451687160177128
1769172200.823712,1769172200823719398,Sr02_gB_IMG1_LID1_STA1_CFC64_OH0,0123_1342,B,0.4986537992954254,-7.275119423866272e-05,0.5,0.0,-12.22834694052251,16.33132046964423,1.4932467816592483,11.378885400032177
1769172200.9513073,1769172200951318036,Sr02_gB_IMG1_LID1_STA1_CFC64_OH0,0123_1342,B,0.5006004571914673,0.00012892112135887146,0.5,0.0,-12.224473096342871,16.381170173897566,1.4932396282270912,11.330366410240332
1769172201.0754414,1769172201075450250,Sr02_gB_IMG1_LID1_STA1_CFC64_OH0,0123_1342,B,0.4941936135292053,-7.13719055056572e-06,0.5,0.0,-12.218662250971926,16.455944724128763,1.4932035644610218,11.257612207690103
1769172201.2088668,1769172201208874149,Sr02_gB_IMG1_LID1_STA1_CFC64_OH0,0123_1342,B,0.4963119924068451,0.0010948744602501392,0.5,0.0,-12.21478273804062,16.505793987489877,1.4930524342937852,11.209124474048886
1769172201.3366926,1769172201336701176,Sr02_gB_IMG1_LID1_STA1_CFC64_OH0,0123_1342,B,0.5031984448432922,-0.002121650381013751,0.5,0.0,-12.20895197138065,16.58056698686664,1.492904337011757,11.136415111617417
1769172201.4658563,1769172201465866103,Sr02_gB_IMG1_LID1_STA1_CFC64_OH0,0123_1342,B,0.5026711821556091,0.00014744745567440987,0.5,0.0,-12.205059882092128,16.630415269918878,1.4928470815071715,11.087957938779983
1769172201.5954266,1769172201595434748,Sr02_gB_IMG1_LID1_STA1_CFC64_OH0,0123_1342,B,0.49689069390296936,-0.0023813429288566113,0.5,0.0,-12.199218838331165,16.70518746725501,1.492831170426563,11.015297310266186
1769172201.7259865,1769172201725995504,Sr02_gB_IMG1_LID1_STA1_CFC64_OH0,0123_1342,B,0.5000606179237366,-0.0013652541674673557,0.5,0.0,-12.193378012318103,16.779959681601873,1.4928437056082944,10.942668303930438
1769172201.857179,1769172201857187765,Sr02_gB_IMG1_LID1_STA1_CFC64_OH0,0123_1342,B,0.49959754943847656,-0.001137016573920846,0.5,0.0,-12.189484419777147,16.82980784726596,1.4928650313096603,10.894266889575988
1769172201.9876804,1769172201987690313,Sr02_gB_IMG1_LID1_STA1_CFC64_OH0,0123_1342,B,0.5004669427871704,0.0004468662664294243,0.5,0.0,-12.183650344741263,16.90458058861555,1.4929006038080033,10.82169362591853
1769172202.123133,1769172202123142137,Sr02_gB_IMG1_LID1_STA1_CFC64_OH0,0123_1342,B,0.4971626102924347,-0.0015592470299452543,0.5,0.0,-12.179754208401276,16.954428555427086,1.4926884391317037,10.773328195594875
1769172202.2582924,1769172202258301022,Sr02_gB_IMG1_LID1_STA1_CFC64_OH0,0123_1342,B,0.4979912042617798,-0.0002751685678958893,0.5,0.0,-12.173902646573127,17.02919993036863,1.4926599805376453,10.700806334715347
1769172202.3858118,1769172202385820331,Sr02_gB_IMG1_LID1_STA1_CFC64_OH0,0123_1342,B,0.5024920701980591,0.0016216873191297054,0.5,0.0,-12.168035433362936,17.103970078451884,1.4923434225436814,10.628314829258459
1769172202.512662,1769172202512670184,Sr02_gB_IMG1_LID1_STA1_CFC64_OH0,0123_1342,B,0.5039558410644531,0.0005856920033693314,0.5,0.0,-12.16411340842876,17.1538160150922,1.4922068973455598,10.580003851972213
1769172202.6411633,1769172202641171526,Sr02_gB_IMG1_LID1_STA1_CFC64_OH0,0123_1342,B,0.4983562231063843,-0.002368466928601265,0.5,0.0,-12.158219049056816,17.228584028322274,1.4920680214507287,10.507564063388307
1769172202.7648268,1769172202764835732,Sr02_gB_IMG1_LID1_STA1_CFC64_OH0,0123_1342,B,0.5035020709037781,-0.001568139297887683,0.5,0.0,-12.1523222301528,17.30335184768506,1.492054808312342,10.435159802573784
1769172202.8962982,1769172202896304923,Sr02_gB_IMG1_LID1_STA1_CFC64_OH0,0123_1342,B,0.49909162521362305,-0.00024336669594049454,0.5,0.0,-12.148385367661499,17.353196614630786,1.4919117239281907,10.38690927058115
1769172203.023863,1769172203023870679,Sr02_gB_IMG1_LID1_STA1_CFC64_OH0,0123_1342,B,0.5002537369728088,-0.0006160549819469452,0.5,0.0,-12.142473802993763,17.427963269559438,1.4919083841536738,10.314563053694568
1769172203.158379,1769172203158387259,Sr02_gB_IMG1_LID1_STA1_CFC64_OH0,0123_1342,B,0.5011076331138611,-0.0008449375163763762,0.5,0.0,-12.138537537652846,17.477808083659696,1.4920705525078362,10.266354676693835
1769172203.2811558,1769172203281162846,Sr02_gB_IMG1_LID1_STA1_CFC64_OH0,0123_1342,B,0.5000104904174805,0.002501667942851782,0.5,0.0,-12.132642057264576,17.55257600856588,1.4920506029765515,10.194076870209024
1769172203.4133925,1769172203413400840,Sr02_gB_IMG1_LID1_STA1_CFC64_OH0,0123_1342,B,0.49595245718955994,0.0017793592996895313,0.5,0.0,-12.128702956347647,17.602420598598236,1.491821759505968,10.145911248644826
1769172203.5484903,1769172203548497819,Sr02_gB_IMG1_LID1_STA1_CFC64_OH0,0123_1342,B,0.4974682331085205,0.002736843191087246,0.5,0.0,-12.12277735811666,17.677186142456517,1.491613033299072,10.073691728755337
1769172203.679041,1769172203679048937,Sr02_gB_IMG1_LID1_STA1_CFC64_OH0,0123_1342,B,0.49993622303009033,0.0011646528728306293,0.5,0.0,-12.116843302266714,17.7519510156721,1.491561621052215,10.001510823624326
1769172203.813187,1769172203813194501,Sr02_gB_IMG1_LID1_STA1_CFC64_OH0,0123_1342,B,0.4961327016353607,-0.0008712930139154196,0.5,0.0,-12.11288417031269,17.80179401875546,1.4914977269612693,9.953412528841126
1769172203.9479465,1769172203947954567,Sr02_gB_IMG1_LID1_STA1_CFC64_OH0,0123_1342,B,0.5028558373451233,-0.000995411304756999,0.5,0.0,-12.106938602657861,17.87655797736134,1.4914379162272562,9.881298585237452
1769172204.0786595,1769172204078667299,Sr02_gB_IMG1_LID1_STA1_CFC64_OH0,0123_1342,B,0.5013602375984192,-0.002737622242420912,0.5,0.0,-12.101006707209207,17.951323021623136,1.491784273857363,9.809231736458795
1769172204.2059336,1769172204205942049,Sr02_gB_IMG1_LID1_STA1_CFC64_OH0,0123_1342,B,0.5024056434631348,-0.002486731158569455,0.5,0.0,-12.097064672463636,18.00116737976198,1.4919717837942006,9.761215242877174
1769172204.332386,1769172204332393775,Sr02_gB_IMG1_LID1_STA1_CFC64_OH0,0123_1342,B,0.509530782699585,0.0007643820717930794,0.5,0.0,-12.091172888712585,18.075935595731377,1.4922879793351114,9.689234136342879
1769172204.4635139,1769172204463520975,Sr02_gB_IMG1_LID1_STA1_CFC64_OH0,0123_1342,B,0.5115698575973511,-0.0016581970266997814,0.5,0.0,-12.087254405438085,18.125781810923755,1.4924044444324662,9.641274964484245
1769172204.6010504,1769172204601058403,Sr02_gB_IMG1_LID1_STA1_CFC64_OH0,0123_1342,B,0.4987190067768097,0.0003905734047293663,0.5,0.0,-12.081377617121499,18.200551207324878,1.492292870565266,9.569375646471409
1769172204.7459393,1769172204745947296,Sr02_gB_IMG1_LID1_STA1_CFC64_OH0,0123_1342,B,0.4997989535331726,-0.0028653270564973354,0.5,0.0,-12.075488758905747,18.2753196539222,1.4920390279874376,9.49752080386299
1769172204.883684,1769172204883691653,Sr02_gB_IMG1_LID1_STA1_CFC64_OH0,0123_1342,B,0.4961218237876892,-0.005063656251877546,0.5,0.0,-12.071548197351897,18.325164128466835,1.4917727927439393,9.449640481991777
1769172205.0236807,1769172205023689979,Sr02_gB_IMG1_LID1_STA1_CFC64_OH0,0123_1342,B,0.4990796148777008,0.0036913338117301464,0.5,0.0,-12.065614951510764,18.39992906569366,1.491529825519802,9.37785494453691
1769172205.1578643,1769172205157872401,Sr02_gB_IMG1_LID1_STA1_CFC64_OH0,0123_1342,B,0.4899612069129944,-0.0018380843102931976,0.5,0.0,-12.059678300625821,18.47469373287988,1.4914991299728102,9.3061191080114
1769172205.2873237,1769172205287333444,Sr02_gB_IMG1_LID1_STA1_CFC64_OH0,0123_1342,B,0.49831146001815796,0.0004932661540806293,0.5,0.0,-12.053731211746921,18.549457570495456,1.4914143006252532,9.23443204903947
1769172205.4194777,1769172205419485306,Sr02_gB_IMG1_LID1_STA1_CFC64_OH0,0123_1342,B,0.49704548716545105,-0.0001029064878821373,0.5,0.0,-12.049767170150611,18.599300183357943,1.4914208007481948,9.186670268318753
1769172205.556369,1769172205556378165,Sr02_gB_IMG1_LID1_STA1_CFC64_OH0,0123_1342,B,0.49653834104537964,0.0023993314243853092,0.5,0.0,-12.043803695908851,18.674062715149343,1.4909250549642186,9.11506738862124
1769172205.6884067,1769172205688414902,Sr02_gB_IMG1_LID1_STA1_CFC64_OH0,0123_1342,B,0.4938575029373169,0.001084284856915474,0.5,0.0,-12.037796780435897,18.748821769019873,1.4906032499041262,9.043506470112431
1769172205.8230214,1769172205823029675,Sr02_gB_IMG1_LID1_STA1_CFC64_OH0,0123_1342,B,0.49625739455223083,0.004836221691220999,0.5,0.0,-12.033800484061924,18.798661805857723,1.4909170916326768,8.995832839087154
1769172205.956949,1769172205956957891,Sr02_gB_IMG1_LID1_STA1_CFC64_OH0,0123_1342,B,0.4954427182674408,0.004188135731965303,0.5,0.0,-12.027806127603814,18.873421868388565,1.4907113192691703,8.924370159035345
1769172206.092672,1769172206092680003,Sr02_gB_IMG1_LID1_STA1_CFC64_OH0,0123_1342,B,0.49767976999282837,0.0024662078358232975,0.5,0.0,-12.02180856510617,18.948181673963237,1.4907555009048443,8.85296501218392
1769172206.226273,1769172206226281235,Sr02_gB_IMG1_LID1_STA1_CFC64_OH0,0123_1342,B,0.4958338439464569,7.158797234296799e-05,0.5,0.0,-12.017810601808721,18.998021577380694,1.4907702312302227,8.805394914462113
1769172206.352787,1769172206352795328,Sr02_gB_IMG1_LID1_STA1_CFC64_OH0,0123_1342,B,0.4984854459762573,0.001527983695268631,0.5,0.0,-12.011828207415592,19.07278259790455,1.4910906794742067,8.73409521044623
1769172206.4855888,1769172206485597350,Sr02_gB_IMG1_LID1_STA1_CFC64_OH0,0123_1342,B,0.5068226456642151,0.001627712044864893,0.5,0.0,-12.005865029097555,19.147545153639594,1.4914409156271593,8.662864054153502
1769172206.6113167,1769172206611324567,Sr02_gB_IMG1_LID1_STA1_CFC64_OH0,0123_1342,B,0.4977531433105469,-0.00017228955402970314,0.5,0.0,-12.001913458328799,19.19738875626909,1.4919180565093269,8.615419731925265
1769172206.742892,1769172206742899386,Sr02_gB_IMG1_LID1_STA1_CFC64_OH0,0123_1342,B,0.5010488629341125,0.0009874962270259857,0.5,0.0,-11.996026820206314,19.272157376747835,1.4924946195164834,8.544320943680447
1769172206.8734884,1769172206873496130,Sr02_gB_IMG1_LID1_STA1_CFC64_OH0,0123_1342,B,0.4981420338153839,-0.0001432262361049652,0.5,0.0,-11.992121881190323,19.32200465472376,1.4927412399251376,8.496965302997994
1769172207.0115466,1769172207011555318,Sr02_gB_IMG1_LID1_STA1_CFC64_OH0,0123_1342,B,0.5030849575996399,-0.001641381997615099,0.5,0.0,-11.986274130593873,19.396776327833148,1.4927665430650359,8.425992273917256
1769172207.1473622,1769172207147369542,Sr02_gB_IMG1_LID1_STA1_CFC64_OH0,0123_1342,B,0.49693024158477783,-0.004403896164149046,0.5,0.0,-11.98043642521562,19.47154878571519,1.4929987317051094,8.355092900309506
1769172207.283413,1769172207283425240,Sr02_gB_IMG1_LID1_STA1_CFC64_OH0,0123_1342,B,0.4999960958957672,-0.056789688766002655,0.5,0.0,-11.976554121632002,19.521397831828462,1.493107504029718,8.307869798126655
1769172207.4254994,1769172207425507837,Sr02_gB_IMG1_LID1_STA1_CFC64_OH0,0123_1342,B,0.5046757459640503,-0.002382171805948019,0.5,0.0,-11.97073307617176,19.596171588694016,1.4931396489768471,8.237097403340627
1769172207.5580723,1769172207558081822,Sr02_gB_IMG1_LID1_STA1_CFC64_OH0,0123_1342,B,0.4877961575984955,-0.00404139282181859,0.5,0.0,-11.964918834849785,19.670945874925383,1.4932086235893083,8.166402761262926
1769172207.6913013,1769172207691310024,Sr02_gB_IMG1_LID1_STA1_CFC64_OH0,0123_1342,B,0.4847964346408844,-0.002248130738735199,0.5,0.0,-11.959102401047252,19.745719990587013,1.4930672885705571,8.095784856338366
1769172207.8222246,1769172207822233752,Sr02_gB_IMG1_LID1_STA1_CFC64_OH0,0123_1342,B,0.5085598826408386,0.003814579453319311,0.5,0.0,-11.955215495288464,19.795568678017883,1.4928479023963468,8.048747130656109
1769172207.9514356,1769172207951446719,Sr02_gB_IMG1_LID1_STA1_CFC64_OH0,0123_1342,B,0.4981886148452759,-0.002696244278922677,0.5,0.0,-11.949341587816653,19.870326892702824,1.4907649034503756,7.978253502082989
1769172208.0778313,1769172208077839765,Sr02_gB_IMG1_LID1_STA1_CFC64_OH0,0123_1342,B,0.5084840655326843,0.0008781417272984982,0.5,0.0,-11.945202789617827,19.920155231142918,1.4850859453656764,7.931220138461562
1769172208.2115407,1769172208211549160,Sr02_gB_IMG1_LID1_STA1_CFC64_OH0,0123_1342,B,0.5005365014076233,0.0021079941652715206,0.5,0.0,-11.93875886941719,19.994866671728648,1.4845438200855194,7.860667961738149
1769172208.3429701,1769172208342979418,Sr02_gB_IMG1_LID1_STA1_CFC64_OH0,0123_1342,B,0.4973203241825104,0.003146085422486067,0.5,0.0,-11.932276016477289,20.069585958107982,1.4840093412542072,7.790175099443825
1769172208.476982,1769172208476990359,Sr02_gB_IMG1_LID1_STA1_CFC64_OH0,0123_1342,B,0.48919928073883057,-0.004843041300773621,0.5,0.0,-11.92793651361153,20.119397286009786,1.4837845285397873,7.743220812964932
1769172208.6094434,1769172208609453035,Sr02_gB_IMG1_LID1_STA1_CFC64_OH0,0123_1342,B,0.4941948652267456,0.0012110015377402306,0.5,0.0,-11.921439587885663,20.194115350164573,1.4842264982169715,7.672865850828193
1769172208.73927,1769172208739278271,Sr02_gB_IMG1_LID1_STA1_CFC64_OH0,0123_1342,B,0.500635027885437,0.0022503063082695007,0.5,0.0,-11.914944210594747,20.268833549687013,1.484072266499254,7.602600243397149
1769172208.8710992,1769172208871108791,Sr02_gB_IMG1_LID1_STA1_CFC64_OH0,0123_1342,B,0.5018227100372314,0.002006614115089178,0.5,0.0,-11.910616118472946,20.318645870430288,1.4842092736096242,7.555807839101916
1769172209.0002697,1769172209000279218,Sr02_gB_IMG1_LID1_STA1_CFC64_OH0,0123_1342,B,0.503522515296936,0.0006575123406946659,0.5,0.0,-11.904142660995614,20.393365971975868,1.4845773758965537,7.485703691916927
1769172209.1299574,1769172209129965244,Sr02_gB_IMG1_LID1_STA1_CFC64_OH0,0123_1342,B,0.5043338537216187,0.017652789130806923,0.5,0.0,-11.89984409292393,20.443180849091984,1.4847322072891604,7.439026806658216
1769172209.2599864,1769172209259995355,Sr02_gB_IMG1_LID1_STA1_CFC64_OH0,0123_1342,B,0.48500871658325195,0.10307756811380386,0.5,0.0,-11.893372521742245,20.517901113351012,1.4842479094687986,7.369084584878435
1769172209.3856792,1769172209385688046,Sr02_gB_IMG1_LID1_STA1_CFC64_OH0,0123_1342,B,0.48857828974723816,0.00739669194445014,0.5,0.0,-11.886897209869627,20.592621054438176,1.4844919167638735,7.299241421129693
1769172209.5199661,1769172209519974825,Sr02_gB_IMG1_LID1_STA1_CFC64_OH0,0123_1342,B,0.48904454708099365,0.023609433323144913,0.5,0.0,-11.882592925174315,20.6424354379627,1.484712073362375,7.2527411847688334
1769172209.6506577,1769172209650664634,Sr02_gB_IMG1_LID1_STA1_CFC64_OH0,0123_1342,B,0.495308518409729,-0.012360136955976486,0.5,0.0,-11.876155285562367,20.717158634155854,1.4849591020451895,7.183086010688552
1769172209.7891693,1769172209789180037,Sr02_gB_IMG1_LID1_STA1_CFC64_OH0,0123_1342,B,0.5022621750831604,-0.002210308099165559,0.5,0.0,-11.871870754109,20.766974720603212,1.4851947962837655,7.136712135084353
1769172209.9169753,1769172209916982398,Sr02_gB_IMG1_LID1_STA1_CFC64_OH0,0123_1342,B,0.4876352846622467,0.02743576653301716,0.5,0.0,-11.865564389156662,20.841677117216086,1.4888443524085038,7.067318373105299
1769172210.0477815,1769172210047788174,Sr02_gB_IMG1_LID1_STA1_CFC64_OH0,0123_1342,B,0.4857998192310333,0.004066727589815855,0.5,0.0,-11.85998004994389,20.91642297174608,1.5013093290724395,6.998333421238881
1769172210.1751096,1769172210175119721,Sr02_gB_IMG1_LID1_STA1_CFC64_OH0,0123_1342,B,0.4862343370914459,0.004975973162800074,0.5,0.0,-11.85652734740627,20.966303613218717,1.5022111179435862,6.952492806745022
1769172210.3000412,1769172210300051806,Sr02_gB_IMG1_LID1_STA1_CFC64_OH0,0123_1342,B,0.4992368817329407,0.0013362830504775047,0.5,0.0,-11.85151640075568,21.041135989731618,1.505033158857267,6.883908847153982
1769172210.4308395,1769172210430847473,Sr02_gB_IMG1_LID1_STA1_CFC64_OH0,0123_1342,B,0.495957612991333,0.0035401158966124058,0.5,0.0,-11.848199779598458,21.0910258623383,1.5037971493168056,6.838270890885646
1769172210.572212,1769172210572222503,Sr02_gB_IMG1_LID1_STA1_CFC64_OH0,0123_1342,B,0.4767720401287079,-0.10145324468612671,0.5,0.0,-11.84315959211413,21.165856308990897,1.5036605416471172,6.769902444919213
1769172210.7059925,1769172210706000016,Sr02_gB_IMG1_LID1_STA1_CFC64_OH0,0123_1342,B,0.4803679585456848,-0.08195694535970688,0.5,0.0,-11.838276934714225,21.24069715514916,1.5070748410546344,6.701741957607765
1769172210.8345234,1769172210834531885,Sr02_gB_IMG1_LID1_STA1_CFC64_OH0,0123_1342,B,0.4893268644809723,0.005054385866969824,0.5,0.0,-11.835103366764033,21.29059633461678,1.5075087901762085,6.656417884844252
1769172210.9772978,1769172210977305139,Sr02_gB_IMG1_LID1_STA1_CFC64_OH0,0123_1342,B,0.5021889209747314,0.0002675708383321762,0.5,0.0,-11.830386450994114,21.365447852902484,1.5081096003168493,6.5885772661223285
1769172211.1066334,1769172211106648481,Sr02_gB_IMG1_LID1_STA1_CFC64_OH0,0123_1342,B,0.5001161098480225,0.00405291048809886,0.5,0.0,-11.825697506775839,21.440301129644634,1.508442270532195,6.520905615941287
1769172211.237709,1769172211237717471,Sr02_gB_IMG1_LID1_STA1_CFC64_OH0,0123_1342,B,0.501308262348175,0.0059434049762785435,0.5,0.0,-11.822582905771029,21.490140430293692,1.5068780544361389,6.475941220800625
1769172211.3650975,1769172211365105494,Sr02_gB_IMG1_LID1_STA1_CFC64_OH0,0123_1342,B,0.49460354447364807,0.010125091299414635,0.5,0.0,-11.81723076323179,21.564948532957082,1.4924399476728964,6.408252494217209
1769172211.497636,1769172211497644523,Sr02_gB_IMG1_LID1_STA1_CFC64_OH0,0123_1342,B,0.5001622438430786,0.0014799181371927261,0.5,0.0,-11.810964229138394,21.639653892231053,1.4847067845019701,6.340359566609309
1769172211.6277504,1769172211627759854,Sr02_gB_IMG1_LID1_STA1_CFC64_OH0,0123_1342,B,0.4888800382614136,-0.007661128416657448,0.5,0.0,-11.806676583648795,21.68946971043793,1.4850686214921616,6.295120881451464
1769172211.755451,1769172211755458881,Sr02_gB_IMG1_LID1_STA1_CFC64_OH0,0123_1342,B,0.47608450055122375,-0.010389989241957664,0.5,0.0,-11.800257886785298,21.764194536324027,1.4852601675905102,6.227404926300203
1769172211.8860235,1769172211886032241,Sr02_gB_IMG1_LID1_STA1_CFC64_OH0,0123_1342,B,0.4833270013332367,-0.10084576904773712,0.5,0.0,-11.795996434772746,21.81401260206949,1.4856843618291615,6.182362100686508
1769172212.0126603,1769172212012668063,Sr02_gB_IMG1_LID1_STA1_CFC64_OH0,0123_1342,B,0.4861491620540619,-0.10775148123502731,0.5,0.0,-11.789654990852288,21.888744020788376,1.4867013179684119,6.114964775763606
1769172212.1482642,1769172212148270961,Sr02_gB_IMG1_LID1_STA1_CFC64_OH0,0123_1342,B,0.5011730194091797,-0.0015848365146666765,0.5,0.0,-11.785480418848639,21.93856944018425,1.4877138253732756,6.070155995794233
1769172212.2793057,1769172212279313722,Sr02_gB_IMG1_LID1_STA1_CFC64_OH0,0123_1342,B,0.4985192120075226,0.00042146211490035057,0.5,0.0,-11.779264466433853,22.013311404311207,1.4878444140773464,6.003117306143076
1769172212.4067805,1769172212406788098,Sr02_gB_IMG1_LID1_STA1_CFC64_OH0,0123_1342,B,0.4948723316192627,-0.001207578694447875,0.5,0.0,-11.77300664995366,22.088049870661926,1.486613384994062,5.936249972249429
1769172212.5369098,1769172212536918116,Sr02_gB_IMG1_LID1_STA1_CFC64_OH0,0123_1342,B,0.4695549011230469,0.004260415676981211,0.5,0.0,-11.76877659072677,22.13787060988767,1.485574387814306,5.891753779591094
1769172212.666051,1769172212666060181,Sr02_gB_IMG1_LID1_STA1_CFC64_OH0,0123_1342,B,0.46934089064598083,0.004247050266712904,0.5,0.0,-11.761890871455938,22.212507523843062,1.4712263030021364,5.82496643291209
1769172212.793045,1769172212793053353,Sr02_gB_IMG1_LID1_STA1_CFC64_OH0,0123_1342,B,0.49976322054862976,-0.004813704174011946,0.5,0.0,-11.75665264763252,22.262232130443422,1.460451173973452,5.780231330118998
1769172212.9147284,1769172212914735560,Sr02_gB_IMG1_LID1_STA1_CFC64_OH0,0123_1342,B,0.4882785379886627,-0.10832133889198303,0.5,0.0,-11.748176967831784,22.336692252144534,1.456971484139587,5.713062043705708
1769172213.0512586,1769172213051266680,Sr02_gB_IMG1_LID1_STA1_CFC64_OH0,0123_1342,B,0.5025981664657593,0.0005446905270218849,0.5,0.0,-11.742499054246634,22.386368815834054,1.4570136287468949,5.668345201239561
1769172213.1801338,1769172213180141312,Sr02_gB_IMG1_LID1_STA1_CFC64_OH0,0123_1342,B,0.4987981915473938,0.0046639773063361645,0.5,0.0,-11.733977141360608,22.460883084760148,1.4568871703206203,5.601435136304005
1769172213.3111095,1769172213311117639,Sr02_gB_IMG1_LID1_STA1_CFC64_OH0,0123_1342,B,0.506930410861969,0.0011953352950513363,0.5,0.0,-11.725476225246164,22.535399750820098,1.457525829510387,5.534742223981275
1769172213.4368205,1769172213436828004,Sr02_gB_IMG1_LID1_STA1_CFC64_OH0,0123_1342,B,0.4995882511138916,0.0020498698577284813,0.5,0.0,-11.719835353408632,22.58508053392921,1.4579505338426038,5.4904117207030865
1769172213.5677638,1769172213567776057,Sr02_gB_IMG1_LID1_STA1_CFC64_OH0,0123_1342,B,0.4980994462966919,0.004721975419670343,0.5,0.0,-11.71136229350648,22.659567641397295,1.4562167334972271,5.4241222516882255
1769172213.695217,1769172213695226818,Sr02_gB_IMG1_LID1_STA1_CFC64_OH0,0123_1342,B,0.4861610531806946,0.007447353098541498,0.5,0.0,-11.7022170241538,22.733912905012048,1.4421831552300792,5.357793425434528
1769172213.8269289,1769172213826935770,Sr02_gB_IMG1_LID1_STA1_CFC64_OH0,0123_1342,B,0.4802754521369934,0.004254259634763002,0.5,0.0,-11.695805429773635,22.78350011148139,1.442237606939501,5.313500334861816
1769172213.958504,1769172213958511621,Sr02_gB_IMG1_LID1_STA1_CFC64_OH0,0123_1342,B,0.4859221279621124,0.004001265857368708,0.5,0.0,-11.686213932416283,22.857884265103962,1.4427637700719569,5.2472653104538916
1769172214.0900977,1769172214090106188,Sr02_gB_IMG1_LID1_STA1_CFC64_OH0,0123_1342,B,0.48722296953201294,0.00415751663967967,0.5,0.0,-11.679832828901427,22.907475405416466,1.4429003934704823,5.203247153778398
1769172214.2188396,1769172214218848252,Sr02_gB_IMG1_LID1_STA1_CFC64_OH0,0123_1342,B,0.49259570240974426,0.0008504753932356834,0.5,0.0,-11.670278796426807,22.981864381023787,1.4432880344307333,5.137433755298099
1769172214.3408866,1769172214340893950,Sr02_gB_IMG1_LID1_STA1_CFC64_OH0,0123_1342,B,0.4977625012397766,-0.0010620076209306717,0.5,0.0,-11.66393235312754,23.031459968468607,1.4437602311562499,5.09371049571632
1769172214.470111,1769172214470119281,Sr02_gB_IMG1_LID1_STA1_CFC64_OH0,0123_1342,B,0.49997425079345703,-0.00018169404938817024,0.5,0.0,-11.654471491294832,23.105860847620608,1.4448134706976055,5.028374248568839
1769172214.596879,1769172214596888172,Sr02_gB_IMG1_LID1_STA1_CFC64_OH0,0123_1342,B,0.5073896050453186,0.0035466435365378857,0.5,0.0,-11.645071437044365,23.180269436360593,1.4454440191769764,4.963341956774966
1769172214.7256224,1769172214725631559,Sr02_gB_IMG1_LID1_STA1_CFC64_OH0,0123_1342,B,0.4978155195713043,-0.001242862781509757,0.5,0.0,-11.638830148045468,23.229878366617886,1.445844145112439,4.920157665261342
1769172214.8607924,1769172214860800222,Sr02_gB_IMG1_LID1_STA1_CFC64_OH0,0123_1342,B,0.5031722187995911,0.001444423571228981,0.5,0.0,-11.62950597816488,23.304296502670326,1.446401633086508,4.855646016790994
1769172214.994057,1769172214994065594,Sr02_gB_IMG1_LID1_STA1_CFC64_OH0,0123_1342,B,0.5017101764678955,0.0009368071332573891,0.5,0.0,-11.623304192212535,23.353910387148037,1.4464484324351654,4.8128146409372965
1769172215.1267223,1769172215126729548,Sr02_gB_IMG1_LID1_STA1_CFC64_OH0,0123_1342,B,0.5023260712623596,0.0017523327842354774,0.5,0.0,-11.613996537889333,23.42833059172207,1.4463243434816957,4.748827702530316
1769172215.25473,1769172215254742434,Sr02_gB_IMG1_LID1_STA1_CFC64_OH0,0123_1342,B,0.5025691986083984,0.002322140149772167,0.5,0.0,-11.604686525059371,23.50275050125605,1.446483503141042,4.685166216103211
1769172215.3838022,1769172215383810760,Sr02_gB_IMG1_LID1_STA1_CFC64_OH0,0123_1342,B,0.5001473426818848,0.0025156401097774506,0.5,0.0,-11.598495204041575,23.552365692547166,1.4467423803210135,4.642921667935084
1769172215.5097613,1769172215509769781,Sr02_gB_IMG1_LID1_STA1_CFC64_OH0,0123_1342,B,0.5025493502616882,2.151867374777794e-05,0.5,0.0,-11.58920913351788,23.626788593407632,1.4466634407271366,4.579848240473743
1769172215.6413796,1769172215641389035,Sr02_gB_IMG1_LID1_STA1_CFC64_OH0,0123_1342,B,0.5077769160270691,0.00024142442271113396,0.5,0.0,-11.583022000288398,23.676404307259975,1.4468078828356237,4.53800287626299
1769172215.7706132,1769172215770626448,Sr02_gB_IMG1_LID1_STA1_CFC64_OH0,0123_1342,B,0.5022801160812378,0.001019289717078209,0.5,0.0,-11.573751985469803,23.750829209691158,1.446964713974869,4.475554618695297
1769172215.901521,1769172215901531070,Sr02_gB_IMG1_LID1_STA1_CFC64_OH0,0123_1342,B,0.499081015586853,0.0015766737051308155,0.5,0.0,-11.567580564294008,23.8004468803063,1.4471399469182922,4.434143477471246
1769172216.0305827,1769172216030590460,Sr02_gB_IMG1_LID1_STA1_CFC64_OH0,0123_1342,B,0.4979551136493683,-0.0006050597876310349,0.5,0.0,-11.558342506015926,23.874875755815026,1.4474825688707205,4.372374436469066
1769172216.1640785,1769172216164086254,Sr02_gB_IMG1_LID1_STA1_CFC64_OH0,0123_1342,B,0.4984285235404968,0.0005878442898392677,0.5,0.0,-11.549129892445075,23.949307785198783,1.447735210159401,4.311040029864055
1769172216.2976239,1769172216297632253,Sr02_gB_IMG1_LID1_STA1_CFC64_OH0,0123_1342,B,0.5018644332885742,0.0028011975809931755,0.5,0.0,-11.542992430812467,23.998929667949326,1.4477417599790072,4.27039533428479
1769172216.4338639,1769172216433873429,Sr02_gB_IMG1_LID1_STA1_CFC64_OH0,0123_1342,B,0.4985261559486389,0.003424679394811392,0.5,0.0,-11.533788269593263,24.073362743267026,1.4478090875393796,4.209807216162177
1769172216.5662434,1769172216566253379,Sr02_gB_IMG1_LID1_STA1_CFC64_OH0,0123_1342,B,0.5003151297569275,0.004163052421063185,0.5,0.0,-11.524593651327576,24.14779699792121,1.4479954233015633,4.149695813625153
1769172216.7039864,1769172216703995863,Sr02_gB_IMG1_LID1_STA1_CFC64_OH0,0123_1342,B,0.5033146142959595,-0.0009749364107847214,0.5,0.0,-11.518472722449253,24.197420922682305,1.4481094573555193,4.109898878326584
1769172216.8406553,1769172216840663499,Sr02_gB_IMG1_LID1_STA1_CFC64_OH0,0123_1342,B,0.5017723441123962,-0.001452400116249919,0.5,0.0,-11.509291369800032,24.271856814886366,1.448066413842961,4.05062762546329
1769172216.9698746,1769172216969882448,Sr02_gB_IMG1_LID1_STA1_CFC64_OH0,0123_1342,B,0.5022927522659302,0.0004301094450056553,0.5,0.0,-11.50011497623217,24.346293318467303,1.4482873896240982,3.9918885899130676
1769172217.1030366,1769172217103044626,Sr02_gB_IMG1_LID1_STA1_CFC64_OH0,0123_1342,B,0.5011796951293945,-0.00018975883722305298,0.5,0.0,-11.494011852955921,24.39591943610874,1.4485799780990194,3.9530441028658783
1769172217.2342372,1769172217234245835,Sr02_gB_IMG1_LID1_STA1_CFC64_OH0,0123_1342,B,0.4949769675731659,0.0024031843058764935,0.5,0.0,-11.484887843067579,24.4703623779966,1.4491232134421927,3.8952743248944715
1769172217.359918,1769172217359926615,Sr02_gB_IMG1_LID1_STA1_CFC64_OH0,0123_1342,B,0.4990324378013611,0.0015717376954853535,0.5,0.0,-11.475803514074698,24.54481017299081,1.4494393953846723,3.838126703126137
1769172217.4832225,1769172217483230774,Sr02_gB_IMG1_LID1_STA1_CFC64_OH0,0123_1342,B,0.5013765692710876,0.0009418227709829807,0.5,0.0,-11.469748084170408,24.59444213295081,1.4493323529834543,3.800373698949506
1769172217.613133,1769172217613141291,Sr02_gB_IMG1_LID1_STA1_CFC64_OH0,0123_1342,B,0.4986918568611145,-0.0008077737875282764,0.5,0.0,-11.460653308367714,24.66888865285273,1.4491897921780947,3.744274571661941
1769172217.744118,1769172217744125162,Sr02_gB_IMG1_LID1_STA1_CFC64_OH0,0123_1342,B,0.499009907245636,0.001076260581612587,0.5,0.0,-11.454589009025389,24.718519529896106,1.4492266047131608,3.7072457410081006
1769172217.8805547,1769172217880564961,Sr02_gB_IMG1_LID1_STA1_CFC64_OH0,0123_1342,B,0.5045227408409119,6.756465882062912e-05,0.5,0.0,-11.445493242222993,24.792965928814677,1.4492759272919513,3.6522825463948787
1769172218.0075736,1769172218007582098,Sr02_gB_IMG1_LID1_STA1_CFC64_OH0,0123_1342,B,0.502903938293457,0.00010762689635157585,0.5,0.0,-11.436414716008072,24.867414431785114,1.449603147127789,3.5980552512375277
1769172218.1365507,1769172218136560105,Sr02_gB_IMG1_LID1_STA1_CFC64_OH0,0123_1342,B,0.4970836043357849,0.0007832609117031097,0.5,0.0,-11.430373765257366,24.917048156126498,1.4497540218529477,3.562330460372433
1769172218.2661536,1769172218266167212,Sr02_gB_IMG1_LID1_STA1_CFC64_OH0,0123_1342,B,0.4978102743625641,0.00017407210543751717,0.5,0.0,-11.42132261272713,24.991499992356108,1.449842808670726,3.5094045411888377
1769172218.3946567,1769172218394665369,Sr02_gB_IMG1_LID1_STA1_CFC64_OH0,0123_1342,B,0.49853187799453735,-0.0024999710731208324,0.5,0.0,-11.415288088544568,25.041134498501535,1.4498185509810553,3.474571827381957
1769172218.5278897,1769172218527898049,Sr02_gB_IMG1_LID1_STA1_CFC64_OH0,0123_1342,B,0.5012018084526062,-2.297060564160347e-05,0.5,0.0,-11.406242856767621,25.115587054246387,1.449969903387349,3.4230324553172746
1769172218.6555078,1769172218655516395,Sr02_gB_IMG1_LID1_STA1_CFC64_OH0,0123_1342,B,0.4988952875137329,0.0005886438302695751,0.5,0.0,-11.400216393503321,25.16522253977335,1.4499770606566589,3.3891622896549802
1769172218.782965,1769172218782973978,Sr02_gB_IMG1_LID1_STA1_CFC64_OH0,0123_1342,B,0.5070369839668274,-0.0643467828631401,0.5,0.0,-11.391177730353116,25.23967589332236,1.4500134731376313,3.3391175459558675
1769172218.9129422,1769172218912951401,Sr02_gB_IMG1_LID1_STA1_CFC64_OH0,0123_1342,B,0.49586009979248047,-0.0024849013425409794,0.5,0.0,-11.382145158207667,25.314129986039262,1.4501065950220504,3.290026092893077
1769172219.0454733,1769172219045481303,Sr02_gB_IMG1_LID1_STA1_CFC64_OH0,0123_1342,B,0.49865075945854187,0.0008882465772330761,0.5,0.0,-11.376125676721673,25.36376631875615,1.4500972632953433,3.257848487778297
1769172219.178258,1769172219178265281,Sr02_gB_IMG1_LID1_STA1_CFC64_OH0,0123_1342,B,0.49838316440582275,0.0005581332370638847,0.5,0.0,-11.367081804697944,25.438219039401563,1.4497965768553707,3.2104260517296437
1769172219.309274,1769172219309282224,Sr02_gB_IMG1_LID1_STA1_CFC64_OH0,0123_1342,B,0.49973586201667786,0.0002983273006975651,0.5,0.0,-11.361046512688631,25.487853452195175,1.4497942797576633,3.1793962794263932
1769172219.4369247,1769172219436932970,Sr02_gB_IMG1_LID1_STA1_CFC64_OH0,0123_1342,B,0.5005056858062744,0.0027281888760626316,0.5,0.0,-11.35199677546831,25.56229401140414,1.4495003037139584,3.13377976732761
1769172219.5639334,1769172219563941802,Sr02_gB_IMG1_LID1_STA1_CFC64_OH0,0123_1342,B,0.5002394914627075,-0.00017533544450998306,0.5,0.0,-11.342578512207274,25.636679905183332,1.4415116418159368,3.0890138662314905
1769172219.6950724,1769172219695080473,Sr02_gB_IMG1_LID1_STA1_CFC64_OH0,0123_1342,B,0.5002798438072205,0.00010301638394594193,0.5,0.0,-11.336126863252996,25.686261917051883,1.4413643418539737,3.059678552389503
1769172219.821196,1769172219821204894,Sr02_gB_IMG1_LID1_STA1_CFC64_OH0,0123_1342,B,0.4996492564678192,-7.888209074735641e-05,0.5,0.0,-11.326451296410784,25.76063518298904,1.4414810731791032,3.016696319303974
1769172219.9513175,1769172219951325195,Sr02_gB_IMG1_LID1_STA1_CFC64_OH0,0123_1342,B,0.5012043714523315,0.00025056255981326103,0.5,0.0,-11.32000491686972,25.810217880305423,1.4415342885002904,2.9887471150799825
1769172220.0828536,1769172220082863225,Sr02_gB_IMG1_LID1_STA1_CFC64_OH0,0123_1342,B,0.5002192854881287,-8.425582200288773e-05,0.5,0.0,-11.31033944576874,25.8845924589659,1.4416519314863894,2.947920258076032
1769172220.2216907,1769172220221699020,Sr02_gB_IMG1_LID1_STA1_CFC64_OH0,0123_1342,B,0.4994586706161499,0.0021731751039624214,0.5,0.0,-11.30390692440461,25.93417695590192,1.4419247498876655,2.921464713644906
1769172220.3525112,1769172220352518251,Sr02_gB_IMG1_LID1_STA1_CFC64_OH0,0123_1342,B,0.500502347946167,0.0030896682292222977,0.5,0.0,-11.294267317067119,26.008554891185153,1.4419012351957932,2.882960368445553
1769172220.480769,1769172220480776978,Sr02_gB_IMG1_LID1_STA1_CFC64_OH0,0123_1342,B,0.5009387731552124,-0.001283568562939763,0.5,0.0,-11.28462746584908,26.082932794860763,1.4419112307596713,2.845911747174653
1769172220.6103542,1769172220610362345,Sr02_gB_IMG1_LID1_STA1_CFC64_OH0,0123_1342,B,0.5010751485824585,-0.00047167856246232986,0.5,0.0,-11.278200842387788,26.132518056722308,1.4419033425665215,2.8220498782274377
1769172220.7397292,1769172220739736465,Sr02_gB_IMG1_LID1_STA1_CFC64_OH0,0123_1342,B,0.5124592781066895,-0.034326184540987015,0.5,0.0,-11.268561978344604,26.206896088332606,1.4419342305165574,2.7875569334881614
1769172220.8691604,1769172220869167963,Sr02_gB_IMG1_LID1_STA1_CFC64_OH0,0123_1342,B,0.5009661316871643,-0.0019511650316417217,0.5,0.0,-11.25892408086827,26.28127424519279,1.4419893133106922,2.7546754169418683
1769172220.9952781,1769172220995287156,Sr02_gB_IMG1_LID1_STA1_CFC64_OH0,0123_1342,B,0.5011733174324036,-0.0032411348074674606,0.5,0.0,-11.25250691271145,26.330860731517344,1.4422066304283632,2.733685421192211
1769172221.1295316,1769172221129539059,Sr02_gB_IMG1_LID1_STA1_CFC64_OH0,0123_1342,B,0.5009974837303162,-0.0014836834743618965,0.5,0.0,-11.242906044954237,26.405243676716104,1.4425826176976695,2.7036521537499763
1769172221.2578967,1769172221257904737,Sr02_gB_IMG1_LID1_STA1_CFC64_OH0,0123_1342,B,0.49783122539520264,7.720291614532471e-05,0.5,0.0,-11.236509807392064,26.454832867322903,1.4424704985110601,2.6846115976859197
1769172221.3862352,1769172221386243855,Sr02_gB_IMG1_LID1_STA1_CFC64_OH0,0123_1342,B,0.501632571220398,-0.00010061915963888168,0.5,0.0,-11.226901578921828,26.529214860207745,1.4413841386224682,2.6575461317816056
1769172221.5237763,1769172221523784680,Sr02_gB_IMG1_LID1_STA1_CFC64_OH0,0123_1342,B,0.5027002692222595,-0.00022641755640506744,0.5,0.0,-11.21705136169663,26.603565145541076,1.4378539435177928,2.6321091268887313
1769172221.6543727,1769172221654378950,Sr02_gB_IMG1_LID1_STA1_CFC64_OH0,0123_1342,B,0.5032835006713867,0.0009597260504961014,0.5,0.0,-11.210418842825954,26.653123286822737,1.4376330288495682,2.6161453853898
1769172221.7846658,1769172221784674439,Sr02_gB_IMG1_LID1_STA1_CFC64_OH0,0123_1342,B,0.4986560046672821,0.00012812670320272446,0.5,0.0,-11.200443408707937,26.727456925922198,1.4371995816380791,2.5937974599489313
1769172221.9127061,1769172221912714075,Sr02_gB_IMG1_LID1_STA1_CFC64_OH0,0123_1342,B,0.5008726716041565,0.0022651120088994503,0.5,0.0,-11.193779748409868,26.777010889536058,1.437051213504291,2.5799897740872533
1769172222.0417247,1769172222041731887,Sr02_gB_IMG1_LID1_STA1_CFC64_OH0,0123_1342,B,0.503390371799469,-0.0015806832816451788,0.5,0.0,-11.18377915649197,26.851341148839065,1.4370592364182004,2.5609645829878334
1769172222.1734045,1769172222173411193,Sr02_gB_IMG1_LID1_STA1_CFC64_OH0,0123_1342,B,0.5037675499916077,-0.0012581655755639076,0.5,0.0,-11.173778137441902,26.925671350673557,1.4370391117475312,2.54400861080753
1769172222.305329,1769172222305337452,Sr02_gB_IMG1_LID1_STA1_CFC64_OH0,0123_1342,B,0.4996159076690674,-0.0017090472392737865,0.5,0.0,-11.16710964037229,26.97522466367831,1.437016470029504,2.5338740130372925
1769172222.4406412,1769172222440649585,Sr02_gB_IMG1_LID1_STA1_CFC64_OH0,0123_1342,B,0.4994855225086212,0.0010306094773113728,0.5,0.0,-11.15711132105923,27.0495552286487,1.4371437964212612,2.5204605279380545
1769172222.5693812,1769172222569388924,Sr02_gB_IMG1_LID1_STA1_CFC64_OH0,0123_1342,B,0.5030673742294312,-5.227839574217796e-05,0.5,0.0,-11.147118759647093,27.123886567927986,1.4372484930916392,2.5092237680737113
1769172222.6952426,1769172222695250844,Sr02_gB_IMG1_LID1_STA1_CFC64_OH0,0123_1342,B,0.5011488199234009,0.0012805713340640068,0.5,0.0,-11.140465287066931,27.17344190045774,1.4373211752773363,2.502961645117395
1769172222.8291447,1769172222829153111,Sr02_gB_IMG1_LID1_STA1_CFC64_OH0,0123_1342,B,0.500952959060669,0.0010154512710869312,0.5,0.0,-11.130475736765943,27.24777364433508,1.4371001988031127,2.4954087334205965
1769172222.9555092,1769172222955515920,Sr02_gB_IMG1_LID1_STA1_CFC64_OH0,0123_1342,B,0.500914454460144,-2.4782493710517883e-05,0.5,0.0,-11.123807665761348,27.29732701463917,1.4369653651506518,2.491606827320734
1769172223.0870032,1769172223087014066,Sr02_gB_IMG1_LID1_STA1_CFC64_OH0,0123_1342,B,0.4952132999897003,-0.0021187332458794117,0.5,0.0,-11.113791838773228,27.371655222462923,1.4368185925164012,2.4877641558911683
1769172223.219446,1769172223219454220,Sr02_gB_IMG1_LID1_STA1_CFC64_OH0,0123_1342,B,0.4986433684825897,-0.0009092632681131363,0.5,0.0,-11.107115501989416,27.42120747980841,1.4369108250198839,2.4864570895184945
1769172223.3505025,1769172223350511779,Sr02_gB_IMG1_LID1_STA1_CFC64_OH0,0123_1342,B,0.5028182864189148,0.0002967226319015026,0.5,0.0,-11.097103903052034,27.49553625736722,1.4369296395141975,2.486384117951729
1769172223.484013,1769172223484021580,Sr02_gB_IMG1_LID1_STA1_CFC64_OH0,0123_1342,B,0.49965763092041016,-0.0026236874982714653,0.5,0.0,-11.087100895620503,27.569866191532594,1.437111120237592,2.4885811638729076
1769172223.6130748,1769172223613082603,Sr02_gB_IMG1_LID1_STA1_CFC64_OH0,0123_1342,B,0.5007777214050293,-0.0010681115090847015,0.5,0.0,-11.080439018030834,27.619420394865177,1.4372022634535928,2.4913063064147125
1769172223.7392092,1769172223739217725,Sr02_gB_IMG1_LID1_STA1_CFC64_OH0,0123_1342,B,0.49998176097869873,0.0009363563731312752,0.5,0.0,-11.070448895456027,27.693752061987595,1.4371566688388024,2.497268904366522
1769172223.8668387,1769172223866848304,Sr02_gB_IMG1_LID1_STA1_CFC64_OH0,0123_1342,B,0.5009220242500305,0.007982097566127777,0.5,0.0,-11.063781535231431,27.7433055278732,1.4369447959849462,2.5024778471862543
1769172223.9930096,1769172223993019033,Sr02_gB_IMG1_LID1_STA1_CFC64_OH0,0123_1342,B,0.5007969737052917,0.007428187411278486,0.5,0.0,-11.053766712640828,27.817633871097687,1.436808370285715,2.5121238660629777
1769172224.1219795,1769172224121987362,Sr02_gB_IMG1_LID1_STA1_CFC64_OH0,0123_1342,B,0.5001587271690369,0.0018708305433392525,0.5,0.0,-11.04708807785951,27.867185818792805,1.4368380422434395,2.5197724390767826
1769172224.2491448,1769172224249156655,Sr02_gB_IMG1_LID1_STA1_CFC64_OH0,0123_1342,B,0.5003860592842102,0.0010520895011723042,0.5,0.0,-11.037062463508837,27.941512706830668,1.4365321041576904,2.5330455853798712
1769172224.380172,1769172224380179399,Sr02_gB_IMG1_LID1_STA1_CFC64_OH0,0123_1342,B,0.49710512161254883,-0.006583361886441708,0.5,0.0,-11.0270165975805,28.015836860761198,1.436436507828167,2.548437778681589
1769172224.5081453,1769172224508155686,Sr02_gB_IMG1_LID1_STA1_CFC64_OH0,0123_1342,B,0.4970390796661377,-0.00660526379942894,0.5,0.0,-11.020321295990772,28.06538655921346,1.4366005967094497,2.55987075985836
1769172224.6426213,1769172224642629576,Sr02_gB_IMG1_LID1_STA1_CFC64_OH0,0123_1342,B,0.50163733959198,0.00044488580897450447,0.5,0.0,-11.010331240902914,28.139718230919534,1.4377868300910377,2.5787949683469282
1769172224.7707646,1769172224770775191,Sr02_gB_IMG1_LID1_STA1_CFC64_OH0,0123_1342,B,0.49762076139450073,-0.0011892449110746384,0.5,0.0,-11.00371876567742,28.18927904951066,1.4385296476500975,2.592585998703332
1769172224.9033625,1769172224903371337,Sr02_gB_IMG1_LID1_STA1_CFC64_OH0,0123_1342,B,0.4941486120223999,-0.005620982497930527,0.5,0.0,-10.993842069859536,28.263625872755977,1.4388576625579537,2.6149695682427825
1769172225.031983,1769172225031991383,Sr02_gB_IMG1_LID1_STA1_CFC64_OH0,0123_1342,B,0.49983105063438416,-0.0008954079821705818,0.5,0.0,-10.983979518846215,28.33797457391034,1.4387864184489982,2.639308703813587
1769172225.1724164,1769172225172425106,Sr02_gB_IMG1_LID1_STA1_CFC64_OH0,0123_1342,B,0.4997587502002716,-0.0009125913493335247,0.5,0.0,-10.97738185828471,28.387537367089045,1.4381274264232786,2.6565660893484506
1769172225.308023,1769172225308030850,Sr02_gB_IMG1_LID1_STA1_CFC64_OH0,0123_1342,B,0.5007450580596924,-0.2421397715806961,0.5,-0.5,-10.96742682305466,28.461873739349265,1.4374186386349892,2.6839363273233396
1769172225.4397206,1769172225439729142,Sr02_gB_IMG1_LID1_STA1_CFC64_OH0,0123_1342,B,0.5160333514213562,-0.26674625277519226,0.5,-0.5,-10.957454152545887,28.536207749922117,1.4373873249317772,2.7130880136080573
1769172225.5650973,1769172225565104619,Sr02_gB_IMG1_LID1_STA1_CFC64_OH0,0123_1342,B,0.5237407684326172,-0.14217033982276917,0.5,0.0,-10.95079953711363,28.585762928917628,1.4371354520435906,2.7334874908136837
1769172225.6939414,1769172225693949236,Sr02_gB_IMG1_LID1_STA1_CFC64_OH0,0123_1342,B,0.5008771419525146,-0.001749970717355609,0.5,0.0,-10.940775332379484,28.660090005794313,1.4364813251983377,2.765461558280336
1769172225.8229527,1769172225822960766,Sr02_gB_IMG1_LID1_STA1_CFC64_OH0,0123_1342,B,0.5008485317230225,-0.0017540408298373222,0.5,0.0,-10.93407753834902,28.709639367409444,1.4363916127009293,2.787681516116318
1769172225.9532075,1769172225953216901,Sr02_gB_IMG1_LID1_STA1_CFC64_OH0,0123_1342,B,0.5138140916824341,-0.28382718563079834,0.5,-0.5,-10.924019371557055,28.7838977925029,1.4343430147045377,2.822296843742324
1769172226.0788665,1769172226078874658,Sr02_gB_IMG1_LID1_STA1_CFC64_OH0,0123_1342,B,0.5303067564964294,-0.3778453767299652,0.5,-0.5,-10.912764861311315,28.8576883236424,1.4008577281146437,2.8572222883757643
1769172226.2216775,1769172226221685091,Sr02_gB_IMG1_LID1_STA1_CFC64_OH0,0123_1342,B,0.4849836230278015,-0.3908751308917999,0.5,-0.5,-10.903656322863215,28.90683652248544,1.3746593624348116,2.8800538176538053
1769172226.3467479,1769172226346760555,Sr02_gB_IMG1_LID1_STA1_CFC64_OH0,0123_1342,B,0.48304542899131775,-0.40381041169166565,0.5,-0.5,-10.888248903886259,28.98011475626787,1.3548109875385994,2.913943421387243
1769172226.4800537,1769172226480062045,Sr02_gB_IMG1_LID1_STA1_CFC64_OH0,0123_1342,B,0.4605480134487152,-0.44091567397117615,0.5,-0.5,-10.8775309474838,29.028914414891013,1.3545032235688752,2.9370055426779182
1769172226.6080148,1769172226608022924,Sr02_gB_IMG1_LID1_STA1_CFC64_OH0,0123_1342,B,0.4886242747306824,-0.4815104603767395,0.5,-0.5,-10.861427046281868,29.10215346591397,1.3538646355011843,2.9728440534761407
1769172226.734331,1769172226734339316,Sr02_gB_IMG1_LID1_STA1_CFC64_OH0,0123_1342,B,0.4948696494102478,-0.41230908036231995,0.5,-0.5,-10.844556219146662,29.174194747920126,1.319204947119998,3.00874762573538
1769172226.8624847,1769172226862491063,Sr02_gB_IMG1_LID1_STA1_CFC64_OH0,0123_1342,B,0.4935748279094696,-0.38884174823760986,0.5,-0.5,-10.831197140052755,29.222373966977283,1.2814204701454623,3.032026648130783
1769172226.9936366,1769172226993644582,Sr02_gB_IMG1_LID1_STA1_CFC64_OH0,0123_1342,B,0.49322935938835144,-0.42805132269859314,0.5,-0.5,-10.807700891102186,29.293587118044346,1.222659939241595,3.0649479972839626
1769172227.1229498,1769172227122957928,Sr02_gB_IMG1_LID1_STA1_CFC64_OH0,0123_1342,B,0.519902765750885,-0.4568108320236206,0.5,-0.5,-10.789699364072634,29.340230498622685,1.182278953120231,3.0854858737907445
1769172227.245783,1769172227245791966,Sr02_gB_IMG1_LID1_STA1_CFC64_OH0,0123_1342,B,0.50700843334198,-0.3074979782104492,0.5,-0.5,-10.759055590514713,29.408664493452523,1.1156820382806467,3.113940780551013
1769172227.377048,1769172227377055542,Sr02_gB_IMG1_LID1_STA1_CFC64_OH0,0123_1342,B,0.5014418363571167,-0.49991726875305176,0.5,-0.5,-10.736004800971525,29.453028642395726,1.0675310441197414,3.1310729314827457
1769172227.504523,1769172227504534677,Sr02_gB_IMG1_LID1_STA1_CFC64_OH0,0123_1342,B,0.5014380812644958,-0.5083036422729492,0.5,-0.5,-10.69782568028139,29.51756982109268,1.0059193774341901,3.1542094607812063
1769172227.6387017,1769172227638710237,Sr02_gB_IMG1_LID1_STA1_CFC64_OH0,0123_1342,B,0.4780578315258026,-0.5111979246139526,0.5,-0.5,-10.655847349136359,29.579705522350487,0.9464251400994756,3.1746746624292217
1769172227.7697666,1769172227769774960,Sr02_gB_IMG1_LID1_STA1_CFC64_OH0,0123_1342,B,0.5196974873542786,-0.3241713047027588,0.5,-0.5,-10.625758821551473,29.619634189016395,0.9036200606832666,3.1867443409779774
1769172227.8998604,1769172227899869502,Sr02_gB_IMG1_LID1_STA1_CFC64_OH0,0123_1342,B,0.489491730928421,-0.4174223244190216,0.5,-0.5,-10.577472680041035,29.67690071472272,0.8412255510959731,3.20222576084027
1769172228.0360754,1769172228036083157,Sr02_gB_IMG1_LID1_STA1_CFC64_OH0,0123_1342,B,0.5062005519866943,-0.5633509755134583,0.5,-0.5,-10.543601651090617,29.7136233044079,0.8094414008570163,3.2113071082222557
1769172228.1644251,1769172228164432674,Sr02_gB_IMG1_LID1_STA1_CFC64_OH0,0123_1342,B,0.5066751837730408,-0.5729147791862488,0.5,-0.5,-10.490177195335335,29.765876368486104,0.7372044410241114,3.2225106945227484
1769172228.2945127,1769172228294519973,Sr02_gB_IMG1_LID1_STA1_CFC64_OH0,0123_1342,B,0.525647759437561,-0.1780804544687271,0.5,0.0,-10.432813206827642,29.81416441757179,0.6622045157390316,3.2299161618099994
1769172228.4271266,1769172228427134374,Sr02_gB_IMG1_LID1_STA1_CFC64_OH0,0123_1342,B,0.4793592691421509,-0.350192129611969,0.5,-0.5,-10.392670226416339,29.84389093323947,0.6141629699349371,3.2327069639993318
1769172228.5569558,1769172228556963779,Sr02_gB_IMG1_LID1_STA1_CFC64_OH0,0123_1342,B,0.4900616407394409,-0.4913519322872162,0.5,-0.5,-10.33043168005884,29.88549491292382,0.5631425701278114,3.2347301281498404
1769172228.686434,1769172228686441734,Sr02_gB_IMG1_LID1_STA1_CFC64_OH0,0123_1342,B,0.4960017800331116,-0.48578333854675293,0.5,-0.5,-10.265819788203201,29.92346652814792,0.4969707433734574,3.2341497981800815
1769172228.815107,1769172228815115530,Sr02_gB_IMG1_LID1_STA1_CFC64_OH0,0123_1342,B,0.48908257484436035,-0.5045400261878967,0.5,-0.5,-10.221290729476273,29.94619628244769,0.44697079444955207,3.231761833007651
1769172228.9463837,1769172228946390608,Sr02_gB_IMG1_LID1_STA1_CFC64_OH0,0123_1342,B,0.488634318113327,-0.18525271117687225,0.5,-0.5,-10.152647540415344,29.97603882800531,0.37702049112670694,3.2250053669924
1769172229.0763514,1769172229076360175,Sr02_gB_IMG1_LID1_STA1_CFC64_OH0,0123_1342,B,0.5038228631019592,-0.1466369777917862,0.5,0.0,-10.106286074259936,29.993766190489197,0.35575706703175225,3.2192570497691824
1769172229.202209,1769172229202217557,Sr02_gB_IMG1_LID1_STA1_CFC64_OH0,0123_1342,B,0.5028725266456604,-0.17721889913082123,0.5,0.0,-10.035701982418445,30.01822769812416,0.3070860487956316,3.209682995125903
1769172229.336195,1769172229336204894,Sr02_gB_IMG1_LID1_STA1_CFC64_OH0,0123_1342,B,0.5087873339653015,-0.14652560651302338,0.5,0.0,-9.987804899831557,30.032168135343515,0.2587795895544437,3.201750943513603
1769172229.4675205,1769172229467530787,Sr02_gB_IMG1_LID1_STA1_CFC64_OH0,0123_1342,B,0.4987114667892456,-0.0027079423889517784,0.5,0.0,-9.91466649172873,30.04869941359527,0.1858564743670817,3.1867477606538857
1769172229.5972874,1769172229597295390,Sr02_gB_IMG1_LID1_STA1_CFC64_OH0,0123_1342,B,0.48509055376052856,-0.03487279638648033,0.5,0.0,-9.840552062804925,30.05978675508174,0.11281495869074724,3.1680386922009793
1769172229.7293515,1769172229729359779,Sr02_gB_IMG1_LID1_STA1_CFC64_OH0,0123_1342,B,0.502442479133606,-0.001985716400668025,0.5,0.0,-9.791240734703477,30.064670731848672,0.08869813015324073,3.1541947689236998
1769172229.862895,1769172229862903754,Sr02_gB_IMG1_LID1_STA1_CFC64_OH0,0123_1342,B,0.4971950650215149,-0.002108226763084531,0.5,0.0,-9.716467699380551,30.07048007602557,0.06547936397072854,3.133081809627328
1769172229.9894195,1769172229989427335,Sr02_gB_IMG1_LID1_STA1_CFC64_OH0,0123_1342,B,0.496157169342041,0.0005752099677920341,0.5,0.0,-9.641572833125823,30.074411447267607,0.04043121139374757,3.111815682513879
1769172230.1273565,1769172230127365125,Sr02_gB_IMG1_LID1_STA1_CFC64_OH0,0123_1342,B,0.5020161867141724,-0.002162268850952387,0.5,0.0,-9.591633223082654,30.076070403343778,0.02691002858809337,3.0976475666474945
1769172230.2596645,1769172230259671909,Sr02_gB_IMG1_LID1_STA1_CFC64_OH0,0123_1342,B,0.48755475878715515,0.004950976464897394,0.5,0.0,-9.516729318794912,30.078016061214477,0.024621574184675508,3.0772758267803537
1769172230.3853168,1769172230385324075,Sr02_gB_IMG1_LID1_STA1_CFC64_OH0,0123_1342,B,0.4971258044242859,-0.00035861507058143616,0.5,0.0,-9.441748182383746,30.079695976241624,0.02136385984843811,3.058327777352421
1769172230.513045,1769172230513056144,Sr02_gB_IMG1_LID1_STA1_CFC64_OH0,0123_1342,B,0.4969920814037323,-0.00023716362193226814,0.5,0.0,-9.391759489502649,30.080759112506747,0.021162838404700207,3.0466007861225117
1769172230.6424856,1769172230642493664,Sr02_gB_IMG1_LID1_STA1_CFC64_OH0,0123_1342,B,0.4971158802509308,0.00028499355539679527,0.5,0.0,-9.31677606134012,30.082335423793204,0.02095394016735857,3.0304543403881214
1769172230.7704113,1769172230770420919,Sr02_gB_IMG1_LID1_STA1_CFC64_OH0,0123_1342,B,0.4896629750728607,0.0016560121439397335,0.5,0.0,-9.266787069518847,30.08338441335612,0.020984087825825157,3.0206749403026234
1769172230.9018705,1769172230901881104,Sr02_gB_IMG1_LID1_STA1_CFC64_OH0,0123_1342,B,0.4972462058067322,0.0014469842426478863,0.5,0.0,-9.191803346961956,30.084946655434496,0.020802008264340865,3.007494097563804
1769172231.0367296,1769172231036746970,Sr02_gB_IMG1_LID1_STA1_CFC64_OH0,0123_1342,B,0.4876607358455658,-0.044276945292949677,0.5,0.0,-9.141814427328201,30.085999055451005,0.021297104679152815,2.999727416586168
1769172231.1667223,1769172231166731977,Sr02_gB_IMG1_LID1_STA1_CFC64_OH0,0123_1342,B,0.4842469096183777,-0.014852045103907585,0.5,0.0,-9.066831479309272,30.087598052584347,0.021297626843406962,2.9896281341178272
1769172231.2943375,1769172231294346175,Sr02_gB_IMG1_LID1_STA1_CFC64_OH0,0123_1342,B,0.4813014268875122,-0.014514178037643433,0.5,0.0,-8.991848474608224,30.08919438982587,0.02129338131247926,2.9813792776351016
1769172231.4267817,1769172231426789023,Sr02_gB_IMG1_LID1_STA1_CFC64_OH0,0123_1342,B,0.4761424660682678,-0.09605378657579422,0.5,0.0,-8.941859830651852,30.090259827756118,0.021349299980379356,2.9769184752185667
1769172231.5548882,1769172231554896016,Sr02_gB_IMG1_LID1_STA1_CFC64_OH0,0123_1342,B,0.4968600571155548,-0.0006897957064211369,0.5,0.0,-8.866877124801592,30.091870132838633,0.0215893403709554,2.9718045917886626
1769172231.6811943,1769172231681201488,Sr02_gB_IMG1_LID1_STA1_CFC64_OH0,0123_1342,B,0.4991709887981415,-0.0010515842586755753,0.5,0.0,-8.816900237696043,30.09295194616407,0.02135762860248017,2.969451973791502
1769172231.817085,1769172231817092157,Sr02_gB_IMG1_LID1_STA1_CFC64_OH0,0123_1342,B,0.4994477927684784,0.0001335199922323227,0.5,0.0,-8.741912682405143,30.09431125553561,0.015598835408031133,2.9672348327286797
1769172231.9449127,1769172231944921108,Sr02_gB_IMG1_LID1_STA1_CFC64_OH0,0123_1342,B,0.5045855045318604,-0.0011483244597911835,0.5,0.0,-8.666920572364022,30.09539772238769,0.013384546203827891,2.9666396698203314
1769172232.0783908,1769172232078397857,Sr02_gB_IMG1_LID1_STA1_CFC64_OH0,0123_1342,B,0.48523247241973877,-0.16614869236946106,0.5,0.0,-8.616935977590634,30.096029583049273,0.011561312483247817,2.9672036419568038
1769172232.2331522,1769172232233163805,Sr02_gB_IMG1_LID1_STA1_CFC64_OH0,0123_1342,B,0.49631908535957336,-0.18605127930641174,0.5,-0.5,-8.541998769427556,30.09638193639423,-0.0006480883903271913,2.9690311700706937
1769172232.3597891,1769172232359797183,Sr02_gB_IMG1_LID1_STA1_CFC64_OH0,0123_1342,B,0.490680456161499,-0.34942853450775146,0.5,-0.5,-8.466998793006143,30.09632930428606,-0.0007660384766163395,2.9723465306870915
1769172232.4840517,1769172232484059922,Sr02_gB_IMG1_LID1_STA1_CFC64_OH0,0123_1342,B,0.4914717972278595,-0.3463762104511261,0.5,-0.5,-8.416998812926785,30.096288403038983,-0.0008593463600604714,2.975599312565553
1769172232.6097565,1769172232609764787,Sr02_gB_IMG1_LID1_STA1_CFC64_OH0,0123_1342,B,0.5280311703681946,-0.06961793452501297,0.5,0.0,-8.341998845735269,30.096223549472032,-0.0009162282073923102,2.9820406671181554
1769172232.736516,1769172232736525123,Sr02_gB_IMG1_LID1_STA1_CFC64_OH0,0123_1342,B,0.5114115476608276,-0.25892797112464905,0.5,-0.5,-8.292062590270424,30.096163264495996,-0.002942467379422298,2.9873491250263813
1769172232.867394,1769172232867402083,Sr02_gB_IMG1_LID1_STA1_CFC64_OH0,0123_1342,B,0.4703609049320221,-0.3120466470718384,0.5,-0.5,-8.217186708524794,30.09506649531569,-0.027229725310531052,2.995854360872248
1769172232.996855,1769172232996862827,Sr02_gB_IMG1_LID1_STA1_CFC64_OH0,0123_1342,B,0.4773778021335602,-0.33135926723480225,0.5,-0.5,-8.142321705955526,30.091972299089473,-0.05679231180793179,3.0042295676528115
1769172233.1351957,1769172233135206198,Sr02_gB_IMG1_LID1_STA1_CFC64_OH0,0123_1342,B,0.5171666145324707,-0.5434555411338806,0.5,-0.5,-8.092607551104546,30.08832197456776,-0.09060223404423216,3.009239485048826
1769172233.26927,1769172233269278985,Sr02_gB_IMG1_LID1_STA1_CFC64_OH0,0123_1342,B,0.47482192516326904,-0.4592423141002655,0.5,-0.5,-8.018288684352932,30.07967667159113,-0.13684585260649898,3.0151287116944627
1769172233.3960965,1769172233396103151,Sr02_gB_IMG1_LID1_STA1_CFC64_OH0,0123_1342,B,0.5080165863037109,-0.5596399307250977,0.5,-0.5,-7.94447154809346,30.068959864408203,-0.15439548944915285,3.020727565375182
1769172233.5303938,1769172233530401472,Sr02_gB_IMG1_LID1_STA1_CFC64_OH0,0123_1342,B,0.4158068597316742,-0.4656498432159424,0.5,-0.5,-7.895237023974682,30.06064160823966,-0.18151288973133706,3.024344086482628
1769172233.662857,1769172233662864438,Sr02_gB_IMG1_LID1_STA1_CFC64_OH0,0123_1342,B,0.47434619069099426,-0.5238409638404846,0.5,-0.5,-7.821815556118927,30.045369838126195,-0.22928542408723865,3.0284963490558323
1769172233.7916253,1769172233791634115,Sr02_gB_IMG1_LID1_STA1_CFC64_OH0,0123_1342,B,0.5107454657554626,-0.573784351348877,0.5,-0.5,-7.773335733906982,30.033203989855412,-0.26283113580208534,3.0302562656803493
1769172233.9209573,1769172233920965926,Sr02_gB_IMG1_LID1_STA1_CFC64_OH0,0123_1342,B,0.4439791142940521,-0.4156310260295868,0.5,-0.5,-7.701850118684045,30.011258483630854,-0.33389753125393906,3.0305411741915607
1769172234.050937,1769172234050947717,Sr02_gB_IMG1_LID1_STA1_CFC64_OH0,0123_1342,B,0.45927610993385315,-0.27932441234588623,0.5,-0.5,-7.631904321733115,29.984235229115644,-0.4048216791453978,3.0273695802330653
1769172234.182172,1769172234182181126,Sr02_gB_IMG1_LID1_STA1_CFC64_OH0,0123_1342,B,0.44655218720436096,-0.39700889587402344,0.5,-0.5,-7.586456679861327,29.96340273894068,-0.4544781299012314,3.0232331753482797
1769172234.3086889,1769172234308698256,Sr02_gB_IMG1_LID1_STA1_CFC64_OH0,0123_1342,B,0.4550701677799225,-0.3980024755001068,0.5,-0.5,-7.520277915028111,29.92814584938417,-0.5253560348042932,3.014109561729865
1769172234.438545,1769172234438555322,Sr02_gB_IMG1_LID1_STA1_CFC64_OH0,0123_1342,B,0.5599851608276367,-0.18513566255569458,0.5,-0.5,-7.477665438299456,29.90199904023492,-0.5753559839783274,3.006031025308334
1769172234.5659013,1769172234565910354,Sr02_gB_IMG1_LID1_STA1_CFC64_OH0,0123_1342,B,0.39342501759529114,-0.6016216278076172,0.5,-0.5,-7.416333006907236,29.85887417442387,-0.6495349266858673,2.9908167632997817
1769172234.6963046,1769172234696312153,Sr02_gB_IMG1_LID1_STA1_CFC64_OH0,0123_1342,B,0.46412569284439087,-0.3791438639163971,0.5,-0.5,-7.37715457495374,29.827814711548754,-0.6910980109688968,2.978862139641471
1769172234.8294466,1769172234829454835,Sr02_gB_IMG1_LID1_STA1_CFC64_OH0,0123_1342,B,0.479097455739975,-0.2329634726047516,0.5,-0.5,-7.320628191019505,29.77867552734895,-0.7369725104235927,2.959140984149308
1769172234.956408,1769172234956416459,Sr02_gB_IMG1_LID1_STA1_CFC64_OH0,0123_1342,B,0.45707136392593384,-0.3741952180862427,0.5,-0.5,-7.266616240770104,29.726807129988128,-0.7947845153899833,2.9376079732276765
1769172235.0809593,1769172235080966146,Sr02_gB_IMG1_LID1_STA1_CFC64_OH0,0123_1342,B,0.471339613199234,-0.4961547553539276,0.5,-0.5,-7.232335047764126,29.69046838093885,-0.832977164788571,2.9218564997582455
1769172235.2159889,1769172235215997252,Sr02_gB_IMG1_LID1_STA1_CFC64_OH0,0123_1342,B,0.5124320983886719,-0.3358182907104492,0.5,-0.5,-7.182925371783779,29.63436284141678,-0.8643328281817289,2.8972910137701344
1769172235.3452525,1769172235345260004,Sr02_gB_IMG1_LID1_STA1_CFC64_OH0,0123_1342,B,0.4684363603591919,-0.2385166436433792,0.5,-0.5,-7.151639674897823,29.596344837183352,-0.9039594194105721,2.880495405050249
1769172235.4733405,1769172235473348402,Sr02_gB_IMG1_LID1_STA1_CFC64_OH0,0123_1342,B,0.4583238661289215,-0.3534415364265442,0.5,-0.5,-7.107021032501351,29.53620034970515,-0.9595151831874139,2.852838128394295
1769172235.6057296,1769172235605736879,Sr02_gB_IMG1_LID1_STA1_CFC64_OH0,0123_1342,B,0.44465625286102295,-0.44446054100990295,0.5,-0.5,-7.065153068205927,29.47412506146736,-0.9964756894856346,2.8237587539310534
1769172235.736002,1769172235736013803,Sr02_gB_IMG1_LID1_STA1_CFC64_OH0,0123_1342,B,0.42514511942863464,-0.09431298822164536,0.5,0.0,-7.038808495264083,29.431731923025502,-1.0334110119132776,2.803592072007607
1769172235.8667862,1769172235866795375,Sr02_gB_IMG1_LID1_STA1_CFC64_OH0,0123_1342,B,0.36266446113586426,-0.4427126944065094,0.5,-0.5,-7.002808509685252,29.36612902752277,-1.1041192838972056,2.7710499640551736
1769172235.9962964,1769172235996303617,Sr02_gB_IMG1_LID1_STA1_CFC64_OH0,0123_1342,B,0.3667888343334198,-0.4552750587463379,0.5,-0.5,-6.981104628999672,29.32117617088296,-1.136526234343042,2.747916612779464
1769172236.1307323,1769172236130747882,Sr02_gB_IMG1_LID1_STA1_CFC64_OH0,0123_1342,B,0.3473886549472809,-0.4009115397930145,0.5,-0.5,-6.950833482589085,29.25267665625604,-1.1750710706029661,2.712309112145418
1769172236.2638009,1769172236263808460,Sr02_gB_IMG1_LID1_STA1_CFC64_OH0,0123_1342,B,0.5095320343971252,0.06225940212607384,0.5,0.0,-6.923827751165501,29.182777326218336,-1.2318397401234593,2.6751552750033656
1769172236.3980467,1769172236398055665,Sr02_gB_IMG1_LID1_STA1_CFC64_OH0,0123_1342,B,0.5052958130836487,0.0023555192165076733,0.5,0.0,-6.908260185555831,29.135310065508524,-1.2745183738469916,2.649025337493843
1769172236.5325725,1769172236532583326,Sr02_gB_IMG1_LID1_STA1_CFC64_OH0,0123_1342,B,0.5352137088775635,-0.28857702016830444,0.5,-0.5,-6.887635067930904,29.063884336490208,-1.3010551034062872,2.609136200908891
1769172236.663825,1769172236663833547,Sr02_gB_IMG1_LID1_STA1_CFC64_OH0,0123_1342,B,0.47604191303253174,-0.41322505474090576,0.5,-0.5,-6.869658676095244,28.992010068199548,-1.3568072258396628,2.5686293048610502
1769172236.7861776,1769172236786185811,Sr02_gB_IMG1_LID1_STA1_CFC64_OH0,0123_1342,B,0.47169551253318787,-0.38874465227127075,0.5,-0.5,-6.8601510376781505,28.942926637348293,-1.4012474338225027,2.539898425930762
1769172236.9176066,1769172236917615099,Sr02_gB_IMG1_LID1_STA1_CFC64_OH0,0123_1342,B,0.43623968958854675,-0.13830448687076569,0.5,0.0,-6.8497037666443354,28.86879340790176,-1.457019095788532,2.494969907603572
1769172237.0482821,1769172237048289189,Sr02_gB_IMG1_LID1_STA1_CFC64_OH0,0123_1342,B,0.5111413598060608,-0.09516493231058121,0.5,0.0,-6.844464558304593,28.82002376977886,-1.4658482950308984,2.465017299785188
1769172237.180054,1769172237180061890,Sr02_gB_IMG1_LID1_STA1_CFC64_OH0,0123_1342,B,0.559767484664917,-0.26059913635253906,0.5,-0.5,-6.838209903108819,28.76073120361114,-1.4655450903955105,2.429353313523409
1769172237.3114905,1769172237311497279,Sr02_gB_IMG1_LID1_STA1_CFC64_OH0,0123_1342,B,0.541039228439331,-0.24861618876457214,0.5,-0.5,-6.835312552393433,28.732433351885824,-1.4770455594447702,2.4126004055539196
1769172237.4410574,1769172237441065744,Sr02_gB_IMG1_LID1_STA1_CFC64_OH0,0123_1342,B,0.4754641354084015,-0.010418244637548923,0.5,0.0,-6.83380029090441,28.714998971140105,-1.4914227335974841,2.4021835289191555
1769172237.5691671,1769172237569175051,Sr02_gB_IMG1_LID1_STA1_CFC64_OH0,0123_1342,B,0.5071516036987305,0.012289095669984818,0.5,0.0,-6.83198629011081,28.688844045810114,-1.5106997714899502,2.3863674808428317
1769172237.70352,1769172237703529087,Sr02_gB_IMG1_LID1_STA1_CFC64_OH0,0123_1342,B,0.4801517724990845,-0.00201301253400743,0.5,0.0,-6.830977517114145,28.671373165831415,-1.5155404410884485,2.375750897393994
1769172237.8407981,1769172237840807179,Sr02_gB_IMG1_LID1_STA1_CFC64_OH0,0123_1342,B,0.491351455450058,-0.008703092113137245,0.5,0.0,-6.829597982672492,28.64517084011624,-1.52105309785646,2.35987996441716
1769172237.9728909,1769172237972898569,Sr02_gB_IMG1_LID1_STA1_CFC64_OH0,0123_1342,B,0.47845590114593506,-0.002214552601799369,0.5,0.0,-6.828470825406519,28.618945254411077,-1.5344828657254566,2.343985665071997
1769172238.1056201,1769172238105627485,Sr02_gB_IMG1_LID1_STA1_CFC64_OH0,0123_1342,B,0.47890549898147583,-0.05154382809996605,0.5,0.0,-6.8279108247444285,28.60148570973205,-1.542094885006535,2.333360128023401
1769172238.2375288,1769172238237538265,Sr02_gB_IMG1_LID1_STA1_CFC64_OH0,0123_1342,B,0.4360727071762085,0.0498596727848053,0.5,0.0,-6.82716357968072,28.575246353094837,-1.542323965345338,2.317473658314461
1769172238.3696327,1769172238369643942,Sr02_gB_IMG1_LID1_STA1_CFC64_OH0,0123_1342,B,0.41206133365631104,0.03995790332555771,0.5,0.0,-6.82640939296282,28.549007194473997,-1.541979128934118,2.3017824969316143
1769172238.4990833,1769172238499092482,Sr02_gB_IMG1_LID1_STA1_CFC64_OH0,0123_1342,B,0.5160443186759949,-0.005925554782152176,0.5,0.0,-6.825905860029736,28.53151444327525,-1.5420964130705093,2.291429693394696
1769172238.6301768,1769172238630184466,Sr02_gB_IMG1_LID1_STA1_CFC64_OH0,0123_1342,B,0.5223890542984009,0.005894792731851339,0.5,0.0,-6.825158267563605,28.50527509592831,-1.5424624867807082,2.2760582139321848
1769172238.7641032,1769172238764111260,Sr02_gB_IMG1_LID1_STA1_CFC64_OH0,0123_1342,B,0.4744672179222107,0.021910497918725014,0.5,0.0,-6.824421565569836,28.479035441950337,-1.543614650366027,2.260878091307381
1769172238.899734,1769172238899786394,Sr02_gB_IMG1_LID1_STA1_CFC64_OH0,0123_1342,B,0.4959257245063782,0.06872520595788956,0.5,0.0,-6.823958930690401,28.461541562448,-1.5443539727389124,2.2508477818128654
1769172239.031269,1769172239031276956,Sr02_gB_IMG1_LID1_STA1_CFC64_OH0,0123_1342,B,0.49332016706466675,0.038327012211084366,0.5,0.0,-6.823231041349128,28.435301667956367,-1.5418749670857717,2.23600285051925
1769172239.1780944,1769172239178102465,Sr02_gB_IMG1_LID1_STA1_CFC64_OH0,0123_1342,B,0.4817255735397339,0.0283468347042799,0.5,0.0,-6.822487003620148,28.410310398210658,-1.5407322219658826,2.222101922970066
1769172239.312087,1769172239312094701,Sr02_gB_IMG1_LID1_STA1_CFC64_OH0,0123_1342,B,0.5241179466247559,0.11107107251882553,0.5,0.0,-6.822402107577686,28.40748417050055,-1.5408293536056612,2.2205427441156
1769172239.4433033,1769172239443311890,Sr02_gB_IMG1_LID1_STA1_CFC64_OH0,0123_1342,B,0.5056752562522888,0.06879816949367523,0.5,0.0,-6.8224021075776795,28.40748417050035,-1.5408293536071065,2.2205427441154906
1769172239.5696294,1769172239569639354,Sr02_gB_IMG1_LID1_STA1_CFC64_OH0,0123_1342,B,0.5113086700439453,0.06703459471464157,0.5,0.0,-6.8224021075776795,28.40748417050035,-1.5408293536071065,2.2205427441154906
1769172239.6991358,1769172239699143659,Sr02_gB_IMG1_LID1_STA1_CFC64_OH0,0123_1342,B,0.548704206943512,0.07917901128530502,0.5,0.0,-6.8224021075776795,28.40748417050035,-1.5408293536071065,2.2205427441154906
1769172239.8341434,1769172239834152694,Sr02_gB_IMG1_LID1_STA1_CFC64_OH0,0123_1342,B,0.538042426109314,0.07058475911617279,0.5,0.0,-6.8224021075776795,28.40748417050035,-1.5408293536071065,2.2205427441154906
1769172239.970942,1769172239970948932,Sr02_gB_IMG1_LID1_STA1_CFC64_OH0,0123_1342,B,0.5498241186141968,0.07611927390098572,0.5,0.0,-6.8224021075776795,28.40748417050035,-1.5408293536071065,2.2205427441154906
1769172240.1004083,1769172240100418602,Sr02_gB_IMG1_LID1_STA1_CFC64_OH0,0123_1342,B,0.5447655916213989,0.0678359642624855,0.5,0.0,-6.8224021075776795,28.40748417050035,-1.5408293536071065,2.2205427441154906
1769172240.2284458,1769172240228454261,Sr02_gB_IMG1_LID1_STA1_CFC64_OH0,0123_1342,B,0.5295798182487488,0.05622103810310364,0.5,0.0,-6.8224021075776795,28.40748417050035,-1.5408293536071065,2.2205427441154906
1769172240.3601382,1769172240360146081,Sr02_gB_IMG1_LID1_STA1_CFC64_OH0,0123_1342,B,0.5297162532806396,0.053826022893190384,0.5,0.0,-6.8224021075776795,28.40748417050035,-1.5408293536071065,2.2205427441154906
1769172240.495728,1769172240495737849,Sr02_gB_IMG1_LID1_STA1_CFC64_OH0,0123_1342,B,0.5501694679260254,0.07056626677513123,0.5,0.0,-6.8224021075776795,28.40748417050035,-1.5408293536071065,2.2205427441154906
1769172240.6298325,1769172240629840463,Sr02_gB_IMG1_LID1_STA1_CFC64_OH0,0123_1342,B,0.5505581498146057,0.07101474702358246,0.5,0.0,-6.8224021075776795,28.40748417050035,-1.5408293536071065,2.2205427441154906
1769172240.7633936,1769172240763403634,Sr02_gB_IMG1_LID1_STA1_CFC64_OH0,0123_1342,B,0.5422890782356262,0.06542208790779114,0.5,0.0,-6.8224021075776795,28.40748417050035,-1.5408293536071065,2.2205427441154906
1769172240.9013002,1769172240901309585,Sr02_gB_IMG1_LID1_STA1_CFC64_OH0,0123_1342,B,0.5250649452209473,0.05040677264332771,0.5,0.0,-6.8224021075776795,28.40748417050035,-1.5408293536071065,2.2205427441154906
1769172241.0264144,1769172241026423982,Sr02_gB_IMG1_LID1_STA1_CFC64_OH0,0123_1342,B,0.5377967953681946,0.061976585537195206,0.5,0.0,-6.8224021075776795,28.40748417050035,-1.5408293536071065,2.2205427441154906
1769172241.1614323,1769172241161441212,Sr02_gB_IMG1_LID1_STA1_CFC64_OH0,0123_1342,B,0.5500441193580627,0.06793098151683807,0.5,0.0,-6.8224021075776795,28.40748417050035,-1.5408293536071065,2.2205427441154906
1769172241.2933578,1769172241293364606,Sr02_gB_IMG1_LID1_STA1_CFC64_OH0,0123_1342,B,0.5500500202178955,0.06793326139450073,0.5,0.0,-6.8224021075776795,28.40748417050035,-1.5408293536071065,2.2205427441154906
1769172241.4253983,1769172241425406884,Sr02_gB_IMG1_LID1_STA1_CFC64_OH0,0123_1342,B,0.527645468711853,0.06126176193356514,0.5,0.0,-6.8224021075776795,28.40748417050035,-1.5408293536071065,2.2205427441154906
1769172241.552513,1769172241552520623,Sr02_gB_IMG1_LID1_STA1_CFC64_OH0,0123_1342,B,0.5275886654853821,0.052002280950546265,0.5,0.0,-6.8224021075776795,28.40748417050035,-1.5408293536071065,2.2205427441154906
1769172241.6776776,1769172241677685345,Sr02_gB_IMG1_LID1_STA1_CFC64_OH0,0123_1342,B,0.5452704429626465,0.06820738315582275,0.5,0.0,-6.8224021075776795,28.40748417050035,-1.5408293536071065,2.2205427441154906
