t_unix,t_ros_ns,run_folder,run_id,goal_id,v_pred_lin,w_pred_ang,v_cmd_lin,w_cmd_ang,x,y,yaw,dist_to_goal
1769071820.2810898,1769071820281098599,Sr02_gA_IMG1_LID1_STA1_CFC64_OH0,0122_0950,A,-0.03037881851196289,0.014101044274866581,0.0,0.0,-3.028680542691898e-15,-2.5154792369454572e-24,-7.060448011829597e-12,33.80335215951223
1769071820.4069765,1769071820406993226,Sr02_gA_IMG1_LID1_STA1_CFC64_OH0,0122_0950,A,-0.03037881851196289,0.014101044274866581,0.0,0.0,-3.028680542691898e-15,-2.5154792369454572e-24,-7.060448011829597e-12,33.80335215951223
1769071820.5314965,1769071820531504265,Sr02_gA_IMG1_LID1_STA1_CFC64_OH0,0122_0950,A,-0.05325453355908394,0.0077248141169548035,0.0,0.0,-3.142790275252366e-15,-2.5146735710933413e-24,-7.060448246250321e-12,33.80335215951223
1769071820.656296,1769071820656306391,Sr02_gA_IMG1_LID1_STA1_CFC64_OH0,0122_0950,A,-0.10901753604412079,0.014174227602779865,0.0,0.0,-3.218914103256709e-15,-2.5141361027404227e-24,-7.0604483671676e-12,33.80335215951223
1769071820.7784169,1769071820778425892,Sr02_gA_IMG1_LID1_STA1_CFC64_OH0,0122_0950,A,-0.05147441849112511,0.0018467605113983154,0.0,0.0,-3.3329324963797554e-15,-2.5133310817582327e-24,-7.060448426675988e-12,33.80335215951223
1769071820.8952112,1769071820895219718,Sr02_gA_IMG1_LID1_STA1_CFC64_OH0,0122_0950,A,-0.0349622517824173,0.004859843757003546,0.0,0.0,1.5946173555574342e-12,1.7579942090225032e-16,0.00028200821926622056,33.80335215951378
1769071821.0138252,1769071821013832986,Sr02_gA_IMG1_LID1_STA1_CFC64_OH0,0122_0950,A,-0.20742422342300415,0.007839996367692947,0.0,0.0,1.0895234217162197e-12,-4.634716943045335e-16,0.0016920980422795672,33.80335215951329
1769071821.1305106,1769071821130518441,Sr02_gA_IMG1_LID1_STA1_CFC64_OH0,0122_0950,A,-0.3122534155845642,0.016859304159879684,-0.5,0.0,-7.373676270570194e-13,-6.063473645331451e-15,0.003679714130881451,33.803352159511505
1769071821.2470999,1769071821247108173,Sr02_gA_IMG1_LID1_STA1_CFC64_OH0,0122_0950,A,-0.3938762843608856,0.003933163359761238,-0.5,0.0,-1.0689917737356584e-12,-7.378059191250277e-15,0.004452183334394257,33.803352159511185
1769071821.3708293,1769071821370837731,Sr02_gA_IMG1_LID1_STA1_CFC64_OH0,0122_0950,A,-0.3430635929107666,0.013448723591864109,-0.5,0.0,-8.376094826060968e-13,-6.624600268706873e-15,0.005805093381477934,33.80335215951141
1769071821.4940853,1769071821494093693,Sr02_gA_IMG1_LID1_STA1_CFC64_OH0,0122_0950,A,-0.34315264225006104,0.013471336103975773,-0.5,0.0,-2.798350375053277e-12,-1.8827075699171816e-14,0.006451922938744798,33.8033521595095
1769071821.615968,1769071821615975845,Sr02_gA_IMG1_LID1_STA1_CFC64_OH0,0122_0950,A,-0.40472015738487244,-0.0035278787836432457,-0.5,0.0,-2.47843650379922e-12,-1.6763762057153368e-14,0.0069378929771211585,33.803352159509814
1769071821.7341032,1769071821734112328,Sr02_gA_IMG1_LID1_STA1_CFC64_OH0,0122_0950,A,-0.48497310280799866,0.0539526529610157,-0.5,0.0,-0.0005760895986705704,-4.616502786596209e-06,0.008075985805745313,33.802790939992
1769071821.855897,1769071821855907754,Sr02_gA_IMG1_LID1_STA1_CFC64_OH0,0122_0950,A,-0.4622286558151245,-0.026506487280130386,-0.5,0.0,-0.013841195959032002,-0.00011697496879243638,0.008698520826957443,33.78986969403161
1769071821.9709983,1769071821971010610,Sr02_gA_IMG1_LID1_STA1_CFC64_OH0,0122_0950,A,-0.46184059977531433,-0.026264183223247528,-0.5,0.0,-0.06618170759864109,-0.0005919592815165648,0.009319966132907226,33.7388954848842
1769071822.0876632,1769071822087671077,Sr02_gA_IMG1_LID1_STA1_CFC64_OH0,0122_0950,A,-0.4807557463645935,0.19335497915744781,-0.5,0.0,-0.11604837880888129,-0.001084756628313773,0.01054569221321523,33.690343252895964
1769071822.208208,1769071822208216336,Sr02_gA_IMG1_LID1_STA1_CFC64_OH0,0122_0950,A,-0.25793948769569397,0.056998781859874725,-0.5,0.0,-0.16604522509875677,-0.0016457076616445045,0.011892822969113181,33.641682799076065
1769071822.3329015,1769071822332909274,Sr02_gA_IMG1_LID1_STA1_CFC64_OH0,0122_0950,A,-0.27754858136177063,0.06335356086492538,-0.5,0.0,-0.24102846009519605,-0.0025457340883012825,0.012655724038885622,33.56872411261747
1769071822.4563475,1769071822456359272,Sr02_gA_IMG1_LID1_STA1_CFC64_OH0,0122_0950,A,-0.495637446641922,0.024609945714473724,-0.5,0.0,-0.2910225032385303,-0.003313370209635127,0.018050971601659273,33.52012174952442
1769071822.5756648,1769071822575671662,Sr02_gA_IMG1_LID1_STA1_CFC64_OH0,0122_0950,A,-0.5893201231956482,0.2139405459165573,-0.5,0.5,-0.36597947786505375,-0.004611701220770749,0.015428223939360712,33.447291569484406
1769071822.69697,1769071822696978859,Sr02_gA_IMG1_LID1_STA1_CFC64_OH0,0122_0950,A,-0.51028972864151,0.06077471002936363,-0.5,0.0,-0.41596311657640095,-0.00531824373232289,0.013187568140432,33.3986962349091
1769071822.8143554,1769071822814362667,Sr02_gA_IMG1_LID1_STA1_CFC64_OH0,0122_0950,A,-0.5171065926551819,0.04547658935189247,-0.5,0.0,-0.46564155436124005,-0.006240210355584714,0.026912887506813997,33.35045031207275
1769071822.9347422,1769071822934749393,Sr02_gA_IMG1_LID1_STA1_CFC64_OH0,0122_0950,A,-0.3489960730075836,-0.002579343970865011,-0.5,0.0,-0.5405243424475806,-0.008794995135664228,0.038816106150316644,33.27799318925623
1769071823.056243,1769071823056252869,Sr02_gA_IMG1_LID1_STA1_CFC64_OH0,0122_0950,A,-0.12306003272533417,-0.0741177573800087,0.0,0.0,-0.5904801962845452,-0.010893563721027483,0.04515144846724444,33.22974921049221
1769071823.1782084,1769071823178216900,Sr02_gA_IMG1_LID1_STA1_CFC64_OH0,0122_0950,A,-0.13126510381698608,-0.06701777130365372,0.0,0.0,-0.6404241384504769,-0.013230361240120062,0.04800490926798138,33.18157505907319
1769071823.295807,1769071823295814463,Sr02_gA_IMG1_LID1_STA1_CFC64_OH0,0122_0950,A,-0.6135269999504089,0.034518323838710785,-0.5,0.0,-0.7150378122960177,-0.017452293357243142,0.07024413889412154,33.10977852881168
1769071823.4134955,1769071823413503772,Sr02_gA_IMG1_LID1_STA1_CFC64_OH0,0122_0950,A,-0.518123209476471,-0.47139233350753784,-0.5,-0.5,-0.7648122122911885,-0.021167347583882595,0.07767691565173006,33.06209157726858
1769071823.5338862,1769071823533894722,Sr02_gA_IMG1_LID1_STA1_CFC64_OH0,0122_0950,A,-0.5900136232376099,-0.5391334295272827,-0.5,-0.5,-0.839554005171922,-0.027248239450604464,0.08377797025039163,32.990609334465766
1769071823.6516788,1769071823651686617,Sr02_gA_IMG1_LID1_STA1_CFC64_OH0,0122_0950,A,-0.5737020969390869,-0.54212886095047,-0.5,-0.5,-0.8893791748990739,-0.03142581368716861,0.08352004050963457,32.94299357473517
1769071823.7750154,1769071823775027863,Sr02_gA_IMG1_LID1_STA1_CFC64_OH0,0122_0950,A,-0.5561460256576538,-0.4309982359409332,-0.5,-0.5,-0.9283532040469138,-0.03468460223269287,0.08331998964334895,32.90575069077982
1769071823.8968084,1769071823896817329,Sr02_gA_IMG1_LID1_STA1_CFC64_OH0,0122_0950,A,-0.46463924646377563,-0.33938857913017273,-0.5,-0.5,-0.9513233790241581,-0.03660138782524399,0.08316693164351625,32.88380196615543
1769071824.0186074,1769071824018615731,Sr02_gA_IMG1_LID1_STA1_CFC64_OH0,0122_0950,A,-0.4834078252315521,-0.33473479747772217,-0.5,-0.5,-0.9666722637246269,-0.037880187512171856,0.08309115608257561,32.869136010371555
1769071824.1366446,1769071824136653322,Sr02_gA_IMG1_LID1_STA1_CFC64_OH0,0122_0950,A,-0.48551294207572937,-0.43798279762268066,-0.5,-0.5,-1.0183183071885245,-0.04212264208168191,0.07738310296305327,32.819779186965754
1769071824.2524078,1769071824252416241,Sr02_gA_IMG1_LID1_STA1_CFC64_OH0,0122_0950,A,-0.33767327666282654,-0.270952969789505,-0.5,-0.5,-1.0594780093672438,-0.04488579180524616,0.05468041740813809,32.780309543446066
1769071824.373148,1769071824373157457,Sr02_gA_IMG1_LID1_STA1_CFC64_OH0,0122_0950,A,-0.5204405784606934,-0.25786060094833374,-0.5,-0.5,-1.1046046418499935,-0.04656086811048079,0.017736897741134235,32.736733997617414
1769071824.4917078,1769071824491716577,Sr02_gA_IMG1_LID1_STA1_CFC64_OH0,0122_0950,A,-0.5048408508300781,-0.2669931948184967,-0.5,-0.5,-1.1790758923222493,-0.04543150776017591,-0.04660753713150403,32.66394755713417
1769071824.6054566,1769071824605473497,Sr02_gA_IMG1_LID1_STA1_CFC64_OH0,0122_0950,A,-0.2684776782989502,-0.3228994607925415,-0.5,-0.5,-1.2289724778224207,-0.042254953159910166,-0.08054636649634736,32.6146339659141
1769071824.725812,1769071824725820909,Sr02_gA_IMG1_LID1_STA1_CFC64_OH0,0122_0950,A,-0.5530956983566284,-0.4817892014980316,-0.5,-0.5,-1.2787335218981335,-0.037396495358190354,-0.11406631915315235,32.56507177519537
1769071824.8484547,1769071824848463273,Sr02_gA_IMG1_LID1_STA1_CFC64_OH0,0122_0950,A,-0.5552371144294739,-0.4912331998348236,-0.5,-0.5,-1.3528861069994,-0.02670675094451843,-0.17532324492510815,32.490432326921
1769071824.972274,1769071824972282459,Sr02_gA_IMG1_LID1_STA1_CFC64_OH0,0122_0950,A,-0.5105438828468323,-0.3415725529193878,-0.5,-0.5,-1.401914465122785,-0.0172527779489324,-0.20424578317881673,32.44053925142179
1769071825.0929377,1769071825092945414,Sr02_gA_IMG1_LID1_STA1_CFC64_OH0,0122_0950,A,-0.5963876843452454,-0.2544609308242798,-0.5,-0.5,-1.4750389157438455,-0.0006061954681326808,-0.2432779689862175,32.365545281862104
1769071825.2171826,1769071825217191613,Sr02_gA_IMG1_LID1_STA1_CFC64_OH0,0122_0950,A,-0.5247915983200073,-0.4473821818828583,-0.5,-0.5,-1.5234000494649076,0.012084428917066934,-0.26997723007751523,32.315564815
1769071825.3520124,1769071825352020513,Sr02_gA_IMG1_LID1_STA1_CFC64_OH0,0122_0950,A,-0.5160332322120667,-0.4562443196773529,-0.5,-0.5,-1.5950983953907594,0.033799598245127974,-0.319951113016625,32.24080558823503
1769071825.4823287,1769071825482337248,Sr02_gA_IMG1_LID1_STA1_CFC64_OH0,0122_0950,A,-0.5096783638000488,-0.47176530957221985,-0.5,-0.5,-1.6420704265769208,0.050585050407131404,-0.3672427178206892,32.1912466066723
1769071825.6032357,1769071825603244057,Sr02_gA_IMG1_LID1_STA1_CFC64_OH0,0122_0950,A,-0.5514254570007324,-0.4520636796951294,-0.5,-0.5,-1.71098793044389,0.08002885948132299,-0.4374381296798996,32.11744165762783
1769071825.72479,1769071825724798395,Sr02_gA_IMG1_LID1_STA1_CFC64_OH0,0122_0950,A,-0.4876306354999542,-0.5101349949836731,-0.5,-0.5,-1.7558996317995805,0.10197257384038541,-0.4710015295348511,32.06872296394869
1769071825.8410537,1769071825841062339,Sr02_gA_IMG1_LID1_STA1_CFC64_OH0,0122_0950,A,-0.47290292382240295,-0.5186492204666138,-0.5,-0.5,-1.8219689635293934,0.13724289850831164,-0.5118258195324722,31.996384384161118
1769071825.9570968,1769071825957104659,Sr02_gA_IMG1_LID1_STA1_CFC64_OH0,0122_0950,A,-0.4570932388305664,-0.5242030024528503,-0.5,-0.5,-1.864865800291787,0.16254571006816199,-0.5551184552236511,31.948881183601724
1769071826.0746202,1769071826074629276,Sr02_gA_IMG1_LID1_STA1_CFC64_OH0,0122_0950,A,-0.431205153465271,-0.5779648423194885,-0.5,-0.5,-1.906741912009199,0.1898579305925667,-0.600742814572034,31.90192712646769
1769071826.1949074,1769071826194914231,Sr02_gA_IMG1_LID1_STA1_CFC64_OH0,0122_0950,A,-0.38380134105682373,-0.5524280667304993,-0.5,-0.5,-1.9670783539228591,0.2343796363524674,-0.6710418654722148,31.83313117544697
1769071826.312714,1769071826312721374,Sr02_gA_IMG1_LID1_STA1_CFC64_OH0,0122_0950,A,-0.38060957193374634,-0.5492845773696899,-0.5,-0.5,-2.005521113592393,0.26634412073350383,-0.716248175723118,31.788508789819524
1769071826.4284544,1769071826428461873,Sr02_gA_IMG1_LID1_STA1_CFC64_OH0,0122_0950,A,-0.46002814173698425,-0.4529004693031311,-0.5,-0.5,-2.042411286975057,0.30006468729768704,-0.7658668374582386,31.745024776117113
1769071826.5527081,1769071826552715782,Sr02_gA_IMG1_LID1_STA1_CFC64_OH0,0122_0950,A,-0.5094729065895081,-0.4194451868534088,-0.5,-0.5,-2.094406659290222,0.35408925500525607,-0.8434086808932257,31.682328648021027
1769071826.6763663,1769071826676374713,Sr02_gA_IMG1_LID1_STA1_CFC64_OH0,0122_0950,A,-0.49531427025794983,-0.42784416675567627,-0.5,-0.5,-2.1266588582749444,0.39228903269072396,-0.895828905844666,31.642431263885307
1769071826.7988646,1769071826798873684,Sr02_gA_IMG1_LID1_STA1_CFC64_OH0,0122_0950,A,-0.4700189232826233,-0.34144479036331177,-0.5,-0.5,-2.1709937156233234,0.45274237358944786,-0.9810177723975696,31.585893319836707
1769071826.9193437,1769071826919351377,Sr02_gA_IMG1_LID1_STA1_CFC64_OH0,0122_0950,A,-0.4355332851409912,-0.350636750459671,-0.5,-0.5,-2.1976409578781113,0.4950423565924119,-1.0362605194871282,31.550647943150093
1769071827.0415928,1769071827041601007,Sr02_gA_IMG1_LID1_STA1_CFC64_OH0,0122_0950,A,-0.39322105050086975,-0.3195585012435913,-0.5,-0.5,-2.2331672073335347,0.5610692122036732,-1.1157680767679206,31.501636963977262
1769071827.1623664,1769071827162374442,Sr02_gA_IMG1_LID1_STA1_CFC64_OH0,0122_0950,A,-0.4069961905479431,-0.27111372351646423,-0.5,-0.5,-2.2541179776474016,0.6064634787981071,-1.1607235270963026,31.47139341989089
1769071827.2864773,1769071827286485683,Sr02_gA_IMG1_LID1_STA1_CFC64_OH0,0122_0950,A,-0.2618870437145233,-0.2743479311466217,-0.5,-0.5,-2.273084404489779,0.6527226172895891,-1.202667992112689,31.44295397994747
1769071827.4093008,1769071827409307859,Sr02_gA_IMG1_LID1_STA1_CFC64_OH0,0122_0950,A,-0.26417040824890137,-0.4401681125164032,-0.5,-0.5,-2.297821131108582,0.7235008109637123,-1.2659260893455297,31.40373035599954
1769071827.5303452,1769071827530353084,Sr02_gA_IMG1_LID1_STA1_CFC64_OH0,0122_0950,A,-0.24892188608646393,-0.2635934054851532,0.0,-0.5,-2.3120125149549806,0.7714420401108912,-1.3000705357741946,31.379742920116627
1769071827.6501498,1769071827650157745,Sr02_gA_IMG1_LID1_STA1_CFC64_OH0,0122_0950,A,-0.20499783754348755,-0.17695753276348114,0.0,0.0,-2.330170030118429,0.8442020524588721,-1.351952475508987,31.346761214576393
1769071827.7726004,1769071827772609532,Sr02_gA_IMG1_LID1_STA1_CFC64_OH0,0122_0950,A,-0.03597204014658928,-0.32622793316841125,0.0,-0.5,-2.3402434679438313,0.8931746247360318,-1.3839082607955004,31.326745166079768
1769071827.8921306,1769071827892138947,Sr02_gA_IMG1_LID1_STA1_CFC64_OH0,0122_0950,A,0.1783825010061264,-0.09084649384021759,0.0,0.0,-2.3526762078083365,0.9671317085831421,-1.4246399528122646,31.299365673609223
1769071828.0107605,1769071828010768669,Sr02_gA_IMG1_LID1_STA1_CFC64_OH0,0122_0950,A,0.24484150111675262,-0.4265285134315491,0.0,-0.5,-2.3592786093963714,1.0166922897202955,-1.4520746877052197,31.28279821440158
1769071828.134174,1769071828134182773,Sr02_gA_IMG1_LID1_STA1_CFC64_OH0,0122_0950,A,0.3679775297641754,-0.34722545742988586,0.5,-0.5,-2.364262699821104,1.0662258670434772,-1.4914989494999475,31.26789244375983
1769071828.2536266,1769071828253634906,Sr02_gA_IMG1_LID1_STA1_CFC64_OH0,0122_0950,A,0.4321952760219574,-0.45690491795539856,0.5,-0.5,-2.367239970659927,1.1228197303477,-1.549576955151449,31.2536128087725
1769071828.381599,1769071828381606880,Sr02_gA_IMG1_LID1_STA1_CFC64_OH0,0122_0950,A,0.41301587224006653,-0.4835122525691986,0.5,-0.5,-2.367362101357772,1.1370055601506173,-1.5805890838661742,31.250660166446732
1769071828.502472,1769071828502480613,Sr02_gA_IMG1_LID1_STA1_CFC64_OH0,0122_0950,A,0.42584607005119324,-0.4547717571258545,0.5,-0.5,-2.367348896581389,1.1379253066199901,-1.6259402958521236,31.250489641598854
1769071828.6200423,1769071828620049793,Sr02_gA_IMG1_LID1_STA1_CFC64_OH0,0122_0950,A,0.4528316259384155,-0.4451237916946411,0.5,-0.5,-2.3673481436713097,1.1379380602532816,-1.6377723891117435,31.25048783556261
1769071828.7413986,1769071828741407813,Sr02_gA_IMG1_LID1_STA1_CFC64_OH0,0122_0950,A,0.4718623757362366,-0.2933870851993561,0.5,-0.5,-2.367471273298183,1.1367414595808352,-1.6767121865715329,31.250605874645533
1769071828.859356,1769071828859364174,Sr02_gA_IMG1_LID1_STA1_CFC64_OH0,0122_0950,A,0.3642841875553131,-0.3107694089412689,0.5,-0.5,-2.3693647205971056,1.1214828327667428,-1.7056374605377034,31.251798276805353
1769071828.9854856,1769071828985493673,Sr02_gA_IMG1_LID1_STA1_CFC64_OH0,0122_0950,A,0.39698469638824463,-0.27531954646110535,0.5,-0.5,-2.374157872931536,1.0893723177046792,-1.729442703790943,31.253540098134
1769071829.104397,1769071829104405059,Sr02_gA_IMG1_LID1_STA1_CFC64_OH0,0122_0950,A,0.4821578860282898,-0.3906552493572235,0.5,-0.5,-2.386321769456919,1.022511561289709,-1.7764904675176847,31.255136788647977
1769071829.2212274,1769071829221236044,Sr02_gA_IMG1_LID1_STA1_CFC64_OH0,0122_0950,A,0.47686508297920227,-0.5540786385536194,0.5,-0.5,-2.3975988594533293,0.9739286496376087,-1.8215351753106976,31.25400278939948
1769071829.3450708,1769071829345079845,Sr02_gA_IMG1_LID1_STA1_CFC64_OH0,0122_0950,A,0.35682907700538635,-0.44531190395355225,0.5,-0.5,-2.4186047185111783,0.9019882476467858,-1.8866305263571324,31.24825598417318
1769071829.4615302,1769071829461538117,Sr02_gA_IMG1_LID1_STA1_CFC64_OH0,0122_0950,A,0.398139625787735,-0.5012715458869934,0.5,-0.5,-2.434827224345817,0.8547370087952578,-1.9161819438527175,31.242206371488333
1769071829.5785549,1769071829578563013,Sr02_gA_IMG1_LID1_STA1_CFC64_OH0,0122_0950,A,0.5543814897537231,-0.496639609336853,0.5,-0.5,-2.4524834575130177,0.8079603492283648,-1.9472588210219117,31.23473404985047
1769071829.7029405,1769071829702949402,Sr02_gA_IMG1_LID1_STA1_CFC64_OH0,0122_0950,A,0.514826774597168,-0.21841676533222198,0.5,-0.5,-2.481528910390454,0.7388342506036004,-1.989628775465032,31.2209489848073
1769071829.8291311,1769071829829138640,Sr02_gA_IMG1_LID1_STA1_CFC64_OH0,0122_0950,A,0.5025275945663452,-0.2307475060224533,0.5,-0.5,-2.5026771600773783,0.6936261204138474,-2.0277670177346505,31.20992492627393
1769071829.9522235,1769071829952231355,Sr02_gA_IMG1_LID1_STA1_CFC64_OH0,0122_0950,A,0.47054070234298706,-0.4299162030220032,0.5,-0.5,-2.538112952958444,0.627809918183103,-2.103560050828244,31.18947411364767
1769071830.0708985,1769071830070906940,Sr02_gA_IMG1_LID1_STA1_CFC64_OH0,0122_0950,A,0.5462514758110046,-0.444743812084198,0.5,-0.5,-2.5644591847151696,0.5853191825393856,-2.1480912168881736,31.172973392139166
1769071830.1920745,1769071830192082463,Sr02_gA_IMG1_LID1_STA1_CFC64_OH0,0122_0950,A,0.5363132953643799,-0.19367314875125885,0.5,0.0,-2.592773866822792,0.5441360397234262,-2.1981574588363073,31.154337002594033
1769071830.3043673,1769071830304375753,Sr02_gA_IMG1_LID1_STA1_CFC64_OH0,0122_0950,A,0.48471155762672424,-0.2446075677871704,0.5,-0.5,-2.6390103659730353,0.48512572822875816,-2.2718674508618197,31.12222908546849
1769071830.4252229,1769071830425231674,Sr02_gA_IMG1_LID1_STA1_CFC64_OH0,0122_0950,A,0.48388510942459106,-0.22981713712215424,0.5,-0.5,-2.6716207409393933,0.4476859961587024,-2.299545819537088,31.0987414327167
1769071830.5423005,1769071830542308205,Sr02_gA_IMG1_LID1_STA1_CFC64_OH0,0122_0950,A,0.39635613560676575,-0.49453455209732056,0.5,-0.5,-2.7225086461780954,0.392615420678235,-2.3343567683634663,31.061458858032484
1769071830.659708,1769071830659716210,Sr02_gA_IMG1_LID1_STA1_CFC64_OH0,0122_0950,A,0.4543769955635071,-0.4410848915576935,0.5,-0.5,-2.7574936067741813,0.3573383605170443,-2.3724186198354174,31.03532259636822
1769071830.7858047,1769071830785814530,Sr02_gA_IMG1_LID1_STA1_CFC64_OH0,0122_0950,A,0.45144331455230713,-0.19146250188350677,0.5,0.0,-2.7941792490646455,0.3233714470627039,-2.4168929397510186,31.00728994001823
1769071830.901877,1769071830901884415,Sr02_gA_IMG1_LID1_STA1_CFC64_OH0,0122_0950,A,0.39897000789642334,-0.5024397969245911,0.5,-0.5,-2.851342492413861,0.2753009891479833,-2.4602662510975515,30.962606677094957
1769071831.022942,1769071831022950064,Sr02_gA_IMG1_LID1_STA1_CFC64_OH0,0122_0950,A,0.4486295282840729,-0.3744437098503113,0.5,-0.5,-2.890560287418134,0.24428810549066135,-2.4847254984420863,30.931564766644566
1769071831.1435697,1769071831143577925,Sr02_gA_IMG1_LID1_STA1_CFC64_OH0,0122_0950,A,0.511988639831543,-0.387988805770874,0.5,-0.5,-2.9305073015696568,0.21421942920950984,-2.507855089948022,30.89964447858593
1769071831.2700417,1769071831270049765,Sr02_gA_IMG1_LID1_STA1_CFC64_OH0,0122_0950,A,0.5250652432441711,-0.26424288749694824,0.5,-0.5,-2.9915147991072133,0.17162795803616332,-2.5639375696049176,30.85021089626718
1769071831.3939402,1769071831393948803,Sr02_gA_IMG1_LID1_STA1_CFC64_OH0,0122_0950,A,0.5229006409645081,-0.21631604433059692,0.5,-0.5,-3.033990536284891,0.14525740410295584,-2.6080460255651308,30.81508255739349
1769071831.514201,1769071831514209191,Sr02_gA_IMG1_LID1_STA1_CFC64_OH0,0122_0950,A,0.49414148926734924,-0.005921381525695324,0.5,0.0,-3.099074907984918,0.10888025800226366,-2.6493950301392775,30.760384592239742
1769071831.6329267,1769071831632935244,Sr02_gA_IMG1_LID1_STA1_CFC64_OH0,0122_0950,A,0.5117949843406677,-0.012730132788419724,0.5,0.0,-3.1428659791572535,0.08634889108490683,-2.687427252710621,30.723167781987975
1769071831.7547717,1769071831754781595,Sr02_gA_IMG1_LID1_STA1_CFC64_OH0,0122_0950,A,0.5199363231658936,-0.09921033680438995,0.5,0.0,-3.2110993130944823,0.055402768451054143,-2.7442395738775014,30.664252743775403
1769071831.877337,1769071831877345049,Sr02_gA_IMG1_LID1_STA1_CFC64_OH0,0122_0950,A,0.5178535580635071,-0.06927615404129028,0.5,0.0,-3.257567480768133,0.03695296030433297,-2.783038401858343,30.62354175849112
1769071831.9996295,1769071831999637484,Sr02_gA_IMG1_LID1_STA1_CFC64_OH0,0122_0950,A,0.5123973488807678,-0.04459679126739502,0.5,0.0,-3.328262100974059,0.012107356517885968,-2.822217062295,30.560882441116714
1769071832.1216466,1769071832121655690,Sr02_gA_IMG1_LID1_STA1_CFC64_OH0,0122_0950,A,0.5095168948173523,0.006925061345100403,0.5,0.0,-3.3758882302813524,-0.00307427862413707,-2.843409213464093,30.518324649111335
1769071832.238551,1769071832238557740,Sr02_gA_IMG1_LID1_STA1_CFC64_OH0,0122_0950,A,0.500970721244812,0.020483221858739853,0.5,0.0,-3.4235344962059826,-0.017536998747301913,-2.8478653615841325,30.475595577497717
1769071832.357242,1769071832357252269,Sr02_gA_IMG1_LID1_STA1_CFC64_OH0,0122_0950,A,0.5054125189781189,0.013952498324215412,0.5,0.0,-3.4953116282408567,-0.039173748562772545,-2.8507124046066847,30.411229837810705
1769071832.475534,1769071832475543817,Sr02_gA_IMG1_LID1_STA1_CFC64_OH0,0122_0950,A,0.5056966543197632,-0.023014072328805923,0.5,0.0,-3.5432757275351006,-0.053274972001213464,-2.8606127061052677,30.368158073360277
1769071832.5909717,1769071832590995283,Sr02_gA_IMG1_LID1_STA1_CFC64_OH0,0122_0950,A,0.46928495168685913,-0.10303620249032974,0.5,0.0,-3.591366464698844,-0.0669596507728101,-2.867839674422125,30.324882611391608
1769071832.7109094,1769071832710918221,Sr02_gA_IMG1_LID1_STA1_CFC64_OH0,0122_0950,A,0.4918557405471802,-0.030833058059215546,0.5,0.0,-3.663654287366321,-0.08694580631365502,-2.8752695807281743,30.259727937422667
1769071832.828451,1769071832828459764,Sr02_gA_IMG1_LID1_STA1_CFC64_OH0,0122_0950,A,0.4919266402721405,-0.03490908816456795,0.5,0.0,-3.711877828013369,-0.10011308578700105,-2.8747034233898687,30.21624740560243
1769071832.9520783,1769071832952086718,Sr02_gA_IMG1_LID1_STA1_CFC64_OH0,0122_0950,A,0.4744217097759247,-0.11071861535310745,0.5,0.0,-3.784197098040842,-0.11998563840354365,-2.8719674218005538,30.1511101958021
1769071833.0695653,1769071833069573699,Sr02_gA_IMG1_LID1_STA1_CFC64_OH0,0122_0950,A,0.5022482872009277,-0.0006401580758392811,0.5,0.0,-3.832381327579952,-0.1333377656137002,-2.8705721728588487,30.10776446882918
1769071833.193519,1769071833193527053,Sr02_gA_IMG1_LID1_STA1_CFC64_OH0,0122_0950,A,0.4945652484893799,0.01180652529001236,0.5,0.0,-3.880569740108198,-0.14666786796152986,-2.8728669877141115,30.06442984485166
1769071833.3087084,1769071833308716503,Sr02_gA_IMG1_LID1_STA1_CFC64_OH0,0122_0950,A,0.494348406791687,0.01016759593039751,0.5,0.0,-3.952947925736979,-0.16615433906270372,-2.885713034153935,29.999246469449314
1769071833.4260347,1769071833426042792,Sr02_gA_IMG1_LID1_STA1_CFC64_OH0,0122_0950,A,0.5110593438148499,-0.008501816540956497,0.5,0.0,-4.001327557429781,-0.17872922574993927,-2.888842086960796,29.95558801953534
1769071833.5494177,1769071833549426796,Sr02_gA_IMG1_LID1_STA1_CFC64_OH0,0122_0950,A,0.47780048847198486,-0.07254605740308762,0.5,0.0,-4.049760212110597,-0.1911499793784262,-2.8922922267143787,29.911859114625226
1769071833.6681554,1769071833668164043,Sr02_gA_IMG1_LID1_STA1_CFC64_OH0,0122_0950,A,0.49484556913375854,-0.035018887370824814,0.5,0.0,-4.122516468573581,-0.20921993762173277,-2.90609788882906,29.84605639455864
1769071833.7888129,1769071833788822054,Sr02_gA_IMG1_LID1_STA1_CFC64_OH0,0122_0950,A,0.483789324760437,-0.05093318223953247,0.5,0.0,-4.17108876740826,-0.22081667201848454,-2.9073869285240836,29.802031467915537
1769071833.9057374,1769071833905745491,Sr02_gA_IMG1_LID1_STA1_CFC64_OH0,0122_0950,A,0.4518275558948517,0.0013193967752158642,0.5,0.0,-4.244029803206415,-0.23826955874915753,-2.9058812837757237,29.73596405789669
1769071834.0226173,1769071834022628269,Sr02_gA_IMG1_LID1_STA1_CFC64_OH0,0122_0950,A,0.4828057885169983,-0.03072170540690422,0.5,0.0,-4.292641278426735,-0.24997100927801572,-2.9048645254965124,29.69197503470206
1769071834.1354501,1769071834135458133,Sr02_gA_IMG1_LID1_STA1_CFC64_OH0,0122_0950,A,0.4883449971675873,-0.041595470160245895,0.5,0.0,-4.341251779352451,-0.26167650934473347,-2.905714691474247,29.648007051267655
1769071834.2477002,1769071834247708189,Sr02_gA_IMG1_LID1_STA1_CFC64_OH0,0122_0950,A,0.498775452375412,-0.025070514529943466,0.5,0.0,-4.414216325923886,-0.2789456922304321,-2.914004598882587,29.58196911184368
1769071834.3650272,1769071834365035536,Sr02_gA_IMG1_LID1_STA1_CFC64_OH0,0122_0950,A,0.507482647895813,-0.021303515881299973,0.5,0.0,-4.462946648026659,-0.2901418002880958,-2.91750648988694,29.53780109399047
1769071834.487144,1769071834487151822,Sr02_gA_IMG1_LID1_STA1_CFC64_OH0,0122_0950,A,0.5077710151672363,-0.02433505654335022,0.5,0.0,-4.511722947752671,-0.30113575112442564,-2.922440644914483,29.49355471352984
1769071834.6064637,1769071834606472110,Sr02_gA_IMG1_LID1_STA1_CFC64_OH0,0122_0950,A,0.494008332490921,0.0021202699281275272,0.5,0.0,-4.584941193036846,-0.3173350459047663,-2.923942101242677,29.427091570190388
1769071834.7237644,1769071834723773617,Sr02_gA_IMG1_LID1_STA1_CFC64_OH0,0122_0950,A,0.48979389667510986,0.01032642088830471,0.5,0.0,-4.633778071402823,-0.3280568474011918,-2.9270142422407814,29.38276139150904
1769071834.8445776,1769071834844585679,Sr02_gA_IMG1_LID1_STA1_CFC64_OH0,0122_0950,A,0.48630592226982117,0.003297482617199421,0.5,0.0,-4.682652293704418,-0.33860703810888726,-2.931065036663255,29.33836831384871
1769071834.963009,1769071834963016887,Sr02_gA_IMG1_LID1_STA1_CFC64_OH0,0122_0950,A,0.48855215311050415,0.0009435995016247034,0.5,0.0,-4.756030412105385,-0.3541197417312426,-2.9351184510640125,29.27166568482693
1769071835.0799496,1769071835079957405,Sr02_gA_IMG1_LID1_STA1_CFC64_OH0,0122_0950,A,0.4936245083808899,-0.0034057837910950184,0.5,0.0,-4.804979281644644,-0.3643181194543069,-2.937248799970321,29.227152604774194
1769071835.2022283,1769071835202237239,Sr02_gA_IMG1_LID1_STA1_CFC64_OH0,0122_0950,A,0.4814623296260834,-0.004258549772202969,0.5,0.0,-4.853951002382208,-0.37440618297209627,-2.939651983967718,29.182605984164756
1769071835.3224833,1769071835322491881,Sr02_gA_IMG1_LID1_STA1_CFC64_OH0,0122_0950,A,0.4838533103466034,-0.008193224668502808,0.5,0.0,-4.927435277247866,-0.3894081998247873,-2.9401276227383506,29.1157588572796
1769071835.444156,1769071835444164855,Sr02_gA_IMG1_LID1_STA1_CFC64_OH0,0122_0950,A,0.4803435206413269,0.0010503849480301142,0.5,0.0,-4.976418823057625,-0.3994387382383729,-2.9390949886178293,29.07122976300397
1769071835.5673594,1769071835567368797,Sr02_gA_IMG1_LID1_STA1_CFC64_OH0,0122_0950,A,0.47119995951652527,0.013267526403069496,0.5,0.0,-5.049880662942406,-0.41455023142877995,-2.9384833206131575,29.00450016947886
1769071835.6934824,1769071835693490609,Sr02_gA_IMG1_LID1_STA1_CFC64_OH0,0122_0950,A,0.48432862758636475,0.006342063657939434,0.5,0.0,-5.098852389519961,-0.42463832724286554,-2.9383889603158493,28.96004269466652
1769071835.8143342,1769071835814342132,Sr02_gA_IMG1_LID1_STA1_CFC64_OH0,0122_0950,A,0.47542014718055725,0.0021608578972518444,0.5,0.0,-5.172313145461828,-0.4397550893858906,-2.9389168784105664,28.89338325010002
1769071835.934737,1769071835934745207,Sr02_gA_IMG1_LID1_STA1_CFC64_OH0,0122_0950,A,0.48387712240219116,-0.0009208157425746322,0.5,0.0,-5.221291877424426,-0.44980911636219584,-2.939382077152735,28.84895520589207
1769071836.055666,1769071836055675865,Sr02_gA_IMG1_LID1_STA1_CFC64_OH0,0122_0950,A,0.4991857409477234,-0.01255835685878992,0.5,0.0,-5.294772570322968,-0.46482865336279766,-2.9403337570902903,28.782318551615003
1769071836.1731515,1769071836173160416,Sr02_gA_IMG1_LID1_STA1_CFC64_OH0,0122_0950,A,0.493430495262146,0.004821859300136566,0.5,0.0,-5.343762765955926,-0.47482667366816095,-2.9401065544509923,28.737909968057448
1769071836.2928457,1769071836292854061,Sr02_gA_IMG1_LID1_STA1_CFC64_OH0,0122_0950,A,0.4833846092224121,0.016349107027053833,0.5,0.0,-5.3927446232551794,-0.48486544709011287,-2.9387798065834714,28.693538959042144
1769071836.408776,1769071836408784820,Sr02_gA_IMG1_LID1_STA1_CFC64_OH0,0122_0950,A,0.50015789270401,0.0037769777700304985,0.5,0.0,-5.466198275179141,-0.5000166793498887,-2.9377317939435303,28.627061225645335
1769071836.5294006,1769071836529408413,Sr02_gA_IMG1_LID1_STA1_CFC64_OH0,0122_0950,A,0.5017321109771729,-0.0008169920183718204,0.5,0.0,-5.515161790053625,-0.5101445559480249,-2.937515707616453,28.58277900162522
1769071836.650303,1769071836650311962,Sr02_gA_IMG1_LID1_STA1_CFC64_OH0,0122_0950,A,0.4989641308784485,-0.0045720599591732025,0.5,0.0,-5.564124380333387,-0.5202769019029234,-2.9375769699960297,28.53851779171768
1769071836.768991,1769071836768998992,Sr02_gA_IMG1_LID1_STA1_CFC64_OH0,0122_0950,A,0.5003933906555176,-0.008734922856092453,0.5,0.0,-5.637578368505846,-0.5354264754738464,-2.938937793595565,28.47213830291065
1769071836.8946679,1769071836894676380,Sr02_gA_IMG1_LID1_STA1_CFC64_OH0,0122_0950,A,0.48685917258262634,0.0049622864462435246,0.5,0.0,-5.686552721561838,-0.5455018105761281,-2.9384556121569387,28.427897509914686
1769071837.0177162,1769071837017723696,Sr02_gA_IMG1_LID1_STA1_CFC64_OH0,0122_0950,A,0.4787764847278595,0.0035381591878831387,0.5,0.0,-5.7599939317695315,-0.5607131667131303,-2.9363699645227124,28.361619216756615
1769071837.136272,1769071837136284892,Sr02_gA_IMG1_LID1_STA1_CFC64_OH0,0122_0950,A,0.4643875062465668,0.007534117437899113,0.5,0.0,-5.80894278467118,-0.57091166919455,-2.935992266617753,28.317485490331908
1769071837.2504945,1769071837250504756,Sr02_gA_IMG1_LID1_STA1_CFC64_OH0,0122_0950,A,0.468026727437973,-0.0008975899545475841,0.5,0.0,-5.882364284520702,-0.586217962952516,-2.9362274607473564,28.251325663223533
1769071837.3701568,1769071837370165174,Sr02_gA_IMG1_LID1_STA1_CFC64_OH0,0122_0950,A,0.4791525602340698,-2.3662112653255463e-05,0.5,0.0,-5.931315960670025,-0.5964029047401499,-2.936726292195794,28.207234404502074
1769071837.489026,1769071837489036382,Sr02_gA_IMG1_LID1_STA1_CFC64_OH0,0122_0950,A,0.478026419878006,0.00032482179813086987,0.5,0.0,-5.980274802836231,-0.6065533381167134,-2.937599782165867,28.16314623891352
1769071837.6069646,1769071837606976070,Sr02_gA_IMG1_LID1_STA1_CFC64_OH0,0122_0950,A,0.5016940236091614,-0.005734716076403856,0.5,0.0,-6.053716071937664,-0.6217644865949848,-2.9370066632294223,28.097044102671635
1769071837.7247274,1769071837724734881,Sr02_gA_IMG1_LID1_STA1_CFC64_OH0,0122_0950,A,0.4816958010196686,0.011086327955126762,0.5,0.0,-6.102671529734317,-0.6319312367557546,-2.9366528475859264,28.05301345290295
1769071837.8418946,1769071837841903534,Sr02_gA_IMG1_LID1_STA1_CFC64_OH0,0122_0950,A,0.5028191208839417,0.002586892805993557,0.5,0.0,-6.1516217376803075,-0.6421232292123761,-2.9359393996492256,28.009015095266925
1769071837.9626725,1769071837962680216,Sr02_gA_IMG1_LID1_STA1_CFC64_OH0,0122_0950,A,0.5012144446372986,0.0011958964169025421,0.5,0.0,-6.2250399332260296,-0.6574453649119707,-2.9358966588166604,27.943072040676583
1769071838.0788162,1769071838078824442,Sr02_gA_IMG1_LID1_STA1_CFC64_OH0,0122_0950,A,0.4902168810367584,0.0025185327976942062,0.5,0.0,-6.273985895492942,-0.6676577329417088,-2.935899025210238,27.89913425768494
1769071838.206617,1769071838206624009,Sr02_gA_IMG1_LID1_STA1_CFC64_OH0,0122_0950,A,0.47939348220825195,0.008432186208665371,0.5,0.0,-6.322931737789691,-0.6778706759454497,-2.9358700281836176,27.855217199655105
1769071838.3273945,1769071838327403052,Sr02_gA_IMG1_LID1_STA1_CFC64_OH0,0122_0950,A,0.4788767397403717,0.005378814414143562,0.5,0.0,-6.39635424782214,-0.6931721153423903,-2.9363802428351393,27.789371357111804
1769071838.4468777,1769071838446886828,Sr02_gA_IMG1_LID1_STA1_CFC64_OH0,0122_0950,A,0.48891785740852356,-0.007157918997108936,0.5,0.0,-6.445299473070113,-0.7033880025992703,-2.9352716154364913,27.74550726943744
1769071838.5649219,1769071838564929980,Sr02_gA_IMG1_LID1_STA1_CFC64_OH0,0122_0950,A,0.50038743019104,-0.001308994833379984,0.5,0.0,-6.518704591011731,-0.7187726661537964,-2.9348264003344022,27.679780095503357
1769071838.6797802,1769071838679788422,Sr02_gA_IMG1_LID1_STA1_CFC64_OH0,0122_0950,A,0.5051226615905762,-0.005807019770145416,0.5,0.0,-6.5676389693300115,-0.7290403970929338,-2.934706810805803,27.635993783931106
1769071838.8007987,1769071838800806622,Sr02_gA_IMG1_LID1_STA1_CFC64_OH0,0122_0950,A,0.5042088627815247,-0.005988486111164093,0.5,0.0,-6.6165714397789595,-0.7393172159385275,-2.934454958950038,27.592233087627445
1769071838.920305,1769071838920313553,Sr02_gA_IMG1_LID1_STA1_CFC64_OH0,0122_0950,A,0.5199390053749084,0.0051655820570886135,0.5,0.0,-6.689960153180768,-0.7547799238783447,-2.933338942469441,27.526655454006743
1769071839.0407174,1769071839040727774,Sr02_gA_IMG1_LID1_STA1_CFC64_OH0,0122_0950,A,0.5267838835716248,-0.00540821673348546,0.5,0.0,-6.738877040245774,-0.7651306621403976,-2.932801061257273,27.482984841918043
1769071839.1556509,1769071839155660014,Sr02_gA_IMG1_LID1_STA1_CFC64_OH0,0122_0950,A,0.5057043433189392,0.0031169182620942593,0.5,0.0,-6.812254524595807,-0.7806465764975351,-2.9336323964652804,27.417514381930918
1769071839.2714827,1769071839271490772,Sr02_gA_IMG1_LID1_STA1_CFC64_OH0,0122_0950,A,0.5082102417945862,-0.004726584069430828,0.5,0.0,-6.861177901231845,-0.790966600624459,-2.9337632960814495,27.373882620258396
1769071839.392306,1769071839392313345,Sr02_gA_IMG1_LID1_STA1_CFC64_OH0,0122_0950,A,0.5043159127235413,-0.009836520999670029,0.5,0.0,-6.910104945951618,-0.801269217168249,-2.9343439936667965,27.330263970237933
1769071839.5092745,1769071839509283632,Sr02_gA_IMG1_LID1_STA1_CFC64_OH0,0122_0950,A,0.4784362018108368,-0.0004847932141274214,0.5,0.0,-6.983506810183499,-0.8166693877366132,-2.9351271013140736,27.264850160785606
1769071839.6287186,1769071839628727368,Sr02_gA_IMG1_LID1_STA1_CFC64_OH0,0122_0950,A,0.49256211519241333,-0.0002521187998354435,0.5,0.0,-7.032442237291691,-0.8269321164781455,-2.9346105463295356,27.221266393861857
1769071839.7465868,1769071839746595712,Sr02_gA_IMG1_LID1_STA1_CFC64_OH0,0122_0950,A,0.4982791543006897,-0.02511110156774521,0.5,0.0,-7.081376757749704,-0.8371991674293212,-2.935045621212373,27.17770689032179
1769071839.8635046,1769071839863513338,Sr02_gA_IMG1_LID1_STA1_CFC64_OH0,0122_0950,A,0.4851880371570587,-0.012742449529469013,0.5,0.0,-7.154781511368508,-0.8525855691123049,-2.934827023746341,27.11240217430493
1769071839.9859052,1769071839985913217,Sr02_gA_IMG1_LID1_STA1_CFC64_OH0,0122_0950,A,0.4797694683074951,-0.006924409419298172,0.5,0.0,-7.203718934008108,-0.8628387784533396,-2.935299679709207,27.068891402778878
1769071840.1008136,1769071840100821400,Sr02_gA_IMG1_LID1_STA1_CFC64_OH0,0122_0950,A,0.4778135418891907,-0.009200779721140862,0.5,0.0,-7.252663312030114,-0.8730587269370902,-2.936232227004512,27.025386314491712
1769071840.2179718,1769071840217986987,Sr02_gA_IMG1_LID1_STA1_CFC64_OH0,0122_0950,A,0.47995084524154663,0.01591818407177925,0.5,0.0,-7.32609059667517,-0.8883372458981953,-2.9364896606615405,26.960144968251083
1769071840.3433354,1769071840343345798,Sr02_gA_IMG1_LID1_STA1_CFC64_OH0,0122_0950,A,0.4920918941497803,-0.003952055238187313,0.5,0.0,-7.375042722606495,-0.8985200279236943,-2.9365148725498615,26.916677520590756
1769071840.4656477,1769071840465655070,Sr02_gA_IMG1_LID1_STA1_CFC64_OH0,0122_0950,A,0.493179589509964,-0.004392670467495918,0.5,0.0,-7.448495808728979,-0.9136738141845723,-2.939785559275834,26.851458158060527
1769071840.5842612,1769071840584268315,Sr02_gA_IMG1_LID1_STA1_CFC64_OH0,0122_0950,A,0.4721325933933258,0.0024408032186329365,0.5,0.0,-7.497487475784258,-0.9236646051362514,-2.9410598028782915,26.807950614685424
1769071840.706978,1769071840706992118,Sr02_gA_IMG1_LID1_STA1_CFC64_OH0,0122_0950,A,0.49714431166648865,0.011657357215881348,0.5,0.0,-7.546488945887557,-0.9336072160060991,-2.9417522471396405,26.764441485151806
1769071840.8270614,1769071840827069573,Sr02_gA_IMG1_LID1_STA1_CFC64_OH0,0122_0950,A,0.5045755505561829,0.011746016331017017,0.5,0.0,-7.620005739819392,-0.9484490349561993,-2.942607235709821,26.699184087117448
1769071840.9439247,1769071840943933353,Sr02_gA_IMG1_LID1_STA1_CFC64_OH0,0122_0950,A,0.5029287338256836,0.008774476125836372,0.5,0.0,-7.66901123146511,-0.958371783750556,-2.941015421396104,26.65572186651138
1769071841.0657828,1769071841065794099,Sr02_gA_IMG1_LID1_STA1_CFC64_OH0,0122_0950,A,0.5075082778930664,-0.0038803257048130035,0.5,0.0,-7.742509173103592,-0.9733066995865609,-2.9414183234185596,26.59059733691889
1769071841.1855853,1769071841185591995,Sr02_gA_IMG1_LID1_STA1_CFC64_OH0,0122_0950,A,0.4989226162433624,0.0023775193840265274,0.5,0.0,-7.791512948459926,-0.9832379454103046,-2.941857589720715,26.547197074368228
1769071841.303059,1769071841303066430,Sr02_gA_IMG1_LID1_STA1_CFC64_OH0,0122_0950,A,0.4911302924156189,0.005450512282550335,0.5,0.0,-7.840517693125934,-0.9931644085733667,-2.9416135150270297,26.50381764036716
1769071841.4182343,1769071841418241127,Sr02_gA_IMG1_LID1_STA1_CFC64_OH0,0122_0950,A,0.4948921203613281,0.013566245324909687,0.5,0.0,-7.914012502740585,-1.008114690028664,-2.9400483655948677,26.438823207487946
1769071841.5366843,1769071841536692239,Sr02_gA_IMG1_LID1_STA1_CFC64_OH0,0122_0950,A,0.4840618073940277,0.002152283675968647,0.5,0.0,-7.962994540343103,-1.0181525876082624,-2.938873765901807,26.395559396710954
1769071841.6546268,1769071841654635780,Sr02_gA_IMG1_LID1_STA1_CFC64_OH0,0122_0950,A,0.49013468623161316,-0.009671789593994617,0.5,0.0,-8.011965969443038,-1.028242119377375,-2.9379666020971027,26.352345938705387
1769071841.7731202,1769071841773131356,Sr02_gA_IMG1_LID1_STA1_CFC64_OH0,0122_0950,A,0.4992564022541046,-0.013543673790991306,0.5,0.0,-8.085415677013843,-1.0434124735968449,-2.9381689968833675,26.287589458947735
1769071841.8925097,1769071841892517485,Sr02_gA_IMG1_LID1_STA1_CFC64_OH0,0122_0950,A,0.5041556358337402,-0.011529386974871159,0.5,0.0,-8.134383505692684,-1.0535194724495676,-2.937931250122323,26.244445382868342
1769071842.0125127,1769071842012520823,Sr02_gA_IMG1_LID1_STA1_CFC64_OH0,0122_0950,A,0.5078909397125244,-0.00684404419735074,0.5,0.0,-8.183347669878746,-1.0636442069445922,-2.9374169320157137,26.201334858049304
1769071842.1335797,1769071842133588463,Sr02_gA_IMG1_LID1_STA1_CFC64_OH0,0122_0950,A,0.5126158595085144,-0.005385544151067734,0.5,0.0,-8.256777623872923,-1.0789098358160463,-2.9356254763485157,26.13675589467572
1769071842.2569263,1769071842256935380,Sr02_gA_IMG1_LID1_STA1_CFC64_OH0,0122_0950,A,0.49879321455955505,-0.009337445721030235,0.5,0.0,-8.305719701935406,-1.089140801951983,-2.9354102395989905,26.093762308535986
1769071842.3693068,1769071842369315352,Sr02_gA_IMG1_LID1_STA1_CFC64_OH0,0122_0950,A,0.4979567527770996,-0.01867622137069702,0.5,0.0,-8.379138979681045,-1.1044577213821118,-2.936701950362983,26.02930342302173
1769071842.4870923,1769071842487099836,Sr02_gA_IMG1_LID1_STA1_CFC64_OH0,0122_0950,A,0.49772974848747253,-0.0014174648094922304,0.5,0.0,-8.42810001198565,-1.114597574263072,-2.9380563152972465,25.98632490316928
1769071842.6089487,1769071842608956915,Sr02_gA_IMG1_LID1_STA1_CFC64_OH0,0122_0950,A,0.5006879568099976,-0.0019707989413291216,0.5,0.0,-8.477073718694008,-1.1246760392898918,-2.939209253650343,25.94333946906716
1769071842.7287273,1769071842728738116,Sr02_gA_IMG1_LID1_STA1_CFC64_OH0,0122_0950,A,0.5128284096717834,0.0031612543389201164,0.5,0.0,-8.55055201823539,-1.1397072819923797,-2.940314984717088,25.87886339012972
1769071842.8473368,1769071842847344510,Sr02_gA_IMG1_LID1_STA1_CFC64_OH0,0122_0950,A,0.5060403943061829,-0.009237762540578842,0.5,0.0,-8.599545301689842,-1.149690157275881,-2.940853538562069,25.83589106676427
1769071842.9673097,1769071842967317638,Sr02_gA_IMG1_LID1_STA1_CFC64_OH0,0122_0950,A,0.49891945719718933,-0.00721946032717824,0.5,0.0,-8.648545212002052,-1.159640449018986,-2.941708240680945,25.79292704451589
1769071843.0856164,1769071843085625864,Sr02_gA_IMG1_LID1_STA1_CFC64_OH0,0122_0950,A,0.49023547768592834,0.0007186357397586107,0.5,0.0,-8.722068956313523,-1.1744477103312716,-2.9442294993471765,25.728466904082357
1769071843.2027085,1769071843202716307,Sr02_gA_IMG1_LID1_STA1_CFC64_OH0,0122_0950,A,0.49244925379753113,0.009540229104459286,0.5,0.0,-8.771098999539294,-1.1842484521603482,-2.944371258802675,25.685488296658853
1769071843.3277986,1769071843327806904,Sr02_gA_IMG1_LID1_STA1_CFC64_OH0,0122_0950,A,0.49885472655296326,0.002756803762167692,0.5,0.0,-8.844647100519145,-1.1989343668947652,-2.944604493457286,25.621060216736655
1769071843.4448915,1769071843444899982,Sr02_gA_IMG1_LID1_STA1_CFC64_OH0,0122_0950,A,0.5023442506790161,-0.016652371734380722,0.5,0.0,-8.893678574430027,-1.2087279478716246,-2.9442883696337883,25.57814173479333
1769071843.5664513,1769071843566460701,Sr02_gA_IMG1_LID1_STA1_CFC64_OH0,0122_0950,A,0.5067301988601685,-0.0036479001864790916,0.5,0.0,-8.94271186793883,-1.2185124072248907,-2.945088144923296,25.53524423938599
1769071843.6862242,1769071843686232240,Sr02_gA_IMG1_LID1_STA1_CFC64_OH0,0122_0950,A,0.5077120065689087,0.003585653845220804,0.5,0.0,-9.016277162218588,-1.2331119344909371,-2.9461522362651,25.470906049487734
1769071843.8088412,1769071843808850591,Sr02_gA_IMG1_LID1_STA1_CFC64_OH0,0122_0950,A,0.5140199065208435,-0.026827357709407806,0.5,0.0,-9.065324922001071,-1.2428236255020373,-2.9460803744998203,25.428035175545702
1769071843.9282157,1769071843928224279,Sr02_gA_IMG1_LID1_STA1_CFC64_OH0,0122_0950,A,0.49739769101142883,-0.05454166233539581,0.5,0.0,-9.138886967422986,-1.2574395032984744,-2.9448732285110015,25.363803276325516
1769071844.0458956,1769071844045904014,Sr02_gA_IMG1_LID1_STA1_CFC64_OH0,0122_0950,A,0.4867112636566162,-0.00417279452085495,0.5,0.0,-9.187921269251007,-1.2672189159286065,-2.944597548183327,25.321033651735416
1769071844.1664422,1769071844166449529,Sr02_gA_IMG1_LID1_STA1_CFC64_OH0,0122_0950,A,0.48212724924087524,0.01921411231160164,0.5,0.0,-9.236962348109925,-1.2769642578528102,-2.946262767781256,25.2782725379431
1769071844.2857199,1769071844285727521,Sr02_gA_IMG1_LID1_STA1_CFC64_OH0,0122_0950,A,0.5137297511100769,0.02681194245815277,0.5,0.0,-9.3105435908755,-1.2914832041978785,-2.946997719442873,25.214128335518495
1769071844.41094,1769071844410947610,Sr02_gA_IMG1_LID1_STA1_CFC64_OH0,0122_0950,A,0.559167742729187,0.0027063898742198944,0.5,0.0,-9.359598157207738,-1.3011604547483917,-2.946639156185871,25.171397787498098
1769071844.5279515,1769071844527959350,Sr02_gA_IMG1_LID1_STA1_CFC64_OH0,0122_0950,A,0.45706576108932495,-0.022349298000335693,0.5,0.0,-9.433202734752719,-1.3155603589112328,-2.950913365993147,25.10729085818676
1769071844.6464105,1769071844646418377,Sr02_gA_IMG1_LID1_STA1_CFC64_OH0,0122_0950,A,0.48644158244132996,0.010135126300156116,0.5,0.0,-9.482322116700324,-1.324902724855681,-2.9563675216621075,25.064450549136268
1769071844.7653036,1769071844765312645,Sr02_gA_IMG1_LID1_STA1_CFC64_OH0,0122_0950,A,0.5658946633338928,0.05213649198412895,0.5,0.0,-9.531458803504163,-1.3340935869346222,-2.956896690689304,25.021567871647463
1769071844.8881419,1769071844888150632,Sr02_gA_IMG1_LID1_STA1_CFC64_OH0,0122_0950,A,0.5109175443649292,-0.004436054266989231,0.5,0.0,-9.60516927801096,-1.3479413923175665,-2.954406359841973,24.95730982579823
1769071845.0034416,1769071845003451411,Sr02_gA_IMG1_LID1_STA1_CFC64_OH0,0122_0950,A,0.5129429697990417,0.007962614297866821,0.5,0.0,-9.654283329182116,-1.3573119932950866,-2.951725171600128,24.914577687210574
1769071845.1246247,1769071845124633850,Sr02_gA_IMG1_LID1_STA1_CFC64_OH0,0122_0950,A,0.4850524663925171,-0.005671422928571701,0.5,0.0,-9.727926733652792,-1.3715122782220914,-2.95133818032563,24.85060702863356
1769071845.248543,1769071845248551095,Sr02_gA_IMG1_LID1_STA1_CFC64_OH0,0122_0950,A,0.5121291279792786,0.02891070768237114,0.5,0.0,-9.777035062940012,-1.380912843991154,-2.9535731049840908,24.80795895287589
1769071845.3689647,1769071845368970956,Sr02_gA_IMG1_LID1_STA1_CFC64_OH0,0122_0950,A,0.5165913105010986,-0.011636807583272457,0.5,0.0,-9.826149132404044,-1.390283417624171,-2.9525596188688055,24.765322401428012
1769071845.4884868,1769071845488495536,Sr02_gA_IMG1_LID1_STA1_CFC64_OH0,0122_0950,A,0.5002197623252869,-0.017489537596702576,0.5,0.0,-9.899747142363871,-1.4045986397291073,-2.9460173393681193,24.7015798200104
1769071845.6137981,1769071845613806035,Sr02_gA_IMG1_LID1_STA1_CFC64_OH0,0122_0950,A,0.48799052834510803,-0.01118785236030817,0.5,0.0,-9.948796093811785,-1.4143043066827266,-2.94646092236829,24.659192972350922
1769071845.7379024,1769071845737910518,Sr02_gA_IMG1_LID1_STA1_CFC64_OH0,0122_0950,A,0.48733627796173096,0.004543816205114126,0.5,0.0,-10.022366060867386,-1.428880269219385,-2.9456631988218596,24.59567579847846
1769071845.8533776,1769071845853385127,Sr02_gA_IMG1_LID1_STA1_CFC64_OH0,0122_0950,A,0.5039125680923462,0.0031092949211597443,0.5,0.0,-10.071412172803392,-1.4386002753878888,-2.946230339378414,24.5533684700802
1769071845.978443,1769071845978450858,Sr02_gA_IMG1_LID1_STA1_CFC64_OH0,0122_0950,A,0.4875084459781647,-0.005193213000893593,0.5,0.0,-10.14494781811624,-1.4533087699260676,-2.943082526960895,24.49003941057065
1769071846.0978918,1769071846097900383,Sr02_gA_IMG1_LID1_STA1_CFC64_OH0,0122_0950,A,0.4891429841518402,-0.0009812471689656377,0.5,0.0,-10.19397164392496,-1.4631405497840646,-2.944304729000681,24.447866076751055
1769071846.2125604,1769071846212568037,Sr02_gA_IMG1_LID1_STA1_CFC64_OH0,0122_0950,A,0.49996107816696167,0.0005909486208111048,0.5,0.0,-10.243010275078914,-1.4728981980736482,-2.9460536786529095,24.405681639430814
1769071846.3328035,1769071846332811618,Sr02_gA_IMG1_LID1_STA1_CFC64_OH0,0122_0950,A,0.4958549439907074,0.0030891671776771545,0.5,0.0,-10.316594825247144,-1.4874003328290344,-2.9477005843408137,24.342386811777654
1769071846.4525855,1769071846452594277,Sr02_gA_IMG1_LID1_STA1_CFC64_OH0,0122_0950,A,0.4978561997413635,-0.004424614831805229,0.5,0.0,-10.36565571909644,-1.4970454525694399,-2.947246206815005,24.300214670860946
1769071846.5707362,1769071846570743465,Sr02_gA_IMG1_LID1_STA1_CFC64_OH0,0122_0950,A,0.4994412660598755,0.001514239003881812,0.5,0.0,-10.414712787109886,-1.506710013615374,-2.9469209315443847,24.258082948470737
1769071846.6929574,1769071846692966008,Sr02_gA_IMG1_LID1_STA1_CFC64_OH0,0122_0950,A,0.496812641620636,0.007119421847164631,0.5,0.0,-10.488298520507001,-1.521206182671326,-2.94745083103706,24.19494117348286
1769071846.8160546,1769071846816062160,Sr02_gA_IMG1_LID1_STA1_CFC64_OH0,0122_0950,A,0.497592955827713,0.007083510048687458,0.5,0.0,-10.537359670330055,-1.5308500024082177,-2.9475489588164545,24.15287314380695
1769071846.9353497,1769071846935356937,Sr02_gA_IMG1_LID1_STA1_CFC64_OH0,0122_0950,A,0.4992283284664154,0.010376719757914543,0.5,0.0,-10.610951635317097,-1.5453145096805145,-2.9474260772775955,24.089827264170758
1769071847.0521355,1769071847052145188,Sr02_gA_IMG1_LID1_STA1_CFC64_OH0,0122_0950,A,0.5109855532646179,-0.0025675068609416485,0.5,0.0,-10.660010582224025,-1.5549695286608511,-2.947117161213262,24.047841454912145
1769071847.1731482,1769071847173156382,Sr02_gA_IMG1_LID1_STA1_CFC64_OH0,0122_0950,A,0.49926483631134033,0.006010521203279495,0.5,0.0,-10.70907017345217,-1.5646212720580628,-2.947559616223225,24.005884537160767
1769071847.2926316,1769071847292640939,Sr02_gA_IMG1_LID1_STA1_CFC64_OH0,0122_0950,A,0.4984312057495117,0.007333211600780487,0.5,0.0,-10.782662695697587,-1.5790829433288909,-2.947395213529176,23.94299821260186
1769071847.412472,1769071847412480193,Sr02_gA_IMG1_LID1_STA1_CFC64_OH0,0122_0950,A,0.4975234270095825,-0.0018371277255937457,0.5,0.0,-10.831719396852202,-1.5887493619653257,-2.946683273703042,23.90112692386754
1769071847.5294054,1769071847529414225,Sr02_gA_IMG1_LID1_STA1_CFC64_OH0,0122_0950,A,0.4974575936794281,0.005952377803623676,0.5,0.0,-10.905291479290826,-1.6033146432219973,-2.945554168909491,23.838415461214232
1769071847.6450357,1769071847645044476,Sr02_gA_IMG1_LID1_STA1_CFC64_OH0,0122_0950,A,0.49341729283332825,0.010786306113004684,0.5,0.0,-10.954328710161569,-1.613079347373987,-2.94451649882623,23.79667793233612
1769071847.7647405,1769071847764747470,Sr02_gA_IMG1_LID1_STA1_CFC64_OH0,0122_0950,A,0.49354496598243713,0.010852781124413013,0.5,0.0,-11.003362126543022,-1.6228631987121027,-2.9447732391874766,23.754983091569347
1769071847.8813715,1769071847881379986,Sr02_gA_IMG1_LID1_STA1_CFC64_OH0,0122_0950,A,0.48978832364082336,-0.0020009775180369616,0.5,0.0,-11.076909860004436,-1.6375509436982865,-2.944030003174157,23.692507860100815
1769071848.0008144,1769071848000823504,Sr02_gA_IMG1_LID1_STA1_CFC64_OH0,0122_0950,A,0.49697813391685486,0.0005513564683496952,0.5,0.0,-11.125933648746445,-1.6473829174744623,-2.9432966834952707,23.650920885697584
1769071848.1253362,1769071848125344131,Sr02_gA_IMG1_LID1_STA1_CFC64_OH0,0122_0950,A,0.49690136313438416,0.0005995940882712603,0.5,0.0,-11.174953876856966,-1.6572326338724581,-2.9433886857069935,23.609376622509107
1769071848.2470398,1769071848247047514,Sr02_gA_IMG1_LID1_STA1_CFC64_OH0,0122_0950,A,0.494394987821579,0.0037083630450069904,0.5,0.0,-11.248481993527431,-1.6720182704483006,-2.942681184705973,23.547128168536506
1769071848.3672261,1769071848367233588,Sr02_gA_IMG1_LID1_STA1_CFC64_OH0,0122_0950,A,0.5018550753593445,0.01338070910423994,0.5,0.0,-11.29749076518051,-1.6819248208907054,-2.9416025568886957,23.50569881578816
1769071848.4866192,1769071848486627879,Sr02_gA_IMG1_LID1_STA1_CFC64_OH0,0122_0950,A,0.467117041349411,-0.006745363585650921,0.5,0.0,-11.370984008223031,-1.696882808707546,-2.9402323728616007,23.443673792273373
1769071848.6092896,1769071848609299222,Sr02_gA_IMG1_LID1_STA1_CFC64_OH0,0122_0950,A,0.4669189155101776,-0.006597356405109167,0.5,0.0,-11.419974776537874,-1.706878022290475,-2.9404324695237176,23.402379347385523
1769071848.7234337,1769071848723445934,Sr02_gA_IMG1_LID1_STA1_CFC64_OH0,0122_0950,A,0.5100981593132019,0.01237544510513544,0.5,0.0,-11.493461806878463,-1.7218665397441386,-2.9403483210516583,23.340499041014542
1769071848.8456757,1769071848845683549,Sr02_gA_IMG1_LID1_STA1_CFC64_OH0,0122_0950,A,0.49888744950294495,0.00899511482566595,0.5,0.0,-11.542452418996346,-1.731862519251283,-2.9402572758195067,23.299290426251034
1769071848.965589,1769071848965596280,Sr02_gA_IMG1_LID1_STA1_CFC64_OH0,0122_0950,A,0.49897125363349915,0.009133527986705303,0.5,0.0,-11.591440581073547,-1.741870497601678,-2.939886440783844,23.258123243150997
1769071849.0875325,1769071849087540654,Sr02_gA_IMG1_LID1_STA1_CFC64_OH0,0122_0950,A,0.49270305037498474,0.009499837644398212,0.5,0.0,-11.664906729858945,-1.7569609798006516,-2.938378574993396,23.196483251185306
1769071849.2066898,1769071849206697929,Sr02_gA_IMG1_LID1_STA1_CFC64_OH0,0122_0950,A,0.49699917435646057,-0.00111280451528728,0.5,0.0,-11.713881275263306,-1.76703537757861,-2.9390531090549303,23.15544192958321
1769071849.3288484,1769071849328856478,Sr02_gA_IMG1_LID1_STA1_CFC64_OH0,0122_0950,A,0.5026021599769592,0.00596294179558754,0.5,0.0,-11.762862544909837,-1.7770770316261613,-2.9397143237990284,23.114416759281923
1769071849.4475272,1769071849447535428,Sr02_gA_IMG1_LID1_STA1_CFC64_OH0,0122_0950,A,0.5026301145553589,0.006140314973890781,0.5,0.0,-11.836330780471759,-1.792157358357853,-2.9382712813780247,23.052955908969068
1769071849.5684233,1769071849568431485,Sr02_gA_IMG1_LID1_STA1_CFC64_OH0,0122_0950,A,0.5044662356376648,-0.003919052891433239,0.5,0.0,-11.885296295876657,-1.8022755506625245,-2.9373717706465237,23.012064585812148
1769071849.6870532,1769071849687061513,Sr02_gA_IMG1_LID1_STA1_CFC64_OH0,0122_0950,A,0.49557629227638245,0.002820518333464861,0.5,0.0,-11.958727308668287,-1.8175361130429584,-2.935995802001962,22.950844393846033
1769071849.8123047,1769071849812314154,Sr02_gA_IMG1_LID1_STA1_CFC64_OH0,0122_0950,A,0.5015908479690552,0.0019263210706412792,0.5,0.0,-12.007669415234552,-1.8277669341152107,-2.935045819813015,22.910110283100444
1769071849.9301758,1769071849930183468,Sr02_gA_IMG1_LID1_STA1_CFC64_OH0,0122_0950,A,0.5015523433685303,0.002062062732875347,0.5,0.0,-12.081076237136964,-1.843143467360859,-2.935000465351875,22.84909612703024
1769071850.0529244,1769071850052933432,Sr02_gA_IMG1_LID1_STA1_CFC64_OH0,0122_0950,A,0.5030561685562134,0.0019696829840540886,0.5,0.0,-12.130009953667754,-1.8534143483006817,-2.934402398633509,22.80847819796569
1769071850.172773,1769071850172780160,Sr02_gA_IMG1_LID1_STA1_CFC64_OH0,0122_0950,A,0.5100093483924866,0.008936505764722824,0.5,0.0,-12.178937428295376,-1.8637149226055185,-2.9337883681782033,22.767915359462936
1769071850.3002062,1769071850300216410,Sr02_gA_IMG1_LID1_STA1_CFC64_OH0,0122_0950,A,0.5099289417266846,0.009038802236318588,0.5,0.0,-12.252326796429092,-1.8791745410238758,-2.934140837492206,22.707146924652964
1769071850.419575,1769071850419583483,Sr02_gA_IMG1_LID1_STA1_CFC64_OH0,0122_0950,A,0.5101397633552551,0.0006572108250111341,0.5,0.0,-12.301253287001153,-1.8894797914694195,-2.933858786519931,22.6666812941253
1769071850.5371075,1769071850537116440,Sr02_gA_IMG1_LID1_STA1_CFC64_OH0,0122_0950,A,0.4924664795398712,0.001094352686777711,0.5,0.0,-12.37463846652072,-1.9049592834971831,-2.9335568240481043,22.606067413964436
1769071850.6561475,1769071850656156698,Sr02_gA_IMG1_LID1_STA1_CFC64_OH0,0122_0950,A,0.5085370540618896,0.008052251301705837,0.5,0.0,-12.423559322267634,-1.9152912507411723,-2.9333506181143187,22.565713623424166
1769071850.7822921,1769071850782301130,Sr02_gA_IMG1_LID1_STA1_CFC64_OH0,0122_0950,A,0.5084914565086365,0.008082964457571507,0.5,0.0,-12.472478094237559,-1.9256330795863164,-2.933153650067381,22.525404493862812
1769071850.9010885,1769071850901096219,Sr02_gA_IMG1_LID1_STA1_CFC64_OH0,0122_0950,A,0.5057133436203003,-0.0024093869142234325,0.5,0.0,-12.545846324195752,-1.9411926855134864,-2.9319514950472985,22.465042304875215
1769071851.0205183,1769071851020526519,Sr02_gA_IMG1_LID1_STA1_CFC64_OH0,0122_0950,A,0.5064414739608765,-0.007651862688362598,0.5,0.0,-12.594746894595945,-1.9516202320754672,-2.9310476163238257,22.42488311493333
1769071851.146515,1769071851146522363,Sr02_gA_IMG1_LID1_STA1_CFC64_OH0,0122_0950,A,0.50397127866745,-0.005549178458750248,0.5,0.0,-12.668088623792777,-1.9673043016290948,-2.930856470156319,22.364744856823876
1769071851.2644877,1769071851264498304,Sr02_gA_IMG1_LID1_STA1_CFC64_OH0,0122_0950,A,0.5038995146751404,-0.005592727102339268,0.5,0.0,-12.71698190755439,-1.9777659689681841,-2.9307470350925686,22.324706109795486
1769071851.3814733,1769071851381480066,Sr02_gA_IMG1_LID1_STA1_CFC64_OH0,0122_0950,A,0.49435749650001526,-0.0007132739992812276,0.5,0.0,-12.790311475858555,-1.993506776280442,-2.9295382833268406,22.264753235079528
1769071851.501796,1769071851501804774,Sr02_gA_IMG1_LID1_STA1_CFC64_OH0,0122_0950,A,0.5039201378822327,-0.004567469470202923,0.5,0.0,-12.839187299679052,-2.004049707640474,-2.928834905752299,22.224865677244196
1769071851.6286287,1769071851628636595,Sr02_gA_IMG1_LID1_STA1_CFC64_OH0,0122_0950,A,0.5039060711860657,-0.004510035272687674,0.5,0.0,-12.888061183804608,-2.014601632645392,-2.929075841814324,22.18502465469313
1769071851.7462714,1769071851746280271,Sr02_gA_IMG1_LID1_STA1_CFC64_OH0,0122_0950,A,0.5028297305107117,-0.012863497249782085,0.5,0.0,-12.961382168041556,-2.030382378962785,-2.9301501650098456,22.125311240003498
1769071851.8662934,1769071851866301430,Sr02_gA_IMG1_LID1_STA1_CFC64_OH0,0122_0950,A,0.5149312019348145,-0.01126103661954403,0.5,0.0,-13.010271533768014,-2.040862337823058,-2.9307050823960683,22.085528943117193
1769071851.983486,1769071851983493974,Sr02_gA_IMG1_LID1_STA1_CFC64_OH0,0122_0950,A,0.5073118805885315,0.005038849543780088,0.5,0.0,-13.083616283142298,-2.0565322691970556,-2.93139717486978,22.025902515430317
1769071852.1008573,1769071852100865559,Sr02_gA_IMG1_LID1_STA1_CFC64_OH0,0122_0950,A,0.507292628288269,0.005097095854580402,0.5,0.0,-13.13251617948783,-2.066962984363051,-2.9315070419971723,21.98619396557627
1769071852.2179508,1769071852217958950,Sr02_gA_IMG1_LID1_STA1_CFC64_OH0,0122_0950,A,0.5050100088119507,0.002226250246167183,0.5,0.0,-13.181419209194509,-2.077378997276399,-2.9319637873760303,21.946518325276184
1769071852.3369362,1769071852336944387,Sr02_gA_IMG1_LID1_STA1_CFC64_OH0,0122_0950,A,0.5091215372085571,-0.006709083449095488,0.5,0.0,-13.254782654197944,-2.092961166511939,-2.932724970157193,21.887058057584085
1769071852.450333,1769071852450342629,Sr02_gA_IMG1_LID1_STA1_CFC64_OH0,0122_0950,A,0.509072482585907,-0.006679687183350325,0.5,0.0,-13.303702622281806,-2.103297319608577,-2.9340113159985997,21.84743856300516
1769071852.5712006,1769071852571208037,Sr02_gA_IMG1_LID1_STA1_CFC64_OH0,0122_0950,A,0.5006217360496521,0.0041323765181005,0.5,0.0,-13.352635179720963,-2.1135737119293228,-2.9351534436250044,21.8078243995941
1769071852.6855524,1769071852685560492,Sr02_gA_IMG1_LID1_STA1_CFC64_OH0,0122_0950,A,0.5020121932029724,0.007669371552765369,0.5,0.0,-13.426041565757567,-2.1289523194285462,-2.934723044662432,21.74846088593302
1769071852.8026903,1769071852802697928,Sr02_gA_IMG1_LID1_STA1_CFC64_OH0,0122_0950,A,0.5050022006034851,0.0030693081207573414,0.5,0.0,-13.474972877348929,-2.1392346525692436,-2.934213335923056,21.708957731918908
1769071852.922916,1769071852922923313,Sr02_gA_IMG1_LID1_STA1_CFC64_OH0,0122_0950,A,0.5049973726272583,0.00315683102235198,0.5,0.0,-13.523900140077032,-2.1495362366095385,-2.9339620006566807,21.669510028986895
1769071853.0392754,1769071853039286696,Sr02_gA_IMG1_LID1_STA1_CFC64_OH0,0122_0950,A,0.5039476752281189,0.008640684187412262,0.5,0.0,-13.597293336062064,-2.1649776647658827,-2.9347000011723443,21.610413472459445
1769071853.157541,1769071853157551412,Sr02_gA_IMG1_LID1_STA1_CFC64_OH0,0122_0950,A,0.4948778450489044,0.003287872765213251,0.5,0.0,-13.646230457130494,-2.175232311106157,-2.9353679688044245,21.57104568577534
1769071853.2752523,1769071853275262471,Sr02_gA_IMG1_LID1_STA1_CFC64_OH0,0122_0950,A,0.49538934230804443,0.009025285951793194,0.5,0.0,-13.695169936964803,-2.1854756975321687,-2.9350628605619957,21.531714917025457
1769071853.3926804,1769071853392688495,Sr02_gA_IMG1_LID1_STA1_CFC64_OH0,0122_0950,A,0.5018560290336609,0.012181744910776615,0.5,0.0,-13.768568243324875,-2.200892808989386,-2.9340291972213715,21.472834951061124
1769071853.5066774,1769071853506687432,Sr02_gA_IMG1_LID1_STA1_CFC64_OH0,0122_0950,A,0.502291738986969,-0.0043226126581430435,0.5,0.0,-13.817493454804252,-2.2112041301969225,-2.933722265931288,21.433658697895087
1769071853.6303024,1769071853630310405,Sr02_gA_IMG1_LID1_STA1_CFC64_OH0,0122_0950,A,0.5081948041915894,-0.005763493478298187,0.5,0.0,-13.866415462507435,-2.2215306409607467,-2.93340745863992,21.394537234294557
1769071853.7509239,1769071853750931322,Sr02_gA_IMG1_LID1_STA1_CFC64_OH0,0122_0950,A,0.5092580318450928,-0.007149554323405027,0.5,0.0,-13.939788292904998,-2.2370685419083864,-2.932329402724892,21.335971006319724
1769071853.8653495,1769071853865358207,Sr02_gA_IMG1_LID1_STA1_CFC64_OH0,0122_0950,A,0.5051431655883789,0.0020774719305336475,0.5,0.0,-13.988695792960074,-2.24746354545822,-2.9320006148457494,21.29700744225934
1769071853.9873579,1769071853987366405,Sr02_gA_IMG1_LID1_STA1_CFC64_OH0,0122_0950,A,0.4971845746040344,-0.009798625484108925,0.5,0.0,-14.037597450796824,-2.257885991427761,-2.931155466154985,21.258107703642043
1769071854.103584,1769071854103594619,Sr02_gA_IMG1_LID1_STA1_CFC64_OH0,0122_0950,A,0.4973022937774658,-0.009544254280626774,0.5,0.0,-14.110929996314523,-2.27361289897379,-2.929587937629005,21.199905549404868
1769071854.2200918,1769071854220100363,Sr02_gA_IMG1_LID1_STA1_CFC64_OH0,0122_0950,A,0.4987400472164154,0.005398331675678492,0.5,0.0,-14.15981281790756,-2.2841233412603996,-2.930020194671688,21.161179576167807
1769071854.3336241,1769071854333631623,Sr02_gA_IMG1_LID1_STA1_CFC64_OH0,0122_0950,A,0.5023727416992188,-0.001808720757253468,0.5,0.0,-14.233146839991777,-2.299843396841066,-2.9308697584280474,21.103149890250563
1769071854.4521067,1769071854452115616,Sr02_gA_IMG1_LID1_STA1_CFC64_OH0,0122_0950,A,0.499189555644989,-0.005240622907876968,0.5,0.0,-14.282044569568248,-2.310284259772384,-2.9315847123957353,21.064497525250946
1769071854.5724113,1769071854572420416,Sr02_gA_IMG1_LID1_STA1_CFC64_OH0,0122_0950,A,0.4990525245666504,-0.005201921332627535,0.5,0.0,-14.330944946435883,-2.3207127216130243,-2.9313769726029753,21.025884940276494
1769071854.6885242,1769071854688533539,Sr02_gA_IMG1_LID1_STA1_CFC64_OH0,0122_0950,A,0.4792466163635254,0.007411579601466656,0.5,0.0,-14.404301901496462,-2.336325393557295,-2.93260668980683,20.96803673333723
1769071854.8113,1769071854811308499,Sr02_gA_IMG1_LID1_STA1_CFC64_OH0,0122_0950,A,0.49251842498779297,0.003819321747869253,0.5,0.0,-14.453218931167038,-2.346675451596052,-2.93356111372805,20.929493657880812
1769071854.9311614,1769071854931168199,Sr02_gA_IMG1_LID1_STA1_CFC64_OH0,0122_0950,A,0.4925624430179596,0.003854588605463505,0.5,0.0,-14.502138106683345,-2.35701536887558,-2.9330212928774726,20.890992519603383
1769071855.051341,1769071855051350911,Sr02_gA_IMG1_LID1_STA1_CFC64_OH0,0122_0950,A,0.4627434015274048,-0.0008006606949493289,0.5,0.0,-14.57551271676672,-2.372544884454611,-2.933182771290024,20.83334525829354
1769071855.1688304,1769071855168838997,Sr02_gA_IMG1_LID1_STA1_CFC64_OH0,0122_0950,A,0.4938138425350189,-0.036322224885225296,0.5,0.0,-14.624433479879801,-2.3828772879596047,-2.933706831992518,20.794961732008254
1769071855.29055,1769071855290560711,Sr02_gA_IMG1_LID1_STA1_CFC64_OH0,0122_0950,A,0.4946271777153015,-0.027364805340766907,0.5,0.0,-14.673359634941791,-2.393184129252822,-2.9342274103197012,20.75661088669307
1769071855.4111633,1769071855411172575,Sr02_gA_IMG1_LID1_STA1_CFC64_OH0,0122_0950,A,0.4948822557926178,-0.02733946219086647,0.5,0.0,-14.746747932835984,-2.4086488155219863,-2.933367954455764,20.69918076254165
1769071855.5273373,1769071855527347323,Sr02_gA_IMG1_LID1_STA1_CFC64_OH0,0122_0950,A,0.49898582696914673,0.004636564292013645,0.5,0.0,-14.795665927282402,-2.4189943204339523,-2.9329860201568647,20.660980138798624
1769071855.644739,1769071855644746861,Sr02_gA_IMG1_LID1_STA1_CFC64_OH0,0122_0950,A,0.5026779174804688,0.0170443058013916,0.5,0.0,-14.869035562175984,-2.43454732085111,-2.93250128705434,20.603796915979093
1769071855.7673755,1769071855767383132,Sr02_gA_IMG1_LID1_STA1_CFC64_OH0,0122_0950,A,0.5026939511299133,0.01709771156311035,0.5,0.0,-14.917946970734311,-2.444923919256825,-2.9325813527167557,20.56574364994875
1769071855.8892043,1769071855889213072,Sr02_gA_IMG1_LID1_STA1_CFC64_OH0,0122_0950,A,0.4976379871368408,-0.0031603125389665365,0.5,0.0,-14.966877528308363,-2.455209708916794,-2.9362135420834217,20.527681347649914
1769071856.0084336,1769071856008441132,Sr02_gA_IMG1_LID1_STA1_CFC64_OH0,0122_0950,A,0.4960147738456726,-0.0007559889927506447,0.5,0.0,-15.04033501895371,-2.470342064919756,-2.94049715770589,20.470487657258563
1769071856.131953,1769071856131959013,Sr02_gA_IMG1_LID1_STA1_CFC64_OH0,0122_0950,A,0.49913281202316284,-0.010424264706671238,0.5,0.0,-15.089341024355805,-2.4802622241961854,-2.9432310994588016,20.43231140406869
1769071856.2508633,1769071856250870917,Sr02_gA_IMG1_LID1_STA1_CFC64_OH0,0122_0950,A,0.4991495609283447,-0.010525566525757313,0.5,0.0,-15.162869510378284,-2.4950460248292896,-2.942607254496597,20.37507922588663
1769071856.365496,1769071856365503576,Sr02_gA_IMG1_LID1_STA1_CFC64_OH0,0122_0950,A,0.48608672618865967,-0.04798975959420204,0.5,0.0,-15.211874442657358,-2.5049715318702823,-2.9409028274401487,20.33703473026849
1769071856.4872322,1769071856487240646,Sr02_gA_IMG1_LID1_STA1_CFC64_OH0,0122_0950,A,0.503721296787262,-0.010400024242699146,0.5,0.0,-15.260862359689538,-2.514980680621205,-2.9391930591211786,20.29909768623465
1769071856.5986874,1769071856598695456,Sr02_gA_IMG1_LID1_STA1_CFC64_OH0,0122_0950,A,0.5037117600440979,-0.01042346004396677,0.5,0.0,-15.334329241147223,-2.530067646525046,-2.9392378880372783,20.24233928145291
1769071856.717456,1769071856717465639,Sr02_gA_IMG1_LID1_STA1_CFC64_OH0,0122_0950,A,0.515352189540863,-0.022250674664974213,0.5,0.0,-15.383309419909043,-2.5401146246929796,-2.939313487325128,20.204559069469337
1769071856.8442674,1769071856844275939,Sr02_gA_IMG1_LID1_STA1_CFC64_OH0,0122_0950,A,0.5088424682617188,-0.013604792766273022,0.5,0.0,-15.432294284745238,-2.550138719885434,-2.9402592220937147,20.166816709369392
1769071856.965954,1769071856965964506,Sr02_gA_IMG1_LID1_STA1_CFC64_OH0,0122_0950,A,0.5128771662712097,0.0020991330966353416,0.5,0.0,-15.505791108126775,-2.565079103861828,-2.941835015363078,20.11023915638252
1769071857.0854018,1769071857085409168,Sr02_gA_IMG1_LID1_STA1_CFC64_OH0,0122_0950,A,0.5100468993186951,0.003120682667940855,0.5,0.0,-15.554816314746457,-2.5748829370528434,-2.9466193649779004,20.072486634593645
1769071857.202062,1769071857202070249,Sr02_gA_IMG1_LID1_STA1_CFC64_OH0,0122_0950,A,0.5116774439811707,0.019311264157295227,0.5,0.0,-15.628415691686733,-2.589303971183337,-2.9489355369029298,20.015763404301435
1769071857.323555,1769071857323561796,Sr02_gA_IMG1_LID1_STA1_CFC64_OH0,0122_0950,A,0.49610546231269836,0.0035004541277885437,0.5,0.0,-15.677495616513927,-2.5988517686033568,-2.949977881201094,19.97796996207635
1769071857.4460638,1769071857446071939,Sr02_gA_IMG1_LID1_STA1_CFC64_OH0,0122_0950,A,0.49108755588531494,0.004813207779079676,0.5,0.0,-15.72659106612611,-2.608319370124818,-2.952202935978148,19.940176687060532
1769071857.568407,1769071857568415765,Sr02_gA_IMG1_LID1_STA1_CFC64_OH0,0122_0950,A,0.4705818295478821,-0.0050751520320773125,0.5,0.0,-15.800266630329478,-2.6223517771406106,-2.9544165755263014,19.88347489262692
1769071857.689453,1769071857689461691,Sr02_gA_IMG1_LID1_STA1_CFC64_OH0,0122_0950,A,0.4940740168094635,-0.009069383144378662,0.5,0.0,-15.849392332500997,-2.6316611842248436,-2.954206674576603,19.845710730740464
1769071857.8068645,1769071857806874328,Sr02_gA_IMG1_LID1_STA1_CFC64_OH0,0122_0950,A,0.46885713934898376,-0.01792483776807785,0.5,0.0,-15.92307598274849,-2.645651137626614,-2.953424989531314,19.78918354528496
1769071857.931446,1769071857931453723,Sr02_gA_IMG1_LID1_STA1_CFC64_OH0,0122_0950,A,0.4706459939479828,-0.013901305384933949,0.5,0.0,-15.972184350223907,-2.655051517931393,-2.95149386723443,19.751616647686138
1769071858.0499961,1769071858050004509,Sr02_gA_IMG1_LID1_STA1_CFC64_OH0,0122_0950,A,0.48297205567359924,0.009266864508390427,0.5,0.0,-16.045829483528188,-2.669242835245808,-2.9509294063133265,19.69543119397088
1769071858.1700618,1769071858170070450,Sr02_gA_IMG1_LID1_STA1_CFC64_OH0,0122_0950,A,0.511222779750824,-0.009598404169082642,0.5,0.0,-16.094921136093955,-2.678730157475295,-2.950448086344335,19.65806188325624
1769071858.2925673,1769071858292575199,Sr02_gA_IMG1_LID1_STA1_CFC64_OH0,0122_0950,A,0.49419644474983215,-0.03127651661634445,0.5,0.0,-16.14401291279283,-2.68821683706913,-2.9509555931508946,19.62074837980131
1769071858.4111936,1769071858411202724,Sr02_gA_IMG1_LID1_STA1_CFC64_OH0,0122_0950,A,0.48679468035697937,-0.017210721969604492,0.5,0.0,-16.21766294191591,-2.702382696593388,-2.952413213401347,19.564840647731724
1769071858.525648,1769071858525655485,Sr02_gA_IMG1_LID1_STA1_CFC64_OH0,0122_0950,A,0.5077221989631653,-0.02119705080986023,0.5,0.0,-16.266779283259314,-2.7117413303895446,-2.954205693721155,19.527581924050224
1769071858.6454787,1769071858645487259,Sr02_gA_IMG1_LID1_STA1_CFC64_OH0,0122_0950,A,0.49201807379722595,0.01687096431851387,0.5,0.0,-16.31591081212147,-2.721019915702392,-2.955636060322781,19.490325801032853
1769071858.7645574,1769071858764565213,Sr02_gA_IMG1_LID1_STA1_CFC64_OH0,0122_0950,A,0.4924211800098419,0.019393645226955414,0.5,0.0,-16.389616828154665,-2.7348915377819836,-2.9549410946083636,19.434517394243997
1769071858.8906012,1769071858890610525,Sr02_gA_IMG1_LID1_STA1_CFC64_OH0,0122_0950,A,0.4928615093231201,0.004965731408447027,0.5,0.0,-16.438752825877245,-2.744146440185928,-2.9559009190196917,19.3973885697319
1769071859.0111408,1769071859011149188,Sr02_gA_IMG1_LID1_STA1_CFC64_OH0,0122_0950,A,0.38329750299453735,-0.029056929051876068,0.5,0.0,-16.51249009134917,-2.7578506518170656,-2.9600181607610137,19.341682414015846
1769071859.134062,1769071859134070088,Sr02_gA_IMG1_LID1_STA1_CFC64_OH0,0122_0950,A,0.47854048013687134,0.016527924686670303,0.5,0.0,-16.561675863305922,-2.7668372475511984,-2.9617392331396464,19.304515531883823
1769071859.252291,1769071859252298908,Sr02_gA_IMG1_LID1_STA1_CFC64_OH0,0122_0950,A,0.4816611707210541,0.017032988369464874,0.5,0.0,-16.635482457021613,-2.7801439933787333,-2.963788979002279,19.2487591232055
1769071859.373752,1769071859373760963,Sr02_gA_IMG1_LID1_STA1_CFC64_OH0,0122_0950,A,0.48736199736595154,-0.014388754963874817,0.5,0.0,-16.68468668580736,-2.789028978149043,-2.9620766606357343,19.211668383405662
1769071859.4922855,1769071859492293743,Sr02_gA_IMG1_LID1_STA1_CFC64_OH0,0122_0950,A,0.4512629210948944,-0.039689067751169205,0.5,0.0,-16.73387450632439,-2.7980043451106003,-2.9601372998224624,19.17469812103384
1769071859.6087434,1769071859608752102,Sr02_gA_IMG1_LID1_STA1_CFC64_OH0,0122_0950,A,0.49884071946144104,-0.008757175877690315,0.5,0.0,-16.807634609909435,-2.8115854380970715,-2.9594440797470867,19.119435030527367
1769071859.7315707,1769071859731577700,Sr02_gA_IMG1_LID1_STA1_CFC64_OH0,0122_0950,A,0.5020702481269836,-0.0026144003495573997,0.5,0.0,-16.85682053434759,-2.820571135659495,-2.9623497606514775,19.082620721024938
1769071859.8520844,1769071859852092797,Sr02_gA_IMG1_LID1_STA1_CFC64_OH0,0122_0950,A,0.5057615041732788,-0.0007973222527652979,0.5,0.0,-16.930598149979556,-2.8339947566349784,-2.9603878691446512,19.027483672361114
1769071859.966419,1769071859966427760,Sr02_gA_IMG1_LID1_STA1_CFC64_OH0,0122_0950,A,0.5021433234214783,-0.013021707534790039,0.5,0.0,-16.979771813443055,-2.8430473750434624,-2.958684573123535,18.990866519174222
1769071860.0863593,1769071860086367198,Sr02_gA_IMG1_LID1_STA1_CFC64_OH0,0122_0950,A,0.49608778953552246,-0.02917465567588806,0.5,0.0,-17.02894428111572,-2.8521064960844815,-2.960123422222635,18.954315036998004
1769071860.2086403,1769071860208648493,Sr02_gA_IMG1_LID1_STA1_CFC64_OH0,0122_0950,A,0.4791511595249176,0.012286883778870106,0.5,0.0,-17.10274576744032,-2.865460350087605,-2.9649521328688695,18.899440134832684
1769071860.3242066,1769071860324218823,Sr02_gA_IMG1_LID1_STA1_CFC64_OH0,0122_0950,A,0.4904118478298187,-0.01302542258054018,0.5,0.0,-17.151971584433973,-2.8742249644303883,-2.9658278508590534,18.86283807181131
1769071860.4454927,1769071860445500520,Sr02_gA_IMG1_LID1_STA1_CFC64_OH0,0122_0950,A,0.4793755114078522,-0.010668639093637466,0.5,0.0,-17.201202888036295,-2.8829587157615917,-2.966150722821638,18.826276228708036
1769071860.5622635,1769071860562271333,Sr02_gA_IMG1_LID1_STA1_CFC64_OH0,0122_0950,A,0.47107693552970886,0.0002227530349045992,0.5,0.0,-17.27505307361885,-2.8960411222900295,-2.9664470715112627,18.77153698407805
1769071860.675392,1769071860675400501,Sr02_gA_IMG1_LID1_STA1_CFC64_OH0,0122_0950,A,0.494171679019928,0.0056899674236774445,0.5,0.0,-17.324293788253037,-2.9047216379382883,-2.9677492375306187,18.73509349633051
1769071860.789835,1769071860789842827,Sr02_gA_IMG1_LID1_STA1_CFC64_OH0,0122_0950,A,0.4883412718772888,-0.0011497522937133908,0.5,0.0,-17.373551377317003,-2.913305802533603,-2.970505156749103,18.69864559310005
1769071860.914547,1769071860914554104,Sr02_gA_IMG1_LID1_STA1_CFC64_OH0,0122_0950,A,0.48882952332496643,-0.0032195691019296646,0.5,0.0,-17.447450016951873,-2.926056749213863,-2.969939374448077,18.64401213777317
1769071861.033793,1769071861033802574,Sr02_gA_IMG1_LID1_STA1_CFC64_OH0,0122_0950,A,0.5358092188835144,-0.00606713630259037,0.5,0.0,-17.4967207476856,-2.9345652403845652,-2.97124189520677,18.607668832801597
1769071861.150327,1769071861150335510,Sr02_gA_IMG1_LID1_STA1_CFC64_OH0,0122_0950,A,0.5411906838417053,-0.034000214189291,0.5,0.0,-17.570645660819043,-2.9472185161388462,-2.972671506051212,18.553196527198338
1769071861.2735977,1769071861273606201,Sr02_gA_IMG1_LID1_STA1_CFC64_OH0,0122_0950,A,0.4660557210445404,-0.0057586561888456345,0.5,0.0,-17.619933899878664,-2.9556250120449805,-2.9726492314301733,18.516941091694235
1769071861.3922832,1769071861392291708,Sr02_gA_IMG1_LID1_STA1_CFC64_OH0,0122_0950,A,0.4648135006427765,0.0005045665893703699,0.5,0.0,-17.669219650893915,-2.964046078634462,-2.9720802398019543,18.480760017547944
1769071861.507083,1769071861507090983,Sr02_gA_IMG1_LID1_STA1_CFC64_OH0,0122_0950,A,0.47395390272140503,0.00826569925993681,0.5,0.0,-17.743144944825847,-2.9766971730739904,-2.972204997036238,18.426623294775325
1769071861.6251736,1769071861625181322,Sr02_gA_IMG1_LID1_STA1_CFC64_OH0,0122_0950,A,0.5357651114463806,-0.03882976248860359,0.5,0.0,-17.792430706712967,-2.985118178749947,-2.9725269529788916,18.390604337168288
1769071861.74309,1769071861743097660,Sr02_gA_IMG1_LID1_STA1_CFC64_OH0,0122_0950,A,0.530263364315033,-0.006268650759011507,0.5,0.0,-17.841720372889814,-2.9935162984459764,-2.973133663437855,18.354634756082945
1769071861.859971,1769071861859987808,Sr02_gA_IMG1_LID1_STA1_CFC64_OH0,0122_0950,A,0.5144981145858765,0.024214651435613632,0.5,0.0,-17.915683858452404,-3.005941717747617,-2.977392605682014,18.300682694751266
1769071861.9837186,1769071861983726353,Sr02_gA_IMG1_LID1_STA1_CFC64_OH0,0122_0950,A,0.5084455609321594,0.03039596602320671,0.5,0.0,-17.965013677647413,-3.0141006730891347,-2.9779684763757,18.264709196150616
1769071862.0963964,1769071862096403685,Sr02_gA_IMG1_LID1_STA1_CFC64_OH0,0122_0950,A,0.501886248588562,0.04079527035355568,0.5,0.0,-18.01434612384707,-3.022243733607833,-2.9779806567172185,18.22879063082585
1769071862.2188466,1769071862218854498,Sr02_gA_IMG1_LID1_STA1_CFC64_OH0,0122_0950,A,0.4908941388130188,0.005082016810774803,0.5,0.0,-18.088339499891475,-3.0344903246181505,-2.9769736433942695,18.17506025690648
1769071862.3323414,1769071862332350122,Sr02_gA_IMG1_LID1_STA1_CFC64_OH0,0122_0950,A,0.48984062671661377,0.025157444179058075,0.5,0.0,-18.137667368066502,-3.0425908410790026,-2.9807640145654033,18.13928805346679
1769071862.4528863,1769071862452894655,Sr02_gA_IMG1_LID1_STA1_CFC64_OH0,0122_0950,A,0.4652353823184967,0.002379752229899168,0.5,0.0,-18.187027087104017,-3.0505669119230263,-2.98171651411616,18.10348551242055
1769071862.5680308,1769071862568039267,Sr02_gA_IMG1_LID1_STA1_CFC64_OH0,0122_0950,A,0.5048629641532898,-0.010114870965480804,0.5,0.0,-18.261058683309013,-3.0625801221195847,-2.9789988432377656,18.04994314182116
1769071862.6863542,1769071862686362658,Sr02_gA_IMG1_LID1_STA1_CFC64_OH0,0122_0950,A,0.504745602607727,-0.00487502571195364,0.5,0.0,-18.310386839228567,-3.0707490138155604,-2.9759592563368904,18.014447464870596
1769071862.8042774,1769071862804284624,Sr02_gA_IMG1_LID1_STA1_CFC64_OH0,0122_0950,A,0.4912260174751282,-0.013869031332433224,0.5,0.0,-18.359687152777546,-3.079084208903897,-2.972087729677619,17.979140078297885
1769071862.9215174,1769071862921526931,Sr02_gA_IMG1_LID1_STA1_CFC64_OH0,0122_0950,A,0.4997544586658478,-0.008906825445592403,0.5,0.0,-18.43359168335269,-3.091855970156018,-2.96989687327004,17.926504384366716
1769071863.0455713,1769071863045578967,Sr02_gA_IMG1_LID1_STA1_CFC64_OH0,0122_0950,A,0.4954650402069092,0.010177996940910816,0.5,0.0,-18.482845705511874,-3.100460600640482,-2.967381148328518,17.891568006077957
1769071863.1655664,1769071863165573286,Sr02_gA_IMG1_LID1_STA1_CFC64_OH0,0122_0950,A,0.4815225303173065,-0.012339011766016483,0.5,0.0,-18.556702656646998,-3.113504752603229,-2.9666935546830975,17.839398038344296
1769071863.2829263,1769071863282933777,Sr02_gA_IMG1_LID1_STA1_CFC64_OH0,0122_0950,A,0.45820578932762146,-0.006965647451579571,0.5,0.0,-18.605944250370015,-3.1221802881690914,-2.9677050374633955,17.804693600660233
1769071863.4037573,1769071863403765906,Sr02_gA_IMG1_LID1_STA1_CFC64_OH0,0122_0950,A,0.46006572246551514,-0.002949700690805912,0.5,0.0,-18.655192334163615,-3.130818915156663,-2.9681925432467566,17.77003502431871
1769071863.5203164,1769071863520324355,Sr02_gA_IMG1_LID1_STA1_CFC64_OH0,0122_0950,A,0.4950384795665741,-0.005028692074120045,0.5,0.0,-18.729078842360693,-3.143694523988568,-2.9700433886058284,17.718124166284444
1769071863.6452653,1769071863645275037,Sr02_gA_IMG1_LID1_STA1_CFC64_OH0,0122_0950,A,0.4876661002635956,-0.022121496498584747,0.5,0.0,-18.778348707710453,-3.152208035963485,-2.970934070750762,17.683557395307943
1769071863.7609482,1769071863760957304,Sr02_gA_IMG1_LID1_STA1_CFC64_OH0,0122_0950,A,0.49292561411857605,0.011883987113833427,0.5,0.0,-18.852252180584586,-3.1649859515309284,-2.9700485597652277,17.631851662371393
1769071863.8823526,1769071863882360743,Sr02_gA_IMG1_LID1_STA1_CFC64_OH0,0122_0950,A,0.489362895488739,-0.009043419733643532,0.5,0.0,-18.901523548668177,-3.1734907532853422,-2.9712824575880967,17.597464169269156
1769071864.0005233,1769071864000530870,Sr02_gA_IMG1_LID1_STA1_CFC64_OH0,0122_0950,A,0.4932411313056946,0.010043846443295479,0.5,0.0,-18.95080310506201,-3.1819479930015633,-2.97197902530566,17.563116567626935
1769071864.1226041,1769071864122615607,Sr02_gA_IMG1_LID1_STA1_CFC64_OH0,0122_0950,A,0.47924453020095825,-0.003880441654473543,0.5,0.0,-19.024730609581624,-3.194586159609885,-2.97252259029437,17.511701234501754
1769071864.2429385,1769071864242946967,Sr02_gA_IMG1_LID1_STA1_CFC64_OH0,0122_0950,A,0.48222196102142334,0.0014854089822620153,0.5,0.0,-19.074019803244088,-3.2029870535145575,-2.973025458236389,17.477500927357077
1769071864.3632364,1769071864363243991,Sr02_gA_IMG1_LID1_STA1_CFC64_OH0,0122_0950,A,0.4951052963733673,0.00760890357196331,0.5,0.0,-19.147974880579827,-3.215462686727089,-2.975492651883994,17.42625032907646
1769071864.4792945,1769071864479302112,Sr02_gA_IMG1_LID1_STA1_CFC64_OH0,0122_0950,A,0.48701104521751404,0.009771806187927723,0.5,0.0,-19.197281807742836,-3.223758849848781,-2.9743042571333453,17.392163483753315
1769071864.7040799,1769071864704087979,Sr02_gA_IMG1_LID1_STA1_CFC64_OH0,0122_0950,A,0.4914557635784149,0.01495001744478941,0.5,0.0,-19.24658755721735,-3.2320620167735408,-2.9752085816139524,17.35815893618599
1769071864.8231719,1769071864823181215,Sr02_gA_IMG1_LID1_STA1_CFC64_OH0,0122_0950,A,0.5000026226043701,0.004353817086666822,0.5,0.0,-19.369849853269212,-3.252832242362696,-2.9746110419454275,17.27349710654374
1769071864.9475126,1769071864947520337,Sr02_gA_IMG1_LID1_STA1_CFC64_OH0,0122_0950,A,0.4951348304748535,0.00416296673938632,0.5,0.0,-19.419154203257552,-3.2611437254699047,-2.974516163814665,17.239772275688473
1769071865.070599,1769071865070606950,Sr02_gA_IMG1_LID1_STA1_CFC64_OH0,0122_0950,A,0.4810909926891327,-0.014691317453980446,0.5,0.0,-19.493104761614486,-3.2736462724958244,-2.973536911572073,17.1893602240665
1769071865.1935058,1769071865193513312,Sr02_gA_IMG1_LID1_STA1_CFC64_OH0,0122_0950,A,0.5160136818885803,-0.012344452552497387,0.5,0.0,-19.542396256332697,-3.2820336458924135,-2.972559733012342,17.155891507385768
1769071865.314456,1769071865314464593,Sr02_gA_IMG1_LID1_STA1_CFC64_OH0,0122_0950,A,0.5074465274810791,-0.0023821000941097736,0.5,0.0,-19.616317874520135,-3.2947061565179374,-2.9709386222747387,17.105908915791947
1769071865.4345567,1769071865434565229,Sr02_gA_IMG1_LID1_STA1_CFC64_OH0,0122_0950,A,0.49382850527763367,0.020917393267154694,0.5,0.0,-19.665585246395683,-3.303234069701567,-2.969549579040466,17.07274938270662
1769071865.5526602,1769071865552668292,Sr02_gA_IMG1_LID1_STA1_CFC64_OH0,0122_0950,A,0.497239887714386,0.018636927008628845,0.5,0.0,-19.714845231215353,-3.311804573712292,-2.969114195786443,17.039704494071337
1769071865.6709468,1769071865670955235,Sr02_gA_IMG1_LID1_STA1_CFC64_OH0,0122_0950,A,0.48285263776779175,-0.02136193960905075,0.5,0.0,-19.788728685679946,-3.3246977621525793,-2.9688649149086026,16.990321181157665
1769071865.7931962,1769071865793203031,Sr02_gA_IMG1_LID1_STA1_CFC64_OH0,0122_0950,A,0.515800952911377,-0.005097553133964539,0.5,0.0,-19.837990958093403,-3.3332550835729604,-2.9703340431327887,16.957474139794485
1769071865.9112353,1769071865911243043,Sr02_gA_IMG1_LID1_STA1_CFC64_OH0,0122_0950,A,0.527147114276886,0.0005801327060908079,0.5,0.0,-19.88726494373532,-3.3417447067123076,-2.971591956775437,16.924659143622065
1769071866.0343294,1769071866034337201,Sr02_gA_IMG1_LID1_STA1_CFC64_OH0,0122_0950,A,0.525978684425354,-0.018512394279241562,0.5,0.0,-19.96118945945515,-3.3544003426972773,-2.9722481489132933,16.875534241928577
1769071866.1603966,1769071866160404204,Sr02_gA_IMG1_LID1_STA1_CFC64_OH0,0122_0950,A,0.5286484360694885,-0.03297378495335579,0.5,0.0,-20.010465379871107,-3.362878693888022,-2.9701564308365467,16.842922004778224
1769071866.2843413,1769071866284349086,Sr02_gA_IMG1_LID1_STA1_CFC64_OH0,0122_0950,A,0.4839693605899811,0.0003465393092483282,0.5,0.0,-20.084341168132067,-3.375773423425204,-2.9681121060361755,16.79430668833719
1769071866.4075956,1769071866407605394,Sr02_gA_IMG1_LID1_STA1_CFC64_OH0,0122_0950,A,0.4930623769760132,-0.0024155923165380955,0.5,0.0,-20.13359984333753,-3.3843513979045787,-2.9702482937315517,16.761986412441903
1769071866.5255787,1769071866525588996,Sr02_gA_IMG1_LID1_STA1_CFC64_OH0,0122_0950,A,0.5044844746589661,-0.012768959626555443,0.5,0.0,-20.207508241502182,-3.3971008184320866,-2.9710052554494832,16.713577951288418
1769071866.642134,1769071866642142317,Sr02_gA_IMG1_LID1_STA1_CFC64_OH0,0122_0950,A,0.5158987641334534,-0.010989531874656677,0.5,0.0,-20.25678225311535,-3.4055903096883027,-2.9709472423675263,16.681407062563952
1769071866.7663925,1769071866766401139,Sr02_gA_IMG1_LID1_STA1_CFC64_OH0,0122_0950,A,0.5077341198921204,-0.013375598005950451,0.5,0.0,-20.306063849551556,-3.4140356173373902,-2.972798464158018,16.64928976790849
1769071866.8850043,1769071866885012278,Sr02_gA_IMG1_LID1_STA1_CFC64_OH0,0122_0950,A,0.5059317350387573,-0.00783610250800848,0.5,0.0,-20.38002531846664,-3.426473048117905,-2.977122101105422,16.601100060339924
1769071867.0047374,1769071867004744779,Sr02_gA_IMG1_LID1_STA1_CFC64_OH0,0122_0950,A,0.4949321746826172,0.012424341402947903,0.5,0.0,-20.429350432541558,-3.4346604044964186,-2.9770874543298538,16.56900308877885
1769071867.1316543,1769071867131662672,Sr02_gA_IMG1_LID1_STA1_CFC64_OH0,0122_0950,A,0.5050192475318909,0.0035515432246029377,0.5,0.0,-20.503339524054436,-3.4469328761469824,-2.9774980757160443,16.521017760078912
1769071867.250244,1769071867250252118,Sr02_gA_IMG1_LID1_STA1_CFC64_OH0,0122_0950,A,0.5028386116027832,0.0038982429541647434,0.5,0.0,-20.552673055745544,-3.455069336930493,-2.9787749673845254,16.489104177449516
1769071867.3653786,1769071867365387440,Sr02_gA_IMG1_LID1_STA1_CFC64_OH0,0122_0950,A,0.5082069635391235,-0.026614118367433548,0.5,0.0,-20.62669116040184,-3.46716554164938,-2.980471115391481,16.44131785359137
1769071867.484573,1769071867484580729,Sr02_gA_IMG1_LID1_STA1_CFC64_OH0,0122_0950,A,0.48575568199157715,-0.005771166179329157,0.5,0.0,-20.67604888401958,-3.4751539356026178,-2.981753281057168,16.40951412267004
1769071867.6063387,1769071867606347159,Sr02_gA_IMG1_LID1_STA1_CFC64_OH0,0122_0950,A,0.5001962780952454,0.005511094816029072,0.5,0.0,-20.725414636895337,-3.4830925751649473,-2.9825368912064496,16.377762291612807
1769071867.7240806,1769071867724089798,Sr02_gA_IMG1_LID1_STA1_CFC64_OH0,0122_0950,A,0.5050521492958069,-0.0033003059215843678,0.5,0.0,-20.79945919070978,-3.495025797724729,-2.9809645855926927,16.330325684957643
1769071867.847429,1769071867847437798,Sr02_gA_IMG1_LID1_STA1_CFC64_OH0,0122_0950,A,0.5074937343597412,-0.026903759688138962,0.5,0.0,-20.84881411776218,-3.5030314727309535,-2.980609429960825,16.298855839785574
1769071867.9693878,1769071867969395884,Sr02_gA_IMG1_LID1_STA1_CFC64_OH0,0122_0950,A,0.49716025590896606,-0.008015794679522514,0.5,0.0,-20.898166085744876,-3.5110553687756645,-2.9802230735599116,16.267493184978456
1769071868.0924687,1769071868092477495,Sr02_gA_IMG1_LID1_STA1_CFC64_OH0,0122_0950,A,0.5072247982025146,-0.005911407992243767,0.5,0.0,-20.972208680693235,-3.5230005283843315,-2.9833964975367993,16.22055273314337
1769071868.215529,1769071868215536409,Sr02_gA_IMG1_LID1_STA1_CFC64_OH0,0122_0950,A,0.48627233505249023,0.008938617072999477,0.5,0.0,-21.021586600896487,-3.5308631367387657,-2.983973617651263,16.189296644819738
1769071868.3325927,1769071868332600641,Sr02_gA_IMG1_LID1_STA1_CFC64_OH0,0122_0950,A,0.4899473488330841,0.007738213054835796,0.5,0.0,-21.0956534338402,-3.5426573421665015,-2.983436007346231,16.14258965284992
1769071868.4515011,1769071868451518821,Sr02_gA_IMG1_LID1_STA1_CFC64_OH0,0122_0950,A,0.4900115132331848,0.017506204545497894,0.5,0.0,-21.14503069357466,-3.55052410016461,-2.98376603687596,16.111573538037604
1769071868.569178,1769071868569186174,Sr02_gA_IMG1_LID1_STA1_CFC64_OH0,0122_0950,A,0.49672648310661316,0.008493063971400261,0.5,0.0,-21.219121823938853,-3.562164398366405,-2.9874238308177583,16.065101595527608
1769071868.6852665,1769071868685275755,Sr02_gA_IMG1_LID1_STA1_CFC64_OH0,0122_0950,A,0.4784497320652008,0.1153377816081047,0.5,0.0,-21.268531868093145,-3.5698225369018437,-2.988225410095013,16.03415906251925
1769071868.8065314,1769071868806541046,Sr02_gA_IMG1_LID1_STA1_CFC64_OH0,0122_0950,A,0.49042221903800964,0.05843435227870941,0.5,0.0,-21.3179472336963,-3.5774462664702997,-2.9888165515376577,16.003285497917773
1769071868.9274013,1769071868927409429,Sr02_gA_IMG1_LID1_STA1_CFC64_OH0,0122_0950,A,0.5047126412391663,-0.0010940677020698786,0.5,0.0,-21.392069166343028,-3.5888890661326944,-2.987784775906198,15.957162666836249
1769071869.042777,1769071869042786095,Sr02_gA_IMG1_LID1_STA1_CFC64_OH0,0122_0950,A,0.5029146671295166,-0.0027435943484306335,0.5,0.0,-21.44147593793681,-3.596568289980513,-2.9870109556106286,15.926576720572568
1769071869.1647742,1769071869164782157,Sr02_gA_IMG1_LID1_STA1_CFC64_OH0,0122_0950,A,0.49704214930534363,0.002824158873409033,0.5,0.0,-21.490873690650528,-3.6043052849181914,-2.985358025248899,15.89613560684865
1769071869.286392,1769071869286400899,Sr02_gA_IMG1_LID1_STA1_CFC64_OH0,0122_0950,A,0.50777667760849,-0.004241927061229944,0.5,0.0,-21.564938778122418,-3.6160396613111443,-2.9834401733091394,15.850772121841977
1769071869.4033291,1769071869403335982,Sr02_gA_IMG1_LID1_STA1_CFC64_OH0,0122_0950,A,0.5137564539909363,-0.015307869762182236,0.5,0.0,-21.61422264757374,-3.624163160414785,-2.9725165009437515,15.820930667735013
1769071869.5280466,1769071869528054481,Sr02_gA_IMG1_LID1_STA1_CFC64_OH0,0122_0950,A,0.5022004842758179,-0.022906064987182617,0.5,0.0,-21.688066027990775,-3.6371502503381197,-2.9640112994022916,15.776977679673983
1769071869.6454334,1769071869645441746,Sr02_gA_IMG1_LID1_STA1_CFC64_OH0,0122_0950,A,0.49753251671791077,-0.017012299969792366,0.5,0.0,-21.73728019902874,-3.645980032032695,-2.964120699349559,15.747936525698343
1769071869.7712777,1769071869771286505,Sr02_gA_IMG1_LID1_STA1_CFC64_OH0,0122_0950,A,0.5053691864013672,-0.1009790375828743,0.5,0.0,-21.786496063345353,-3.6548003702830707,-2.9643950570734443,15.718992930313862
1769071869.8957562,1769071869895764434,Sr02_gA_IMG1_LID1_STA1_CFC64_OH0,0122_0950,A,0.5047457218170166,-0.1019873097538948,0.5,0.0,-21.86032027842852,-3.668028540523887,-2.964153449920239,15.67577442147673
1769071870.0198896,1769071870019898225,Sr02_gA_IMG1_LID1_STA1_CFC64_OH0,0122_0950,A,0.5023131370544434,0.0007827677763998508,0.5,0.0,-21.909537091903246,-3.6768435797670143,-2.9645776404271653,15.64709236621429
1769071870.13965,1769071870139659860,Sr02_gA_IMG1_LID1_STA1_CFC64_OH0,0122_0950,A,0.4916732609272003,-0.12717096507549286,0.5,0.0,-21.983378941544824,-3.6899728591174443,-2.9669151077147013,15.604192981532938
1769071870.2622988,1769071870262306871,Sr02_gA_IMG1_LID1_STA1_CFC64_OH0,0122_0950,A,0.5057692527770996,-0.050659820437431335,0.5,0.0,-22.03262797896445,-3.698605987341446,-2.9692057100162716,15.57562842357096
1769071870.3793721,1769071870379379845,Sr02_gA_IMG1_LID1_STA1_CFC64_OH0,0122_0950,A,0.5056557655334473,-0.05060162395238876,0.5,0.0,-22.10650124962434,-3.711366975939572,-2.972759847044012,15.532850434883795
1769071870.4988408,1769071870498848991,Sr02_gA_IMG1_LID1_STA1_CFC64_OH0,0122_0950,A,0.512434184551239,-0.11372236162424088,0.5,0.0,-22.155830237742045,-3.719519570721876,-2.9828518403748725,15.504157831883395
1769071870.616913,1769071870616919689,Sr02_gA_IMG1_LID1_STA1_CFC64_OH0,0122_0950,A,0.507097065448761,-0.1613619029521942,0.5,0.0,-22.205241037976688,-3.7271714221112466,-2.9930505538978336,15.475157430087776
1769071870.7373028,1769071870737310554,Sr02_gA_IMG1_LID1_STA1_CFC64_OH0,0122_0950,A,0.5069353580474854,-0.1623050719499588,0.5,0.0,-22.279380856259102,-3.7380612842569167,-2.9964000069210766,15.431418754219361
1769071870.8605258,1769071870860535149,Sr02_gA_IMG1_LID1_STA1_CFC64_OH0,0122_0950,A,0.5196656584739685,-0.35992422699928284,0.5,-0.5,-22.328803293768367,-3.745018908852983,-3.0079616303538335,15.402177851699472
1769071870.9767442,1769071870976752178,Sr02_gA_IMG1_LID1_STA1_CFC64_OH0,0122_0950,A,0.4854224920272827,-0.4661354720592499,0.5,-0.5,-22.403152934115724,-3.7546423103799555,-3.016742953532419,15.357778335227659
1769071871.0946355,1769071871094644164,Sr02_gA_IMG1_LID1_STA1_CFC64_OH0,0122_0950,A,0.4894455373287201,-0.49113157391548157,0.5,-0.5,-22.452779291910975,-3.760743044728206,-3.021803107654822,15.328041048656619
1769071871.2118962,1769071871211904623,Sr02_gA_IMG1_LID1_STA1_CFC64_OH0,0122_0950,A,0.4893973469734192,-0.49215513467788696,0.5,-0.5,-22.502430840072076,-3.7664475156481534,-3.032869347070897,15.298103609394193
1769071871.332493,1769071871332499986,Sr02_gA_IMG1_LID1_STA1_CFC64_OH0,0122_0950,A,0.5136946439743042,-0.4251388907432556,0.5,-0.5,-22.577060496584775,-3.7737560814666304,-3.0559970997786836,15.252378293252773
1769071871.4527926,1769071871452800667,Sr02_gA_IMG1_LID1_STA1_CFC64_OH0,0122_0950,A,0.5206627249717712,-0.5111784338951111,0.5,-0.5,-22.626909941251355,-3.777626179499711,-3.07222758022643,15.221223944978453
1769071871.5772471,1769071871577255496,Sr02_gA_IMG1_LID1_STA1_CFC64_OH0,0122_0950,A,0.5215202569961548,-0.5158599019050598,0.5,-0.5,-22.676501438248827,-3.780484277899943,-3.099534817761033,15.189602424047719
1769071871.6953137,1769071871695322574,Sr02_gA_IMG1_LID1_STA1_CFC64_OH0,0122_0950,A,0.5092964768409729,-0.5119092464447021,0.5,-0.5,-22.75140073561182,-3.781296196025049,3.1181391491251533,15.139445435681957
1769071871.814773,1769071871814780416,Sr02_gA_IMG1_LID1_STA1_CFC64_OH0,0122_0950,A,0.47975954413414,-0.36835262179374695,0.5,-0.5,-22.801338099274915,-3.778896857261389,3.069026057938144,15.10394728280808
1769071871.9358366,1769071871935844453,Sr02_gA_IMG1_LID1_STA1_CFC64_OH0,0122_0950,A,0.46724772453308105,-0.33713865280151367,0.5,-0.5,-22.875873193664116,-3.77071161690551,2.9965533958518105,15.047707610991496
1769071872.056346,1769071872056359748,Sr02_gA_IMG1_LID1_STA1_CFC64_OH0,0122_0950,A,0.4673447608947754,-0.353730171918869,0.5,-0.5,-22.92517970805061,-3.762435702005262,2.9540395409945908,15.00847133398347
1769071872.1828046,1769071872182813268,Sr02_gA_IMG1_LID1_STA1_CFC64_OH0,0122_0950,A,0.4403288960456848,-0.4734199643135071,0.5,-0.5,-22.99819662728569,-3.745691482471832,2.8778024670576197,14.947146522098082
1769071872.3073611,1769071872307371961,Sr02_gA_IMG1_LID1_STA1_CFC64_OH0,0122_0950,A,0.4542003571987152,-0.40856534242630005,0.5,-0.5,-23.046109459831104,-3.731415428574003,2.826216526823125,14.904523445869586
1769071872.4280193,1769071872428027426,Sr02_gA_IMG1_LID1_STA1_CFC64_OH0,0122_0950,A,0.5023344159126282,-0.5590542554855347,0.5,-0.5,-23.116408475807518,-3.7055011681498984,2.7542447365049756,14.83836002786563
1769071872.5450206,1769071872545029159,Sr02_gA_IMG1_LID1_STA1_CFC64_OH0,0122_0950,A,0.5066405534744263,-0.5608223676681519,0.5,-0.5,-23.16234621994472,-3.685766884493754,2.717721636523403,14.793076711803174
1769071872.6634736,1769071872663482111,Sr02_gA_IMG1_LID1_STA1_CFC64_OH0,0122_0950,A,0.47838976979255676,-0.47013428807258606,0.5,-0.5,-23.207566143424916,-3.66443799867563,2.6840078134352043,14.747106651872729
1769071872.7808187,1769071872780827098,Sr02_gA_IMG1_LID1_STA1_CFC64_OH0,0122_0950,A,0.5071041584014893,-0.5603929162025452,0.5,-0.5,-23.2739015695463,-3.6295511620036294,2.6298756442159044,14.67702120624858
1769071872.9027529,1769071872902759931,Sr02_gA_IMG1_LID1_STA1_CFC64_OH0,0122_0950,A,0.5086670517921448,-0.5623289942741394,0.5,-0.5,-23.31685536110515,-3.604090517140888,2.5829054617662384,14.62951125204091
1769071873.0286403,1769071873028647417,Sr02_gA_IMG1_LID1_STA1_CFC64_OH0,0122_0950,A,0.47991323471069336,-0.3451257050037384,0.5,-0.5,-23.3586829085473,-3.576702471252802,2.5414003899782207,14.581314125011488
1769071873.1512022,1769071873151210980,Sr02_gA_IMG1_LID1_STA1_CFC64_OH0,0122_0950,A,0.4802168607711792,-0.46592432260513306,0.5,-0.5,-23.41884170319053,-3.53227432320977,2.464907702852813,14.508229683629754
1769071873.2738554,1769071873273865638,Sr02_gA_IMG1_LID1_STA1_CFC64_OH0,0122_0950,A,0.511587917804718,-0.3497518002986908,0.5,-0.5,-23.45692616124726,-3.499887312849831,2.4088255151402738,14.45876742210366
1769071873.3964434,1769071873396450822,Sr02_gA_IMG1_LID1_STA1_CFC64_OH0,0122_0950,A,0.5102739334106445,-0.3499031662940979,0.5,-0.5,-23.510763062480716,-3.4477918820317437,2.3360241955741023,14.384104373763936
1769071873.5147483,1769071873514756530,Sr02_gA_IMG1_LID1_STA1_CFC64_OH0,0122_0950,A,0.49465620517730713,-0.2946680784225464,0.5,-0.5,-23.544369844838673,-3.410779323803404,2.279984969257289,14.334118796253966
1769071873.6380978,1769071873638106183,Sr02_gA_IMG1_LID1_STA1_CFC64_OH0,0122_0950,A,0.4914513826370239,-0.20947252213954926,0.5,-0.5,-23.59073538812676,-3.3519144728059493,2.197808477166126,14.259289420763437
1769071873.7558036,1769071873755812939,Sr02_gA_IMG1_LID1_STA1_CFC64_OH0,0122_0950,A,0.48130059242248535,-0.4849214553833008,0.5,-0.5,-23.619245061299203,-3.3110067886632564,2.162108204472593,14.209735374897143
1769071873.8779678,1769071873877975898,Sr02_gA_IMG1_LID1_STA1_CFC64_OH0,0122_0950,A,0.4923008978366852,-0.46970295906066895,0.5,-0.5,-23.646145854272785,-3.268990133816474,2.1172381272946548,14.16041170275544
1769071873.996441,1769071873996449196,Sr02_gA_IMG1_LID1_STA1_CFC64_OH0,0122_0950,A,0.4894775450229645,-0.27585121989250183,0.5,-0.5,-23.683232717738772,-3.2038603297211665,2.061968389235235,14.087009685447368
1769071874.116813,1769071874116820152,Sr02_gA_IMG1_LID1_STA1_CFC64_OH0,0122_0950,A,0.49958980083465576,-0.07808774709701538,0.5,0.0,-23.70603962514339,-3.1593677510724394,2.0269781254780495,14.038547450367126
1769071874.2342803,1769071874234287228,Sr02_gA_IMG1_LID1_STA1_CFC64_OH0,0122_0950,A,0.5023615956306458,-0.057719744741916656,0.5,0.0,-23.737536110851817,-3.0913444545429107,1.9835138536251853,13.966709759338775
1769071874.3531866,1769071874353194842,Sr02_gA_IMG1_LID1_STA1_CFC64_OH0,0122_0950,A,0.5162007212638855,-0.03337351232767105,0.5,0.0,-23.757109958015853,-3.045336056356377,1.9625666189411988,13.919287053420618
1769071874.4766963,1769071874476704648,Sr02_gA_IMG1_LID1_STA1_CFC64_OH0,0122_0950,A,0.4909338653087616,-0.02626369148492813,0.5,0.0,-23.775265578799488,-2.9993864317680075,1.9274740672402626,13.872868353295134
1769071874.5958922,1769071874595900702,Sr02_gA_IMG1_LID1_STA1_CFC64_OH0,0122_0950,A,0.5098118185997009,0.022562295198440552,0.5,0.0,-23.798929706174686,-2.928291231670792,1.8576396082483568,13.80403544928064
1769071874.7127912,1769071874712799734,Sr02_gA_IMG1_LID1_STA1_CFC64_OH0,0122_0950,A,0.5228927731513977,0.026029709726572037,0.5,0.0,-23.812297365477413,-2.8802562953039503,1.8282144632562745,13.759313064628765
1769071874.8328557,1769071874832864957,Sr02_gA_IMG1_LID1_STA1_CFC64_OH0,0122_0950,A,0.4982704520225525,0.028508242219686508,0.5,0.0,-23.83051696486151,-2.8076927276587127,1.8103861724143573,13.69314131151142
1769071874.957862,1769071874957870807,Sr02_gA_IMG1_LID1_STA1_CFC64_OH0,0122_0950,A,0.49463024735450745,0.011689754202961922,0.5,0.0,-23.842241931686882,-2.7590869883478715,1.8046142061720905,13.649188128004779
1769071875.0846841,1769071875084692083,Sr02_gA_IMG1_LID1_STA1_CFC64_OH0,0122_0950,A,0.5007601380348206,-0.00393853522837162,0.5,0.0,-23.85374540506945,-2.7104283050254807,1.8012768417681155,13.60538620354088
1769071875.2016516,1769071875201659402,Sr02_gA_IMG1_LID1_STA1_CFC64_OH0,0122_0950,A,0.479590505361557,0.014683942310512066,0.5,0.0,-23.870723681156957,-2.637386761900511,1.7975785851794426,13.539910782471408
1769071875.323284,1769071875323293917,Sr02_gA_IMG1_LID1_STA1_CFC64_OH0,0122_0950,A,0.4798000156879425,-0.019194524735212326,0.5,0.0,-23.882020798558298,-2.5886797425912467,1.7998347948249525,13.496320834545438
1769071875.4431577,1769071875443165187,Sr02_gA_IMG1_LID1_STA1_CFC64_OH0,0122_0950,A,0.5145847797393799,0.040985483676195145,0.5,0.0,-23.89918923168082,-2.515671270466442,1.8037541369752195,13.430907207919907
1769071875.5640976,1769071875564105698,Sr02_gA_IMG1_LID1_STA1_CFC64_OH0,0122_0950,A,0.5179080367088318,0.03917258232831955,0.5,0.0,-23.9108013826965,-2.467038401557385,1.8066049563874151,13.38727003204613
1769071875.6850624,1769071875685069713,Sr02_gA_IMG1_LID1_STA1_CFC64_OH0,0122_0950,A,0.4796215891838074,-0.011566570959985256,0.5,0.0,-23.928385988069202,-2.394129008036422,1.808045875273858,13.321814207074583
1769071875.804487,1769071875804494762,Sr02_gA_IMG1_LID1_STA1_CFC64_OH0,0122_0950,A,0.49831172823905945,0.00848367065191269,0.5,0.0,-23.940128374718576,-2.345527402995513,1.80783823751045,13.278223320851028
1769071875.9264534,1769071875926460969,Sr02_gA_IMG1_LID1_STA1_CFC64_OH0,0122_0950,A,0.5008260607719421,-0.008587334305047989,0.5,0.0,-23.951905467154443,-2.296934200511767,1.8093066253724344,13.234660195033772
1769071876.0525284,1769071876052536532,Sr02_gA_IMG1_LID1_STA1_CFC64_OH0,0122_0950,A,0.48758256435394287,-0.0034694497007876635,0.5,0.0,-23.969564111890296,-2.2240541226818076,1.8074865008601402,13.169413129381946
1769071876.1688318,1769071876168847777,Sr02_gA_IMG1_LID1_STA1_CFC64_OH0,0122_0950,A,0.49989771842956543,0.012024661526083946,0.5,0.0,-23.981388002328586,-2.1754723177823454,1.811585017539721,13.125941163620915
1769071876.2894504,1769071876289460840,Sr02_gA_IMG1_LID1_STA1_CFC64_OH0,0122_0950,A,0.493412047624588,0.0023999870754778385,0.5,0.0,-23.999481476881932,-2.1026994186236636,1.8165843093591514,13.060647022454075
1769071876.4093196,1769071876409328491,Sr02_gA_IMG1_LID1_STA1_CFC64_OH0,0122_0950,A,0.5136728286743164,0.03581585735082626,0.5,0.0,-24.011619461316894,-2.054195101976887,1.815427659011662,13.017131373334346
1769071876.5313745,1769071876531383926,Sr02_gA_IMG1_LID1_STA1_CFC64_OH0,0122_0950,A,0.5252685546875,0.006973257288336754,0.5,0.0,-24.023749968588806,-2.0056889134359657,1.8162760093468722,12.973666278770645
1769071876.6541183,1769071876654125319,Sr02_gA_IMG1_LID1_STA1_CFC64_OH0,0122_0950,A,0.5189111232757568,0.0029256544075906277,0.5,0.0,-24.041953041734164,-1.9329314617783402,1.8153805198477786,12.9085536064154
1769071876.7758107,1769071876775819224,Sr02_gA_IMG1_LID1_STA1_CFC64_OH0,0122_0950,A,0.4925452470779419,0.013406760059297085,0.5,0.0,-24.054052270908816,-1.8844174605896056,1.8150335743548296,12.86522359311268
1769071876.8955147,1769071876895522812,Sr02_gA_IMG1_LID1_STA1_CFC64_OH0,0122_0950,A,0.49422842264175415,0.008734127506613731,0.5,0.0,-24.07224228034795,-1.811656746771855,1.816489831538441,12.800298460397467
1769071877.0131998,1769071877013207537,Sr02_gA_IMG1_LID1_STA1_CFC64_OH0,0122_0950,A,0.4981185793876648,-0.008023226633667946,0.5,0.0,-24.084409552319475,-1.763159765796293,1.8167298304243202,12.757055364886288
1769071877.1339955,1769071877134003957,Sr02_gA_IMG1_LID1_STA1_CFC64_OH0,0122_0950,A,0.4969974458217621,-0.00311660161241889,0.5,0.0,-24.096669461875187,-1.7146861479353315,1.8203113847316366,12.713813720919829
1769071877.2484405,1769071877248448709,Sr02_gA_IMG1_LID1_STA1_CFC64_OH0,0122_0950,A,0.44492286443710327,0.013718686066567898,0.5,0.0,-24.115266545929895,-1.6420284094329711,1.8218937710144616,12.6489368197105
1769071877.3694527,1769071877369462373,Sr02_gA_IMG1_LID1_STA1_CFC64_OH0,0122_0950,A,0.44473427534103394,0.011702492833137512,0.5,0.0,-24.12769698662763,-1.5935982142115743,1.8221863368390159,12.60573109034595
1769071877.4928665,1769071877492875695,Sr02_gA_IMG1_LID1_STA1_CFC64_OH0,0122_0950,A,0.5011321306228638,-0.016650890931487083,0.5,0.0,-24.146411642585864,-1.5209706764663693,1.823894268568541,12.540981111659184
1769071877.6149724,1769071877614987525,Sr02_gA_IMG1_LID1_STA1_CFC64_OH0,0122_0950,A,0.5063967704772949,-0.007320133037865162,0.5,0.0,-24.1589529999258,-1.4725690868219783,1.8247676801678214,12.497844127501759
1769071877.7364361,1769071877736444335,Sr02_gA_IMG1_LID1_STA1_CFC64_OH0,0122_0950,A,0.5037756562232971,-0.007527589797973633,0.5,0.0,-24.171496078319937,-1.4241679429001595,1.8239653716394273,12.45475756140237
1769071877.8558328,1769071877855840283,Sr02_gA_IMG1_LID1_STA1_CFC64_OH0,0122_0950,A,0.4995441734790802,-0.016159730032086372,0.5,0.0,-24.190258353785982,-1.3515526814365912,1.8235680893734412,12.39025273764652
1769071877.9740849,1769071877974094052,Sr02_gA_IMG1_LID1_STA1_CFC64_OH0,0122_0950,A,0.5031513571739197,-0.010045686736702919,0.5,0.0,-24.202795985750562,-1.30315012906897,1.824939952149654,12.347299796266858
1769071878.0962245,1769071878096232773,Sr02_gA_IMG1_LID1_STA1_CFC64_OH0,0122_0950,A,0.5050177574157715,-0.023298680782318115,0.5,0.0,-24.221714605883765,-1.2305754508724591,1.8261484399121701,12.28291071642773
1769071878.2174413,1769071878217448981,Sr02_gA_IMG1_LID1_STA1_CFC64_OH0,0122_0950,A,0.5105342864990234,-0.02780962735414505,0.5,0.0,-24.23430362795502,-1.1821862410368167,1.8244833552241915,12.240064270716758
1769071878.334646,1769071878334655189,Sr02_gA_IMG1_LID1_STA1_CFC64_OH0,0122_0950,A,0.4721240997314453,-0.04387339949607849,0.5,0.0,-24.24683464500825,-1.1337819728041738,1.823751335977786,12.197303356602493
1769071878.4514756,1769071878451484428,Sr02_gA_IMG1_LID1_STA1_CFC64_OH0,0122_0950,A,0.46358296275138855,-0.03414985537528992,0.5,0.0,-24.265563668443114,-1.061158131309991,1.8225400321471459,12.133302172911005
1769071878.5747032,1769071878574710931,Sr02_gA_IMG1_LID1_STA1_CFC64_OH0,0122_0950,A,0.4845941960811615,-0.034003376960754395,0.5,0.0,-24.277979190471374,-1.0127241148383892,1.8209240636260173,12.0907431938671
1769071878.6991751,1769071878699182880,Sr02_gA_IMG1_LID1_STA1_CFC64_OH0,0122_0950,A,0.48462074995040894,-0.0325775220990181,0.5,0.0,-24.296483432631643,-0.9400426792816549,1.8190910179763775,12.027077128262363
1769071878.8200254,1769071878820033521,Sr02_gA_IMG1_LID1_STA1_CFC64_OH0,0122_0950,A,0.49979540705680847,-0.0033506578765809536,0.5,0.0,-24.30871452571743,-0.8915617664003661,1.816761154494924,11.984763689986927
1769071878.9387743,1769071878938782602,Sr02_gA_IMG1_LID1_STA1_CFC64_OH0,0122_0950,A,0.49006885290145874,0.00875595398247242,0.5,0.0,-24.326821159288105,-0.8187803134367314,1.8121078203169954,11.921538262691131
1769071879.0598488,1769071879059856472,Sr02_gA_IMG1_LID1_STA1_CFC64_OH0,0122_0950,A,0.49055537581443787,0.008637730032205582,0.5,0.0,-24.338663667625905,-0.7702030479976687,1.807817717721767,11.879591971020119
1769071879.1847575,1769071879184765362,Sr02_gA_IMG1_LID1_STA1_CFC64_OH0,0122_0950,A,0.49467286467552185,-0.009249327704310417,0.5,0.0,-24.35032107349016,-0.7215810144992074,1.8044027356981822,11.83781272152203
1769071879.302696,1769071879302705287,Sr02_gA_IMG1_LID1_STA1_CFC64_OH0,0122_0950,A,0.49950411915779114,0.011331985704600811,0.5,0.0,-24.367496520026165,-0.6485742259402034,1.7993292886466252,11.775441242759205
1769071879.4307878,1769071879430795566,Sr02_gA_IMG1_LID1_STA1_CFC64_OH0,0122_0950,A,0.5038570165634155,0.004662110470235348,0.5,0.0,-24.37874461687094,-0.599855874275343,1.7960715416804798,11.734058742908916
1769071879.5530694,1769071879553077153,Sr02_gA_IMG1_LID1_STA1_CFC64_OH0,0122_0950,A,0.503199577331543,0.002616399433463812,0.5,0.0,-24.39546133934361,-0.5267426034302312,1.7956398419900785,11.672201749470526
1769071879.6718004,1769071879671808328,Sr02_gA_IMG1_LID1_STA1_CFC64_OH0,0122_0950,A,0.5034428834915161,0.0002167972270399332,0.5,0.0,-24.40663036700748,-0.47800604277700415,1.7965154357562911,11.63103534787037
1769071879.7948532,1769071879794861578,Sr02_gA_IMG1_LID1_STA1_CFC64_OH0,0122_0950,A,0.5000550150871277,0.04128812253475189,0.5,0.0,-24.42345934105304,-0.40491853099136776,1.7972744957698246,11.569372055456629
1769071879.9117444,1769071879911751871,Sr02_gA_IMG1_LID1_STA1_CFC64_OH0,0122_0950,A,0.5046301484107971,-0.0007041987264528871,0.5,0.0,-24.434664658842518,-0.35619030121478,1.7965553662409397,11.528359256279185
1769071880.0312862,1769071880031294310,Sr02_gA_IMG1_LID1_STA1_CFC64_OH0,0122_0950,A,0.50443434715271,-0.00035505066625773907,0.5,0.0,-24.445884576818337,-0.30746543224418166,1.7976885585732474,11.487409048554918
1769071880.1510894,1769071880151097588,Sr02_gA_IMG1_LID1_STA1_CFC64_OH0,0122_0950,A,0.48746809363365173,0.0015497503336519003,0.5,0.0,-24.46279046196877,-0.2343956705693827,1.7985008204429387,11.426073755609702
1769071880.2702854,1769071880270291663,Sr02_gA_IMG1_LID1_STA1_CFC64_OH0,0122_0950,A,0.4889179468154907,-0.005537292920053005,0.5,0.0,-24.474083926662498,-0.18568779313737138,1.7987624603941692,11.385260872963048
1769071880.396434,1769071880396443961,Sr02_gA_IMG1_LID1_STA1_CFC64_OH0,0122_0950,A,0.4895331859588623,-0.005775803700089455,0.5,0.0,-24.48538540160217,-0.13698177351866714,1.7988081379003948,11.344516757985112
1769071880.5167565,1769071880516766619,Sr02_gA_IMG1_LID1_STA1_CFC64_OH0,0122_0950,A,0.49634110927581787,-0.007510524243116379,0.5,0.0,-24.5024761183951,-0.06397563918172029,1.8033478045175304,11.283470827116567
1769071880.6413207,1769071880641329225,Sr02_gA_IMG1_LID1_STA1_CFC64_OH0,0122_0950,A,0.5110002160072327,0.020768728107213974,0.5,0.0,-24.513997458313135,-0.015321159629563234,1.8032773956382695,11.242781748464086
1769071880.7628348,1769071880762844248,Sr02_gA_IMG1_LID1_STA1_CFC64_OH0,0122_0950,A,0.49900707602500916,0.014204268343746662,0.5,0.0,-24.531274894244667,0.05766164309740007,1.8032587409965273,11.181892473098129
1769071880.8884377,1769071880888444874,Sr02_gA_IMG1_LID1_STA1_CFC64_OH0,0122_0950,A,0.4965842366218567,0.013249097391963005,0.5,0.0,-24.542797383615234,0.106315850693107,1.8034137156634353,11.14139270234
1769071881.0114794,1769071881011487649,Sr02_gA_IMG1_LID1_STA1_CFC64_OH0,0122_0950,A,0.4934171736240387,0.013578466139733791,0.5,0.0,-24.560056439629193,0.1793029998857154,1.8025783584674913,11.080803515232006
1769071881.1225219,1769071881122530174,Sr02_gA_IMG1_LID1_STA1_CFC64_OH0,0122_0950,A,0.49928519129753113,0.005391351412981749,0.5,0.0,-24.571527998160153,0.22796924032361418,1.8020007790563084,11.040530069303555
1769071881.2428055,1769071881242813544,Sr02_gA_IMG1_LID1_STA1_CFC64_OH0,0122_0950,A,0.48087742924690247,0.007454238831996918,0.5,0.0,-24.58296722438256,0.27664309027265377,1.8012497291878156,11.000356245946257
1769071881.3648953,1769071881364907288,Sr02_gA_IMG1_LID1_STA1_CFC64_OH0,0122_0950,A,0.48302149772644043,0.008898617699742317,0.5,0.0,-24.60017366050875,0.3496426372510041,1.80373378668165,10.940218075909424
1769071881.4853826,1769071881485390390,Sr02_gA_IMG1_LID1_STA1_CFC64_OH0,0122_0950,A,0.5209653973579407,0.007787240669131279,0.5,0.0,-24.611750039601677,0.398284046663527,1.8051542125913191,10.900163259237269
1769071881.6062477,1769071881606257814,Sr02_gA_IMG1_LID1_STA1_CFC64_OH0,0122_0950,A,0.508282482624054,0.007369847036898136,0.5,0.0,-24.629240209603537,0.4712161477870204,1.807163971568537,10.840158177110776
1769071881.7235067,1769071881723517427,Sr02_gA_IMG1_LID1_STA1_CFC64_OH0,0122_0950,A,0.5021480321884155,0.010640567168593407,0.5,0.0,-24.640981848565243,0.5198179297843454,1.8085218158914815,10.800208345444789
1769071881.845175,1769071881845184056,Sr02_gA_IMG1_LID1_STA1_CFC64_OH0,0122_0950,A,0.4928719699382782,0.006289507262408733,0.5,0.0,-24.65276958154958,0.5684085561782409,1.8090609564157554,10.760313865965854
1769071881.9624078,1769071881962416067,Sr02_gA_IMG1_LID1_STA1_CFC64_OH0,0122_0950,A,0.49114397168159485,0.009016801603138447,0.5,0.0,-24.670508763909815,0.6412804995124116,1.8101378311523206,10.700595359524495
1769071882.0831857,1769071882083193872,Sr02_gA_IMG1_LID1_STA1_CFC64_OH0,0122_0950,A,0.4801982343196869,-0.005092489533126354,0.5,0.0,-24.682383521553326,0.6898499307314053,1.8110276903616154,10.660859839983106
1769071882.2017403,1769071882201748553,Sr02_gA_IMG1_LID1_STA1_CFC64_OH0,0122_0950,A,0.4910048246383667,-0.005664071999490261,0.5,0.0,-24.70027211396457,0.7626853403926871,1.8122138292071344,10.60137136422685
1769071882.3273408,1769071882327349643,Sr02_gA_IMG1_LID1_STA1_CFC64_OH0,0122_0950,A,0.4968467056751251,-0.020255420356988907,0.5,0.0,-24.71224396545589,0.8112309307350717,1.8129508127943512,10.561793012179477
1769071882.4480147,1769071882448022344,Sr02_gA_IMG1_LID1_STA1_CFC64_OH0,0122_0950,A,0.5160234570503235,-0.013810032978653908,0.5,0.0,-24.730285723777172,0.8840285484523399,1.8144163644302505,10.502538931585477
1769071882.5714557,1769071882571464547,Sr02_gA_IMG1_LID1_STA1_CFC64_OH0,0122_0950,A,0.5024895668029785,-0.0009373371722176671,0.5,0.0,-24.742361914875445,0.932548288838096,1.8150725855925594,10.463117728616355
1769071882.6944735,1769071882694481739,Sr02_gA_IMG1_LID1_STA1_CFC64_OH0,0122_0950,A,0.50175940990448,-0.0007335939444601536,0.5,0.0,-24.754476491845267,0.9810584582714886,1.8159742636970597,10.423762816933417
1769071882.8134336,1769071882813441613,Sr02_gA_IMG1_LID1_STA1_CFC64_OH0,0122_0950,A,0.5102792382240295,-0.02201758697628975,0.5,0.0,-24.77266324053211,1.0538199948066944,1.8153400637663382,10.364892986672146
1769071882.9344609,1769071882934468849,Sr02_gA_IMG1_LID1_STA1_CFC64_OH0,0122_0950,A,0.5014074444770813,-0.032263875007629395,0.5,0.0,-24.78475518334587,1.102335812177447,1.8147736575267095,10.325783549193382
1769071883.0559275,1769071883055935909,Sr02_gA_IMG1_LID1_STA1_CFC64_OH0,0122_0950,A,0.49302929639816284,-0.019095048308372498,0.5,0.0,-24.802772793026012,1.1751393897472597,1.812010176839809,10.267374532322135
1769071883.172723,1769071883172730982,Sr02_gA_IMG1_LID1_STA1_CFC64_OH0,0122_0950,A,0.4848483204841614,0.113146111369133,0.5,0.0,-24.814683338463322,1.2237000548271684,1.8106291754183836,10.228621292675657
1769071883.2913103,1769071883291319275,Sr02_gA_IMG1_LID1_STA1_CFC64_OH0,0122_0950,A,0.5152613520622253,-0.023829717189073563,0.5,0.0,-24.826558074121625,1.2722694931031953,1.8105354320042903,10.189989448015085
1769071883.4141493,1769071883414157252,Sr02_gA_IMG1_LID1_STA1_CFC64_OH0,0122_0950,A,0.4855608344078064,-0.0009502071188762784,0.5,0.0,-24.84436196064239,1.345125658907702,1.8102084902486946,10.132233549920004
1769071883.5360012,1769071883536008909,Sr02_gA_IMG1_LID1_STA1_CFC64_OH0,0122_0950,A,0.507904052734375,0.007878734730184078,0.5,0.0,-24.856165056517177,1.3937125460327464,1.808006739686634,10.093899390507051
1769071883.6581438,1769071883658154325,Sr02_gA_IMG1_LID1_STA1_CFC64_OH0,0122_0950,A,0.506912112236023,-0.0011674403212964535,0.5,0.0,-24.87362149706745,1.4666526687179189,1.803533003711751,10.036756200339285
1769071883.7809303,1769071883780939963,Sr02_gA_IMG1_LID1_STA1_CFC64_OH0,0122_0950,A,0.5085292458534241,-0.020158451050519943,0.5,0.0,-24.88510710266937,1.515315588762075,1.801623501222964,9.998893887801696
1769071883.9039588,1769071883903967041,Sr02_gA_IMG1_LID1_STA1_CFC64_OH0,0122_0950,A,0.5162893533706665,0.007641933858394623,0.5,0.0,-24.902689134627952,1.5880541870249114,1.81433196571469,9.94216266493163
1769071884.0245538,1769071884024562460,Sr02_gA_IMG1_LID1_STA1_CFC64_OH0,0122_0950,A,0.5105531215667725,0.005005482118576765,0.5,0.0,-24.914685882527454,1.6365565814387197,1.8123061168537302,9.904245113202338
1769071884.1432464,1769071884143254758,Sr02_gA_IMG1_LID1_STA1_CFC64_OH0,0122_0950,A,0.49542975425720215,-0.009234456345438957,0.5,0.0,-24.926642018533048,1.6851060458345797,1.8122110914231098,9.866440924796347
1769071884.2597306,1769071884259739577,Sr02_gA_IMG1_LID1_STA1_CFC64_OH0,0122_0950,A,0.5156775116920471,0.03982095047831535,0.5,0.0,-24.944608698001492,1.757922233211135,1.8131236868501115,9.809917266500552
1769071884.3801122,1769071884380121808,Sr02_gA_IMG1_LID1_STA1_CFC64_OH0,0122_0950,A,0.5015735030174255,0.008909056894481182,0.5,0.0,-24.956603995607345,1.8064620366244857,1.8130069435455118,9.772361043147708
1769071884.502495,1769071884502503142,Sr02_gA_IMG1_LID1_STA1_CFC64_OH0,0122_0950,A,0.48418501019477844,0.0061126817017793655,0.5,0.0,-24.968556286799988,1.855012439434881,1.811181026066012,9.734946170427168
1769071884.618897,1769071884618904752,Sr02_gA_IMG1_LID1_STA1_CFC64_OH0,0122_0950,A,0.4879857003688812,0.0031060739420354366,0.5,0.0,-24.986399077615655,1.9278590847372423,1.8114932828139998,9.67909596378699
1769071884.7432249,1769071884743233150,Sr02_gA_IMG1_LID1_STA1_CFC64_OH0,0122_0950,A,0.47961941361427307,-0.010487711057066917,0.5,0.0,-24.99833020681606,1.9764147001360082,1.8119938322245883,9.641982018438876
1769071884.8583784,1769071884858386639,Sr02_gA_IMG1_LID1_STA1_CFC64_OH0,0122_0950,A,0.47783026099205017,-0.023361466825008392,0.5,0.0,-25.016215354711715,2.049239543618963,1.811762606676153,9.586545026217648
1769071884.978675,1769071884978683768,Sr02_gA_IMG1_LID1_STA1_CFC64_OH0,0122_0950,A,0.4878973662853241,-0.0024993564002215862,0.5,0.0,-25.028244052987567,2.0977710467117188,1.8157446905810615,9.549657777542969
1769071885.0954363,1769071885095443772,Sr02_gA_IMG1_LID1_STA1_CFC64_OH0,0122_0950,A,0.4857827425003052,-0.00939563661813736,0.5,0.0,-25.04039097093337,2.1462731281240885,1.8166356184671053,9.512807663581162
1769071885.217006,1769071885217015740,Sr02_gA_IMG1_LID1_STA1_CFC64_OH0,0122_0950,A,0.4918321967124939,0.02166474238038063,0.5,0.0,-25.058682521123508,2.2190083881380605,1.8176063481128228,9.457708954829076
1769071885.3356204,1769071885335628374,Sr02_gA_IMG1_LID1_STA1_CFC64_OH0,0122_0950,A,0.4966423213481903,0.01869114115834236,0.5,0.0,-25.070905644829214,2.267491322349555,1.8179169556395434,9.421108912002646
1769071885.4588351,1769071885458844848,Sr02_gA_IMG1_LID1_STA1_CFC64_OH0,0122_0950,A,0.5033312439918518,0.01964794099330902,0.5,0.0,-25.089211624310767,2.3402229469757923,1.816358221604474,9.366461484060908
1769071885.5817888,1769071885581796928,Sr02_gA_IMG1_LID1_STA1_CFC64_OH0,0122_0950,A,0.5255705714225769,0.009706704877316952,0.5,0.0,-25.101310031110522,2.388737141792158,1.8140220795065356,9.330262126441717
1769071885.7058647,1769071885705872480,Sr02_gA_IMG1_LID1_STA1_CFC64_OH0,0122_0950,A,0.5124496817588806,0.01965990662574768,0.5,0.0,-25.113345699069864,2.437266950849577,1.8137721283116535,9.294235644332995
1769071885.8285797,1769071885828588149,Sr02_gA_IMG1_LID1_STA1_CFC64_OH0,0122_0950,A,0.5001897811889648,-0.015751179307699203,0.5,0.0,-25.131348926851423,2.5100741089695835,1.8128113019115555,9.240476052809871
1769071885.9476914,1769071885947699354,Sr02_gA_IMG1_LID1_STA1_CFC64_OH0,0122_0950,A,0.4894525706768036,-0.005753335542976856,0.5,0.0,-25.143384467954558,2.5586039395442333,1.8149777659889175,9.204777255671786
1769071886.064734,1769071886064742368,Sr02_gA_IMG1_LID1_STA1_CFC64_OH0,0122_0950,A,0.48384323716163635,0.013143599964678288,0.5,0.0,-25.161620805227443,2.6313530396839386,1.81783030610602,9.151347245030875
1769071886.1837516,1769071886183759742,Sr02_gA_IMG1_LID1_STA1_CFC64_OH0,0122_0950,A,0.48651403188705444,0.015370671637356281,0.5,0.0,-25.1738948782039,2.679823092409037,1.8197950969350223,9.115811268759302
1769071886.3075314,1769071886307538706,Sr02_gA_IMG1_LID1_STA1_CFC64_OH0,0122_0950,A,0.4905742108821869,-0.01690645143389702,0.5,0.0,-25.186240080716004,2.7282750837137675,1.8207657734421718,9.080359648115692
1769071886.4302561,1769071886430264662,Sr02_gA_IMG1_LID1_STA1_CFC64_OH0,0122_0950,A,0.5197782516479492,-0.017414608970284462,0.5,0.0,-25.204880757174163,2.8009216307231153,1.8234161514324454,9.027350383040135
1769071886.547603,1769071886547610979,Sr02_gA_IMG1_LID1_STA1_CFC64_OH0,0122_0950,A,0.5190362334251404,-0.0174839086830616,0.5,0.0,-25.217339698749534,2.849344496604406,1.8218410631744377,8.992161390292273
1769071886.6693153,1769071886669324915,Sr02_gA_IMG1_LID1_STA1_CFC64_OH0,0122_0950,A,0.5049832463264465,-0.03088022768497467,0.5,0.0,-25.235926450530457,2.922004881646377,1.820967058667865,8.939717734807477
1769071886.787779,1769071886787788873,Sr02_gA_IMG1_LID1_STA1_CFC64_OH0,0122_0950,A,0.48736727237701416,-0.015921346843242645,0.5,0.0,-25.24833675104423,2.9704402381986412,1.8222814124887343,8.90492043067877
1769071886.9126692,1769071886912678324,Sr02_gA_IMG1_LID1_STA1_CFC64_OH0,0122_0950,A,0.4916456937789917,0.006738763302564621,0.5,0.0,-25.267080544223962,3.0430602590330804,1.8239414891375738,8.852901690739703
1769071887.032137,1769071887032145002,Sr02_gA_IMG1_LID1_STA1_CFC64_OH0,0122_0950,A,0.4920535087585449,0.018912531435489655,0.5,0.0,-25.27956212441313,3.091477293673083,1.822250848673882,8.818417129180178
1769071887.14773,1769071887147739677,Sr02_gA_IMG1_LID1_STA1_CFC64_OH0,0122_0950,A,0.5360471606254578,0.015200239606201649,0.5,0.0,-25.291960600137816,3.1399156756730564,1.8205093910140095,8.784144340251963
1769071887.2671938,1769071887267201856,Sr02_gA_IMG1_LID1_STA1_CFC64_OH0,0122_0950,A,0.5134963393211365,-0.04496978968381882,0.5,0.0,-25.310399495675192,3.212613702673393,1.817754239471976,8.733140115730317
1769071887.3948438,1769071887394851638,Sr02_gA_IMG1_LID1_STA1_CFC64_OH0,0122_0950,A,0.5094019770622253,-0.0464385524392128,0.5,0.0,-25.322547382580556,3.261115522635651,1.8146662246082077,8.699440704092689
1769071887.516797,1769071887516803896,Sr02_gA_IMG1_LID1_STA1_CFC64_OH0,0122_0950,A,0.4970967769622803,-0.0027183634229004383,0.5,0.0,-25.340561614643036,3.3339199477468084,1.8125816119437117,8.649346825512696
1769071887.6373122,1769071887637321388,Sr02_gA_IMG1_LID1_STA1_CFC64_OH0,0122_0950,A,0.4891122579574585,-0.014185052365064621,0.5,0.0,-25.3525497878545,3.382461510262621,1.8132554858277001,8.616168247241541
1769071887.7569463,1769071887756955475,Sr02_gA_IMG1_LID1_STA1_CFC64_OH0,0122_0950,A,0.5249493718147278,-0.01534313429147005,0.5,0.0,-25.370659016225968,3.4552423560406567,1.8159809857943172,8.566608095190107
1769071887.8731651,1769071887873177066,Sr02_gA_IMG1_LID1_STA1_CFC64_OH0,0122_0950,A,0.5138301849365234,-0.017662206664681435,0.5,0.0,-25.38282894010782,3.5037268937364963,1.8171206384834186,8.533704052361983
1769071887.9992697,1769071887999276812,Sr02_gA_IMG1_LID1_STA1_CFC64_OH0,0122_0950,A,0.5124909281730652,-0.048128675669431686,0.5,0.0,-25.394911912462376,3.5522449029234155,1.812623691910662,8.501029249585383
1769071888.1205106,1769071888120519574,Sr02_gA_IMG1_LID1_STA1_CFC64_OH0,0122_0950,A,0.5009587407112122,-0.004095516633242369,0.5,0.0,-25.412621285858403,3.6251125244815348,1.8064992308865773,8.452666731779061
1769071888.2390838,1769071888239092316,Sr02_gA_IMG1_LID1_STA1_CFC64_OH0,0122_0950,A,0.5012990832328796,-0.018654413521289825,0.5,0.0,-25.42429100243569,3.673731629556902,1.8062273916602287,8.420746544741688
1769071888.3600976,1769071888360106923,Sr02_gA_IMG1_LID1_STA1_CFC64_OH0,0122_0950,A,0.5054258704185486,0.009953205473721027,0.5,0.0,-25.441707809146266,3.7466812832340137,1.8040649045259747,8.37326796325717
1769071888.4802506,1769071888480258535,Sr02_gA_IMG1_LID1_STA1_CFC64_OH0,0122_0950,A,0.5400622487068176,0.003780900500714779,0.5,0.0,-25.45322836879114,3.7953359427613393,1.8025074042201443,8.341912722494062
1769071888.6025386,1769071888602546460,Sr02_gA_IMG1_LID1_STA1_CFC64_OH0,0122_0950,A,0.5506150722503662,0.007060062140226364,0.5,0.0,-25.464667547122655,3.844009798495877,1.8007411869365444,8.31080554214721
1769071888.7204578,1769071888720464483,Sr02_gA_IMG1_LID1_STA1_CFC64_OH0,0122_0950,A,0.5403032302856445,0.12888935208320618,0.5,0.0,-25.48153813962985,3.917076161799497,1.794521175673745,8.264730999924826
1769071888.8454936,1769071888845501159,Sr02_gA_IMG1_LID1_STA1_CFC64_OH0,0122_0950,A,0.5108162760734558,0.19860553741455078,0.5,0.0,-25.492621312969803,3.9658323192138596,1.7941116125108691,8.23438131791356
1769071888.9692066,1769071888969214502,Sr02_gA_IMG1_LID1_STA1_CFC64_OH0,0122_0950,A,0.47524210810661316,0.014794421382248402,0.5,0.0,-25.509141837807277,4.03899015145008,1.792031186180875,8.189303921824882
1769071889.0912328,1769071889091241090,Sr02_gA_IMG1_LID1_STA1_CFC64_OH0,0122_0950,A,0.5069751143455505,0.012088637799024582,0.5,0.0,-25.520137839352717,4.0877660412592,1.7930265034034794,8.159511543055656
1769071889.2144737,1769071889214481799,Sr02_gA_IMG1_LID1_STA1_CFC64_OH0,0122_0950,A,0.5120565295219421,0.005244201049208641,0.5,0.0,-25.536689714484446,4.160916807046239,1.7936920145072537,8.115147545943797
1769071889.3338358,1769071889333844564,Sr02_gA_IMG1_LID1_STA1_CFC64_OH0,0122_0950,A,0.509765088558197,-0.03118409588932991,0.5,0.0,-25.54775810815809,4.2096649542889235,1.7947719219811413,8.085799124796416
1769071889.4519503,1769071889451958549,Sr02_gA_IMG1_LID1_STA1_CFC64_OH0,0122_0950,A,0.5255587697029114,0.02990642935037613,0.5,0.0,-25.559116014638914,4.258277554006601,1.8066559432811016,8.056439301414683
1769071889.5721872,1769071889572195601,Sr02_gA_IMG1_LID1_STA1_CFC64_OH0,0122_0950,A,0.5019753575325012,-0.01003018207848072,0.5,0.0,-25.577624327022857,4.330886564026218,1.8340974172792708,8.01153720508644
1769071889.6939495,1769071889693957651,Sr02_gA_IMG1_LID1_STA1_CFC64_OH0,0122_0950,A,0.49551302194595337,-0.026862937957048416,0.5,0.0,-25.590704625074185,4.379003312866313,1.837150473817711,7.981274007417609
1769071889.8141649,1769071889814172982,Sr02_gA_IMG1_LID1_STA1_CFC64_OH0,0122_0950,A,0.48370054364204407,0.042386818677186966,0.5,0.0,-25.61051263866788,4.45134030488548,1.8388539427085582,7.936016286891266
1769071889.9349473,1769071889934956105,Sr02_gA_IMG1_LID1_STA1_CFC64_OH0,0122_0950,A,0.5035832524299622,0.017702005803585052,0.5,0.0,-25.623768225579038,4.499551185828773,1.8393783623617295,7.906054003755746
1769071890.054678,1769071890054685444,Sr02_gA_IMG1_LID1_STA1_CFC64_OH0,0122_0950,A,0.4670027196407318,0.008132330141961575,0.5,0.0,-25.636961135591026,4.547777883829452,1.8362646381942673,7.876347993543305
1769071890.1798718,1769071890179878883,Sr02_gA_IMG1_LID1_STA1_CFC64_OH0,0122_0950,A,0.4787029027938843,0.0015121102333068848,0.5,0.0,-25.656698827159406,4.620115765280427,1.8389268304304554,7.832225335179413
1769071890.2956805,1769071890295688472,Sr02_gA_IMG1_LID1_STA1_CFC64_OH0,0122_0950,A,0.5083619952201843,-0.01822400838136673,0.5,0.0,-25.6699211053386,4.668335790315012,1.837923823663171,7.803013865900947
1769071890.4146585,1769071890414667424,Sr02_gA_IMG1_LID1_STA1_CFC64_OH0,0122_0950,A,0.5300021767616272,0.012450377456843853,0.5,0.0,-25.689581926483314,4.7406865765353565,1.8350878348527595,7.75974991561309
1769071890.5320673,1769071890532075120,Sr02_gA_IMG1_LID1_STA1_CFC64_OH0,0122_0950,A,0.5218976736068726,0.013042222708463669,0.5,0.0,-25.702745445337506,4.788922638423179,1.839326498117422,7.731122908748648
1769071890.648248,1769071890648255917,Sr02_gA_IMG1_LID1_STA1_CFC64_OH0,0122_0950,A,0.5158566832542419,0.008247540332376957,0.5,0.0,-25.71605383586025,4.837118963710162,1.841096714691216,7.702590337792024
1769071890.7700806,1769071890770088849,Sr02_gA_IMG1_LID1_STA1_CFC64_OH0,0122_0950,A,0.5165075063705444,0.020497236400842667,0.5,0.0,-25.736137232094716,4.909379988548356,1.8424417643048634,7.66010050246277
1769071890.8965716,1769071890896580052,Sr02_gA_IMG1_LID1_STA1_CFC64_OH0,0122_0950,A,0.5145301222801208,0.003867078572511673,0.5,0.0,-25.74955671788778,4.957545506081149,1.8425929764912579,7.632025690335653
1769071891.017258,1769071891017265606,Sr02_gA_IMG1_LID1_STA1_CFC64_OH0,0122_0950,A,0.5311517119407654,0.03756089508533478,0.5,0.0,-25.769609383031643,5.029815050025751,1.8406702207312349,7.590402611881481
1769071891.1369674,1769071891136975278,Sr02_gA_IMG1_LID1_STA1_CFC64_OH0,0122_0950,A,0.5068485140800476,0.010758801363408566,0.5,0.0,-25.7829698870489,5.077996958369335,1.8419211727371576,7.562946728127678
1769071891.2590766,1769071891259084435,Sr02_gA_IMG1_LID1_STA1_CFC64_OH0,0122_0950,A,0.4948764145374298,0.10158028453588486,0.5,0.0,-25.796392064899113,5.126161722152906,1.8432253927487292,7.535668801354163
1769071891.3769026,1769071891376911318,Sr02_gA_IMG1_LID1_STA1_CFC64_OH0,0122_0950,A,0.5063521265983582,0.15552397072315216,0.5,0.0,-25.816621645005334,5.198381958443742,1.8447554570631666,7.495106806866666
1769071891.49969,1769071891499698767,Sr02_gA_IMG1_LID1_STA1_CFC64_OH0,0122_0950,A,0.49907609820365906,0.012982857413589954,0.5,0.0,-25.830198218180232,5.246503424219632,1.8468051766241829,7.468282280043438
1769071891.6176074,1769071891617615411,Sr02_gA_IMG1_LID1_STA1_CFC64_OH0,0122_0950,A,0.5128633379936218,0.010894070379436016,0.5,0.0,-25.85067281617374,5.318654582957536,1.8482254029371028,7.428398008468744
1769071891.7450593,1769071891745067383,Sr02_gA_IMG1_LID1_STA1_CFC64_OH0,0122_0950,A,0.5019770264625549,0.017853714525699615,0.5,0.0,-25.864457291312846,5.366716886153455,1.851981484303708,7.401991992825721
1769071891.8632207,1769071891863228553,Sr02_gA_IMG1_LID1_STA1_CFC64_OH0,0122_0950,A,0.4676220417022705,-0.003183076623827219,0.5,0.0,-25.878357852104006,5.414745771742256,1.853057383189299,7.375727326014913
1769071891.9830863,1769071891983094794,Sr02_gA_IMG1_LID1_STA1_CFC64_OH0,0122_0950,A,0.47950121760368347,0.010873308405280113,0.5,0.0,-25.899608917276296,5.486612683920236,1.8659673895219915,7.336451463903837
1769071892.102027,1769071892102035250,Sr02_gA_IMG1_LID1_STA1_CFC64_OH0,0122_0950,A,0.495684415102005,-0.013995382003486156,0.5,0.0,-25.914525491577166,5.534335268341632,1.8815197390253549,7.30989939150353
1769071892.222125,1769071892222133150,Sr02_gA_IMG1_LID1_STA1_CFC64_OH0,0122_0950,A,0.5034582614898682,0.005164177156984806,0.5,0.0,-25.93772834180709,5.605545825288267,1.8871224196245566,7.269821637458606
1769071892.3487635,1769071892348770175,Sr02_gA_IMG1_LID1_STA1_CFC64_OH0,0122_0950,A,0.4896727502346039,0.025345873087644577,0.5,0.0,-25.95330807373299,5.65305657553296,1.8882118250046391,7.243293390796791
1769071892.472264,1769071892472369470,Sr02_gA_IMG1_LID1_STA1_CFC64_OH0,0122_0950,A,0.504149317741394,0.14150884747505188,0.5,0.0,-25.976807376666184,5.724280022394987,1.8902587855254995,7.203852037771052
1769071892.5960217,1769071892596030151,Sr02_gA_IMG1_LID1_STA1_CFC64_OH0,0122_0950,A,0.5363243222236633,0.021078497171401978,0.5,0.0,-25.99250296710543,5.771752626141886,1.8900810345901962,7.17784628271103
1769071892.717445,1769071892717453558,Sr02_gA_IMG1_LID1_STA1_CFC64_OH0,0122_0950,A,0.542155921459198,0.10179062932729721,0.5,0.0,-26.008223147250916,5.819217090459468,1.8911683606576868,7.1520732827017595
1769071892.8401847,1769071892840193054,Sr02_gA_IMG1_LID1_STA1_CFC64_OH0,0122_0950,A,0.4666207730770111,0.17993132770061493,0.5,0.0,-26.03178632501841,5.890419437328744,1.8897009393496558,7.113913187735585
1769071892.9587135,1769071892958723255,Sr02_gA_IMG1_LID1_STA1_CFC64_OH0,0122_0950,A,0.4967105984687805,-0.0014171309303492308,0.5,0.0,-26.047474912325704,5.937894355504322,1.8902173550842973,7.088818273688761
1769071893.0812695,1769071893081277941,Sr02_gA_IMG1_LID1_STA1_CFC64_OH0,0122_0950,A,0.5289849638938904,0.014191255904734135,0.5,0.0,-26.071141623793892,6.009028868163084,1.894813039902033,7.051556937053381
1769071893.1991773,1769071893199185293,Sr02_gA_IMG1_LID1_STA1_CFC64_OH0,0122_0950,A,0.5223750472068787,0.005332958418875933,0.5,0.0,-26.087363937535795,6.05627101431286,1.9086124542762148,7.026647803556253
1769071893.3222322,1769071893322240678,Sr02_gA_IMG1_LID1_STA1_CFC64_OH0,0122_0950,A,0.498619019985199,0.12915265560150146,0.5,0.0,-26.112408658668947,6.126862780103008,1.9150707420561202,6.989135383540698
1769071893.443187,1769071893443195309,Sr02_gA_IMG1_LID1_STA1_CFC64_OH0,0122_0950,A,0.5219590663909912,0.06220489367842674,0.5,0.0,-26.129523595359437,6.1738421056265285,1.9252497824006787,6.964064250061781
1769071893.5713837,1769071893571391042,Sr02_gA_IMG1_LID1_STA1_CFC64_OH0,0122_0950,A,0.5103912353515625,0.056114718317985535,0.5,0.0,-26.147259528736242,6.220553974638641,1.9426107838997049,6.938694745804249
1769071893.6952424,1769071893695250360,Sr02_gA_IMG1_LID1_STA1_CFC64_OH0,0122_0950,A,0.4954051375389099,0.02701922506093979,0.5,0.0,-26.17488323912313,6.290098664925515,1.950199700888613,6.900218644178275
1769071893.818202,1769071893818210213,Sr02_gA_IMG1_LID1_STA1_CFC64_OH0,0122_0950,A,0.5133849382400513,0.32199928164482117,0.5,0.5,-26.193434503573023,6.336529795116319,1.951618820833904,6.874756632271097
1769071893.9423034,1769071893942313987,Sr02_gA_IMG1_LID1_STA1_CFC64_OH0,0122_0950,A,0.4985646903514862,0.38277584314346313,0.5,0.5,-26.22133688271015,6.406112135531983,1.9535185473139258,6.8370057957637425
1769071894.0665307,1769071894066538825,Sr02_gA_IMG1_LID1_STA1_CFC64_OH0,0122_0950,A,0.4838760197162628,0.27111658453941345,0.5,0.5,-26.24026607269992,6.452324498595422,1.965980220189596,6.811879812103375
1769071894.1868675,1769071894186876106,Sr02_gA_IMG1_LID1_STA1_CFC64_OH0,0122_0950,A,0.48122438788414,0.2736126482486725,0.5,0.5,-26.269473816708253,6.521389664643708,1.975447720148708,6.773930597451126
1769071894.3127847,1769071894312792272,Sr02_gA_IMG1_LID1_STA1_CFC64_OH0,0122_0950,A,0.5211520195007324,0.4465101957321167,0.5,0.5,-26.28928758535849,6.567296175004881,1.9810591831637379,6.748652259549657
1769071894.429847,1769071894429855483,Sr02_gA_IMG1_LID1_STA1_CFC64_OH0,0122_0950,A,0.5004168152809143,0.27850213646888733,0.5,0.5,-26.31932618670932,6.635950213160396,1.9869852651703277,6.710961198490845
1769071894.5524492,1769071894552458824,Sr02_gA_IMG1_LID1_STA1_CFC64_OH0,0122_0950,A,0.5102769136428833,0.27504056692123413,0.5,0.5,-26.33976523584367,6.6809326971454945,2.0110115938622983,6.685852472749454
1769071894.6745021,1769071894674510884,Sr02_gA_IMG1_LID1_STA1_CFC64_OH0,0122_0950,A,0.5214943289756775,0.2885184586048126,0.5,0.5,-26.37357783838669,6.747769549247219,2.0654032689006203,6.645619594672198
1769071894.7960942,1769071894796101966,Sr02_gA_IMG1_LID1_STA1_CFC64_OH0,0122_0950,A,0.5371554493904114,0.3780127167701721,0.5,0.5,-26.397905794824204,6.791450173805005,2.0925398553593557,6.617430129746678
1769071894.9128695,1769071894912877418,Sr02_gA_IMG1_LID1_STA1_CFC64_OH0,0122_0950,A,0.5203983187675476,0.5165010690689087,0.5,0.5,-26.42341529063324,6.834451444898214,2.1199010749008242,6.588377122633484
1769071895.0320184,1769071895032026632,Sr02_gA_IMG1_LID1_STA1_CFC64_OH0,0122_0950,A,0.4963436424732208,0.24688704311847687,0.5,0.5,-26.464108220292495,6.89711293613685,2.1770975712643286,6.542982659980663
1769071895.1488428,1769071895148851077,Sr02_gA_IMG1_LID1_STA1_CFC64_OH0,0122_0950,A,0.4837603271007538,0.31722119450569153,0.5,0.5,-26.4931450789011,6.937727128855441,2.20542516934255,6.511193174086207
1769071895.267959,1769071895267967499,Sr02_gA_IMG1_LID1_STA1_CFC64_OH0,0122_0950,A,0.4579768180847168,0.43035924434661865,0.5,0.5,-26.523340266645103,6.977578008209727,2.2329637993384583,6.478522543224614
1769071895.3898408,1769071895389852528,Sr02_gA_IMG1_LID1_STA1_CFC64_OH0,0122_0950,A,0.4834997355937958,0.5268915891647339,0.5,0.5,-26.57069655429831,7.035728776213872,2.275837150942271,6.4279582088756815
1769071895.514734,1769071895514741874,Sr02_gA_IMG1_LID1_STA1_CFC64_OH0,0122_0950,A,0.49440592527389526,0.4661020040512085,0.5,0.5,-26.60374697165441,7.073170417370234,2.312785335172072,6.393098821201928
1769071895.6389775,1769071895638991490,Sr02_gA_IMG1_LID1_STA1_CFC64_OH0,0122_0950,A,0.49875321984291077,0.436324805021286,0.5,0.5,-26.65614017846226,7.126540747373511,2.3830324299269336,6.338479526272133
1769071895.7571805,1769071895757189823,Sr02_gA_IMG1_LID1_STA1_CFC64_OH0,0122_0950,A,0.5091123580932617,0.24847766757011414,0.5,0.5,-26.692737863379467,7.16017661585461,2.4112613602266135,6.300693584746572
1769071895.882523,1769071895882531110,Sr02_gA_IMG1_LID1_STA1_CFC64_OH0,0122_0950,A,0.5028255581855774,0.18273112177848816,0.5,0.0,-26.749678753534255,7.2088076848977405,2.460314681688561,6.242331295308166
1769071896.0045314,1769071896004540376,Sr02_gA_IMG1_LID1_STA1_CFC64_OH0,0122_0950,A,0.4984322190284729,0.19519942998886108,0.5,0.0,-26.78915796025549,7.239434363712472,2.5037131203363288,6.202139766502677
1769071896.1303968,1769071896130405268,Sr02_gA_IMG1_LID1_STA1_CFC64_OH0,0122_0950,A,0.5036172866821289,0.10482838749885559,0.5,0.0,-26.851048292011768,7.281674395809646,2.580544337104781,6.139503011755497
1769071896.2532022,1769071896253210138,Sr02_gA_IMG1_LID1_STA1_CFC64_OH0,0122_0950,A,0.502755343914032,0.015708476305007935,0.5,0.0,-26.893987373173346,7.30728267495392,2.6268567357249597,6.096246665357354
1769071896.3753538,1769071896375362986,Sr02_gA_IMG1_LID1_STA1_CFC64_OH0,0122_0950,A,0.4658966064453125,0.13302873075008392,0.5,0.0,-26.938031626891846,7.33094079748866,2.6704891820602454,6.0520016165705925
1769071896.4952407,1769071896495249444,Sr02_gA_IMG1_LID1_STA1_CFC64_OH0,0122_0950,A,0.46982210874557495,0.17230992019176483,0.5,0.0,-27.005401597522255,7.363321115518301,2.7117537981625643,5.984503458124362
1769071896.613712,1769071896613721897,Sr02_gA_IMG1_LID1_STA1_CFC64_OH0,0122_0950,A,0.4869478940963745,0.3198036849498749,0.5,0.5,-27.05104107657818,7.383740911140756,2.730026887712749,5.9388723765493925
1769071896.7265422,1769071896726551616,Sr02_gA_IMG1_LID1_STA1_CFC64_OH0,0122_0950,A,0.5043916702270508,0.22857657074928284,0.5,0.5,-27.120170727242712,7.412734053162909,2.758011801930679,5.869876926294669
1769071896.8453417,1769071896845350160,Sr02_gA_IMG1_LID1_STA1_CFC64_OH0,0122_0950,A,0.48106202483177185,0.2600088119506836,0.5,0.5,-27.166634475764237,7.431202859038417,2.768494645463015,5.823575681608112
1769071896.9685934,1769071896968601411,Sr02_gA_IMG1_LID1_STA1_CFC64_OH0,0122_0950,A,0.49491438269615173,0.014211178757250309,0.5,0.0,-27.213189628834325,7.449350038504892,2.770749629875562,5.7772403256969564
1769071897.0867715,1769071897086779525,Sr02_gA_IMG1_LID1_STA1_CFC64_OH0,0122_0950,A,0.4902379512786865,0.3247482478618622,0.5,0.5,-27.283154442362576,7.476104043192364,2.7858202181803846,5.70771151239279
1769071897.2100334,1769071897210040842,Sr02_gA_IMG1_LID1_STA1_CFC64_OH0,0122_0950,A,0.5198469758033752,0.3204925060272217,0.5,0.5,-27.330171046627008,7.493115119254441,2.803051170603682,5.661044030474874
1769071897.3244202,1769071897324428759,Sr02_gA_IMG1_LID1_STA1_CFC64_OH0,0122_0950,A,0.500182032585144,0.32898980379104614,0.5,0.5,-27.401176457989493,7.516555832837277,2.844720837743362,5.590616086651706
1769071897.445123,1769071897445131260,Sr02_gA_IMG1_LID1_STA1_CFC64_OH0,0122_0950,A,0.4829747974872589,0.3258739709854126,0.5,0.5,-27.449148539032162,7.5306328236670845,2.8678782340181264,5.543047670194115
1769071897.5660212,1769071897566028593,Sr02_gA_IMG1_LID1_STA1_CFC64_OH0,0122_0950,A,0.5102941989898682,0.10884672403335571,0.5,0.0,-27.49745748352225,7.54352098449298,2.893879065042026,5.495148204799025
1769071897.6843326,1769071897684340488,Sr02_gA_IMG1_LID1_STA1_CFC64_OH0,0122_0950,A,0.5155878663063049,0.07459649443626404,0.5,0.0,-27.57005815752604,7.561029155227555,2.9089917772664995,5.423168693802264
1769071897.7989426,1769071897798950738,Sr02_gA_IMG1_LID1_STA1_CFC64_OH0,0122_0950,A,0.46745923161506653,0.1619705706834793,0.5,0.0,-27.61817599369482,7.572054909997967,2.9276490133714583,5.375481529664822
1769071897.922679,1769071897922688864,Sr02_gA_IMG1_LID1_STA1_CFC64_OH0,0122_0950,A,0.509815514087677,0.262895405292511,0.5,0.5,-27.667133431004146,7.5818810084469375,2.959512074551196,5.326938387248513
1769071898.04316,1769071898043169198,Sr02_gA_IMG1_LID1_STA1_CFC64_OH0,0122_0950,A,0.49378502368927,0.32469937205314636,0.5,0.5,-27.74119684055307,7.593648431998347,3.0086593568755564,5.253419140005212
1769071898.1606812,1769071898160689953,Sr02_gA_IMG1_LID1_STA1_CFC64_OH0,0122_0950,A,0.5598631501197815,0.30866050720214844,0.5,0.5,-27.7908549050796,7.599466940496701,3.0412467014638263,5.204058162485091
1769071898.2795224,1769071898279530584,Sr02_gA_IMG1_LID1_STA1_CFC64_OH0,0122_0950,A,0.49896013736724854,0.0675596296787262,0.5,0.0,-27.865350928507524,7.605873794047544,3.064496442351284,5.129924163231447
1769071898.4007382,1769071898400745880,Sr02_gA_IMG1_LID1_STA1_CFC64_OH0,0122_0950,A,0.4841561019420624,-0.011011905036866665,0.5,0.0,-27.915216304372525,7.60953881487348,3.071956081626526,5.080282244039753
1769071898.5225816,1769071898522590375,Sr02_gA_IMG1_LID1_STA1_CFC64_OH0,0122_0950,A,0.5068885087966919,0.008216147311031818,0.5,0.0,-27.965071516106832,7.612648690025716,3.087308408717414,5.030630881131833
1769071898.6473117,1769071898647320249,Sr02_gA_IMG1_LID1_STA1_CFC64_OH0,0122_0950,A,0.5325770974159241,0.02357127144932747,0.5,0.0,-28.039922812837254,7.615459270818336,3.123674776712472,4.956005004705551
1769071898.7651958,1769071898765204497,Sr02_gA_IMG1_LID1_STA1_CFC64_OH0,0122_0950,A,0.5297502279281616,-0.004670006223022938,0.5,0.0,-28.089908070053244,7.615545325258209,-3.127085175085356,4.906085448765024
1769071898.890329,1769071898890338310,Sr02_gA_IMG1_LID1_STA1_CFC64_OH0,0122_0950,A,0.5056506991386414,0.05288258567452431,0.5,0.0,-28.16480828718092,7.612718546409649,-3.0819509010406563,4.831137501570872
1769071899.0104353,1769071899010445073,Sr02_gA_IMG1_LID1_STA1_CFC64_OH0,0122_0950,A,0.5058689713478088,0.042089540511369705,0.5,0.0,-28.214455314542228,7.609436177512062,-3.0715998692195217,4.781388509353525
1769071899.1330817,1769071899133089961,Sr02_gA_IMG1_LID1_STA1_CFC64_OH0,0122_0950,A,0.49994781613349915,0.024572793394327164,0.5,0.0,-28.289240561137465,7.6042149034224735,-3.072171033962862,4.706436201454887
1769071899.2507029,1769071899250711166,Sr02_gA_IMG1_LID1_STA1_CFC64_OH0,0122_0950,A,0.415259450674057,0.07674707472324371,0.5,0.0,-28.339118664965707,7.60072573669389,-3.071195878381272,4.656446607151806
1769071899.3749783,1769071899374993304,Sr02_gA_IMG1_LID1_STA1_CFC64_OH0,0122_0950,A,0.4995819628238678,0.020124100148677826,0.5,0.0,-28.38899062921547,7.597150025959483,-3.068838758362915,4.606459123058531
1769071899.4937708,1769071899493779679,Sr02_gA_IMG1_LID1_STA1_CFC64_OH0,0122_0950,A,0.5195927023887634,0.018234796822071075,0.5,0.0,-28.463781233797853,7.591700623555735,-3.068304031360964,4.531491555865509
1769071899.6090202,1769071899609027902,Sr02_gA_IMG1_LID1_STA1_CFC64_OH0,0122_0950,A,0.5274802446365356,0.03646121546626091,0.5,0.0,-28.513637097206377,7.587907638532938,-3.0630157879032955,4.4815103622609875
1769071899.7330062,1769071899733014377,Sr02_gA_IMG1_LID1_STA1_CFC64_OH0,0122_0950,A,0.5300477147102356,0.03075774759054184,0.5,0.0,-28.563473994541027,7.583872839711305,-3.0586989022023707,4.4315369188490665
1769071899.8528016,1769071899852810155,Sr02_gA_IMG1_LID1_STA1_CFC64_OH0,0122_0950,A,0.5264986157417297,0.020096097141504288,0.5,0.0,-28.63819065632385,7.577489900537269,-3.0541186020661413,4.3566008542075645
1769071899.9704192,1769071899970427122,Sr02_gA_IMG1_LID1_STA1_CFC64_OH0,0122_0950,A,0.508913516998291,-0.008976111188530922,0.5,0.0,-28.687982231221103,7.572930684785011,-3.0464439267003867,4.306649755280359
1769071900.0910764,1769071900091086648,Sr02_gA_IMG1_LID1_STA1_CFC64_OH0,0122_0950,A,0.49873262643814087,-0.022375211119651794,0.5,0.0,-28.762611985130935,7.565604436518446,-3.0421438941437633,4.2317603826872086
1769071900.2136602,1769071900213669515,Sr02_gA_IMG1_LID1_STA1_CFC64_OH0,0122_0950,A,0.47133690118789673,-0.02260807901620865,0.5,0.0,-28.8123603806262,7.560594832163971,-3.0403204170414804,4.181835190781033
1769071900.3322084,1769071900332215801,Sr02_gA_IMG1_LID1_STA1_CFC64_OH0,0122_0950,A,0.48770633339881897,-0.023050181567668915,0.5,0.0,-28.88695505594867,7.552808954653033,-3.0349653227586457,4.1069666857813045
1769071900.4487827,1769071900448790811,Sr02_gA_IMG1_LID1_STA1_CFC64_OH0,0122_0950,A,0.4936550259590149,-0.02429991215467453,0.5,0.0,-28.93666282541309,7.547411236006423,-3.0318895526919607,4.057070032103879
1769071900.569912,1769071900569919648,Sr02_gA_IMG1_LID1_STA1_CFC64_OH0,0122_0950,A,0.4941214323043823,-0.0050949957221746445,0.5,0.0,-28.986356720676053,7.541887141973061,-3.029879938106416,4.007184427660307
1769071900.6893556,1769071900689366029,Sr02_gA_IMG1_LID1_STA1_CFC64_OH0,0122_0950,A,0.4918157160282135,-0.0012073371326550841,0.5,0.0,-29.060892628332823,7.533556666094079,-3.031203580830678,3.932364567912468
1769071900.8109207,1769071900810927791,Sr02_gA_IMG1_LID1_STA1_CFC64_OH0,0122_0950,A,0.4807557165622711,0.009117386303842068,0.5,0.0,-29.110594411658898,7.528104017748459,-3.0334410974882613,3.882481437086809
1769071900.9319181,1769071900931925608,Sr02_gA_IMG1_LID1_STA1_CFC64_OH0,0122_0950,A,0.4864373207092285,-0.004506331402808428,0.5,0.0,-29.160308321116677,7.52276306043722,-3.0356995728387983,3.832593653242353
1769071901.052379,1769071901052388129,Sr02_gA_IMG1_LID1_STA1_CFC64_OH0,0122_0950,A,0.49883484840393066,0.010659601539373398,0.5,0.0,-29.23490170319108,7.5149642761730195,-3.039160748639427,3.7577532035774595
1769071901.1681705,1769071901168180366,Sr02_gA_IMG1_LID1_STA1_CFC64_OH0,0122_0950,A,0.5134692192077637,0.017824389040470123,0.5,0.0,-29.28464578480273,7.509912069011031,-3.0415907356142178,3.7078535016556744
1769071901.2903612,1769071901290370833,Sr02_gA_IMG1_LID1_STA1_CFC64_OH0,0122_0950,A,0.5233570337295532,-0.011016905307769775,0.5,0.0,-29.359275276964397,7.502466405730389,-3.042469296968016,3.6330005521705973
1769071901.411778,1769071901411786925,Sr02_gA_IMG1_LID1_STA1_CFC64_OH0,0122_0950,A,0.4949076473712921,0.0027460502460598946,0.5,0.0,-29.409030137450248,7.497521353858915,-3.042590030714393,3.5831007983628638
1769071901.5330617,1769071901533070114,Sr02_gA_IMG1_LID1_STA1_CFC64_OH0,0122_0950,A,0.498356431722641,0.003950232639908791,0.5,0.0,-29.458783036611834,7.492556624765344,-3.041678301475703,3.533205162572228
1769071901.6556103,1769071901655617692,Sr02_gA_IMG1_LID1_STA1_CFC64_OH0,0122_0950,A,0.4882268011569977,0.02024056762456894,0.5,0.0,-29.533409572072912,7.485081376383638,-3.041930115039834,3.458369244674993
1769071901.7761228,1769071901776131454,Sr02_gA_IMG1_LID1_STA1_CFC64_OH0,0122_0950,A,0.48948290944099426,0.034376468509435654,0.5,0.0,-29.583158797931414,7.480079979298056,-3.0408641598603614,3.408483864383035
1769071901.906329,1769071901906339308,Sr02_gA_IMG1_LID1_STA1_CFC64_OH0,0122_0950,A,0.45786404609680176,0.022565200924873352,0.5,0.0,-29.657769286038143,7.472446403169843,-3.0388389637024438,3.3336715777597847
1769071902.0337377,1769071902033744809,Sr02_gA_IMG1_LID1_STA1_CFC64_OH0,0122_0950,A,0.4549556374549866,0.02265195921063423,0.5,0.0,-29.70750837204636,7.467345153017647,-3.0399406507205895,3.2838023583552554
1769071902.1562533,1769071902156262727,Sr02_gA_IMG1_LID1_STA1_CFC64_OH0,0122_0950,A,0.48030203580856323,0.02876242995262146,0.5,0.0,-29.782119611407317,7.4597187409582695,-3.039492629877626,3.20900425407771
1769071902.2795296,1769071902279538180,Sr02_gA_IMG1_LID1_STA1_CFC64_OH0,0122_0950,A,0.5190479159355164,0.06762773543596268,0.5,0.0,-29.831858174677034,7.454612375816734,-3.038934713191031,3.1591458477575483
1769071902.4042325,1769071902404239769,Sr02_gA_IMG1_LID1_STA1_CFC64_OH0,0122_0950,A,0.5002851486206055,0.02820134162902832,0.5,0.0,-29.906451200106826,7.446810142916416,-3.035474570734098,3.084378142722301
1769071902.5292237,1769071902529231602,Sr02_gA_IMG1_LID1_STA1_CFC64_OH0,0122_0950,A,0.4952242970466614,0.024218499660491943,0.5,0.0,-29.95616076638647,7.441429038283104,-3.0321550357001046,3.034554318378865
1769071902.6543696,1769071902654377337,Sr02_gA_IMG1_LID1_STA1_CFC64_OH0,0122_0950,A,0.47509902715682983,0.09608928859233856,0.5,0.0,-30.030698079863072,7.433111417754122,-3.0287676559017753,2.9598515875080547
1769071902.777898,1769071902777906553,Sr02_gA_IMG1_LID1_STA1_CFC64_OH0,0122_0950,A,0.45844322443008423,-0.0013941104989498854,0.5,0.0,-30.08037375895305,7.427425864062786,-3.0265024636870153,2.910071399519812
1769071902.9033961,1769071902903404971,Sr02_gA_IMG1_LID1_STA1_CFC64_OH0,0122_0950,A,0.4552217423915863,0.12443149089813232,0.5,0.0,-30.154850208953803,7.418645011615444,-3.0210493698126557,2.8354484382264102
1769071903.0293076,1769071903029315901,Sr02_gA_IMG1_LID1_STA1_CFC64_OH0,0122_0950,A,0.4720035195350647,0.10349341481924057,0.5,0.0,-30.204463264135505,7.412466033624944,-3.014668166892832,2.78574387879455
1769071903.1514204,1769071903151428907,Sr02_gA_IMG1_LID1_STA1_CFC64_OH0,0122_0950,A,0.48243650794029236,-0.010240699164569378,0.5,0.0,-30.27883976611358,7.4028157964363395,-3.010557445544588,2.7112457438424626
1769071903.2752926,1769071903275302456,Sr02_gA_IMG1_LID1_STA1_CFC64_OH0,0122_0950,A,0.43219104409217834,0.02598607912659645,0.5,0.0,-30.32839200303668,7.396223316990183,-3.007766625468065,2.6616265701552293
1769071903.3986945,1769071903398702744,Sr02_gA_IMG1_LID1_STA1_CFC64_OH0,0122_0950,A,0.5517730116844177,-0.10025320202112198,0.5,0.0,-30.40258599168195,7.3857216467849565,-2.9964411777283804,2.5873553235289344
1769071903.5149891,1769071903514997624,Sr02_gA_IMG1_LID1_STA1_CFC64_OH0,0122_0950,A,0.5221700072288513,-0.10156369209289551,0.5,0.0,-30.45204954903225,7.378493658802584,-2.996204242892716,2.5378612211205906
1769071903.639709,1769071903639717476,Sr02_gA_IMG1_LID1_STA1_CFC64_OH0,0122_0950,A,0.5113361477851868,-0.030397605150938034,0.5,0.0,-30.50139983378476,7.371003061779587,-2.9848578305545224,2.488500168103328
1769071903.7561927,1769071903756201507,Sr02_gA_IMG1_LID1_STA1_CFC64_OH0,0122_0950,A,0.46943652629852295,0.06452171504497528,0.5,0.0,-30.57537064690339,7.358695547263532,-2.9693213309005793,2.4145612163316166
1769071903.8763118,1769071903876319812,Sr02_gA_IMG1_LID1_STA1_CFC64_OH0,0122_0950,A,0.5031139850616455,0.042856670916080475,0.5,0.0,-30.624578261791612,7.350130860218422,-2.969731187753581,2.3654146845879525
1769071903.9920397,1769071903992052312,Sr02_gA_IMG1_LID1_STA1_CFC64_OH0,0122_0950,A,0.503516435623169,0.047571055591106415,0.5,0.0,-30.698420911634106,7.337196820807898,-2.9672332885373485,2.2917298789293463
1769071904.1111104,1769071904111118461,Sr02_gA_IMG1_LID1_STA1_CFC64_OH0,0122_0950,A,0.5169814229011536,0.013112771324813366,0.5,0.0,-30.74764162158334,7.328759741366799,-2.976803664533027,2.2426580954485296
1769071904.233298,1769071904233305576,Sr02_gA_IMG1_LID1_STA1_CFC64_OH0,0122_0950,A,0.4935275614261627,0.002624554093927145,0.5,0.0,-30.797005071987627,7.320808140687009,-2.986960016127429,2.1934715490326155
1769071904.3512473,1769071904351256399,Sr02_gA_IMG1_LID1_STA1_CFC64_OH0,0122_0950,A,0.483147531747818,0.004804820287972689,0.5,0.0,-30.871121315387864,7.309549555973826,-2.9929036515604324,2.1196725151604308
1769071904.4742944,1769071904474304143,Sr02_gA_IMG1_LID1_STA1_CFC64_OH0,0122_0950,A,0.5217768549919128,-0.005668925121426582,0.5,0.0,-30.920511794840365,7.302004630394451,-2.9868027930550043,2.0705414059503218
1769071904.5931628,1769071904593171293,Sr02_gA_IMG1_LID1_STA1_CFC64_OH0,0122_0950,A,0.5367169380187988,0.0210232213139534,0.5,0.0,-30.994574859426645,7.290187612477696,-2.9800633520557986,1.9969650049659435
1769071904.7164176,1769071904716425670,Sr02_gA_IMG1_LID1_STA1_CFC64_OH0,0122_0950,A,0.5278059840202332,-0.07530698925256729,0.5,0.0,-31.043904667535276,7.2820288748591455,-2.9753062545569198,1.9480327254202745
1769071904.8359528,1769071904835960081,Sr02_gA_IMG1_LID1_STA1_CFC64_OH0,0122_0950,A,0.5262425541877747,-0.07419798523187637,0.5,0.0,-31.093209536239428,7.273720490771213,-2.973994953201656,1.89918863837638
1769071904.9552343,1769071904955242341,Sr02_gA_IMG1_LID1_STA1_CFC64_OH0,0122_0950,A,0.4236196279525757,-0.22526340186595917,0.5,-0.5,-31.167153702633826,7.261180178763659,-2.973347894990742,1.8260576200281091
1769071905.0720575,1769071905072066421,Sr02_gA_IMG1_LID1_STA1_CFC64_OH0,0122_0950,A,0.47148510813713074,0.08165516704320908,0.5,0.0,-31.216445696392142,7.252795729692092,-2.9728674138771227,1.7773958668114183
1769071905.1975045,1769071905197512201,Sr02_gA_IMG1_LID1_STA1_CFC64_OH0,0122_0950,A,0.5413863062858582,0.053503453731536865,0.5,0.0,-31.265737217885754,7.24440850543053,-2.973329560164851,1.728811162048701
1769071905.316221,1769071905316229112,Sr02_gA_IMG1_LID1_STA1_CFC64_OH0,0122_0950,A,0.5418515205383301,0.05119695886969566,0.5,0.0,-31.339667195221335,7.231784951909488,-2.9709768656336526,1.6561029535002099
1769071905.4339318,1769071905433939686,Sr02_gA_IMG1_LID1_STA1_CFC64_OH0,0122_0950,A,0.46988508105278015,-0.02343476191163063,0.5,0.0,-31.38891380159086,7.223446988918332,-2.977541840554282,1.6077805258112903
1769071905.5545633,1769071905554571125,Sr02_gA_IMG1_LID1_STA1_CFC64_OH0,0122_0950,A,0.5209898352622986,0.15333740413188934,0.5,0.0,-31.46296253929474,7.211614454793149,-2.989048343996278,1.535243839927375
1769071905.672109,1769071905672115503,Sr02_gA_IMG1_LID1_STA1_CFC64_OH0,0122_0950,A,0.5384407043457031,0.1276504099369049,0.5,0.0,-31.512292649341386,7.204503612421649,-3.009336187901924,1.4869693470527627
1769071905.7940226,1769071905794032440,Sr02_gA_IMG1_LID1_STA1_CFC64_OH0,0122_0950,A,0.45344623923301697,0.10655664652585983,0.5,0.0,-31.561388731041202,7.198212247006272,-3.01435667977544,1.4389352385279515
1769071905.9162464,1769071905916255591,Sr02_gA_IMG1_LID1_STA1_CFC64_OH0,0122_0950,A,0.479842871427536,0.10532917082309723,0.5,0.0,-31.63573596289098,7.1883403462279745,-3.005486621545917,1.366441118543447
1769071906.0363414,1769071906036349672,Sr02_gA_IMG1_LID1_STA1_CFC64_OH0,0122_0950,A,0.5461890697479248,0.08048724383115768,0.5,0.0,-31.685255969785626,7.181429258149415,-3.0003669322676574,1.3183592211109052
1769071906.1553247,1769071906155332458,Sr02_gA_IMG1_LID1_STA1_CFC64_OH0,0122_0950,A,0.546036422252655,0.07791759818792343,0.5,0.0,-31.759465859102157,7.170878162590859,-3.0015697441720564,1.2466182091011273
1769071906.2732787,1769071906273287737,Sr02_gA_IMG1_LID1_STA1_CFC64_OH0,0122_0950,A,0.3656071424484253,0.03298725187778473,0.5,0.0,-31.808763330474907,7.163671109921765,-2.9892851441462414,1.1992124818129248
1769071906.3947067,1769071906394714829,Sr02_gA_IMG1_LID1_STA1_CFC64_OH0,0122_0950,A,0.3798597753047943,0.033914610743522644,0.5,0.0,-31.858134748927995,7.1557699221056295,-2.9765201044034204,1.1520675440181758
1769071906.5157616,1769071906515769732,Sr02_gA_IMG1_LID1_STA1_CFC64_OH0,0122_0950,A,0.37882566452026367,0.04092944785952568,0.5,0.0,-31.932008480005443,7.142825848681309,-2.960114742847546,1.0822400640507908
1769071906.636986,1769071906636993597,Sr02_gA_IMG1_LID1_STA1_CFC64_OH0,0122_0950,A,0.4978882074356079,0.04407069832086563,0.5,0.0,-31.98113894404263,7.1335428497404365,-2.949581842053365,1.0363552806135885
1769071906.759909,1769071906759916839,Sr02_gA_IMG1_LID1_STA1_CFC64_OH0,0122_0950,A,0.4601520001888275,-0.024140462279319763,0.5,0.0,-32.05466558917844,7.1187522662114215,-2.937037613484411,0.9686809495045194
