t_unix,t_ros_ns,run_folder,run_id,goal_id,v_pred_lin,w_pred_ang,v_cmd_lin,w_cmd_ang,x,y,yaw,dist_to_goal
1769070436.2071676,1769070436207176093,Sr02_gA_IMG1_LID1_STA1_CFC64_OH0,0122_0927,A,-0.0531112439930439,0.0008413672912865877,0.0,0.0,1.3617009830039695e-15,-2.546477283046088e-24,-7.060442457952478e-12,33.80335215951223
1769070436.3242412,1769070436324250945,Sr02_gA_IMG1_LID1_STA1_CFC64_OH0,0122_0927,A,-0.0531112439930439,0.0008413672912865877,0.0,0.0,1.3617009830039695e-15,-2.546477283046088e-24,-7.060442457952478e-12,33.80335215951223
1769070436.4442117,1769070436444220919,Sr02_gA_IMG1_LID1_STA1_CFC64_OH0,0122_0927,A,0.004743906669318676,0.013537616468966007,0.0,0.0,1.0527892867133282e-15,-2.5442962297717438e-24,-7.060442700042593e-12,33.80335215951223
1769070436.5639539,1769070436563962716,Sr02_gA_IMG1_LID1_STA1_CFC64_OH0,0122_0927,A,-0.06675156950950623,0.0032692565582692623,0.0,0.0,9.758645341172962e-16,-2.5437531069605486e-24,-7.060442834509198e-12,33.80335215951223
1769070436.683799,1769070436683806740,Sr02_gA_IMG1_LID1_STA1_CFC64_OH0,0122_0927,A,-0.11205367743968964,0.016072340309619904,0.0,0.0,8.987099506839692e-16,-2.543208361435264e-24,-7.060442718805515e-12,33.80335215951223
1769070436.8015614,1769070436801569181,Sr02_gA_IMG1_LID1_STA1_CFC64_OH0,0122_0927,A,-0.06546270847320557,0.0033934791572391987,0.0,0.0,6.937994163862532e-14,2.8848472781875237e-19,8.41207429125548e-06,33.80335215951229
1769070436.9158008,1769070436915809080,Sr02_gA_IMG1_LID1_STA1_CFC64_OH0,0122_0927,A,-0.04834292456507683,0.008467316627502441,0.0,0.0,1.0891639389511401e-13,8.463446116703831e-19,9.253733499112414e-05,33.80335215951233
1769070437.0304155,1769070437030423195,Sr02_gA_IMG1_LID1_STA1_CFC64_OH0,0122_0927,A,-0.06351041793823242,0.00817758310586214,0.0,0.0,1.0625208058283105e-13,4.929372722813685e-19,0.00017666277335872562,33.80335215951233
1769070437.144335,1769070437144343471,Sr02_gA_IMG1_LID1_STA1_CFC64_OH0,0122_0927,A,-0.07838815450668335,0.008620252832770348,0.0,0.0,1.6311509704652417e-13,-1.8938724327989295e-15,0.0018506728054325458,33.803352159512386
1769070437.263031,1769070437263038574,Sr02_gA_IMG1_LID1_STA1_CFC64_OH0,0122_0927,A,-0.22023241221904755,0.008418000303208828,0.0,0.0,-4.128012249144915e-13,-2.9827365583356284e-15,0.002177588883701483,33.803352159511824
1769070437.3806126,1769070437380621239,Sr02_gA_IMG1_LID1_STA1_CFC64_OH0,0122_0927,A,-0.2973824441432953,0.0182170532643795,-0.5,0.0,5.524642597908218e-13,-1.1696868023383246e-15,0.0036567684271815344,33.80335215951277
1769070437.4995172,1769070437499525575,Sr02_gA_IMG1_LID1_STA1_CFC64_OH0,0122_0927,A,-0.2119741290807724,0.024677686393260956,0.0,0.0,-1.5836165481089576e-12,-1.0013912575339757e-14,0.004546147415538226,33.80335215951068
1769070437.6186895,1769070437618697852,Sr02_gA_IMG1_LID1_STA1_CFC64_OH0,0122_0927,A,-0.3639172613620758,0.006975090131163597,-0.5,0.0,-1.149054547168734e-12,-8.090148222670834e-15,0.005392862496164541,33.80335215951111
1769070437.734938,1769070437734945862,Sr02_gA_IMG1_LID1_STA1_CFC64_OH0,0122_0927,A,-0.32199183106422424,0.013942190445959568,-0.5,0.0,-1.4438729355103736e-12,-9.790867756216915e-15,0.00621350569013848,33.80335215951082
1769070437.8514183,1769070437851427651,Sr02_gA_IMG1_LID1_STA1_CFC64_OH0,0122_0927,A,-0.48019522428512573,-0.0059085870161652565,-0.5,0.0,-1.8121120869506972e-12,-1.2350987477158714e-14,0.007495648365131089,33.80335215951046
1769070437.9698236,1769070437969831450,Sr02_gA_IMG1_LID1_STA1_CFC64_OH0,0122_0927,A,-0.40982189774513245,-0.01024414598941803,-0.5,0.0,-2.090042094132993e-12,-1.45476468365029e-14,0.008337435726216686,33.80335215951019
1769070438.0875459,1769070438087556188,Sr02_gA_IMG1_LID1_STA1_CFC64_OH0,0122_0927,A,-0.4097979962825775,-0.010208556428551674,-0.5,0.0,-0.008044492275957318,-7.122884813985781e-05,0.009071671520900836,33.795516833115386
1769070438.2063391,1769070438206346649,Sr02_gA_IMG1_LID1_STA1_CFC64_OH0,0122_0927,A,-0.5647867918014526,0.08000016212463379,-0.5,0.0,-0.023747424717667675,-0.00021787916694009476,0.010195510402206872,33.780224139169356
1769070438.3243432,1769070438324352403,Sr02_gA_IMG1_LID1_STA1_CFC64_OH0,0122_0927,A,-0.418366402387619,-0.032976578921079636,-0.5,0.0,-0.03360841835941243,-0.0003306216176534647,0.012051285880923196,33.7706254639063
1769070438.4450688,1769070438445077597,Sr02_gA_IMG1_LID1_STA1_CFC64_OH0,0122_0927,A,-0.41820624470710754,-0.032649192959070206,-0.5,0.0,-0.06077374642672525,-0.0006800692870041137,0.013460811790134426,33.7441920515769
1769070438.5666451,1769070438566653741,Sr02_gA_IMG1_LID1_STA1_CFC64_OH0,0122_0927,A,-0.42814210057258606,0.14071685075759888,-0.5,0.0,-0.12994618808860775,-0.0016517912678462145,0.013953598408169529,33.67690653098341
1769070438.6827118,1769070438682719982,Sr02_gA_IMG1_LID1_STA1_CFC64_OH0,0122_0927,A,-0.3778761625289917,0.048157572746276855,-0.5,0.0,-0.17994166602414055,-0.0023238407180683567,0.012929189259476673,33.62827300073706
1769070438.802837,1769070438802844757,Sr02_gA_IMG1_LID1_STA1_CFC64_OH0,0122_0927,A,-0.3512232005596161,-0.012555746361613274,-0.5,0.0,-0.2549035743088221,-0.0032401272556174584,0.012421630251310697,33.55534060775522
1769070438.9205656,1769070438920573603,Sr02_gA_IMG1_LID1_STA1_CFC64_OH0,0122_0927,A,-0.39132019877433777,-0.003680718131363392,-0.5,0.0,-0.3048864208736721,-0.00405929015005765,0.020384833113147816,33.50676181344236
1769070439.0351233,1769070439035131231,Sr02_gA_IMG1_LID1_STA1_CFC64_OH0,0122_0927,A,-0.6253673434257507,0.2683136761188507,-0.5,0.5,-0.3548147598485866,-0.0050541432481755145,0.018419286308014232,33.45827907374953
1769070439.1538312,1769070439153840036,Sr02_gA_IMG1_LID1_STA1_CFC64_OH0,0122_0927,A,-0.3836154639720917,0.04819827154278755,-0.5,0.0,-0.42979376339097863,-0.006252240740891137,0.013903502366396049,33.38541364463275
1769070439.272452,1769070439272460158,Sr02_gA_IMG1_LID1_STA1_CFC64_OH0,0122_0927,A,-0.39131051301956177,0.040594153106212616,-0.5,0.0,-0.4796099364388771,-0.007176843654349608,0.025110377659219956,33.33703539906461
1769070439.3858902,1769070439385899751,Sr02_gA_IMG1_LID1_STA1_CFC64_OH0,0122_0927,A,-0.45337873697280884,-0.18786783516407013,-0.5,0.0,-0.5295577537766352,-0.008624232063863278,0.031547390892808565,33.2886489434952
1769070439.5054018,1769070439505409803,Sr02_gA_IMG1_LID1_STA1_CFC64_OH0,0122_0927,A,-0.1376854032278061,-0.10641972720623016,0.0,0.0,-0.6045072601796102,-0.01105407635033566,0.031698724032579735,33.216108467419645
1769070439.6248422,1769070439624848815,Sr02_gA_IMG1_LID1_STA1_CFC64_OH0,0122_0927,A,-0.6938586235046387,-0.26535990834236145,-0.5,-0.5,-0.6544824294028463,-0.012629549544076371,0.031330646282192946,33.16773570091412
1769070439.7454736,1769070439745481855,Sr02_gA_IMG1_LID1_STA1_CFC64_OH0,0122_0927,A,-0.6833341121673584,-0.255465030670166,-0.5,-0.5,-0.704001456195087,-0.014374380563716864,0.043250150996689905,33.11985018998164
1769070439.8589756,1769070439858991245,Sr02_gA_IMG1_LID1_STA1_CFC64_OH0,0122_0927,A,-0.4298665523529053,-0.4257045090198517,-0.5,-0.5,-0.7785548627421701,-0.01855339190919074,0.06200336364788749,33.04811239396433
1769070439.9810815,1769070439981089328,Sr02_gA_IMG1_LID1_STA1_CFC64_OH0,0122_0927,A,-0.46395963430404663,-0.4303581714630127,-0.5,-0.5,-0.8284523544870758,-0.021752855650032252,0.06606277613428226,33.00019678729752
1769070440.0992405,1769070440099249140,Sr02_gA_IMG1_LID1_STA1_CFC64_OH0,0122_0927,A,-0.4416579008102417,-0.42833659052848816,-0.5,-0.5,-0.8780118872288609,-0.024922403061917425,0.05756405379544949,32.952609996079616
1769070440.2166111,1769070440216620849,Sr02_gA_IMG1_LID1_STA1_CFC64_OH0,0122_0927,A,-0.3804267346858978,-0.493801474571228,-0.5,-0.5,-0.9375969856686409,-0.02766277157065153,0.03316363607772502,32.895164068180215
1769070440.3323607,1769070440332368162,Sr02_gA_IMG1_LID1_STA1_CFC64_OH0,0122_0927,A,-0.5808615684509277,-0.4967019557952881,-0.5,-0.5,-0.9743560705450623,-0.02864112454799944,0.021464675432677043,32.85956819267693
1769070440.4536908,1769070440453698733,Sr02_gA_IMG1_LID1_STA1_CFC64_OH0,0122_0927,A,-0.46367698907852173,-0.3562335669994354,-0.5,-0.5,-1.0471438027096995,-0.02921335298387878,-0.010155768709693543,32.788783313838884
1769070440.5725443,1769070440572552917,Sr02_gA_IMG1_LID1_STA1_CFC64_OH0,0122_0927,A,-0.46596425771713257,-0.35386598110198975,-0.5,-0.5,-1.096924076572871,-0.02774811234523017,-0.05026819157476911,32.73995825656864
1769070440.6855376,1769070440685544993,Sr02_gA_IMG1_LID1_STA1_CFC64_OH0,0122_0927,A,-0.5921797752380371,-0.4672996699810028,-0.5,-0.5,-1.1467916107519405,-0.02416437256680594,-0.09325739917779004,32.690571836992326
1769070440.8054466,1769070440805455151,Sr02_gA_IMG1_LID1_STA1_CFC64_OH0,0122_0927,A,-0.4934506118297577,-0.3984706997871399,-0.5,-0.5,-1.2211795291931493,-0.014784768551619814,-0.1579156959914905,32.61599138714911
1769070440.9244943,1769070440924502610,Sr02_gA_IMG1_LID1_STA1_CFC64_OH0,0122_0927,A,-0.5083404183387756,-0.3902885913848877,-0.5,-0.5,-1.2703264478382659,-0.005711870472449622,-0.20723141347076998,32.5660666907034
1769070441.0397804,1769070441039788749,Sr02_gA_IMG1_LID1_STA1_CFC64_OH0,0122_0927,A,-0.4177640676498413,-0.37284180521965027,-0.5,-0.5,-1.318981422467953,0.005785061228184461,-0.2568725312051847,32.51607214427904
1769070441.1599019,1769070441159912653,Sr02_gA_IMG1_LID1_STA1_CFC64_OH0,0122_0927,A,-0.4851892292499542,-0.4639361798763275,-0.5,-0.5,-1.3908575774851255,0.027073379530197162,-0.31527400648090076,32.44124240873126
1769070441.2762988,1769070441276307024,Sr02_gA_IMG1_LID1_STA1_CFC64_OH0,0122_0927,A,-0.49433550238609314,-0.4624248445034027,-0.5,-0.5,-1.4381089422779303,0.04341496415392428,-0.35066053784926143,32.39151875004802
1769070441.3898263,1769070441389834414,Sr02_gA_IMG1_LID1_STA1_CFC64_OH0,0122_0927,A,-0.49870797991752625,-0.3973349332809448,-0.5,-0.5,-1.4846119619025504,0.06154005336478361,-0.39453945248076805,32.34212177605143
1769070441.5027297,1769070441502738992,Sr02_gA_IMG1_LID1_STA1_CFC64_OH0,0122_0927,A,-0.520980954170227,-0.49253979325294495,-0.5,-0.5,-1.5528895886816632,0.09254697489860572,-0.456374870865017,32.26860638051402
1769070441.6225636,1769070441622571753,Sr02_gA_IMG1_LID1_STA1_CFC64_OH0,0122_0927,A,-0.44615820050239563,-0.5292530059814453,-0.5,-0.5,-1.5973310492072013,0.11545197428657152,-0.4954036662323602,32.220146082898495
1769070441.739843,1769070441739850665,Sr02_gA_IMG1_LID1_STA1_CFC64_OH0,0122_0927,A,-0.43229103088378906,-0.5374959111213684,-0.5,-0.5,-1.6408625601466893,0.1400429672795921,-0.5328622571090065,32.17219815641729
1769070441.8597,1769070441859710384,Sr02_gA_IMG1_LID1_STA1_CFC64_OH0,0122_0927,A,-0.5151693224906921,-0.42159900069236755,-0.5,-0.5,-1.7041675889671113,0.1801311411597683,-0.5987703363923687,32.10151220150795
1769070441.9797955,1769070441979802830,Sr02_gA_IMG1_LID1_STA1_CFC64_OH0,0122_0927,A,-0.45006006956100464,-0.47049620747566223,-0.5,-0.5,-1.7448028636144275,0.20925722486202736,-0.6450127513232766,32.05539091943765
1769070442.1050832,1769070442105091638,Sr02_gA_IMG1_LID1_STA1_CFC64_OH0,0122_0927,A,-0.4451543986797333,-0.46848195791244507,-0.5,-0.5,-1.7841307246123754,0.2401277149201564,-0.685397120173556,32.01016716293908
1769070442.2286057,1769070442228615093,Sr02_gA_IMG1_LID1_STA1_CFC64_OH0,0122_0927,A,-0.449645072221756,-0.4156184792518616,-0.5,-0.5,-1.840473399467208,0.28951694784184817,-0.7566490877338284,31.944257638370523
1769070442.3436954,1769070442343703726,Sr02_gA_IMG1_LID1_STA1_CFC64_OH0,0122_0927,A,-0.3345343768596649,-0.5024694204330444,-0.5,-0.5,-1.875905347652477,0.32478723720944275,-0.809574306743116,31.90189942272051
1769070442.464527,1769070442464535680,Sr02_gA_IMG1_LID1_STA1_CFC64_OH0,0122_0927,A,-0.4427603483200073,-0.2868310511112213,-0.5,-0.5,-1.9254033326248012,0.3810948386673996,-0.8880077770790151,31.84121739746804
1769070442.5894916,1769070442589499613,Sr02_gA_IMG1_LID1_STA1_CFC64_OH0,0122_0927,A,-0.4368550777435303,-0.30795854330062866,-0.5,-0.5,-1.956124343026552,0.4205390902746559,-0.9301676390494934,31.802602542671877
1769070442.7007406,1769070442700748352,Sr02_gA_IMG1_LID1_STA1_CFC64_OH0,0122_0927,A,-0.4363895654678345,-0.3842918574810028,-0.5,-0.5,-1.9987949628776283,0.4821861311030605,-1.0005815881637372,31.74753101762454
1769070442.8183615,1769070442818369624,Sr02_gA_IMG1_LID1_STA1_CFC64_OH0,0122_0927,A,-0.46624404191970825,-0.357241153717041,-0.5,-0.5,-2.024790010001124,0.5248921035070034,-1.047429713545328,31.712909031729197
1769070442.931957,1769070442931965302,Sr02_gA_IMG1_LID1_STA1_CFC64_OH0,0122_0927,A,-0.49996206164360046,-0.3664582371711731,-0.5,-0.5,-2.0488729301414645,0.5687059466964833,-1.088991527964556,31.67995771768229
1769070443.046502,1769070443046511803,Sr02_gA_IMG1_LID1_STA1_CFC64_OH0,0122_0927,A,-0.42750364542007446,-0.3645797669887543,-0.5,-0.5,-2.070965332075408,0.6135022882962433,-1.137525353567929,31.648785882441256
1769070443.1616542,1769070443161661661,Sr02_gA_IMG1_LID1_STA1_CFC64_OH0,0122_0927,A,-0.35186102986335754,-0.3775908648967743,-0.5,-0.5,-2.1003755368895414,0.6823675016603261,-1.190350910321685,31.60540877747739
1769070443.2813754,1769070443281383484,Sr02_gA_IMG1_LID1_STA1_CFC64_OH0,0122_0927,A,-0.24722562730312347,-0.380908727645874,0.0,-0.5,-2.118233891642612,0.7290674167033415,-1.220935409753854,31.5780994542654
1769070443.3998957,1769070443399903897,Sr02_gA_IMG1_LID1_STA1_CFC64_OH0,0122_0927,A,-0.3104158937931061,-0.40275999903678894,-0.5,-0.5,-2.1345394197617615,0.7762964764689639,-1.2572593558009275,31.55225364455758
1769070443.5144105,1769070443514418351,Sr02_gA_IMG1_LID1_STA1_CFC64_OH0,0122_0927,A,-0.41409483551979065,-0.12639404833316803,-0.5,0.0,-2.15568164492108,0.848245233393251,-1.3119274725915455,31.516609206495072
1769070443.6317322,1769070443631740348,Sr02_gA_IMG1_LID1_STA1_CFC64_OH0,0122_0927,A,-0.22378399968147278,-0.6814745664596558,0.0,-0.5,-2.1675926239720167,0.8968029160841057,-1.348573221891969,31.49493855706264
1769070443.7493246,1769070443749332841,Sr02_gA_IMG1_LID1_STA1_CFC64_OH0,0122_0927,A,-0.04452165961265564,-0.6799654364585876,0.0,-0.5,-2.1777195197929817,0.9457638036878815,-1.3850687006998255,31.474996603343566
1769070443.859005,1769070443859013270,Sr02_gA_IMG1_LID1_STA1_CFC64_OH0,0122_0927,A,0.0077198576182127,-0.19955946505069733,0.0,0.0,-2.1895009129122567,1.0198226002590123,-1.4413168861297396,31.448422989592594
1769070443.9729218,1769070443972930409,Sr02_gA_IMG1_LID1_STA1_CFC64_OH0,0122_0927,A,0.15083132684230804,-0.18619129061698914,0.0,0.0,-2.1939097059863992,1.058435847636082,-1.4745546064061272,31.436328457526976
1769070444.095155,1769070444095163306,Sr02_gA_IMG1_LID1_STA1_CFC64_OH0,0122_0927,A,0.20577862858772278,-0.16851505637168884,0.0,0.0,-2.1966420209308426,1.0920667111380105,-1.5017538196375064,31.426915152590833
1769070444.2142873,1769070444214295162,Sr02_gA_IMG1_LID1_STA1_CFC64_OH0,0122_0927,A,0.5227254629135132,-0.16920368373394012,0.5,0.0,-2.200580158930779,1.164509723099074,-1.5268946027238652,31.408660893788195
1769070444.33606,1769070444336066974,Sr02_gA_IMG1_LID1_STA1_CFC64_OH0,0122_0927,A,0.396477609872818,-0.3035430312156677,0.5,-0.5,-2.202093634998848,1.203598324530851,-1.5376906319586763,31.39947607342709
1769070444.454336,1769070444454344115,Sr02_gA_IMG1_LID1_STA1_CFC64_OH0,0122_0927,A,0.41399091482162476,-0.2640073299407959,0.5,-0.5,-2.202697342863798,1.224270838490504,-1.5472276995363345,31.394830087012064
1769070444.5714204,1769070444571428269,Sr02_gA_IMG1_LID1_STA1_CFC64_OH0,0122_0927,A,0.4232748746871948,-0.3041400611400604,0.5,-0.5,-2.202849866499615,1.2328781273411749,-1.5733268217628151,31.39299641131208
1769070444.6865804,1769070444686588660,Sr02_gA_IMG1_LID1_STA1_CFC64_OH0,0122_0927,A,0.43999168276786804,-0.31280556321144104,0.5,-0.5,-2.202849866498057,1.2328781274748861,-1.5919459073661224,31.392996411287466
1769070444.805144,1769070444805152836,Sr02_gA_IMG1_LID1_STA1_CFC64_OH0,0122_0927,A,0.43144527077674866,-0.5552002787590027,0.5,-0.5,-2.2028498664947906,1.2328781275855216,-1.608974145722534,31.392996411269035
1769070444.9235077,1769070444923515633,Sr02_gA_IMG1_LID1_STA1_CFC64_OH0,0122_0927,A,0.4696653187274933,-0.5726507902145386,0.5,-0.5,-2.2036157122544164,1.2188561472877733,-1.6309329307865388,31.39499012054512
1769070445.0400298,1769070445040038812,Sr02_gA_IMG1_LID1_STA1_CFC64_OH0,0122_0927,A,0.3437885344028473,-0.2958645224571228,0.5,-0.5,-2.205651031433556,1.188200380966746,-1.6418331812237015,31.39901642182006
1769070445.157648,1769070445157656988,Sr02_gA_IMG1_LID1_STA1_CFC64_OH0,0122_0927,A,0.4876127541065216,-0.5046321749687195,0.5,-0.5,-2.209117683187434,1.1430893776568756,-1.6547726286028617,31.404532735689923
1769070445.271188,1769070445271196231,Sr02_gA_IMG1_LID1_STA1_CFC64_OH0,0122_0927,A,0.506798505783081,-0.516201376914978,0.5,-0.5,-2.2168594811891382,1.068953653710153,-1.6971162371823574,31.411734612122736
1769070445.3899097,1769070445389917539,Sr02_gA_IMG1_LID1_STA1_CFC64_OH0,0122_0927,A,0.4465574026107788,-0.28741076588630676,0.5,-0.5,-2.223933383489594,1.0194586467865179,-1.7283967358253085,31.414774386076438
1769070445.5056298,1769070445505637608,Sr02_gA_IMG1_LID1_STA1_CFC64_OH0,0122_0927,A,0.4259115755558014,-0.1385941356420517,0.5,0.0,-2.2326224978350773,0.9706537786666297,-1.7698518183111718,31.416171491404885
1769070445.6232018,1769070445623209910,Sr02_gA_IMG1_LID1_STA1_CFC64_OH0,0122_0927,A,0.5629084706306458,-0.505946695804596,0.5,-0.5,-2.2505266355515334,0.8978913337895008,-1.8548929265396203,31.413556074969712
1769070445.740837,1769070445740845448,Sr02_gA_IMG1_LID1_STA1_CFC64_OH0,0122_0927,A,0.5576503872871399,-0.5364465117454529,0.5,-0.5,-2.265395830046166,0.8505092271196831,-1.8912559601193522,31.40880864529698
1769070445.8551812,1769070445855190087,Sr02_gA_IMG1_LID1_STA1_CFC64_OH0,0122_0927,A,0.5372715592384338,-0.33576905727386475,0.5,-0.5,-2.2818677014818696,0.8036722314344131,-1.9307360728430083,31.402457788239428
1769070445.970922,1769070445970929962,Sr02_gA_IMG1_LID1_STA1_CFC64_OH0,0122_0927,A,0.47998592257499695,-0.3457672595977783,0.5,-0.5,-2.310946188632084,0.7345588992354696,-2.0077034158811213,31.38856296076937
1769070446.0906563,1769070446090663967,Sr02_gA_IMG1_LID1_STA1_CFC64_OH0,0122_0927,A,0.503913164138794,-0.315883606672287,0.5,-0.5,-2.3328122183325934,0.6898460377832357,-2.040817001233707,31.37668219809893
1769070446.2087882,1769070446208798382,Sr02_gA_IMG1_LID1_STA1_CFC64_OH0,0122_0927,A,0.48175570368766785,-0.4330994486808777,0.5,-0.5,-2.355902552598845,0.6456130683677489,-2.0598673878930485,31.3635771887541
1769070446.3264022,1769070446326412033,Sr02_gA_IMG1_LID1_STA1_CFC64_OH0,0122_0927,A,0.44058936834335327,-0.41816312074661255,0.5,-0.5,-2.3917592277435826,0.5805601665330075,-2.0974495647698723,31.342585246732956
1769070446.4432018,1769070446443210331,Sr02_gA_IMG1_LID1_STA1_CFC64_OH0,0122_0927,A,0.46915873885154724,-0.3714269697666168,0.5,-0.5,-2.4176383384462437,0.5384783116878219,-2.148270318453884,31.326472866221366
1769070446.5632186,1769070446563227155,Sr02_gA_IMG1_LID1_STA1_CFC64_OH0,0122_0927,A,0.47665083408355713,-0.5891178846359253,0.5,-0.5,-2.4457676191942315,0.49733318995845255,-2.188649118401007,31.308029210651636
1769070446.681912,1769070446681918230,Sr02_gA_IMG1_LID1_STA1_CFC64_OH0,0122_0927,A,0.5157239437103271,-0.507872462272644,0.5,-0.5,-2.4907634562700713,0.43734051902436655,-2.2402141780150724,31.277377614709035
1769070446.801183,1769070446801190369,Sr02_gA_IMG1_LID1_STA1_CFC64_OH0,0122_0927,A,0.4849390983581543,-0.522670567035675,0.5,-0.5,-2.5224039982050166,0.39862788701501123,-2.271802509807363,31.255138457312047
1769070446.9201727,1769070446920180452,Sr02_gA_IMG1_LID1_STA1_CFC64_OH0,0122_0927,A,0.5028563737869263,-0.4608606994152069,0.5,-0.5,-2.5723462411812617,0.342824724878257,-2.33262739101316,31.21897227670244
1769070447.039646,1769070447039654482,Sr02_gA_IMG1_LID1_STA1_CFC64_OH0,0122_0927,A,0.49048957228660583,-0.45553770661354065,0.5,-0.5,-2.607604875045861,0.3073780878477599,-2.3744436599269125,31.19262772374318
1769070447.1546555,1769070447154664497,Sr02_gA_IMG1_LID1_STA1_CFC64_OH0,0122_0927,A,0.5230030417442322,-0.42218270897865295,0.5,-0.5,-2.6442356496675203,0.27335017901529307,-2.411586338724775,31.16468189127442
1769070447.272495,1769070447272503073,Sr02_gA_IMG1_LID1_STA1_CFC64_OH0,0122_0927,A,0.5275123715400696,-0.4241659343242645,0.5,-0.5,-2.701537458365297,0.2255848034029242,-2.4875808105845003,31.119821543162804
1769070447.387895,1769070447387903322,Sr02_gA_IMG1_LID1_STA1_CFC64_OH0,0122_0927,A,0.4934704303741455,-0.388904869556427,0.5,-0.5,-2.741975149242373,0.19618658088982233,-2.5383680303345564,31.087237579894552
1769070447.5045667,1769070447504574860,Sr02_gA_IMG1_LID1_STA1_CFC64_OH0,0122_0927,A,0.44285762310028076,-0.4736456573009491,0.5,-0.5,-2.783869210642694,0.16890437127291072,-2.590487063038854,31.05279243356476
1769070447.619125,1769070447619132636,Sr02_gA_IMG1_LID1_STA1_CFC64_OH0,0122_0927,A,0.4930639863014221,-0.3191072940826416,0.5,-0.5,-2.849132516868342,0.13198016854068323,-2.6614704257962822,30.99791477513341
1769070447.7375183,1769070447737526209,Sr02_gA_IMG1_LID1_STA1_CFC64_OH0,0122_0927,A,0.5132284760475159,-0.21270915865898132,0.5,-0.5,-2.8939900271414425,0.10990368685732274,-2.707024154922193,30.95946977892877
1769070447.8530383,1769070447853045527,Sr02_gA_IMG1_LID1_STA1_CFC64_OH0,0122_0927,A,0.4627625346183777,-0.08716432750225067,0.5,0.0,-2.9397797910900487,0.08983071537325989,-2.7495759454733704,30.91967992986323
1769070447.9705186,1769070447970525816,Sr02_gA_IMG1_LID1_STA1_CFC64_OH0,0122_0927,A,0.498756468296051,-0.014971360564231873,0.5,0.0,-3.009953406047061,0.06339650700165567,-2.8131412653608767,30.85773368408397
1769070448.0877504,1769070448087758485,Sr02_gA_IMG1_LID1_STA1_CFC64_OH0,0122_0927,A,0.5108347535133362,0.011333096772432327,0.5,0.0,-3.057582214856812,0.04819186575798591,-2.852031724828749,30.81507149972797
1769070448.2042782,1769070448204286533,Sr02_gA_IMG1_LID1_STA1_CFC64_OH0,0122_0927,A,0.4953717589378357,-0.0781867653131485,0.5,0.0,-3.1057600795463203,0.035004412160544694,-2.897927738764215,30.771417212393235
1769070448.3198802,1769070448319888105,Sr02_gA_IMG1_LID1_STA1_CFC64_OH0,0122_0927,A,0.36132803559303284,-0.061558231711387634,0.5,0.0,-3.1789531684755894,0.019057185222949212,-2.9518390462249626,30.704154190309332
1769070448.4376714,1769070448437680840,Sr02_gA_IMG1_LID1_STA1_CFC64_OH0,0122_0927,A,0.3915078043937683,-0.11417028307914734,0.5,0.0,-3.228117138945353,0.01019300974888574,-2.973907121420983,30.658549717618637
1769070448.559502,1769070448559511213,Sr02_gA_IMG1_LID1_STA1_CFC64_OH0,0122_0927,A,0.4544754922389984,-0.03489052504301071,0.5,0.0,-3.2774070147885004,0.0021921295039074506,-2.9854148281150406,30.612628809040586
1769070448.677955,1769070448677962625,Sr02_gA_IMG1_LID1_STA1_CFC64_OH0,0122_0927,A,0.49213677644729614,-0.17055997252464294,0.5,0.0,-3.351507661394348,-0.009221240915814546,-2.990197768052981,30.543468074798437
1769070448.792212,1769070448792221125,Sr02_gA_IMG1_LID1_STA1_CFC64_OH0,0122_0927,A,0.5016753673553467,-0.00672731501981616,0.5,0.0,-3.4009314581145436,-0.016790106985462936,-2.989064480357535,30.497343812299142
1769070448.9095576,1769070448909566151,Sr02_gA_IMG1_LID1_STA1_CFC64_OH0,0122_0927,A,0.48939552903175354,0.005284602288156748,0.5,0.0,-3.4503285665199535,-0.024261472314797524,-2.9951919506467193,30.45123399436989
1769070449.0211833,1769070449021190095,Sr02_gA_IMG1_LID1_STA1_CFC64_OH0,0122_0927,A,0.4829982817173004,-0.08537338674068451,0.5,0.0,-3.5245692427939543,-0.034823845100045867,-3.0052828201436816,30.381794295778086
1769070449.1399953,1769070449140002942,Sr02_gA_IMG1_LID1_STA1_CFC64_OH0,0122_0927,A,0.4798855483531952,-0.0642383024096489,0.5,0.0,-3.5741431580000125,-0.04133532888205617,-3.0166998093013233,30.335308603878218
1769070449.2597542,1769070449259763326,Sr02_gA_IMG1_LID1_STA1_CFC64_OH0,0122_0927,A,0.4264239966869354,-0.13128332793712616,0.5,0.0,-3.6237433537509096,-0.04738507033401339,-3.0222544701533134,30.288695530029155
1769070449.3797932,1769070449379801107,Sr02_gA_IMG1_LID1_STA1_CFC64_OH0,0122_0927,A,0.48897066712379456,0.0026707416400313377,0.5,0.0,-3.698145106461172,-0.0558149947358186,-3.0399084253107462,30.21863615523023
1769070449.4974234,1769070449497431418,Sr02_gA_IMG1_LID1_STA1_CFC64_OH0,0122_0927,A,0.4720079302787781,0.00965206976979971,0.5,0.0,-3.7477711737942263,-0.06072810047752766,-3.0437612364631383,30.17174451707196
1769070449.6148841,1769070449614892600,Sr02_gA_IMG1_LID1_STA1_CFC64_OH0,0122_0927,A,0.4925101399421692,0.021839439868927002,0.5,0.0,-3.797531851858404,-0.06561426082431203,-3.0434730242682337,30.124725344702806
1769070449.7340367,1769070449734045901,Sr02_gA_IMG1_LID1_STA1_CFC64_OH0,0122_0927,A,0.4916937053203583,-0.0066635385155677795,0.5,0.0,-3.872151203586167,-0.07270786429605249,-3.0527254203000127,30.054177255277093
1769070449.8462117,1769070449846220386,Sr02_gA_IMG1_LID1_STA1_CFC64_OH0,0122_0927,A,0.46252545714378357,0.0419444739818573,0.5,0.0,-3.921967806077839,-0.0769853870354762,-3.059149256206531,30.00697682144984
1769070449.9672782,1769070449967286622,Sr02_gA_IMG1_LID1_STA1_CFC64_OH0,0122_0927,A,0.45375168323516846,-0.0011281730839982629,0.5,0.0,-3.9717878531553867,-0.08084730774318477,-3.0705567914331304,29.959678757360393
1769070450.0825815,1769070450082589611,Sr02_gA_IMG1_LID1_STA1_CFC64_OH0,0122_0927,A,0.44493338465690613,0.007756171748042107,0.5,0.0,-4.046538269104794,-0.08573526107188155,-3.0775207824265207,29.888502478314535
1769070450.201521,1769070450201528262,Sr02_gA_IMG1_LID1_STA1_CFC64_OH0,0122_0927,A,0.4331585466861725,0.027638986706733704,0.5,0.0,-4.096434118193397,-0.08896074285461524,-3.076555582372289,29.84099322995471
1769070450.318422,1769070450318430282,Sr02_gA_IMG1_LID1_STA1_CFC64_OH0,0122_0927,A,0.46858811378479004,0.0015746443532407284,0.5,0.0,-4.171268618223105,-0.093939927178735,-3.0738084416586053,29.76978897864593
1769070450.4383767,1769070450438384774,Sr02_gA_IMG1_LID1_STA1_CFC64_OH0,0122_0927,A,0.5148797631263733,0.011469085700809956,0.5,0.0,-4.221154916178735,-0.09730992222057264,-3.074474788347922,29.72234581025214
1769070450.5529876,1769070450552997049,Sr02_gA_IMG1_LID1_STA1_CFC64_OH0,0122_0927,A,0.5008237361907959,0.01195959560573101,0.5,0.0,-4.27102442790519,-0.10076203539617977,-3.070388588069627,29.67494795954087
1769070450.6720433,1769070450672052534,Sr02_gA_IMG1_LID1_STA1_CFC64_OH0,0122_0927,A,0.4819270670413971,0.024456974118947983,0.5,0.0,-4.345818924150566,-0.10615370011293775,-3.0695649392971163,29.603930542677745
1769070450.7900786,1769070450790087099,Sr02_gA_IMG1_LID1_STA1_CFC64_OH0,0122_0927,A,0.48674649000167847,0.007411688566207886,0.5,0.0,-4.395687876829852,-0.10977131208577652,-3.068789325283642,29.55659659928454
1769070450.909682,1769070450909691880,Sr02_gA_IMG1_LID1_STA1_CFC64_OH0,0122_0927,A,0.47768154740333557,-0.020491566509008408,0.5,0.0,-4.44555033456129,-0.11347717239064128,-3.066025446347855,29.509300114918044
1769070451.0307505,1769070451030759071,Sr02_gA_IMG1_LID1_STA1_CFC64_OH0,0122_0927,A,0.49344444274902344,0.004688063636422157,0.5,0.0,-4.520332834589736,-0.11918478481449243,-3.065169005353942,29.438420826250677
1769070451.1438963,1769070451143904892,Sr02_gA_IMG1_LID1_STA1_CFC64_OH0,0122_0927,A,0.5079939365386963,-0.006781099364161491,0.5,0.0,-4.570184688073156,-0.12303083645863709,-3.064022100767662,29.391192820382933
1769070451.262323,1769070451262331368,Sr02_gA_IMG1_LID1_STA1_CFC64_OH0,0122_0927,A,0.5067094564437866,-0.01230180636048317,0.5,0.0,-4.620032019927308,-0.12693505119134374,-3.06283104862954,29.343993232613172
1769070451.3800566,1769070451380063652,Sr02_gA_IMG1_LID1_STA1_CFC64_OH0,0122_0927,A,0.4974735379219055,-0.013536708429455757,0.5,0.0,-4.694789960050963,-0.1329553313432858,-3.0595829084014126,29.273265936493768
1769070451.4920707,1769070451492079562,Sr02_gA_IMG1_LID1_STA1_CFC64_OH0,0122_0927,A,0.5083483457565308,-0.018339745700359344,0.5,0.0,-4.744620388700989,-0.1370696902206183,-3.0588417371256487,29.22616006966381
1769070451.6094203,1769070451609431610,Sr02_gA_IMG1_LID1_STA1_CFC64_OH0,0122_0927,A,0.5032739043235779,0.008893376216292381,0.5,0.0,-4.794452406657883,-0.14116466942494338,-3.060611836979222,29.17905730917968
1769070451.7305486,1769070451730556820,Sr02_gA_IMG1_LID1_STA1_CFC64_OH0,0122_0927,A,0.4909091889858246,-0.01737038791179657,0.5,0.0,-4.869208601778441,-0.14720705501908812,-3.0606640355200416,29.108387548738627
1769070451.843831,1769070451843842878,Sr02_gA_IMG1_LID1_STA1_CFC64_OH0,0122_0927,A,0.4966569244861603,0.00735629815608263,0.5,0.0,-4.919046318543103,-0.15123217299049324,-3.061342135571168,29.061285376365753
1769070451.9669485,1769070451966956791,Sr02_gA_IMG1_LID1_STA1_CFC64_OH0,0122_0927,A,0.4966029226779938,-0.002035729819908738,0.5,0.0,-4.968887642356722,-0.15521235084831292,-3.0625171029910585,29.014177761048632
1769070452.0930493,1769070452093058923,Sr02_gA_IMG1_LID1_STA1_CFC64_OH0,0122_0927,A,0.48879948258399963,-0.008440678007900715,0.5,0.0,-5.0436590523295735,-0.16106330146328746,-3.0645585856300777,28.943494383110714
1769070452.2127411,1769070452212750329,Sr02_gA_IMG1_LID1_STA1_CFC64_OH0,0122_0927,A,0.473489910364151,-0.004728691652417183,0.5,0.0,-5.093514266842149,-0.1648654808429068,-3.0663925561772514,28.896351200481845
1769070452.3306353,1769070452330644252,Sr02_gA_IMG1_LID1_STA1_CFC64_OH0,0122_0927,A,0.48277151584625244,-0.012935197912156582,0.5,0.0,-5.1683002107784395,-0.17052774825106642,-3.065856159423438,28.825640737454624
1769070452.4537134,1769070452453721843,Sr02_gA_IMG1_LID1_STA1_CFC64_OH0,0122_0927,A,0.49409347772598267,-0.018945403397083282,0.5,0.0,-5.218160090654713,-0.17426826674625193,-3.0673459410125035,28.778501001149156
1769070452.5731733,1769070452573180843,Sr02_gA_IMG1_LID1_STA1_CFC64_OH0,0122_0927,A,0.4905281662940979,-0.015146597288548946,0.5,0.0,-5.268020967759271,-0.1779955317983099,-3.066610317667923,28.731366490760674
1769070452.6886601,1769070452688669078,Sr02_gA_IMG1_LID1_STA1_CFC64_OH0,0122_0927,A,0.4481126368045807,0.03229361027479172,0.5,0.0,-5.342810108148062,-0.18361547224058652,-3.0667918750429837,28.660692687976905
1769070452.8068209,1769070452806830562,Sr02_gA_IMG1_LID1_STA1_CFC64_OH0,0122_0927,A,0.4680533707141876,0.005116403568536043,0.5,0.0,-5.3926718623065835,-0.1873309811891538,-3.067635940098705,28.613578590964416
1769070452.9224327,1769070452922440179,Sr02_gA_IMG1_LID1_STA1_CFC64_OH0,0122_0927,A,0.4745680093765259,-0.009446490556001663,0.5,0.0,-5.467469058139999,-0.19284265020996044,-3.068546489393587,28.542905131838246
1769070453.0425684,1769070453042576522,Sr02_gA_IMG1_LID1_STA1_CFC64_OH0,0122_0927,A,0.5027170777320862,0.015039068646728992,0.5,0.0,-5.5173380668817495,-0.19645945839660683,-3.069840006582386,28.49578241293588
1769070453.157315,1769070453157323182,Sr02_gA_IMG1_LID1_STA1_CFC64_OH0,0122_0927,A,0.5029885172843933,0.03192952647805214,0.5,0.0,-5.567212773557664,-0.1999967693813461,-3.0717345392244226,28.448642867641688
1769070453.2796407,1769070453279649599,Sr02_gA_IMG1_LID1_STA1_CFC64_OH0,0122_0927,A,0.5139029622077942,0.005093581508845091,0.5,0.0,-5.642024935419523,-0.20514176119699515,-3.0737022084470733,28.377908833668627
1769070453.3953652,1769070453395373349,Sr02_gA_IMG1_LID1_STA1_CFC64_OH0,0122_0927,A,0.5146387815475464,0.007724881172180176,0.5,0.0,-5.691904184880141,-0.20861421743922784,-3.0704728680018274,28.33077201807871
1769070453.5115662,1769070453511573742,Sr02_gA_IMG1_LID1_STA1_CFC64_OH0,0122_0927,A,0.49552661180496216,-0.0008502532728016376,0.5,0.0,-5.741775950746154,-0.2121928450241228,-3.0696894360634595,28.283680711267404
1769070453.6304932,1769070453630501793,Sr02_gA_IMG1_LID1_STA1_CFC64_OH0,0122_0927,A,0.5013563632965088,0.00452538812533021,0.5,0.0,-5.816584448496854,-0.21754888694217214,-3.0705702971077518,28.213058501177276
1769070453.7496915,1769070453749697985,Sr02_gA_IMG1_LID1_STA1_CFC64_OH0,0122_0927,A,0.4906274378299713,-0.0033095821272581816,0.5,0.0,-5.866455707147422,-0.22113452112567722,-3.069066397919319,28.165994662558063
1769070453.8714516,1769070453871459046,Sr02_gA_IMG1_LID1_STA1_CFC64_OH0,0122_0927,A,0.47814616560935974,0.009513869881629944,0.5,0.0,-5.916318985346654,-0.22482926157644276,-3.066042367720378,28.118978116280672
1769070453.992967,1769070453992976451,Sr02_gA_IMG1_LID1_STA1_CFC64_OH0,0122_0927,A,0.4927728474140167,0.017011895775794983,0.5,0.0,-5.991098717788737,-0.23057296396656032,-3.064446922675918,28.048541896637563
1769070454.1107771,1769070454110785013,Sr02_gA_IMG1_LID1_STA1_CFC64_OH0,0122_0927,A,0.4781520366668701,-0.029179126024246216,0.5,0.0,-6.0409485084800325,-0.23444567964388446,-3.0636744363827404,28.001612660299514
1769070454.2269094,1769070454226917545,Sr02_gA_IMG1_LID1_STA1_CFC64_OH0,0122_0927,A,0.49407508969306946,-0.040547776967287064,0.5,0.0,-6.115720793504691,-0.24028560037420407,-3.0636087075416385,27.931249502670095
1769070454.3454845,1769070454345493384,Sr02_gA_IMG1_LID1_STA1_CFC64_OH0,0122_0927,A,0.5041784644126892,-0.027864448726177216,0.5,0.0,-6.165567946910123,-0.2441921253920841,-3.0631561697881207,27.88435877422114
1769070454.4570785,1769070454457086869,Sr02_gA_IMG1_LID1_STA1_CFC64_OH0,0122_0927,A,0.5200976729393005,0.0273781418800354,0.5,0.0,-6.21541486292017,-0.24810168090756682,-3.063487121464226,27.837479925633595
1769070454.577255,1769070454577263149,Sr02_gA_IMG1_LID1_STA1_CFC64_OH0,0122_0927,A,0.49184152483940125,0.012469349429011345,0.5,0.0,-6.265261467195621,-0.25201519344623063,-3.0627922144649826,27.790613342666678
1769070454.6947467,1769070454694755613,Sr02_gA_IMG1_LID1_STA1_CFC64_OH0,0122_0927,A,0.4979403614997864,0.0025206953287124634,0.5,0.0,-6.340022672241896,-0.2579950672303465,-3.060540360555321,27.720372528690767
1769070454.819336,1769070454819344599,Sr02_gA_IMG1_LID1_STA1_CFC64_OH0,0122_0927,A,0.48174941539764404,0.019472524523735046,0.5,0.0,-6.389850977632401,-0.26199491266201824,-3.062915320146235,27.67357486733628
1769070454.9365232,1769070454936529679,Sr02_gA_IMG1_LID1_STA1_CFC64_OH0,0122_0927,A,0.5097532272338867,0.028506245464086533,0.5,0.0,-6.4646352037812544,-0.2676784028686205,-3.068643269324904,27.60327169010321
1769070455.0554492,1769070455055459537,Sr02_gA_IMG1_LID1_STA1_CFC64_OH0,0122_0927,A,0.5050376057624817,0.030675966292619705,0.5,0.0,-6.514507231986259,-0.2712531571167404,-3.0714297123421685,27.556341992337927
1769070455.1734393,1769070455173447371,Sr02_gA_IMG1_LID1_STA1_CFC64_OH0,0122_0927,A,0.49320778250694275,0.004025135189294815,0.5,0.0,-6.564368829923862,-0.27481793652192205,-3.0688603842883584,27.509430359654726
1769070455.2960205,1769070455296028762,Sr02_gA_IMG1_LID1_STA1_CFC64_OH0,0122_0927,A,0.5013830661773682,0.018346615135669708,0.5,0.0,-6.639163875720188,-0.28035856760125283,-3.0667912790489087,27.439134689401993
1769070455.4063547,1769070455406364405,Sr02_gA_IMG1_LID1_STA1_CFC64_OH0,0122_0927,A,0.4781692326068878,0.02132544293999672,0.5,0.0,-6.689023585154261,-0.28410143346244926,-3.0665392078088223,27.39230200578028
1769070455.528592,1769070455528600142,Sr02_gA_IMG1_LID1_STA1_CFC64_OH0,0122_0927,A,0.5018510222434998,-0.0007080570794641972,0.5,0.0,-6.738879752166521,-0.2878910957664489,-3.0647614895274433,27.34549704534904
1769070455.648029,1769070455648037292,Sr02_gA_IMG1_LID1_STA1_CFC64_OH0,0122_0927,A,0.49159955978393555,0.014605657197535038,0.5,0.0,-6.813647401850258,-0.2937893852041221,-3.0607565777991503,27.275386878457947
1769070455.7679875,1769070455767996448,Sr02_gA_IMG1_LID1_STA1_CFC64_OH0,0122_0927,A,0.5185047388076782,0.012331097386777401,0.5,0.0,-6.863477855143826,-0.29790322122451574,-3.0576889878474494,27.228726457518775
1769070455.8878508,1769070455887859378,Sr02_gA_IMG1_LID1_STA1_CFC64_OH0,0122_0927,A,0.5042750835418701,0.02911420539021492,0.5,0.0,-6.9382089307715855,-0.3042487123029681,-3.056408975755536,27.15882150281868
1769070456.002721,1769070456002729148,Sr02_gA_IMG1_LID1_STA1_CFC64_OH0,0122_0927,A,0.4958322048187256,0.029251374304294586,0.5,0.0,-6.988023700521106,-0.3085484444498002,-3.0545743202937934,27.11225869092692
1769070456.12326,1769070456123267619,Sr02_gA_IMG1_LID1_STA1_CFC64_OH0,0122_0927,A,0.49279800057411194,0.030603472143411636,0.5,0.0,-7.03782984088373,-0.3129469802995427,-3.052441781767137,27.065744466745112
1769070456.2411861,1769070456241194674,Sr02_gA_IMG1_LID1_STA1_CFC64_OH0,0122_0927,A,0.4958987534046173,0.023919548839330673,0.5,0.0,-7.112529556956916,-0.3196515809826963,-3.051954175578925,26.99603602247685
1769070456.3608189,1769070456360827505,Sr02_gA_IMG1_LID1_STA1_CFC64_OH0,0122_0927,A,0.5061185359954834,0.021782591938972473,0.5,0.0,-7.162325525472991,-0.32416387066180513,-3.05049361551052,26.949595345317377
1769070456.4768023,1769070456476814456,Sr02_gA_IMG1_LID1_STA1_CFC64_OH0,0122_0927,A,0.5005053877830505,0.0029796063899993896,0.5,0.0,-7.212115273782882,-0.3287442992492582,-3.0492377604873133,26.903192889021067
1769070456.5919006,1769070456591909232,Sr02_gA_IMG1_LID1_STA1_CFC64_OH0,0122_0927,A,0.4958838224411011,0.01158569660037756,0.5,0.0,-7.286783509436313,-0.33579028550569917,-3.0453741420805986,26.833679494253282
1769070456.7180986,1769070456718107032,Sr02_gA_IMG1_LID1_STA1_CFC64_OH0,0122_0927,A,0.5021118521690369,0.010122010484337807,0.5,0.0,-7.336545138324149,-0.34066657410683027,-3.042449009539423,26.78742166302273
1769070456.8407009,1769070456840708752,Sr02_gA_IMG1_LID1_STA1_CFC64_OH0,0122_0927,A,0.48865872621536255,0.03391173854470253,0.5,0.0,-7.411159790416795,-0.3482588958061395,-3.038019212702588,26.71816708667737
1769070456.9563875,1769070456956395864,Sr02_gA_IMG1_LID1_STA1_CFC64_OH0,0122_0927,A,0.49020135402679443,0.024355068802833557,0.5,0.0,-7.460885610562053,-0.3534877868629509,-3.0356272613344277,26.672079637198934
1769070457.072967,1769070457072975172,Sr02_gA_IMG1_LID1_STA1_CFC64_OH0,0122_0927,A,0.48733624815940857,0.012872313149273396,0.5,0.0,-7.5105993543499165,-0.3588302930980683,-3.033449004068043,26.62605084738591
1769070457.1907222,1769070457190729935,Sr02_gA_IMG1_LID1_STA1_CFC64_OH0,0122_0927,A,0.5085320472717285,-0.010919410735368729,0.5,0.0,-7.585156455081919,-0.3669689537828452,-3.032453874908812,26.55708390837659
1769070457.3097415,1769070457309749665,Sr02_gA_IMG1_LID1_STA1_CFC64_OH0,0122_0927,A,0.5040425658226013,0.022367004305124283,0.5,0.0,-7.634855799606899,-0.37244385625856397,-3.031295307654171,26.511143654276545
1769070457.429318,1769070457429325675,Sr02_gA_IMG1_LID1_STA1_CFC64_OH0,0122_0927,A,0.494855135679245,0.0019572731107473373,0.5,0.0,-7.6845490962415255,-0.3779733894509853,-3.0302684703040486,26.46523989608723
1769070457.5407634,1769070457540770987,Sr02_gA_IMG1_LID1_STA1_CFC64_OH0,0122_0927,A,0.4981175661087036,-0.003601797390729189,0.5,0.0,-7.759068787022158,-0.3864471401682931,-3.025895426720561,26.396484260781968
1769070457.6559098,1769070457655917771,Sr02_gA_IMG1_LID1_STA1_CFC64_OH0,0122_0927,A,0.4247565269470215,-0.03813353180885315,0.5,0.0,-7.808727432835876,-0.39227957900287524,-3.0234599165109843,26.35074029975207
1769070457.7732944,1769070457773302265,Sr02_gA_IMG1_LID1_STA1_CFC64_OH0,0122_0927,A,0.4822095036506653,0.021083489060401917,0.5,0.0,-7.858374498328239,-0.39820985785292273,-3.022057851146146,26.305051790644864
1769070457.8895996,1769070457889608003,Sr02_gA_IMG1_LID1_STA1_CFC64_OH0,0122_0927,A,0.47017282247543335,0.027746260166168213,0.5,0.0,-7.932840882346347,-0.4071404842211729,-3.0229819913228306,26.236562973376813
1769070458.006468,1769070458006475851,Sr02_gA_IMG1_LID1_STA1_CFC64_OH0,0122_0927,A,0.47430887818336487,-0.006156780291348696,0.5,0.0,-7.982482921000578,-0.4131126395623601,-3.020745320021348,26.190931166740796
1769070458.1303158,1769070458130324362,Sr02_gA_IMG1_LID1_STA1_CFC64_OH0,0122_0927,A,0.5034833550453186,0.0003968975506722927,0.5,0.0,-8.032115449788533,-0.41916340148235115,-3.0201413834572266,26.145347837029238
1769070458.2514966,1769070458251506027,Sr02_gA_IMG1_LID1_STA1_CFC64_OH0,0122_0927,A,0.5089786648750305,-0.00769420200958848,0.5,0.0,-8.106564073739523,-0.4282409329009655,-3.020514876085538,26.07700377356934
1769070458.3685799,1769070458368591035,Sr02_gA_IMG1_LID1_STA1_CFC64_OH0,0122_0927,A,0.4533312916755676,0.02539600431919098,0.5,0.0,-8.156209416545751,-0.4341853916758687,-3.024328196605735,26.0314169426148
1769070458.491263,1769070458491270936,Sr02_gA_IMG1_LID1_STA1_CFC64_OH0,0122_0927,A,0.46097615361213684,0.0033354084007441998,0.5,0.0,-8.230675928398385,-0.44302082721176583,-3.0218298037108537,25.963044138352526
1769070458.6078794,1769070458607887596,Sr02_gA_IMG1_LID1_STA1_CFC64_OH0,0122_0927,A,0.4794999361038208,-0.0048130350187420845,0.5,0.0,-8.280309423876993,-0.44906352573460095,-3.019055182627553,25.91753892654271
1769070458.7285862,1769070458728594511,Sr02_gA_IMG1_LID1_STA1_CFC64_OH0,0122_0927,A,0.47613415122032166,-0.0008212460670620203,0.5,0.0,-8.329936382501554,-0.4551598017368236,-3.0196708337071247,25.87207274457593
1769070458.8505669,1769070458850575200,Sr02_gA_IMG1_LID1_STA1_CFC64_OH0,0122_0927,A,0.4933873116970062,0.009181395173072815,0.5,0.0,-8.404380501714053,-0.4642742078281836,-3.0198232839248744,25.803892302854187
1769070458.9719286,1769070458971936834,Sr02_gA_IMG1_LID1_STA1_CFC64_OH0,0122_0927,A,0.50565505027771,0.04319130256772041,0.5,0.0,-8.454012593504462,-0.4703285471072115,-3.0205927011436353,25.758450506263262
1769070459.0997832,1769070459099793352,Sr02_gA_IMG1_LID1_STA1_CFC64_OH0,0122_0927,A,0.5002653002738953,0.029586464166641235,0.5,0.0,-8.528450010344883,-0.47949720012881825,-3.017555429193507,25.69035640070158
1769070459.216685,1769070459216693074,Sr02_gA_IMG1_LID1_STA1_CFC64_OH0,0122_0927,A,0.5029101967811584,0.028295177966356277,0.5,0.0,-8.578064836693741,-0.4856914447271426,-3.0172218875904497,25.64501643295191
1769070459.339257,1769070459339265009,Sr02_gA_IMG1_LID1_STA1_CFC64_OH0,0122_0927,A,0.499187171459198,-0.019380193203687668,0.5,0.0,-8.62768012025982,-0.49188202396170977,-3.0177031840699318,25.599692259438445
1769070459.459902,1769070459459911536,Sr02_gA_IMG1_LID1_STA1_CFC64_OH0,0122_0927,A,0.5068034529685974,-0.0051874881610274315,0.5,0.0,-8.70210650865492,-0.5011401008018267,-3.0178061887557033,25.53172686840623
1769070459.5815892,1769070459581597238,Sr02_gA_IMG1_LID1_STA1_CFC64_OH0,0122_0927,A,0.4979483485221863,-0.00812667515128851,0.5,0.0,-8.751721076164031,-0.5073364060155516,-3.016888052871081,25.486448904221973
1769070459.7005568,1769070459700564768,Sr02_gA_IMG1_LID1_STA1_CFC64_OH0,0122_0927,A,0.5019102096557617,-0.01345896814018488,0.5,0.0,-8.826111105465895,-0.5168812312012233,-3.010885533273931,25.418673089746296
1769070459.820822,1769070459820830909,Sr02_gA_IMG1_LID1_STA1_CFC64_OH0,0122_0927,A,0.5012155175209045,0.016902271658182144,0.5,0.0,-8.87567488854579,-0.5234713196459005,-3.007926888797944,25.373610485046555
1769070459.9433641,1769070459943373911,Sr02_gA_IMG1_LID1_STA1_CFC64_OH0,0122_0927,A,0.5033540725708008,0.0008500069379806519,0.5,0.0,-8.949973714075151,-0.5336185413665627,-3.004543495978993,25.306177725032377
1769070460.0617907,1769070460061798969,Sr02_gA_IMG1_LID1_STA1_CFC64_OH0,0122_0927,A,0.5017280578613281,0.00016258680261671543,0.5,0.0,-8.99951147188407,-0.5404015677552895,-3.0064815078775453,25.261246976080788
1769070460.1799018,1769070460179911286,Sr02_gA_IMG1_LID1_STA1_CFC64_OH0,0122_0927,A,0.5140944719314575,-0.012706082314252853,0.5,0.0,-9.049057531776327,-0.5471237382604807,-3.007000266705429,25.216308319368515
1769070460.297846,1769070460297854672,Sr02_gA_IMG1_LID1_STA1_CFC64_OH0,0122_0927,A,0.5162078142166138,-0.011969964019954205,0.5,0.0,-9.123384818961345,-0.5571463617457333,-3.0082137999900618,25.148909265796856
1769070460.41365,1769070460413658359,Sr02_gA_IMG1_LID1_STA1_CFC64_OH0,0122_0927,A,0.5119534730911255,-0.021670877933502197,0.5,0.0,-9.172945186382277,-0.5637621977945491,-3.009559693466756,25.103971293241578
1769070460.532077,1769070460532085863,Sr02_gA_IMG1_LID1_STA1_CFC64_OH0,0122_0927,A,0.5002455711364746,-0.013990606181323528,0.5,0.0,-9.22250632116121,-0.570372270445703,-3.008173104199057,25.05904994422502
1769070460.6547012,1769070460654709065,Sr02_gA_IMG1_LID1_STA1_CFC64_OH0,0122_0927,A,0.5009373426437378,0.005626236088573933,0.5,0.0,-9.29683480687251,-0.5803860303115902,-3.0075640239299597,24.991748004812102
1769070460.7710485,1769070460771055886,Sr02_gA_IMG1_LID1_STA1_CFC64_OH0,0122_0927,A,0.5158259272575378,0.010693619959056377,0.5,0.0,-9.34638632944792,-0.5870678185074574,-3.0075477647502717,24.946907097215693
1769070460.8870773,1769070460887084665,Sr02_gA_IMG1_LID1_STA1_CFC64_OH0,0122_0927,A,0.50661700963974,0.01577971875667572,0.5,0.0,-9.395941216271945,-0.5937245861926317,-3.0086896745758023,24.902074648050448
1769070461.011677,1769070461011685691,Sr02_gA_IMG1_LID1_STA1_CFC64_OH0,0122_0927,A,0.4907335638999939,0.008178983815014362,0.5,0.0,-9.470288894159273,-0.6035947710326643,-3.0105072503180157,24.834811520547564
1769070461.133491,1769070461133499203,Sr02_gA_IMG1_LID1_STA1_CFC64_OH0,0122_0927,A,0.5028853416442871,-0.016858335584402084,0.5,0.0,-9.519866963889948,-0.6100765690914995,-3.012674327143795,24.789950184361253
1769070461.2551963,1769070461255204085,Sr02_gA_IMG1_LID1_STA1_CFC64_OH0,0122_0927,A,0.5079085826873779,-0.007352123036980629,0.5,0.0,-9.594255284812318,-0.619635594815321,-3.014653565837155,24.722622170504845
1769070461.377428,1769070461377436494,Sr02_gA_IMG1_LID1_STA1_CFC64_OH0,0122_0927,A,0.5116677284240723,-0.014465189538896084,0.5,0.0,-9.643851200736117,-0.625979469092955,-3.014090947327748,24.677748571792335
1769070461.4940255,1769070461494033196,Sr02_gA_IMG1_LID1_STA1_CFC64_OH0,0122_0927,A,0.49927768111228943,-0.007906075567007065,0.5,0.0,-9.718234567969608,-0.6355770017509398,-3.0123343319285336,24.6105117498748
1769070461.6124165,1769070461612424076,Sr02_gA_IMG1_LID1_STA1_CFC64_OH0,0122_0927,A,0.49836665391921997,-0.012006568722426891,0.5,0.0,-9.767812372460504,-0.6420608647579767,-3.0108323657460487,24.565750565077625
1769070461.7338824,1769070461733890291,Sr02_gA_IMG1_LID1_STA1_CFC64_OH0,0122_0927,A,0.4956170320510864,-0.010040661320090294,0.5,0.0,-9.81738285007603,-0.6486005354325551,-3.0100144670829994,24.52103480160529
1769070461.8533967,1769070461853405080,Sr02_gA_IMG1_LID1_STA1_CFC64_OH0,0122_0927,A,0.4916030764579773,-0.005563471466302872,0.5,0.0,-9.891742321467381,-0.658381420877789,-3.011947391836054,24.453986587682934
1769070461.966588,1769070461966596402,Sr02_gA_IMG1_LID1_STA1_CFC64_OH0,0122_0927,A,0.4907362461090088,0.003464664798229933,0.5,0.0,-9.941325080991207,-0.6648273132463944,-3.012682604962491,24.40927966124647
1769070462.0833774,1769070462083383765,Sr02_gA_IMG1_LID1_STA1_CFC64_OH0,0122_0927,A,0.5007662773132324,-0.021475456655025482,0.5,0.0,-9.990914407449775,-0.6712224645270035,-3.0140579855589413,24.364570361690525
1769070462.2020588,1769070462202065982,Sr02_gA_IMG1_LID1_STA1_CFC64_OH0,0122_0927,A,0.5059348344802856,-0.018913768231868744,0.5,0.0,-10.065312619422983,-0.6807042653787289,-3.015481675671013,24.297494901690627
1769070462.3177202,1769070462317728234,Sr02_gA_IMG1_LID1_STA1_CFC64_OH0,0122_0927,A,0.5087065100669861,-0.016108844429254532,0.5,0.0,-10.1149193069254,-0.6869633338107314,-3.0166823297059047,24.25277564321743
1769070462.4396565,1769070462439665255,Sr02_gA_IMG1_LID1_STA1_CFC64_OH0,0122_0927,A,0.4998607933521271,0.020521529018878937,0.5,0.0,-10.164532980775755,-0.6931667875018667,-3.0177060547418524,24.20805193282383
1769070462.55502,1769070462555027017,Sr02_gA_IMG1_LID1_STA1_CFC64_OH0,0122_0927,A,0.5017443299293518,0.018180672079324722,0.5,0.0,-10.238963140012425,-0.7023944793038025,-3.0186748929987695,24.140970177573443
1769070462.6729984,1769070462673006666,Sr02_gA_IMG1_LID1_STA1_CFC64_OH0,0122_0927,A,0.4871184229850769,0.002924315631389618,0.5,0.0,-10.28858482985934,-0.7085334983521486,-3.018328433993941,24.0962691701797
1769070462.7955658,1769070462795574081,Sr02_gA_IMG1_LID1_STA1_CFC64_OH0,0122_0927,A,0.5004624724388123,-0.007529010996222496,0.5,0.0,-10.338210573865004,-0.7146395863979457,-3.020226556256346,24.051574138029274
1769070462.9123414,1769070462912349033,Sr02_gA_IMG1_LID1_STA1_CFC64_OH0,0122_0927,A,0.49769020080566406,-0.005075888708233833,0.5,0.0,-10.412672282366954,-0.7236089438082214,-3.0231404693379016,23.98448507470666
1769070463.0350583,1769070463035066294,Sr02_gA_IMG1_LID1_STA1_CFC64_OH0,0122_0927,A,0.4970741271972656,0.004276200197637081,0.5,0.0,-10.462326653868386,-0.7294777199267235,-3.0247513532924293,23.93973517526693
1769070463.152405,1769070463152413377,Sr02_gA_IMG1_LID1_STA1_CFC64_OH0,0122_0927,A,0.5049081444740295,0.012972756288945675,0.5,0.0,-10.536806813345073,-0.7382840263538722,-3.022456155533398,23.872651778457566
1769070463.26824,1769070463268247306,Sr02_gA_IMG1_LID1_STA1_CFC64_OH0,0122_0927,A,0.5092462301254272,0.003386535681784153,0.5,0.0,-10.586446962574607,-0.7442718956514166,-3.0206380911602095,23.828008078831388
1769070463.3843262,1769070463384333268,Sr02_gA_IMG1_LID1_STA1_CFC64_OH0,0122_0927,A,0.5092437267303467,0.0031979926861822605,0.5,0.0,-10.636080772074951,-0.7503121455955511,-3.020345648401208,23.783409539285543
1769070463.4999502,1769070463499959738,Sr02_gA_IMG1_LID1_STA1_CFC64_OH0,0122_0927,A,0.457169771194458,0.005224285647273064,0.5,0.0,-10.710533497279526,-0.7593559541876331,-3.021241394185712,23.71654455829365
1769070463.6177983,1769070463617806806,Sr02_gA_IMG1_LID1_STA1_CFC64_OH0,0122_0927,A,0.4909268021583557,-0.01914283260703087,0.5,0.0,-10.760173341769429,-0.7653464022796278,-3.0217489827489588,23.671977259131015
1769070463.7347934,1769070463734801714,Sr02_gA_IMG1_LID1_STA1_CFC64_OH0,0122_0927,A,0.4909053146839142,-0.01915324479341507,0.5,0.0,-10.809813957822051,-0.7713304550005021,-3.0214148913208567,23.627428775745717
1769070463.8497221,1769070463849729944,Sr02_gA_IMG1_LID1_STA1_CFC64_OH0,0122_0927,A,0.4492093324661255,-0.0010031197452917695,0.5,0.0,-10.884266335925425,-0.7803770638941523,-3.019729883970922,23.56067948963823
1769070463.969072,1769070463969079596,Sr02_gA_IMG1_LID1_STA1_CFC64_OH0,0122_0927,A,0.4841826558113098,-0.003490902017802,0.5,0.0,-10.933894498472064,-0.786463535876417,-3.0193912236212674,23.516233149152335
1769070464.0871909,1769070464087205598,Sr02_gA_IMG1_LID1_STA1_CFC64_OH0,0122_0927,A,0.4895855784416199,-0.0044794329442083836,0.5,0.0,-10.983520643595783,-0.7925664353334869,-3.019069539304542,23.471816760646465
1769070464.2064931,1769070464206501044,Sr02_gA_IMG1_LID1_STA1_CFC64_OH0,0122_0927,A,0.4895608425140381,-0.004343200940638781,0.5,0.0,-11.057955374807378,-0.8017571826726341,-3.0185903453086027,23.40525132466813
1769070464.3293414,1769070464329353387,Sr02_gA_IMG1_LID1_STA1_CFC64_OH0,0122_0927,A,0.49785560369491577,-0.0025206918362528086,0.5,0.0,-11.107583450457211,-0.8078443024007397,-3.020504620247097,23.360884133015336
1769070464.447843,1769070464447850901,Sr02_gA_IMG1_LID1_STA1_CFC64_OH0,0122_0927,A,0.5021190047264099,-0.009516643360257149,0.5,0.0,-11.182046976492076,-0.8167985770753627,-3.023014509042131,23.294294078237193
1769070464.5700324,1769070464570040921,Sr02_gA_IMG1_LID1_STA1_CFC64_OH0,0122_0927,A,0.5021104216575623,-0.009403679519891739,0.5,0.0,-11.231696162224528,-0.8227111092759203,-3.023114821929159,23.24990268239161
1769070464.6837504,1769070464683758144,Sr02_gA_IMG1_LID1_STA1_CFC64_OH0,0122_0927,A,0.5001386404037476,-0.0012464583851397038,0.5,0.0,-11.281346675012275,-0.8286124851733331,-3.023463909656335,23.205528916690156
1769070464.798941,1769070464798948337,Sr02_gA_IMG1_LID1_STA1_CFC64_OH0,0122_0927,A,0.49135443568229675,-0.010488105937838554,0.5,0.0,-11.355826866635725,-0.8374272530454944,-3.024123212910021,23.138993928080463
1769070464.9150827,1769070464915090615,Sr02_gA_IMG1_LID1_STA1_CFC64_OH0,0122_0927,A,0.48507243394851685,-0.01693148910999298,0.5,0.0,-11.405483554253177,-0.8432764426106587,-3.0245575323018024,23.094653356228207
1769070465.0361133,1769070465036120950,Sr02_gA_IMG1_LID1_STA1_CFC64_OH0,0122_0927,A,0.48509177565574646,-0.01674598827958107,0.5,0.0,-11.455142347582798,-0.8491077301421704,-3.0248278275289606,23.050327595828875
1769070465.1507816,1769070465150789660,Sr02_gA_IMG1_LID1_STA1_CFC64_OH0,0122_0927,A,0.48607298731803894,-0.014738679863512516,0.5,0.0,-11.529636723949269,-0.857801767480302,-3.026114267969108,22.98385790454362
1769070465.2700121,1769070465270019829,Sr02_gA_IMG1_LID1_STA1_CFC64_OH0,0122_0927,A,0.4916360378265381,0.009097828529775143,0.5,0.0,-11.579306411123987,-0.8635395087352329,-3.027054634407122,22.93954676245461
1769070465.3860722,1769070465386079929,Sr02_gA_IMG1_LID1_STA1_CFC64_OH0,0122_0927,A,0.49157026410102844,0.009195392020046711,0.5,0.0,-11.628979590888283,-0.8692469503934066,-3.027260858361553,22.895244890309936
1769070465.5041404,1769070465504148449,Sr02_gA_IMG1_LID1_STA1_CFC64_OH0,0122_0927,A,0.5031418204307556,0.003032930660992861,0.5,0.0,-11.703495180242248,-0.8777572466710104,-3.0287136621272834,22.828812409465428
1769070465.6236227,1769070465623633986,Sr02_gA_IMG1_LID1_STA1_CFC64_OH0,0122_0927,A,0.5195196866989136,-0.01381346769630909,0.5,0.0,-11.753181717638451,-0.8833471560793352,-3.0304068068962797,22.784514505621914
1769070465.7465727,1769070465746580645,Sr02_gA_IMG1_LID1_STA1_CFC64_OH0,0122_0927,A,0.5111698508262634,4.95577696710825e-05,0.5,0.0,-11.802877607105485,-0.8888533043146555,-3.032083258132509,22.7402011087517
1769070465.862011,1769070465862019035,Sr02_gA_IMG1_LID1_STA1_CFC64_OH0,0122_0927,A,0.5110529661178589,0.00012265448458492756,0.5,0.0,-11.87743758001754,-0.896965486047816,-3.0340958526021913,22.673706717622213
1769070465.9828734,1769070465982883419,Sr02_gA_IMG1_LID1_STA1_CFC64_OH0,0122_0927,A,0.5051091909408569,-0.011512304656207561,0.5,0.0,-11.927146518803074,-0.9023525924612943,-3.033186076315441,22.62939685474135
1769070466.100564,1769070466100571814,Sr02_gA_IMG1_LID1_STA1_CFC64_OH0,0122_0927,A,0.5158117413520813,-0.016475021839141846,0.5,0.0,-12.001700701292998,-0.9105179046368364,-3.0319309901519724,22.56301630812349
1769070466.2198706,1769070466219878186,Sr02_gA_IMG1_LID1_STA1_CFC64_OH0,0122_0927,A,0.5157219767570496,-0.016361471265554428,0.5,0.0,-12.051399526708451,-0.9159975411342538,-3.031627697216408,22.518809642747634
1769070466.345204,1769070466345212192,Sr02_gA_IMG1_LID1_STA1_CFC64_OH0,0122_0927,A,0.5072030425071716,-0.013507882133126259,0.5,0.0,-12.101101294741724,-0.9214503880519086,-3.033009028835893,22.47461464157238
1769070466.4632876,1769070466463295272,Sr02_gA_IMG1_LID1_STA1_CFC64_OH0,0122_0927,A,0.49957624077796936,0.003953064326196909,0.5,0.0,-12.175661653937759,-0.9295591553371362,-3.0332774039660917,22.408334617721373
1769070466.581707,1769070466581715209,Sr02_gA_IMG1_LID1_STA1_CFC64_OH0,0122_0927,A,0.5048112273216248,-0.013977408409118652,0.5,0.0,-12.225368599452153,-0.9349646387293178,-3.033265138542023,22.36417836780701
1769070466.7008018,1769070466700810202,Sr02_gA_IMG1_LID1_STA1_CFC64_OH0,0122_0927,A,0.5047546029090881,-0.013921561650931835,0.5,0.0,-12.27507861243766,-0.9403418141626108,-3.0344163582216557,22.320033381445036
1769070466.8197951,1769070466819802588,Sr02_gA_IMG1_LID1_STA1_CFC64_OH0,0122_0927,A,0.4953382909297943,-0.004277458414435387,0.5,0.0,-12.349657368981289,-0.9482794194839201,-3.0367872140355914,22.253801693028873
1769070466.9407408,1769070466940752551,Sr02_gA_IMG1_LID1_STA1_CFC64_OH0,0122_0927,A,0.49671512842178345,0.00025259098038077354,0.5,0.0,-12.399387269480872,-0.9534694215550232,-3.0384233585102867,22.209630131093114
1769070467.0609598,1769070467060967850,Sr02_gA_IMG1_LID1_STA1_CFC64_OH0,0122_0927,A,0.49660399556159973,0.00033384351991117,0.5,0.0,-12.473996476812417,-0.9611155786986357,-3.0401574053565876,22.143353716694516
1769070467.1746106,1769070467174621114,Sr02_gA_IMG1_LID1_STA1_CFC64_OH0,0122_0927,A,0.4945376217365265,-0.007063903380185366,0.5,0.0,-12.523738464376427,-0.9661884796095965,-3.039762100606205,22.099188835666993
1769070467.2931159,1769070467293124025,Sr02_gA_IMG1_LID1_STA1_CFC64_OH0,0122_0927,A,0.4901447892189026,-0.0032385289669036865,0.5,0.0,-12.573482984521416,-0.9712364486242899,-3.0411598254406256,22.055037092962884
1769070467.4118128,1769070467411820962,Sr02_gA_IMG1_LID1_STA1_CFC64_OH0,0122_0927,A,0.4973409175872803,-0.004457348026335239,0.5,0.0,-12.648112825762691,-0.9786784962689916,-3.0431527376992733,21.988795018798132
1769070467.529188,1769070467529195616,Sr02_gA_IMG1_LID1_STA1_CFC64_OH0,0122_0927,A,0.49727651476860046,-0.004344623070210218,0.5,0.0,-12.697871807225441,-0.9835819041377347,-3.04358048489572,21.944637565831066
1769070467.6470535,1769070467647061160,Sr02_gA_IMG1_LID1_STA1_CFC64_OH0,0122_0927,A,0.5056451559066772,-0.004431862384080887,0.5,0.0,-12.747631985392625,-0.9884731567019759,-3.0436005297252184,21.900499486026547
1769070467.763121,1769070467763128899,Sr02_gA_IMG1_LID1_STA1_CFC64_OH0,0122_0927,A,0.5005731582641602,-0.0012592801358550787,0.5,0.0,-12.822272027047497,-0.9958123301680826,-3.0436268641768285,21.83434084180548
1769070467.8790717,1769070467879080254,Sr02_gA_IMG1_LID1_STA1_CFC64_OH0,0122_0927,A,0.5005188584327698,-0.0012320495443418622,0.5,0.0,-12.872034006463057,-1.0006852126440622,-3.044333251783453,21.790257450993
1769070467.994994,1769070467995001926,Sr02_gA_IMG1_LID1_STA1_CFC64_OH0,0122_0927,A,0.4989858567714691,0.002142607234418392,0.5,0.0,-12.921798666334041,-1.0055306525180558,-3.04469536075917,21.746186613449964
1769070468.1151698,1769070468115178016,Sr02_gA_IMG1_LID1_STA1_CFC64_OH0,0122_0927,A,0.5018330812454224,0.0034884540364146233,0.5,0.0,-12.996449028471206,-1.012764083339798,-3.0453273964249763,21.680112055034236
1769070468.237954,1769070468237962546,Sr02_gA_IMG1_LID1_STA1_CFC64_OH0,0122_0927,A,0.4982663691043854,0.004277282394468784,0.5,0.0,-13.046218571587607,-1.017559103846827,-3.0457618581076575,21.636081680344837
1769070468.355518,1769070468355525899,Sr02_gA_IMG1_LID1_STA1_CFC64_OH0,0122_0927,A,0.49820229411125183,0.004357526544481516,0.5,0.0,-13.095990206570047,-1.0223323620023181,-3.046203298771021,21.592066915527933
1769070468.4715047,1769070468471512672,Sr02_gA_IMG1_LID1_STA1_CFC64_OH0,0122_0927,A,0.48802047967910767,-0.005963878706097603,0.5,0.0,-13.170650528323588,-1.029462271828894,-3.0464873702218807,21.526079441073815
1769070468.5866475,1769070468586655469,Sr02_gA_IMG1_LID1_STA1_CFC64_OH0,0122_0927,A,0.4855920374393463,0.014534409157931805,0.5,0.0,-13.220424862554221,-1.0342073041528197,-3.0466105749956394,21.48211670407112
1769070468.7079659,1769070468707975165,Sr02_gA_IMG1_LID1_STA1_CFC64_OH0,0122_0927,A,0.48552197217941284,0.014670279808342457,0.5,0.0,-13.270199132825457,-1.0389530067583412,-3.0464300637174895,21.438180749945396
1769070468.8234496,1769070468823458956,Sr02_gA_IMG1_LID1_STA1_CFC64_OH0,0122_0927,A,0.49440163373947144,0.0008640596643090248,0.5,0.0,-13.344858179120603,-1.0460962535354998,-3.045947172835769,21.372338686129613
1769070468.9489067,1769070468948914101,Sr02_gA_IMG1_LID1_STA1_CFC64_OH0,0122_0927,A,0.48560386896133423,-0.0020711240358650684,0.5,0.0,-13.394628661963758,-1.050881510356452,-3.045527334170189,21.328488726866013
1769070469.0687644,1769070469068772210,Sr02_gA_IMG1_LID1_STA1_CFC64_OH0,0122_0927,A,0.4853495657444,-0.0019867403898388147,0.5,0.0,-13.469280532193059,-1.058099361058248,-3.0449785193840087,21.26278406689463
1769070469.1882691,1769070469188276041,Sr02_gA_IMG1_LID1_STA1_CFC64_OH0,0122_0927,A,0.49287670850753784,0.024806320667266846,0.5,0.0,-13.519048788511366,-1.062907715440043,-3.0455749040802726,21.219013479519507
1769070469.3076818,1769070469307689837,Sr02_gA_IMG1_LID1_STA1_CFC64_OH0,0122_0927,A,0.494218647480011,-0.007975570857524872,0.5,0.0,-13.568814976184958,-1.0677373953076847,-3.0441214812269606,21.175280873856106
1769070469.429731,1769070469429739834,Sr02_gA_IMG1_LID1_STA1_CFC64_OH0,0122_0927,A,0.5042554140090942,-0.00766778364777565,0.5,0.0,-13.643450942020737,-1.0751177526477491,-3.042061714719873,21.10980069726213
1769070469.5493546,1769070469549363294,Sr02_gA_IMG1_LID1_STA1_CFC64_OH0,0122_0927,A,0.5042591094970703,-0.007600648328661919,0.5,0.0,-13.693203268333567,-1.0800882363097473,-3.0419753059534402,21.066207237171245
1769070469.6699588,1769070469669968183,Sr02_gA_IMG1_LID1_STA1_CFC64_OH0,0122_0927,A,0.516667366027832,0.0034534530714154243,0.5,0.0,-13.767832380896285,-1.0875377195987284,-3.0422549324051005,21.000867496958637
1769070469.7899652,1769070469789973593,Sr02_gA_IMG1_LID1_STA1_CFC64_OH0,0122_0927,A,0.5031636953353882,0.005192867945879698,0.5,0.0,-13.817586373229222,-1.0924914981262548,-3.04245360612414,20.957337398878117
1769070469.9154282,1769070469915436365,Sr02_gA_IMG1_LID1_STA1_CFC64_OH0,0122_0927,A,0.496961385011673,-0.001065299496985972,0.5,0.0,-13.867334668452669,-1.0975020393794348,-3.0399729986166992,20.913864429145498
1769070470.034228,1769070470034235635,Sr02_gA_IMG1_LID1_STA1_CFC64_OH0,0122_0927,A,0.49688613414764404,-0.000949059147387743,0.5,0.0,-13.941947642110124,-1.1051114380934977,-3.0405105927486886,20.848756542578492
1769070470.1518147,1769070470151822917,Sr02_gA_IMG1_LID1_STA1_CFC64_OH0,0122_0927,A,0.49983033537864685,0.003912598360329866,0.5,0.0,-13.9916943463171,-1.1101378663516082,-3.0412773699249085,20.80536502456194
1769070470.2688642,1769070470268871982,Sr02_gA_IMG1_LID1_STA1_CFC64_OH0,0122_0927,A,0.4958705008029938,0.0006608190014958382,0.5,0.0,-14.06632145033243,-1.117607411112949,-3.042197062849492,20.740298422079718
1769070470.3922985,1769070470392307802,Sr02_gA_IMG1_LID1_STA1_CFC64_OH0,0122_0927,A,0.4958505630493164,0.0007879354525357485,0.5,0.0,-14.11607380564968,-1.1225776021111114,-3.0418517187628593,20.696953264264483
1769070470.5117536,1769070470511761524,Sr02_gA_IMG1_LID1_STA1_CFC64_OH0,0122_0927,A,0.48531416058540344,0.013758997432887554,0.5,0.0,-14.190698197187304,-1.1300742159917527,-3.0411979499025756,20.632012782894428
1769070470.6318398,1769070470631847574,Sr02_gA_IMG1_LID1_STA1_CFC64_OH0,0122_0927,A,0.49002835154533386,0.034304384142160416,0.5,0.0,-14.240446695021719,-1.1350828728810682,-3.041304479306843,20.588762621936663
1769070470.75043,1769070470750437704,Sr02_gA_IMG1_LID1_STA1_CFC64_OH0,0122_0927,A,0.49782001972198486,0.0011086654849350452,0.5,0.0,-14.290195697069898,-1.1400865191854688,-3.0413993851552976,20.54554056191725
1769070470.8687618,1769070470868770120,Sr02_gA_IMG1_LID1_STA1_CFC64_OH0,0122_0927,A,0.4978688657283783,0.0013662937562912703,0.5,0.0,-14.364817736806861,-1.1476065143790282,-3.04092614976228,20.480772690229127
1769070470.986763,1769070470986774566,Sr02_gA_IMG1_LID1_STA1_CFC64_OH0,0122_0927,A,0.5037920475006104,-0.0030807771254330873,0.5,0.0,-14.414564437836706,-1.152632986171894,-3.040860067777337,20.437639669651755
1769070471.0999217,1769070471099930139,Sr02_gA_IMG1_LID1_STA1_CFC64_OH0,0122_0927,A,0.5076382160186768,-0.013168413192033768,0.5,0.0,-14.464310780702348,-1.1576630014062521,-3.040782545620656,20.394539814771832
1769070471.219847,1769070471219854736,Sr02_gA_IMG1_LID1_STA1_CFC64_OH0,0122_0927,A,0.5076648592948914,-0.012860650196671486,0.5,0.0,-14.538923948877887,-1.1652704000166472,-3.0387726879353085,20.329981230816767
1769070471.3379517,1769070471337959098,Sr02_gA_IMG1_LID1_STA1_CFC64_OH0,0122_0927,A,0.5055933594703674,-0.016029808670282364,0.5,0.0,-14.58865097993888,-1.1704876419057955,-3.035342259508891,20.287057079395673
1769070471.4543262,1769070471454335873,Sr02_gA_IMG1_LID1_STA1_CFC64_OH0,0122_0927,A,0.4948303997516632,-0.0008875365601852536,0.5,0.0,-14.63836704371895,-1.175808606970541,-3.0348994110969536,20.244219139827955
1769070471.5754879,1769070471575499161,Sr02_gA_IMG1_LID1_STA1_CFC64_OH0,0122_0927,A,0.4898800551891327,0.001642000861465931,0.5,0.0,-14.712939801151418,-1.1838025494746836,-3.0347021964010934,20.180030518839747
1769070471.695794,1769070471695802352,Sr02_gA_IMG1_LID1_STA1_CFC64_OH0,0122_0927,A,0.4894300401210785,-0.0002818347420543432,0.5,0.0,-14.76265525150816,-1.1891292425362334,-3.03501027020685,20.1372782621236
1769070471.8134353,1769070471813443735,Sr02_gA_IMG1_LID1_STA1_CFC64_OH0,0122_0927,A,0.5087869763374329,0.003916657995432615,0.5,0.0,-14.837236714346972,-1.1970414417845499,-3.03687849000761,20.073171949861866
1769070471.932585,1769070471932592822,Sr02_gA_IMG1_LID1_STA1_CFC64_OH0,0122_0927,A,0.5062044262886047,0.011565152555704117,0.5,0.0,-14.886966182052786,-1.2022356096740827,-3.038164552942076,20.030434251235853
1769070472.0498486,1769070472049856133,Sr02_gA_IMG1_LID1_STA1_CFC64_OH0,0122_0927,A,0.5095178484916687,0.013363118283450603,0.5,0.0,-14.93670309904508,-1.207357936844201,-3.039767528762269,19.98769268622203
1769070472.1699028,1769070472169910441,Sr02_gA_IMG1_LID1_STA1_CFC64_OH0,0122_0927,A,0.5150705575942993,-0.0006045229965820909,0.5,0.0,-15.01131623206461,-1.214965804753527,-3.040026799152724,19.923604099264463
1769070472.2892058,1769070472289213842,Sr02_gA_IMG1_LID1_STA1_CFC64_OH0,0122_0927,A,0.4897157847881317,0.047201577574014664,0.5,0.0,-15.061058143525164,-1.2200394544908317,-3.039862599874046,19.880921694956523
1769070472.408038,1769070472408047173,Sr02_gA_IMG1_LID1_STA1_CFC64_OH0,0122_0927,A,0.5036511421203613,0.0060323793441057205,0.5,0.0,-15.110799617071509,-1.2251173962330233,-3.0398715435054804,19.838275732183302
1769070472.5257277,1769070472525737518,Sr02_gA_IMG1_LID1_STA1_CFC64_OH0,0122_0927,A,0.5098548531532288,-0.004218814894556999,0.5,0.0,-15.185410264899664,-1.2327495887420024,-3.0392915380998144,19.774379445964644
1769070472.6447458,1769070472644753954,Sr02_gA_IMG1_LID1_STA1_CFC64_OH0,0122_0927,A,0.49470359086990356,-0.0009568763198330998,0.5,0.0,-15.235145888154024,-1.23788448736363,-3.0381350263652815,19.73185007736931
1769070472.7668655,1769070472766871944,Sr02_gA_IMG1_LID1_STA1_CFC64_OH0,0122_0927,A,0.510384738445282,0.011520047672092915,0.5,0.0,-15.284875160444205,-1.2430805234692575,-3.0368166977262456,19.68938827541894
1769070472.8825734,1769070472882581028,Sr02_gA_IMG1_LID1_STA1_CFC64_OH0,0122_0927,A,0.5058230757713318,0.02323921024799347,0.5,0.0,-15.35946125023717,-1.2509490973255242,-3.036488336786331,19.62580192363692
1769070473.0000393,1769070473000048054,Sr02_gA_IMG1_LID1_STA1_CFC64_OH0,0122_0927,A,0.43503355979919434,-0.12073966860771179,0.5,0.0,-15.40916223594735,-1.2563059926661955,-3.031870150613901,19.583525588889238
1769070473.116585,1769070473116593634,Sr02_gA_IMG1_LID1_STA1_CFC64_OH0,0122_0927,A,0.412263959646225,-0.02046416699886322,0.5,0.0,-15.483693179689363,-1.2646095528227768,-3.0303186393592814,19.520316511680985
1769070473.2350438,1769070473235051549,Sr02_gA_IMG1_LID1_STA1_CFC64_OH0,0122_0927,A,0.4974377751350403,0.01711989939212799,0.5,0.0,-15.533385117861728,-1.270151296824014,-3.0307405195506725,19.478222090457272
1769070473.3506088,1769070473350616953,Sr02_gA_IMG1_LID1_STA1_CFC64_OH0,0122_0927,A,0.46420368552207947,0.02825266867876053,0.5,0.0,-15.583078488848287,-1.275680181083087,-3.0308362095221795,19.436158123998304
1769070473.472446,1769070473472454000,Sr02_gA_IMG1_LID1_STA1_CFC64_OH0,0122_0927,A,0.41832268238067627,0.017464924603700638,0.5,0.0,-15.657613654409868,-1.284017271603216,-3.0292405678534595,19.373156814281312
1769070473.5969536,1769070473596961572,Sr02_gA_IMG1_LID1_STA1_CFC64_OH0,0122_0927,A,0.43861573934555054,0.053122688084840775,0.5,0.0,-15.707291849893277,-1.2896807909394779,-3.0269166531263028,19.33126142751273
1769070473.7162535,1769070473716261590,Sr02_gA_IMG1_LID1_STA1_CFC64_OH0,0122_0927,A,0.46538540720939636,0.031937215477228165,0.5,0.0,-15.75685459377359,-1.295255915846204,-3.034837918233367,19.28946808061808
1769070473.8410888,1769070473841097334,Sr02_gA_IMG1_LID1_STA1_CFC64_OH0,0122_0927,A,0.5027207136154175,-0.01052895374596119,0.5,0.0,-15.831411471367524,-1.3029323608645076,-3.0404913274999394,19.22635082340216
1769070473.9604406,1769070473960448906,Sr02_gA_IMG1_LID1_STA1_CFC64_OH0,0122_0927,A,0.4745994210243225,-0.002018470549955964,0.5,0.0,-15.881151804784777,-1.308021397796529,-3.0387793488710813,19.1842751503665
1769070474.0785966,1769070474078604759,Sr02_gA_IMG1_LID1_STA1_CFC64_OH0,0122_0927,A,0.4549724757671356,-0.027696117758750916,0.5,0.0,-15.955740179229029,-1.315867775925022,-3.0348685384439853,19.121349584679628
1769070474.196438,1769070474196447579,Sr02_gA_IMG1_LID1_STA1_CFC64_OH0,0122_0927,A,0.42381247878074646,-0.0034036668948829174,0.5,0.0,-16.005451019082553,-1.3212372683083318,-3.0331220482002665,19.079523955576292
1769070474.317641,1769070474317649165,Sr02_gA_IMG1_LID1_STA1_CFC64_OH0,0122_0927,A,0.5198523998260498,-0.04012187570333481,0.5,0.0,-16.055141579818667,-1.3267818935222377,-3.0278133519192556,19.037835806193005
1769070474.4366748,1769070474436683328,Sr02_gA_IMG1_LID1_STA1_CFC64_OH0,0122_0927,A,0.4881781339645386,0.035562753677368164,0.5,0.0,-16.129632504022283,-1.3355048520032184,-3.022599052462827,18.975605078227378
1769070474.5642333,1769070474564242495,Sr02_gA_IMG1_LID1_STA1_CFC64_OH0,0122_0927,A,0.4716373682022095,0.018483508378267288,0.5,0.0,-16.179270732263173,-1.341414919328657,-3.0236120570449807,18.934232823032847
1769070474.680559,1769070474680566942,Sr02_gA_IMG1_LID1_STA1_CFC64_OH0,0122_0927,A,0.43863609433174133,0.00472438195720315,0.5,0.0,-16.253752389944566,-1.3502172923884663,-3.0245985770086286,18.872202100975876
1769070474.7944994,1769070474794507781,Sr02_gA_IMG1_LID1_STA1_CFC64_OH0,0122_0927,A,0.5312181115150452,0.02283254638314247,0.5,0.0,-16.30341860530455,-1.3559848860298207,-3.0273681827315206,18.830843633344937
1769070474.9129403,1769070474912949599,Sr02_gA_IMG1_LID1_STA1_CFC64_OH0,0122_0927,A,0.4370780885219574,-0.14171302318572998,0.5,0.0,-16.353093744885904,-1.3616752433826929,-3.0277085674528736,18.789483383575003
1769070475.0313,1769070475031308476,Sr02_gA_IMG1_LID1_STA1_CFC64_OH0,0122_0927,A,0.4441925585269928,-0.09486185014247894,0.5,0.0,-16.42761389272187,-1.3700249171671934,-3.0325966505380006,18.727428705427215
1769070475.155744,1769070475155751264,Sr02_gA_IMG1_LID1_STA1_CFC64_OH0,0122_0927,A,0.4421246349811554,-0.019907407462596893,0.5,0.0,-16.477287390180187,-1.375545433500303,-3.029138198288445,18.686095941671496
1769070475.2755601,1769070475275579656,Sr02_gA_IMG1_LID1_STA1_CFC64_OH0,0122_0927,A,0.389803946018219,-0.1084999367594719,0.5,0.0,-16.55179933314232,-1.3840874436149244,-3.02629925151614,18.62429758961608
1769070475.394325,1769070475394333217,Sr02_gA_IMG1_LID1_STA1_CFC64_OH0,0122_0927,A,0.5203754305839539,-0.006005579140037298,0.5,0.0,-16.601466023165113,-1.3898510829728952,-3.0258268132770114,18.583192193251406
1769070475.505722,1769070475505729976,Sr02_gA_IMG1_LID1_STA1_CFC64_OH0,0122_0927,A,0.5101478695869446,-0.003163315588608384,0.5,0.0,-16.651124714398676,-1.3956831479612444,-3.0235435762294895,18.5421698998999
1769070475.6190178,1769070475619025925,Sr02_gA_IMG1_LID1_STA1_CFC64_OH0,0122_0927,A,0.5029053688049316,0.02520037814974785,0.5,0.0,-16.72546165145409,-1.404143720862483,-3.0368788148836985,18.48071581823029
1769070475.73643,1769070475736439641,Sr02_gA_IMG1_LID1_STA1_CFC64_OH0,0122_0927,A,0.4961891770362854,0.009309573099017143,0.5,0.0,-16.77521181592868,-1.4091339174988908,-3.0463649879524954,18.439322670658484
1769070475.8576674,1769070475857675583,Sr02_gA_IMG1_LID1_STA1_CFC64_OH0,0122_0927,A,0.4768388569355011,0.038029853254556656,0.5,0.0,-16.824965113637408,-1.4137831843066844,-3.049517905903122,18.39780672912553
1769070475.9777765,1769070475977785991,Sr02_gA_IMG1_LID1_STA1_CFC64_OH0,0122_0927,A,0.5250164866447449,-0.02969042956829071,0.5,0.0,-16.899638184148746,-1.4202906162670286,-3.0623251529787026,18.335350399445026
1769070476.098826,1769070476098834140,Sr02_gA_IMG1_LID1_STA1_CFC64_OH0,0122_0927,A,0.4623115658760071,-0.03606268763542175,0.5,0.0,-16.9494341602518,-1.4241848757245013,-3.0639454252070175,18.29353930767026
1769070476.2117553,1769070476211763290,Sr02_gA_IMG1_LID1_STA1_CFC64_OH0,0122_0927,A,0.44256433844566345,-0.03901553153991699,0.5,0.0,-16.999284222600007,-1.4280541062636798,-3.0642901810141394,18.251709671321493
1769070476.331442,1769070476331449804,Sr02_gA_IMG1_LID1_STA1_CFC64_OH0,0122_0927,A,0.4771322011947632,0.06336794048547745,0.5,0.0,-17.07405228407616,-1.4339473511012637,-3.0612363241415177,18.18909198865115
1769070476.4492302,1769070476449237698,Sr02_gA_IMG1_LID1_STA1_CFC64_OH0,0122_0927,A,0.4254220128059387,0.0025342581793665886,0.5,0.0,-17.123889063864148,-1.437984043145812,-3.060305364968838,18.14745890489323
1769070476.5686126,1769070476568620976,Sr02_gA_IMG1_LID1_STA1_CFC64_OH0,0122_0927,A,0.41461601853370667,0.015469762496650219,0.5,0.0,-17.173717254097607,-1.4421250876012568,-3.0567896101718386,18.10592646335737
1769070476.6867552,1769070476686762890,Sr02_gA_IMG1_LID1_STA1_CFC64_OH0,0122_0927,A,0.4007088243961334,0.019164107739925385,0.5,0.0,-17.24842670213139,-1.4484646432247374,-3.058883488230966,18.043799546756507
1769070476.8043766,1769070476804384329,Sr02_gA_IMG1_LID1_STA1_CFC64_OH0,0122_0927,A,0.46356818079948425,0.01768432930111885,0.5,0.0,-17.298263116530254,-1.4525055308602934,-3.062489746220105,18.002318813055624
1769070476.921334,1769070476921341491,Sr02_gA_IMG1_LID1_STA1_CFC64_OH0,0122_0927,A,0.41908422112464905,0.08116161823272705,0.5,0.0,-17.348114236252776,-1.456360707498403,-3.0663617623425528,17.96077738911636
1769070477.041451,1769070477041462752,Sr02_gA_IMG1_LID1_STA1_CFC64_OH0,0122_0927,A,0.40780994296073914,0.11127926409244537,0.5,0.0,-17.422834964734015,-1.462081421642857,-3.061032317470016,17.8985644072327
1769070477.16193,1769070477161938044,Sr02_gA_IMG1_LID1_STA1_CFC64_OH0,0122_0927,A,0.46371132135391235,0.013819712214171886,0.5,0.0,-17.472660056507003,-1.4661206018904138,-3.0605649904444263,17.857245124330092
1769070477.2798738,1769070477279882088,Sr02_gA_IMG1_LID1_STA1_CFC64_OH0,0122_0927,A,0.47875237464904785,0.06277628988027573,0.5,0.0,-17.547408348879017,-1.4722597977038723,-3.0584663080742915,17.79538032486483
1769070477.397805,1769070477397813227,Sr02_gA_IMG1_LID1_STA1_CFC64_OH0,0122_0927,A,0.4452240467071533,-0.005766787566244602,0.5,0.0,-17.597231686928833,-1.4764590718474941,-3.0565499012218007,17.754254119113426
1769070477.5145574,1769070477514564434,Sr02_gA_IMG1_LID1_STA1_CFC64_OH0,0122_0927,A,0.44876015186309814,-0.01880413293838501,0.5,0.0,-17.647047204725762,-1.4807501344139788,-3.054781470051773,17.713226208107297
1769070477.6360865,1769070477636094509,Sr02_gA_IMG1_LID1_STA1_CFC64_OH0,0122_0927,A,0.43349045515060425,0.09216487407684326,0.5,0.0,-17.721714525296026,-1.4876000927901674,-3.043866678867588,17.65202693811569
1769070477.7522502,1769070477752258450,Sr02_gA_IMG1_LID1_STA1_CFC64_OH0,0122_0927,A,0.2528168857097626,0.08841035515069962,0.5,0.0,-17.771447782337322,-1.49275538373595,-3.0327387770752825,17.61162173580465
1769070477.8680735,1769070477868081475,Sr02_gA_IMG1_LID1_STA1_CFC64_OH0,0122_0927,A,0.31226396560668945,0.08339325338602066,0.5,0.0,-17.821095877009615,-1.4982984222208713,-3.029499351724337,17.571535131961127
1769070477.9841535,1769070477984163275,Sr02_gA_IMG1_LID1_STA1_CFC64_OH0,0122_0927,A,0.43576014041900635,-0.04202708974480629,0.5,0.0,-17.89558585224836,-1.5069321665315647,-3.0216692366380924,17.51164683120878
1769070478.1051145,1769070478105121855,Sr02_gA_IMG1_LID1_STA1_CFC64_OH0,0122_0927,A,0.45599815249443054,-0.008177622221410275,0.5,0.0,-17.94520543804728,-1.5129123255738133,-3.021919426471005,17.47193490897322
1769070478.227242,1769070478227250801,Sr02_gA_IMG1_LID1_STA1_CFC64_OH0,0122_0927,A,0.4632898271083832,-0.01710049994289875,0.5,0.0,-17.99485266945413,-1.518841186084633,-3.023669453472313,17.43222586869946
1769070478.3461092,1769070478346118148,Sr02_gA_IMG1_LID1_STA1_CFC64_OH0,0122_0927,A,0.4777229428291321,-0.022762149572372437,0.5,0.0,-18.069241523225585,-1.5278735387058793,-3.0145715251028617,17.37290359793456
1769070478.4662344,1769070478466243782,Sr02_gA_IMG1_LID1_STA1_CFC64_OH0,0122_0927,A,0.5285671949386597,-0.023903027176856995,0.5,0.0,-18.118810057486066,-1.5344266911598532,-3.005730501175284,17.333716327588252
1769070478.5797641,1769070478579772045,Sr02_gA_IMG1_LID1_STA1_CFC64_OH0,0122_0927,A,0.5070593357086182,0.00947827473282814,0.5,0.0,-18.193020671896946,-1.5450470099748264,-2.9942023967853486,17.275569899540983
1769070478.6952565,1769070478695262814,Sr02_gA_IMG1_LID1_STA1_CFC64_OH0,0122_0927,A,0.49363142251968384,0.0028799311257898808,0.5,0.0,-18.242441453512818,-1.5522954602494727,-2.9980373552849233,17.237010185074404
1769070478.8142214,1769070478814228852,Sr02_gA_IMG1_LID1_STA1_CFC64_OH0,0122_0927,A,0.5001763701438904,0.09124860912561417,0.5,0.0,-18.291930050891725,-1.5594283610342707,-2.998855142070681,17.198391129176223
1769070478.9312763,1769070478931284299,Sr02_gA_IMG1_LID1_STA1_CFC64_OH0,0122_0927,A,0.4830508828163147,0.12546475231647491,0.5,0.0,-18.36617917807684,-1.5700143629899475,-3.0012983620540346,17.140499897307958
1769070479.0477781,1769070479047785712,Sr02_gA_IMG1_LID1_STA1_CFC64_OH0,0122_0927,A,0.4728742241859436,0.01236055139452219,0.5,0.0,-18.415695833843703,-1.576949736450312,-3.0035745720821647,17.101901097912947
1769070479.1680734,1769070479168081530,Sr02_gA_IMG1_LID1_STA1_CFC64_OH0,0122_0927,A,0.46746551990509033,0.01619221270084381,0.5,0.0,-18.46522846181335,-1.5837700928957323,-3.0059534612599497,17.063287540003763
1769070479.2870314,1769070479287039917,Sr02_gA_IMG1_LID1_STA1_CFC64_OH0,0122_0927,A,0.38204294443130493,0.04084915295243263,0.5,0.0,-18.539541538246006,-1.5938975505814095,-3.005599165022983,17.005412101890265
1769070479.4069386,1769070479406947383,Sr02_gA_IMG1_LID1_STA1_CFC64_OH0,0122_0927,A,0.5362778902053833,0.06312612444162369,0.5,0.0,-18.589078914712157,-1.6006834181402583,-3.0053111709757183,16.966925049415625
1769070479.5273592,1769070479527367910,Sr02_gA_IMG1_LID1_STA1_CFC64_OH0,0122_0927,A,0.5381119251251221,0.06786105781793594,0.5,0.0,-18.63855477141034,-1.6076239430852417,-2.9978521392497797,16.928632358117277
1769070479.6450884,1769070479645096603,Sr02_gA_IMG1_LID1_STA1_CFC64_OH0,0122_0927,A,0.4928491711616516,0.03442341461777687,0.5,0.0,-18.71267291581072,-1.6189930453600692,-2.980479928649556,16.871899305583213
1769070479.7635207,1769070479763529537,Sr02_gA_IMG1_LID1_STA1_CFC64_OH0,0122_0927,A,0.39879658818244934,0.023646850138902664,0.5,0.0,-18.761963880367116,-1.6270620937150873,-2.9786688059351034,16.83452070268486
1769070479.8815303,1769070479881538965,Sr02_gA_IMG1_LID1_STA1_CFC64_OH0,0122_0927,A,0.4143443703651428,0.052678946405649185,0.5,0.0,-18.83595587049591,-1.639316948741918,-2.975785176890718,16.778609835480975
1769070480.1044557,1769070480104463433,Sr02_gA_IMG1_LID1_STA1_CFC64_OH0,0122_0927,A,0.37510713934898376,0.03224470093846321,0.5,0.0,-18.88525314521467,-1.6476700865581515,-2.971700269739196,16.741543440567295
1769070480.220755,1769070480220769131,Sr02_gA_IMG1_LID1_STA1_CFC64_OH0,0122_0927,A,0.3360760509967804,0.04743517190217972,0.5,0.0,-18.98370272454667,-1.6652068787172918,-2.9586962921192668,16.668185387896
1769070480.3400407,1769070480340053648,Sr02_gA_IMG1_LID1_STA1_CFC64_OH0,0122_0927,A,0.5230491161346436,-0.05629146099090576,0.5,0.0,-19.057400137206685,-1.6791235298498957,-2.9521952592451295,16.613882699928528
1769070480.4625528,1769070480462560641,Sr02_gA_IMG1_LID1_STA1_CFC64_OH0,0122_0927,A,0.32309502363204956,0.07322313636541367,0.5,0.0,-19.106493881473966,-1.688599961709497,-2.9497228043841575,16.577910871039364
1769070480.583002,1769070480583010404,Sr02_gA_IMG1_LID1_STA1_CFC64_OH0,0122_0927,A,0.5128327012062073,0.11217789351940155,0.5,0.0,-19.180071744925804,-1.7031351308106004,-2.9426919590261655,16.52431843205289
1769070480.7030973,1769070480703105537,Sr02_gA_IMG1_LID1_STA1_CFC64_OH0,0122_0927,A,0.5007649660110474,9.126611985266209e-05,0.5,0.0,-19.229059712088695,-1.7131437757640284,-2.9374240730016576,16.48891174113411
1769070480.8232186,1769070480823227109,Sr02_gA_IMG1_LID1_STA1_CFC64_OH0,0122_0927,A,0.5043615102767944,-0.005595979746431112,0.5,0.0,-19.278004774537845,-1.7233603494518788,-2.934199592545409,16.453731483216938
1769070480.9422982,1769070480942310687,Sr02_gA_IMG1_LID1_STA1_CFC64_OH0,0122_0927,A,0.49617132544517517,0.008233937434852123,0.5,0.0,-19.3513133986417,-1.7390423738325542,-2.928288814244505,16.401394408837607
1769070481.0623243,1769070481062332387,Sr02_gA_IMG1_LID1_STA1_CFC64_OH0,0122_0927,A,0.48928073048591614,-0.022372350096702576,0.5,0.0,-19.40017902852271,-1.7494878930764017,-2.9338096053504503,16.366601345360053
1769070481.1852243,1769070481185231862,Sr02_gA_IMG1_LID1_STA1_CFC64_OH0,0122_0927,A,0.459145724773407,-0.036003630608320236,0.5,0.0,-19.448992415302815,-1.7598775341722672,-2.928488022540963,16.331899122480166
1769070481.3072734,1769070481307285277,Sr02_gA_IMG1_LID1_STA1_CFC64_OH0,0122_0927,A,0.49423685669898987,-0.013719885610044003,0.5,0.0,-19.522166773895286,-1.7762744655040361,-2.9128664401144078,16.280488256243427
1769070481.430027,1769070481430035308,Sr02_gA_IMG1_LID1_STA1_CFC64_OH0,0122_0927,A,0.5149903893470764,-0.0193040668964386,0.5,0.0,-19.57078883353368,-1.787652745663835,-2.91157450303769,16.246701091427326
1769070481.551267,1769070481551275322,Sr02_gA_IMG1_LID1_STA1_CFC64_OH0,0122_0927,A,0.5076784491539001,-0.0289272703230381,0.5,0.0,-19.643818539429024,-1.8047308340732626,-2.912023561412174,16.19610329208004
1769070481.66733,1769070481667338497,Sr02_gA_IMG1_LID1_STA1_CFC64_OH0,0122_0927,A,0.4645809829235077,-0.008183104917407036,0.5,0.0,-19.692502073707992,-1.8161287738812826,-2.9112001698357197,16.162486323390567
1769070481.7871346,1769070481787143140,Sr02_gA_IMG1_LID1_STA1_CFC64_OH0,0122_0927,A,0.5108964443206787,-0.026718080043792725,0.5,0.0,-19.76554923944816,-1.8331318693173715,-2.914828608983699,16.112148750004312
1769070481.910577,1769070481910586232,Sr02_gA_IMG1_LID1_STA1_CFC64_OH0,0122_0927,A,0.4742315411567688,-0.019892647862434387,0.5,0.0,-19.81428931842755,-1.844285419560647,-2.918428965347329,16.078558556767984
1769070482.028235,1769070482028243940,Sr02_gA_IMG1_LID1_STA1_CFC64_OH0,0122_0927,A,0.4659687578678131,-0.007790488190948963,0.5,0.0,-19.863056999080463,-1.8553177635919036,-2.9198009687158355,16.04496157424861
1769070482.1530845,1769070482153092500,Sr02_gA_IMG1_LID1_STA1_CFC64_OH0,0122_0927,A,0.49907445907592773,0.0037949918769299984,0.5,0.0,-19.936241988656523,-1.8717175414449334,-2.9226811128616252,15.99461358025113
1769070482.275711,1769070482275719549,Sr02_gA_IMG1_LID1_STA1_CFC64_OH0,0122_0927,A,0.5023851990699768,-0.001853547990322113,0.5,0.0,-19.985064342836072,-1.8825052970825913,-2.9255738331124936,15.961045124428328
1769070482.3980343,1769070482398041738,Sr02_gA_IMG1_LID1_STA1_CFC64_OH0,0122_0927,A,0.4924752712249756,-0.007478797808289528,0.5,0.0,-20.058334682848415,-1.8985195287492451,-2.9273794398433473,15.910726814307608
1769070482.5266535,1769070482526662372,Sr02_gA_IMG1_LID1_STA1_CFC64_OH0,0122_0927,A,0.5172129273414612,-0.0058419303968548775,0.5,0.0,-20.107206018343973,-1.909083181639291,-2.9300512423783855,15.877203913465907
1769070482.6493347,1769070482649342789,Sr02_gA_IMG1_LID1_STA1_CFC64_OH0,0122_0927,A,0.4829670488834381,-0.025402724742889404,0.5,0.0,-20.180556967090325,-1.924723959031111,-2.932672084764586,15.826926802511233
1769070482.7728746,1769070482772883822,Sr02_gA_IMG1_LID1_STA1_CFC64_OH0,0122_0927,A,0.4900076687335968,0.0077539002522826195,0.5,0.0,-20.229473706769095,-1.9350753910751661,-2.9333352842951665,15.793460026049758
1769070482.8914714,1769070482891481265,Sr02_gA_IMG1_LID1_STA1_CFC64_OH0,0122_0927,A,0.45344802737236023,-0.03509896248579025,0.5,0.0,-20.3028492051002,-1.9506007071222813,-2.9329919758417486,15.743422815434124
1769070483.0135546,1769070483013563455,Sr02_gA_IMG1_LID1_STA1_CFC64_OH0,0122_0927,A,0.46198463439941406,-0.03305656090378761,0.5,0.0,-20.35176627342749,-1.960950591208293,-2.9332335796118105,15.710174802579397
1769070483.13203,1769070483132040369,Sr02_gA_IMG1_LID1_STA1_CFC64_OH0,0122_0927,A,0.4843914806842804,-0.012523437850177288,0.5,0.0,-20.400688716564492,-1.9712750342407368,-2.9339814569709977,15.676996269036504
1769070483.2522545,1769070483252262843,Sr02_gA_IMG1_LID1_STA1_CFC64_OH0,0122_0927,A,0.514544665813446,-0.047006893903017044,0.5,0.0,-20.474085277329863,-1.9867004598892781,-2.9350697118200544,15.627349347196105
1769070483.3734167,1769070483373426100,Sr02_gA_IMG1_LID1_STA1_CFC64_OH0,0122_0927,A,0.5250083804130554,-0.052332792431116104,0.5,0.0,-20.52303573551807,-1.9968911900615944,-2.9376099759722347,15.594292658728968
1769070483.4888508,1769070483488858965,Sr02_gA_IMG1_LID1_STA1_CFC64_OH0,0122_0927,A,0.48387712240219116,-0.042578890919685364,0.5,0.0,-20.596466467897017,-2.0120970452476503,-2.937585224910222,15.544824910708993
1769070483.6100185,1769070483610026261,Sr02_gA_IMG1_LID1_STA1_CFC64_OH0,0122_0927,A,0.47343698143959045,-0.0059982966631650925,0.5,0.0,-20.64544726919804,-2.0221408600259934,-2.941095112102571,15.511882125566382
1769070483.731427,1769070483731434768,Sr02_gA_IMG1_LID1_STA1_CFC64_OH0,0122_0927,A,0.48272645473480225,-0.006276203319430351,0.5,0.0,-20.694462015945152,-2.0320177020008785,-2.9444007643491283,15.478902342783256
1769070483.8508663,1769070483850876060,Sr02_gA_IMG1_LID1_STA1_CFC64_OH0,0122_0927,A,0.4972616732120514,-0.0443936251103878,0.5,0.0,-20.768028079179203,-2.046613301929277,-2.9470347694118044,15.429435410483542
1769070483.9646711,1769070483964681301,Sr02_gA_IMG1_LID1_STA1_CFC64_OH0,0122_0927,A,0.5155879259109497,-0.14819639921188354,0.5,0.0,-20.817107277231706,-2.0561646053533886,-2.9517354437673005,15.396434672054095
1769070484.0860503,1769070484086058132,Sr02_gA_IMG1_LID1_STA1_CFC64_OH0,0122_0927,A,0.4971996247768402,-0.07205354422330856,0.5,0.0,-20.866232829244176,-2.0654745005213146,-2.9569154514774625,15.363340911766281
1769070484.2048032,1769070484204811355,Sr02_gA_IMG1_LID1_STA1_CFC64_OH0,0122_0927,A,0.5055868625640869,-0.033125996589660645,0.5,0.0,-20.940003432404108,-2.078997733839135,-2.963497359844063,15.313535008902118
1769070484.3228734,1769070484322881476,Sr02_gA_IMG1_LID1_STA1_CFC64_OH0,0122_0927,A,0.4534859359264374,-0.041214719414711,0.5,0.0,-20.989215228468975,-2.0878407387933455,-2.964097216520748,15.280313965546028
1769070484.4413798,1769070484441388708,Sr02_gA_IMG1_LID1_STA1_CFC64_OH0,0122_0927,A,0.47456640005111694,-0.10511051118373871,0.5,0.0,-21.063038209777517,-2.101046953627288,-2.9653961101558073,15.230613909957134
1769070484.560359,1769070484560367425,Sr02_gA_IMG1_LID1_STA1_CFC64_OH0,0122_0927,A,0.4362967312335968,-0.046064551919698715,0.5,0.0,-21.112283373967554,-2.109701973316628,-2.9698354562834175,15.197479487475771
1769070484.6801279,1769070484680135718,Sr02_gA_IMG1_LID1_STA1_CFC64_OH0,0122_0927,A,0.4488305449485779,-0.03069974109530449,0.5,0.0,-21.161537058279457,-2.1179270908220325,-2.9833890546542516,15.164161863137121
1769070484.7998648,1769070484799872464,Sr02_gA_IMG1_LID1_STA1_CFC64_OH0,0122_0927,A,0.5054528713226318,0.1847774237394333,0.5,0.0,-21.235653149482577,-2.1292090954164897,-2.995738112734303,15.113510245186326
1769070484.9159434,1769070484915951135,Sr02_gA_IMG1_LID1_STA1_CFC64_OH0,0122_0927,A,0.4877341091632843,-0.018525298684835434,0.5,0.0,-21.285134195489476,-2.1363940433112907,-2.9990507157252257,15.079588373760025
1769070485.0396059,1769070485039613987,Sr02_gA_IMG1_LID1_STA1_CFC64_OH0,0122_0927,A,0.5316684246063232,0.02614007145166397,0.5,0.0,-21.334641056162734,-2.1433988222584963,-3.0030912876403435,15.045622249899033
1769070485.1565747,1769070485156583864,Sr02_gA_IMG1_LID1_STA1_CFC64_OH0,0122_0927,A,0.5267537832260132,-0.011657961644232273,0.5,0.0,-21.408948992457876,-2.153309775503686,-3.0162211762445,14.994425891337123
1769070485.2736378,1769070485273648043,Sr02_gA_IMG1_LID1_STA1_CFC64_OH0,0122_0927,A,0.483493834733963,-0.013818066567182541,0.5,0.0,-21.458570778036613,-2.1594476599987185,-3.0208276466545088,14.960043192611904
1769070485.396198,1769070485396205652,Sr02_gA_IMG1_LID1_STA1_CFC64_OH0,0122_0927,A,0.5274335741996765,-0.05163288861513138,0.5,0.0,-21.53301431617473,-2.1683013035030374,-3.0245470272443846,14.908400544710217
1769070485.5165956,1769070485516604092,Sr02_gA_IMG1_LID1_STA1_CFC64_OH0,0122_0927,A,0.5297025442123413,-0.03863617777824402,0.5,0.0,-21.58236646621296,-2.174416038134973,-3.009811744894532,14.874431006218954
1769070485.6402795,1769070485640291632,Sr02_gA_IMG1_LID1_STA1_CFC64_OH0,0122_0927,A,0.5218496322631836,-0.035325098782777786,0.5,0.0,-21.631701706140962,-2.1811181740859915,-3.0064204073524503,14.840941362594256
1769070485.757214,1769070485757222878,Sr02_gA_IMG1_LID1_STA1_CFC64_OH0,0122_0927,A,0.5170878767967224,-0.013939960859715939,0.5,0.0,-21.705993040152432,-2.1913021473751964,-3.003826153559406,14.790743426434728
1769070485.8796482,1769070485879656389,Sr02_gA_IMG1_LID1_STA1_CFC64_OH0,0122_0927,A,0.5158869028091431,0.038608331233263016,0.5,0.0,-21.755523287938342,-2.198139833103309,-3.0049919392244093,14.757424270243243
1769070485.9991918,1769070485999202237,Sr02_gA_IMG1_LID1_STA1_CFC64_OH0,0122_0927,A,0.5105646252632141,0.02012662962079048,0.5,0.0,-21.829830562415776,-2.208273319225988,-3.007781754097132,14.707533547158754
1769070486.1171422,1769070486117150058,Sr02_gA_IMG1_LID1_STA1_CFC64_OH0,0122_0927,A,0.4925455152988434,0.034148819744586945,0.5,0.0,-21.87940059369585,-2.2148159582047153,-3.012945032000478,14.67422849131254
1769070486.2376363,1769070486237647212,Sr02_gA_IMG1_LID1_STA1_CFC64_OH0,0122_0927,A,0.4949655830860138,-0.13746020197868347,0.5,0.0,-21.928999674150788,-2.2211348022998396,-3.016808653404111,14.640849856508448
1769070486.358714,1769070486358723568,Sr02_gA_IMG1_LID1_STA1_CFC64_OH0,0122_0927,A,0.5215150117874146,-0.13504402339458466,0.5,0.0,-22.003441394910247,-2.2302680608891308,-3.02195979433876,14.590700508269387
1769070486.478201,1769070486478208858,Sr02_gA_IMG1_LID1_STA1_CFC64_OH0,0122_0927,A,0.4827265739440918,-0.055235911160707474,0.5,0.0,-22.05308816096667,-2.2362008425593998,-3.0233537927006946,14.557269066753632
1769070486.5919921,1769070486592000271,Sr02_gA_IMG1_LID1_STA1_CFC64_OH0,0122_0927,A,0.4765387773513794,0.05244288221001625,0.5,0.0,-22.12753343949729,-2.2452129964699807,-3.018603207438655,14.507394078221107
1769070486.7094042,1769070486709411508,Sr02_gA_IMG1_LID1_STA1_CFC64_OH0,0122_0927,A,0.5073626637458801,-0.047582462430000305,0.5,0.0,-22.177149546382687,-2.251396909181701,-3.01659054667222,14.474391840053688
1769070486.8248415,1769070486824851904,Sr02_gA_IMG1_LID1_STA1_CFC64_OH0,0122_0927,A,0.5072731971740723,-0.04860016331076622,0.5,0.0,-22.22674867321762,-2.257715443078119,-3.0131756810128243,14.441589708895519
1769070486.9433672,1769070486943374940,Sr02_gA_IMG1_LID1_STA1_CFC64_OH0,0122_0927,A,0.49067723751068115,-0.2082064151763916,0.5,-0.5,-22.300988960084574,-2.2669934154058855,-3.0262415969037404,14.392555850276077
1769070487.0618222,1769070487061829401,Sr02_gA_IMG1_LID1_STA1_CFC64_OH0,0122_0927,A,0.48922058939933777,-0.15614521503448486,0.5,0.0,-22.35069402598577,-2.272412650272628,-3.0397459776687095,14.359318925125532
1769070487.182763,1769070487182770371,Sr02_gA_IMG1_LID1_STA1_CFC64_OH0,0122_0927,A,0.488523930311203,-0.15941724181175232,0.5,0.0,-22.4004221725424,-2.2772982536285675,-3.0465416034021815,14.325802927544373
1769070487.3044837,1769070487304491831,Sr02_gA_IMG1_LID1_STA1_CFC64_OH0,0122_0927,A,0.5264915823936462,-0.4957025647163391,0.5,-0.5,-22.47500374927839,-2.2844785279158275,-3.0424563783534593,14.275616969931232
1769070487.4235516,1769070487423561391,Sr02_gA_IMG1_LID1_STA1_CFC64_OH0,0122_0927,A,0.5282226204872131,-0.3911740779876709,0.5,-0.5,-22.52472415841215,-2.289323762441993,-3.0467983746256837,14.242320480360913
1769070487.5429885,1769070487542997272,Sr02_gA_IMG1_LID1_STA1_CFC64_OH0,0122_0927,A,0.5032112002372742,-0.23214586079120636,0.5,-0.5,-22.574510978847254,-2.293935407731798,-3.0516583822285726,14.2089140293922
1769070487.6625621,1769070487662569854,Sr02_gA_IMG1_LID1_STA1_CFC64_OH0,0122_0927,A,0.5026993751525879,-0.2385178804397583,0.5,-0.5,-22.649077594895196,-2.2999201987177305,-3.075490793140274,14.158433518504927
1769070487.7810104,1769070487781019227,Sr02_gA_IMG1_LID1_STA1_CFC64_OH0,0122_0927,A,0.5098052024841309,-0.30497968196868896,0.5,-0.5,-22.698992151780107,-2.3028332482629237,-3.091105304869895,14.124013906549392
1769070487.9032269,1769070487903234954,Sr02_gA_IMG1_LID1_STA1_CFC64_OH0,0122_0927,A,0.47028475999832153,-0.28357741236686707,0.5,-0.5,-22.7739011050343,-2.3057198626550144,-3.115876764135227,14.071512927763488
1769070488.0226934,1769070488022701582,Sr02_gA_IMG1_LID1_STA1_CFC64_OH0,0122_0927,A,0.4702530801296234,-0.29332780838012695,0.5,-0.5,-22.823093064029475,-2.306231213904632,3.1325024380533595,14.036192599736983
1769070488.1459398,1769070488145948190,Sr02_gA_IMG1_LID1_STA1_CFC64_OH0,0122_0927,A,0.47056713700294495,-0.40055105090141296,0.5,-0.5,-22.873069352551763,-2.3047990552929223,3.0933850467435664,13.999045855963411
1769070488.2623885,1769070488262396728,Sr02_gA_IMG1_LID1_STA1_CFC64_OH0,0122_0927,A,0.4803599417209625,-0.4417147934436798,0.5,-0.5,-22.94777172561886,-2.299544634334263,3.0532324278662486,13.941510245403945
1769070488.3885276,1769070488388534777,Sr02_gA_IMG1_LID1_STA1_CFC64_OH0,0122_0927,A,0.5111846923828125,-0.44708648324012756,0.5,-0.5,-22.997519321104498,-2.294538849222014,3.0293806801911405,13.902238884278818
1769070488.5118577,1769070488511866421,Sr02_gA_IMG1_LID1_STA1_CFC64_OH0,0122_0927,A,0.5138401985168457,-0.4559183716773987,0.5,-0.5,-23.071801876572952,-2.2845213968626306,2.9851501601478327,13.841954159203048
1769070488.6290755,1769070488629083788,Sr02_gA_IMG1_LID1_STA1_CFC64_OH0,0122_0927,A,0.4820804297924042,-0.29365628957748413,0.5,-0.5,-23.12107419497927,-2.276031946825757,2.9567924638569387,13.800756412940169
1769070488.74634,1769070488746348472,Sr02_gA_IMG1_LID1_STA1_CFC64_OH0,0122_0927,A,0.4829897880554199,-0.4747838079929352,0.5,-0.5,-23.194393221387728,-2.260639294733175,2.9109075795778083,13.737625518682117
1769070488.869574,1769070488869583038,Sr02_gA_IMG1_LID1_STA1_CFC64_OH0,0122_0927,A,0.5065969824790955,-0.37120306491851807,0.5,-0.5,-23.242812765037176,-2.248239484469285,2.870492904189607,13.694429585909923
1769070488.991527,1769070488991535725,Sr02_gA_IMG1_LID1_STA1_CFC64_OH0,0122_0927,A,0.5057018399238586,-0.3785013258457184,0.5,-0.5,-23.29067527630023,-2.233790499821466,2.8263214871229487,13.650233761895416
1769070489.1101885,1769070489110196951,Sr02_gA_IMG1_LID1_STA1_CFC64_OH0,0122_0927,A,0.5218039155006409,-0.241925910115242,0.5,-0.5,-23.361147012648043,-2.208165800309687,2.7592239959208125,13.582165415147248
1769070489.227677,1769070489227684906,Sr02_gA_IMG1_LID1_STA1_CFC64_OH0,0122_0927,A,0.49704763293266296,-0.26573318243026733,0.5,-0.5,-23.407094906765323,-2.1884590091296654,2.7136322117021625,13.535705445375081
1769070489.3500984,1769070489350106384,Sr02_gA_IMG1_LID1_STA1_CFC64_OH0,0122_0927,A,0.49875718355178833,-0.2659352719783783,0.5,-0.5,-23.452151689593766,-2.167013791313815,2.682470325245607,13.488671451581425
1769070489.4662802,1769070489466289398,Sr02_gA_IMG1_LID1_STA1_CFC64_OH0,0122_0927,A,0.486869752407074,-0.3019714057445526,0.5,-0.5,-23.51814905578165,-2.131999402979195,2.6206091066510506,13.417263663363135
1769070489.5854158,1769070489585423871,Sr02_gA_IMG1_LID1_STA1_CFC64_OH0,0122_0927,A,0.5092838406562805,-0.3540066182613373,0.5,-0.5,-23.561042573323743,-2.1063140872103334,2.583484403006317,13.368796885024505
1769070489.7050698,1769070489705077967,Sr02_gA_IMG1_LID1_STA1_CFC64_OH0,0122_0927,A,0.5172520875930786,-0.27713119983673096,0.5,-0.5,-23.623495476667244,-2.064829204540183,2.5274828362978057,13.295348571880416
1769070489.8303723,1769070489830380736,Sr02_gA_IMG1_LID1_STA1_CFC64_OH0,0122_0927,A,0.5184396505355835,-0.2680692672729492,0.5,-0.5,-23.663940791395746,-2.0355383266923486,2.5026706882719654,13.246069597044547
1769070489.9494288,1769070489949437848,Sr02_gA_IMG1_LID1_STA1_CFC64_OH0,0122_0927,A,0.5115736722946167,-0.059512365609407425,0.5,0.0,-23.703676882092807,-2.0051920642639702,2.4760974317079274,13.196544724659311
1769070490.0708964,1769070490070904768,Sr02_gA_IMG1_LID1_STA1_CFC64_OH0,0122_0927,A,0.4543008506298065,-0.39246541261672974,0.5,-0.5,-23.76172822432398,-1.9577229647465604,2.435874157764092,13.121969830363362
1769070490.1933305,1769070490193339523,Sr02_gA_IMG1_LID1_STA1_CFC64_OH0,0122_0927,A,0.4507181644439697,-0.4063798785209656,0.5,-0.5,-23.79929013138896,-1.9247242859239804,2.405677077372473,13.07209466427568
1769070490.3062665,1769070490306274765,Sr02_gA_IMG1_LID1_STA1_CFC64_OH0,0122_0927,A,0.44295644760131836,-0.49185487627983093,0.5,-0.5,-23.853534984572548,-1.872985218498424,2.354583276586752,12.997164199239299
1769070490.423566,1769070490423574318,Sr02_gA_IMG1_LID1_STA1_CFC64_OH0,0122_0927,A,0.43631511926651,-0.4757576584815979,0.5,-0.5,-23.8883381318786,-1.8370884138837613,2.3268701889202363,12.947168119122598
1769070490.5401626,1769070490540172755,Sr02_gA_IMG1_LID1_STA1_CFC64_OH0,0122_0927,A,0.4641653895378113,-0.2572326958179474,0.5,-0.5,-23.92214999323423,-1.8002562542936016,2.300063299103798,12.897203794946059
1769070490.6602972,1769070490660305250,Sr02_gA_IMG1_LID1_STA1_CFC64_OH0,0122_0927,A,0.47051990032196045,-0.26046130061149597,0.5,-0.5,-23.971297933772707,-1.7438901037324637,2.2814196089798977,12.82256713065289
1769070490.7790594,1769070490779067513,Sr02_gA_IMG1_LID1_STA1_CFC64_OH0,0122_0927,A,0.4882065951824188,-0.25807812809944153,0.5,-0.5,-24.003116810729264,-1.7062075101226892,2.258630091754164,12.77340141560927
1769070490.8982885,1769070490898296061,Sr02_gA_IMG1_LID1_STA1_CFC64_OH0,0122_0927,A,0.4737384021282196,-0.29925477504730225,0.5,-0.5,-24.033966213378672,-1.6671384731020416,2.219042706889734,12.723934324217778
1769070491.0193396,1769070491019347200,Sr02_gA_IMG1_LID1_STA1_CFC64_OH0,0122_0927,A,0.4770197868347168,-0.2978381812572479,0.5,-0.5,-24.07714870431345,-1.6058946474085303,2.148473544470115,12.650042235437937
1769070491.1384025,1769070491138409936,Sr02_gA_IMG1_LID1_STA1_CFC64_OH0,0122_0927,A,0.49389323592185974,-0.20573006570339203,0.5,-0.5,-24.10344617377814,-1.5633744030098924,2.1008978188262275,12.601344946616297
1769070491.262418,1769070491262425882,Sr02_gA_IMG1_LID1_STA1_CFC64_OH0,0122_0927,A,0.49659833312034607,-0.0638812780380249,0.5,0.0,-24.139645480905013,-1.4979362422487887,2.0558784126068224,12.52943769365105
1769070491.3868675,1769070491386877286,Sr02_gA_IMG1_LID1_STA1_CFC64_OH0,0122_0927,A,0.514832615852356,-0.09888384491205215,0.5,0.0,-24.162380891719398,-1.453405809711105,2.029832325337132,12.481866703049036
1769070491.5033896,1769070491503397582,Sr02_gA_IMG1_LID1_STA1_CFC64_OH0,0122_0927,A,0.5090946555137634,-0.10061798989772797,0.5,0.0,-24.194289057336615,-1.3855529321103424,1.9899498884264146,12.411355382396255
1769070491.6270132,1769070491627022261,Sr02_gA_IMG1_LID1_STA1_CFC64_OH0,0122_0927,A,0.500042200088501,-0.015104610472917557,0.5,0.0,-24.213952101898467,-1.339583618304241,1.9600386262752532,12.36500184425326
1769070491.7476327,1769070491747642342,Sr02_gA_IMG1_LID1_STA1_CFC64_OH0,0122_0927,A,0.4918365776538849,-0.02855183556675911,0.5,0.0,-24.232234825221262,-1.293048074091561,1.9302548565618838,12.319259765234142
1769070491.871447,1769070491871455265,Sr02_gA_IMG1_LID1_STA1_CFC64_OH0,0122_0927,A,0.5028048753738403,-0.029201257973909378,0.5,0.0,-24.25741459136345,-1.2224793438405004,1.8991138294859582,12.251771600504654
1769070491.9933424,1769070491993352447,Sr02_gA_IMG1_LID1_STA1_CFC64_OH0,0122_0927,A,0.5063680410385132,-0.032404825091362,0.5,0.0,-24.273345177359538,-1.1751491080023058,1.8922440195878159,12.20723972862526
1769070492.1115339,1769070492111544960,Sr02_gA_IMG1_LID1_STA1_CFC64_OH0,0122_0927,A,0.5105155110359192,-0.002927755704149604,0.5,0.0,-24.29653568104949,-1.103827712716124,1.8777179618260305,12.140798281734424
1769070492.2259586,1769070492225967874,Sr02_gA_IMG1_LID1_STA1_CFC64_OH0,0122_0927,A,0.5101763606071472,-0.027430277317762375,0.5,0.0,-24.31140191607927,-1.0560891157149606,1.8676561793217925,12.096852705751214
1769070492.3439276,1769070492343935225,Sr02_gA_IMG1_LID1_STA1_CFC64_OH0,0122_0927,A,0.5085329413414001,-0.029163088649511337,0.5,0.0,-24.32595522689986,-1.0082874284436956,1.865530225284963,12.053135389071569
1769070492.459894,1769070492459902579,Sr02_gA_IMG1_LID1_STA1_CFC64_OH0,0122_0927,A,0.4971757233142853,-0.016443312168121338,0.5,0.0,-24.347605884206253,-0.9364804643073759,1.8615099174509695,11.987707902465123
1769070492.5713263,1769070492571334119,Sr02_gA_IMG1_LID1_STA1_CFC64_OH0,0122_0927,A,0.5008164048194885,-0.01271560974419117,0.5,0.0,-24.361867720506783,-0.888557631215762,1.8585897965680345,11.944240670753318
1769070492.6878805,1769070492687889422,Sr02_gA_IMG1_LID1_STA1_CFC64_OH0,0122_0927,A,0.5061200261116028,-0.013494407758116722,0.5,0.0,-24.37598333148874,-0.8405915282517757,1.8553813574290756,11.900900727559158
1769070492.810117,1769070492810124676,Sr02_gA_IMG1_LID1_STA1_CFC64_OH0,0122_0927,A,0.506099283695221,-0.014073369093239307,0.5,0.0,-24.396967160598063,-0.7685868223344382,1.8540578616006376,11.836088726777826
1769070492.927497,1769070492927506042,Sr02_gA_IMG1_LID1_STA1_CFC64_OH0,0122_0927,A,0.4929508864879608,-0.0015982636250555515,0.5,0.0,-24.410875734721778,-0.7205602705052132,1.851314857104604,11.792990429806387
1769070493.0465372,1769070493046544958,Sr02_gA_IMG1_LID1_STA1_CFC64_OH0,0122_0927,A,0.4994596540927887,-0.0029717981815338135,0.5,0.0,-24.424649145181565,-0.6724947830844674,1.848415882420473,11.750018691067329
1769070493.170399,1769070493170405844,Sr02_gA_IMG1_LID1_STA1_CFC64_OH0,0122_0927,A,0.4981980621814728,-0.004034761805087328,0.5,0.0,-24.445090512885493,-0.6003342229904357,1.8456050621309148,11.685783360243557
1769070493.2878866,1769070493287894690,Sr02_gA_IMG1_LID1_STA1_CFC64_OH0,0122_0927,A,0.5080105662345886,0.004488300997763872,0.5,0.0,-24.45862805488452,-0.5522017567878326,1.8443335024420704,11.643079993310687
1769070493.4099448,1769070493409953462,Sr02_gA_IMG1_LID1_STA1_CFC64_OH0,0122_0927,A,0.5064865350723267,-0.01934261992573738,0.5,0.0,-24.472102863891397,-0.5040516910869344,1.8429918524366908,11.600469051272423
1769070493.532284,1769070493532291908,Sr02_gA_IMG1_LID1_STA1_CFC64_OH0,0122_0927,A,0.49327710270881653,-0.044605836272239685,0.5,0.0,-24.49219123743336,-0.4317920587609635,1.8408982197801147,11.536731716308426
1769070493.6546187,1769070493654625935,Sr02_gA_IMG1_LID1_STA1_CFC64_OH0,0122_0927,A,0.49260544776916504,-0.044300101697444916,0.5,0.0,-24.5055288671672,-0.38360381007951,1.840738384133089,11.494345770930513
1769070493.7711873,1769070493771198060,Sr02_gA_IMG1_LID1_STA1_CFC64_OH0,0122_0927,A,0.500359296798706,-0.009478647261857986,0.5,0.0,-24.52551435798074,-0.31131564126388206,1.8402957224771397,11.43089385752303
1769070493.8883855,1769070493888393468,Sr02_gA_IMG1_LID1_STA1_CFC64_OH0,0122_0927,A,0.489894837141037,-0.020742200314998627,0.5,0.0,-24.53881708076219,-0.26311774488165107,1.839892247182997,11.388682236505632
1769070494.007753,1769070494007761629,Sr02_gA_IMG1_LID1_STA1_CFC64_OH0,0122_0927,A,0.4928078353404999,-0.02092071622610092,0.5,0.0,-24.552120896213694,-0.21492015017373733,1.8403410700268286,11.346533299785216
1769070494.1283917,1769070494128402425,Sr02_gA_IMG1_LID1_STA1_CFC64_OH0,0122_0927,A,0.5066869854927063,-0.025281649082899094,0.5,0.0,-24.572034473986182,-0.14261215885518877,1.8381546264772306,11.283453833830322
1769070494.2425299,1769070494242539118,Sr02_gA_IMG1_LID1_STA1_CFC64_OH0,0122_0927,A,0.4807443916797638,-0.09243982285261154,0.5,0.0,-24.585136103588958,-0.09435925388082547,1.8336940694770543,11.2415807618755
1769070494.3629053,1769070494362914908,Sr02_gA_IMG1_LID1_STA1_CFC64_OH0,0122_0927,A,0.5012406706809998,-0.031589485704898834,0.5,0.0,-24.60438674863282,-0.021872071294852625,1.8273911449234153,11.179126465685961
1769070494.47887,1769070494478877999,Sr02_gA_IMG1_LID1_STA1_CFC64_OH0,0122_0927,A,0.5016043186187744,-0.032791368663311005,0.5,0.0,-24.617053241564683,0.026496921384677588,1.8264432743290624,11.13767288182978
1769070494.5990164,1769070494599024959,Sr02_gA_IMG1_LID1_STA1_CFC64_OH0,0122_0927,A,0.5066782236099243,-0.006936270277947187,0.5,0.0,-24.62964663114659,0.07488499145526273,1.8243690663089587,11.096332269824037
1769070494.7222986,1769070494722307067,Sr02_gA_IMG1_LID1_STA1_CFC64_OH0,0122_0927,A,0.5087202787399292,-0.009827537462115288,0.5,0.0,-24.648347623204245,0.14751602852165724,1.8211909276073428,11.034566663345947
1769070494.8364832,1769070494836491537,Sr02_gA_IMG1_LID1_STA1_CFC64_OH0,0122_0927,A,0.5058302879333496,-0.008312653750181198,0.5,0.0,-24.660675689993976,0.19597237093804992,1.8186627677631315,10.99356330312076
1769070494.9527047,1769070494952712351,Sr02_gA_IMG1_LID1_STA1_CFC64_OH0,0122_0927,A,0.49841371178627014,0.009301447309553623,0.5,0.0,-24.67275719202431,0.24446302165890452,1.8104481129603736,10.95279960144074
1769070495.0700862,1769070495070094084,Sr02_gA_IMG1_LID1_STA1_CFC64_OH0,0122_0927,A,0.48639416694641113,0.007190343923866749,0.5,0.0,-24.690252890061892,0.31738217513143213,1.8036666123325145,10.892156687377048
1769070495.1905816,1769070495190591268,Sr02_gA_IMG1_LID1_STA1_CFC64_OH0,0122_0927,A,0.4977158010005951,0.009768287651240826,0.5,0.0,-24.70171166726566,0.3660514042955438,1.8003874810855198,10.851947828249758
1769070495.3080018,1769070495308012414,Sr02_gA_IMG1_LID1_STA1_CFC64_OH0,0122_0927,A,0.4995478093624115,0.010054204612970352,0.5,0.0,-24.713061790232665,0.41474610899433495,1.7994352848470865,10.811887448895044
1769070495.4226491,1769070495422659876,Sr02_gA_IMG1_LID1_STA1_CFC64_OH0,0122_0927,A,0.4860243797302246,-0.013037273660302162,0.5,0.0,-24.730014173293878,0.48780509253712717,1.798076809349234,10.751998077256385
1769070495.541092,1769070495541101442,Sr02_gA_IMG1_LID1_STA1_CFC64_OH0,0122_0927,A,0.4906591773033142,0.004488920792937279,0.5,0.0,-24.741260363128436,0.5365239056717369,1.7972455441746285,10.712212014711621
1769070495.6606555,1769070495660664545,Sr02_gA_IMG1_LID1_STA1_CFC64_OH0,0122_0927,A,0.5046076774597168,-0.004196274559944868,0.5,0.0,-24.752493514305428,0.5852457269751596,1.7978233924613944,10.672520031618234
1769070495.7807226,1769070495780730619,Sr02_gA_IMG1_LID1_STA1_CFC64_OH0,0122_0927,A,0.4842318594455719,-0.022175345569849014,0.5,0.0,-24.769418223057986,0.6583111287765528,1.7989652768988125,10.613098278761818
1769070495.8965614,1769070495896569544,Sr02_gA_IMG1_LID1_STA1_CFC64_OH0,0122_0927,A,0.4945940375328064,-0.019739314913749695,0.5,0.0,-24.780751723730617,0.707009704184239,1.7999421020936055,10.573562072100506
1769070496.0171697,1769070496017179366,Sr02_gA_IMG1_LID1_STA1_CFC64_OH0,0122_0927,A,0.5074611902236938,-0.028155338019132614,0.5,0.0,-24.797840083211867,0.7800370030728337,1.8009826992600817,10.51436907806214
1769070496.1369078,1769070496136915668,Sr02_gA_IMG1_LID1_STA1_CFC64_OH0,0122_0927,A,0.5188915729522705,-0.0299747996032238,0.5,0.0,-24.809216295082187,0.8287256170628158,1.7996789753960611,10.475029758736751
1769070496.253906,1769070496253921324,Sr02_gA_IMG1_LID1_STA1_CFC64_OH0,0122_0927,A,0.4766681492328644,-0.025687143206596375,0.5,0.0,-24.820571695695968,0.8774190921723417,1.800127853330134,10.435794970973147
1769070496.3766396,1769070496376649300,Sr02_gA_IMG1_LID1_STA1_CFC64_OH0,0122_0927,A,0.5044009685516357,-0.011978675611317158,0.5,0.0,-24.83760960691345,0.9504581823161341,1.7994923429557201,10.377113278952004
1769070496.5025074,1769070496502515189,Sr02_gA_IMG1_LID1_STA1_CFC64_OH0,0122_0927,A,0.5104258060455322,-0.02225613221526146,0.5,0.0,-24.848890986522495,0.9991688498576955,1.7972748158560183,10.338159136890658
1769070496.6196768,1769070496619685116,Sr02_gA_IMG1_LID1_STA1_CFC64_OH0,0122_0927,A,0.486126571893692,-0.19246499240398407,0.5,0.0,-24.86562127105885,1.0722789898271707,1.7941212470849233,10.28003166258355
1769070496.7372181,1769070496737225793,Sr02_gA_IMG1_LID1_STA1_CFC64_OH0,0122_0927,A,0.514622688293457,-0.07284475862979889,0.5,0.0,-24.876626275159385,1.1210528344155202,1.7913057183872338,10.241498918919032
1769070496.8598447,1769070496859853886,Sr02_gA_IMG1_LID1_STA1_CFC64_OH0,0122_0927,A,0.49525073170661926,-0.013034272007644176,0.5,0.0,-24.887489471277952,1.169858456846501,1.7883082447217773,10.203158974184351
1769070496.9865882,1769070496986596462,Sr02_gA_IMG1_LID1_STA1_CFC64_OH0,0122_0927,A,0.516602098941803,-0.006920936051756144,0.5,0.0,-24.90353070583046,1.2431228491806499,1.7845493766505574,10.146007703656252
1769070497.1135323,1769070497113540228,Sr02_gA_IMG1_LID1_STA1_CFC64_OH0,0122_0927,A,0.5132336616516113,-0.0344499871134758,0.5,0.0,-24.914107888487163,1.2919912703864924,1.7833515081281412,10.108114620186898
1769070497.237883,1769070497237891121,Sr02_gA_IMG1_LID1_STA1_CFC64_OH0,0122_0927,A,0.5037323832511902,0.08823521435260773,0.5,0.0,-24.929803613707165,1.3652970507946787,1.779117651163465,10.05160797191246
1769070497.363622,1769070497363629648,Sr02_gA_IMG1_LID1_STA1_CFC64_OH0,0122_0927,A,0.5181329250335693,-0.011889933608472347,0.5,0.0,-24.939718650656076,1.4141397460646155,1.7617231399943265,10.014529206322715
1769070497.4854794,1769070497485487642,Sr02_gA_IMG1_LID1_STA1_CFC64_OH0,0122_0927,A,0.5291488170623779,0.015556988306343555,0.5,0.0,-24.95345043133068,1.4877950768680155,1.7510016105886026,9.959809159231634
1769070497.6049726,1769070497604989326,Sr02_gA_IMG1_LID1_STA1_CFC64_OH0,0122_0927,A,0.5151228308677673,-0.01827196031808853,0.5,0.0,-24.962379947023408,1.536991246210075,1.7496981836710719,9.923603335078923
1769070497.7269304,1769070497726938897,Sr02_gA_IMG1_LID1_STA1_CFC64_OH0,0122_0927,A,0.49711257219314575,-0.008970638737082481,0.5,0.0,-24.97568171812155,1.6108022279886645,1.747834190712901,9.869585862225097
1769070497.8499186,1769070497849926923,Sr02_gA_IMG1_LID1_STA1_CFC64_OH0,0122_0927,A,0.49710744619369507,0.05546240881085396,0.5,0.0,-24.984402647253653,1.6600357796085503,1.7443891980907469,9.833831521551717
1769070497.9699183,1769070497969924966,Sr02_gA_IMG1_LID1_STA1_CFC64_OH0,0122_0927,A,0.4926058053970337,0.07454799115657806,0.5,0.0,-24.997688100834285,1.7337121668629647,1.753808392052687,9.780367714067172
1769070498.0888157,1769070498088827203,Sr02_gA_IMG1_LID1_STA1_CFC64_OH0,0122_0927,A,0.5069753527641296,0.013172903098165989,0.5,0.0,-25.006759152916953,1.7828824360693227,1.7528938670097198,9.744676152966251
1769070498.2072918,1769070498207301115,Sr02_gA_IMG1_LID1_STA1_CFC64_OH0,0122_0927,A,0.5079819560050964,0.024540085345506668,0.5,0.0,-25.015852039268363,1.8320486703843308,1.7544495574485321,9.70909524683765
1769070498.3254976,1769070498325505914,Sr02_gA_IMG1_LID1_STA1_CFC64_OH0,0122_0927,A,0.5129807591438293,0.04531584680080414,0.5,0.0,-25.029472699101074,1.9058014581802494,1.7522331022641566,9.655976955446508
1769070498.4456494,1769070498445657482,Sr02_gA_IMG1_LID1_STA1_CFC64_OH0,0122_0927,A,0.49907997250556946,0.024672500789165497,0.5,0.0,-25.038472786390603,1.9549847677895147,1.7513360393059725,9.620784736283756
1769070498.561715,1769070498561723099,Sr02_gA_IMG1_LID1_STA1_CFC64_OH0,0122_0927,A,0.5359153747558594,0.1599593311548233,0.5,0.0,-25.04754181786122,2.0041370458398204,1.7559474105757824,9.585684370180074
1769070498.6793547,1769070498679362411,Sr02_gA_IMG1_LID1_STA1_CFC64_OH0,0122_0927,A,0.5306539535522461,0.1229260116815567,0.5,0.0,-25.061722871424998,2.0777837796916816,1.7665570098205043,9.532847905544223
1769070498.8004792,1769070498800486421,Sr02_gA_IMG1_LID1_STA1_CFC64_OH0,0122_0927,A,0.5184925198554993,0.09790406376123428,0.5,0.0,-25.07148863451806,2.126809079411798,1.7680903248735924,9.497569468698682
1769070498.9200013,1769070498920009948,Sr02_gA_IMG1_LID1_STA1_CFC64_OH0,0122_0927,A,0.5124815106391907,0.08194070309400558,0.5,0.0,-25.086319157816583,2.2003281111489605,1.7720731512045007,9.444758972862191
1769070499.0403624,1769070499040370689,Sr02_gA_IMG1_LID1_STA1_CFC64_OH0,0122_0927,A,0.49428707361221313,-0.012897307984530926,0.5,0.0,-25.09642615214723,2.2492958971894614,1.7766047272404992,9.40955932306622
1769070499.1701987,1769070499170205771,Sr02_gA_IMG1_LID1_STA1_CFC64_OH0,0122_0927,A,0.497219055891037,0.008617045357823372,0.5,0.0,-25.106704449571545,2.2982280442519496,1.7790719890803133,9.374369416964003
1769070499.292644,1769070499292652838,Sr02_gA_IMG1_LID1_STA1_CFC64_OH0,0122_0927,A,0.5108922719955444,0.007930953055620193,0.5,0.0,-25.122741403136526,2.3713745346311934,1.7971664698335161,9.32145048354923
1769070499.4120083,1769070499412016293,Sr02_gA_IMG1_LID1_STA1_CFC64_OH0,0122_0927,A,0.4816264808177948,0.01958831027150154,0.5,0.0,-25.13426267824604,2.4200287062536936,1.809459053094873,9.28569570289122
1769070499.5283976,1769070499528405746,Sr02_gA_IMG1_LID1_STA1_CFC64_OH0,0122_0927,A,0.4904807209968567,0.03819698467850685,0.5,0.0,-25.152543438616853,2.4927659931076964,1.824075621433487,9.231592525293639
1769070499.6440918,1769070499644100085,Sr02_gA_IMG1_LID1_STA1_CFC64_OH0,0122_0927,A,0.48610422015190125,0.06968648731708527,0.5,0.0,-25.165266676785397,2.5411080508322224,1.831869755969337,9.19530906885603
1769070499.7593994,1769070499759408056,Sr02_gA_IMG1_LID1_STA1_CFC64_OH0,0122_0927,A,0.5180114507675171,0.014408429153263569,0.5,0.0,-25.17814716351295,2.5893887311522916,1.8308815621176093,9.159052627700564
1769070499.881493,1769070499881502076,Sr02_gA_IMG1_LID1_STA1_CFC64_OH0,0122_0927,A,0.47945457696914673,-0.04557448625564575,0.5,0.0,-25.19745211235756,2.6618616060963993,1.8317438139816657,9.104898150569223
1769070500.0008647,1769070500000872925,Sr02_gA_IMG1_LID1_STA1_CFC64_OH0,0122_0927,A,0.4816824197769165,-0.06166365370154381,0.5,0.0,-25.21037107024664,2.7101637807780046,1.8325369085150336,9.06892478789657
1769070500.1225536,1769070500122563878,Sr02_gA_IMG1_LID1_STA1_CFC64_OH0,0122_0927,A,0.48649540543556213,0.004187882877886295,0.5,0.0,-25.22334634409594,2.7584508519621593,1.8342625806554635,9.033044218475348
1769070500.2354178,1769070500235425747,Sr02_gA_IMG1_LID1_STA1_CFC64_OH0,0122_0927,A,0.4750284254550934,-0.0260620079934597,0.5,0.0,-25.24304948096824,2.830816394562435,1.8394338454272685,8.979302210195835
1769070500.3552485,1769070500355255498,Sr02_gA_IMG1_LID1_STA1_CFC64_OH0,0122_0927,A,0.5106239318847656,0.0036697993054986,0.5,0.0,-25.25648824185122,2.878976432673584,1.8464024586654564,8.94342392851883
1769070500.4752176,1769070500475226119,Sr02_gA_IMG1_LID1_STA1_CFC64_OH0,0122_0927,A,0.5126339197158813,0.014359190128743649,0.5,0.0,-25.277014238049244,2.9510891677476483,1.8482930315891697,8.889606433027888
1769070500.5980742,1769070500598083871,Sr02_gA_IMG1_LID1_STA1_CFC64_OH0,0122_0927,A,0.4908045828342438,-0.031483519822359085,0.5,0.0,-25.29060206191744,2.9992074220059406,1.8437355973532341,8.853961455353298
1769070500.7161465,1769070500716154368,Sr02_gA_IMG1_LID1_STA1_CFC64_OH0,0122_0927,A,0.5146198272705078,-0.032324451953172684,0.5,0.0,-25.30393167751351,3.047397805981978,1.8375692543801059,8.818645571561543
1769070500.8307505,1769070500830758039,Sr02_gA_IMG1_LID1_STA1_CFC64_OH0,0122_0927,A,0.4830714762210846,-0.009753528982400894,0.5,0.0,-25.323576801645395,3.1197627351761827,1.8356377885404334,8.766206700786244
1769070500.947342,1769070500947351779,Sr02_gA_IMG1_LID1_STA1_CFC64_OH0,0122_0927,A,0.4796490967273712,-0.0038749990053474903,0.5,0.0,-25.336601716137565,3.1680364326724915,1.8330315984482566,8.73147856738866
1769070501.062499,1769070501062506812,Sr02_gA_IMG1_LID1_STA1_CFC64_OH0,0122_0927,A,0.4823964536190033,-0.015249906107783318,0.5,0.0,-25.349558937962833,3.2163283581253257,1.833101237441292,8.696949979181046
1769070501.1794868,1769070501179495488,Sr02_gA_IMG1_LID1_STA1_CFC64_OH0,0122_0927,A,0.5006224513053894,-0.017709853127598763,0.5,0.0,-25.369064077189307,3.2887476025292655,1.834934423057801,8.645388438904115
1769070501.2964237,1769070501296431577,Sr02_gA_IMG1_LID1_STA1_CFC64_OH0,0122_0927,A,0.5130432844161987,-0.013859636150300503,0.5,0.0,-25.382042557298877,3.3370219785418684,1.83186439067283,8.611229897736699
1769070501.4160702,1769070501416078385,Sr02_gA_IMG1_LID1_STA1_CFC64_OH0,0122_0927,A,0.4964464008808136,0.005433474667370319,0.5,0.0,-25.39487082149515,3.3853482980296596,1.8286487700231437,8.577335533375123
1769070501.5341213,1769070501534128667,Sr02_gA_IMG1_LID1_STA1_CFC64_OH0,0122_0927,A,0.5057320594787598,0.000302253058180213,0.5,0.0,-25.41389889847223,3.4578943519621435,1.82650859921579,8.526955560701918
1769070501.6519668,1769070501651975135,Sr02_gA_IMG1_LID1_STA1_CFC64_OH0,0122_0927,A,0.4836563766002655,-0.012460649944841862,0.5,0.0,-25.42653625390246,3.5062709671760257,1.8261210954507754,8.493607867610896
1769070501.7694743,1769070501769481921,Sr02_gA_IMG1_LID1_STA1_CFC64_OH0,0122_0927,A,0.4904434084892273,0.002594396471977234,0.5,0.0,-25.439132571833703,3.554658279480338,1.8247098649232145,8.460456025556786
1769070501.8899152,1769070501889927183,Sr02_gA_IMG1_LID1_STA1_CFC64_OH0,0122_0927,A,0.4994126260280609,-0.0012454092502593994,0.5,0.0,-25.457880493188608,3.6272772268511773,1.8221271914712809,8.411154903325407
1769070502.0144298,1769070502014438119,Sr02_gA_IMG1_LID1_STA1_CFC64_OH0,0122_0927,A,0.48335421085357666,0.09629855304956436,0.5,0.0,-25.470281589410376,3.6757149404152236,1.8207412271769061,8.378575760800924
1769070502.133897,1769070502133905380,Sr02_gA_IMG1_LID1_STA1_CFC64_OH0,0122_0927,A,0.4901561439037323,0.11863459646701813,0.5,0.0,-25.488835825290856,3.7483836365975165,1.8210677500533354,8.330068283199669
1769070502.2521715,1769070502252179655,Sr02_gA_IMG1_LID1_STA1_CFC64_OH0,0122_0927,A,0.5224906206130981,0.08616937696933746,0.5,0.0,-25.50121990338243,3.796825708112533,1.821097975614066,8.297937472837678
1769070502.374662,1769070502374670499,Sr02_gA_IMG1_LID1_STA1_CFC64_OH0,0122_0927,A,0.5344871282577515,0.01799565553665161,0.5,0.0,-25.513574529972036,3.8452752959443006,1.8198519224237943,8.26600764441446
1769070502.4933636,1769070502493372257,Sr02_gA_IMG1_LID1_STA1_CFC64_OH0,0122_0927,A,0.5397689938545227,0.025167260318994522,0.5,0.0,-25.532054811712225,3.917962835624284,1.8199015734278599,8.21849202277765
1769070502.614336,1769070502614345970,Sr02_gA_IMG1_LID1_STA1_CFC64_OH0,0122_0927,A,0.49990999698638916,0.020147155970335007,0.5,0.0,-25.544378639654955,3.966420269982305,1.819777033524589,8.187040514822659
1769070502.7310197,1769070502731029098,Sr02_gA_IMG1_LID1_STA1_CFC64_OH0,0122_0927,A,0.5176228880882263,-0.015854012221097946,0.5,0.0,-25.563239776181383,4.038951302346022,1.832671224324786,8.13993224930814
1769070502.8548713,1769070502854879675,Sr02_gA_IMG1_LID1_STA1_CFC64_OH0,0122_0927,A,0.5086768865585327,-0.012703542597591877,0.5,0.0,-25.576470541616704,4.087168697575262,1.8445346632429829,8.108214423254374
1769070502.974853,1769070502974861219,Sr02_gA_IMG1_LID1_STA1_CFC64_OH0,0122_0927,A,0.5034122467041016,0.0011336961761116982,0.5,0.0,-25.59019439873768,4.135248214584038,1.8531516116885947,8.07628502236843
1769070503.0933247,1769070503093335071,Sr02_gA_IMG1_LID1_STA1_CFC64_OH0,0122_0927,A,0.5134724974632263,-0.0030987937934696674,0.5,0.0,-25.611292755767398,4.207200050702478,1.8575919129326028,8.028331567256467
1769070503.2107716,1769070503210780638,Sr02_gA_IMG1_LID1_STA1_CFC64_OH0,0122_0927,A,0.5109145045280457,0.009805730544030666,0.5,0.0,-25.625497095627722,4.255139961970576,1.8601086333203558,7.996476542610699
1769070503.3306787,1769070503330687538,Sr02_gA_IMG1_LID1_STA1_CFC64_OH0,0122_0927,A,0.49556657671928406,0.010879283770918846,0.5,0.0,-25.647002707125086,4.32699053106083,1.8624609098023852,7.948883136176732
1769070503.4480987,1769070503448106636,Sr02_gA_IMG1_LID1_STA1_CFC64_OH0,0122_0927,A,0.4972747266292572,0.0034555569291114807,0.5,0.0,-25.661342084482982,4.374890232690139,1.8608755133087203,7.917388085145892
1769070503.567293,1769070503567301450,Sr02_gA_IMG1_LID1_STA1_CFC64_OH0,0122_0927,A,0.515442430973053,0.017268594354391098,0.5,0.0,-25.675613052879687,4.422810362153726,1.8596051587160123,7.886140078228784
1769070503.6837852,1769070503683793530,Sr02_gA_IMG1_LID1_STA1_CFC64_OH0,0122_0927,A,0.5313542485237122,0.06819473952054977,0.5,0.0,-25.69696128674406,4.49470787382048,1.8594561354597094,7.839680270193086
1769070503.7990189,1769070503799026891,Sr02_gA_IMG1_LID1_STA1_CFC64_OH0,0122_0927,A,0.5266869068145752,0.04349813982844353,0.5,0.0,-25.71118724613067,4.542641387592136,1.8591462574889168,7.808958795860319
1769070503.916083,1769070503916092081,Sr02_gA_IMG1_LID1_STA1_CFC64_OH0,0122_0927,A,0.5237076282501221,0.034105658531188965,0.5,0.0,-25.72542340236395,4.5905718721723465,1.8599977740327607,7.77842894852441
1769070504.0343316,1769070504034340281,Sr02_gA_IMG1_LID1_STA1_CFC64_OH0,0122_0927,A,0.5206661820411682,0.009192798286676407,0.5,0.0,-25.746868804496426,4.662440452316019,1.8615232235156696,7.732938474105268
1769070504.154514,1769070504154522537,Sr02_gA_IMG1_LID1_STA1_CFC64_OH0,0122_0927,A,0.5227169394493103,0.004857691470533609,0.5,0.0,-25.761209514416535,4.7103397602135795,1.8618687802249847,7.702831374890222
1769070504.2777214,1769070504277730150,Sr02_gA_IMG1_LID1_STA1_CFC64_OH0,0122_0927,A,0.4689536392688751,0.007804262451827526,0.5,0.0,-25.775593564437465,4.758226065075113,1.8634574961180521,7.672895642846243
1769070504.396716,1769070504396724939,Sr02_gA_IMG1_LID1_STA1_CFC64_OH0,0122_0927,A,0.45125794410705566,-0.02090027928352356,0.5,0.0,-25.79748806460499,4.82994723063296,1.8717736439528894,7.6281221047958025
1769070504.5188386,1769070504518848103,Sr02_gA_IMG1_LID1_STA1_CFC64_OH0,0122_0927,A,0.5204483866691589,-0.0014357008039951324,0.5,0.0,-25.8124145603576,4.877667199877986,1.8761234560826552,7.5982566661704025
1769070504.6345272,1769070504634535429,Sr02_gA_IMG1_LID1_STA1_CFC64_OH0,0122_0927,A,0.5023208856582642,0.0021230014972388744,0.5,0.0,-25.83514693761385,4.9491390598653275,1.8808349895371332,7.553567778160331
1769070504.748691,1769070504748699402,Sr02_gA_IMG1_LID1_STA1_CFC64_OH0,0122_0927,A,0.4980860650539398,0.01753341034054756,0.5,0.0,-25.85042359358033,4.996748127166977,1.8817542693399498,7.523939803975626
1769070504.8646915,1769070504864699422,Sr02_gA_IMG1_LID1_STA1_CFC64_OH0,0122_0927,A,0.5074069499969482,0.015659723430871964,0.5,0.0,-25.86573369279384,5.044346451673338,1.8822400410097098,7.49449982636481
1769070504.9819975,1769070504982006276,Sr02_gA_IMG1_LID1_STA1_CFC64_OH0,0122_0927,A,0.49913734197616577,0.007619837298989296,0.5,0.0,-25.88875335531976,5.115726377800406,1.8830647157863958,7.450704251610523
1769070505.0991402,1769070505099146257,Sr02_gA_IMG1_LID1_STA1_CFC64_OH0,0122_0927,A,0.5291132926940918,0.02778966724872589,0.5,0.0,-25.9040645253567,5.163324348814946,1.880974697391768,7.421814986893639
1769070505.2217193,1769070505221727253,Sr02_gA_IMG1_LID1_STA1_CFC64_OH0,0122_0927,A,0.49408066272735596,-0.00935562327504158,0.5,0.0,-25.91931372586262,5.210942218956411,1.880636467185599,7.393204440499605
1769070505.338887,1769070505338895556,Sr02_gA_IMG1_LID1_STA1_CFC64_OH0,0122_0927,A,0.4941299259662628,0.021997898817062378,0.5,0.0,-25.94218658049265,5.282369326993902,1.8810022485990292,7.350718350464836
1769070505.457091,1769070505457098786,Sr02_gA_IMG1_LID1_STA1_CFC64_OH0,0122_0927,A,0.4908505976200104,0.03360694646835327,0.5,0.0,-25.957491049675646,5.329969455833839,1.8827555834822676,7.322635423324727
1769070505.5707366,1769070505570744351,Sr02_gA_IMG1_LID1_STA1_CFC64_OH0,0122_0927,A,0.48235759139060974,0.021954510360956192,0.5,0.0,-25.972875344743215,5.37754384635862,1.8843402915362601,7.29471734546329
1769070505.6938953,1769070505693903867,Sr02_gA_IMG1_LID1_STA1_CFC64_OH0,0122_0927,A,0.513953447341919,0.07576848566532135,0.5,0.0,-25.996059675818035,5.448870456760861,1.8858457557061625,7.2531902565047215
1769070505.812518,1769070505812526156,Sr02_gA_IMG1_LID1_STA1_CFC64_OH0,0122_0927,A,0.5060028433799744,0.03805239498615265,0.5,0.0,-26.011618882660635,5.4963879183557545,1.8886247135887546,7.225714687259526
1769070505.9268615,1769070505926869299,Sr02_gA_IMG1_LID1_STA1_CFC64_OH0,0122_0927,A,0.5111247301101685,0.014610503800213337,0.5,0.0,-26.027238405206003,5.5438840920388515,1.888065755140961,7.198428610323614
1769070506.0388396,1769070506038847538,Sr02_gA_IMG1_LID1_STA1_CFC64_OH0,0122_0927,A,0.49830499291419983,0.12173319607973099,0.5,0.0,-26.050693634819925,5.615122056766566,1.8904248064508435,7.157935702119569
1769070506.1581175,1769070506158126031,Sr02_gA_IMG1_LID1_STA1_CFC64_OH0,0122_0927,A,0.4905035197734833,0.0480482392013073,0.5,0.0,-26.066484059660734,5.662563176201311,1.8937854867177555,7.13111396355576
1769070506.276033,1769070506276040875,Sr02_gA_IMG1_LID1_STA1_CFC64_OH0,0122_0927,A,0.48960351943969727,0.035021740943193436,0.5,0.0,-26.08241146923369,5.709958495292553,1.896097467249843,7.1044203775768935
1769070506.3943744,1769070506394383853,Sr02_gA_IMG1_LID1_STA1_CFC64_OH0,0122_0927,A,0.4970274865627289,-0.009671710431575775,0.5,0.0,-26.10664008966214,5.780925130190555,1.9051416249289839,7.064553992279897
1769070506.515032,1769070506515040554,Sr02_gA_IMG1_LID1_STA1_CFC64_OH0,0122_0927,A,0.5063876509666443,-0.005535289645195007,0.5,0.0,-26.123137452756804,5.828125063196306,1.9089468870640753,7.0379826325322945
1769070506.639676,1769070506639684323,Sr02_gA_IMG1_LID1_STA1_CFC64_OH0,0122_0927,A,0.5026660561561584,-0.005797551013529301,0.5,0.0,-26.139778947556586,5.875274397325628,1.9108767900485193,7.011537111557251
1769070506.7613523,1769070506761361003,Sr02_gA_IMG1_LID1_STA1_CFC64_OH0,0122_0927,A,0.5016119480133057,0.11608117073774338,0.5,0.0,-26.16514758504541,5.945786226479418,1.9245977842419963,6.971998628687183
1769070506.879466,1769070506879474361,Sr02_gA_IMG1_LID1_STA1_CFC64_OH0,0122_0927,A,0.5001218318939209,0.02721242979168892,0.5,0.0,-26.182591072145854,5.992617327465114,1.9297780064123427,6.945478336135076
1769070507.0024192,1769070507002427892,Sr02_gA_IMG1_LID1_STA1_CFC64_OH0,0122_0927,A,0.5203186869621277,0.07454906404018402,0.5,0.0,-26.209133702905977,6.062751210245099,1.9344587576423415,6.905835802526679
1769070507.1251957,1769070507125204901,Sr02_gA_IMG1_LID1_STA1_CFC64_OH0,0122_0927,A,0.5206380486488342,0.07500281184911728,0.5,0.0,-26.226896077242277,6.109489818925235,1.9334915917681086,6.879671671542751
1769070507.2450795,1769070507245088145,Sr02_gA_IMG1_LID1_STA1_CFC64_OH0,0122_0927,A,0.4902658462524414,0.10467584431171417,0.5,0.0,-26.253476595440883,6.179621659158312,1.9326560514805071,6.840980991216588
1769070507.365833,1769070507365842867,Sr02_gA_IMG1_LID1_STA1_CFC64_OH0,0122_0927,A,0.4949749708175659,0.19506515562534332,0.5,0.0,-26.271163744771705,6.2263887882288325,1.9320762973429428,6.815554315363771
1769070507.4826741,1769070507482681650,Sr02_gA_IMG1_LID1_STA1_CFC64_OH0,0122_0927,A,0.4944937527179718,0.20392875373363495,0.5,0.5,-26.289003589527397,6.2730046016555825,1.941859742138915,6.790274383833822
1769070507.6010535,1769070507601061528,Sr02_gA_IMG1_LID1_STA1_CFC64_OH0,0122_0927,A,0.5113254189491272,0.4005567133426666,0.5,0.5,-26.316480203550785,6.34274259657206,1.9487572146184704,6.752188588067229
1769070507.7242465,1769070507724255672,Sr02_gA_IMG1_LID1_STA1_CFC64_OH0,0122_0927,A,0.523448646068573,0.2721768617630005,0.5,0.5,-26.3351045502973,6.389144339861651,1.956212092935248,6.726852116396012
1769070507.8490524,1769070507849060288,Sr02_gA_IMG1_LID1_STA1_CFC64_OH0,0122_0927,A,0.4899747371673584,0.2697973847389221,0.5,0.5,-26.3636931564272,6.4584814093176535,1.9680513972265365,6.688758466701428
1769070507.96545,1769070507965457782,Sr02_gA_IMG1_LID1_STA1_CFC64_OH0,0122_0927,A,0.48717692494392395,0.25997087359428406,0.5,0.5,-26.38327854169263,6.504485643208531,1.9785189627770774,6.663217506337647
1769070508.0777283,1769070508077736726,Sr02_gA_IMG1_LID1_STA1_CFC64_OH0,0122_0927,A,0.47796863317489624,0.39997270703315735,0.5,0.5,-26.40348862361,6.550155873810046,1.9970628448476921,6.637376294693966
1769070508.1961172,1769070508196125432,Sr02_gA_IMG1_LID1_STA1_CFC64_OH0,0122_0927,A,0.48810818791389465,0.309566468000412,0.5,0.5,-26.435523081186883,6.617954118073671,2.027792096363228,6.597506007070604
1769070508.3141463,1769070508314153708,Sr02_gA_IMG1_LID1_STA1_CFC64_OH0,0122_0927,A,0.4903600215911865,0.3058699071407318,0.5,0.5,-26.45817264042406,6.662189893785241,2.0629370208812583,6.570084918669338
1769070508.4363594,1769070508436373998,Sr02_gA_IMG1_LID1_STA1_CFC64_OH0,0122_0927,A,0.5352081060409546,0.6014376878738403,0.5,0.5,-26.48245278957157,6.705822416640889,2.092458039717165,6.541365565341296
1769070508.5532284,1769070508553236016,Sr02_gA_IMG1_LID1_STA1_CFC64_OH0,0122_0927,A,0.49128445982933044,0.4697876274585724,0.5,0.5,-26.52113756624279,6.770069729649767,2.133022761995298,6.496624108740305
1769070508.6694417,1769070508669449043,Sr02_gA_IMG1_LID1_STA1_CFC64_OH0,0122_0927,A,0.4230012893676758,0.48876604437828064,0.5,0.5,-26.548337976655866,6.8120220422382465,2.159019814353512,6.465778333924263
1769070508.7924473,1769070508792456086,Sr02_gA_IMG1_LID1_STA1_CFC64_OH0,0122_0927,A,0.4908851683139801,0.46357566118240356,0.5,0.5,-26.576683287797955,6.85302787101339,2.1947888673256943,6.434108122226444
1769070508.9089434,1769070508908952373,Sr02_gA_IMG1_LID1_STA1_CFC64_OH0,0122_0927,A,0.5105060935020447,0.3544158637523651,0.5,0.5,-26.62204802808398,6.912722222932309,2.244177811961501,6.384328384626235
1769070509.0276177,1769070509027626613,Sr02_gA_IMG1_LID1_STA1_CFC64_OH0,0122_0927,A,0.4935290813446045,0.3319084346294403,0.5,0.5,-26.65382252170153,6.951325154161293,2.2747647554765607,6.349967616626086
1769070509.1459177,1769070509145927250,Sr02_gA_IMG1_LID1_STA1_CFC64_OH0,0122_0927,A,0.490538626909256,0.3081786632537842,0.5,0.5,-26.703573658058605,7.006432392031856,2.3432795794645607,6.296894579210253
1769070509.2711816,1769070509271190501,Sr02_gA_IMG1_LID1_STA1_CFC64_OH0,0122_0927,A,0.47905516624450684,0.37568241357803345,0.5,0.5,-26.739297367666737,7.0414083585874065,2.39025969785223,6.259291481130179
1769070509.396076,1769070509396084766,Sr02_gA_IMG1_LID1_STA1_CFC64_OH0,0122_0927,A,0.5254675149917603,0.3166190981864929,0.5,0.5,-26.795931034271774,7.090552232033826,2.463070724968131,6.200319233597184
1769070509.5198832,1769070509519891287,Sr02_gA_IMG1_LID1_STA1_CFC64_OH0,0122_0927,A,0.48736438155174255,0.39059486985206604,0.5,0.5,-26.83554325279665,7.121004059051472,2.508698242065485,6.159436252736634
1769070509.6397927,1769070509639802136,Sr02_gA_IMG1_LID1_STA1_CFC64_OH0,0122_0927,A,0.48739445209503174,0.37588879466056824,0.5,0.5,-26.876354095194895,7.14983633288946,2.544243813036681,6.117548621837219
1769070509.7611449,1769070509761153014,Sr02_gA_IMG1_LID1_STA1_CFC64_OH0,0122_0927,A,0.5153181552886963,0.35581374168395996,0.5,0.5,-26.939398159338694,7.190447777001932,2.5937805109047036,6.053198142264962
1769070509.8833814,1769070509883388936,Sr02_gA_IMG1_LID1_STA1_CFC64_OH0,0122_0927,A,0.4994123578071594,0.06102651730179787,0.5,0.0,-26.982475934836106,7.215827041144842,2.6245983287764707,6.009430388186712
1769070510.001811,1769070510001818799,Sr02_gA_IMG1_LID1_STA1_CFC64_OH0,0122_0927,A,0.47059395909309387,0.35355687141418457,0.5,0.5,-27.048644808512574,7.251053503239514,2.6794335811123235,5.942467872168998
1769070510.1219525,1769070510121961375,Sr02_gA_IMG1_LID1_STA1_CFC64_OH0,0122_0927,A,0.47555726766586304,0.3441767990589142,0.5,0.5,-27.09374482957188,7.272635414702258,2.7110954474498006,5.896977282330678
1769070510.240484,1769070510240492265,Sr02_gA_IMG1_LID1_STA1_CFC64_OH0,0122_0927,A,0.48881995677948,0.43983760476112366,0.5,0.5,-27.139535755698056,7.292611332737018,2.749726572199289,5.850890723803972
1769070510.364688,1769070510364696367,Sr02_gA_IMG1_LID1_STA1_CFC64_OH0,0122_0927,A,0.48504695296287537,0.23174495995044708,0.5,0.5,-27.20962829187533,7.31926732344267,2.806203199755162,5.7805040996530375
1769070510.4820926,1769070510482099500,Sr02_gA_IMG1_LID1_STA1_CFC64_OH0,0122_0927,A,0.4862463176250458,0.22278013825416565,0.5,0.5,-27.25712518390306,7.334880815605085,2.841784529168177,5.732889229820643
1769070510.5992143,1769070510599222390,Sr02_gA_IMG1_LID1_STA1_CFC64_OH0,0122_0927,A,0.46870067715644836,0.3095846474170685,0.5,0.5,-27.328692636604703,7.355646220631021,2.8686575489116364,5.661228455967653
1769070510.7186432,1769070510718651888,Sr02_gA_IMG1_LID1_STA1_CFC64_OH0,0122_0927,A,0.4859561324119568,0.3072271943092346,0.5,0.5,-27.37637513751217,7.368442815103206,2.893849325111169,5.6135254913824495
1769070510.8429205,1769070510842928723,Sr02_gA_IMG1_LID1_STA1_CFC64_OH0,0122_0927,A,0.46106821298599243,0.2006668895483017,0.5,0.5,-27.425049950056213,7.379867146887446,2.9282669449980316,5.564856956043336
1769070510.9641378,1769070510964147641,Sr02_gA_IMG1_LID1_STA1_CFC64_OH0,0122_0927,A,0.44768455624580383,0.18082952499389648,0.5,0.0,-27.498725795764035,7.393490666072507,2.9914088471952933,5.491219853838821
1769070511.0867345,1769070511086742825,Sr02_gA_IMG1_LID1_STA1_CFC64_OH0,0122_0927,A,0.5048896074295044,0.11510328203439713,0.5,0.0,-27.54806504027473,7.400210295038879,3.018509165245325,5.4419128197873015
1769070511.2097967,1769070511209806448,Sr02_gA_IMG1_LID1_STA1_CFC64_OH0,0122_0927,A,0.5307610034942627,0.18587003648281097,0.5,0.0,-27.622602651479898,7.408159501698093,3.0528934250061766,5.367425289102496
1769070511.3339193,1769070511333926728,Sr02_gA_IMG1_LID1_STA1_CFC64_OH0,0122_0927,A,0.4852025806903839,0.05470871925354004,0.5,0.0,-27.672443201371696,7.411818995989893,3.0837687128040816,5.31761270138328
1769070511.4531744,1769070511453182339,Sr02_gA_IMG1_LID1_STA1_CFC64_OH0,0122_0927,A,0.5075099468231201,0.07045383751392365,0.5,0.0,-27.74734416331247,7.414441160933755,3.127489472664098,5.2427349882496985
1769070511.5698016,1769070511569810122,Sr02_gA_IMG1_LID1_STA1_CFC64_OH0,0122_0927,A,0.5141391158103943,0.01370485220104456,0.5,0.0,-27.79734290928691,7.4146451449915425,-3.135827529973738,5.192739673810647
1769070511.688637,1769070511688645654,Sr02_gA_IMG1_LID1_STA1_CFC64_OH0,0122_0927,A,0.49265623092651367,-0.0068505918607115746,0.5,0.0,-27.847336744054875,7.413904852730965,-3.1177446028241946,5.142741398983059
1769070511.8091488,1769070511809157198,Sr02_gA_IMG1_LID1_STA1_CFC64_OH0,0122_0927,A,0.502649188041687,-0.020484820008277893,0.5,0.0,-27.922269468917793,7.4113629868506745,-3.098593525845443,5.0677904759043315
1769070511.9262347,1769070511926243281,Sr02_gA_IMG1_LID1_STA1_CFC64_OH0,0122_0927,A,0.4513028562068939,0.01774110645055771,0.5,0.0,-27.97217965876717,7.4087564195416915,-3.0801311521138954,5.017861639060445
1769070512.0430226,1769070512043030688,Sr02_gA_IMG1_LID1_STA1_CFC64_OH0,0122_0927,A,0.5046091675758362,0.015428674407303333,0.5,0.0,-28.046925336959657,7.403637153229926,-3.068507359571863,4.943081749860009
1769070512.1619062,1769070512161913788,Sr02_gA_IMG1_LID1_STA1_CFC64_OH0,0122_0927,A,0.5184512734413147,0.03433341532945633,0.5,0.0,-28.096778582851844,7.399810507954758,-3.061461988277626,4.893205646222217
1769070512.2862344,1769070512286241460,Sr02_gA_IMG1_LID1_STA1_CFC64_OH0,0122_0927,A,0.5289444923400879,0.04560256004333496,0.5,0.0,-28.146603302373478,7.395766935300328,-3.0599205369625744,4.843359511634158
1769070512.404747,1769070512404755364,Sr02_gA_IMG1_LID1_STA1_CFC64_OH0,0122_0927,A,0.47350621223449707,0.05720829591155052,0.5,0.0,-28.2213541193718,7.389658397874251,-3.0606733346530937,4.7685819936106615
1769070512.520924,1769070512520932553,Sr02_gA_IMG1_LID1_STA1_CFC64_OH0,0122_0927,A,0.5351965427398682,0.007077844813466072,0.5,0.0,-28.271194611759505,7.385667893257847,-3.062721810398769,4.71872787565927
1769070512.6408668,1769070512640875797,Sr02_gA_IMG1_LID1_STA1_CFC64_OH0,0122_0927,A,0.5403305888175964,0.03257276490330696,0.5,0.0,-28.321031958325747,7.381685158412696,-3.0609611397443213,4.668880040881944
1769070512.7568605,1769070512756868778,Sr02_gA_IMG1_LID1_STA1_CFC64_OH0,0122_0927,A,0.5434792637825012,0.029526203870773315,0.5,0.0,-28.395780920767994,7.375554149517846,-3.0584115553722326,4.5941212384537105
1769070512.8735194,1769070512873528332,Sr02_gA_IMG1_LID1_STA1_CFC64_OH0,0122_0927,A,0.5336056351661682,0.029443126171827316,0.5,0.0,-28.44560081058798,7.371314361170565,-3.0549782234823053,4.544299194467882
1769070512.9942648,1769070512994273005,Sr02_gA_IMG1_LID1_STA1_CFC64_OH0,0122_0927,A,0.5223745703697205,-0.004112782888114452,0.5,0.0,-28.495403813831295,7.366880821168939,-3.050530674822545,4.494498166531502
1769070513.1127815,1769070513112789695,Sr02_gA_IMG1_LID1_STA1_CFC64_OH0,0122_0927,A,0.5233323574066162,-0.005402071867138147,0.5,0.0,-28.57006512719999,7.359763625721475,-3.0422976248584894,4.419849411032107
1769070513.2290785,1769070513229086646,Sr02_gA_IMG1_LID1_STA1_CFC64_OH0,0122_0927,A,0.49881812930107117,-0.00440084096044302,0.5,0.0,-28.61980518505734,7.354785420455242,-3.0414811654744014,4.370125267895008
1769070513.3512673,1769070513351275018,Sr02_gA_IMG1_LID1_STA1_CFC64_OH0,0122_0927,A,0.47387540340423584,-0.035230472683906555,0.5,0.0,-28.694414731339418,7.347143130727202,-3.0371661047770697,4.295552074514453
1769070513.4720445,1769070513472053114,Sr02_gA_IMG1_LID1_STA1_CFC64_OH0,0122_0927,A,0.475643515586853,-0.032492030411958694,0.5,0.0,-28.744134586701684,7.341857882466526,-3.034213489038518,4.245866112608598
1769070513.5920389,1769070513592047424,Sr02_gA_IMG1_LID1_STA1_CFC64_OH0,0122_0927,A,0.48132121562957764,0.009442356415092945,0.5,0.0,-28.793838642717915,7.336426060288669,-3.031269181173401,4.196204618005545
1769070513.7143457,1769070513714353271,Sr02_gA_IMG1_LID1_STA1_CFC64_OH0,0122_0927,A,0.49439674615859985,-0.008798185735940933,0.5,0.0,-28.868380051657354,7.328144907014975,-3.0312278469938656,4.121743784443631
1769070513.8344371,1769070513834446011,Sr02_gA_IMG1_LID1_STA1_CFC64_OH0,0122_0927,A,0.4847838282585144,-0.015225560404360294,0.5,0.0,-28.918077332756486,7.32265128584712,-3.031768053022342,4.072110891341387
1769070513.9575124,1769070513957521079,Sr02_gA_IMG1_LID1_STA1_CFC64_OH0,0122_0927,A,0.4871463179588318,-0.0115659823641181,0.5,0.0,-28.992628600764156,7.314459381654207,-3.0330547610093506,3.9976726727929415
1769070514.0809603,1769070514080967528,Sr02_gA_IMG1_LID1_STA1_CFC64_OH0,0122_0927,A,0.4881190061569214,-0.02913440391421318,0.5,0.0,-29.0423438127517,7.3091307051099506,-3.0365778006868718,3.9480425586601138
1769070514.1952558,1769070514195263392,Sr02_gA_IMG1_LID1_STA1_CFC64_OH0,0122_0927,A,0.5049089193344116,-0.034231964498758316,0.5,0.0,-29.116938582496157,7.30144292683115,-3.0402294984135425,3.873587774830437
1769070514.31737,1769070514317377831,Sr02_gA_IMG1_LID1_STA1_CFC64_OH0,0122_0927,A,0.5013867616653442,-0.01504564005881548,0.5,0.0,-29.166679587428195,7.296360413439001,-3.039467660213987,3.823950879509963
1769070514.4358997,1769070514435907356,Sr02_gA_IMG1_LID1_STA1_CFC64_OH0,0122_0927,A,0.5079553723335266,-0.01994318515062332,0.5,0.0,-29.216421308896987,7.291284916722571,-3.0403474734625426,3.7743227047679806
1769070514.5541255,1769070514554133285,Sr02_gA_IMG1_LID1_STA1_CFC64_OH0,0122_0927,A,0.5209300518035889,0.02067681774497032,0.5,0.0,-29.29104532483154,7.283784705461187,-3.0424938363701677,3.699885115605073
1769070514.6763217,1769070514676328832,Sr02_gA_IMG1_LID1_STA1_CFC64_OH0,0122_0927,A,0.5040727257728577,-0.01629027910530567,0.5,0.0,-29.340802857799016,7.278866645146373,-3.0436504329319485,3.6502625857555695
1769070514.7896225,1769070514789635212,Sr02_gA_IMG1_LID1_STA1_CFC64_OH0,0122_0927,A,0.5017808675765991,-0.009999698027968407,0.5,0.0,-29.390570281169246,7.27404985314698,-3.0465638551148837,3.6006378818012865
1769070514.9073064,1769070514907316673,Sr02_gA_IMG1_LID1_STA1_CFC64_OH0,0122_0927,A,0.46358227729797363,0.005875756032764912,0.5,0.0,-29.465249129743146,7.267117548280146,-3.0514048341089857,3.5261843552866123
1769070515.0213456,1769070515021353371,Sr02_gA_IMG1_LID1_STA1_CFC64_OH0,0122_0927,A,0.4875175654888153,0.01337722223252058,0.5,0.0,-29.515049287270823,7.262651731262845,-3.052909399741548,3.476542607641469
1769070515.1413732,1769070515141381507,Sr02_gA_IMG1_LID1_STA1_CFC64_OH0,0122_0927,A,0.47263458371162415,0.005190955940634012,0.5,0.0,-29.564856974020763,7.258270726125251,-3.054854735876364,3.4269009578410783
1769070515.263073,1769070515263083511,Sr02_gA_IMG1_LID1_STA1_CFC64_OH0,0122_0927,A,0.47507283091545105,0.0014230930246412754,0.5,0.0,-29.639563943264115,7.251742021007027,-3.0530013694625215,3.352461486760711
1769070515.3835003,1769070515383508624,Sr02_gA_IMG1_LID1_STA1_CFC64_OH0,0122_0927,A,0.4865277111530304,0.01890244334936142,0.5,0.0,-29.689369946802426,7.247358696824413,-3.0546250992282316,3.30284885245631
1769070515.5048325,1769070515504841591,Sr02_gA_IMG1_LID1_STA1_CFC64_OH0,0122_0927,A,0.4891147017478943,-0.003997378051280975,0.5,0.0,-29.73918339987813,7.243043681208278,-3.0556879779168056,3.253237900168134
1769070515.6290543,1769070515629062844,Sr02_gA_IMG1_LID1_STA1_CFC64_OH0,0122_0927,A,0.48417413234710693,-0.003356000641360879,0.5,0.0,-29.813906734628382,7.236607666285412,-3.055207880546927,3.178839632556801
1769070515.7594483,1769070515759456414,Sr02_gA_IMG1_LID1_STA1_CFC64_OH0,0122_0927,A,0.4909355938434601,0.04114801809191704,0.5,0.0,-29.863717389004872,7.2322604809018864,-3.0538701621097752,3.1292641514183015
1769070515.8824935,1769070515882500629,Sr02_gA_IMG1_LID1_STA1_CFC64_OH0,0122_0927,A,0.4671466052532196,0.09244055300951004,0.5,0.0,-29.938425942945535,7.225655106042896,-3.0530850056744328,3.0549383198445463
1769070516.0087366,1769070516008744861,Sr02_gA_IMG1_LID1_STA1_CFC64_OH0,0122_0927,A,0.49748361110687256,0.045197755098342896,0.5,0.0,-29.988229912861566,7.221231955650795,-3.052942696381235,3.005409080763998
1769070516.1266527,1769070516126660585,Sr02_gA_IMG1_LID1_STA1_CFC64_OH0,0122_0927,A,0.48964259028434753,0.05028926953673363,0.5,0.0,-30.062926090613804,7.214488296131536,-3.0505653274057343,2.931160775531784
1769070516.2411246,1769070516241133066,Sr02_gA_IMG1_LID1_STA1_CFC64_OH0,0122_0927,A,0.4983632564544678,0.024282306432724,0.5,0.0,-30.11271998818796,7.209953165037597,-3.0509650631987753,2.8816892828320566
1769070516.361569,1769070516361576765,Sr02_gA_IMG1_LID1_STA1_CFC64_OH0,0122_0927,A,0.483374685049057,0.04727303981781006,0.5,0.0,-30.187402478461937,7.203181276430855,-3.050646529242091,2.8075236518953974
1769070516.4808805,1769070516480889110,Sr02_gA_IMG1_LID1_STA1_CFC64_OH0,0122_0927,A,0.4783780574798584,0.028687071055173874,0.5,0.0,-30.237186354596474,7.198537804916416,-3.04653173784926,2.758117133981591
1769070516.6009321,1769070516600940660,Sr02_gA_IMG1_LID1_STA1_CFC64_OH0,0122_0927,A,0.49679136276245117,0.04487528279423714,0.5,0.0,-30.28692758047828,7.193570022507904,-3.0374365405008024,2.7087961890115384
1769070516.7272258,1769070516727235266,Sr02_gA_IMG1_LID1_STA1_CFC64_OH0,0122_0927,A,0.4834795892238617,-0.03377325460314751,0.5,0.0,-30.36147187189099,7.185421793127406,-3.0291701778538944,2.6349783340934785
1769070516.8489668,1769070516848974831,Sr02_gA_IMG1_LID1_STA1_CFC64_OH0,0122_0927,A,0.5210286378860474,0.005921433679759502,0.5,0.0,-30.411141917355224,7.179687597719583,-3.024141263021439,2.585852268895599
1769070516.967785,1769070516967793651,Sr02_gA_IMG1_LID1_STA1_CFC64_OH0,0122_0927,A,0.522003710269928,2.323114313185215e-05,0.5,0.0,-30.485606505178087,7.170742351671609,-3.0197790362208554,2.512295582818835
1769070517.0905778,1769070517090586067,Sr02_gA_IMG1_LID1_STA1_CFC64_OH0,0122_0927,A,0.49152737855911255,-0.04132687300443649,0.5,0.0,-30.535221451114705,7.164549439092164,-3.0150517413346147,2.4633533876748084
1769070517.2150507,1769070517215058254,Sr02_gA_IMG1_LID1_STA1_CFC64_OH0,0122_0927,A,0.5103000998497009,-0.045363832265138626,0.5,0.0,-30.609600705419684,7.154920522155481,-3.010263040054358,2.3900958764076123
1769070517.3370585,1769070517337066353,Sr02_gA_IMG1_LID1_STA1_CFC64_OH0,0122_0927,A,0.5765470266342163,-0.01895599439740181,0.5,0.0,-30.659155277332047,7.148261701731692,-3.0057755193819444,2.341373073523231
1769070517.4558196,1769070517455828070,Sr02_gA_IMG1_LID1_STA1_CFC64_OH0,0122_0927,A,0.5766184329986572,-0.006393779534846544,0.5,0.0,-30.708670577956976,7.1415558181488725,-3.0086303842354214,2.2927490502487284
1769070517.5746582,1769070517574667069,Sr02_gA_IMG1_LID1_STA1_CFC64_OH0,0122_0927,A,0.5542517304420471,-0.019312378019094467,0.5,0.0,-30.783005979709927,7.131637268156963,-3.0086157554156365,2.2198476561993634
1769070517.6882484,1769070517688259147,Sr02_gA_IMG1_LID1_STA1_CFC64_OH0,0122_0927,A,0.522912859916687,-0.07974561303853989,0.5,0.0,-30.832564548513332,7.125007943823152,-3.008613431048535,2.1713262192389537
1769070517.8084817,1769070517808490769,Sr02_gA_IMG1_LID1_STA1_CFC64_OH0,0122_0927,A,0.5228671431541443,0.003966964315623045,0.5,0.0,-30.906917861604583,7.115263868290507,-3.014441128566618,2.0986344882238104
1769070517.9255245,1769070517925533114,Sr02_gA_IMG1_LID1_STA1_CFC64_OH0,0122_0927,A,0.5037949085235596,0.011409521102905273,0.5,0.0,-30.956528426181116,7.109035925020687,-3.0189775041341,2.050189634304457
1769070518.0472524,1769070518047260629,Sr02_gA_IMG1_LID1_STA1_CFC64_OH0,0122_0927,A,0.4730846583843231,-0.018408242613077164,0.5,0.0,-31.00615879839818,7.102967557184076,-3.0208731206807036,2.0017802481349114
1769070518.1664317,1769070518166440374,Sr02_gA_IMG1_LID1_STA1_CFC64_OH0,0122_0927,A,0.5013920664787292,-0.006837883964180946,0.5,0.0,-31.080619427004187,7.093989053874613,-3.0222126181817486,1.92928556281379
1769070518.287723,1769070518287729808,Sr02_gA_IMG1_LID1_STA1_CFC64_OH0,0122_0927,A,0.4941990375518799,0.004898903891444206,0.5,0.0,-31.13026927618822,7.088082161140294,-3.024143850072765,1.8810437331592111
1769070518.4079888,1769070518407997928,Sr02_gA_IMG1_LID1_STA1_CFC64_OH0,0122_0927,A,0.5072884559631348,0.02706761285662651,0.5,0.0,-31.17992972811813,7.082384158146186,-3.0312722627849698,1.8328527552516285
1769070518.5254748,1769070518525483086,Sr02_gA_IMG1_LID1_STA1_CFC64_OH0,0122_0927,A,0.4739523231983185,-0.007547438610345125,0.5,0.0,-31.254461680395487,7.074309760882801,-3.0337102700717775,1.7606335811823473
1769070518.6449208,1769070518644928919,Sr02_gA_IMG1_LID1_STA1_CFC64_OH0,0122_0927,A,0.46403613686561584,0.06722861528396606,0.5,0.0,-31.30416791209835,7.068897742617483,-3.0325693214132583,1.7126058730917455
1769070518.7641692,1769070518764177160,Sr02_gA_IMG1_LID1_STA1_CFC64_OH0,0122_0927,A,0.4583735167980194,0.06449810415506363,0.5,0.0,-31.37873134413494,7.060817479222375,-3.0348009546958252,1.6407741100901532
1769070518.878308,1769070518878316123,Sr02_gA_IMG1_LID1_STA1_CFC64_OH0,0122_0927,A,0.5134013295173645,-0.02421284094452858,0.5,0.0,-31.428448318399614,7.055505035757854,-3.035484742660129,1.5930259054477651
1769070518.994966,1769070518994974025,Sr02_gA_IMG1_LID1_STA1_CFC64_OH0,0122_0927,A,0.4657396376132965,0.10715927928686142,0.5,0.0,-31.47816580798292,7.0501974126809825,-3.034994862053219,1.5454186286768947
1769070519.11211,1769070519112117889,Sr02_gA_IMG1_LID1_STA1_CFC64_OH0,0122_0927,A,0.4658089876174927,0.12303158640861511,0.5,0.0,-31.552727143827855,7.04209805710677,-3.031724248018651,1.4743500591601426
1769070519.2309148,1769070519230925193,Sr02_gA_IMG1_LID1_STA1_CFC64_OH0,0122_0927,A,0.43297645449638367,-0.04409697279334068,0.5,0.0,-31.60242773158847,7.036634437397199,-3.0324789832707375,1.4272163494643133
1769070519.3508413,1769070519350849856,Sr02_gA_IMG1_LID1_STA1_CFC64_OH0,0122_0927,A,0.47019103169441223,0.05778107792139053,0.5,0.0,-31.652086316500306,7.031080819109951,-3.0269782118551953,1.3803472371588812
1769070519.468622,1769070519468629415,Sr02_gA_IMG1_LID1_STA1_CFC64_OH0,0122_0927,A,0.5291379690170288,0.017946548759937286,0.5,0.0,-31.726539677426693,7.022140164583302,-3.017616384239002,1.3106686352341599
1769070519.5861945,1769070519586203168,Sr02_gA_IMG1_LID1_STA1_CFC64_OH0,0122_0927,A,0.5325785875320435,0.01582002267241478,0.5,0.0,-31.77614094131353,7.016009749866306,-3.0198217463664654,1.2646343891747829
1769070519.702476,1769070519702483929,Sr02_gA_IMG1_LID1_STA1_CFC64_OH0,0122_0927,A,0.4310363233089447,0.11989841610193253,0.5,0.0,-31.825654390660986,7.009825435272067,-3.0125548766385717,1.2190107259513865
1769070519.827359,1769070519827368075,Sr02_gA_IMG1_LID1_STA1_CFC64_OH0,0122_0927,A,0.45839405059814453,0.13426876068115234,0.5,0.0,-31.899930695887317,6.999523248490336,-2.9949883640053905,1.1515651810342125
1769070519.946236,1769070519946243745,Sr02_gA_IMG1_LID1_STA1_CFC64_OH0,0122_0927,A,0.44663548469543457,0.12129659950733185,0.5,0.0,-31.949260484208377,6.99225371890405,-2.9971734682021074,1.1074543360912232
1769070520.0701573,1769070520070164455,Sr02_gA_IMG1_LID1_STA1_CFC64_OH0,0122_0927,A,0.3095863461494446,0.04454416409134865,0.5,0.0,-32.02339082577803,6.98129410472453,-2.9913887466637172,1.0421557560397308
1769070520.191916,1769070520191923864,Sr02_gA_IMG1_LID1_STA1_CFC64_OH0,0122_0927,A,0.46738046407699585,0.0021771430037915707,0.5,0.0,-32.07282111158304,6.973767760652531,-2.9895940920930935,0.9994531484791875
1769070520.3155339,1769070520315541941,Sr02_gA_IMG1_LID1_STA1_CFC64_OH0,0122_0927,A,0.4243203103542328,0.07637812942266464,0.5,0.0,-32.1222386215094,6.966157972604023,-2.988012090786101,0.9575042105786086
1769070520.4398296,1769070520439837399,Sr02_gA_IMG1_LID1_STA1_CFC64_OH0,0122_0927,A,0.4271549880504608,0.059526801109313965,0.5,0.0,-32.19621237450716,6.954181070473288,-2.97215719913368,0.8965274344146735
1769070520.5649269,1769070520564935139,Sr02_gA_IMG1_LID1_STA1_CFC64_OH0,0122_0927,A,0.4106769561767578,-0.005444291979074478,0.5,0.0,-32.19708189147499,6.954025020534799,-2.95620793424079,0.8958303922624388
1769070520.68369,1769070520683697713,Sr02_gA_IMG1_LID1_STA1_CFC64_OH0,0122_0927,A,0.4060004651546478,0.014659888111054897,0.5,0.0,-32.1979940378124,6.953846921468652,-2.936177749057012,0.8951062420138484
1769070520.8070219,1769070520807029665,Sr02_gA_IMG1_LID1_STA1_CFC64_OH0,0122_0927,A,0.18885217607021332,-0.005980661138892174,0.0,0.0,-32.19807332646001,6.953830040535536,-2.931679997051091,0.8950439654010727
1769070520.925939,1769070520925947273,Sr02_gA_IMG1_LID1_STA1_CFC64_OH0,0122_0927,A,0.09500396251678467,-0.005968375597149134,0.0,0.0,-32.19859154325241,6.953719972019163,-2.933752989337403,0.8946368880599161
1769070521.0423534,1769070521042361261,Sr02_gA_IMG1_LID1_STA1_CFC64_OH0,0122_0927,A,0.023491792380809784,0.015692561864852905,0.0,0.0,-32.19906530175249,6.953621041210532,-2.9378883992987976,0.894264055513899
1769070521.161556,1769070521161564795,Sr02_gA_IMG1_LID1_STA1_CFC64_OH0,0122_0927,A,0.010854534804821014,0.005577435716986656,0.0,0.0,-32.19938440911087,6.953555706745517,-2.9414371973881086,0.8940123803774612
1769070521.2948089,1769070521294818240,Sr02_gA_IMG1_LID1_STA1_CFC64_OH0,0122_0927,A,-0.012617425993084908,0.00807204656302929,0.0,0.0,-32.19986067198028,6.953458727594621,-2.939561097376647,0.8936365996501201
1769070521.423884,1769070521423893234,Sr02_gA_IMG1_LID1_STA1_CFC64_OH0,0122_0927,A,-0.03011258691549301,0.022290248423814774,0.0,0.0,-32.20014396100184,6.953400758606077,-2.9398390537544565,0.8934132623792399
1769070521.550301,1769070521550315164,Sr02_gA_IMG1_LID1_STA1_CFC64_OH0,0122_0927,A,-0.00829770416021347,0.009469149634242058,0.0,0.0,-32.200199560389095,6.953389386500675,-2.9406161513062647,0.8933694313953428
1769070521.6758833,1769070521675891823,Sr02_gA_IMG1_LID1_STA1_CFC64_OH0,0122_0927,A,-0.0294877327978611,0.0037041883915662766,0.0,0.0,-32.2001995548864,6.953389387619994,-2.9404283685506427,0.8933694357361296
1769070521.8043294,1769070521804337804,Sr02_gA_IMG1_LID1_STA1_CFC64_OH0,0122_0927,A,-0.028275366872549057,0.003404769115149975,0.0,0.0,-32.20019955488401,6.953389387620486,-2.93916257215025,0.8933694357380162
1769070521.9300466,1769070521930054069,Sr02_gA_IMG1_LID1_STA1_CFC64_OH0,0122_0927,A,0.0016198623925447464,0.0054756938479840755,0.0,0.0,-32.200199552673844,6.953389388076043,-2.9382012481983693,0.8933694374787038
1769070522.0555103,1769070522055528362,Sr02_gA_IMG1_LID1_STA1_CFC64_OH0,0122_0927,A,0.0019848980009555817,-0.011696673929691315,0.0,0.0,-32.20019954313495,6.953389390048664,-2.937109708462811,0.8933694449883453
1769070522.177924,1769070522177931625,Sr02_gA_IMG1_LID1_STA1_CFC64_OH0,0122_0927,A,0.013624733313918114,-0.0020567846950143576,0.0,0.0,-32.20019951723292,6.953389395458968,-2.9342790443141618,0.8933694653549535
1769070522.302311,1769070522302318625,Sr02_gA_IMG1_LID1_STA1_CFC64_OH0,0122_0927,A,0.018758054822683334,-0.005867775063961744,0.0,0.0,-32.20019950961691,6.953389397064261,-2.933447441838643,0.8933694713365978
1769070522.4216528,1769070522421660925,Sr02_gA_IMG1_LID1_STA1_CFC64_OH0,0122_0927,A,0.018530653789639473,-0.0059425607323646545,0.0,0.0,-32.20019950471378,6.953389398101214,-2.9329038104814282,0.8933694751859087
1769070522.5456026,1769070522545610653,Sr02_gA_IMG1_LID1_STA1_CFC64_OH0,0122_0927,A,-0.03161563351750374,-0.014544803649187088,0.0,0.0,-32.20019950153765,6.953389398774421,-2.9325426391697595,0.893369477678705
1769070522.6754076,1769070522675416028,Sr02_gA_IMG1_LID1_STA1_CFC64_OH0,0122_0927,A,-0.043724965304136276,-0.0024639619514346123,0.0,0.0,-32.20019949670767,6.953389399800486,-2.931995085270766,0.8933694814684451
1769070522.7992518,1769070522799260854,Sr02_gA_IMG1_LID1_STA1_CFC64_OH0,0122_0927,A,-0.04359642416238785,-0.002398313255980611,0.0,0.0,-32.200199496142574,6.953389399920707,-2.933385041921674,0.8933694819117531
1769070522.9268446,1769070522926852951,Sr02_gA_IMG1_LID1_STA1_CFC64_OH0,0122_0927,A,-0.02523833140730858,-0.006014629267156124,0.0,0.0,-32.20019949614275,6.95338939992067,-2.9335907094374565,0.8933694819116131
1769070523.053946,1769070523053957475,Sr02_gA_IMG1_LID1_STA1_CFC64_OH0,0122_0927,A,-0.04278609901666641,-0.001848157960921526,0.0,0.0,-32.20019949614196,6.953389399920838,-2.9344342402725236,0.8933694819122319
1769070523.1781368,1769070523178143989,Sr02_gA_IMG1_LID1_STA1_CFC64_OH0,0122_0927,A,-0.05254024639725685,-0.025434069335460663,0.0,0.0,-32.200199496140144,6.95338939992122,-2.935755710810545,0.8933694819136612
1769070523.297398,1769070523297406334,Sr02_gA_IMG1_LID1_STA1_CFC64_OH0,0122_0927,A,-0.05250333622097969,-0.025391921401023865,0.0,0.0,-32.20019949614118,6.9533893999210035,-2.9369685694075374,0.8933694819128455
1769070523.4188235,1769070523418831996,Sr02_gA_IMG1_LID1_STA1_CFC64_OH0,0122_0927,A,-0.01845512166619301,-0.00025936728343367577,0.0,0.0,-32.2001994961414,6.95338939992096,-2.9372149547156714,0.8933694819126712
1769070523.536162,1769070523536169883,Sr02_gA_IMG1_LID1_STA1_CFC64_OH0,0122_0927,A,-0.0247342586517334,0.01169830933213234,0.0,0.0,-32.20019949614087,6.953389399921077,-2.9376470080244492,0.8933694819130874
1769070523.6608877,1769070523660897400,Sr02_gA_IMG1_LID1_STA1_CFC64_OH0,0122_0927,A,-0.03271806240081787,0.009113089181482792,0.0,0.0,-32.20019949614067,6.953389399921117,-2.938248458478066,0.8933694819132446
1769070523.7841504,1769070523784158768,Sr02_gA_IMG1_LID1_STA1_CFC64_OH0,0122_0927,A,-0.03265433758497238,0.009113570675253868,0.0,0.0,-32.20019949613773,6.953389399921721,-2.9390390335356487,0.8933694819155624
1769070523.9117868,1769070523911795107,Sr02_gA_IMG1_LID1_STA1_CFC64_OH0,0122_0927,A,-0.049463290721178055,0.02211836725473404,0.0,0.0,-32.200199496134935,6.95338939992229,-2.941582423182966,0.8933694819177647
1769070524.0363994,1769070524036408715,Sr02_gA_IMG1_LID1_STA1_CFC64_OH0,0122_0927,A,-0.007427990436553955,0.012790163047611713,0.0,0.0,-32.200199496135845,6.953389399922114,-2.9446372310879236,0.8933694819170434
1769070524.1590245,1769070524159033107,Sr02_gA_IMG1_LID1_STA1_CFC64_OH0,0122_0927,A,-0.02432144060730934,0.008643428795039654,0.0,0.0,-32.200199496137245,6.953389399921836,-2.9445435893019525,0.893369481915936
1769070524.2768383,1769070524276846047,Sr02_gA_IMG1_LID1_STA1_CFC64_OH0,0122_0927,A,-0.02451610565185547,0.008544646203517914,0.0,0.0,-32.20019949613692,6.953389399921902,-2.9428922720748862,0.8933694819161938
1769070524.3941722,1769070524394179708,Sr02_gA_IMG1_LID1_STA1_CFC64_OH0,0122_0927,A,0.01416068710386753,0.009070739150047302,0.0,0.0,-32.20019949613662,6.9533893999219645,-2.9419809711727187,0.8933694819164285
